timestamp_s,elapsed_s,event,key_code,command_linear_mps,command_angular_rps,target_left_wheel_mps,target_right_wheel_mps,seq,mcu_time_ms,dt_us,current_linear_mps,current_angular_rps,odom_x_m,odom_y_m,odom_heading_rad,left_encoder_delta,right_encoder_delta,left_wheel_rps,right_wheel_rps,left_pwm,right_pwm,sonar_distance_cm,flags,packet_hex,rx_bytes
1788458867.631719,2.029132,rx,-1,0.000000,0.000000,0.000000,0.000000,15,401,25004,0.000000,0.000000,0.000000,0.000000,0.000000,0,0,0.000000,0.000000,0,0,-1,0,,0
1788458867.696159,2.093724,rx,-1,0.000000,0.000000,0.000000,0.000000,16,425,24996,0.000000,0.000000,0.000000,0.000000,0.000000,0,0,0.000000,0.000000,0,0,-1,0,,0
1788458867.696239,2.093811,rx,-1,0.000000,0.000000,0.000000,0.000000,17,450,24992,0.000000,0.000000,0.000000,0.000000,0.000000,0,0,0.000000,0.000000,0,0,-1,0,,0
1788458867.696287,2.093860,rx,-1,0.000000,0.000000,0.000000,0.000000,18,476,25016,0.000000,0.000000,0.000000,0.000000,0.000000,0,0,0.000000,0.000000,0,0,-1,0,,0
1788458867.696332,2.093905,rx,-1,0.000000,0.000000,0.000000,0.000000,19,500,24964,0.000000,0.000000,0.000000,0.000000,0.000000,0,0,0.000000,0.000000,0,0,-1,0,,0
1788458867.696376,2.093949,rx,-1,0.000000,0.000000,0.000000,0.000000,20,525,25000,0.000000,0.000000,0.000000,0.000000,0.000000,0,0,0.000000,0.000000,0,0,-1,2,,0
1788458867.696420,2.093993,rx,-1,0.000000,0.000000,0.000000,0.000000,21,550,25004,0.000000,0.000000,0.000000,0.000000,0.000000,0,0,0.000000,0.000000,0,0,-1,2,,0
1788458867.696463,2.094036,rx,-1,0.000000,0.000000,0.000000,0.000000,22,575,25000,0.000000,0.000000,0.000000,0.000000,0.000000,0,0,0.000000,0.000000,0,0,-1,2,,0
1788458867.696510,2.094083,rx,-1,0.000000,0.000000,0.000000,0.000000,23,601,25012,0.000000,0.000000,0.000000,0.000000,0.000000,0,0,0.000000,0.000000,0,0,-1,2,,0
1788458867.696553,2.094126,rx,-1,0.000000,0.000000,0.000000,0.000000,24,625,24980,0.000000,0.000000,0.000000,0.000000,0.000000,0,0,0.000000,0.000000,0,0,-1,2,,0
1788458867.696596,2.094169,rx,-1,0.000000,0.000000,0.000000,0.000000,25,650,25028,0.000000,0.000000,0.000000,0.000000,0.000000,0,0,0.000000,0.000000,0,0,-1,2,,0
1788458867.696639,2.094212,rx,-1,0.000000,0.000000,0.000000,0.000000,26,675,25020,0.000000,0.000000,0.000000,0.000000,0.000000,0,0,0.000000,0.000000,0,0,-1,2,,0
1788458867.696681,2.094254,rx,-1,0.000000,0.000000,0.000000,0.000000,27,700,24980,0.000000,0.000000,0.000000,0.000000,0.000000,0,0,0.000000,0.000000,0,0,-1,2,,0
1788458867.696692,2.094265,startup,-1,0.000000,0.000000,0.000000,0.000000,,,,,,,,,,,,,,,,,aa5501090000000000000000004829,1020
1788458867.700092,2.097660,rx,-1,0.000000,0.000000,0.000000,0.000000,28,726,24996,0.000000,0.000000,0.000000,0.000000,0.000000,0,0,0.000000,0.000000,0,0,-1,2,,1020
1788458867.700178,2.097750,rx,-1,0.000000,0.000000,0.000000,0.000000,29,750,25004,0.000000,0.000000,0.000000,0.000000,0.000000,0,0,0.000000,0.000000,0,0,-1,2,,1020
1788458867.700227,2.097800,rx,-1,0.000000,0.000000,0.000000,0.000000,30,776,24980,0.000000,0.000000,0.000000,0.000000,0.000000,0,0,0.000000,0.000000,0,0,-1,2,,1020
1788458867.700274,2.097846,rx,-1,0.000000,0.000000,0.000000,0.000000,31,800,25040,0.000000,0.000000,0.000000,0.000000,0.000000,0,0,0.000000,0.000000,0,0,-1,2,,1020
1788458867.700319,2.097891,rx,-1,0.000000,0.000000,0.000000,0.000000,32,825,24964,0.000000,0.000000,0.000000,0.000000,0.000000,0,0,0.000000,0.000000,0,0,-1,2,,1020
1788458867.700362,2.097935,rx,-1,0.000000,0.000000,0.000000,0.000000,33,850,24996,0.000000,0.000000,0.000000,0.000000,0.000000,0,0,0.000000,0.000000,0,0,-1,2,,1020
1788458867.700405,2.097978,rx,-1,0.000000,0.000000,0.000000,0.000000,34,875,25000,0.000000,0.000000,0.000000,0.000000,0.000000,0,0,0.000000,0.000000,0,0,-1,2,,1020
1788458867.700448,2.098021,rx,-1,0.000000,0.000000,0.000000,0.000000,35,901,25016,0.000000,0.000000,0.000000,0.000000,0.000000,0,0,0.000000,0.000000,0,0,-1,2,,1020
1788458867.700491,2.098064,rx,-1,0.000000,0.000000,0.000000,0.000000,36,925,24980,0.000000,0.000000,0.000000,0.000000,0.000000,0,0,0.000000,0.000000,0,0,-1,2,,1020
1788458867.700534,2.098107,rx,-1,0.000000,0.000000,0.000000,0.000000,37,950,25036,0.000000,0.000000,0.000000,0.000000,0.000000,0,0,0.000000,0.000000,0,0,-1,2,,1020
1788458867.700590,2.098163,rx,-1,0.000000,0.000000,0.000000,0.000000,38,975,25004,0.000000,0.000000,0.000000,0.000000,0.000000,0,0,0.000000,0.000000,0,0,-1,2,,1020
1788458867.700658,2.098231,rx,-1,0.000000,0.000000,0.000000,0.000000,39,1001,25620,0.000000,0.000000,0.000000,0.000000,0.000000,0,0,0.000000,0.000000,0,0,-1,2,,1020
1788458867.700700,2.098273,rx,-1,0.000000,0.000000,0.000000,0.000000,40,1026,24376,0.000000,0.000000,0.000000,0.000000,0.000000,0,0,0.000000,0.000000,0,0,-1,2,,1020
1788458867.700715,2.098288,tx,-1,0.000000,0.000000,0.000000,0.000000,,,,,,,,,,,,,,,,,aa5501090000000000000000004829,2040
1788458867.752084,2.149652,rx,-1,0.000000,0.000000,0.000000,0.000000,41,1050,25004,0.000000,0.000000,0.000000,0.000000,0.000000,0,0,0.000000,0.000000,0,0,-1,2,,2040
1788458867.873525,2.271091,rx,-1,0.000000,0.000000,0.000000,0.000000,42,1076,24980,0.000000,0.000000,0.000000,0.000000,0.000000,0,0,0.000000,0.000000,0,0,-1,2,,2040
1788458867.941329,2.338896,rx,-1,0.000000,0.000000,0.000000,0.000000,43,1100,24988,0.000000,0.000000,0.000000,0.000000,0.000000,0,0,0.000000,0.000000,0,0,-1,2,,2040
1788458867.941416,2.338987,rx,-1,0.000000,0.000000,0.000000,0.000000,44,1126,24988,0.000000,0.000000,0.000000,0.000000,0.000000,0,0,0.000000,0.000000,0,0,-1,0,,2040
1788458867.941464,2.339036,rx,-1,0.000000,0.000000,0.000000,0.000000,45,1150,25000,0.000000,0.000000,0.000000,0.000000,0.000000,0,0,0.000000,0.000000,0,0,-1,0,,2040
1788458867.941508,2.339081,rx,-1,0.000000,0.000000,0.000000,0.000000,46,1175,25032,0.000000,0.000000,0.000000,0.000000,0.000000,0,0,0.000000,0.000000,0,0,-1,0,,2040
1788458867.941552,2.339124,rx,-1,0.000000,0.000000,0.000000,0.000000,47,1201,24972,0.000000,0.000000,0.000000,0.000000,0.000000,0,0,0.000000,0.000000,0,0,-1,0,,2040
1788458867.941564,2.339137,tx,-1,0.000000,0.000000,0.000000,0.000000,,,,,,,,,,,,,,,,,aa5501090000000000000000004829,2523
1788458867.949681,2.347248,rx,-1,0.000000,0.000000,0.000000,0.000000,48,1225,25020,0.000000,0.000000,0.000000,0.000000,0.000000,0,0,0.000000,0.000000,0,0,-1,0,,2523
1788458867.949771,2.347343,rx,-1,0.000000,0.000000,0.000000,0.000000,49,1251,24992,0.000000,0.000000,0.000000,0.000000,0.000000,0,0,0.000000,0.000000,0,0,-1,0,,2523
1788458867.949819,2.347391,rx,-1,0.000000,0.000000,0.000000,0.000000,50,1275,25016,0.000000,0.000000,0.000000,0.000000,0.000000,0,0,0.000000,0.000000,0,0,-1,0,,2523
1788458867.949864,2.347436,rx,-1,0.000000,0.000000,0.000000,0.000000,51,1300,24972,0.000000,0.000000,0.000000,0.000000,0.000000,0,0,0.000000,0.000000,0,0,-1,0,,2523
1788458867.949907,2.347480,rx,-1,0.000000,0.000000,0.000000,0.000000,52,1326,25032,0.000000,0.000000,0.000000,0.000000,0.000000,0,0,0.000000,0.000000,0,0,-1,0,,2523
1788458867.949951,2.347524,rx,-1,0.000000,0.000000,0.000000,0.000000,53,1350,24996,0.000000,0.000000,0.000000,0.000000,0.000000,0,0,0.000000,0.000000,0,0,-1,0,,2523
1788458867.949994,2.347566,rx,-1,0.000000,0.000000,0.000000,0.000000,54,1376,24980,0.000000,0.000000,0.000000,0.000000,0.000000,0,0,0.000000,0.000000,0,0,-1,0,,2523
1788458867.950039,2.347612,rx,-1,0.000000,0.000000,0.000000,0.000000,55,1400,24992,0.000000,0.000000,0.000000,0.000000,0.000000,0,0,0.000000,0.000000,0,0,-1,0,,2523
1788458867.950057,2.347630,tx,-1,0.000000,0.000000,0.000000,0.000000,,,,,,,,,,,,,,,,,aa5501090000000000000000004829,3067
1788458868.001480,2.399043,rx,-1,0.000000,0.000000,0.000000,0.000000,56,1426,25036,0.000000,0.000000,0.000000,0.000000,0.000000,0,0,0.000000,0.000000,0,0,-1,0,,3067
1788458868.035701,2.433266,rx,-1,0.000000,0.000000,0.000000,0.000000,57,1451,24968,0.000000,0.000000,0.000000,0.000000,0.000000,0,0,0.000000,0.000000,0,0,-1,0,,3067
1788458868.035775,2.433348,tx,-1,0.000000,0.000000,0.000000,0.000000,,,,,,,,,,,,,,,,,aa5501090000000000000000004829,3211
1788458868.054115,2.451682,rx,-1,0.000000,0.000000,0.000000,0.000000,58,1475,25032,0.000000,0.000000,0.000000,0.000000,0.000000,0,0,0.000000,0.000000,0,0,-1,0,,3211
1788458868.054202,2.451774,rx,-1,0.000000,0.000000,0.000000,0.000000,59,1501,24964,0.000000,0.000000,0.000000,0.000000,0.000000,0,0,0.000000,0.000000,0,0,-1,0,,3211
1788458868.054218,2.451791,tx,-1,0.000000,0.000000,0.000000,0.000000,,,,,,,,,,,,,,,,,aa5501090000000000000000004829,3387
1788458868.106755,2.504322,rx,-1,0.000000,0.000000,0.000000,0.000000,60,1525,25032,0.000000,0.000000,0.000000,0.000000,0.000000,0,0,0.000000,0.000000,0,0,-1,0,,3387
1788458868.142341,2.539908,rx,-1,0.000000,0.000000,0.000000,0.000000,61,1551,24992,0.000000,0.000000,0.000000,0.000000,0.000000,0,0,0.000000,0.000000,0,0,-1,0,,3387
1788458868.142438,2.540011,tx,-1,0.000000,0.000000,0.000000,0.000000,,,,,,,,,,,,,,,,,aa5501090000000000000000004829,3531
1788458868.156750,2.554315,rx,-1,0.000000,0.000000,0.000000,0.000000,62,1575,25012,0.000000,0.000000,0.000000,0.000000,0.000000,0,0,0.000000,0.000000,0,0,-1,0,,3531
1788458868.156824,2.554397,rx,-1,0.000000,0.000000,0.000000,0.000000,63,1600,24992,0.000000,0.000000,0.000000,0.000000,0.000000,0,0,0.000000,0.000000,0,0,-1,0,,3531
1788458868.156837,2.554411,tx,-1,0.000000,0.000000,0.000000,0.000000,,,,,,,,,,,,,,,,,aa5501090000000000000000004829,3675
1788458868.210178,2.607743,rx,-1,0.000000,0.000000,0.000000,0.000000,64,1626,24980,0.000000,0.000000,0.000000,0.000000,0.000000,0,0,0.000000,0.000000,0,0,-1,0,,3675
1788458868.248631,2.646199,rx,-1,0.000000,0.000000,0.000000,0.000000,65,1650,25016,0.000000,0.000000,0.000000,0.000000,0.000000,0,0,0.000000,0.000000,0,0,-1,0,,3675
1788458868.248679,2.646252,tx,-1,0.000000,0.000000,0.000000,0.000000,,,,,,,,,,,,,,,,,aa5501090000000000000000004829,3851
1788458868.262491,2.660058,rx,-1,0.000000,0.000000,0.000000,0.000000,66,1676,24980,0.000000,0.000000,0.000000,0.000000,0.000000,0,0,0.000000,0.000000,0,0,-1,0,,3851
1788458868.262566,2.660138,rx,-1,0.000000,0.000000,0.000000,0.000000,67,1700,25004,0.000000,0.000000,0.000000,0.000000,0.000000,0,0,0.000000,0.000000,0,0,-1,0,,3851
1788458868.262614,2.660186,rx,-1,0.000000,0.000000,0.000000,0.000000,68,1725,24996,0.000000,0.000000,0.000000,0.000000,0.000000,0,0,0.000000,0.000000,0,0,-1,0,,3851
1788458868.262624,2.660197,tx,-1,0.000000,0.000000,0.000000,0.000000,,,,,,,,,,,,,,,,,aa5501090000000000000000004829,4003
1788458868.315747,2.713315,rx,-1,0.000000,0.000000,0.000000,0.000000,69,1751,25004,0.000000,0.000000,0.000000,0.000000,0.000000,0,0,0.000000,0.000000,0,0,-1,0,,4003
1788458868.346437,2.744004,rx,-1,0.000000,0.000000,0.000000,0.000000,70,1775,24992,0.000000,0.000000,0.000000,0.000000,0.000000,0,0,0.000000,0.000000,0,0,-1,0,,4003
1788458868.346488,2.744060,tx,-1,0.000000,0.000000,0.000000,0.000000,,,,,,,,,,,,,,,,,aa5501090000000000000000004829,4147
1788458868.370896,2.768463,rx,-1,0.000000,0.000000,0.000000,0.000000,71,1801,25016,0.000000,0.000000,0.000000,0.000000,0.000000,0,0,0.000000,0.000000,0,0,-1,0,,4147
1788458868.370980,2.768552,rx,-1,0.000000,0.000000,0.000000,0.000000,72,1825,24988,0.000000,0.000000,0.000000,0.000000,0.000000,0,0,0.000000,0.000000,0,0,-1,0,,4147
1788458868.370993,2.768565,tx,-1,0.000000,0.000000,0.000000,0.000000,,,,,,,,,,,,,,,,,aa5501090000000000000000004829,4291
1788458868.424601,2.822167,rx,-1,0.000000,0.000000,0.000000,0.000000,73,1851,25032,0.000000,0.000000,0.000000,0.000000,0.000000,0,0,0.000000,0.000000,0,0,-1,0,,4291
1788458868.463398,2.860965,rx,-1,0.000000,0.000000,0.000000,0.000000,74,1875,25008,0.000000,0.000000,0.000000,0.000000,0.000000,0,0,0.000000,0.000000,0,0,-1,0,,4291
1788458868.463444,2.861016,tx,-1,0.000000,0.000000,0.000000,0.000000,,,,,,,,,,,,,,,,,aa5501090000000000000000004829,4435
1788458868.477253,2.874822,rx,-1,0.000000,0.000000,0.000000,0.000000,75,1900,24992,0.000000,0.000000,0.000000,0.000000,0.000000,0,0,0.000000,0.000000,0,0,-1,0,,4435
1788458868.477335,2.874906,rx,-1,0.000000,0.000000,0.000000,0.000000,76,1926,25008,0.000000,0.000000,0.000000,0.000000,0.000000,0,0,0.000000,0.000000,0,0,-1,0,,4435
1788458868.477347,2.874920,tx,-1,0.000000,0.000000,0.000000,0.000000,,,,,,,,,,,,,,,,,aa5501090000000000000000004829,4579
1788458868.529887,2.927456,rx,-1,0.000000,0.000000,0.000000,0.000000,77,1950,24988,0.000000,0.000000,0.000000,0.000000,0.000000,0,0,0.000000,0.000000,0,0,-1,0,,4579
1788458868.565924,2.963488,rx,-1,0.000000,0.000000,0.000000,0.000000,78,1976,24976,0.000000,0.000000,0.000000,0.000000,0.000000,0,0,0.000000,0.000000,0,0,-1,0,,4579
1788458868.566011,2.963583,tx,-1,0.000000,0.000000,0.000000,0.000000,,,,,,,,,,,,,,,,,aa5501090000000000000000004829,4723
1788458868.585564,2.983133,rx,-1,0.000000,0.000000,0.000000,0.000000,79,2000,25000,0.000000,0.000000,0.000000,0.000000,0.000000,0,0,0.000000,0.000000,0,0,-1,0,,4723
1788458868.585668,2.983239,rx,-1,0.000000,0.000000,0.000000,0.000000,80,2025,25008,0.000000,0.000000,0.000000,0.000000,0.000000,0,0,0.000000,0.000000,0,0,-1,0,,4723
1788458868.585683,2.983255,tx,-1,0.000000,0.000000,0.000000,0.000000,,,,,,,,,,,,,,,,,aa5501090000000000000000004829,4954
1788458868.638073,3.035638,rx,-1,0.000000,0.000000,0.000000,0.000000,81,2051,24996,0.000000,0.000000,0.000000,0.000000,0.000000,0,0,0.000000,0.000000,0,0,-1,0,,4954
1788458868.671226,3.068791,rx,-1,0.000000,0.000000,0.000000,0.000000,82,2075,25004,0.000000,0.000000,0.000000,0.000000,0.000000,0,0,0.000000,0.000000,0,0,-1,0,,4954
1788458868.671278,3.068851,tx,-1,0.000000,0.000000,0.000000,0.000000,,,,,,,,,,,,,,,,,aa5501090000000000000000004829,5098
1788458868.690011,3.087577,rx,-1,0.000000,0.000000,0.000000,0.000000,83,2101,24996,0.000000,0.000000,0.000000,0.000000,0.000000,0,0,0.000000,0.000000,0,0,-1,0,,5098
1788458868.690098,3.087669,rx,-1,0.000000,0.000000,0.000000,0.000000,84,2125,25008,0.000000,0.000000,0.000000,0.000000,0.000000,0,0,0.000000,0.000000,0,0,-1,0,,5098
1788458868.690115,3.087688,tx,-1,0.000000,0.000000,0.000000,0.000000,,,,,,,,,,,,,,,,,aa5501090000000000000000004829,5274
1788458868.742695,3.140263,rx,-1,0.000000,0.000000,0.000000,0.000000,85,2151,24976,0.000000,0.000000,0.000000,0.000000,0.000000,0,0,0.000000,0.000000,0,0,-1,0,,5274
1788458868.775644,3.173212,rx,-1,0.000000,0.000000,0.000000,0.000000,86,2176,25012,0.000000,0.000000,0.000000,0.000000,0.000000,0,0,0.000000,0.000000,0,0,-1,0,,5274
1788458868.775722,3.173293,rx,-1,0.000000,0.000000,0.000000,0.000000,87,2200,25028,0.000000,0.000000,0.000000,0.000000,0.000000,0,0,0.000000,0.000000,0,0,-1,0,,5274
1788458868.775733,3.173305,tx,-1,0.000000,0.000000,0.000000,0.000000,,,,,,,,,,,,,,,,,aa5501090000000000000000004829,5426
1788458868.794805,3.192372,rx,-1,0.000000,0.000000,0.000000,0.000000,88,2226,24972,0.000000,0.000000,0.000000,0.000000,0.000000,0,0,0.000000,0.000000,0,0,-1,0,,5426
1788458868.794914,3.192484,rx,-1,0.000000,0.000000,0.000000,0.000000,89,2250,25024,0.000000,0.000000,0.000000,0.000000,0.000000,0,0,0.000000,0.000000,0,0,-1,0,,5426
1788458868.794931,3.192503,tx,-1,0.000000,0.000000,0.000000,0.000000,,,,,,,,,,,,,,,,,aa5501090000000000000000004829,5570
1788458868.847440,3.245010,rx,-1,0.000000,0.000000,0.000000,0.000000,90,2276,24988,0.000000,0.000000,0.000000,0.000000,0.000000,0,0,0.000000,0.000000,0,0,-1,0,,5570
1788458868.876562,3.274130,rx,-1,0.000000,0.000000,0.000000,0.000000,91,2300,24984,0.000000,0.000000,0.000000,0.000000,0.000000,0,0,0.000000,0.000000,0,0,-1,0,,5570
1788458868.876613,3.274185,tx,-1,0.000000,0.000000,0.000000,0.000000,,,,,,,,,,,,,,,,,aa5501090000000000000000004829,5714
1788458868.901285,3.298853,rx,-1,0.000000,0.000000,0.000000,0.000000,92,2325,25016,0.000000,0.000000,0.000000,0.000000,0.000000,0,0,0.000000,0.000000,0,0,-1,0,,5714
1788458868.901385,3.298955,rx,-1,0.000000,0.000000,0.000000,0.000000,93,2351,24984,0.000000,0.000000,0.000000,0.000000,0.000000,0,0,0.000000,0.000000,0,0,-1,0,,5714
1788458868.901402,3.298974,tx,-1,0.000000,0.000000,0.000000,0.000000,,,,,,,,,,,,,,,,,aa5501090000000000000000004829,5858
1788458868.955026,3.352591,rx,-1,0.000000,0.000000,0.000000,0.000000,94,2375,25000,0.000000,0.000000,0.000000,0.000000,0.000000,0,0,0.000000,0.000000,0,0,-1,0,,5858
1788458868.990546,3.388110,rx,-1,0.000000,0.000000,0.000000,0.000000,95,2401,25040,0.000000,0.000000,0.000000,0.000000,0.000000,0,0,0.000000,0.000000,0,0,-1,0,,5858
1788458868.990613,3.388185,tx,-1,0.000000,0.000000,0.000000,0.000000,,,,,,,,,,,,,,,,,aa5501090000000000000000004829,6002
1788458869.010208,3.407776,rx,-1,0.000000,0.000000,0.000000,0.000000,96,2425,24960,0.000000,0.000000,0.000000,0.000000,0.000000,0,0,0.000000,0.000000,0,0,-1,0,,6002
1788458869.010289,3.407861,rx,-1,0.000000,0.000000,0.000000,0.000000,97,2451,25028,0.000000,0.000000,0.000000,0.000000,0.000000,0,0,0.000000,0.000000,0,0,-1,0,,6002
1788458869.010300,3.407873,tx,-1,0.000000,0.000000,0.000000,0.000000,,,,,,,,,,,,,,,,,aa5501090000000000000000004829,6146
1788458869.064016,3.461585,rx,-1,0.000000,0.000000,0.000000,0.000000,98,2476,24964,0.000000,0.000000,0.000000,0.000000,0.000000,0,0,0.000000,0.000000,0,0,-1,0,,6146
1788458869.095396,3.492962,rx,-1,0.000000,0.000000,0.000000,0.000000,99,2500,25044,0.000000,0.000000,0.000000,0.000000,0.000000,0,0,0.000000,0.000000,0,0,-1,0,,6146
1788458869.095439,3.493011,tx,-1,0.000000,0.000000,0.000000,0.000000,,,,,,,,,,,,,,,,,aa5501090000000000000000004829,6290
1788458869.114236,3.511804,rx,-1,0.000000,0.000000,0.000000,0.000000,100,2526,25004,0.000000,0.000000,0.000000,0.000000,0.000000,0,0,0.000000,0.000000,0,0,-1,0,,6290
1788458869.114321,3.511892,rx,-1,0.000000,0.000000,0.000000,0.000000,101,2550,24992,0.000000,0.000000,0.000000,0.000000,0.000000,0,0,0.000000,0.000000,0,0,-1,0,,6290
1788458869.114336,3.511908,tx,-1,0.000000,0.000000,0.000000,0.000000,,,,,,,,,,,,,,,,,aa5501090000000000000000004829,6434
1788458869.167832,3.565398,rx,-1,0.000000,0.000000,0.000000,0.000000,102,2576,24980,0.000000,0.000000,0.000000,0.000000,0.000000,0,0,0.000000,0.000000,0,0,-1,0,,6434
1788458869.205983,3.603550,rx,-1,0.000000,0.000000,0.000000,0.000000,103,2600,24996,0.000000,0.000000,0.000000,0.000000,0.000000,0,0,0.000000,0.000000,0,0,-1,0,,6434
1788458869.206040,3.603611,tx,-1,0.000000,0.000000,0.000000,0.000000,,,,,,,,,,,,,,,,,aa5501090000000000000000004829,6610
1788458869.219866,3.617433,rx,-1,0.000000,0.000000,0.000000,0.000000,104,2625,25008,0.000000,0.000000,0.000000,0.000000,0.000000,0,0,0.000000,0.000000,0,0,-1,0,,6610
1788458869.219950,3.617522,rx,-1,0.000000,0.000000,0.000000,0.000000,105,2651,24992,0.000000,0.000000,0.000000,0.000000,0.000000,0,0,0.000000,0.000000,0,0,-1,0,,6610
1788458869.219967,3.617539,tx,-1,0.000000,0.000000,0.000000,0.000000,,,,,,,,,,,,,,,,,aa5501090000000000000000004829,6786
1788458869.273119,3.670687,rx,-1,0.000000,0.000000,0.000000,0.000000,106,2675,25004,0.000000,0.000000,0.000000,0.000000,0.000000,0,0,0.000000,0.000000,0,0,-1,0,,6786
1788458869.308370,3.705935,rx,-1,0.000000,0.000000,0.000000,0.000000,107,2701,24996,0.000000,0.000000,0.000000,0.000000,0.000000,0,0,0.000000,0.000000,0,0,-1,0,,6786
1788458869.308474,3.706045,rx,-1,0.000000,0.000000,0.000000,0.000000,108,2725,25000,0.000000,0.000000,0.000000,0.000000,0.000000,0,0,0.000000,0.000000,0,0,-1,0,,6786
1788458869.308486,3.706058,tx,-1,0.000000,0.000000,0.000000,0.000000,,,,,,,,,,,,,,,,,aa5501090000000000000000004829,6938
1788458869.328090,3.725659,rx,-1,0.000000,0.000000,0.000000,0.000000,109,2750,24988,0.000000,0.000000,0.000000,0.000000,0.000000,0,0,0.000000,0.000000,0,0,-1,0,,6938
1788458869.328170,3.725741,rx,-1,0.000000,0.000000,0.000000,0.000000,110,2776,25044,0.000000,0.000000,0.000000,0.000000,0.000000,0,0,0.000000,0.000000,0,0,-1,0,,6938
1788458869.328182,3.725753,tx,-1,0.000000,0.000000,0.000000,0.000000,,,,,,,,,,,,,,,,,aa5501090000000000000000004829,7082
1788458869.381799,3.779364,rx,-1,0.000000,0.000000,0.000000,0.000000,111,2800,24992,0.000000,0.000000,0.000000,0.000000,0.000000,0,0,0.000000,0.000000,0,0,-1,0,,7082
1788458869.416325,3.813892,rx,-1,0.000000,0.000000,0.000000,0.000000,112,2826,25004,0.000000,0.000000,0.000000,0.000000,0.000000,0,0,0.000000,0.000000,0,0,-1,0,,7082
1788458869.416375,3.813947,tx,-1,0.000000,0.000000,0.000000,0.000000,,,,,,,,,,,,,,,,,aa5501090000000000000000004829,7226
1788458869.435004,3.832571,rx,-1,0.000000,0.000000,0.000000,0.000000,113,2850,24956,0.000000,0.000000,0.000000,0.000000,0.000000,0,0,0.000000,0.000000,0,0,-1,0,,7226
1788458869.435101,3.832671,rx,-1,0.000000,0.000000,0.000000,0.000000,114,2876,25024,0.000000,0.000000,0.000000,0.000000,0.000000,0,0,0.000000,0.000000,0,0,-1,0,,7226
1788458869.435113,3.832685,tx,-1,0.000000,0.000000,0.000000,0.000000,,,,,,,,,,,,,,,,,aa5501090000000000000000004829,7370
1788458869.487347,3.884916,rx,-1,0.000000,0.000000,0.000000,0.000000,115,2900,24996,0.000000,0.000000,0.000000,0.000000,0.000000,0,0,0.000000,0.000000,0,0,-1,0,,7370
1788458869.521582,3.919149,rx,-1,0.000000,0.000000,0.000000,0.000000,116,2925,25004,0.000000,0.000000,0.000000,0.000000,0.000000,0,0,0.000000,0.000000,0,0,-1,0,,7370
1788458869.521624,3.919196,tx,-1,0.000000,0.000000,0.000000,0.000000,,,,,,,,,,,,,,,,,aa5501090000000000000000004829,7514
1788458869.541120,3.938687,rx,-1,0.000000,0.000000,0.000000,0.000000,117,2951,24988,0.000000,0.000000,0.000000,0.000000,0.000000,0,0,0.000000,0.000000,0,0,-1,0,,7514
1788458869.541201,3.938771,rx,-1,0.000000,0.000000,0.000000,0.000000,118,2975,25004,0.000000,0.000000,0.000000,0.000000,0.000000,0,0,0.000000,0.000000,0,0,-1,0,,7514
1788458869.541214,3.938785,tx,-1,0.000000,0.000000,0.000000,0.000000,,,,,,,,,,,,,,,,,aa5501090000000000000000004829,7658
1788458869.594646,3.992211,rx,-1,0.000000,0.000000,0.000000,0.000000,119,3001,24996,0.000000,0.000000,0.000000,0.000000,0.000000,0,0,0.000000,0.000000,0,0,-1,0,,7658
1788458869.636070,4.033637,rx,-1,0.000000,0.000000,0.000000,0.000000,120,3025,25008,0.000000,0.000000,0.000000,0.000000,0.000000,0,0,0.000000,0.000000,0,0,-1,0,,7658
1788458869.636116,4.033688,tx,-1,0.000000,0.000000,0.000000,0.000000,,,,,,,,,,,,,,,,,aa5501090000000000000000004829,7857
1788458869.649948,4.047507,rx,-1,0.000000,0.000000,0.000000,0.000000,121,3050,24980,0.000000,0.000000,0.000000,0.000000,0.000000,0,0,0.000000,0.000000,0,0,-1,0,,7857
1788458869.650139,4.047707,rx,-1,0.000000,0.000000,0.000000,0.000000,122,3076,25000,0.000000,0.000000,0.000000,0.000000,0.000000,0,0,0.000000,0.000000,0,0,-1,0,,7857
1788458869.650189,4.047760,tx,-1,0.000000,0.000000,0.000000,0.000000,,,,,,,,,,,,,,,,,aa5501090000000000000000004829,8065
1788458869.709739,4.107302,rx,-1,0.000000,0.000000,0.000000,0.000000,123,3100,25036,0.000000,0.000000,0.000000,0.000000,0.000000,0,0,0.000000,0.000000,0,0,-1,0,,8065
1788458869.849629,4.247192,rx,-1,0.000000,0.000000,0.000000,0.000000,124,3126,25012,0.000000,0.000000,0.000000,0.000000,0.000000,0,0,0.000000,0.000000,0,0,-1,0,,8065
1788458869.880522,4.278087,rx,-1,0.000000,0.000000,0.000000,0.000000,125,3150,24988,0.000000,0.000000,0.000000,0.000000,0.000000,0,0,0.000000,0.000000,0,0,-1,0,,8065
1788458869.880569,4.278141,tx,-1,0.000000,0.000000,0.000000,0.000000,,,,,,,,,,,,,,,,,aa5501090000000000000000004829,8217
1788458869.888708,4.286274,rx,-1,0.000000,0.000000,0.000000,0.000000,126,3176,24984,0.000000,0.000000,0.000000,0.000000,0.000000,0,0,0.000000,0.000000,0,0,-1,0,,8217
1788458869.888794,4.286364,rx,-1,0.000000,0.000000,0.000000,0.000000,127,3201,25028,0.000000,0.000000,0.000000,0.000000,0.000000,0,0,0.000000,0.000000,0,0,-1,0,,8217
1788458869.888852,4.286422,rx,-1,0.000000,0.000000,0.000000,0.000000,128,3225,24956,0.000000,0.000000,0.000000,0.000000,0.000000,0,0,0.000000,0.000000,0,0,-1,0,,8217
1788458869.888904,4.286475,rx,-1,0.000000,0.000000,0.000000,0.000000,129,3251,25024,0.000000,0.000000,0.000000,0.000000,0.000000,0,0,0.000000,0.000000,0,0,-1,0,,8217
1788458869.888954,4.286524,rx,-1,0.000000,0.000000,0.000000,0.000000,130,3275,25008,0.000000,0.000000,0.000000,0.000000,0.000000,0,0,0.000000,0.000000,0,0,-1,0,,8217
1788458869.888997,4.286568,rx,-1,0.000000,0.000000,0.000000,0.000000,131,3301,24984,0.000000,0.000000,0.000000,0.000000,0.000000,0,0,0.000000,0.000000,0,0,-1,0,,8217
1788458869.889041,4.286611,rx,-1,0.000000,0.000000,0.000000,0.000000,132,3325,25004,0.000000,0.000000,0.000000,0.000000,0.000000,0,0,0.000000,0.000000,0,0,-1,0,,8217
1788458869.889050,4.286621,tx,-1,0.000000,0.000000,0.000000,0.000000,,,,,,,,,,,,,,,,,aa5501090000000000000000004829,8721
1788458869.941508,4.339075,rx,-1,0.000000,0.000000,0.000000,0.000000,133,3350,24992,0.000000,0.000000,0.000000,0.000000,0.000000,0,0,0.000000,0.000000,0,0,-1,0,,8721
1788458869.941587,4.339157,rx,-1,0.000000,0.000000,0.000000,0.000000,134,3376,24992,0.000000,0.000000,0.000000,0.000000,0.000000,0,0,0.000000,0.000000,0,0,-1,0,,8721
1788458869.941597,4.339168,tx,-1,0.000000,0.000000,0.000000,0.000000,,,,,,,,,,,,,,,,,aa5501090000000000000000004829,8865
1788458869.995157,4.392722,rx,-1,0.000000,0.000000,0.000000,0.000000,135,3400,25008,0.000000,0.000000,0.000000,0.000000,0.000000,0,0,0.000000,0.000000,0,0,-1,0,,8865
1788458870.031301,4.428866,rx,-1,0.000000,0.000000,0.000000,0.000000,136,3426,24992,0.000000,0.000000,0.000000,0.000000,0.000000,0,0,0.000000,0.000000,0,0,-1,0,,8865
1788458870.031346,4.428917,tx,-1,0.000000,0.000000,0.000000,0.000000,,,,,,,,,,,,,,,,,aa5501090000000000000000004829,9009
1788458870.045248,4.442815,rx,-1,0.000000,0.000000,0.000000,0.000000,137,3450,25008,0.000000,0.000000,0.000000,0.000000,0.000000,0,0,0.000000,0.000000,0,0,-1,0,,9009
1788458870.045315,4.442885,rx,-1,0.000000,0.000000,0.000000,0.000000,138,3475,25024,0.000000,0.000000,0.000000,0.000000,0.000000,0,0,0.000000,0.000000,0,0,-1,0,,9009
1788458870.045324,4.442895,tx,-1,0.000000,0.000000,0.000000,0.000000,,,,,,,,,,,,,,,,,aa5501090000000000000000004829,9153
1788458870.098329,4.495898,rx,-1,0.000000,0.000000,0.000000,0.000000,139,3501,24992,0.000000,0.000000,0.000000,0.000000,0.000000,0,0,0.000000,0.000000,0,0,-1,0,,9153
1788458870.131670,4.529235,rx,-1,0.000000,0.000000,0.000000,0.000000,140,3525,25008,0.000000,0.000000,0.000000,0.000000,0.000000,0,0,0.000000,0.000000,0,0,-1,0,,9153
1788458870.131717,4.529288,tx,-1,0.000000,0.000000,0.000000,0.000000,,,,,,,,,,,,,,,,,aa5501090000000000000000004829,9297
1788458870.151030,4.548596,rx,-1,0.000000,0.000000,0.000000,0.000000,141,3551,24992,0.000000,0.000000,0.000000,0.000000,0.000000,0,0,0.000000,0.000000,0,0,-1,0,,9297
1788458870.151114,4.548684,rx,-1,0.000000,0.000000,0.000000,0.000000,142,3575,25008,0.000000,0.000000,0.000000,0.000000,0.000000,0,0,0.000000,0.000000,0,0,-1,0,,9297
1788458870.151126,4.548697,tx,-1,0.000000,0.000000,0.000000,0.000000,,,,,,,,,,,,,,,,,aa5501090000000000000000004829,9441
1788458870.203980,4.601541,rx,-1,0.000000,0.000000,0.000000,0.000000,143,3601,24976,0.000000,0.000000,0.000000,0.000000,0.000000,0,0,0.000000,0.000000,0,0,-1,0,,9441
1788458870.239862,4.637430,rx,-1,0.000000,0.000000,0.000000,0.000000,144,3625,25028,0.000000,0.000000,0.000000,0.000000,0.000000,0,0,0.000000,0.000000,0,0,-1,0,,9441
1788458870.239907,4.637478,tx,-1,0.000000,0.000000,0.000000,0.000000,,,,,,,,,,,,,,,,,aa5501090000000000000000004829,9617
1788458870.259320,4.656887,rx,-1,0.000000,0.000000,0.000000,0.000000,145,3650,24980,0.000000,0.000000,0.000000,0.000000,0.000000,0,0,0.000000,0.000000,0,0,-1,0,,9617
1788458870.259397,4.656967,rx,-1,0.000000,0.000000,0.000000,0.000000,146,3676,24988,0.000000,0.000000,0.000000,0.000000,0.000000,0,0,0.000000,0.000000,0,0,-1,0,,9617
1788458870.259414,4.656985,tx,-1,0.000000,0.000000,0.000000,0.000000,,,,,,,,,,,,,,,,,aa5501090000000000000000004829,9793
1788458870.312976,4.710544,rx,-1,0.000000,0.000000,0.000000,0.000000,147,3700,24996,0.000000,0.000000,0.000000,0.000000,0.000000,0,0,0.000000,0.000000,0,0,-1,0,,9793
1788458870.348061,4.745628,rx,-1,0.000000,0.000000,0.000000,0.000000,148,3726,25004,0.000000,0.000000,0.000000,0.000000,0.000000,0,0,0.000000,0.000000,0,0,-1,0,,9793
1788458870.348140,4.745710,rx,-1,0.000000,0.000000,0.000000,0.000000,149,3750,24992,0.000000,0.000000,0.000000,0.000000,0.000000,0,0,0.000000,0.000000,0,0,-1,0,,9793
1788458870.348151,4.745722,tx,-1,0.000000,0.000000,0.000000,0.000000,,,,,,,,,,,,,,,,,aa5501090000000000000000004829,9945
1788458870.367701,4.765265,rx,-1,0.000000,0.000000,0.000000,0.000000,150,3775,25032,0.000000,0.000000,0.000000,0.000000,0.000000,0,0,0.000000,0.000000,0,0,-1,0,,9945
1788458870.367794,4.765364,rx,-1,0.000000,0.000000,0.000000,0.000000,151,3801,24972,0.000000,0.000000,0.000000,0.000000,0.000000,0,0,0.000000,0.000000,0,0,-1,0,,9945
1788458870.367818,4.765389,tx,-1,0.000000,0.000000,0.000000,0.000000,,,,,,,,,,,,,,,,,aa5501090000000000000000004829,10089
1788458870.420752,4.818319,rx,-1,0.000000,0.000000,0.000000,0.000000,152,3825,25024,0.000000,0.000000,0.000000,0.000000,0.000000,0,0,0.000000,0.000000,0,0,-1,0,,10089
1788458870.462649,4.860214,rx,-1,0.000000,0.000000,0.000000,0.000000,153,3851,25008,0.000000,0.000000,0.000000,0.000000,0.000000,0,0,0.000000,0.000000,0,0,-1,0,,10089
1788458870.462700,4.860271,tx,-1,0.000000,0.000000,0.000000,0.000000,,,,,,,,,,,,,,,,,aa5501090000000000000000004829,10233
1788458870.470771,4.868335,rx,-1,0.000000,0.000000,0.000000,0.000000,154,3875,24996,0.000000,0.000000,0.000000,0.000000,0.000000,0,0,0.000000,0.000000,0,0,-1,0,,10233
1788458870.470857,4.868427,rx,-1,0.000000,0.000000,0.000000,0.000000,155,3901,24972,0.000000,0.000000,0.000000,0.000000,0.000000,0,0,0.000000,0.000000,0,0,-1,0,,10233
1788458870.470870,4.868441,tx,-1,0.000000,0.000000,0.000000,0.000000,,,,,,,,,,,,,,,,,aa5501090000000000000000004829,10377
1788458870.524141,4.921708,rx,-1,0.000000,0.000000,0.000000,0.000000,156,3926,25036,0.000000,0.000000,0.000000,0.000000,0.000000,0,0,0.000000,0.000000,0,0,-1,0,,10377
1788458870.557676,4.955241,rx,-1,0.000000,0.000000,0.000000,0.000000,157,3950,24972,0.000000,0.000000,0.000000,0.000000,0.000000,0,0,0.000000,0.000000,0,0,-1,0,,10377
1788458870.557724,4.955295,tx,-1,0.000000,0.000000,0.000000,0.000000,,,,,,,,,,,,,,,,,aa5501090000000000000000004829,10521
1788458870.577295,4.974859,rx,-1,0.000000,0.000000,0.000000,0.000000,158,3976,24992,0.000000,0.000000,0.000000,0.000000,0.000000,0,0,0.000000,0.000000,0,0,-1,0,,10521
1788458870.577381,4.974951,rx,-1,0.000000,0.000000,0.000000,0.000000,159,4000,25008,0.000000,0.000000,0.000000,0.000000,0.000000,0,0,0.000000,0.000000,0,0,-1,0,,10521
1788458870.577421,4.974991,tx,-1,0.000000,0.000000,0.000000,0.000000,,,,,,,,,,,,,,,,,aa5501090000000000000000004829,10720
1788458870.630811,5.028378,rx,-1,0.000000,0.000000,0.000000,0.000000,160,4026,25016,0.000000,0.000000,0.000000,0.000000,0.000000,0,0,0.000000,0.000000,0,0,-1,0,,10720
1788458870.664695,5.062260,rx,-1,0.000000,0.000000,0.000000,0.000000,161,4050,25000,0.000000,0.000000,0.000000,0.000000,0.000000,0,0,0.000000,0.000000,0,0,-1,0,,10720
1788458870.664748,5.062318,tx,-1,0.000000,0.000000,0.000000,0.000000,,,,,,,,,,,,,,,,,aa5501090000000000000000004829,10864
1788458870.684325,5.081888,rx,-1,0.000000,0.000000,0.000000,0.000000,162,4075,25004,0.000000,0.000000,0.000000,0.000000,0.000000,0,0,0.000000,0.000000,0,0,-1,0,,10864
1788458870.684426,5.081995,rx,-1,0.000000,0.000000,0.000000,0.000000,163,4101,25004,0.000000,0.000000,0.000000,0.000000,0.000000,0,0,0.000000,0.000000,0,0,-1,0,,10864
1788458870.684445,5.082015,tx,-1,0.000000,0.000000,0.000000,0.000000,,,,,,,,,,,,,,,,,aa5501090000000000000000004829,11040
1788458870.736555,5.134121,rx,-1,0.000000,0.000000,0.000000,0.000000,164,4125,24968,0.000000,0.000000,0.000000,0.000000,0.000000,0,0,0.000000,0.000000,0,0,-1,0,,11040
1788458870.766346,5.163913,rx,-1,0.000000,0.000000,0.000000,0.000000,165,4151,25004,0.000000,0.000000,0.000000,0.000000,0.000000,0,0,0.000000,0.000000,0,0,-1,0,,11040
1788458870.766392,5.163963,tx,-1,0.000000,0.000000,0.000000,0.000000,,,,,,,,,,,,,,,,,aa5501090000000000000000004829,11184
1788458870.791228,5.188796,rx,-1,0.000000,0.000000,0.000000,0.000000,166,4175,24992,0.000000,0.000000,0.000000,0.000000,0.000000,0,0,0.000000,0.000000,0,0,-1,0,,11184
1788458870.791296,5.188865,rx,-1,0.000000,0.000000,0.000000,0.000000,167,4201,25032,0.000000,0.000000,0.000000,0.000000,0.000000,0,0,0.000000,0.000000,0,0,-1,0,,11184
1788458870.791339,5.188909,rx,-1,0.000000,0.000000,0.000000,0.000000,168,4226,24976,0.000000,0.000000,0.000000,0.000000,0.000000,0,0,0.000000,0.000000,0,0,-1,0,,11184
1788458870.791347,5.188918,tx,-1,0.000000,0.000000,0.000000,0.000000,,,,,,,,,,,,,,,,,aa5501090000000000000000004829,11368
1788458870.843977,5.241538,rx,-1,0.000000,0.000000,0.000000,0.000000,169,4250,25032,0.000000,0.000000,0.000000,0.000000,0.000000,0,0,0.000000,0.000000,0,0,-1,0,,11368
1788458870.878225,5.275789,rx,-1,0.000000,0.000000,0.000000,0.000000,170,4276,24980,0.000000,0.000000,0.000000,0.000000,0.000000,0,0,0.000000,0.000000,0,0,-1,0,,11368
1788458870.878279,5.275849,tx,-1,0.000000,0.000000,0.000000,0.000000,,,,,,,,,,,,,,,,,aa5501090000000000000000004829,11512
1788458870.897829,5.295394,rx,-1,0.000000,0.000000,0.000000,0.000000,171,4300,25016,0.000000,0.000000,0.000000,0.000000,0.000000,0,0,0.000000,0.000000,0,0,-1,0,,11512
1788458870.897908,5.295478,rx,-1,0.000000,0.000000,0.000000,0.000000,172,4326,24988,0.000000,0.000000,0.000000,0.000000,0.000000,0,0,0.000000,0.000000,0,0,-1,0,,11512
1788458870.897921,5.295491,tx,-1,0.000000,0.000000,0.000000,0.000000,,,,,,,,,,,,,,,,,aa5501090000000000000000004829,11656
1788458870.950546,5.348112,rx,-1,0.000000,0.000000,0.000000,0.000000,173,4350,24972,0.000000,0.000000,0.000000,0.000000,0.000000,0,0,0.000000,0.000000,0,0,-1,0,,11656
1788458870.985764,5.383327,rx,-1,0.000000,0.000000,0.000000,0.000000,174,4375,25024,0.000000,0.000000,0.000000,0.000000,0.000000,0,0,0.000000,0.000000,0,0,-1,0,,11656
1788458870.985820,5.383389,tx,-1,0.000000,0.000000,0.000000,0.000000,,,,,,,,,,,,,,,,,aa5501090000000000000000004829,11800
1788458871.004899,5.402464,rx,-1,0.000000,0.000000,0.000000,0.000000,175,4401,24976,0.000000,0.000000,0.000000,0.000000,0.000000,0,0,0.000000,0.000000,0,0,-1,0,,11800
1788458871.004993,5.402562,rx,-1,0.000000,0.000000,0.000000,0.000000,176,4425,25024,0.000000,0.000000,0.000000,0.000000,0.000000,0,0,0.000000,0.000000,0,0,-1,0,,11800
1788458871.005005,5.402576,tx,-1,0.000000,0.000000,0.000000,0.000000,,,,,,,,,,,,,,,,,aa5501090000000000000000004829,11944
1788458871.057838,5.455402,rx,-1,0.000000,0.000000,0.000000,0.000000,177,4451,25008,0.000000,0.000000,0.000000,0.000000,0.000000,0,0,0.000000,0.000000,0,0,-1,0,,11944
1788458871.090837,5.488402,rx,-1,0.000000,0.000000,0.000000,0.000000,178,4475,24988,0.000000,0.000000,0.000000,0.000000,0.000000,0,0,0.000000,0.000000,0,0,-1,0,,11944
1788458871.090880,5.488450,tx,-1,0.000000,0.000000,0.000000,0.000000,,,,,,,,,,,,,,,,,aa5501090000000000000000004829,12088
1788458871.110499,5.508065,rx,-1,0.000000,0.000000,0.000000,0.000000,179,4500,25028,0.000000,0.000000,0.000000,0.000000,0.000000,0,0,0.000000,0.000000,0,0,-1,0,,12088
1788458871.110583,5.508153,rx,-1,0.000000,0.000000,0.000000,0.000000,180,4526,24968,0.000000,0.000000,0.000000,0.000000,0.000000,0,0,0.000000,0.000000,0,0,-1,0,,12088
1788458871.110595,5.508165,tx,-1,0.000000,0.000000,0.000000,0.000000,,,,,,,,,,,,,,,,,aa5501090000000000000000004829,12232
1788458871.122197,5.519764,key,119,0.300000,0.000000,0.300000,0.300000,,,,,,,,,,,,,,,,,aa5501099a99993e0000000000c1ab,12232
1788458871.163430,5.560995,rx,-1,0.300000,0.000000,0.300000,0.300000,181,4550,25000,0.000000,0.000000,0.000000,0.000000,0.000000,0,0,0.000000,0.000000,0,0,-1,0,,12232
1788458871.196042,5.593607,rx,-1,0.300000,0.000000,0.300000,0.300000,182,4576,25012,0.000000,0.000000,0.000000,0.000000,0.000000,0,0,0.000000,0.000000,0,0,-1,0,,12232
1788458871.196081,5.593651,tx,-1,0.300000,0.000000,0.300000,0.300000,,,,,,,,,,,,,,,,,aa5501099a99993e0000000000c1ab,12376
1788458871.214954,5.612519,rx,-1,0.300000,0.000000,0.300000,0.300000,183,4600,25008,0.000000,0.000000,0.000000,0.000000,0.000000,0,0,0.000000,0.000000,0,0,-1,0,,12376
1788458871.215030,5.612599,rx,-1,0.300000,0.000000,0.300000,0.300000,184,4626,24996,0.000000,0.000000,0.000000,0.000000,0.000000,0,0,0.000000,0.000000,171,162,-1,0,,12376
1788458871.215041,5.612611,tx,-1,0.300000,0.000000,0.300000,0.300000,,,,,,,,,,,,,,,,,aa5501099a99993e0000000000c1ab,12520
1788458871.267616,5.665181,rx,-1,0.300000,0.000000,0.300000,0.300000,185,4651,24992,0.102119,-0.074813,0.002552,-0.000002,-0.001870,15,13,0.725571,0.628828,137,137,-1,0,,12520
1788458871.304807,5.702373,rx,-1,0.300000,0.000000,0.300000,0.300000,186,4676,24976,0.273709,-0.037430,0.009388,-0.000018,-0.002805,38,37,1.839290,1.790888,78,79,-1,0,,12520
1788458871.304852,5.702422,tx,-1,0.300000,0.000000,0.300000,0.300000,,,,,,,,,,,,,,,,,aa5501099a99993e0000000000c1ab,12696
1788458871.318728,5.716292,rx,-1,0.300000,0.000000,0.300000,0.300000,187,4701,25044,0.345757,-0.037329,0.018047,-0.000047,-0.003739,48,47,2.317005,2.268734,51,53,-1,0,,12696
1788458871.318798,5.716366,rx,-1,0.300000,0.000000,0.300000,0.300000,188,4726,24984,0.317401,0.037418,0.025977,-0.000073,-0.002805,43,44,2.080636,2.129022,63,60,-1,0,,12696
1788458871.318811,5.716381,tx,-1,0.300000,0.000000,0.300000,0.300000,,,,,,,,,,,,,,,,,aa5501099a99993e0000000000c1ab,12840
1788458871.371347,5.768912,rx,-1,0.300000,0.000000,0.300000,0.300000,189,4751,25012,0.266027,0.037376,0.032631,-0.000088,-0.001870,36,37,1.739977,1.788310,83,78,-1,0,,12840
1788458871.408838,5.806403,rx,-1,0.300000,0.000000,0.300000,0.300000,190,4775,24980,0.266367,-0.037424,0.039285,-0.000104,-0.002805,37,36,1.790601,1.742206,81,81,-1,0,,12840
1788458871.408883,5.806453,tx,-1,0.300000,0.000000,0.300000,0.300000,,,,,,,,,,,,,,,,,aa5501099a99993e0000000000c1ab,13016
1788458871.422764,5.820329,rx,-1,0.300000,0.000000,0.300000,0.300000,191,4801,24996,0.288076,-0.037400,0.046486,-0.000127,-0.003739,40,39,1.934546,1.886182,73,75,-1,0,,13016
1788458871.422847,5.820416,rx,-1,0.300000,0.000000,0.300000,0.300000,192,4826,25012,0.295180,-0.037376,0.053869,-0.000158,-0.004674,41,40,1.981641,1.933308,71,72,-1,0,,13016
1788458871.422866,5.820436,tx,-1,0.300000,0.000000,0.300000,0.300000,,,,,,,,,,,,,,,,,aa5501099a99993e0000000000c1ab,13160
1788458871.475937,5.873503,rx,-1,0.300000,0.000000,0.300000,0.300000,193,4851,24988,0.291816,0.000000,0.061160,-0.000192,-0.004674,40,40,1.935165,1.935165,73,73,-1,0,,13160
1788458871.516310,5.913874,rx,-1,0.300000,0.000000,0.300000,0.300000,194,4876,25024,0.284111,0.000000,0.068270,-0.000226,-0.004674,39,39,1.884071,1.884071,77,76,-1,0,,13160
1788458871.516389,5.913957,rx,-1,0.300000,0.000000,0.300000,0.300000,195,4900,25004,0.287984,0.037388,0.075471,-0.000256,-0.003739,39,40,1.885579,1.933927,77,73,-1,0,,13160
1788458871.516401,5.913971,tx,-1,0.300000,0.000000,0.300000,0.300000,,,,,,,,,,,,,,,,,aa5501099a99993e0000000000c1ab,13312
1788458871.530041,5.927605,rx,-1,0.300000,0.000000,0.300000,0.300000,196,4926,24992,0.288122,-0.037406,0.082671,-0.000286,-0.004674,40,39,1.934855,1.886484,75,76,-1,0,,13312
1788458871.530118,5.927686,rx,-1,0.300000,0.000000,0.300000,0.300000,197,4951,24976,0.295606,-0.037430,0.090054,-0.000324,-0.005609,41,40,1.984497,1.936095,72,74,-1,0,,13312
1788458871.530129,5.927699,tx,-1,0.300000,0.000000,0.300000,0.300000,,,,,,,,,,,,,,,,,aa5501099a99993e0000000000c1ab,13456
1788458871.582364,5.979927,rx,-1,0.000000,0.000000,0.000000,0.000000,198,4976,25052,0.287432,-0.037317,0.097255,-0.000368,-0.006544,40,39,1.930221,1.881966,75,77,-1,0,,13456
1788458871.677380,6.074942,rx,-1,0.000000,0.000000,0.000000,0.000000,199,5001,24944,0.288677,0.037478,0.104456,-0.000412,-0.005609,39,40,1.890114,1.938579,78,74,-1,0,,13456
1788458871.677460,6.075030,tx,-1,0.000000,0.000000,0.000000,0.000000,,,,,,,,,,,,,,,,,aa5501090000000000000000004829,13655
1788458871.685745,6.083309,rx,-1,0.000000,0.000000,0.000000,0.000000,200,5025,25044,0.291164,-0.074657,0.111747,-0.000459,-0.007479,41,39,1.979109,1.882567,-98,-84,-1,0,,13655
1788458871.742198,6.139759,rx,-1,0.000000,0.000000,0.000000,0.000000,201,5051,24948,0.146142,0.074945,0.115393,-0.000483,-0.005609,19,21,0.920677,1.017591,-45,-45,-1,0,,13655
1788458871.742294,6.139861,rx,-1,0.000000,0.000000,0.000000,0.000000,202,5075,25036,-0.050970,0.000000,0.114117,-0.000476,-0.005609,-7,-7,-0.338005,-0.338005,23,24,-1,0,,13655
1788458871.742351,6.139918,rx,-1,0.000000,0.000000,0.000000,0.000000,203,5101,25008,-0.018224,0.037382,0.113661,-0.000474,-0.004674,-3,-2,-0.145021,-0.096681,14,12,-1,0,,13655
1788458871.742363,6.139932,tx,-1,0.000000,0.000000,0.000000,0.000000,,,,,,,,,,,,,,,,,aa5501090000000000000000004829,13943
1788458871.750354,6.147916,rx,-1,0.000000,0.000000,0.000000,0.000000,204,5126,25000,0.036459,0.000000,0.114573,-0.000478,-0.004674,5,5,0.241780,0.241780,-7,-5,-1,0,,13943
1788458871.750422,6.147991,rx,-1,0.000000,0.000000,0.000000,0.000000,205,5150,24956,0.014610,0.000000,0.114937,-0.000480,-0.004674,2,2,0.096882,0.096882,0,1,-1,0,,13943
1788458871.750446,6.148016,tx,-1,0.000000,0.000000,0.000000,0.000000,,,,,,,,,,,,,,,,,aa5501090000000000000000004829,14151
1788458871.802881,6.200444,rx,-1,0.000000,0.000000,0.000000,0.000000,206,5176,25008,-0.007290,0.000000,0.114755,-0.000479,-0.004674,-1,-1,-0.048340,-0.048340,7,9,-1,0,,14151
1788458871.845843,6.243378,rx,-1,0.000000,0.000000,0.000000,0.000000,207,5200,24996,0.007293,0.000000,0.114937,-0.000480,-0.004674,1,1,0.048364,0.048364,2,3,-1,0,,14151
1788458871.846139,6.243703,rx,-1,0.000000,0.000000,0.000000,0.000000,208,5226,25032,0.000000,0.000000,0.114937,-0.000480,-0.004674,0,0,0.000000,0.000000,4,6,-1,0,,14151
1788458871.846180,6.243749,tx,-1,0.000000,0.000000,0.000000,0.000000,,,,,,,,,,,,,,,,,aa5501090000000000000000004829,14303
1788458871.852007,6.249573,key,119,0.300000,0.000000,0.300000,0.300000,,,,,,,,,,,,,,,,,aa5501099a99993e0000000000c1ab,14303
1788458871.855088,6.252651,rx,-1,0.300000,0.000000,0.300000,0.300000,209,5251,24996,0.000000,0.000000,0.114937,-0.000480,-0.004674,0,0,0.000000,0.000000,4,6,-1,0,,14303
1788458871.855548,6.253113,rx,-1,0.300000,0.000000,0.300000,0.300000,210,5275,24992,0.000000,0.000000,0.114937,-0.000480,-0.004674,0,0,0.000000,0.000000,4,6,-1,0,,14303
1788458871.855580,6.253149,tx,-1,0.300000,0.000000,0.300000,0.300000,,,,,,,,,,,,,,,,,aa5501099a99993e0000000000c1ab,14447
1788458871.907865,6.305428,rx,-1,0.300000,0.000000,0.300000,0.300000,211,5301,24996,0.000000,0.000000,0.114937,-0.000480,-0.004674,0,0,0.000000,0.000000,176,169,-1,0,,14447
1788458871.946302,6.343866,rx,-1,0.300000,0.000000,0.300000,0.300000,212,5325,24980,0.105817,-0.037424,0.117581,-0.000493,-0.005609,15,14,0.725919,0.677525,142,140,-1,0,,14447
1788458871.946345,6.343914,tx,-1,0.300000,0.000000,0.300000,0.300000,,,,,,,,,,,,,,,,,aa5501099a99993e0000000000c1ab,14591
1788458871.960157,6.357721,rx,-1,0.300000,0.000000,0.300000,0.300000,213,5351,25052,0.283794,-0.074634,0.124690,-0.000540,-0.007479,40,38,1.930221,1.833710,78,83,-1,0,,14591
1788458871.960229,6.357797,rx,-1,0.300000,0.000000,0.300000,0.300000,214,5376,24952,0.347031,-0.037466,0.133349,-0.000609,-0.008414,48,47,2.325548,2.277099,55,59,-1,0,,14591
1788458871.960239,6.357809,tx,-1,0.300000,0.000000,0.300000,0.300000,,,,,,,,,,,,,,,,,aa5501099a99993e0000000000c1ab,14735
1788458872.012015,6.409577,rx,-1,0.300000,0.000000,0.300000,0.300000,215,5401,25048,0.316590,0.037323,0.141279,-0.000672,-0.007479,43,44,2.075319,2.123582,68,66,-1,0,,14735
1788458872.056326,6.453888,rx,-1,0.300000,0.000000,0.300000,0.300000,216,5426,24952,0.284931,0.000000,0.148388,-0.000725,-0.007479,39,39,1.889508,1.889508,79,78,-1,0,,14735
1788458872.056370,6.453940,tx,-1,0.300000,0.000000,0.300000,0.300000,,,,,,,,,,,,,,,,,aa5501099a99993e0000000000c1ab,14879
1788458872.064537,6.462092,rx,-1,0.300000,0.000000,0.300000,0.300000,217,5451,24996,0.280783,0.037400,0.155406,-0.000774,-0.006544,38,39,1.837818,1.886182,82,79,-1,0,,14879
1788458872.064702,6.462244,rx,-1,0.300000,0.000000,0.300000,0.300000,218,5476,25028,0.294992,-0.037353,0.162789,-0.000826,-0.007479,41,40,1.980374,1.932072,74,77,-1,0,,14879
1788458872.064736,6.462305,tx,-1,0.300000,0.000000,0.300000,0.300000,,,,,,,,,,,,,,,,,aa5501099a99993e0000000000c1ab,15023
1788458872.116803,6.514368,rx,-1,0.300000,0.000000,0.300000,0.300000,219,5500,24976,0.299255,0.000000,0.170263,-0.000882,-0.007479,41,41,1.984497,1.984497,74,74,-1,0,,15023
1788458872.157741,6.555305,rx,-1,0.300000,0.000000,0.300000,0.300000,220,5526,25032,0.294944,-0.037347,0.177646,-0.000940,-0.008414,41,40,1.980057,1.931763,74,77,-1,0,,15023
1788458872.157784,6.555353,tx,-1,0.300000,0.000000,0.300000,0.300000,,,,,,,,,,,,,,,,,aa5501099a99993e0000000000c1ab,15167
1788458872.171621,6.569186,rx,-1,0.300000,0.000000,0.300000,0.300000,221,5551,24976,0.291956,0.074861,0.184938,-0.000995,-0.006544,39,41,1.887692,1.984497,80,75,-1,0,,15167
1788458872.171685,6.569253,rx,-1,0.300000,0.000000,0.300000,0.300000,222,5576,25016,0.302420,0.037371,0.192503,-0.001041,-0.005609,41,42,1.981324,2.029649,75,72,-1,0,,15167
1788458872.171703,6.569273,tx,-1,0.300000,0.000000,0.300000,0.300000,,,,,,,,,,,,,,,,,aa5501099a99993e0000000000c1ab,15311
1788458872.225189,6.622751,rx,-1,0.300000,0.000000,0.300000,0.300000,223,5601,24980,0.299207,-0.074849,0.199977,-0.001090,-0.007479,42,40,2.032574,1.935785,72,77,-1,0,,15311
1788458872.267781,6.665346,rx,-1,0.300000,0.000000,0.300000,0.300000,224,5625,25008,0.298872,0.000000,0.207451,-0.001146,-0.007479,41,41,1.981958,1.981958,75,75,-1,0,,15311
1788458872.267821,6.665390,tx,-1,0.300000,0.000000,0.300000,0.300000,,,,,,,,,,,,,,,,,aa5501099a99993e0000000000c1ab,15455
1788458872.275935,6.673498,rx,-1,0.300000,0.000000,0.300000,0.300000,225,5651,24984,0.295511,0.037418,0.214834,-0.001198,-0.006544,40,41,1.935475,1.983862,77,75,-1,0,,15455
1788458872.276015,6.673582,rx,-1,0.300000,0.000000,0.300000,0.300000,226,5676,25048,0.302034,0.037323,0.222399,-0.001243,-0.005609,41,42,1.978793,2.027056,75,72,-1,0,,15455
1788458872.276027,6.673596,tx,-1,0.300000,0.000000,0.300000,0.300000,,,,,,,,,,,,,,,,,aa5501099a99993e0000000000c1ab,15599
1788458872.329073,6.726636,rx,-1,0.000000,0.000000,0.000000,0.000000,227,5701,25028,0.298633,-0.074705,0.229873,-0.001292,-0.007479,42,40,2.028676,1.932072,72,77,-1,0,,15599
1788458872.402518,6.800081,rx,-1,0.000000,0.000000,0.000000,0.000000,228,5726,24972,0.299303,0.000000,0.237347,-0.001348,-0.007479,41,41,1.984815,1.984815,75,75,-1,0,,15599
1788458872.402560,6.800129,tx,-1,0.000000,0.000000,0.000000,0.000000,,,,,,,,,,,,,,,,,aa5501090000000000000000004829,15775
1788458872.410439,6.808003,rx,-1,0.000000,0.000000,0.000000,0.000000,229,5750,24952,0.295890,0.037466,0.244730,-0.001400,-0.006544,40,41,1.937957,1.986406,77,75,-1,0,,15775
1788458872.410529,6.808094,rx,-1,0.000000,0.000000,0.000000,0.000000,230,5776,25024,0.298681,0.000000,0.252204,-0.001449,-0.006544,41,41,1.980691,1.980691,-96,-87,-1,0,,15775
1788458872.410594,6.808161,rx,-1,0.000000,0.000000,0.000000,0.000000,231,5800,25008,0.153081,0.074765,0.256032,-0.001470,-0.004674,20,22,0.966809,1.063490,-45,-45,-1,0,,15775
1788458872.410729,6.808295,rx,-1,0.000000,0.000000,0.000000,0.000000,232,5826,24988,-0.051068,0.074825,0.254756,-0.001466,-0.002805,-8,-6,-0.387033,-0.290275,28,24,-1,0,,15775
1788458872.410751,6.808320,tx,-1,0.000000,0.000000,0.000000,0.000000,,,,,,,,,,,,,,,,,aa5501090000000000000000004829,16031
1788458872.464084,6.861647,rx,-1,0.000000,0.000000,0.000000,0.000000,233,5851,25004,-0.040099,-0.037388,0.253753,-0.001462,-0.003739,-5,-6,-0.241741,-0.290089,21,25,-1,0,,16031
1788458872.504157,6.901713,rx,-1,0.000000,0.000000,0.000000,0.000000,234,5875,24984,0.036483,0.000000,0.254665,-0.001466,-0.003739,5,5,0.241934,0.241934,-5,-2,-1,0,,16031
1788458872.504245,6.901814,tx,-1,0.000000,0.000000,0.000000,0.000000,,,,,,,,,,,,,,,,,aa5501090000000000000000004829,16175
1788458872.510032,6.907600,key,119,0.300000,0.000000,0.300000,0.300000,,,,,,,,,,,,,,,,,aa5501099a99993e0000000000c1ab,16175
1788458872.515794,6.913362,key,119,0.300000,0.000000,0.300000,0.300000,,,,,,,,,,,,,,,,,aa5501099a99993e0000000000c1ab,16175
1788458872.518214,6.915780,rx,-1,0.300000,0.000000,0.300000,0.300000,235,5901,25004,0.014581,0.000000,0.255030,-0.001467,-0.003739,2,2,0.096696,0.096696,2,4,-1,0,,16175
1788458872.518271,6.915839,rx,-1,0.300000,0.000000,0.300000,0.300000,236,5925,25020,0.000000,0.000000,0.255030,-0.001467,-0.003739,0,0,0.000000,0.000000,7,9,-1,0,,16175
1788458872.518280,6.915849,tx,-1,0.300000,0.000000,0.300000,0.300000,,,,,,,,,,,,,,,,,aa5501099a99993e0000000000c1ab,16319
1788458872.523980,6.921548,key,119,0.300000,0.000000,0.300000,0.300000,,,,,,,,,,,,,,,,,aa5501099a99993e0000000000c1ab,16319
1788458872.571975,6.969538,rx,-1,0.300000,0.000000,0.300000,0.300000,237,5951,24972,0.000000,0.000000,0.255030,-0.001467,-0.003739,0,0,0.000000,0.000000,179,171,-1,0,,16319
1788458872.610567,7.008124,rx,-1,0.300000,0.000000,0.300000,0.300000,238,5976,25036,0.120143,-0.037341,0.258037,-0.001480,-0.004674,17,16,0.820868,0.772582,139,138,-1,0,,16319
1788458872.610877,7.008445,tx,-1,0.300000,0.000000,0.300000,0.300000,,,,,,,,,,,,,,,,,aa5501099a99993e0000000000c1ab,16463
1788458872.616601,7.014170,key,119,0.300000,0.000000,0.300000,0.300000,,,,,,,,,,,,,,,,,aa5501099a99993e0000000000c1ab,16463
1788458872.624746,7.022309,rx,-1,0.300000,0.000000,0.300000,0.300000,239,6001,24972,0.281053,-0.037436,0.265056,-0.001516,-0.005609,39,38,1.887995,1.839585,82,85,-1,0,,16463
1788458872.624843,7.022411,rx,-1,0.300000,0.000000,0.300000,0.300000,240,6026,25008,0.328030,-0.074765,0.273259,-0.001570,-0.007479,46,44,2.223660,2.126979,63,69,-1,0,,16463
1788458872.624855,7.022423,tx,-1,0.300000,0.000000,0.300000,0.300000,,,,,,,,,,,,,,,,,aa5501099a99993e0000000000c1ab,16662
1788458872.677990,7.075555,rx,-1,0.300000,0.000000,0.300000,0.300000,241,6050,24988,0.331941,0.037412,0.281553,-0.001628,-0.006544,45,46,2.177061,2.225440,65,63,-1,0,,16662
1788458872.724345,7.121901,rx,-1,0.300000,0.000000,0.300000,0.300000,242,6076,25036,0.302179,0.037340,0.289119,-0.001674,-0.005609,41,42,1.979741,2.028028,76,73,-1,0,,16662
1788458872.724435,7.122004,tx,-1,0.300000,0.000000,0.300000,0.300000,,,,,,,,,,,,,,,,,aa5501099a99993e0000000000c1ab,16806
1788458872.732648,7.130210,rx,-1,0.300000,0.000000,0.300000,0.300000,243,6100,24968,0.284749,0.000000,0.296228,-0.001714,-0.005609,39,39,1.888297,1.888297,81,81,-1,0,,16806
1788458872.732733,7.130300,rx,-1,0.300000,0.000000,0.300000,0.300000,244,6126,25012,0.291536,-0.074753,0.303520,-0.001761,-0.007479,41,39,1.981641,1.884975,76,81,-1,0,,16806
1788458872.732751,7.130319,tx,-1,0.300000,0.000000,0.300000,0.300000,,,,,,,,,,,,,,,,,aa5501099a99993e0000000000c1ab,16982
1788458872.784866,7.182431,rx,-1,0.300000,0.000000,0.300000,0.300000,245,6151,25012,0.302469,-0.037376,0.311085,-0.001821,-0.008414,42,41,2.029974,1.981641,73,77,-1,0,,16982
1788458872.822431,7.219988,rx,-1,0.300000,0.000000,0.300000,0.300000,246,6176,25008,0.302517,0.037383,0.318650,-0.001882,-0.007479,41,42,1.981958,2.030298,76,74,-1,0,,16982
1788458872.822512,7.220081,tx,-1,0.300000,0.000000,0.300000,0.300000,,,,,,,,,,,,,,,,,aa5501099a99993e0000000000c1ab,17126
1788458872.836145,7.233706,rx,-1,0.300000,0.000000,0.300000,0.300000,247,6201,24960,0.292143,0.000000,0.325942,-0.001936,-0.007479,40,40,1.937336,1.937336,79,79,-1,0,,17126
1788458872.836225,7.233792,rx,-1,0.300000,0.000000,0.300000,0.300000,248,6225,25028,0.302275,-0.037352,0.333507,-0.001996,-0.008414,42,41,2.028676,1.980374,74,77,-1,0,,17126
1788458872.836241,7.233810,tx,-1,0.300000,0.000000,0.300000,0.300000,,,,,,,,,,,,,,,,,aa5501099a99993e0000000000c1ab,17270
1788458872.888808,7.286372,rx,-1,0.300000,0.000000,0.300000,0.300000,249,6251,25008,0.298872,0.000000,0.340981,-0.002059,-0.008414,41,41,1.981958,1.981958,76,77,-1,0,,17270
1788458872.937436,7.334992,rx,-1,0.300000,0.000000,0.300000,0.300000,250,6276,24964,0.299399,0.000000,0.348455,-0.002122,-0.008414,41,41,1.985451,1.985451,76,76,-1,0,,17270
1788458872.937540,7.335108,tx,-1,0.300000,0.000000,0.300000,0.300000,,,,,,,,,,,,,,,,,aa5501099a99993e0000000000c1ab,17446
1788458872.945757,7.343319,rx,-1,0.300000,0.000000,0.300000,0.300000,251,6301,25036,0.294897,0.037341,0.355837,-0.002181,-0.007479,40,41,1.931455,1.979741,79,77,-1,0,,17446
1788458872.945842,7.343409,rx,-1,0.300000,0.000000,0.300000,0.300000,252,6326,24972,0.302953,-0.037436,0.363403,-0.002241,-0.008414,42,41,2.033225,1.984815,73,77,-1,0,,17446
1788458872.945891,7.343458,rx,-1,0.300000,0.000000,0.300000,0.300000,253,6350,25004,0.302565,-0.037388,0.370968,-0.002308,-0.009349,42,41,2.030623,1.982275,73,77,-1,0,,17446
1788458872.945903,7.343472,tx,-1,0.300000,0.000000,0.300000,0.300000,,,,,,,,,,,,,,,,,aa5501099a99993e0000000000c1ab,17598
1788458872.999112,7.396677,rx,-1,0.300000,0.000000,0.300000,0.300000,254,6376,24988,0.299111,0.000000,0.378442,-0.002378,-0.009349,41,41,1.983544,1.983544,76,77,-1,0,,17598
1788458873.048037,7.445598,rx,-1,0.300000,0.000000,0.300000,0.300000,255,6401,25040,0.305771,0.000000,0.386098,-0.002449,-0.009349,42,42,2.027704,2.027704,73,74,-1,0,,17598
1788458873.048098,7.445666,tx,-1,0.300000,0.000000,0.300000,0.300000,,,,,,,,,,,,,,,,,aa5501099a99993e0000000000c1ab,17742
1788458873.056322,7.453883,rx,-1,0.300000,0.000000,0.300000,0.300000,256,6426,24976,0.299255,-0.074861,0.393571,-0.002526,-0.011218,42,40,2.032900,1.936095,73,79,-1,0,,17742
1788458873.056431,7.453996,rx,-1,0.300000,0.000000,0.300000,0.300000,257,6451,25000,0.298968,0.000000,0.401045,-0.002610,-0.011218,41,41,1.982592,1.982592,76,77,-1,0,,17742
1788458873.056457,7.454025,tx,-1,0.300000,0.000000,0.300000,0.300000,,,,,,,,,,,,,,,,,aa5501099a99993e0000000000c1ab,17886
1788458873.109315,7.506879,rx,-1,0.000000,0.000000,0.000000,0.000000,258,6476,24992,0.299064,0.074813,0.408519,-0.002687,-0.009349,40,42,1.934855,2.031598,78,74,-1,0,,17886
1788458873.180843,7.578404,rx,-1,0.000000,0.000000,0.000000,0.000000,259,6501,25052,0.305624,0.000000,0.416175,-0.002759,-0.009349,42,42,2.026732,2.026732,73,74,-1,0,,17886
1788458873.180898,7.578466,tx,-1,0.000000,0.000000,0.000000,0.000000,,,,,,,,,,,,,,,,,aa5501090000000000000000004829,18030
1788458873.189061,7.586623,rx,-1,0.000000,0.000000,0.000000,0.000000,260,6525,24936,0.303391,0.037490,0.423740,-0.002826,-0.008414,41,42,1.987681,2.036160,75,74,-1,0,,18030
1788458873.189138,7.586705,rx,-1,0.000000,0.000000,0.000000,0.000000,261,6551,25008,0.298872,0.074765,0.431214,-0.002882,-0.006544,40,42,1.933617,2.030298,-92,-88,-1,0,,18030
1788458873.189185,7.586752,rx,-1,0.000000,0.000000,0.000000,0.000000,262,6576,25028,0.156600,0.112058,0.435134,-0.002902,-0.003739,20,23,0.966036,1.110942,-44,-47,-1,0,,18030
1788458873.189196,7.586764,tx,-1,0.000000,0.000000,0.000000,0.000000,,,,,,,,,,,,,,,,,aa5501090000000000000000004829,18278
1788458873.242855,7.640418,rx,-1,0.000000,0.000000,0.000000,0.000000,263,6600,24972,-0.043800,0.074873,0.434040,-0.002899,-0.001870,-7,-5,-0.338871,-0.242051,26,22,-1,0,,18278
1788458873.283603,7.681165,rx,-1,0.000000,0.000000,0.000000,0.000000,264,6626,25028,-0.040061,-0.037353,0.433037,-0.002896,-0.002805,-5,-6,-0.241509,-0.289811,22,25,-1,0,,18278
1788458873.283659,7.681227,tx,-1,0.000000,0.000000,0.000000,0.000000,,,,,,,,,,,,,,,,,aa5501090000000000000000004829,18454
1788458873.297474,7.695036,rx,-1,0.000000,0.000000,0.000000,0.000000,265,6650,24980,0.040138,-0.037424,0.434040,-0.002900,-0.003739,6,5,0.290368,0.241973,-7,-1,-1,0,,18454
1788458873.297567,7.695134,rx,-1,0.000000,0.000000,0.000000,0.000000,266,6676,25032,0.021848,0.000000,0.434587,-0.002902,-0.003739,3,3,0.144882,0.144882,0,2,-1,0,,18454
1788458873.297616,7.695183,rx,-1,0.000000,0.000000,0.000000,0.000000,267,6701,24992,0.000000,0.000000,0.434587,-0.002902,-0.003739,0,0,0.000000,0.000000,7,9,-1,0,,18454
1788458873.297626,7.695194,tx,-1,0.000000,0.000000,0.000000,0.000000,,,,,,,,,,,,,,,,,aa5501090000000000000000004829,18606
1788458873.351313,7.748877,rx,-1,0.000000,0.000000,0.000000,0.000000,268,6725,24972,0.000000,0.000000,0.434587,-0.002902,-0.003739,0,0,0.000000,0.000000,7,9,-1,0,,18606
1788458873.394158,7.791722,rx,-1,0.000000,0.000000,0.000000,0.000000,269,6751,25016,0.000000,0.000000,0.434587,-0.002902,-0.003739,0,0,0.000000,0.000000,7,9,-1,0,,18606
1788458873.394193,7.791761,tx,-1,0.000000,0.000000,0.000000,0.000000,,,,,,,,,,,,,,,,,aa5501090000000000000000004829,18750
1788458873.402288,7.799851,rx,-1,0.000000,0.000000,0.000000,0.000000,270,6775,25004,0.000000,0.000000,0.434587,-0.002902,-0.003739,0,0,0.000000,0.000000,7,9,-1,0,,18750
1788458873.402356,7.799923,rx,-1,0.000000,0.000000,0.000000,0.000000,271,6801,24976,0.000000,0.000000,0.434587,-0.002902,-0.003739,0,0,0.000000,0.000000,7,9,-1,0,,18750
1788458873.402368,7.799936,tx,-1,0.000000,0.000000,0.000000,0.000000,,,,,,,,,,,,,,,,,aa5501090000000000000000004829,18894
1788458873.447899,7.845466,key,119,0.300000,0.000000,0.300000,0.300000,,,,,,,,,,,,,,,,,aa5501099a99993e0000000000c1ab,18894
1788458873.456051,7.853615,rx,-1,0.300000,0.000000,0.300000,0.300000,272,6825,25020,0.000000,0.000000,0.434587,-0.002902,-0.003739,0,0,0.000000,0.000000,7,9,-1,0,,18894
1788458873.526126,7.923686,rx,-1,0.300000,0.000000,0.300000,0.300000,273,6850,24980,0.000000,0.000000,0.434587,-0.002902,-0.003739,0,0,0.000000,0.000000,7,9,-1,0,,18894
1788458873.526192,7.923760,tx,-1,0.300000,0.000000,0.300000,0.300000,,,,,,,,,,,,,,,,,aa5501099a99993e0000000000c1ab,19038
1788458873.534360,7.931921,rx,-1,0.300000,0.000000,0.300000,0.300000,274,6876,25024,0.000000,0.000000,0.434587,-0.002902,-0.003739,0,0,0.000000,0.000000,179,172,-1,0,,19038
1788458873.534435,7.932001,rx,-1,0.300000,0.000000,0.300000,0.300000,275,6901,24996,0.109396,-0.074801,0.437321,-0.002914,-0.005609,16,14,0.773818,0.677091,143,144,-1,0,,19038
1788458873.534483,7.932049,rx,-1,0.300000,0.000000,0.300000,0.300000,276,6926,25004,0.280693,-0.037388,0.444339,-0.002957,-0.006544,39,38,1.885579,1.837230,83,86,-1,0,,19038
1788458873.534492,7.932060,tx,-1,0.300000,0.000000,0.300000,0.300000,,,,,,,,,,,,,,,,,aa5501099a99993e0000000000c1ab,19254
1788458873.587146,7.984707,rx,-1,0.300000,0.000000,0.300000,0.300000,277,6950,24976,0.357646,0.000000,0.453272,-0.003016,-0.006544,49,49,2.371716,2.371716,56,57,-1,0,,19254
1788458873.627430,8.024992,rx,-1,0.300000,0.000000,0.300000,0.300000,278,6976,25004,0.331728,0.037388,0.461566,-0.003066,-0.005609,45,46,2.175668,2.224016,65,63,-1,0,,19254
1788458873.627466,8.025034,tx,-1,0.300000,0.000000,0.300000,0.300000,,,,,,,,,,,,,,,,,aa5501099a99993e0000000000c1ab,19398
1788458873.641014,8.038578,rx,-1,0.300000,0.000000,0.300000,0.300000,279,7001,25020,0.284157,0.074729,0.468676,-0.003099,-0.003739,38,40,1.836056,1.932690,84,78,-1,0,,19398
1788458873.641104,8.038670,rx,-1,0.300000,0.000000,0.300000,0.300000,280,7026,24996,0.269843,-0.149601,0.475421,-0.003137,-0.007479,39,35,1.886182,1.692727,82,92,-1,0,,19398
1788458873.641114,8.038682,tx,-1,0.300000,0.000000,0.300000,0.300000,,,,,,,,,,,,,,,,,aa5501099a99993e0000000000c1ab,19597
1788458873.694691,8.092252,rx,-1,0.300000,0.000000,0.300000,0.300000,281,7051,25012,0.302469,0.037376,0.482986,-0.003190,-0.006544,41,42,1.981641,2.029974,77,75,-1,0,,19597
1788458873.735539,8.133099,rx,-1,0.300000,0.000000,0.300000,0.300000,282,7075,25000,0.313552,0.074789,0.490824,-0.003234,-0.004674,42,44,2.030948,2.127660,74,69,-1,0,,19597
1788458873.735658,8.133226,tx,-1,0.300000,0.000000,0.300000,0.300000,,,,,,,,,,,,,,,,,aa5501099a99993e0000000000c1ab,19773
1788458873.748860,8.146421,rx,-1,0.300000,0.000000,0.300000,0.300000,283,7101,24988,0.302759,-0.037412,0.498390,-0.003273,-0.005609,42,41,2.031923,1.983544,74,76,-1,0,,19773
1788458873.748946,8.146512,rx,-1,0.300000,0.000000,0.300000,0.300000,284,7126,25012,0.295180,-0.037376,0.505773,-0.003318,-0.006544,41,40,1.981641,1.933308,76,79,-1,0,,19773
1788458873.748963,8.146531,tx,-1,0.300000,0.000000,0.300000,0.300000,,,,,,,,,,,,,,,,,aa5501099a99993e0000000000c1ab,19949
1788458873.801809,8.199371,rx,-1,0.300000,0.000000,0.300000,0.300000,285,7151,24996,0.295369,-0.037400,0.513155,-0.003370,-0.007479,41,40,1.982909,1.934546,76,79,-1,0,,19949
1788458873.836925,8.234488,rx,-1,0.300000,0.000000,0.300000,0.300000,286,7176,25004,0.306211,0.000000,0.520812,-0.003427,-0.007479,42,42,2.030623,2.030623,74,74,-1,0,,19949
1788458873.837004,8.234570,rx,-1,0.300000,0.000000,0.300000,0.300000,287,7200,24964,0.299399,0.000000,0.528286,-0.003483,-0.007479,41,41,1.985451,1.985451,76,77,-1,0,,19949
1788458873.837016,8.234584,tx,-1,0.300000,0.000000,0.300000,0.300000,,,,,,,,,,,,,,,,,aa5501099a99993e0000000000c1ab,20101
1788458873.855889,8.253451,rx,-1,0.300000,0.000000,0.300000,0.300000,288,7226,25044,0.298443,0.000000,0.535760,-0.003539,-0.007479,41,41,1.979109,1.979109,77,77,-1,0,,20101
1788458873.855982,8.253548,rx,-1,0.300000,0.000000,0.300000,0.300000,289,7250,24972,0.295653,-0.037436,0.543143,-0.003597,-0.008414,41,40,1.984815,1.936405,76,79,-1,0,,20101
1788458873.855995,8.253562,tx,-1,0.300000,0.000000,0.300000,0.300000,,,,,,,,,,,,,,,,,aa5501099a99993e0000000000c1ab,20245
1788458873.908732,8.306292,rx,-1,0.000000,0.000000,0.000000,0.000000,290,7276,24996,0.306309,0.000000,0.550799,-0.003662,-0.008414,42,42,2.031273,2.031273,74,74,-1,0,,20245
1788458874.002615,8.400175,rx,-1,0.000000,0.000000,0.000000,0.000000,291,7301,25004,0.295275,0.037388,0.558182,-0.003720,-0.007479,40,41,1.933927,1.982275,79,77,-1,0,,20245
1788458874.002666,8.400233,tx,-1,0.000000,0.000000,0.000000,0.000000,,,,,,,,,,,,,,,,,aa5501090000000000000000004829,20389
1788458874.008438,8.406003,key,119,0.300000,0.000000,0.300000,0.300000,,,,,,,,,,,,,,,,,aa5501099a99993e0000000000c1ab,20389
1788458874.010916,8.408476,rx,-1,0.300000,0.000000,0.300000,0.300000,292,7326,25036,0.298538,-0.074681,0.565656,-0.003783,-0.009349,42,40,2.028028,1.931455,-97,-82,-1,0,,20389
1788458874.045472,8.443034,rx,-1,0.300000,0.000000,0.300000,0.300000,293,7351,24948,0.153449,0.149889,0.569484,-0.003812,-0.005609,19,23,0.920677,1.114504,-41,-46,-1,0,,20389
1788458874.045552,8.443118,rx,-1,0.300000,0.000000,0.300000,0.300000,294,7375,25024,-0.058279,0.000000,0.568025,-0.003804,-0.005609,-8,-8,-0.386476,-0.386476,30,31,-1,0,,20389
1788458874.045599,8.443165,rx,-1,0.300000,0.000000,0.300000,0.300000,295,7401,25016,-0.032793,0.037370,0.567205,-0.003799,-0.004674,-5,-4,-0.241625,-0.193300,23,22,-1,0,,20389
1788458874.045609,8.443177,tx,-1,0.300000,0.000000,0.300000,0.300000,,,,,,,,,,,,,,,,,aa5501099a99993e0000000000c1ab,20677
1788458874.051332,8.448898,key,119,0.300000,0.000000,0.300000,0.300000,,,,,,,,,,,,,,,,,aa5501099a99993e0000000000c1ab,20677
1788458874.064997,8.462560,rx,-1,0.300000,0.000000,0.300000,0.300000,296,7426,25000,0.047397,0.037394,0.568390,-0.003804,-0.003739,6,7,0.290135,0.338491,165,156,-1,0,,20677
1788458874.065069,8.462635,rx,-1,0.300000,0.000000,0.300000,0.300000,297,7451,25008,0.142147,-0.037382,0.571945,-0.003819,-0.004674,20,19,0.966809,0.918468,133,132,-1,0,,20677
1788458874.065080,8.462648,tx,-1,0.300000,0.000000,0.300000,0.300000,,,,,,,,,,,,,,,,,aa5501099a99993e0000000000c1ab,20821
1788458874.104407,8.501974,key,119,0.300000,0.000000,0.300000,0.300000,,,,,,,,,,,,,,,,,aa5501099a99993e0000000000c1ab,20821
1788458874.117770,8.515330,rx,-1,0.300000,0.000000,0.300000,0.300000,298,7476,24968,0.299351,-0.149769,0.579419,-0.003868,-0.008414,43,39,2.081969,1.888297,72,83,-1,0,,20821
1788458874.166972,8.564526,rx,-1,0.300000,0.000000,0.300000,0.300000,299,7500,25012,0.357132,0.000000,0.588351,-0.003943,-0.008414,49,49,2.368302,2.368302,55,57,-1,0,,20821
1788458874.167041,8.564609,tx,-1,0.300000,0.000000,0.300000,0.300000,,,,,,,,,,,,,,,,,aa5501099a99993e0000000000c1ab,20965
1788458874.174807,8.572368,rx,-1,0.300000,0.000000,0.300000,0.300000,300,7526,24992,0.324593,0.037407,0.596463,-0.004008,-0.007479,44,45,2.128341,2.176712,68,66,-1,0,,20965
1788458874.174889,8.572455,rx,-1,0.300000,0.000000,0.300000,0.300000,301,7550,24980,0.284612,0.000000,0.603572,-0.004061,-0.007479,39,39,1.887390,1.887390,81,81,-1,0,,20965
1788458874.174905,8.572472,tx,-1,0.300000,0.000000,0.300000,0.300000,,,,,,,,,,,,,,,,,aa5501099a99993e0000000000c1ab,21141
1788458874.227121,8.624684,rx,-1,0.300000,0.000000,0.300000,0.300000,302,7576,25024,0.284111,0.000000,0.610682,-0.004114,-0.007479,39,39,1.884071,1.884071,82,82,-1,0,,21141
1788458874.263275,8.660835,rx,-1,0.300000,0.000000,0.300000,0.300000,303,7601,25012,0.313401,0.000000,0.618520,-0.004173,-0.007479,43,43,2.078306,2.078306,71,72,-1,0,,21141
1788458874.263310,8.660877,tx,-1,0.300000,0.000000,0.300000,0.300000,,,,,,,,,,,,,,,,,aa5501099a99993e0000000000c1ab,21285
1788458874.277022,8.674580,rx,-1,0.300000,0.000000,0.300000,0.300000,304,7626,24984,0.313752,0.000000,0.626359,-0.004232,-0.007479,43,43,2.080636,2.080636,70,71,-1,0,,21285
1788458874.277097,8.674662,rx,-1,0.300000,0.000000,0.300000,0.300000,305,7651,25016,0.298777,0.074741,0.633833,-0.004280,-0.005609,40,42,1.932999,2.029649,79,73,-1,0,,21285
1788458874.277112,8.674679,tx,-1,0.300000,0.000000,0.300000,0.300000,,,,,,,,,,,,,,,,,aa5501099a99993e0000000000c1ab,21429
1788458874.330657,8.728219,rx,-1,0.300000,0.000000,0.300000,0.300000,306,7675,25008,0.298872,0.074765,0.641307,-0.004315,-0.003739,40,42,1.933617,2.030298,79,73,-1,0,,21429
1788458874.365842,8.763403,rx,-1,0.300000,0.000000,0.300000,0.300000,307,7701,24976,0.295606,-0.037430,0.648690,-0.004346,-0.004674,41,40,1.984497,1.936095,76,78,-1,0,,21429
1788458874.365905,8.763472,tx,-1,0.300000,0.000000,0.300000,0.300000,,,,,,,,,,,,,,,,,aa5501099a99993e0000000000c1ab,21605
1788458874.384917,8.782478,rx,-1,0.300000,0.000000,0.300000,0.300000,308,7726,24984,0.302808,-0.037418,0.656255,-0.004385,-0.005609,42,41,2.032248,1.983862,73,76,-1,0,,21605
1788458874.384996,8.782561,rx,-1,0.300000,0.000000,0.300000,0.300000,309,7751,25020,0.298729,0.074729,0.663729,-0.004420,-0.003739,40,42,1.932690,2.029325,79,73,-1,0,,21605
1788458874.385043,8.782609,rx,-1,0.300000,0.000000,0.300000,0.300000,310,7776,25008,0.295227,0.037382,0.671112,-0.004444,-0.002805,40,41,1.933617,1.981958,79,76,-1,0,,21605
1788458874.385053,8.782620,tx,-1,0.300000,0.000000,0.300000,0.300000,,,,,,,,,,,,,,,,,aa5501099a99993e0000000000c1ab,21757
1788458874.437411,8.834974,rx,-1,0.300000,0.000000,0.300000,0.300000,311,7801,25004,0.302565,-0.037388,0.678678,-0.004469,-0.003739,42,41,2.030623,1.982275,74,76,-1,0,,21757
1788458874.473804,8.871364,rx,-1,0.300000,0.000000,0.300000,0.300000,312,7826,25004,0.295275,-0.037388,0.686061,-0.004500,-0.004674,41,40,1.982275,1.933927,76,79,-1,0,,21757
1788458874.473845,8.871412,tx,-1,0.300000,0.000000,0.300000,0.300000,,,,,,,,,,,,,,,,,aa5501099a99993e0000000000c1ab,21901
1788458874.487624,8.885183,rx,-1,0.300000,0.000000,0.300000,0.300000,313,7851,24976,0.295606,0.037430,0.693444,-0.004531,-0.003739,40,41,1.936095,1.984497,79,76,-1,0,,21901
1788458874.487702,8.885267,rx,-1,0.300000,0.000000,0.300000,0.300000,314,7876,24980,0.299207,0.000000,0.700918,-0.004559,-0.003739,41,41,1.984179,1.984179,76,76,-1,0,,21901
1788458874.487714,8.885281,tx,-1,0.300000,0.000000,0.300000,0.300000,,,,,,,,,,,,,,,,,aa5501099a99993e0000000000c1ab,22045
1788458874.540734,8.938295,rx,-1,0.300000,0.000000,0.300000,0.300000,315,7901,25024,0.298681,0.000000,0.708392,-0.004587,-0.003739,41,41,1.980691,1.980691,77,76,-1,0,,22045
1788458874.574660,8.972222,rx,-1,0.300000,0.000000,0.300000,0.300000,316,7926,25020,0.298729,-0.074729,0.715866,-0.004622,-0.005609,42,40,2.029325,1.932690,74,79,-1,0,,22045
1788458874.574702,8.972269,tx,-1,0.300000,0.000000,0.300000,0.300000,,,,,,,,,,,,,,,,,aa5501099a99993e0000000000c1ab,22189
1788458874.594212,8.991774,rx,-1,0.000000,0.000000,0.000000,0.000000,317,7951,24960,0.295795,0.037454,0.723249,-0.004660,-0.004674,40,41,1.937336,1.985769,79,76,-1,0,,22189
1788458874.594276,8.991841,rx,-1,0.000000,0.000000,0.000000,0.000000,318,7975,25024,0.302324,0.037358,0.730814,-0.004692,-0.003739,41,42,1.980691,2.029000,77,74,-1,0,,22189
1788458874.594287,8.991854,tx,-1,0.000000,0.000000,0.000000,0.000000,,,,,,,,,,,,,,,,,aa5501090000000000000000004829,22333
1788458874.647948,9.045511,rx,-1,0.000000,0.000000,0.000000,0.000000,319,8001,25016,0.295133,-0.037370,0.738197,-0.004723,-0.004674,41,40,1.981324,1.932999,-94,-83,-1,0,,22333
1788458874.681633,9.079196,rx,-1,0.000000,0.000000,0.000000,0.000000,320,8026,24972,0.131401,0.149745,0.741479,-0.004732,-0.000935,16,20,0.774562,0.968202,-32,-38,-1,0,,22333
1788458874.681670,9.079236,tx,-1,0.000000,0.000000,0.000000,0.000000,,,,,,,,,,,,,,,,,aa5501090000000000000000004829,22532
1788458874.701023,9.098585,rx,-1,0.000000,0.000000,0.000000,0.000000,321,8050,25004,-0.043744,0.000000,0.740385,-0.004731,-0.000935,-6,-6,-0.290089,-0.290089,25,25,-1,0,,22532
1788458874.701103,9.098668,rx,-1,0.000000,0.000000,0.000000,0.000000,322,8076,25016,-0.021862,0.000000,0.739838,-0.004731,-0.000935,-3,-3,-0.144975,-0.144975,18,19,-1,0,,22532
1788458874.701115,9.098681,tx,-1,0.000000,0.000000,0.000000,0.000000,,,,,,,,,,,,,,,,,aa5501090000000000000000004829,22676
1788458874.754259,9.151819,rx,-1,0.000000,0.000000,0.000000,0.000000,323,8100,25080,0.043612,0.000000,0.740932,-0.004732,-0.000935,6,6,0.289210,0.289210,-6,-3,-1,0,,22676
1788458874.791532,9.189093,rx,-1,0.000000,0.000000,0.000000,0.000000,324,8126,24912,0.018294,0.037526,0.741387,-0.004732,0.000000,2,3,0.097053,0.145580,3,2,-1,0,,22676
1788458874.791576,9.189143,tx,-1,0.000000,0.000000,0.000000,0.000000,,,,,,,,,,,,,,,,,aa5501090000000000000000004829,22820
1788458874.805204,9.202764,rx,-1,0.000000,0.000000,0.000000,0.000000,325,8151,24976,-0.003649,-0.037430,0.741296,-0.004732,-0.000935,0,-1,0.000000,-0.048402,9,12,-1,0,,22820
1788458874.805286,9.202851,rx,-1,0.000000,0.000000,0.000000,0.000000,326,8176,25004,0.003645,0.037388,0.741387,-0.004732,0.000000,0,1,0.000000,0.048348,9,7,-1,0,,22820
1788458874.805298,9.202865,tx,-1,0.000000,0.000000,0.000000,0.000000,,,,,,,,,,,,,,,,,aa5501090000000000000000004829,22964
1788458874.858425,9.255987,rx,-1,0.000000,0.000000,0.000000,0.000000,327,8201,25028,0.000000,0.000000,0.741387,-0.004732,0.000000,0,0,0.000000,0.000000,9,10,-1,0,,22964
1788458874.894243,9.291804,rx,-1,0.000000,0.000000,0.000000,0.000000,328,8225,24988,0.000000,0.000000,0.741387,-0.004732,0.000000,0,0,0.000000,0.000000,9,10,-1,0,,22964
1788458874.894289,9.291856,tx,-1,0.000000,0.000000,0.000000,0.000000,,,,,,,,,,,,,,,,,aa5501090000000000000000004829,23140
1788458874.913797,9.311359,rx,-1,0.000000,0.000000,0.000000,0.000000,329,8251,25000,0.000000,0.000000,0.741387,-0.004732,0.000000,0,0,0.000000,0.000000,9,10,-1,0,,23140
1788458874.913875,9.311440,rx,-1,0.000000,0.000000,0.000000,0.000000,330,8275,24976,0.000000,0.000000,0.741387,-0.004732,0.000000,0,0,0.000000,0.000000,9,10,-1,0,,23140
1788458874.913925,9.311491,rx,-1,0.000000,0.000000,0.000000,0.000000,331,8300,25024,0.000000,0.000000,0.741387,-0.004732,0.000000,0,0,0.000000,0.000000,9,10,-1,0,,23140
1788458874.913937,9.311504,tx,-1,0.000000,0.000000,0.000000,0.000000,,,,,,,,,,,,,,,,,aa5501090000000000000000004829,23324
1788458874.966785,9.364347,rx,-1,0.000000,0.000000,0.000000,0.000000,332,8326,25008,0.000000,0.000000,0.741387,-0.004732,0.000000,0,0,0.000000,0.000000,9,10,-1,0,,23324
1788458875.004875,9.402437,rx,-1,0.000000,0.000000,0.000000,0.000000,333,8350,24996,0.000000,0.000000,0.741387,-0.004732,0.000000,0,0,0.000000,0.000000,9,10,-1,0,,23324
1788458875.004913,9.402479,tx,-1,0.000000,0.000000,0.000000,0.000000,,,,,,,,,,,,,,,,,aa5501090000000000000000004829,23468
1788458875.018759,9.416320,rx,-1,0.000000,0.000000,0.000000,0.000000,334,8376,25004,0.000000,0.000000,0.741387,-0.004732,0.000000,0,0,0.000000,0.000000,9,10,-1,0,,23468
1788458875.018824,9.416390,rx,-1,0.000000,0.000000,0.000000,0.000000,335,8400,24976,0.000000,0.000000,0.741387,-0.004732,0.000000,0,0,0.000000,0.000000,9,10,-1,0,,23468
1788458875.018835,9.416401,tx,-1,0.000000,0.000000,0.000000,0.000000,,,,,,,,,,,,,,,,,aa5501090000000000000000004829,23612
1788458875.071985,9.469547,rx,-1,0.000000,0.000000,0.000000,0.000000,336,8426,25024,0.000000,0.000000,0.741387,-0.004732,0.000000,0,0,0.000000,0.000000,9,10,-1,0,,23612
1788458875.114301,9.511860,rx,-1,0.000000,0.000000,0.000000,0.000000,337,8451,24968,0.000000,0.000000,0.741387,-0.004732,0.000000,0,0,0.000000,0.000000,9,10,-1,0,,23612
1788458875.114341,9.511907,tx,-1,0.000000,0.000000,0.000000,0.000000,,,,,,,,,,,,,,,,,aa5501090000000000000000004829,23756
1788458875.122497,9.520057,rx,-1,0.000000,0.000000,0.000000,0.000000,338,8475,25020,0.000000,0.000000,0.741387,-0.004732,0.000000,0,0,0.000000,0.000000,9,10,-1,0,,23756
1788458875.122568,9.520133,rx,-1,0.000000,0.000000,0.000000,0.000000,339,8501,25020,0.000000,0.000000,0.741387,-0.004732,0.000000,0,0,0.000000,0.000000,9,10,-1,0,,23756
1788458875.122578,9.520144,tx,-1,0.000000,0.000000,0.000000,0.000000,,,,,,,,,,,,,,,,,aa5501090000000000000000004829,23900
1788458875.173457,9.571009,rx,-1,0.000000,0.000000,0.000000,0.000000,340,8525,24984,0.000000,0.000000,0.741387,-0.004732,0.000000,0,0,0.000000,0.000000,9,10,-1,0,,23900
1788458875.215056,9.612615,rx,-1,0.000000,0.000000,0.000000,0.000000,341,8551,25004,0.000000,0.000000,0.741387,-0.004732,0.000000,0,0,0.000000,0.000000,9,10,-1,0,,23900
1788458875.215112,9.612678,tx,-1,0.000000,0.000000,0.000000,0.000000,,,,,,,,,,,,,,,,,aa5501090000000000000000004829,24044
1788458875.228434,9.625992,rx,-1,0.000000,0.000000,0.000000,0.000000,342,8576,24980,0.000000,0.000000,0.741387,-0.004732,0.000000,0,0,0.000000,0.000000,9,10,-1,0,,24044
1788458875.228522,9.626087,rx,-1,0.000000,0.000000,0.000000,0.000000,343,8600,25024,0.000000,0.000000,0.741387,-0.004732,0.000000,0,0,0.000000,0.000000,9,10,-1,0,,24044
1788458875.228536,9.626102,tx,-1,0.000000,0.000000,0.000000,0.000000,,,,,,,,,,,,,,,,,aa5501090000000000000000004829,24188
1788458875.279735,9.677300,key,100,0.000000,-1.200000,0.117000,-0.117000,,,,,,,,,,,,,,,,,aa550109000000009a9999bf001f94,24188
1788458875.282155,9.679719,rx,-1,0.000000,-1.200000,0.117000,-0.117000,344,8626,25008,0.000000,0.000000,0.741387,-0.004732,0.000000,0,0,0.000000,0.000000,9,10,-1,0,,24188
1788458875.314972,9.712532,rx,-1,0.000000,-1.200000,0.117000,-0.117000,345,8650,24988,0.000000,0.000000,0.741387,-0.004732,0.000000,0,0,0.000000,0.000000,9,10,-1,0,,24188
1788458875.315009,9.712575,tx,-1,0.000000,-1.200000,0.117000,-0.117000,,,,,,,,,,,,,,,,,aa550109000000009a9999bf001f94,24332
1788458875.334526,9.732086,rx,-1,0.000000,-1.200000,0.117000,-0.117000,346,8676,25016,0.000000,0.000000,0.741387,-0.004732,0.000000,0,0,0.000000,0.000000,81,-58,-1,0,,24332
1788458875.334603,9.732167,rx,-1,0.000000,-1.200000,0.117000,-0.117000,347,8700,24960,0.007304,-0.599268,0.741570,-0.004733,-0.014958,9,-7,0.435901,-0.339034,59,-42,-1,0,,24332
1788458875.334616,9.732182,tx,-1,0.000000,-1.200000,0.117000,-0.117000,,,,,,,,,,,,,,,,,aa550109000000009a9999bf001f94,24476
1788458875.388143,9.785705,rx,-1,0.000000,-1.200000,0.117000,-0.117000,348,8726,25032,0.014565,-1.344476,0.741934,-0.004745,-0.048613,20,-16,0.965882,-0.772705,30,-21,-1,0,,24476
1788458875.422348,9.819908,rx,-1,0.000000,-1.200000,0.117000,-0.117000,349,8751,24984,0.036483,-1.197386,0.742844,-0.004803,-0.078528,21,-11,1.016124,-0.532256,26,-34,-1,0,,24476
1788458875.422391,9.819957,tx,-1,0.000000,-1.200000,0.117000,-0.117000,,,,,,,,,,,,,,,,,aa550109000000009a9999bf001f94,24652
1788458875.441857,9.839419,rx,-1,0.000000,-1.200000,0.117000,-0.117000,350,8776,25020,0.010929,-1.083569,0.743116,-0.004828,-0.105639,16,-13,0.773076,-0.628124,39,-30,-1,0,,24652
1788458875.441931,9.839495,rx,-1,0.000000,-1.200000,0.117000,-0.117000,351,8801,25000,0.003646,-1.009647,0.743207,-0.004839,-0.130880,14,-13,0.676983,-0.628627,45,-30,-1,0,,24652
1788458875.441947,9.839513,tx,-1,0.000000,-1.200000,0.117000,-0.117000,,,,,,,,,,,,,,,,,aa550109000000009a9999bf001f94,24828
1788458875.495308,9.892870,rx,-1,0.000000,-1.200000,0.117000,-0.117000,352,8825,25004,0.025518,-1.159040,0.743838,-0.004931,-0.159861,19,-12,0.918615,-0.580178,31,-33,-1,0,,24828
1788458875.529210,9.926771,rx,-1,0.000000,-1.200000,0.117000,-0.117000,353,8851,24976,0.010948,-1.085478,0.744107,-0.004978,-0.186972,16,-13,0.774438,-0.629231,39,-32,-1,0,,24828
1788458875.529283,9.926848,rx,-1,0.000000,-1.200000,0.117000,-0.117000,354,8876,25020,0.014572,-1.046205,0.744465,-0.005051,-0.213148,16,-12,0.773076,-0.579807,39,-35,-1,0,,24828
1788458875.529295,9.926862,tx,-1,0.000000,-1.200000,0.117000,-0.117000,,,,,,,,,,,,,,,,,aa550109000000009a9999bf001f94,24980
1788458875.548701,9.946262,rx,-1,0.000000,-1.200000,0.117000,-0.117000,355,8901,24960,0.018259,-1.235991,0.744909,-0.005154,-0.243998,19,-14,0.920235,-0.678068,31,-30,-1,0,,24980
1788458875.548785,9.946350,rx,-1,0.000000,-1.200000,0.117000,-0.117000,356,8926,25004,0.003645,-1.084263,0.744997,-0.005177,-0.271109,15,-14,0.725223,-0.676874,41,-31,-1,0,,24980
1788458875.548798,9.946364,tx,-1,0.000000,-1.200000,0.117000,-0.117000,,,,,,,,,,,,,,,,,aa550109000000009a9999bf001f94,25124
1788458875.602424,9.999986,rx,-1,0.000000,-1.200000,0.117000,-0.117000,357,8951,25008,0.007290,-1.046707,0.745172,-0.005228,-0.297285,15,-13,0.725106,-0.628426,42,-34,-1,0,,25124
1788458875.638928,10.036489,rx,-1,0.000000,-1.200000,0.117000,-0.117000,358,8976,25024,0.007285,-1.120755,0.745345,-0.005284,-0.325331,16,-14,0.772952,-0.676333,39,-32,-1,0,,25124
1788458875.638967,10.036533,tx,-1,0.000000,-1.200000,0.117000,-0.117000,,,,,,,,,,,,,,,,,aa550109000000009a9999bf001f94,25268
1788458875.652510,10.050071,rx,-1,0.000000,-1.200000,0.117000,-0.117000,359,9000,25000,0.010938,-1.159225,0.745603,-0.005375,-0.354311,17,-14,0.822050,-0.676983,36,-32,-1,0,,25268
1788458875.652610,10.050175,rx,-1,0.000000,-1.200000,0.117000,-0.117000,360,9026,24980,0.014595,-1.122729,0.745943,-0.005507,-0.382357,17,-13,0.822709,-0.629130,36,-36,-1,0,,25268
1788458875.652621,10.050187,tx,-1,0.000000,-1.200000,0.117000,-0.117000,,,,,,,,,,,,,,,,,aa550109000000009a9999bf001f94,25467
1788458875.705145,10.102707,rx,-1,0.000000,-1.200000,0.117000,-0.117000,361,9051,24992,0.029177,-1.122190,0.746616,-0.005788,-0.410403,19,-11,0.919056,-0.532085,30,-42,-1,0,,25467
1788458875.743824,10.141385,rx,-1,0.000000,-1.200000,0.117000,-0.117000,362,9076,25048,-0.007278,-1.194326,0.746450,-0.005713,-0.440318,15,-17,0.723949,-0.820475,41,-27,-1,0,,25467
1788458875.743873,10.141439,tx,-1,0.000000,-1.200000,0.117000,-0.117000,,,,,,,,,,,,,,,,,aa550109000000009a9999bf001f94,25611
1788458875.757494,10.155052,rx,-1,0.000000,0.000000,0.000000,0.000000,363,9101,24976,0.007299,-1.272630,0.746613,-0.005793,-0.472104,18,-16,0.871243,-0.774438,33,-29,-1,0,,25611
1788458875.757575,10.155139,rx,-1,0.000000,0.000000,0.000000,0.000000,364,9125,24976,0.029196,-1.122909,0.747258,-0.006134,-0.500149,19,-11,0.919645,-0.532426,29,-42,-1,0,,25611
1788458875.757586,10.155152,tx,-1,0.000000,0.000000,0.000000,0.000000,,,,,,,,,,,,,,,,,aa5501090000000000000000004829,25755
1788458875.790898,10.188463,key,100,0.000000,-1.200000,0.117000,-0.117000,,,,,,,,,,,,,,,,,aa550109000000009a9999bf001f94,25755
1788458875.809957,10.207513,rx,-1,0.000000,-1.200000,0.117000,-0.117000,365,9151,25024,0.018212,-1.083396,0.747655,-0.006358,-0.527260,17,-12,0.821262,-0.579714,-37,26,-1,0,,25755
1788458875.844086,10.241646,rx,-1,0.000000,-1.200000,0.117000,-0.117000,366,9176,24972,-0.007300,-0.598981,0.747498,-0.006265,-0.542218,7,-9,0.338871,-0.435691,-13,21,-1,0,,25755
1788458875.844138,10.241704,tx,-1,0.000000,-1.200000,0.117000,-0.117000,,,,,,,,,,,,,,,,,aa550109000000009a9999bf001f94,25899
1788458875.861257,10.258822,key,100,0.000000,-1.200000,0.117000,-0.117000,,,,,,,,,,,,,,,,,aa550109000000009a9999bf001f94,25899
1788458875.863743,10.261306,rx,-1,0.000000,-1.200000,0.117000,-0.117000,367,9201,25040,-0.010920,0.336012,0.747263,-0.006125,-0.533804,-6,3,-0.289672,0.144836,94,-76,-1,0,,25899
1788458875.863809,10.261373,rx,-1,0.000000,-1.200000,0.117000,-0.117000,368,9226,24976,0.018247,-0.411733,0.747654,-0.006359,-0.544088,8,-3,0.387219,-0.145207,59,-64,-1,0,,25899
1788458875.863819,10.261385,tx,-1,0.000000,-1.200000,0.117000,-0.117000,,,,,,,,,,,,,,,,,aa550109000000009a9999bf001f94,26043
1788458875.917460,10.315021,rx,-1,0.000000,-1.200000,0.117000,-0.117000,369,9250,25004,0.018227,-1.458147,0.748040,-0.006602,-0.580547,22,-17,1.063660,-0.821919,22,-30,-1,0,,26043
1788458875.954226,10.351785,rx,-1,0.000000,-1.200000,0.117000,-0.117000,370,9276,25008,0.007290,-1.495296,0.748191,-0.006705,-0.617942,21,-19,1.015149,-0.918468,23,-24,-1,0,,26043
1788458875.954274,10.351840,tx,-1,0.000000,-1.200000,0.117000,-0.117000,,,,,,,,,,,,,,,,,aa550109000000009a9999bf001f94,26187
1788458875.960033,10.357596,key,100,0.000000,-1.200000,0.117000,-0.117000,,,,,,,,,,,,,,,,,aa550109000000009a9999bf001f94,26187
1788458875.968297,10.365855,rx,-1,0.000000,-1.200000,0.117000,-0.117000,371,9300,25004,0.010936,-1.233816,0.748411,-0.006866,-0.648792,18,-15,0.870267,-0.725223,31,-34,-1,0,,26187
1788458875.968407,10.365969,rx,-1,0.000000,-1.200000,0.117000,-0.117000,372,9326,24996,-0.003647,-1.159410,0.748339,-0.006810,-0.677773,15,-16,0.725455,-0.773818,39,-32,-1,0,,26187
1788458875.968426,10.365991,tx,-1,0.000000,-1.200000,0.117000,-0.117000,,,,,,,,,,,,,,,,,aa550109000000009a9999bf001f94,26331
1788458876.018461,10.416025,key,100,0.000000,-1.200000,0.117000,-0.117000,,,,,,,,,,,,,,,,,aa550109000000009a9999bf001f94,26331
1788458876.020883,10.418445,rx,-1,0.000000,-1.200000,0.117000,-0.117000,373,9351,24980,-0.010947,-1.010456,0.748128,-0.006636,-0.703014,12,-15,0.580735,-0.725919,47,-35,-1,0,,26331
1788458876.055228,10.452788,rx,-1,0.000000,-1.200000,0.117000,-0.117000,374,9376,25000,0.003646,-1.159225,0.748197,-0.006696,-0.731995,16,-15,0.773694,-0.725339,37,-35,-1,0,,26331
1788458876.055283,10.452848,tx,-1,0.000000,-1.200000,0.117000,-0.117000,,,,,,,,,,,,,,,,,aa550109000000009a9999bf001f94,26507
1788458876.074882,10.472444,rx,-1,0.000000,-1.200000,0.117000,-0.117000,375,9401,24988,0.018238,-1.309431,0.748531,-0.007006,-0.764715,20,-15,0.967583,-0.725687,26,-35,-1,0,,26507
1788458876.074954,10.472518,rx,-1,0.000000,-1.200000,0.117000,-0.117000,376,9425,25024,0.010927,-1.008679,0.748726,-0.007198,-0.789956,15,-12,0.724643,-0.579714,39,-43,-1,0,,26507
1788458876.074972,10.472537,tx,-1,0.000000,-1.200000,0.117000,-0.117000,,,,,,,,,,,,,,,,,aa550109000000009a9999bf001f94,26683
1788458876.103153,10.500717,key,100,0.000000,-1.200000,0.117000,-0.117000,,,,,,,,,,,,,,,,,aa550109000000009a9999bf001f94,26683
1788458876.128415,10.525977,rx,-1,0.000000,-1.200000,0.117000,-0.117000,377,9451,24996,0.003647,-1.234211,0.748789,-0.007264,-0.820806,17,-16,0.822182,-0.773818,34,-33,-1,0,,26683
1788458876.162420,10.559980,rx,-1,0.000000,-1.200000,0.117000,-0.117000,378,9476,24980,0.003649,-1.010456,0.748850,-0.007331,-0.846047,14,-13,0.677525,-0.629130,42,-41,-1,0,,26683
1788458876.162504,10.560067,rx,-1,0.000000,-1.200000,0.117000,-0.117000,379,9501,25024,0.003642,-1.083396,0.748910,-0.007400,-0.873158,15,-14,0.724643,-0.676333,40,-39,-1,0,,26683
1788458876.162517,10.560083,tx,-1,0.000000,-1.200000,0.117000,-0.117000,,,,,,,,,,,,,,,,,aa550109000000009a9999bf001f94,26835
1788458876.181378,10.578938,rx,-1,0.000000,-1.200000,0.117000,-0.117000,380,9526,25020,-0.007286,-1.270392,0.748795,-0.007259,-0.904943,16,-18,0.773076,-0.869711,37,-29,-1,0,,26835
1788458876.181463,10.579027,rx,-1,0.000000,-1.200000,0.117000,-0.117000,381,9550,24996,0.000000,-1.196811,0.748795,-0.007259,-0.934859,16,-16,0.773818,-0.773818,37,-34,-1,0,,26835
1788458876.181476,10.579041,tx,-1,0.000000,-1.200000,0.117000,-0.117000,,,,,,,,,,,,,,,,,aa550109000000009a9999bf001f94,26979
1788458876.187219,10.584783,key,100,0.000000,-1.200000,0.117000,-0.117000,,,,,,,,,,,,,,,,,aa550109000000009a9999bf001f94,26979
1788458876.235208,10.632770,rx,-1,0.000000,-1.200000,0.117000,-0.117000,382,9576,24988,0.014591,-1.047545,0.749008,-0.007555,-0.961035,16,-12,0.774066,-0.580549,37,-45,-1,0,,26979
1788458876.271434,10.668993,rx,-1,0.000000,-1.200000,0.117000,-0.117000,383,9601,24972,0.007300,-1.347706,0.749110,-0.007706,-0.994690,19,-17,0.919792,-0.822972,28,-32,-1,0,,26979
1788458876.271474,10.669040,tx,-1,0.000000,-1.200000,0.117000,-0.117000,,,,,,,,,,,,,,,,,aa550109000000009a9999bf001f94,27123
1788458876.276788,10.674352,key,100,0.000000,-1.200000,0.117000,-0.117000,,,,,,,,,,,,,,,,,aa550109000000009a9999bf001f94,27123
1788458876.290645,10.688204,rx,-1,0.000000,-1.200000,0.117000,-0.117000,384,9626,25040,-0.003640,-1.306712,0.749061,-0.007629,-1.027410,17,-18,0.820737,-0.869016,34,-30,-1,0,,27123
1788458876.290727,10.688291,rx,-1,0.000000,-1.200000,0.117000,-0.117000,385,9651,24984,-0.010945,-1.010294,0.748923,-0.007393,-1.052651,12,-15,0.580642,-0.725803,47,-37,-1,0,,27123
1788458876.290740,10.688305,tx,-1,0.000000,-1.200000,0.117000,-0.117000,,,,,,,,,,,,,,,,,aa550109000000009a9999bf001f94,27267
1788458876.344356,10.741916,rx,-1,0.000000,-1.200000,0.117000,-0.117000,386,9676,24988,0.010943,-0.935308,0.749055,-0.007632,-1.076023,14,-11,0.677308,-0.532170,43,-48,-1,0,,27267
1788458876.382671,10.780229,rx,-1,0.000000,-1.200000,0.117000,-0.117000,387,9701,25012,0.014577,-1.121292,0.749224,-0.007955,-1.104068,17,-13,0.821656,-0.628325,35,-44,-1,0,,27267
1788458876.382717,10.780282,tx,-1,0.000000,-1.200000,0.117000,-0.117000,,,,,,,,,,,,,,,,,aa550109000000009a9999bf001f94,27411
1788458876.388442,10.786007,key,100,0.000000,-1.200000,0.117000,-0.117000,,,,,,,,,,,,,,,,,aa550109000000009a9999bf001f94,27411
1788458876.396653,10.794212,rx,-1,0.000000,-1.200000,0.117000,-0.117000,388,9725,24984,0.018241,-1.309641,0.749422,-0.008366,-1.136788,20,-15,0.967737,-0.725803,26,-39,-1,0,,27411
1788458876.396736,10.794300,rx,-1,0.000000,-1.200000,0.117000,-0.117000,389,9751,25028,0.003642,-1.232633,0.749459,-0.008449,-1.167639,17,-16,0.821131,-0.772829,34,-37,-1,0,,27411
1788458876.396748,10.794313,tx,-1,0.000000,-1.200000,0.117000,-0.117000,,,,,,,,,,,,,,,,,aa550109000000009a9999bf001f94,27555
1788458876.442440,10.840002,key,100,0.000000,-1.200000,0.117000,-0.117000,,,,,,,,,,,,,,,,,aa550109000000009a9999bf001f94,27555
1788458876.450329,10.847884,rx,-1,0.000000,-1.200000,0.117000,-0.117000,390,9776,24972,-0.010950,-1.010780,0.749355,-0.008196,-1.192880,12,-15,0.580921,-0.726152,47,-39,-1,0,,27555
1788458876.489806,10.887366,rx,-1,0.000000,-1.200000,0.117000,-0.117000,391,9801,25036,0.010922,-1.157558,0.749453,-0.008452,-1.221861,17,-14,0.820868,-0.676009,34,-42,-1,0,,27555
1788458876.489854,10.887419,tx,-1,0.000000,-1.200000,0.117000,-0.117000,,,,,,,,,,,,,,,,,aa550109000000009a9999bf001f94,27731
1788458876.503738,10.901297,rx,-1,0.000000,-1.200000,0.117000,-0.117000,392,9826,24984,-0.010945,-1.234804,0.749363,-0.008193,-1.252711,15,-18,0.725803,-0.870964,40,-32,-1,0,,27731
1788458876.503827,10.901391,rx,-1,0.000000,-1.200000,0.117000,-0.117000,393,9850,24992,0.003647,-1.084783,0.749390,-0.008280,-1.279822,15,-14,0.725571,-0.677199,40,-42,-1,0,,27731
1788458876.503846,10.901410,tx,-1,0.000000,-1.200000,0.117000,-0.117000,,,,,,,,,,,,,,,,,aa550109000000009a9999bf001f94,27907
1788458876.526660,10.924224,key,100,0.000000,-1.200000,0.117000,-0.117000,,,,,,,,,,,,,,,,,aa550109000000009a9999bf001f94,27907
1788458876.557641,10.955203,rx,-1,0.000000,-1.200000,0.117000,-0.117000,394,9876,25004,0.007291,-1.345981,0.749440,-0.008456,-1.313477,19,-17,0.918615,-0.821919,29,-35,-1,0,,27907
1788458876.595066,10.992626,rx,-1,0.000000,-1.200000,0.117000,-0.117000,395,9901,25000,-0.010938,-1.159225,0.749374,-0.008190,-1.342457,14,-17,0.676983,-0.822050,42,-34,-1,0,,27907
1788458876.595143,10.992707,rx,-1,0.000000,-1.200000,0.117000,-0.117000,396,9926,25036,0.000000,-0.970855,0.749374,-0.008190,-1.366764,13,-13,0.627723,-0.627723,45,-45,-1,0,,27907
1788458876.595154,10.992720,tx,-1,0.000000,-1.200000,0.117000,-0.117000,,,,,,,,,,,,,,,,,aa550109000000009a9999bf001f94,28059
1788458876.606602,11.004165,key,100,0.000000,-1.200000,0.117000,-0.117000,,,,,,,,,,,,,,,,,aa550109000000009a9999bf001f94,28059
1788458876.609077,11.006639,rx,-1,0.000000,-1.200000,0.117000,-0.117000,397,9951,24968,-0.003651,-1.235595,0.749357,-0.008101,-1.397614,16,-17,0.774686,-0.823104,38,-35,-1,0,,28059
1788458876.609160,11.006722,rx,-1,0.000000,-1.200000,0.117000,-0.117000,398,9975,24972,-0.003650,-1.235397,0.749343,-0.008011,-1.428464,16,-17,0.774562,-0.822972,38,-35,-1,0,,28059
1788458876.609173,11.006738,tx,-1,0.000000,-1.200000,0.117000,-0.117000,,,,,,,,,,,,,,,,,aa550109000000009a9999bf001f94,28203
1788458876.662216,11.059776,rx,-1,0.000000,-1.200000,0.117000,-0.117000,399,10001,25036,0.010922,-1.082877,0.749378,-0.008282,-1.455575,16,-13,0.772582,-0.627723,38,-45,-1,0,,28203
1788458876.701764,11.099320,rx,-1,0.000000,-1.200000,0.117000,-0.117000,400,10025,24968,0.007301,-1.048384,0.749396,-0.008463,-1.481751,15,-13,0.726268,-0.629432,40,-46,-1,0,,28203
1788458876.701798,11.099363,tx,-1,0.000000,-1.200000,0.117000,-0.117000,,,,,,,,,,,,,,,,,aa550109000000009a9999bf001f94,28402
1788458876.707563,11.105126,key,100,0.000000,-1.200000,0.117000,-0.117000,,,,,,,,,,,,,,,,,aa550109000000009a9999bf001f94,28402
1788458876.715122,11.112682,rx,-1,0.000000,-1.200000,0.117000,-0.117000,401,10051,25012,0.000000,-1.420304,0.749396,-0.008463,-1.517276,19,-19,0.918321,-0.918321,29,-30,-1,0,,28402
1788458876.715202,11.112765,rx,-1,0.000000,-1.200000,0.117000,-0.117000,402,10076,25024,0.010927,-1.232830,0.749407,-0.008736,-1.548126,18,-15,0.869571,-0.724643,32,-40,-1,0,,28402
1788458876.715215,11.112779,tx,-1,0.000000,-1.200000,0.117000,-0.117000,,,,,,,,,,,,,,,,,aa550109000000009a9999bf001f94,28546
1788458876.768140,11.165699,rx,-1,0.000000,-1.200000,0.117000,-0.117000,403,10101,24972,-0.003650,-1.160525,0.749406,-0.008645,-1.577107,15,-16,0.726152,-0.774562,40,-38,-1,0,,28546
1788458876.803680,11.201239,rx,-1,0.000000,-1.200000,0.117000,-0.117000,404,10126,24996,0.010940,-1.084610,0.749400,-0.008919,-1.604218,16,-13,0.773818,-0.628727,37,-46,-1,0,,28546
1788458876.803720,11.201285,tx,-1,0.000000,-1.200000,0.117000,-0.117000,,,,,,,,,,,,,,,,,aa550109000000009a9999bf001f94,28690
1788458876.808891,11.206455,key,100,0.000000,-1.200000,0.117000,-0.117000,,,,,,,,,,,,,,,,,aa550109000000009a9999bf001f94,28690
1788458876.822282,11.219840,rx,-1,0.000000,-1.200000,0.117000,-0.117000,405,10150,25016,-0.003644,-1.083743,0.749405,-0.008828,-1.631329,14,-15,0.676550,-0.724875,43,-41,-1,0,,28690
1788458876.822365,11.219928,rx,-1,0.000000,-1.200000,0.117000,-0.117000,406,10176,24984,-0.003648,-1.384477,0.749412,-0.008737,-1.665918,18,-19,0.870964,-0.919351,32,-31,-1,0,,28690
1788458876.822377,11.219942,tx,-1,0.000000,-1.200000,0.117000,-0.117000,,,,,,,,,,,,,,,,,aa550109000000009a9999bf001f94,28834
1788458876.855950,11.253514,key,100,0.000000,-1.200000,0.117000,-0.117000,,,,,,,,,,,,,,,,,aa550109000000009a9999bf001f94,28834
1788458876.874063,11.271623,rx,-1,0.000000,-1.200000,0.117000,-0.117000,407,10201,25004,0.003645,-1.084263,0.749402,-0.008827,-1.693029,15,-14,0.725223,-0.676874,40,-44,-1,0,,28834
1788458876.912079,11.309639,rx,-1,0.000000,-1.200000,0.117000,-0.117000,408,10226,25008,0.007290,-1.046707,0.749377,-0.009008,-1.719205,15,-13,0.725106,-0.628426,40,-47,-1,0,,28834
1788458876.912121,11.309686,tx,-1,0.000000,-1.200000,0.117000,-0.117000,,,,,,,,,,,,,,,,,aa550109000000009a9999bf001f94,28978
1788458876.925330,11.322889,rx,-1,0.000000,-1.200000,0.117000,-0.117000,409,10251,24996,0.014586,-1.271611,0.749318,-0.009368,-1.750991,19,-15,0.918909,-0.725455,29,-42,-1,0,,28978
1788458876.925416,11.322979,rx,-1,0.000000,-1.200000,0.117000,-0.117000,410,10275,25028,0.007284,-1.269986,0.749282,-0.009546,-1.782776,18,-16,0.869433,-0.772829,31,-40,-1,0,,28978
1788458876.925427,11.322992,tx,-1,0.000000,-1.200000,0.117000,-0.117000,,,,,,,,,,,,,,,,,aa550109000000009a9999bf001f94,29122
1788458876.942521,11.340084,key,100,0.000000,-1.200000,0.117000,-0.117000,,,,,,,,,,,,,,,,,aa550109000000009a9999bf001f94,29122
1788458876.978483,11.376045,rx,-1,0.000000,-1.200000,0.117000,-0.117000,411,10301,24988,0.003648,-1.159782,0.749262,-0.009635,-1.811756,16,-15,0.774066,-0.725687,37,-42,-1,0,,29122
1788458877.014698,11.412256,rx,-1,0.000000,-1.200000,0.117000,-0.117000,412,10326,25016,-0.010931,-1.307965,0.749331,-0.009371,-1.844477,16,-19,0.773200,-0.918175,37,-32,-1,0,,29122
1788458877.014743,11.412308,tx,-1,0.000000,-1.200000,0.117000,-0.117000,,,,,,,,,,,,,,,,,aa550109000000009a9999bf001f94,29266
1788458877.026164,11.423728,key,100,0.000000,-1.200000,0.117000,-0.117000,,,,,,,,,,,,,,,,,aa550109000000009a9999bf001f94,29266
1788458877.034360,11.431922,rx,-1,0.000000,-1.200000,0.117000,-0.117000,413,10351,24960,-0.014607,-1.123628,0.749435,-0.009021,-1.872522,13,-17,0.629634,-0.823368,45,-36,-1,0,,29266
1788458877.034421,11.431984,rx,-1,0.000000,-1.200000,0.117000,-0.117000,414,10376,25004,0.003645,-1.159040,0.749407,-0.009108,-1.901503,16,-15,0.773571,-0.725223,37,-42,-1,0,,29266
1788458877.034438,11.432002,tx,-1,0.000000,-1.200000,0.117000,-0.117000,,,,,,,,,,,,,,,,,aa550109000000009a9999bf001f94,29474
1788458877.087496,11.485055,rx,-1,0.000000,-1.200000,0.117000,-0.117000,415,10401,25032,0.014565,-1.344476,0.749282,-0.009451,-1.935158,20,-16,0.965882,-0.772705,26,-39,-1,0,,29474
1788458877.130920,11.528478,rx,-1,0.000000,-1.200000,0.117000,-0.117000,416,10426,24996,0.007293,-1.271611,0.749215,-0.009620,-1.966943,18,-16,0.870546,-0.773818,31,-39,-1,0,,29474
1788458877.130970,11.528535,tx,-1,0.000000,-1.200000,0.117000,-0.117000,,,,,,,,,,,,,,,,,aa550109000000009a9999bf001f94,29618
1788458877.136716,11.534279,key,100,0.000000,-1.200000,0.117000,-0.117000,,,,,,,,,,,,,,,,,aa550109000000009a9999bf001f94,29618
1788458877.139195,11.536756,rx,-1,0.000000,-1.200000,0.117000,-0.117000,417,10450,24988,0.007295,-1.047545,0.749142,-0.009787,-1.993119,15,-13,0.725687,-0.628929,39,-47,-1,0,,29618
1788458877.139256,11.536819,rx,-1,0.000000,-1.200000,0.117000,-0.117000,418,10476,24984,-0.018241,-1.159967,0.749335,-0.009374,-2.022100,13,-18,0.629029,-0.870964,45,-34,-1,0,,29618
1788458877.139302,11.536865,rx,-1,0.000000,-1.200000,0.117000,-0.117000,419,10501,25016,0.000000,-1.345336,0.749335,-0.009374,-2.055755,18,-18,0.869850,-0.869850,31,-34,-1,0,,29618
1788458877.139313,11.536878,tx,-1,0.000000,-1.200000,0.117000,-0.117000,,,,,,,,,,,,,,,,,aa550109000000009a9999bf001f94,29770
1788458877.191934,11.589495,rx,-1,0.000000,-1.200000,0.117000,-0.117000,420,10526,24996,0.007293,-1.047210,0.749248,-0.009534,-2.081931,15,-13,0.725455,-0.628727,39,-47,-1,0,,29770
1788458877.224761,11.622321,rx,-1,0.000000,-1.200000,0.117000,-0.117000,421,10551,25008,-0.010934,-1.158854,0.749385,-0.009298,-2.110912,14,-17,0.676766,-0.821787,42,-37,-1,0,,29770
1788458877.224800,11.622365,tx,-1,0.000000,-1.200000,0.117000,-0.117000,,,,,,,,,,,,,,,,,aa550109000000009a9999bf001f94,29914
1788458877.230563,11.628128,key,100,0.000000,-1.200000,0.117000,-0.117000,,,,,,,,,,,,,,,,,aa550109000000009a9999bf001f94,29914
1788458877.244213,11.641769,rx,-1,0.000000,-1.200000,0.117000,-0.117000,422,10575,24980,-0.010947,-1.235002,0.749529,-0.009066,-2.141762,15,-18,0.725919,-0.871103,40,-34,-1,0,,29914
1788458877.244306,11.641869,rx,-1,0.000000,-1.200000,0.117000,-0.117000,423,10601,25012,0.000000,-1.270798,0.749529,-0.009066,-2.173547,17,-17,0.821656,-0.821656,34,-36,-1,0,,29914
1788458877.244319,11.641883,tx,-1,0.000000,-1.200000,0.117000,-0.117000,,,,,,,,,,,,,,,,,aa550109000000009a9999bf001f94,30058
1788458877.278274,11.675837,key,100,0.000000,-1.200000,0.117000,-0.117000,,,,,,,,,,,,,,,,,aa550109000000009a9999bf001f94,30058
1788458877.296876,11.694438,rx,-1,0.000000,-1.200000,0.117000,-0.117000,424,10626,25004,0.000000,-1.196428,0.749529,-0.009066,-2.203463,16,-16,0.773571,-0.773571,37,-39,-1,0,,30058
1788458877.332572,11.730132,rx,-1,0.000000,-1.200000,0.117000,-0.117000,425,10651,24972,0.010950,-1.235397,0.749364,-0.009284,-2.234313,18,-15,0.871382,-0.726152,31,-41,-1,0,,30058
1788458877.332607,11.730172,tx,-1,0.000000,-1.200000,0.117000,-0.117000,,,,,,,,,,,,,,,,,aa550109000000009a9999bf001f94,30202
1788458877.351960,11.749520,rx,-1,0.000000,-1.200000,0.117000,-0.117000,426,10676,25040,0.000000,-1.045369,0.749364,-0.009284,-2.260489,14,-14,0.675901,-0.675901,42,-44,-1,0,,30202
1788458877.352048,11.749611,rx,-1,0.000000,-1.200000,0.117000,-0.117000,427,10701,24972,-0.003650,-1.310270,0.749423,-0.009214,-2.293209,17,-18,0.822972,-0.871382,34,-34,-1,0,,30202
1788458877.352061,11.749625,tx,-1,0.000000,-1.200000,0.117000,-0.117000,,,,,,,,,,,,,,,,,aa550109000000009a9999bf001f94,30346
1788458877.363499,11.761062,key,100,0.000000,-1.200000,0.117000,-0.117000,,,,,,,,,,,,,,,,,aa550109000000009a9999bf001f94,30346
1788458877.405151,11.802709,rx,-1,0.000000,-1.200000,0.117000,-0.117000,428,10726,25024,-0.010927,-1.232830,0.749607,-0.009012,-2.324060,15,-18,0.724643,-0.869571,40,-34,-1,0,,30346
1788458877.442494,11.840053,rx,-1,0.000000,-1.200000,0.117000,-0.117000,429,10750,24992,0.010941,-1.009971,0.749418,-0.009209,-2.349301,15,-12,0.725571,-0.580457,40,-49,-1,0,,30346
1788458877.442543,11.840107,tx,-1,0.000000,-1.200000,0.117000,-0.117000,,,,,,,,,,,,,,,,,aa550109000000009a9999bf001f94,30490
1788458877.448135,11.845699,key,100,0.000000,-1.200000,0.117000,-0.117000,,,,,,,,,,,,,,,,,aa550109000000009a9999bf001f94,30490
1788458877.456334,11.853894,rx,-1,0.000000,-1.200000,0.117000,-0.117000,430,10776,24980,-0.003649,-1.235002,0.749483,-0.009145,-2.380151,16,-17,0.774314,-0.822709,37,-37,-1,0,,30490
1788458877.456409,11.853971,rx,-1,0.000000,-1.200000,0.117000,-0.117000,431,10801,25020,0.003643,-1.158298,0.749416,-0.009207,-2.409132,16,-15,0.773076,-0.724759,37,-42,-1,0,,30490
1788458877.456420,11.853984,tx,-1,0.000000,-1.200000,0.117000,-0.117000,,,,,,,,,,,,,,,,,aa550109000000009a9999bf001f94,30634
1788458877.510043,11.907604,rx,-1,0.000000,-1.200000,0.117000,-0.117000,432,10826,24972,0.003650,-1.160525,0.749347,-0.009267,-2.438113,16,-15,0.774562,-0.726152,37,-42,-1,0,,30634
1788458877.543930,11.941489,rx,-1,0.000000,-1.200000,0.117000,-0.117000,433,10851,25032,0.014565,-1.269783,0.749066,-0.009498,-2.469898,19,-15,0.917588,-0.724411,29,-42,-1,0,,30634
1788458877.543973,11.941537,tx,-1,0.000000,-1.200000,0.117000,-0.117000,,,,,,,,,,,,,,,,,aa550109000000009a9999bf001f94,30778
1788458877.549688,11.947252,key,100,0.000000,-1.200000,0.117000,-0.117000,,,,,,,,,,,,,,,,,aa550109000000009a9999bf001f94,30778
1788458877.563472,11.961030,rx,-1,0.000000,-1.200000,0.117000,-0.117000,434,10875,25000,-0.003646,-1.159225,0.749138,-0.009443,-2.498879,15,-16,0.725339,-0.773694,40,-40,-1,0,,30778
1788458877.563559,11.961121,rx,-1,0.000000,-1.200000,0.117000,-0.117000,435,10901,25008,0.007290,-1.196236,0.748990,-0.009550,-2.528794,17,-15,0.821787,-0.725106,34,-43,-1,0,,30778
1788458877.563575,11.961139,tx,-1,0.000000,-1.200000,0.117000,-0.117000,,,,,,,,,,,,,,,,,aa550109000000009a9999bf001f94,30954
1788458877.608412,12.005975,key,100,0.000000,-1.200000,0.117000,-0.117000,,,,,,,,,,,,,,,,,aa550109000000009a9999bf001f94,30954
1788458877.616403,12.013964,rx,-1,0.000000,-1.200000,0.117000,-0.117000,436,10926,24980,-0.003649,-1.160153,0.749066,-0.009498,-2.557775,15,-16,0.725919,-0.774314,40,-40,-1,0,,30954
1788458877.656915,12.054473,rx,-1,0.000000,-1.200000,0.117000,-0.117000,437,10951,25020,-0.003643,-1.382485,0.749142,-0.009449,-2.592365,18,-19,0.869711,-0.918028,31,-32,-1,0,,30954
1788458877.656973,12.054538,tx,-1,0.000000,-1.200000,0.117000,-0.117000,,,,,,,,,,,,,,,,,aa550109000000009a9999bf001f94,31130
1788458877.670299,12.067856,rx,-1,0.000000,-1.200000,0.117000,-0.117000,438,10976,25004,0.000000,-1.121651,0.749142,-0.009449,-2.620410,15,-15,0.725223,-0.725223,39,-42,-1,0,,31130
1788458877.670386,12.067949,rx,-1,0.000000,-1.200000,0.117000,-0.117000,439,11001,25000,0.003646,-1.308802,0.749063,-0.009494,-2.653131,18,-17,0.870406,-0.822050,31,-37,-1,0,,31130
1788458877.670469,12.068032,rx,-1,0.000000,-1.200000,0.117000,-0.117000,440,11026,24964,0.010954,-1.160897,0.748819,-0.009618,-2.682111,17,-14,0.823236,-0.677959,34,-45,-1,0,,31130
1788458877.670481,12.068045,tx,-1,0.000000,-1.200000,0.117000,-0.117000,,,,,,,,,,,,,,,,,aa550109000000009a9999bf001f94,31337
1788458877.692830,12.090393,key,100,0.000000,-1.200000,0.117000,-0.117000,,,,,,,,,,,,,,,,,aa550109000000009a9999bf001f94,31337
1788458877.723299,12.120858,rx,-1,0.000000,-1.200000,0.117000,-0.117000,441,11051,25020,-0.007286,-1.046205,0.748984,-0.009540,-2.708287,13,-15,0.628124,-0.724759,45,-43,-1,0,,31337
1788458877.768037,12.165595,rx,-1,0.000000,-1.200000,0.117000,-0.117000,442,11076,25000,0.003646,-1.234014,0.748901,-0.009577,-2.739138,17,-16,0.822050,-0.773694,34,-40,-1,0,,31337
1788458877.768077,12.165641,tx,-1,0.000000,-1.200000,0.117000,-0.117000,,,,,,,,,,,,,,,,,aa550109000000009a9999bf001f94,31481
1788458877.775647,12.173204,rx,-1,0.000000,-1.200000,0.117000,-0.117000,443,11101,25004,-0.007291,-1.196428,0.749069,-0.009508,-2.769053,15,-17,0.725223,-0.821919,39,-38,-1,0,,31481
1788458877.775723,12.173285,rx,-1,0.000000,-1.200000,0.117000,-0.117000,444,11126,25008,-0.021869,-1.271001,0.749582,-0.009317,-2.800838,14,-20,0.676766,-0.966809,42,-29,-1,0,,31481
1788458877.775738,12.173302,tx,-1,0.000000,-1.200000,0.117000,-0.117000,,,,,,,,,,,,,,,,,aa550109000000009a9999bf001f94,31625
1788458877.781042,12.178605,key,100,0.000000,-1.200000,0.117000,-0.117000,,,,,,,,,,,,,,,,,aa550109000000009a9999bf001f94,31625
1788458877.829053,12.226612,rx,-1,0.000000,-1.200000,0.117000,-0.117000,445,11151,24976,-0.003649,-1.235199,0.749668,-0.009288,-2.831689,16,-17,0.774438,-0.822840,37,-37,-1,0,,31625
1788458877.865533,12.263092,rx,-1,0.000000,-1.200000,0.117000,-0.117000,446,11175,25000,0.025522,-1.234014,0.749058,-0.009473,-2.862539,20,-13,0.967118,-0.628627,26,-47,-1,0,,31625
1788458877.865574,12.263138,tx,-1,0.000000,-1.200000,0.117000,-0.117000,,,,,,,,,,,,,,,,,aa550109000000009a9999bf001f94,31769
1788458877.871351,12.268914,key,100,0.000000,-1.200000,0.117000,-0.117000,,,,,,,,,,,,,,,,,aa550109000000009a9999bf001f94,31769
1788458877.879238,12.276795,rx,-1,0.000000,-1.200000,0.117000,-0.117000,447,11201,25016,-0.003644,-1.307965,0.749146,-0.009449,-2.895259,17,-18,0.821525,-0.869850,34,-34,-1,0,,31769
1788458877.879314,12.276876,rx,-1,0.000000,-1.200000,0.117000,-0.117000,448,11226,25012,-0.010933,-1.009163,0.749412,-0.009386,-2.920501,12,-15,0.579992,-0.724991,48,-42,-1,0,,31769
1788458877.879326,12.276890,tx,-1,0.000000,-1.200000,0.117000,-0.117000,,,,,,,,,,,,,,,,,aa550109000000009a9999bf001f94,31913
1788458877.933031,12.330590,rx,-1,0.000000,-1.200000,0.117000,-0.117000,449,11251,24960,0.000000,-1.123628,0.749412,-0.009386,-2.948546,15,-15,0.726501,-0.726501,40,-42,-1,0,,31913
1788458877.968258,12.365817,rx,-1,0.000000,-1.200000,0.117000,-0.117000,450,11276,25016,0.014574,-1.420077,0.749053,-0.009449,-2.984071,21,-17,1.014825,-0.821525,23,-37,-1,0,,31913
1788458877.968295,12.365859,tx,-1,0.000000,-1.200000,0.117000,-0.117000,,,,,,,,,,,,,,,,,aa550109000000009a9999bf001f94,32057
1788458877.974009,12.371572,key,100,0.000000,-1.200000,0.117000,-0.117000,,,,,,,,,,,,,,,,,aa550109000000009a9999bf001f94,32057
1788458877.987314,12.384875,rx,-1,0.000000,-1.200000,0.117000,-0.117000,451,11300,24988,-0.018238,-1.309431,0.749504,-0.009385,-3.016791,15,-20,0.725687,-0.967583,39,-29,-1,0,,32057
1788458877.987387,12.384950,rx,-1,0.000000,-1.200000,0.117000,-0.117000,452,11326,24992,-0.007294,-1.271815,0.749685,-0.009366,-3.048576,16,-18,0.773942,-0.870685,37,-33,-1,0,,32057
1788458877.987398,12.384962,tx,-1,0.000000,-1.200000,0.117000,-0.117000,,,,,,,,,,,,,,,,,aa550109000000009a9999bf001f94,32201
1788458878.026942,12.424504,key,100,0.000000,-1.200000,0.117000,-0.117000,,,,,,,,,,,,,,,,,aa550109000000009a9999bf001f94,32201
1788458878.040367,12.437923,rx,-1,0.000000,-1.200000,0.117000,-0.117000,453,11351,25016,-0.007287,-1.121113,0.749867,-0.009351,-3.076622,14,-16,0.676550,-0.773200,42,-38,-1,0,,32201
1788458878.076567,12.474125,rx,-1,0.000000,-1.200000,0.117000,-0.117000,454,11376,25032,-0.003641,-1.157743,0.749958,-0.009347,-3.105603,15,-16,0.724411,-0.772705,40,-38,-1,0,,32201
1788458878.076665,12.474228,tx,-1,0.000000,-1.200000,0.117000,-0.117000,,,,,,,,,,,,,,,,,aa550109000000009a9999bf001f94,32345
1788458878.082456,12.480019,key,97,0.000000,1.200000,-0.117000,0.117000,,,,,,,,,,,,,,,,,aa550109000000009a99993f00878f,32345
1788458878.090580,12.488139,rx,-1,0.000000,1.200000,-0.117000,0.117000,455,11401,24964,0.010954,-1.086000,0.749684,-0.009353,-3.132713,16,-13,0.774810,-0.629533,37,-46,-1,0,,32345
1788458878.090666,12.488226,rx,-1,0.000000,1.200000,-0.117000,0.117000,456,11426,25032,0.000000,-1.120396,0.749684,-0.009353,3.122427,15,-15,0.724411,-0.724411,40,-42,-1,0,,32345
1788458878.090687,12.488250,tx,-1,0.000000,1.200000,-0.117000,0.117000,,,,,,,,,,,,,,,,,aa550109000000009a99993f00878f,32489
1788458878.144273,12.541833,rx,-1,0.000000,1.200000,-0.117000,0.117000,457,11451,25004,0.000000,-1.196428,0.749684,-0.009353,3.092511,16,-16,0.773571,-0.773571,37,-39,-1,0,,32489
1788458878.179185,12.576743,rx,-1,0.000000,1.200000,-0.117000,0.117000,458,11475,24988,-0.007295,-1.197194,0.749866,-0.009364,3.062595,15,-17,0.725687,-0.822445,-114,113,-1,0,,32489
1788458878.179235,12.576799,tx,-1,0.000000,1.200000,-0.117000,0.117000,,,,,,,,,,,,,,,,,aa550109000000009a99993f00878f,32665
1788458878.198766,12.596323,rx,-1,0.000000,1.200000,-0.117000,0.117000,459,11501,24984,0.007297,0.074837,0.749685,-0.009350,3.064465,0,2,0.000000,0.096774,-78,69,-1,0,,32665
1788458878.198855,12.596417,rx,-1,0.000000,1.200000,-0.117000,0.117000,460,11526,25000,-0.014584,1.645352,0.750049,-0.009371,3.105599,-24,20,-1.160542,0.967118,-14,25,-1,0,,32665
1788458878.198875,12.596438,tx,-1,0.000000,1.200000,-0.117000,0.117000,,,,,,,,,,,,,,,,,aa550109000000009a99993f00878f,32841
1788458878.251514,12.649074,rx,-1,0.000000,1.200000,-0.117000,0.117000,461,11551,24992,0.000000,1.571066,0.750049,-0.009371,-3.138323,-21,21,-1.015799,1.015799,-21,21,-1,0,,32841
1788458878.284128,12.681687,rx,-1,0.000000,1.200000,-0.117000,0.117000,462,11576,24996,0.003647,1.084610,0.749957,-0.009372,-3.111212,-14,15,-0.677091,0.725455,-40,36,-1,0,,32841
1788458878.284202,12.681764,rx,-1,0.000000,1.200000,-0.117000,0.117000,463,11600,25020,0.000000,1.120934,0.749957,-0.009372,-3.083166,-15,15,-0.724759,0.724759,-37,36,-1,0,,32841
1788458878.284214,12.681778,tx,-1,0.000000,1.200000,-0.117000,0.117000,,,,,,,,,,,,,,,,,aa550109000000009a99993f00878f,32993
1788458878.303701,12.701261,rx,-1,0.000000,1.200000,-0.117000,0.117000,464,11626,24992,0.010941,1.084783,0.749685,-0.009392,-3.056055,-13,16,-0.628828,0.773942,-43,34,-1,0,,32993
1788458878.303778,12.701340,rx,-1,0.000000,1.200000,-0.117000,0.117000,465,11651,24984,-0.018241,1.085131,0.750138,-0.009347,-3.028944,-17,12,-0.822577,0.580642,-32,44,-1,0,,32993
1788458878.303789,12.701352,tx,-1,0.000000,1.200000,-0.117000,0.117000,,,,,,,,,,,,,,,,,aa550109000000009a99993f00878f,33137
1788458878.357382,12.754941,rx,-1,0.000000,1.200000,-0.117000,0.117000,466,11676,25012,-0.003644,1.009163,0.750229,-0.009335,-3.003703,-14,13,-0.676658,0.628325,-41,43,-1,0,,33137
1788458878.395085,12.792642,rx,-1,0.000000,1.200000,-0.117000,0.117000,467,11701,25008,-0.003645,1.233619,0.750319,-0.009322,-2.972853,-17,16,-0.821787,0.773447,-33,35,-1,0,,33137
1788458878.395130,12.792693,tx,-1,0.000000,1.200000,-0.117000,0.117000,,,,,,,,,,,,,,,,,aa550109000000009a99993f00878f,33281
1788458878.408834,12.806392,rx,-1,0.000000,1.200000,-0.117000,0.117000,468,11725,25000,0.021876,1.196619,0.749781,-0.009421,-2.942937,-13,19,-0.628627,0.918762,-44,27,-1,0,,33281
1788458878.408913,12.806474,rx,-1,0.000000,1.200000,-0.117000,0.117000,469,11751,24976,0.000000,0.973187,0.749781,-0.009421,-2.918631,-13,13,-0.629231,0.629231,-44,43,-1,0,,33281
1788458878.408924,12.806488,tx,-1,0.000000,1.200000,-0.117000,0.117000,,,,,,,,,,,,,,,,,aa550109000000009a99993f00878f,33425
1788458878.460762,12.858320,rx,-1,0.000000,1.200000,-0.117000,0.117000,470,11776,25024,-0.010927,1.083396,0.750047,-0.009357,-2.891520,-16,13,-0.772952,0.628024,-37,43,-1,0,,33425
1788458878.492154,12.889713,rx,-1,0.000000,1.200000,-0.117000,0.117000,471,11801,24984,-0.014593,1.272222,0.750399,-0.009262,-2.859735,-19,15,-0.919351,0.725803,-28,39,-1,0,,33425
1788458878.492203,12.889767,tx,-1,0.000000,1.200000,-0.117000,0.117000,,,,,,,,,,,,,,,,,aa550109000000009a99993f00878f,33569
1788458878.511756,12.909315,rx,-1,0.000000,1.200000,-0.117000,0.117000,472,11826,25016,0.021862,1.195854,0.749876,-0.009421,-2.829819,-13,19,-0.628225,0.918175,-44,28,-1,0,,33569
1788458878.511828,12.909390,rx,-1,0.000000,1.200000,-0.117000,0.117000,473,11851,24980,0.000000,1.047880,0.749876,-0.009421,-2.803643,-14,14,-0.677525,0.677525,-42,41,-1,0,,33569
1788458878.511838,12.909402,tx,-1,0.000000,1.200000,-0.117000,0.117000,,,,,,,,,,,,,,,,,aa550109000000009a99993f00878f,33713
1788458878.556768,12.954330,key,97,0.000000,1.200000,-0.117000,0.117000,,,,,,,,,,,,,,,,,aa550109000000009a99993f00878f,33713
1788458878.564689,12.962246,rx,-1,0.000000,1.200000,-0.117000,0.117000,474,11876,24996,-0.010940,1.309012,0.750132,-0.009327,-2.770923,-19,16,-0.918909,0.773818,-29,36,-1,0,,33713
1788458878.602356,12.999912,rx,-1,0.000000,1.200000,-0.117000,0.117000,475,11900,25004,-0.018227,1.159040,0.750555,-0.009155,-2.741943,-18,13,-0.870267,0.628526,-31,44,-1,0,,33713
1788458878.602410,12.999973,tx,-1,0.000000,1.200000,-0.117000,0.117000,,,,,,,,,,,,,,,,,aa550109000000009a99993f00878f,33857
1788458878.616232,13.013790,rx,-1,0.000000,1.200000,-0.117000,0.117000,476,11926,25000,-0.007292,1.121831,0.750721,-0.009082,-2.713897,-16,14,-0.773694,0.676983,-36,42,-1,0,,33857
1788458878.616309,13.013871,rx,-1,0.000000,1.200000,-0.117000,0.117000,477,11951,25004,0.025518,1.159040,0.750145,-0.009355,-2.684916,-12,19,-0.580178,0.918615,-47,29,-1,0,,33857
1788458878.616319,13.013883,tx,-1,0.000000,1.200000,-0.117000,0.117000,,,,,,,,,,,,,,,,,aa550109000000009a99993f00878f,34001
1788458878.633520,13.031082,key,97,0.000000,1.200000,-0.117000,0.117000,,,,,,,,,,,,,,,,,aa550109000000009a99993f00878f,34001
1788458878.670113,13.067673,rx,-1,0.000000,1.200000,-0.117000,0.117000,478,11976,25000,-0.014584,1.196619,0.750470,-0.009189,-2.655001,-18,14,-0.870406,0.676983,-31,42,-1,0,,34001
1788458878.703851,13.101404,rx,-1,0.000000,1.200000,-0.117000,0.117000,479,12001,25012,-0.007288,1.046540,0.750630,-0.009102,-2.628825,-15,13,-0.724991,0.628325,-39,45,-1,0,,34001
1788458878.703964,13.101527,tx,-1,0.000000,1.200000,-0.117000,0.117000,,,,,,,,,,,,,,,,,aa550109000000009a99993f00878f,34200
1788458878.714731,13.112292,key,97,0.000000,1.200000,-0.117000,0.117000,,,,,,,,,,,,,,,,,aa550109000000009a99993f00878f,34200
1788458878.722937,13.120494,rx,-1,0.000000,1.200000,-0.117000,0.117000,480,12025,25016,-0.010931,1.158484,0.750866,-0.008965,-2.599844,-17,14,-0.821525,0.676550,-34,43,-1,0,,34200
1788458878.723020,13.120582,rx,-1,0.000000,1.200000,-0.117000,0.117000,481,12051,24972,-0.003650,1.235397,0.750943,-0.008916,-2.568994,-17,16,-0.822972,0.774562,-34,38,-1,0,,34200
1788458878.723033,13.120596,tx,-1,0.000000,1.200000,-0.117000,0.117000,,,,,,,,,,,,,,,,,aa550109000000009a99993f00878f,34344
1788458878.776635,13.174194,rx,-1,0.000000,1.200000,-0.117000,0.117000,482,12076,25048,0.014556,1.045035,0.750639,-0.009118,-2.542818,-12,16,-0.579159,0.772212,-47,38,-1,0,,34344
1788458878.822949,13.220505,rx,-1,0.000000,1.200000,-0.117000,0.117000,483,12101,24984,0.000000,1.047712,0.750639,-0.009118,-2.516642,-14,14,-0.677416,0.677416,-43,43,-1,0,,34344
1788458878.823003,13.220565,tx,-1,0.000000,1.200000,-0.117000,0.117000,,,,,,,,,,,,,,,,,aa550109000000009a99993f00878f,34520
1788458878.828732,13.226294,key,97,0.000000,1.200000,-0.117000,0.117000,,,,,,,,,,,,,,,,,aa550109000000009a99993f00878f,34520
1788458878.831153,13.228712,rx,-1,0.000000,1.200000,-0.117000,0.117000,484,12126,24968,0.003651,1.310480,0.750566,-0.009172,-2.483922,-17,18,-0.823104,0.871522,-35,33,-1,0,,34520
1788458878.831243,13.228804,rx,-1,0.000000,1.200000,-0.117000,0.117000,485,12151,25020,-0.021858,1.270392,0.750994,-0.008831,-2.452136,-20,14,-0.966345,0.676441,-26,43,-1,0,,34520
1788458878.831263,13.228826,tx,-1,0.000000,1.200000,-0.117000,0.117000,,,,,,,,,,,,,,,,,aa550109000000009a99993f00878f,34696
1788458878.884869,13.282428,rx,-1,0.000000,1.200000,-0.117000,0.117000,486,12176,24996,0.000000,1.271612,0.750994,-0.008831,-2.420351,-17,17,-0.822182,0.822182,-34,36,-1,0,,34696
1788458878.915836,13.313389,rx,-1,0.000000,1.200000,-0.117000,0.117000,487,12200,25020,-0.003643,1.083569,0.751061,-0.008770,-2.393240,-15,14,-0.724759,0.676441,-39,44,-1,0,,34696
1788458878.917483,13.315045,rx,-1,0.000000,1.200000,-0.117000,0.117000,488,12226,24968,-0.007301,1.123268,0.751193,-0.008644,-2.365195,-16,14,-0.774686,0.677850,-36,44,-1,0,,34696
1788458878.917497,13.315060,tx,-1,0.000000,1.200000,-0.117000,0.117000,,,,,,,,,,,,,,,,,aa550109000000009a99993f00878f,34848
1788458878.923208,13.320771,key,97,0.000000,1.200000,-0.117000,0.117000,,,,,,,,,,,,,,,,,aa550109000000009a99993f00878f,34848
1788458878.936566,13.334123,rx,-1,0.000000,1.200000,-0.117000,0.117000,489,12251,25020,0.007286,1.046205,0.751065,-0.008774,-2.339019,-13,15,-0.628124,0.724759,-45,42,-1,0,,34848
1788458878.936642,13.334203,rx,-1,0.000000,1.200000,-0.117000,0.117000,490,12276,25012,0.003644,1.158669,0.751003,-0.008840,-2.310038,-15,16,-0.724991,0.773323,-40,39,-1,0,,34848
1788458878.936654,13.334216,tx,-1,0.000000,1.200000,-0.117000,0.117000,,,,,,,,,,,,,,,,,aa550109000000009a99993f00878f,34992
1788458878.965155,13.362717,key,97,0.000000,1.200000,-0.117000,0.117000,,,,,,,,,,,,,,,,,aa550109000000009a99993f00878f,34992
1788458878.989264,13.386821,rx,-1,0.000000,1.200000,-0.117000,0.117000,491,12301,24980,0.010947,1.309850,0.750822,-0.009045,-2.277318,-16,19,-0.774314,0.919498,-37,31,-1,0,,34992
1788458879.024606,13.422163,rx,-1,0.000000,1.200000,-0.117000,0.117000,492,12325,24996,-0.007293,1.047210,0.750938,-0.008905,-2.251142,-15,13,-0.725455,0.628727,-40,47,-1,0,,34992
1788458879.024649,13.422212,tx,-1,0.000000,1.200000,-0.117000,0.117000,,,,,,,,,,,,,,,,,aa550109000000009a99993f00878f,35136
1788458879.044240,13.441798,rx,-1,0.000000,1.200000,-0.117000,0.117000,493,12351,24992,0.003647,1.234409,0.750882,-0.008977,-2.220291,-16,17,-0.773942,0.822313,-37,37,-1,0,,35136
1788458879.044325,13.441885,rx,-1,0.000000,1.200000,-0.117000,0.117000,494,12376,24988,0.010943,1.234606,0.750720,-0.009197,-2.189441,-15,18,-0.725687,0.870824,-40,34,-1,0,,35136
1788458879.044337,13.441900,tx,-1,0.000000,1.200000,-0.117000,0.117000,,,,,,,,,,,,,,,,,aa550109000000009a99993f00878f,35280
1788458879.055759,13.453319,key,97,0.000000,1.200000,-0.117000,0.117000,,,,,,,,,,,,,,,,,aa550109000000009a99993f00878f,35280
1788458879.096773,13.494331,rx,-1,0.000000,1.200000,-0.117000,0.117000,495,12401,25004,-0.007291,1.345981,0.750823,-0.009047,-2.155786,-19,17,-0.918615,0.821919,-29,36,-1,0,,35280
1788458879.131283,13.528838,rx,-1,0.000000,1.200000,-0.117000,0.117000,496,12426,25032,-0.003641,1.232436,0.750872,-0.008970,-2.124936,-17,16,-0.820999,0.772705,-34,39,-1,0,,35280
1788458879.131338,13.528900,tx,-1,0.000000,1.200000,-0.117000,0.117000,,,,,,,,,,,,,,,,,aa550109000000009a99993f00878f,35424
1788458879.137072,13.534634,key,97,0.000000,1.200000,-0.117000,0.117000,,,,,,,,,,,,,,,,,aa550109000000009a99993f00878f,35424
1788458879.150512,13.548071,rx,-1,0.000000,1.200000,-0.117000,0.117000,497,12451,25008,0.010934,1.084089,0.750732,-0.009204,-2.097825,-13,16,-0.628426,0.773447,-45,38,-1,0,,35424
1788458879.150590,13.548151,rx,-1,0.000000,1.200000,-0.117000,0.117000,498,12476,24984,-0.003648,1.234804,0.750776,-0.009125,-2.066974,-17,16,-0.822577,0.774190,-35,38,-1,0,,35424
1788458879.150603,13.548166,tx,-1,0.000000,1.200000,-0.117000,0.117000,,,,,,,,,,,,,,,,,aa550109000000009a99993f00878f,35568
1788458879.202519,13.600078,rx,-1,0.000000,1.200000,-0.117000,0.117000,499,12500,25012,-0.007288,1.046540,0.750861,-0.008964,-2.040798,-15,13,-0.724991,0.628325,-40,46,-1,0,,35568
1788458879.235076,13.632632,rx,-1,0.000000,1.200000,-0.117000,0.117000,500,12526,24976,0.000000,1.048048,0.750861,-0.008964,-2.014622,-14,14,-0.677633,0.677633,-43,44,-1,0,,35568
1788458879.235123,13.632685,tx,-1,0.000000,1.200000,-0.117000,0.117000,,,,,,,,,,,,,,,,,aa550109000000009a99993f00878f,35712
1788458879.240839,13.638401,key,97,0.000000,1.200000,-0.117000,0.117000,,,,,,,,,,,,,,,,,aa550109000000009a99993f00878f,35712
1788458879.254680,13.652239,rx,-1,0.000000,1.200000,-0.117000,0.117000,501,12551,24996,0.010940,1.309012,0.750748,-0.009212,-1.981902,-16,19,-0.773818,0.918909,-38,32,-1,0,,35712
1788458879.254755,13.652316,rx,-1,0.000000,1.200000,-0.117000,0.117000,502,12576,25012,-0.007288,1.121292,0.750818,-0.009044,-1.953857,-16,14,-0.773323,0.676658,-38,44,-1,0,,35712
1788458879.254766,13.652329,tx,-1,0.000000,1.200000,-0.117000,0.117000,,,,,,,,,,,,,,,,,aa550109000000009a99993f00878f,35856
1788458879.305437,13.702998,key,97,0.000000,1.200000,-0.117000,0.117000,,,,,,,,,,,,,,,,,aa550109000000009a99993f00878f,35856
1788458879.307889,13.705447,rx,-1,0.000000,1.200000,-0.117000,0.117000,503,12601,25016,-0.018218,1.233224,0.750982,-0.008619,-1.923006,-19,14,-0.918175,0.676550,-30,45,-1,0,,35856
1788458879.342112,13.739669,rx,-1,0.000000,1.200000,-0.117000,0.117000,504,12625,25008,0.018224,1.233619,0.750831,-0.009049,-1.892156,-14,19,-0.676766,0.918468,-43,32,-1,0,,35856
1788458879.342169,13.739732,tx,-1,0.000000,1.200000,-0.117000,0.117000,,,,,,,,,,,,,,,,,aa550109000000009a99993f00878f,36032
1788458879.361645,13.759204,rx,-1,0.000000,1.200000,-0.117000,0.117000,505,12651,24960,-0.014607,1.198537,0.750941,-0.008702,-1.862241,-18,14,-0.871801,0.678068,-32,44,-1,0,,36032
1788458879.361723,13.759284,rx,-1,0.000000,1.200000,-0.117000,0.117000,506,12676,25028,-0.014567,1.195281,0.751041,-0.008351,-1.832325,-18,14,-0.869433,0.676225,-32,45,-1,0,,36032
1788458879.361742,13.759304,tx,-1,0.000000,1.200000,-0.117000,0.117000,,,,,,,,,,,,,,,,,aa550109000000009a99993f00878f,36208
1788458879.384535,13.782096,key,97,0.000000,1.200000,-0.117000,0.117000,,,,,,,,,,,,,,,,,aa550109000000009a99993f00878f,36208
1788458879.415545,13.813104,rx,-1,0.000000,1.200000,-0.117000,0.117000,507,12701,24980,0.007298,1.347275,0.750997,-0.008528,-1.798670,-17,19,-0.822709,0.919498,-34,32,-1,0,,36208
1788458879.455216,13.852771,rx,-1,0.000000,1.200000,-0.117000,0.117000,508,12726,25000,-0.003646,1.159225,0.751016,-0.008439,-1.769690,-16,15,-0.773694,0.725339,-37,42,-1,0,,36208
1788458879.455313,13.852874,rx,-1,0.000000,1.200000,-0.117000,0.117000,509,12750,25016,0.003644,1.233224,0.750999,-0.008528,-1.738839,-16,17,-0.773200,0.821525,-37,37,-1,0,,36208
1788458879.455326,13.852889,tx,-1,0.000000,1.200000,-0.117000,0.117000,,,,,,,,,,,,,,,,,aa550109000000009a99993f00878f,36360
1788458879.468978,13.866532,rx,-1,0.000000,1.200000,-0.117000,0.117000,510,12776,24980,0.003649,1.010456,0.750985,-0.008618,-1.713598,-13,14,-0.629130,0.677525,-45,45,-1,0,,36360
1788458879.469104,13.866662,rx,-1,0.000000,1.200000,-0.117000,0.117000,511,12801,24996,0.000000,1.122010,0.750985,-0.008618,-1.685552,-15,15,-0.725455,0.725455,-40,43,-1,0,,36360
1788458879.469126,13.866688,tx,-1,0.000000,1.200000,-0.117000,0.117000,,,,,,,,,,,,,,,,,aa550109000000009a99993f00878f,36504
1788458879.474907,13.872468,key,97,0.000000,1.200000,-0.117000,0.117000,,,,,,,,,,,,,,,,,aa550109000000009a99993f00878f,36504
1788458879.522736,13.920294,rx,-1,0.000000,1.200000,-0.117000,0.117000,512,12826,25016,-0.010931,1.307965,0.751012,-0.008346,-1.652832,-19,16,-0.918175,0.773200,-29,40,-1,0,,36504
1788458879.558301,13.955857,rx,-1,0.000000,1.200000,-0.117000,0.117000,513,12851,25016,0.010931,1.158484,0.750994,-0.008619,-1.623852,-14,17,-0.676550,0.821525,-43,37,-1,0,,36504
1788458879.558341,13.955903,tx,-1,0.000000,1.200000,-0.117000,0.117000,,,,,,,,,,,,,,,,,aa550109000000009a99993f00878f,36648
1788458879.564072,13.961634,key,97,0.000000,1.200000,-0.117000,0.117000,,,,,,,,,,,,,,,,,aa550109000000009a99993f00878f,36648
1788458879.577572,13.975129,rx,-1,0.000000,1.200000,-0.117000,0.117000,514,12876,24992,0.010941,1.084783,0.750983,-0.008892,-1.596741,-13,16,-0.628828,0.773942,-46,40,-1,0,,36648
1788458879.577659,13.975220,rx,-1,0.000000,1.200000,-0.117000,0.117000,515,12901,24976,-0.003649,1.160339,0.750984,-0.008801,-1.567760,-16,15,-0.774438,0.726036,-38,43,-1,0,,36648
1788458879.577671,13.975233,tx,-1,0.000000,1.200000,-0.117000,0.117000,,,,,,,,,,,,,,,,,aa550109000000009a99993f00878f,36792
1788458879.631074,14.028631,rx,-1,0.000000,1.200000,-0.117000,0.117000,516,12925,24996,0.003647,1.234211,0.750986,-0.008892,-1.536910,-16,17,-0.773818,0.822182,-38,37,-1,0,,36792
1788458879.665008,14.062564,rx,-1,0.000000,1.200000,-0.117000,0.117000,517,12951,25032,0.014565,1.344476,0.751004,-0.009256,-1.503255,-16,20,-0.772705,0.965882,-38,29,-1,0,,36792
1788458879.665057,14.062619,tx,-1,0.000000,1.200000,-0.117000,0.117000,,,,,,,,,,,,,,,,,aa550109000000009a99993f00878f,36936
1788458879.670773,14.068335,key,97,0.000000,1.200000,-0.117000,0.117000,,,,,,,,,,,,,,,,,aa550109000000009a99993f00878f,36936
1788458879.684645,14.082204,rx,-1,0.000000,1.200000,-0.117000,0.117000,518,12976,25004,-0.018227,1.233816,0.750966,-0.008802,-1.472405,-19,14,-0.918615,0.676874,-30,44,-1,0,,36936
1788458879.684721,14.082281,rx,-1,0.000000,1.200000,-0.117000,0.117000,519,13001,24968,-0.014602,1.198153,0.750925,-0.008440,-1.442489,-18,14,-0.871522,0.677850,-32,45,-1,0,,36936
1788458879.684761,14.082324,tx,-1,0.000000,1.200000,-0.117000,0.117000,,,,,,,,,,,,,,,,,aa550109000000009a99993f00878f,37135
1788458879.724112,14.121672,key,97,0.000000,1.200000,-0.117000,0.117000,,,,,,,,,,,,,,,,,aa550109000000009a99993f00878f,37135
1788458879.737528,14.135086,rx,-1,0.000000,1.200000,-0.117000,0.117000,520,13026,24992,0.000000,1.197002,0.750925,-0.008440,-1.412574,-16,16,-0.773942,0.773942,-37,40,-1,0,,37135
1788458879.772611,14.170168,rx,-1,0.000000,1.200000,-0.117000,0.117000,521,13050,25008,0.010934,1.233619,0.750972,-0.008709,-1.381723,-15,18,-0.725106,0.870128,-40,35,-1,0,,37135
1788458879.772660,14.170222,tx,-1,0.000000,1.200000,-0.117000,0.117000,,,,,,,,,,,,,,,,,aa550109000000009a99993f00878f,37311
1788458879.792081,14.189640,rx,-1,0.000000,1.200000,-0.117000,0.117000,522,13076,24992,0.000000,1.197002,0.750972,-0.008709,-1.351808,-16,16,-0.773942,0.773942,-37,40,-1,0,,37311
1788458879.792161,14.189721,rx,-1,0.000000,1.200000,-0.117000,0.117000,523,13101,25004,0.007291,1.121651,0.751014,-0.008887,-1.323762,-14,16,-0.676874,0.773571,-43,40,-1,0,,37311
1788458879.792180,14.189742,tx,-1,0.000000,1.200000,-0.117000,0.117000,,,,,,,,,,,,,,,,,aa550109000000009a99993f00878f,37487
1788458879.803588,14.201149,key,97,0.000000,1.200000,-0.117000,0.117000,,,,,,,,,,,,,,,,,aa550109000000009a99993f00878f,37487
1788458879.845626,14.243184,rx,-1,0.000000,1.200000,-0.117000,0.117000,524,13126,25012,0.007288,1.121292,0.751061,-0.009063,-1.295716,-14,16,-0.676658,0.773323,-43,40,-1,0,,37487
1788458879.884230,14.281785,rx,-1,0.000000,1.200000,-0.117000,0.117000,525,13151,25012,0.003644,1.233422,0.751087,-0.009150,-1.264866,-16,17,-0.773323,0.821656,-38,37,-1,0,,37487
1788458879.884322,14.281882,rx,-1,0.000000,1.200000,-0.117000,0.117000,526,13176,24992,0.014588,1.346628,0.751203,-0.009496,-1.231211,-16,20,-0.773942,0.967428,-38,29,-1,0,,37487
1788458879.884337,14.281899,tx,-1,0.000000,1.200000,-0.117000,0.117000,,,,,,,,,,,,,,,,,aa550109000000009a99993f00878f,37639
1788458879.895400,14.292960,key,97,0.000000,1.200000,-0.117000,0.117000,,,,,,,,,,,,,,,,,aa550109000000009a99993f00878f,37639
1788458879.897832,14.295388,rx,-1,0.000000,1.200000,-0.117000,0.117000,527,13201,25008,-0.003645,1.084089,0.751172,-0.009410,-1.204100,-15,14,-0.725106,0.676766,-41,44,-1,0,,37639
1788458879.897912,14.295473,rx,-1,0.000000,1.200000,-0.117000,0.117000,528,13225,24984,0.007297,1.272222,0.751240,-0.009579,-1.172315,-16,18,-0.774190,0.870964,-38,34,-1,0,,37639
1788458879.897924,14.295486,tx,-1,0.000000,1.200000,-0.117000,0.117000,,,,,,,,,,,,,,,,,aa550109000000009a99993f00878f,37783
1788458879.950961,14.348519,rx,-1,0.000000,1.200000,-0.117000,0.117000,529,13251,24988,-0.003648,1.384256,0.751203,-0.009496,-1.137725,-19,18,-0.919203,0.870824,-30,33,-1,0,,37783
1788458879.994305,14.391861,rx,-1,0.000000,1.200000,-0.117000,0.117000,530,13276,25008,-0.003645,1.009324,0.751163,-0.009414,-1.112484,-14,13,-0.676766,0.628426,-43,46,-1,0,,37783
1788458879.994363,14.391925,tx,-1,0.000000,1.200000,-0.117000,0.117000,,,,,,,,,,,,,,,,,aa550109000000009a99993f00878f,37927
1788458879.999693,14.397254,key,97,0.000000,1.200000,-0.117000,0.117000,,,,,,,,,,,,,,,,,aa550109000000009a99993f00878f,37927
1788458880.002138,14.399696,rx,-1,0.000000,1.200000,-0.117000,0.117000,531,13301,25024,0.000000,1.046038,0.751163,-0.009414,-1.086308,-14,14,-0.676333,0.676333,-44,44,-1,0,,37927
1788458880.002216,14.399776,rx,-1,0.000000,1.200000,-0.117000,0.117000,532,13326,25000,0.003646,1.234014,0.751207,-0.009494,-1.055458,-16,17,-0.773694,0.822050,-39,37,-1,0,,37927
1788458880.002228,14.399789,tx,-1,0.000000,1.200000,-0.117000,0.117000,,,,,,,,,,,,,,,,,aa550109000000009a99993f00878f,38071
1788458880.055205,14.452750,rx,-1,0.000000,1.200000,-0.117000,0.117000,533,13350,25008,0.003645,1.233619,0.751253,-0.009572,-1.024607,-16,17,-0.773447,0.821787,-39,36,-1,0,,38071
1788458880.114007,14.511561,rx,-1,0.000000,1.200000,-0.117000,0.117000,534,13376,24980,-0.003649,1.160153,0.751205,-0.009495,-0.995627,-16,15,-0.774314,0.725919,-39,41,-1,0,,38071
1788458880.114067,14.511629,tx,-1,0.000000,1.200000,-0.117000,0.117000,,,,,,,,,,,,,,,,,aa550109000000009a99993f00878f,38215
1788458880.119831,14.517391,key,97,0.000000,1.200000,-0.117000,0.117000,,,,,,,,,,,,,,,,,aa550109000000009a99993f00878f,38215
1788458880.122307,14.519859,rx,-1,0.000000,1.200000,-0.117000,0.117000,535,13401,24984,0.000000,1.122549,0.751205,-0.009495,-0.967581,-15,15,-0.725803,0.725803,-41,42,-1,0,,38215
1788458880.122397,14.519957,rx,-1,0.000000,1.200000,-0.117000,0.117000,536,13426,25036,0.003641,1.232239,0.751258,-0.009569,-0.936731,-16,17,-0.772582,0.820868,-39,37,-1,0,,38215
1788458880.122447,14.520008,rx,-1,0.000000,1.200000,-0.117000,0.117000,537,13451,24972,0.000000,1.197961,0.751258,-0.009569,-0.906815,-16,16,-0.774562,0.774562,-39,39,-1,0,,38215
1788458880.122458,14.520019,tx,-1,0.000000,1.200000,-0.117000,0.117000,,,,,,,,,,,,,,,,,aa550109000000009a99993f00878f,38431
1788458880.154929,14.552489,key,97,0.000000,1.200000,-0.117000,0.117000,,,,,,,,,,,,,,,,,aa550109000000009a99993f00878f,38431
1788458880.173269,14.570824,rx,-1,0.000000,1.200000,-0.117000,0.117000,538,13475,25016,-0.014574,1.270595,0.751028,-0.009286,-0.875030,-19,15,-0.918175,0.724875,-30,42,-1,0,,38431
1788458880.220604,14.618160,rx,-1,0.000000,1.200000,-0.117000,0.117000,539,13501,24980,-0.007298,1.272426,0.750909,-0.009148,-0.843245,-18,16,-0.871103,0.774314,-33,39,-1,0,,38431
1788458880.220651,14.618213,tx,-1,0.000000,1.200000,-0.117000,0.117000,,,,,,,,,,,,,,,,,aa550109000000009a99993f00878f,38575
1788458880.228795,14.626350,rx,-1,0.000000,1.200000,-0.117000,0.117000,540,13526,25008,0.014579,1.345766,0.751156,-0.009416,-0.809590,-16,20,-0.773447,0.966809,-38,29,-1,0,,38575
1788458880.228883,14.626443,rx,-1,0.000000,1.200000,-0.117000,0.117000,541,13551,24992,-0.007294,1.122190,0.751029,-0.009286,-0.781544,-16,14,-0.773942,0.677199,-38,44,-1,0,,38575
1788458880.228896,14.626458,tx,-1,0.000000,1.200000,-0.117000,0.117000,,,,,,,,,,,,,,,,,aa550109000000009a99993f00878f,38719
1788458880.234630,14.632191,key,97,0.000000,1.200000,-0.117000,0.117000,,,,,,,,,,,,,,,,,aa550109000000009a99993f00878f,38719
1788458880.282309,14.679868,rx,-1,0.000000,1.200000,-0.117000,0.117000,542,13576,25028,-0.010926,1.157928,0.750832,-0.009096,-0.752563,-17,14,-0.821131,0.676225,-35,44,-1,0,,38719
1788458880.315796,14.713351,rx,-1,0.000000,1.200000,-0.117000,0.117000,543,13601,24988,0.018239,1.234606,0.751169,-0.009402,-0.721713,-14,19,-0.677308,0.919203,-43,31,-1,0,,38719
1788458880.315849,14.713411,tx,-1,0.000000,1.200000,-0.117000,0.117000,,,,,,,,,,,,,,,,,aa550109000000009a99993f00878f,38863
1788458880.321500,14.719061,key,97,0.000000,1.200000,-0.117000,0.117000,,,,,,,,,,,,,,,,,aa550109000000009a99993f00878f,38863
1788458880.335312,14.732870,rx,-1,0.000000,1.200000,-0.117000,0.117000,544,13626,25004,-0.010936,1.308593,0.750961,-0.009225,-0.688993,-19,16,-0.918615,0.773571,-30,39,-1,0,,38863
1788458880.335396,14.732956,rx,-1,0.000000,1.200000,-0.117000,0.117000,545,13650,24984,0.007297,1.197386,0.751104,-0.009339,-0.659078,-15,17,-0.725803,0.822577,-40,36,-1,0,,38863
1788458880.335408,14.732970,tx,-1,0.000000,1.200000,-0.117000,0.117000,,,,,,,,,,,,,,,,,aa550109000000009a99993f00878f,39007
1788458880.388555,14.786112,rx,-1,0.000000,1.200000,-0.117000,0.117000,546,13676,25008,-0.018224,1.158854,0.750739,-0.009065,-0.630097,-18,13,-0.870128,0.628426,-32,47,-1,0,,39007
1788458880.421264,14.818820,rx,-1,0.000000,1.200000,-0.117000,0.117000,547,13701,24992,-0.014588,1.197002,0.750442,-0.008855,-0.600181,-18,14,-0.870685,0.677199,-32,44,-1,0,,39007
1788458880.421304,14.818866,tx,-1,0.000000,1.200000,-0.117000,0.117000,,,,,,,,,,,,,,,,,aa550109000000009a99993f00878f,39151
1788458880.427033,14.824594,key,97,0.000000,1.200000,-0.117000,0.117000,,,,,,,,,,,,,,,,,aa550109000000009a99993f00878f,39151
1788458880.440864,14.838420,rx,-1,0.000000,1.200000,-0.117000,0.117000,548,13726,25004,0.003645,1.233816,0.750518,-0.008905,-0.569331,-16,17,-0.773571,0.821919,-37,37,-1,0,,39151
1788458880.440943,14.838503,rx,-1,0.000000,1.200000,-0.117000,0.117000,549,13751,25004,0.010936,1.084263,0.750750,-0.009049,-0.542220,-13,16,-0.628526,0.773571,-45,39,-1,0,,39151
1788458880.440955,14.838516,tx,-1,0.000000,1.200000,-0.117000,0.117000,,,,,,,,,,,,,,,,,aa550109000000009a99993f00878f,39295
1788458880.474543,14.872103,key,97,0.000000,1.200000,-0.117000,0.117000,,,,,,,,,,,,,,,,,aa550109000000009a99993f00878f,39295
1788458880.494031,14.891590,rx,-1,0.000000,1.200000,-0.117000,0.117000,550,13775,24996,0.000000,1.346412,0.750750,-0.009049,-0.508565,-18,18,-0.870546,0.870546,-32,34,-1,0,,39295
1788458880.531650,14.929205,rx,-1,0.000000,1.200000,-0.117000,0.117000,551,13801,25004,-0.003645,1.084263,0.750670,-0.009006,-0.481454,-15,14,-0.725223,0.676874,-40,44,-1,0,,39295
1788458880.531700,14.929261,tx,-1,0.000000,1.200000,-0.117000,0.117000,,,,,,,,,,,,,,,,,aa550109000000009a99993f00878f,39439
1788458880.545566,14.943122,rx,-1,0.000000,1.200000,-0.117000,0.117000,552,13826,24988,0.007295,1.197194,0.750832,-0.009088,-0.451539,-15,17,-0.725687,0.822445,-40,37,-1,0,,39439
1788458880.545669,14.943227,rx,-1,0.000000,1.200000,-0.117000,0.117000,553,13851,25016,-0.003644,1.083743,0.750750,-0.009049,-0.424428,-15,14,-0.724875,0.676550,-40,45,-1,0,,39439
1788458880.545693,14.943254,tx,-1,0.000000,1.200000,-0.117000,0.117000,,,,,,,,,,,,,,,,,aa550109000000009a99993f00878f,39583
1788458880.557071,14.954631,key,97,0.000000,1.200000,-0.117000,0.117000,,,,,,,,,,,,,,,,,aa550109000000009a99993f00878f,39583
1788458880.598787,14.996344,rx,-1,0.000000,1.200000,-0.117000,0.117000,554,13876,24976,-0.003649,1.085478,0.750666,-0.009013,-0.397317,-15,14,-0.726036,0.677633,-41,45,-1,0,,39583
1788458880.637690,15.035245,rx,-1,0.000000,1.200000,-0.117000,0.117000,555,13900,25024,0.000000,1.195472,0.750666,-0.009013,-0.367402,-16,16,-0.772952,0.772952,-38,40,-1,0,,39583
1788458880.637738,15.035299,tx,-1,0.000000,1.200000,-0.117000,0.117000,,,,,,,,,,,,,,,,,aa550109000000009a99993f00878f,39759
1788458880.649256,15.046815,key,97,0.000000,1.200000,-0.117000,0.117000,,,,,,,,,,,,,,,,,aa550109000000009a99993f00878f,39759
1788458880.651715,15.049273,rx,-1,0.000000,1.200000,-0.117000,0.117000,556,13926,25008,0.010934,1.308384,0.750923,-0.009107,-0.334682,-16,19,-0.773447,0.918468,-38,32,-1,0,,39759
1788458880.651773,15.049333,rx,-1,0.000000,1.200000,-0.117000,0.117000,557,13950,24968,0.000000,1.123268,0.750923,-0.009107,-0.306636,-15,15,-0.726268,0.726268,-41,42,-1,0,,39759
1788458880.651791,15.049352,tx,-1,0.000000,1.200000,-0.117000,0.117000,,,,,,,,,,,,,,,,,aa550109000000009a99993f00878f,39935
1788458880.705170,15.102725,rx,-1,0.000000,1.200000,-0.117000,0.117000,558,13976,25056,0.000000,1.193945,0.750923,-0.009107,-0.276720,-16,16,-0.771965,0.771965,-38,40,-1,0,,39935
1788458880.741856,15.139410,rx,-1,0.000000,1.200000,-0.117000,0.117000,559,14001,24972,-0.018250,1.235397,0.750483,-0.008989,-0.245870,-19,14,-0.919792,0.677742,-30,45,-1,0,,39935
1788458880.741971,15.139530,rx,-1,0.000000,1.200000,-0.117000,0.117000,560,14026,24980,0.000000,1.047880,0.750483,-0.008989,-0.219694,-14,14,-0.677525,0.677525,-43,45,-1,0,,39935
1788458880.741984,15.139545,tx,-1,0.000000,1.200000,-0.117000,0.117000,,,,,,,,,,,,,,,,,aa550109000000009a99993f00878f,40142
1788458880.747730,15.145291,key,97,0.000000,1.200000,-0.117000,0.117000,,,,,,,,,,,,,,,,,aa550109000000009a99993f00878f,40142
1788458880.755594,15.153150,rx,-1,0.000000,1.200000,-0.117000,0.117000,561,14051,25000,-0.007292,1.271408,0.750304,-0.008952,-0.187909,-18,16,-0.870406,0.773694,-32,41,-1,0,,40142
1788458880.755664,15.153224,rx,-1,0.000000,1.200000,-0.117000,0.117000,562,14075,25016,-0.007287,1.270595,0.750125,-0.008921,-0.156124,-18,16,-0.869850,0.773200,-32,41,-1,0,,40142
1788458880.755675,15.153236,tx,-1,0.000000,1.200000,-0.117000,0.117000,,,,,,,,,,,,,,,,,aa550109000000009a99993f00878f,40286
1788458880.809276,15.206830,rx,-1,0.000000,1.200000,-0.117000,0.117000,563,14101,24980,0.007298,1.047880,0.750305,-0.008947,-0.129947,-13,15,-0.629130,0.725919,-46,43,-1,0,,40286
1788458880.855758,15.253313,rx,-1,0.000000,1.200000,-0.117000,0.117000,564,14126,25036,-0.007281,1.194899,0.750124,-0.008926,-0.100032,-17,15,-0.820868,0.724296,-35,44,-1,0,,40286
1788458880.855818,15.253379,tx,-1,0.000000,1.200000,-0.117000,0.117000,,,,,,,,,,,,,,,,,aa550109000000009a99993f00878f,40430
1788458880.861105,15.258665,key,97,0.000000,1.200000,-0.117000,0.117000,,,,,,,,,,,,,,,,,aa550109000000009a99993f00878f,40430
1788458880.863584,15.261141,rx,-1,0.000000,1.200000,-0.117000,0.117000,565,14151,24992,-0.003647,1.309221,0.750033,-0.008918,-0.067312,-18,17,-0.870685,0.822313,-32,38,-1,0,,40430
1788458880.863652,15.261212,rx,-1,0.000000,1.200000,-0.117000,0.117000,566,14176,24972,0.021900,1.272834,0.750579,-0.008947,-0.035527,-14,20,-0.677742,0.968202,-43,30,-1,0,,40430
1788458880.863665,15.261226,tx,-1,0.000000,1.200000,-0.117000,0.117000,,,,,,,,,,,,,,,,,aa550109000000009a99993f00878f,40574
1788458880.892165,15.289725,key,97,0.000000,1.200000,-0.117000,0.117000,,,,,,,,,,,,,,,,,aa550109000000009a99993f00878f,40574
1788458880.917501,15.315058,rx,-1,0.000000,1.200000,-0.117000,0.117000,567,14200,24996,-0.007293,1.196811,0.750397,-0.008943,-0.005611,-17,15,-0.822182,0.725455,-35,43,-1,0,,40574
1788458880.953997,15.351552,rx,-1,0.000000,1.200000,-0.117000,0.117000,568,14226,25024,0.007285,1.195472,0.750579,-0.008941,0.024304,-15,17,-0.724643,0.821262,-40,38,-1,0,,40574
1788458880.954042,15.351603,tx,-1,0.000000,1.200000,-0.117000,0.117000,,,,,,,,,,,,,,,,,aa550109000000009a99993f00878f,40718
1788458880.967977,15.365532,rx,-1,0.000000,1.200000,-0.117000,0.117000,569,14251,25012,0.000000,1.121292,0.750579,-0.008941,0.052350,-15,15,-0.724991,0.724991,-41,43,-1,0,,40718
1788458880.968049,15.365608,rx,-1,0.000000,1.200000,-0.117000,0.117000,570,14276,25016,-0.010931,1.307965,0.750307,-0.008960,0.085070,-19,16,-0.918175,0.773200,-30,40,-1,0,,40718
1788458880.968061,15.365622,tx,-1,0.000000,1.200000,-0.117000,0.117000,,,,,,,,,,,,,,,,,aa550109000000009a99993f00878f,40862
1788458880.985187,15.382747,key,97,0.000000,1.200000,-0.117000,0.117000,,,,,,,,,,,,,,,,,aa550109000000009a99993f00878f,40862
1788458881.021676,15.419233,rx,-1,0.000000,1.200000,-0.117000,0.117000,571,14301,24956,0.018262,1.311110,0.750760,-0.008914,0.117790,-15,20,-0.726617,0.968823,-40,30,-1,0,,40862
1788458881.059795,15.457351,rx,-1,0.000000,1.200000,-0.117000,0.117000,572,14326,25008,0.003645,1.383148,0.750850,-0.008901,0.152380,-18,19,-0.870128,0.918468,-32,31,-1,0,,40862
1788458881.059842,15.457403,tx,-1,0.000000,1.200000,-0.117000,0.117000,,,,,,,,,,,,,,,,,aa550109000000009a99993f00878f,41006
1788458881.073627,15.471183,rx,-1,0.000000,1.200000,-0.117000,0.117000,573,14351,25028,0.010926,1.157928,0.751120,-0.008856,0.181361,-14,17,-0.676225,0.821131,-43,36,-1,0,,41006
1788458881.073704,15.471263,rx,-1,0.000000,1.200000,-0.117000,0.117000,574,14375,24980,0.000000,1.272426,0.751120,-0.008856,0.213146,-17,17,-0.822709,0.822709,-35,36,-1,0,,41006
1788458881.073715,15.471276,tx,-1,0.000000,1.200000,-0.117000,0.117000,,,,,,,,,,,,,,,,,aa550109000000009a99993f00878f,41150
1788458881.089957,15.487516,key,115,-0.300000,0.000000,-0.300000,-0.300000,,,,,,,,,,,,,,,,,aa5501099a9999be0000000000e17f,41150
1788458881.126497,15.524053,rx,-1,-0.300000,0.000000,-0.300000,-0.300000,575,14401,25172,0.007242,1.188443,0.751297,-0.008815,0.243061,-15,17,-0.720382,0.816433,-40,36,-1,0,,41150
1788458881.173229,15.570784,rx,-1,-0.300000,0.000000,-0.300000,-0.300000,576,14426,24848,0.000000,1.279186,0.751297,-0.008815,0.274846,-17,17,-0.827079,0.827079,-35,35,-1,0,,41150
1788458881.173276,15.570837,tx,-1,-0.300000,0.000000,-0.300000,-0.300000,,,,,,,,,,,,,,,,,aa5501099a9999be0000000000e17f,41294
1788458881.181391,15.578947,rx,-1,-0.300000,0.000000,-0.300000,-0.300000,577,14451,24976,0.010948,1.160339,0.751560,-0.008737,0.303827,-14,17,-0.677633,0.822840,-43,35,-1,0,,41294
1788458881.181463,15.579022,rx,-1,-0.300000,0.000000,-0.300000,-0.300000,578,14476,25008,0.000000,1.046707,0.751560,-0.008737,0.330003,-14,14,-0.676766,0.676766,-143,-200,-1,0,,41294
1788458881.181479,15.579039,tx,-1,-0.300000,0.000000,-0.300000,-0.300000,,,,,,,,,,,,,,,,,aa5501099a9999be0000000000e17f,41470
1788458881.235230,15.632787,rx,-1,-0.300000,0.000000,-0.300000,-0.300000,579,14500,25008,-0.127567,0.710265,0.748551,-0.009797,0.347765,-27,-8,-1.305192,-0.386723,-111,-153,-1,0,,41470
1788458881.271324,15.668879,rx,-1,-0.300000,0.000000,-0.300000,-0.300000,580,14526,24988,-0.295464,-0.112237,0.741606,-0.012304,0.344961,-39,-42,-1.886786,-2.031923,-81,-70,-1,0,,41470
1788458881.271398,15.668957,rx,-1,-0.300000,0.000000,-0.300000,-0.300000,581,14551,25016,-0.349787,-0.298963,0.733360,-0.015232,0.337482,-44,-52,-2.126299,-2.512899,-67,-43,-1,0,,41470
1788458881.271409,15.668969,tx,-1,-0.300000,0.000000,-0.300000,-0.300000,,,,,,,,,,,,,,,,,aa5501099a9999be0000000000e17f,41654
1788458881.285297,15.682852,rx,-1,-0.300000,0.000000,-0.300000,-0.300000,582,14576,24972,-0.310253,-0.037436,0.726049,-0.017794,0.336547,-42,-43,-2.033225,-2.081635,-72,-64,-1,0,,41654
1788458881.285338,15.682899,tx,-1,-0.300000,0.000000,-0.300000,-0.300000,,,,,,,,,,,,,,,,,aa5501099a9999be0000000000e17f,41790
1788458881.338858,15.736415,rx,-1,-0.300000,0.000000,-0.300000,-0.300000,583,14601,25000,-0.273446,0.186972,0.719601,-0.020066,0.341221,-40,-35,-1.934236,-1.692457,-78,-85,-1,0,,41790
1788458881.375092,15.772647,rx,-1,-0.300000,0.000000,-0.300000,-0.300000,584,14625,25000,-0.277092,0.149577,0.713078,-0.022397,0.344961,-40,-36,-1.934236,-1.740813,-78,-84,-1,0,,41790
1788458881.375180,15.772739,rx,-1,-0.300000,0.000000,-0.300000,-0.300000,585,14651,25004,-0.291629,0.000000,0.706215,-0.024863,0.344961,-40,-40,-1.933927,-1.933927,-78,-74,-1,0,,41790
1788458881.375191,15.772752,tx,-1,-0.300000,0.000000,-0.300000,-0.300000,,,,,,,,,,,,,,,,,aa5501099a9999be0000000000e17f,41942
1788458881.389115,15.786671,rx,-1,-0.300000,0.000000,-0.300000,-0.300000,586,14675,25012,-0.298824,0.000000,0.699181,-0.027390,0.344961,-41,-41,-1.981641,-1.981641,-75,-72,-1,0,,41942
1788458881.389179,15.786738,rx,-1,-0.300000,0.000000,-0.300000,-0.300000,587,14701,24972,-0.292003,0.074873,0.692321,-0.029862,0.346831,-41,-39,-1.984815,-1.887995,-75,-77,-1,0,,41942
1788458881.389189,15.786750,tx,-1,-0.300000,0.000000,-0.300000,-0.300000,,,,,,,,,,,,,,,,,aa5501099a9999be0000000000e17f,42086
1788458881.442694,15.840251,rx,-1,-0.300000,0.000000,-0.300000,-0.300000,588,14726,25020,-0.287800,0.037364,0.685551,-0.032313,0.347765,-40,-39,-1.932690,-1.884373,-78,-78,-1,0,,42086
1788458881.481688,15.879243,rx,-1,-0.300000,0.000000,-0.300000,-0.300000,589,14751,24984,-0.291863,0.000000,0.678695,-0.034798,0.347765,-40,-40,-1.935475,-1.935475,-78,-76,-1,0,,42086
1788458881.481727,15.879287,tx,-1,-0.300000,0.000000,-0.300000,-0.300000,,,,,,,,,,,,,,,,,aa5501099a9999be0000000000e17f,42230
1788458881.495504,15.893057,rx,-1,-0.300000,0.000000,-0.300000,-0.300000,590,14776,25044,-0.298443,0.000000,0.671668,-0.037345,0.347765,-41,-41,-1.979109,-1.979109,-76,-73,-1,0,,42230
1788458881.495585,15.893144,rx,-1,-0.300000,0.000000,-0.300000,-0.300000,591,14800,24980,-0.302856,0.037424,0.664557,-0.039927,0.348700,-42,-41,-2.032574,-1.984179,-73,-73,-1,0,,42230
1788458881.495598,15.893158,tx,-1,-0.300000,0.000000,-0.300000,-0.300000,,,,,,,,,,,,,,,,,aa5501099a9999be0000000000e17f,42374
1788458881.548014,15.945567,rx,-1,0.000000,0.000000,0.000000,0.000000,592,14826,24988,-0.299111,0.000000,0.657533,-0.042481,0.348700,-41,-41,-1.983544,-1.983544,-76,-73,-1,0,,42374
1788458881.593805,15.991352,rx,-1,0.000000,0.000000,0.000000,0.000000,593,14851,24988,-0.295464,0.037412,0.650595,-0.045007,0.349635,-41,-40,-1.983544,-1.935165,-76,-76,-1,0,,42374
1788458881.593884,15.991444,tx,-1,0.000000,0.000000,0.000000,0.000000,,,,,,,,,,,,,,,,,aa5501090000000000000000004829,42518
1788458881.599686,15.997245,key,115,-0.300000,0.000000,-0.300000,-0.300000,,,,,,,,,,,,,,,,,aa5501099a9999be0000000000e17f,42518
1788458881.602165,15.999719,rx,-1,-0.300000,0.000000,-0.300000,-0.300000,594,14875,25000,-0.298968,0.000000,0.643573,-0.047567,0.349635,-41,-41,-1.982592,-1.982592,95,88,-1,0,,42518
1788458881.602243,15.999801,rx,-1,-0.300000,0.000000,-0.300000,-0.300000,595,14901,25008,-0.153081,0.000000,0.639977,-0.048878,0.349635,-21,-21,-1.015149,-1.015149,47,44,-1,0,,42518
1788458881.602257,15.999817,tx,-1,-0.300000,0.000000,-0.300000,-0.300000,,,,,,,,,,,,,,,,,aa5501099a9999be0000000000e17f,42662
1788458881.654162,16.051719,rx,-1,-0.300000,0.000000,-0.300000,-0.300000,596,14925,25008,0.054672,-0.037382,0.641261,-0.048411,0.348700,8,7,0.386723,0.338383,-201,-188,-1,0,,42662
1788458881.688990,16.086543,rx,-1,-0.300000,0.000000,-0.300000,-0.300000,597,14951,24988,-0.058363,0.074825,0.639891,-0.048910,0.350570,-9,-7,-0.435412,-0.338654,-163,-161,-1,0,,42662
1788458881.689037,16.086597,tx,-1,-0.300000,0.000000,-0.300000,-0.300000,,,,,,,,,,,,,,,,,aa5501099a9999be0000000000e17f,42806
1788458881.694766,16.092326,key,115,-0.300000,0.000000,-0.300000,-0.300000,,,,,,,,,,,,,,,,,aa5501099a9999be0000000000e17f,42806
1788458881.708578,16.106135,rx,-1,-0.300000,0.000000,-0.300000,-0.300000,598,14976,25016,-0.273271,0.112111,0.633474,-0.051267,0.353375,-39,-36,-1.884674,-1.739699,-85,-91,-1,0,,42806
1788458881.708646,16.106205,rx,-1,-0.300000,0.000000,-0.300000,-0.300000,599,15001,24976,-0.368595,0.037430,0.624838,-0.054457,0.354309,-51,-50,-2.468521,-2.420118,-52,-55,-1,0,,42806
1788458881.708681,16.106242,tx,-1,-0.300000,0.000000,-0.300000,-0.300000,,,,,,,,,,,,,,,,,aa5501099a9999be0000000000e17f,43005
1788458881.753900,16.151459,key,115,-0.300000,0.000000,-0.300000,-0.300000,,,,,,,,,,,,,,,,,aa5501099a9999be0000000000e17f,43005
1788458881.762057,16.159615,rx,-1,-0.300000,0.000000,-0.300000,-0.300000,600,15026,25032,-0.316792,-0.037347,0.617400,-0.057205,0.353375,-43,-44,-2.076646,-2.124940,-73,-69,-1,0,,43005
1788458881.798340,16.195894,rx,-1,-0.300000,0.000000,-0.300000,-0.300000,601,15051,24996,-0.295369,-0.037400,0.610472,-0.059756,0.352440,-40,-41,-1.934546,-1.982909,-80,-76,-1,0,,43005
1788458881.798383,16.195943,tx,-1,-0.300000,0.000000,-0.300000,-0.300000,,,,,,,,,,,,,,,,,aa5501099a9999be0000000000e17f,43181
1788458881.812189,16.209743,rx,-1,-0.300000,0.000000,-0.300000,-0.300000,602,15076,24980,-0.291909,0.000000,0.603628,-0.062273,0.352440,-40,-40,-1.935785,-1.935785,-81,-79,-1,0,,43181
1788458881.812291,16.209849,rx,-1,-0.300000,0.000000,-0.300000,-0.300000,603,15100,25000,-0.298968,0.000000,0.596613,-0.064853,0.352440,-41,-41,-1.982592,-1.982592,-78,-77,-1,0,,43181
1788458881.812311,16.209871,tx,-1,-0.300000,0.000000,-0.300000,-0.300000,,,,,,,,,,,,,,,,,aa5501099a9999be0000000000e17f,43325
1788458881.834786,16.232345,key,115,-0.300000,0.000000,-0.300000,-0.300000,,,,,,,,,,,,,,,,,aa5501099a9999be0000000000e17f,43325
1788458881.865081,16.262637,rx,-1,-0.300000,0.000000,-0.300000,-0.300000,604,15126,24996,-0.306309,0.074801,0.589430,-0.067503,0.354309,-43,-41,-2.079637,-1.982909,-73,-77,-1,0,,43325
1788458881.903324,16.300880,rx,-1,-0.300000,0.000000,-0.300000,-0.300000,605,15151,25040,-0.294850,0.037335,0.582507,-0.070068,0.355244,-41,-40,-1.979425,-1.931146,-78,-80,-1,0,,43325
1788458881.903366,16.300926,tx,-1,-0.300000,0.000000,-0.300000,-0.300000,,,,,,,,,,,,,,,,,aa5501099a9999be0000000000e17f,43501
1788458881.914547,16.312106,key,115,-0.300000,0.000000,-0.300000,-0.300000,,,,,,,,,,,,,,,,,aa5501099a9999be0000000000e17f,43501
1788458881.917022,16.314578,rx,-1,-0.300000,0.000000,-0.300000,-0.300000,606,15176,25000,-0.298968,0.000000,0.575499,-0.072667,0.355244,-41,-41,-1.982592,-1.982592,-78,-77,-1,0,,43501
1788458881.917081,16.314639,rx,-1,-0.300000,0.000000,-0.300000,-0.300000,607,15201,24960,-0.299447,0.000000,0.568492,-0.075267,0.355244,-41,-41,-1.985769,-1.985769,-78,-77,-1,0,,43501
1788458881.917126,16.314686,tx,-1,-0.300000,0.000000,-0.300000,-0.300000,,,,,,,,,,,,,,,,,aa5501099a9999be0000000000e17f,43645
1788458881.969476,16.367033,rx,-1,-0.300000,0.000000,-0.300000,-0.300000,608,15225,25000,-0.295322,-0.037394,0.561568,-0.077832,0.354309,-40,-41,-1.934236,-1.982592,-81,-77,-1,0,,43645
1788458882.006840,16.404395,rx,-1,-0.300000,0.000000,-0.300000,-0.300000,609,15251,24996,-0.299016,0.074800,0.554561,-0.080432,0.356179,-42,-40,-2.031273,-1.934546,-75,-80,-1,0,,43645
1788458882.006916,16.404475,rx,-1,-0.300000,0.000000,-0.300000,-0.300000,610,15276,25020,-0.302372,0.037364,0.547472,-0.083073,0.357114,-42,-41,-2.029325,-1.981007,-75,-77,-1,0,,43645
1788458882.006927,16.404487,tx,-1,-0.300000,0.000000,-0.300000,-0.300000,,,,,,,,,,,,,,,,,aa5501099a9999be0000000000e17f,43797
1788458882.012670,16.410229,key,115,-0.300000,0.000000,-0.300000,-0.300000,,,,,,,,,,,,,,,,,aa5501099a9999be0000000000e17f,43797
1788458882.020726,16.418282,rx,-1,-0.300000,0.000000,-0.300000,-0.300000,611,15301,25008,-0.302517,-0.037383,0.540382,-0.085714,0.356179,-41,-42,-1.981958,-2.030298,-78,-75,-1,0,,43797
1788458882.020794,16.418353,rx,-1,-0.300000,0.000000,-0.300000,-0.300000,612,15326,24988,-0.295464,0.037412,0.533464,-0.088292,0.357114,-41,-40,-1.983544,-1.935165,-78,-80,-1,0,,43797
1788458882.020804,16.418363,tx,-1,-0.300000,0.000000,-0.300000,-0.300000,,,,,,,,,,,,,,,,,aa5501099a9999be0000000000e17f,43941
1788458882.074367,16.471923,rx,-1,-0.300000,0.000000,-0.300000,-0.300000,613,15351,25012,-0.298824,0.074753,0.526464,-0.090911,0.358984,-42,-40,-2.029974,-1.933308,-75,-80,-1,0,,43941
1788458882.120985,16.518537,rx,-1,-0.300000,0.000000,-0.300000,-0.300000,614,15376,24984,-0.302808,0.037418,0.519382,-0.093572,0.359919,-42,-41,-2.032248,-1.983862,-75,-78,-1,0,,43941
1788458882.121036,16.518595,tx,-1,-0.300000,0.000000,-0.300000,-0.300000,,,,,,,,,,,,,,,,,aa5501099a9999be0000000000e17f,44085
1788458882.126779,16.524338,key,115,-0.300000,0.000000,-0.300000,-0.300000,,,,,,,,,,,,,,,,,aa5501099a9999be0000000000e17f,44085
1788458882.129232,16.526786,rx,-1,-0.300000,0.000000,-0.300000,-0.300000,615,15400,25000,-0.302614,-0.037394,0.512300,-0.096234,0.358984,-41,-42,-1.982592,-2.030948,-78,-75,-1,0,,44085
1788458882.129298,16.526857,rx,-1,-0.300000,0.000000,-0.300000,-0.300000,616,15426,25012,-0.298824,0.000000,0.505302,-0.098859,0.358984,-41,-41,-1.981641,-1.981641,-78,-78,-1,0,,44085
1788458882.129308,16.526868,tx,-1,-0.300000,0.000000,-0.300000,-0.300000,,,,,,,,,,,,,,,,,aa5501099a9999be0000000000e17f,44229
1788458882.169157,16.566715,key,115,-0.300000,0.000000,-0.300000,-0.300000,,,,,,,,,,,,,,,,,aa5501099a9999be0000000000e17f,44229
1788458882.182955,16.580513,rx,-1,-0.300000,0.000000,-0.300000,-0.300000,617,15451,25008,-0.298872,0.074765,0.498307,-0.101492,0.360853,-42,-40,-2.030298,-1.933617,-75,-80,-1,0,,44229
1788458882.218959,16.616514,rx,-1,-0.300000,0.000000,-0.300000,-0.300000,618,15476,24980,-0.306505,0.000000,0.491143,-0.104195,0.360853,-42,-42,-2.032574,-2.032574,-75,-75,-1,0,,44229
1788458882.219000,16.616560,tx,-1,-0.300000,0.000000,-0.300000,-0.300000,,,,,,,,,,,,,,,,,aa5501099a9999be0000000000e17f,44373
1788458882.238574,16.636128,rx,-1,-0.300000,0.000000,-0.300000,-0.300000,619,15501,25012,-0.302469,0.037376,0.484067,-0.106870,0.361788,-42,-41,-2.029974,-1.981641,-74,-78,-1,0,,44373
1788458882.238648,16.636207,rx,-1,-0.300000,0.000000,-0.300000,-0.300000,620,15525,24976,-0.299255,0.074861,0.477079,-0.109522,0.363658,-42,-40,-2.032900,-1.936095,-74,-80,-1,0,,44373
1788458882.238660,16.636220,tx,-1,-0.300000,0.000000,-0.300000,-0.300000,,,,,,,,,,,,,,,,,aa5501099a9999be0000000000e17f,44517
1788458882.250077,16.647635,key,115,-0.300000,0.000000,-0.300000,-0.300000,,,,,,,,,,,,,,,,,aa5501099a9999be0000000000e17f,44517
1788458882.292400,16.689956,rx,-1,-0.300000,0.000000,-0.300000,-0.300000,621,15551,25020,-0.306015,0.000000,0.469923,-0.112245,0.363658,-42,-42,-2.029325,-2.029325,-74,-75,-1,0,,44517
1788458882.330178,16.727729,rx,-1,-0.300000,0.000000,-0.300000,-0.300000,622,15576,24992,-0.299064,0.000000,0.462938,-0.114903,0.363658,-41,-41,-1.983227,-1.983227,-77,-78,-1,0,,44517
1788458882.330236,16.727796,tx,-1,-0.300000,0.000000,-0.300000,-0.300000,,,,,,,,,,,,,,,,,aa5501099a9999be0000000000e17f,44693
1788458882.335978,16.733537,key,115,-0.300000,0.000000,-0.300000,-0.300000,,,,,,,,,,,,,,,,,aa5501099a9999be0000000000e17f,44693
1788458882.344164,16.741718,rx,-1,-0.300000,0.000000,-0.300000,-0.300000,623,15601,25008,-0.298872,0.074765,0.455955,-0.117569,0.365528,-42,-40,-2.030298,-1.933617,-74,-80,-1,0,,44693
1788458882.344235,16.741793,rx,-1,-0.300000,0.000000,-0.300000,-0.300000,624,15626,25016,-0.306064,0.000000,0.448804,-0.120305,0.365528,-42,-42,-2.029649,-2.029649,-74,-75,-1,0,,44693
1788458882.344249,16.741808,tx,-1,-0.300000,0.000000,-0.300000,-0.300000,,,,,,,,,,,,,,,,,aa5501099a9999be0000000000e17f,44837
1788458882.396812,16.794367,rx,-1,-0.300000,0.000000,-0.300000,-0.300000,625,15650,24992,-0.299064,0.000000,0.441824,-0.122977,0.365528,-41,-41,-1.983227,-1.983227,-76,-78,-1,0,,44837
1788458882.435724,16.833279,rx,-1,-0.300000,0.000000,-0.300000,-0.300000,626,15676,25000,-0.298968,0.000000,0.434843,-0.125648,0.365528,-41,-41,-1.982592,-1.982592,-76,-78,-1,0,,44837
1788458882.435765,16.833325,tx,-1,-0.300000,0.000000,-0.300000,-0.300000,,,,,,,,,,,,,,,,,aa5501099a9999be0000000000e17f,45013
1788458882.441482,16.839041,key,115,-0.300000,0.000000,-0.300000,-0.300000,,,,,,,,,,,,,,,,,aa5501099a9999be0000000000e17f,45013
1788458882.449027,16.846581,rx,-1,-0.300000,0.000000,-0.300000,-0.300000,627,15700,24984,-0.299159,0.000000,0.427863,-0.128320,0.365528,-41,-41,-1.983862,-1.983862,-76,-78,-1,0,,45013
1788458882.449106,16.846664,rx,-1,-0.300000,0.000000,-0.300000,-0.300000,628,15726,25004,-0.302565,0.037388,0.420798,-0.131028,0.366463,-42,-41,-2.030623,-1.982275,-74,-78,-1,0,,45013
1788458882.449154,16.846712,rx,-1,-0.300000,0.000000,-0.300000,-0.300000,629,15751,25016,-0.306064,0.000000,0.413650,-0.133771,0.366463,-42,-42,-2.029649,-2.029649,-74,-75,-1,0,,45013
1788458882.449164,16.846723,tx,-1,-0.300000,0.000000,-0.300000,-0.300000,,,,,,,,,,,,,,,,,aa5501099a9999be0000000000e17f,45165
1788458882.500191,16.897749,key,115,-0.300000,0.000000,-0.300000,-0.300000,,,,,,,,,,,,,,,,,aa5501099a9999be0000000000e17f,45165
1788458882.502434,16.899989,rx,-1,-0.300000,0.000000,-0.300000,-0.300000,630,15776,25012,-0.306113,-0.074753,0.406500,-0.136508,0.364593,-41,-43,-1.981641,-2.078306,-76,-72,-1,0,,45165
1788458882.545104,16.942655,rx,-1,-0.300000,0.000000,-0.300000,-0.300000,631,15801,24968,-0.299351,0.000000,0.399517,-0.139173,0.364593,-41,-41,-1.985133,-1.985133,-76,-77,-1,0,,45165
1788458882.545148,16.942707,tx,-1,-0.300000,0.000000,-0.300000,-0.300000,,,,,,,,,,,,,,,,,aa5501099a9999be0000000000e17f,45309
1788458882.553270,16.950820,rx,-1,-0.300000,0.000000,-0.300000,-0.300000,632,15825,25016,-0.298777,0.074741,0.392536,-0.141844,0.366463,-42,-40,-2.029649,-1.932999,-74,-80,-1,0,,45309
1788458882.553358,16.950916,rx,-1,-0.300000,0.000000,-0.300000,-0.300000,633,15851,24996,-0.302662,-0.037400,0.385472,-0.144552,0.365528,-41,-42,-1.982909,-2.031273,-76,-75,-1,0,,45309
1788458882.553370,16.950929,tx,-1,-0.300000,0.000000,-0.300000,-0.300000,,,,,,,,,,,,,,,,,aa5501099a9999be0000000000e17f,45453
1788458882.581365,16.978923,key,115,-0.300000,0.000000,-0.300000,-0.300000,,,,,,,,,,,,,,,,,aa5501099a9999be0000000000e17f,45453
1788458882.606329,17.003886,rx,-1,-0.300000,0.000000,-0.300000,-0.300000,634,15876,24980,-0.299207,0.000000,0.378492,-0.147223,0.365528,-41,-41,-1.984179,-1.984179,-76,-77,-1,0,,45453
1788458882.643727,17.041282,rx,-1,-0.300000,0.000000,-0.300000,-0.300000,635,15901,25016,-0.302420,0.037371,0.371427,-0.149931,0.366463,-42,-41,-2.029649,-1.981324,-73,-78,-1,0,,45453
1788458882.643763,17.041322,tx,-1,-0.300000,0.000000,-0.300000,-0.300000,,,,,,,,,,,,,,,,,aa5501099a9999be0000000000e17f,45597
1788458882.656857,17.054409,rx,-1,-0.300000,0.000000,-0.300000,-0.300000,636,15926,25020,-0.298729,0.000000,0.364449,-0.152609,0.366463,-41,-41,-1.981007,-1.981007,-76,-78,-1,0,,45597
1788458882.656927,17.054485,rx,-1,-0.300000,0.000000,-0.300000,-0.300000,637,15950,24960,-0.299447,0.000000,0.357471,-0.155287,0.366463,-41,-41,-1.985769,-1.985769,-76,-77,-1,0,,45597
1788458882.656940,17.054499,tx,-1,-0.300000,0.000000,-0.300000,-0.300000,,,,,,,,,,,,,,,,,aa5501099a9999be0000000000e17f,45741
1788458882.667883,17.065442,key,115,-0.300000,0.000000,-0.300000,-0.300000,,,,,,,,,,,,,,,,,aa5501099a9999be0000000000e17f,45741
1788458882.709966,17.107507,rx,-1,-0.300000,0.000000,-0.300000,-0.300000,638,15976,25036,-0.298538,0.074681,0.350496,-0.157972,0.368332,-42,-40,-2.028028,-1.931455,-73,-80,-1,0,,45741
1788458882.746312,17.143866,rx,-1,-0.300000,0.000000,-0.300000,-0.300000,639,16001,24992,-0.295416,-0.037406,0.343607,-0.160627,0.367397,-40,-41,-1.934855,-1.983227,-79,-78,-1,0,,45741
1788458882.746378,17.143937,tx,-1,-0.300000,0.000000,-0.300000,-0.300000,,,,,,,,,,,,,,,,,aa5501099a9999be0000000000e17f,45940
1788458882.752132,17.149690,key,115,-0.300000,0.000000,-0.300000,-0.300000,,,,,,,,,,,,,,,,,aa5501099a9999be0000000000e17f,45940
1788458882.760373,17.157926,rx,-1,-0.300000,0.000000,-0.300000,-0.300000,640,16026,25028,-0.291350,0.149410,0.336807,-0.163259,0.371137,-42,-38,-2.028676,-1.835469,-73,-86,-1,0,,45940
1788458882.760460,17.158018,rx,-1,-0.300000,0.000000,-0.300000,-0.300000,641,16051,24952,-0.306849,0.000000,0.329671,-0.166036,0.371137,-42,-42,-2.034855,-2.034855,-73,-76,-1,0,,45940
1788458882.760473,17.158032,tx,-1,-0.300000,0.000000,-0.300000,-0.300000,,,,,,,,,,,,,,,,,aa5501099a9999be0000000000e17f,46084
1788458882.814063,17.211617,rx,-1,-0.300000,0.000000,-0.300000,-0.300000,642,16076,25028,-0.302275,-0.037352,0.322620,-0.168776,0.370202,-41,-42,-1.980374,-2.028676,-76,-76,-1,0,,46084
1788458882.852416,17.249969,rx,-1,-0.300000,0.000000,-0.300000,-0.300000,643,16101,24988,-0.302759,-0.037412,0.315566,-0.171510,0.369267,-41,-42,-1.983544,-2.031923,-76,-75,-1,0,,46084
1788458882.852458,17.250017,tx,-1,-0.300000,0.000000,-0.300000,-0.300000,,,,,,,,,,,,,,,,,aa5501099a9999be0000000000e17f,46228
1788458882.858188,17.255746,key,115,-0.300000,0.000000,-0.300000,-0.300000,,,,,,,,,,,,,,,,,aa5501099a9999be0000000000e17f,46228
1788458882.866233,17.263786,rx,-1,-0.300000,0.000000,-0.300000,-0.300000,644,16125,25020,-0.302372,0.037364,0.308512,-0.174244,0.370202,-42,-41,-2.029325,-1.981007,-73,-78,-1,0,,46228
1788458882.866311,17.263868,rx,-1,-0.300000,0.000000,-0.300000,-0.300000,645,16151,25020,-0.295086,0.037364,0.301630,-0.176918,0.371137,-41,-40,-1.981007,-1.932690,-76,-81,-1,0,,46228
1788458882.866323,17.263882,tx,-1,-0.300000,0.000000,-0.300000,-0.300000,,,,,,,,,,,,,,,,,aa5501099a9999be0000000000e17f,46372
1788458882.919637,17.317189,rx,-1,-0.300000,0.000000,-0.300000,-0.300000,646,16176,24948,-0.299591,0.000000,0.294665,-0.179629,0.371137,-41,-41,-1.986724,-1.986724,-75,-78,-1,0,,46372
1788458882.957882,17.355435,rx,-1,-0.300000,0.000000,-0.300000,-0.300000,647,16201,25000,-0.306260,0.000000,0.287529,-0.182406,0.371137,-42,-42,-2.030948,-2.030948,-73,-76,-1,0,,46372
1788458882.957940,17.355500,tx,-1,-0.300000,0.000000,-0.300000,-0.300000,,,,,,,,,,,,,,,,,aa5501099a9999be0000000000e17f,46516
1788458882.963737,17.361296,key,115,-0.300000,0.000000,-0.300000,-0.300000,,,,,,,,,,,,,,,,,aa5501099a9999be0000000000e17f,46516
1788458882.971863,17.369416,rx,-1,-0.300000,0.000000,-0.300000,-0.300000,648,16226,25004,-0.298920,0.000000,0.280564,-0.185116,0.371137,-41,-41,-1.982275,-1.982275,-76,-78,-1,0,,46516
1788458882.971943,17.369501,rx,-1,-0.300000,0.000000,-0.300000,-0.300000,649,16250,25016,-0.291489,0.000000,0.273769,-0.187761,0.371137,-40,-40,-1.932999,-1.932999,-78,-81,-1,0,,46516
1788458882.971954,17.369513,tx,-1,-0.300000,0.000000,-0.300000,-0.300000,,,,,,,,,,,,,,,,,aa5501099a9999be0000000000e17f,46660
1788458883.000101,17.397658,key,115,-0.300000,0.000000,-0.300000,-0.300000,,,,,,,,,,,,,,,,,aa5501099a9999be0000000000e17f,46660
1788458883.025353,17.422909,rx,-1,-0.300000,0.000000,-0.300000,-0.300000,650,16276,24972,-0.302953,0.037436,0.266720,-0.190508,0.372072,-42,-41,-2.033225,-1.984815,-73,-78,-1,0,,46660
1788458883.065556,17.463109,rx,-1,-0.300000,0.000000,-0.300000,-0.300000,651,16301,25024,-0.302324,-0.037358,0.259671,-0.193255,0.371137,-41,-42,-1.980691,-2.029000,-76,-76,-1,0,,46660
1788458883.065604,17.463163,tx,-1,-0.300000,0.000000,-0.300000,-0.300000,,,,,,,,,,,,,,,,,aa5501099a9999be0000000000e17f,46836
1788458883.078995,17.476549,rx,-1,-0.300000,0.000000,-0.300000,-0.300000,652,16326,24980,-0.295558,0.037424,0.252792,-0.195936,0.372072,-41,-40,-1.984179,-1.935785,-76,-81,-1,0,,46836
1788458883.079070,17.476628,rx,-1,-0.300000,0.000000,-0.300000,-0.300000,653,16351,25016,-0.298777,0.000000,0.245829,-0.198653,0.372072,-41,-41,-1.981324,-1.981324,-76,-78,-1,0,,46836
1788458883.079087,17.476645,tx,-1,-0.300000,0.000000,-0.300000,-0.300000,,,,,,,,,,,,,,,,,aa5501099a9999be0000000000e17f,47012
1788458883.084792,17.482350,key,115,-0.300000,0.000000,-0.300000,-0.300000,,,,,,,,,,,,,,,,,aa5501099a9999be0000000000e17f,47012
1788458883.132028,17.529582,rx,-1,-0.300000,0.000000,-0.300000,-0.300000,654,16375,24976,-0.302905,-0.037430,0.238780,-0.201400,0.371137,-41,-42,-1.984497,-2.032900,-76,-76,-1,0,,47012
1788458883.200878,17.598430,rx,-1,-0.300000,0.000000,-0.300000,-0.300000,655,16401,25012,-0.298824,0.000000,0.231815,-0.204111,0.371137,-41,-41,-1.981641,-1.981641,-76,-78,-1,0,,47012
1788458883.200965,17.598522,rx,-1,-0.300000,0.000000,-0.300000,-0.300000,656,16425,25028,-0.302275,0.037352,0.224766,-0.206858,0.372072,-42,-41,-2.028676,-1.980374,-73,-78,-1,0,,47012
1788458883.200977,17.598535,tx,-1,-0.300000,0.000000,-0.300000,-0.300000,,,,,,,,,,,,,,,,,aa5501099a9999be0000000000e17f,47164
1788458883.206603,17.604159,key,115,-0.300000,0.000000,-0.300000,-0.300000,,,,,,,,,,,,,,,,,aa5501099a9999be0000000000e17f,47164
1788458883.209034,17.606587,rx,-1,-0.300000,0.000000,-0.300000,-0.300000,657,16451,25024,-0.302324,-0.037358,0.217717,-0.209605,0.371137,-41,-42,-1.980691,-2.029000,-76,-76,-1,0,,47164
1788458883.209091,17.606648,rx,-1,-0.300000,0.000000,-0.300000,-0.300000,658,16476,24976,-0.302905,-0.037430,0.210665,-0.212346,0.370202,-41,-42,-1.984497,-2.032900,-76,-75,-1,0,,47164
1788458883.209136,17.606694,rx,-1,-0.300000,0.000000,-0.300000,-0.300000,659,16501,24996,-0.299016,-0.074800,0.203695,-0.215043,0.368332,-40,-42,-1.934546,-2.031273,-78,-75,-1,0,,47164
1788458883.209145,17.606704,tx,-1,-0.300000,0.000000,-0.300000,-0.300000,,,,,,,,,,,,,,,,,aa5501099a9999be0000000000e17f,47380
1788458883.253467,17.651024,key,115,-0.300000,0.000000,-0.300000,-0.300000,,,,,,,,,,,,,,,,,aa5501099a9999be0000000000e17f,47380
1788458883.261583,17.659137,rx,-1,-0.300000,0.000000,-0.300000,-0.300000,660,16526,24976,-0.302905,0.037430,0.196638,-0.217771,0.369267,-42,-41,-2.032900,-1.984497,-73,-78,-1,0,,47380
1788458883.298072,17.695626,rx,-1,-0.300000,0.000000,-0.300000,-0.300000,661,16550,25012,-0.302469,0.037376,0.189584,-0.220504,0.370202,-42,-41,-2.029974,-1.981641,-73,-78,-1,0,,47380
1788458883.298102,17.695661,tx,-1,-0.300000,0.000000,-0.300000,-0.300000,,,,,,,,,,,,,,,,,aa5501099a9999be0000000000e17f,47524
1788458883.311757,17.709309,rx,-1,-0.300000,0.000000,-0.300000,-0.300000,662,16576,25008,-0.295227,-0.037382,0.182700,-0.223172,0.369267,-40,-41,-1.933617,-1.981958,-78,-78,-1,0,,47524
1788458883.311859,17.709415,rx,-1,-0.300000,0.000000,-0.300000,-0.300000,663,16601,25008,-0.302517,0.037383,0.175646,-0.225906,0.370202,-42,-41,-2.030298,-1.981958,-73,-78,-1,0,,47524
1788458883.311877,17.709436,tx,-1,-0.300000,0.000000,-0.300000,-0.300000,,,,,,,,,,,,,,,,,aa5501099a9999be0000000000e17f,47668
1788458883.365305,17.762860,rx,-1,-0.300000,0.000000,-0.300000,-0.300000,664,16626,24960,-0.299447,0.000000,0.168678,-0.228611,0.370202,-41,-41,-1.985769,-1.985769,-75,-78,-1,0,,47668
1788458883.400682,17.798230,rx,-1,-0.300000,0.000000,-0.300000,-0.300000,665,16651,25000,-0.295322,0.037394,0.161796,-0.231285,0.371137,-41,-40,-1.982592,-1.934236,-76,-81,-1,0,,47668
1788458883.400761,17.798319,tx,-1,-0.300000,0.000000,-0.300000,-0.300000,,,,,,,,,,,,,,,,,aa5501099a9999be0000000000e17f,47812
1788458883.419851,17.817404,rx,-1,-0.300000,0.000000,-0.300000,-0.300000,666,16675,25000,-0.306260,0.000000,0.154661,-0.234062,0.371137,-42,-42,-2.030948,-2.030948,-73,-75,-1,0,,47812
1788458883.419929,17.817486,rx,-1,-0.300000,0.000000,-0.300000,-0.300000,667,16701,25044,-0.302082,0.037329,0.147612,-0.236809,0.372072,-42,-41,-2.027380,-1.979109,-73,-78,-1,0,,47812
1788458883.419941,17.817499,tx,-1,-0.300000,0.000000,-0.300000,-0.300000,,,,,,,,,,,,,,,,,aa5501099a9999be0000000000e17f,47956
1788458883.425518,17.823075,key,119,0.300000,0.000000,0.300000,0.300000,,,,,,,,,,,,,,,,,aa5501099a99993e0000000000c1ab,47956
1788458883.473311,17.870866,rx,-1,0.300000,0.000000,0.300000,0.300000,668,16726,24984,-0.295511,-0.037418,0.140733,-0.239490,0.371137,-40,-41,-1.935475,-1.983862,-78,-78,-1,0,,47956
1788458883.513260,17.910813,rx,-1,0.300000,0.000000,0.300000,0.300000,669,16751,25024,-0.298681,0.000000,0.133768,-0.242200,0.371137,-41,-41,-1.980691,-1.980691,-76,-78,-1,0,,47956
1788458883.513298,17.910857,tx,-1,0.300000,0.000000,0.300000,0.300000,,,,,,,,,,,,,,,,,aa5501099a99993e0000000000c1ab,48100
1788458883.527126,17.924675,rx,-1,0.300000,0.000000,0.300000,0.300000,670,16776,24972,-0.295653,0.037436,0.126888,-0.244881,0.372072,-41,-40,-1.984815,-1.936405,229,229,-1,12,,48100
1788458883.527219,17.924776,rx,-1,0.300000,0.000000,0.300000,0.300000,671,16801,25012,-0.109326,0.074753,0.124342,-0.245878,0.373941,-16,-14,-0.773323,-0.676658,216,200,-1,0,,48100
1788458883.527238,17.924797,tx,-1,0.300000,0.000000,0.300000,0.300000,,,,,,,,,,,,,,,,,aa5501099a99993e0000000000c1ab,48244
1788458883.580962,17.978516,rx,-1,0.300000,0.000000,0.300000,0.300000,672,16826,25016,0.196755,0.074741,0.128922,-0.244075,0.375811,26,28,1.256449,1.353099,110,100,-1,0,,48244
1788458883.620945,18.018497,rx,-1,0.300000,0.000000,0.300000,0.300000,673,16850,24988,0.317350,-0.037412,0.136300,-0.241168,0.374876,44,43,2.128682,2.080302,62,63,-1,0,,48244
1788458883.620989,18.018547,tx,-1,0.300000,0.000000,0.300000,0.300000,,,,,,,,,,,,,,,,,aa5501099a99993e0000000000c1ab,48388
1788458883.634564,18.032118,rx,-1,0.300000,0.000000,0.300000,0.300000,674,16876,25000,0.331781,-0.037394,0.144020,-0.238135,0.373941,46,45,2.224371,2.176016,56,57,-1,0,,48388
1788458883.634634,18.032191,rx,-1,0.300000,0.000000,0.300000,0.300000,675,16901,24988,0.280873,-0.037412,0.150555,-0.235574,0.373006,39,38,1.886786,1.838407,75,75,-1,0,,48388
1788458883.634650,18.032209,tx,-1,0.300000,0.000000,0.300000,0.300000,,,,,,,,,,,,,,,,,aa5501099a99993e0000000000c1ab,48596
1788458883.687941,18.085496,rx,-1,0.300000,0.000000,0.300000,0.300000,676,16926,24988,0.266282,0.037412,0.156750,-0.233147,0.373941,36,37,1.741649,1.790028,84,78,-1,0,,48596
1788458883.731667,18.129219,rx,-1,0.300000,0.000000,0.300000,0.300000,677,16951,24988,0.277225,0.000000,0.163198,-0.230616,0.373941,38,38,1.838407,1.838407,79,76,-1,0,,48596
1788458883.731753,18.129310,rx,-1,0.300000,0.000000,0.300000,0.300000,678,16975,24996,0.299016,0.000000,0.170156,-0.227886,0.373941,41,41,1.982909,1.982909,71,69,-1,0,,48596
1788458883.731765,18.129323,tx,-1,0.300000,0.000000,0.300000,0.300000,,,,,,,,,,,,,,,,,aa5501099a99993e0000000000c1ab,48748
1788458883.739952,18.137503,rx,-1,0.300000,0.000000,0.300000,0.300000,679,17001,25016,0.298777,0.000000,0.177114,-0.225156,0.373941,41,41,1.981324,1.981324,71,69,-1,0,,48748
1788458883.740058,18.137616,rx,-1,0.300000,0.000000,0.300000,0.300000,680,17026,25036,0.273053,-0.112022,0.183481,-0.222667,0.371137,39,36,1.883168,1.738309,77,82,-1,0,,48748
1788458883.740072,18.137630,tx,-1,0.300000,0.000000,0.300000,0.300000,,,,,,,,,,,,,,,,,aa5501099a99993e0000000000c1ab,48947
1788458883.793595,18.191149,rx,-1,0.300000,0.000000,0.300000,0.300000,681,17051,24984,0.288214,0.037418,0.190190,-0.220053,0.372072,39,40,1.887088,1.935475,77,73,-1,0,,48947
1788458883.836060,18.233612,rx,-1,0.300000,0.000000,0.300000,0.300000,682,17076,24996,0.302662,0.037400,0.197237,-0.217299,0.373007,41,42,1.982909,2.031273,72,68,-1,0,,48947
1788458883.836150,18.233708,tx,-1,0.300000,0.000000,0.300000,0.300000,,,,,,,,,,,,,,,,,aa5501099a99993e0000000000c1ab,49091
1788458883.844144,18.241696,rx,-1,0.300000,0.000000,0.300000,0.300000,683,17100,24984,0.291863,0.000000,0.204027,-0.214642,0.373007,40,40,1.935475,1.935475,75,73,-1,0,,49091
1788458883.844228,18.241785,rx,-1,0.300000,0.000000,0.300000,0.300000,684,17126,24996,0.291723,-0.074801,0.210820,-0.211991,0.371137,41,39,1.982909,1.886182,72,76,-1,0,,49091
1788458883.844240,18.241798,tx,-1,0.300000,0.000000,0.300000,0.300000,,,,,,,,,,,,,,,,,aa5501099a99993e0000000000c1ab,49235
1788458883.896739,18.294292,rx,-1,0.000000,0.000000,0.000000,0.000000,685,17150,25000,0.291676,0.000000,0.217616,-0.209346,0.371137,40,40,1.934236,1.934236,75,74,-1,0,,49235
1788458883.938567,18.336122,rx,-1,0.000000,0.000000,0.000000,0.000000,686,17176,25044,0.294803,0.037329,0.224495,-0.206665,0.372072,40,41,1.930838,1.979109,76,71,-1,0,,49235
1788458883.938601,18.336159,tx,-1,0.000000,0.000000,0.000000,0.000000,,,,,,,,,,,,,,,,,aa5501090000000000000000004829,49379
1788458883.944370,18.341927,key,119,0.300000,0.000000,0.300000,0.300000,,,,,,,,,,,,,,,,,aa5501099a99993e0000000000c1ab,49379
1788458883.952537,18.350087,rx,-1,0.300000,0.000000,0.300000,0.300000,687,17201,24972,0.288353,-0.037436,0.231204,-0.204051,0.371137,40,39,1.936405,1.887995,-95,-85,-1,0,,49379
1788458883.952629,18.350186,rx,-1,0.300000,0.000000,0.300000,0.300000,688,17225,24996,0.138568,0.000000,0.234432,-0.202795,0.371137,19,19,0.918909,0.918909,-44,-41,-1,0,,49379
1788458883.952647,18.350205,tx,-1,0.300000,0.000000,0.300000,0.300000,,,,,,,,,,,,,,,,,aa5501099a99993e0000000000c1ab,49523
1788458884.005117,18.402668,rx,-1,0.300000,0.000000,0.300000,0.300000,689,17251,24996,-0.043758,0.000000,0.233413,-0.203191,0.371137,-6,-6,-0.290182,-0.290182,193,184,-1,0,,49523
1788458884.042301,18.439854,rx,-1,0.300000,0.000000,0.300000,0.300000,690,17275,24988,0.047420,-0.037412,0.234517,-0.202762,0.370202,7,6,0.338654,0.290275,166,162,-1,0,,49523
1788458884.042339,18.439897,tx,-1,0.300000,0.000000,0.300000,0.300000,,,,,,,,,,,,,,,,,aa5501099a99993e0000000000c1ab,49667
1788458884.048045,18.445603,key,119,0.300000,0.000000,0.300000,0.300000,,,,,,,,,,,,,,,,,aa5501099a99993e0000000000c1ab,49667
1788458884.056161,18.453713,rx,-1,0.300000,0.000000,0.300000,0.300000,691,17301,25004,0.251530,-0.112165,0.240383,-0.200495,0.367397,36,33,1.740534,1.595490,91,98,-1,0,,49667
1788458884.056234,18.453790,rx,-1,0.300000,0.000000,0.300000,0.300000,692,17326,25036,0.360430,-0.037341,0.248806,-0.197257,0.366462,50,49,2.414319,2.366032,53,57,-1,0,,49667
1788458884.056244,18.453802,tx,-1,0.300000,0.000000,0.300000,0.300000,,,,,,,,,,,,,,,,,aa5501099a99993e0000000000c1ab,49811
1788458884.090442,18.487998,key,119,0.300000,0.000000,0.300000,0.300000,,,,,,,,,,,,,,,,,aa5501099a99993e0000000000c1ab,49811
1788458884.109798,18.507352,rx,-1,0.300000,0.000000,0.300000,0.300000,693,17351,24960,0.339617,0.112363,0.256716,-0.194209,0.369267,45,48,2.179503,2.324803,65,58,-1,0,,49811
1788458884.161915,18.559467,rx,-1,0.300000,0.000000,0.300000,0.300000,694,17376,25044,0.287524,-0.037329,0.263433,-0.191613,0.368332,40,39,1.930838,1.882567,79,80,-1,0,,49811
1788458884.161960,18.559518,tx,-1,0.300000,0.000000,0.300000,0.300000,,,,,,,,,,,,,,,,,aa5501099a99993e0000000000c1ab,49955
1788458884.170154,18.567704,rx,-1,0.300000,0.000000,0.300000,0.300000,695,17400,24956,0.270276,0.000000,0.269725,-0.189185,0.368332,37,37,1.792323,1.792323,87,86,-1,0,,49955
1788458884.170239,18.567795,rx,-1,0.300000,0.000000,0.300000,0.300000,696,17426,24992,0.295416,-0.037406,0.276614,-0.186529,0.367397,41,40,1.983227,1.934855,77,79,-1,0,,49955
1788458884.170287,18.567844,rx,-1,0.300000,0.000000,0.300000,0.300000,697,17451,25028,0.313201,0.000000,0.283930,-0.183714,0.367397,43,43,2.076978,2.076978,71,71,-1,0,,49955
1788458884.170296,18.567854,tx,-1,0.300000,0.000000,0.300000,0.300000,,,,,,,,,,,,,,,,,aa5501099a99993e0000000000c1ab,50171
1788458884.181736,18.579292,key,119,0.300000,0.000000,0.300000,0.300000,,,,,,,,,,,,,,,,,aa5501099a99993e0000000000c1ab,50171
1788458884.223957,18.621510,rx,-1,0.300000,0.000000,0.300000,0.300000,698,17476,24980,0.299207,0.000000,0.290905,-0.181029,0.367397,41,41,1.984179,1.984179,76,76,-1,0,,50171
1788458884.260205,18.657758,rx,-1,0.300000,0.000000,0.300000,0.300000,699,17501,25000,0.291676,0.000000,0.297711,-0.178410,0.367397,40,40,1.934236,1.934236,79,79,-1,0,,50171
1788458884.260242,18.657800,tx,-1,0.300000,0.000000,0.300000,0.300000,,,,,,,,,,,,,,,,,aa5501099a99993e0000000000c1ab,50315
1788458884.265954,18.663511,key,119,0.300000,0.000000,0.300000,0.300000,,,,,,,,,,,,,,,,,aa5501099a99993e0000000000c1ab,50315
1788458884.274128,18.671679,rx,-1,0.300000,0.000000,0.300000,0.300000,700,17526,25036,0.298538,-0.074681,0.304689,-0.175732,0.365528,42,40,2.028028,1.931455,74,79,-1,0,,50315
1788458884.274207,18.671763,rx,-1,0.300000,0.000000,0.300000,0.300000,701,17551,24976,0.302905,0.037430,0.311753,-0.173024,0.366462,41,42,1.984497,2.032900,76,74,-1,0,,50315
1788458884.274219,18.671777,tx,-1,0.300000,0.000000,0.300000,0.300000,,,,,,,,,,,,,,,,,aa5501099a99993e0000000000c1ab,50459
1788458884.327782,18.725337,rx,-1,0.300000,0.000000,0.300000,0.300000,702,17575,24980,0.299207,0.074849,0.318728,-0.170340,0.368332,40,42,1.935785,2.032574,79,74,-1,0,,50459
1788458884.370089,18.767642,rx,-1,0.300000,0.000000,0.300000,0.300000,703,17601,25012,0.295180,-0.037376,0.325617,-0.167685,0.367397,41,40,1.981641,1.933308,77,79,-1,0,,50459
1788458884.370131,18.767688,tx,-1,0.300000,0.000000,0.300000,0.300000,,,,,,,,,,,,,,,,,aa5501099a99993e0000000000c1ab,50603
1788458884.375849,18.773406,key,119,0.300000,0.000000,0.300000,0.300000,,,,,,,,,,,,,,,,,aa5501099a99993e0000000000c1ab,50603
1788458884.378283,18.775836,rx,-1,0.300000,0.000000,0.300000,0.300000,704,17626,25020,0.302372,-0.037364,0.332679,-0.164971,0.366462,42,41,2.029325,1.981007,74,77,-1,0,,50603
1788458884.378354,18.775911,rx,-1,0.300000,0.000000,0.300000,0.300000,705,17651,25004,0.298920,0.000000,0.339657,-0.162293,0.366462,41,41,1.982275,1.982275,77,77,-1,0,,50603
1788458884.378365,18.775923,tx,-1,0.300000,0.000000,0.300000,0.300000,,,,,,,,,,,,,,,,,aa5501099a99993e0000000000c1ab,50747
1788458884.429451,18.827009,key,119,0.300000,0.000000,0.300000,0.300000,,,,,,,,,,,,,,,,,aa5501099a99993e0000000000c1ab,50747
1788458884.431925,18.829479,rx,-1,0.300000,0.000000,0.300000,0.300000,706,17676,24992,0.302711,0.037406,0.346719,-0.159578,0.367397,41,42,1.983227,2.031598,77,74,-1,0,,50747
1788458884.467734,18.865288,rx,-1,0.300000,0.000000,0.300000,0.300000,707,17700,25008,0.298872,0.000000,0.353694,-0.156894,0.367397,41,41,1.981958,1.981958,77,76,-1,0,,50747
1788458884.467771,18.865329,tx,-1,0.300000,0.000000,0.300000,0.300000,,,,,,,,,,,,,,,,,aa5501099a99993e0000000000c1ab,50891
1788458884.487320,18.884873,rx,-1,0.300000,0.000000,0.300000,0.300000,708,17726,24976,0.295606,-0.037430,0.360586,-0.154245,0.366462,41,40,1.984497,1.936095,77,79,-1,0,,50891
1788458884.487400,18.884956,rx,-1,0.300000,0.000000,0.300000,0.300000,709,17751,25004,0.295275,0.037388,0.367477,-0.151596,0.367397,40,41,1.933927,1.982275,80,77,-1,0,,50891
1788458884.487413,18.884971,tx,-1,0.300000,0.000000,0.300000,0.300000,,,,,,,,,,,,,,,,,aa5501099a99993e0000000000c1ab,51035
1788458884.509647,18.907204,key,119,0.300000,0.000000,0.300000,0.300000,,,,,,,,,,,,,,,,,aa5501099a99993e0000000000c1ab,51035
1788458884.540664,18.938218,rx,-1,0.300000,0.000000,0.300000,0.300000,710,17776,24988,0.306407,0.000000,0.374623,-0.148846,0.367397,42,42,2.031923,2.031923,74,74,-1,0,,51035
1788458884.579190,18.976742,rx,-1,0.300000,0.000000,0.300000,0.300000,711,17801,25008,0.298872,0.000000,0.381598,-0.146162,0.367397,41,41,1.981958,1.981958,77,77,-1,0,,51035
1788458884.579230,18.976787,tx,-1,0.300000,0.000000,0.300000,0.300000,,,,,,,,,,,,,,,,,aa5501099a99993e0000000000c1ab,51179
1788458884.590698,18.988254,key,119,0.300000,0.000000,0.300000,0.300000,,,,,,,,,,,,,,,,,aa5501099a99993e0000000000c1ab,51179
1788458884.593132,18.990687,rx,-1,0.300000,0.000000,0.300000,0.300000,712,17826,25020,0.295086,0.037364,0.388488,-0.143507,0.368332,40,41,1.932690,1.981007,80,77,-1,0,,51179
1788458884.593191,18.990747,rx,-1,0.300000,0.000000,0.300000,0.300000,713,17851,25028,0.305917,0.000000,0.395630,-0.140750,0.368332,42,42,2.028676,2.028676,74,74,-1,0,,51179
1788458884.593203,18.990761,tx,-1,0.300000,0.000000,0.300000,0.300000,,,,,,,,,,,,,,,,,aa5501099a99993e0000000000c1ab,51355
1788458884.646643,19.044197,rx,-1,0.300000,0.000000,0.300000,0.300000,714,17875,24948,0.299591,0.000000,0.402603,-0.138059,0.368332,41,41,1.986724,1.986724,77,76,-1,0,,51355
1788458884.685260,19.082813,rx,-1,0.300000,0.000000,0.300000,0.300000,715,17901,25040,0.298490,0.074669,0.409574,-0.135361,0.370202,40,42,1.931146,2.027704,80,74,-1,0,,51355
1788458884.685302,19.082859,tx,-1,0.300000,0.000000,0.300000,0.300000,,,,,,,,,,,,,,,,,aa5501099a99993e0000000000c1ab,51531
1788458884.699136,19.096686,rx,-1,0.300000,0.000000,0.300000,0.300000,716,17926,24968,0.306652,0.000000,0.416712,-0.132591,0.370202,42,42,2.033551,2.033551,74,73,-1,0,,51531
1788458884.699222,19.096778,rx,-1,0.300000,0.000000,0.300000,0.300000,717,17951,25016,0.298777,0.000000,0.423679,-0.129887,0.370202,41,41,1.981324,1.981324,77,76,-1,0,,51531
1788458884.699241,19.096798,tx,-1,0.300000,0.000000,0.300000,0.300000,,,,,,,,,,,,,,,,,aa5501099a99993e0000000000c1ab,51675
1788458884.752475,19.150011,rx,-1,0.300000,0.000000,0.300000,0.300000,718,17976,24996,0.299016,-0.074800,0.430650,-0.127189,0.368332,42,40,2.031273,1.934546,74,79,-1,0,,51675
1788458884.792475,19.190027,rx,-1,0.300000,0.000000,0.300000,0.300000,719,18000,25012,0.306113,-0.074753,0.437795,-0.124439,0.366462,43,41,2.078306,1.981641,71,76,-1,0,,51675
1788458884.792585,19.190140,rx,-1,0.300000,0.000000,0.300000,0.300000,720,18026,24968,0.288399,-0.112327,0.444522,-0.121868,0.363658,41,38,1.985133,1.839879,76,84,-1,0,,51675
1788458884.792597,19.190155,tx,-1,0.300000,0.000000,0.300000,0.300000,,,,,,,,,,,,,,,,,aa5501099a99993e0000000000c1ab,51882
1788458884.806474,19.204025,rx,-1,0.300000,0.000000,0.300000,0.300000,721,18051,24992,0.299064,0.074813,0.451504,-0.119203,0.365528,40,42,1.934855,2.031598,79,74,-1,0,,51882
1788458884.806551,19.204107,rx,-1,0.300000,0.000000,0.300000,0.300000,722,18076,25048,0.302034,0.037323,0.458569,-0.116496,0.366462,41,42,1.978793,2.027056,77,74,-1,0,,51882
1788458884.806564,19.204122,tx,-1,0.300000,0.000000,0.300000,0.300000,,,,,,,,,,,,,,,,,aa5501099a99993e0000000000c1ab,52026
1788458884.835144,19.232700,key,100,0.000000,-1.200000,0.117000,-0.117000,,,,,,,,,,,,,,,,,aa550109000000009a9999bf001f94,52026
1788458884.860439,19.257990,rx,-1,0.000000,-1.200000,0.117000,-0.117000,723,18101,24956,0.303147,-0.037460,0.465633,-0.113788,0.365528,42,41,2.034529,1.986088,74,76,-1,0,,52026
1788458884.924182,19.321732,rx,-1,0.000000,-1.200000,0.117000,-0.117000,724,18125,25032,0.298586,0.000000,0.472613,-0.111116,0.365528,41,41,1.980057,1.980057,77,77,-1,0,,52026
1788458884.924236,19.321793,tx,-1,0.000000,-1.200000,0.117000,-0.117000,,,,,,,,,,,,,,,,,aa550109000000009a9999bf001f94,52170
1788458884.932400,19.329949,rx,-1,0.000000,-1.200000,0.117000,-0.117000,725,18151,24964,0.299399,0.000000,0.479594,-0.108445,0.365528,41,41,1.985451,1.985451,-22,-177,-1,0,,52170
1788458884.932488,19.330043,rx,-1,0.000000,-1.200000,0.117000,-0.117000,726,18176,25024,0.149341,-0.485660,0.483092,-0.107130,0.353374,27,14,1.304357,0.676333,12,-117,-1,0,,52170
1788458884.932539,19.330095,rx,-1,0.000000,-1.200000,0.117000,-0.117000,727,18201,24988,-0.054715,-1.384256,0.481801,-0.107581,0.318785,11,-26,0.532170,-1.257857,54,-17,-1,0,,52170
1788458884.932549,19.330106,tx,-1,0.000000,-1.200000,0.117000,-0.117000,,,,,,,,,,,,,,,,,aa550109000000009a9999bf001f94,52386
1788458884.985608,19.383160,rx,-1,0.000000,-1.200000,0.117000,-0.117000,728,18226,24988,-0.047420,-1.608729,0.480669,-0.107930,0.278586,15,-28,0.725687,-1.354615,44,-10,-1,0,,52386
1788458885.020311,19.417862,rx,-1,0.000000,-1.200000,0.117000,-0.117000,729,18251,25044,0.025477,-1.306503,0.481285,-0.107764,0.245866,21,-14,1.013690,-0.675793,28,-44,-1,0,,52386
1788458885.020353,19.417910,tx,-1,0.000000,-1.200000,0.117000,-0.117000,,,,,,,,,,,,,,,,,aa550109000000009a9999bf001f94,52530
1788458885.039831,19.437382,rx,-1,0.000000,-1.200000,0.117000,-0.117000,730,18276,24956,0.007305,-1.048888,0.481463,-0.107722,0.219690,15,-13,0.726617,-0.629735,43,-47,-1,0,,52530
1788458885.039904,19.437460,rx,-1,0.000000,-1.200000,0.117000,-0.117000,731,18300,25052,0.003638,-1.082185,0.481552,-0.107704,0.192579,15,-14,0.723833,-0.675577,44,-45,-1,0,,52530
1788458885.039915,19.437472,tx,-1,0.000000,-1.200000,0.117000,-0.117000,,,,,,,,,,,,,,,,,aa550109000000009a9999bf001f94,52674
1788458885.093495,19.491049,rx,-1,0.000000,-1.200000,0.117000,-0.117000,732,18326,24956,0.003652,-1.460951,0.481642,-0.107688,0.156119,20,-19,0.968823,-0.920382,30,-32,-1,0,,52674
1788458885.130399,19.527951,rx,-1,0.000000,-1.200000,0.117000,-0.117000,733,18351,25024,-0.014570,-1.270189,0.481281,-0.107739,0.124334,15,-19,0.724643,-0.917881,43,-32,-1,0,,52674
1788458885.130431,19.527988,tx,-1,0.000000,-1.200000,0.117000,-0.117000,,,,,,,,,,,,,,,,,aa550109000000009a9999bf001f94,52818
1788458885.144240,19.541790,rx,-1,0.000000,-1.200000,0.117000,-0.117000,734,18376,25016,-0.010931,-1.158484,0.481009,-0.107769,0.095353,14,-17,0.676550,-0.821525,46,-37,-1,0,,52818
1788458885.144325,19.541880,rx,-1,0.000000,-1.200000,0.117000,-0.117000,735,18401,24980,0.003649,-1.160153,0.481100,-0.107762,0.066373,16,-15,0.774314,-0.725919,41,-42,-1,0,,52818
1788458885.144337,19.541894,tx,-1,0.000000,-1.200000,0.117000,-0.117000,,,,,,,,,,,,,,,,,aa550109000000009a9999bf001f94,52962
1788458885.197511,19.595064,rx,-1,0.000000,-1.200000,0.117000,-0.117000,736,18425,24988,0.014591,-1.122369,0.481464,-0.107742,0.038327,17,-13,0.822445,-0.628929,38,-47,-1,0,,52962
1788458885.237725,19.635273,rx,-1,0.000000,-1.200000,0.117000,-0.117000,737,18451,24988,0.003648,-1.159782,0.481555,-0.107740,0.009346,16,-15,0.774066,-0.725687,41,-43,-1,0,,52962
1788458885.237782,19.635338,tx,-1,0.000000,-1.200000,0.117000,-0.117000,,,,,,,,,,,,,,,,,aa550109000000009a9999bf001f94,53106
1788458885.251319,19.648870,rx,-1,0.000000,-1.200000,0.117000,-0.117000,738,18476,25020,0.007286,-1.345121,0.481737,-0.107742,-0.024309,19,-17,0.918028,-0.821393,32,-38,-1,0,,53106
1788458885.251404,19.648959,rx,-1,0.000000,-1.200000,0.117000,-0.117000,739,18501,25004,-0.003645,-1.159040,0.481646,-0.107738,-0.053289,15,-16,0.725223,-0.773571,43,-40,-1,0,,53106
1788458885.251420,19.648977,tx,-1,0.000000,-1.200000,0.117000,-0.117000,,,,,,,,,,,,,,,,,aa550109000000009a9999bf001f94,53282
1788458885.304246,19.701797,rx,-1,0.000000,0.000000,0.000000,0.000000,740,18526,24988,0.007295,-1.272019,0.481828,-0.107751,-0.085074,18,-16,0.870824,-0.774066,35,-40,-1,0,,53282
1788458885.345471,19.743020,rx,-1,0.000000,0.000000,0.000000,0.000000,741,18551,25008,-0.003645,-1.158854,0.481737,-0.107742,-0.114055,15,-16,0.725106,-0.773447,43,-40,-1,0,,53282
1788458885.345543,19.743100,tx,-1,0.000000,0.000000,0.000000,0.000000,,,,,,,,,,,,,,,,,aa5501090000000000000000004829,53458
1788458885.351314,19.748869,key,100,0.000000,-1.200000,0.117000,-0.117000,,,,,,,,,,,,,,,,,aa550109000000009a9999bf001f94,53458
1788458885.359287,19.756835,rx,-1,0.000000,-1.200000,0.117000,-0.117000,742,18576,24992,-0.003647,-1.458847,0.481647,-0.107730,-0.150514,19,-20,0.919056,-0.967428,32,-29,-1,0,,53458
1788458885.359380,19.756935,rx,-1,0.000000,-1.200000,0.117000,-0.117000,743,18600,25012,0.010933,-1.233422,0.481917,-0.107775,-0.181365,18,-15,0.869989,-0.724991,-38,25,-1,0,,53458
1788458885.359432,19.756988,rx,-1,0.000000,-1.200000,0.117000,-0.117000,744,18626,24980,-0.018244,-0.411667,0.481469,-0.107690,-0.191648,3,-8,0.145184,-0.387157,0,10,-1,0,,53458
1788458885.359444,19.757000,tx,-1,0.000000,-1.200000,0.117000,-0.117000,,,,,,,,,,,,,,,,,aa550109000000009a9999bf001f94,53610
1788458885.410692,19.808247,key,100,0.000000,-1.200000,0.117000,-0.117000,,,,,,,,,,,,,,,,,aa550109000000009a9999bf001f94,53610
1788458885.413044,19.810598,rx,-1,0.000000,-1.200000,0.117000,-0.117000,745,18651,24992,-0.003647,0.261844,0.481379,-0.107673,-0.185104,-4,3,-0.193486,0.145114,91,-85,-1,0,,53610
1788458885.453116,19.850668,rx,-1,0.000000,-1.200000,0.117000,-0.117000,746,18676,25044,0.010919,-0.634587,0.481648,-0.107726,-0.200997,10,-7,0.482709,-0.337897,56,-62,-1,0,,53610
1788458885.453163,19.850720,tx,-1,0.000000,-1.200000,0.117000,-0.117000,,,,,,,,,,,,,,,,,aa550109000000009a9999bf001f94,53754
1788458885.467031,19.864580,rx,-1,0.000000,-1.200000,0.117000,-0.117000,747,18701,24972,0.007300,-1.497451,0.481825,-0.107765,-0.238391,21,-19,1.016613,-0.919792,26,-32,-1,0,,53754
1788458885.467123,19.864678,rx,-1,0.000000,-1.200000,0.117000,-0.117000,748,18725,25028,-0.003642,-1.531453,0.481737,-0.107742,-0.276720,20,-21,0.966036,-1.014338,28,-26,-1,0,,53754
1788458885.467135,19.864692,tx,-1,0.000000,-1.200000,0.117000,-0.117000,,,,,,,,,,,,,,,,,aa550109000000009a9999bf001f94,53898
1788458885.495487,19.893043,key,100,0.000000,-1.200000,0.117000,-0.117000,,,,,,,,,,,,,,,,,aa550109000000009a9999bf001f94,53898
1788458885.520829,19.918383,rx,-1,0.000000,-1.200000,0.117000,-0.117000,749,18751,24972,-0.007300,-1.123089,0.481563,-0.107690,-0.304766,14,-16,0.677742,-0.774562,44,-38,-1,0,,53898
1788458885.561799,19.959350,rx,-1,0.000000,-1.200000,0.117000,-0.117000,750,18776,24992,0.003647,-1.009971,0.481649,-0.107718,-0.330007,14,-13,0.677199,-0.628828,45,-47,-1,0,,53898
1788458885.561847,19.959403,tx,-1,0.000000,-1.200000,0.117000,-0.117000,,,,,,,,,,,,,,,,,aa550109000000009a9999bf001f94,54042
1788458885.575573,19.973124,rx,-1,0.000000,-1.200000,0.117000,-0.117000,751,18801,25016,0.007287,-1.121113,0.481821,-0.107780,-0.358053,16,-14,0.773200,-0.676550,40,-45,-1,0,,54042
1788458885.575714,19.973269,rx,-1,0.000000,-1.200000,0.117000,-0.117000,752,18826,24976,0.000000,-1.272630,0.481821,-0.107780,-0.389838,17,-17,0.822840,-0.822840,37,-37,-1,0,,54042
1788458885.575727,19.973283,tx,-1,0.000000,-1.200000,0.117000,-0.117000,,,,,,,,,,,,,,,,,aa550109000000009a9999bf001f94,54186
1788458885.581435,19.978992,key,100,0.000000,-1.200000,0.117000,-0.117000,,,,,,,,,,,,,,,,,aa550109000000009a9999bf001f94,54186
1788458885.629362,20.026914,rx,-1,0.000000,-1.200000,0.117000,-0.117000,753,18851,25004,-0.003645,-1.233816,0.481737,-0.107744,-0.420689,16,-17,0.773571,-0.821919,39,-37,-1,0,,54186
1788458885.667693,20.065245,rx,-1,0.000000,-1.200000,0.117000,-0.117000,754,18876,25008,-0.003645,-1.158854,0.481654,-0.107706,-0.449669,15,-16,0.725106,-0.773447,42,-39,-1,0,,54186
1788458885.667732,20.065289,tx,-1,0.000000,-1.200000,0.117000,-0.117000,,,,,,,,,,,,,,,,,aa550109000000009a9999bf001f94,54330
1788458885.673170,20.070726,key,100,0.000000,-1.200000,0.117000,-0.117000,,,,,,,,,,,,,,,,,aa550109000000009a9999bf001f94,54330
1788458885.681312,20.078863,rx,-1,0.000000,-1.200000,0.117000,-0.117000,755,18900,25024,0.014570,-1.270189,0.481980,-0.107869,-0.481454,19,-15,0.917881,-0.724643,31,-42,-1,0,,54330
1788458885.681396,20.078951,rx,-1,0.000000,-1.200000,0.117000,-0.117000,756,18926,24996,0.000000,-1.122010,0.481980,-0.107869,-0.509500,15,-15,0.725455,-0.725455,42,-42,-1,0,,54330
1788458885.681411,20.078968,tx,-1,0.000000,-1.200000,0.117000,-0.117000,,,,,,,,,,,,,,,,,aa550109000000009a9999bf001f94,54506
1788458885.735124,20.132676,rx,-1,0.000000,-1.200000,0.117000,-0.117000,757,18951,24984,0.003648,-1.309641,0.482059,-0.107915,-0.542220,18,-17,0.870964,-0.822577,34,-37,-1,0,,54506
1788458885.795874,20.193424,rx,-1,0.000000,-1.200000,0.117000,-0.117000,758,18976,24992,-0.007294,-1.421440,0.481905,-0.107818,-0.577745,18,-20,0.870685,-0.967428,33,-29,-1,0,,54506
1788458885.795931,20.193488,tx,-1,0.000000,-1.200000,0.117000,-0.117000,,,,,,,,,,,,,,,,,aa550109000000009a9999bf001f94,54682
1788458885.801675,20.199231,key,100,0.000000,-1.200000,0.117000,-0.117000,,,,,,,,,,,,,,,,,aa550109000000009a9999bf001f94,54682
1788458885.804119,20.201670,rx,-1,0.000000,-1.200000,0.117000,-0.117000,759,19001,25004,0.010936,-1.159040,0.482131,-0.107971,-0.606726,17,-14,0.821919,-0.676874,36,-44,-1,0,,54682
1788458885.804216,20.201771,rx,-1,0.000000,-1.200000,0.117000,-0.117000,760,19025,25008,-0.003645,-1.233619,0.482057,-0.107918,-0.637576,16,-17,0.773447,-0.821787,38,-36,-1,0,,54682
1788458885.804263,20.201819,rx,-1,0.000000,-1.200000,0.117000,-0.117000,761,19051,24980,0.007298,-1.197577,0.482202,-0.108028,-0.667491,17,-15,0.822709,-0.725919,35,-41,-1,0,,54682
1788458885.804273,20.201829,tx,-1,0.000000,-1.200000,0.117000,-0.117000,,,,,,,,,,,,,,,,,aa550109000000009a9999bf001f94,54889
1788458885.826941,20.224496,key,100,0.000000,-1.200000,0.117000,-0.117000,,,,,,,,,,,,,,,,,aa550109000000009a9999bf001f94,54889
1788458885.858019,20.255572,rx,-1,0.000000,-1.200000,0.117000,-0.117000,762,19076,25004,-0.003645,-1.308593,0.482132,-0.107971,-0.700212,17,-18,0.821919,-0.870267,35,-34,-1,0,,54889
1788458885.896138,20.293689,rx,-1,0.000000,-1.200000,0.117000,-0.117000,763,19101,25028,0.007284,-1.195281,0.482269,-0.108090,-0.730127,17,-15,0.821131,-0.724527,35,-41,-1,0,,54889
1788458885.896185,20.293742,tx,-1,0.000000,-1.200000,0.117000,-0.117000,,,,,,,,,,,,,,,,,aa550109000000009a9999bf001f94,55065
1788458885.909917,20.307468,rx,-1,0.000000,-1.200000,0.117000,-0.117000,764,19126,24976,-0.007299,-1.272630,0.482135,-0.107967,-0.761912,16,-18,0.774438,-0.871243,38,-34,-1,0,,55065
1788458885.910000,20.307555,rx,-1,0.000000,-1.200000,0.117000,-0.117000,765,19150,25000,0.000000,-1.047042,0.482135,-0.107967,-0.788088,14,-14,0.676983,-0.676983,43,-44,-1,0,,55065
1788458885.910016,20.307572,tx,-1,0.000000,-1.200000,0.117000,-0.117000,,,,,,,,,,,,,,,,,aa550109000000009a9999bf001f94,55209
1788458885.915735,20.313291,key,100,0.000000,-1.200000,0.117000,-0.117000,,,,,,,,,,,,,,,,,aa550109000000009a9999bf001f94,55209
1788458885.963742,20.361295,rx,-1,0.000000,-1.200000,0.117000,-0.117000,766,19176,24996,0.014586,-1.196811,0.482389,-0.108229,-0.818004,18,-14,0.870546,-0.677091,33,-44,-1,0,,55209
1788458886.004901,20.402452,rx,-1,0.000000,-1.200000,0.117000,-0.117000,767,19201,25024,-0.003642,-1.158113,0.482327,-0.108161,-0.846984,15,-16,0.724643,-0.772952,41,-39,-1,0,,55209
1788458886.004947,20.402503,tx,-1,0.000000,-1.200000,0.117000,-0.117000,,,,,,,,,,,,,,,,,aa550109000000009a9999bf001f94,55385
1788458886.010737,20.408291,key,100,0.000000,-1.200000,0.117000,-0.117000,,,,,,,,,,,,,,,,,aa550109000000009a9999bf001f94,55385
1788458886.018893,20.416443,rx,-1,0.000000,-1.200000,0.117000,-0.117000,768,19226,25000,0.007292,-1.271408,0.482446,-0.108300,-0.878770,18,-16,0.870406,-0.773694,32,-39,-1,0,,55385
1788458886.018978,20.416532,rx,-1,0.000000,-1.200000,0.117000,-0.117000,769,19251,25012,-0.003644,-1.158669,0.482389,-0.108229,-0.907750,15,-16,0.724991,-0.773323,40,-39,-1,0,,55385
1788458886.019027,20.416582,rx,-1,0.000000,-1.200000,0.117000,-0.117000,770,19276,24984,-0.003648,-1.085131,0.482334,-0.108156,-0.934861,14,-15,0.677416,-0.725803,43,-42,-1,0,,55385
1788458886.019038,20.416594,tx,-1,0.000000,-1.200000,0.117000,-0.117000,,,,,,,,,,,,,,,,,aa550109000000009a9999bf001f94,55537
1788458886.071815,20.469368,rx,-1,0.000000,-1.200000,0.117000,-0.117000,771,19301,25012,0.003644,-1.158669,0.482387,-0.108230,-0.963842,16,-15,0.773323,-0.724991,38,-42,-1,0,,55537
1788458886.111152,20.508704,rx,-1,0.000000,-1.200000,0.117000,-0.117000,772,19325,24968,0.014602,-1.347922,0.482590,-0.108533,-0.997497,20,-16,0.968358,-0.774686,27,-40,-1,0,,55537
1788458886.111192,20.508748,tx,-1,0.000000,-1.200000,0.117000,-0.117000,,,,,,,,,,,,,,,,,aa550109000000009a9999bf001f94,55681
1788458886.124650,20.522200,rx,-1,0.000000,-1.200000,0.117000,-0.117000,773,19351,25028,-0.014567,-1.269986,0.482397,-0.108224,-1.029282,15,-19,0.724527,-0.917734,40,-32,-1,0,,55681
1788458886.124740,20.522294,rx,-1,0.000000,-1.200000,0.117000,-0.117000,774,19376,24992,0.007294,-1.197002,0.482488,-0.108382,-1.059197,17,-15,0.822313,-0.725571,35,-42,-1,0,,55681
1788458886.124755,20.522311,tx,-1,0.000000,-1.200000,0.117000,-0.117000,,,,,,,,,,,,,,,,,aa550109000000009a9999bf001f94,55825
1788458886.177486,20.575035,rx,-1,0.000000,-1.200000,0.117000,-0.117000,775,19401,25008,-0.003645,-1.158854,0.482445,-0.108301,-1.088178,15,-16,0.725106,-0.773447,40,-39,-1,0,,55825
1788458886.223710,20.621260,rx,-1,0.000000,-1.200000,0.117000,-0.117000,776,19426,24976,0.000000,-1.122909,0.482445,-0.108301,-1.116224,15,-15,0.726036,-0.726036,40,-42,-1,0,,55825
1788458886.223757,20.621313,tx,-1,0.000000,-1.200000,0.117000,-0.117000,,,,,,,,,,,,,,,,,aa550109000000009a9999bf001f94,55969
1788458886.229512,20.627067,key,97,0.000000,1.200000,-0.117000,0.117000,,,,,,,,,,,,,,,,,aa550109000000009a99993f00878f,55969
1788458886.231940,20.629492,rx,-1,0.000000,1.200000,-0.117000,0.117000,777,19450,25036,-0.010922,-1.306921,0.482329,-0.108054,-1.148944,16,-19,0.772582,-0.917441,38,-32,-1,0,,55969
1788458886.232011,20.629566,rx,-1,0.000000,1.200000,-0.117000,0.117000,778,19476,24960,0.000000,-1.273446,0.482329,-0.108054,-1.180729,17,-17,0.823368,-0.823368,35,-36,-1,0,,55969
1788458886.232024,20.629580,tx,-1,0.000000,1.200000,-0.117000,0.117000,,,,,,,,,,,,,,,,,aa550109000000009a99993f00878f,56113
1788458886.284793,20.682345,rx,-1,0.000000,1.200000,-0.117000,0.117000,779,19501,25004,0.014581,-1.046875,0.482463,-0.108393,-1.206905,16,-12,0.773571,-0.580178,-117,99,-1,0,,56113
1788458886.318699,20.716247,rx,-1,0.000000,1.200000,-0.117000,0.117000,780,19526,25044,0.003640,0.111986,0.482496,-0.108478,-1.204101,-1,2,-0.048271,0.096542,-76,68,-1,0,,56113
1788458886.318772,20.716328,tx,-1,0.000000,1.200000,-0.117000,0.117000,,,,,,,,,,,,,,,,,aa550109000000009a99993f00878f,56257
1788458886.337975,20.735525,rx,-1,0.000000,1.200000,-0.117000,0.117000,781,19551,24972,-0.007300,1.572324,0.482427,-0.108309,-1.164837,-22,20,-1.065023,0.968202,-20,23,-1,0,,56257
1788458886.338052,20.735606,rx,-1,0.000000,1.200000,-0.117000,0.117000,782,19576,25024,-0.003642,1.606415,0.482389,-0.108226,-1.124638,-22,21,-1.062810,1.014500,-19,20,-1,0,,56257
1788458886.338066,20.735622,tx,-1,0.000000,1.200000,-0.117000,0.117000,,,,,,,,,,,,,,,,,aa550109000000009a99993f00878f,56433
1788458886.391772,20.789324,rx,-1,0.000000,1.200000,-0.117000,0.117000,783,19601,24972,0.003650,1.235397,0.482430,-0.108308,-1.093787,-16,17,-0.774562,0.822972,-34,29,-1,0,,56433
1788458886.433220,20.830770,rx,-1,0.000000,1.200000,-0.117000,0.117000,784,19625,25016,-0.010931,1.009002,0.482301,-0.108066,-1.068546,-15,12,-0.724875,0.579900,-37,43,-1,0,,56433
1788458886.433276,20.830832,tx,-1,0.000000,1.200000,-0.117000,0.117000,,,,,,,,,,,,,,,,,aa550109000000009a99993f00878f,56609
1788458886.446945,20.844493,rx,-1,0.000000,1.200000,-0.117000,0.117000,785,19651,25004,-0.007291,1.121651,0.482211,-0.107908,-1.040500,-16,14,-0.773571,0.676874,-35,38,-1,0,,56609
1788458886.447037,20.844591,rx,-1,0.000000,1.200000,-0.117000,0.117000,786,19676,24972,-0.010950,1.085652,0.482070,-0.107674,-1.013389,-16,13,-0.774562,0.629332,-34,41,-1,0,,56609
1788458886.447089,20.844643,rx,-1,0.000000,1.200000,-0.117000,0.117000,787,19701,24992,0.018236,1.084783,0.482316,-0.108057,-0.986279,-12,17,-0.580457,0.822313,-46,31,-1,0,,56609
1788458886.447100,20.844655,tx,-1,0.000000,1.200000,-0.117000,0.117000,,,,,,,,,,,,,,,,,aa550109000000009a99993f00878f,56761
1788458886.500430,20.897979,rx,-1,0.000000,1.200000,-0.117000,0.117000,788,19726,24996,-0.003647,1.009809,0.482265,-0.107982,-0.961037,-14,13,-0.677091,0.628727,-41,42,-1,0,,56761
1788458886.541316,20.938867,rx,-1,0.000000,1.200000,-0.117000,0.117000,789,19750,25028,-0.021851,1.195281,0.481945,-0.107538,-0.931122,-19,13,-0.917734,0.627923,-27,42,-1,0,,56761
1788458886.541360,20.938916,tx,-1,0.000000,1.200000,-0.117000,0.117000,,,,,,,,,,,,,,,,,aa550109000000009a99993f00878f,56905
1788458886.555121,20.952672,rx,-1,0.000000,1.200000,-0.117000,0.117000,790,19776,25008,0.018224,1.233619,0.482222,-0.107900,-0.900271,-14,19,-0.676766,0.918468,-41,27,-1,0,,56905
1788458886.555196,20.952750,rx,-1,0.000000,1.200000,-0.117000,0.117000,791,19801,24972,0.003650,1.235397,0.482280,-0.107970,-0.869421,-16,17,-0.774562,0.822972,-35,32,-1,0,,56905
1788458886.555208,20.952764,tx,-1,0.000000,1.200000,-0.117000,0.117000,,,,,,,,,,,,,,,,,aa550109000000009a99993f00878f,57049
1788458886.608783,21.006334,rx,-1,0.000000,1.200000,-0.117000,0.117000,792,19826,25020,0.003643,1.083569,0.482340,-0.108039,-0.842310,-14,15,-0.676441,0.724759,-41,37,-1,0,,57049
1788458886.645266,21.042818,rx,-1,0.000000,1.200000,-0.117000,0.117000,793,19851,24996,-0.003647,1.234211,0.482278,-0.107972,-0.811460,-17,16,-0.822182,0.773818,-33,34,-1,0,,57049
1788458886.645304,21.042860,tx,-1,0.000000,1.200000,-0.117000,0.117000,,,,,,,,,,,,,,,,,aa550109000000009a99993f00878f,57193
1788458886.658907,21.056457,rx,-1,0.000000,1.200000,-0.117000,0.117000,794,19875,25020,0.003643,1.083569,0.482342,-0.108037,-0.784349,-14,15,-0.676441,0.724759,-41,37,-1,0,,57193
1788458886.658987,21.056541,rx,-1,0.000000,1.200000,-0.117000,0.117000,795,19901,24956,-0.018262,1.161269,0.482015,-0.107720,-0.755368,-18,13,-0.871941,0.629735,-30,43,-1,0,,57193
1788458886.658999,21.056554,tx,-1,0.000000,1.200000,-0.117000,0.117000,,,,,,,,,,,,,,,,,aa550109000000009a99993f00878f,57337
1788458886.709546,21.107100,key,97,0.000000,1.200000,-0.117000,0.117000,,,,,,,,,,,,,,,,,aa550109000000009a99993f00878f,57337
1788458886.711823,21.109375,rx,-1,0.000000,1.200000,-0.117000,0.117000,796,19926,25004,0.000000,1.271205,0.482015,-0.107720,-0.723583,-17,17,-0.821919,0.821919,-33,33,-1,0,,57337
1788458886.758949,21.156499,rx,-1,0.000000,1.200000,-0.117000,0.117000,797,19951,25036,-0.003641,1.157558,0.481945,-0.107661,-0.694602,-16,15,-0.772582,0.724296,-36,38,-1,0,,57337
1788458886.758994,21.156549,tx,-1,0.000000,1.200000,-0.117000,0.117000,,,,,,,,,,,,,,,,,aa550109000000009a99993f00878f,57481
1788458886.767138,21.164685,rx,-1,0.000000,1.200000,-0.117000,0.117000,798,19976,25000,0.010938,1.234014,0.482158,-0.107832,-0.663752,-15,18,-0.725339,0.870406,-38,30,-1,0,,57481
1788458886.767238,21.164791,rx,-1,0.000000,1.200000,-0.117000,0.117000,799,20001,25004,-0.007291,1.121651,0.482013,-0.107722,-0.635706,-16,14,-0.773571,0.676874,-36,40,-1,0,,57481
1788458886.767284,21.164839,tx,-1,0.000000,1.200000,-0.117000,0.117000,,,,,,,,,,,,,,,,,aa550109000000009a99993f00878f,57680
1788458886.783873,21.181427,key,97,0.000000,1.200000,-0.117000,0.117000,,,,,,,,,,,,,,,,,aa550109000000009a99993f00878f,57680
1788458886.820479,21.218031,rx,-1,0.000000,1.200000,-0.117000,0.117000,800,20026,24984,0.014593,1.122549,0.482309,-0.107935,-0.607661,-13,17,-0.629029,0.822577,-44,33,-1,0,,57680
1788458886.865877,21.263428,rx,-1,0.000000,1.200000,-0.117000,0.117000,801,20050,24988,-0.010943,1.159782,0.482083,-0.107782,-0.578680,-17,14,-0.822445,0.677308,-34,40,-1,0,,57680
1788458886.865923,21.263479,tx,-1,0.000000,1.200000,-0.117000,0.117000,,,,,,,,,,,,,,,,,aa550109000000009a99993f00878f,57856
1788458886.871705,21.269261,key,97,0.000000,1.200000,-0.117000,0.117000,,,,,,,,,,,,,,,,,aa550109000000009a99993f00878f,57856
1788458886.873965,21.271515,rx,-1,0.000000,1.200000,-0.117000,0.117000,802,20076,24984,0.010945,1.234804,0.482314,-0.107928,-0.547830,-15,18,-0.725803,0.870964,-39,30,-1,0,,57856
1788458886.874035,21.271589,rx,-1,0.000000,1.200000,-0.117000,0.117000,803,20101,25020,0.003643,1.307756,0.482393,-0.107974,-0.515110,-17,18,-0.821393,0.869711,-34,30,-1,0,,57856
1788458886.874053,21.271608,tx,-1,0.000000,1.200000,-0.117000,0.117000,,,,,,,,,,,,,,,,,aa550109000000009a99993f00878f,58032
1788458886.927626,21.325177,rx,-1,0.000000,1.200000,-0.117000,0.117000,804,20126,24984,-0.003648,1.234804,0.482313,-0.107930,-0.484259,-17,16,-0.822577,0.774190,-33,35,-1,0,,58032
1788458886.970272,21.367820,rx,-1,0.000000,1.200000,-0.117000,0.117000,805,20151,25036,0.014563,1.045536,0.482637,-0.108096,-0.458083,-12,16,-0.579436,0.772582,-47,35,-1,0,,58032
1788458886.970364,21.367918,rx,-1,0.000000,1.200000,-0.117000,0.117000,806,20175,24988,0.007295,1.122369,0.482802,-0.108174,-0.430037,-14,16,-0.677308,0.774066,-42,35,-1,0,,58032
1788458886.970378,21.367934,tx,-1,0.000000,1.200000,-0.117000,0.117000,,,,,,,,,,,,,,,,,aa550109000000009a99993f00878f,58184
1788458886.976022,21.373575,key,97,0.000000,1.200000,-0.117000,0.117000,,,,,,,,,,,,,,,,,aa550109000000009a99993f00878f,58184
1788458886.978514,21.376061,rx,-1,0.000000,1.200000,-0.117000,0.117000,807,20201,24992,-0.029177,1.197002,0.482135,-0.107880,-0.400122,-20,12,-0.967428,0.580457,-26,45,-1,0,,58184
1788458886.978608,21.376162,rx,-1,0.000000,1.200000,-0.117000,0.117000,808,20226,24984,-0.010945,1.159967,0.481881,-0.107777,-0.371141,-17,14,-0.822577,0.677416,-34,41,-1,0,,58184
1788458886.978625,21.376180,tx,-1,0.000000,1.200000,-0.117000,0.117000,,,,,,,,,,,,,,,,,aa550109000000009a99993f00878f,58328
1788458887.032012,21.429562,rx,-1,0.000000,1.200000,-0.117000,0.117000,809,20251,25032,0.014565,1.045703,0.482223,-0.107905,-0.344965,-12,16,-0.579529,0.772705,-47,36,-1,0,,58328
1788458887.076464,21.474013,rx,-1,0.000000,1.200000,-0.117000,0.117000,810,20276,25000,-0.003646,1.234014,0.482137,-0.107875,-0.314115,-17,16,-0.822050,0.773694,-34,36,-1,0,,58328
1788458887.076510,21.474065,tx,-1,0.000000,1.200000,-0.117000,0.117000,,,,,,,,,,,,,,,,,aa550109000000009a99993f00878f,58472
1788458887.082246,21.479800,key,97,0.000000,1.200000,-0.117000,0.117000,,,,,,,,,,,,,,,,,aa550109000000009a99993f00878f,58472
1788458887.084714,21.482262,rx,-1,0.000000,1.200000,-0.117000,0.117000,811,20300,24996,0.000000,1.122010,0.482137,-0.107875,-0.286069,-15,15,-0.725455,0.725455,-40,39,-1,0,,58472
1788458887.084800,21.482354,rx,-1,0.000000,1.200000,-0.117000,0.117000,812,20326,24980,0.000000,1.347275,0.482137,-0.107875,-0.252414,-18,18,-0.871103,0.871103,-31,31,-1,0,,58472
1788458887.084813,21.482369,tx,-1,0.000000,1.200000,-0.117000,0.117000,,,,,,,,,,,,,,,,,aa550109000000009a99993f00878f,58616
1788458887.119001,21.516555,key,97,0.000000,1.200000,-0.117000,0.117000,,,,,,,,,,,,,,,,,aa550109000000009a99993f00878f,58616
1788458887.138505,21.536056,rx,-1,0.000000,1.200000,-0.117000,0.117000,813,20350,25004,-0.010936,1.159040,0.481871,-0.107811,-0.223434,-17,14,-0.821919,0.676874,-34,41,-1,0,,58616
1788458887.189017,21.586566,rx,-1,0.000000,1.200000,-0.117000,0.117000,814,20376,25020,0.018215,1.083569,0.482317,-0.107906,-0.196323,-12,17,-0.579807,0.821393,-48,34,-1,0,,58616
1788458887.189063,21.586618,tx,-1,0.000000,1.200000,-0.117000,0.117000,,,,,,,,,,,,,,,,,aa550109000000009a99993f00878f,58760
1788458887.197251,21.594799,rx,-1,0.000000,1.200000,-0.117000,0.117000,815,20401,24968,0.000000,1.048384,0.482317,-0.107906,-0.170147,-14,14,-0.677850,0.677850,-43,41,-1,0,,58760
1788458887.197338,21.594891,rx,-1,0.000000,1.200000,-0.117000,0.117000,816,20426,25020,0.007286,1.270392,0.482497,-0.107934,-0.138361,-16,18,-0.773076,0.869711,-38,31,-1,0,,58760
1788458887.197353,21.594908,tx,-1,0.000000,1.200000,-0.117000,0.117000,,,,,,,,,,,,,,,,,aa550109000000009a99993f00878f,58904
1788458887.202959,21.600512,key,97,0.000000,1.200000,-0.117000,0.117000,,,,,,,,,,,,,,,,,aa550109000000009a99993f00878f,58904
1788458887.249385,21.646935,rx,-1,0.000000,1.200000,-0.117000,0.117000,817,20451,24996,0.003647,1.234211,0.482587,-0.107945,-0.107511,-16,17,-0.773818,0.822182,-38,33,-1,0,,58904
1788458887.291008,21.688549,rx,-1,0.000000,1.200000,-0.117000,0.117000,818,20475,24980,-0.007298,1.047880,0.482406,-0.107928,-0.081335,-15,13,-0.725919,0.629130,-40,44,-1,0,,58904
1788458887.291117,21.688672,tx,-1,0.000000,1.200000,-0.117000,0.117000,,,,,,,,,,,,,,,,,aa550109000000009a99993f00878f,59080
1788458887.296924,21.694478,key,97,0.000000,1.200000,-0.117000,0.117000,,,,,,,,,,,,,,,,,aa550109000000009a99993f00878f,59080
1788458887.305106,21.702651,rx,-1,0.000000,1.200000,-0.117000,0.117000,819,20501,25012,-0.007288,1.345551,0.482224,-0.107916,-0.047680,-19,17,-0.918321,0.821656,-30,34,-1,0,,59080
1788458887.305182,21.702736,rx,-1,0.000000,1.200000,-0.117000,0.117000,820,20526,25000,0.000000,1.047042,0.482224,-0.107916,-0.021504,-14,14,-0.676983,0.676983,-43,42,-1,0,,59080
1788458887.305231,21.702785,rx,-1,0.000000,1.200000,-0.117000,0.117000,821,20551,24988,0.000000,1.047545,0.482224,-0.107916,0.004672,-14,14,-0.677308,0.677308,-43,42,-1,0,,59080
1788458887.305241,21.702796,tx,-1,0.000000,1.200000,-0.117000,0.117000,,,,,,,,,,,,,,,,,aa550109000000009a99993f00878f,59264
1788458887.358104,21.755653,rx,-1,0.000000,1.200000,-0.117000,0.117000,822,20576,25012,-0.003644,1.158669,0.482133,-0.107918,0.033653,-16,15,-0.773323,0.724991,-38,40,-1,0,,59264
1788458887.396567,21.794117,rx,-1,0.000000,1.200000,-0.117000,0.117000,823,20601,25028,-0.010926,1.307338,0.481860,-0.107932,0.066373,-19,16,-0.917734,0.772829,-30,38,-1,0,,59264
1788458887.396605,21.794159,tx,-1,0.000000,1.200000,-0.117000,0.117000,,,,,,,,,,,,,,,,,aa550109000000009a99993f00878f,59408
1788458887.402384,21.799939,key,97,0.000000,1.200000,-0.117000,0.117000,,,,,,,,,,,,,,,,,aa550109000000009a99993f00878f,59408
1788458887.410537,21.808084,rx,-1,0.000000,1.200000,-0.117000,0.117000,824,20626,24972,0.000000,1.123088,0.481860,-0.107932,0.094418,-15,15,-0.726152,0.726152,-40,40,-1,0,,59408
1788458887.410635,21.808188,rx,-1,0.000000,1.200000,-0.117000,0.117000,825,20651,25000,-0.007292,1.196619,0.481678,-0.107951,0.124334,-17,15,-0.822050,0.725339,-35,40,-1,0,,59408
1788458887.410660,21.808215,tx,-1,0.000000,1.200000,-0.117000,0.117000,,,,,,,,,,,,,,,,,aa550109000000009a99993f00878f,59552
1788458887.450015,21.847570,key,97,0.000000,1.200000,-0.117000,0.117000,,,,,,,,,,,,,,,,,aa550109000000009a99993f00878f,59552
1788458887.463848,21.861399,rx,-1,0.000000,1.200000,-0.117000,0.117000,826,20676,25016,0.003644,1.307965,0.481769,-0.107939,0.157054,-17,18,-0.821525,0.869850,-35,33,-1,0,,59552
1788458887.499280,21.896828,rx,-1,0.000000,1.200000,-0.117000,0.117000,827,20701,24972,0.003650,1.085652,0.481858,-0.107923,0.184165,-14,15,-0.677742,0.726152,-43,40,-1,0,,59552
1788458887.499322,21.896876,tx,-1,0.000000,1.200000,-0.117000,0.117000,,,,,,,,,,,,,,,,,aa550109000000009a99993f00878f,59696
1788458887.518745,21.916293,rx,-1,0.000000,1.200000,-0.117000,0.117000,828,20726,25004,-0.003645,1.308593,0.481769,-0.107941,0.216885,-18,17,-0.870267,0.821919,-32,35,-1,0,,59696
1788458887.518841,21.916393,rx,-1,0.000000,1.200000,-0.117000,0.117000,829,20751,25024,-0.007285,1.270189,0.481592,-0.107983,0.248670,-18,16,-0.869571,0.772952,-32,38,-1,0,,59696
1788458887.518856,21.916410,tx,-1,0.000000,1.200000,-0.117000,0.117000,,,,,,,,,,,,,,,,,aa550109000000009a99993f00878f,59840
1788458887.535468,21.933021,key,97,0.000000,1.200000,-0.117000,0.117000,,,,,,,,,,,,,,,,,aa550109000000009a99993f00878f,59840
1788458887.572042,21.969591,rx,-1,0.000000,1.200000,-0.117000,0.117000,830,20775,24984,0.000000,0.972876,0.481592,-0.107983,0.272976,-13,13,-0.629029,0.629029,-45,45,-1,0,,59840
1788458887.628902,22.026451,rx,-1,0.000000,1.200000,-0.117000,0.117000,831,20801,25004,0.007291,1.196428,0.481766,-0.107932,0.302892,-15,17,-0.725223,0.821919,-40,36,-1,0,,59840
1788458887.628935,22.026490,tx,-1,0.000000,1.200000,-0.117000,0.117000,,,,,,,,,,,,,,,,,aa550109000000009a99993f00878f,59984
1788458887.634671,22.032224,key,97,0.000000,1.200000,-0.117000,0.117000,,,,,,,,,,,,,,,,,aa550109000000009a99993f00878f,59984
1788458887.637094,22.034644,rx,-1,0.000000,1.200000,-0.117000,0.117000,832,20826,25032,-0.007283,1.120396,0.481593,-0.107988,0.330938,-16,14,-0.772705,0.676117,-38,43,-1,0,,59984
1788458887.637172,22.034725,rx,-1,0.000000,1.200000,-0.117000,0.117000,833,20851,24988,0.000000,1.272019,0.481593,-0.107988,0.362723,-17,17,-0.822445,0.822445,-35,36,-1,0,,59984
1788458887.637230,22.034783,rx,-1,0.000000,1.200000,-0.117000,0.117000,834,20876,25012,-0.007288,1.121292,0.481424,-0.108056,0.390769,-16,14,-0.773323,0.676658,-38,44,-1,0,,59984
1788458887.637239,22.034794,tx,-1,0.000000,1.200000,-0.117000,0.117000,,,,,,,,,,,,,,,,,aa550109000000009a99993f00878f,60200
1788458887.690245,22.087795,rx,-1,0.000000,1.200000,-0.117000,0.117000,835,20900,24992,-0.003647,1.384034,0.481340,-0.108092,0.425358,-19,18,-0.919056,0.870685,-29,33,-1,0,,60200
1788458887.740006,22.137553,rx,-1,0.000000,1.200000,-0.117000,0.117000,836,20926,24960,0.010955,1.161083,0.481587,-0.107975,0.454339,-14,17,-0.678068,0.823368,-43,36,-1,0,,60200
1788458887.740074,22.137628,tx,-1,0.000000,1.200000,-0.117000,0.117000,,,,,,,,,,,,,,,,,aa550109000000009a99993f00878f,60344
1788458887.745834,22.143387,key,97,0.000000,1.200000,-0.117000,0.117000,,,,,,,,,,,,,,,,,aa550109000000009a99993f00878f,60344
1788458887.748283,22.145833,rx,-1,0.000000,1.200000,-0.117000,0.117000,837,20951,25016,-0.007287,0.971631,0.481425,-0.108057,0.478645,-14,12,-0.676550,0.579900,-43,49,-1,0,,60344
1788458887.748356,22.145910,rx,-1,0.000000,1.200000,-0.117000,0.117000,838,20976,24996,0.003647,1.234211,0.481505,-0.108014,0.509496,-16,17,-0.773818,0.822182,-38,36,-1,0,,60344
1788458887.748369,22.145923,tx,-1,0.000000,1.200000,-0.117000,0.117000,,,,,,,,,,,,,,,,,aa550109000000009a99993f00878f,60488
1788458887.787326,22.184879,key,97,0.000000,1.200000,-0.117000,0.117000,,,,,,,,,,,,,,,,,aa550109000000009a99993f00878f,60488
1788458887.801159,22.198711,rx,-1,0.000000,1.200000,-0.117000,0.117000,839,21001,25016,0.003644,1.307965,0.481584,-0.107968,0.542216,-17,18,-0.821525,0.869850,-35,33,-1,0,,60488
1788458887.838211,22.235755,rx,-1,0.000000,1.200000,-0.117000,0.117000,840,21026,25012,-0.014577,1.345551,0.481275,-0.108162,0.575871,-20,16,-0.966654,0.773323,-27,38,-1,0,,60488
1788458887.838291,22.235846,tx,-1,0.000000,1.200000,-0.117000,0.117000,,,,,,,,,,,,,,,,,aa550109000000009a99993f00878f,60687
1788458887.852183,22.249731,rx,-1,0.000000,1.200000,-0.117000,0.117000,841,21051,24976,-0.018247,1.085478,0.480896,-0.108415,0.602982,-17,12,-0.822840,0.580828,-34,49,-1,0,,60687
1788458887.852264,22.249817,rx,-1,0.000000,1.200000,-0.117000,0.117000,842,21075,25048,0.003639,1.231649,0.480970,-0.108362,0.633832,-16,17,-0.772212,0.820475,-37,37,-1,0,,60687
1788458887.852275,22.249830,tx,-1,0.000000,1.200000,-0.117000,0.117000,,,,,,,,,,,,,,,,,aa550109000000009a99993f00878f,60831
1788458887.905592,22.303143,rx,-1,0.000000,1.200000,-0.117000,0.117000,843,21101,24972,0.007300,1.272834,0.481115,-0.108252,0.665617,-16,18,-0.774562,0.871382,-37,34,-1,0,,60831
1788458887.941673,22.339222,rx,-1,0.000000,1.200000,-0.117000,0.117000,844,21126,24976,0.000000,0.973187,0.481115,-0.108252,0.689924,-13,13,-0.629231,0.629231,-45,46,-1,0,,60831
1788458887.941724,22.339278,tx,-1,0.000000,1.200000,-0.117000,0.117000,,,,,,,,,,,,,,,,,aa550109000000009a99993f00878f,60975
1788458887.961022,22.358570,rx,-1,0.000000,1.200000,-0.117000,0.117000,845,21151,25040,-0.018201,1.232042,0.480768,-0.108547,0.720774,-19,14,-0.917294,0.675901,-29,45,-1,0,,60975
1788458887.961125,22.358678,rx,-1,0.000000,1.200000,-0.117000,0.117000,846,21176,24960,0.003652,1.385808,0.480836,-0.108486,0.755364,-18,19,-0.871801,0.920235,-31,32,-1,0,,60975
1788458887.961148,22.358702,tx,-1,0.000000,1.200000,-0.117000,0.117000,,,,,,,,,,,,,,,,,aa550109000000009a99993f00878f,61183
1788458888.013105,22.410653,rx,-1,0.000000,1.200000,-0.117000,0.117000,847,21200,25008,0.018224,1.158854,0.481163,-0.108169,0.784344,-13,18,-0.628426,0.870128,-45,34,-1,0,,61183
1788458888.051171,22.448720,rx,-1,0.000000,1.200000,-0.117000,0.117000,848,21226,25032,-0.007283,1.045703,0.481036,-0.108299,0.810520,-15,13,-0.724411,0.627823,-40,47,-1,0,,61183
1788458888.051263,22.448815,rx,-1,0.000000,1.200000,-0.117000,0.117000,849,21251,24948,-0.014614,1.349003,0.480789,-0.108568,0.844175,-20,16,-0.969134,0.775307,-26,39,-1,0,,61183
1788458888.051276,22.448830,tx,-1,0.000000,1.200000,-0.117000,0.117000,,,,,,,,,,,,,,,,,aa550109000000009a99993f00878f,61335
1788458888.065113,22.462662,rx,-1,0.000000,1.200000,-0.117000,0.117000,850,21276,25016,-0.010931,1.233224,0.480610,-0.108775,0.875026,-18,15,-0.869850,0.724875,-31,42,-1,0,,61335
1788458888.065187,22.462740,rx,-1,0.000000,1.200000,-0.117000,0.117000,851,21301,25012,0.021865,1.121292,0.480955,-0.108350,0.903071,-12,18,-0.579992,0.869989,-47,34,-1,0,,61335
1788458888.065198,22.462752,tx,-1,0.000000,1.200000,-0.117000,0.117000,,,,,,,,,,,,,,,,,aa550109000000009a99993f00878f,61479
1788458888.116872,22.514419,rx,-1,0.000000,1.200000,-0.117000,0.117000,852,21325,25000,0.000000,1.047042,0.480955,-0.108350,0.929247,-14,14,-0.676983,0.676983,-42,44,-1,0,,61479
1788458888.158633,22.556181,rx,-1,0.000000,1.200000,-0.117000,0.117000,853,21351,24980,0.003649,1.235002,0.481008,-0.108276,0.960098,-16,17,-0.774314,0.822709,-37,37,-1,0,,61479
1788458888.158681,22.556234,tx,-1,0.000000,1.200000,-0.117000,0.117000,,,,,,,,,,,,,,,,,aa550109000000009a99993f00878f,61623
1788458888.172317,22.569867,rx,-1,0.000000,1.200000,-0.117000,0.117000,854,21376,25012,-0.010933,1.158669,0.480855,-0.108503,0.989078,-17,14,-0.821656,0.676658,-34,45,-1,0,,61623
1788458888.172384,22.569937,rx,-1,0.000000,1.200000,-0.117000,0.117000,855,21401,25016,0.007287,1.270595,0.480953,-0.108349,1.020864,-16,18,-0.773200,0.869850,-37,34,-1,0,,61623
1788458888.172394,22.569948,tx,-1,0.000000,1.200000,-0.117000,0.117000,,,,,,,,,,,,,,,,,aa550109000000009a99993f00878f,61767
1788458888.200143,22.597696,key,119,0.300000,0.000000,0.300000,0.300000,,,,,,,,,,,,,,,,,aa5501099a99993e0000000000c1ab,61767
1788458888.224913,22.622460,rx,-1,0.300000,0.000000,0.300000,0.300000,856,21426,24996,-0.018233,1.234211,0.480720,-0.108741,1.051714,-19,14,-0.918909,0.677091,-29,45,-1,0,,61767
1788458888.282766,22.680313,rx,-1,0.300000,0.000000,0.300000,0.300000,857,21451,24996,-0.010940,1.159411,0.480588,-0.108980,1.080695,-17,14,-0.822182,0.677091,-34,45,-1,0,,61767
1788458888.282833,22.680387,tx,-1,0.300000,0.000000,0.300000,0.300000,,,,,,,,,,,,,,,,,aa5501099a99993e0000000000c1ab,61911
1788458888.290887,22.688435,rx,-1,0.300000,0.000000,0.300000,0.300000,858,21476,25016,0.014574,1.121113,0.480755,-0.108656,1.108740,-13,17,-0.628225,0.821525,208,132,-1,0,,61911
1788458888.290974,22.688527,rx,-1,0.300000,0.000000,0.300000,0.300000,859,21500,25000,0.120316,0.785281,0.482070,-0.105951,1.128372,6,27,0.290135,1.305609,165,111,-1,0,,61911
1788458888.291024,22.688577,rx,-1,0.300000,0.000000,0.300000,0.300000,860,21526,25004,0.280693,-0.112165,0.485083,-0.099612,1.125568,40,37,1.933927,1.788882,77,87,-1,0,,61911
1788458888.291036,22.688590,tx,-1,0.300000,0.000000,0.300000,0.300000,,,,,,,,,,,,,,,,,aa5501099a99993e0000000000c1ab,62127
1788458888.344482,22.742032,rx,-1,0.300000,0.000000,0.300000,0.300000,861,21551,24984,0.346587,-0.261928,0.488838,-0.091809,1.119024,51,44,2.467730,2.129022,46,69,-1,0,,62127
1788458888.379131,22.776679,rx,-1,0.300000,0.000000,0.300000,0.300000,862,21576,25004,0.328083,0.000000,0.492419,-0.084429,1.119024,45,45,2.175668,2.175668,61,66,-1,0,,62127
1788458888.379180,22.776734,tx,-1,0.300000,0.000000,0.300000,0.300000,,,,,,,,,,,,,,,,,aa5501099a99993e0000000000c1ab,62271
1788458888.398432,22.795982,rx,-1,0.300000,0.000000,0.300000,0.300000,863,21601,24972,0.284703,0.149745,0.495511,-0.078027,1.122763,37,41,1.791175,1.984815,83,76,-1,0,,62271
1788458888.398505,22.796058,rx,-1,0.300000,0.000000,0.300000,0.300000,864,21625,25004,0.280693,0.112165,0.498543,-0.071697,1.125568,37,40,1.788882,1.933927,84,79,-1,0,,62271
1788458888.398518,22.796072,tx,-1,0.300000,0.000000,0.300000,0.300000,,,,,,,,,,,,,,,,,aa5501099a99993e0000000000c1ab,62415
1788458888.450316,22.847865,rx,-1,0.300000,0.000000,0.300000,0.300000,865,21651,25020,0.302372,-0.037364,0.501804,-0.064871,1.124633,42,41,2.029325,1.981007,70,76,-1,0,,62415
1788458888.484987,22.882535,rx,-1,0.300000,0.000000,0.300000,0.300000,866,21676,24980,0.306505,0.000000,0.505108,-0.057964,1.124633,42,42,2.032574,2.032574,70,74,-1,0,,62415
1788458888.485026,22.882580,tx,-1,0.300000,0.000000,0.300000,0.300000,,,,,,,,,,,,,,,,,aa5501099a99993e0000000000c1ab,62559
1788458888.503999,22.901548,rx,-1,0.300000,0.000000,0.300000,0.300000,867,21701,25028,0.294992,0.037353,0.508291,-0.051302,1.125568,40,41,1.932072,1.980374,76,76,-1,0,,62559
1788458888.504076,22.901628,rx,-1,0.300000,0.000000,0.300000,0.300000,868,21726,24980,0.295558,0.037424,0.511467,-0.044637,1.126503,40,41,1.935785,1.984179,76,76,-1,0,,62559
1788458888.504088,22.901641,tx,-1,0.300000,0.000000,0.300000,0.300000,,,,,,,,,,,,,,,,,aa5501099a99993e0000000000c1ab,62703
1788458888.557502,22.955053,rx,-1,0.300000,0.000000,0.300000,0.300000,869,21750,24980,0.295558,-0.037424,0.514644,-0.037972,1.125568,41,40,1.984179,1.935785,73,79,-1,0,,62703
1788458888.599223,22.996772,rx,-1,0.300000,0.000000,0.300000,0.300000,870,21776,25004,0.298920,0.000000,0.517862,-0.031227,1.125568,41,41,1.982275,1.982275,73,76,-1,0,,62703
1788458888.599273,22.996827,tx,-1,0.300000,0.000000,0.300000,0.300000,,,,,,,,,,,,,,,,,aa5501099a99993e0000000000c1ab,62847
1788458888.613205,23.010751,rx,-1,0.300000,0.000000,0.300000,0.300000,871,21800,24996,0.302662,0.037400,0.521117,-0.024397,1.126503,41,42,1.982909,2.031273,73,74,-1,0,,62847
1788458888.613283,23.010835,rx,-1,0.300000,0.000000,0.300000,0.300000,872,21826,25024,0.295039,-0.037359,0.524294,-0.017733,1.125568,41,40,1.980691,1.932381,73,79,-1,0,,62847
1788458888.613295,23.010848,tx,-1,0.300000,0.000000,0.300000,0.300000,,,,,,,,,,,,,,,,,aa5501099a99993e0000000000c1ab,62991
1788458888.666836,23.064384,rx,-1,0.000000,0.000000,0.000000,0.000000,873,21851,24980,0.295558,0.037424,0.527470,-0.011068,1.126503,40,41,1.935785,1.984179,76,76,-1,0,,62991
1788458888.704594,23.102141,rx,-1,0.000000,0.000000,0.000000,0.000000,874,21876,25028,0.294992,0.037353,0.530641,-0.004400,1.127437,40,41,1.932072,1.980374,77,77,-1,0,,62991
1788458888.704643,23.102196,tx,-1,0.000000,0.000000,0.000000,0.000000,,,,,,,,,,,,,,,,,aa5501090000000000000000004829,63167
1788458888.710441,23.107993,key,119,0.300000,0.000000,0.300000,0.300000,,,,,,,,,,,,,,,,,aa5501099a99993e0000000000c1ab,63167
1788458888.718591,23.116138,rx,-1,0.300000,0.000000,0.300000,0.300000,875,21901,25012,0.291536,0.000000,0.533769,0.002187,1.127437,40,40,1.933308,1.933308,77,79,-1,0,,63167
1788458888.718679,23.116231,rx,-1,0.300000,0.000000,0.300000,0.300000,876,21925,25004,0.302565,0.037388,0.537011,0.009022,1.128372,41,42,1.982275,2.030623,-97,-88,-1,0,,63167
1788458888.718701,23.116254,tx,-1,0.300000,0.000000,0.300000,0.300000,,,,,,,,,,,,,,,,,aa5501099a99993e0000000000c1ab,63343
1788458888.771765,23.169313,rx,-1,0.300000,0.000000,0.300000,0.300000,877,21951,24992,0.145885,0.074813,0.538569,0.012319,1.130242,19,21,0.919056,1.015799,-43,-41,-1,0,,63343
1788458888.812774,23.210317,rx,-1,0.300000,0.000000,0.300000,0.300000,878,21976,24996,-0.061991,0.037400,0.537909,0.010917,1.131177,-9,-8,-0.435273,-0.386909,202,194,-1,0,,63343
1788458888.812897,23.210449,rx,-1,0.300000,0.000000,0.300000,0.300000,879,22001,24980,0.051084,0.074849,0.538451,0.012072,1.133047,6,8,0.290368,0.387157,170,162,-1,0,,63343
1788458888.812913,23.210467,tx,-1,0.300000,0.000000,0.300000,0.300000,,,,,,,,,,,,,,,,,aa5501099a99993e0000000000c1ab,63519
1788458888.818675,23.216227,key,119,0.300000,0.000000,0.300000,0.300000,,,,,,,,,,,,,,,,,aa5501099a99993e0000000000c1ab,63519
1788458888.826837,23.224381,rx,-1,0.300000,0.000000,0.300000,0.300000,880,22026,24984,0.266325,-0.037418,0.541274,0.018097,1.132112,37,36,1.790314,1.741927,90,94,-1,0,,63519
1788458888.826928,23.224479,rx,-1,0.300000,0.000000,0.300000,0.300000,881,22050,25032,0.356846,0.000000,0.545068,0.026184,1.132112,49,49,2.366410,2.366410,58,61,-1,0,,63519
1788458888.826942,23.224496,tx,-1,0.300000,0.000000,0.300000,0.300000,,,,,,,,,,,,,,,,,aa5501099a99993e0000000000c1ab,63694
1788458888.861125,23.258675,key,119,0.300000,0.000000,0.300000,0.300000,,,,,,,,,,,,,,,,,aa5501099a99993e0000000000c1ab,63694
1788458888.880591,23.278143,rx,-1,0.300000,0.000000,0.300000,0.300000,882,22076,24976,0.343049,0.000000,0.548707,0.033941,1.132112,47,47,2.274911,2.274911,61,64,-1,0,,63694
1788458888.920174,23.317720,rx,-1,0.300000,0.000000,0.300000,0.300000,883,22100,25012,0.287892,0.037377,0.551763,0.040461,1.133047,39,40,1.884975,1.933308,83,82,-1,0,,63694
1788458888.920215,23.317768,tx,-1,0.300000,0.000000,0.300000,0.300000,,,,,,,,,,,,,,,,,aa5501099a99993e0000000000c1ab,63838
1788458888.933902,23.331448,rx,-1,0.300000,0.000000,0.300000,0.300000,884,22126,25004,0.277048,0.074777,0.554693,0.046738,1.134916,37,39,1.788882,1.885579,89,85,-1,0,,63838
1788458888.933982,23.331534,rx,-1,0.300000,0.000000,0.300000,0.300000,885,22151,24984,0.302808,-0.037418,0.557891,0.053594,1.133981,42,41,2.032248,1.983862,75,80,-1,0,,63838
1788458888.933994,23.331547,tx,-1,0.300000,0.000000,0.300000,0.300000,,,,,,,,,,,,,,,,,aa5501099a99993e0000000000c1ab,63982
1788458888.951078,23.348631,key,119,0.300000,0.000000,0.300000,0.300000,,,,,,,,,,,,,,,,,aa5501099a99993e0000000000c1ab,63982
1788458888.987734,23.385283,rx,-1,0.300000,0.000000,0.300000,0.300000,886,22176,25000,0.309906,-0.037394,0.561172,0.060613,1.133047,43,42,2.079304,2.030948,73,77,-1,0,,63982
1788458889.034132,23.431678,rx,-1,0.300000,0.000000,0.300000,0.300000,887,22201,25024,0.302324,-0.037358,0.564382,0.067463,1.132112,42,41,2.029000,1.980691,75,80,-1,0,,63982
1788458889.034178,23.431731,tx,-1,0.300000,0.000000,0.300000,0.300000,,,,,,,,,,,,,,,,,aa5501099a99993e0000000000c1ab,64126
1788458889.039756,23.437309,key,119,0.300000,0.000000,0.300000,0.300000,,,,,,,,,,,,,,,,,aa5501099a99993e0000000000c1ab,64126
1788458889.042224,23.439769,rx,-1,0.300000,0.000000,0.300000,0.300000,888,22225,24980,0.302856,0.037424,0.567592,0.074314,1.133047,41,42,1.984179,2.032574,78,77,-1,0,,64126
1788458889.042312,23.439864,rx,-1,0.300000,0.000000,0.300000,0.300000,889,22251,25000,0.306260,0.000000,0.570838,0.081248,1.133047,42,42,2.030948,2.030948,75,77,-1,0,,64126
1788458889.042326,23.439879,tx,-1,0.300000,0.000000,0.300000,0.300000,,,,,,,,,,,,,,,,,aa5501099a99993e0000000000c1ab,64270
1788458889.095585,23.493134,rx,-1,0.300000,0.000000,0.300000,0.300000,890,22276,25000,0.302614,0.037394,0.574041,0.088102,1.133981,41,42,1.982592,2.030948,77,77,-1,0,,64270
1788458889.133208,23.530756,rx,-1,0.300000,0.000000,0.300000,0.300000,891,22301,25004,0.302565,0.037388,0.577239,0.094958,1.134916,41,42,1.982275,2.030623,78,77,-1,0,,64270
1788458889.133256,23.530809,tx,-1,0.300000,0.000000,0.300000,0.300000,,,,,,,,,,,,,,,,,aa5501099a99993e0000000000c1ab,64446
1788458889.138991,23.536543,key,119,0.300000,0.000000,0.300000,0.300000,,,,,,,,,,,,,,,,,aa5501099a99993e0000000000c1ab,64446
1788458889.146726,23.544272,rx,-1,0.300000,0.000000,0.300000,0.300000,892,22326,25020,0.302372,-0.037364,0.580436,0.101815,1.133981,42,41,2.029325,1.981007,75,79,-1,0,,64446
1788458889.146807,23.544359,rx,-1,0.300000,0.000000,0.300000,0.300000,893,22350,25008,0.306162,0.000000,0.583675,0.108752,1.133981,42,42,2.030298,2.030298,75,76,-1,0,,64446
1788458889.146821,23.544374,tx,-1,0.300000,0.000000,0.300000,0.300000,,,,,,,,,,,,,,,,,aa5501099a99993e0000000000c1ab,64590
1788458889.200069,23.597618,rx,-1,0.300000,0.000000,0.300000,0.300000,894,22376,24984,0.306456,0.074837,0.586908,0.115693,1.135851,41,43,1.983862,2.080636,77,73,-1,0,,64590
1788458889.241969,23.639516,rx,-1,0.300000,0.000000,0.300000,0.300000,895,22401,24976,0.310203,-0.037430,0.590176,0.122718,1.134916,43,42,2.081302,2.032900,72,76,-1,0,,64590
1788458889.242030,23.639583,tx,-1,0.300000,0.000000,0.300000,0.300000,,,,,,,,,,,,,,,,,aa5501099a99993e0000000000c1ab,64766
1788458889.250145,23.647693,rx,-1,0.300000,0.000000,0.300000,0.300000,896,22426,25032,0.305868,0.074693,0.593402,0.129661,1.136786,41,43,1.980057,2.076646,77,73,-1,0,,64766
1788458889.250220,23.647772,rx,-1,0.300000,0.000000,0.300000,0.300000,897,22451,24996,0.299016,0.000000,0.596545,0.136443,1.136786,41,41,1.982909,1.982909,77,78,-1,0,,64766
1788458889.250240,23.647793,tx,-1,0.300000,0.000000,0.300000,0.300000,,,,,,,,,,,,,,,,,aa5501099a99993e0000000000c1ab,64910
1788458889.303421,23.700969,rx,-1,0.300000,0.000000,0.300000,0.300000,898,22475,24988,0.299111,0.000000,0.599688,0.143224,1.136786,41,41,1.983544,1.983544,77,78,-1,0,,64910
1788458889.350156,23.747703,rx,-1,0.300000,0.000000,0.300000,0.300000,899,22501,24988,0.299111,0.000000,0.602831,0.150005,1.136786,41,41,1.983544,1.983544,77,78,-1,0,,64910
1788458889.350242,23.747794,rx,-1,0.300000,0.000000,0.300000,0.300000,900,22525,25016,0.306064,0.000000,0.606051,0.156952,1.136786,42,42,2.029649,2.029649,74,75,-1,0,,64910
1788458889.350255,23.747808,tx,-1,0.300000,0.000000,0.300000,0.300000,,,,,,,,,,,,,,,,,aa5501099a99993e0000000000c1ab,65062
1788458889.358383,23.755931,rx,-1,0.300000,0.000000,0.300000,0.300000,901,22551,24996,0.302662,0.037400,0.609229,0.163817,1.137721,41,42,1.982909,2.031273,77,75,-1,0,,65062
1788458889.358447,23.755999,rx,-1,0.300000,0.000000,0.300000,0.300000,902,22576,24992,0.302711,0.037406,0.612400,0.170686,1.138656,41,42,1.983227,2.031598,77,75,-1,0,,65062
1788458889.358458,23.756011,tx,-1,0.300000,0.000000,0.300000,0.300000,,,,,,,,,,,,,,,,,aa5501099a99993e0000000000c1ab,65206
1788458889.411577,23.809125,rx,-1,0.300000,0.000000,0.300000,0.300000,903,22601,25024,0.305966,0.000000,0.615607,0.177638,1.138656,42,42,2.029000,2.029000,74,75,-1,0,,65206
1788458889.451273,23.848816,rx,-1,0.300000,0.000000,0.300000,0.300000,904,22626,24988,0.295464,0.037412,0.618696,0.184344,1.139590,40,41,1.935165,1.983544,79,77,-1,0,,65206
1788458889.451354,23.848907,tx,-1,0.300000,0.000000,0.300000,0.300000,,,,,,,,,,,,,,,,,aa5501099a99993e0000000000c1ab,65350
1788458889.465156,23.862704,rx,-1,0.300000,0.000000,0.300000,0.300000,905,22650,24992,0.295416,-0.037406,0.621785,0.191050,1.138656,41,40,1.983227,1.934855,77,80,-1,0,,65350
1788458889.465230,23.862782,rx,-1,0.300000,0.000000,0.300000,0.300000,906,22676,25008,0.298872,0.000000,0.624915,0.197837,1.138656,41,41,1.981958,1.981958,77,78,-1,0,,65350
1788458889.465243,23.862796,tx,-1,0.300000,0.000000,0.300000,0.300000,,,,,,,,,,,,,,,,,aa5501099a99993e0000000000c1ab,65494
1788458889.517283,23.914831,rx,-1,0.300000,0.000000,0.300000,0.300000,907,22701,24976,0.299255,0.000000,0.628046,0.204624,1.138656,41,41,1.984497,1.984497,77,77,-1,0,,65494
1788458889.554198,23.951747,rx,-1,0.300000,0.000000,0.300000,0.300000,908,22726,25000,0.298968,0.000000,0.631176,0.211411,1.138656,41,41,1.982592,1.982592,77,78,-1,0,,65494
1788458889.554238,23.951791,tx,-1,0.300000,0.000000,0.300000,0.300000,,,,,,,,,,,,,,,,,aa5501099a99993e0000000000c1ab,65638
1788458889.567807,23.965356,rx,-1,0.300000,0.000000,0.300000,0.300000,909,22751,25028,0.294992,-0.037353,0.634271,0.218114,1.137721,41,40,1.980374,1.932072,77,80,-1,0,,65638
1788458889.567885,23.965436,rx,-1,0.300000,0.000000,0.300000,0.300000,910,22775,24984,0.299159,0.000000,0.637408,0.224898,1.137721,41,41,1.983862,1.983862,77,78,-1,0,,65638
1788458889.567915,23.965467,tx,-1,0.300000,0.000000,0.300000,0.300000,,,,,,,,,,,,,,,,,aa5501099a99993e0000000000c1ab,65782
1788458889.620883,24.018432,rx,-1,0.000000,0.000000,0.000000,0.000000,911,22801,25008,0.302517,0.037383,0.640580,0.231767,1.138656,41,42,1.981958,2.030298,77,75,-1,0,,65782
1788458889.657870,24.055419,rx,-1,0.000000,0.000000,0.000000,0.000000,912,22825,25020,0.295086,-0.037364,0.643675,0.238469,1.137721,41,40,1.981007,1.932690,77,80,-1,0,,65782
1788458889.657915,24.055468,tx,-1,0.000000,0.000000,0.000000,0.000000,,,,,,,,,,,,,,,,,aa5501090000000000000000004829,65926
1788458889.671768,24.069315,rx,-1,0.000000,0.000000,0.000000,0.000000,913,22851,24984,0.299159,0.000000,0.646812,0.245254,1.137721,41,41,1.983862,1.983862,-94,-84,-1,0,,65926
1788458889.671849,24.069400,rx,-1,0.000000,0.000000,0.000000,0.000000,914,22876,25008,0.142147,0.037382,0.648302,0.248481,1.138656,19,20,0.918468,0.966809,-40,-37,-1,0,,65926
1788458889.671865,24.069418,tx,-1,0.000000,0.000000,0.000000,0.000000,,,,,,,,,,,,,,,,,aa5501090000000000000000004829,66070
1788458889.724982,24.122531,rx,-1,0.000000,0.000000,0.000000,0.000000,915,22901,25012,-0.047375,0.037376,0.647806,0.247405,1.139590,-7,-6,-0.338329,-0.289996,28,27,-1,0,,66070
1788458889.766786,24.164328,rx,-1,0.000000,0.000000,0.000000,0.000000,916,22926,24972,-0.029200,0.000000,0.647501,0.246742,1.139590,-4,-4,-0.193641,-0.193641,21,23,-1,0,,66070
1788458889.766854,24.164407,tx,-1,0.000000,0.000000,0.000000,0.000000,,,,,,,,,,,,,,,,,aa5501090000000000000000004829,66214
1788458889.774866,24.172410,rx,-1,0.000000,0.000000,0.000000,0.000000,917,22950,24984,0.047428,0.037418,0.647996,0.247819,1.140525,6,7,0.290321,0.338708,-5,-4,-1,0,,66214
1788458889.774951,24.172502,rx,-1,0.000000,0.000000,0.000000,0.000000,918,22976,25016,0.018218,-0.037370,0.648186,0.248233,1.139590,3,2,0.144975,0.096650,1,6,-1,0,,66214
1788458889.774967,24.172519,tx,-1,0.000000,0.000000,0.000000,0.000000,,,,,,,,,,,,,,,,,aa5501090000000000000000004829,66358
1788458889.828443,24.225992,rx,-1,0.000000,0.000000,0.000000,0.000000,919,23001,25028,0.000000,0.000000,0.648186,0.248233,1.139590,0,0,0.000000,0.000000,9,11,-1,0,,66358
1788458889.864800,24.262348,rx,-1,0.000000,0.000000,0.000000,0.000000,920,23025,24976,0.000000,0.000000,0.648186,0.248233,1.139590,0,0,0.000000,0.000000,9,11,-1,0,,66358
1788458889.864844,24.262397,tx,-1,0.000000,0.000000,0.000000,0.000000,,,,,,,,,,,,,,,,,aa5501090000000000000000004829,66589
1788458889.878469,24.276015,rx,-1,0.000000,0.000000,0.000000,0.000000,921,23051,24992,0.000000,0.000000,0.648186,0.248233,1.139590,0,0,0.000000,0.000000,9,11,-1,0,,66589
1788458889.878550,24.276101,rx,-1,0.000000,0.000000,0.000000,0.000000,922,23075,24988,0.000000,0.000000,0.648186,0.248233,1.139590,0,0,0.000000,0.000000,9,11,-1,0,,66589
1788458889.878569,24.276121,tx,-1,0.000000,0.000000,0.000000,0.000000,,,,,,,,,,,,,,,,,aa5501090000000000000000004829,66733
1788458889.932003,24.329553,rx,-1,0.000000,0.000000,0.000000,0.000000,923,23101,25040,0.000000,0.000000,0.648186,0.248233,1.139590,0,0,0.000000,0.000000,9,11,-1,0,,66733
1788458889.972279,24.369827,rx,-1,0.000000,0.000000,0.000000,0.000000,924,23126,24992,0.000000,0.000000,0.648186,0.248233,1.139590,0,0,0.000000,0.000000,9,11,-1,0,,66733
1788458889.972331,24.369884,tx,-1,0.000000,0.000000,0.000000,0.000000,,,,,,,,,,,,,,,,,aa5501090000000000000000004829,66909
1788458889.986177,24.383723,rx,-1,0.000000,0.000000,0.000000,0.000000,925,23150,25000,0.000000,0.000000,0.648186,0.248233,1.139590,0,0,0.000000,0.000000,9,11,-1,0,,66909
1788458889.986262,24.383813,rx,-1,0.000000,0.000000,0.000000,0.000000,926,23176,24980,0.000000,0.000000,0.648186,0.248233,1.139590,0,0,0.000000,0.000000,9,11,-1,0,,66909
1788458889.986313,24.383865,rx,-1,0.000000,0.000000,0.000000,0.000000,927,23200,24988,0.000000,0.000000,0.648186,0.248233,1.139590,0,0,0.000000,0.000000,9,11,-1,0,,66909
1788458889.986323,24.383876,tx,-1,0.000000,0.000000,0.000000,0.000000,,,,,,,,,,,,,,,,,aa5501090000000000000000004829,67061
1788458890.038327,24.435873,rx,-1,0.000000,0.000000,0.000000,0.000000,928,23226,25040,0.000000,0.000000,0.648186,0.248233,1.139590,0,0,0.000000,0.000000,9,11,-1,0,,67061
1788458890.075099,24.472645,rx,-1,0.000000,0.000000,0.000000,0.000000,929,23250,24980,0.000000,0.000000,0.648186,0.248233,1.139590,0,0,0.000000,0.000000,9,11,-1,0,,67061
1788458890.075147,24.472700,tx,-1,0.000000,0.000000,0.000000,0.000000,,,,,,,,,,,,,,,,,aa5501090000000000000000004829,67205
1788458890.088983,24.486528,rx,-1,0.000000,0.000000,0.000000,0.000000,930,23275,25004,0.000000,0.000000,0.648186,0.248233,1.139590,0,0,0.000000,0.000000,9,11,-1,0,,67205
1788458890.089059,24.486610,rx,-1,0.000000,0.000000,0.000000,0.000000,931,23301,24984,0.000000,0.000000,0.648186,0.248233,1.139590,0,0,0.000000,0.000000,9,11,-1,0,,67205
1788458890.089071,24.486624,tx,-1,0.000000,0.000000,0.000000,0.000000,,,,,,,,,,,,,,,,,aa5501090000000000000000004829,67349
1788458890.142033,24.539580,rx,-1,0.000000,0.000000,0.000000,0.000000,932,23325,25028,0.000000,0.000000,0.648186,0.248233,1.139590,0,0,0.000000,0.000000,9,11,-1,0,,67349
1788458890.183426,24.580962,rx,-1,0.000000,0.000000,0.000000,0.000000,933,23351,24992,0.000000,0.000000,0.648186,0.248233,1.139590,0,0,0.000000,0.000000,9,11,-1,0,,67349
1788458890.183530,24.581081,tx,-1,0.000000,0.000000,0.000000,0.000000,,,,,,,,,,,,,,,,,aa5501090000000000000000004829,67493
1788458890.197469,24.595013,rx,-1,0.000000,0.000000,0.000000,0.000000,934,23375,24980,0.000000,0.000000,0.648186,0.248233,1.139590,0,0,0.000000,0.000000,9,11,-1,0,,67493
1788458890.197559,24.595110,rx,-1,0.000000,0.000000,0.000000,0.000000,935,23401,24992,0.000000,0.000000,0.648186,0.248233,1.139590,0,0,0.000000,0.000000,9,11,-1,0,,67493
1788458890.197572,24.595124,tx,-1,0.000000,0.000000,0.000000,0.000000,,,,,,,,,,,,,,,,,aa5501090000000000000000004829,67637
1788458890.250922,24.648468,rx,-1,0.000000,0.000000,0.000000,0.000000,936,23426,25016,0.000000,0.000000,0.648186,0.248233,1.139590,0,0,0.000000,0.000000,9,11,-1,0,,67637
1788458890.321504,24.719047,rx,-1,0.000000,0.000000,0.000000,0.000000,937,23450,25004,0.000000,0.000000,0.648186,0.248233,1.139590,0,0,0.000000,0.000000,9,11,-1,0,,67637
1788458890.321584,24.719136,tx,-1,0.000000,0.000000,0.000000,0.000000,,,,,,,,,,,,,,,,,aa5501090000000000000000004829,67781
1788458890.329746,24.727290,rx,-1,0.000000,0.000000,0.000000,0.000000,938,23476,24980,0.000000,0.000000,0.648186,0.248233,1.139590,0,0,0.000000,0.000000,9,11,-1,0,,67781
1788458890.329833,24.727384,rx,-1,0.000000,0.000000,0.000000,0.000000,939,23500,25036,0.000000,0.000000,0.648186,0.248233,1.139590,0,0,0.000000,0.000000,9,11,-1,0,,67781
1788458890.329881,24.727432,rx,-1,0.000000,0.000000,0.000000,0.000000,940,23526,24976,0.000000,0.000000,0.648186,0.248233,1.139590,0,0,0.000000,0.000000,9,11,-1,0,,67781
1788458890.329891,24.727444,tx,-1,0.000000,0.000000,0.000000,0.000000,,,,,,,,,,,,,,,,,aa5501090000000000000000004829,67997
1788458890.383498,24.781048,rx,-1,0.000000,0.000000,0.000000,0.000000,941,23550,24992,0.000000,0.000000,0.648186,0.248233,1.139590,0,0,0.000000,0.000000,9,11,-1,0,,67997
1788458890.418430,24.815977,rx,-1,0.000000,0.000000,0.000000,0.000000,942,23575,25000,0.000000,0.000000,0.648186,0.248233,1.139590,0,0,0.000000,0.000000,9,11,-1,0,,67997
1788458890.418468,24.816020,tx,-1,0.000000,0.000000,0.000000,0.000000,,,,,,,,,,,,,,,,,aa5501090000000000000000004829,68141
1788458890.437502,24.835047,rx,-1,0.000000,0.000000,0.000000,0.000000,943,23601,25028,0.000000,0.000000,0.648186,0.248233,1.139590,0,0,0.000000,0.000000,9,11,-1,0,,68141
1788458890.437589,24.835139,rx,-1,0.000000,0.000000,0.000000,0.000000,944,23625,24984,0.000000,0.000000,0.648186,0.248233,1.139590,0,0,0.000000,0.000000,9,11,-1,0,,68141
1788458890.437608,24.835160,tx,-1,0.000000,0.000000,0.000000,0.000000,,,,,,,,,,,,,,,,,aa5501090000000000000000004829,68349
1788458890.490648,24.888193,rx,-1,0.000000,0.000000,0.000000,0.000000,945,23651,24984,0.000000,0.000000,0.648186,0.248233,1.139590,0,0,0.000000,0.000000,9,11,-1,0,,68349
1788458890.529592,24.927139,rx,-1,0.000000,0.000000,0.000000,0.000000,946,23675,25036,0.000000,0.000000,0.648186,0.248233,1.139590,0,0,0.000000,0.000000,9,11,-1,0,,68349
1788458890.529678,24.927228,rx,-1,0.000000,0.000000,0.000000,0.000000,947,23701,24984,0.000000,0.000000,0.648186,0.248233,1.139590,0,0,0.000000,0.000000,9,11,-1,0,,68349
1788458890.529689,24.927241,tx,-1,0.000000,0.000000,0.000000,0.000000,,,,,,,,,,,,,,,,,aa5501090000000000000000004829,68501
1788458890.543379,24.940926,rx,-1,0.000000,0.000000,0.000000,0.000000,948,23726,25016,0.000000,0.000000,0.648186,0.248233,1.139590,0,0,0.000000,0.000000,9,11,-1,0,,68501
1788458890.543474,24.941025,rx,-1,0.000000,0.000000,0.000000,0.000000,949,23750,25004,0.000000,0.000000,0.648186,0.248233,1.139590,0,0,0.000000,0.000000,9,11,-1,0,,68501
1788458890.543487,24.941039,tx,-1,0.000000,0.000000,0.000000,0.000000,,,,,,,,,,,,,,,,,aa5501090000000000000000004829,68645
1788458890.597089,24.994638,rx,-1,0.000000,0.000000,0.000000,0.000000,950,23776,24980,0.000000,0.000000,0.648186,0.248233,1.139590,0,0,0.000000,0.000000,9,11,-1,0,,68645
1788458890.632799,25.030343,rx,-1,0.000000,0.000000,0.000000,0.000000,951,23800,24992,0.000000,0.000000,0.648186,0.248233,1.139590,0,0,0.000000,0.000000,9,11,-1,0,,68645
1788458890.632887,25.030439,tx,-1,0.000000,0.000000,0.000000,0.000000,,,,,,,,,,,,,,,,,aa5501090000000000000000004829,68789
1788458890.652432,25.049977,rx,-1,0.000000,0.000000,0.000000,0.000000,952,23826,25032,0.000000,0.000000,0.648186,0.248233,1.139590,0,0,0.000000,0.000000,9,11,-1,0,,68789
1788458890.652525,25.050075,rx,-1,0.000000,0.000000,0.000000,0.000000,953,23851,24984,0.000000,0.000000,0.648186,0.248233,1.139590,0,0,0.000000,0.000000,9,11,-1,0,,68789
1788458890.652540,25.050091,tx,-1,0.000000,0.000000,0.000000,0.000000,,,,,,,,,,,,,,,,,aa5501090000000000000000004829,68933
1788458890.706175,25.103722,rx,-1,0.000000,0.000000,0.000000,0.000000,954,23875,25004,0.000000,0.000000,0.648186,0.248233,1.139590,0,0,0.000000,0.000000,9,11,-1,0,,68933
1788458890.742197,25.139742,rx,-1,0.000000,0.000000,0.000000,0.000000,955,23901,24976,0.000000,0.000000,0.648186,0.248233,1.139590,0,0,0.000000,0.000000,9,11,-1,0,,68933
1788458890.742253,25.139805,tx,-1,0.000000,0.000000,0.000000,0.000000,,,,,,,,,,,,,,,,,aa5501090000000000000000004829,69077
1788458890.761538,25.159085,rx,-1,0.000000,0.000000,0.000000,0.000000,956,23925,24992,0.000000,0.000000,0.648186,0.248233,1.139590,0,0,0.000000,0.000000,9,11,-1,0,,69077
1788458890.761614,25.159165,rx,-1,0.000000,0.000000,0.000000,0.000000,957,23951,25032,0.000000,0.000000,0.648186,0.248233,1.139590,0,0,0.000000,0.000000,9,11,-1,0,,69077
1788458890.761628,25.159179,tx,-1,0.000000,0.000000,0.000000,0.000000,,,,,,,,,,,,,,,,,aa5501090000000000000000004829,69221
1788458890.814820,25.212367,rx,-1,0.000000,0.000000,0.000000,0.000000,958,23975,24976,0.000000,0.000000,0.648186,0.248233,1.139590,0,0,0.000000,0.000000,9,11,-1,0,,69221
1788458890.850193,25.247739,rx,-1,0.000000,0.000000,0.000000,0.000000,959,24000,24996,0.000000,0.000000,0.648186,0.248233,1.139590,0,0,0.000000,0.000000,9,11,-1,0,,69221
1788458890.850274,25.247826,tx,-1,0.000000,0.000000,0.000000,0.000000,,,,,,,,,,,,,,,,,aa5501090000000000000000004829,69452
1788458890.869907,25.267455,rx,-1,0.000000,0.000000,0.000000,0.000000,960,24026,25044,0.000000,0.000000,0.648186,0.248233,1.139590,0,0,0.000000,0.000000,9,11,-1,0,,69452
1788458890.869984,25.267535,rx,-1,0.000000,0.000000,0.000000,0.000000,961,24050,24960,0.000000,0.000000,0.648186,0.248233,1.139590,0,0,0.000000,0.000000,9,11,-1,0,,69452
1788458890.870030,25.267580,rx,-1,0.000000,0.000000,0.000000,0.000000,962,24076,24992,0.000000,0.000000,0.648186,0.248233,1.139590,0,0,0.000000,0.000000,9,11,-1,0,,69452
1788458890.870039,25.267590,tx,-1,0.000000,0.000000,0.000000,0.000000,,,,,,,,,,,,,,,,,aa5501090000000000000000004829,69636
1788458890.923211,25.320759,rx,-1,0.000000,0.000000,0.000000,0.000000,963,24100,25032,0.000000,0.000000,0.648186,0.248233,1.139590,0,0,0.000000,0.000000,9,11,-1,0,,69636
1788458890.959140,25.356686,rx,-1,0.000000,0.000000,0.000000,0.000000,964,24126,25016,0.000000,0.000000,0.648186,0.248233,1.139590,0,0,0.000000,0.000000,9,11,-1,0,,69636
1788458890.959187,25.356738,tx,-1,0.000000,0.000000,0.000000,0.000000,,,,,,,,,,,,,,,,,aa5501090000000000000000004829,69780
1788458890.978728,25.376276,rx,-1,0.000000,0.000000,0.000000,0.000000,965,24151,24960,0.000000,0.000000,0.648186,0.248233,1.139590,0,0,0.000000,0.000000,9,11,-1,0,,69780
1788458890.978798,25.376349,rx,-1,0.000000,0.000000,0.000000,0.000000,966,24175,25040,0.000000,0.000000,0.648186,0.248233,1.139590,0,0,0.000000,0.000000,9,11,-1,0,,69780
1788458890.978808,25.376359,tx,-1,0.000000,0.000000,0.000000,0.000000,,,,,,,,,,,,,,,,,aa5501090000000000000000004829,69924
1788458891.032330,25.429879,rx,-1,0.000000,0.000000,0.000000,0.000000,967,24201,24984,0.000000,0.000000,0.648186,0.248233,1.139590,0,0,0.000000,0.000000,9,11,-1,0,,69924
1788458891.071180,25.468717,rx,-1,0.000000,0.000000,0.000000,0.000000,968,24225,24984,0.000000,0.000000,0.648186,0.248233,1.139590,0,0,0.000000,0.000000,9,11,-1,0,,69924
1788458891.071286,25.468837,tx,-1,0.000000,0.000000,0.000000,0.000000,,,,,,,,,,,,,,,,,aa5501090000000000000000004829,70068
1788458891.085195,25.482742,rx,-1,0.000000,0.000000,0.000000,0.000000,969,24251,24988,0.000000,0.000000,0.648186,0.248233,1.139590,0,0,0.000000,0.000000,9,11,-1,0,,70068
1788458891.085265,25.482815,rx,-1,0.000000,0.000000,0.000000,0.000000,970,24275,25036,0.000000,0.000000,0.648186,0.248233,1.139590,0,0,0.000000,0.000000,9,11,-1,0,,70068
1788458891.085275,25.482826,tx,-1,0.000000,0.000000,0.000000,0.000000,,,,,,,,,,,,,,,,,aa5501090000000000000000004829,70212
1788458891.138445,25.535993,rx,-1,0.000000,0.000000,0.000000,0.000000,971,24300,25000,0.000000,0.000000,0.648186,0.248233,1.139590,0,0,0.000000,0.000000,9,11,-1,0,,70212
1788458891.178496,25.576042,rx,-1,0.000000,0.000000,0.000000,0.000000,972,24326,24992,0.000000,0.000000,0.648186,0.248233,1.139590,0,0,0.000000,0.000000,9,11,-1,0,,70212
1788458891.178546,25.576097,tx,-1,0.000000,0.000000,0.000000,0.000000,,,,,,,,,,,,,,,,,aa5501090000000000000000004829,70356
1788458891.192236,25.589781,rx,-1,0.000000,0.000000,0.000000,0.000000,973,24350,24992,0.000000,0.000000,0.648186,0.248233,1.139590,0,0,0.000000,0.000000,9,11,-1,0,,70356
1788458891.192317,25.589867,rx,-1,0.000000,0.000000,0.000000,0.000000,974,24376,25016,0.000000,0.000000,0.648186,0.248233,1.139590,0,0,0.000000,0.000000,9,11,-1,0,,70356
1788458891.192328,25.589879,tx,-1,0.000000,0.000000,0.000000,0.000000,,,,,,,,,,,,,,,,,aa5501090000000000000000004829,70500
1788458891.245719,25.643267,rx,-1,0.000000,0.000000,0.000000,0.000000,975,24400,24968,0.000000,0.000000,0.648186,0.248233,1.139590,0,0,0.000000,0.000000,9,11,-1,0,,70500
1788458891.289188,25.686733,rx,-1,0.000000,0.000000,0.000000,0.000000,976,24426,25016,0.000000,0.000000,0.648186,0.248233,1.139590,0,0,0.000000,0.000000,9,11,-1,0,,70500
1788458891.289271,25.686823,tx,-1,0.000000,0.000000,0.000000,0.000000,,,,,,,,,,,,,,,,,aa5501090000000000000000004829,70676
1788458891.297412,25.694957,rx,-1,0.000000,0.000000,0.000000,0.000000,977,24451,25000,0.000000,0.000000,0.648186,0.248233,1.139590,0,0,0.000000,0.000000,9,11,-1,0,,70676
1788458891.297501,25.695051,rx,-1,0.000000,0.000000,0.000000,0.000000,978,24475,25000,0.000000,0.000000,0.648186,0.248233,1.139590,0,0,0.000000,0.000000,9,11,-1,0,,70676
1788458891.297524,25.695075,tx,-1,0.000000,0.000000,0.000000,0.000000,,,,,,,,,,,,,,,,,aa5501090000000000000000004829,70852
1788458891.350998,25.748547,rx,-1,0.000000,0.000000,0.000000,0.000000,979,24501,25024,0.000000,0.000000,0.648186,0.248233,1.139590,0,0,0.000000,0.000000,9,11,-1,0,,70852
1788458891.386891,25.784431,rx,-1,0.000000,0.000000,0.000000,0.000000,980,24525,24956,0.000000,0.000000,0.648186,0.248233,1.139590,0,0,0.000000,0.000000,9,11,-1,0,,70852
1788458891.387008,25.784558,rx,-1,0.000000,0.000000,0.000000,0.000000,981,24551,25024,0.000000,0.000000,0.648186,0.248233,1.139590,0,0,0.000000,0.000000,9,11,-1,0,,70852
1788458891.387022,25.784573,tx,-1,0.000000,0.000000,0.000000,0.000000,,,,,,,,,,,,,,,,,aa5501090000000000000000004829,71004
1788458891.406504,25.804051,rx,-1,0.000000,0.000000,0.000000,0.000000,982,24576,25000,0.000000,0.000000,0.648186,0.248233,1.139590,0,0,0.000000,0.000000,9,11,-1,0,,71004
1788458891.406579,25.804129,rx,-1,0.000000,0.000000,0.000000,0.000000,983,24600,24996,0.000000,0.000000,0.648186,0.248233,1.139590,0,0,0.000000,0.000000,9,11,-1,0,,71004
1788458891.406589,25.804140,tx,-1,0.000000,0.000000,0.000000,0.000000,,,,,,,,,,,,,,,,,aa5501090000000000000000004829,71148
1788458891.459812,25.857360,rx,-1,0.000000,0.000000,0.000000,0.000000,984,24626,25000,0.000000,0.000000,0.648186,0.248233,1.139590,0,0,0.000000,0.000000,9,11,-1,0,,71148
1788458891.500736,25.898282,rx,-1,0.000000,0.000000,0.000000,0.000000,985,24650,25016,0.000000,0.000000,0.648186,0.248233,1.139590,0,0,0.000000,0.000000,9,11,-1,0,,71148
1788458891.500787,25.898339,tx,-1,0.000000,0.000000,0.000000,0.000000,,,,,,,,,,,,,,,,,aa5501090000000000000000004829,71292
1788458891.514677,25.912224,rx,-1,0.000000,0.000000,0.000000,0.000000,986,24676,25000,0.000000,0.000000,0.648186,0.248233,1.139590,0,0,0.000000,0.000000,9,11,-1,0,,71292
1788458891.514751,25.912301,rx,-1,0.000000,0.000000,0.000000,0.000000,987,24700,24972,0.000000,0.000000,0.648186,0.248233,1.139590,0,0,0.000000,0.000000,9,11,-1,0,,71292
1788458891.514762,25.912313,tx,-1,0.000000,0.000000,0.000000,0.000000,,,,,,,,,,,,,,,,,aa5501090000000000000000004829,71436
1788458891.567213,25.964758,rx,-1,0.000000,0.000000,0.000000,0.000000,988,24725,25020,0.000000,0.000000,0.648186,0.248233,1.139590,0,0,0.000000,0.000000,9,11,-1,0,,71436
1788458891.620304,26.017848,rx,-1,0.000000,0.000000,0.000000,0.000000,989,24751,24996,0.000000,0.000000,0.648186,0.248233,1.139590,0,0,0.000000,0.000000,9,11,-1,0,,71436
1788458891.620344,26.017895,tx,-1,0.000000,0.000000,0.000000,0.000000,,,,,,,,,,,,,,,,,aa5501090000000000000000004829,71580
1788458891.628457,26.026001,rx,-1,0.000000,0.000000,0.000000,0.000000,990,24775,24996,0.000000,0.000000,0.648186,0.248233,1.139590,0,0,0.000000,0.000000,9,11,-1,0,,71580
1788458891.628534,26.026083,rx,-1,0.000000,0.000000,0.000000,0.000000,991,24801,25024,0.000000,0.000000,0.648186,0.248233,1.139590,0,0,0.000000,0.000000,9,11,-1,0,,71580
1788458891.628588,26.026138,rx,-1,0.000000,0.000000,0.000000,0.000000,992,24825,24980,0.000000,0.000000,0.648186,0.248233,1.139590,0,0,0.000000,0.000000,9,11,-1,0,,71580
1788458891.628599,26.026149,tx,-1,0.000000,0.000000,0.000000,0.000000,,,,,,,,,,,,,,,,,aa5501090000000000000000004829,71796
1788458891.682161,26.079706,rx,-1,0.000000,0.000000,0.000000,0.000000,993,24851,24980,0.000000,0.000000,0.648186,0.248233,1.139590,0,0,0.000000,0.000000,9,11,-1,0,,71796
1788458891.684544,26.082092,rx,-1,0.000000,0.000000,0.000000,0.000000,994,24876,24992,0.000000,0.000000,0.648186,0.248233,1.139590,0,0,0.000000,0.000000,9,11,-1,0,,71796
1788458891.684569,26.082120,tx,-1,0.000000,0.000000,0.000000,0.000000,,,,,,,,,,,,,,,,,aa5501090000000000000000004829,71940
1788458891.735316,26.132859,rx,-1,0.000000,0.000000,0.000000,0.000000,995,24900,25048,0.000000,0.000000,0.648186,0.248233,1.139590,0,0,0.000000,0.000000,9,11,-1,0,,71940
1788458891.735411,26.132961,rx,-1,0.000000,0.000000,0.000000,0.000000,996,24926,24988,0.000000,0.000000,0.648186,0.248233,1.139590,0,0,0.000000,0.000000,9,11,-1,0,,71940
1788458891.735425,26.132975,tx,-1,0.000000,0.000000,0.000000,0.000000,,,,,,,,,,,,,,,,,aa5501090000000000000000004829,72084
1788458891.787002,26.184547,rx,-1,0.000000,0.000000,0.000000,0.000000,997,24950,24980,0.000000,0.000000,0.648186,0.248233,1.139590,0,0,0.000000,0.000000,9,11,-1,0,,72084
1788458891.789275,26.186820,rx,-1,0.000000,0.000000,0.000000,0.000000,998,24976,25028,0.000000,0.000000,0.648186,0.248233,1.139590,0,0,0.000000,0.000000,9,11,-1,0,,72084
1788458891.789332,26.186883,tx,-1,0.000000,0.000000,0.000000,0.000000,,,,,,,,,,,,,,,,,aa5501090000000000000000004829,72228
1788458891.842129,26.239675,rx,-1,0.000000,0.000000,0.000000,0.000000,999,25000,24980,0.000000,0.000000,0.648186,0.248233,1.139590,0,0,0.000000,0.000000,9,11,-1,0,,72228
1788458891.842234,26.239783,rx,-1,0.000000,0.000000,0.000000,0.000000,1000,25025,25008,0.000000,0.000000,0.648186,0.248233,1.139590,0,0,0.000000,0.000000,9,11,-1,0,,72228
1788458891.842247,26.239797,tx,-1,0.000000,0.000000,0.000000,0.000000,,,,,,,,,,,,,,,,,aa5501090000000000000000004829,72427
1788458891.895313,26.292860,rx,-1,0.000000,0.000000,0.000000,0.000000,1001,25051,24976,0.000000,0.000000,0.648186,0.248233,1.139590,0,0,0.000000,0.000000,9,11,-1,0,,72427
1788458891.897246,26.294795,rx,-1,0.000000,0.000000,0.000000,0.000000,1002,25075,25032,0.000000,0.000000,0.648186,0.248233,1.139590,0,0,0.000000,0.000000,9,11,-1,0,,72427
1788458891.897268,26.294819,tx,-1,0.000000,0.000000,0.000000,0.000000,,,,,,,,,,,,,,,,,aa5501090000000000000000004829,72571
1788458891.949848,26.347396,rx,-1,0.000000,0.000000,0.000000,0.000000,1003,25101,24984,0.000000,0.000000,0.648186,0.248233,1.139590,0,0,0.000000,0.000000,9,11,-1,0,,72571
1788458891.949932,26.347482,rx,-1,0.000000,0.000000,0.000000,0.000000,1004,25125,24996,0.000000,0.000000,0.648186,0.248233,1.139590,0,0,0.000000,0.000000,9,11,-1,0,,72571
1788458891.949944,26.347494,tx,-1,0.000000,0.000000,0.000000,0.000000,,,,,,,,,,,,,,,,,aa5501090000000000000000004829,72715
1788458892.003297,26.400842,rx,-1,0.000000,0.000000,0.000000,0.000000,1005,25151,25012,0.000000,0.000000,0.648186,0.248233,1.139590,0,0,0.000000,0.000000,9,11,-1,0,,72715
1788458892.005266,26.402812,rx,-1,0.000000,0.000000,0.000000,0.000000,1006,25176,25004,0.000000,0.000000,0.648186,0.248233,1.139590,0,0,0.000000,0.000000,9,11,-1,0,,72715
1788458892.005327,26.402877,tx,-1,0.000000,0.000000,0.000000,0.000000,,,,,,,,,,,,,,,,,aa5501090000000000000000004829,72891
1788458892.057266,26.454812,rx,-1,0.000000,0.000000,0.000000,0.000000,1007,25200,24984,0.000000,0.000000,0.648186,0.248233,1.139590,0,0,0.000000,0.000000,9,11,-1,0,,72891
1788458892.057363,26.454912,rx,-1,0.000000,0.000000,0.000000,0.000000,1008,25226,25012,0.000000,0.000000,0.648186,0.248233,1.139590,0,0,0.000000,0.000000,9,11,-1,0,,72891
1788458892.057383,26.454934,tx,-1,0.000000,0.000000,0.000000,0.000000,,,,,,,,,,,,,,,,,aa5501090000000000000000004829,73067
1788458892.110402,26.507949,rx,-1,0.000000,0.000000,0.000000,0.000000,1009,25250,24976,0.000000,0.000000,0.648186,0.248233,1.139590,0,0,0.000000,0.000000,9,11,-1,0,,73067
1788458892.112411,26.509960,rx,-1,0.000000,0.000000,0.000000,0.000000,1010,25276,25036,0.000000,0.000000,0.648186,0.248233,1.139590,0,0,0.000000,0.000000,9,11,-1,0,,73067
1788458892.112467,26.510017,rx,-1,0.000000,0.000000,0.000000,0.000000,1011,25300,24976,0.000000,0.000000,0.648186,0.248233,1.139590,0,0,0.000000,0.000000,9,11,-1,0,,73067
1788458892.112477,26.510028,tx,-1,0.000000,0.000000,0.000000,0.000000,,,,,,,,,,,,,,,,,aa5501090000000000000000004829,73219
1788458892.165746,26.563294,rx,-1,0.000000,0.000000,0.000000,0.000000,1012,25325,25016,0.000000,0.000000,0.648186,0.248233,1.139590,0,0,0.000000,0.000000,9,11,-1,0,,73219
1788458892.165826,26.563376,rx,-1,0.000000,0.000000,0.000000,0.000000,1013,25351,25004,0.000000,0.000000,0.648186,0.248233,1.139590,0,0,0.000000,0.000000,9,11,-1,0,,73219
1788458892.165838,26.563388,tx,-1,0.000000,0.000000,0.000000,0.000000,,,,,,,,,,,,,,,,,aa5501090000000000000000004829,73363
1788458892.218951,26.616497,rx,-1,0.000000,0.000000,0.000000,0.000000,1014,25375,24992,0.000000,0.000000,0.648186,0.248233,1.139590,0,0,0.000000,0.000000,9,11,-1,0,,73363
1788458892.220877,26.618425,rx,-1,0.000000,0.000000,0.000000,0.000000,1015,25401,25012,0.000000,0.000000,0.648186,0.248233,1.139590,0,0,0.000000,0.000000,9,11,-1,0,,73363
1788458892.220905,26.618455,tx,-1,0.000000,0.000000,0.000000,0.000000,,,,,,,,,,,,,,,,,aa5501090000000000000000004829,73507
1788458892.274421,26.671968,rx,-1,0.000000,0.000000,0.000000,0.000000,1016,25425,24960,0.000000,0.000000,0.648186,0.248233,1.139590,0,0,0.000000,0.000000,9,11,-1,0,,73507
1788458892.274518,26.672068,rx,-1,0.000000,0.000000,0.000000,0.000000,1017,25450,25008,0.000000,0.000000,0.648186,0.248233,1.139590,0,0,0.000000,0.000000,9,11,-1,0,,73507
1788458892.274532,26.672082,tx,-1,0.000000,0.000000,0.000000,0.000000,,,,,,,,,,,,,,,,,aa5501090000000000000000004829,73651
1788458892.326992,26.724535,rx,-1,0.000000,0.000000,0.000000,0.000000,1018,25476,25016,0.000000,0.000000,0.648186,0.248233,1.139590,0,0,0.000000,0.000000,9,11,-1,0,,73651
1788458892.328983,26.726530,rx,-1,0.000000,0.000000,0.000000,0.000000,1019,25500,24984,0.000000,0.000000,0.648186,0.248233,1.139590,0,0,0.000000,0.000000,9,11,-1,0,,73651
1788458892.329018,26.726567,tx,-1,0.000000,0.000000,0.000000,0.000000,,,,,,,,,,,,,,,,,aa5501090000000000000000004829,73795
1788458892.380692,26.778231,rx,-1,0.000000,0.000000,0.000000,0.000000,1020,25526,25048,0.000000,0.000000,0.648186,0.248233,1.139590,0,0,0.000000,0.000000,9,11,-1,0,,73795
1788458892.380797,26.778345,rx,-1,0.000000,0.000000,0.000000,0.000000,1021,25550,24972,0.000000,0.000000,0.648186,0.248233,1.139590,0,0,0.000000,0.000000,9,11,-1,0,,73795
1788458892.380811,26.778361,tx,-1,0.000000,0.000000,0.000000,0.000000,,,,,,,,,,,,,,,,,aa5501090000000000000000004829,73939
1788458892.434398,26.831945,rx,-1,0.000000,0.000000,0.000000,0.000000,1022,25576,24980,0.000000,0.000000,0.648186,0.248233,1.139590,0,0,0.000000,0.000000,9,11,-1,0,,73939
1788458892.436351,26.833898,rx,-1,0.000000,0.000000,0.000000,0.000000,1023,25601,24996,0.000000,0.000000,0.648186,0.248233,1.139590,0,0,0.000000,0.000000,9,11,-1,0,,73939
1788458892.436379,26.833929,tx,-1,0.000000,0.000000,0.000000,0.000000,,,,,,,,,,,,,,,,,aa5501090000000000000000004829,74115
1788458892.489578,26.887125,rx,-1,0.000000,0.000000,0.000000,0.000000,1024,25625,25036,0.000000,0.000000,0.648186,0.248233,1.139590,0,0,0.000000,0.000000,9,11,-1,0,,74115
1788458892.489656,26.887205,rx,-1,0.000000,0.000000,0.000000,0.000000,1025,25651,24980,0.000000,0.000000,0.648186,0.248233,1.139590,0,0,0.000000,0.000000,9,11,-1,0,,74115
1788458892.489700,26.887249,rx,-1,0.000000,0.000000,0.000000,0.000000,1026,25675,24980,0.000000,0.000000,0.648186,0.248233,1.139590,0,0,0.000000,0.000000,9,11,-1,0,,74115
1788458892.489709,26.887259,tx,-1,0.000000,0.000000,0.000000,0.000000,,,,,,,,,,,,,,,,,aa5501090000000000000000004829,74299
1788458892.542438,26.939981,rx,-1,0.000000,0.000000,0.000000,0.000000,1027,25701,25024,0.000000,0.000000,0.648186,0.248233,1.139590,0,0,0.000000,0.000000,9,11,-1,0,,74299
1788458892.544366,26.941914,rx,-1,0.000000,0.000000,0.000000,0.000000,1028,25725,25004,0.000000,0.000000,0.648186,0.248233,1.139590,0,0,0.000000,0.000000,9,11,-1,0,,74299
1788458892.544386,26.941936,tx,-1,0.000000,0.000000,0.000000,0.000000,,,,,,,,,,,,,,,,,aa5501090000000000000000004829,74443
1788458892.597377,26.994919,rx,-1,0.000000,0.000000,0.000000,0.000000,1029,25750,24972,0.000000,0.000000,0.648186,0.248233,1.139590,0,0,0.000000,0.000000,9,11,-1,0,,74443
1788458892.597557,26.995103,rx,-1,0.000000,0.000000,0.000000,0.000000,1030,25776,25004,0.000000,0.000000,0.648186,0.248233,1.139590,0,0,0.000000,0.000000,9,11,-1,0,,74443
1788458892.597588,26.995137,tx,-1,0.000000,0.000000,0.000000,0.000000,,,,,,,,,,,,,,,,,aa5501090000000000000000004829,74587
1788458892.650354,27.047896,rx,-1,0.000000,0.000000,0.000000,0.000000,1031,25800,24992,0.000000,0.000000,0.648186,0.248233,1.139590,0,0,0.000000,0.000000,9,11,-1,0,,74587
1788458892.652853,27.050401,rx,-1,0.000000,0.000000,0.000000,0.000000,1032,25826,25040,0.000000,0.000000,0.648186,0.248233,1.139590,0,0,0.000000,0.000000,9,11,-1,0,,74587
1788458892.652877,27.050427,tx,-1,0.000000,0.000000,0.000000,0.000000,,,,,,,,,,,,,,,,,aa5501090000000000000000004829,74731
1788458892.700795,27.098334,rx,-1,0.000000,0.000000,0.000000,0.000000,1033,25850,24984,0.000000,0.000000,0.648186,0.248233,1.139590,0,0,0.000000,0.000000,9,11,-1,0,,74731
1788458892.700982,27.098529,rx,-1,0.000000,0.000000,0.000000,0.000000,1034,25876,25016,0.000000,0.000000,0.648186,0.248233,1.139590,0,0,0.000000,0.000000,9,11,-1,0,,74731
1788458892.701005,27.098555,tx,-1,0.000000,0.000000,0.000000,0.000000,,,,,,,,,,,,,,,,,aa5501090000000000000000004829,74875
1788458892.754522,27.152065,rx,-1,0.000000,0.000000,0.000000,0.000000,1035,25901,25000,0.000000,0.000000,0.648186,0.248233,1.139590,0,0,0.000000,0.000000,9,11,-1,0,,74875
1788458892.756970,27.154514,rx,-1,0.000000,0.000000,0.000000,0.000000,1036,25925,24984,0.000000,0.000000,0.648186,0.248233,1.139590,0,0,0.000000,0.000000,9,11,-1,0,,74875
1788458892.757006,27.154555,tx,-1,0.000000,0.000000,0.000000,0.000000,,,,,,,,,,,,,,,,,aa5501090000000000000000004829,75019
1788458892.804942,27.202486,rx,-1,0.000000,0.000000,0.000000,0.000000,1037,25951,24988,0.000000,0.000000,0.648186,0.248233,1.139590,0,0,0.000000,0.000000,9,11,-1,0,,75019
1788458892.805056,27.202604,rx,-1,0.000000,0.000000,0.000000,0.000000,1038,25975,24988,0.000000,0.000000,0.648186,0.248233,1.139590,0,0,0.000000,0.000000,9,11,-1,0,,75019
1788458892.805074,27.202623,tx,-1,0.000000,0.000000,0.000000,0.000000,,,,,,,,,,,,,,,,,aa5501090000000000000000004829,75163
1788458892.858588,27.256134,rx,-1,0.000000,0.000000,0.000000,0.000000,1039,26001,25040,0.000000,0.000000,0.648186,0.248233,1.139590,0,0,0.000000,0.000000,9,11,-1,0,,75163
1788458892.860611,27.258158,rx,-1,0.000000,0.000000,0.000000,0.000000,1040,26025,24972,0.000000,0.000000,0.648186,0.248233,1.139590,0,0,0.000000,0.000000,9,11,-1,0,,75163
1788458892.860648,27.258197,tx,-1,0.000000,0.000000,0.000000,0.000000,,,,,,,,,,,,,,,,,aa5501090000000000000000004829,75362
1788458892.914117,27.311661,rx,-1,0.000000,0.000000,0.000000,0.000000,1041,26051,25044,0.000000,0.000000,0.648186,0.248233,1.139590,0,0,0.000000,0.000000,9,11,-1,0,,75362
1788458892.914279,27.311825,rx,-1,0.000000,0.000000,0.000000,0.000000,1042,26076,24984,0.000000,0.000000,0.648186,0.248233,1.139590,0,0,0.000000,0.000000,9,11,-1,0,,75362
1788458892.914312,27.311861,tx,-1,0.000000,0.000000,0.000000,0.000000,,,,,,,,,,,,,,,,,aa5501090000000000000000004829,75538
1788458892.967725,27.365264,rx,-1,0.000000,0.000000,0.000000,0.000000,1043,26100,24984,0.000000,0.000000,0.648186,0.248233,1.139590,0,0,0.000000,0.000000,9,11,-1,0,,75538
1788458892.971417,27.368958,rx,-1,0.000000,0.000000,0.000000,0.000000,1044,26126,24988,0.000000,0.000000,0.648186,0.248233,1.139590,0,0,0.000000,0.000000,9,11,-1,0,,75538
1788458892.971514,27.369063,tx,-1,0.000000,0.000000,0.000000,0.000000,,,,,,,,,,,,,,,,,aa5501090000000000000000004829,75714
1788458893.019403,27.416942,rx,-1,0.000000,0.000000,0.000000,0.000000,1045,26150,24988,0.000000,0.000000,0.648186,0.248233,1.139590,0,0,0.000000,0.000000,9,11,-1,0,,75714
1788458893.019574,27.417121,rx,-1,0.000000,0.000000,0.000000,0.000000,1046,26176,25024,0.000000,0.000000,0.648186,0.248233,1.139590,0,0,0.000000,0.000000,9,11,-1,0,,75714
1788458893.019691,27.417238,rx,-1,0.000000,0.000000,0.000000,0.000000,1047,26201,24992,0.000000,0.000000,0.648186,0.248233,1.139590,0,0,0.000000,0.000000,9,11,-1,0,,75714
1788458893.019711,27.417260,tx,-1,0.000000,0.000000,0.000000,0.000000,,,,,,,,,,,,,,,,,aa5501090000000000000000004829,75866
1788458893.072478,27.470015,rx,-1,0.000000,0.000000,0.000000,0.000000,1048,26225,24988,0.000000,0.000000,0.648186,0.248233,1.139590,0,0,0.000000,0.000000,9,11,-1,0,,75866
1788458893.076191,27.473727,rx,-1,0.000000,0.000000,0.000000,0.000000,1049,26251,25028,0.000000,0.000000,0.648186,0.248233,1.139590,0,0,0.000000,0.000000,9,11,-1,0,,75866
1788458893.076273,27.473821,tx,-1,0.000000,0.000000,0.000000,0.000000,,,,,,,,,,,,,,,,,aa5501090000000000000000004829,76010
1788458893.125156,27.522693,rx,-1,0.000000,0.000000,0.000000,0.000000,1050,26275,24992,0.000000,0.000000,0.648186,0.248233,1.139590,0,0,0.000000,0.000000,9,11,-1,0,,76010
1788458893.125413,27.522958,rx,-1,0.000000,0.000000,0.000000,0.000000,1051,26301,24980,0.000000,0.000000,0.648186,0.248233,1.139590,0,0,0.000000,0.000000,9,11,-1,0,,76010
1788458893.125450,27.522999,tx,-1,0.000000,0.000000,0.000000,0.000000,,,,,,,,,,,,,,,,,aa5501090000000000000000004829,76154
1788458893.179844,27.577384,rx,-1,0.000000,0.000000,0.000000,0.000000,1052,26326,25032,0.000000,0.000000,0.648186,0.248233,1.139590,0,0,0.000000,0.000000,9,11,-1,0,,76154
1788458893.182710,27.580250,rx,-1,0.000000,0.000000,0.000000,0.000000,1053,26350,25004,0.000000,0.000000,0.648186,0.248233,1.139590,0,0,0.000000,0.000000,9,11,-1,0,,76154
1788458893.182793,27.580341,tx,-1,0.000000,0.000000,0.000000,0.000000,,,,,,,,,,,,,,,,,aa5501090000000000000000004829,76298
1788458893.230952,27.628500,rx,-1,0.000000,0.000000,0.000000,0.000000,1054,26376,24972,0.000000,0.000000,0.648186,0.248233,1.139590,0,0,0.000000,0.000000,9,11,-1,0,,76298
1788458893.231033,27.628581,rx,-1,0.000000,0.000000,0.000000,0.000000,1055,26400,25028,0.000000,0.000000,0.648186,0.248233,1.139590,0,0,0.000000,0.000000,9,11,-1,0,,76298
1788458893.231044,27.628594,tx,-1,0.000000,0.000000,0.000000,0.000000,,,,,,,,,,,,,,,,,aa5501090000000000000000004829,76442
1788458893.285063,27.682610,rx,-1,0.000000,0.000000,0.000000,0.000000,1056,26426,24988,0.000000,0.000000,0.648186,0.248233,1.139590,0,0,0.000000,0.000000,9,11,-1,0,,76442
1788458893.286927,27.684474,rx,-1,0.000000,0.000000,0.000000,0.000000,1057,26450,24984,0.000000,0.000000,0.648186,0.248233,1.139590,0,0,0.000000,0.000000,9,11,-1,0,,76442
1788458893.286953,27.684502,tx,-1,0.000000,0.000000,0.000000,0.000000,,,,,,,,,,,,,,,,,aa5501090000000000000000004829,76586
1788458893.335937,27.733471,rx,-1,0.000000,0.000000,0.000000,0.000000,1058,26475,25020,0.000000,0.000000,0.648186,0.248233,1.139590,0,0,0.000000,0.000000,9,11,-1,0,,76586
1788458893.336316,27.733857,rx,-1,0.000000,0.000000,0.000000,0.000000,1059,26501,25004,0.000000,0.000000,0.648186,0.248233,1.139590,0,0,0.000000,0.000000,9,11,-1,0,,76586
1788458893.336375,27.733922,tx,-1,0.000000,0.000000,0.000000,0.000000,,,,,,,,,,,,,,,,,aa5501090000000000000000004829,76730
1788458893.390044,27.787581,rx,-1,0.000000,0.000000,0.000000,0.000000,1060,26525,24992,0.000000,0.000000,0.648186,0.248233,1.139590,0,0,0.000000,0.000000,9,11,-1,0,,76730
1788458893.392760,27.790301,rx,-1,0.000000,0.000000,0.000000,0.000000,1061,26551,24988,0.000000,0.000000,0.648186,0.248233,1.139590,0,0,0.000000,0.000000,9,11,-1,0,,76730
1788458893.392829,27.790378,tx,-1,0.000000,0.000000,0.000000,0.000000,,,,,,,,,,,,,,,,,aa5501090000000000000000004829,76874
1788458893.441665,27.839195,rx,-1,0.000000,0.000000,0.000000,0.000000,1062,26575,24988,0.000000,0.000000,0.648186,0.248233,1.139590,0,0,0.000000,0.000000,9,11,-1,0,,76874
1788458893.442176,27.839714,rx,-1,0.000000,0.000000,0.000000,0.000000,1063,26601,25040,0.000000,0.000000,0.648186,0.248233,1.139590,0,0,0.000000,0.000000,9,11,-1,0,,76874
1788458893.442256,27.839803,tx,-1,0.000000,0.000000,0.000000,0.000000,,,,,,,,,,,,,,,,,aa5501090000000000000000004829,77018
1788458893.495811,27.893352,rx,-1,0.000000,0.000000,0.000000,0.000000,1064,26626,24984,0.000000,0.000000,0.648186,0.248233,1.139590,0,0,0.000000,0.000000,9,11,-1,0,,77018
1788458893.498527,27.896070,rx,-1,0.000000,0.000000,0.000000,0.000000,1065,26650,25008,0.000000,0.000000,0.648186,0.248233,1.139590,0,0,0.000000,0.000000,9,11,-1,0,,77018
1788458893.498606,27.896154,tx,-1,0.000000,0.000000,0.000000,0.000000,,,,,,,,,,,,,,,,,aa5501090000000000000000004829,77194
1788458893.546105,27.943646,rx,-1,0.000000,0.000000,0.000000,0.000000,1066,26676,24964,0.000000,0.000000,0.648186,0.248233,1.139590,0,0,0.000000,0.000000,9,11,-1,0,,77194
1788458893.546212,27.943759,rx,-1,0.000000,0.000000,0.000000,0.000000,1067,26700,25040,0.000000,0.000000,0.648186,0.248233,1.139590,0,0,0.000000,0.000000,9,11,-1,0,,77194
1788458893.546229,27.943778,tx,-1,0.000000,0.000000,0.000000,0.000000,,,,,,,,,,,,,,,,,aa5501090000000000000000004829,77306
1788458893.596622,27.994165,rx,-1,0.000000,0.000000,0.000000,0.000000,1068,26726,24964,0.000000,0.000000,0.648186,0.248233,1.139590,0,0,0.000000,0.000000,9,11,-1,0,,77306
1788458893.609467,28.007009,rx,-1,0.000000,0.000000,0.000000,0.000000,1069,26750,24996,0.000000,0.000000,0.648186,0.248233,1.139590,0,0,0.000000,0.000000,9,11,-1,0,,77306
1788458893.609523,28.007072,tx,-1,0.000000,0.000000,0.000000,0.000000,,,,,,,,,,,,,,,,,aa5501090000000000000000004829,77482
1788458893.651579,28.049121,rx,-1,0.000000,0.000000,0.000000,0.000000,1070,26775,25000,0.000000,0.000000,0.648186,0.248233,1.139590,0,0,0.000000,0.000000,9,11,-1,0,,77482
1788458893.651784,28.049326,rx,-1,0.000000,0.000000,0.000000,0.000000,1071,26801,25020,0.000000,0.000000,0.648186,0.248233,1.139590,0,0,0.000000,0.000000,9,11,-1,0,,77482
1788458893.651934,28.049480,rx,-1,0.000000,0.000000,0.000000,0.000000,1072,26825,25024,0.000000,0.000000,0.648186,0.248233,1.139590,0,0,0.000000,0.000000,9,11,-1,0,,77482
1788458893.651959,28.049507,tx,-1,0.000000,0.000000,0.000000,0.000000,,,,,,,,,,,,,,,,,aa5501090000000000000000004829,77666
1788458893.705224,28.102765,rx,-1,0.000000,0.000000,0.000000,0.000000,1073,26851,25000,0.000000,0.000000,0.648186,0.248233,1.139590,0,0,0.000000,0.000000,9,11,-1,0,,77666
1788458893.707308,28.104826,rx,-1,0.000000,0.000000,0.000000,0.000000,1074,26875,24980,0.000000,0.000000,0.648186,0.248233,1.139590,0,0,0.000000,0.000000,9,11,-1,0,,77666
1788458893.707360,28.104908,tx,-1,0.000000,0.000000,0.000000,0.000000,,,,,,,,,,,,,,,,,aa5501090000000000000000004829,77810
1788458893.755390,28.152909,rx,-1,0.000000,0.000000,0.000000,0.000000,1075,26900,24988,0.000000,0.000000,0.648186,0.248233,1.139590,0,0,0.000000,0.000000,9,11,-1,0,,77810
1788458893.755500,28.153047,rx,-1,0.000000,0.000000,0.000000,0.000000,1076,26926,24992,0.000000,0.000000,0.648186,0.248233,1.139590,0,0,0.000000,0.000000,9,11,-1,0,,77810
1788458893.755526,28.153075,tx,-1,0.000000,0.000000,0.000000,0.000000,,,,,,,,,,,,,,,,,aa5501090000000000000000004829,77954
1788458893.808034,28.205576,rx,-1,0.000000,0.000000,0.000000,0.000000,1077,26950,24996,0.000000,0.000000,0.648186,0.248233,1.139590,0,0,0.000000,0.000000,9,11,-1,0,,77954
1788458893.809948,28.207492,rx,-1,0.000000,0.000000,0.000000,0.000000,1078,26976,25024,0.000000,0.000000,0.648186,0.248233,1.139590,0,0,0.000000,0.000000,9,11,-1,0,,77954
1788458893.809986,28.207535,tx,-1,0.000000,0.000000,0.000000,0.000000,,,,,,,,,,,,,,,,,aa5501090000000000000000004829,78098
1788458893.861019,28.258563,rx,-1,0.000000,0.000000,0.000000,0.000000,1079,27000,24996,0.000000,0.000000,0.648186,0.248233,1.139590,0,0,0.000000,0.000000,9,11,-1,0,,78098
1788458893.861126,28.258674,rx,-1,0.000000,0.000000,0.000000,0.000000,1080,27026,25012,0.000000,0.000000,0.648186,0.248233,1.139590,0,0,0.000000,0.000000,9,11,-1,0,,78098
1788458893.861139,28.258688,tx,-1,0.000000,0.000000,0.000000,0.000000,,,,,,,,,,,,,,,,,aa5501090000000000000000004829,78297
1788458893.914800,28.312343,rx,-1,0.000000,0.000000,0.000000,0.000000,1081,27051,25008,0.000000,0.000000,0.648186,0.248233,1.139590,0,0,0.000000,0.000000,9,11,-1,0,,78297
1788458893.916718,28.314264,rx,-1,0.000000,0.000000,0.000000,0.000000,1082,27075,24960,0.000000,0.000000,0.648186,0.248233,1.139590,0,0,0.000000,0.000000,9,11,-1,0,,78297
1788458893.916748,28.314296,tx,-1,0.000000,0.000000,0.000000,0.000000,,,,,,,,,,,,,,,,,aa5501090000000000000000004829,78441
1788458893.970315,28.367859,rx,-1,0.000000,0.000000,0.000000,0.000000,1083,27101,25012,0.000000,0.000000,0.648186,0.248233,1.139590,0,0,0.000000,0.000000,9,11,-1,0,,78441
1788458893.970403,28.367951,rx,-1,0.000000,0.000000,0.000000,0.000000,1084,27125,25016,0.000000,0.000000,0.648186,0.248233,1.139590,0,0,0.000000,0.000000,9,11,-1,0,,78441
1788458893.970415,28.367964,tx,-1,0.000000,0.000000,0.000000,0.000000,,,,,,,,,,,,,,,,,aa5501090000000000000000004829,78585
1788458894.023601,28.421147,rx,-1,0.000000,0.000000,0.000000,0.000000,1085,27151,24984,0.000000,0.000000,0.648186,0.248233,1.139590,0,0,0.000000,0.000000,9,11,-1,0,,78585
1788458894.025496,28.423043,rx,-1,0.000000,0.000000,0.000000,0.000000,1086,27175,25032,0.000000,0.000000,0.648186,0.248233,1.139590,0,0,0.000000,0.000000,9,11,-1,0,,78585
1788458894.025515,28.423063,tx,-1,0.000000,0.000000,0.000000,0.000000,,,,,,,,,,,,,,,,,aa5501090000000000000000004829,78729
1788458894.079044,28.476591,rx,-1,0.000000,0.000000,0.000000,0.000000,1087,27200,24968,0.000000,0.000000,0.648186,0.248233,1.139590,0,0,0.000000,0.000000,9,11,-1,0,,78729
1788458894.079119,28.476667,rx,-1,0.000000,0.000000,0.000000,0.000000,1088,27226,25012,0.000000,0.000000,0.648186,0.248233,1.139590,0,0,0.000000,0.000000,9,11,-1,0,,78729
1788458894.079133,28.476682,tx,-1,0.000000,0.000000,0.000000,0.000000,,,,,,,,,,,,,,,,,aa5501090000000000000000004829,78937
1788458894.132554,28.530097,rx,-1,0.000000,0.000000,0.000000,0.000000,1089,27250,24976,0.000000,0.000000,0.648186,0.248233,1.139590,0,0,0.000000,0.000000,9,11,-1,0,,78937
1788458894.134632,28.532179,rx,-1,0.000000,0.000000,0.000000,0.000000,1090,27276,25000,0.000000,0.000000,0.648186,0.248233,1.139590,0,0,0.000000,0.000000,9,11,-1,0,,78937
1788458894.134685,28.532233,rx,-1,0.000000,0.000000,0.000000,0.000000,1091,27300,25028,0.000000,0.000000,0.648186,0.248233,1.139590,0,0,0.000000,0.000000,9,11,-1,0,,78937
1788458894.134693,28.532242,tx,-1,0.000000,0.000000,0.000000,0.000000,,,,,,,,,,,,,,,,,aa5501090000000000000000004829,79089
1788458894.188039,28.585584,rx,-1,0.000000,0.000000,0.000000,0.000000,1092,27326,24976,0.000000,0.000000,0.648186,0.248233,1.139590,0,0,0.000000,0.000000,9,11,-1,0,,79089
1788458894.188129,28.585676,rx,-1,0.000000,0.000000,0.000000,0.000000,1093,27351,24996,0.000000,0.000000,0.648186,0.248233,1.139590,0,0,0.000000,0.000000,9,11,-1,0,,79089
1788458894.188142,28.585691,tx,-1,0.000000,0.000000,0.000000,0.000000,,,,,,,,,,,,,,,,,aa5501090000000000000000004829,79233
1788458894.242495,28.640031,rx,-1,0.000000,0.000000,0.000000,0.000000,1094,27375,25016,0.000000,0.000000,0.648186,0.248233,1.139590,0,0,0.000000,0.000000,9,11,-1,0,,79233
1788458894.246278,28.643818,rx,-1,0.000000,0.000000,0.000000,0.000000,1095,27401,25016,0.000000,0.000000,0.648186,0.248233,1.139590,0,0,0.000000,0.000000,9,11,-1,0,,79233
1788458894.246380,28.643927,tx,-1,0.000000,0.000000,0.000000,0.000000,,,,,,,,,,,,,,,,,aa5501090000000000000000004829,79377
1788458894.293894,28.691419,rx,-1,0.000000,0.000000,0.000000,0.000000,1096,27425,24972,0.000000,0.000000,0.648186,0.248233,1.139590,0,0,0.000000,0.000000,9,11,-1,0,,79377
1788458894.294420,28.691957,rx,-1,0.000000,0.000000,0.000000,0.000000,1097,27451,25040,0.000000,0.000000,0.648186,0.248233,1.139590,0,0,0.000000,0.000000,9,11,-1,0,,79377
1788458894.294496,28.692042,tx,-1,0.000000,0.000000,0.000000,0.000000,,,,,,,,,,,,,,,,,aa5501090000000000000000004829,79521
1788458894.349454,28.746981,rx,-1,0.000000,0.000000,0.000000,0.000000,1098,27475,24996,0.000000,0.000000,0.648186,0.248233,1.139590,0,0,0.000000,0.000000,9,11,-1,0,,79521
1788458894.353602,28.751144,rx,-1,0.000000,0.000000,0.000000,0.000000,1099,27500,24964,0.000000,0.000000,0.648186,0.248233,1.139590,0,0,0.000000,0.000000,9,11,-1,0,,79521
1788458894.353667,28.751215,tx,-1,0.000000,0.000000,0.000000,0.000000,,,,,,,,,,,,,,,,,aa5501090000000000000000004829,79665
1788458894.403682,28.801222,rx,-1,0.000000,0.000000,0.000000,0.000000,1100,27526,25008,0.000000,0.000000,0.648186,0.248233,1.139590,0,0,0.000000,0.000000,9,11,-1,0,,79665
1788458894.403798,28.801344,rx,-1,0.000000,0.000000,0.000000,0.000000,1101,27550,25020,0.000000,0.000000,0.648186,0.248233,1.139590,0,0,0.000000,0.000000,9,11,-1,0,,79665
1788458894.403816,28.801364,tx,-1,0.000000,0.000000,0.000000,0.000000,,,,,,,,,,,,,,,,,aa5501090000000000000000004829,79809
1788458894.455212,28.852751,rx,-1,0.000000,0.000000,0.000000,0.000000,1102,27576,24988,0.000000,0.000000,0.648186,0.248233,1.139590,0,0,0.000000,0.000000,9,11,-1,0,,79809
1788458894.457500,28.855044,rx,-1,0.000000,0.000000,0.000000,0.000000,1103,27600,24992,0.000000,0.000000,0.648186,0.248233,1.139590,0,0,0.000000,0.000000,9,11,-1,0,,79809
1788458894.457541,28.855089,tx,-1,0.000000,0.000000,0.000000,0.000000,,,,,,,,,,,,,,,,,aa5501090000000000000000004829,79985
1788458894.508913,28.906456,rx,-1,0.000000,0.000000,0.000000,0.000000,1104,27626,25004,0.000000,0.000000,0.648186,0.248233,1.139590,0,0,0.000000,0.000000,9,11,-1,0,,79985
1788458894.508999,28.906546,rx,-1,0.000000,0.000000,0.000000,0.000000,1105,27651,25012,0.000000,0.000000,0.648186,0.248233,1.139590,0,0,0.000000,0.000000,9,11,-1,0,,79985
1788458894.509017,28.906565,tx,-1,0.000000,0.000000,0.000000,0.000000,,,,,,,,,,,,,,,,,aa5501090000000000000000004829,80161
1788458894.561157,28.958700,rx,-1,0.000000,0.000000,0.000000,0.000000,1106,27675,24992,0.000000,0.000000,0.648186,0.248233,1.139590,0,0,0.000000,0.000000,9,11,-1,0,,80161
1788458894.563427,28.960970,rx,-1,0.000000,0.000000,0.000000,0.000000,1107,27701,24984,0.000000,0.000000,0.648186,0.248233,1.139590,0,0,0.000000,0.000000,9,11,-1,0,,80161
1788458894.563468,28.961016,tx,-1,0.000000,0.000000,0.000000,0.000000,,,,,,,,,,,,,,,,,aa5501090000000000000000004829,80305
1788458894.611304,29.008847,rx,-1,0.000000,0.000000,0.000000,0.000000,1108,27725,25004,0.000000,0.000000,0.648186,0.248233,1.139590,0,0,0.000000,0.000000,9,11,-1,0,,80305
1788458894.611399,29.008946,rx,-1,0.000000,0.000000,0.000000,0.000000,1109,27751,25016,0.000000,0.000000,0.648186,0.248233,1.139590,0,0,0.000000,0.000000,9,11,-1,0,,80305
1788458894.611420,29.008968,tx,-1,0.000000,0.000000,0.000000,0.000000,,,,,,,,,,,,,,,,,aa5501090000000000000000004829,80449
1788458894.664855,29.062400,rx,-1,0.000000,0.000000,0.000000,0.000000,1110,27776,24984,0.000000,0.000000,0.648186,0.248233,1.139590,0,0,0.000000,0.000000,9,11,-1,0,,80449
1788458894.667018,29.064564,rx,-1,0.000000,0.000000,0.000000,0.000000,1111,27800,25020,0.000000,0.000000,0.648186,0.248233,1.139590,0,0,0.000000,0.000000,9,11,-1,0,,80449
1788458894.667096,29.064642,rx,-1,0.000000,0.000000,0.000000,0.000000,1112,27826,24996,0.000000,0.000000,0.648186,0.248233,1.139590,0,0,0.000000,0.000000,9,11,-1,0,,80449
1788458894.667109,29.064657,tx,-1,0.000000,0.000000,0.000000,0.000000,,,,,,,,,,,,,,,,,aa5501090000000000000000004829,80601
1788458894.714629,29.112172,rx,-1,0.000000,0.000000,0.000000,0.000000,1113,27850,24980,0.000000,0.000000,0.648186,0.248233,1.139590,0,0,0.000000,0.000000,9,11,-1,0,,80601
1788458894.714717,29.112264,rx,-1,0.000000,0.000000,0.000000,0.000000,1114,27876,25036,0.000000,0.000000,0.648186,0.248233,1.139590,0,0,0.000000,0.000000,9,11,-1,0,,80601
1788458894.714730,29.112278,tx,-1,0.000000,0.000000,0.000000,0.000000,,,,,,,,,,,,,,,,,aa5501090000000000000000004829,80745
1788458894.767728,29.165270,rx,-1,0.000000,0.000000,0.000000,0.000000,1115,27900,24996,0.000000,0.000000,0.648186,0.248233,1.139590,0,0,0.000000,0.000000,9,11,-1,0,,80745
1788458894.770025,29.167569,rx,-1,0.000000,0.000000,0.000000,0.000000,1116,27925,24972,0.000000,0.000000,0.648186,0.248233,1.139590,0,0,0.000000,0.000000,9,11,-1,0,,80745
1788458894.770060,29.167607,tx,-1,0.000000,0.000000,0.000000,0.000000,,,,,,,,,,,,,,,,,aa5501090000000000000000004829,80889
1788458894.818073,29.215617,rx,-1,0.000000,0.000000,0.000000,0.000000,1117,27951,25000,0.000000,0.000000,0.648186,0.248233,1.139590,0,0,0.000000,0.000000,9,11,-1,0,,80889
1788458894.818184,29.215730,rx,-1,0.000000,0.000000,0.000000,0.000000,1118,27975,25032,0.000000,0.000000,0.648186,0.248233,1.139590,0,0,0.000000,0.000000,9,11,-1,0,,80889
1788458894.818199,29.215746,tx,-1,0.000000,0.000000,0.000000,0.000000,,,,,,,,,,,,,,,,,aa5501090000000000000000004829,81033
1788458894.870652,29.268194,rx,-1,0.000000,0.000000,0.000000,0.000000,1119,28001,24988,0.000000,0.000000,0.648186,0.248233,1.139590,0,0,0.000000,0.000000,9,11,-1,0,,81033
1788458894.872721,29.270267,rx,-1,0.000000,0.000000,0.000000,0.000000,1120,28025,25012,0.000000,0.000000,0.648186,0.248233,1.139590,0,0,0.000000,0.000000,9,11,-1,0,,81033
1788458894.872742,29.270290,tx,-1,0.000000,0.000000,0.000000,0.000000,,,,,,,,,,,,,,,,,aa5501090000000000000000004829,81232
1788458894.925849,29.323390,rx,-1,0.000000,0.000000,0.000000,0.000000,1121,28051,24972,0.000000,0.000000,0.648186,0.248233,1.139590,0,0,0.000000,0.000000,9,11,-1,0,,81232
1788458894.925952,29.323498,rx,-1,0.000000,0.000000,0.000000,0.000000,1122,28076,24988,0.000000,0.000000,0.648186,0.248233,1.139590,0,0,0.000000,0.000000,9,11,-1,0,,81232
1788458894.925967,29.323515,tx,-1,0.000000,0.000000,0.000000,0.000000,,,,,,,,,,,,,,,,,aa5501090000000000000000004829,81376
1788458894.979559,29.377103,rx,-1,0.000000,0.000000,0.000000,0.000000,1123,28100,25004,0.000000,0.000000,0.648186,0.248233,1.139590,0,0,0.000000,0.000000,9,11,-1,0,,81376
1788458894.981729,29.379274,rx,-1,0.000000,0.000000,0.000000,0.000000,1124,28126,25012,0.000000,0.000000,0.648186,0.248233,1.139590,0,0,0.000000,0.000000,9,11,-1,0,,81376
1788458894.981757,29.379305,tx,-1,0.000000,0.000000,0.000000,0.000000,,,,,,,,,,,,,,,,,aa5501090000000000000000004829,81520
1788458895.029835,29.427378,rx,-1,0.000000,0.000000,0.000000,0.000000,1125,28150,24984,0.000000,0.000000,0.648186,0.248233,1.139590,0,0,0.000000,0.000000,9,11,-1,0,,81520
1788458895.029955,29.427501,rx,-1,0.000000,0.000000,0.000000,0.000000,1126,28176,25036,0.000000,0.000000,0.648186,0.248233,1.139590,0,0,0.000000,0.000000,9,11,-1,0,,81520
1788458895.029972,29.427519,tx,-1,0.000000,0.000000,0.000000,0.000000,,,,,,,,,,,,,,,,,aa5501090000000000000000004829,81664
1788458895.083398,29.480940,rx,-1,0.000000,0.000000,0.000000,0.000000,1127,28200,24992,0.000000,0.000000,0.648186,0.248233,1.139590,0,0,0.000000,0.000000,9,11,-1,0,,81664
1788458895.085749,29.483292,rx,-1,0.000000,0.000000,0.000000,0.000000,1128,28225,25020,0.000000,0.000000,0.648186,0.248233,1.139590,0,0,0.000000,0.000000,9,11,-1,0,,81664
1788458895.085790,29.483337,tx,-1,0.000000,0.000000,0.000000,0.000000,,,,,,,,,,,,,,,,,aa5501090000000000000000004829,81808
1788458895.133857,29.531387,rx,-1,0.000000,0.000000,0.000000,0.000000,1129,28251,25092,0.000000,0.000000,0.648186,0.248233,1.139590,0,0,0.000000,0.000000,9,11,-1,0,,81808
1788458895.134071,29.531615,rx,-1,0.000000,0.000000,0.000000,0.000000,1130,28275,24896,0.000000,0.000000,0.648186,0.248233,1.139590,0,0,0.000000,0.000000,9,11,-1,0,,81808
1788458895.134102,29.531649,tx,-1,0.000000,0.000000,0.000000,0.000000,,,,,,,,,,,,,,,,,aa5501090000000000000000004829,81952
1788458895.188180,29.585719,rx,-1,0.000000,0.000000,0.000000,0.000000,1131,28301,24988,0.000000,0.000000,0.648186,0.248233,1.139590,0,0,0.000000,0.000000,9,11,-1,0,,81952
1788458895.191021,29.588560,rx,-1,0.000000,0.000000,0.000000,0.000000,1132,28325,25004,0.000000,0.000000,0.648186,0.248233,1.139590,0,0,0.000000,0.000000,9,11,-1,0,,81952
1788458895.191107,29.588654,tx,-1,0.000000,0.000000,0.000000,0.000000,,,,,,,,,,,,,,,,,aa5501090000000000000000004829,82096
1788458895.238514,29.636050,rx,-1,0.000000,0.000000,0.000000,0.000000,1133,28351,25008,0.000000,0.000000,0.648186,0.248233,1.139590,0,0,0.000000,0.000000,9,11,-1,0,,82096
1788458895.238805,29.636347,rx,-1,0.000000,0.000000,0.000000,0.000000,1134,28376,24996,0.000000,0.000000,0.648186,0.248233,1.139590,0,0,0.000000,0.000000,9,11,-1,0,,82096
1788458895.238859,29.636406,tx,-1,0.000000,0.000000,0.000000,0.000000,,,,,,,,,,,,,,,,,aa5501090000000000000000004829,82240
1788458895.293761,29.691286,rx,-1,0.000000,0.000000,0.000000,0.000000,1135,28400,25000,0.000000,0.000000,0.648186,0.248233,1.139590,0,0,0.000000,0.000000,9,11,-1,0,,82240
1788458895.298565,29.696102,rx,-1,0.000000,0.000000,0.000000,0.000000,1136,28426,24976,0.000000,0.000000,0.648186,0.248233,1.139590,0,0,0.000000,0.000000,9,11,-1,0,,82240
1788458895.298682,29.696228,tx,-1,0.000000,0.000000,0.000000,0.000000,,,,,,,,,,,,,,,,,aa5501090000000000000000004829,82448
1788458895.346936,29.744475,rx,-1,0.000000,0.000000,0.000000,0.000000,1137,28450,25012,0.000000,0.000000,0.648186,0.248233,1.139590,0,0,0.000000,0.000000,9,11,-1,0,,82448
1788458895.347113,29.744658,rx,-1,0.000000,0.000000,0.000000,0.000000,1138,28476,25008,0.000000,0.000000,0.648186,0.248233,1.139590,0,0,0.000000,0.000000,9,11,-1,0,,82448
1788458895.347225,29.744770,rx,-1,0.000000,0.000000,0.000000,0.000000,1139,28500,24980,0.000000,0.000000,0.648186,0.248233,1.139590,0,0,0.000000,0.000000,9,11,-1,0,,82448
1788458895.347244,29.744791,tx,-1,0.000000,0.000000,0.000000,0.000000,,,,,,,,,,,,,,,,,aa5501090000000000000000004829,82600
1788458895.402378,29.799906,rx,-1,0.000000,0.000000,0.000000,0.000000,1140,28525,25032,0.000000,0.000000,0.648186,0.248233,1.139590,0,0,0.000000,0.000000,9,11,-1,0,,82600
1788458895.407338,29.804877,rx,-1,0.000000,0.000000,0.000000,0.000000,1141,28551,24992,0.000000,0.000000,0.648186,0.248233,1.139590,0,0,0.000000,0.000000,9,11,-1,0,,82600
1788458895.407424,29.804971,tx,-1,0.000000,0.000000,0.000000,0.000000,,,,,,,,,,,,,,,,,aa5501090000000000000000004829,82744
1788458895.455266,29.852799,rx,-1,0.000000,0.000000,0.000000,0.000000,1142,28575,25000,0.000000,0.000000,0.648186,0.248233,1.139590,0,0,0.000000,0.000000,9,11,-1,0,,82744
1788458895.455573,29.853114,rx,-1,0.000000,0.000000,0.000000,0.000000,1143,28601,24980,0.000000,0.000000,0.648186,0.248233,1.139590,0,0,0.000000,0.000000,9,11,-1,0,,82744
1788458895.455608,29.853155,tx,-1,0.000000,0.000000,0.000000,0.000000,,,,,,,,,,,,,,,,,aa5501090000000000000000004829,82888
1788458895.508991,29.906523,rx,-1,0.000000,0.000000,0.000000,0.000000,1144,28625,25012,0.000000,0.000000,0.648186,0.248233,1.139590,0,0,0.000000,0.000000,9,11,-1,0,,82888
1788458895.512685,29.910219,rx,-1,0.000000,0.000000,0.000000,0.000000,1145,28651,25004,0.000000,0.000000,0.648186,0.248233,1.139590,0,0,0.000000,0.000000,9,11,-1,0,,82888
1788458895.512824,29.910370,tx,-1,0.000000,0.000000,0.000000,0.000000,,,,,,,,,,,,,,,,,aa5501090000000000000000004829,83032
1788458895.560913,29.958440,rx,-1,0.000000,0.000000,0.000000,0.000000,1146,28676,24992,0.000000,0.000000,0.648186,0.248233,1.139590,0,0,0.000000,0.000000,9,11,-1,0,,83032
1788458895.561250,29.958792,rx,-1,0.000000,0.000000,0.000000,0.000000,1147,28700,24992,0.000000,0.000000,0.648186,0.248233,1.139590,0,0,0.000000,0.000000,9,11,-1,0,,83032
1788458895.561302,29.958849,tx,-1,0.000000,0.000000,0.000000,0.000000,,,,,,,,,,,,,,,,,aa5501090000000000000000004829,83176
1788458895.615027,30.012550,rx,-1,0.000000,0.000000,0.000000,0.000000,1148,28726,25028,0.000000,0.000000,0.648186,0.248233,1.139590,0,0,0.000000,0.000000,9,11,-1,0,,83176
1788458895.618599,30.016129,rx,-1,0.000000,0.000000,0.000000,0.000000,1149,28750,25004,0.000000,0.000000,0.648186,0.248233,1.139590,0,0,0.000000,0.000000,9,11,-1,0,,83176
1788458895.618743,30.016289,tx,-1,0.000000,0.000000,0.000000,0.000000,,,,,,,,,,,,,,,,,aa5501090000000000000000004829,83320
1788458895.667556,30.065087,rx,-1,0.000000,0.000000,0.000000,0.000000,1150,28776,24976,0.000000,0.000000,0.648186,0.248233,1.139590,0,0,0.000000,0.000000,9,11,-1,0,,83320
1788458895.667800,30.065343,rx,-1,0.000000,0.000000,0.000000,0.000000,1151,28801,25008,0.000000,0.000000,0.648186,0.248233,1.139590,0,0,0.000000,0.000000,9,11,-1,0,,83320
1788458895.667843,30.065389,tx,-1,0.000000,0.000000,0.000000,0.000000,,,,,,,,,,,,,,,,,aa5501090000000000000000004829,83464
1788458895.720603,30.118143,rx,-1,0.000000,0.000000,0.000000,0.000000,1152,28825,25016,0.000000,0.000000,0.648186,0.248233,1.139590,0,0,0.000000,0.000000,9,11,-1,0,,83464
1788458895.722573,30.120117,rx,-1,0.000000,0.000000,0.000000,0.000000,1153,28851,24964,0.000000,0.000000,0.648186,0.248233,1.139590,0,0,0.000000,0.000000,9,11,-1,0,,83464
1788458895.722600,30.120147,tx,-1,0.000000,0.000000,0.000000,0.000000,,,,,,,,,,,,,,,,,aa5501090000000000000000004829,83640
1788458895.775828,30.173370,rx,-1,0.000000,0.000000,0.000000,0.000000,1154,28875,25024,0.000000,0.000000,0.648186,0.248233,1.139590,0,0,0.000000,0.000000,9,11,-1,0,,83640
1788458895.775918,30.173464,rx,-1,0.000000,0.000000,0.000000,0.000000,1155,28901,25000,0.000000,0.000000,0.648186,0.248233,1.139590,0,0,0.000000,0.000000,9,11,-1,0,,83640
1788458895.775962,30.173508,rx,-1,0.000000,0.000000,0.000000,0.000000,1156,28925,24992,0.000000,0.000000,0.648186,0.248233,1.139590,0,0,0.000000,0.000000,9,11,-1,0,,83640
1788458895.775972,30.173519,tx,-1,0.000000,0.000000,0.000000,0.000000,,,,,,,,,,,,,,,,,aa5501090000000000000000004829,83824
1788458895.829218,30.226761,rx,-1,0.000000,0.000000,0.000000,0.000000,1157,28950,24984,0.000000,0.000000,0.648186,0.248233,1.139590,0,0,0.000000,0.000000,9,11,-1,0,,83824
1788458895.831329,30.228873,rx,-1,0.000000,0.000000,0.000000,0.000000,1158,28976,25028,0.000000,0.000000,0.648186,0.248233,1.139590,0,0,0.000000,0.000000,9,11,-1,0,,83824
1788458895.831357,30.228904,tx,-1,0.000000,0.000000,0.000000,0.000000,,,,,,,,,,,,,,,,,aa5501090000000000000000004829,83968
1788458895.884634,30.282177,rx,-1,0.000000,0.000000,0.000000,0.000000,1159,29000,25012,0.000000,0.000000,0.648186,0.248233,1.139590,0,0,0.000000,0.000000,9,11,-1,0,,83968
1788458895.884781,30.282326,rx,-1,0.000000,0.000000,0.000000,0.000000,1160,29026,24968,0.000000,0.000000,0.648186,0.248233,1.139590,0,0,0.000000,0.000000,9,11,-1,0,,83968
1788458895.884801,30.282348,tx,-1,0.000000,0.000000,0.000000,0.000000,,,,,,,,,,,,,,,,,aa5501090000000000000000004829,84167
1788458895.937670,30.335213,rx,-1,0.000000,0.000000,0.000000,0.000000,1161,29050,25016,0.000000,0.000000,0.648186,0.248233,1.139590,0,0,0.000000,0.000000,9,11,-1,0,,84167
1788458895.939690,30.337235,rx,-1,0.000000,0.000000,0.000000,0.000000,1162,29076,25008,0.000000,0.000000,0.648186,0.248233,1.139590,0,0,0.000000,0.000000,9,11,-1,0,,84167
1788458895.939709,30.337256,tx,-1,0.000000,0.000000,0.000000,0.000000,,,,,,,,,,,,,,,,,aa5501090000000000000000004829,84311
1788458895.992936,30.390473,rx,-1,0.000000,0.000000,0.000000,0.000000,1163,29101,24996,0.000000,0.000000,0.648186,0.248233,1.139590,0,0,0.000000,0.000000,9,11,-1,0,,84311
1788458895.993078,30.390622,rx,-1,0.000000,0.000000,0.000000,0.000000,1164,29125,25012,0.000000,0.000000,0.648186,0.248233,1.139590,0,0,0.000000,0.000000,9,11,-1,0,,84311
1788458895.993098,30.390644,tx,-1,0.000000,0.000000,0.000000,0.000000,,,,,,,,,,,,,,,,,aa5501090000000000000000004829,84455
1788458896.046458,30.443997,rx,-1,0.000000,0.000000,0.000000,0.000000,1165,29151,24964,0.000000,0.000000,0.648186,0.248233,1.139590,0,0,0.000000,0.000000,9,11,-1,0,,84455
1788458896.049315,30.446853,rx,-1,0.000000,0.000000,0.000000,0.000000,1166,29175,25020,0.000000,0.000000,0.648186,0.248233,1.139590,0,0,0.000000,0.000000,9,11,-1,0,,84455
1788458896.049385,30.446931,tx,-1,0.000000,0.000000,0.000000,0.000000,,,,,,,,,,,,,,,,,aa5501090000000000000000004829,84599
1788458896.097297,30.494841,rx,-1,0.000000,0.000000,0.000000,0.000000,1167,29201,24992,0.000000,0.000000,0.648186,0.248233,1.139590,0,0,0.000000,0.000000,9,11,-1,0,,84599
1788458896.097385,30.494930,rx,-1,0.000000,0.000000,0.000000,0.000000,1168,29225,24996,0.000000,0.000000,0.648186,0.248233,1.139590,0,0,0.000000,0.000000,9,11,-1,0,,84599
1788458896.097396,30.494943,tx,-1,0.000000,0.000000,0.000000,0.000000,,,,,,,,,,,,,,,,,aa5501090000000000000000004829,84743
1788458896.151456,30.548998,rx,-1,0.000000,0.000000,0.000000,0.000000,1169,29250,25016,0.000000,0.000000,0.648186,0.248233,1.139590,0,0,0.000000,0.000000,9,11,-1,0,,84743
1788458896.153497,30.551041,rx,-1,0.000000,0.000000,0.000000,0.000000,1170,29276,24996,0.000000,0.000000,0.648186,0.248233,1.139590,0,0,0.000000,0.000000,9,11,-1,0,,84743
1788458896.153526,30.551073,tx,-1,0.000000,0.000000,0.000000,0.000000,,,,,,,,,,,,,,,,,aa5501090000000000000000004829,84919
1788458896.207199,30.604727,rx,-1,0.000000,0.000000,0.000000,0.000000,1171,29300,24984,0.000000,0.000000,0.648186,0.248233,1.139590,0,0,0.000000,0.000000,9,11,-1,0,,84919
1788458896.207460,30.605003,rx,-1,0.000000,0.000000,0.000000,0.000000,1172,29326,24992,0.000000,0.000000,0.648186,0.248233,1.139590,0,0,0.000000,0.000000,9,11,-1,0,,84919
1788458896.207592,30.605136,rx,-1,0.000000,0.000000,0.000000,0.000000,1173,29350,25000,0.000000,0.000000,0.648186,0.248233,1.139590,0,0,0.000000,0.000000,9,11,-1,0,,84919
1788458896.207627,30.605173,tx,-1,0.000000,0.000000,0.000000,0.000000,,,,,,,,,,,,,,,,,aa5501090000000000000000004829,85103
1788458896.261293,30.658816,rx,-1,0.000000,0.000000,0.000000,0.000000,1174,29376,25020,0.000000,0.000000,0.648186,0.248233,1.139590,0,0,0.000000,0.000000,9,11,-1,0,,85103
1788458896.266641,30.664175,rx,-1,0.000000,0.000000,0.000000,0.000000,1175,29401,24984,0.000000,0.000000,0.648186,0.248233,1.139590,0,0,0.000000,0.000000,9,11,-1,0,,85103
1788458896.266762,30.664308,tx,-1,0.000000,0.000000,0.000000,0.000000,,,,,,,,,,,,,,,,,aa5501090000000000000000004829,85247
1788458896.315580,30.713104,rx,-1,0.000000,0.000000,0.000000,0.000000,1176,29425,25008,0.000000,0.000000,0.648186,0.248233,1.139590,0,0,0.000000,0.000000,9,11,-1,0,,85247
1788458896.316112,30.713647,rx,-1,0.000000,0.000000,0.000000,0.000000,1177,29451,25012,0.000000,0.000000,0.648186,0.248233,1.139590,0,0,0.000000,0.000000,9,11,-1,0,,85247
1788458896.316197,30.713741,tx,-1,0.000000,0.000000,0.000000,0.000000,,,,,,,,,,,,,,,,,aa5501090000000000000000004829,85391
1788458896.370601,30.768135,rx,-1,0.000000,0.000000,0.000000,0.000000,1178,29475,24980,0.000000,0.000000,0.648186,0.248233,1.139590,0,0,0.000000,0.000000,9,11,-1,0,,85391
1788458896.373499,30.771031,rx,-1,0.000000,0.000000,0.000000,0.000000,1179,29501,25000,0.000000,0.000000,0.648186,0.248233,1.139590,0,0,0.000000,0.000000,9,11,-1,0,,85391
1788458896.373615,30.771160,tx,-1,0.000000,0.000000,0.000000,0.000000,,,,,,,,,,,,,,,,,aa5501090000000000000000004829,85535
1788458896.422770,30.820310,rx,-1,0.000000,0.000000,0.000000,0.000000,1180,29526,24992,0.000000,0.000000,0.648186,0.248233,1.139590,0,0,0.000000,0.000000,9,11,-1,0,,85535
1788458896.422882,30.820427,rx,-1,0.000000,0.000000,0.000000,0.000000,1181,29550,25028,0.000000,0.000000,0.648186,0.248233,1.139590,0,0,0.000000,0.000000,9,11,-1,0,,85535
1788458896.422899,30.820445,tx,-1,0.000000,0.000000,0.000000,0.000000,,,,,,,,,,,,,,,,,aa5501090000000000000000004829,85679
1788458896.477105,30.874642,rx,-1,0.000000,0.000000,0.000000,0.000000,1182,29576,24992,0.000000,0.000000,0.648186,0.248233,1.139590,0,0,0.000000,0.000000,9,11,-1,0,,85679
1788458896.479214,30.876755,rx,-1,0.000000,0.000000,0.000000,0.000000,1183,29600,24980,0.000000,0.000000,0.648186,0.248233,1.139590,0,0,0.000000,0.000000,9,11,-1,0,,85679
1788458896.479259,30.876805,tx,-1,0.000000,0.000000,0.000000,0.000000,,,,,,,,,,,,,,,,,aa5501090000000000000000004829,85823
1788458896.532000,30.929542,rx,-1,0.000000,0.000000,0.000000,0.000000,1184,29626,25024,0.000000,0.000000,0.648186,0.248233,1.139590,0,0,0.000000,0.000000,9,11,-1,0,,85823
1788458896.532123,30.929667,rx,-1,0.000000,0.000000,0.000000,0.000000,1185,29650,25012,0.000000,0.000000,0.648186,0.248233,1.139590,0,0,0.000000,0.000000,9,11,-1,0,,85823
1788458896.532147,30.929692,tx,-1,0.000000,0.000000,0.000000,0.000000,,,,,,,,,,,,,,,,,aa5501090000000000000000004829,86031
1788458896.585751,30.983293,rx,-1,0.000000,0.000000,0.000000,0.000000,1186,29675,24964,0.000000,0.000000,0.648186,0.248233,1.139590,0,0,0.000000,0.000000,9,11,-1,0,,86031
1788458896.588206,30.985751,rx,-1,0.000000,0.000000,0.000000,0.000000,1187,29701,24996,0.000000,0.000000,0.648186,0.248233,1.139590,0,0,0.000000,0.000000,9,11,-1,0,,86031
1788458896.588285,30.985829,rx,-1,0.000000,0.000000,0.000000,0.000000,1188,29725,25040,0.000000,0.000000,0.648186,0.248233,1.139590,0,0,0.000000,0.000000,9,11,-1,0,,86031
1788458896.588303,30.985849,tx,-1,0.000000,0.000000,0.000000,0.000000,,,,,,,,,,,,,,,,,aa5501090000000000000000004829,86183
1788458896.636371,31.033909,rx,-1,0.000000,0.000000,0.000000,0.000000,1189,29751,24980,0.000000,0.000000,0.648186,0.248233,1.139590,0,0,0.000000,0.000000,9,11,-1,0,,86183
1788458896.636573,31.034116,rx,-1,0.000000,0.000000,0.000000,0.000000,1190,29775,25012,0.000000,0.000000,0.648186,0.248233,1.139590,0,0,0.000000,0.000000,9,11,-1,0,,86183
1788458896.636603,31.034149,tx,-1,0.000000,0.000000,0.000000,0.000000,,,,,,,,,,,,,,,,,aa5501090000000000000000004829,86327
1788458896.690324,31.087861,rx,-1,0.000000,0.000000,0.000000,0.000000,1191,29801,25008,0.000000,0.000000,0.648186,0.248233,1.139590,0,0,0.000000,0.000000,9,11,-1,0,,86327
1788458896.692349,31.089892,rx,-1,0.000000,0.000000,0.000000,0.000000,1192,29826,24964,0.000000,0.000000,0.648186,0.248233,1.139590,0,0,0.000000,0.000000,9,11,-1,0,,86327
1788458896.692379,31.089925,tx,-1,0.000000,0.000000,0.000000,0.000000,,,,,,,,,,,,,,,,,aa5501090000000000000000004829,86471
1788458896.745747,31.143272,rx,-1,0.000000,0.000000,0.000000,0.000000,1193,29850,25012,0.000000,0.000000,0.648186,0.248233,1.139590,0,0,0.000000,0.000000,9,11,-1,0,,86471
1788458896.746138,31.143673,rx,-1,0.000000,0.000000,0.000000,0.000000,1194,29876,24988,0.000000,0.000000,0.648186,0.248233,1.139590,0,0,0.000000,0.000000,9,11,-1,0,,86471
1788458896.746211,31.143755,tx,-1,0.000000,0.000000,0.000000,0.000000,,,,,,,,,,,,,,,,,aa5501090000000000000000004829,86615
1788458896.799541,31.197077,rx,-1,0.000000,0.000000,0.000000,0.000000,1195,29900,25040,0.000000,0.000000,0.648186,0.248233,1.139590,0,0,0.000000,0.000000,9,11,-1,0,,86615
1788458896.802961,31.200496,rx,-1,0.000000,0.000000,0.000000,0.000000,1196,29926,24984,0.000000,0.000000,0.648186,0.248233,1.139590,0,0,0.000000,0.000000,9,11,-1,0,,86615
1788458896.803080,31.200625,tx,-1,0.000000,0.000000,0.000000,0.000000,,,,,,,,,,,,,,,,,aa5501090000000000000000004829,86759
1788458896.851037,31.248570,rx,-1,0.000000,0.000000,0.000000,0.000000,1197,29950,25008,0.000000,0.000000,0.648186,0.248233,1.139590,0,0,0.000000,0.000000,9,11,-1,0,,86759
1788458896.851228,31.248771,rx,-1,0.000000,0.000000,0.000000,0.000000,1198,29975,24976,0.000000,0.000000,0.648186,0.248233,1.139590,0,0,0.000000,0.000000,9,11,-1,0,,86759
1788458896.851252,31.248798,tx,-1,0.000000,0.000000,0.000000,0.000000,,,,,,,,,,,,,,,,,aa5501090000000000000000004829,86903
1788458896.905945,31.303483,rx,-1,0.000000,0.000000,0.000000,0.000000,1199,30001,24992,0.000000,0.000000,0.648186,0.248233,1.139590,0,0,0.000000,0.000000,9,11,-1,0,,86903
1788458896.909264,31.306800,rx,-1,0.000000,0.000000,0.000000,0.000000,1200,30025,25036,0.000000,0.000000,0.648186,0.248233,1.139590,0,0,0.000000,0.000000,9,11,-1,0,,86903
1788458896.909331,31.306877,tx,-1,0.000000,0.000000,0.000000,0.000000,,,,,,,,,,,,,,,,,aa5501090000000000000000004829,87102
1788458896.958112,31.355636,rx,-1,0.000000,0.000000,0.000000,0.000000,1201,30051,24968,0.000000,0.000000,0.648186,0.248233,1.139590,0,0,0.000000,0.000000,9,11,-1,0,,87102
1788458896.958649,31.356184,rx,-1,0.000000,0.000000,0.000000,0.000000,1202,30075,25016,0.000000,0.000000,0.648186,0.248233,1.139590,0,0,0.000000,0.000000,9,11,-1,0,,87102
1788458896.958733,31.356277,tx,-1,0.000000,0.000000,0.000000,0.000000,,,,,,,,,,,,,,,,,aa5501090000000000000000004829,87246
1788458897.012513,31.410039,rx,-1,0.000000,0.000000,0.000000,0.000000,1203,30101,25004,0.000000,0.000000,0.648186,0.248233,1.139590,0,0,0.000000,0.000000,9,11,-1,0,,87246
1788458897.016209,31.413744,rx,-1,0.000000,0.000000,0.000000,0.000000,1204,30126,24972,0.000000,0.000000,0.648186,0.248233,1.139590,0,0,0.000000,0.000000,9,11,-1,0,,87246
1788458897.016341,31.413886,tx,-1,0.000000,0.000000,0.000000,0.000000,,,,,,,,,,,,,,,,,aa5501090000000000000000004829,87454
1788458897.064904,31.462431,rx,-1,0.000000,0.000000,0.000000,0.000000,1205,30150,25044,0.000000,0.000000,0.648186,0.248233,1.139590,0,0,0.000000,0.000000,9,11,-1,0,,87454
1788458897.065213,31.462753,rx,-1,0.000000,0.000000,0.000000,0.000000,1206,30176,24956,0.000000,0.000000,0.648186,0.248233,1.139590,0,0,0.000000,0.000000,9,11,-1,0,,87454
1788458897.065276,31.462821,tx,-1,0.000000,0.000000,0.000000,0.000000,,,,,,,,,,,,,,,,,aa5501090000000000000000004829,87598
1788458897.120769,31.518296,rx,-1,0.000000,0.000000,0.000000,0.000000,1207,30200,25020,0.000000,0.000000,0.648186,0.248233,1.139590,0,0,0.000000,0.000000,9,11,-1,0,,87598
1788458897.124651,31.522187,rx,-1,0.000000,0.000000,0.000000,0.000000,1208,30226,25000,0.000000,0.000000,0.648186,0.248233,1.139590,0,0,0.000000,0.000000,9,11,-1,0,,87598
1788458897.124918,31.522458,rx,-1,0.000000,0.000000,0.000000,0.000000,1209,30251,24984,0.000000,0.000000,0.648186,0.248233,1.139590,0,0,0.000000,0.000000,9,11,-1,0,,87598
1788458897.124973,31.522518,tx,-1,0.000000,0.000000,0.000000,0.000000,,,,,,,,,,,,,,,,,aa5501090000000000000000004829,87750
1788458897.171971,31.569491,rx,-1,0.000000,0.000000,0.000000,0.000000,1210,30275,25032,0.000000,0.000000,0.648186,0.248233,1.139590,0,0,0.000000,0.000000,9,11,-1,0,,87750
1788458897.172475,31.570009,rx,-1,0.000000,0.000000,0.000000,0.000000,1211,30301,24988,0.000000,0.000000,0.648186,0.248233,1.139590,0,0,0.000000,0.000000,9,11,-1,0,,87750
1788458897.172561,31.570105,tx,-1,0.000000,0.000000,0.000000,0.000000,,,,,,,,,,,,,,,,,aa5501090000000000000000004829,87894
1788458897.226979,31.624509,rx,-1,0.000000,0.000000,0.000000,0.000000,1212,30325,25000,0.000000,0.000000,0.648186,0.248233,1.139590,0,0,0.000000,0.000000,9,11,-1,0,,87894
1788458897.231058,31.628587,rx,-1,0.000000,0.000000,0.000000,0.000000,1213,30351,25016,0.000000,0.000000,0.648186,0.248233,1.139590,0,0,0.000000,0.000000,9,11,-1,0,,87894
1788458897.231194,31.628738,tx,-1,0.000000,0.000000,0.000000,0.000000,,,,,,,,,,,,,,,,,aa5501090000000000000000004829,88038
1788458897.279368,31.676901,rx,-1,0.000000,0.000000,0.000000,0.000000,1214,30375,24976,0.000000,0.000000,0.648186,0.248233,1.139590,0,0,0.000000,0.000000,9,11,-1,0,,88038
1788458897.279652,31.677192,rx,-1,0.000000,0.000000,0.000000,0.000000,1215,30400,25004,0.000000,0.000000,0.648186,0.248233,1.139590,0,0,0.000000,0.000000,9,11,-1,0,,88038
1788458897.279704,31.677248,tx,-1,0.000000,0.000000,0.000000,0.000000,,,,,,,,,,,,,,,,,aa5501090000000000000000004829,88182
1788458897.334031,31.731568,rx,-1,0.000000,0.000000,0.000000,0.000000,1216,30426,25020,0.000000,0.000000,0.648186,0.248233,1.139590,0,0,0.000000,0.000000,9,11,-1,0,,88182
1788458897.336461,31.734001,rx,-1,0.000000,0.000000,0.000000,0.000000,1217,30450,24992,0.000000,0.000000,0.648186,0.248233,1.139590,0,0,0.000000,0.000000,9,11,-1,0,,88182
1788458897.336524,31.734069,tx,-1,0.000000,0.000000,0.000000,0.000000,,,,,,,,,,,,,,,,,aa5501090000000000000000004829,88326
1788458897.384304,31.781846,rx,-1,0.000000,0.000000,0.000000,0.000000,1218,30476,25012,0.000000,0.000000,0.648186,0.248233,1.139590,0,0,0.000000,0.000000,9,11,-1,0,,88326
1788458897.384444,31.781987,rx,-1,0.000000,0.000000,0.000000,0.000000,1219,30500,24956,0.000000,0.000000,0.648186,0.248233,1.139590,0,0,0.000000,0.000000,9,11,-1,0,,88326
1788458897.384465,31.782010,tx,-1,0.000000,0.000000,0.000000,0.000000,,,,,,,,,,,,,,,,,aa5501090000000000000000004829,88470
1788458897.437747,31.835288,rx,-1,0.000000,0.000000,0.000000,0.000000,1220,30526,25004,0.000000,0.000000,0.648186,0.248233,1.139590,0,0,0.000000,0.000000,9,11,-1,0,,88470
1788458897.439866,31.837407,rx,-1,0.000000,0.000000,0.000000,0.000000,1221,30551,25028,0.000000,0.000000,0.648186,0.248233,1.139590,0,0,0.000000,0.000000,9,11,-1,0,,88470
1788458897.439905,31.837450,tx,-1,0.000000,0.000000,0.000000,0.000000,,,,,,,,,,,,,,,,,aa5501090000000000000000004829,88614
1788458897.488089,31.885630,rx,-1,0.000000,0.000000,0.000000,0.000000,1222,30575,24968,0.000000,0.000000,0.648186,0.248233,1.139590,0,0,0.000000,0.000000,9,11,-1,0,,88614
1788458897.488187,31.885732,rx,-1,0.000000,0.000000,0.000000,0.000000,1223,30601,25040,0.000000,0.000000,0.648186,0.248233,1.139590,0,0,0.000000,0.000000,9,11,-1,0,,88614
1788458897.488200,31.885745,tx,-1,0.000000,0.000000,0.000000,0.000000,,,,,,,,,,,,,,,,,aa5501090000000000000000004829,88758
1788458897.542664,31.940199,rx,-1,0.000000,0.000000,0.000000,0.000000,1224,30625,24984,0.000000,0.000000,0.648186,0.248233,1.139590,0,0,0.000000,0.000000,9,11,-1,0,,88758
1788458897.546207,31.943741,rx,-1,0.000000,0.000000,0.000000,0.000000,1225,30651,24992,0.000000,0.000000,0.648186,0.248233,1.139590,0,0,0.000000,0.000000,9,11,-1,0,,88758
1788458897.546310,31.943854,tx,-1,0.000000,0.000000,0.000000,0.000000,,,,,,,,,,,,,,,,,aa5501090000000000000000004829,88934
1788458897.594465,31.991985,rx,-1,0.000000,0.000000,0.000000,0.000000,1226,30675,25004,0.000000,0.000000,0.648186,0.248233,1.139590,0,0,0.000000,0.000000,9,11,-1,0,,88934
1788458897.594983,31.992518,rx,-1,0.000000,0.000000,0.000000,0.000000,1227,30700,25020,0.000000,0.000000,0.648186,0.248233,1.139590,0,0,0.000000,0.000000,9,11,-1,0,,88934
1788458897.595113,31.992656,tx,-1,0.000000,0.000000,0.000000,0.000000,,,,,,,,,,,,,,,,,aa5501090000000000000000004829,89110
1788458897.649956,32.047490,rx,-1,0.000000,0.000000,0.000000,0.000000,1228,30726,24996,0.000000,0.000000,0.648186,0.248233,1.139590,0,0,0.000000,0.000000,9,11,-1,0,,89110
1788458897.653033,32.050563,rx,-1,0.000000,0.000000,0.000000,0.000000,1229,30750,24972,0.000000,0.000000,0.648186,0.248233,1.139590,0,0,0.000000,0.000000,9,11,-1,0,,89110
1788458897.653510,32.051044,rx,-1,0.000000,0.000000,0.000000,0.000000,1230,30776,24992,0.000000,0.000000,0.648186,0.248233,1.139590,0,0,0.000000,0.000000,9,11,-1,0,,89110
1788458897.653582,32.051125,tx,-1,0.000000,0.000000,0.000000,0.000000,,,,,,,,,,,,,,,,,aa5501090000000000000000004829,89262
1788458897.702831,32.100354,rx,-1,0.000000,0.000000,0.000000,0.000000,1231,30800,25032,0.000000,0.000000,0.648186,0.248233,1.139590,0,0,0.000000,0.000000,9,11,-1,0,,89262
1788458897.703353,32.100887,rx,-1,0.000000,0.000000,0.000000,0.000000,1232,30826,24996,0.000000,0.000000,0.648186,0.248233,1.139590,0,0,0.000000,0.000000,9,11,-1,0,,89262
1788458897.703443,32.100986,tx,-1,0.000000,0.000000,0.000000,0.000000,,,,,,,,,,,,,,,,,aa5501090000000000000000004829,89406
1788458897.757862,32.155389,rx,-1,0.000000,0.000000,0.000000,0.000000,1233,30851,24992,0.000000,0.000000,0.648186,0.248233,1.139590,0,0,0.000000,0.000000,9,11,-1,0,,89406
1788458897.762530,32.160067,rx,-1,0.000000,0.000000,0.000000,0.000000,1234,30875,25016,0.000000,0.000000,0.648186,0.248233,1.139590,0,0,0.000000,0.000000,9,11,-1,0,,89406
1788458897.762632,32.160177,tx,-1,0.000000,0.000000,0.000000,0.000000,,,,,,,,,,,,,,,,,aa5501090000000000000000004829,89550
1788458897.810451,32.207983,rx,-1,0.000000,0.000000,0.000000,0.000000,1235,30901,25004,0.000000,0.000000,0.648186,0.248233,1.139590,0,0,0.000000,0.000000,9,11,-1,0,,89550
1788458897.810659,32.208200,rx,-1,0.000000,0.000000,0.000000,0.000000,1236,30925,24980,0.000000,0.000000,0.648186,0.248233,1.139590,0,0,0.000000,0.000000,9,11,-1,0,,89550
1788458897.810685,32.208230,tx,-1,0.000000,0.000000,0.000000,0.000000,,,,,,,,,,,,,,,,,aa5501090000000000000000004829,89694
1788458897.864193,32.261719,rx,-1,0.000000,0.000000,0.000000,0.000000,1237,30951,24988,0.000000,0.000000,0.648186,0.248233,1.139590,0,0,0.000000,0.000000,9,11,-1,0,,89694
1788458897.868793,32.266329,rx,-1,0.000000,0.000000,0.000000,0.000000,1238,30976,24992,0.000000,0.000000,0.648186,0.248233,1.139590,0,0,0.000000,0.000000,9,11,-1,0,,89694
1788458897.868895,32.266439,tx,-1,0.000000,0.000000,0.000000,0.000000,,,,,,,,,,,,,,,,,aa5501090000000000000000004829,89838
1788458897.916325,32.313856,rx,-1,0.000000,0.000000,0.000000,0.000000,1239,31000,25024,0.000000,0.000000,0.648186,0.248233,1.139590,0,0,0.000000,0.000000,9,11,-1,0,,89838
1788458897.916650,32.314191,rx,-1,0.000000,0.000000,0.000000,0.000000,1240,31026,25004,0.000000,0.000000,0.648186,0.248233,1.139590,0,0,0.000000,0.000000,9,11,-1,0,,89838
1788458897.916679,32.314223,tx,-1,0.000000,0.000000,0.000000,0.000000,,,,,,,,,,,,,,,,,aa5501090000000000000000004829,90037
1788458897.970019,32.367558,rx,-1,0.000000,0.000000,0.000000,0.000000,1241,31050,24980,0.000000,0.000000,0.648186,0.248233,1.139590,0,0,0.000000,0.000000,9,11,-1,0,,90037
1788458897.972630,32.370173,rx,-1,0.000000,0.000000,0.000000,0.000000,1242,31076,25028,0.000000,0.000000,0.648186,0.248233,1.139590,0,0,0.000000,0.000000,9,11,-1,0,,90037
1788458897.972664,32.370209,tx,-1,0.000000,0.000000,0.000000,0.000000,,,,,,,,,,,,,,,,,aa5501090000000000000000004829,90181
1788458898.025338,32.422877,rx,-1,0.000000,0.000000,0.000000,0.000000,1243,31100,25012,0.000000,0.000000,0.648186,0.248233,1.139590,0,0,0.000000,0.000000,9,11,-1,0,,90181
1788458898.025539,32.423080,rx,-1,0.000000,0.000000,0.000000,0.000000,1244,31125,24964,0.000000,0.000000,0.648186,0.248233,1.139590,0,0,0.000000,0.000000,9,11,-1,0,,90181
1788458898.025586,32.423130,tx,-1,0.000000,0.000000,0.000000,0.000000,,,,,,,,,,,,,,,,,aa5501090000000000000000004829,90389
1788458898.079599,32.477129,rx,-1,0.000000,0.000000,0.000000,0.000000,1245,31151,25028,0.000000,0.000000,0.648186,0.248233,1.139590,0,0,0.000000,0.000000,9,11,-1,0,,90389
1788458898.082961,32.480500,rx,-1,0.000000,0.000000,0.000000,0.000000,1246,31175,24988,0.000000,0.000000,0.648186,0.248233,1.139590,0,0,0.000000,0.000000,9,11,-1,0,,90389
1788458898.083132,32.480674,rx,-1,0.000000,0.000000,0.000000,0.000000,1247,31201,24992,0.000000,0.000000,0.648186,0.248233,1.139590,0,0,0.000000,0.000000,9,11,-1,0,,90389
1788458898.083173,32.480717,tx,-1,0.000000,0.000000,0.000000,0.000000,,,,,,,,,,,,,,,,,aa5501090000000000000000004829,90541
1788458898.130789,32.528324,rx,-1,0.000000,0.000000,0.000000,0.000000,1248,31225,24992,0.000000,0.000000,0.648186,0.248233,1.139590,0,0,0.000000,0.000000,9,11,-1,0,,90541
1788458898.130985,32.528527,rx,-1,0.000000,0.000000,0.000000,0.000000,1249,31251,25028,0.000000,0.000000,0.648186,0.248233,1.139590,0,0,0.000000,0.000000,9,11,-1,0,,90541
1788458898.131007,32.528552,tx,-1,0.000000,0.000000,0.000000,0.000000,,,,,,,,,,,,,,,,,aa5501090000000000000000004829,90685
1788458898.185022,32.582562,rx,-1,0.000000,0.000000,0.000000,0.000000,1250,31276,25004,0.000000,0.000000,0.648186,0.248233,1.139590,0,0,0.000000,0.000000,9,11,-1,0,,90685
1788458898.187674,32.585198,rx,-1,0.000000,0.000000,0.000000,0.000000,1251,31300,24960,0.000000,0.000000,0.648186,0.248233,1.139590,0,0,0.000000,0.000000,9,11,-1,0,,90685
1788458898.187940,32.585481,tx,-1,0.000000,0.000000,0.000000,0.000000,,,,,,,,,,,,,,,,,aa5501090000000000000000004829,90829
1788458898.237379,32.634900,rx,-1,0.000000,0.000000,0.000000,0.000000,1252,31326,25016,0.000000,0.000000,0.648186,0.248233,1.139590,0,0,0.000000,0.000000,9,11,-1,0,,90829
1788458898.237944,32.635477,rx,-1,0.000000,0.000000,0.000000,0.000000,1253,31350,25008,0.000000,0.000000,0.648186,0.248233,1.139590,0,0,0.000000,0.000000,9,11,-1,0,,90829
1788458898.238050,32.635593,tx,-1,0.000000,0.000000,0.000000,0.000000,,,,,,,,,,,,,,,,,aa5501090000000000000000004829,90973
1788458898.287301,32.684832,rx,-1,0.000000,0.000000,0.000000,0.000000,1254,31376,25000,0.000000,0.000000,0.648186,0.248233,1.139590,0,0,0.000000,0.000000,9,11,-1,0,,90973
1788458898.291075,32.688612,rx,-1,0.000000,0.000000,0.000000,0.000000,1255,31400,25008,0.000000,0.000000,0.648186,0.248233,1.139590,0,0,0.000000,0.000000,9,11,-1,0,,90973
1788458898.291172,32.688716,tx,-1,0.000000,0.000000,0.000000,0.000000,,,,,,,,,,,,,,,,,aa5501090000000000000000004829,91117
1788458898.340682,32.738206,rx,-1,0.000000,0.000000,0.000000,0.000000,1256,31425,24964,0.000000,0.000000,0.648186,0.248233,1.139590,0,0,0.000000,0.000000,9,11,-1,0,,91117
1788458898.341204,32.738737,rx,-1,0.000000,0.000000,0.000000,0.000000,1257,31451,25020,0.000000,0.000000,0.648186,0.248233,1.139590,0,0,0.000000,0.000000,9,11,-1,0,,91117
1788458898.341294,32.738836,tx,-1,0.000000,0.000000,0.000000,0.000000,,,,,,,,,,,,,,,,,aa5501090000000000000000004829,91261
1788458898.396030,32.793555,rx,-1,0.000000,0.000000,0.000000,0.000000,1258,31475,25016,0.000000,0.000000,0.648186,0.248233,1.139590,0,0,0.000000,0.000000,9,11,-1,0,,91261
1788458898.400284,32.797821,rx,-1,0.000000,0.000000,0.000000,0.000000,1259,31501,24988,0.000000,0.000000,0.648186,0.248233,1.139590,0,0,0.000000,0.000000,9,11,-1,0,,91261
1788458898.400371,32.797915,tx,-1,0.000000,0.000000,0.000000,0.000000,,,,,,,,,,,,,,,,,aa5501090000000000000000004829,91405
1788458898.448625,32.846160,rx,-1,0.000000,0.000000,0.000000,0.000000,1260,31525,24984,0.000000,0.000000,0.648186,0.248233,1.139590,0,0,0.000000,0.000000,9,11,-1,0,,91405
1788458898.448835,32.846377,rx,-1,0.000000,0.000000,0.000000,0.000000,1261,31551,24992,0.000000,0.000000,0.648186,0.248233,1.139590,0,0,0.000000,0.000000,9,11,-1,0,,91405
1788458898.448862,32.846406,tx,-1,0.000000,0.000000,0.000000,0.000000,,,,,,,,,,,,,,,,,aa5501090000000000000000004829,91549
1788458898.504229,32.901759,rx,-1,0.000000,0.000000,0.000000,0.000000,1262,31576,25036,0.000000,0.000000,0.648186,0.248233,1.139590,0,0,0.000000,0.000000,9,11,-1,0,,91549
1788458898.506842,32.904377,rx,-1,0.000000,0.000000,0.000000,0.000000,1263,31600,24980,0.000000,0.000000,0.648186,0.248233,1.139590,0,0,0.000000,0.000000,9,11,-1,0,,91549
1788458898.506936,32.904480,tx,-1,0.000000,0.000000,0.000000,0.000000,,,,,,,,,,,,,,,,,aa5501090000000000000000004829,91757
1788458898.554857,32.952393,rx,-1,0.000000,0.000000,0.000000,0.000000,1264,31626,24988,0.000000,0.000000,0.648186,0.248233,1.139590,0,0,0.000000,0.000000,9,11,-1,0,,91757
1788458898.554996,32.952538,rx,-1,0.000000,0.000000,0.000000,0.000000,1265,31650,25028,0.000000,0.000000,0.648186,0.248233,1.139590,0,0,0.000000,0.000000,9,11,-1,0,,91757
1788458898.555026,32.952570,tx,-1,0.000000,0.000000,0.000000,0.000000,,,,,,,,,,,,,,,,,aa5501090000000000000000004829,91901
1788458898.607627,33.005168,rx,-1,0.000000,0.000000,0.000000,0.000000,1266,31676,24992,0.000000,0.000000,0.648186,0.248233,1.139590,0,0,0.000000,0.000000,9,11,-1,0,,91901
1788458898.609630,33.007171,rx,-1,0.000000,0.000000,0.000000,0.000000,1267,31700,25008,0.000000,0.000000,0.648186,0.248233,1.139590,0,0,0.000000,0.000000,9,11,-1,0,,91901
1788458898.609743,33.007285,rx,-1,0.000000,0.000000,0.000000,0.000000,1268,31725,25008,0.000000,0.000000,0.648186,0.248233,1.139590,0,0,0.000000,0.000000,9,11,-1,0,,91901
1788458898.609763,33.007307,tx,-1,0.000000,0.000000,0.000000,0.000000,,,,,,,,,,,,,,,,,aa5501090000000000000000004829,92053
1788458898.662627,33.060165,rx,-1,0.000000,0.000000,0.000000,0.000000,1269,31751,24964,0.000000,0.000000,0.648186,0.248233,1.139590,0,0,0.000000,0.000000,9,11,-1,0,,92053
1788458898.662784,33.060326,rx,-1,0.000000,0.000000,0.000000,0.000000,1270,31775,25000,0.000000,0.000000,0.648186,0.248233,1.139590,0,0,0.000000,0.000000,9,11,-1,0,,92053
1788458898.662808,33.060352,tx,-1,0.000000,0.000000,0.000000,0.000000,,,,,,,,,,,,,,,,,aa5501090000000000000000004829,92197
1788458898.716300,33.113832,rx,-1,0.000000,0.000000,0.000000,0.000000,1271,31801,25000,0.000000,0.000000,0.648186,0.248233,1.139590,0,0,0.000000,0.000000,9,11,-1,0,,92197
1788458898.719321,33.116860,rx,-1,0.000000,0.000000,0.000000,0.000000,1272,31825,25016,0.000000,0.000000,0.648186,0.248233,1.139590,0,0,0.000000,0.000000,9,11,-1,0,,92197
1788458898.719367,33.116911,tx,-1,0.000000,0.000000,0.000000,0.000000,,,,,,,,,,,,,,,,,aa5501090000000000000000004829,92341
1788458898.767550,33.165083,rx,-1,0.000000,0.000000,0.000000,0.000000,1273,31850,25004,0.000000,0.000000,0.648186,0.248233,1.139590,0,0,0.000000,0.000000,9,11,-1,0,,92341
1788458898.767837,33.165376,rx,-1,0.000000,0.000000,0.000000,0.000000,1274,31876,24984,0.000000,0.000000,0.648186,0.248233,1.139590,0,0,0.000000,0.000000,9,11,-1,0,,92341
1788458898.767892,33.165435,tx,-1,0.000000,0.000000,0.000000,0.000000,,,,,,,,,,,,,,,,,aa5501090000000000000000004829,92485
1788458898.822126,33.219665,rx,-1,0.000000,0.000000,0.000000,0.000000,1275,31900,25028,0.000000,0.000000,0.648186,0.248233,1.139590,0,0,0.000000,0.000000,9,11,-1,0,,92485
1788458898.824397,33.221937,rx,-1,0.000000,0.000000,0.000000,0.000000,1276,31926,24996,0.000000,0.000000,0.648186,0.248233,1.139590,0,0,0.000000,0.000000,9,11,-1,0,,92485
1788458898.824433,33.221977,tx,-1,0.000000,0.000000,0.000000,0.000000,,,,,,,,,,,,,,,,,aa5501090000000000000000004829,92629
1788458898.872448,33.269985,rx,-1,0.000000,0.000000,0.000000,0.000000,1277,31950,24988,0.000000,0.000000,0.648186,0.248233,1.139590,0,0,0.000000,0.000000,9,11,-1,0,,92629
1788458898.872612,33.270155,rx,-1,0.000000,0.000000,0.000000,0.000000,1278,31976,24988,0.000000,0.000000,0.648186,0.248233,1.139590,0,0,0.000000,0.000000,9,11,-1,0,,92629
1788458898.872629,33.270173,tx,-1,0.000000,0.000000,0.000000,0.000000,,,,,,,,,,,,,,,,,aa5501090000000000000000004829,92773
1788458898.926100,33.323637,rx,-1,0.000000,0.000000,0.000000,0.000000,1279,32001,25008,0.000000,0.000000,0.648186,0.248233,1.139590,0,0,0.000000,0.000000,9,11,-1,0,,92773
1788458898.928504,33.326044,rx,-1,0.000000,0.000000,0.000000,0.000000,1280,32025,25000,0.000000,0.000000,0.648186,0.248233,1.139590,0,0,0.000000,0.000000,9,11,-1,0,,92773
1788458898.928546,33.326089,tx,-1,0.000000,0.000000,0.000000,0.000000,,,,,,,,,,,,,,,,,aa5501090000000000000000004829,92972
1788458898.981963,33.379495,rx,-1,0.000000,0.000000,0.000000,0.000000,1281,32051,25008,0.000000,0.000000,0.648186,0.248233,1.139590,0,0,0.000000,0.000000,9,11,-1,0,,92972
1788458898.982280,33.379818,rx,-1,0.000000,0.000000,0.000000,0.000000,1282,32075,25012,0.000000,0.000000,0.648186,0.248233,1.139590,0,0,0.000000,0.000000,9,11,-1,0,,92972
1788458898.982369,33.379912,tx,-1,0.000000,0.000000,0.000000,0.000000,,,,,,,,,,,,,,,,,aa5501090000000000000000004829,93148
1788458899.036329,33.433868,rx,-1,0.000000,0.000000,0.000000,0.000000,1283,32101,24992,0.000000,0.000000,0.648186,0.248233,1.139590,0,0,0.000000,0.000000,9,11,-1,0,,93148
1788458899.038437,33.435979,rx,-1,0.000000,0.000000,0.000000,0.000000,1284,32125,25008,0.000000,0.000000,0.648186,0.248233,1.139590,0,0,0.000000,0.000000,9,11,-1,0,,93148
1788458899.038469,33.436013,tx,-1,0.000000,0.000000,0.000000,0.000000,,,,,,,,,,,,,,,,,aa5501090000000000000000004829,93324
1788458899.086918,33.484450,rx,-1,0.000000,0.000000,0.000000,0.000000,1285,32150,24968,0.000000,0.000000,0.648186,0.248233,1.139590,0,0,0.000000,0.000000,9,11,-1,0,,93324
1788458899.087089,33.484631,rx,-1,0.000000,0.000000,0.000000,0.000000,1286,32176,25040,0.000000,0.000000,0.648186,0.248233,1.139590,0,0,0.000000,0.000000,9,11,-1,0,,93324
1788458899.087116,33.484660,tx,-1,0.000000,0.000000,0.000000,0.000000,,,,,,,,,,,,,,,,,aa5501090000000000000000004829,93468
1788458899.138966,33.536502,rx,-1,0.000000,0.000000,0.000000,0.000000,1287,32200,24976,0.000000,0.000000,0.648186,0.248233,1.139590,0,0,0.000000,0.000000,9,11,-1,0,,93468
1788458899.141045,33.538584,rx,-1,0.000000,0.000000,0.000000,0.000000,1288,32226,25000,0.000000,0.000000,0.648186,0.248233,1.139590,0,0,0.000000,0.000000,9,11,-1,0,,93468
1788458899.141128,33.538670,rx,-1,0.000000,0.000000,0.000000,0.000000,1289,32250,24980,0.000000,0.000000,0.648186,0.248233,1.139590,0,0,0.000000,0.000000,9,11,-1,0,,93468
1788458899.141143,33.538686,tx,-1,0.000000,0.000000,0.000000,0.000000,,,,,,,,,,,,,,,,,aa5501090000000000000000004829,93620
1788458899.194487,33.592027,rx,-1,0.000000,0.000000,0.000000,0.000000,1290,32276,25044,0.000000,0.000000,0.648186,0.248233,1.139590,0,0,0.000000,0.000000,9,11,-1,0,,93620
1788458899.194583,33.592126,rx,-1,0.000000,0.000000,0.000000,0.000000,1291,32301,24992,0.000000,0.000000,0.648186,0.248233,1.139590,0,0,0.000000,0.000000,9,11,-1,0,,93620
1788458899.194595,33.592139,tx,-1,0.000000,0.000000,0.000000,0.000000,,,,,,,,,,,,,,,,,aa5501090000000000000000004829,93764
1788458899.248049,33.645589,rx,-1,0.000000,0.000000,0.000000,0.000000,1292,32325,24972,0.000000,0.000000,0.648186,0.248233,1.139590,0,0,0.000000,0.000000,9,11,-1,0,,93764
1788458899.250289,33.647829,rx,-1,0.000000,0.000000,0.000000,0.000000,1293,32351,25004,0.000000,0.000000,0.648186,0.248233,1.139590,0,0,0.000000,0.000000,9,11,-1,0,,93764
1788458899.250327,33.647871,tx,-1,0.000000,0.000000,0.000000,0.000000,,,,,,,,,,,,,,,,,aa5501090000000000000000004829,93908
1788458899.298143,33.695684,rx,-1,0.000000,0.000000,0.000000,0.000000,1294,32375,25020,0.000000,0.000000,0.648186,0.248233,1.139590,0,0,0.000000,0.000000,9,11,-1,0,,93908
1788458899.298240,33.695782,rx,-1,0.000000,0.000000,0.000000,0.000000,1295,32401,24992,0.000000,0.000000,0.648186,0.248233,1.139590,0,0,0.000000,0.000000,9,11,-1,0,,93908
1788458899.298251,33.695795,tx,-1,0.000000,0.000000,0.000000,0.000000,,,,,,,,,,,,,,,,,aa5501090000000000000000004829,94052
1788458899.351435,33.748965,rx,-1,0.000000,0.000000,0.000000,0.000000,1296,32425,25020,0.000000,0.000000,0.648186,0.248233,1.139590,0,0,0.000000,0.000000,9,11,-1,0,,94052
1788458899.354458,33.751997,rx,-1,0.000000,0.000000,0.000000,0.000000,1297,32450,25000,0.000000,0.000000,0.648186,0.248233,1.139590,0,0,0.000000,0.000000,9,11,-1,0,,94052
1788458899.354524,33.752067,tx,-1,0.000000,0.000000,0.000000,0.000000,,,,,,,,,,,,,,,,,aa5501090000000000000000004829,94196
1788458899.402546,33.800080,rx,-1,0.000000,0.000000,0.000000,0.000000,1298,32476,24992,0.000000,0.000000,0.648186,0.248233,1.139590,0,0,0.000000,0.000000,9,11,-1,0,,94196
1788458899.402781,33.800321,rx,-1,0.000000,0.000000,0.000000,0.000000,1299,32500,24972,0.000000,0.000000,0.648186,0.248233,1.139590,0,0,0.000000,0.000000,9,11,-1,0,,94196
1788458899.402821,33.800364,tx,-1,0.000000,0.000000,0.000000,0.000000,,,,,,,,,,,,,,,,,aa5501090000000000000000004829,94340
1788458899.456479,33.854018,rx,-1,0.000000,0.000000,0.000000,0.000000,1300,32526,24992,0.000000,0.000000,0.648186,0.248233,1.139590,0,0,0.000000,0.000000,9,11,-1,0,,94340
1788458899.458941,33.856481,rx,-1,0.000000,0.000000,0.000000,0.000000,1301,32550,25024,0.000000,0.000000,0.648186,0.248233,1.139590,0,0,0.000000,0.000000,9,11,-1,0,,94340
1788458899.458975,33.856518,tx,-1,0.000000,0.000000,0.000000,0.000000,,,,,,,,,,,,,,,,,aa5501090000000000000000004829,94484
1788458899.506966,33.904505,rx,-1,0.000000,0.000000,0.000000,0.000000,1302,32576,25004,0.000000,0.000000,0.648186,0.248233,1.139590,0,0,0.000000,0.000000,9,11,-1,0,,94484
1788458899.507059,33.904602,rx,-1,0.000000,0.000000,0.000000,0.000000,1303,32601,24992,0.000000,0.000000,0.648186,0.248233,1.139590,0,0,0.000000,0.000000,9,11,-1,0,,94484
1788458899.507073,33.904617,tx,-1,0.000000,0.000000,0.000000,0.000000,,,,,,,,,,,,,,,,,aa5501090000000000000000004829,94628
1788458899.560777,33.958312,rx,-1,0.000000,0.000000,0.000000,0.000000,1304,32625,25020,0.000000,0.000000,0.648186,0.248233,1.139590,0,0,0.000000,0.000000,9,11,-1,0,,94628
1788458899.563127,33.960666,rx,-1,0.000000,0.000000,0.000000,0.000000,1305,32651,24996,0.000000,0.000000,0.648186,0.248233,1.139590,0,0,0.000000,0.000000,9,11,-1,0,,94628
1788458899.563190,33.960732,tx,-1,0.000000,0.000000,0.000000,0.000000,,,,,,,,,,,,,,,,,aa5501090000000000000000004829,94772
1788458899.617104,34.014619,rx,-1,0.000000,0.000000,0.000000,0.000000,1306,32675,24976,0.000000,0.000000,0.648186,0.248233,1.139590,0,0,0.000000,0.000000,9,11,-1,0,,94772
1788458899.617665,34.015197,rx,-1,0.000000,0.000000,0.000000,0.000000,1307,32701,25028,0.000000,0.000000,0.648186,0.248233,1.139590,0,0,0.000000,0.000000,9,11,-1,0,,94772
1788458899.617817,34.015359,tx,-1,0.000000,0.000000,0.000000,0.000000,,,,,,,,,,,,,,,,,aa5501090000000000000000004829,94980
1788458899.671950,34.069488,rx,-1,0.000000,0.000000,0.000000,0.000000,1308,32726,24960,0.000000,0.000000,0.648186,0.248233,1.139590,0,0,0.000000,0.000000,9,11,-1,0,,94980
1788458899.674416,34.071931,rx,-1,0.000000,0.000000,0.000000,0.000000,1309,32750,25016,0.000000,0.000000,0.648186,0.248233,1.139590,0,0,0.000000,0.000000,9,11,-1,0,,94980
1788458899.674927,34.072459,rx,-1,0.000000,0.000000,0.000000,0.000000,1310,32776,25020,0.000000,0.000000,0.648186,0.248233,1.139590,0,0,0.000000,0.000000,9,11,-1,0,,94980
1788458899.675010,34.072546,tx,-1,0.000000,0.000000,0.000000,0.000000,,,,,,,,,,,,,,,,,aa5501090000000000000000004829,95132
1788458899.723986,34.121524,rx,-1,0.000000,0.000000,0.000000,0.000000,1311,32800,24992,0.000000,0.000000,0.648186,0.248233,1.139590,0,0,0.000000,0.000000,9,11,-1,0,,95132
1788458899.724083,34.121625,rx,-1,0.000000,0.000000,0.000000,0.000000,1312,32826,24972,0.000000,0.000000,0.648186,0.248233,1.139590,0,0,0.000000,0.000000,9,11,-1,0,,95132
1788458899.724096,34.121640,tx,-1,0.000000,0.000000,0.000000,0.000000,,,,,,,,,,,,,,,,,aa5501090000000000000000004829,95276
1788458899.778109,34.175638,rx,-1,0.000000,0.000000,0.000000,0.000000,1313,32850,25004,0.000000,0.000000,0.648186,0.248233,1.139590,0,0,0.000000,0.000000,9,11,-1,0,,95276
1788458899.782022,34.179550,rx,-1,0.000000,0.000000,0.000000,0.000000,1314,32875,25032,0.000000,0.000000,0.648186,0.248233,1.139590,0,0,0.000000,0.000000,9,11,-1,0,,95276
1788458899.782143,34.179685,tx,-1,0.000000,0.000000,0.000000,0.000000,,,,,,,,,,,,,,,,,aa5501090000000000000000004829,95420
1788458899.830260,34.227798,rx,-1,0.000000,0.000000,0.000000,0.000000,1315,32901,25000,0.000000,0.000000,0.648186,0.248233,1.139590,0,0,0.000000,0.000000,9,11,-1,0,,95420
1788458899.830351,34.227893,rx,-1,0.000000,0.000000,0.000000,0.000000,1316,32925,24972,0.000000,0.000000,0.648186,0.248233,1.139590,0,0,0.000000,0.000000,9,11,-1,0,,95420
1788458899.830363,34.227906,tx,-1,0.000000,0.000000,0.000000,0.000000,,,,,,,,,,,,,,,,,aa5501090000000000000000004829,95564
1788458899.884307,34.281846,rx,-1,0.000000,0.000000,0.000000,0.000000,1317,32951,25000,0.000000,0.000000,0.648186,0.248233,1.139590,0,0,0.000000,0.000000,9,11,-1,0,,95564
1788458899.886573,34.284114,rx,-1,0.000000,0.000000,0.000000,0.000000,1318,32975,25020,0.000000,0.000000,0.648186,0.248233,1.139590,0,0,0.000000,0.000000,9,11,-1,0,,95564
1788458899.886605,34.284147,tx,-1,0.000000,0.000000,0.000000,0.000000,,,,,,,,,,,,,,,,,aa5501090000000000000000004829,95708
1788458899.939381,34.336918,rx,-1,0.000000,0.000000,0.000000,0.000000,1319,33001,25004,0.000000,0.000000,0.648186,0.248233,1.139590,0,0,0.000000,0.000000,9,11,-1,0,,95708
1788458899.939560,34.337101,rx,-1,0.000000,0.000000,0.000000,0.000000,1320,33026,25004,0.000000,0.000000,0.648186,0.248233,1.139590,0,0,0.000000,0.000000,9,11,-1,0,,95708
1788458899.939580,34.337123,tx,-1,0.000000,0.000000,0.000000,0.000000,,,,,,,,,,,,,,,,,aa5501090000000000000000004829,95907
1788458899.993410,34.390938,rx,-1,0.000000,0.000000,0.000000,0.000000,1321,33050,24976,0.000000,0.000000,0.648186,0.248233,1.139590,0,0,0.000000,0.000000,9,11,-1,0,,95907
1788458899.996853,34.394389,rx,-1,0.000000,0.000000,0.000000,0.000000,1322,33076,25008,0.000000,0.000000,0.648186,0.248233,1.139590,0,0,0.000000,0.000000,9,11,-1,0,,95907
1788458899.996952,34.394494,tx,-1,0.000000,0.000000,0.000000,0.000000,,,,,,,,,,,,,,,,,aa5501090000000000000000004829,96083
1788458900.045588,34.443120,rx,-1,0.000000,0.000000,0.000000,0.000000,1323,33100,24984,0.000000,0.000000,0.648186,0.248233,1.139590,0,0,0.000000,0.000000,9,11,-1,0,,96083
1788458900.045820,34.443359,rx,-1,0.000000,0.000000,0.000000,0.000000,1324,33126,25032,0.000000,0.000000,0.648186,0.248233,1.139590,0,0,0.000000,0.000000,9,11,-1,0,,96083
1788458900.045866,34.443408,tx,-1,0.000000,0.000000,0.000000,0.000000,,,,,,,,,,,,,,,,,aa5501090000000000000000004829,96227
1788458900.099661,34.497193,rx,-1,0.000000,0.000000,0.000000,0.000000,1325,33150,24988,0.000000,0.000000,0.648186,0.248233,1.139590,0,0,0.000000,0.000000,9,11,-1,0,,96227
1788458900.103654,34.501189,rx,-1,0.000000,0.000000,0.000000,0.000000,1326,33175,25000,0.000000,0.000000,0.648186,0.248233,1.139590,0,0,0.000000,0.000000,9,11,-1,0,,96227
1788458900.103777,34.501319,tx,-1,0.000000,0.000000,0.000000,0.000000,,,,,,,,,,,,,,,,,aa5501090000000000000000004829,96403
1788458900.152040,34.549575,rx,-1,0.000000,0.000000,0.000000,0.000000,1327,33201,24976,0.000000,0.000000,0.648186,0.248233,1.139590,0,0,0.000000,0.000000,9,11,-1,0,,96403
1788458900.152163,34.549704,rx,-1,0.000000,0.000000,0.000000,0.000000,1328,33225,25040,0.000000,0.000000,0.648186,0.248233,1.139590,0,0,0.000000,0.000000,9,11,-1,0,,96403
1788458900.152226,34.549768,rx,-1,0.000000,0.000000,0.000000,0.000000,1329,33251,24992,0.000000,0.000000,0.648186,0.248233,1.139590,0,0,0.000000,0.000000,9,11,-1,0,,96403
1788458900.152239,34.549782,tx,-1,0.000000,0.000000,0.000000,0.000000,,,,,,,,,,,,,,,,,aa5501090000000000000000004829,96555
1788458900.207230,34.604763,rx,-1,0.000000,0.000000,0.000000,0.000000,1330,33275,24984,0.000000,0.000000,0.648186,0.248233,1.139590,0,0,0.000000,0.000000,9,11,-1,0,,96555
1788458900.210162,34.607698,rx,-1,0.000000,0.000000,0.000000,0.000000,1331,33300,24988,0.000000,0.000000,0.648186,0.248233,1.139590,0,0,0.000000,0.000000,9,11,-1,0,,96555
1788458900.210254,34.607797,tx,-1,0.000000,0.000000,0.000000,0.000000,,,,,,,,,,,,,,,,,aa5501090000000000000000004829,96699
1788458900.259180,34.656710,rx,-1,0.000000,0.000000,0.000000,0.000000,1332,33326,25012,0.000000,0.000000,0.648186,0.248233,1.139590,0,0,0.000000,0.000000,9,11,-1,0,,96699
1788458900.259556,34.657092,rx,-1,0.000000,0.000000,0.000000,0.000000,1333,33350,25004,0.000000,0.000000,0.648186,0.248233,1.139590,0,0,0.000000,0.000000,9,11,-1,0,,96699
1788458900.259615,34.657157,tx,-1,0.000000,0.000000,0.000000,0.000000,,,,,,,,,,,,,,,,,aa5501090000000000000000004829,96843
1788458900.314284,34.711806,rx,-1,0.000000,0.000000,0.000000,0.000000,1334,33376,25028,0.000000,0.000000,0.648186,0.248233,1.139590,0,0,0.000000,0.000000,9,11,-1,0,,96843
1788458900.318785,34.716321,rx,-1,0.000000,0.000000,0.000000,0.000000,1335,33400,24952,0.000000,0.000000,0.648186,0.248233,1.139590,0,0,0.000000,0.000000,9,11,-1,0,,96843
1788458900.318899,34.716441,tx,-1,0.000000,0.000000,0.000000,0.000000,,,,,,,,,,,,,,,,,aa5501090000000000000000004829,96987
1788458900.367799,34.765333,rx,-1,0.000000,0.000000,0.000000,0.000000,1336,33426,25032,0.000000,0.000000,0.648186,0.248233,1.139590,0,0,0.000000,0.000000,9,11,-1,0,,96987
1788458900.368015,34.765554,rx,-1,0.000000,0.000000,0.000000,0.000000,1337,33451,24988,0.000000,0.000000,0.648186,0.248233,1.139590,0,0,0.000000,0.000000,9,11,-1,0,,96987
1788458900.368044,34.765586,tx,-1,0.000000,0.000000,0.000000,0.000000,,,,,,,,,,,,,,,,,aa5501090000000000000000004829,97131
1788458900.422507,34.820027,rx,-1,0.000000,0.000000,0.000000,0.000000,1338,33475,25000,0.000000,0.000000,0.648186,0.248233,1.139590,0,0,0.000000,0.000000,9,11,-1,0,,97131
1788458900.427336,34.824867,rx,-1,0.000000,0.000000,0.000000,0.000000,1339,33501,25020,0.000000,0.000000,0.648186,0.248233,1.139590,0,0,0.000000,0.000000,9,11,-1,0,,97131
1788458900.427518,34.825059,tx,-1,0.000000,0.000000,0.000000,0.000000,,,,,,,,,,,,,,,,,aa5501090000000000000000004829,97275
1788458900.476276,34.873801,rx,-1,0.000000,0.000000,0.000000,0.000000,1340,33525,24976,0.000000,0.000000,0.648186,0.248233,1.139590,0,0,0.000000,0.000000,9,11,-1,0,,97275
1788458900.476563,34.874100,rx,-1,0.000000,0.000000,0.000000,0.000000,1341,33551,24992,0.000000,0.000000,0.648186,0.248233,1.139590,0,0,0.000000,0.000000,9,11,-1,0,,97275
1788458900.476615,34.874157,tx,-1,0.000000,0.000000,0.000000,0.000000,,,,,,,,,,,,,,,,,aa5501090000000000000000004829,97451
1788458900.530545,34.928070,rx,-1,0.000000,0.000000,0.000000,0.000000,1342,33575,25024,0.000000,0.000000,0.648186,0.248233,1.139590,0,0,0.000000,0.000000,9,11,-1,0,,97451
1788458900.534379,34.931912,rx,-1,0.000000,0.000000,0.000000,0.000000,1343,33600,25004,0.000000,0.000000,0.648186,0.248233,1.139590,0,0,0.000000,0.000000,9,11,-1,0,,97451
1788458900.534547,34.932086,rx,-1,0.000000,0.000000,0.000000,0.000000,1344,33626,24996,0.000000,0.000000,0.648186,0.248233,1.139590,0,0,0.000000,0.000000,9,11,-1,0,,97451
1788458900.534576,34.932118,tx,-1,0.000000,0.000000,0.000000,0.000000,,,,,,,,,,,,,,,,,aa5501090000000000000000004829,97635
1788458900.584373,34.981906,rx,-1,0.000000,0.000000,0.000000,0.000000,1345,33650,24968,0.000000,0.000000,0.648186,0.248233,1.139590,0,0,0.000000,0.000000,9,11,-1,0,,97635
1788458900.584496,34.982037,rx,-1,0.000000,0.000000,0.000000,0.000000,1346,33676,25040,0.000000,0.000000,0.648186,0.248233,1.139590,0,0,0.000000,0.000000,9,11,-1,0,,97635
1788458900.584513,34.982056,tx,-1,0.000000,0.000000,0.000000,0.000000,,,,,,,,,,,,,,,,,aa5501090000000000000000004829,97779
1788458900.637286,35.034825,rx,-1,0.000000,0.000000,0.000000,0.000000,1347,33700,24976,0.000000,0.000000,0.648186,0.248233,1.139590,0,0,0.000000,0.000000,9,11,-1,0,,97779
1788458900.639394,35.036934,rx,-1,0.000000,0.000000,0.000000,0.000000,1348,33726,25012,0.000000,0.000000,0.648186,0.248233,1.139590,0,0,0.000000,0.000000,9,11,-1,0,,97779
1788458900.639418,35.036960,tx,-1,0.000000,0.000000,0.000000,0.000000,,,,,,,,,,,,,,,,,aa5501090000000000000000004829,97923
1788458900.687392,35.084928,rx,-1,0.000000,0.000000,0.000000,0.000000,1349,33751,25008,0.000000,0.000000,0.648186,0.248233,1.139590,0,0,0.000000,0.000000,9,11,-1,0,,97923
1788458900.687510,35.085051,rx,-1,0.000000,0.000000,0.000000,0.000000,1350,33775,24988,0.000000,0.000000,0.648186,0.248233,1.139590,0,0,0.000000,0.000000,9,11,-1,0,,97923
1788458900.687528,35.085070,tx,-1,0.000000,0.000000,0.000000,0.000000,,,,,,,,,,,,,,,,,aa5501090000000000000000004829,98067
1788458900.741180,35.138720,rx,-1,0.000000,0.000000,0.000000,0.000000,1351,33801,24984,0.000000,0.000000,0.648186,0.248233,1.139590,0,0,0.000000,0.000000,9,11,-1,0,,98067
1788458900.743153,35.140693,rx,-1,0.000000,0.000000,0.000000,0.000000,1352,33825,25032,0.000000,0.000000,0.648186,0.248233,1.139590,0,0,0.000000,0.000000,9,11,-1,0,,98067
1788458900.743182,35.140724,tx,-1,0.000000,0.000000,0.000000,0.000000,,,,,,,,,,,,,,,,,aa5501090000000000000000004829,98211
1788458900.795912,35.193451,rx,-1,0.000000,0.000000,0.000000,0.000000,1353,33851,24992,0.000000,0.000000,0.648186,0.248233,1.139590,0,0,0.000000,0.000000,9,11,-1,0,,98211
1788458900.796012,35.193553,rx,-1,0.000000,0.000000,0.000000,0.000000,1354,33875,24984,0.000000,0.000000,0.648186,0.248233,1.139590,0,0,0.000000,0.000000,9,11,-1,0,,98211
1788458900.796028,35.193570,tx,-1,0.000000,0.000000,0.000000,0.000000,,,,,,,,,,,,,,,,,aa5501090000000000000000004829,98355
1788458900.849548,35.247084,rx,-1,0.000000,0.000000,0.000000,0.000000,1355,33900,24996,0.000000,0.000000,0.648186,0.248233,1.139590,0,0,0.000000,0.000000,9,11,-1,0,,98355
1788458900.851824,35.249364,rx,-1,0.000000,0.000000,0.000000,0.000000,1356,33926,24996,0.000000,0.000000,0.648186,0.248233,1.139590,0,0,0.000000,0.000000,9,11,-1,0,,98355
1788458900.851861,35.249403,tx,-1,0.000000,0.000000,0.000000,0.000000,,,,,,,,,,,,,,,,,aa5501090000000000000000004829,98499
1788458900.899747,35.297285,rx,-1,0.000000,0.000000,0.000000,0.000000,1357,33950,25000,0.000000,0.000000,0.648186,0.248233,1.139590,0,0,0.000000,0.000000,9,11,-1,0,,98499
1788458900.899880,35.297419,rx,-1,0.000000,0.000000,0.000000,0.000000,1358,33976,25008,0.000000,0.000000,0.648186,0.248233,1.139590,0,0,0.000000,0.000000,9,11,-1,0,,98499
1788458900.899899,35.297441,tx,-1,0.000000,0.000000,0.000000,0.000000,,,,,,,,,,,,,,,,,aa5501090000000000000000004829,98643
1788458900.953642,35.351172,rx,-1,0.000000,0.000000,0.000000,0.000000,1359,34000,25116,0.000000,0.000000,0.648186,0.248233,1.139590,0,0,0.000000,0.000000,9,11,-1,0,,98643
1788458900.956943,35.354476,rx,-1,0.000000,0.000000,0.000000,0.000000,1360,34026,24880,0.000000,0.000000,0.648186,0.248233,1.139590,0,0,0.000000,0.000000,9,11,-1,0,,98643
1788458900.957026,35.354568,tx,-1,0.000000,0.000000,0.000000,0.000000,,,,,,,,,,,,,,,,,aa5501090000000000000000004829,98842
1788458901.005690,35.403212,rx,-1,0.000000,0.000000,0.000000,0.000000,1361,34051,25000,0.000000,0.000000,0.648186,0.248233,1.139590,0,0,0.000000,0.000000,9,11,-1,0,,98842
1788458901.006196,35.403728,rx,-1,0.000000,0.000000,0.000000,0.000000,1362,34075,24996,0.000000,0.000000,0.648186,0.248233,1.139590,0,0,0.000000,0.000000,9,11,-1,0,,98842
1788458901.006295,35.403836,tx,-1,0.000000,0.000000,0.000000,0.000000,,,,,,,,,,,,,,,,,aa5501090000000000000000004829,99018
1788458901.061216,35.458732,rx,-1,0.000000,0.000000,0.000000,0.000000,1363,34101,25020,0.000000,0.000000,0.648186,0.248233,1.139590,0,0,0.000000,0.000000,9,11,-1,0,,99018
1788458901.065202,35.462733,rx,-1,0.000000,0.000000,0.000000,0.000000,1364,34125,24996,0.000000,0.000000,0.648186,0.248233,1.139590,0,0,0.000000,0.000000,9,11,-1,0,,99018
1788458901.065474,35.463011,rx,-1,0.000000,0.000000,0.000000,0.000000,1365,34151,25024,0.000000,0.000000,0.648186,0.248233,1.139590,0,0,0.000000,0.000000,9,11,-1,0,,99018
1788458901.065511,35.463052,tx,-1,0.000000,0.000000,0.000000,0.000000,,,,,,,,,,,,,,,,,aa5501090000000000000000004829,99202
1788458901.114421,35.511953,rx,-1,0.000000,0.000000,0.000000,0.000000,1366,34176,24996,0.000000,0.000000,0.648186,0.248233,1.139590,0,0,0.000000,0.000000,9,11,-1,0,,99202
1788458901.114616,35.512155,rx,-1,0.000000,0.000000,0.000000,0.000000,1367,34200,24988,0.000000,0.000000,0.648186,0.248233,1.139590,0,0,0.000000,0.000000,9,11,-1,0,,99202
1788458901.114639,35.512180,tx,-1,0.000000,0.000000,0.000000,0.000000,,,,,,,,,,,,,,,,,aa5501090000000000000000004829,99346
1788458901.168730,35.566260,rx,-1,0.000000,0.000000,0.000000,0.000000,1368,34226,24996,0.000000,0.000000,0.648186,0.248233,1.139590,0,0,0.000000,0.000000,9,11,-1,0,,99346
1788458901.172002,35.569526,rx,-1,0.000000,0.000000,0.000000,0.000000,1369,34250,25016,0.000000,0.000000,0.648186,0.248233,1.139590,0,0,0.000000,0.000000,9,11,-1,0,,99346
1788458901.172093,35.569635,tx,-1,0.000000,0.000000,0.000000,0.000000,,,,,,,,,,,,,,,,,aa5501090000000000000000004829,99490
1788458901.220582,35.618106,rx,-1,0.000000,0.000000,0.000000,0.000000,1370,34276,25004,0.000000,0.000000,0.648186,0.248233,1.139590,0,0,0.000000,0.000000,9,11,-1,0,,99490
1788458901.221086,35.618617,rx,-1,0.000000,0.000000,0.000000,0.000000,1371,34300,24972,0.000000,0.000000,0.648186,0.248233,1.139590,0,0,0.000000,0.000000,9,11,-1,0,,99490
1788458901.221215,35.618754,tx,-1,0.000000,0.000000,0.000000,0.000000,,,,,,,,,,,,,,,,,aa5501090000000000000000004829,99634
1788458901.275672,35.673195,rx,-1,0.000000,0.000000,0.000000,0.000000,1372,34326,25016,0.000000,0.000000,0.648186,0.248233,1.139590,0,0,0.000000,0.000000,9,11,-1,0,,99634
1788458901.280129,35.677660,rx,-1,0.000000,0.000000,0.000000,0.000000,1373,34351,24996,0.000000,0.000000,0.648186,0.248233,1.139590,0,0,0.000000,0.000000,9,11,-1,0,,99634
1788458901.280220,35.677761,tx,-1,0.000000,0.000000,0.000000,0.000000,,,,,,,,,,,,,,,,,aa5501090000000000000000004829,99778
1788458901.328674,35.726209,rx,-1,0.000000,0.000000,0.000000,0.000000,1374,34375,24996,0.000000,0.000000,0.648186,0.248233,1.139590,0,0,0.000000,0.000000,9,11,-1,0,,99778
1788458901.328822,35.726362,rx,-1,0.000000,0.000000,0.000000,0.000000,1375,34401,24972,0.000000,0.000000,0.648186,0.248233,1.139590,0,0,0.000000,0.000000,9,11,-1,0,,99778
1788458901.328837,35.726379,tx,-1,0.000000,0.000000,0.000000,0.000000,,,,,,,,,,,,,,,,,aa5501090000000000000000004829,99922
1788458901.382628,35.780167,rx,-1,0.000000,0.000000,0.000000,0.000000,1376,34425,25004,0.000000,0.000000,0.648186,0.248233,1.139590,0,0,0.000000,0.000000,9,11,-1,0,,99922
1788458901.384946,35.782460,rx,-1,0.000000,0.000000,0.000000,0.000000,1377,34451,25024,0.000000,0.000000,0.648186,0.248233,1.139590,0,0,0.000000,0.000000,9,11,-1,0,,99922
1788458901.385089,35.782629,tx,-1,0.000000,0.000000,0.000000,0.000000,,,,,,,,,,,,,,,,,aa5501090000000000000000004829,100066
1788458901.433156,35.830694,rx,-1,0.000000,0.000000,0.000000,0.000000,1378,34476,24988,0.000000,0.000000,0.648186,0.248233,1.139590,0,0,0.000000,0.000000,9,11,-1,0,,100066
1788458901.433262,35.830802,rx,-1,0.000000,0.000000,0.000000,0.000000,1379,34500,24992,0.000000,0.000000,0.648186,0.248233,1.139590,0,0,0.000000,0.000000,9,11,-1,0,,100066
1788458901.433278,35.830819,tx,-1,0.000000,0.000000,0.000000,0.000000,,,,,,,,,,,,,,,,,aa5501090000000000000000004829,100210
1788458901.487719,35.885252,rx,-1,0.000000,0.000000,0.000000,0.000000,1380,34526,24996,0.000000,0.000000,0.648186,0.248233,1.139590,0,0,0.000000,0.000000,9,11,-1,0,,100210
1788458901.490652,35.888185,rx,-1,0.000000,0.000000,0.000000,0.000000,1381,34550,25028,0.000000,0.000000,0.648186,0.248233,1.139590,0,0,0.000000,0.000000,9,11,-1,0,,100210
1788458901.490741,35.888282,tx,-1,0.000000,0.000000,0.000000,0.000000,,,,,,,,,,,,,,,,,aa5501090000000000000000004829,100386
1788458901.537711,35.935243,rx,-1,0.000000,0.000000,0.000000,0.000000,1382,34576,24980,0.000000,0.000000,0.648186,0.248233,1.139590,0,0,0.000000,0.000000,9,11,-1,0,,100386
1788458901.537819,35.935359,rx,-1,0.000000,0.000000,0.000000,0.000000,1383,34600,24992,0.000000,0.000000,0.648186,0.248233,1.139590,0,0,0.000000,0.000000,9,11,-1,0,,100386
1788458901.537838,35.935379,tx,-1,0.000000,0.000000,0.000000,0.000000,,,,,,,,,,,,,,,,,aa5501090000000000000000004829,100530
1788458901.591844,35.989361,rx,-1,0.000000,0.000000,0.000000,0.000000,1384,34625,25004,0.000000,0.000000,0.648186,0.248233,1.139590,0,0,0.000000,0.000000,9,11,-1,0,,100530
1788458901.595883,35.993411,rx,-1,0.000000,0.000000,0.000000,0.000000,1385,34651,25016,0.000000,0.000000,0.648186,0.248233,1.139590,0,0,0.000000,0.000000,9,11,-1,0,,100530
1788458901.596016,35.993556,tx,-1,0.000000,0.000000,0.000000,0.000000,,,,,,,,,,,,,,,,,aa5501090000000000000000004829,100706
1788458901.643484,36.041006,rx,-1,0.000000,0.000000,0.000000,0.000000,1386,34675,24980,0.000000,0.000000,0.648186,0.248233,1.139590,0,0,0.000000,0.000000,9,11,-1,0,,100706
1788458901.643700,36.041238,rx,-1,0.000000,0.000000,0.000000,0.000000,1387,34701,25028,0.000000,0.000000,0.648186,0.248233,1.139590,0,0,0.000000,0.000000,9,11,-1,0,,100706
1788458901.643835,36.041374,rx,-1,0.000000,0.000000,0.000000,0.000000,1388,34725,24996,0.000000,0.000000,0.648186,0.248233,1.139590,0,0,0.000000,0.000000,9,11,-1,0,,100706
1788458901.643862,36.041403,tx,-1,0.000000,0.000000,0.000000,0.000000,,,,,,,,,,,,,,,,,aa5501090000000000000000004829,100858
1788458901.697719,36.095242,rx,-1,0.000000,0.000000,0.000000,0.000000,1389,34751,24976,0.000000,0.000000,0.648186,0.248233,1.139590,0,0,0.000000,0.000000,9,11,-1,0,,100858
1788458901.701787,36.099320,rx,-1,0.000000,0.000000,0.000000,0.000000,1390,34776,24996,0.000000,0.000000,0.648186,0.248233,1.139590,0,0,0.000000,0.000000,9,11,-1,0,,100858
1788458901.701887,36.099427,tx,-1,0.000000,0.000000,0.000000,0.000000,,,,,,,,,,,,,,,,,aa5501090000000000000000004829,101002
1788458901.749165,36.146698,rx,-1,0.000000,0.000000,0.000000,0.000000,1391,34800,25040,0.000000,0.000000,0.648186,0.248233,1.139590,0,0,0.000000,0.000000,9,11,-1,0,,101002
1788458901.749270,36.146810,rx,-1,0.000000,0.000000,0.000000,0.000000,1392,34826,24992,0.000000,0.000000,0.648186,0.248233,1.139590,0,0,0.000000,0.000000,9,11,-1,0,,101002
1788458901.749285,36.146827,tx,-1,0.000000,0.000000,0.000000,0.000000,,,,,,,,,,,,,,,,,aa5501090000000000000000004829,101146
1788458901.803745,36.201266,rx,-1,0.000000,0.000000,0.000000,0.000000,1393,34850,24980,0.000000,0.000000,0.648186,0.248233,1.139590,0,0,0.000000,0.000000,9,11,-1,0,,101146
1788458901.807994,36.205525,rx,-1,0.000000,0.000000,0.000000,0.000000,1394,34876,25028,0.000000,0.000000,0.648186,0.248233,1.139590,0,0,0.000000,0.000000,9,11,-1,0,,101146
1788458901.808083,36.205624,tx,-1,0.000000,0.000000,0.000000,0.000000,,,,,,,,,,,,,,,,,aa5501090000000000000000004829,101290
1788458901.857385,36.254908,rx,-1,0.000000,0.000000,0.000000,0.000000,1395,34900,24996,0.000000,0.000000,0.648186,0.248233,1.139590,0,0,0.000000,0.000000,9,11,-1,0,,101290
1788458901.857908,36.255438,rx,-1,0.000000,0.000000,0.000000,0.000000,1396,34925,25000,0.000000,0.000000,0.648186,0.248233,1.139590,0,0,0.000000,0.000000,9,11,-1,0,,101290
1788458901.857994,36.255533,tx,-1,0.000000,0.000000,0.000000,0.000000,,,,,,,,,,,,,,,,,aa5501090000000000000000004829,101434
1788458901.911811,36.309342,rx,-1,0.000000,0.000000,0.000000,0.000000,1397,34951,24972,0.000000,0.000000,0.648186,0.248233,1.139590,0,0,0.000000,0.000000,9,11,-1,0,,101434
1788458901.914585,36.312115,rx,-1,0.000000,0.000000,0.000000,0.000000,1398,34975,25028,0.000000,0.000000,0.648186,0.248233,1.139590,0,0,0.000000,0.000000,9,11,-1,0,,101434
1788458901.914685,36.312225,tx,-1,0.000000,0.000000,0.000000,0.000000,,,,,,,,,,,,,,,,,aa5501090000000000000000004829,101578
1788458901.967022,36.364554,rx,-1,0.000000,0.000000,0.000000,0.000000,1399,35001,24980,0.000000,0.000000,0.648186,0.248233,1.139590,0,0,0.000000,0.000000,9,11,-1,0,,101578
1788458901.967155,36.364695,rx,-1,0.000000,0.000000,0.000000,0.000000,1400,35025,25024,0.000000,0.000000,0.648186,0.248233,1.139590,0,0,0.000000,0.000000,9,11,-1,0,,101578
1788458901.967172,36.364713,tx,-1,0.000000,0.000000,0.000000,0.000000,,,,,,,,,,,,,,,,,aa5501090000000000000000004829,101809
1788458902.019373,36.416909,rx,-1,0.000000,0.000000,0.000000,0.000000,1401,35050,24964,0.000000,0.000000,0.648186,0.248233,1.139590,0,0,0.000000,0.000000,9,11,-1,0,,101809
1788458902.021582,36.419120,rx,-1,0.000000,0.000000,0.000000,0.000000,1402,35076,25016,0.000000,0.000000,0.648186,0.248233,1.139590,0,0,0.000000,0.000000,9,11,-1,0,,101809
1788458902.021615,36.419156,tx,-1,0.000000,0.000000,0.000000,0.000000,,,,,,,,,,,,,,,,,aa5501090000000000000000004829,101985
1788458902.074854,36.472392,rx,-1,0.000000,0.000000,0.000000,0.000000,1403,35100,24980,0.000000,0.000000,0.648186,0.248233,1.139590,0,0,0.000000,0.000000,9,11,-1,0,,101985
1788458902.074936,36.472476,rx,-1,0.000000,0.000000,0.000000,0.000000,1404,35126,25048,0.000000,0.000000,0.648186,0.248233,1.139590,0,0,0.000000,0.000000,9,11,-1,0,,101985
1788458902.074990,36.472530,rx,-1,0.000000,0.000000,0.000000,0.000000,1405,35150,24976,0.000000,0.000000,0.648186,0.248233,1.139590,0,0,0.000000,0.000000,9,11,-1,0,,101985
1788458902.075001,36.472541,tx,-1,0.000000,0.000000,0.000000,0.000000,,,,,,,,,,,,,,,,,aa5501090000000000000000004829,102137
1788458902.128080,36.525618,rx,-1,0.000000,0.000000,0.000000,0.000000,1406,35176,24984,0.000000,0.000000,0.648186,0.248233,1.139590,0,0,0.000000,0.000000,9,11,-1,0,,102137
1788458902.130000,36.527536,rx,-1,0.000000,0.000000,0.000000,0.000000,1407,35201,25032,0.000000,0.000000,0.648186,0.248233,1.139590,0,0,0.000000,0.000000,9,11,-1,0,,102137
1788458902.130042,36.527583,tx,-1,0.000000,0.000000,0.000000,0.000000,,,,,,,,,,,,,,,,,aa5501090000000000000000004829,102281
1788458902.183707,36.581245,rx,-1,0.000000,0.000000,0.000000,0.000000,1408,35225,25008,0.000000,0.000000,0.648186,0.248233,1.139590,0,0,0.000000,0.000000,9,11,-1,0,,102281
1788458902.183793,36.581333,rx,-1,0.000000,0.000000,0.000000,0.000000,1409,35251,24964,0.000000,0.000000,0.648186,0.248233,1.139590,0,0,0.000000,0.000000,9,11,-1,0,,102281
1788458902.183804,36.581345,tx,-1,0.000000,0.000000,0.000000,0.000000,,,,,,,,,,,,,,,,,aa5501090000000000000000004829,102425
1788458902.237644,36.635168,rx,-1,0.000000,0.000000,0.000000,0.000000,1410,35275,25000,0.000000,0.000000,0.648186,0.248233,1.139590,0,0,0.000000,0.000000,9,11,-1,0,,102425
1788458902.240674,36.638206,rx,-1,0.000000,0.000000,0.000000,0.000000,1411,35301,25004,0.000000,0.000000,0.648186,0.248233,1.139590,0,0,0.000000,0.000000,9,11,-1,0,,102425
1788458902.240762,36.638303,tx,-1,0.000000,0.000000,0.000000,0.000000,,,,,,,,,,,,,,,,,aa5501090000000000000000004829,102569
1788458902.292380,36.689911,rx,-1,0.000000,0.000000,0.000000,0.000000,1412,35325,25012,0.000000,0.000000,0.648186,0.248233,1.139590,0,0,0.000000,0.000000,9,11,-1,0,,102569
1788458902.292701,36.690239,rx,-1,0.000000,0.000000,0.000000,0.000000,1413,35350,25008,0.000000,0.000000,0.648186,0.248233,1.139590,0,0,0.000000,0.000000,9,11,-1,0,,102569
1788458902.292729,36.690270,tx,-1,0.000000,0.000000,0.000000,0.000000,,,,,,,,,,,,,,,,,aa5501090000000000000000004829,102713
1788458902.345836,36.743362,rx,-1,0.000000,0.000000,0.000000,0.000000,1414,35376,25004,0.000000,0.000000,0.648186,0.248233,1.139590,0,0,0.000000,0.000000,9,11,-1,0,,102713
1788458902.348917,36.746446,rx,-1,0.000000,0.000000,0.000000,0.000000,1415,35400,24996,0.000000,0.000000,0.648186,0.248233,1.139590,0,0,0.000000,0.000000,9,11,-1,0,,102713
1788458902.349035,36.746575,tx,-1,0.000000,0.000000,0.000000,0.000000,,,,,,,,,,,,,,,,,aa5501090000000000000000004829,102889
1788458902.397824,36.795360,rx,-1,0.000000,0.000000,0.000000,0.000000,1416,35426,24980,0.000000,0.000000,0.648186,0.248233,1.139590,0,0,0.000000,0.000000,9,11,-1,0,,102889
1788458902.397975,36.795514,rx,-1,0.000000,0.000000,0.000000,0.000000,1417,35450,25020,0.000000,0.000000,0.648186,0.248233,1.139590,0,0,0.000000,0.000000,9,11,-1,0,,102889
1788458902.397997,36.795538,tx,-1,0.000000,0.000000,0.000000,0.000000,,,,,,,,,,,,,,,,,aa5501090000000000000000004829,103033
1788458902.452541,36.850061,rx,-1,0.000000,0.000000,0.000000,0.000000,1418,35476,24968,0.000000,0.000000,0.648186,0.248233,1.139590,0,0,0.000000,0.000000,9,11,-1,0,,103033
1788458902.455912,36.853445,rx,-1,0.000000,0.000000,0.000000,0.000000,1419,35501,25012,0.000000,0.000000,0.648186,0.248233,1.139590,0,0,0.000000,0.000000,9,11,-1,0,,103033
1788458902.456128,36.853666,rx,-1,0.000000,0.000000,0.000000,0.000000,1420,35525,25032,0.000000,0.000000,0.648186,0.248233,1.139590,0,0,0.000000,0.000000,9,11,-1,0,,103033
1788458902.456152,36.853692,tx,-1,0.000000,0.000000,0.000000,0.000000,,,,,,,,,,,,,,,,,aa5501090000000000000000004829,103217
1788458902.504873,36.902409,rx,-1,0.000000,0.000000,0.000000,0.000000,1421,35551,24984,0.000000,0.000000,0.648186,0.248233,1.139590,0,0,0.000000,0.000000,9,11,-1,0,,103217
1788458902.504998,36.902537,rx,-1,0.000000,0.000000,0.000000,0.000000,1422,35575,24984,0.000000,0.000000,0.648186,0.248233,1.139590,0,0,0.000000,0.000000,9,11,-1,0,,103217
1788458902.505013,36.902554,tx,-1,0.000000,0.000000,0.000000,0.000000,,,,,,,,,,,,,,,,,aa5501090000000000000000004829,103361
1788458902.559088,36.956622,rx,-1,0.000000,0.000000,0.000000,0.000000,1423,35601,24996,0.000000,0.000000,0.648186,0.248233,1.139590,0,0,0.000000,0.000000,9,11,-1,0,,103361
1788458902.561602,36.959139,rx,-1,0.000000,0.000000,0.000000,0.000000,1424,35625,25028,0.000000,0.000000,0.648186,0.248233,1.139590,0,0,0.000000,0.000000,9,11,-1,0,,103361
1788458902.561654,36.959193,tx,-1,0.000000,0.000000,0.000000,0.000000,,,,,,,,,,,,,,,,,aa5501090000000000000000004829,103505
1788458902.609846,37.007364,rx,-1,0.000000,0.000000,0.000000,0.000000,1425,35650,24964,0.000000,0.000000,0.648186,0.248233,1.139590,0,0,0.000000,0.000000,9,11,-1,0,,103505
1788458902.610112,37.007646,rx,-1,0.000000,0.000000,0.000000,0.000000,1426,35676,25004,0.000000,0.000000,0.648186,0.248233,1.139590,0,0,0.000000,0.000000,9,11,-1,0,,103505
1788458902.610170,37.007710,tx,-1,0.000000,0.000000,0.000000,0.000000,,,,,,,,,,,,,,,,,aa5501090000000000000000004829,103649
1788458902.662023,37.059545,rx,-1,0.000000,0.000000,0.000000,0.000000,1427,35700,25000,0.000000,0.000000,0.648186,0.248233,1.139590,0,0,0.000000,0.000000,9,11,-1,0,,103649
1788458902.664595,37.062129,rx,-1,0.000000,0.000000,0.000000,0.000000,1428,35726,25028,0.000000,0.000000,0.648186,0.248233,1.139590,0,0,0.000000,0.000000,9,11,-1,0,,103649
1788458902.664675,37.062215,tx,-1,0.000000,0.000000,0.000000,0.000000,,,,,,,,,,,,,,,,,aa5501090000000000000000004829,103793
1788458902.712860,37.110383,rx,-1,0.000000,0.000000,0.000000,0.000000,1429,35750,24988,0.000000,0.000000,0.648186,0.248233,1.139590,0,0,0.000000,0.000000,9,11,-1,0,,103793
1788458902.713037,37.110576,rx,-1,0.000000,0.000000,0.000000,0.000000,1430,35776,25016,0.000000,0.000000,0.648186,0.248233,1.139590,0,0,0.000000,0.000000,9,11,-1,0,,103793
1788458902.713056,37.110595,tx,-1,0.000000,0.000000,0.000000,0.000000,,,,,,,,,,,,,,,,,aa5501090000000000000000004829,103937
1788458902.767853,37.165377,rx,-1,0.000000,0.000000,0.000000,0.000000,1431,35801,25000,0.000000,0.000000,0.648186,0.248233,1.139590,0,0,0.000000,0.000000,9,11,-1,0,,103937
1788458902.771273,37.168803,rx,-1,0.000000,0.000000,0.000000,0.000000,1432,35825,24980,0.000000,0.000000,0.648186,0.248233,1.139590,0,0,0.000000,0.000000,9,11,-1,0,,103937
1788458902.771350,37.168890,tx,-1,0.000000,0.000000,0.000000,0.000000,,,,,,,,,,,,,,,,,aa5501090000000000000000004829,104081
1788458902.823051,37.220585,rx,-1,0.000000,0.000000,0.000000,0.000000,1433,35851,24992,0.000000,0.000000,0.648186,0.248233,1.139590,0,0,0.000000,0.000000,9,11,-1,0,,104081
1788458902.823144,37.220684,rx,-1,0.000000,0.000000,0.000000,0.000000,1434,35875,24988,0.000000,0.000000,0.648186,0.248233,1.139590,0,0,0.000000,0.000000,9,11,-1,0,,104081
1788458902.823159,37.220699,tx,-1,0.000000,0.000000,0.000000,0.000000,,,,,,,,,,,,,,,,,aa5501090000000000000000004829,104225
1788458902.876186,37.273719,rx,-1,0.000000,0.000000,0.000000,0.000000,1435,35901,25032,0.000000,0.000000,0.648186,0.248233,1.139590,0,0,0.000000,0.000000,9,11,-1,0,,104225
1788458902.879456,37.276989,rx,-1,0.000000,0.000000,0.000000,0.000000,1436,35926,24988,0.000000,0.000000,0.648186,0.248233,1.139590,0,0,0.000000,0.000000,9,11,-1,0,,104225
1788458902.879559,37.277098,tx,-1,0.000000,0.000000,0.000000,0.000000,,,,,,,,,,,,,,,,,aa5501090000000000000000004829,104401
1788458902.926032,37.323559,rx,-1,0.000000,0.000000,0.000000,0.000000,1437,35950,24996,0.000000,0.000000,0.648186,0.248233,1.139590,0,0,0.000000,0.000000,9,11,-1,0,,104401
1788458902.926208,37.323745,rx,-1,0.000000,0.000000,0.000000,0.000000,1438,35976,25028,0.000000,0.000000,0.648186,0.248233,1.139590,0,0,0.000000,0.000000,9,11,-1,0,,104401
1788458902.926235,37.323775,tx,-1,0.000000,0.000000,0.000000,0.000000,,,,,,,,,,,,,,,,,aa5501090000000000000000004829,104513
1788458902.979417,37.376948,rx,-1,0.000000,0.000000,0.000000,0.000000,1439,36000,24980,0.000000,0.000000,0.648186,0.248233,1.139590,0,0,0.000000,0.000000,9,11,-1,0,,104513
1788458902.981492,37.379026,rx,-1,0.000000,0.000000,0.000000,0.000000,1440,36026,24984,0.000000,0.000000,0.648186,0.248233,1.139590,0,0,0.000000,0.000000,9,11,-1,0,,104513
1788458902.981537,37.379077,tx,-1,0.000000,0.000000,0.000000,0.000000,,,,,,,,,,,,,,,,,aa5501090000000000000000004829,104744
1788458903.034875,37.432408,rx,-1,0.000000,0.000000,0.000000,0.000000,1441,36050,25032,0.000000,0.000000,0.648186,0.248233,1.139590,0,0,0.000000,0.000000,9,11,-1,0,,104744
1788458903.034961,37.432500,rx,-1,0.000000,0.000000,0.000000,0.000000,1442,36075,24980,0.000000,0.000000,0.648186,0.248233,1.139590,0,0,0.000000,0.000000,9,11,-1,0,,104744
1788458903.035010,37.432549,rx,-1,0.000000,0.000000,0.000000,0.000000,1443,36101,24996,0.000000,0.000000,0.648186,0.248233,1.139590,0,0,0.000000,0.000000,9,11,-1,0,,104744
1788458903.035021,37.432561,tx,-1,0.000000,0.000000,0.000000,0.000000,,,,,,,,,,,,,,,,,aa5501090000000000000000004829,104928
1788458903.087268,37.484802,rx,-1,0.000000,0.000000,0.000000,0.000000,1444,36125,24988,0.000000,0.000000,0.648186,0.248233,1.139590,0,0,0.000000,0.000000,9,11,-1,0,,104928
1788458903.089247,37.486784,rx,-1,0.000000,0.000000,0.000000,0.000000,1445,36151,25032,0.000000,0.000000,0.648186,0.248233,1.139590,0,0,0.000000,0.000000,9,11,-1,0,,104928
1788458903.089272,37.486812,tx,-1,0.000000,0.000000,0.000000,0.000000,,,,,,,,,,,,,,,,,aa5501090000000000000000004829,105072
1788458903.142062,37.539596,rx,-1,0.000000,0.000000,0.000000,0.000000,1446,36175,24992,0.000000,0.000000,0.648186,0.248233,1.139590,0,0,0.000000,0.000000,9,11,-1,0,,105072
1788458903.142156,37.539695,rx,-1,0.000000,0.000000,0.000000,0.000000,1447,36201,24980,0.000000,0.000000,0.648186,0.248233,1.139590,0,0,0.000000,0.000000,9,11,-1,0,,105072
1788458903.142168,37.539708,tx,-1,0.000000,0.000000,0.000000,0.000000,,,,,,,,,,,,,,,,,aa5501090000000000000000004829,105216
1788458903.194234,37.591767,rx,-1,0.000000,0.000000,0.000000,0.000000,1448,36226,25000,0.000000,0.000000,0.648186,0.248233,1.139590,0,0,0.000000,0.000000,9,11,-1,0,,105216
1788458903.196159,37.593697,rx,-1,0.000000,0.000000,0.000000,0.000000,1449,36250,25044,0.000000,0.000000,0.648186,0.248233,1.139590,0,0,0.000000,0.000000,9,11,-1,0,,105216
1788458903.196183,37.593723,tx,-1,0.000000,0.000000,0.000000,0.000000,,,,,,,,,,,,,,,,,aa5501090000000000000000004829,105360
1788458903.249989,37.647517,rx,-1,0.000000,0.000000,0.000000,0.000000,1450,36276,24980,0.000000,0.000000,0.648186,0.248233,1.139590,0,0,0.000000,0.000000,9,11,-1,0,,105360
1788458903.250216,37.647752,rx,-1,0.000000,0.000000,0.000000,0.000000,1451,36300,24984,0.000000,0.000000,0.648186,0.248233,1.139590,0,0,0.000000,0.000000,9,11,-1,0,,105360
1788458903.250249,37.647789,tx,-1,0.000000,0.000000,0.000000,0.000000,,,,,,,,,,,,,,,,,aa5501090000000000000000004829,105504
1788458903.304411,37.701929,rx,-1,0.000000,0.000000,0.000000,0.000000,1452,36326,24984,0.000000,0.000000,0.648186,0.248233,1.139590,0,0,0.000000,0.000000,9,11,-1,0,,105504
1788458903.308700,37.706229,rx,-1,0.000000,0.000000,0.000000,0.000000,1453,36350,25000,0.000000,0.000000,0.648186,0.248233,1.139590,0,0,0.000000,0.000000,9,11,-1,0,,105504
1788458903.308792,37.706331,tx,-1,0.000000,0.000000,0.000000,0.000000,,,,,,,,,,,,,,,,,aa5501090000000000000000004829,105648
1788458903.357438,37.754954,rx,-1,0.000000,0.000000,0.000000,0.000000,1454,36375,25000,0.000000,0.000000,0.648186,0.248233,1.139590,0,0,0.000000,0.000000,9,11,-1,0,,105648
1788458903.357969,37.755495,rx,-1,0.000000,0.000000,0.000000,0.000000,1455,36401,25020,0.000000,0.000000,0.648186,0.248233,1.139590,0,0,0.000000,0.000000,9,11,-1,0,,105648
1788458903.358083,37.755621,tx,-1,0.000000,0.000000,0.000000,0.000000,,,,,,,,,,,,,,,,,aa5501090000000000000000004829,105824
1788458903.412719,37.810254,rx,-1,0.000000,0.000000,0.000000,0.000000,1456,36425,25024,0.000000,0.000000,0.648186,0.248233,1.139590,0,0,0.000000,0.000000,9,11,-1,0,,105824
1788458903.414639,37.812176,rx,-1,0.000000,0.000000,0.000000,0.000000,1457,36451,24996,0.000000,0.000000,0.648186,0.248233,1.139590,0,0,0.000000,0.000000,9,11,-1,0,,105824
1788458903.414705,37.812244,rx,-1,0.000000,0.000000,0.000000,0.000000,1458,36475,24984,0.000000,0.000000,0.648186,0.248233,1.139590,0,0,0.000000,0.000000,9,11,-1,0,,105824
1788458903.414717,37.812257,tx,-1,0.000000,0.000000,0.000000,0.000000,,,,,,,,,,,,,,,,,aa5501090000000000000000004829,106008
1788458903.463579,37.861089,rx,-1,0.000000,0.000000,0.000000,0.000000,1459,36501,25000,0.000000,0.000000,0.648186,0.248233,1.139590,0,0,0.000000,0.000000,9,11,-1,0,,106008
1788458903.464064,37.861592,rx,-1,0.000000,0.000000,0.000000,0.000000,1460,36526,24996,0.000000,0.000000,0.648186,0.248233,1.139590,0,0,0.000000,0.000000,9,11,-1,0,,106008
1788458903.464139,37.861677,tx,-1,0.000000,0.000000,0.000000,0.000000,,,,,,,,,,,,,,,,,aa5501090000000000000000004829,106152
1788458903.518471,37.916002,rx,-1,0.000000,0.000000,0.000000,0.000000,1461,36550,24996,0.000000,0.000000,0.648186,0.248233,1.139590,0,0,0.000000,0.000000,9,11,-1,0,,106152
1788458903.521136,37.918669,rx,-1,0.000000,0.000000,0.000000,0.000000,1462,36576,25024,0.000000,0.000000,0.648186,0.248233,1.139590,0,0,0.000000,0.000000,9,11,-1,0,,106152
1788458903.521202,37.918742,tx,-1,0.000000,0.000000,0.000000,0.000000,,,,,,,,,,,,,,,,,aa5501090000000000000000004829,106296
1788458903.568989,37.966518,rx,-1,0.000000,0.000000,0.000000,0.000000,1463,36600,24996,0.000000,0.000000,0.648186,0.248233,1.139590,0,0,0.000000,0.000000,9,11,-1,0,,106296
1788458903.569185,37.966721,rx,-1,0.000000,0.000000,0.000000,0.000000,1464,36626,24968,0.000000,0.000000,0.648186,0.248233,1.139590,0,0,0.000000,0.000000,9,11,-1,0,,106296
1788458903.569214,37.966753,tx,-1,0.000000,0.000000,0.000000,0.000000,,,,,,,,,,,,,,,,,aa5501090000000000000000004829,106440
1788458903.623194,38.020727,rx,-1,0.000000,0.000000,0.000000,0.000000,1465,36651,25004,0.000000,0.000000,0.648186,0.248233,1.139590,0,0,0.000000,0.000000,9,11,-1,0,,106440
1788458903.625196,38.022734,rx,-1,0.000000,0.000000,0.000000,0.000000,1466,36675,25008,0.000000,0.000000,0.648186,0.248233,1.139590,0,0,0.000000,0.000000,9,11,-1,0,,106440
1788458903.625220,38.022759,tx,-1,0.000000,0.000000,0.000000,0.000000,,,,,,,,,,,,,,,,,aa5501090000000000000000004829,106584
1788458903.673444,38.070973,rx,-1,0.000000,0.000000,0.000000,0.000000,1467,36701,25012,0.000000,0.000000,0.648186,0.248233,1.139590,0,0,0.000000,0.000000,9,11,-1,0,,106584
1788458903.673659,38.071194,rx,-1,0.000000,0.000000,0.000000,0.000000,1468,36725,25020,0.000000,0.000000,0.648186,0.248233,1.139590,0,0,0.000000,0.000000,9,11,-1,0,,106584
1788458903.673697,38.071236,tx,-1,0.000000,0.000000,0.000000,0.000000,,,,,,,,,,,,,,,,,aa5501090000000000000000004829,106728
1788458903.728517,38.126034,rx,-1,0.000000,0.000000,0.000000,0.000000,1469,36751,24956,0.000000,0.000000,0.648186,0.248233,1.139590,0,0,0.000000,0.000000,9,11,-1,0,,106728
1788458903.733681,38.131207,rx,-1,0.000000,0.000000,0.000000,0.000000,1470,36775,25028,0.000000,0.000000,0.648186,0.248233,1.139590,0,0,0.000000,0.000000,9,11,-1,0,,106728
1788458903.733806,38.131344,tx,-1,0.000000,0.000000,0.000000,0.000000,,,,,,,,,,,,,,,,,aa5501090000000000000000004829,106872
1788458903.782047,38.179553,rx,-1,0.000000,0.000000,0.000000,0.000000,1471,36800,24992,0.000000,0.000000,0.648186,0.248233,1.139590,0,0,0.000000,0.000000,9,11,-1,0,,106872
1788458903.782432,38.179964,rx,-1,0.000000,0.000000,0.000000,0.000000,1472,36826,24996,0.000000,0.000000,0.648186,0.248233,1.139590,0,0,0.000000,0.000000,9,11,-1,0,,106872
1788458903.782506,38.180044,tx,-1,0.000000,0.000000,0.000000,0.000000,,,,,,,,,,,,,,,,,aa5501090000000000000000004829,107016
1788458903.836388,38.233922,rx,-1,0.000000,0.000000,0.000000,0.000000,1473,36850,24992,0.000000,0.000000,0.648186,0.248233,1.139590,0,0,0.000000,0.000000,9,11,-1,0,,107016
1788458903.838378,38.235916,rx,-1,0.000000,0.000000,0.000000,0.000000,1474,36876,25028,0.000000,0.000000,0.648186,0.248233,1.139590,0,0,0.000000,0.000000,9,11,-1,0,,107016
1788458903.838401,38.235940,tx,-1,0.000000,0.000000,0.000000,0.000000,,,,,,,,,,,,,,,,,aa5501090000000000000000004829,107160
1788458903.891734,38.289260,rx,-1,0.000000,0.000000,0.000000,0.000000,1475,36900,24984,0.000000,0.000000,0.648186,0.248233,1.139590,0,0,0.000000,0.000000,9,11,-1,0,,107160
1788458903.892049,38.289582,rx,-1,0.000000,0.000000,0.000000,0.000000,1476,36926,25024,0.000000,0.000000,0.648186,0.248233,1.139590,0,0,0.000000,0.000000,9,11,-1,0,,107160
1788458903.892133,38.289672,tx,-1,0.000000,0.000000,0.000000,0.000000,,,,,,,,,,,,,,,,,aa5501090000000000000000004829,107368
1788458903.942355,38.339881,rx,-1,0.000000,0.000000,0.000000,0.000000,1477,36951,24992,0.000000,0.000000,0.648186,0.248233,1.139590,0,0,0.000000,0.000000,9,11,-1,0,,107368
1788458903.945958,38.343488,rx,-1,0.000000,0.000000,0.000000,0.000000,1478,36975,25012,0.000000,0.000000,0.648186,0.248233,1.139590,0,0,0.000000,0.000000,9,11,-1,0,,107368
1788458903.946097,38.343636,tx,-1,0.000000,0.000000,0.000000,0.000000,,,,,,,,,,,,,,,,,aa5501090000000000000000004829,107512
1788458903.994120,38.391652,rx,-1,0.000000,0.000000,0.000000,0.000000,1479,37001,24960,0.000000,0.000000,0.648186,0.248233,1.139590,0,0,0.000000,0.000000,9,11,-1,0,,107512
1788458903.994423,38.391959,rx,-1,0.000000,0.000000,0.000000,0.000000,1480,37025,25020,0.000000,0.000000,0.648186,0.248233,1.139590,0,0,0.000000,0.000000,9,11,-1,0,,107512
1788458903.994552,38.392088,rx,-1,0.000000,0.000000,0.000000,0.000000,1481,37051,25004,0.000000,0.000000,0.648186,0.248233,1.139590,0,0,0.000000,0.000000,9,11,-1,0,,107512
1788458903.994578,38.392116,tx,-1,0.000000,0.000000,0.000000,0.000000,,,,,,,,,,,,,,,,,aa5501090000000000000000004829,107719
1788458904.048600,38.446112,rx,-1,0.000000,0.000000,0.000000,0.000000,1482,37075,24996,0.000000,0.000000,0.648186,0.248233,1.139590,0,0,0.000000,0.000000,9,11,-1,0,,107719
1788458904.052216,38.449753,rx,-1,0.000000,0.000000,0.000000,0.000000,1483,37100,25016,0.000000,0.000000,0.648186,0.248233,1.139590,0,0,0.000000,0.000000,9,11,-1,0,,107719
1788458904.052283,38.449823,tx,-1,0.000000,0.000000,0.000000,0.000000,,,,,,,,,,,,,,,,,aa5501090000000000000000004829,107863
1788458904.100861,38.498383,rx,-1,0.000000,0.000000,0.000000,0.000000,1484,37126,24960,0.000000,0.000000,0.648186,0.248233,1.139590,0,0,0.000000,0.000000,9,11,-1,0,,107863
1788458904.101068,38.498606,tx,-1,0.000000,0.000000,0.000000,0.000000,,,,,,,,,,,,,,,,,aa5501090000000000000000004829,107999
1788458904.155430,38.552954,rx,-1,0.000000,0.000000,0.000000,0.000000,1485,37150,25024,0.000000,0.000000,0.648186,0.248233,1.139590,0,0,0.000000,0.000000,9,11,-1,0,,107999
1788458904.159928,38.557457,rx,-1,0.000000,0.000000,0.000000,0.000000,1486,37176,25000,0.000000,0.000000,0.648186,0.248233,1.139590,0,0,0.000000,0.000000,9,11,-1,0,,107999
1788458904.160225,38.557759,rx,-1,0.000000,0.000000,0.000000,0.000000,1487,37200,24980,0.000000,0.000000,0.648186,0.248233,1.139590,0,0,0.000000,0.000000,9,11,-1,0,,107999
1788458904.160263,38.557801,tx,-1,0.000000,0.000000,0.000000,0.000000,,,,,,,,,,,,,,,,,aa5501090000000000000000004829,108151
1788458904.208401,38.605936,rx,-1,0.000000,0.000000,0.000000,0.000000,1488,37226,25020,0.000000,0.000000,0.648186,0.248233,1.139590,0,0,0.000000,0.000000,9,11,-1,0,,108151
1788458904.208590,38.606126,rx,-1,0.000000,0.000000,0.000000,0.000000,1489,37251,25000,0.000000,0.000000,0.648186,0.248233,1.139590,0,0,0.000000,0.000000,9,11,-1,0,,108151
1788458904.208615,38.606154,tx,-1,0.000000,0.000000,0.000000,0.000000,,,,,,,,,,,,,,,,,aa5501090000000000000000004829,108295
1788458904.262728,38.660243,rx,-1,0.000000,0.000000,0.000000,0.000000,1490,37275,25000,0.000000,0.000000,0.648186,0.248233,1.139590,0,0,0.000000,0.000000,9,11,-1,0,,108295
1788458904.267356,38.664884,rx,-1,0.000000,0.000000,0.000000,0.000000,1491,37301,24972,0.000000,0.000000,0.648186,0.248233,1.139590,0,0,0.000000,0.000000,9,11,-1,0,,108295
1788458904.267461,38.664998,tx,-1,0.000000,0.000000,0.000000,0.000000,,,,,,,,,,,,,,,,,aa5501090000000000000000004829,108439
1788458904.315546,38.713067,rx,-1,0.000000,0.000000,0.000000,0.000000,1492,37325,25004,0.000000,0.000000,0.648186,0.248233,1.139590,0,0,0.000000,0.000000,9,11,-1,0,,108439
1788458904.315962,38.713492,rx,-1,0.000000,0.000000,0.000000,0.000000,1493,37351,25016,0.000000,0.000000,0.648186,0.248233,1.139590,0,0,0.000000,0.000000,9,11,-1,0,,108439
1788458904.316026,38.713563,tx,-1,0.000000,0.000000,0.000000,0.000000,,,,,,,,,,,,,,,,,aa5501090000000000000000004829,108583
1788458904.370540,38.768072,rx,-1,0.000000,0.000000,0.000000,0.000000,1494,37376,24984,0.000000,0.000000,0.648186,0.248233,1.139590,0,0,0.000000,0.000000,9,11,-1,0,,108583
1788458904.372562,38.770098,rx,-1,0.000000,0.000000,0.000000,0.000000,1495,37400,25016,0.000000,0.000000,0.648186,0.248233,1.139590,0,0,0.000000,0.000000,9,11,-1,0,,108583
1788458904.372596,38.770135,tx,-1,0.000000,0.000000,0.000000,0.000000,,,,,,,,,,,,,,,,,aa5501090000000000000000004829,108759
1788458904.426371,38.823891,rx,-1,0.000000,0.000000,0.000000,0.000000,1496,37426,25000,0.000000,0.000000,0.648186,0.248233,1.139590,0,0,0.000000,0.000000,9,11,-1,0,,108759
1788458904.426879,38.824407,rx,-1,0.000000,0.000000,0.000000,0.000000,1497,37450,24980,0.000000,0.000000,0.648186,0.248233,1.139590,0,0,0.000000,0.000000,9,11,-1,0,,108759
1788458904.427305,38.824820,rx,-1,0.000000,0.000000,0.000000,0.000000,1498,37476,25036,0.000000,0.000000,0.648186,0.248233,1.139590,0,0,0.000000,0.000000,9,11,-1,0,,108759
1788458904.427382,38.824919,tx,-1,0.000000,0.000000,0.000000,0.000000,,,,,,,,,,,,,,,,,aa5501090000000000000000004829,108943
1788458904.476045,38.873574,rx,-1,0.000000,0.000000,0.000000,0.000000,1499,37500,24992,0.000000,0.000000,0.648186,0.248233,1.139590,0,0,0.000000,0.000000,9,11,-1,0,,108943
1788458904.478209,38.875743,rx,-1,0.000000,0.000000,0.000000,0.000000,1500,37525,24972,0.000000,0.000000,0.648186,0.248233,1.139590,0,0,0.000000,0.000000,9,11,-1,0,,108943
1788458904.478267,38.875806,tx,-1,0.000000,0.000000,0.000000,0.000000,,,,,,,,,,,,,,,,,aa5501090000000000000000004829,109087
1788458904.527276,38.924790,rx,-1,0.000000,0.000000,0.000000,0.000000,1501,37551,25004,0.000000,0.000000,0.648186,0.248233,1.139590,0,0,0.000000,0.000000,9,11,-1,0,,109087
1788458904.527818,38.925345,rx,-1,0.000000,0.000000,0.000000,0.000000,1502,37575,25036,0.000000,0.000000,0.648186,0.248233,1.139590,0,0,0.000000,0.000000,9,11,-1,0,,109087
1788458904.527913,38.925449,tx,-1,0.000000,0.000000,0.000000,0.000000,,,,,,,,,,,,,,,,,aa5501090000000000000000004829,109231
1788458904.582470,38.979988,rx,-1,0.000000,0.000000,0.000000,0.000000,1503,37601,24984,0.000000,0.000000,0.648186,0.248233,1.139590,0,0,0.000000,0.000000,9,11,-1,0,,109231
1788458904.587578,38.985106,rx,-1,0.000000,0.000000,0.000000,0.000000,1504,37625,25004,0.000000,0.000000,0.648186,0.248233,1.139590,0,0,0.000000,0.000000,9,11,-1,0,,109231
1788458904.587694,38.985232,tx,-1,0.000000,0.000000,0.000000,0.000000,,,,,,,,,,,,,,,,,aa5501090000000000000000004829,109375
1788458904.635520,39.033047,rx,-1,0.000000,0.000000,0.000000,0.000000,1505,37651,24972,0.000000,0.000000,0.648186,0.248233,1.139590,0,0,0.000000,0.000000,9,11,-1,0,,109375
1788458904.635727,39.033263,rx,-1,0.000000,0.000000,0.000000,0.000000,1506,37676,25028,0.000000,0.000000,0.648186,0.248233,1.139590,0,0,0.000000,0.000000,9,11,-1,0,,109375
1788458904.635752,39.033290,tx,-1,0.000000,0.000000,0.000000,0.000000,,,,,,,,,,,,,,,,,aa5501090000000000000000004829,109519
1788458904.695537,39.093054,rx,-1,0.000000,0.000000,0.000000,0.000000,1507,37700,25016,0.000000,0.000000,0.648186,0.248233,1.139590,0,0,0.000000,0.000000,9,11,-1,0,,109519
1788458904.704676,39.102205,rx,-1,0.000000,0.000000,0.000000,0.000000,1508,37726,24960,0.000000,0.000000,0.648186,0.248233,1.139590,0,0,0.000000,0.000000,9,11,-1,0,,109519
1788458904.704935,39.102473,tx,-1,0.000000,0.000000,0.000000,0.000000,,,,,,,,,,,,,,,,,aa5501090000000000000000004829,109663
1788458904.740908,39.138437,rx,-1,0.000000,0.000000,0.000000,0.000000,1509,37750,25032,0.000000,0.000000,0.648186,0.248233,1.139590,0,0,0.000000,0.000000,9,11,-1,0,,109663
1788458904.741027,39.138564,rx,-1,0.000000,0.000000,0.000000,0.000000,1510,37776,24988,0.000000,0.000000,0.648186,0.248233,1.139590,0,0,0.000000,0.000000,9,11,-1,0,,109663
1788458904.741044,39.138582,tx,-1,0.000000,0.000000,0.000000,0.000000,,,,,,,,,,,,,,,,,aa5501090000000000000000004829,109807
1788458904.793687,39.191218,rx,-1,0.000000,0.000000,0.000000,0.000000,1511,37800,24992,0.000000,0.000000,0.648186,0.248233,1.139590,0,0,0.000000,0.000000,9,11,-1,0,,109807
1788458904.793787,39.191324,rx,-1,0.000000,0.000000,0.000000,0.000000,1512,37825,25020,0.000000,0.000000,0.648186,0.248233,1.139590,0,0,0.000000,0.000000,9,11,-1,0,,109807
1788458904.793800,39.191339,tx,-1,0.000000,0.000000,0.000000,0.000000,,,,,,,,,,,,,,,,,aa5501090000000000000000004829,109951
1788458904.847213,39.244746,rx,-1,0.000000,0.000000,0.000000,0.000000,1513,37851,25004,0.000000,0.000000,0.648186,0.248233,1.139590,0,0,0.000000,0.000000,9,11,-1,0,,109951
1788458904.849428,39.246963,rx,-1,0.000000,0.000000,0.000000,0.000000,1514,37875,24984,0.000000,0.000000,0.648186,0.248233,1.139590,0,0,0.000000,0.000000,9,11,-1,0,,109951
1788458904.849463,39.247001,tx,-1,0.000000,0.000000,0.000000,0.000000,,,,,,,,,,,,,,,,,aa5501090000000000000000004829,110095
1788458904.897801,39.295328,rx,-1,0.000000,0.000000,0.000000,0.000000,1515,37901,24980,0.000000,0.000000,0.648186,0.248233,1.139590,0,0,0.000000,0.000000,9,11,-1,0,,110095
1788458904.898035,39.295569,rx,-1,0.000000,0.000000,0.000000,0.000000,1516,37925,25012,0.000000,0.000000,0.648186,0.248233,1.139590,0,0,0.000000,0.000000,9,11,-1,0,,110095
1788458904.898075,39.295612,tx,-1,0.000000,0.000000,0.000000,0.000000,,,,,,,,,,,,,,,,,aa5501090000000000000000004829,110239
1788458904.951326,39.348852,rx,-1,0.000000,0.000000,0.000000,0.000000,1517,37951,25008,0.000000,0.000000,0.648186,0.248233,1.139590,0,0,0.000000,0.000000,9,11,-1,0,,110239
1788458904.954684,39.352216,rx,-1,0.000000,0.000000,0.000000,0.000000,1518,37976,24996,0.000000,0.000000,0.648186,0.248233,1.139590,0,0,0.000000,0.000000,9,11,-1,0,,110239
1788458904.954779,39.352317,tx,-1,0.000000,0.000000,0.000000,0.000000,,,,,,,,,,,,,,,,,aa5501090000000000000000004829,110415
1788458905.003498,39.401015,rx,-1,0.000000,0.000000,0.000000,0.000000,1519,38000,25000,0.000000,0.000000,0.648186,0.248233,1.139590,0,0,0.000000,0.000000,9,11,-1,0,,110415
1788458905.004262,39.401788,rx,-1,0.000000,0.000000,0.000000,0.000000,1520,38026,25020,0.000000,0.000000,0.648186,0.248233,1.139590,0,0,0.000000,0.000000,9,11,-1,0,,110415
1788458905.004412,39.401948,tx,-1,0.000000,0.000000,0.000000,0.000000,,,,,,,,,,,,,,,,,aa5501090000000000000000004829,110646
1788458905.053269,39.450798,rx,-1,0.000000,0.000000,0.000000,0.000000,1521,38050,24968,0.000000,0.000000,0.648186,0.248233,1.139590,0,0,0.000000,0.000000,9,11,-1,0,,110646
1788458905.056086,39.453617,rx,-1,0.000000,0.000000,0.000000,0.000000,1522,38076,25012,0.000000,0.000000,0.648186,0.248233,1.139590,0,0,0.000000,0.000000,9,11,-1,0,,110646
1788458905.056186,39.453724,tx,-1,0.000000,0.000000,0.000000,0.000000,,,,,,,,,,,,,,,,,aa5501090000000000000000004829,110758
1788458905.104403,39.501918,rx,-1,0.000000,0.000000,0.000000,0.000000,1523,38100,24980,0.000000,0.000000,0.648186,0.248233,1.139590,0,0,0.000000,0.000000,9,11,-1,0,,110758
1788458905.105011,39.502534,rx,-1,0.000000,0.000000,0.000000,0.000000,1524,38125,25024,0.000000,0.000000,0.648186,0.248233,1.139590,0,0,0.000000,0.000000,9,11,-1,0,,110758
1788458905.105174,39.502711,tx,-1,0.000000,0.000000,0.000000,0.000000,,,,,,,,,,,,,,,,,aa5501090000000000000000004829,110902
1788458905.154517,39.552032,rx,-1,0.000000,0.000000,0.000000,0.000000,1525,38151,24996,0.000000,0.000000,0.648186,0.248233,1.139590,0,0,0.000000,0.000000,9,11,-1,0,,110902
1788458905.159212,39.556740,rx,-1,0.000000,0.000000,0.000000,0.000000,1526,38175,24988,0.000000,0.000000,0.648186,0.248233,1.139590,0,0,0.000000,0.000000,9,11,-1,0,,110902
1788458905.159323,39.556860,tx,-1,0.000000,0.000000,0.000000,0.000000,,,,,,,,,,,,,,,,,aa5501090000000000000000004829,111046
1788458905.208125,39.605651,rx,-1,0.000000,0.000000,0.000000,0.000000,1527,38201,25028,0.000000,0.000000,0.648186,0.248233,1.139590,0,0,0.000000,0.000000,9,11,-1,0,,111046
1788458905.208344,39.605879,rx,-1,0.000000,0.000000,0.000000,0.000000,1528,38225,24960,0.000000,0.000000,0.648186,0.248233,1.139590,0,0,0.000000,0.000000,9,11,-1,0,,111046
1788458905.208464,39.606000,rx,-1,0.000000,0.000000,0.000000,0.000000,1529,38250,25016,0.000000,0.000000,0.648186,0.248233,1.139590,0,0,0.000000,0.000000,9,11,-1,0,,111046
1788458905.208489,39.606027,tx,-1,0.000000,0.000000,0.000000,0.000000,,,,,,,,,,,,,,,,,aa5501090000000000000000004829,111230
1788458905.263220,39.660736,rx,-1,0.000000,0.000000,0.000000,0.000000,1530,38276,24996,0.000000,0.000000,0.648186,0.248233,1.139590,0,0,0.000000,0.000000,9,11,-1,0,,111230
1788458905.268216,39.665744,rx,-1,0.000000,0.000000,0.000000,0.000000,1531,38300,24996,0.000000,0.000000,0.648186,0.248233,1.139590,0,0,0.000000,0.000000,9,11,-1,0,,111230
1788458905.268319,39.665856,tx,-1,0.000000,0.000000,0.000000,0.000000,,,,,,,,,,,,,,,,,aa5501090000000000000000004829,111374
1788458905.316832,39.714346,rx,-1,0.000000,0.000000,0.000000,0.000000,1532,38326,25024,0.000000,0.000000,0.648186,0.248233,1.139590,0,0,0.000000,0.000000,9,11,-1,0,,111374
1788458905.317165,39.714698,rx,-1,0.000000,0.000000,0.000000,0.000000,1533,38350,25012,0.000000,0.000000,0.648186,0.248233,1.139590,0,0,0.000000,0.000000,9,11,-1,0,,111374
1788458905.317209,39.714746,tx,-1,0.000000,0.000000,0.000000,0.000000,,,,,,,,,,,,,,,,,aa5501090000000000000000004829,111518
1788458905.371327,39.768853,rx,-1,0.000000,0.000000,0.000000,0.000000,1534,38376,24964,0.000000,0.000000,0.648186,0.248233,1.139590,0,0,0.000000,0.000000,9,11,-1,0,,111518
1788458905.374415,39.771931,rx,-1,0.000000,0.000000,0.000000,0.000000,1535,38401,25032,0.000000,0.000000,0.648186,0.248233,1.139590,0,0,0.000000,0.000000,9,11,-1,0,,111518
1788458905.374575,39.772111,tx,-1,0.000000,0.000000,0.000000,0.000000,,,,,,,,,,,,,,,,,aa5501090000000000000000004829,111662
1788458905.423710,39.821229,rx,-1,0.000000,0.000000,0.000000,0.000000,1536,38425,24972,0.000000,0.000000,0.648186,0.248233,1.139590,0,0,0.000000,0.000000,9,11,-1,0,,111662
1788458905.424229,39.821755,rx,-1,0.000000,0.000000,0.000000,0.000000,1537,38451,25000,0.000000,0.000000,0.648186,0.248233,1.139590,0,0,0.000000,0.000000,9,11,-1,0,,111662
1788458905.424309,39.821845,tx,-1,0.000000,0.000000,0.000000,0.000000,,,,,,,,,,,,,,,,,aa5501090000000000000000004829,111806
1788458905.479415,39.876931,rx,-1,0.000000,0.000000,0.000000,0.000000,1538,38475,24988,0.000000,0.000000,0.648186,0.248233,1.139590,0,0,0.000000,0.000000,9,11,-1,0,,111806
1788458905.483643,39.881170,rx,-1,0.000000,0.000000,0.000000,0.000000,1539,38501,25032,0.000000,0.000000,0.648186,0.248233,1.139590,0,0,0.000000,0.000000,9,11,-1,0,,111806
1788458905.483742,39.881279,tx,-1,0.000000,0.000000,0.000000,0.000000,,,,,,,,,,,,,,,,,aa5501090000000000000000004829,111950
1788458905.533047,39.930561,rx,-1,0.000000,0.000000,0.000000,0.000000,1540,38525,24992,0.000000,0.000000,0.648186,0.248233,1.139590,0,0,0.000000,0.000000,9,11,-1,0,,111950
1788458905.533540,39.931067,rx,-1,0.000000,0.000000,0.000000,0.000000,1541,38550,24984,0.000000,0.000000,0.648186,0.248233,1.139590,0,0,0.000000,0.000000,9,11,-1,0,,111950
1788458905.533638,39.931173,tx,-1,0.000000,0.000000,0.000000,0.000000,,,,,,,,,,,,,,,,,aa5501090000000000000000004829,112126
1788458905.588240,39.985761,rx,-1,0.000000,0.000000,0.000000,0.000000,1542,38576,25032,0.000000,0.000000,0.648186,0.248233,1.139590,0,0,0.000000,0.000000,9,11,-1,0,,112126
1788458905.592951,39.990479,rx,-1,0.000000,0.000000,0.000000,0.000000,1543,38600,25000,0.000000,0.000000,0.648186,0.248233,1.139590,0,0,0.000000,0.000000,9,11,-1,0,,112126
1788458905.593182,39.990717,rx,-1,0.000000,0.000000,0.000000,0.000000,1544,38626,24972,0.000000,0.000000,0.648186,0.248233,1.139590,0,0,0.000000,0.000000,9,11,-1,0,,112126
1788458905.593217,39.990754,tx,-1,0.000000,0.000000,0.000000,0.000000,,,,,,,,,,,,,,,,,aa5501090000000000000000004829,112310
1788458905.641938,40.039470,rx,-1,0.000000,0.000000,0.000000,0.000000,1545,38650,25016,0.000000,0.000000,0.648186,0.248233,1.139590,0,0,0.000000,0.000000,9,11,-1,0,,112310
1788458905.642062,40.039598,rx,-1,0.000000,0.000000,0.000000,0.000000,1546,38676,25000,0.000000,0.000000,0.648186,0.248233,1.139590,0,0,0.000000,0.000000,9,11,-1,0,,112310
1788458905.642081,40.039619,tx,-1,0.000000,0.000000,0.000000,0.000000,,,,,,,,,,,,,,,,,aa5501090000000000000000004829,112454
1788458905.696305,40.093833,rx,-1,0.000000,0.000000,0.000000,0.000000,1547,38701,24996,0.000000,0.000000,0.648186,0.248233,1.139590,0,0,0.000000,0.000000,9,11,-1,0,,112454
1788458905.698586,40.096119,rx,-1,0.000000,0.000000,0.000000,0.000000,1548,38725,25000,0.000000,0.000000,0.648186,0.248233,1.139590,0,0,0.000000,0.000000,9,11,-1,0,,112454
1788458905.698625,40.096162,tx,-1,0.000000,0.000000,0.000000,0.000000,,,,,,,,,,,,,,,,,aa5501090000000000000000004829,112598
1788458905.751693,40.149226,rx,-1,0.000000,0.000000,0.000000,0.000000,1549,38751,25012,0.000000,0.000000,0.648186,0.248233,1.139590,0,0,0.000000,0.000000,9,11,-1,0,,112598
1788458905.751789,40.149325,rx,-1,0.000000,0.000000,0.000000,0.000000,1550,38775,24972,0.000000,0.000000,0.648186,0.248233,1.139590,0,0,0.000000,0.000000,9,11,-1,0,,112598
1788458905.751802,40.149339,tx,-1,0.000000,0.000000,0.000000,0.000000,,,,,,,,,,,,,,,,,aa5501090000000000000000004829,112742
1788458905.805253,40.202787,rx,-1,0.000000,0.000000,0.000000,0.000000,1551,38801,25000,0.000000,0.000000,0.648186,0.248233,1.139590,0,0,0.000000,0.000000,9,11,-1,0,,112742
1788458905.807363,40.204898,rx,-1,0.000000,0.000000,0.000000,0.000000,1552,38825,25036,0.000000,0.000000,0.648186,0.248233,1.139590,0,0,0.000000,0.000000,9,11,-1,0,,112742
1788458905.807389,40.204927,tx,-1,0.000000,0.000000,0.000000,0.000000,,,,,,,,,,,,,,,,,aa5501090000000000000000004829,112886
1788458905.855356,40.252890,rx,-1,0.000000,0.000000,0.000000,0.000000,1553,38850,25000,0.000000,0.000000,0.648186,0.248233,1.139590,0,0,0.000000,0.000000,9,11,-1,0,,112886
1788458905.855477,40.253013,rx,-1,0.000000,0.000000,0.000000,0.000000,1554,38876,24984,0.000000,0.000000,0.648186,0.248233,1.139590,0,0,0.000000,0.000000,9,11,-1,0,,112886
1788458905.855496,40.253033,tx,-1,0.000000,0.000000,0.000000,0.000000,,,,,,,,,,,,,,,,,aa5501090000000000000000004829,113030
1788458905.908763,40.306297,rx,-1,0.000000,0.000000,0.000000,0.000000,1555,38900,25000,0.000000,0.000000,0.648186,0.248233,1.139590,0,0,0.000000,0.000000,9,11,-1,0,,113030
1788458905.910824,40.308360,rx,-1,0.000000,0.000000,0.000000,0.000000,1556,38926,24980,0.000000,0.000000,0.648186,0.248233,1.139590,0,0,0.000000,0.000000,9,11,-1,0,,113030
1788458905.910856,40.308394,tx,-1,0.000000,0.000000,0.000000,0.000000,,,,,,,,,,,,,,,,,aa5501090000000000000000004829,113174
1788458905.959108,40.356636,rx,-1,0.000000,0.000000,0.000000,0.000000,1557,38950,24996,0.000000,0.000000,0.648186,0.248233,1.139590,0,0,0.000000,0.000000,9,11,-1,0,,113174
1788458905.959297,40.356831,rx,-1,0.000000,0.000000,0.000000,0.000000,1558,38976,25024,0.000000,0.000000,0.648186,0.248233,1.139590,0,0,0.000000,0.000000,9,11,-1,0,,113174
1788458905.959332,40.356869,tx,-1,0.000000,0.000000,0.000000,0.000000,,,,,,,,,,,,,,,,,aa5501090000000000000000004829,113318
1788458906.012568,40.410087,rx,-1,0.000000,0.000000,0.000000,0.000000,1559,39001,24984,0.000000,0.000000,0.648186,0.248233,1.139590,0,0,0.000000,0.000000,9,11,-1,0,,113318
1788458906.015983,40.413497,rx,-1,0.000000,0.000000,0.000000,0.000000,1560,39025,25012,0.000000,0.000000,0.648186,0.248233,1.139590,0,0,0.000000,0.000000,9,11,-1,0,,113318
1788458906.016112,40.413649,tx,-1,0.000000,0.000000,0.000000,0.000000,,,,,,,,,,,,,,,,,aa5501090000000000000000004829,113549
1788458906.064342,40.461867,rx,-1,0.000000,0.000000,0.000000,0.000000,1561,39051,25008,0.000000,0.000000,0.648186,0.248233,1.139590,0,0,0.000000,0.000000,9,11,-1,0,,113549
1788458906.064668,40.462198,rx,-1,0.000000,0.000000,0.000000,0.000000,1562,39075,24976,0.000000,0.000000,0.648186,0.248233,1.139590,0,0,0.000000,0.000000,9,11,-1,0,,113549
1788458906.064765,40.462301,tx,-1,0.000000,0.000000,0.000000,0.000000,,,,,,,,,,,,,,,,,aa5501090000000000000000004829,113693
1788458906.119169,40.516688,rx,-1,0.000000,0.000000,0.000000,0.000000,1563,39101,24992,0.000000,0.000000,0.648186,0.248233,1.139590,0,0,0.000000,0.000000,9,11,-1,0,,113693
1788458906.121398,40.518931,rx,-1,0.000000,0.000000,0.000000,0.000000,1564,39126,25044,0.000000,0.000000,0.648186,0.248233,1.139590,0,0,0.000000,0.000000,9,11,-1,0,,113693
1788458906.121503,40.519039,rx,-1,0.000000,0.000000,0.000000,0.000000,1565,39150,24976,0.000000,0.000000,0.648186,0.248233,1.139590,0,0,0.000000,0.000000,9,11,-1,0,,113693
1788458906.121523,40.519060,tx,-1,0.000000,0.000000,0.000000,0.000000,,,,,,,,,,,,,,,,,aa5501090000000000000000004829,113877
1788458906.169630,40.567163,rx,-1,0.000000,0.000000,0.000000,0.000000,1566,39176,24992,0.000000,0.000000,0.648186,0.248233,1.139590,0,0,0.000000,0.000000,9,11,-1,0,,113877
1788458906.169752,40.567287,rx,-1,0.000000,0.000000,0.000000,0.000000,1567,39200,25028,0.000000,0.000000,0.648186,0.248233,1.139590,0,0,0.000000,0.000000,9,11,-1,0,,113877
1788458906.169769,40.567306,tx,-1,0.000000,0.000000,0.000000,0.000000,,,,,,,,,,,,,,,,,aa5501090000000000000000004829,114021
1788458906.223235,40.620767,rx,-1,0.000000,0.000000,0.000000,0.000000,1568,39226,24988,0.000000,0.000000,0.648186,0.248233,1.139590,0,0,0.000000,0.000000,9,11,-1,0,,114021
1788458906.225799,40.623333,rx,-1,0.000000,0.000000,0.000000,0.000000,1569,39250,24996,0.000000,0.000000,0.648186,0.248233,1.139590,0,0,0.000000,0.000000,9,11,-1,0,,114021
1788458906.225829,40.623366,tx,-1,0.000000,0.000000,0.000000,0.000000,,,,,,,,,,,,,,,,,aa5501090000000000000000004829,114165
1788458906.273407,40.670937,rx,-1,0.000000,0.000000,0.000000,0.000000,1570,39275,24976,0.000000,0.000000,0.648186,0.248233,1.139590,0,0,0.000000,0.000000,9,11,-1,0,,114165
1788458906.273574,40.671110,rx,-1,0.000000,0.000000,0.000000,0.000000,1571,39301,25032,0.000000,0.000000,0.648186,0.248233,1.139590,0,0,0.000000,0.000000,9,11,-1,0,,114165
1788458906.273595,40.671132,tx,-1,0.000000,0.000000,0.000000,0.000000,,,,,,,,,,,,,,,,,aa5501090000000000000000004829,114309
1788458906.326723,40.724255,rx,-1,0.000000,0.000000,0.000000,0.000000,1572,39325,25012,0.000000,0.000000,0.648186,0.248233,1.139590,0,0,0.000000,0.000000,9,11,-1,0,,114309
1788458906.328901,40.726434,rx,-1,0.000000,0.000000,0.000000,0.000000,1573,39351,24968,0.000000,0.000000,0.648186,0.248233,1.139590,0,0,0.000000,0.000000,9,11,-1,0,,114309
1788458906.328956,40.726492,tx,-1,0.000000,0.000000,0.000000,0.000000,,,,,,,,,,,,,,,,,aa5501090000000000000000004829,114453
1788458906.382055,40.779587,rx,-1,0.000000,0.000000,0.000000,0.000000,1574,39375,25032,0.000000,0.000000,0.648186,0.248233,1.139590,0,0,0.000000,0.000000,9,11,-1,0,,114453
1788458906.382156,40.779692,rx,-1,0.000000,0.000000,0.000000,0.000000,1575,39401,24956,0.000000,0.000000,0.648186,0.248233,1.139590,0,0,0.000000,0.000000,9,11,-1,0,,114453
1788458906.382169,40.779706,tx,-1,0.000000,0.000000,0.000000,0.000000,,,,,,,,,,,,,,,,,aa5501090000000000000000004829,114597
1788458906.434574,40.832108,rx,-1,0.000000,0.000000,0.000000,0.000000,1576,39426,25020,0.000000,0.000000,0.648186,0.248233,1.139590,0,0,0.000000,0.000000,9,11,-1,0,,114597
1788458906.436681,40.834215,rx,-1,0.000000,0.000000,0.000000,0.000000,1577,39450,24992,0.000000,0.000000,0.648186,0.248233,1.139590,0,0,0.000000,0.000000,9,11,-1,0,,114597
1788458906.436706,40.834243,tx,-1,0.000000,0.000000,0.000000,0.000000,,,,,,,,,,,,,,,,,aa5501090000000000000000004829,114741
1788458906.489997,40.887530,rx,-1,0.000000,0.000000,0.000000,0.000000,1578,39476,25000,0.000000,0.000000,0.648186,0.248233,1.139590,0,0,0.000000,0.000000,9,11,-1,0,,114741
1788458906.490109,40.887645,rx,-1,0.000000,0.000000,0.000000,0.000000,1579,39500,25020,0.000000,0.000000,0.648186,0.248233,1.139590,0,0,0.000000,0.000000,9,11,-1,0,,114741
1788458906.490126,40.887662,tx,-1,0.000000,0.000000,0.000000,0.000000,,,,,,,,,,,,,,,,,aa5501090000000000000000004829,114885
1788458906.543896,40.941430,rx,-1,0.000000,0.000000,0.000000,0.000000,1580,39526,24980,0.000000,0.000000,0.648186,0.248233,1.139590,0,0,0.000000,0.000000,9,11,-1,0,,114885
1788458906.546194,40.943730,rx,-1,0.000000,0.000000,0.000000,0.000000,1581,39550,25004,0.000000,0.000000,0.648186,0.248233,1.139590,0,0,0.000000,0.000000,9,11,-1,0,,114885
1788458906.546224,40.943761,tx,-1,0.000000,0.000000,0.000000,0.000000,,,,,,,,,,,,,,,,,aa5501090000000000000000004829,115061
1788458906.599504,40.997029,rx,-1,0.000000,0.000000,0.000000,0.000000,1582,39575,25016,0.000000,0.000000,0.648186,0.248233,1.139590,0,0,0.000000,0.000000,9,11,-1,0,,115061
1788458906.599743,40.997276,rx,-1,0.000000,0.000000,0.000000,0.000000,1583,39601,24992,0.000000,0.000000,0.648186,0.248233,1.139590,0,0,0.000000,0.000000,9,11,-1,0,,115061
1788458906.599900,40.997434,rx,-1,0.000000,0.000000,0.000000,0.000000,1584,39625,24988,0.000000,0.000000,0.648186,0.248233,1.139590,0,0,0.000000,0.000000,9,11,-1,0,,115061
1788458906.599931,40.997467,tx,-1,0.000000,0.000000,0.000000,0.000000,,,,,,,,,,,,,,,,,aa5501090000000000000000004829,115245
1788458906.654282,41.051812,rx,-1,0.000000,0.000000,0.000000,0.000000,1585,39651,25028,0.000000,0.000000,0.648186,0.248233,1.139590,0,0,0.000000,0.000000,9,11,-1,0,,115245
1788458906.656351,41.053885,rx,-1,0.000000,0.000000,0.000000,0.000000,1586,39675,25004,0.000000,0.000000,0.648186,0.248233,1.139590,0,0,0.000000,0.000000,9,11,-1,0,,115245
1788458906.656375,41.053912,tx,-1,0.000000,0.000000,0.000000,0.000000,,,,,,,,,,,,,,,,,aa5501090000000000000000004829,115389
1788458906.705651,41.103161,rx,-1,0.000000,0.000000,0.000000,0.000000,1587,39701,24972,0.000000,0.000000,0.648186,0.248233,1.139590,0,0,0.000000,0.000000,9,11,-1,0,,115389
1788458906.706170,41.103696,rx,-1,0.000000,0.000000,0.000000,0.000000,1588,39726,25004,0.000000,0.000000,0.648186,0.248233,1.139590,0,0,0.000000,0.000000,9,11,-1,0,,115389
1788458906.706255,41.103790,tx,-1,0.000000,0.000000,0.000000,0.000000,,,,,,,,,,,,,,,,,aa5501090000000000000000004829,115533
1788458906.765313,41.162842,rx,-1,0.000000,0.000000,0.000000,0.000000,1589,39750,25012,0.000000,0.000000,0.648186,0.248233,1.139590,0,0,0.000000,0.000000,9,11,-1,0,,115533
1788458906.767758,41.165291,rx,-1,0.000000,0.000000,0.000000,0.000000,1590,39776,24992,0.000000,0.000000,0.648186,0.248233,1.139590,0,0,0.000000,0.000000,9,11,-1,0,,115533
1788458906.767800,41.165337,tx,-1,0.000000,0.000000,0.000000,0.000000,,,,,,,,,,,,,,,,,aa5501090000000000000000004829,115677
1788458906.819973,41.217502,rx,-1,0.000000,0.000000,0.000000,0.000000,1591,39800,24980,0.000000,0.000000,0.648186,0.248233,1.139590,0,0,0.000000,0.000000,9,11,-1,0,,115677
1788458906.820084,41.217619,rx,-1,0.000000,0.000000,0.000000,0.000000,1592,39826,24996,0.000000,0.000000,0.648186,0.248233,1.139590,0,0,0.000000,0.000000,9,11,-1,0,,115677
1788458906.820100,41.217636,tx,-1,0.000000,0.000000,0.000000,0.000000,,,,,,,,,,,,,,,,,aa5501090000000000000000004829,115821
1788458906.873332,41.270863,rx,-1,0.000000,0.000000,0.000000,0.000000,1593,39851,25040,0.000000,0.000000,0.648186,0.248233,1.139590,0,0,0.000000,0.000000,9,11,-1,0,,115821
1788458906.876020,41.273552,rx,-1,0.000000,0.000000,0.000000,0.000000,1594,39875,24980,0.000000,0.000000,0.648186,0.248233,1.139590,0,0,0.000000,0.000000,9,11,-1,0,,115821
1788458906.876079,41.273615,tx,-1,0.000000,0.000000,0.000000,0.000000,,,,,,,,,,,,,,,,,aa5501090000000000000000004829,115997
1788458906.928980,41.326511,rx,-1,0.000000,0.000000,0.000000,0.000000,1595,39901,24984,0.000000,0.000000,0.648186,0.248233,1.139590,0,0,0.000000,0.000000,9,11,-1,0,,115997
1788458906.929123,41.326656,rx,-1,0.000000,0.000000,0.000000,0.000000,1596,39925,24996,0.000000,0.000000,0.648186,0.248233,1.139590,0,0,0.000000,0.000000,9,11,-1,0,,115997
1788458906.929215,41.326750,rx,-1,0.000000,0.000000,0.000000,0.000000,1597,39951,25028,0.000000,0.000000,0.648186,0.248233,1.139590,0,0,0.000000,0.000000,9,11,-1,0,,115997
1788458906.929234,41.326770,tx,-1,0.000000,0.000000,0.000000,0.000000,,,,,,,,,,,,,,,,,aa5501090000000000000000004829,116181
1788458906.982000,41.379526,rx,-1,0.000000,0.000000,0.000000,0.000000,1598,39975,25016,0.000000,0.000000,0.648186,0.248233,1.139590,0,0,0.000000,0.000000,9,11,-1,0,,116181
1788458906.984232,41.381763,rx,-1,0.000000,0.000000,0.000000,0.000000,1599,40000,24956,0.000000,0.000000,0.648186,0.248233,1.139590,0,0,0.000000,0.000000,9,11,-1,0,,116181
1788458906.984281,41.381817,tx,-1,0.000000,0.000000,0.000000,0.000000,,,,,,,,,,,,,,,,,aa5501090000000000000000004829,116349
1788458907.032300,41.429831,rx,-1,0.000000,0.000000,0.000000,0.000000,1600,40026,25020,0.000000,0.000000,0.648186,0.248233,1.139590,0,0,0.000000,0.000000,9,11,-1,0,,116349
1788458907.032407,41.429942,rx,-1,0.000000,0.000000,0.000000,0.000000,1601,40050,25000,0.000000,0.000000,0.648186,0.248233,1.139590,0,0,0.000000,0.000000,9,11,-1,0,,116349
1788458907.032423,41.429960,tx,-1,0.000000,0.000000,0.000000,0.000000,,,,,,,,,,,,,,,,,aa5501090000000000000000004829,116524
1788458907.084261,41.481792,rx,-1,0.000000,0.000000,0.000000,0.000000,1602,40076,25004,0.000000,0.000000,0.648186,0.248233,1.139590,0,0,0.000000,0.000000,9,11,-1,0,,116524
1788458907.086420,41.483950,rx,-1,0.000000,0.000000,0.000000,0.000000,1603,40100,25020,0.000000,0.000000,0.648186,0.248233,1.139590,0,0,0.000000,0.000000,9,11,-1,0,,116524
1788458907.086486,41.484021,tx,-1,0.000000,0.000000,0.000000,0.000000,,,,,,,,,,,,,,,,,aa5501090000000000000000004829,116668
1788458907.139372,41.536900,rx,-1,0.000000,0.000000,0.000000,0.000000,1604,40126,24956,0.000000,0.000000,0.648186,0.248233,1.139590,0,0,0.000000,0.000000,9,11,-1,0,,116668
1788458907.139491,41.537026,rx,-1,0.000000,0.000000,0.000000,0.000000,1605,40151,25036,0.000000,0.000000,0.648186,0.248233,1.139590,0,0,0.000000,0.000000,9,11,-1,0,,116668
1788458907.139507,41.537043,tx,-1,0.000000,0.000000,0.000000,0.000000,,,,,,,,,,,,,,,,,aa5501090000000000000000004829,116812
1788458907.193213,41.590744,rx,-1,0.000000,0.000000,0.000000,0.000000,1606,40175,24980,0.000000,0.000000,0.648186,0.248233,1.139590,0,0,0.000000,0.000000,9,11,-1,0,,116812
1788458907.195337,41.592869,rx,-1,0.000000,0.000000,0.000000,0.000000,1607,40201,24988,0.000000,0.000000,0.648186,0.248233,1.139590,0,0,0.000000,0.000000,9,11,-1,0,,116812
1788458907.195386,41.592922,tx,-1,0.000000,0.000000,0.000000,0.000000,,,,,,,,,,,,,,,,,aa5501090000000000000000004829,116956
1788458907.243254,41.640783,rx,-1,0.000000,0.000000,0.000000,0.000000,1608,40225,25044,0.000000,0.000000,0.648186,0.248233,1.139590,0,0,0.000000,0.000000,9,11,-1,0,,116956
1788458907.243413,41.640948,rx,-1,0.000000,0.000000,0.000000,0.000000,1609,40251,24972,0.000000,0.000000,0.648186,0.248233,1.139590,0,0,0.000000,0.000000,9,11,-1,0,,116956
1788458907.243430,41.640966,tx,-1,0.000000,0.000000,0.000000,0.000000,,,,,,,,,,,,,,,,,aa5501090000000000000000004829,117100
1788458907.297070,41.694598,rx,-1,0.000000,0.000000,0.000000,0.000000,1610,40275,25016,0.000000,0.000000,0.648186,0.248233,1.139590,0,0,0.000000,0.000000,9,11,-1,0,,117100
1788458907.299407,41.696939,rx,-1,0.000000,0.000000,0.000000,0.000000,1611,40300,25008,0.000000,0.000000,0.648186,0.248233,1.139590,0,0,0.000000,0.000000,9,11,-1,0,,117100
1788458907.299454,41.696990,tx,-1,0.000000,0.000000,0.000000,0.000000,,,,,,,,,,,,,,,,,aa5501090000000000000000004829,117244
1788458907.352291,41.749823,rx,-1,0.000000,0.000000,0.000000,0.000000,1612,40326,24968,0.000000,0.000000,0.648186,0.248233,1.139590,0,0,0.000000,0.000000,9,11,-1,0,,117244
1788458907.352417,41.749952,rx,-1,0.000000,0.000000,0.000000,0.000000,1613,40350,25004,0.000000,0.000000,0.648186,0.248233,1.139590,0,0,0.000000,0.000000,9,11,-1,0,,117244
1788458907.352439,41.749974,tx,-1,0.000000,0.000000,0.000000,0.000000,,,,,,,,,,,,,,,,,aa5501090000000000000000004829,117420
1788458907.407000,41.804522,rx,-1,0.000000,0.000000,0.000000,0.000000,1614,40376,24988,0.000000,0.000000,0.648186,0.248233,1.139590,0,0,0.000000,0.000000,9,11,-1,0,,117420
1788458907.411138,41.808667,rx,-1,0.000000,0.000000,0.000000,0.000000,1615,40400,25016,0.000000,0.000000,0.648186,0.248233,1.139590,0,0,0.000000,0.000000,9,11,-1,0,,117420
1788458907.411253,41.808789,tx,-1,0.000000,0.000000,0.000000,0.000000,,,,,,,,,,,,,,,,,aa5501090000000000000000004829,117596
1788458907.458898,41.856416,rx,-1,0.000000,0.000000,0.000000,0.000000,1616,40426,25000,0.000000,0.000000,0.648186,0.248233,1.139590,0,0,0.000000,0.000000,9,11,-1,0,,117596
1788458907.459398,41.856924,rx,-1,0.000000,0.000000,0.000000,0.000000,1617,40451,24992,0.000000,0.000000,0.648186,0.248233,1.139590,0,0,0.000000,0.000000,9,11,-1,0,,117596
1788458907.459797,41.857323,rx,-1,0.000000,0.000000,0.000000,0.000000,1618,40475,25024,0.000000,0.000000,0.648186,0.248233,1.139590,0,0,0.000000,0.000000,9,11,-1,0,,117596
1788458907.459866,41.857400,tx,-1,0.000000,0.000000,0.000000,0.000000,,,,,,,,,,,,,,,,,aa5501090000000000000000004829,117748
1788458907.514180,41.911695,rx,-1,0.000000,0.000000,0.000000,0.000000,1619,40501,24996,0.000000,0.000000,0.648186,0.248233,1.139590,0,0,0.000000,0.000000,9,11,-1,0,,117748
1788458907.517381,41.914911,rx,-1,0.000000,0.000000,0.000000,0.000000,1620,40525,24984,0.000000,0.000000,0.648186,0.248233,1.139590,0,0,0.000000,0.000000,9,11,-1,0,,117748
1788458907.517472,41.915008,tx,-1,0.000000,0.000000,0.000000,0.000000,,,,,,,,,,,,,,,,,aa5501090000000000000000004829,117892
1788458907.565505,41.963022,rx,-1,0.000000,0.000000,0.000000,0.000000,1621,40551,24992,0.000000,0.000000,0.648186,0.248233,1.139590,0,0,0.000000,0.000000,9,11,-1,0,,117892
1788458907.566027,41.963551,rx,-1,0.000000,0.000000,0.000000,0.000000,1622,40576,24992,0.000000,0.000000,0.648186,0.248233,1.139590,0,0,0.000000,0.000000,9,11,-1,0,,117892
1788458907.566114,41.963648,tx,-1,0.000000,0.000000,0.000000,0.000000,,,,,,,,,,,,,,,,,aa5501090000000000000000004829,118036
1788458907.620758,42.018272,rx,-1,0.000000,0.000000,0.000000,0.000000,1623,40600,25000,0.000000,0.000000,0.648186,0.248233,1.139590,0,0,0.000000,0.000000,9,11,-1,0,,118036
1788458907.625453,42.022978,rx,-1,0.000000,0.000000,0.000000,0.000000,1624,40626,25044,0.000000,0.000000,0.648186,0.248233,1.139590,0,0,0.000000,0.000000,9,11,-1,0,,118036
1788458907.625567,42.023102,tx,-1,0.000000,0.000000,0.000000,0.000000,,,,,,,,,,,,,,,,,aa5501090000000000000000004829,118180
1788458907.674247,42.071773,rx,-1,0.000000,0.000000,0.000000,0.000000,1625,40650,24976,0.000000,0.000000,0.648186,0.248233,1.139590,0,0,0.000000,0.000000,9,11,-1,0,,118180
1788458907.674901,42.072433,rx,-1,0.000000,0.000000,0.000000,0.000000,1626,40676,24988,0.000000,0.000000,0.648186,0.248233,1.139590,0,0,0.000000,0.000000,9,11,-1,0,,118180
1788458907.674934,42.072470,tx,-1,0.000000,0.000000,0.000000,0.000000,,,,,,,,,,,,,,,,,aa5501090000000000000000004829,118324
1788458907.728936,42.126458,rx,-1,0.000000,0.000000,0.000000,0.000000,1627,40700,25016,0.000000,0.000000,0.648186,0.248233,1.139590,0,0,0.000000,0.000000,9,11,-1,0,,118324
1788458907.732261,42.129786,rx,-1,0.000000,0.000000,0.000000,0.000000,1628,40725,25000,0.000000,0.000000,0.648186,0.248233,1.139590,0,0,0.000000,0.000000,9,11,-1,0,,118324
1788458907.732350,42.129885,tx,-1,0.000000,0.000000,0.000000,0.000000,,,,,,,,,,,,,,,,,aa5501090000000000000000004829,118468
1788458907.780995,42.178518,rx,-1,0.000000,0.000000,0.000000,0.000000,1629,40751,25008,0.000000,0.000000,0.648186,0.248233,1.139590,0,0,0.000000,0.000000,9,11,-1,0,,118468
1788458907.781214,42.178746,rx,-1,0.000000,0.000000,0.000000,0.000000,1630,40775,25008,0.000000,0.000000,0.648186,0.248233,1.139590,0,0,0.000000,0.000000,9,11,-1,0,,118468
1788458907.781249,42.178784,tx,-1,0.000000,0.000000,0.000000,0.000000,,,,,,,,,,,,,,,,,aa5501090000000000000000004829,118612
1788458907.834574,42.232095,rx,-1,0.000000,0.000000,0.000000,0.000000,1631,40801,24988,0.000000,0.000000,0.648186,0.248233,1.139590,0,0,0.000000,0.000000,9,11,-1,0,,118612
1788458907.837832,42.235354,rx,-1,0.000000,0.000000,0.000000,0.000000,1632,40825,24988,0.000000,0.000000,0.648186,0.248233,1.139590,0,0,0.000000,0.000000,9,11,-1,0,,118612
1788458907.837954,42.235489,tx,-1,0.000000,0.000000,0.000000,0.000000,,,,,,,,,,,,,,,,,aa5501090000000000000000004829,118788
1788458907.885404,42.282929,rx,-1,0.000000,0.000000,0.000000,0.000000,1633,40851,24984,0.000000,0.000000,0.648186,0.248233,1.139590,0,0,0.000000,0.000000,9,11,-1,0,,118788
1788458907.885542,42.283076,rx,-1,0.000000,0.000000,0.000000,0.000000,1634,40876,25000,0.000000,0.000000,0.648186,0.248233,1.139590,0,0,0.000000,0.000000,9,11,-1,0,,118788
1788458907.885566,42.283101,tx,-1,0.000000,0.000000,0.000000,0.000000,,,,,,,,,,,,,,,,,aa5501090000000000000000004829,118932
1788458907.940035,42.337555,rx,-1,0.000000,0.000000,0.000000,0.000000,1635,40900,25016,0.000000,0.000000,0.648186,0.248233,1.139590,0,0,0.000000,0.000000,9,11,-1,0,,118932
1788458907.944041,42.341570,rx,-1,0.000000,0.000000,0.000000,0.000000,1636,40926,25004,0.000000,0.000000,0.648186,0.248233,1.139590,0,0,0.000000,0.000000,9,11,-1,0,,118932
1788458907.944252,42.341785,rx,-1,0.000000,0.000000,0.000000,0.000000,1637,40950,25008,0.000000,0.000000,0.648186,0.248233,1.139590,0,0,0.000000,0.000000,9,11,-1,0,,118932
1788458907.944307,42.341842,tx,-1,0.000000,0.000000,0.000000,0.000000,,,,,,,,,,,,,,,,,aa5501090000000000000000004829,119116
1788458907.991881,42.389405,rx,-1,0.000000,0.000000,0.000000,0.000000,1638,40976,25004,0.000000,0.000000,0.648186,0.248233,1.139590,0,0,0.000000,0.000000,9,11,-1,0,,119116
1788458907.992144,42.389676,rx,-1,0.000000,0.000000,0.000000,0.000000,1639,41000,25004,0.000000,0.000000,0.648186,0.248233,1.139590,0,0,0.000000,0.000000,9,11,-1,0,,119116
1788458907.992220,42.389755,tx,-1,0.000000,0.000000,0.000000,0.000000,,,,,,,,,,,,,,,,,aa5501090000000000000000004829,119284
1788458908.046575,42.444103,rx,-1,0.000000,0.000000,0.000000,0.000000,1640,41025,24968,0.000000,0.000000,0.648186,0.248233,1.139590,0,0,0.000000,0.000000,9,11,-1,0,,119284
1788458908.049130,42.446661,rx,-1,0.000000,0.000000,0.000000,0.000000,1641,41051,25024,0.000000,0.000000,0.648186,0.248233,1.139590,0,0,0.000000,0.000000,9,11,-1,0,,119284
1788458908.049171,42.446706,tx,-1,0.000000,0.000000,0.000000,0.000000,,,,,,,,,,,,,,,,,aa5501090000000000000000004829,119459
1788458908.097685,42.495205,rx,-1,0.000000,0.000000,0.000000,0.000000,1642,41075,25000,0.000000,0.000000,0.648186,0.248233,1.139590,0,0,0.000000,0.000000,9,11,-1,0,,119459
1788458908.097927,42.495458,rx,-1,0.000000,0.000000,0.000000,0.000000,1643,41101,24988,0.000000,0.000000,0.648186,0.248233,1.139590,0,0,0.000000,0.000000,9,11,-1,0,,119459
1788458908.097959,42.495494,tx,-1,0.000000,0.000000,0.000000,0.000000,,,,,,,,,,,,,,,,,aa5501090000000000000000004829,119603
1788458908.152702,42.550222,rx,-1,0.000000,0.000000,0.000000,0.000000,1644,41125,24984,0.000000,0.000000,0.648186,0.248233,1.139590,0,0,0.000000,0.000000,9,11,-1,0,,119603
1788458908.156182,42.553712,rx,-1,0.000000,0.000000,0.000000,0.000000,1645,41151,25036,0.000000,0.000000,0.648186,0.248233,1.139590,0,0,0.000000,0.000000,9,11,-1,0,,119603
1788458908.156274,42.553809,tx,-1,0.000000,0.000000,0.000000,0.000000,,,,,,,,,,,,,,,,,aa5501090000000000000000004829,119747
1788458908.205093,42.602610,rx,-1,0.000000,0.000000,0.000000,0.000000,1646,41176,25004,0.000000,0.000000,0.648186,0.248233,1.139590,0,0,0.000000,0.000000,9,11,-1,0,,119747
1788458908.205658,42.603179,rx,-1,0.000000,0.000000,0.000000,0.000000,1647,41200,24964,0.000000,0.000000,0.648186,0.248233,1.139590,0,0,0.000000,0.000000,9,11,-1,0,,119747
1788458908.205768,42.603301,tx,-1,0.000000,0.000000,0.000000,0.000000,,,,,,,,,,,,,,,,,aa5501090000000000000000004829,119891
1788458908.260457,42.657972,rx,-1,0.000000,0.000000,0.000000,0.000000,1648,41226,25004,0.000000,0.000000,0.648186,0.248233,1.139590,0,0,0.000000,0.000000,9,11,-1,0,,119891
1788458908.265367,42.662893,rx,-1,0.000000,0.000000,0.000000,0.000000,1649,41250,25020,0.000000,0.000000,0.648186,0.248233,1.139590,0,0,0.000000,0.000000,9,11,-1,0,,119891
1788458908.265494,42.663028,tx,-1,0.000000,0.000000,0.000000,0.000000,,,,,,,,,,,,,,,,,aa5501090000000000000000004829,120035
1788458908.314358,42.711883,rx,-1,0.000000,0.000000,0.000000,0.000000,1650,41276,24988,0.000000,0.000000,0.648186,0.248233,1.139590,0,0,0.000000,0.000000,9,11,-1,0,,120035
1788458908.314633,42.712165,rx,-1,0.000000,0.000000,0.000000,0.000000,1651,41300,25012,0.000000,0.000000,0.648186,0.248233,1.139590,0,0,0.000000,0.000000,9,11,-1,0,,120035
1788458908.314693,42.712227,tx,-1,0.000000,0.000000,0.000000,0.000000,,,,,,,,,,,,,,,,,aa5501090000000000000000004829,120211
1788458908.367990,42.765505,rx,-1,0.000000,0.000000,0.000000,0.000000,1652,41325,25004,0.000000,0.000000,0.648186,0.248233,1.139590,0,0,0.000000,0.000000,9,11,-1,0,,120211
1788458908.372879,42.770405,rx,-1,0.000000,0.000000,0.000000,0.000000,1653,41351,25012,0.000000,0.000000,0.648186,0.248233,1.139590,0,0,0.000000,0.000000,9,11,-1,0,,120211
1788458908.373038,42.770572,tx,-1,0.000000,0.000000,0.000000,0.000000,,,,,,,,,,,,,,,,,aa5501090000000000000000004829,120387
1788458908.420669,42.818198,rx,-1,0.000000,0.000000,0.000000,0.000000,1654,41375,24996,0.000000,0.000000,0.648186,0.248233,1.139590,0,0,0.000000,0.000000,9,11,-1,0,,120387
1788458908.420796,42.818329,rx,-1,0.000000,0.000000,0.000000,0.000000,1655,41401,24996,0.000000,0.000000,0.648186,0.248233,1.139590,0,0,0.000000,0.000000,9,11,-1,0,,120387
1788458908.420867,42.818400,rx,-1,0.000000,0.000000,0.000000,0.000000,1656,41425,24968,0.000000,0.000000,0.648186,0.248233,1.139590,0,0,0.000000,0.000000,9,11,-1,0,,120387
1788458908.420883,42.818417,tx,-1,0.000000,0.000000,0.000000,0.000000,,,,,,,,,,,,,,,,,aa5501090000000000000000004829,120539
1788458908.474203,42.871732,rx,-1,0.000000,0.000000,0.000000,0.000000,1657,41450,25004,0.000000,0.000000,0.648186,0.248233,1.139590,0,0,0.000000,0.000000,9,11,-1,0,,120539
1788458908.476297,42.873830,rx,-1,0.000000,0.000000,0.000000,0.000000,1658,41476,25032,0.000000,0.000000,0.648186,0.248233,1.139590,0,0,0.000000,0.000000,9,11,-1,0,,120539
1788458908.476327,42.873862,tx,-1,0.000000,0.000000,0.000000,0.000000,,,,,,,,,,,,,,,,,aa5501090000000000000000004829,120683
1788458908.529391,42.926924,rx,-1,0.000000,0.000000,0.000000,0.000000,1659,41500,24984,0.000000,0.000000,0.648186,0.248233,1.139590,0,0,0.000000,0.000000,9,11,-1,0,,120683
1788458908.529478,42.927012,rx,-1,0.000000,0.000000,0.000000,0.000000,1660,41526,25000,0.000000,0.000000,0.648186,0.248233,1.139590,0,0,0.000000,0.000000,9,11,-1,0,,120683
1788458908.529490,42.927025,tx,-1,0.000000,0.000000,0.000000,0.000000,,,,,,,,,,,,,,,,,aa5501090000000000000000004829,120827
1788458908.582784,42.980312,rx,-1,0.000000,0.000000,0.000000,0.000000,1661,41550,24980,0.000000,0.000000,0.648186,0.248233,1.139590,0,0,0.000000,0.000000,9,11,-1,0,,120827
1788458908.584884,42.982413,rx,-1,0.000000,0.000000,0.000000,0.000000,1662,41576,25036,0.000000,0.000000,0.648186,0.248233,1.139590,0,0,0.000000,0.000000,9,11,-1,0,,120827
1788458908.584931,42.982465,tx,-1,0.000000,0.000000,0.000000,0.000000,,,,,,,,,,,,,,,,,aa5501090000000000000000004829,120971
1788458908.636798,43.034323,rx,-1,0.000000,0.000000,0.000000,0.000000,1663,41601,25004,0.000000,0.000000,0.648186,0.248233,1.139590,0,0,0.000000,0.000000,9,11,-1,0,,120971
1788458908.636991,43.034523,rx,-1,0.000000,0.000000,0.000000,0.000000,1664,41625,24964,0.000000,0.000000,0.648186,0.248233,1.139590,0,0,0.000000,0.000000,9,11,-1,0,,120971
1788458908.637013,43.034548,tx,-1,0.000000,0.000000,0.000000,0.000000,,,,,,,,,,,,,,,,,aa5501090000000000000000004829,121115
1788458908.689935,43.087437,rx,-1,0.000000,0.000000,0.000000,0.000000,1665,41651,25008,0.000000,0.000000,0.648186,0.248233,1.139590,0,0,0.000000,0.000000,9,11,-1,0,,121115
1788458908.695194,43.092717,rx,-1,0.000000,0.000000,0.000000,0.000000,1666,41675,25012,0.000000,0.000000,0.648186,0.248233,1.139590,0,0,0.000000,0.000000,9,11,-1,0,,121115
1788458908.695314,43.092848,tx,-1,0.000000,0.000000,0.000000,0.000000,,,,,,,,,,,,,,,,,aa5501090000000000000000004829,121259
1788458908.743984,43.141501,rx,-1,0.000000,0.000000,0.000000,0.000000,1667,41701,25020,0.000000,0.000000,0.648186,0.248233,1.139590,0,0,0.000000,0.000000,9,11,-1,0,,121259
1788458908.744415,43.141942,rx,-1,0.000000,0.000000,0.000000,0.000000,1668,41725,24992,0.000000,0.000000,0.648186,0.248233,1.139590,0,0,0.000000,0.000000,9,11,-1,0,,121259
1788458908.744515,43.142048,tx,-1,0.000000,0.000000,0.000000,0.000000,,,,,,,,,,,,,,,,,aa5501090000000000000000004829,121435
1788458908.799362,43.196876,rx,-1,0.000000,0.000000,0.000000,0.000000,1669,41750,24996,0.000000,0.000000,0.648186,0.248233,1.139590,0,0,0.000000,0.000000,9,11,-1,0,,121435
1788458908.803361,43.200885,rx,-1,0.000000,0.000000,0.000000,0.000000,1670,41776,24988,0.000000,0.000000,0.648186,0.248233,1.139590,0,0,0.000000,0.000000,9,11,-1,0,,121435
1788458908.803594,43.201125,rx,-1,0.000000,0.000000,0.000000,0.000000,1671,41800,25016,0.000000,0.000000,0.648186,0.248233,1.139590,0,0,0.000000,0.000000,9,11,-1,0,,121435
1788458908.803629,43.201164,tx,-1,0.000000,0.000000,0.000000,0.000000,,,,,,,,,,,,,,,,,aa5501090000000000000000004829,121619
1788458908.852692,43.250216,rx,-1,0.000000,0.000000,0.000000,0.000000,1672,41826,24992,0.000000,0.000000,0.648186,0.248233,1.139590,0,0,0.000000,0.000000,9,11,-1,0,,121619
1788458908.852817,43.250351,rx,-1,0.000000,0.000000,0.000000,0.000000,1673,41850,24976,0.000000,0.000000,0.648186,0.248233,1.139590,0,0,0.000000,0.000000,9,11,-1,0,,121619
1788458908.852834,43.250368,tx,-1,0.000000,0.000000,0.000000,0.000000,,,,,,,,,,,,,,,,,aa5501090000000000000000004829,121763
1788458908.904884,43.302414,rx,-1,0.000000,0.000000,0.000000,0.000000,1674,41876,25004,0.000000,0.000000,0.648186,0.248233,1.139590,0,0,0.000000,0.000000,9,11,-1,0,,121763
1788458908.906992,43.304524,rx,-1,0.000000,0.000000,0.000000,0.000000,1675,41901,24988,0.000000,0.000000,0.648186,0.248233,1.139590,0,0,0.000000,0.000000,9,11,-1,0,,121763
1788458908.907020,43.304554,tx,-1,0.000000,0.000000,0.000000,0.000000,,,,,,,,,,,,,,,,,aa5501090000000000000000004829,121907
1788458908.955005,43.352532,rx,-1,0.000000,0.000000,0.000000,0.000000,1676,41925,25016,0.000000,0.000000,0.648186,0.248233,1.139590,0,0,0.000000,0.000000,9,11,-1,0,,121907
1788458908.955130,43.352663,rx,-1,0.000000,0.000000,0.000000,0.000000,1677,41951,25004,0.000000,0.000000,0.648186,0.248233,1.139590,0,0,0.000000,0.000000,9,11,-1,0,,121907
1788458908.955145,43.352679,tx,-1,0.000000,0.000000,0.000000,0.000000,,,,,,,,,,,,,,,,,aa5501090000000000000000004829,122051
1788458909.008369,43.405897,rx,-1,0.000000,0.000000,0.000000,0.000000,1678,41975,25020,0.000000,0.000000,0.648186,0.248233,1.139590,0,0,0.000000,0.000000,9,11,-1,0,,122051
1788458909.010632,43.408162,rx,-1,0.000000,0.000000,0.000000,0.000000,1679,42001,24992,0.000000,0.000000,0.648186,0.248233,1.139590,0,0,0.000000,0.000000,9,11,-1,0,,122051
1788458909.010736,43.408269,tx,-1,0.000000,0.000000,0.000000,0.000000,,,,,,,,,,,,,,,,,aa5501090000000000000000004829,122250
1788458909.064044,43.461572,rx,-1,0.000000,0.000000,0.000000,0.000000,1680,42025,24980,0.000000,0.000000,0.648186,0.248233,1.139590,0,0,0.000000,0.000000,9,11,-1,0,,122250
1788458909.064217,43.461748,rx,-1,0.000000,0.000000,0.000000,0.000000,1681,42050,24996,0.000000,0.000000,0.648186,0.248233,1.139590,0,0,0.000000,0.000000,9,11,-1,0,,122250
1788458909.064241,43.461775,tx,-1,0.000000,0.000000,0.000000,0.000000,,,,,,,,,,,,,,,,,aa5501090000000000000000004829,122394
1788458909.117749,43.515267,rx,-1,0.000000,0.000000,0.000000,0.000000,1682,42076,25036,0.000000,0.000000,0.648186,0.248233,1.139590,0,0,0.000000,0.000000,9,11,-1,0,,122394
1788458909.120825,43.518348,rx,-1,0.000000,0.000000,0.000000,0.000000,1683,42100,24976,0.000000,0.000000,0.648186,0.248233,1.139590,0,0,0.000000,0.000000,9,11,-1,0,,122394
1788458909.120926,43.518460,tx,-1,0.000000,0.000000,0.000000,0.000000,,,,,,,,,,,,,,,,,aa5501090000000000000000004829,122538
1788458909.169130,43.566653,rx,-1,0.000000,0.000000,0.000000,0.000000,1684,42126,25024,0.000000,0.000000,0.648186,0.248233,1.139590,0,0,0.000000,0.000000,9,11,-1,0,,122538
1788458909.169427,43.566956,rx,-1,0.000000,0.000000,0.000000,0.000000,1685,42150,24976,0.000000,0.000000,0.648186,0.248233,1.139590,0,0,0.000000,0.000000,9,11,-1,0,,122538
1788458909.169482,43.567016,tx,-1,0.000000,0.000000,0.000000,0.000000,,,,,,,,,,,,,,,,,aa5501090000000000000000004829,122682
1788458909.224428,43.621939,rx,-1,0.000000,0.000000,0.000000,0.000000,1686,42176,25044,0.000000,0.000000,0.648186,0.248233,1.139590,0,0,0.000000,0.000000,9,11,-1,0,,122682
1788458909.229411,43.626936,rx,-1,0.000000,0.000000,0.000000,0.000000,1687,42201,24948,0.000000,0.000000,0.648186,0.248233,1.139590,0,0,0.000000,0.000000,9,11,-1,0,,122682
1788458909.229523,43.627056,tx,-1,0.000000,0.000000,0.000000,0.000000,,,,,,,,,,,,,,,,,aa5501090000000000000000004829,122858
1788458909.276794,43.674318,rx,-1,0.000000,0.000000,0.000000,0.000000,1688,42225,25012,0.000000,0.000000,0.648186,0.248233,1.139590,0,0,0.000000,0.000000,9,11,-1,0,,122858
1788458909.276923,43.674456,rx,-1,0.000000,0.000000,0.000000,0.000000,1689,42251,25004,0.000000,0.000000,0.648186,0.248233,1.139590,0,0,0.000000,0.000000,9,11,-1,0,,122858
1788458909.276946,43.674481,tx,-1,0.000000,0.000000,0.000000,0.000000,,,,,,,,,,,,,,,,,aa5501090000000000000000004829,123034
1788458909.328113,43.725641,rx,-1,0.000000,0.000000,0.000000,0.000000,1690,42275,24972,0.000000,0.000000,0.648186,0.248233,1.139590,0,0,0.000000,0.000000,9,11,-1,0,,123034
1788458909.330299,43.727828,rx,-1,0.000000,0.000000,0.000000,0.000000,1691,42301,25004,0.000000,0.000000,0.648186,0.248233,1.139590,0,0,0.000000,0.000000,9,11,-1,0,,123034
1788458909.330343,43.727877,tx,-1,0.000000,0.000000,0.000000,0.000000,,,,,,,,,,,,,,,,,aa5501090000000000000000004829,123178
1788458909.382821,43.780348,rx,-1,0.000000,0.000000,0.000000,0.000000,1692,42326,25000,0.000000,0.000000,0.648186,0.248233,1.139590,0,0,0.000000,0.000000,9,11,-1,0,,123178
1788458909.382920,43.780453,rx,-1,0.000000,0.000000,0.000000,0.000000,1693,42350,25012,0.000000,0.000000,0.648186,0.248233,1.139590,0,0,0.000000,0.000000,9,11,-1,0,,123178
1788458909.382971,43.780504,rx,-1,0.000000,0.000000,0.000000,0.000000,1694,42376,25020,0.000000,0.000000,0.648186,0.248233,1.139590,0,0,0.000000,0.000000,9,11,-1,0,,123178
1788458909.382981,43.780515,tx,-1,0.000000,0.000000,0.000000,0.000000,,,,,,,,,,,,,,,,,aa5501090000000000000000004829,123330
1788458909.435412,43.832940,rx,-1,0.000000,0.000000,0.000000,0.000000,1695,42400,24996,0.000000,0.000000,0.648186,0.248233,1.139590,0,0,0.000000,0.000000,9,11,-1,0,,123330
1788458909.437370,43.834902,rx,-1,0.000000,0.000000,0.000000,0.000000,1696,42426,24976,0.000000,0.000000,0.648186,0.248233,1.139590,0,0,0.000000,0.000000,9,11,-1,0,,123330
1788458909.437393,43.834927,tx,-1,0.000000,0.000000,0.000000,0.000000,,,,,,,,,,,,,,,,,aa5501090000000000000000004829,123474
1788458909.490995,43.888526,rx,-1,0.000000,0.000000,0.000000,0.000000,1697,42450,25000,0.000000,0.000000,0.648186,0.248233,1.139590,0,0,0.000000,0.000000,9,11,-1,0,,123474
1788458909.491063,43.888596,rx,-1,0.000000,0.000000,0.000000,0.000000,1698,42475,25032,0.000000,0.000000,0.648186,0.248233,1.139590,0,0,0.000000,0.000000,9,11,-1,0,,123474
1788458909.491072,43.888606,tx,-1,0.000000,0.000000,0.000000,0.000000,,,,,,,,,,,,,,,,,aa5501090000000000000000004829,123618
1788458909.544593,43.942123,rx,-1,0.000000,0.000000,0.000000,0.000000,1699,42501,25000,0.000000,0.000000,0.648186,0.248233,1.139590,0,0,0.000000,0.000000,9,11,-1,0,,123618
1788458909.546816,43.944347,rx,-1,0.000000,0.000000,0.000000,0.000000,1700,42525,24972,0.000000,0.000000,0.648186,0.248233,1.139590,0,0,0.000000,0.000000,9,11,-1,0,,123618
1788458909.546840,43.944374,tx,-1,0.000000,0.000000,0.000000,0.000000,,,,,,,,,,,,,,,,,aa5501090000000000000000004829,123762
1788458909.600052,43.997581,rx,-1,0.000000,0.000000,0.000000,0.000000,1701,42551,25004,0.000000,0.000000,0.648186,0.248233,1.139590,0,0,0.000000,0.000000,9,11,-1,0,,123762
1788458909.600169,43.997702,rx,-1,0.000000,0.000000,0.000000,0.000000,1702,42575,25020,0.000000,0.000000,0.648186,0.248233,1.139590,0,0,0.000000,0.000000,9,11,-1,0,,123762
1788458909.600190,43.997724,tx,-1,0.000000,0.000000,0.000000,0.000000,,,,,,,,,,,,,,,,,aa5501090000000000000000004829,123906
1788458909.653426,44.050952,rx,-1,0.000000,0.000000,0.000000,0.000000,1703,42601,24992,0.000000,0.000000,0.648186,0.248233,1.139590,0,0,0.000000,0.000000,9,11,-1,0,,123906
1788458909.656711,44.054238,rx,-1,0.000000,0.000000,0.000000,0.000000,1704,42626,25016,0.000000,0.000000,0.648186,0.248233,1.139590,0,0,0.000000,0.000000,9,11,-1,0,,123906
1788458909.656797,44.054331,tx,-1,0.000000,0.000000,0.000000,0.000000,,,,,,,,,,,,,,,,,aa5501090000000000000000004829,124082
1788458909.704832,44.102354,rx,-1,0.000000,0.000000,0.000000,0.000000,1705,42650,25004,0.000000,0.000000,0.648186,0.248233,1.139590,0,0,0.000000,0.000000,9,11,-1,0,,124082
1788458909.705127,44.102655,rx,-1,0.000000,0.000000,0.000000,0.000000,1706,42676,24976,0.000000,0.000000,0.648186,0.248233,1.139590,0,0,0.000000,0.000000,9,11,-1,0,,124082
1788458909.705208,44.102741,tx,-1,0.000000,0.000000,0.000000,0.000000,,,,,,,,,,,,,,,,,aa5501090000000000000000004829,124226
1788458909.759970,44.157483,rx,-1,0.000000,0.000000,0.000000,0.000000,1707,42700,24984,0.000000,0.000000,0.648186,0.248233,1.139590,0,0,0.000000,0.000000,9,11,-1,0,,124226
1788458909.763871,44.161395,rx,-1,0.000000,0.000000,0.000000,0.000000,1708,42726,25028,0.000000,0.000000,0.648186,0.248233,1.139590,0,0,0.000000,0.000000,9,11,-1,0,,124226
1788458909.764109,44.161637,rx,-1,0.000000,0.000000,0.000000,0.000000,1709,42750,24988,0.000000,0.000000,0.648186,0.248233,1.139590,0,0,0.000000,0.000000,9,11,-1,0,,124226
1788458909.764147,44.161680,tx,-1,0.000000,0.000000,0.000000,0.000000,,,,,,,,,,,,,,,,,aa5501090000000000000000004829,124410
1788458909.813149,44.210669,rx,-1,0.000000,0.000000,0.000000,0.000000,1710,42775,25004,0.000000,0.000000,0.648186,0.248233,1.139590,0,0,0.000000,0.000000,9,11,-1,0,,124410
1788458909.813421,44.210949,rx,-1,0.000000,0.000000,0.000000,0.000000,1711,42801,24972,0.000000,0.000000,0.648186,0.248233,1.139590,0,0,0.000000,0.000000,9,11,-1,0,,124410
1788458909.813460,44.210993,tx,-1,0.000000,0.000000,0.000000,0.000000,,,,,,,,,,,,,,,,,aa5501090000000000000000004829,124554
1788458909.868539,44.266054,rx,-1,0.000000,0.000000,0.000000,0.000000,1712,42825,25032,0.000000,0.000000,0.648186,0.248233,1.139590,0,0,0.000000,0.000000,9,11,-1,0,,124554
1788458909.873010,44.270531,rx,-1,0.000000,0.000000,0.000000,0.000000,1713,42851,24988,0.000000,0.000000,0.648186,0.248233,1.139590,0,0,0.000000,0.000000,9,11,-1,0,,124554
1788458909.873118,44.270650,tx,-1,0.000000,0.000000,0.000000,0.000000,,,,,,,,,,,,,,,,,aa5501090000000000000000004829,124698
1788458909.921382,44.318896,rx,-1,0.000000,0.000000,0.000000,0.000000,1714,42875,24988,0.000000,0.000000,0.648186,0.248233,1.139590,0,0,0.000000,0.000000,9,11,-1,0,,124698
1788458909.921890,44.319413,rx,-1,0.000000,0.000000,0.000000,0.000000,1715,42901,25032,0.000000,0.000000,0.648186,0.248233,1.139590,0,0,0.000000,0.000000,9,11,-1,0,,124698
1788458909.921960,44.319492,tx,-1,0.000000,0.000000,0.000000,0.000000,,,,,,,,,,,,,,,,,aa5501090000000000000000004829,124842
1788458909.976130,44.373643,rx,-1,0.000000,0.000000,0.000000,0.000000,1716,42926,24968,0.000000,0.000000,0.648186,0.248233,1.139590,0,0,0.000000,0.000000,9,11,-1,0,,124842
1788458909.980352,44.377878,rx,-1,0.000000,0.000000,0.000000,0.000000,1717,42950,25004,0.000000,0.000000,0.648186,0.248233,1.139590,0,0,0.000000,0.000000,9,11,-1,0,,124842
1788458909.980421,44.377954,tx,-1,0.000000,0.000000,0.000000,0.000000,,,,,,,,,,,,,,,,,aa5501090000000000000000004829,124986
1788458910.028368,44.425887,rx,-1,0.000000,0.000000,0.000000,0.000000,1718,42976,25024,0.000000,0.000000,0.648186,0.248233,1.139590,0,0,0.000000,0.000000,9,11,-1,0,,124986
1788458910.028647,44.426175,rx,-1,0.000000,0.000000,0.000000,0.000000,1719,43000,24996,0.000000,0.000000,0.648186,0.248233,1.139590,0,0,0.000000,0.000000,9,11,-1,0,,124986
1788458910.028846,44.426377,tx,-1,0.000000,0.000000,0.000000,0.000000,,,,,,,,,,,,,,,,,aa5501090000000000000000004829,125185
1788458910.082276,44.479786,rx,-1,0.000000,0.000000,0.000000,0.000000,1720,43026,25000,0.000000,0.000000,0.648186,0.248233,1.139590,0,0,0.000000,0.000000,9,11,-1,0,,125185
1788458910.086837,44.484363,rx,-1,0.000000,0.000000,0.000000,0.000000,1721,43051,24992,0.000000,0.000000,0.648186,0.248233,1.139590,0,0,0.000000,0.000000,9,11,-1,0,,125185
1788458910.086956,44.484488,tx,-1,0.000000,0.000000,0.000000,0.000000,,,,,,,,,,,,,,,,,aa5501090000000000000000004829,125329
1788458910.134724,44.532240,rx,-1,0.000000,0.000000,0.000000,0.000000,1722,43075,24992,0.000000,0.000000,0.648186,0.248233,1.139590,0,0,0.000000,0.000000,9,11,-1,0,,125329
1788458910.135062,44.532592,rx,-1,0.000000,0.000000,0.000000,0.000000,1723,43101,24992,0.000000,0.000000,0.648186,0.248233,1.139590,0,0,0.000000,0.000000,9,11,-1,0,,125329
1788458910.135106,44.532639,tx,-1,0.000000,0.000000,0.000000,0.000000,,,,,,,,,,,,,,,,,aa5501090000000000000000004829,125505
1788458910.189513,44.586993,rx,-1,0.000000,0.000000,0.000000,0.000000,1724,43125,25020,0.000000,0.000000,0.648186,0.248233,1.139590,0,0,0.000000,0.000000,9,11,-1,0,,125505
1788458910.194081,44.591606,rx,-1,0.000000,0.000000,0.000000,0.000000,1725,43151,24992,0.000000,0.000000,0.648186,0.248233,1.139590,0,0,0.000000,0.000000,9,11,-1,0,,125505
1788458910.194187,44.591720,tx,-1,0.000000,0.000000,0.000000,0.000000,,,,,,,,,,,,,,,,,aa5501090000000000000000004829,125681
1788458910.241363,44.638872,rx,-1,0.000000,0.000000,0.000000,0.000000,1726,43175,24984,0.000000,0.000000,0.648186,0.248233,1.139590,0,0,0.000000,0.000000,9,11,-1,0,,125681
1788458910.241877,44.639395,rx,-1,0.000000,0.000000,0.000000,0.000000,1727,43200,25000,0.000000,0.000000,0.648186,0.248233,1.139590,0,0,0.000000,0.000000,9,11,-1,0,,125681
1788458910.242325,44.639847,rx,-1,0.000000,0.000000,0.000000,0.000000,1728,43226,25040,0.000000,0.000000,0.648186,0.248233,1.139590,0,0,0.000000,0.000000,9,11,-1,0,,125681
1788458910.242389,44.639920,tx,-1,0.000000,0.000000,0.000000,0.000000,,,,,,,,,,,,,,,,,aa5501090000000000000000004829,125833
1788458910.295729,44.693254,rx,-1,0.000000,0.000000,0.000000,0.000000,1729,43250,24968,0.000000,0.000000,0.648186,0.248233,1.139590,0,0,0.000000,0.000000,9,11,-1,0,,125833
1788458910.298354,44.695879,rx,-1,0.000000,0.000000,0.000000,0.000000,1730,43276,24992,0.000000,0.000000,0.648186,0.248233,1.139590,0,0,0.000000,0.000000,9,11,-1,0,,125833
1788458910.298457,44.695989,tx,-1,0.000000,0.000000,0.000000,0.000000,,,,,,,,,,,,,,,,,aa5501090000000000000000004829,125977
1788458910.347604,44.745116,rx,-1,0.000000,0.000000,0.000000,0.000000,1731,43300,25004,0.000000,0.000000,0.648186,0.248233,1.139590,0,0,0.000000,0.000000,9,11,-1,0,,125977
1788458910.348147,44.745668,rx,-1,0.000000,0.000000,0.000000,0.000000,1732,43326,25012,0.000000,0.000000,0.648186,0.248233,1.139590,0,0,0.000000,0.000000,9,11,-1,0,,125977
1788458910.348237,44.745765,tx,-1,0.000000,0.000000,0.000000,0.000000,,,,,,,,,,,,,,,,,aa5501090000000000000000004829,126121
1788458910.397582,44.795094,rx,-1,0.000000,0.000000,0.000000,0.000000,1733,43351,25008,0.000000,0.000000,0.648186,0.248233,1.139590,0,0,0.000000,0.000000,9,11,-1,0,,126121
1788458910.402503,44.800027,rx,-1,0.000000,0.000000,0.000000,0.000000,1734,43375,24984,0.000000,0.000000,0.648186,0.248233,1.139590,0,0,0.000000,0.000000,9,11,-1,0,,126121
1788458910.402575,44.800107,tx,-1,0.000000,0.000000,0.000000,0.000000,,,,,,,,,,,,,,,,,aa5501090000000000000000004829,126265
1788458910.451405,44.848918,rx,-1,0.000000,0.000000,0.000000,0.000000,1735,43401,24988,0.000000,0.000000,0.648186,0.248233,1.139590,0,0,0.000000,0.000000,9,11,-1,0,,126265
1788458910.451888,44.849410,rx,-1,0.000000,0.000000,0.000000,0.000000,1736,43425,25028,0.000000,0.000000,0.648186,0.248233,1.139590,0,0,0.000000,0.000000,9,11,-1,0,,126265
1788458910.451955,44.849486,tx,-1,0.000000,0.000000,0.000000,0.000000,,,,,,,,,,,,,,,,,aa5501090000000000000000004829,126409
1788458910.507202,44.904715,rx,-1,0.000000,0.000000,0.000000,0.000000,1737,43451,24992,0.000000,0.000000,0.648186,0.248233,1.139590,0,0,0.000000,0.000000,9,11,-1,0,,126409
1788458910.512402,44.909924,rx,-1,0.000000,0.000000,0.000000,0.000000,1738,43475,24980,0.000000,0.000000,0.648186,0.248233,1.139590,0,0,0.000000,0.000000,9,11,-1,0,,126409
1788458910.512494,44.910026,tx,-1,0.000000,0.000000,0.000000,0.000000,,,,,,,,,,,,,,,,,aa5501090000000000000000004829,126553
1788458910.561237,44.958748,rx,-1,0.000000,0.000000,0.000000,0.000000,1739,43500,25000,0.000000,0.000000,0.648186,0.248233,1.139590,0,0,0.000000,0.000000,9,11,-1,0,,126553
1788458910.561726,44.959247,rx,-1,0.000000,0.000000,0.000000,0.000000,1740,43526,25036,0.000000,0.000000,0.648186,0.248233,1.139590,0,0,0.000000,0.000000,9,11,-1,0,,126553
1788458910.561802,44.959333,tx,-1,0.000000,0.000000,0.000000,0.000000,,,,,,,,,,,,,,,,,aa5501090000000000000000004829,126697
1788458910.616384,45.013896,rx,-1,0.000000,0.000000,0.000000,0.000000,1741,43550,24992,0.000000,0.000000,0.648186,0.248233,1.139590,0,0,0.000000,0.000000,9,11,-1,0,,126697
1788458910.619276,45.016802,rx,-1,0.000000,0.000000,0.000000,0.000000,1742,43576,25020,0.000000,0.000000,0.648186,0.248233,1.139590,0,0,0.000000,0.000000,9,11,-1,0,,126697
1788458910.619355,45.016887,tx,-1,0.000000,0.000000,0.000000,0.000000,,,,,,,,,,,,,,,,,aa5501090000000000000000004829,126873
1788458910.667238,45.064767,rx,-1,0.000000,0.000000,0.000000,0.000000,1743,43600,24968,0.000000,0.000000,0.648186,0.248233,1.139590,0,0,0.000000,0.000000,9,11,-1,0,,126873
1788458910.667319,45.064851,rx,-1,0.000000,0.000000,0.000000,0.000000,1744,43626,25016,0.000000,0.000000,0.648186,0.248233,1.139590,0,0,0.000000,0.000000,9,11,-1,0,,126873
1788458910.667335,45.064868,tx,-1,0.000000,0.000000,0.000000,0.000000,,,,,,,,,,,,,,,,,aa5501090000000000000000004829,127017
1788458910.720452,45.117977,rx,-1,0.000000,0.000000,0.000000,0.000000,1745,43651,25000,0.000000,0.000000,0.648186,0.248233,1.139590,0,0,0.000000,0.000000,9,11,-1,0,,127017
1788458910.722460,45.119989,rx,-1,0.000000,0.000000,0.000000,0.000000,1746,43675,24992,0.000000,0.000000,0.648186,0.248233,1.139590,0,0,0.000000,0.000000,9,11,-1,0,,127017
1788458910.722508,45.120041,tx,-1,0.000000,0.000000,0.000000,0.000000,,,,,,,,,,,,,,,,,aa5501090000000000000000004829,127193
1788458910.775521,45.173049,rx,-1,0.000000,0.000000,0.000000,0.000000,1747,43701,25024,0.000000,0.000000,0.648186,0.248233,1.139590,0,0,0.000000,0.000000,9,11,-1,0,,127193
1788458910.775614,45.173145,rx,-1,0.000000,0.000000,0.000000,0.000000,1748,43725,24952,0.000000,0.000000,0.648186,0.248233,1.139590,0,0,0.000000,0.000000,9,11,-1,0,,127193
1788458910.775667,45.173198,rx,-1,0.000000,0.000000,0.000000,0.000000,1749,43751,25016,0.000000,0.000000,0.648186,0.248233,1.139590,0,0,0.000000,0.000000,9,11,-1,0,,127193
1788458910.775681,45.173214,tx,-1,0.000000,0.000000,0.000000,0.000000,,,,,,,,,,,,,,,,,aa5501090000000000000000004829,127345
1788458910.829084,45.226614,rx,-1,0.000000,0.000000,0.000000,0.000000,1750,43776,25000,0.000000,0.000000,0.648186,0.248233,1.139590,0,0,0.000000,0.000000,9,11,-1,0,,127345
1788458910.830937,45.228469,rx,-1,0.000000,0.000000,0.000000,0.000000,1751,43800,24992,0.000000,0.000000,0.648186,0.248233,1.139590,0,0,0.000000,0.000000,9,11,-1,0,,127345
1788458910.830957,45.228490,tx,-1,0.000000,0.000000,0.000000,0.000000,,,,,,,,,,,,,,,,,aa5501090000000000000000004829,127489
1788458910.884103,45.281631,rx,-1,0.000000,0.000000,0.000000,0.000000,1752,43826,25000,0.000000,0.000000,0.648186,0.248233,1.139590,0,0,0.000000,0.000000,9,11,-1,0,,127489
1788458910.884185,45.281717,rx,-1,0.000000,0.000000,0.000000,0.000000,1753,43850,25016,0.000000,0.000000,0.648186,0.248233,1.139590,0,0,0.000000,0.000000,9,11,-1,0,,127489
1788458910.884199,45.281732,tx,-1,0.000000,0.000000,0.000000,0.000000,,,,,,,,,,,,,,,,,aa5501090000000000000000004829,127633
1788458910.936441,45.333970,rx,-1,0.000000,0.000000,0.000000,0.000000,1754,43876,25000,0.000000,0.000000,0.648186,0.248233,1.139590,0,0,0.000000,0.000000,9,11,-1,0,,127633
1788458910.938342,45.335872,rx,-1,0.000000,0.000000,0.000000,0.000000,1755,43900,24980,0.000000,0.000000,0.648186,0.248233,1.139590,0,0,0.000000,0.000000,9,11,-1,0,,127633
1788458910.938368,45.335901,tx,-1,0.000000,0.000000,0.000000,0.000000,,,,,,,,,,,,,,,,,aa5501090000000000000000004829,127777
1788458910.991539,45.389069,rx,-1,0.000000,0.000000,0.000000,0.000000,1756,43925,25020,0.000000,0.000000,0.648186,0.248233,1.139590,0,0,0.000000,0.000000,9,11,-1,0,,127777
1788458910.991651,45.389182,rx,-1,0.000000,0.000000,0.000000,0.000000,1757,43951,25000,0.000000,0.000000,0.648186,0.248233,1.139590,0,0,0.000000,0.000000,9,11,-1,0,,127777
1788458910.991667,45.389200,tx,-1,0.000000,0.000000,0.000000,0.000000,,,,,,,,,,,,,,,,,aa5501090000000000000000004829,127921
1788458911.044834,45.442361,rx,-1,0.000000,0.000000,0.000000,0.000000,1758,43975,24984,0.000000,0.000000,0.648186,0.248233,1.139590,0,0,0.000000,0.000000,9,11,-1,0,,127921
1788458911.047297,45.444828,rx,-1,0.000000,0.000000,0.000000,0.000000,1759,44001,25024,0.000000,0.000000,0.648186,0.248233,1.139590,0,0,0.000000,0.000000,9,11,-1,0,,127921
1788458911.047347,45.444879,tx,-1,0.000000,0.000000,0.000000,0.000000,,,,,,,,,,,,,,,,,aa5501090000000000000000004829,128152
1788458911.100476,45.497998,rx,-1,0.000000,0.000000,0.000000,0.000000,1760,44025,24984,0.000000,0.000000,0.648186,0.248233,1.139590,0,0,0.000000,0.000000,9,11,-1,0,,128152
1788458911.100632,45.498162,rx,-1,0.000000,0.000000,0.000000,0.000000,1761,44051,25032,0.000000,0.000000,0.648186,0.248233,1.139590,0,0,0.000000,0.000000,9,11,-1,0,,128152
1788458911.100725,45.498256,rx,-1,0.000000,0.000000,0.000000,0.000000,1762,44076,24988,0.000000,0.000000,0.648186,0.248233,1.139590,0,0,0.000000,0.000000,9,11,-1,0,,128152
1788458911.100744,45.498276,tx,-1,0.000000,0.000000,0.000000,0.000000,,,,,,,,,,,,,,,,,aa5501090000000000000000004829,128336
1788458911.154257,45.551781,rx,-1,0.000000,0.000000,0.000000,0.000000,1763,44100,25000,0.000000,0.000000,0.648186,0.248233,1.139590,0,0,0.000000,0.000000,9,11,-1,0,,128336
1788458911.157436,45.554960,rx,-1,0.000000,0.000000,0.000000,0.000000,1764,44126,24988,0.000000,0.000000,0.648186,0.248233,1.139590,0,0,0.000000,0.000000,9,11,-1,0,,128336
1788458911.157530,45.555062,tx,-1,0.000000,0.000000,0.000000,0.000000,,,,,,,,,,,,,,,,,aa5501090000000000000000004829,128480
1788458911.205915,45.603420,rx,-1,0.000000,0.000000,0.000000,0.000000,1765,44150,24980,0.000000,0.000000,0.648186,0.248233,1.139590,0,0,0.000000,0.000000,9,11,-1,0,,128480
1788458911.206556,45.604070,rx,-1,0.000000,0.000000,0.000000,0.000000,1766,44176,25032,0.000000,0.000000,0.648186,0.248233,1.139590,0,0,0.000000,0.000000,9,11,-1,0,,128480
1788458911.206678,45.604208,tx,-1,0.000000,0.000000,0.000000,0.000000,,,,,,,,,,,,,,,,,aa5501090000000000000000004829,128624
1788458911.260541,45.658053,rx,-1,0.000000,0.000000,0.000000,0.000000,1767,44200,24992,0.000000,0.000000,0.648186,0.248233,1.139590,0,0,0.000000,0.000000,9,11,-1,0,,128624
1788458911.263473,45.660999,rx,-1,0.000000,0.000000,0.000000,0.000000,1768,44225,25000,0.000000,0.000000,0.648186,0.248233,1.139590,0,0,0.000000,0.000000,9,11,-1,0,,128624
1788458911.263568,45.661100,tx,-1,0.000000,0.000000,0.000000,0.000000,,,,,,,,,,,,,,,,,aa5501090000000000000000004829,128768
1788458911.312001,45.709524,rx,-1,0.000000,0.000000,0.000000,0.000000,1769,44251,24980,0.000000,0.000000,0.648186,0.248233,1.139590,0,0,0.000000,0.000000,9,11,-1,0,,128768
1788458911.312246,45.709775,rx,-1,0.000000,0.000000,0.000000,0.000000,1770,44275,25028,0.000000,0.000000,0.648186,0.248233,1.139590,0,0,0.000000,0.000000,9,11,-1,0,,128768
1788458911.312282,45.709814,tx,-1,0.000000,0.000000,0.000000,0.000000,,,,,,,,,,,,,,,,,aa5501090000000000000000004829,128912
1788458911.366566,45.764084,rx,-1,0.000000,0.000000,0.000000,0.000000,1771,44301,24984,0.000000,0.000000,0.648186,0.248233,1.139590,0,0,0.000000,0.000000,9,11,-1,0,,128912
1788458911.370545,45.768067,rx,-1,0.000000,0.000000,0.000000,0.000000,1772,44325,24996,0.000000,0.000000,0.648186,0.248233,1.139590,0,0,0.000000,0.000000,9,11,-1,0,,128912
1788458911.370646,45.768177,tx,-1,0.000000,0.000000,0.000000,0.000000,,,,,,,,,,,,,,,,,aa5501090000000000000000004829,129056
1788458911.418824,45.816343,rx,-1,0.000000,0.000000,0.000000,0.000000,1773,44351,25028,0.000000,0.000000,0.648186,0.248233,1.139590,0,0,0.000000,0.000000,9,11,-1,0,,129056
1788458911.419014,45.816543,rx,-1,0.000000,0.000000,0.000000,0.000000,1774,44376,24992,0.000000,0.000000,0.648186,0.248233,1.139590,0,0,0.000000,0.000000,9,11,-1,0,,129056
1788458911.419043,45.816575,tx,-1,0.000000,0.000000,0.000000,0.000000,,,,,,,,,,,,,,,,,aa5501090000000000000000004829,129200
1788458911.474061,45.871571,rx,-1,0.000000,0.000000,0.000000,0.000000,1775,44400,24992,0.000000,0.000000,0.648186,0.248233,1.139590,0,0,0.000000,0.000000,9,11,-1,0,,129200
1788458911.479778,45.877300,rx,-1,0.000000,0.000000,0.000000,0.000000,1776,44426,24988,0.000000,0.000000,0.648186,0.248233,1.139590,0,0,0.000000,0.000000,9,11,-1,0,,129200
1788458911.479880,45.877411,tx,-1,0.000000,0.000000,0.000000,0.000000,,,,,,,,,,,,,,,,,aa5501090000000000000000004829,129344
1788458911.528376,45.925886,rx,-1,0.000000,0.000000,0.000000,0.000000,1777,44450,25016,0.000000,0.000000,0.648186,0.248233,1.139590,0,0,0.000000,0.000000,9,11,-1,0,,129344
1788458911.528877,45.926398,rx,-1,0.000000,0.000000,0.000000,0.000000,1778,44476,24984,0.000000,0.000000,0.648186,0.248233,1.139590,0,0,0.000000,0.000000,9,11,-1,0,,129344
1788458911.529006,45.926537,tx,-1,0.000000,0.000000,0.000000,0.000000,,,,,,,,,,,,,,,,,aa5501090000000000000000004829,129552
1788458911.581026,45.978543,rx,-1,0.000000,0.000000,0.000000,0.000000,1779,44500,24984,0.000000,0.000000,0.648186,0.248233,1.139590,0,0,0.000000,0.000000,9,11,-1,0,,129552
1788458911.584309,45.981827,rx,-1,0.000000,0.000000,0.000000,0.000000,1780,44525,25008,0.000000,0.000000,0.648186,0.248233,1.139590,0,0,0.000000,0.000000,9,11,-1,0,,129552
1788458911.584511,45.982040,rx,-1,0.000000,0.000000,0.000000,0.000000,1781,44551,25008,0.000000,0.000000,0.648186,0.248233,1.139590,0,0,0.000000,0.000000,9,11,-1,0,,129552
1788458911.584541,45.982073,tx,-1,0.000000,0.000000,0.000000,0.000000,,,,,,,,,,,,,,,,,aa5501090000000000000000004829,129704
1788458911.632018,46.029535,rx,-1,0.000000,0.000000,0.000000,0.000000,1782,44575,24992,0.000000,0.000000,0.648186,0.248233,1.139590,0,0,0.000000,0.000000,9,11,-1,0,,129704
1788458911.632210,46.029739,rx,-1,0.000000,0.000000,0.000000,0.000000,1783,44601,25008,0.000000,0.000000,0.648186,0.248233,1.139590,0,0,0.000000,0.000000,9,11,-1,0,,129704
1788458911.632240,46.029771,tx,-1,0.000000,0.000000,0.000000,0.000000,,,,,,,,,,,,,,,,,aa5501090000000000000000004829,129848
1788458911.685539,46.083063,rx,-1,0.000000,0.000000,0.000000,0.000000,1784,44625,24988,0.000000,0.000000,0.648186,0.248233,1.139590,0,0,0.000000,0.000000,9,11,-1,0,,129848
1788458911.687556,46.085084,rx,-1,0.000000,0.000000,0.000000,0.000000,1785,44650,25008,0.000000,0.000000,0.648186,0.248233,1.139590,0,0,0.000000,0.000000,9,11,-1,0,,129848
1788458911.687593,46.085125,tx,-1,0.000000,0.000000,0.000000,0.000000,,,,,,,,,,,,,,,,,aa5501090000000000000000004829,129992
1788458911.735627,46.133153,rx,-1,0.000000,0.000000,0.000000,0.000000,1786,44676,25012,0.000000,0.000000,0.648186,0.248233,1.139590,0,0,0.000000,0.000000,9,11,-1,0,,129992
1788458911.735720,46.133251,rx,-1,0.000000,0.000000,0.000000,0.000000,1787,44700,24980,0.000000,0.000000,0.648186,0.248233,1.139590,0,0,0.000000,0.000000,9,11,-1,0,,129992
1788458911.735733,46.133265,tx,-1,0.000000,0.000000,0.000000,0.000000,,,,,,,,,,,,,,,,,aa5501090000000000000000004829,130136
1788458911.789152,46.186680,rx,-1,0.000000,0.000000,0.000000,0.000000,1788,44726,24996,0.000000,0.000000,0.648186,0.248233,1.139590,0,0,0.000000,0.000000,9,11,-1,0,,130136
1788458911.791129,46.188659,rx,-1,0.000000,0.000000,0.000000,0.000000,1789,44750,25028,0.000000,0.000000,0.648186,0.248233,1.139590,0,0,0.000000,0.000000,9,11,-1,0,,130136
1788458911.791158,46.188690,tx,-1,0.000000,0.000000,0.000000,0.000000,,,,,,,,,,,,,,,,,aa5501090000000000000000004829,130280
1788458911.844264,46.241790,rx,-1,0.000000,0.000000,0.000000,0.000000,1790,44776,24988,0.000000,0.000000,0.648186,0.248233,1.139590,0,0,0.000000,0.000000,9,11,-1,0,,130280
1788458911.844364,46.241894,rx,-1,0.000000,0.000000,0.000000,0.000000,1791,44801,24984,0.000000,0.000000,0.648186,0.248233,1.139590,0,0,0.000000,0.000000,9,11,-1,0,,130280
1788458911.844380,46.241912,tx,-1,0.000000,0.000000,0.000000,0.000000,,,,,,,,,,,,,,,,,aa5501090000000000000000004829,130424
1788458911.897331,46.294858,rx,-1,0.000000,0.000000,0.000000,0.000000,1792,44825,25052,0.000000,0.000000,0.648186,0.248233,1.139590,0,0,0.000000,0.000000,9,11,-1,0,,130424
1788458911.899475,46.297003,rx,-1,0.000000,0.000000,0.000000,0.000000,1793,44851,24968,0.000000,0.000000,0.648186,0.248233,1.139590,0,0,0.000000,0.000000,9,11,-1,0,,130424
1788458911.899519,46.297050,tx,-1,0.000000,0.000000,0.000000,0.000000,,,,,,,,,,,,,,,,,aa5501090000000000000000004829,130568
1788458911.952797,46.350322,rx,-1,0.000000,0.000000,0.000000,0.000000,1794,44875,24996,0.000000,0.000000,0.648186,0.248233,1.139590,0,0,0.000000,0.000000,9,11,-1,0,,130568
1788458911.952912,46.350442,rx,-1,0.000000,0.000000,0.000000,0.000000,1795,44901,25004,0.000000,0.000000,0.648186,0.248233,1.139590,0,0,0.000000,0.000000,9,11,-1,0,,130568
1788458911.952929,46.350460,tx,-1,0.000000,0.000000,0.000000,0.000000,,,,,,,,,,,,,,,,,aa5501090000000000000000004829,130712
1788458912.006195,46.403714,rx,-1,0.000000,0.000000,0.000000,0.000000,1796,44925,25004,0.000000,0.000000,0.648186,0.248233,1.139590,0,0,0.000000,0.000000,9,11,-1,0,,130712
1788458912.009471,46.406994,rx,-1,0.000000,0.000000,0.000000,0.000000,1797,44950,25024,0.000000,0.000000,0.648186,0.248233,1.139590,0,0,0.000000,0.000000,9,11,-1,0,,130712
1788458912.009569,46.407100,tx,-1,0.000000,0.000000,0.000000,0.000000,,,,,,,,,,,,,,,,,aa5501090000000000000000004829,130888
1788458912.057057,46.454583,rx,-1,0.000000,0.000000,0.000000,0.000000,1798,44976,24952,0.000000,0.000000,0.648186,0.248233,1.139590,0,0,0.000000,0.000000,9,11,-1,0,,130888
1788458912.057160,46.454690,rx,-1,0.000000,0.000000,0.000000,0.000000,1799,45000,25040,0.000000,0.000000,0.648186,0.248233,1.139590,0,0,0.000000,0.000000,9,11,-1,0,,130888
1788458912.057209,46.454740,tx,-1,0.000000,0.000000,0.000000,0.000000,,,,,,,,,,,,,,,,,aa5501090000000000000000004829,131087
1788458912.111529,46.509048,rx,-1,0.000000,0.000000,0.000000,0.000000,1800,45026,24976,0.000000,0.000000,0.648186,0.248233,1.139590,0,0,0.000000,0.000000,9,11,-1,0,,131087
1788458912.115558,46.513079,rx,-1,0.000000,0.000000,0.000000,0.000000,1801,45050,25028,0.000000,0.000000,0.648186,0.248233,1.139590,0,0,0.000000,0.000000,9,11,-1,0,,131087
1788458912.115689,46.513220,tx,-1,0.000000,0.000000,0.000000,0.000000,,,,,,,,,,,,,,,,,aa5501090000000000000000004829,131263
1788458912.164335,46.561842,rx,-1,0.000000,0.000000,0.000000,0.000000,1802,45076,24968,0.000000,0.000000,0.648186,0.248233,1.139590,0,0,0.000000,0.000000,9,11,-1,0,,131263
1788458912.164861,46.562381,rx,-1,0.000000,0.000000,0.000000,0.000000,1803,45101,25008,0.000000,0.000000,0.648186,0.248233,1.139590,0,0,0.000000,0.000000,9,11,-1,0,,131263
1788458912.165351,46.562865,rx,-1,0.000000,0.000000,0.000000,0.000000,1804,45125,25036,0.000000,0.000000,0.648186,0.248233,1.139590,0,0,0.000000,0.000000,9,11,-1,0,,131263
1788458912.165467,46.562997,tx,-1,0.000000,0.000000,0.000000,0.000000,,,,,,,,,,,,,,,,,aa5501090000000000000000004829,131415
1788458912.214447,46.611968,rx,-1,0.000000,0.000000,0.000000,0.000000,1805,45151,24984,0.000000,0.000000,0.648186,0.248233,1.139590,0,0,0.000000,0.000000,9,11,-1,0,,131415
1788458912.217538,46.615060,rx,-1,0.000000,0.000000,0.000000,0.000000,1806,45175,24988,0.000000,0.000000,0.648186,0.248233,1.139590,0,0,0.000000,0.000000,9,11,-1,0,,131415
1788458912.217640,46.615171,tx,-1,0.000000,0.000000,0.000000,0.000000,,,,,,,,,,,,,,,,,aa5501090000000000000000004829,131559
1788458912.266926,46.664440,rx,-1,0.000000,0.000000,0.000000,0.000000,1807,45201,24996,0.000000,0.000000,0.648186,0.248233,1.139590,0,0,0.000000,0.000000,9,11,-1,0,,131559
1788458912.267201,46.664727,rx,-1,0.000000,0.000000,0.000000,0.000000,1808,45225,24984,0.000000,0.000000,0.648186,0.248233,1.139590,0,0,0.000000,0.000000,9,11,-1,0,,131559
1788458912.267290,46.664820,tx,-1,0.000000,0.000000,0.000000,0.000000,,,,,,,,,,,,,,,,,aa5501090000000000000000004829,131703
1788458912.320436,46.717959,rx,-1,0.000000,0.000000,0.000000,0.000000,1809,45250,25012,0.000000,0.000000,0.648186,0.248233,1.139590,0,0,0.000000,0.000000,9,11,-1,0,,131703
1788458912.322537,46.720062,rx,-1,0.000000,0.000000,0.000000,0.000000,1810,45276,25004,0.000000,0.000000,0.648186,0.248233,1.139590,0,0,0.000000,0.000000,9,11,-1,0,,131703
1788458912.322592,46.720123,tx,-1,0.000000,0.000000,0.000000,0.000000,,,,,,,,,,,,,,,,,aa5501090000000000000000004829,131847
1788458912.375637,46.773151,rx,-1,0.000000,0.000000,0.000000,0.000000,1811,45300,24996,0.000000,0.000000,0.648186,0.248233,1.139590,0,0,0.000000,0.000000,9,11,-1,0,,131847
1788458912.375854,46.773383,rx,-1,0.000000,0.000000,0.000000,0.000000,1812,45326,25024,0.000000,0.000000,0.648186,0.248233,1.139590,0,0,0.000000,0.000000,9,11,-1,0,,131847
1788458912.375907,46.773438,tx,-1,0.000000,0.000000,0.000000,0.000000,,,,,,,,,,,,,,,,,aa5501090000000000000000004829,131991
1788458912.430056,46.827573,rx,-1,0.000000,0.000000,0.000000,0.000000,1813,45350,24992,0.000000,0.000000,0.648186,0.248233,1.139590,0,0,0.000000,0.000000,9,11,-1,0,,131991
1788458912.433985,46.831507,rx,-1,0.000000,0.000000,0.000000,0.000000,1814,45375,24968,0.000000,0.000000,0.648186,0.248233,1.139590,0,0,0.000000,0.000000,9,11,-1,0,,131991
1788458912.434088,46.831618,tx,-1,0.000000,0.000000,0.000000,0.000000,,,,,,,,,,,,,,,,,aa5501090000000000000000004829,132135
1788458912.482699,46.880197,rx,-1,0.000000,0.000000,0.000000,0.000000,1815,45401,25004,0.000000,0.000000,0.648186,0.248233,1.139590,0,0,0.000000,0.000000,9,11,-1,0,,132135
1788458912.483367,46.880882,rx,-1,0.000000,0.000000,0.000000,0.000000,1816,45425,25028,0.000000,0.000000,0.648186,0.248233,1.139590,0,0,0.000000,0.000000,9,11,-1,0,,132135
1788458912.483470,46.880999,tx,-1,0.000000,0.000000,0.000000,0.000000,,,,,,,,,,,,,,,,,aa5501090000000000000000004829,132279
1788458912.532818,46.930331,rx,-1,0.000000,0.000000,0.000000,0.000000,1817,45451,25000,0.000000,0.000000,0.648186,0.248233,1.139590,0,0,0.000000,0.000000,9,11,-1,0,,132279
1788458912.537748,46.935264,rx,-1,0.000000,0.000000,0.000000,0.000000,1818,45475,24976,0.000000,0.000000,0.648186,0.248233,1.139590,0,0,0.000000,0.000000,9,11,-1,0,,132279
1788458912.537905,46.935435,tx,-1,0.000000,0.000000,0.000000,0.000000,,,,,,,,,,,,,,,,,aa5501090000000000000000004829,132423
1788458912.585182,46.982697,rx,-1,0.000000,0.000000,0.000000,0.000000,1819,45501,25020,0.000000,0.000000,0.648186,0.248233,1.139590,0,0,0.000000,0.000000,9,11,-1,0,,132423
1788458912.585428,46.982957,rx,-1,0.000000,0.000000,0.000000,0.000000,1820,45526,25000,0.000000,0.000000,0.648186,0.248233,1.139590,0,0,0.000000,0.000000,9,11,-1,0,,132423
1788458912.585455,46.982986,tx,-1,0.000000,0.000000,0.000000,0.000000,,,,,,,,,,,,,,,,,aa5501090000000000000000004829,132567
1788458912.639428,47.036940,rx,-1,0.000000,0.000000,0.000000,0.000000,1821,45550,25004,0.000000,0.000000,0.648186,0.248233,1.139590,0,0,0.000000,0.000000,9,11,-1,0,,132567
1788458912.643540,47.041052,rx,-1,0.000000,0.000000,0.000000,0.000000,1822,45576,24972,0.000000,0.000000,0.648186,0.248233,1.139590,0,0,0.000000,0.000000,9,11,-1,0,,132567
1788458912.643674,47.041204,tx,-1,0.000000,0.000000,0.000000,0.000000,,,,,,,,,,,,,,,,,aa5501090000000000000000004829,132743
1788458912.692296,47.089803,rx,-1,0.000000,0.000000,0.000000,0.000000,1823,45600,25028,0.000000,0.000000,0.648186,0.248233,1.139590,0,0,0.000000,0.000000,9,11,-1,0,,132743
1788458912.692872,47.090366,rx,-1,0.000000,0.000000,0.000000,0.000000,1824,45626,24992,0.000000,0.000000,0.648186,0.248233,1.139590,0,0,0.000000,0.000000,9,11,-1,0,,132743
1788458912.693008,47.090537,tx,-1,0.000000,0.000000,0.000000,0.000000,,,,,,,,,,,,,,,,,aa5501090000000000000000004829,132919
1788458912.747411,47.144925,rx,-1,0.000000,0.000000,0.000000,0.000000,1825,45650,24984,0.000000,0.000000,0.648186,0.248233,1.139590,0,0,0.000000,0.000000,9,11,-1,0,,132919
1788458912.751213,47.148734,rx,-1,0.000000,0.000000,0.000000,0.000000,1826,45675,25028,0.000000,0.000000,0.648186,0.248233,1.139590,0,0,0.000000,0.000000,9,11,-1,0,,132919
1788458912.751488,47.149013,rx,-1,0.000000,0.000000,0.000000,0.000000,1827,45701,24988,0.000000,0.000000,0.648186,0.248233,1.139590,0,0,0.000000,0.000000,9,11,-1,0,,132919
1788458912.751532,47.149062,tx,-1,0.000000,0.000000,0.000000,0.000000,,,,,,,,,,,,,,,,,aa5501090000000000000000004829,133071
1788458912.800006,47.197523,rx,-1,0.000000,0.000000,0.000000,0.000000,1828,45725,24988,0.000000,0.000000,0.648186,0.248233,1.139590,0,0,0.000000,0.000000,9,11,-1,0,,133071
1788458912.800218,47.197745,rx,-1,0.000000,0.000000,0.000000,0.000000,1829,45751,25028,0.000000,0.000000,0.648186,0.248233,1.139590,0,0,0.000000,0.000000,9,11,-1,0,,133071
1788458912.800243,47.197774,tx,-1,0.000000,0.000000,0.000000,0.000000,,,,,,,,,,,,,,,,,aa5501090000000000000000004829,133215
1788458912.853749,47.251264,rx,-1,0.000000,0.000000,0.000000,0.000000,1830,45775,24992,0.000000,0.000000,0.648186,0.248233,1.139590,0,0,0.000000,0.000000,9,11,-1,0,,133215
1788458912.857985,47.255506,rx,-1,0.000000,0.000000,0.000000,0.000000,1831,45801,24976,0.000000,0.000000,0.648186,0.248233,1.139590,0,0,0.000000,0.000000,9,11,-1,0,,133215
1788458912.858081,47.255612,tx,-1,0.000000,0.000000,0.000000,0.000000,,,,,,,,,,,,,,,,,aa5501090000000000000000004829,133359
1788458912.907524,47.305040,rx,-1,0.000000,0.000000,0.000000,0.000000,1832,45826,24996,0.000000,0.000000,0.648186,0.248233,1.139590,0,0,0.000000,0.000000,9,11,-1,0,,133359
1788458912.908004,47.305524,rx,-1,0.000000,0.000000,0.000000,0.000000,1833,45850,25040,0.000000,0.000000,0.648186,0.248233,1.139590,0,0,0.000000,0.000000,9,11,-1,0,,133359
1788458912.908096,47.305626,tx,-1,0.000000,0.000000,0.000000,0.000000,,,,,,,,,,,,,,,,,aa5501090000000000000000004829,133503
1788458912.956871,47.354390,rx,-1,0.000000,0.000000,0.000000,0.000000,1834,45876,24972,0.000000,0.000000,0.648186,0.248233,1.139590,0,0,0.000000,0.000000,9,11,-1,0,,133503
1788458912.959051,47.356578,rx,-1,0.000000,0.000000,0.000000,0.000000,1835,45900,24984,0.000000,0.000000,0.648186,0.248233,1.139590,0,0,0.000000,0.000000,9,11,-1,0,,133503
1788458912.959104,47.356635,tx,-1,0.000000,0.000000,0.000000,0.000000,,,,,,,,,,,,,,,,,aa5501090000000000000000004829,133647
1788458913.012425,47.409950,rx,-1,0.000000,0.000000,0.000000,0.000000,1836,45926,25036,0.000000,0.000000,0.648186,0.248233,1.139590,0,0,0.000000,0.000000,9,11,-1,0,,133647
1788458913.012575,47.410102,rx,-1,0.000000,0.000000,0.000000,0.000000,1837,45950,24980,0.000000,0.000000,0.648186,0.248233,1.139590,0,0,0.000000,0.000000,9,11,-1,0,,133647
1788458913.012598,47.410128,tx,-1,0.000000,0.000000,0.000000,0.000000,,,,,,,,,,,,,,,,,aa5501090000000000000000004829,133791
1788458913.066232,47.463758,rx,-1,0.000000,0.000000,0.000000,0.000000,1838,45975,25028,0.000000,0.000000,0.648186,0.248233,1.139590,0,0,0.000000,0.000000,9,11,-1,0,,133791
1788458913.068809,47.466338,rx,-1,0.000000,0.000000,0.000000,0.000000,1839,46001,24952,0.000000,0.000000,0.648186,0.248233,1.139590,0,0,0.000000,0.000000,9,11,-1,0,,133791
1788458913.068867,47.466398,tx,-1,0.000000,0.000000,0.000000,0.000000,,,,,,,,,,,,,,,,,aa5501090000000000000000004829,133990
1788458913.116888,47.514407,rx,-1,0.000000,0.000000,0.000000,0.000000,1840,46025,25020,0.000000,0.000000,0.648186,0.248233,1.139590,0,0,0.000000,0.000000,9,11,-1,0,,133990
1788458913.117097,47.514625,rx,-1,0.000000,0.000000,0.000000,0.000000,1841,46051,25004,0.000000,0.000000,0.648186,0.248233,1.139590,0,0,0.000000,0.000000,9,11,-1,0,,133990
1788458913.117123,47.514653,tx,-1,0.000000,0.000000,0.000000,0.000000,,,,,,,,,,,,,,,,,aa5501090000000000000000004829,134134
1788458913.171011,47.568528,rx,-1,0.000000,0.000000,0.000000,0.000000,1842,46075,24984,0.000000,0.000000,0.648186,0.248233,1.139590,0,0,0.000000,0.000000,9,11,-1,0,,134134
1788458913.175002,47.572524,rx,-1,0.000000,0.000000,0.000000,0.000000,1843,46101,25032,0.000000,0.000000,0.648186,0.248233,1.139590,0,0,0.000000,0.000000,9,11,-1,0,,134134
1788458913.175110,47.572640,tx,-1,0.000000,0.000000,0.000000,0.000000,,,,,,,,,,,,,,,,,aa5501090000000000000000004829,134310
1788458913.223896,47.621406,rx,-1,0.000000,0.000000,0.000000,0.000000,1844,46126,24988,0.000000,0.000000,0.648186,0.248233,1.139590,0,0,0.000000,0.000000,9,11,-1,0,,134310
1788458913.224219,47.621744,rx,-1,0.000000,0.000000,0.000000,0.000000,1845,46150,25000,0.000000,0.000000,0.648186,0.248233,1.139590,0,0,0.000000,0.000000,9,11,-1,0,,134310
1788458913.224290,47.621819,tx,-1,0.000000,0.000000,0.000000,0.000000,,,,,,,,,,,,,,,,,aa5501090000000000000000004829,134486
1788458913.278673,47.676184,rx,-1,0.000000,0.000000,0.000000,0.000000,1846,46176,24972,0.000000,0.000000,0.648186,0.248233,1.139590,0,0,0.000000,0.000000,9,11,-1,0,,134486
1788458913.283535,47.681054,rx,-1,0.000000,0.000000,0.000000,0.000000,1847,46200,25000,0.000000,0.000000,0.648186,0.248233,1.139590,0,0,0.000000,0.000000,9,11,-1,0,,134486
1788458913.283820,47.681345,rx,-1,0.000000,0.000000,0.000000,0.000000,1848,46226,25008,0.000000,0.000000,0.648186,0.248233,1.139590,0,0,0.000000,0.000000,9,11,-1,0,,134486
1788458913.283858,47.681388,tx,-1,0.000000,0.000000,0.000000,0.000000,,,,,,,,,,,,,,,,,aa5501090000000000000000004829,134638
1788458913.332394,47.729920,rx,-1,0.000000,0.000000,0.000000,0.000000,1849,46251,25008,0.000000,0.000000,0.648186,0.248233,1.139590,0,0,0.000000,0.000000,9,11,-1,0,,134638
1788458913.332475,47.730004,rx,-1,0.000000,0.000000,0.000000,0.000000,1850,46275,25000,0.000000,0.000000,0.648186,0.248233,1.139590,0,0,0.000000,0.000000,9,11,-1,0,,134638
1788458913.332486,47.730017,tx,-1,0.000000,0.000000,0.000000,0.000000,,,,,,,,,,,,,,,,,aa5501090000000000000000004829,134782
1788458913.386970,47.784482,rx,-1,0.000000,0.000000,0.000000,0.000000,1851,46301,25016,0.000000,0.000000,0.648186,0.248233,1.139590,0,0,0.000000,0.000000,9,11,-1,0,,134782
1788458913.391644,47.789163,rx,-1,0.000000,0.000000,0.000000,0.000000,1852,46325,25016,0.000000,0.000000,0.648186,0.248233,1.139590,0,0,0.000000,0.000000,9,11,-1,0,,134782
1788458913.391748,47.789278,tx,-1,0.000000,0.000000,0.000000,0.000000,,,,,,,,,,,,,,,,,aa5501090000000000000000004829,134926
1788458913.439322,47.836846,rx,-1,0.000000,0.000000,0.000000,0.000000,1853,46351,24960,0.000000,0.000000,0.648186,0.248233,1.139590,0,0,0.000000,0.000000,9,11,-1,0,,134926
1788458913.439424,47.836953,rx,-1,0.000000,0.000000,0.000000,0.000000,1854,46375,25032,0.000000,0.000000,0.648186,0.248233,1.139590,0,0,0.000000,0.000000,9,11,-1,0,,134926
1788458913.439441,47.836972,tx,-1,0.000000,0.000000,0.000000,0.000000,,,,,,,,,,,,,,,,,aa5501090000000000000000004829,135070
1788458913.492874,47.890393,rx,-1,0.000000,0.000000,0.000000,0.000000,1855,46400,24984,0.000000,0.000000,0.648186,0.248233,1.139590,0,0,0.000000,0.000000,9,11,-1,0,,135070
1788458913.496610,47.894132,rx,-1,0.000000,0.000000,0.000000,0.000000,1856,46426,24988,0.000000,0.000000,0.648186,0.248233,1.139590,0,0,0.000000,0.000000,9,11,-1,0,,135070
1788458913.496705,47.894234,tx,-1,0.000000,0.000000,0.000000,0.000000,,,,,,,,,,,,,,,,,aa5501090000000000000000004829,135214
1788458913.545321,47.942840,rx,-1,0.000000,0.000000,0.000000,0.000000,1857,46450,24992,0.000000,0.000000,0.648186,0.248233,1.139590,0,0,0.000000,0.000000,9,11,-1,0,,135214
1788458913.545590,47.943115,rx,-1,0.000000,0.000000,0.000000,0.000000,1858,46476,25028,0.000000,0.000000,0.648186,0.248233,1.139590,0,0,0.000000,0.000000,9,11,-1,0,,135214
1788458913.545639,47.943168,tx,-1,0.000000,0.000000,0.000000,0.000000,,,,,,,,,,,,,,,,,aa5501090000000000000000004829,135358
1788458913.600228,47.997739,rx,-1,0.000000,0.000000,0.000000,0.000000,1859,46500,25016,0.000000,0.000000,0.648186,0.248233,1.139590,0,0,0.000000,0.000000,9,11,-1,0,,135358
1788458913.604479,48.001999,rx,-1,0.000000,0.000000,0.000000,0.000000,1860,46526,24996,0.000000,0.000000,0.648186,0.248233,1.139590,0,0,0.000000,0.000000,9,11,-1,0,,135358
1788458913.604583,48.002113,tx,-1,0.000000,0.000000,0.000000,0.000000,,,,,,,,,,,,,,,,,aa5501090000000000000000004829,135534
1788458913.652536,48.050055,rx,-1,0.000000,0.000000,0.000000,0.000000,1861,46551,24992,0.000000,0.000000,0.648186,0.248233,1.139590,0,0,0.000000,0.000000,9,11,-1,0,,135534
1788458913.652799,48.050324,rx,-1,0.000000,0.000000,0.000000,0.000000,1862,46575,25016,0.000000,0.000000,0.648186,0.248233,1.139590,0,0,0.000000,0.000000,9,11,-1,0,,135534
1788458913.652860,48.050389,tx,-1,0.000000,0.000000,0.000000,0.000000,,,,,,,,,,,,,,,,,aa5501090000000000000000004829,135710
1788458913.707568,48.105078,rx,-1,0.000000,0.000000,0.000000,0.000000,1863,46601,24960,0.000000,0.000000,0.648186,0.248233,1.139590,0,0,0.000000,0.000000,9,11,-1,0,,135710
1788458913.712043,48.109564,rx,-1,0.000000,0.000000,0.000000,0.000000,1864,46625,25020,0.000000,0.000000,0.648186,0.248233,1.139590,0,0,0.000000,0.000000,9,11,-1,0,,135710
1788458913.712290,48.109815,rx,-1,0.000000,0.000000,0.000000,0.000000,1865,46651,24996,0.000000,0.000000,0.648186,0.248233,1.139590,0,0,0.000000,0.000000,9,11,-1,0,,135710
1788458913.712326,48.109855,tx,-1,0.000000,0.000000,0.000000,0.000000,,,,,,,,,,,,,,,,,aa5501090000000000000000004829,135862
1788458913.760938,48.158445,rx,-1,0.000000,0.000000,0.000000,0.000000,1866,46675,24992,0.000000,0.000000,0.648186,0.248233,1.139590,0,0,0.000000,0.000000,9,11,-1,0,,135862
1788458913.761453,48.158970,rx,-1,0.000000,0.000000,0.000000,0.000000,1867,46700,25012,0.000000,0.000000,0.648186,0.248233,1.139590,0,0,0.000000,0.000000,9,11,-1,0,,135862
1788458913.761546,48.159074,tx,-1,0.000000,0.000000,0.000000,0.000000,,,,,,,,,,,,,,,,,aa5501090000000000000000004829,136006
1788458913.815467,48.212979,rx,-1,0.000000,0.000000,0.000000,0.000000,1868,46726,25004,0.000000,0.000000,0.648186,0.248233,1.139590,0,0,0.000000,0.000000,9,11,-1,0,,136006
1788458913.818235,48.215759,rx,-1,0.000000,0.000000,0.000000,0.000000,1869,46750,24976,0.000000,0.000000,0.648186,0.248233,1.139590,0,0,0.000000,0.000000,9,11,-1,0,,136006
1788458913.818307,48.215836,tx,-1,0.000000,0.000000,0.000000,0.000000,,,,,,,,,,,,,,,,,aa5501090000000000000000004829,136150
1788458913.870407,48.267919,rx,-1,0.000000,0.000000,0.000000,0.000000,1870,46776,25000,0.000000,0.000000,0.648186,0.248233,1.139590,0,0,0.000000,0.000000,9,11,-1,0,,136150
1788458913.870790,48.268312,rx,-1,0.000000,0.000000,0.000000,0.000000,1871,46800,24988,0.000000,0.000000,0.648186,0.248233,1.139590,0,0,0.000000,0.000000,9,11,-1,0,,136150
1788458913.870852,48.268380,tx,-1,0.000000,0.000000,0.000000,0.000000,,,,,,,,,,,,,,,,,aa5501090000000000000000004829,136294
1788458913.924711,48.322223,rx,-1,0.000000,0.000000,0.000000,0.000000,1872,46826,25012,0.000000,0.000000,0.648186,0.248233,1.139590,0,0,0.000000,0.000000,9,11,-1,0,,136294
1788458913.928980,48.326500,rx,-1,0.000000,0.000000,0.000000,0.000000,1873,46851,25004,0.000000,0.000000,0.648186,0.248233,1.139590,0,0,0.000000,0.000000,9,11,-1,0,,136294
1788458913.929087,48.326616,tx,-1,0.000000,0.000000,0.000000,0.000000,,,,,,,,,,,,,,,,,aa5501090000000000000000004829,136438
1788458913.976789,48.374314,rx,-1,0.000000,0.000000,0.000000,0.000000,1874,46875,25052,0.000000,0.000000,0.648186,0.248233,1.139590,0,0,0.000000,0.000000,9,11,-1,0,,136438
1788458913.976898,48.374426,rx,-1,0.000000,0.000000,0.000000,0.000000,1875,46901,24972,0.000000,0.000000,0.648186,0.248233,1.139590,0,0,0.000000,0.000000,9,11,-1,0,,136438
1788458913.976912,48.374441,tx,-1,0.000000,0.000000,0.000000,0.000000,,,,,,,,,,,,,,,,,aa5501090000000000000000004829,136582
1788458914.030037,48.427561,rx,-1,0.000000,0.000000,0.000000,0.000000,1876,46925,25004,0.000000,0.000000,0.648186,0.248233,1.139590,0,0,0.000000,0.000000,9,11,-1,0,,136582
1788458914.032133,48.429659,rx,-1,0.000000,0.000000,0.000000,0.000000,1877,46951,24968,0.000000,0.000000,0.648186,0.248233,1.139590,0,0,0.000000,0.000000,9,11,-1,0,,136582
1788458914.032192,48.429722,tx,-1,0.000000,0.000000,0.000000,0.000000,,,,,,,,,,,,,,,,,aa5501090000000000000000004829,136758
1788458914.080153,48.477677,rx,-1,0.000000,0.000000,0.000000,0.000000,1878,46976,25028,0.000000,0.000000,0.648186,0.248233,1.139590,0,0,0.000000,0.000000,9,11,-1,0,,136758
1788458914.080327,48.477853,rx,-1,0.000000,0.000000,0.000000,0.000000,1879,47000,24976,0.000000,0.000000,0.648186,0.248233,1.139590,0,0,0.000000,0.000000,9,11,-1,0,,136758
1788458914.080421,48.477949,tx,-1,0.000000,0.000000,0.000000,0.000000,,,,,,,,,,,,,,,,,aa5501090000000000000000004829,136957
1788458914.133624,48.531143,rx,-1,0.000000,0.000000,0.000000,0.000000,1880,47026,24988,0.000000,0.000000,0.648186,0.248233,1.139590,0,0,0.000000,0.000000,9,11,-1,0,,136957
1788458914.136554,48.534080,rx,-1,0.000000,0.000000,0.000000,0.000000,1881,47050,25032,0.000000,0.000000,0.648186,0.248233,1.139590,0,0,0.000000,0.000000,9,11,-1,0,,136957
1788458914.136615,48.534145,tx,-1,0.000000,0.000000,0.000000,0.000000,,,,,,,,,,,,,,,,,aa5501090000000000000000004829,137133
1788458914.189123,48.586647,rx,-1,0.000000,0.000000,0.000000,0.000000,1882,47076,24988,0.000000,0.000000,0.648186,0.248233,1.139590,0,0,0.000000,0.000000,9,11,-1,0,,137133
1788458914.189229,48.586758,rx,-1,0.000000,0.000000,0.000000,0.000000,1883,47100,24992,0.000000,0.000000,0.648186,0.248233,1.139590,0,0,0.000000,0.000000,9,11,-1,0,,137133
1788458914.189285,48.586814,rx,-1,0.000000,0.000000,0.000000,0.000000,1884,47126,25028,0.000000,0.000000,0.648186,0.248233,1.139590,0,0,0.000000,0.000000,9,11,-1,0,,137133
1788458914.189297,48.586827,tx,-1,0.000000,0.000000,0.000000,0.000000,,,,,,,,,,,,,,,,,aa5501090000000000000000004829,137285
1788458914.242496,48.640012,rx,-1,0.000000,0.000000,0.000000,0.000000,1885,47151,25000,0.000000,0.000000,0.648186,0.248233,1.139590,0,0,0.000000,0.000000,9,11,-1,0,,137285
1788458914.245710,48.643228,rx,-1,0.000000,0.000000,0.000000,0.000000,1886,47175,24992,0.000000,0.000000,0.648186,0.248233,1.139590,0,0,0.000000,0.000000,9,11,-1,0,,137285
1788458914.245820,48.643349,tx,-1,0.000000,0.000000,0.000000,0.000000,,,,,,,,,,,,,,,,,aa5501090000000000000000004829,137429
1788458914.293141,48.690667,rx,-1,0.000000,0.000000,0.000000,0.000000,1887,47201,24984,0.000000,0.000000,0.648186,0.248233,1.139590,0,0,0.000000,0.000000,9,11,-1,0,,137429
1788458914.293260,48.690787,rx,-1,0.000000,0.000000,0.000000,0.000000,1888,47225,25004,0.000000,0.000000,0.648186,0.248233,1.139590,0,0,0.000000,0.000000,9,11,-1,0,,137429
1788458914.293278,48.690807,tx,-1,0.000000,0.000000,0.000000,0.000000,,,,,,,,,,,,,,,,,aa5501090000000000000000004829,137573
1788458914.345545,48.743071,rx,-1,0.000000,0.000000,0.000000,0.000000,1889,47251,25016,0.000000,0.000000,0.648186,0.248233,1.139590,0,0,0.000000,0.000000,9,11,-1,0,,137573
1788458914.347532,48.745060,rx,-1,0.000000,0.000000,0.000000,0.000000,1890,47276,24992,0.000000,0.000000,0.648186,0.248233,1.139590,0,0,0.000000,0.000000,9,11,-1,0,,137573
1788458914.347552,48.745082,tx,-1,0.000000,0.000000,0.000000,0.000000,,,,,,,,,,,,,,,,,aa5501090000000000000000004829,137717
1788458914.401068,48.798593,rx,-1,0.000000,0.000000,0.000000,0.000000,1891,47300,25016,0.000000,0.000000,0.648186,0.248233,1.139590,0,0,0.000000,0.000000,9,11,-1,0,,137717
1788458914.401149,48.798677,rx,-1,0.000000,0.000000,0.000000,0.000000,1892,47326,24960,0.000000,0.000000,0.648186,0.248233,1.139590,0,0,0.000000,0.000000,9,11,-1,0,,137717
1788458914.401160,48.798689,tx,-1,0.000000,0.000000,0.000000,0.000000,,,,,,,,,,,,,,,,,aa5501090000000000000000004829,137861
1788458914.453812,48.851338,rx,-1,0.000000,0.000000,0.000000,0.000000,1893,47350,25032,0.000000,0.000000,0.648186,0.248233,1.139590,0,0,0.000000,0.000000,9,11,-1,0,,137861
1788458914.455742,48.853269,rx,-1,0.000000,0.000000,0.000000,0.000000,1894,47376,24988,0.000000,0.000000,0.648186,0.248233,1.139590,0,0,0.000000,0.000000,9,11,-1,0,,137861
1788458914.455769,48.853299,tx,-1,0.000000,0.000000,0.000000,0.000000,,,,,,,,,,,,,,,,,aa5501090000000000000000004829,138005
1788458914.503929,48.901456,rx,-1,0.000000,0.000000,0.000000,0.000000,1895,47400,24996,0.000000,0.000000,0.648186,0.248233,1.139590,0,0,0.000000,0.000000,9,11,-1,0,,138005
1788458914.504024,48.901552,rx,-1,0.000000,0.000000,0.000000,0.000000,1896,47425,25020,0.000000,0.000000,0.648186,0.248233,1.139590,0,0,0.000000,0.000000,9,11,-1,0,,138005
1788458914.504038,48.901567,tx,-1,0.000000,0.000000,0.000000,0.000000,,,,,,,,,,,,,,,,,aa5501090000000000000000004829,138149
1788458914.557145,48.954671,rx,-1,0.000000,0.000000,0.000000,0.000000,1897,47451,24996,0.000000,0.000000,0.648186,0.248233,1.139590,0,0,0.000000,0.000000,9,11,-1,0,,138149
1788458914.559406,48.956933,rx,-1,0.000000,0.000000,0.000000,0.000000,1898,47475,24988,0.000000,0.000000,0.648186,0.248233,1.139590,0,0,0.000000,0.000000,9,11,-1,0,,138149
1788458914.559432,48.956962,tx,-1,0.000000,0.000000,0.000000,0.000000,,,,,,,,,,,,,,,,,aa5501090000000000000000004829,138293
1788458914.607352,49.004877,rx,-1,0.000000,0.000000,0.000000,0.000000,1899,47501,24972,0.000000,0.000000,0.648186,0.248233,1.139590,0,0,0.000000,0.000000,9,11,-1,0,,138293
1788458914.607496,49.005023,rx,-1,0.000000,0.000000,0.000000,0.000000,1900,47525,25012,0.000000,0.000000,0.648186,0.248233,1.139590,0,0,0.000000,0.000000,9,11,-1,0,,138293
1788458914.607518,49.005046,tx,-1,0.000000,0.000000,0.000000,0.000000,,,,,,,,,,,,,,,,,aa5501090000000000000000004829,138437
1788458914.661372,49.058890,rx,-1,0.000000,0.000000,0.000000,0.000000,1901,47551,25032,0.000000,0.000000,0.648186,0.248233,1.139590,0,0,0.000000,0.000000,9,11,-1,0,,138437
1788458914.664500,49.062021,rx,-1,0.000000,0.000000,0.000000,0.000000,1902,47576,24968,0.000000,0.000000,0.648186,0.248233,1.139590,0,0,0.000000,0.000000,9,11,-1,0,,138437
1788458914.664593,49.062122,tx,-1,0.000000,0.000000,0.000000,0.000000,,,,,,,,,,,,,,,,,aa5501090000000000000000004829,138613
1788458914.713173,49.110691,rx,-1,0.000000,0.000000,0.000000,0.000000,1903,47600,24992,0.000000,0.000000,0.648186,0.248233,1.139590,0,0,0.000000,0.000000,9,11,-1,0,,138613
1788458914.713472,49.110996,rx,-1,0.000000,0.000000,0.000000,0.000000,1904,47626,25032,0.000000,0.000000,0.648186,0.248233,1.139590,0,0,0.000000,0.000000,9,11,-1,0,,138613
1788458914.713548,49.111077,tx,-1,0.000000,0.000000,0.000000,0.000000,,,,,,,,,,,,,,,,,aa5501090000000000000000004829,138757
1788458914.767219,49.164736,rx,-1,0.000000,0.000000,0.000000,0.000000,1905,47650,24968,0.000000,0.000000,0.648186,0.248233,1.139590,0,0,0.000000,0.000000,9,11,-1,0,,138757
1788458914.769575,49.167098,rx,-1,0.000000,0.000000,0.000000,0.000000,1906,47676,25012,0.000000,0.000000,0.648186,0.248233,1.139590,0,0,0.000000,0.000000,9,11,-1,0,,138757
1788458914.769691,49.167219,rx,-1,0.000000,0.000000,0.000000,0.000000,1907,47700,24984,0.000000,0.000000,0.648186,0.248233,1.139590,0,0,0.000000,0.000000,9,11,-1,0,,138757
1788458914.769711,49.167240,tx,-1,0.000000,0.000000,0.000000,0.000000,,,,,,,,,,,,,,,,,aa5501090000000000000000004829,138941
1788458914.821777,49.219297,rx,-1,0.000000,0.000000,0.000000,0.000000,1908,47725,25028,0.000000,0.000000,0.648186,0.248233,1.139590,0,0,0.000000,0.000000,9,11,-1,0,,138941
1788458914.821896,49.219424,rx,-1,0.000000,0.000000,0.000000,0.000000,1909,47751,24996,0.000000,0.000000,0.648186,0.248233,1.139590,0,0,0.000000,0.000000,9,11,-1,0,,138941
1788458914.821911,49.219440,tx,-1,0.000000,0.000000,0.000000,0.000000,,,,,,,,,,,,,,,,,aa5501090000000000000000004829,139085
1788458914.875120,49.272642,rx,-1,0.000000,0.000000,0.000000,0.000000,1910,47775,24988,0.000000,0.000000,0.648186,0.248233,1.139590,0,0,0.000000,0.000000,9,11,-1,0,,139085
1788458914.877164,49.274688,rx,-1,0.000000,0.000000,0.000000,0.000000,1911,47801,25028,0.000000,0.000000,0.648186,0.248233,1.139590,0,0,0.000000,0.000000,9,11,-1,0,,139085
1788458914.877213,49.274742,tx,-1,0.000000,0.000000,0.000000,0.000000,,,,,,,,,,,,,,,,,aa5501090000000000000000004829,139229
1788458914.930314,49.327840,rx,-1,0.000000,0.000000,0.000000,0.000000,1912,47825,25008,0.000000,0.000000,0.648186,0.248233,1.139590,0,0,0.000000,0.000000,9,11,-1,0,,139229
1788458914.930401,49.327929,rx,-1,0.000000,0.000000,0.000000,0.000000,1913,47850,24960,0.000000,0.000000,0.648186,0.248233,1.139590,0,0,0.000000,0.000000,9,11,-1,0,,139229
1788458914.930413,49.327943,tx,-1,0.000000,0.000000,0.000000,0.000000,,,,,,,,,,,,,,,,,aa5501090000000000000000004829,139373
1788458914.983166,49.380689,rx,-1,0.000000,0.000000,0.000000,0.000000,1914,47876,24992,0.000000,0.000000,0.648186,0.248233,1.139590,0,0,0.000000,0.000000,9,11,-1,0,,139373
1788458914.985235,49.382760,rx,-1,0.000000,0.000000,0.000000,0.000000,1915,47900,25036,0.000000,0.000000,0.648186,0.248233,1.139590,0,0,0.000000,0.000000,9,11,-1,0,,139373
1788458914.985277,49.382806,tx,-1,0.000000,0.000000,0.000000,0.000000,,,,,,,,,,,,,,,,,aa5501090000000000000000004829,139517
1788458915.037789,49.435315,rx,-1,0.000000,0.000000,0.000000,0.000000,1916,47926,24984,0.000000,0.000000,0.648186,0.248233,1.139590,0,0,0.000000,0.000000,9,11,-1,0,,139517
1788458915.037875,49.435402,rx,-1,0.000000,0.000000,0.000000,0.000000,1917,47950,25016,0.000000,0.000000,0.648186,0.248233,1.139590,0,0,0.000000,0.000000,9,11,-1,0,,139517
1788458915.037887,49.435416,tx,-1,0.000000,0.000000,0.000000,0.000000,,,,,,,,,,,,,,,,,aa5501090000000000000000004829,139661
1788458915.091446,49.488971,rx,-1,0.000000,0.000000,0.000000,0.000000,1918,47976,24992,0.000000,0.000000,0.648186,0.248233,1.139590,0,0,0.000000,0.000000,9,11,-1,0,,139661
1788458915.093661,49.491188,rx,-1,0.000000,0.000000,0.000000,0.000000,1919,48001,24996,0.000000,0.000000,0.648186,0.248233,1.139590,0,0,0.000000,0.000000,9,11,-1,0,,139661
1788458915.093705,49.491234,tx,-1,0.000000,0.000000,0.000000,0.000000,,,,,,,,,,,,,,,,,aa5501090000000000000000004829,139892
1788458915.146653,49.544177,rx,-1,0.000000,0.000000,0.000000,0.000000,1920,48025,25012,0.000000,0.000000,0.648186,0.248233,1.139590,0,0,0.000000,0.000000,9,11,-1,0,,139892
1788458915.146774,49.544301,rx,-1,0.000000,0.000000,0.000000,0.000000,1921,48051,25008,0.000000,0.000000,0.648186,0.248233,1.139590,0,0,0.000000,0.000000,9,11,-1,0,,139892
1788458915.146846,49.544373,rx,-1,0.000000,0.000000,0.000000,0.000000,1922,48075,24972,0.000000,0.000000,0.648186,0.248233,1.139590,0,0,0.000000,0.000000,9,11,-1,0,,139892
1788458915.146860,49.544389,tx,-1,0.000000,0.000000,0.000000,0.000000,,,,,,,,,,,,,,,,,aa5501090000000000000000004829,140076
1788458915.200701,49.598221,rx,-1,0.000000,0.000000,0.000000,0.000000,1923,48101,25004,0.000000,0.000000,0.648186,0.248233,1.139590,0,0,0.000000,0.000000,9,11,-1,0,,140076
1788458915.204468,49.601991,rx,-1,0.000000,0.000000,0.000000,0.000000,1924,48125,24996,0.000000,0.000000,0.648186,0.248233,1.139590,0,0,0.000000,0.000000,9,11,-1,0,,140076
1788458915.204529,49.602057,tx,-1,0.000000,0.000000,0.000000,0.000000,,,,,,,,,,,,,,,,,aa5501090000000000000000004829,140220
1788458915.253481,49.650987,rx,-1,0.000000,0.000000,0.000000,0.000000,1925,48150,24984,0.000000,0.000000,0.648186,0.248233,1.139590,0,0,0.000000,0.000000,9,11,-1,0,,140220
1788458915.254002,49.651520,rx,-1,0.000000,0.000000,0.000000,0.000000,1926,48176,25028,0.000000,0.000000,0.648186,0.248233,1.139590,0,0,0.000000,0.000000,9,11,-1,0,,140220
1788458915.254082,49.651608,tx,-1,0.000000,0.000000,0.000000,0.000000,,,,,,,,,,,,,,,,,aa5501090000000000000000004829,140364
1788458915.308652,49.706159,rx,-1,0.000000,0.000000,0.000000,0.000000,1927,48200,24996,0.000000,0.000000,0.648186,0.248233,1.139590,0,0,0.000000,0.000000,9,11,-1,0,,140364
1788458915.312970,49.710492,rx,-1,0.000000,0.000000,0.000000,0.000000,1928,48226,24976,0.000000,0.000000,0.648186,0.248233,1.139590,0,0,0.000000,0.000000,9,11,-1,0,,140364
1788458915.313049,49.710577,tx,-1,0.000000,0.000000,0.000000,0.000000,,,,,,,,,,,,,,,,,aa5501090000000000000000004829,140508
1788458915.362286,49.759793,rx,-1,0.000000,0.000000,0.000000,0.000000,1929,48250,25044,0.000000,0.000000,0.648186,0.248233,1.139590,0,0,0.000000,0.000000,9,11,-1,0,,140508
1788458915.362803,49.760319,rx,-1,0.000000,0.000000,0.000000,0.000000,1930,48276,24976,0.000000,0.000000,0.648186,0.248233,1.139590,0,0,0.000000,0.000000,9,11,-1,0,,140508
1788458915.362895,49.760422,tx,-1,0.000000,0.000000,0.000000,0.000000,,,,,,,,,,,,,,,,,aa5501090000000000000000004829,140652
1788458915.417374,49.814884,rx,-1,0.000000,0.000000,0.000000,0.000000,1931,48301,24996,0.000000,0.000000,0.648186,0.248233,1.139590,0,0,0.000000,0.000000,9,11,-1,0,,140652
1788458915.422073,49.819591,rx,-1,0.000000,0.000000,0.000000,0.000000,1932,48325,24996,0.000000,0.000000,0.648186,0.248233,1.139590,0,0,0.000000,0.000000,9,11,-1,0,,140652
1788458915.422179,49.819707,tx,-1,0.000000,0.000000,0.000000,0.000000,,,,,,,,,,,,,,,,,aa5501090000000000000000004829,140796
1788458915.470405,49.867920,rx,-1,0.000000,0.000000,0.000000,0.000000,1933,48351,25012,0.000000,0.000000,0.648186,0.248233,1.139590,0,0,0.000000,0.000000,9,11,-1,0,,140796
1788458915.470599,49.868125,rx,-1,0.000000,0.000000,0.000000,0.000000,1934,48375,24976,0.000000,0.000000,0.648186,0.248233,1.139590,0,0,0.000000,0.000000,9,11,-1,0,,140796
1788458915.470630,49.868158,tx,-1,0.000000,0.000000,0.000000,0.000000,,,,,,,,,,,,,,,,,aa5501090000000000000000004829,140972
1788458915.525923,49.923430,rx,-1,0.000000,0.000000,0.000000,0.000000,1935,48401,25040,0.000000,0.000000,0.648186,0.248233,1.139590,0,0,0.000000,0.000000,9,11,-1,0,,140972
1788458915.530882,49.928403,rx,-1,0.000000,0.000000,0.000000,0.000000,1936,48425,25000,0.000000,0.000000,0.648186,0.248233,1.139590,0,0,0.000000,0.000000,9,11,-1,0,,140972
1788458915.531053,49.928579,rx,-1,0.000000,0.000000,0.000000,0.000000,1937,48450,24976,0.000000,0.000000,0.648186,0.248233,1.139590,0,0,0.000000,0.000000,9,11,-1,0,,140972
1788458915.531073,49.928601,tx,-1,0.000000,0.000000,0.000000,0.000000,,,,,,,,,,,,,,,,,aa5501090000000000000000004829,141156
1788458915.578988,49.976497,rx,-1,0.000000,0.000000,0.000000,0.000000,1938,48476,24988,0.000000,0.000000,0.648186,0.248233,1.139590,0,0,0.000000,0.000000,9,11,-1,0,,141156
1788458915.579348,49.976868,rx,-1,0.000000,0.000000,0.000000,0.000000,1939,48500,25028,0.000000,0.000000,0.648186,0.248233,1.139590,0,0,0.000000,0.000000,9,11,-1,0,,141156
1788458915.579403,49.976930,tx,-1,0.000000,0.000000,0.000000,0.000000,,,,,,,,,,,,,,,,,aa5501090000000000000000004829,141300
1788458915.633934,50.031440,rx,-1,0.000000,0.000000,0.000000,0.000000,1940,48526,24988,0.000000,0.000000,0.648186,0.248233,1.139590,0,0,0.000000,0.000000,9,11,-1,0,,141300
1788458915.638922,50.036442,rx,-1,0.000000,0.000000,0.000000,0.000000,1941,48550,25000,0.000000,0.000000,0.648186,0.248233,1.139590,0,0,0.000000,0.000000,9,11,-1,0,,141300
1788458915.639002,50.036529,tx,-1,0.000000,0.000000,0.000000,0.000000,,,,,,,,,,,,,,,,,aa5501090000000000000000004829,141444
1788458915.687430,50.084946,rx,-1,0.000000,0.000000,0.000000,0.000000,1942,48576,25020,0.000000,0.000000,0.648186,0.248233,1.139590,0,0,0.000000,0.000000,9,11,-1,0,,141444
1788458915.687672,50.085190,rx,-1,0.000000,0.000000,0.000000,0.000000,1943,48601,24988,0.000000,0.000000,0.648186,0.248233,1.139590,0,0,0.000000,0.000000,9,11,-1,0,,141444
1788458915.687742,50.085270,tx,-1,0.000000,0.000000,0.000000,0.000000,,,,,,,,,,,,,,,,,aa5501090000000000000000004829,141588
1788458915.739554,50.137065,rx,-1,0.000000,0.000000,0.000000,0.000000,1944,48625,25016,0.000000,0.000000,0.648186,0.248233,1.139590,0,0,0.000000,0.000000,9,11,-1,0,,141588
1788458915.742737,50.140250,rx,-1,0.000000,0.000000,0.000000,0.000000,1945,48651,24960,0.000000,0.000000,0.648186,0.248233,1.139590,0,0,0.000000,0.000000,9,11,-1,0,,141588
1788458915.742846,50.140374,tx,-1,0.000000,0.000000,0.000000,0.000000,,,,,,,,,,,,,,,,,aa5501090000000000000000004829,141732
1788458915.789423,50.186945,rx,-1,0.000000,0.000000,0.000000,0.000000,1946,48675,25024,0.000000,0.000000,0.648186,0.248233,1.139590,0,0,0.000000,0.000000,9,11,-1,0,,141732
1788458915.789516,50.187043,rx,-1,0.000000,0.000000,0.000000,0.000000,1947,48701,24996,0.000000,0.000000,0.648186,0.248233,1.139590,0,0,0.000000,0.000000,9,11,-1,0,,141732
1788458915.789529,50.187057,tx,-1,0.000000,0.000000,0.000000,0.000000,,,,,,,,,,,,,,,,,aa5501090000000000000000004829,141876
1788458915.841406,50.238927,rx,-1,0.000000,0.000000,0.000000,0.000000,1948,48726,25004,0.000000,0.000000,0.648186,0.248233,1.139590,0,0,0.000000,0.000000,9,11,-1,0,,141876
1788458915.843318,50.240843,rx,-1,0.000000,0.000000,0.000000,0.000000,1949,48750,25016,0.000000,0.000000,0.648186,0.248233,1.139590,0,0,0.000000,0.000000,9,11,-1,0,,141876
1788458915.843356,50.240884,tx,-1,0.000000,0.000000,0.000000,0.000000,,,,,,,,,,,,,,,,,aa5501090000000000000000004829,142020
1788458915.895664,50.293187,rx,-1,0.000000,0.000000,0.000000,0.000000,1950,48776,24996,0.000000,0.000000,0.648186,0.248233,1.139590,0,0,0.000000,0.000000,9,11,-1,0,,142020
1788458915.895735,50.293262,rx,-1,0.000000,0.000000,0.000000,0.000000,1951,48800,24976,0.000000,0.000000,0.648186,0.248233,1.139590,0,0,0.000000,0.000000,9,11,-1,0,,142020
1788458915.895745,50.293273,tx,-1,0.000000,0.000000,0.000000,0.000000,,,,,,,,,,,,,,,,,aa5501090000000000000000004829,142164
1788458915.948298,50.345823,rx,-1,0.000000,0.000000,0.000000,0.000000,1952,48826,24988,0.000000,0.000000,0.648186,0.248233,1.139590,0,0,0.000000,0.000000,9,11,-1,0,,142164
1788458915.950331,50.347857,rx,-1,0.000000,0.000000,0.000000,0.000000,1953,48850,25044,0.000000,0.000000,0.648186,0.248233,1.139590,0,0,0.000000,0.000000,9,11,-1,0,,142164
1788458915.950353,50.347881,tx,-1,0.000000,0.000000,0.000000,0.000000,,,,,,,,,,,,,,,,,aa5501090000000000000000004829,142308
1788458916.003680,50.401204,rx,-1,0.000000,0.000000,0.000000,0.000000,1954,48875,24960,0.000000,0.000000,0.648186,0.248233,1.139590,0,0,0.000000,0.000000,9,11,-1,0,,142308
1788458916.003785,50.401311,rx,-1,0.000000,0.000000,0.000000,0.000000,1955,48901,24996,0.000000,0.000000,0.648186,0.248233,1.139590,0,0,0.000000,0.000000,9,11,-1,0,,142308
1788458916.003809,50.401337,tx,-1,0.000000,0.000000,0.000000,0.000000,,,,,,,,,,,,,,,,,aa5501090000000000000000004829,142516
1788458916.056876,50.454401,rx,-1,0.000000,0.000000,0.000000,0.000000,1956,48925,25000,0.000000,0.000000,0.648186,0.248233,1.139590,0,0,0.000000,0.000000,9,11,-1,0,,142516
1788458916.058803,50.456327,rx,-1,0.000000,0.000000,0.000000,0.000000,1957,48951,25024,0.000000,0.000000,0.648186,0.248233,1.139590,0,0,0.000000,0.000000,9,11,-1,0,,142516
1788458916.058894,50.456420,rx,-1,0.000000,0.000000,0.000000,0.000000,1958,48975,25012,0.000000,0.000000,0.648186,0.248233,1.139590,0,0,0.000000,0.000000,9,11,-1,0,,142516
1788458916.058911,50.456438,tx,-1,0.000000,0.000000,0.000000,0.000000,,,,,,,,,,,,,,,,,aa5501090000000000000000004829,142668
1788458916.111728,50.509250,rx,-1,0.000000,0.000000,0.000000,0.000000,1959,49001,24964,0.000000,0.000000,0.648186,0.248233,1.139590,0,0,0.000000,0.000000,9,11,-1,0,,142668
1788458916.111962,50.509487,rx,-1,0.000000,0.000000,0.000000,0.000000,1960,49026,25016,0.000000,0.000000,0.648186,0.248233,1.139590,0,0,0.000000,0.000000,9,11,-1,0,,142668
1788458916.111986,50.509514,tx,-1,0.000000,0.000000,0.000000,0.000000,,,,,,,,,,,,,,,,,aa5501090000000000000000004829,142867
1788458916.165102,50.562622,rx,-1,0.000000,0.000000,0.000000,0.000000,1961,49050,25004,0.000000,0.000000,0.648186,0.248233,1.139590,0,0,0.000000,0.000000,9,11,-1,0,,142867
1788458916.167780,50.565305,rx,-1,0.000000,0.000000,0.000000,0.000000,1962,49076,24992,0.000000,0.000000,0.648186,0.248233,1.139590,0,0,0.000000,0.000000,9,11,-1,0,,142867
1788458916.167817,50.565344,tx,-1,0.000000,0.000000,0.000000,0.000000,,,,,,,,,,,,,,,,,aa5501090000000000000000004829,143011
1788458916.215441,50.612959,rx,-1,0.000000,0.000000,0.000000,0.000000,1963,49100,24988,0.000000,0.000000,0.648186,0.248233,1.139590,0,0,0.000000,0.000000,9,11,-1,0,,143011
1788458916.215643,50.613168,rx,-1,0.000000,0.000000,0.000000,0.000000,1964,49126,25032,0.000000,0.000000,0.648186,0.248233,1.139590,0,0,0.000000,0.000000,9,11,-1,0,,143011
1788458916.215676,50.613203,tx,-1,0.000000,0.000000,0.000000,0.000000,,,,,,,,,,,,,,,,,aa5501090000000000000000004829,143155
1788458916.270064,50.667581,rx,-1,0.000000,0.000000,0.000000,0.000000,1965,49150,25004,0.000000,0.000000,0.648186,0.248233,1.139590,0,0,0.000000,0.000000,9,11,-1,0,,143155
1788458916.273929,50.671446,rx,-1,0.000000,0.000000,0.000000,0.000000,1966,49175,24968,0.000000,0.000000,0.648186,0.248233,1.139590,0,0,0.000000,0.000000,9,11,-1,0,,143155
1788458916.274033,50.671559,tx,-1,0.000000,0.000000,0.000000,0.000000,,,,,,,,,,,,,,,,,aa5501090000000000000000004829,143299
1788458916.322674,50.720191,rx,-1,0.000000,0.000000,0.000000,0.000000,1967,49201,24996,0.000000,0.000000,0.648186,0.248233,1.139590,0,0,0.000000,0.000000,9,11,-1,0,,143299
1788458916.322876,50.720401,rx,-1,0.000000,0.000000,0.000000,0.000000,1968,49225,25040,0.000000,0.000000,0.648186,0.248233,1.139590,0,0,0.000000,0.000000,9,11,-1,0,,143299
1788458916.322912,50.720439,tx,-1,0.000000,0.000000,0.000000,0.000000,,,,,,,,,,,,,,,,,aa5501090000000000000000004829,143443
1788458916.376896,50.774412,rx,-1,0.000000,0.000000,0.000000,0.000000,1969,49251,24980,0.000000,0.000000,0.648186,0.248233,1.139590,0,0,0.000000,0.000000,9,11,-1,0,,143443
1788458916.380728,50.778246,rx,-1,0.000000,0.000000,0.000000,0.000000,1970,49275,25008,0.000000,0.000000,0.648186,0.248233,1.139590,0,0,0.000000,0.000000,9,11,-1,0,,143443
1788458916.380821,50.778348,tx,-1,0.000000,0.000000,0.000000,0.000000,,,,,,,,,,,,,,,,,aa5501090000000000000000004829,143587
1788458916.429341,50.826855,rx,-1,0.000000,0.000000,0.000000,0.000000,1971,49301,25012,0.000000,0.000000,0.648186,0.248233,1.139590,0,0,0.000000,0.000000,9,11,-1,0,,143587
1788458916.429624,50.827145,rx,-1,0.000000,0.000000,0.000000,0.000000,1972,49326,24956,0.000000,0.000000,0.648186,0.248233,1.139590,0,0,0.000000,0.000000,9,11,-1,0,,143587
1788458916.429675,50.827201,tx,-1,0.000000,0.000000,0.000000,0.000000,,,,,,,,,,,,,,,,,aa5501090000000000000000004829,143731
1788458916.484619,50.882118,rx,-1,0.000000,0.000000,0.000000,0.000000,1973,49350,25000,0.000000,0.000000,0.648186,0.248233,1.139590,0,0,0.000000,0.000000,9,11,-1,0,,143731
1788458916.489817,50.887331,rx,-1,0.000000,0.000000,0.000000,0.000000,1974,49376,25040,0.000000,0.000000,0.648186,0.248233,1.139590,0,0,0.000000,0.000000,9,11,-1,0,,143731
1788458916.489954,50.887480,tx,-1,0.000000,0.000000,0.000000,0.000000,,,,,,,,,,,,,,,,,aa5501090000000000000000004829,143939
1788458916.538193,50.935706,rx,-1,0.000000,0.000000,0.000000,0.000000,1975,49400,24968,0.000000,0.000000,0.648186,0.248233,1.139590,0,0,0.000000,0.000000,9,11,-1,0,,143939
1788458916.538490,50.936012,rx,-1,0.000000,0.000000,0.000000,0.000000,1976,49426,25004,0.000000,0.000000,0.648186,0.248233,1.139590,0,0,0.000000,0.000000,9,11,-1,0,,143939
1788458916.538654,50.936178,rx,-1,0.000000,0.000000,0.000000,0.000000,1977,49451,24992,0.000000,0.000000,0.648186,0.248233,1.139590,0,0,0.000000,0.000000,9,11,-1,0,,143939
1788458916.538683,50.936210,tx,-1,0.000000,0.000000,0.000000,0.000000,,,,,,,,,,,,,,,,,aa5501090000000000000000004829,144091
1788458916.592660,50.990183,rx,-1,0.000000,0.000000,0.000000,0.000000,1978,49475,25032,0.000000,0.000000,0.648186,0.248233,1.139590,0,0,0.000000,0.000000,9,11,-1,0,,144091
1788458916.594560,50.992086,rx,-1,0.000000,0.000000,0.000000,0.000000,1979,49501,24984,0.000000,0.000000,0.648186,0.248233,1.139590,0,0,0.000000,0.000000,9,11,-1,0,,144091
1788458916.594584,50.992111,tx,-1,0.000000,0.000000,0.000000,0.000000,,,,,,,,,,,,,,,,,aa5501090000000000000000004829,144235
1788458916.648434,51.045949,rx,-1,0.000000,0.000000,0.000000,0.000000,1980,49525,25004,0.000000,0.000000,0.648186,0.248233,1.139590,0,0,0.000000,0.000000,9,11,-1,0,,144235
1788458916.648721,51.046243,rx,-1,0.000000,0.000000,0.000000,0.000000,1981,49551,24976,0.000000,0.000000,0.648186,0.248233,1.139590,0,0,0.000000,0.000000,9,11,-1,0,,144235
1788458916.648757,51.046284,tx,-1,0.000000,0.000000,0.000000,0.000000,,,,,,,,,,,,,,,,,aa5501090000000000000000004829,144379
1788458916.702621,51.100140,rx,-1,0.000000,0.000000,0.000000,0.000000,1982,49575,25016,0.000000,0.000000,0.648186,0.248233,1.139590,0,0,0.000000,0.000000,9,11,-1,0,,144379
1788458916.705692,51.103214,rx,-1,0.000000,0.000000,0.000000,0.000000,1983,49600,25012,0.000000,0.000000,0.648186,0.248233,1.139590,0,0,0.000000,0.000000,9,11,-1,0,,144379
1788458916.705738,51.103265,tx,-1,0.000000,0.000000,0.000000,0.000000,,,,,,,,,,,,,,,,,aa5501090000000000000000004829,144523
1788458916.754887,51.152394,rx,-1,0.000000,0.000000,0.000000,0.000000,1984,49626,25012,0.000000,0.000000,0.648186,0.248233,1.139590,0,0,0.000000,0.000000,9,11,-1,0,,144523
1788458916.755367,51.152881,rx,-1,0.000000,0.000000,0.000000,0.000000,1985,49650,24988,0.000000,0.000000,0.648186,0.248233,1.139590,0,0,0.000000,0.000000,9,11,-1,0,,144523
1788458916.755452,51.152977,tx,-1,0.000000,0.000000,0.000000,0.000000,,,,,,,,,,,,,,,,,aa5501090000000000000000004829,144667
1788458916.809486,51.206999,rx,-1,0.000000,0.000000,0.000000,0.000000,1986,49676,25000,0.000000,0.000000,0.648186,0.248233,1.139590,0,0,0.000000,0.000000,9,11,-1,0,,144667
1788458916.813114,51.210633,rx,-1,0.000000,0.000000,0.000000,0.000000,1987,49700,24972,0.000000,0.000000,0.648186,0.248233,1.139590,0,0,0.000000,0.000000,9,11,-1,0,,144667
1788458916.813176,51.210702,tx,-1,0.000000,0.000000,0.000000,0.000000,,,,,,,,,,,,,,,,,aa5501090000000000000000004829,144811
1788458916.860851,51.258369,rx,-1,0.000000,0.000000,0.000000,0.000000,1988,49726,25040,0.000000,0.000000,0.648186,0.248233,1.139590,0,0,0.000000,0.000000,9,11,-1,0,,144811
1788458916.861033,51.258556,rx,-1,0.000000,0.000000,0.000000,0.000000,1989,49751,24996,0.000000,0.000000,0.648186,0.248233,1.139590,0,0,0.000000,0.000000,9,11,-1,0,,144811
1788458916.861066,51.258593,tx,-1,0.000000,0.000000,0.000000,0.000000,,,,,,,,,,,,,,,,,aa5501090000000000000000004829,144987
1788458916.915316,51.312819,rx,-1,0.000000,0.000000,0.000000,0.000000,1990,49775,24968,0.000000,0.000000,0.648186,0.248233,1.139590,0,0,0.000000,0.000000,9,11,-1,0,,144987
1788458916.920103,51.317618,rx,-1,0.000000,0.000000,0.000000,0.000000,1991,49801,24996,0.000000,0.000000,0.648186,0.248233,1.139590,0,0,0.000000,0.000000,9,11,-1,0,,144987
1788458916.920253,51.317779,tx,-1,0.000000,0.000000,0.000000,0.000000,,,,,,,,,,,,,,,,,aa5501090000000000000000004829,145163
1788458916.969445,51.366950,rx,-1,0.000000,0.000000,0.000000,0.000000,1992,49825,25036,0.000000,0.000000,0.648186,0.248233,1.139590,0,0,0.000000,0.000000,9,11,-1,0,,145163
1788458916.969934,51.367449,rx,-1,0.000000,0.000000,0.000000,0.000000,1993,49851,24984,0.000000,0.000000,0.648186,0.248233,1.139590,0,0,0.000000,0.000000,9,11,-1,0,,145163
1788458916.970335,51.367851,rx,-1,0.000000,0.000000,0.000000,0.000000,1994,49875,24996,0.000000,0.000000,0.648186,0.248233,1.139590,0,0,0.000000,0.000000,9,11,-1,0,,145163
1788458916.970424,51.367949,tx,-1,0.000000,0.000000,0.000000,0.000000,,,,,,,,,,,,,,,,,aa5501090000000000000000004829,145315
1788458917.019938,51.417457,rx,-1,0.000000,0.000000,0.000000,0.000000,1995,49900,25024,0.000000,0.000000,0.648186,0.248233,1.139590,0,0,0.000000,0.000000,9,11,-1,0,,145315
1788458917.022491,51.420011,rx,-1,0.000000,0.000000,0.000000,0.000000,1996,49926,25000,0.000000,0.000000,0.648186,0.248233,1.139590,0,0,0.000000,0.000000,9,11,-1,0,,145315
1788458917.022541,51.420067,tx,-1,0.000000,0.000000,0.000000,0.000000,,,,,,,,,,,,,,,,,aa5501090000000000000000004829,145459
1788458917.074370,51.471894,rx,-1,0.000000,0.000000,0.000000,0.000000,1997,49950,24972,0.000000,0.000000,0.648186,0.248233,1.139590,0,0,0.000000,0.000000,9,11,-1,0,,145459
1788458917.074463,51.471989,rx,-1,0.000000,0.000000,0.000000,0.000000,1998,49976,24992,0.000000,0.000000,0.648186,0.248233,1.139590,0,0,0.000000,0.000000,9,11,-1,0,,145459
1788458917.074477,51.472003,tx,-1,0.000000,0.000000,0.000000,0.000000,,,,,,,,,,,,,,,,,aa5501090000000000000000004829,145603
1788458917.128189,51.525711,rx,-1,0.000000,0.000000,0.000000,0.000000,1999,50000,25028,0.000000,0.000000,0.648186,0.248233,1.139590,0,0,0.000000,0.000000,9,11,-1,0,,145603
1788458917.130291,51.527813,rx,-1,0.000000,0.000000,0.000000,0.000000,2000,50026,24988,0.000000,0.000000,0.648186,0.248233,1.139590,0,0,0.000000,0.000000,9,11,-1,0,,145603
1788458917.130330,51.527856,tx,-1,0.000000,0.000000,0.000000,0.000000,,,,,,,,,,,,,,,,,aa5501090000000000000000004829,145802
1788458917.183115,51.580632,rx,-1,0.000000,0.000000,0.000000,0.000000,2001,50051,24996,0.000000,0.000000,0.648186,0.248233,1.139590,0,0,0.000000,0.000000,9,11,-1,0,,145802
1788458917.183273,51.580797,rx,-1,0.000000,0.000000,0.000000,0.000000,2002,50075,25020,0.000000,0.000000,0.648186,0.248233,1.139590,0,0,0.000000,0.000000,9,11,-1,0,,145802
1788458917.183300,51.580827,tx,-1,0.000000,0.000000,0.000000,0.000000,,,,,,,,,,,,,,,,,aa5501090000000000000000004829,145946
1788458917.237370,51.634875,rx,-1,0.000000,0.000000,0.000000,0.000000,2003,50101,25000,0.000000,0.000000,0.648186,0.248233,1.139590,0,0,0.000000,0.000000,9,11,-1,0,,145946
1788458917.242214,51.639730,rx,-1,0.000000,0.000000,0.000000,0.000000,2004,50125,24980,0.000000,0.000000,0.648186,0.248233,1.139590,0,0,0.000000,0.000000,9,11,-1,0,,145946
1788458917.242305,51.639831,tx,-1,0.000000,0.000000,0.000000,0.000000,,,,,,,,,,,,,,,,,aa5501090000000000000000004829,146090
1788458917.289344,51.686865,rx,-1,0.000000,0.000000,0.000000,0.000000,2005,50151,24988,0.000000,0.000000,0.648186,0.248233,1.139590,0,0,0.000000,0.000000,9,11,-1,0,,146090
1788458917.289439,51.686965,rx,-1,0.000000,0.000000,0.000000,0.000000,2006,50176,24996,0.000000,0.000000,0.648186,0.248233,1.139590,0,0,0.000000,0.000000,9,11,-1,0,,146090
1788458917.289453,51.686980,tx,-1,0.000000,0.000000,0.000000,0.000000,,,,,,,,,,,,,,,,,aa5501090000000000000000004829,146234
1788458917.342778,51.740294,rx,-1,0.000000,0.000000,0.000000,0.000000,2007,50200,25012,0.000000,0.000000,0.648186,0.248233,1.139590,0,0,0.000000,0.000000,9,11,-1,0,,146234
1788458917.345820,51.743337,rx,-1,0.000000,0.000000,0.000000,0.000000,2008,50226,25000,0.000000,0.000000,0.648186,0.248233,1.139590,0,0,0.000000,0.000000,9,11,-1,0,,146234
1788458917.345936,51.743462,tx,-1,0.000000,0.000000,0.000000,0.000000,,,,,,,,,,,,,,,,,aa5501090000000000000000004829,146410
1788458917.394581,51.792088,rx,-1,0.000000,0.000000,0.000000,0.000000,2009,50250,25008,0.000000,0.000000,0.648186,0.248233,1.139590,0,0,0.000000,0.000000,9,11,-1,0,,146410
1788458917.395100,51.792611,rx,-1,0.000000,0.000000,0.000000,0.000000,2010,50276,25004,0.000000,0.000000,0.648186,0.248233,1.139590,0,0,0.000000,0.000000,9,11,-1,0,,146410
1788458917.395195,51.792720,tx,-1,0.000000,0.000000,0.000000,0.000000,,,,,,,,,,,,,,,,,aa5501090000000000000000004829,146554
1788458917.448739,51.846245,rx,-1,0.000000,0.000000,0.000000,0.000000,2011,50300,25004,0.000000,0.000000,0.648186,0.248233,1.139590,0,0,0.000000,0.000000,9,11,-1,0,,146554
1788458917.453701,51.851220,rx,-1,0.000000,0.000000,0.000000,0.000000,2012,50325,24976,0.000000,0.000000,0.648186,0.248233,1.139590,0,0,0.000000,0.000000,9,11,-1,0,,146554
1788458917.453905,51.851428,rx,-1,0.000000,0.000000,0.000000,0.000000,2013,50351,25024,0.000000,0.000000,0.648186,0.248233,1.139590,0,0,0.000000,0.000000,9,11,-1,0,,146554
1788458917.453936,51.851462,tx,-1,0.000000,0.000000,0.000000,0.000000,,,,,,,,,,,,,,,,,aa5501090000000000000000004829,146738
1788458917.500885,51.898406,rx,-1,0.000000,0.000000,0.000000,0.000000,2014,50375,24992,0.000000,0.000000,0.648186,0.248233,1.139590,0,0,0.000000,0.000000,9,11,-1,0,,146738
1788458917.500974,51.898500,rx,-1,0.000000,0.000000,0.000000,0.000000,2015,50401,24992,0.000000,0.000000,0.648186,0.248233,1.139590,0,0,0.000000,0.000000,9,11,-1,0,,146738
1788458917.500987,51.898513,tx,-1,0.000000,0.000000,0.000000,0.000000,,,,,,,,,,,,,,,,,aa5501090000000000000000004829,146882
1788458917.554920,51.952425,rx,-1,0.000000,0.000000,0.000000,0.000000,2016,50425,24992,0.000000,0.000000,0.648186,0.248233,1.139590,0,0,0.000000,0.000000,9,11,-1,0,,146882
1788458917.559667,51.957185,rx,-1,0.000000,0.000000,0.000000,0.000000,2017,50451,25028,0.000000,0.000000,0.648186,0.248233,1.139590,0,0,0.000000,0.000000,9,11,-1,0,,146882
1788458917.559753,51.957279,tx,-1,0.000000,0.000000,0.000000,0.000000,,,,,,,,,,,,,,,,,aa5501090000000000000000004829,147026
1788458917.607921,52.005386,rx,-1,0.000000,0.000000,0.000000,0.000000,2018,50476,24976,0.000000,0.000000,0.648186,0.248233,1.139590,0,0,0.000000,0.000000,9,11,-1,0,,147026
1788458917.608494,52.006005,rx,-1,0.000000,0.000000,0.000000,0.000000,2019,50500,25016,0.000000,0.000000,0.648186,0.248233,1.139590,0,0,0.000000,0.000000,9,11,-1,0,,147026
1788458917.608583,52.006107,tx,-1,0.000000,0.000000,0.000000,0.000000,,,,,,,,,,,,,,,,,aa5501090000000000000000004829,147170
1788458917.658026,52.055531,rx,-1,0.000000,0.000000,0.000000,0.000000,2020,50526,25004,0.000000,0.000000,0.648186,0.248233,1.139590,0,0,0.000000,0.000000,9,11,-1,0,,147170
1788458917.662391,52.059907,rx,-1,0.000000,0.000000,0.000000,0.000000,2021,50550,25008,0.000000,0.000000,0.648186,0.248233,1.139590,0,0,0.000000,0.000000,9,11,-1,0,,147170
1788458917.662480,52.060006,tx,-1,0.000000,0.000000,0.000000,0.000000,,,,,,,,,,,,,,,,,aa5501090000000000000000004829,147314
1788458917.710533,52.108039,rx,-1,0.000000,0.000000,0.000000,0.000000,2022,50576,25000,0.000000,0.000000,0.648186,0.248233,1.139590,0,0,0.000000,0.000000,9,11,-1,0,,147314
1788458917.711008,52.108523,rx,-1,0.000000,0.000000,0.000000,0.000000,2023,50600,25004,0.000000,0.000000,0.648186,0.248233,1.139590,0,0,0.000000,0.000000,9,11,-1,0,,147314
1788458917.711079,52.108604,tx,-1,0.000000,0.000000,0.000000,0.000000,,,,,,,,,,,,,,,,,aa5501090000000000000000004829,147458
1788458917.765115,52.162633,rx,-1,0.000000,0.000000,0.000000,0.000000,2024,50625,24964,0.000000,0.000000,0.648186,0.248233,1.139590,0,0,0.000000,0.000000,9,11,-1,0,,147458
1788458917.767120,52.164643,rx,-1,0.000000,0.000000,0.000000,0.000000,2025,50651,25020,0.000000,0.000000,0.648186,0.248233,1.139590,0,0,0.000000,0.000000,9,11,-1,0,,147458
1788458917.767166,52.164693,tx,-1,0.000000,0.000000,0.000000,0.000000,,,,,,,,,,,,,,,,,aa5501090000000000000000004829,147602
1788458917.820660,52.218175,rx,-1,0.000000,0.000000,0.000000,0.000000,2026,50675,24992,0.000000,0.000000,0.648186,0.248233,1.139590,0,0,0.000000,0.000000,9,11,-1,0,,147602
1788458917.821079,52.218599,rx,-1,0.000000,0.000000,0.000000,0.000000,2027,50701,24992,0.000000,0.000000,0.648186,0.248233,1.139590,0,0,0.000000,0.000000,9,11,-1,0,,147602
1788458917.821130,52.218655,tx,-1,0.000000,0.000000,0.000000,0.000000,,,,,,,,,,,,,,,,,aa5501090000000000000000004829,147746
1788458917.875297,52.272802,rx,-1,0.000000,0.000000,0.000000,0.000000,2028,50725,25024,0.000000,0.000000,0.648186,0.248233,1.139590,0,0,0.000000,0.000000,9,11,-1,0,,147746
1788458917.879710,52.277227,rx,-1,0.000000,0.000000,0.000000,0.000000,2029,50751,24996,0.000000,0.000000,0.648186,0.248233,1.139590,0,0,0.000000,0.000000,9,11,-1,0,,147746
1788458917.879828,52.277353,tx,-1,0.000000,0.000000,0.000000,0.000000,,,,,,,,,,,,,,,,,aa5501090000000000000000004829,147954
1788458917.927967,52.325486,rx,-1,0.000000,0.000000,0.000000,0.000000,2030,50776,24984,0.000000,0.000000,0.648186,0.248233,1.139590,0,0,0.000000,0.000000,9,11,-1,0,,147954
1788458917.928065,52.325590,rx,-1,0.000000,0.000000,0.000000,0.000000,2031,50800,25028,0.000000,0.000000,0.648186,0.248233,1.139590,0,0,0.000000,0.000000,9,11,-1,0,,147954
1788458917.928084,52.325610,tx,-1,0.000000,0.000000,0.000000,0.000000,,,,,,,,,,,,,,,,,aa5501090000000000000000004829,148098
1788458917.982783,52.380295,rx,-1,0.000000,0.000000,0.000000,0.000000,2032,50826,24992,0.000000,0.000000,0.648186,0.248233,1.139590,0,0,0.000000,0.000000,9,11,-1,0,,148098
1788458917.986157,52.383665,rx,-1,0.000000,0.000000,0.000000,0.000000,2033,50850,24984,0.000000,0.000000,0.648186,0.248233,1.139590,0,0,0.000000,0.000000,9,11,-1,0,,148098
1788458917.986722,52.384231,rx,-1,0.000000,0.000000,0.000000,0.000000,2034,50876,24984,0.000000,0.000000,0.648186,0.248233,1.139590,0,0,0.000000,0.000000,9,11,-1,0,,148098
1788458917.986810,52.384334,tx,-1,0.000000,0.000000,0.000000,0.000000,,,,,,,,,,,,,,,,,aa5501090000000000000000004829,148250
1788458918.034680,52.432197,rx,-1,0.000000,0.000000,0.000000,0.000000,2035,50900,25008,0.000000,0.000000,0.648186,0.248233,1.139590,0,0,0.000000,0.000000,9,11,-1,0,,148250
1788458918.034792,52.432317,rx,-1,0.000000,0.000000,0.000000,0.000000,2036,50925,25016,0.000000,0.000000,0.648186,0.248233,1.139590,0,0,0.000000,0.000000,9,11,-1,0,,148250
1788458918.034807,52.432333,tx,-1,0.000000,0.000000,0.000000,0.000000,,,,,,,,,,,,,,,,,aa5501090000000000000000004829,148394
1788458918.087691,52.485207,rx,-1,0.000000,0.000000,0.000000,0.000000,2037,50951,25012,0.000000,0.000000,0.648186,0.248233,1.139590,0,0,0.000000,0.000000,9,11,-1,0,,148394
1788458918.090586,52.488107,rx,-1,0.000000,0.000000,0.000000,0.000000,2038,50975,25000,0.000000,0.000000,0.648186,0.248233,1.139590,0,0,0.000000,0.000000,9,11,-1,0,,148394
1788458918.090651,52.488177,tx,-1,0.000000,0.000000,0.000000,0.000000,,,,,,,,,,,,,,,,,aa5501090000000000000000004829,148538
1788458918.138034,52.535548,rx,-1,0.000000,0.000000,0.000000,0.000000,2039,51001,25004,0.000000,0.000000,0.648186,0.248233,1.139590,0,0,0.000000,0.000000,9,11,-1,0,,148538
1788458918.138349,52.535871,rx,-1,0.000000,0.000000,0.000000,0.000000,2040,51025,24968,0.000000,0.000000,0.648186,0.248233,1.139590,0,0,0.000000,0.000000,9,11,-1,0,,148538
1788458918.138383,52.535908,tx,-1,0.000000,0.000000,0.000000,0.000000,,,,,,,,,,,,,,,,,aa5501090000000000000000004829,148737
1788458918.192002,52.589516,rx,-1,0.000000,0.000000,0.000000,0.000000,2041,51050,25008,0.000000,0.000000,0.648186,0.248233,1.139590,0,0,0.000000,0.000000,9,11,-1,0,,148737
1788458918.195878,52.593396,rx,-1,0.000000,0.000000,0.000000,0.000000,2042,51076,24984,0.000000,0.000000,0.648186,0.248233,1.139590,0,0,0.000000,0.000000,9,11,-1,0,,148737
1788458918.195960,52.593485,tx,-1,0.000000,0.000000,0.000000,0.000000,,,,,,,,,,,,,,,,,aa5501090000000000000000004829,148881
1788458918.244155,52.641658,rx,-1,0.000000,0.000000,0.000000,0.000000,2043,51100,25028,0.000000,0.000000,0.648186,0.248233,1.139590,0,0,0.000000,0.000000,9,11,-1,0,,148881
1788458918.244527,52.642044,rx,-1,0.000000,0.000000,0.000000,0.000000,2044,51126,24992,0.000000,0.000000,0.648186,0.248233,1.139590,0,0,0.000000,0.000000,9,11,-1,0,,148881
1788458918.244601,52.642125,tx,-1,0.000000,0.000000,0.000000,0.000000,,,,,,,,,,,,,,,,,aa5501090000000000000000004829,149025
1788458918.297792,52.695304,rx,-1,0.000000,0.000000,0.000000,0.000000,2045,51150,24984,0.000000,0.000000,0.648186,0.248233,1.139590,0,0,0.000000,0.000000,9,11,-1,0,,149025
1788458918.300975,52.698493,rx,-1,0.000000,0.000000,0.000000,0.000000,2046,51176,24996,0.000000,0.000000,0.648186,0.248233,1.139590,0,0,0.000000,0.000000,9,11,-1,0,,149025
1788458918.301055,52.698581,tx,-1,0.000000,0.000000,0.000000,0.000000,,,,,,,,,,,,,,,,,aa5501090000000000000000004829,149169
1788458918.349743,52.747249,rx,-1,0.000000,0.000000,0.000000,0.000000,2047,51201,25008,0.000000,0.000000,0.648186,0.248233,1.139590,0,0,0.000000,0.000000,9,11,-1,0,,149169
1788458918.350253,52.747769,rx,-1,0.000000,0.000000,0.000000,0.000000,2048,51225,25012,0.000000,0.000000,0.648186,0.248233,1.139590,0,0,0.000000,0.000000,9,11,-1,0,,149169
1788458918.350322,52.747846,tx,-1,0.000000,0.000000,0.000000,0.000000,,,,,,,,,,,,,,,,,aa5501090000000000000000004829,149313
1788458918.404463,52.801968,rx,-1,0.000000,0.000000,0.000000,0.000000,2049,51251,24996,0.000000,0.000000,0.648186,0.248233,1.139590,0,0,0.000000,0.000000,9,11,-1,0,,149313
1788458918.409361,52.806879,rx,-1,0.000000,0.000000,0.000000,0.000000,2050,51275,25016,0.000000,0.000000,0.648186,0.248233,1.139590,0,0,0.000000,0.000000,9,11,-1,0,,149313
1788458918.409458,52.806983,tx,-1,0.000000,0.000000,0.000000,0.000000,,,,,,,,,,,,,,,,,aa5501090000000000000000004829,149489
1788458918.458278,52.855786,rx,-1,0.000000,0.000000,0.000000,0.000000,2051,51301,24988,0.000000,0.000000,0.648186,0.248233,1.139590,0,0,0.000000,0.000000,9,11,-1,0,,149489
1788458918.458783,52.856294,rx,-1,0.000000,0.000000,0.000000,0.000000,2052,51325,24992,0.000000,0.000000,0.648186,0.248233,1.139590,0,0,0.000000,0.000000,9,11,-1,0,,149489
1788458918.458841,52.856367,tx,-1,0.000000,0.000000,0.000000,0.000000,,,,,,,,,,,,,,,,,aa5501090000000000000000004829,149665
1788458918.513345,52.910863,rx,-1,0.000000,0.000000,0.000000,0.000000,2053,51350,24996,0.000000,0.000000,0.648186,0.248233,1.139590,0,0,0.000000,0.000000,9,11,-1,0,,149665
1788458918.516364,52.913882,rx,-1,0.000000,0.000000,0.000000,0.000000,2054,51376,25036,0.000000,0.000000,0.648186,0.248233,1.139590,0,0,0.000000,0.000000,9,11,-1,0,,149665
1788458918.516543,52.914066,rx,-1,0.000000,0.000000,0.000000,0.000000,2055,51400,24976,0.000000,0.000000,0.648186,0.248233,1.139590,0,0,0.000000,0.000000,9,11,-1,0,,149665
1788458918.516567,52.914092,tx,-1,0.000000,0.000000,0.000000,0.000000,,,,,,,,,,,,,,,,,aa5501090000000000000000004829,149817
1788458918.565659,52.963163,rx,-1,0.000000,0.000000,0.000000,0.000000,2056,51426,25000,0.000000,0.000000,0.648186,0.248233,1.139590,0,0,0.000000,0.000000,9,11,-1,0,,149817
1788458918.566156,52.963670,rx,-1,0.000000,0.000000,0.000000,0.000000,2057,51450,25020,0.000000,0.000000,0.648186,0.248233,1.139590,0,0,0.000000,0.000000,9,11,-1,0,,149817
1788458918.566234,52.963758,tx,-1,0.000000,0.000000,0.000000,0.000000,,,,,,,,,,,,,,,,,aa5501090000000000000000004829,149961
1788458918.620976,53.018494,rx,-1,0.000000,0.000000,0.000000,0.000000,2058,51476,25004,0.000000,0.000000,0.648186,0.248233,1.139590,0,0,0.000000,0.000000,9,11,-1,0,,149961
1788458918.623937,53.021458,rx,-1,0.000000,0.000000,0.000000,0.000000,2059,51501,24988,0.000000,0.000000,0.648186,0.248233,1.139590,0,0,0.000000,0.000000,9,11,-1,0,,149961
1788458918.624016,53.021541,tx,-1,0.000000,0.000000,0.000000,0.000000,,,,,,,,,,,,,,,,,aa5501090000000000000000004829,150105
1788458918.672247,53.069767,rx,-1,0.000000,0.000000,0.000000,0.000000,2060,51525,24968,0.000000,0.000000,0.648186,0.248233,1.139590,0,0,0.000000,0.000000,9,11,-1,0,,150105
1788458918.672399,53.069921,rx,-1,0.000000,0.000000,0.000000,0.000000,2061,51551,25040,0.000000,0.000000,0.648186,0.248233,1.139590,0,0,0.000000,0.000000,9,11,-1,0,,150105
1788458918.672423,53.069948,tx,-1,0.000000,0.000000,0.000000,0.000000,,,,,,,,,,,,,,,,,aa5501090000000000000000004829,150249
1788458918.726273,53.123787,rx,-1,0.000000,0.000000,0.000000,0.000000,2062,51575,24968,0.000000,0.000000,0.648186,0.248233,1.139590,0,0,0.000000,0.000000,9,11,-1,0,,150249
1788458918.729465,53.126985,rx,-1,0.000000,0.000000,0.000000,0.000000,2063,51601,25032,0.000000,0.000000,0.648186,0.248233,1.139590,0,0,0.000000,0.000000,9,11,-1,0,,150249
1788458918.729519,53.127044,tx,-1,0.000000,0.000000,0.000000,0.000000,,,,,,,,,,,,,,,,,aa5501090000000000000000004829,150393
1788458918.777423,53.174939,rx,-1,0.000000,0.000000,0.000000,0.000000,2064,51625,24984,0.000000,0.000000,0.648186,0.248233,1.139590,0,0,0.000000,0.000000,9,11,-1,0,,150393
1788458918.777698,53.175217,rx,-1,0.000000,0.000000,0.000000,0.000000,2065,51650,24996,0.000000,0.000000,0.648186,0.248233,1.139590,0,0,0.000000,0.000000,9,11,-1,0,,150393
1788458918.777746,53.175270,tx,-1,0.000000,0.000000,0.000000,0.000000,,,,,,,,,,,,,,,,,aa5501090000000000000000004829,150537
1788458918.832696,53.230204,rx,-1,0.000000,0.000000,0.000000,0.000000,2066,51676,24984,0.000000,0.000000,0.648186,0.248233,1.139590,0,0,0.000000,0.000000,9,11,-1,0,,150537
1788458918.837281,53.234798,rx,-1,0.000000,0.000000,0.000000,0.000000,2067,51700,25028,0.000000,0.000000,0.648186,0.248233,1.139590,0,0,0.000000,0.000000,9,11,-1,0,,150537
1788458918.837363,53.234888,tx,-1,0.000000,0.000000,0.000000,0.000000,,,,,,,,,,,,,,,,,aa5501090000000000000000004829,150681
1788458918.885712,53.283213,rx,-1,0.000000,0.000000,0.000000,0.000000,2068,51726,24980,0.000000,0.000000,0.648186,0.248233,1.139590,0,0,0.000000,0.000000,9,11,-1,0,,150681
1788458918.886235,53.283748,rx,-1,0.000000,0.000000,0.000000,0.000000,2069,51750,24996,0.000000,0.000000,0.648186,0.248233,1.139590,0,0,0.000000,0.000000,9,11,-1,0,,150681
1788458918.886336,53.283859,tx,-1,0.000000,0.000000,0.000000,0.000000,,,,,,,,,,,,,,,,,aa5501090000000000000000004829,150857
1788458918.938801,53.336316,rx,-1,0.000000,0.000000,0.000000,0.000000,2070,51775,24992,0.000000,0.000000,0.648186,0.248233,1.139590,0,0,0.000000,0.000000,9,11,-1,0,,150857
1788458918.941919,53.339436,rx,-1,0.000000,0.000000,0.000000,0.000000,2071,51801,25044,0.000000,0.000000,0.648186,0.248233,1.139590,0,0,0.000000,0.000000,9,11,-1,0,,150857
1788458918.942005,53.339530,tx,-1,0.000000,0.000000,0.000000,0.000000,,,,,,,,,,,,,,,,,aa5501090000000000000000004829,151033
1788458918.989729,53.387233,rx,-1,0.000000,0.000000,0.000000,0.000000,2072,51825,24968,0.000000,0.000000,0.648186,0.248233,1.139590,0,0,0.000000,0.000000,9,11,-1,0,,151033
1788458918.990239,53.387753,rx,-1,0.000000,0.000000,0.000000,0.000000,2073,51851,25004,0.000000,0.000000,0.648186,0.248233,1.139590,0,0,0.000000,0.000000,9,11,-1,0,,151033
1788458918.990373,53.387896,tx,-1,0.000000,0.000000,0.000000,0.000000,,,,,,,,,,,,,,,,,aa5501090000000000000000004829,151177
1788458919.043529,53.441040,rx,-1,0.000000,0.000000,0.000000,0.000000,2074,51875,25016,0.000000,0.000000,0.648186,0.248233,1.139590,0,0,0.000000,0.000000,9,11,-1,0,,151177
1788458919.046557,53.444076,rx,-1,0.000000,0.000000,0.000000,0.000000,2075,51901,25004,0.000000,0.000000,0.648186,0.248233,1.139590,0,0,0.000000,0.000000,9,11,-1,0,,151177
1788458919.046758,53.444280,rx,-1,0.000000,0.000000,0.000000,0.000000,2076,51926,25008,0.000000,0.000000,0.648186,0.248233,1.139590,0,0,0.000000,0.000000,9,11,-1,0,,151177
1788458919.046788,53.444312,tx,-1,0.000000,0.000000,0.000000,0.000000,,,,,,,,,,,,,,,,,aa5501090000000000000000004829,151329
1788458919.094703,53.492204,rx,-1,0.000000,0.000000,0.000000,0.000000,2077,51950,24964,0.000000,0.000000,0.648186,0.248233,1.139590,0,0,0.000000,0.000000,9,11,-1,0,,151329
1788458919.094835,53.492358,rx,-1,0.000000,0.000000,0.000000,0.000000,2078,51976,25016,0.000000,0.000000,0.648186,0.248233,1.139590,0,0,0.000000,0.000000,9,11,-1,0,,151329
1788458919.094856,53.492380,tx,-1,0.000000,0.000000,0.000000,0.000000,,,,,,,,,,,,,,,,,aa5501090000000000000000004829,151473
1788458919.146667,53.544186,rx,-1,0.000000,0.000000,0.000000,0.000000,2079,52000,24996,0.000000,0.000000,0.648186,0.248233,1.139590,0,0,0.000000,0.000000,9,11,-1,0,,151473
1788458919.148934,53.546456,rx,-1,0.000000,0.000000,0.000000,0.000000,2080,52026,25028,0.000000,0.000000,0.648186,0.248233,1.139590,0,0,0.000000,0.000000,9,11,-1,0,,151473
1788458919.148963,53.546488,tx,-1,0.000000,0.000000,0.000000,0.000000,,,,,,,,,,,,,,,,,aa5501090000000000000000004829,151672
1788458919.201499,53.599017,rx,-1,0.000000,0.000000,0.000000,0.000000,2081,52050,24956,0.000000,0.000000,0.648186,0.248233,1.139590,0,0,0.000000,0.000000,9,11,-1,0,,151672
1788458919.201639,53.599162,rx,-1,0.000000,0.000000,0.000000,0.000000,2082,52075,25036,0.000000,0.000000,0.648186,0.248233,1.139590,0,0,0.000000,0.000000,9,11,-1,0,,151672
1788458919.201660,53.599185,tx,-1,0.000000,0.000000,0.000000,0.000000,,,,,,,,,,,,,,,,,aa5501090000000000000000004829,151816
1788458919.254779,53.652300,rx,-1,0.000000,0.000000,0.000000,0.000000,2083,52101,24996,0.000000,0.000000,0.648186,0.248233,1.139590,0,0,0.000000,0.000000,9,11,-1,0,,151816
1788458919.257141,53.654663,rx,-1,0.000000,0.000000,0.000000,0.000000,2084,52125,24972,0.000000,0.000000,0.648186,0.248233,1.139590,0,0,0.000000,0.000000,9,11,-1,0,,151816
1788458919.257179,53.654703,tx,-1,0.000000,0.000000,0.000000,0.000000,,,,,,,,,,,,,,,,,aa5501090000000000000000004829,151960
1788458919.305579,53.703089,rx,-1,0.000000,0.000000,0.000000,0.000000,2085,52151,25004,0.000000,0.000000,0.648186,0.248233,1.139590,0,0,0.000000,0.000000,9,11,-1,0,,151960
1788458919.305822,53.703343,rx,-1,0.000000,0.000000,0.000000,0.000000,2086,52175,25020,0.000000,0.000000,0.648186,0.248233,1.139590,0,0,0.000000,0.000000,9,11,-1,0,,151960
1788458919.305864,53.703388,tx,-1,0.000000,0.000000,0.000000,0.000000,,,,,,,,,,,,,,,,,aa5501090000000000000000004829,152104
1788458919.359405,53.756917,rx,-1,0.000000,0.000000,0.000000,0.000000,2087,52201,25000,0.000000,0.000000,0.648186,0.248233,1.139590,0,0,0.000000,0.000000,9,11,-1,0,,152104
1788458919.362959,53.760478,rx,-1,0.000000,0.000000,0.000000,0.000000,2088,52226,25004,0.000000,0.000000,0.648186,0.248233,1.139590,0,0,0.000000,0.000000,9,11,-1,0,,152104
1788458919.363041,53.760565,tx,-1,0.000000,0.000000,0.000000,0.000000,,,,,,,,,,,,,,,,,aa5501090000000000000000004829,152248
1788458919.412406,53.809922,rx,-1,0.000000,0.000000,0.000000,0.000000,2089,52250,24964,0.000000,0.000000,0.648186,0.248233,1.139590,0,0,0.000000,0.000000,9,11,-1,0,,152248
1788458919.412655,53.810176,rx,-1,0.000000,0.000000,0.000000,0.000000,2090,52276,25020,0.000000,0.000000,0.648186,0.248233,1.139590,0,0,0.000000,0.000000,9,11,-1,0,,152248
1788458919.412700,53.810224,tx,-1,0.000000,0.000000,0.000000,0.000000,,,,,,,,,,,,,,,,,aa5501090000000000000000004829,152392
1788458919.466712,53.864231,rx,-1,0.000000,0.000000,0.000000,0.000000,2091,52300,24984,0.000000,0.000000,0.648186,0.248233,1.139590,0,0,0.000000,0.000000,9,11,-1,0,,152392
1788458919.469028,53.866550,rx,-1,0.000000,0.000000,0.000000,0.000000,2092,52326,25032,0.000000,0.000000,0.648186,0.248233,1.139590,0,0,0.000000,0.000000,9,11,-1,0,,152392
1788458919.469065,53.866589,tx,-1,0.000000,0.000000,0.000000,0.000000,,,,,,,,,,,,,,,,,aa5501090000000000000000004829,152568
1788458919.516762,53.914281,rx,-1,0.000000,0.000000,0.000000,0.000000,2093,52350,24984,0.000000,0.000000,0.648186,0.248233,1.139590,0,0,0.000000,0.000000,9,11,-1,0,,152568
1788458919.516910,53.914432,rx,-1,0.000000,0.000000,0.000000,0.000000,2094,52375,25000,0.000000,0.000000,0.648186,0.248233,1.139590,0,0,0.000000,0.000000,9,11,-1,0,,152568
1788458919.516931,53.914456,tx,-1,0.000000,0.000000,0.000000,0.000000,,,,,,,,,,,,,,,,,aa5501090000000000000000004829,152712
1788458919.569497,53.967018,rx,-1,0.000000,0.000000,0.000000,0.000000,2095,52401,25028,0.000000,0.000000,0.648186,0.248233,1.139590,0,0,0.000000,0.000000,9,11,-1,0,,152712
1788458919.571483,53.969006,rx,-1,0.000000,0.000000,0.000000,0.000000,2096,52425,24988,0.000000,0.000000,0.648186,0.248233,1.139590,0,0,0.000000,0.000000,9,11,-1,0,,152712
1788458919.571515,53.969039,tx,-1,0.000000,0.000000,0.000000,0.000000,,,,,,,,,,,,,,,,,aa5501090000000000000000004829,152888
1788458919.619945,54.017455,rx,-1,0.000000,0.000000,0.000000,0.000000,2097,52451,24984,0.000000,0.000000,0.648186,0.248233,1.139590,0,0,0.000000,0.000000,9,11,-1,0,,152888
1788458919.620182,54.017703,rx,-1,0.000000,0.000000,0.000000,0.000000,2098,52475,24988,0.000000,0.000000,0.648186,0.248233,1.139590,0,0,0.000000,0.000000,9,11,-1,0,,152888
1788458919.620232,54.017756,tx,-1,0.000000,0.000000,0.000000,0.000000,,,,,,,,,,,,,,,,,aa5501090000000000000000004829,153032
1788458919.673966,54.071477,rx,-1,0.000000,0.000000,0.000000,0.000000,2099,52500,24992,0.000000,0.000000,0.648186,0.248233,1.139590,0,0,0.000000,0.000000,9,11,-1,0,,153032
1788458919.677843,54.075360,rx,-1,0.000000,0.000000,0.000000,0.000000,2100,52526,25016,0.000000,0.000000,0.648186,0.248233,1.139590,0,0,0.000000,0.000000,9,11,-1,0,,153032
1788458919.678020,54.075541,rx,-1,0.000000,0.000000,0.000000,0.000000,2101,52550,25000,0.000000,0.000000,0.648186,0.248233,1.139590,0,0,0.000000,0.000000,9,11,-1,0,,153032
1788458919.678050,54.075574,tx,-1,0.000000,0.000000,0.000000,0.000000,,,,,,,,,,,,,,,,,aa5501090000000000000000004829,153184
1788458919.726386,54.123886,rx,-1,0.000000,0.000000,0.000000,0.000000,2102,52576,24984,0.000000,0.000000,0.648186,0.248233,1.139590,0,0,0.000000,0.000000,9,11,-1,0,,153184
1788458919.726893,54.124392,rx,-1,0.000000,0.000000,0.000000,0.000000,2103,52600,25036,0.000000,0.000000,0.648186,0.248233,1.139590,0,0,0.000000,0.000000,9,11,-1,0,,153184
1788458919.726967,54.124490,tx,-1,0.000000,0.000000,0.000000,0.000000,,,,,,,,,,,,,,,,,aa5501090000000000000000004829,153328
1788458919.780766,54.178283,rx,-1,0.000000,0.000000,0.000000,0.000000,2104,52626,24980,0.000000,0.000000,0.648186,0.248233,1.139590,0,0,0.000000,0.000000,9,11,-1,0,,153328
1788458919.782781,54.180302,rx,-1,0.000000,0.000000,0.000000,0.000000,2105,52651,24996,0.000000,0.000000,0.648186,0.248233,1.139590,0,0,0.000000,0.000000,9,11,-1,0,,153328
1788458919.782826,54.180350,tx,-1,0.000000,0.000000,0.000000,0.000000,,,,,,,,,,,,,,,,,aa5501090000000000000000004829,153472
1788458919.831563,54.229066,rx,-1,0.000000,0.000000,0.000000,0.000000,2106,52675,24996,0.000000,0.000000,0.648186,0.248233,1.139590,0,0,0.000000,0.000000,9,11,-1,0,,153472
1788458919.832059,54.229571,rx,-1,0.000000,0.000000,0.000000,0.000000,2107,52701,25024,0.000000,0.000000,0.648186,0.248233,1.139590,0,0,0.000000,0.000000,9,11,-1,0,,153472
1788458919.832152,54.229674,tx,-1,0.000000,0.000000,0.000000,0.000000,,,,,,,,,,,,,,,,,aa5501090000000000000000004829,153616
1788458919.885974,54.283480,rx,-1,0.000000,0.000000,0.000000,0.000000,2108,52725,24988,0.000000,0.000000,0.648186,0.248233,1.139590,0,0,0.000000,0.000000,9,11,-1,0,,153616
1788458919.890947,54.288462,rx,-1,0.000000,0.000000,0.000000,0.000000,2109,52751,24984,0.000000,0.000000,0.648186,0.248233,1.139590,0,0,0.000000,0.000000,9,11,-1,0,,153616
1788458919.891050,54.288573,tx,-1,0.000000,0.000000,0.000000,0.000000,,,,,,,,,,,,,,,,,aa5501090000000000000000004829,153760
1788458919.939280,54.336788,rx,-1,0.000000,0.000000,0.000000,0.000000,2110,52775,25028,0.000000,0.000000,0.648186,0.248233,1.139590,0,0,0.000000,0.000000,9,11,-1,0,,153760
1788458919.939505,54.337026,rx,-1,0.000000,0.000000,0.000000,0.000000,2111,52800,24992,0.000000,0.000000,0.648186,0.248233,1.139590,0,0,0.000000,0.000000,9,11,-1,0,,153760
1788458919.939542,54.337066,tx,-1,0.000000,0.000000,0.000000,0.000000,,,,,,,,,,,,,,,,,aa5501090000000000000000004829,153904
1788458919.994683,54.392186,rx,-1,0.000000,0.000000,0.000000,0.000000,2112,52826,25016,0.000000,0.000000,0.648186,0.248233,1.139590,0,0,0.000000,0.000000,9,11,-1,0,,153904
1788458919.998094,54.395611,rx,-1,0.000000,0.000000,0.000000,0.000000,2113,52850,25000,0.000000,0.000000,0.648186,0.248233,1.139590,0,0,0.000000,0.000000,9,11,-1,0,,153904
1788458919.998184,54.395708,tx,-1,0.000000,0.000000,0.000000,0.000000,,,,,,,,,,,,,,,,,aa5501090000000000000000004829,154048
1788458920.046586,54.444101,rx,-1,0.000000,0.000000,0.000000,0.000000,2114,52876,24996,0.000000,0.000000,0.648186,0.248233,1.139590,0,0,0.000000,0.000000,9,11,-1,0,,154048
1788458920.046781,54.444301,rx,-1,0.000000,0.000000,0.000000,0.000000,2115,52900,24980,0.000000,0.000000,0.648186,0.248233,1.139590,0,0,0.000000,0.000000,9,11,-1,0,,154048
1788458920.046813,54.444337,tx,-1,0.000000,0.000000,0.000000,0.000000,,,,,,,,,,,,,,,,,aa5501090000000000000000004829,154192
1788458920.100090,54.497590,rx,-1,0.000000,0.000000,0.000000,0.000000,2116,52926,25016,0.000000,0.000000,0.648186,0.248233,1.139590,0,0,0.000000,0.000000,9,11,-1,0,,154192
1788458920.103334,54.500847,rx,-1,0.000000,0.000000,0.000000,0.000000,2117,52951,25008,0.000000,0.000000,0.648186,0.248233,1.139590,0,0,0.000000,0.000000,9,11,-1,0,,154192
1788458920.103425,54.500949,tx,-1,0.000000,0.000000,0.000000,0.000000,,,,,,,,,,,,,,,,,aa5501090000000000000000004829,154368
1788458920.152204,54.549718,rx,-1,0.000000,0.000000,0.000000,0.000000,2118,52975,24988,0.000000,0.000000,0.648186,0.248233,1.139590,0,0,0.000000,0.000000,9,11,-1,0,,154368
1788458920.152425,54.549945,rx,-1,0.000000,0.000000,0.000000,0.000000,2119,53001,24980,0.000000,0.000000,0.648186,0.248233,1.139590,0,0,0.000000,0.000000,9,11,-1,0,,154368
1788458920.152568,54.550091,tx,-1,0.000000,0.000000,0.000000,0.000000,,,,,,,,,,,,,,,,,aa5501090000000000000000004829,154599
1788458920.207448,54.604966,rx,-1,0.000000,0.000000,0.000000,0.000000,2120,53025,25020,0.000000,0.000000,0.648186,0.248233,1.139590,0,0,0.000000,0.000000,9,11,-1,0,,154599
1788458920.209567,54.607088,rx,-1,0.000000,0.000000,0.000000,0.000000,2121,53051,24988,0.000000,0.000000,0.648186,0.248233,1.139590,0,0,0.000000,0.000000,9,11,-1,0,,154599
1788458920.209644,54.607167,rx,-1,0.000000,0.000000,0.000000,0.000000,2122,53075,25028,0.000000,0.000000,0.648186,0.248233,1.139590,0,0,0.000000,0.000000,9,11,-1,0,,154599
1788458920.209656,54.607181,tx,-1,0.000000,0.000000,0.000000,0.000000,,,,,,,,,,,,,,,,,aa5501090000000000000000004829,154751
1788458920.263523,54.661027,rx,-1,0.000000,0.000000,0.000000,0.000000,2123,53100,24960,0.000000,0.000000,0.648186,0.248233,1.139590,0,0,0.000000,0.000000,9,11,-1,0,,154751
1788458920.264038,54.661551,rx,-1,0.000000,0.000000,0.000000,0.000000,2124,53126,25040,0.000000,0.000000,0.648186,0.248233,1.139590,0,0,0.000000,0.000000,9,11,-1,0,,154751
1788458920.264124,54.661646,tx,-1,0.000000,0.000000,0.000000,0.000000,,,,,,,,,,,,,,,,,aa5501090000000000000000004829,154895
1788458920.318789,54.716301,rx,-1,0.000000,0.000000,0.000000,0.000000,2125,53150,24968,0.000000,0.000000,0.648186,0.248233,1.139590,0,0,0.000000,0.000000,9,11,-1,0,,154895
1788458920.322484,54.719987,rx,-1,0.000000,0.000000,0.000000,0.000000,2126,53176,24988,0.000000,0.000000,0.648186,0.248233,1.139590,0,0,0.000000,0.000000,9,11,-1,0,,154895
1788458920.322628,54.720150,tx,-1,0.000000,0.000000,0.000000,0.000000,,,,,,,,,,,,,,,,,aa5501090000000000000000004829,155039
1788458920.371175,54.768679,rx,-1,0.000000,0.000000,0.000000,0.000000,2127,53200,25024,0.000000,0.000000,0.648186,0.248233,1.139590,0,0,0.000000,0.000000,9,11,-1,0,,155039
1788458920.371682,54.769194,rx,-1,0.000000,0.000000,0.000000,0.000000,2128,53226,25016,0.000000,0.000000,0.648186,0.248233,1.139590,0,0,0.000000,0.000000,9,11,-1,0,,155039
1788458920.371773,54.769295,tx,-1,0.000000,0.000000,0.000000,0.000000,,,,,,,,,,,,,,,,,aa5501090000000000000000004829,155183
1788458920.427122,54.824623,rx,-1,0.000000,0.000000,0.000000,0.000000,2129,53251,24980,0.000000,0.000000,0.648186,0.248233,1.139590,0,0,0.000000,0.000000,9,11,-1,0,,155183
1788458920.431806,54.829321,rx,-1,0.000000,0.000000,0.000000,0.000000,2130,53275,24988,0.000000,0.000000,0.648186,0.248233,1.139590,0,0,0.000000,0.000000,9,11,-1,0,,155183
1788458920.431918,54.829441,tx,-1,0.000000,0.000000,0.000000,0.000000,,,,,,,,,,,,,,,,,aa5501090000000000000000004829,155359
1788458920.481068,54.878580,rx,-1,0.000000,0.000000,0.000000,0.000000,2131,53301,25020,0.000000,0.000000,0.648186,0.248233,1.139590,0,0,0.000000,0.000000,9,11,-1,0,,155359
1788458920.481397,54.878916,rx,-1,0.000000,0.000000,0.000000,0.000000,2132,53325,25000,0.000000,0.000000,0.648186,0.248233,1.139590,0,0,0.000000,0.000000,9,11,-1,0,,155359
1788458920.481452,54.878976,tx,-1,0.000000,0.000000,0.000000,0.000000,,,,,,,,,,,,,,,,,aa5501090000000000000000004829,155535
1788458920.535401,54.932920,rx,-1,0.000000,0.000000,0.000000,0.000000,2133,53351,24972,0.000000,0.000000,0.648186,0.248233,1.139590,0,0,0.000000,0.000000,9,11,-1,0,,155535
1788458920.537506,54.935025,rx,-1,0.000000,0.000000,0.000000,0.000000,2134,53376,25004,0.000000,0.000000,0.648186,0.248233,1.139590,0,0,0.000000,0.000000,9,11,-1,0,,155535
1788458920.537602,54.935124,rx,-1,0.000000,0.000000,0.000000,0.000000,2135,53400,25036,0.000000,0.000000,0.648186,0.248233,1.139590,0,0,0.000000,0.000000,9,11,-1,0,,155535
1788458920.537618,54.935142,tx,-1,0.000000,0.000000,0.000000,0.000000,,,,,,,,,,,,,,,,,aa5501090000000000000000004829,155687
1788458920.591108,54.988611,rx,-1,0.000000,0.000000,0.000000,0.000000,2136,53426,25004,0.000000,0.000000,0.648186,0.248233,1.139590,0,0,0.000000,0.000000,9,11,-1,0,,155687
1788458920.591624,54.989136,rx,-1,0.000000,0.000000,0.000000,0.000000,2137,53450,24964,0.000000,0.000000,0.648186,0.248233,1.139590,0,0,0.000000,0.000000,9,11,-1,0,,155687
1788458920.591707,54.989228,tx,-1,0.000000,0.000000,0.000000,0.000000,,,,,,,,,,,,,,,,,aa5501090000000000000000004829,155831
1788458920.640814,55.038327,rx,-1,0.000000,0.000000,0.000000,0.000000,2138,53476,25000,0.000000,0.000000,0.648186,0.248233,1.139590,0,0,0.000000,0.000000,9,11,-1,0,,155831
1788458920.645166,55.042681,rx,-1,0.000000,0.000000,0.000000,0.000000,2139,53500,25024,0.000000,0.000000,0.648186,0.248233,1.139590,0,0,0.000000,0.000000,9,11,-1,0,,155831
1788458920.645249,55.042772,tx,-1,0.000000,0.000000,0.000000,0.000000,,,,,,,,,,,,,,,,,aa5501090000000000000000004829,155975
1788458920.693134,55.090650,rx,-1,0.000000,0.000000,0.000000,0.000000,2140,53526,25016,0.000000,0.000000,0.648186,0.248233,1.139590,0,0,0.000000,0.000000,9,11,-1,0,,155975
1788458920.693296,55.090816,rx,-1,0.000000,0.000000,0.000000,0.000000,2141,53551,24956,0.000000,0.000000,0.648186,0.248233,1.139590,0,0,0.000000,0.000000,9,11,-1,0,,155975
1788458920.693323,55.090846,tx,-1,0.000000,0.000000,0.000000,0.000000,,,,,,,,,,,,,,,,,aa5501090000000000000000004829,156119
1788458920.747158,55.144678,rx,-1,0.000000,0.000000,0.000000,0.000000,2142,53575,24996,0.000000,0.000000,0.648186,0.248233,1.139590,0,0,0.000000,0.000000,9,11,-1,0,,156119
1788458920.749306,55.146827,rx,-1,0.000000,0.000000,0.000000,0.000000,2143,53601,25020,0.000000,0.000000,0.648186,0.248233,1.139590,0,0,0.000000,0.000000,9,11,-1,0,,156119
1788458920.749336,55.146860,tx,-1,0.000000,0.000000,0.000000,0.000000,,,,,,,,,,,,,,,,,aa5501090000000000000000004829,156263
1788458920.797375,55.194895,rx,-1,0.000000,0.000000,0.000000,0.000000,2144,53625,25000,0.000000,0.000000,0.648186,0.248233,1.139590,0,0,0.000000,0.000000,9,11,-1,0,,156263
1788458920.797522,55.195044,rx,-1,0.000000,0.000000,0.000000,0.000000,2145,53651,25020,0.000000,0.000000,0.648186,0.248233,1.139590,0,0,0.000000,0.000000,9,11,-1,0,,156263
1788458920.797540,55.195063,tx,-1,0.000000,0.000000,0.000000,0.000000,,,,,,,,,,,,,,,,,aa5501090000000000000000004829,156407
1788458920.850136,55.247655,rx,-1,0.000000,0.000000,0.000000,0.000000,2146,53676,24996,0.000000,0.000000,0.648186,0.248233,1.139590,0,0,0.000000,0.000000,9,11,-1,0,,156407
1788458920.852167,55.249689,rx,-1,0.000000,0.000000,0.000000,0.000000,2147,53700,24988,0.000000,0.000000,0.648186,0.248233,1.139590,0,0,0.000000,0.000000,9,11,-1,0,,156407
1788458920.852197,55.249720,tx,-1,0.000000,0.000000,0.000000,0.000000,,,,,,,,,,,,,,,,,aa5501090000000000000000004829,156551
1788458920.900269,55.297785,rx,-1,0.000000,0.000000,0.000000,0.000000,2148,53726,24996,0.000000,0.000000,0.648186,0.248233,1.139590,0,0,0.000000,0.000000,9,11,-1,0,,156551
1788458920.900451,55.297971,rx,-1,0.000000,0.000000,0.000000,0.000000,2149,53750,25012,0.000000,0.000000,0.648186,0.248233,1.139590,0,0,0.000000,0.000000,9,11,-1,0,,156551
1788458920.900477,55.298000,tx,-1,0.000000,0.000000,0.000000,0.000000,,,,,,,,,,,,,,,,,aa5501090000000000000000004829,156695
1788458920.954388,55.351892,rx,-1,0.000000,0.000000,0.000000,0.000000,2150,53776,25000,0.000000,0.000000,0.648186,0.248233,1.139590,0,0,0.000000,0.000000,9,11,-1,0,,156695
1788458920.957918,55.355428,rx,-1,0.000000,0.000000,0.000000,0.000000,2151,53800,24980,0.000000,0.000000,0.648186,0.248233,1.139590,0,0,0.000000,0.000000,9,11,-1,0,,156695
1788458920.958057,55.355580,tx,-1,0.000000,0.000000,0.000000,0.000000,,,,,,,,,,,,,,,,,aa5501090000000000000000004829,156839
1788458921.005902,55.403413,rx,-1,0.000000,0.000000,0.000000,0.000000,2152,53826,24992,0.000000,0.000000,0.648186,0.248233,1.139590,0,0,0.000000,0.000000,9,11,-1,0,,156839
1788458921.006180,55.403700,rx,-1,0.000000,0.000000,0.000000,0.000000,2153,53851,25028,0.000000,0.000000,0.648186,0.248233,1.139590,0,0,0.000000,0.000000,9,11,-1,0,,156839
1788458921.006229,55.403752,tx,-1,0.000000,0.000000,0.000000,0.000000,,,,,,,,,,,,,,,,,aa5501090000000000000000004829,156983
1788458921.059159,55.456677,rx,-1,0.000000,0.000000,0.000000,0.000000,2154,53875,24988,0.000000,0.000000,0.648186,0.248233,1.139590,0,0,0.000000,0.000000,9,11,-1,0,,156983
1788458921.061320,55.458841,rx,-1,0.000000,0.000000,0.000000,0.000000,2155,53901,25024,0.000000,0.000000,0.648186,0.248233,1.139590,0,0,0.000000,0.000000,9,11,-1,0,,156983
1788458921.061350,55.458873,tx,-1,0.000000,0.000000,0.000000,0.000000,,,,,,,,,,,,,,,,,aa5501090000000000000000004829,157159
1788458921.110393,55.507903,rx,-1,0.000000,0.000000,0.000000,0.000000,2156,53925,24988,0.000000,0.000000,0.648186,0.248233,1.139590,0,0,0.000000,0.000000,9,11,-1,0,,157159
1788458921.110748,55.508265,rx,-1,0.000000,0.000000,0.000000,0.000000,2157,53951,24976,0.000000,0.000000,0.648186,0.248233,1.139590,0,0,0.000000,0.000000,9,11,-1,0,,157159
1788458921.110895,55.508417,tx,-1,0.000000,0.000000,0.000000,0.000000,,,,,,,,,,,,,,,,,aa5501090000000000000000004829,157303
1788458921.163745,55.561259,rx,-1,0.000000,0.000000,0.000000,0.000000,2158,53976,24996,0.000000,0.000000,0.648186,0.248233,1.139590,0,0,0.000000,0.000000,9,11,-1,0,,157303
1788458921.166163,55.563679,rx,-1,0.000000,0.000000,0.000000,0.000000,2159,54000,25036,0.000000,0.000000,0.648186,0.248233,1.139590,0,0,0.000000,0.000000,9,11,-1,0,,157303
1788458921.166267,55.563790,tx,-1,0.000000,0.000000,0.000000,0.000000,,,,,,,,,,,,,,,,,aa5501090000000000000000004829,157534
1788458921.213840,55.611358,rx,-1,0.000000,0.000000,0.000000,0.000000,2160,54026,24988,0.000000,0.000000,0.648186,0.248233,1.139590,0,0,0.000000,0.000000,9,11,-1,0,,157534
1788458921.213973,55.611495,rx,-1,0.000000,0.000000,0.000000,0.000000,2161,54050,24976,0.000000,0.000000,0.648186,0.248233,1.139590,0,0,0.000000,0.000000,9,11,-1,0,,157534
1788458921.214000,55.611523,tx,-1,0.000000,0.000000,0.000000,0.000000,,,,,,,,,,,,,,,,,aa5501090000000000000000004829,157678
1788458921.267743,55.665261,rx,-1,0.000000,0.000000,0.000000,0.000000,2162,54076,25028,0.000000,0.000000,0.648186,0.248233,1.139590,0,0,0.000000,0.000000,9,11,-1,0,,157678
1788458921.270099,55.667618,rx,-1,0.000000,0.000000,0.000000,0.000000,2163,54100,24996,0.000000,0.000000,0.648186,0.248233,1.139590,0,0,0.000000,0.000000,9,11,-1,0,,157678
1788458921.270220,55.667741,rx,-1,0.000000,0.000000,0.000000,0.000000,2164,54125,24992,0.000000,0.000000,0.648186,0.248233,1.139590,0,0,0.000000,0.000000,9,11,-1,0,,157678
1788458921.270242,55.667765,tx,-1,0.000000,0.000000,0.000000,0.000000,,,,,,,,,,,,,,,,,aa5501090000000000000000004829,157830
1788458921.323485,55.720997,rx,-1,0.000000,0.000000,0.000000,0.000000,2165,54151,24980,0.000000,0.000000,0.648186,0.248233,1.139590,0,0,0.000000,0.000000,9,11,-1,0,,157830
1788458921.323784,55.721302,rx,-1,0.000000,0.000000,0.000000,0.000000,2166,54175,25028,0.000000,0.000000,0.648186,0.248233,1.139590,0,0,0.000000,0.000000,9,11,-1,0,,157830
1788458921.323840,55.721362,tx,-1,0.000000,0.000000,0.000000,0.000000,,,,,,,,,,,,,,,,,aa5501090000000000000000004829,157974
1788458921.376964,55.774475,rx,-1,0.000000,0.000000,0.000000,0.000000,2167,54201,24976,0.000000,0.000000,0.648186,0.248233,1.139590,0,0,0.000000,0.000000,9,11,-1,0,,157974
1788458921.380063,55.777577,rx,-1,0.000000,0.000000,0.000000,0.000000,2168,54225,25004,0.000000,0.000000,0.648186,0.248233,1.139590,0,0,0.000000,0.000000,9,11,-1,0,,157974
1788458921.380178,55.777701,tx,-1,0.000000,0.000000,0.000000,0.000000,,,,,,,,,,,,,,,,,aa5501090000000000000000004829,158118
1788458921.428588,55.826096,rx,-1,0.000000,0.000000,0.000000,0.000000,2169,54251,25024,0.000000,0.000000,0.648186,0.248233,1.139590,0,0,0.000000,0.000000,9,11,-1,0,,158118
1788458921.428890,55.826407,rx,-1,0.000000,0.000000,0.000000,0.000000,2170,54276,24996,0.000000,0.000000,0.648186,0.248233,1.139590,0,0,0.000000,0.000000,9,11,-1,0,,158118
1788458921.428939,55.826461,tx,-1,0.000000,0.000000,0.000000,0.000000,,,,,,,,,,,,,,,,,aa5501090000000000000000004829,158262
1788458921.483658,55.881157,rx,-1,0.000000,0.000000,0.000000,0.000000,2171,54300,24996,0.000000,0.000000,0.648186,0.248233,1.139590,0,0,0.000000,0.000000,9,11,-1,0,,158262
1788458921.488385,55.885897,rx,-1,0.000000,0.000000,0.000000,0.000000,2172,54326,24980,0.000000,0.000000,0.648186,0.248233,1.139590,0,0,0.000000,0.000000,9,11,-1,0,,158262
1788458921.488504,55.886026,tx,-1,0.000000,0.000000,0.000000,0.000000,,,,,,,,,,,,,,,,,aa5501090000000000000000004829,158406
1788458921.536853,55.934360,rx,-1,0.000000,0.000000,0.000000,0.000000,2173,54350,25036,0.000000,0.000000,0.648186,0.248233,1.139590,0,0,0.000000,0.000000,9,11,-1,0,,158406
1788458921.537064,55.934584,rx,-1,0.000000,0.000000,0.000000,0.000000,2174,54376,24972,0.000000,0.000000,0.648186,0.248233,1.139590,0,0,0.000000,0.000000,9,11,-1,0,,158406
1788458921.537092,55.934614,tx,-1,0.000000,0.000000,0.000000,0.000000,,,,,,,,,,,,,,,,,aa5501090000000000000000004829,158550
1788458921.590240,55.987751,rx,-1,0.000000,0.000000,0.000000,0.000000,2175,54401,24988,0.000000,0.000000,0.648186,0.248233,1.139590,0,0,0.000000,0.000000,9,11,-1,0,,158550
1788458921.593598,55.991114,rx,-1,0.000000,0.000000,0.000000,0.000000,2176,54425,25052,0.000000,0.000000,0.648186,0.248233,1.139590,0,0,0.000000,0.000000,9,11,-1,0,,158550
1788458921.593698,55.991220,tx,-1,0.000000,0.000000,0.000000,0.000000,,,,,,,,,,,,,,,,,aa5501090000000000000000004829,158726
1788458921.646135,56.043635,rx,-1,0.000000,0.000000,0.000000,0.000000,2177,54451,24968,0.000000,0.000000,0.648186,0.248233,1.139590,0,0,0.000000,0.000000,9,11,-1,0,,158726
1788458921.646686,56.044198,rx,-1,0.000000,0.000000,0.000000,0.000000,2178,54475,24992,0.000000,0.000000,0.648186,0.248233,1.139590,0,0,0.000000,0.000000,9,11,-1,0,,158726
1788458921.647099,56.044611,rx,-1,0.000000,0.000000,0.000000,0.000000,2179,54501,25004,0.000000,0.000000,0.648186,0.248233,1.139590,0,0,0.000000,0.000000,9,11,-1,0,,158726
1788458921.647166,56.044686,tx,-1,0.000000,0.000000,0.000000,0.000000,,,,,,,,,,,,,,,,,aa5501090000000000000000004829,158910
1788458921.700136,56.097645,rx,-1,0.000000,0.000000,0.000000,0.000000,2180,54525,24988,0.000000,0.000000,0.648186,0.248233,1.139590,0,0,0.000000,0.000000,9,11,-1,0,,158910
1788458921.703198,56.100697,rx,-1,0.000000,0.000000,0.000000,0.000000,2181,54550,25000,0.000000,0.000000,0.648186,0.248233,1.139590,0,0,0.000000,0.000000,9,11,-1,0,,158910
1788458921.703290,56.100812,tx,-1,0.000000,0.000000,0.000000,0.000000,,,,,,,,,,,,,,,,,aa5501090000000000000000004829,159054
1788458921.752147,56.149649,rx,-1,0.000000,0.000000,0.000000,0.000000,2182,54576,25020,0.000000,0.000000,0.648186,0.248233,1.139590,0,0,0.000000,0.000000,9,11,-1,0,,159054
1788458921.752657,56.150169,rx,-1,0.000000,0.000000,0.000000,0.000000,2183,54600,24984,0.000000,0.000000,0.648186,0.248233,1.139590,0,0,0.000000,0.000000,9,11,-1,0,,159054
1788458921.752742,56.150263,tx,-1,0.000000,0.000000,0.000000,0.000000,,,,,,,,,,,,,,,,,aa5501090000000000000000004829,159198
1788458921.806935,56.204443,rx,-1,0.000000,0.000000,0.000000,0.000000,2184,54626,25000,0.000000,0.000000,0.648186,0.248233,1.139590,0,0,0.000000,0.000000,9,11,-1,0,,159198
1788458921.810696,56.208210,rx,-1,0.000000,0.000000,0.000000,0.000000,2185,54650,25024,0.000000,0.000000,0.648186,0.248233,1.139590,0,0,0.000000,0.000000,9,11,-1,0,,159198
1788458921.810786,56.208307,tx,-1,0.000000,0.000000,0.000000,0.000000,,,,,,,,,,,,,,,,,aa5501090000000000000000004829,159342
1788458921.859200,56.256701,rx,-1,0.000000,0.000000,0.000000,0.000000,2186,54676,24988,0.000000,0.000000,0.648186,0.248233,1.139590,0,0,0.000000,0.000000,9,11,-1,0,,159342
1788458921.859691,56.257202,rx,-1,0.000000,0.000000,0.000000,0.000000,2187,54701,24988,0.000000,0.000000,0.648186,0.248233,1.139590,0,0,0.000000,0.000000,9,11,-1,0,,159342
1788458921.859769,56.257290,tx,-1,0.000000,0.000000,0.000000,0.000000,,,,,,,,,,,,,,,,,aa5501090000000000000000004829,159486
1788458921.912520,56.310022,rx,-1,0.000000,0.000000,0.000000,0.000000,2188,54725,24996,0.000000,0.000000,0.648186,0.248233,1.139590,0,0,0.000000,0.000000,9,11,-1,0,,159486
1788458921.917076,56.314591,rx,-1,0.000000,0.000000,0.000000,0.000000,2189,54751,25024,0.000000,0.000000,0.648186,0.248233,1.139590,0,0,0.000000,0.000000,9,11,-1,0,,159486
1788458921.917161,56.314682,tx,-1,0.000000,0.000000,0.000000,0.000000,,,,,,,,,,,,,,,,,aa5501090000000000000000004829,159630
1788458921.966300,56.363796,rx,-1,0.000000,0.000000,0.000000,0.000000,2190,54775,24996,0.000000,0.000000,0.648186,0.248233,1.139590,0,0,0.000000,0.000000,9,11,-1,0,,159630
1788458921.966796,56.364307,rx,-1,0.000000,0.000000,0.000000,0.000000,2191,54801,24980,0.000000,0.000000,0.648186,0.248233,1.139590,0,0,0.000000,0.000000,9,11,-1,0,,159630
1788458921.966884,56.364404,tx,-1,0.000000,0.000000,0.000000,0.000000,,,,,,,,,,,,,,,,,aa5501090000000000000000004829,159774
1788458922.021352,56.418852,rx,-1,0.000000,0.000000,0.000000,0.000000,2192,54825,25056,0.000000,0.000000,0.648186,0.248233,1.139590,0,0,0.000000,0.000000,9,11,-1,0,,159774
1788458922.026400,56.423911,rx,-1,0.000000,0.000000,0.000000,0.000000,2193,54850,24980,0.000000,0.000000,0.648186,0.248233,1.139590,0,0,0.000000,0.000000,9,11,-1,0,,159774
1788458922.026516,56.424038,tx,-1,0.000000,0.000000,0.000000,0.000000,,,,,,,,,,,,,,,,,aa5501090000000000000000004829,159950
1788458922.074591,56.472108,rx,-1,0.000000,0.000000,0.000000,0.000000,2194,54876,25004,0.000000,0.000000,0.648186,0.248233,1.139590,0,0,0.000000,0.000000,9,11,-1,0,,159950
1788458922.074675,56.472197,rx,-1,0.000000,0.000000,0.000000,0.000000,2195,54900,24992,0.000000,0.000000,0.648186,0.248233,1.139590,0,0,0.000000,0.000000,9,11,-1,0,,159950
1788458922.074694,56.472216,tx,-1,0.000000,0.000000,0.000000,0.000000,,,,,,,,,,,,,,,,,aa5501090000000000000000004829,160126
1788458922.129475,56.526953,rx,-1,0.000000,0.000000,0.000000,0.000000,2196,54926,24988,0.000000,0.000000,0.648186,0.248233,1.139590,0,0,0.000000,0.000000,9,11,-1,0,,160126
1788458922.134234,56.531750,rx,-1,0.000000,0.000000,0.000000,0.000000,2197,54950,24988,0.000000,0.000000,0.648186,0.248233,1.139590,0,0,0.000000,0.000000,9,11,-1,0,,160126
1788458922.134412,56.531931,rx,-1,0.000000,0.000000,0.000000,0.000000,2198,54976,25016,0.000000,0.000000,0.648186,0.248233,1.139590,0,0,0.000000,0.000000,9,11,-1,0,,160126
1788458922.134448,56.531970,tx,-1,0.000000,0.000000,0.000000,0.000000,,,,,,,,,,,,,,,,,aa5501090000000000000000004829,160278
1788458922.182894,56.580402,rx,-1,0.000000,0.000000,0.000000,0.000000,2199,55001,25008,0.000000,0.000000,0.648186,0.248233,1.139590,0,0,0.000000,0.000000,9,11,-1,0,,160278
1788458922.183234,56.580752,rx,-1,0.000000,0.000000,0.000000,0.000000,2200,55025,24988,0.000000,0.000000,0.648186,0.248233,1.139590,0,0,0.000000,0.000000,9,11,-1,0,,160278
1788458922.183318,56.580838,tx,-1,0.000000,0.000000,0.000000,0.000000,,,,,,,,,,,,,,,,,aa5501090000000000000000004829,160477
1788458922.237505,56.635019,rx,-1,0.000000,0.000000,0.000000,0.000000,2201,55051,24996,0.000000,0.000000,0.648186,0.248233,1.139590,0,0,0.000000,0.000000,9,11,-1,0,,160477
1788458922.239813,56.637332,rx,-1,0.000000,0.000000,0.000000,0.000000,2202,55075,24980,0.000000,0.000000,0.648186,0.248233,1.139590,0,0,0.000000,0.000000,9,11,-1,0,,160477
1788458922.239864,56.637386,tx,-1,0.000000,0.000000,0.000000,0.000000,,,,,,,,,,,,,,,,,aa5501090000000000000000004829,160621
1788458922.292847,56.690362,rx,-1,0.000000,0.000000,0.000000,0.000000,2203,55101,25040,0.000000,0.000000,0.648186,0.248233,1.139590,0,0,0.000000,0.000000,9,11,-1,0,,160621
1788458922.292961,56.690481,rx,-1,0.000000,0.000000,0.000000,0.000000,2204,55126,24980,0.000000,0.000000,0.648186,0.248233,1.139590,0,0,0.000000,0.000000,9,11,-1,0,,160621
1788458922.292976,56.690498,tx,-1,0.000000,0.000000,0.000000,0.000000,,,,,,,,,,,,,,,,,aa5501090000000000000000004829,160765
1788458922.345249,56.742767,rx,-1,0.000000,0.000000,0.000000,0.000000,2205,55150,25012,0.000000,0.000000,0.648186,0.248233,1.139590,0,0,0.000000,0.000000,9,11,-1,0,,160765
1788458922.347182,56.744702,rx,-1,0.000000,0.000000,0.000000,0.000000,2206,55176,24968,0.000000,0.000000,0.648186,0.248233,1.139590,0,0,0.000000,0.000000,9,11,-1,0,,160765
1788458922.347201,56.744723,tx,-1,0.000000,0.000000,0.000000,0.000000,,,,,,,,,,,,,,,,,aa5501090000000000000000004829,160909
1788458922.400570,56.798088,rx,-1,0.000000,0.000000,0.000000,0.000000,2207,55200,25016,0.000000,0.000000,0.648186,0.248233,1.139590,0,0,0.000000,0.000000,9,11,-1,0,,160909
1788458922.400689,56.798209,rx,-1,0.000000,0.000000,0.000000,0.000000,2208,55226,25000,0.000000,0.000000,0.648186,0.248233,1.139590,0,0,0.000000,0.000000,9,11,-1,0,,160909
1788458922.400712,56.798234,tx,-1,0.000000,0.000000,0.000000,0.000000,,,,,,,,,,,,,,,,,aa5501090000000000000000004829,161085
1788458922.453601,56.851121,rx,-1,0.000000,0.000000,0.000000,0.000000,2209,55250,24988,0.000000,0.000000,0.648186,0.248233,1.139590,0,0,0.000000,0.000000,9,11,-1,0,,161085
1788458922.455547,56.853065,rx,-1,0.000000,0.000000,0.000000,0.000000,2210,55275,25020,0.000000,0.000000,0.648186,0.248233,1.139590,0,0,0.000000,0.000000,9,11,-1,0,,161085
1788458922.455590,56.853112,tx,-1,0.000000,0.000000,0.000000,0.000000,,,,,,,,,,,,,,,,,aa5501090000000000000000004829,161261
1788458922.507985,56.905500,rx,-1,0.000000,0.000000,0.000000,0.000000,2211,55301,25000,0.000000,0.000000,0.648186,0.248233,1.139590,0,0,0.000000,0.000000,9,11,-1,0,,161261
1788458922.508141,56.905660,rx,-1,0.000000,0.000000,0.000000,0.000000,2212,55325,24988,0.000000,0.000000,0.648186,0.248233,1.139590,0,0,0.000000,0.000000,9,11,-1,0,,161261
1788458922.508236,56.905755,rx,-1,0.000000,0.000000,0.000000,0.000000,2213,55351,25028,0.000000,0.000000,0.648186,0.248233,1.139590,0,0,0.000000,0.000000,9,11,-1,0,,161261
1788458922.508254,56.905776,tx,-1,0.000000,0.000000,0.000000,0.000000,,,,,,,,,,,,,,,,,aa5501090000000000000000004829,161413
1788458922.561315,56.958830,rx,-1,0.000000,0.000000,0.000000,0.000000,2214,55375,24996,0.000000,0.000000,0.648186,0.248233,1.139590,0,0,0.000000,0.000000,9,11,-1,0,,161413
1788458922.563347,56.960865,rx,-1,0.000000,0.000000,0.000000,0.000000,2215,55401,24980,0.000000,0.000000,0.648186,0.248233,1.139590,0,0,0.000000,0.000000,9,11,-1,0,,161413
1788458922.563391,56.960912,tx,-1,0.000000,0.000000,0.000000,0.000000,,,,,,,,,,,,,,,,,aa5501090000000000000000004829,161557
1788458922.611443,57.008959,rx,-1,0.000000,0.000000,0.000000,0.000000,2216,55426,25000,0.000000,0.000000,0.648186,0.248233,1.139590,0,0,0.000000,0.000000,9,11,-1,0,,161557
1788458922.611540,57.009060,rx,-1,0.000000,0.000000,0.000000,0.000000,2217,55450,24988,0.000000,0.000000,0.648186,0.248233,1.139590,0,0,0.000000,0.000000,9,11,-1,0,,161557
1788458922.611554,57.009076,tx,-1,0.000000,0.000000,0.000000,0.000000,,,,,,,,,,,,,,,,,aa5501090000000000000000004829,161701
1788458922.664005,57.061524,rx,-1,0.000000,0.000000,0.000000,0.000000,2218,55476,25032,0.000000,0.000000,0.648186,0.248233,1.139590,0,0,0.000000,0.000000,9,11,-1,0,,161701
1788458922.665882,57.063402,rx,-1,0.000000,0.000000,0.000000,0.000000,2219,55500,24984,0.000000,0.000000,0.648186,0.248233,1.139590,0,0,0.000000,0.000000,9,11,-1,0,,161701
1788458922.665904,57.063426,tx,-1,0.000000,0.000000,0.000000,0.000000,,,,,,,,,,,,,,,,,aa5501090000000000000000004829,161845
1788458922.717382,57.114900,rx,-1,0.000000,0.000000,0.000000,0.000000,2220,55526,24988,0.000000,0.000000,0.648186,0.248233,1.139590,0,0,0.000000,0.000000,9,11,-1,0,,161845
1788458922.717477,57.114998,rx,-1,0.000000,0.000000,0.000000,0.000000,2221,55550,24992,0.000000,0.000000,0.648186,0.248233,1.139590,0,0,0.000000,0.000000,9,11,-1,0,,161845
1788458922.717490,57.115012,tx,-1,0.000000,0.000000,0.000000,0.000000,,,,,,,,,,,,,,,,,aa5501090000000000000000004829,161989
1788458922.770703,57.168222,rx,-1,0.000000,0.000000,0.000000,0.000000,2222,55575,25028,0.000000,0.000000,0.648186,0.248233,1.139590,0,0,0.000000,0.000000,9,11,-1,0,,161989
1788458922.772751,57.170272,rx,-1,0.000000,0.000000,0.000000,0.000000,2223,55601,25000,0.000000,0.000000,0.648186,0.248233,1.139590,0,0,0.000000,0.000000,9,11,-1,0,,161989
1788458922.772774,57.170295,tx,-1,0.000000,0.000000,0.000000,0.000000,,,,,,,,,,,,,,,,,aa5501090000000000000000004829,162133
1788458922.825332,57.222848,rx,-1,0.000000,0.000000,0.000000,0.000000,2224,55625,24984,0.000000,0.000000,0.648186,0.248233,1.139590,0,0,0.000000,0.000000,9,11,-1,0,,162133
1788458922.825433,57.222953,rx,-1,0.000000,0.000000,0.000000,0.000000,2225,55651,24988,0.000000,0.000000,0.648186,0.248233,1.139590,0,0,0.000000,0.000000,9,11,-1,0,,162133
1788458922.825447,57.222968,tx,-1,0.000000,0.000000,0.000000,0.000000,,,,,,,,,,,,,,,,,aa5501090000000000000000004829,162277
1788458922.879314,57.276825,rx,-1,0.000000,0.000000,0.000000,0.000000,2226,55675,25036,0.000000,0.000000,0.648186,0.248233,1.139590,0,0,0.000000,0.000000,9,11,-1,0,,162277
1788458922.882132,57.279641,rx,-1,0.000000,0.000000,0.000000,0.000000,2227,55701,24980,0.000000,0.000000,0.648186,0.248233,1.139590,0,0,0.000000,0.000000,9,11,-1,0,,162277
1788458922.882232,57.279753,tx,-1,0.000000,0.000000,0.000000,0.000000,,,,,,,,,,,,,,,,,aa5501090000000000000000004829,162453
1788458922.934898,57.332415,rx,-1,0.000000,0.000000,0.000000,0.000000,2228,55726,24984,0.000000,0.000000,0.648186,0.248233,1.139590,0,0,0.000000,0.000000,9,11,-1,0,,162453
1788458922.935035,57.332554,rx,-1,0.000000,0.000000,0.000000,0.000000,2229,55750,25048,0.000000,0.000000,0.648186,0.248233,1.139590,0,0,0.000000,0.000000,9,11,-1,0,,162453
1788458922.935072,57.332593,tx,-1,0.000000,0.000000,0.000000,0.000000,,,,,,,,,,,,,,,,,aa5501090000000000000000004829,162629
1788458922.989085,57.386597,rx,-1,0.000000,0.000000,0.000000,0.000000,2230,55776,24972,0.000000,0.000000,0.648186,0.248233,1.139590,0,0,0.000000,0.000000,9,11,-1,0,,162629
1788458922.992032,57.389548,rx,-1,0.000000,0.000000,0.000000,0.000000,2231,55800,24996,0.000000,0.000000,0.648186,0.248233,1.139590,0,0,0.000000,0.000000,9,11,-1,0,,162629
1788458922.992189,57.389707,rx,-1,0.000000,0.000000,0.000000,0.000000,2232,55826,25016,0.000000,0.000000,0.648186,0.248233,1.139590,0,0,0.000000,0.000000,9,11,-1,0,,162629
1788458922.992209,57.389730,tx,-1,0.000000,0.000000,0.000000,0.000000,,,,,,,,,,,,,,,,,aa5501090000000000000000004829,162781
1788458923.039933,57.437447,rx,-1,0.000000,0.000000,0.000000,0.000000,2233,55851,25004,0.000000,0.000000,0.648186,0.248233,1.139590,0,0,0.000000,0.000000,9,11,-1,0,,162781
1788458923.040079,57.437597,rx,-1,0.000000,0.000000,0.000000,0.000000,2234,55875,25012,0.000000,0.000000,0.648186,0.248233,1.139590,0,0,0.000000,0.000000,9,11,-1,0,,162781
1788458923.040101,57.437622,tx,-1,0.000000,0.000000,0.000000,0.000000,,,,,,,,,,,,,,,,,aa5501090000000000000000004829,162925
1788458923.094104,57.491612,rx,-1,0.000000,0.000000,0.000000,0.000000,2235,55901,24964,0.000000,0.000000,0.648186,0.248233,1.139590,0,0,0.000000,0.000000,9,11,-1,0,,162925
1788458923.097811,57.495326,rx,-1,0.000000,0.000000,0.000000,0.000000,2236,55925,25012,0.000000,0.000000,0.648186,0.248233,1.139590,0,0,0.000000,0.000000,9,11,-1,0,,162925
1788458923.097884,57.495405,tx,-1,0.000000,0.000000,0.000000,0.000000,,,,,,,,,,,,,,,,,aa5501090000000000000000004829,163069
1788458923.146218,57.543727,rx,-1,0.000000,0.000000,0.000000,0.000000,2237,55951,25008,0.000000,0.000000,0.648186,0.248233,1.139590,0,0,0.000000,0.000000,9,11,-1,0,,163069
1788458923.146515,57.544029,rx,-1,0.000000,0.000000,0.000000,0.000000,2238,55975,24988,0.000000,0.000000,0.648186,0.248233,1.139590,0,0,0.000000,0.000000,9,11,-1,0,,163069
1788458923.146576,57.544096,tx,-1,0.000000,0.000000,0.000000,0.000000,,,,,,,,,,,,,,,,,aa5501090000000000000000004829,163213
1788458923.199962,57.597474,rx,-1,0.000000,0.000000,0.000000,0.000000,2239,56001,25028,0.000000,0.000000,0.648186,0.248233,1.139590,0,0,0.000000,0.000000,9,11,-1,0,,163213
1788458923.202246,57.599764,rx,-1,0.000000,0.000000,0.000000,0.000000,2240,56026,24980,0.000000,0.000000,0.648186,0.248233,1.139590,0,0,0.000000,0.000000,9,11,-1,0,,163213
1788458923.202283,57.599804,tx,-1,0.000000,0.000000,0.000000,0.000000,,,,,,,,,,,,,,,,,aa5501090000000000000000004829,163412
1788458923.250301,57.647819,rx,-1,0.000000,0.000000,0.000000,0.000000,2241,56050,24996,0.000000,0.000000,0.648186,0.248233,1.139590,0,0,0.000000,0.000000,9,11,-1,0,,163412
1788458923.250402,57.647922,rx,-1,0.000000,0.000000,0.000000,0.000000,2242,56076,24984,0.000000,0.000000,0.648186,0.248233,1.139590,0,0,0.000000,0.000000,9,11,-1,0,,163412
1788458923.250417,57.647938,tx,-1,0.000000,0.000000,0.000000,0.000000,,,,,,,,,,,,,,,,,aa5501090000000000000000004829,163556
1788458923.303961,57.701479,rx,-1,0.000000,0.000000,0.000000,0.000000,2243,56100,24996,0.000000,0.000000,0.648186,0.248233,1.139590,0,0,0.000000,0.000000,9,11,-1,0,,163556
1788458923.306241,57.703759,rx,-1,0.000000,0.000000,0.000000,0.000000,2244,56126,25004,0.000000,0.000000,0.648186,0.248233,1.139590,0,0,0.000000,0.000000,9,11,-1,0,,163556
1788458923.306275,57.703796,tx,-1,0.000000,0.000000,0.000000,0.000000,,,,,,,,,,,,,,,,,aa5501090000000000000000004829,163700
1788458923.354247,57.751758,rx,-1,0.000000,0.000000,0.000000,0.000000,2245,56151,25008,0.000000,0.000000,0.648186,0.248233,1.139590,0,0,0.000000,0.000000,9,11,-1,0,,163700
1788458923.354461,57.751978,rx,-1,0.000000,0.000000,0.000000,0.000000,2246,56175,24992,0.000000,0.000000,0.648186,0.248233,1.139590,0,0,0.000000,0.000000,9,11,-1,0,,163700
1788458923.354495,57.752015,tx,-1,0.000000,0.000000,0.000000,0.000000,,,,,,,,,,,,,,,,,aa5501090000000000000000004829,163844
1788458923.409260,57.806760,rx,-1,0.000000,0.000000,0.000000,0.000000,2247,56201,25028,0.000000,0.000000,0.648186,0.248233,1.139590,0,0,0.000000,0.000000,9,11,-1,0,,163844
1788458923.413984,57.811496,rx,-1,0.000000,0.000000,0.000000,0.000000,2248,56225,24968,0.000000,0.000000,0.648186,0.248233,1.139590,0,0,0.000000,0.000000,9,11,-1,0,,163844
1788458923.414071,57.811591,tx,-1,0.000000,0.000000,0.000000,0.000000,,,,,,,,,,,,,,,,,aa5501090000000000000000004829,163988
1788458923.462086,57.859588,rx,-1,0.000000,0.000000,0.000000,0.000000,2249,56251,24996,0.000000,0.000000,0.648186,0.248233,1.139590,0,0,0.000000,0.000000,9,11,-1,0,,163988
1788458923.462554,57.860064,rx,-1,0.000000,0.000000,0.000000,0.000000,2250,56275,25000,0.000000,0.000000,0.648186,0.248233,1.139590,0,0,0.000000,0.000000,9,11,-1,0,,163988
1788458923.462645,57.860164,tx,-1,0.000000,0.000000,0.000000,0.000000,,,,,,,,,,,,,,,,,aa5501090000000000000000004829,164164
1788458923.511550,57.909066,rx,-1,0.000000,0.000000,0.000000,0.000000,2251,56300,25004,0.000000,0.000000,0.648186,0.248233,1.139590,0,0,0.000000,0.000000,9,11,-1,0,,164164
1788458923.513370,57.910890,rx,-1,0.000000,0.000000,0.000000,0.000000,2252,56326,25020,0.000000,0.000000,0.648186,0.248233,1.139590,0,0,0.000000,0.000000,9,11,-1,0,,164164
1788458923.513391,57.910912,tx,-1,0.000000,0.000000,0.000000,0.000000,,,,,,,,,,,,,,,,,aa5501090000000000000000004829,164308
1788458923.562277,57.959779,rx,-1,0.000000,0.000000,0.000000,0.000000,2253,56350,25016,0.000000,0.000000,0.648186,0.248233,1.139590,0,0,0.000000,0.000000,9,11,-1,0,,164308
1788458923.562751,57.960261,rx,-1,0.000000,0.000000,0.000000,0.000000,2254,56376,24996,0.000000,0.000000,0.648186,0.248233,1.139590,0,0,0.000000,0.000000,9,11,-1,0,,164308
1788458923.562848,57.960367,tx,-1,0.000000,0.000000,0.000000,0.000000,,,,,,,,,,,,,,,,,aa5501090000000000000000004829,164452
1788458923.617400,58.014895,rx,-1,0.000000,0.000000,0.000000,0.000000,2255,56400,24984,0.000000,0.000000,0.648186,0.248233,1.139590,0,0,0.000000,0.000000,9,11,-1,0,,164452
1788458923.621837,58.019349,rx,-1,0.000000,0.000000,0.000000,0.000000,2256,56426,25016,0.000000,0.000000,0.648186,0.248233,1.139590,0,0,0.000000,0.000000,9,11,-1,0,,164452
1788458923.621940,58.019460,tx,-1,0.000000,0.000000,0.000000,0.000000,,,,,,,,,,,,,,,,,aa5501090000000000000000004829,164628
1788458923.670591,58.068103,rx,-1,0.000000,0.000000,0.000000,0.000000,2257,56451,24996,0.000000,0.000000,0.648186,0.248233,1.139590,0,0,0.000000,0.000000,9,11,-1,0,,164628
1788458923.670770,58.068287,rx,-1,0.000000,0.000000,0.000000,0.000000,2258,56475,25000,0.000000,0.000000,0.648186,0.248233,1.139590,0,0,0.000000,0.000000,9,11,-1,0,,164628
1788458923.670894,58.068413,rx,-1,0.000000,0.000000,0.000000,0.000000,2259,56501,24976,0.000000,0.000000,0.648186,0.248233,1.139590,0,0,0.000000,0.000000,9,11,-1,0,,164628
1788458923.670913,58.068434,tx,-1,0.000000,0.000000,0.000000,0.000000,,,,,,,,,,,,,,,,,aa5501090000000000000000004829,164780
1788458923.725645,58.123145,rx,-1,0.000000,0.000000,0.000000,0.000000,2260,56525,25020,0.000000,0.000000,0.648186,0.248233,1.139590,0,0,0.000000,0.000000,9,11,-1,0,,164780
1788458923.730261,58.127773,rx,-1,0.000000,0.000000,0.000000,0.000000,2261,56551,24996,0.000000,0.000000,0.648186,0.248233,1.139590,0,0,0.000000,0.000000,9,11,-1,0,,164780
1788458923.730349,58.127869,tx,-1,0.000000,0.000000,0.000000,0.000000,,,,,,,,,,,,,,,,,aa5501090000000000000000004829,164924
1788458923.778439,58.175941,rx,-1,0.000000,0.000000,0.000000,0.000000,2262,56576,24992,0.000000,0.000000,0.648186,0.248233,1.139590,0,0,0.000000,0.000000,9,11,-1,0,,164924
1788458923.778913,58.176420,rx,-1,0.000000,0.000000,0.000000,0.000000,2263,56600,25008,0.000000,0.000000,0.648186,0.248233,1.139590,0,0,0.000000,0.000000,9,11,-1,0,,164924
1788458923.778992,58.176511,tx,-1,0.000000,0.000000,0.000000,0.000000,,,,,,,,,,,,,,,,,aa5501090000000000000000004829,165068
1788458923.832816,58.230322,rx,-1,0.000000,0.000000,0.000000,0.000000,2264,56626,25008,0.000000,0.000000,0.648186,0.248233,1.139590,0,0,0.000000,0.000000,9,11,-1,0,,165068
1788458923.836530,58.234045,rx,-1,0.000000,0.000000,0.000000,0.000000,2265,56650,24976,0.000000,0.000000,0.648186,0.248233,1.139590,0,0,0.000000,0.000000,9,11,-1,0,,165068
1788458923.836601,58.234121,tx,-1,0.000000,0.000000,0.000000,0.000000,,,,,,,,,,,,,,,,,aa5501090000000000000000004829,165212
1788458923.884212,58.281713,rx,-1,0.000000,0.000000,0.000000,0.000000,2266,56676,25000,0.000000,0.000000,0.648186,0.248233,1.139590,0,0,0.000000,0.000000,9,11,-1,0,,165212
1788458923.884720,58.282227,rx,-1,0.000000,0.000000,0.000000,0.000000,2267,56700,25036,0.000000,0.000000,0.648186,0.248233,1.139590,0,0,0.000000,0.000000,9,11,-1,0,,165212
1788458923.884819,58.282337,tx,-1,0.000000,0.000000,0.000000,0.000000,,,,,,,,,,,,,,,,,aa5501090000000000000000004829,165356
1788458923.938893,58.336403,rx,-1,0.000000,0.000000,0.000000,0.000000,2268,56725,24984,0.000000,0.000000,0.648186,0.248233,1.139590,0,0,0.000000,0.000000,9,11,-1,0,,165356
1788458923.943810,58.341320,rx,-1,0.000000,0.000000,0.000000,0.000000,2269,56751,24988,0.000000,0.000000,0.648186,0.248233,1.139590,0,0,0.000000,0.000000,9,11,-1,0,,165356
1788458923.943914,58.341434,tx,-1,0.000000,0.000000,0.000000,0.000000,,,,,,,,,,,,,,,,,aa5501090000000000000000004829,165500
1788458923.993129,58.390630,rx,-1,0.000000,0.000000,0.000000,0.000000,2270,56775,24992,0.000000,0.000000,0.648186,0.248233,1.139590,0,0,0.000000,0.000000,9,11,-1,0,,165500
1788458923.993630,58.391139,rx,-1,0.000000,0.000000,0.000000,0.000000,2271,56801,25036,0.000000,0.000000,0.648186,0.248233,1.139590,0,0,0.000000,0.000000,9,11,-1,0,,165500
1788458923.993749,58.391267,tx,-1,0.000000,0.000000,0.000000,0.000000,,,,,,,,,,,,,,,,,aa5501090000000000000000004829,165676
1788458924.047972,58.445482,rx,-1,0.000000,0.000000,0.000000,0.000000,2272,56825,24996,0.000000,0.000000,0.648186,0.248233,1.139590,0,0,0.000000,0.000000,9,11,-1,0,,165676
1788458924.051474,58.448988,rx,-1,0.000000,0.000000,0.000000,0.000000,2273,56851,24972,0.000000,0.000000,0.648186,0.248233,1.139590,0,0,0.000000,0.000000,9,11,-1,0,,165676
1788458924.051673,58.449189,rx,-1,0.000000,0.000000,0.000000,0.000000,2274,56876,25028,0.000000,0.000000,0.648186,0.248233,1.139590,0,0,0.000000,0.000000,9,11,-1,0,,165676
1788458924.051707,58.449227,tx,-1,0.000000,0.000000,0.000000,0.000000,,,,,,,,,,,,,,,,,aa5501090000000000000000004829,165860
1788458924.099400,58.496905,rx,-1,0.000000,0.000000,0.000000,0.000000,2275,56900,24988,0.000000,0.000000,0.648186,0.248233,1.139590,0,0,0.000000,0.000000,9,11,-1,0,,165860
1788458924.099683,58.497198,rx,-1,0.000000,0.000000,0.000000,0.000000,2276,56926,25004,0.000000,0.000000,0.648186,0.248233,1.139590,0,0,0.000000,0.000000,9,11,-1,0,,165860
1788458924.099727,58.497246,tx,-1,0.000000,0.000000,0.000000,0.000000,,,,,,,,,,,,,,,,,aa5501090000000000000000004829,166004
1788458924.154867,58.552368,rx,-1,0.000000,0.000000,0.000000,0.000000,2277,56950,24984,0.000000,0.000000,0.648186,0.248233,1.139590,0,0,0.000000,0.000000,9,11,-1,0,,166004
1788458924.159550,58.557063,rx,-1,0.000000,0.000000,0.000000,0.000000,2278,56976,24988,0.000000,0.000000,0.648186,0.248233,1.139590,0,0,0.000000,0.000000,9,11,-1,0,,166004
1788458924.159641,58.557161,tx,-1,0.000000,0.000000,0.000000,0.000000,,,,,,,,,,,,,,,,,aa5501090000000000000000004829,166148
1788458924.208635,58.606135,rx,-1,0.000000,0.000000,0.000000,0.000000,2279,57000,25040,0.000000,0.000000,0.648186,0.248233,1.139590,0,0,0.000000,0.000000,9,11,-1,0,,166148
1788458924.209370,58.606877,rx,-1,0.000000,0.000000,0.000000,0.000000,2280,57025,24968,0.000000,0.000000,0.648186,0.248233,1.139590,0,0,0.000000,0.000000,9,11,-1,0,,166148
1788458924.209476,58.606994,tx,-1,0.000000,0.000000,0.000000,0.000000,,,,,,,,,,,,,,,,,aa5501090000000000000000004829,166347
1788458924.264063,58.661563,rx,-1,0.000000,0.000000,0.000000,0.000000,2281,57051,25000,0.000000,0.000000,0.648186,0.248233,1.139590,0,0,0.000000,0.000000,9,11,-1,0,,166347
1788458924.268848,58.666357,rx,-1,0.000000,0.000000,0.000000,0.000000,2282,57075,25028,0.000000,0.000000,0.648186,0.248233,1.139590,0,0,0.000000,0.000000,9,11,-1,0,,166347
1788458924.268957,58.666476,tx,-1,0.000000,0.000000,0.000000,0.000000,,,,,,,,,,,,,,,,,aa5501090000000000000000004829,166491
1788458924.317066,58.714578,rx,-1,0.000000,0.000000,0.000000,0.000000,2283,57101,24988,0.000000,0.000000,0.648186,0.248233,1.139590,0,0,0.000000,0.000000,9,11,-1,0,,166491
1788458924.317264,58.714781,rx,-1,0.000000,0.000000,0.000000,0.000000,2284,57125,25000,0.000000,0.000000,0.648186,0.248233,1.139590,0,0,0.000000,0.000000,9,11,-1,0,,166491
1788458924.317302,58.714822,tx,-1,0.000000,0.000000,0.000000,0.000000,,,,,,,,,,,,,,,,,aa5501090000000000000000004829,166635
1788458924.371114,58.768615,rx,-1,0.000000,0.000000,0.000000,0.000000,2285,57151,25024,0.000000,0.000000,0.648186,0.248233,1.139590,0,0,0.000000,0.000000,9,11,-1,0,,166635
1788458924.375545,58.773054,rx,-1,0.000000,0.000000,0.000000,0.000000,2286,57176,24976,0.000000,0.000000,0.648186,0.248233,1.139590,0,0,0.000000,0.000000,9,11,-1,0,,166635
1788458924.375656,58.773175,tx,-1,0.000000,0.000000,0.000000,0.000000,,,,,,,,,,,,,,,,,aa5501090000000000000000004829,166779
1788458924.423040,58.820545,rx,-1,0.000000,0.000000,0.000000,0.000000,2287,57200,24996,0.000000,0.000000,0.648186,0.248233,1.139590,0,0,0.000000,0.000000,9,11,-1,0,,166779
1788458924.423365,58.820877,rx,-1,0.000000,0.000000,0.000000,0.000000,2288,57226,24976,0.000000,0.000000,0.648186,0.248233,1.139590,0,0,0.000000,0.000000,9,11,-1,0,,166779
1788458924.423521,58.821039,tx,-1,0.000000,0.000000,0.000000,0.000000,,,,,,,,,,,,,,,,,aa5501090000000000000000004829,166955
1788458924.478216,58.875725,rx,-1,0.000000,0.000000,0.000000,0.000000,2289,57250,25016,0.000000,0.000000,0.648186,0.248233,1.139590,0,0,0.000000,0.000000,9,11,-1,0,,166955
1788458924.481129,58.878637,rx,-1,0.000000,0.000000,0.000000,0.000000,2290,57276,25012,0.000000,0.000000,0.648186,0.248233,1.139590,0,0,0.000000,0.000000,9,11,-1,0,,166955
1788458924.481404,58.878919,rx,-1,0.000000,0.000000,0.000000,0.000000,2291,57300,24984,0.000000,0.000000,0.648186,0.248233,1.139590,0,0,0.000000,0.000000,9,11,-1,0,,166955
1788458924.481451,58.878970,tx,-1,0.000000,0.000000,0.000000,0.000000,,,,,,,,,,,,,,,,,aa5501090000000000000000004829,167139
1788458924.530592,58.928093,rx,-1,0.000000,0.000000,0.000000,0.000000,2292,57325,25024,0.000000,0.000000,0.648186,0.248233,1.139590,0,0,0.000000,0.000000,9,11,-1,0,,167139
1788458924.531107,58.928616,rx,-1,0.000000,0.000000,0.000000,0.000000,2293,57351,25000,0.000000,0.000000,0.648186,0.248233,1.139590,0,0,0.000000,0.000000,9,11,-1,0,,167139
1788458924.531216,58.928734,tx,-1,0.000000,0.000000,0.000000,0.000000,,,,,,,,,,,,,,,,,aa5501090000000000000000004829,167283
1788458924.585240,58.982740,rx,-1,0.000000,0.000000,0.000000,0.000000,2294,57375,24988,0.000000,0.000000,0.648186,0.248233,1.139590,0,0,0.000000,0.000000,9,11,-1,0,,167283
1788458924.589043,58.986559,rx,-1,0.000000,0.000000,0.000000,0.000000,2295,57401,24980,0.000000,0.000000,0.648186,0.248233,1.139590,0,0,0.000000,0.000000,9,11,-1,0,,167283
1788458924.589103,58.986623,tx,-1,0.000000,0.000000,0.000000,0.000000,,,,,,,,,,,,,,,,,aa5501090000000000000000004829,167427
1788458924.637637,59.035142,rx,-1,0.000000,0.000000,0.000000,0.000000,2296,57425,25004,0.000000,0.000000,0.648186,0.248233,1.139590,0,0,0.000000,0.000000,9,11,-1,0,,167427
1788458924.637830,59.035347,rx,-1,0.000000,0.000000,0.000000,0.000000,2297,57450,25012,0.000000,0.000000,0.648186,0.248233,1.139590,0,0,0.000000,0.000000,9,11,-1,0,,167427
1788458924.637852,59.035372,tx,-1,0.000000,0.000000,0.000000,0.000000,,,,,,,,,,,,,,,,,aa5501090000000000000000004829,167571
1788458924.692248,59.089756,rx,-1,0.000000,0.000000,0.000000,0.000000,2298,57476,24992,0.000000,0.000000,0.648186,0.248233,1.139590,0,0,0.000000,0.000000,9,11,-1,0,,167571
1788458924.694714,59.092229,rx,-1,0.000000,0.000000,0.000000,0.000000,2299,57500,24996,0.000000,0.000000,0.648186,0.248233,1.139590,0,0,0.000000,0.000000,9,11,-1,0,,167571
1788458924.694764,59.092283,tx,-1,0.000000,0.000000,0.000000,0.000000,,,,,,,,,,,,,,,,,aa5501090000000000000000004829,167715
1788458924.742997,59.140496,rx,-1,0.000000,0.000000,0.000000,0.000000,2300,57526,25028,0.000000,0.000000,0.648186,0.248233,1.139590,0,0,0.000000,0.000000,9,11,-1,0,,167715
1788458924.743499,59.141007,rx,-1,0.000000,0.000000,0.000000,0.000000,2301,57550,25012,0.000000,0.000000,0.648186,0.248233,1.139590,0,0,0.000000,0.000000,9,11,-1,0,,167715
1788458924.743683,59.141201,tx,-1,0.000000,0.000000,0.000000,0.000000,,,,,,,,,,,,,,,,,aa5501090000000000000000004829,167859
1788458924.797874,59.195380,rx,-1,0.000000,0.000000,0.000000,0.000000,2302,57576,24960,0.000000,0.000000,0.648186,0.248233,1.139590,0,0,0.000000,0.000000,9,11,-1,0,,167859
1788458924.800993,59.198505,rx,-1,0.000000,0.000000,0.000000,0.000000,2303,57601,25028,0.000000,0.000000,0.648186,0.248233,1.139590,0,0,0.000000,0.000000,9,11,-1,0,,167859
1788458924.801091,59.198610,tx,-1,0.000000,0.000000,0.000000,0.000000,,,,,,,,,,,,,,,,,aa5501090000000000000000004829,168003
1788458924.849850,59.247362,rx,-1,0.000000,0.000000,0.000000,0.000000,2304,57625,25004,0.000000,0.000000,0.648186,0.248233,1.139590,0,0,0.000000,0.000000,9,11,-1,0,,168003
1788458924.849977,59.247496,rx,-1,0.000000,0.000000,0.000000,0.000000,2305,57651,24972,0.000000,0.000000,0.648186,0.248233,1.139590,0,0,0.000000,0.000000,9,11,-1,0,,168003
1788458924.849991,59.247510,tx,-1,0.000000,0.000000,0.000000,0.000000,,,,,,,,,,,,,,,,,aa5501090000000000000000004829,168147
1788458924.904465,59.301958,rx,-1,0.000000,0.000000,0.000000,0.000000,2306,57675,25024,0.000000,0.000000,0.648186,0.248233,1.139590,0,0,0.000000,0.000000,9,11,-1,0,,168147
1788458924.909371,59.306880,rx,-1,0.000000,0.000000,0.000000,0.000000,2307,57701,24996,0.000000,0.000000,0.648186,0.248233,1.139590,0,0,0.000000,0.000000,9,11,-1,0,,168147
1788458924.909548,59.307066,tx,-1,0.000000,0.000000,0.000000,0.000000,,,,,,,,,,,,,,,,,aa5501090000000000000000004829,168323
1788458924.957575,59.355079,rx,-1,0.000000,0.000000,0.000000,0.000000,2308,57725,24996,0.000000,0.000000,0.648186,0.248233,1.139590,0,0,0.000000,0.000000,9,11,-1,0,,168323
1788458924.957807,59.355324,rx,-1,0.000000,0.000000,0.000000,0.000000,2309,57750,24988,0.000000,0.000000,0.648186,0.248233,1.139590,0,0,0.000000,0.000000,9,11,-1,0,,168323
1788458924.957846,59.355365,tx,-1,0.000000,0.000000,0.000000,0.000000,,,,,,,,,,,,,,,,,aa5501090000000000000000004829,168499
1788458925.012206,59.409716,rx,-1,0.000000,0.000000,0.000000,0.000000,2310,57776,24984,0.000000,0.000000,0.648186,0.248233,1.139590,0,0,0.000000,0.000000,9,11,-1,0,,168499
1788458925.014214,59.411732,rx,-1,0.000000,0.000000,0.000000,0.000000,2311,57800,25044,0.000000,0.000000,0.648186,0.248233,1.139590,0,0,0.000000,0.000000,9,11,-1,0,,168499
1788458925.014279,59.411797,rx,-1,0.000000,0.000000,0.000000,0.000000,2312,57826,24972,0.000000,0.000000,0.648186,0.248233,1.139590,0,0,0.000000,0.000000,9,11,-1,0,,168499
1788458925.014292,59.411812,tx,-1,0.000000,0.000000,0.000000,0.000000,,,,,,,,,,,,,,,,,aa5501090000000000000000004829,168651
1788458925.062557,59.460059,rx,-1,0.000000,0.000000,0.000000,0.000000,2313,57850,25016,0.000000,0.000000,0.648186,0.248233,1.139590,0,0,0.000000,0.000000,9,11,-1,0,,168651
1788458925.062793,59.460310,rx,-1,0.000000,0.000000,0.000000,0.000000,2314,57876,25004,0.000000,0.000000,0.648186,0.248233,1.139590,0,0,0.000000,0.000000,9,11,-1,0,,168651
1788458925.062838,59.460356,tx,-1,0.000000,0.000000,0.000000,0.000000,,,,,,,,,,,,,,,,,aa5501090000000000000000004829,168795
1788458925.117013,59.514518,rx,-1,0.000000,0.000000,0.000000,0.000000,2315,57901,24992,0.000000,0.000000,0.648186,0.248233,1.139590,0,0,0.000000,0.000000,9,11,-1,0,,168795
1788458925.119935,59.517442,rx,-1,0.000000,0.000000,0.000000,0.000000,2316,57925,25000,0.000000,0.000000,0.648186,0.248233,1.139590,0,0,0.000000,0.000000,9,11,-1,0,,168795
1788458925.120043,59.517561,tx,-1,0.000000,0.000000,0.000000,0.000000,,,,,,,,,,,,,,,,,aa5501090000000000000000004829,168939
1788458925.168396,59.565904,rx,-1,0.000000,0.000000,0.000000,0.000000,2317,57951,25012,0.000000,0.000000,0.648186,0.248233,1.139590,0,0,0.000000,0.000000,9,11,-1,0,,168939
1788458925.168614,59.566131,rx,-1,0.000000,0.000000,0.000000,0.000000,2318,57975,24972,0.000000,0.000000,0.648186,0.248233,1.139590,0,0,0.000000,0.000000,9,11,-1,0,,168939
1788458925.168672,59.566190,tx,-1,0.000000,0.000000,0.000000,0.000000,,,,,,,,,,,,,,,,,aa5501090000000000000000004829,169083
1788458925.223319,59.620829,rx,-1,0.000000,0.000000,0.000000,0.000000,2319,58001,25000,0.000000,0.000000,0.648186,0.248233,1.139590,0,0,0.000000,0.000000,9,11,-1,0,,169083
1788458925.225740,59.623252,rx,-1,0.000000,0.000000,0.000000,0.000000,2320,58025,24988,0.000000,0.000000,0.648186,0.248233,1.139590,0,0,0.000000,0.000000,9,11,-1,0,,169083
1788458925.225790,59.623309,tx,-1,0.000000,0.000000,0.000000,0.000000,,,,,,,,,,,,,,,,,aa5501090000000000000000004829,169282
1788458925.277383,59.674898,rx,-1,0.000000,0.000000,0.000000,0.000000,2321,58050,25036,0.000000,0.000000,0.648186,0.248233,1.139590,0,0,0.000000,0.000000,9,11,-1,0,,169282
1788458925.277495,59.675012,rx,-1,0.000000,0.000000,0.000000,0.000000,2322,58076,24984,0.000000,0.000000,0.648186,0.248233,1.139590,0,0,0.000000,0.000000,9,11,-1,0,,169282
1788458925.277510,59.675029,tx,-1,0.000000,0.000000,0.000000,0.000000,,,,,,,,,,,,,,,,,aa5501090000000000000000004829,169426
1788458925.331116,59.728633,rx,-1,0.000000,0.000000,0.000000,0.000000,2323,58100,24996,0.000000,0.000000,0.648186,0.248233,1.139590,0,0,0.000000,0.000000,9,11,-1,0,,169426
1788458925.333479,59.730996,rx,-1,0.000000,0.000000,0.000000,0.000000,2324,58126,24984,0.000000,0.000000,0.648186,0.248233,1.139590,0,0,0.000000,0.000000,9,11,-1,0,,169426
1788458925.333508,59.731027,tx,-1,0.000000,0.000000,0.000000,0.000000,,,,,,,,,,,,,,,,,aa5501090000000000000000004829,169570
1788458925.381559,59.779061,rx,-1,0.000000,0.000000,0.000000,0.000000,2325,58150,25000,0.000000,0.000000,0.648186,0.248233,1.139590,0,0,0.000000,0.000000,9,11,-1,0,,169570
1788458925.381769,59.779285,rx,-1,0.000000,0.000000,0.000000,0.000000,2326,58176,25024,0.000000,0.000000,0.648186,0.248233,1.139590,0,0,0.000000,0.000000,9,11,-1,0,,169570
1788458925.381796,59.779315,tx,-1,0.000000,0.000000,0.000000,0.000000,,,,,,,,,,,,,,,,,aa5501090000000000000000004829,169714
1788458925.436354,59.833850,rx,-1,0.000000,0.000000,0.000000,0.000000,2327,58201,24980,0.000000,0.000000,0.648186,0.248233,1.139590,0,0,0.000000,0.000000,9,11,-1,0,,169714
1788458925.440170,59.837681,rx,-1,0.000000,0.000000,0.000000,0.000000,2328,58225,25004,0.000000,0.000000,0.648186,0.248233,1.139590,0,0,0.000000,0.000000,9,11,-1,0,,169714
1788458925.440284,59.837802,tx,-1,0.000000,0.000000,0.000000,0.000000,,,,,,,,,,,,,,,,,aa5501090000000000000000004829,169922
1788458925.488984,59.886487,rx,-1,0.000000,0.000000,0.000000,0.000000,2329,58251,25016,0.000000,0.000000,0.648186,0.248233,1.139590,0,0,0.000000,0.000000,9,11,-1,0,,169922
1788458925.489351,59.886862,rx,-1,0.000000,0.000000,0.000000,0.000000,2330,58275,25024,0.000000,0.000000,0.648186,0.248233,1.139590,0,0,0.000000,0.000000,9,11,-1,0,,169922
1788458925.489453,59.886970,tx,-1,0.000000,0.000000,0.000000,0.000000,,,,,,,,,,,,,,,,,aa5501090000000000000000004829,170066
1788458925.543381,59.940890,rx,-1,0.000000,0.000000,0.000000,0.000000,2331,58301,24992,0.000000,0.000000,0.648186,0.248233,1.139590,0,0,0.000000,0.000000,9,11,-1,0,,170066
1788458925.547262,59.944771,rx,-1,0.000000,0.000000,0.000000,0.000000,2332,58326,24992,0.000000,0.000000,0.648186,0.248233,1.139590,0,0,0.000000,0.000000,9,11,-1,0,,170066
1788458925.547519,59.945033,rx,-1,0.000000,0.000000,0.000000,0.000000,2333,58350,24976,0.000000,0.000000,0.648186,0.248233,1.139590,0,0,0.000000,0.000000,9,11,-1,0,,170066
1788458925.547559,59.945077,tx,-1,0.000000,0.000000,0.000000,0.000000,,,,,,,,,,,,,,,,,aa5501090000000000000000004829,170218
1788458925.596971,59.994447,rx,-1,0.000000,0.000000,0.000000,0.000000,2334,58376,24996,0.000000,0.000000,0.648186,0.248233,1.139590,0,0,0.000000,0.000000,9,11,-1,0,,170218
1788458925.597478,59.994985,rx,-1,0.000000,0.000000,0.000000,0.000000,2335,58400,25024,0.000000,0.000000,0.648186,0.248233,1.139590,0,0,0.000000,0.000000,9,11,-1,0,,170218
1788458925.597561,59.995078,tx,-1,0.000000,0.000000,0.000000,0.000000,,,,,,,,,,,,,,,,,aa5501090000000000000000004829,170362
1788458925.646933,60.044433,rx,-1,0.000000,0.000000,0.000000,0.000000,2336,58426,24996,0.000000,0.000000,0.648186,0.248233,1.139590,0,0,0.000000,0.000000,9,11,-1,0,,170362
1788458925.652260,60.049770,rx,-1,0.000000,0.000000,0.000000,0.000000,2337,58450,25000,0.000000,0.000000,0.648186,0.248233,1.139590,0,0,0.000000,0.000000,9,11,-1,0,,170362
1788458925.652351,60.049869,tx,-1,0.000000,0.000000,0.000000,0.000000,,,,,,,,,,,,,,,,,aa5501090000000000000000004829,170506
1788458925.701018,60.098529,rx,-1,0.000000,0.000000,0.000000,0.000000,2338,58475,24980,0.000000,0.000000,0.648186,0.248233,1.139590,0,0,0.000000,0.000000,9,11,-1,0,,170506
1788458925.701153,60.098669,rx,-1,0.000000,0.000000,0.000000,0.000000,2339,58501,25024,0.000000,0.000000,0.648186,0.248233,1.139590,0,0,0.000000,0.000000,9,11,-1,0,,170506
1788458925.701175,60.098693,tx,-1,0.000000,0.000000,0.000000,0.000000,,,,,,,,,,,,,,,,,aa5501090000000000000000004829,170650
1788458925.754693,60.152207,rx,-1,0.000000,0.000000,0.000000,0.000000,2340,58525,25012,0.000000,0.000000,0.648186,0.248233,1.139590,0,0,0.000000,0.000000,9,11,-1,0,,170650
1788458925.756696,60.154210,rx,-1,0.000000,0.000000,0.000000,0.000000,2341,58551,24968,0.000000,0.000000,0.648186,0.248233,1.139590,0,0,0.000000,0.000000,9,11,-1,0,,170650
1788458925.756735,60.154253,tx,-1,0.000000,0.000000,0.000000,0.000000,,,,,,,,,,,,,,,,,aa5501090000000000000000004829,170794
1788458925.809987,60.207497,rx,-1,0.000000,0.000000,0.000000,0.000000,2342,58575,25028,0.000000,0.000000,0.648186,0.248233,1.139590,0,0,0.000000,0.000000,9,11,-1,0,,170794
1788458925.810087,60.207605,rx,-1,0.000000,0.000000,0.000000,0.000000,2343,58601,24996,0.000000,0.000000,0.648186,0.248233,1.139590,0,0,0.000000,0.000000,9,11,-1,0,,170794
1788458925.810101,60.207619,tx,-1,0.000000,0.000000,0.000000,0.000000,,,,,,,,,,,,,,,,,aa5501090000000000000000004829,170938
1788458925.863545,60.261061,rx,-1,0.000000,0.000000,0.000000,0.000000,2344,58626,25012,0.000000,0.000000,0.648186,0.248233,1.139590,0,0,0.000000,0.000000,9,11,-1,0,,170938
1788458925.869032,60.266548,rx,-1,0.000000,0.000000,0.000000,0.000000,2345,58650,24960,0.000000,0.000000,0.648186,0.248233,1.139590,0,0,0.000000,0.000000,9,11,-1,0,,170938
1788458925.869058,60.266577,tx,-1,0.000000,0.000000,0.000000,0.000000,,,,,,,,,,,,,,,,,aa5501090000000000000000004829,171114
1788458925.916939,60.314453,rx,-1,0.000000,0.000000,0.000000,0.000000,2346,58676,25036,0.000000,0.000000,0.648186,0.248233,1.139590,0,0,0.000000,0.000000,9,11,-1,0,,171114
1788458925.917030,60.314548,rx,-1,0.000000,0.000000,0.000000,0.000000,2347,58700,24988,0.000000,0.000000,0.648186,0.248233,1.139590,0,0,0.000000,0.000000,9,11,-1,0,,171114
1788458925.917049,60.314568,tx,-1,0.000000,0.000000,0.000000,0.000000,,,,,,,,,,,,,,,,,aa5501090000000000000000004829,171290
1788458925.970399,60.367910,rx,-1,0.000000,0.000000,0.000000,0.000000,2348,58726,24984,0.000000,0.000000,0.648186,0.248233,1.139590,0,0,0.000000,0.000000,9,11,-1,0,,171290
1788458925.973499,60.371011,rx,-1,0.000000,0.000000,0.000000,0.000000,2349,58750,25004,0.000000,0.000000,0.648186,0.248233,1.139590,0,0,0.000000,0.000000,9,11,-1,0,,171290
1788458925.973633,60.371148,rx,-1,0.000000,0.000000,0.000000,0.000000,2350,58775,25012,0.000000,0.000000,0.648186,0.248233,1.139590,0,0,0.000000,0.000000,9,11,-1,0,,171290
1788458925.973657,60.371176,tx,-1,0.000000,0.000000,0.000000,0.000000,,,,,,,,,,,,,,,,,aa5501090000000000000000004829,171442
1788458926.021153,60.418661,rx,-1,0.000000,0.000000,0.000000,0.000000,2351,58801,25000,0.000000,0.000000,0.648186,0.248233,1.139590,0,0,0.000000,0.000000,9,11,-1,0,,171442
1788458926.021338,60.418853,rx,-1,0.000000,0.000000,0.000000,0.000000,2352,58825,24988,0.000000,0.000000,0.648186,0.248233,1.139590,0,0,0.000000,0.000000,9,11,-1,0,,171442
1788458926.021363,60.418882,tx,-1,0.000000,0.000000,0.000000,0.000000,,,,,,,,,,,,,,,,,aa5501090000000000000000004829,171586
1788458926.075201,60.472713,rx,-1,0.000000,0.000000,0.000000,0.000000,2353,58851,25024,0.000000,0.000000,0.648186,0.248233,1.139590,0,0,0.000000,0.000000,9,11,-1,0,,171586
1788458926.077986,60.475500,rx,-1,0.000000,0.000000,0.000000,0.000000,2354,58875,25004,0.000000,0.000000,0.648186,0.248233,1.139590,0,0,0.000000,0.000000,9,11,-1,0,,171586
1788458926.078036,60.475555,tx,-1,0.000000,0.000000,0.000000,0.000000,,,,,,,,,,,,,,,,,aa5501090000000000000000004829,171730
1788458926.130498,60.528014,rx,-1,0.000000,0.000000,0.000000,0.000000,2355,58901,24968,0.000000,0.000000,0.648186,0.248233,1.139590,0,0,0.000000,0.000000,9,11,-1,0,,171730
1788458926.130584,60.528101,rx,-1,0.000000,0.000000,0.000000,0.000000,2356,58926,25000,0.000000,0.000000,0.648186,0.248233,1.139590,0,0,0.000000,0.000000,9,11,-1,0,,171730
1788458926.130596,60.528115,tx,-1,0.000000,0.000000,0.000000,0.000000,,,,,,,,,,,,,,,,,aa5501090000000000000000004829,171874
1788458926.184309,60.581822,rx,-1,0.000000,0.000000,0.000000,0.000000,2357,58950,25012,0.000000,0.000000,0.648186,0.248233,1.139590,0,0,0.000000,0.000000,9,11,-1,0,,171874
1788458926.186417,60.583932,rx,-1,0.000000,0.000000,0.000000,0.000000,2358,58976,24992,0.000000,0.000000,0.648186,0.248233,1.139590,0,0,0.000000,0.000000,9,11,-1,0,,171874
1788458926.186452,60.583971,tx,-1,0.000000,0.000000,0.000000,0.000000,,,,,,,,,,,,,,,,,aa5501090000000000000000004829,172018
1788458926.239645,60.637156,rx,-1,0.000000,0.000000,0.000000,0.000000,2359,59000,25032,0.000000,0.000000,0.648186,0.248233,1.139590,0,0,0.000000,0.000000,9,11,-1,0,,172018
1788458926.239901,60.637416,rx,-1,0.000000,0.000000,0.000000,0.000000,2360,59026,24980,0.000000,0.000000,0.648186,0.248233,1.139590,0,0,0.000000,0.000000,9,11,-1,0,,172018
1788458926.239932,60.637450,tx,-1,0.000000,0.000000,0.000000,0.000000,,,,,,,,,,,,,,,,,aa5501090000000000000000004829,172217
1788458926.293994,60.691498,rx,-1,0.000000,0.000000,0.000000,0.000000,2361,59051,24972,0.000000,0.000000,0.648186,0.248233,1.139590,0,0,0.000000,0.000000,9,11,-1,0,,172217
1788458926.297972,60.695481,rx,-1,0.000000,0.000000,0.000000,0.000000,2362,59075,25004,0.000000,0.000000,0.648186,0.248233,1.139590,0,0,0.000000,0.000000,9,11,-1,0,,172217
1788458926.298086,60.695603,tx,-1,0.000000,0.000000,0.000000,0.000000,,,,,,,,,,,,,,,,,aa5501090000000000000000004829,172393
1788458926.345713,60.743225,rx,-1,0.000000,0.000000,0.000000,0.000000,2363,59101,25032,0.000000,0.000000,0.648186,0.248233,1.139590,0,0,0.000000,0.000000,9,11,-1,0,,172393
1788458926.345821,60.743338,rx,-1,0.000000,0.000000,0.000000,0.000000,2364,59125,25012,0.000000,0.000000,0.648186,0.248233,1.139590,0,0,0.000000,0.000000,9,11,-1,0,,172393
1788458926.345840,60.743358,tx,-1,0.000000,0.000000,0.000000,0.000000,,,,,,,,,,,,,,,,,aa5501090000000000000000004829,172537
1788458926.398990,60.796500,rx,-1,0.000000,0.000000,0.000000,0.000000,2365,59151,24972,0.000000,0.000000,0.648186,0.248233,1.139590,0,0,0.000000,0.000000,9,11,-1,0,,172537
1788458926.401822,60.799334,rx,-1,0.000000,0.000000,0.000000,0.000000,2366,59175,25004,0.000000,0.000000,0.648186,0.248233,1.139590,0,0,0.000000,0.000000,9,11,-1,0,,172537
1788458926.401911,60.799429,tx,-1,0.000000,0.000000,0.000000,0.000000,,,,,,,,,,,,,,,,,aa5501090000000000000000004829,172713
1788458926.450821,60.848310,rx,-1,0.000000,0.000000,0.000000,0.000000,2367,59200,25008,0.000000,0.000000,0.648186,0.248233,1.139590,0,0,0.000000,0.000000,9,11,-1,0,,172713
1788458926.451242,60.848752,rx,-1,0.000000,0.000000,0.000000,0.000000,2368,59226,25016,0.000000,0.000000,0.648186,0.248233,1.139590,0,0,0.000000,0.000000,9,11,-1,0,,172713
1788458926.451622,60.849119,rx,-1,0.000000,0.000000,0.000000,0.000000,2369,59250,24952,0.000000,0.000000,0.648186,0.248233,1.139590,0,0,0.000000,0.000000,9,11,-1,0,,172713
1788458926.451664,60.849182,tx,-1,0.000000,0.000000,0.000000,0.000000,,,,,,,,,,,,,,,,,aa5501090000000000000000004829,172865
1788458926.506587,60.904086,rx,-1,0.000000,0.000000,0.000000,0.000000,2370,59276,25000,0.000000,0.000000,0.648186,0.248233,1.139590,0,0,0.000000,0.000000,9,11,-1,0,,172865
1788458926.511718,60.909227,rx,-1,0.000000,0.000000,0.000000,0.000000,2371,59300,25012,0.000000,0.000000,0.648186,0.248233,1.139590,0,0,0.000000,0.000000,9,11,-1,0,,172865
1788458926.511812,60.909329,tx,-1,0.000000,0.000000,0.000000,0.000000,,,,,,,,,,,,,,,,,aa5501090000000000000000004829,173009
1788458926.560059,60.957572,rx,-1,0.000000,0.000000,0.000000,0.000000,2372,59326,25004,0.000000,0.000000,0.648186,0.248233,1.139590,0,0,0.000000,0.000000,9,11,-1,0,,173009
1788458926.560145,60.957662,rx,-1,0.000000,0.000000,0.000000,0.000000,2373,59351,25032,0.000000,0.000000,0.648186,0.248233,1.139590,0,0,0.000000,0.000000,9,11,-1,0,,173009
1788458926.560158,60.957676,tx,-1,0.000000,0.000000,0.000000,0.000000,,,,,,,,,,,,,,,,,aa5501090000000000000000004829,173153
1788458926.615429,61.012924,rx,-1,0.000000,0.000000,0.000000,0.000000,2374,59375,24988,0.000000,0.000000,0.648186,0.248233,1.139590,0,0,0.000000,0.000000,9,11,-1,0,,173153
1788458926.619282,61.016794,rx,-1,0.000000,0.000000,0.000000,0.000000,2375,59401,24984,0.000000,0.000000,0.648186,0.248233,1.139590,0,0,0.000000,0.000000,9,11,-1,0,,173153
1788458926.619339,61.016858,tx,-1,0.000000,0.000000,0.000000,0.000000,,,,,,,,,,,,,,,,,aa5501090000000000000000004829,173297
1788458926.667805,61.065297,rx,-1,0.000000,0.000000,0.000000,0.000000,2376,59425,24996,0.000000,0.000000,0.648186,0.248233,1.139590,0,0,0.000000,0.000000,9,11,-1,0,,173297
1788458926.668435,61.065938,rx,-1,0.000000,0.000000,0.000000,0.000000,2377,59451,25024,0.000000,0.000000,0.648186,0.248233,1.139590,0,0,0.000000,0.000000,9,11,-1,0,,173297
1788458926.668558,61.066073,tx,-1,0.000000,0.000000,0.000000,0.000000,,,,,,,,,,,,,,,,,aa5501090000000000000000004829,173441
1788458926.722166,61.119677,rx,-1,0.000000,0.000000,0.000000,0.000000,2378,59475,24964,0.000000,0.000000,0.648186,0.248233,1.139590,0,0,0.000000,0.000000,9,11,-1,0,,173441
1788458926.724123,61.121638,rx,-1,0.000000,0.000000,0.000000,0.000000,2379,59500,25012,0.000000,0.000000,0.648186,0.248233,1.139590,0,0,0.000000,0.000000,9,11,-1,0,,173441
1788458926.724150,61.121668,tx,-1,0.000000,0.000000,0.000000,0.000000,,,,,,,,,,,,,,,,,aa5501090000000000000000004829,173585
1788458926.772381,61.169894,rx,-1,0.000000,0.000000,0.000000,0.000000,2380,59526,24996,0.000000,0.000000,0.648186,0.248233,1.139590,0,0,0.000000,0.000000,9,11,-1,0,,173585
1788458926.772515,61.170030,rx,-1,0.000000,0.000000,0.000000,0.000000,2381,59550,25016,0.000000,0.000000,0.648186,0.248233,1.139590,0,0,0.000000,0.000000,9,11,-1,0,,173585
1788458926.772534,61.170052,tx,-1,0.000000,0.000000,0.000000,0.000000,,,,,,,,,,,,,,,,,aa5501090000000000000000004829,173729
1788458926.826344,61.223855,rx,-1,0.000000,0.000000,0.000000,0.000000,2382,59576,24992,0.000000,0.000000,0.648186,0.248233,1.139590,0,0,0.000000,0.000000,9,11,-1,0,,173729
1788458926.829148,61.226658,rx,-1,0.000000,0.000000,0.000000,0.000000,2383,59600,25020,0.000000,0.000000,0.648186,0.248233,1.139590,0,0,0.000000,0.000000,9,11,-1,0,,173729
1788458926.829191,61.226707,tx,-1,0.000000,0.000000,0.000000,0.000000,,,,,,,,,,,,,,,,,aa5501090000000000000000004829,173905
1788458926.881733,61.279240,rx,-1,0.000000,0.000000,0.000000,0.000000,2384,59626,24996,0.000000,0.000000,0.648186,0.248233,1.139590,0,0,0.000000,0.000000,9,11,-1,0,,173905
1788458926.882011,61.279525,rx,-1,0.000000,0.000000,0.000000,0.000000,2385,59651,24992,0.000000,0.000000,0.648186,0.248233,1.139590,0,0,0.000000,0.000000,9,11,-1,0,,173905
1788458926.882183,61.279697,rx,-1,0.000000,0.000000,0.000000,0.000000,2386,59675,24972,0.000000,0.000000,0.648186,0.248233,1.139590,0,0,0.000000,0.000000,9,11,-1,0,,173905
1788458926.882217,61.279734,tx,-1,0.000000,0.000000,0.000000,0.000000,,,,,,,,,,,,,,,,,aa5501090000000000000000004829,174089
1788458926.935493,61.333007,rx,-1,0.000000,0.000000,0.000000,0.000000,2387,59701,25000,0.000000,0.000000,0.648186,0.248233,1.139590,0,0,0.000000,0.000000,9,11,-1,0,,174089
1788458926.937766,61.335279,rx,-1,0.000000,0.000000,0.000000,0.000000,2388,59725,25028,0.000000,0.000000,0.648186,0.248233,1.139590,0,0,0.000000,0.000000,9,11,-1,0,,174089
1788458926.937805,61.335322,tx,-1,0.000000,0.000000,0.000000,0.000000,,,,,,,,,,,,,,,,,aa5501090000000000000000004829,174233
1788458926.985573,61.383083,rx,-1,0.000000,0.000000,0.000000,0.000000,2389,59751,24988,0.000000,0.000000,0.648186,0.248233,1.139590,0,0,0.000000,0.000000,9,11,-1,0,,174233
1788458926.985704,61.383220,rx,-1,0.000000,0.000000,0.000000,0.000000,2390,59776,24992,0.000000,0.000000,0.648186,0.248233,1.139590,0,0,0.000000,0.000000,9,11,-1,0,,174233
1788458926.985723,61.383240,tx,-1,0.000000,0.000000,0.000000,0.000000,,,,,,,,,,,,,,,,,aa5501090000000000000000004829,174377
1788458927.038870,61.436380,rx,-1,0.000000,0.000000,0.000000,0.000000,2391,59800,25024,0.000000,0.000000,0.648186,0.248233,1.139590,0,0,0.000000,0.000000,9,11,-1,0,,174377
1788458927.041332,61.438844,rx,-1,0.000000,0.000000,0.000000,0.000000,2392,59826,24996,0.000000,0.000000,0.648186,0.248233,1.139590,0,0,0.000000,0.000000,9,11,-1,0,,174377
1788458927.041396,61.438913,tx,-1,0.000000,0.000000,0.000000,0.000000,,,,,,,,,,,,,,,,,aa5501090000000000000000004829,174521
1788458927.089322,61.486837,rx,-1,0.000000,0.000000,0.000000,0.000000,2393,59850,24972,0.000000,0.000000,0.648186,0.248233,1.139590,0,0,0.000000,0.000000,9,11,-1,0,,174521
1788458927.089410,61.486927,rx,-1,0.000000,0.000000,0.000000,0.000000,2394,59876,25036,0.000000,0.000000,0.648186,0.248233,1.139590,0,0,0.000000,0.000000,9,11,-1,0,,174521
1788458927.089422,61.486940,tx,-1,0.000000,0.000000,0.000000,0.000000,,,,,,,,,,,,,,,,,aa5501090000000000000000004829,174665
1788458927.142727,61.540236,rx,-1,0.000000,0.000000,0.000000,0.000000,2395,59900,24968,0.000000,0.000000,0.648186,0.248233,1.139590,0,0,0.000000,0.000000,9,11,-1,0,,174665
1788458927.145824,61.543336,rx,-1,0.000000,0.000000,0.000000,0.000000,2396,59925,25008,0.000000,0.000000,0.648186,0.248233,1.139590,0,0,0.000000,0.000000,9,11,-1,0,,174665
1788458927.145905,61.543422,tx,-1,0.000000,0.000000,0.000000,0.000000,,,,,,,,,,,,,,,,,aa5501090000000000000000004829,174809
1788458927.193183,61.590691,rx,-1,0.000000,0.000000,0.000000,0.000000,2397,59951,25032,0.000000,0.000000,0.648186,0.248233,1.139590,0,0,0.000000,0.000000,9,11,-1,0,,174809
1788458927.193383,61.590898,rx,-1,0.000000,0.000000,0.000000,0.000000,2398,59975,24972,0.000000,0.000000,0.648186,0.248233,1.139590,0,0,0.000000,0.000000,9,11,-1,0,,174809
1788458927.193419,61.590937,tx,-1,0.000000,0.000000,0.000000,0.000000,,,,,,,,,,,,,,,,,aa5501090000000000000000004829,174953
1788458927.245826,61.643332,rx,-1,0.000000,0.000000,0.000000,0.000000,2399,60001,25004,0.000000,0.000000,0.648186,0.248233,1.139590,0,0,0.000000,0.000000,9,11,-1,0,,174953
1788458927.249708,61.647219,rx,-1,0.000000,0.000000,0.000000,0.000000,2400,60025,25020,0.000000,0.000000,0.648186,0.248233,1.139590,0,0,0.000000,0.000000,9,11,-1,0,,174953
1788458927.249784,61.647301,tx,-1,0.000000,0.000000,0.000000,0.000000,,,,,,,,,,,,,,,,,aa5501090000000000000000004829,175152
1788458927.298770,61.696279,rx,-1,0.000000,0.000000,0.000000,0.000000,2401,60051,24992,0.000000,0.000000,0.648186,0.248233,1.139590,0,0,0.000000,0.000000,9,11,-1,0,,175152
1788458927.298888,61.696404,rx,-1,0.000000,0.000000,0.000000,0.000000,2402,60076,24996,0.000000,0.000000,0.648186,0.248233,1.139590,0,0,0.000000,0.000000,9,11,-1,0,,175152
1788458927.298905,61.696422,tx,-1,0.000000,0.000000,0.000000,0.000000,,,,,,,,,,,,,,,,,aa5501090000000000000000004829,175296
1788458927.351810,61.749320,rx,-1,0.000000,0.000000,0.000000,0.000000,2403,60100,24972,0.000000,0.000000,0.648186,0.248233,1.139590,0,0,0.000000,0.000000,9,11,-1,0,,175296
1788458927.353891,61.751404,rx,-1,0.000000,0.000000,0.000000,0.000000,2404,60126,25040,0.000000,0.000000,0.648186,0.248233,1.139590,0,0,0.000000,0.000000,9,11,-1,0,,175296
1788458927.353949,61.751466,tx,-1,0.000000,0.000000,0.000000,0.000000,,,,,,,,,,,,,,,,,aa5501090000000000000000004829,175440
1788458927.411662,61.809168,rx,-1,0.000000,0.000000,0.000000,0.000000,2405,60150,25004,0.000000,0.000000,0.648186,0.248233,1.139590,0,0,0.000000,0.000000,9,11,-1,0,,175440
1788458927.411790,61.809306,rx,-1,0.000000,0.000000,0.000000,0.000000,2406,60176,24960,0.000000,0.000000,0.648186,0.248233,1.139590,0,0,0.000000,0.000000,9,11,-1,0,,175440
1788458927.411882,61.809396,rx,-1,0.000000,0.000000,0.000000,0.000000,2407,60200,25000,0.000000,0.000000,0.648186,0.248233,1.139590,0,0,0.000000,0.000000,9,11,-1,0,,175440
1788458927.412070,61.809587,tx,-1,0.000000,0.000000,0.000000,0.000000,,,,,,,,,,,,,,,,,aa5501090000000000000000004829,175656
1788458927.464622,61.862124,rx,-1,0.000000,0.000000,0.000000,0.000000,2408,60225,25000,0.000000,0.000000,0.648186,0.248233,1.139590,0,0,0.000000,0.000000,9,11,-1,0,,175656
1788458927.470788,61.868291,rx,-1,0.000000,0.000000,0.000000,0.000000,2409,60251,25024,0.000000,0.000000,0.648186,0.248233,1.139590,0,0,0.000000,0.000000,9,11,-1,0,,175656
1788458927.470903,61.868419,tx,-1,0.000000,0.000000,0.000000,0.000000,,,,,,,,,,,,,,,,,aa5501090000000000000000004829,175800
1788458927.518554,61.916064,rx,-1,0.000000,0.000000,0.000000,0.000000,2410,60275,24992,0.000000,0.000000,0.648186,0.248233,1.139590,0,0,0.000000,0.000000,9,11,-1,0,,175800
1788458927.518659,61.916175,rx,-1,0.000000,0.000000,0.000000,0.000000,2411,60301,24988,0.000000,0.000000,0.648186,0.248233,1.139590,0,0,0.000000,0.000000,9,11,-1,0,,175800
1788458927.518674,61.916191,tx,-1,0.000000,0.000000,0.000000,0.000000,,,,,,,,,,,,,,,,,aa5501090000000000000000004829,175944
1788458927.574550,61.972048,rx,-1,0.000000,0.000000,0.000000,0.000000,2412,60325,25036,0.000000,0.000000,0.648186,0.248233,1.139590,0,0,0.000000,0.000000,9,11,-1,0,,175944
1788458927.579508,61.977017,rx,-1,0.000000,0.000000,0.000000,0.000000,2413,60351,24984,0.000000,0.000000,0.648186,0.248233,1.139590,0,0,0.000000,0.000000,9,11,-1,0,,175944
1788458927.579770,61.977286,tx,-1,0.000000,0.000000,0.000000,0.000000,,,,,,,,,,,,,,,,,aa5501090000000000000000004829,176088
1788458927.627570,62.025080,rx,-1,0.000000,0.000000,0.000000,0.000000,2414,60376,25004,0.000000,0.000000,0.648186,0.248233,1.139590,0,0,0.000000,0.000000,9,11,-1,0,,176088
1788458927.627677,62.025192,rx,-1,0.000000,0.000000,0.000000,0.000000,2415,60400,24972,0.000000,0.000000,0.648186,0.248233,1.139590,0,0,0.000000,0.000000,9,11,-1,0,,176088
1788458927.627693,62.025210,tx,-1,0.000000,0.000000,0.000000,0.000000,,,,,,,,,,,,,,,,,aa5501090000000000000000004829,176232
1788458927.680068,62.077578,rx,-1,0.000000,0.000000,0.000000,0.000000,2416,60426,25000,0.000000,0.000000,0.648186,0.248233,1.139590,0,0,0.000000,0.000000,9,11,-1,0,,176232
1788458927.682015,62.079527,rx,-1,0.000000,0.000000,0.000000,0.000000,2417,60450,25012,0.000000,0.000000,0.648186,0.248233,1.139590,0,0,0.000000,0.000000,9,11,-1,0,,176232
1788458927.682043,62.079560,tx,-1,0.000000,0.000000,0.000000,0.000000,,,,,,,,,,,,,,,,,aa5501090000000000000000004829,176376
1788458927.735782,62.133293,rx,-1,0.000000,0.000000,0.000000,0.000000,2418,60476,25092,0.000000,0.000000,0.648186,0.248233,1.139590,0,0,0.000000,0.000000,9,11,-1,0,,176376
1788458927.735876,62.133392,rx,-1,0.000000,0.000000,0.000000,0.000000,2419,60500,24912,0.000000,0.000000,0.648186,0.248233,1.139590,0,0,0.000000,0.000000,9,11,-1,0,,176376
1788458927.735894,62.133411,tx,-1,0.000000,0.000000,0.000000,0.000000,,,,,,,,,,,,,,,,,aa5501090000000000000000004829,176552
1788458927.789113,62.186624,rx,-1,0.000000,0.000000,0.000000,0.000000,2420,60525,25004,0.000000,0.000000,0.648186,0.248233,1.139590,0,0,0.000000,0.000000,9,11,-1,0,,176552
1788458927.791088,62.188602,rx,-1,0.000000,0.000000,0.000000,0.000000,2421,60551,25008,0.000000,0.000000,0.648186,0.248233,1.139590,0,0,0.000000,0.000000,9,11,-1,0,,176552
1788458927.791129,62.188646,tx,-1,0.000000,0.000000,0.000000,0.000000,,,,,,,,,,,,,,,,,aa5501090000000000000000004829,176728
1788458927.844406,62.241921,rx,-1,0.000000,0.000000,0.000000,0.000000,2422,60575,25004,0.000000,0.000000,0.648186,0.248233,1.139590,0,0,0.000000,0.000000,9,11,-1,0,,176728
1788458927.844491,62.242007,rx,-1,0.000000,0.000000,0.000000,0.000000,2423,60601,25004,0.000000,0.000000,0.648186,0.248233,1.139590,0,0,0.000000,0.000000,9,11,-1,0,,176728
1788458927.844541,62.242057,rx,-1,0.000000,0.000000,0.000000,0.000000,2424,60625,24968,0.000000,0.000000,0.648186,0.248233,1.139590,0,0,0.000000,0.000000,9,11,-1,0,,176728
1788458927.844552,62.242069,tx,-1,0.000000,0.000000,0.000000,0.000000,,,,,,,,,,,,,,,,,aa5501090000000000000000004829,176880
1788458927.896671,62.294184,rx,-1,0.000000,0.000000,0.000000,0.000000,2425,60650,25000,0.000000,0.000000,0.648186,0.248233,1.139590,0,0,0.000000,0.000000,9,11,-1,0,,176880
1788458927.898721,62.296236,rx,-1,0.000000,0.000000,0.000000,0.000000,2426,60676,25024,0.000000,0.000000,0.648186,0.248233,1.139590,0,0,0.000000,0.000000,9,11,-1,0,,176880
1788458927.898745,62.296262,tx,-1,0.000000,0.000000,0.000000,0.000000,,,,,,,,,,,,,,,,,aa5501090000000000000000004829,177024
1788458927.952316,62.349829,rx,-1,0.000000,0.000000,0.000000,0.000000,2427,60700,24984,0.000000,0.000000,0.648186,0.248233,1.139590,0,0,0.000000,0.000000,9,11,-1,0,,177024
1788458927.952444,62.349958,rx,-1,0.000000,0.000000,0.000000,0.000000,2428,60726,24992,0.000000,0.000000,0.648186,0.248233,1.139590,0,0,0.000000,0.000000,9,11,-1,0,,177024
1788458927.952463,62.349980,tx,-1,0.000000,0.000000,0.000000,0.000000,,,,,,,,,,,,,,,,,aa5501090000000000000000004829,177168
1788458928.005911,62.403426,rx,-1,0.000000,0.000000,0.000000,0.000000,2429,60750,25032,0.000000,0.000000,0.648186,0.248233,1.139590,0,0,0.000000,0.000000,9,11,-1,0,,177168
1788458928.007967,62.405480,rx,-1,0.000000,0.000000,0.000000,0.000000,2430,60776,24992,0.000000,0.000000,0.648186,0.248233,1.139590,0,0,0.000000,0.000000,9,11,-1,0,,177168
1788458928.007994,62.405511,tx,-1,0.000000,0.000000,0.000000,0.000000,,,,,,,,,,,,,,,,,aa5501090000000000000000004829,177312
1788458928.061427,62.458939,rx,-1,0.000000,0.000000,0.000000,0.000000,2431,60801,25012,0.000000,0.000000,0.648186,0.248233,1.139590,0,0,0.000000,0.000000,9,11,-1,0,,177312
1788458928.061585,62.459099,rx,-1,0.000000,0.000000,0.000000,0.000000,2432,60825,24956,0.000000,0.000000,0.648186,0.248233,1.139590,0,0,0.000000,0.000000,9,11,-1,0,,177312
1788458928.061610,62.459126,tx,-1,0.000000,0.000000,0.000000,0.000000,,,,,,,,,,,,,,,,,aa5501090000000000000000004829,177456
1788458928.114560,62.512068,rx,-1,0.000000,0.000000,0.000000,0.000000,2433,60851,25048,0.000000,0.000000,0.648186,0.248233,1.139590,0,0,0.000000,0.000000,9,11,-1,0,,177456
1788458928.117240,62.514751,rx,-1,0.000000,0.000000,0.000000,0.000000,2434,60875,24972,0.000000,0.000000,0.648186,0.248233,1.139590,0,0,0.000000,0.000000,9,11,-1,0,,177456
1788458928.117318,62.514834,tx,-1,0.000000,0.000000,0.000000,0.000000,,,,,,,,,,,,,,,,,aa5501090000000000000000004829,177632
1788458928.165697,62.563201,rx,-1,0.000000,0.000000,0.000000,0.000000,2435,60901,24988,0.000000,0.000000,0.648186,0.248233,1.139590,0,0,0.000000,0.000000,9,11,-1,0,,177632
1788458928.165936,62.563449,rx,-1,0.000000,0.000000,0.000000,0.000000,2436,60925,24996,0.000000,0.000000,0.648186,0.248233,1.139590,0,0,0.000000,0.000000,9,11,-1,0,,177632
1788458928.165976,62.563492,tx,-1,0.000000,0.000000,0.000000,0.000000,,,,,,,,,,,,,,,,,aa5501090000000000000000004829,177776
1788458928.219407,62.616910,rx,-1,0.000000,0.000000,0.000000,0.000000,2437,60950,25040,0.000000,0.000000,0.648186,0.248233,1.139590,0,0,0.000000,0.000000,9,11,-1,0,,177776
1788458928.224267,62.621775,rx,-1,0.000000,0.000000,0.000000,0.000000,2438,60976,24996,0.000000,0.000000,0.648186,0.248233,1.139590,0,0,0.000000,0.000000,9,11,-1,0,,177776
1788458928.224377,62.621892,tx,-1,0.000000,0.000000,0.000000,0.000000,,,,,,,,,,,,,,,,,aa5501090000000000000000004829,177952
1788458928.272383,62.669880,rx,-1,0.000000,0.000000,0.000000,0.000000,2439,61000,24972,0.000000,0.000000,0.648186,0.248233,1.139590,0,0,0.000000,0.000000,9,11,-1,0,,177952
1788458928.273133,62.670637,rx,-1,0.000000,0.000000,0.000000,0.000000,2440,61026,25000,0.000000,0.000000,0.648186,0.248233,1.139590,0,0,0.000000,0.000000,9,11,-1,0,,177952
1788458928.273745,62.671246,rx,-1,0.000000,0.000000,0.000000,0.000000,2441,61050,25024,0.000000,0.000000,0.648186,0.248233,1.139590,0,0,0.000000,0.000000,9,11,-1,0,,177952
1788458928.273859,62.671373,tx,-1,0.000000,0.000000,0.000000,0.000000,,,,,,,,,,,,,,,,,aa5501090000000000000000004829,178159
1788458928.322934,62.720428,rx,-1,0.000000,0.000000,0.000000,0.000000,2442,61076,25004,0.000000,0.000000,0.648186,0.248233,1.139590,0,0,0.000000,0.000000,9,11,-1,0,,178159
1788458928.327815,62.725321,rx,-1,0.000000,0.000000,0.000000,0.000000,2443,61101,24996,0.000000,0.000000,0.648186,0.248233,1.139590,0,0,0.000000,0.000000,9,11,-1,0,,178159
1788458928.327907,62.725423,tx,-1,0.000000,0.000000,0.000000,0.000000,,,,,,,,,,,,,,,,,aa5501090000000000000000004829,178303
1788458928.375974,62.773470,rx,-1,0.000000,0.000000,0.000000,0.000000,2444,61125,24968,0.000000,0.000000,0.648186,0.248233,1.139590,0,0,0.000000,0.000000,9,11,-1,0,,178303
1788458928.376474,62.773979,rx,-1,0.000000,0.000000,0.000000,0.000000,2445,61151,25040,0.000000,0.000000,0.648186,0.248233,1.139590,0,0,0.000000,0.000000,9,11,-1,0,,178303
1788458928.376557,62.774071,tx,-1,0.000000,0.000000,0.000000,0.000000,,,,,,,,,,,,,,,,,aa5501090000000000000000004829,178447
1788458928.430232,62.827738,rx,-1,0.000000,0.000000,0.000000,0.000000,2446,61175,24980,0.000000,0.000000,0.648186,0.248233,1.139590,0,0,0.000000,0.000000,9,11,-1,0,,178447
1788458928.433949,62.831458,rx,-1,0.000000,0.000000,0.000000,0.000000,2447,61201,24988,0.000000,0.000000,0.648186,0.248233,1.139590,0,0,0.000000,0.000000,9,11,-1,0,,178447
1788458928.434030,62.831545,tx,-1,0.000000,0.000000,0.000000,0.000000,,,,,,,,,,,,,,,,,aa5501090000000000000000004829,178591
1788458928.481893,62.879395,rx,-1,0.000000,0.000000,0.000000,0.000000,2448,61225,25028,0.000000,0.000000,0.648186,0.248233,1.139590,0,0,0.000000,0.000000,9,11,-1,0,,178591
1788458928.482178,62.879688,rx,-1,0.000000,0.000000,0.000000,0.000000,2449,61250,24996,0.000000,0.000000,0.648186,0.248233,1.139590,0,0,0.000000,0.000000,9,11,-1,0,,178591
1788458928.482230,62.879745,tx,-1,0.000000,0.000000,0.000000,0.000000,,,,,,,,,,,,,,,,,aa5501090000000000000000004829,178735
1788458928.535989,62.933499,rx,-1,0.000000,0.000000,0.000000,0.000000,2450,61276,24992,0.000000,0.000000,0.648186,0.248233,1.139590,0,0,0.000000,0.000000,9,11,-1,0,,178735
1788458928.538561,62.936073,rx,-1,0.000000,0.000000,0.000000,0.000000,2451,61300,24980,0.000000,0.000000,0.648186,0.248233,1.139590,0,0,0.000000,0.000000,9,11,-1,0,,178735
1788458928.538605,62.936121,tx,-1,0.000000,0.000000,0.000000,0.000000,,,,,,,,,,,,,,,,,aa5501090000000000000000004829,178879
1788458928.591302,62.988811,rx,-1,0.000000,0.000000,0.000000,0.000000,2452,61326,24992,0.000000,0.000000,0.648186,0.248233,1.139590,0,0,0.000000,0.000000,9,11,-1,0,,178879
1788458928.591388,62.988902,rx,-1,0.000000,0.000000,0.000000,0.000000,2453,61350,25028,0.000000,0.000000,0.648186,0.248233,1.139590,0,0,0.000000,0.000000,9,11,-1,0,,178879
1788458928.591400,62.988917,tx,-1,0.000000,0.000000,0.000000,0.000000,,,,,,,,,,,,,,,,,aa5501090000000000000000004829,179023
1788458928.644052,63.041564,rx,-1,0.000000,0.000000,0.000000,0.000000,2454,61376,24996,0.000000,0.000000,0.648186,0.248233,1.139590,0,0,0.000000,0.000000,9,11,-1,0,,179023
1788458928.646091,63.043605,rx,-1,0.000000,0.000000,0.000000,0.000000,2455,61401,25000,0.000000,0.000000,0.648186,0.248233,1.139590,0,0,0.000000,0.000000,9,11,-1,0,,179023
1788458928.646111,63.043627,tx,-1,0.000000,0.000000,0.000000,0.000000,,,,,,,,,,,,,,,,,aa5501090000000000000000004829,179167
1788458928.699223,63.096735,rx,-1,0.000000,0.000000,0.000000,0.000000,2456,61425,25008,0.000000,0.000000,0.648186,0.248233,1.139590,0,0,0.000000,0.000000,9,11,-1,0,,179167
1788458928.699301,63.096816,rx,-1,0.000000,0.000000,0.000000,0.000000,2457,61451,25004,0.000000,0.000000,0.648186,0.248233,1.139590,0,0,0.000000,0.000000,9,11,-1,0,,179167
1788458928.699319,63.096835,tx,-1,0.000000,0.000000,0.000000,0.000000,,,,,,,,,,,,,,,,,aa5501090000000000000000004829,179375
1788458928.751994,63.149507,rx,-1,0.000000,0.000000,0.000000,0.000000,2458,61475,24964,0.000000,0.000000,0.648186,0.248233,1.139590,0,0,0.000000,0.000000,9,11,-1,0,,179375
1788458928.754024,63.151538,rx,-1,0.000000,0.000000,0.000000,0.000000,2459,61501,25000,0.000000,0.000000,0.648186,0.248233,1.139590,0,0,0.000000,0.000000,9,11,-1,0,,179375
1788458928.754097,63.151612,rx,-1,0.000000,0.000000,0.000000,0.000000,2460,61526,25000,0.000000,0.000000,0.648186,0.248233,1.139590,0,0,0.000000,0.000000,9,11,-1,0,,179375
1788458928.754110,63.151626,tx,-1,0.000000,0.000000,0.000000,0.000000,,,,,,,,,,,,,,,,,aa5501090000000000000000004829,179527
1788458928.807600,63.205114,rx,-1,0.000000,0.000000,0.000000,0.000000,2461,61550,25012,0.000000,0.000000,0.648186,0.248233,1.139590,0,0,0.000000,0.000000,9,11,-1,0,,179527
1788458928.807674,63.205189,rx,-1,0.000000,0.000000,0.000000,0.000000,2462,61576,25012,0.000000,0.000000,0.648186,0.248233,1.139590,0,0,0.000000,0.000000,9,11,-1,0,,179527
1788458928.807685,63.205201,tx,-1,0.000000,0.000000,0.000000,0.000000,,,,,,,,,,,,,,,,,aa5501090000000000000000004829,179671
1788458928.860040,63.257548,rx,-1,0.000000,0.000000,0.000000,0.000000,2463,61600,25012,0.000000,0.000000,0.648186,0.248233,1.139590,0,0,0.000000,0.000000,9,11,-1,0,,179671
1788458928.862195,63.259707,rx,-1,0.000000,0.000000,0.000000,0.000000,2464,61626,24984,0.000000,0.000000,0.648186,0.248233,1.139590,0,0,0.000000,0.000000,9,11,-1,0,,179671
1788458928.862242,63.259758,tx,-1,0.000000,0.000000,0.000000,0.000000,,,,,,,,,,,,,,,,,aa5501090000000000000000004829,179815
1788458928.910267,63.307778,rx,-1,0.000000,0.000000,0.000000,0.000000,2465,61650,25000,0.000000,0.000000,0.648186,0.248233,1.139590,0,0,0.000000,0.000000,9,11,-1,0,,179815
1788458928.910370,63.307885,rx,-1,0.000000,0.000000,0.000000,0.000000,2466,61675,24992,0.000000,0.000000,0.648186,0.248233,1.139590,0,0,0.000000,0.000000,9,11,-1,0,,179815
1788458928.910388,63.307904,tx,-1,0.000000,0.000000,0.000000,0.000000,,,,,,,,,,,,,,,,,aa5501090000000000000000004829,179959
1788458928.963744,63.361255,rx,-1,0.000000,0.000000,0.000000,0.000000,2467,61701,24996,0.000000,0.000000,0.648186,0.248233,1.139590,0,0,0.000000,0.000000,9,11,-1,0,,179959
1788458928.965649,63.363163,rx,-1,0.000000,0.000000,0.000000,0.000000,2468,61725,25020,0.000000,0.000000,0.648186,0.248233,1.139590,0,0,0.000000,0.000000,9,11,-1,0,,179959
1788458928.965668,63.363184,tx,-1,0.000000,0.000000,0.000000,0.000000,,,,,,,,,,,,,,,,,aa5501090000000000000000004829,180103
1788458929.018602,63.416114,rx,-1,0.000000,0.000000,0.000000,0.000000,2469,61751,24976,0.000000,0.000000,0.648186,0.248233,1.139590,0,0,0.000000,0.000000,9,11,-1,0,,180103
1788458929.018698,63.416213,rx,-1,0.000000,0.000000,0.000000,0.000000,2470,61775,25020,0.000000,0.000000,0.648186,0.248233,1.139590,0,0,0.000000,0.000000,9,11,-1,0,,180103
1788458929.018714,63.416230,tx,-1,0.000000,0.000000,0.000000,0.000000,,,,,,,,,,,,,,,,,aa5501090000000000000000004829,180247
1788458929.072413,63.469922,rx,-1,0.000000,0.000000,0.000000,0.000000,2471,61801,25000,0.000000,0.000000,0.648186,0.248233,1.139590,0,0,0.000000,0.000000,9,11,-1,0,,180247
1788458929.074409,63.471922,rx,-1,0.000000,0.000000,0.000000,0.000000,2472,61826,25000,0.000000,0.000000,0.648186,0.248233,1.139590,0,0,0.000000,0.000000,9,11,-1,0,,180247
1788458929.074445,63.471961,tx,-1,0.000000,0.000000,0.000000,0.000000,,,,,,,,,,,,,,,,,aa5501090000000000000000004829,180391
1788458929.127635,63.525143,rx,-1,0.000000,0.000000,0.000000,0.000000,2473,61850,25000,0.000000,0.000000,0.648186,0.248233,1.139590,0,0,0.000000,0.000000,9,11,-1,0,,180391
1788458929.127742,63.525256,rx,-1,0.000000,0.000000,0.000000,0.000000,2474,61876,24984,0.000000,0.000000,0.648186,0.248233,1.139590,0,0,0.000000,0.000000,9,11,-1,0,,180391
1788458929.127760,63.525276,tx,-1,0.000000,0.000000,0.000000,0.000000,,,,,,,,,,,,,,,,,aa5501090000000000000000004829,180567
1788458929.180988,63.578497,rx,-1,0.000000,0.000000,0.000000,0.000000,2475,61900,25028,0.000000,0.000000,0.648186,0.248233,1.139590,0,0,0.000000,0.000000,9,11,-1,0,,180567
1788458929.183430,63.580941,rx,-1,0.000000,0.000000,0.000000,0.000000,2476,61926,24984,0.000000,0.000000,0.648186,0.248233,1.139590,0,0,0.000000,0.000000,9,11,-1,0,,180567
1788458929.183494,63.581009,tx,-1,0.000000,0.000000,0.000000,0.000000,,,,,,,,,,,,,,,,,aa5501090000000000000000004829,180743
1788458929.236309,63.633810,rx,-1,0.000000,0.000000,0.000000,0.000000,2477,61950,24988,0.000000,0.000000,0.648186,0.248233,1.139590,0,0,0.000000,0.000000,9,11,-1,0,,180743
1788458929.236452,63.633966,rx,-1,0.000000,0.000000,0.000000,0.000000,2478,61975,25000,0.000000,0.000000,0.648186,0.248233,1.139590,0,0,0.000000,0.000000,9,11,-1,0,,180743
1788458929.236524,63.634038,rx,-1,0.000000,0.000000,0.000000,0.000000,2479,62001,25028,0.000000,0.000000,0.648186,0.248233,1.139590,0,0,0.000000,0.000000,9,11,-1,0,,180743
1788458929.236543,63.634058,tx,-1,0.000000,0.000000,0.000000,0.000000,,,,,,,,,,,,,,,,,aa5501090000000000000000004829,180919
1788458929.289625,63.687127,rx,-1,0.000000,0.000000,0.000000,0.000000,2480,62025,24976,0.000000,0.000000,0.648186,0.248233,1.139590,0,0,0.000000,0.000000,9,11,-1,0,,180919
1788458929.292013,63.689524,rx,-1,0.000000,0.000000,0.000000,0.000000,2481,62051,25028,0.000000,0.000000,0.648186,0.248233,1.139590,0,0,0.000000,0.000000,9,11,-1,0,,180919
1788458929.292082,63.689596,tx,-1,0.000000,0.000000,0.000000,0.000000,,,,,,,,,,,,,,,,,aa5501090000000000000000004829,181094
1788458929.340758,63.738255,rx,-1,0.000000,0.000000,0.000000,0.000000,2482,62075,24984,0.000000,0.000000,0.648186,0.248233,1.139590,0,0,0.000000,0.000000,9,11,-1,0,,181094
1788458929.341023,63.738534,rx,-1,0.000000,0.000000,0.000000,0.000000,2483,62101,25000,0.000000,0.000000,0.648186,0.248233,1.139590,0,0,0.000000,0.000000,9,11,-1,0,,181094
1788458929.341058,63.738573,tx,-1,0.000000,0.000000,0.000000,0.000000,,,,,,,,,,,,,,,,,aa5501090000000000000000004829,181238
1788458929.394720,63.792224,rx,-1,0.000000,0.000000,0.000000,0.000000,2484,62126,25008,0.000000,0.000000,0.648186,0.248233,1.139590,0,0,0.000000,0.000000,9,11,-1,0,,181238
1788458929.396865,63.794376,rx,-1,0.000000,0.000000,0.000000,0.000000,2485,62150,25008,0.000000,0.000000,0.648186,0.248233,1.139590,0,0,0.000000,0.000000,9,11,-1,0,,181238
1788458929.396902,63.794418,tx,-1,0.000000,0.000000,0.000000,0.000000,,,,,,,,,,,,,,,,,aa5501090000000000000000004829,181382
1788458929.449196,63.846709,rx,-1,0.000000,0.000000,0.000000,0.000000,2486,62176,24984,0.000000,0.000000,0.648186,0.248233,1.139590,0,0,0.000000,0.000000,9,11,-1,0,,181382
1788458929.449285,63.846800,rx,-1,0.000000,0.000000,0.000000,0.000000,2487,62200,24992,0.000000,0.000000,0.648186,0.248233,1.139590,0,0,0.000000,0.000000,9,11,-1,0,,181382
1788458929.449298,63.846813,tx,-1,0.000000,0.000000,0.000000,0.000000,,,,,,,,,,,,,,,,,aa5501090000000000000000004829,181526
1788458929.502470,63.899980,rx,-1,0.000000,0.000000,0.000000,0.000000,2488,62226,25008,0.000000,0.000000,0.648186,0.248233,1.139590,0,0,0.000000,0.000000,9,11,-1,0,,181526
1788458929.504413,63.901926,rx,-1,0.000000,0.000000,0.000000,0.000000,2489,62251,24988,0.000000,0.000000,0.648186,0.248233,1.139590,0,0,0.000000,0.000000,9,11,-1,0,,181526
1788458929.504440,63.901955,tx,-1,0.000000,0.000000,0.000000,0.000000,,,,,,,,,,,,,,,,,aa5501090000000000000000004829,181670
1788458929.557512,63.955023,rx,-1,0.000000,0.000000,0.000000,0.000000,2490,62275,25032,0.000000,0.000000,0.648186,0.248233,1.139590,0,0,0.000000,0.000000,9,11,-1,0,,181670
1788458929.557625,63.955139,rx,-1,0.000000,0.000000,0.000000,0.000000,2491,62301,24988,0.000000,0.000000,0.648186,0.248233,1.139590,0,0,0.000000,0.000000,9,11,-1,0,,181670
1788458929.557640,63.955155,tx,-1,0.000000,0.000000,0.000000,0.000000,,,,,,,,,,,,,,,,,aa5501090000000000000000004829,181846
1788458929.609335,64.006842,rx,-1,0.000000,0.000000,0.000000,0.000000,2492,62325,24980,0.000000,0.000000,0.648186,0.248233,1.139590,0,0,0.000000,0.000000,9,11,-1,0,,181846
1788458929.611345,64.008855,rx,-1,0.000000,0.000000,0.000000,0.000000,2493,62351,24992,0.000000,0.000000,0.648186,0.248233,1.139590,0,0,0.000000,0.000000,9,11,-1,0,,181846
1788458929.611395,64.008910,tx,-1,0.000000,0.000000,0.000000,0.000000,,,,,,,,,,,,,,,,,aa5501090000000000000000004829,182022
1788458929.659422,64.056933,rx,-1,0.000000,0.000000,0.000000,0.000000,2494,62375,25028,0.000000,0.000000,0.648186,0.248233,1.139590,0,0,0.000000,0.000000,9,11,-1,0,,182022
1788458929.659516,64.057030,rx,-1,0.000000,0.000000,0.000000,0.000000,2495,62400,25000,0.000000,0.000000,0.648186,0.248233,1.139590,0,0,0.000000,0.000000,9,11,-1,0,,182022
1788458929.659537,64.057053,tx,-1,0.000000,0.000000,0.000000,0.000000,,,,,,,,,,,,,,,,,aa5501090000000000000000004829,182166
1788458929.712292,64.109804,rx,-1,0.000000,0.000000,0.000000,0.000000,2496,62426,24996,0.000000,0.000000,0.648186,0.248233,1.139590,0,0,0.000000,0.000000,9,11,-1,0,,182166
1788458929.714292,64.111804,rx,-1,0.000000,0.000000,0.000000,0.000000,2497,62450,24972,0.000000,0.000000,0.648186,0.248233,1.139590,0,0,0.000000,0.000000,9,11,-1,0,,182166
1788458929.714373,64.111887,rx,-1,0.000000,0.000000,0.000000,0.000000,2498,62476,25044,0.000000,0.000000,0.648186,0.248233,1.139590,0,0,0.000000,0.000000,9,11,-1,0,,182166
1788458929.714386,64.111901,tx,-1,0.000000,0.000000,0.000000,0.000000,,,,,,,,,,,,,,,,,aa5501090000000000000000004829,182318
1788458929.767473,64.164986,rx,-1,0.000000,0.000000,0.000000,0.000000,2499,62500,24980,0.000000,0.000000,0.648186,0.248233,1.139590,0,0,0.000000,0.000000,9,11,-1,0,,182318
1788458929.767561,64.165075,rx,-1,0.000000,0.000000,0.000000,0.000000,2500,62526,25016,0.000000,0.000000,0.648186,0.248233,1.139590,0,0,0.000000,0.000000,9,11,-1,0,,182318
1788458929.767583,64.165099,tx,-1,0.000000,0.000000,0.000000,0.000000,,,,,,,,,,,,,,,,,aa5501090000000000000000004829,182462
1788458929.821137,64.218649,rx,-1,0.000000,0.000000,0.000000,0.000000,2501,62551,24964,0.000000,0.000000,0.648186,0.248233,1.139590,0,0,0.000000,0.000000,9,11,-1,0,,182462
1788458929.822942,64.220456,rx,-1,0.000000,0.000000,0.000000,0.000000,2502,62575,25032,0.000000,0.000000,0.648186,0.248233,1.139590,0,0,0.000000,0.000000,9,11,-1,0,,182462
1788458929.822961,64.220476,tx,-1,0.000000,0.000000,0.000000,0.000000,,,,,,,,,,,,,,,,,aa5501090000000000000000004829,182606
1788458929.876760,64.274268,rx,-1,0.000000,0.000000,0.000000,0.000000,2503,62601,24988,0.000000,0.000000,0.648186,0.248233,1.139590,0,0,0.000000,0.000000,9,11,-1,0,,182606
1788458929.876875,64.274389,rx,-1,0.000000,0.000000,0.000000,0.000000,2504,62625,24980,0.000000,0.000000,0.648186,0.248233,1.139590,0,0,0.000000,0.000000,9,11,-1,0,,182606
1788458929.876889,64.274404,tx,-1,0.000000,0.000000,0.000000,0.000000,,,,,,,,,,,,,,,,,aa5501090000000000000000004829,182750
1788458929.930236,64.327744,rx,-1,0.000000,0.000000,0.000000,0.000000,2505,62651,25044,0.000000,0.000000,0.648186,0.248233,1.139590,0,0,0.000000,0.000000,9,11,-1,0,,182750
1788458929.932374,64.329884,rx,-1,0.000000,0.000000,0.000000,0.000000,2506,62675,24984,0.000000,0.000000,0.648186,0.248233,1.139590,0,0,0.000000,0.000000,9,11,-1,0,,182750
1788458929.932413,64.329928,tx,-1,0.000000,0.000000,0.000000,0.000000,,,,,,,,,,,,,,,,,aa5501090000000000000000004829,182894
1788458929.985444,64.382952,rx,-1,0.000000,0.000000,0.000000,0.000000,2507,62700,25000,0.000000,0.000000,0.648186,0.248233,1.139590,0,0,0.000000,0.000000,9,11,-1,0,,182894
1788458929.985539,64.383053,rx,-1,0.000000,0.000000,0.000000,0.000000,2508,62726,24996,0.000000,0.000000,0.648186,0.248233,1.139590,0,0,0.000000,0.000000,9,11,-1,0,,182894
1788458929.985567,64.383081,tx,-1,0.000000,0.000000,0.000000,0.000000,,,,,,,,,,,,,,,,,aa5501090000000000000000004829,183070
1788458930.038966,64.436473,rx,-1,0.000000,0.000000,0.000000,0.000000,2509,62750,25008,0.000000,0.000000,0.648186,0.248233,1.139590,0,0,0.000000,0.000000,9,11,-1,0,,183070
1788458930.041208,64.438715,rx,-1,0.000000,0.000000,0.000000,0.000000,2510,62776,25004,0.000000,0.000000,0.648186,0.248233,1.139590,0,0,0.000000,0.000000,9,11,-1,0,,183070
1788458930.041263,64.438777,tx,-1,0.000000,0.000000,0.000000,0.000000,,,,,,,,,,,,,,,,,aa5501090000000000000000004829,183246
1788458930.093981,64.491490,rx,-1,0.000000,0.000000,0.000000,0.000000,2511,62800,24968,0.000000,0.000000,0.648186,0.248233,1.139590,0,0,0.000000,0.000000,9,11,-1,0,,183246
1788458930.094070,64.491584,rx,-1,0.000000,0.000000,0.000000,0.000000,2512,62826,25016,0.000000,0.000000,0.648186,0.248233,1.139590,0,0,0.000000,0.000000,9,11,-1,0,,183246
1788458930.094124,64.491638,rx,-1,0.000000,0.000000,0.000000,0.000000,2513,62851,24996,0.000000,0.000000,0.648186,0.248233,1.139590,0,0,0.000000,0.000000,9,11,-1,0,,183246
1788458930.094134,64.491649,tx,-1,0.000000,0.000000,0.000000,0.000000,,,,,,,,,,,,,,,,,aa5501090000000000000000004829,183398
1788458930.147708,64.545219,rx,-1,0.000000,0.000000,0.000000,0.000000,2514,62875,24996,0.000000,0.000000,0.648186,0.248233,1.139590,0,0,0.000000,0.000000,9,11,-1,0,,183398
1788458930.149754,64.547266,rx,-1,0.000000,0.000000,0.000000,0.000000,2515,62901,25020,0.000000,0.000000,0.648186,0.248233,1.139590,0,0,0.000000,0.000000,9,11,-1,0,,183398
1788458930.149785,64.547299,tx,-1,0.000000,0.000000,0.000000,0.000000,,,,,,,,,,,,,,,,,aa5501090000000000000000004829,183542
1788458930.201910,64.599421,rx,-1,0.000000,0.000000,0.000000,0.000000,2516,62925,24992,0.000000,0.000000,0.648186,0.248233,1.139590,0,0,0.000000,0.000000,9,11,-1,0,,183542
1788458930.202007,64.599521,rx,-1,0.000000,0.000000,0.000000,0.000000,2517,62951,24976,0.000000,0.000000,0.648186,0.248233,1.139590,0,0,0.000000,0.000000,9,11,-1,0,,183542
1788458930.202021,64.599536,tx,-1,0.000000,0.000000,0.000000,0.000000,,,,,,,,,,,,,,,,,aa5501090000000000000000004829,183686
1788458930.255324,64.652834,rx,-1,0.000000,0.000000,0.000000,0.000000,2518,62976,24996,0.000000,0.000000,0.648186,0.248233,1.139590,0,0,0.000000,0.000000,9,11,-1,0,,183686
1788458930.257744,64.655255,rx,-1,0.000000,0.000000,0.000000,0.000000,2519,63000,25036,0.000000,0.000000,0.648186,0.248233,1.139590,0,0,0.000000,0.000000,9,11,-1,0,,183686
1788458930.257841,64.655355,tx,-1,0.000000,0.000000,0.000000,0.000000,,,,,,,,,,,,,,,,,aa5501090000000000000000004829,183885
1788458930.305810,64.703321,rx,-1,0.000000,0.000000,0.000000,0.000000,2520,63026,25008,0.000000,0.000000,0.648186,0.248233,1.139590,0,0,0.000000,0.000000,9,11,-1,0,,183885
1788458930.305926,64.703439,rx,-1,0.000000,0.000000,0.000000,0.000000,2521,63050,24964,0.000000,0.000000,0.648186,0.248233,1.139590,0,0,0.000000,0.000000,9,11,-1,0,,183885
1788458930.305940,64.703454,tx,-1,0.000000,0.000000,0.000000,0.000000,,,,,,,,,,,,,,,,,aa5501090000000000000000004829,184029
1788458930.359226,64.756729,rx,-1,0.000000,0.000000,0.000000,0.000000,2522,63076,24992,0.000000,0.000000,0.648186,0.248233,1.139590,0,0,0.000000,0.000000,9,11,-1,0,,184029
1788458930.361502,64.759010,rx,-1,0.000000,0.000000,0.000000,0.000000,2523,63100,25028,0.000000,0.000000,0.648186,0.248233,1.139590,0,0,0.000000,0.000000,9,11,-1,0,,184029
1788458930.361565,64.759079,tx,-1,0.000000,0.000000,0.000000,0.000000,,,,,,,,,,,,,,,,,aa5501090000000000000000004829,184173
1788458930.409406,64.806912,rx,-1,0.000000,0.000000,0.000000,0.000000,2524,63126,25016,0.000000,0.000000,0.648186,0.248233,1.139590,0,0,0.000000,0.000000,9,11,-1,0,,184173
1788458930.409510,64.807024,rx,-1,0.000000,0.000000,0.000000,0.000000,2525,63151,24956,0.000000,0.000000,0.648186,0.248233,1.139590,0,0,0.000000,0.000000,9,11,-1,0,,184173
1788458930.409523,64.807038,tx,-1,0.000000,0.000000,0.000000,0.000000,,,,,,,,,,,,,,,,,aa5501090000000000000000004829,184317
1788458930.462792,64.860302,rx,-1,0.000000,0.000000,0.000000,0.000000,2526,63175,25040,0.000000,0.000000,0.648186,0.248233,1.139590,0,0,0.000000,0.000000,9,11,-1,0,,184317
1788458930.464670,64.862182,rx,-1,0.000000,0.000000,0.000000,0.000000,2527,63201,24972,0.000000,0.000000,0.648186,0.248233,1.139590,0,0,0.000000,0.000000,9,11,-1,0,,184317
1788458930.464694,64.862209,tx,-1,0.000000,0.000000,0.000000,0.000000,,,,,,,,,,,,,,,,,aa5501090000000000000000004829,184461
1788458930.516526,64.914037,rx,-1,0.000000,0.000000,0.000000,0.000000,2528,63225,25004,0.000000,0.000000,0.648186,0.248233,1.139590,0,0,0.000000,0.000000,9,11,-1,0,,184461
1788458930.516633,64.914146,rx,-1,0.000000,0.000000,0.000000,0.000000,2529,63251,25016,0.000000,0.000000,0.648186,0.248233,1.139590,0,0,0.000000,0.000000,9,11,-1,0,,184461
1788458930.516651,64.914165,tx,-1,0.000000,0.000000,0.000000,0.000000,,,,,,,,,,,,,,,,,aa5501090000000000000000004829,184637
1788458930.569697,64.967208,rx,-1,0.000000,0.000000,0.000000,0.000000,2530,63276,24988,0.000000,0.000000,0.648186,0.248233,1.139590,0,0,0.000000,0.000000,9,11,-1,0,,184637
1788458930.571851,64.969361,rx,-1,0.000000,0.000000,0.000000,0.000000,2531,63300,25004,0.000000,0.000000,0.648186,0.248233,1.139590,0,0,0.000000,0.000000,9,11,-1,0,,184637
1788458930.571896,64.969411,tx,-1,0.000000,0.000000,0.000000,0.000000,,,,,,,,,,,,,,,,,aa5501090000000000000000004829,184813
1788458930.625370,65.022879,rx,-1,0.000000,0.000000,0.000000,0.000000,2532,63326,24984,0.000000,0.000000,0.648186,0.248233,1.139590,0,0,0.000000,0.000000,9,11,-1,0,,184813
1788458930.625463,65.022976,rx,-1,0.000000,0.000000,0.000000,0.000000,2533,63350,25028,0.000000,0.000000,0.648186,0.248233,1.139590,0,0,0.000000,0.000000,9,11,-1,0,,184813
1788458930.625514,65.023028,rx,-1,0.000000,0.000000,0.000000,0.000000,2534,63376,24976,0.000000,0.000000,0.648186,0.248233,1.139590,0,0,0.000000,0.000000,9,11,-1,0,,184813
1788458930.625524,65.023038,tx,-1,0.000000,0.000000,0.000000,0.000000,,,,,,,,,,,,,,,,,aa5501090000000000000000004829,184965
1788458930.678912,65.076420,rx,-1,0.000000,0.000000,0.000000,0.000000,2535,63400,24996,0.000000,0.000000,0.648186,0.248233,1.139590,0,0,0.000000,0.000000,9,11,-1,0,,184965
1788458930.681377,65.078885,rx,-1,0.000000,0.000000,0.000000,0.000000,2536,63425,25000,0.000000,0.000000,0.648186,0.248233,1.139590,0,0,0.000000,0.000000,9,11,-1,0,,184965
1788458930.681418,65.078932,tx,-1,0.000000,0.000000,0.000000,0.000000,,,,,,,,,,,,,,,,,aa5501090000000000000000004829,185109
1788458930.734488,65.131993,rx,-1,0.000000,0.000000,0.000000,0.000000,2537,63451,25020,0.000000,0.000000,0.648186,0.248233,1.139590,0,0,0.000000,0.000000,9,11,-1,0,,185109
1788458930.734595,65.132108,rx,-1,0.000000,0.000000,0.000000,0.000000,2538,63475,24980,0.000000,0.000000,0.648186,0.248233,1.139590,0,0,0.000000,0.000000,9,11,-1,0,,185109
1788458930.734609,65.132123,tx,-1,0.000000,0.000000,0.000000,0.000000,,,,,,,,,,,,,,,,,aa5501090000000000000000004829,185253
1788458930.787870,65.185377,rx,-1,0.000000,0.000000,0.000000,0.000000,2539,63501,25032,0.000000,0.000000,0.648186,0.248233,1.139590,0,0,0.000000,0.000000,9,11,-1,0,,185253
1788458930.789924,65.187434,rx,-1,0.000000,0.000000,0.000000,0.000000,2540,63525,24988,0.000000,0.000000,0.648186,0.248233,1.139590,0,0,0.000000,0.000000,9,11,-1,0,,185253
1788458930.789969,65.187484,tx,-1,0.000000,0.000000,0.000000,0.000000,,,,,,,,,,,,,,,,,aa5501090000000000000000004829,185397
1788458930.842726,65.240232,rx,-1,0.000000,0.000000,0.000000,0.000000,2541,63551,24980,0.000000,0.000000,0.648186,0.248233,1.139590,0,0,0.000000,0.000000,9,11,-1,0,,185397
1788458930.842826,65.240339,rx,-1,0.000000,0.000000,0.000000,0.000000,2542,63576,25000,0.000000,0.000000,0.648186,0.248233,1.139590,0,0,0.000000,0.000000,9,11,-1,0,,185397
1788458930.842839,65.240353,tx,-1,0.000000,0.000000,0.000000,0.000000,,,,,,,,,,,,,,,,,aa5501090000000000000000004829,185541
1788458930.895118,65.292627,rx,-1,0.000000,0.000000,0.000000,0.000000,2543,63600,25028,0.000000,0.000000,0.648186,0.248233,1.139590,0,0,0.000000,0.000000,9,11,-1,0,,185541
1788458930.897002,65.294514,rx,-1,0.000000,0.000000,0.000000,0.000000,2544,63626,24996,0.000000,0.000000,0.648186,0.248233,1.139590,0,0,0.000000,0.000000,9,11,-1,0,,185541
1788458930.897024,65.294538,tx,-1,0.000000,0.000000,0.000000,0.000000,,,,,,,,,,,,,,,,,aa5501090000000000000000004829,185685
1788458930.950493,65.348001,rx,-1,0.000000,0.000000,0.000000,0.000000,2545,63650,24976,0.000000,0.000000,0.648186,0.248233,1.139590,0,0,0.000000,0.000000,9,11,-1,0,,185685
1788458930.950586,65.348098,rx,-1,0.000000,0.000000,0.000000,0.000000,2546,63676,25040,0.000000,0.000000,0.648186,0.248233,1.139590,0,0,0.000000,0.000000,9,11,-1,0,,185685
1788458930.950606,65.348120,tx,-1,0.000000,0.000000,0.000000,0.000000,,,,,,,,,,,,,,,,,aa5501090000000000000000004829,185893
1788458931.003841,65.401350,rx,-1,0.000000,0.000000,0.000000,0.000000,2547,63700,24980,0.000000,0.000000,0.648186,0.248233,1.139590,0,0,0.000000,0.000000,9,11,-1,0,,185893
1788458931.005820,65.403330,rx,-1,0.000000,0.000000,0.000000,0.000000,2548,63725,25008,0.000000,0.000000,0.648186,0.248233,1.139590,0,0,0.000000,0.000000,9,11,-1,0,,185893
1788458931.005886,65.403399,rx,-1,0.000000,0.000000,0.000000,0.000000,2549,63751,25004,0.000000,0.000000,0.648186,0.248233,1.139590,0,0,0.000000,0.000000,9,11,-1,0,,185893
1788458931.005910,65.403424,tx,-1,0.000000,0.000000,0.000000,0.000000,,,,,,,,,,,,,,,,,aa5501090000000000000000004829,186045
1788458931.053945,65.451454,rx,-1,0.000000,0.000000,0.000000,0.000000,2550,63775,24996,0.000000,0.000000,0.648186,0.248233,1.139590,0,0,0.000000,0.000000,9,11,-1,0,,186045
1788458931.054054,65.451567,rx,-1,0.000000,0.000000,0.000000,0.000000,2551,63801,24968,0.000000,0.000000,0.648186,0.248233,1.139590,0,0,0.000000,0.000000,9,11,-1,0,,186045
1788458931.054090,65.451602,tx,-1,0.000000,0.000000,0.000000,0.000000,,,,,,,,,,,,,,,,,aa5501090000000000000000004829,186189
1788458931.107618,65.505129,rx,-1,0.000000,0.000000,0.000000,0.000000,2552,63825,25004,0.000000,0.000000,0.648186,0.248233,1.139590,0,0,0.000000,0.000000,9,11,-1,0,,186189
1788458931.109677,65.507189,rx,-1,0.000000,0.000000,0.000000,0.000000,2553,63850,25008,0.000000,0.000000,0.648186,0.248233,1.139590,0,0,0.000000,0.000000,9,11,-1,0,,186189
1788458931.109704,65.507218,tx,-1,0.000000,0.000000,0.000000,0.000000,,,,,,,,,,,,,,,,,aa5501090000000000000000004829,186333
1788458931.162474,65.559978,rx,-1,0.000000,0.000000,0.000000,0.000000,2554,63876,25020,0.000000,0.000000,0.648186,0.248233,1.139590,0,0,0.000000,0.000000,9,11,-1,0,,186333
1788458931.162629,65.560141,rx,-1,0.000000,0.000000,0.000000,0.000000,2555,63900,24984,0.000000,0.000000,0.648186,0.248233,1.139590,0,0,0.000000,0.000000,9,11,-1,0,,186333
1788458931.162652,65.560165,tx,-1,0.000000,0.000000,0.000000,0.000000,,,,,,,,,,,,,,,,,aa5501090000000000000000004829,186477
1788458931.215467,65.612974,rx,-1,0.000000,0.000000,0.000000,0.000000,2556,63926,24996,0.000000,0.000000,0.648186,0.248233,1.139590,0,0,0.000000,0.000000,9,11,-1,0,,186477
1788458931.218100,65.615608,rx,-1,0.000000,0.000000,0.000000,0.000000,2557,63950,25028,0.000000,0.000000,0.648186,0.248233,1.139590,0,0,0.000000,0.000000,9,11,-1,0,,186477
1788458931.218177,65.615689,tx,-1,0.000000,0.000000,0.000000,0.000000,,,,,,,,,,,,,,,,,aa5501090000000000000000004829,186621
1788458931.265916,65.663424,rx,-1,0.000000,0.000000,0.000000,0.000000,2558,63976,24992,0.000000,0.000000,0.648186,0.248233,1.139590,0,0,0.000000,0.000000,9,11,-1,0,,186621
1788458931.266052,65.663564,rx,-1,0.000000,0.000000,0.000000,0.000000,2559,64001,24988,0.000000,0.000000,0.648186,0.248233,1.139590,0,0,0.000000,0.000000,9,11,-1,0,,186621
1788458931.266101,65.663614,tx,-1,0.000000,0.000000,0.000000,0.000000,,,,,,,,,,,,,,,,,aa5501090000000000000000004829,186820
1788458931.319613,65.717118,rx,-1,0.000000,0.000000,0.000000,0.000000,2560,64025,25008,0.000000,0.000000,0.648186,0.248233,1.139590,0,0,0.000000,0.000000,9,11,-1,0,,186820
1788458931.321855,65.719365,rx,-1,0.000000,0.000000,0.000000,0.000000,2561,64051,24968,0.000000,0.000000,0.648186,0.248233,1.139590,0,0,0.000000,0.000000,9,11,-1,0,,186820
1788458931.321903,65.719416,tx,-1,0.000000,0.000000,0.000000,0.000000,,,,,,,,,,,,,,,,,aa5501090000000000000000004829,186964
1788458931.375118,65.772618,rx,-1,0.000000,0.000000,0.000000,0.000000,2562,64075,25036,0.000000,0.000000,0.648186,0.248233,1.139590,0,0,0.000000,0.000000,9,11,-1,0,,186964
1788458931.375442,65.772953,rx,-1,0.000000,0.000000,0.000000,0.000000,2563,64101,25012,0.000000,0.000000,0.648186,0.248233,1.139590,0,0,0.000000,0.000000,9,11,-1,0,,186964
1788458931.375474,65.772987,tx,-1,0.000000,0.000000,0.000000,0.000000,,,,,,,,,,,,,,,,,aa5501090000000000000000004829,187108
1788458931.429754,65.827256,rx,-1,0.000000,0.000000,0.000000,0.000000,2564,64125,24992,0.000000,0.000000,0.648186,0.248233,1.139590,0,0,0.000000,0.000000,9,11,-1,0,,187108
1788458931.432011,65.829519,rx,-1,0.000000,0.000000,0.000000,0.000000,2565,64150,24968,0.000000,0.000000,0.648186,0.248233,1.139590,0,0,0.000000,0.000000,9,11,-1,0,,187108
1788458931.432082,65.829595,tx,-1,0.000000,0.000000,0.000000,0.000000,,,,,,,,,,,,,,,,,aa5501090000000000000000004829,187316
1788458931.484388,65.881896,rx,-1,0.000000,0.000000,0.000000,0.000000,2566,64176,25004,0.000000,0.000000,0.648186,0.248233,1.139590,0,0,0.000000,0.000000,9,11,-1,0,,187316
1788458931.484509,65.882022,rx,-1,0.000000,0.000000,0.000000,0.000000,2567,64200,24996,0.000000,0.000000,0.648186,0.248233,1.139590,0,0,0.000000,0.000000,9,11,-1,0,,187316
1788458931.484561,65.882074,rx,-1,0.000000,0.000000,0.000000,0.000000,2568,64226,25032,0.000000,0.000000,0.648186,0.248233,1.139590,0,0,0.000000,0.000000,9,11,-1,0,,187316
1788458931.484573,65.882086,tx,-1,0.000000,0.000000,0.000000,0.000000,,,,,,,,,,,,,,,,,aa5501090000000000000000004829,187468
1788458931.538085,65.935587,rx,-1,0.000000,0.000000,0.000000,0.000000,2569,64250,24988,0.000000,0.000000,0.648186,0.248233,1.139590,0,0,0.000000,0.000000,9,11,-1,0,,187468
1788458931.540429,65.937938,rx,-1,0.000000,0.000000,0.000000,0.000000,2570,64276,25020,0.000000,0.000000,0.648186,0.248233,1.139590,0,0,0.000000,0.000000,9,11,-1,0,,187468
1788458931.540475,65.937988,tx,-1,0.000000,0.000000,0.000000,0.000000,,,,,,,,,,,,,,,,,aa5501090000000000000000004829,187612
1788458931.591697,65.989201,rx,-1,0.000000,0.000000,0.000000,0.000000,2571,64301,24976,0.000000,0.000000,0.648186,0.248233,1.139590,0,0,0.000000,0.000000,9,11,-1,0,,187612
1788458931.591817,65.989329,rx,-1,0.000000,0.000000,0.000000,0.000000,2572,64325,24984,0.000000,0.000000,0.648186,0.248233,1.139590,0,0,0.000000,0.000000,9,11,-1,0,,187612
1788458931.591831,65.989345,tx,-1,0.000000,0.000000,0.000000,0.000000,,,,,,,,,,,,,,,,,aa5501090000000000000000004829,187756
1788458931.643852,66.041358,rx,-1,0.000000,0.000000,0.000000,0.000000,2573,64351,24992,0.000000,0.000000,0.648186,0.248233,1.139590,0,0,0.000000,0.000000,9,11,-1,0,,187756
1788458931.645922,66.043432,rx,-1,0.000000,0.000000,0.000000,0.000000,2574,64375,25032,0.000000,0.000000,0.648186,0.248233,1.139590,0,0,0.000000,0.000000,9,11,-1,0,,187756
1788458931.645962,66.043475,tx,-1,0.000000,0.000000,0.000000,0.000000,,,,,,,,,,,,,,,,,aa5501090000000000000000004829,187900
1788458931.694034,66.091541,rx,-1,0.000000,0.000000,0.000000,0.000000,2575,64401,24992,0.000000,0.000000,0.648186,0.248233,1.139590,0,0,0.000000,0.000000,9,11,-1,0,,187900
1788458931.694136,66.091648,rx,-1,0.000000,0.000000,0.000000,0.000000,2576,64425,24984,0.000000,0.000000,0.648186,0.248233,1.139590,0,0,0.000000,0.000000,9,11,-1,0,,187900
1788458931.694151,66.091664,tx,-1,0.000000,0.000000,0.000000,0.000000,,,,,,,,,,,,,,,,,aa5501090000000000000000004829,188044
1788458931.747640,66.145146,rx,-1,0.000000,0.000000,0.000000,0.000000,2577,64450,25016,0.000000,0.000000,0.648186,0.248233,1.139590,0,0,0.000000,0.000000,9,11,-1,0,,188044
1788458931.749758,66.147267,rx,-1,0.000000,0.000000,0.000000,0.000000,2578,64476,25004,0.000000,0.000000,0.648186,0.248233,1.139590,0,0,0.000000,0.000000,9,11,-1,0,,188044
1788458931.749796,66.147309,tx,-1,0.000000,0.000000,0.000000,0.000000,,,,,,,,,,,,,,,,,aa5501090000000000000000004829,188188
1788458931.803056,66.200562,rx,-1,0.000000,0.000000,0.000000,0.000000,2579,64500,24992,0.000000,0.000000,0.648186,0.248233,1.139590,0,0,0.000000,0.000000,9,11,-1,0,,188188
1788458931.803161,66.200673,rx,-1,0.000000,0.000000,0.000000,0.000000,2580,64526,25028,0.000000,0.000000,0.648186,0.248233,1.139590,0,0,0.000000,0.000000,9,11,-1,0,,188188
1788458931.803174,66.200688,tx,-1,0.000000,0.000000,0.000000,0.000000,,,,,,,,,,,,,,,,,aa5501090000000000000000004829,188332
1788458931.856561,66.254069,rx,-1,0.000000,0.000000,0.000000,0.000000,2581,64550,24952,0.000000,0.000000,0.648186,0.248233,1.139590,0,0,0.000000,0.000000,9,11,-1,0,,188332
1788458931.858631,66.256140,rx,-1,0.000000,0.000000,0.000000,0.000000,2582,64575,25008,0.000000,0.000000,0.648186,0.248233,1.139590,0,0,0.000000,0.000000,9,11,-1,0,,188332
1788458931.858679,66.256192,tx,-1,0.000000,0.000000,0.000000,0.000000,,,,,,,,,,,,,,,,,aa5501090000000000000000004829,188508
1788458931.912018,66.309523,rx,-1,0.000000,0.000000,0.000000,0.000000,2583,64601,24996,0.000000,0.000000,0.648186,0.248233,1.139590,0,0,0.000000,0.000000,9,11,-1,0,,188508
1788458931.912117,66.309629,rx,-1,0.000000,0.000000,0.000000,0.000000,2584,64625,25040,0.000000,0.000000,0.648186,0.248233,1.139590,0,0,0.000000,0.000000,9,11,-1,0,,188508
1788458931.912137,66.309650,tx,-1,0.000000,0.000000,0.000000,0.000000,,,,,,,,,,,,,,,,,aa5501090000000000000000004829,188684
1788458931.964535,66.362044,rx,-1,0.000000,0.000000,0.000000,0.000000,2585,64651,24980,0.000000,0.000000,0.648186,0.248233,1.139590,0,0,0.000000,0.000000,9,11,-1,0,,188684
1788458931.966561,66.364072,rx,-1,0.000000,0.000000,0.000000,0.000000,2586,64675,24992,0.000000,0.000000,0.648186,0.248233,1.139590,0,0,0.000000,0.000000,9,11,-1,0,,188684
1788458931.966626,66.364138,rx,-1,0.000000,0.000000,0.000000,0.000000,2587,64701,25024,0.000000,0.000000,0.648186,0.248233,1.139590,0,0,0.000000,0.000000,9,11,-1,0,,188684
1788458931.966638,66.364151,tx,-1,0.000000,0.000000,0.000000,0.000000,,,,,,,,,,,,,,,,,aa5501090000000000000000004829,188836
1788458932.019887,66.417395,rx,-1,0.000000,0.000000,0.000000,0.000000,2588,64726,24988,0.000000,0.000000,0.648186,0.248233,1.139590,0,0,0.000000,0.000000,9,11,-1,0,,188836
1788458932.019967,66.417479,rx,-1,0.000000,0.000000,0.000000,0.000000,2589,64750,25004,0.000000,0.000000,0.648186,0.248233,1.139590,0,0,0.000000,0.000000,9,11,-1,0,,188836
1788458932.019978,66.417491,tx,-1,0.000000,0.000000,0.000000,0.000000,,,,,,,,,,,,,,,,,aa5501090000000000000000004829,188980
1788458932.073773,66.471280,rx,-1,0.000000,0.000000,0.000000,0.000000,2590,64776,24972,0.000000,0.000000,0.648186,0.248233,1.139590,0,0,0.000000,0.000000,9,11,-1,0,,188980
1788458932.076354,66.473861,rx,-1,0.000000,0.000000,0.000000,0.000000,2591,64800,25028,0.000000,0.000000,0.648186,0.248233,1.139590,0,0,0.000000,0.000000,9,11,-1,0,,188980
1788458932.076407,66.473920,tx,-1,0.000000,0.000000,0.000000,0.000000,,,,,,,,,,,,,,,,,aa5501090000000000000000004829,189124
1788458932.124025,66.521532,rx,-1,0.000000,0.000000,0.000000,0.000000,2592,64826,24992,0.000000,0.000000,0.648186,0.248233,1.139590,0,0,0.000000,0.000000,9,11,-1,0,,189124
1788458932.124177,66.521688,rx,-1,0.000000,0.000000,0.000000,0.000000,2593,64850,24984,0.000000,0.000000,0.648186,0.248233,1.139590,0,0,0.000000,0.000000,9,11,-1,0,,189124
1788458932.124200,66.521712,tx,-1,0.000000,0.000000,0.000000,0.000000,,,,,,,,,,,,,,,,,aa5501090000000000000000004829,189268
1788458932.177077,66.574578,rx,-1,0.000000,0.000000,0.000000,0.000000,2594,64875,25024,0.000000,0.000000,0.648186,0.248233,1.139590,0,0,0.000000,0.000000,9,11,-1,0,,189268
1788458932.180450,66.577955,rx,-1,0.000000,0.000000,0.000000,0.000000,2595,64901,25000,0.000000,0.000000,0.648186,0.248233,1.139590,0,0,0.000000,0.000000,9,11,-1,0,,189268
1788458932.180532,66.578045,tx,-1,0.000000,0.000000,0.000000,0.000000,,,,,,,,,,,,,,,,,aa5501090000000000000000004829,189412
1788458932.229105,66.626595,rx,-1,0.000000,0.000000,0.000000,0.000000,2596,64925,24992,0.000000,0.000000,0.648186,0.248233,1.139590,0,0,0.000000,0.000000,9,11,-1,0,,189412
1788458932.229635,66.627136,rx,-1,0.000000,0.000000,0.000000,0.000000,2597,64951,24988,0.000000,0.000000,0.648186,0.248233,1.139590,0,0,0.000000,0.000000,9,11,-1,0,,189412
1788458932.229719,66.627229,tx,-1,0.000000,0.000000,0.000000,0.000000,,,,,,,,,,,,,,,,,aa5501090000000000000000004829,189556
1788458932.283595,66.681094,rx,-1,0.000000,0.000000,0.000000,0.000000,2598,64975,24996,0.000000,0.000000,0.648186,0.248233,1.139590,0,0,0.000000,0.000000,9,11,-1,0,,189556
1788458932.287302,66.684808,rx,-1,0.000000,0.000000,0.000000,0.000000,2599,65001,25028,0.000000,0.000000,0.648186,0.248233,1.139590,0,0,0.000000,0.000000,9,11,-1,0,,189556
1788458932.287475,66.684987,tx,-1,0.000000,0.000000,0.000000,0.000000,,,,,,,,,,,,,,,,,aa5501090000000000000000004829,189755
1788458932.336454,66.733943,rx,-1,0.000000,0.000000,0.000000,0.000000,2600,65026,25004,0.000000,0.000000,0.648186,0.248233,1.139590,0,0,0.000000,0.000000,9,11,-1,0,,189755
1788458932.336860,66.734363,rx,-1,0.000000,0.000000,0.000000,0.000000,2601,65050,24980,0.000000,0.000000,0.648186,0.248233,1.139590,0,0,0.000000,0.000000,9,11,-1,0,,189755
1788458932.336991,66.734502,tx,-1,0.000000,0.000000,0.000000,0.000000,,,,,,,,,,,,,,,,,aa5501090000000000000000004829,189899
1788458932.391083,66.788584,rx,-1,0.000000,0.000000,0.000000,0.000000,2602,65076,25016,0.000000,0.000000,0.648186,0.248233,1.139590,0,0,0.000000,0.000000,9,11,-1,0,,189899
1788458932.394848,66.792353,rx,-1,0.000000,0.000000,0.000000,0.000000,2603,65100,24996,0.000000,0.000000,0.648186,0.248233,1.139590,0,0,0.000000,0.000000,9,11,-1,0,,189899
1788458932.394968,66.792480,tx,-1,0.000000,0.000000,0.000000,0.000000,,,,,,,,,,,,,,,,,aa5501090000000000000000004829,190107
1788458932.443470,66.840969,rx,-1,0.000000,0.000000,0.000000,0.000000,2604,65126,24972,0.000000,0.000000,0.648186,0.248233,1.139590,0,0,0.000000,0.000000,9,11,-1,0,,190107
1788458932.443687,66.841194,rx,-1,0.000000,0.000000,0.000000,0.000000,2605,65150,25004,0.000000,0.000000,0.648186,0.248233,1.139590,0,0,0.000000,0.000000,9,11,-1,0,,190107
1788458932.443839,66.841348,rx,-1,0.000000,0.000000,0.000000,0.000000,2606,65175,25012,0.000000,0.000000,0.648186,0.248233,1.139590,0,0,0.000000,0.000000,9,11,-1,0,,190107
1788458932.443871,66.841382,tx,-1,0.000000,0.000000,0.000000,0.000000,,,,,,,,,,,,,,,,,aa5501090000000000000000004829,190259
1788458932.497800,66.895301,rx,-1,0.000000,0.000000,0.000000,0.000000,2607,65201,25012,0.000000,0.000000,0.648186,0.248233,1.139590,0,0,0.000000,0.000000,9,11,-1,0,,190259
1788458932.500841,66.898345,rx,-1,0.000000,0.000000,0.000000,0.000000,2608,65225,24972,0.000000,0.000000,0.648186,0.248233,1.139590,0,0,0.000000,0.000000,9,11,-1,0,,190259
1788458932.500941,66.898453,tx,-1,0.000000,0.000000,0.000000,0.000000,,,,,,,,,,,,,,,,,aa5501090000000000000000004829,190403
1788458932.548706,66.946210,rx,-1,0.000000,0.000000,0.000000,0.000000,2609,65251,25004,0.000000,0.000000,0.648186,0.248233,1.139590,0,0,0.000000,0.000000,9,11,-1,0,,190403
1788458932.548854,66.946364,rx,-1,0.000000,0.000000,0.000000,0.000000,2610,65275,25032,0.000000,0.000000,0.648186,0.248233,1.139590,0,0,0.000000,0.000000,9,11,-1,0,,190403
1788458932.548877,66.946389,tx,-1,0.000000,0.000000,0.000000,0.000000,,,,,,,,,,,,,,,,,aa5501090000000000000000004829,190547
1788458932.603527,67.001012,rx,-1,0.000000,0.000000,0.000000,0.000000,2611,65301,24984,0.000000,0.000000,0.648186,0.248233,1.139590,0,0,0.000000,0.000000,9,11,-1,0,,190547
1788458932.607251,67.004749,rx,-1,0.000000,0.000000,0.000000,0.000000,2612,65326,24996,0.000000,0.000000,0.648186,0.248233,1.139590,0,0,0.000000,0.000000,9,11,-1,0,,190547
1788458932.607397,67.004909,tx,-1,0.000000,0.000000,0.000000,0.000000,,,,,,,,,,,,,,,,,aa5501090000000000000000004829,190691
1788458932.656324,67.053826,rx,-1,0.000000,0.000000,0.000000,0.000000,2613,65350,24992,0.000000,0.000000,0.648186,0.248233,1.139590,0,0,0.000000,0.000000,9,11,-1,0,,190691
1788458932.656437,67.053947,rx,-1,0.000000,0.000000,0.000000,0.000000,2614,65376,25024,0.000000,0.000000,0.648186,0.248233,1.139590,0,0,0.000000,0.000000,9,11,-1,0,,190691
1788458932.656453,67.053965,tx,-1,0.000000,0.000000,0.000000,0.000000,,,,,,,,,,,,,,,,,aa5501090000000000000000004829,190835
1788458932.707641,67.105140,rx,-1,0.000000,0.000000,0.000000,0.000000,2615,65400,24996,0.000000,0.000000,0.648186,0.248233,1.139590,0,0,0.000000,0.000000,9,11,-1,0,,190835
1788458932.710917,67.108350,rx,-1,0.000000,0.000000,0.000000,0.000000,2616,65426,24968,0.000000,0.000000,0.648186,0.248233,1.139590,0,0,0.000000,0.000000,9,11,-1,0,,190835
1788458932.711123,67.108635,tx,-1,0.000000,0.000000,0.000000,0.000000,,,,,,,,,,,,,,,,,aa5501090000000000000000004829,190979
1788458932.763018,67.160512,rx,-1,0.000000,0.000000,0.000000,0.000000,2617,65451,25004,0.000000,0.000000,0.648186,0.248233,1.139590,0,0,0.000000,0.000000,9,11,-1,0,,190979
1788458932.763259,67.160766,rx,-1,0.000000,0.000000,0.000000,0.000000,2618,65475,25000,0.000000,0.000000,0.648186,0.248233,1.139590,0,0,0.000000,0.000000,9,11,-1,0,,190979
1788458932.763316,67.160827,tx,-1,0.000000,0.000000,0.000000,0.000000,,,,,,,,,,,,,,,,,aa5501090000000000000000004829,191123
1788458932.817289,67.214786,rx,-1,0.000000,0.000000,0.000000,0.000000,2619,65501,25060,0.000000,0.000000,0.648186,0.248233,1.139590,0,0,0.000000,0.000000,9,11,-1,0,,191123
1788458932.820809,67.218307,rx,-1,0.000000,0.000000,0.000000,0.000000,2620,65525,24972,0.000000,0.000000,0.648186,0.248233,1.139590,0,0,0.000000,0.000000,9,11,-1,0,,191123
1788458932.820915,67.218427,tx,-1,0.000000,0.000000,0.000000,0.000000,,,,,,,,,,,,,,,,,aa5501090000000000000000004829,191267
1788458932.868887,67.266395,rx,-1,0.000000,0.000000,0.000000,0.000000,2621,65551,24988,0.000000,0.000000,0.648186,0.248233,1.139590,0,0,0.000000,0.000000,9,11,-1,0,,191267
1788458932.868973,67.266484,rx,-1,0.000000,0.000000,0.000000,0.000000,2622,65575,24992,0.000000,0.000000,0.648186,0.248233,1.139590,0,0,0.000000,0.000000,9,11,-1,0,,191267
1788458932.868988,67.266500,tx,-1,0.000000,0.000000,0.000000,0.000000,,,,,,,,,,,,,,,,,aa5501090000000000000000004829,191443
1788458932.922690,67.320198,rx,-1,0.000000,0.000000,0.000000,0.000000,2623,65600,25012,0.000000,0.000000,0.648186,0.248233,1.139590,0,0,0.000000,0.000000,9,11,-1,0,,191443
1788458932.924591,67.322100,rx,-1,0.000000,0.000000,0.000000,0.000000,2624,65626,25004,0.000000,0.000000,0.648186,0.248233,1.139590,0,0,0.000000,0.000000,9,11,-1,0,,191443
1788458932.924624,67.322136,tx,-1,0.000000,0.000000,0.000000,0.000000,,,,,,,,,,,,,,,,,aa5501090000000000000000004829,191619
1788458932.976441,67.373949,rx,-1,0.000000,0.000000,0.000000,0.000000,2625,65650,24988,0.000000,0.000000,0.648186,0.248233,1.139590,0,0,0.000000,0.000000,9,11,-1,0,,191619
1788458932.976535,67.374046,rx,-1,0.000000,0.000000,0.000000,0.000000,2626,65676,24992,0.000000,0.000000,0.648186,0.248233,1.139590,0,0,0.000000,0.000000,9,11,-1,0,,191619
1788458932.976595,67.374106,rx,-1,0.000000,0.000000,0.000000,0.000000,2627,65700,24988,0.000000,0.000000,0.648186,0.248233,1.139590,0,0,0.000000,0.000000,9,11,-1,0,,191619
1788458932.976607,67.374119,tx,-1,0.000000,0.000000,0.000000,0.000000,,,,,,,,,,,,,,,,,aa5501090000000000000000004829,191771
1788458933.029422,67.426929,rx,-1,0.000000,0.000000,0.000000,0.000000,2628,65726,25016,0.000000,0.000000,0.648186,0.248233,1.139590,0,0,0.000000,0.000000,9,11,-1,0,,191771
1788458933.031495,67.429003,rx,-1,0.000000,0.000000,0.000000,0.000000,2629,65751,25000,0.000000,0.000000,0.648186,0.248233,1.139590,0,0,0.000000,0.000000,9,11,-1,0,,191771
1788458933.031535,67.429047,tx,-1,0.000000,0.000000,0.000000,0.000000,,,,,,,,,,,,,,,,,aa5501090000000000000000004829,191915
1788458933.083215,67.480723,rx,-1,0.000000,0.000000,0.000000,0.000000,2630,65775,25016,0.000000,0.000000,0.648186,0.248233,1.139590,0,0,0.000000,0.000000,9,11,-1,0,,191915
1788458933.083302,67.480813,rx,-1,0.000000,0.000000,0.000000,0.000000,2631,65801,25000,0.000000,0.000000,0.648186,0.248233,1.139590,0,0,0.000000,0.000000,9,11,-1,0,,191915
1788458933.083315,67.480827,tx,-1,0.000000,0.000000,0.000000,0.000000,,,,,,,,,,,,,,,,,aa5501090000000000000000004829,192059
1788458933.134875,67.532379,rx,-1,0.000000,0.000000,0.000000,0.000000,2632,65825,24976,0.000000,0.000000,0.648186,0.248233,1.139590,0,0,0.000000,0.000000,9,11,-1,0,,192059
1788458933.137241,67.534748,rx,-1,0.000000,0.000000,0.000000,0.000000,2633,65851,25000,0.000000,0.000000,0.648186,0.248233,1.139590,0,0,0.000000,0.000000,9,11,-1,0,,192059
1788458933.137285,67.534797,tx,-1,0.000000,0.000000,0.000000,0.000000,,,,,,,,,,,,,,,,,aa5501090000000000000000004829,192203
1788458933.189901,67.587411,rx,-1,0.000000,0.000000,0.000000,0.000000,2634,65875,24992,0.000000,0.000000,0.648186,0.248233,1.139590,0,0,0.000000,0.000000,9,11,-1,0,,192203
1788458933.190017,67.587526,rx,-1,0.000000,0.000000,0.000000,0.000000,2635,65900,25008,0.000000,0.000000,0.648186,0.248233,1.139590,0,0,0.000000,0.000000,9,11,-1,0,,192203
1788458933.190045,67.587556,tx,-1,0.000000,0.000000,0.000000,0.000000,,,,,,,,,,,,,,,,,aa5501090000000000000000004829,192347
1788458933.243283,67.640789,rx,-1,0.000000,0.000000,0.000000,0.000000,2636,65926,25008,0.000000,0.000000,0.648186,0.248233,1.139590,0,0,0.000000,0.000000,9,11,-1,0,,192347
1788458933.245181,67.642689,rx,-1,0.000000,0.000000,0.000000,0.000000,2637,65950,25020,0.000000,0.000000,0.648186,0.248233,1.139590,0,0,0.000000,0.000000,9,11,-1,0,,192347
1788458933.245215,67.642727,tx,-1,0.000000,0.000000,0.000000,0.000000,,,,,,,,,,,,,,,,,aa5501090000000000000000004829,192491
1788458933.298714,67.696212,rx,-1,0.000000,0.000000,0.000000,0.000000,2638,65976,24992,0.000000,0.000000,0.648186,0.248233,1.139590,0,0,0.000000,0.000000,9,11,-1,0,,192491
1788458933.298885,67.696393,rx,-1,0.000000,0.000000,0.000000,0.000000,2639,66000,24976,0.000000,0.000000,0.648186,0.248233,1.139590,0,0,0.000000,0.000000,9,11,-1,0,,192491
1788458933.298962,67.696473,tx,-1,0.000000,0.000000,0.000000,0.000000,,,,,,,,,,,,,,,,,aa5501090000000000000000004829,192722
1788458933.351058,67.748562,rx,-1,0.000000,0.000000,0.000000,0.000000,2640,66026,25004,0.000000,0.000000,0.648186,0.248233,1.139590,0,0,0.000000,0.000000,9,11,-1,0,,192722
1788458933.353251,67.750758,rx,-1,0.000000,0.000000,0.000000,0.000000,2641,66051,25028,0.000000,0.000000,0.648186,0.248233,1.139590,0,0,0.000000,0.000000,9,11,-1,0,,192722
1788458933.353299,67.750811,tx,-1,0.000000,0.000000,0.000000,0.000000,,,,,,,,,,,,,,,,,aa5501090000000000000000004829,192866
1788458933.401321,67.798824,rx,-1,0.000000,0.000000,0.000000,0.000000,2642,66075,24988,0.000000,0.000000,0.648186,0.248233,1.139590,0,0,0.000000,0.000000,9,11,-1,0,,192866
1788458933.401450,67.798959,rx,-1,0.000000,0.000000,0.000000,0.000000,2643,66101,24988,0.000000,0.000000,0.648186,0.248233,1.139590,0,0,0.000000,0.000000,9,11,-1,0,,192866
1788458933.401475,67.798986,tx,-1,0.000000,0.000000,0.000000,0.000000,,,,,,,,,,,,,,,,,aa5501090000000000000000004829,193010
1788458933.454389,67.851893,rx,-1,0.000000,0.000000,0.000000,0.000000,2644,66125,25000,0.000000,0.000000,0.648186,0.248233,1.139590,0,0,0.000000,0.000000,9,11,-1,0,,193010
1788458933.456722,67.854231,rx,-1,0.000000,0.000000,0.000000,0.000000,2645,66151,25020,0.000000,0.000000,0.648186,0.248233,1.139590,0,0,0.000000,0.000000,9,11,-1,0,,193010
1788458933.456760,67.854271,tx,-1,0.000000,0.000000,0.000000,0.000000,,,,,,,,,,,,,,,,,aa5501090000000000000000004829,193186
1788458933.509599,67.907094,rx,-1,0.000000,0.000000,0.000000,0.000000,2646,66176,24980,0.000000,0.000000,0.648186,0.248233,1.139590,0,0,0.000000,0.000000,9,11,-1,0,,193186
1788458933.509823,67.907331,rx,-1,0.000000,0.000000,0.000000,0.000000,2647,66200,25024,0.000000,0.000000,0.648186,0.248233,1.139590,0,0,0.000000,0.000000,9,11,-1,0,,193186
1788458933.509962,67.907471,rx,-1,0.000000,0.000000,0.000000,0.000000,2648,66226,24996,0.000000,0.000000,0.648186,0.248233,1.139590,0,0,0.000000,0.000000,9,11,-1,0,,193186
1788458933.509989,67.907501,tx,-1,0.000000,0.000000,0.000000,0.000000,,,,,,,,,,,,,,,,,aa5501090000000000000000004829,193338
1788458933.563501,67.961006,rx,-1,0.000000,0.000000,0.000000,0.000000,2649,66250,24984,0.000000,0.000000,0.648186,0.248233,1.139590,0,0,0.000000,0.000000,9,11,-1,0,,193338
1788458933.565504,67.963013,rx,-1,0.000000,0.000000,0.000000,0.000000,2650,66276,24988,0.000000,0.000000,0.648186,0.248233,1.139590,0,0,0.000000,0.000000,9,11,-1,0,,193338
1788458933.565528,67.963040,tx,-1,0.000000,0.000000,0.000000,0.000000,,,,,,,,,,,,,,,,,aa5501090000000000000000004829,193482
1788458933.596472,67.993979,rx,-1,0.000000,0.000000,0.000000,0.000000,2651,66300,24996,0.000000,0.000000,0.648186,0.248233,1.139590,0,0,0.000000,0.000000,9,11,-1,0,,193482
1788458933.596521,67.994033,keyboard_interrupt,-1,0.000000,0.000000,0.000000,0.000000,,,,,,,,,,,,,,,,,aa5501090000000000000000004829,193554
