timestamp_s,elapsed_s,event,key_code,command_linear_mps,command_angular_rps,target_left_wheel_mps,target_right_wheel_mps,seq,mcu_time_ms,dt_us,current_linear_mps,current_angular_rps,odom_x_m,odom_y_m,odom_heading_rad,left_encoder_delta,right_encoder_delta,left_wheel_rps,right_wheel_rps,left_pwm,right_pwm,sonar_distance_cm,flags,packet_hex,rx_bytes
1788459110.933598,2.407354,rx,-1,0.000000,0.000000,0.000000,0.000000,15,401,25004,0.000000,0.000000,0.000000,0.000000,0.000000,0,0,0.000000,0.000000,0,0,-1,0,,0
1788459111.005740,2.479507,rx,-1,0.000000,0.000000,0.000000,0.000000,16,425,24996,0.000000,0.000000,0.000000,0.000000,0.000000,0,0,0.000000,0.000000,0,0,-1,0,,0
1788459111.005820,2.479595,rx,-1,0.000000,0.000000,0.000000,0.000000,17,450,24992,0.000000,0.000000,0.000000,0.000000,0.000000,0,0,0.000000,0.000000,0,0,-1,0,,0
1788459111.005870,2.479646,rx,-1,0.000000,0.000000,0.000000,0.000000,18,476,25016,0.000000,0.000000,0.000000,0.000000,0.000000,0,0,0.000000,0.000000,0,0,-1,0,,0
1788459111.005918,2.479693,rx,-1,0.000000,0.000000,0.000000,0.000000,19,500,24964,0.000000,0.000000,0.000000,0.000000,0.000000,0,0,0.000000,0.000000,0,0,-1,0,,0
1788459111.005962,2.479737,rx,-1,0.000000,0.000000,0.000000,0.000000,20,525,25000,0.000000,0.000000,0.000000,0.000000,0.000000,0,0,0.000000,0.000000,0,0,-1,2,,0
1788459111.006006,2.479782,rx,-1,0.000000,0.000000,0.000000,0.000000,21,550,25004,0.000000,0.000000,0.000000,0.000000,0.000000,0,0,0.000000,0.000000,0,0,-1,2,,0
1788459111.006057,2.479832,rx,-1,0.000000,0.000000,0.000000,0.000000,22,575,25000,0.000000,0.000000,0.000000,0.000000,0.000000,0,0,0.000000,0.000000,0,0,-1,2,,0
1788459111.006101,2.479877,rx,-1,0.000000,0.000000,0.000000,0.000000,23,601,25012,0.000000,0.000000,0.000000,0.000000,0.000000,0,0,0.000000,0.000000,0,0,-1,2,,0
1788459111.006147,2.479922,rx,-1,0.000000,0.000000,0.000000,0.000000,24,625,24980,0.000000,0.000000,0.000000,0.000000,0.000000,0,0,0.000000,0.000000,0,0,-1,2,,0
1788459111.006193,2.479969,rx,-1,0.000000,0.000000,0.000000,0.000000,25,650,25028,0.000000,0.000000,0.000000,0.000000,0.000000,0,0,0.000000,0.000000,0,0,-1,2,,0
1788459111.006238,2.480014,rx,-1,0.000000,0.000000,0.000000,0.000000,26,675,25020,0.000000,0.000000,0.000000,0.000000,0.000000,0,0,0.000000,0.000000,0,0,-1,2,,0
1788459111.006288,2.480064,rx,-1,0.000000,0.000000,0.000000,0.000000,27,700,24980,0.000000,0.000000,0.000000,0.000000,0.000000,0,0,0.000000,0.000000,0,0,-1,2,,0
1788459111.006307,2.480083,startup,-1,0.000000,0.000000,0.000000,0.000000,,,,,,,,,,,,,,,,,aa5501090000000000000000004829,1020
1788459111.010012,2.483785,rx,-1,0.000000,0.000000,0.000000,0.000000,28,726,24996,0.000000,0.000000,0.000000,0.000000,0.000000,0,0,0.000000,0.000000,0,0,-1,2,,1020
1788459111.010073,2.483849,rx,-1,0.000000,0.000000,0.000000,0.000000,29,750,25004,0.000000,0.000000,0.000000,0.000000,0.000000,0,0,0.000000,0.000000,0,0,-1,2,,1020
1788459111.010118,2.483894,rx,-1,0.000000,0.000000,0.000000,0.000000,30,776,24980,0.000000,0.000000,0.000000,0.000000,0.000000,0,0,0.000000,0.000000,0,0,-1,2,,1020
1788459111.010161,2.483937,rx,-1,0.000000,0.000000,0.000000,0.000000,31,800,25040,0.000000,0.000000,0.000000,0.000000,0.000000,0,0,0.000000,0.000000,0,0,-1,2,,1020
1788459111.010205,2.483980,rx,-1,0.000000,0.000000,0.000000,0.000000,32,825,24964,0.000000,0.000000,0.000000,0.000000,0.000000,0,0,0.000000,0.000000,0,0,-1,2,,1020
1788459111.010248,2.484023,rx,-1,0.000000,0.000000,0.000000,0.000000,33,850,24996,0.000000,0.000000,0.000000,0.000000,0.000000,0,0,0.000000,0.000000,0,0,-1,2,,1020
1788459111.010302,2.484078,rx,-1,0.000000,0.000000,0.000000,0.000000,34,875,25000,0.000000,0.000000,0.000000,0.000000,0.000000,0,0,0.000000,0.000000,0,0,-1,2,,1020
1788459111.010349,2.484125,rx,-1,0.000000,0.000000,0.000000,0.000000,35,901,25016,0.000000,0.000000,0.000000,0.000000,0.000000,0,0,0.000000,0.000000,0,0,-1,2,,1020
1788459111.010392,2.484167,rx,-1,0.000000,0.000000,0.000000,0.000000,36,925,24980,0.000000,0.000000,0.000000,0.000000,0.000000,0,0,0.000000,0.000000,0,0,-1,2,,1020
1788459111.010434,2.484210,rx,-1,0.000000,0.000000,0.000000,0.000000,37,950,25036,0.000000,0.000000,0.000000,0.000000,0.000000,0,0,0.000000,0.000000,0,0,-1,2,,1020
1788459111.010490,2.484265,rx,-1,0.000000,0.000000,0.000000,0.000000,38,975,25004,0.000000,0.000000,0.000000,0.000000,0.000000,0,0,0.000000,0.000000,0,0,-1,2,,1020
1788459111.010558,2.484333,rx,-1,0.000000,0.000000,0.000000,0.000000,39,1001,25620,0.000000,0.000000,0.000000,0.000000,0.000000,0,0,0.000000,0.000000,0,0,-1,2,,1020
1788459111.010602,2.484378,rx,-1,0.000000,0.000000,0.000000,0.000000,40,1026,24376,0.000000,0.000000,0.000000,0.000000,0.000000,0,0,0.000000,0.000000,0,0,-1,2,,1020
1788459111.010615,2.484391,tx,-1,0.000000,0.000000,0.000000,0.000000,,,,,,,,,,,,,,,,,aa5501090000000000000000004829,2040
1788459111.064007,2.537776,rx,-1,0.000000,0.000000,0.000000,0.000000,41,1050,25004,0.000000,0.000000,0.000000,0.000000,0.000000,0,0,0.000000,0.000000,0,0,-1,2,,2040
1788459111.190226,2.663994,rx,-1,0.000000,0.000000,0.000000,0.000000,42,1076,24980,0.000000,0.000000,0.000000,0.000000,0.000000,0,0,0.000000,0.000000,0,0,-1,2,,2040
1788459111.233574,2.707344,rx,-1,0.000000,0.000000,0.000000,0.000000,43,1100,24988,0.000000,0.000000,0.000000,0.000000,0.000000,0,0,0.000000,0.000000,0,0,-1,2,,2040
1788459111.233667,2.707442,rx,-1,0.000000,0.000000,0.000000,0.000000,44,1125,25012,0.000000,0.000000,0.000000,0.000000,0.000000,0,0,0.000000,0.000000,0,0,-1,2,,2040
1788459111.233719,2.707494,rx,-1,0.000000,0.000000,0.000000,0.000000,45,1150,25004,0.000000,0.000000,0.000000,0.000000,0.000000,0,0,0.000000,0.000000,0,0,-1,2,,2040
1788459111.233770,2.707545,rx,-1,0.000000,0.000000,0.000000,0.000000,46,1175,25004,0.000000,0.000000,0.000000,0.000000,0.000000,0,0,0.000000,0.000000,0,0,-1,2,,2040
1788459111.233822,2.707597,rx,-1,0.000000,0.000000,0.000000,0.000000,47,1201,25008,0.000000,0.000000,0.000000,0.000000,0.000000,0,0,0.000000,0.000000,0,0,-1,2,,2040
1788459111.233878,2.707653,rx,-1,0.000000,0.000000,0.000000,0.000000,48,1225,24984,0.000000,0.000000,0.000000,0.000000,0.000000,0,0,0.000000,0.000000,0,0,-1,2,,2040
1788459111.233926,2.707701,rx,-1,0.000000,0.000000,0.000000,0.000000,49,1250,24988,0.000000,0.000000,0.000000,0.000000,0.000000,0,0,0.000000,0.000000,0,0,-1,2,,2040
1788459111.233968,2.707743,rx,-1,0.000000,0.000000,0.000000,0.000000,50,1275,25000,0.000000,0.000000,0.000000,0.000000,0.000000,0,0,0.000000,0.000000,0,0,-1,2,,2040
1788459111.234011,2.707786,rx,-1,0.000000,0.000000,0.000000,0.000000,51,1300,25000,0.000000,0.000000,0.000000,0.000000,0.000000,0,0,0.000000,0.000000,0,0,-1,2,,2040
1788459111.234054,2.707830,rx,-1,0.000000,0.000000,0.000000,0.000000,52,1326,24988,0.000000,0.000000,0.000000,0.000000,0.000000,0,0,0.000000,0.000000,0,0,-1,2,,2040
1788459111.234095,2.707870,rx,-1,0.000000,0.000000,0.000000,0.000000,53,1350,25012,0.000000,0.000000,0.000000,0.000000,0.000000,0,0,0.000000,0.000000,0,0,-1,2,,2040
1788459111.234137,2.707913,rx,-1,0.000000,0.000000,0.000000,0.000000,54,1375,24988,0.000000,0.000000,0.000000,0.000000,0.000000,0,0,0.000000,0.000000,0,0,-1,2,,2040
1788459111.234154,2.707931,tx,-1,0.000000,0.000000,0.000000,0.000000,,,,,,,,,,,,,,,,,aa5501090000000000000000004829,3060
1788459111.242089,2.715859,rx,-1,0.000000,0.000000,0.000000,0.000000,55,1400,25028,0.000000,0.000000,0.000000,0.000000,0.000000,0,0,0.000000,0.000000,0,0,-1,2,,3060
1788459111.242162,2.715937,rx,-1,0.000000,0.000000,0.000000,0.000000,56,1425,24976,0.000000,0.000000,0.000000,0.000000,0.000000,0,0,0.000000,0.000000,0,0,-1,2,,3060
1788459111.242203,2.715978,rx,-1,0.000000,0.000000,0.000000,0.000000,57,1451,25044,0.000000,0.000000,0.000000,0.000000,0.000000,0,0,0.000000,0.000000,0,0,-1,2,,3060
1788459111.242242,2.716018,rx,-1,0.000000,0.000000,0.000000,0.000000,58,1475,24956,0.000000,0.000000,0.000000,0.000000,0.000000,0,0,0.000000,0.000000,0,0,-1,2,,3060
1788459111.242283,2.716058,rx,-1,0.000000,0.000000,0.000000,0.000000,59,1501,25016,0.000000,0.000000,0.000000,0.000000,0.000000,0,0,0.000000,0.000000,0,0,-1,0,,3060
1788459111.242321,2.716097,rx,-1,0.000000,0.000000,0.000000,0.000000,60,1525,24984,0.000000,0.000000,0.000000,0.000000,0.000000,0,0,0.000000,0.000000,0,0,-1,0,,3060
1788459111.242373,2.716148,rx,-1,0.000000,0.000000,0.000000,0.000000,61,1551,25028,0.000000,0.000000,0.000000,0.000000,0.000000,0,0,0.000000,0.000000,0,0,-1,0,,3060
1788459111.242410,2.716186,rx,-1,0.000000,0.000000,0.000000,0.000000,62,1575,24972,0.000000,0.000000,0.000000,0.000000,0.000000,0,0,0.000000,0.000000,0,0,-1,0,,3060
1788459111.242448,2.716223,rx,-1,0.000000,0.000000,0.000000,0.000000,63,1600,25024,0.000000,0.000000,0.000000,0.000000,0.000000,0,0,0.000000,0.000000,0,0,-1,0,,3060
1788459111.242485,2.716261,rx,-1,0.000000,0.000000,0.000000,0.000000,64,1626,24992,0.000000,0.000000,0.000000,0.000000,0.000000,0,0,0.000000,0.000000,0,0,-1,0,,3060
1788459111.242524,2.716299,rx,-1,0.000000,0.000000,0.000000,0.000000,65,1650,25004,0.000000,0.000000,0.000000,0.000000,0.000000,0,0,0.000000,0.000000,0,0,-1,0,,3060
1788459111.242564,2.716339,rx,-1,0.000000,0.000000,0.000000,0.000000,66,1676,24980,0.000000,0.000000,0.000000,0.000000,0.000000,0,0,0.000000,0.000000,0,0,-1,0,,3060
1788459111.242600,2.716376,rx,-1,0.000000,0.000000,0.000000,0.000000,67,1700,25040,0.000000,0.000000,0.000000,0.000000,0.000000,0,0,0.000000,0.000000,0,0,-1,0,,3060
1788459111.242638,2.716413,rx,-1,0.000000,0.000000,0.000000,0.000000,68,1726,24992,0.000000,0.000000,0.000000,0.000000,0.000000,0,0,0.000000,0.000000,0,0,-1,0,,3060
1788459111.242675,2.716450,rx,-1,0.000000,0.000000,0.000000,0.000000,69,1751,24996,0.000000,0.000000,0.000000,0.000000,0.000000,0,0,0.000000,0.000000,0,0,-1,0,,3060
1788459111.242683,2.716459,tx,-1,0.000000,0.000000,0.000000,0.000000,,,,,,,,,,,,,,,,,aa5501090000000000000000004829,4080
1788459111.295770,2.769542,rx,-1,0.000000,0.000000,0.000000,0.000000,70,1775,24996,0.000000,0.000000,0.000000,0.000000,0.000000,0,0,0.000000,0.000000,0,0,-1,0,,4080
1788459111.326689,2.800459,rx,-1,0.000000,0.000000,0.000000,0.000000,71,1801,25008,0.000000,0.000000,0.000000,0.000000,0.000000,0,0,0.000000,0.000000,0,0,-1,0,,4080
1788459111.326768,2.800542,rx,-1,0.000000,0.000000,0.000000,0.000000,72,1825,24988,0.000000,0.000000,0.000000,0.000000,0.000000,0,0,0.000000,0.000000,0,0,-1,0,,4080
1788459111.326780,2.800555,tx,-1,0.000000,0.000000,0.000000,0.000000,,,,,,,,,,,,,,,,,aa5501090000000000000000004829,4291
1788459111.345967,2.819737,rx,-1,0.000000,0.000000,0.000000,0.000000,73,1851,24984,0.000000,0.000000,0.000000,0.000000,0.000000,0,0,0.000000,0.000000,0,0,-1,0,,4291
1788459111.346042,2.819817,rx,-1,0.000000,0.000000,0.000000,0.000000,74,1875,25004,0.000000,0.000000,0.000000,0.000000,0.000000,0,0,0.000000,0.000000,0,0,-1,0,,4291
1788459111.346053,2.819829,tx,-1,0.000000,0.000000,0.000000,0.000000,,,,,,,,,,,,,,,,,aa5501090000000000000000004829,4435
1788459111.399201,2.872971,rx,-1,0.000000,0.000000,0.000000,0.000000,75,1900,24996,0.000000,0.000000,0.000000,0.000000,0.000000,0,0,0.000000,0.000000,0,0,-1,0,,4435
1788459111.431943,2.905713,rx,-1,0.000000,0.000000,0.000000,0.000000,76,1926,25004,0.000000,0.000000,0.000000,0.000000,0.000000,0,0,0.000000,0.000000,0,0,-1,0,,4435
1788459111.431987,2.905762,tx,-1,0.000000,0.000000,0.000000,0.000000,,,,,,,,,,,,,,,,,aa5501090000000000000000004829,4579
1788459111.451620,2.925389,rx,-1,0.000000,0.000000,0.000000,0.000000,77,1950,24988,0.000000,0.000000,0.000000,0.000000,0.000000,0,0,0.000000,0.000000,0,0,-1,0,,4579
1788459111.451705,2.925479,rx,-1,0.000000,0.000000,0.000000,0.000000,78,1976,25020,0.000000,0.000000,0.000000,0.000000,0.000000,0,0,0.000000,0.000000,0,0,-1,0,,4579
1788459111.451721,2.925496,tx,-1,0.000000,0.000000,0.000000,0.000000,,,,,,,,,,,,,,,,,aa5501090000000000000000004829,4723
1788459111.504154,2.977924,rx,-1,0.000000,0.000000,0.000000,0.000000,79,2000,25000,0.000000,0.000000,0.000000,0.000000,0.000000,0,0,0.000000,0.000000,0,0,-1,0,,4723
1788459111.539685,3.013453,rx,-1,0.000000,0.000000,0.000000,0.000000,80,2025,25012,0.000000,0.000000,0.000000,0.000000,0.000000,0,0,0.000000,0.000000,0,0,-1,0,,4723
1788459111.539733,3.013508,tx,-1,0.000000,0.000000,0.000000,0.000000,,,,,,,,,,,,,,,,,aa5501090000000000000000004829,4922
1788459111.559101,3.032870,rx,-1,0.000000,0.000000,0.000000,0.000000,81,2051,25008,0.000000,0.000000,0.000000,0.000000,0.000000,0,0,0.000000,0.000000,0,0,-1,0,,4922
1788459111.559185,3.032960,rx,-1,0.000000,0.000000,0.000000,0.000000,82,2075,24992,0.000000,0.000000,0.000000,0.000000,0.000000,0,0,0.000000,0.000000,0,0,-1,0,,4922
1788459111.559198,3.032973,tx,-1,0.000000,0.000000,0.000000,0.000000,,,,,,,,,,,,,,,,,aa5501090000000000000000004829,5066
1788459111.610328,3.084096,rx,-1,0.000000,0.000000,0.000000,0.000000,83,2101,25000,0.000000,0.000000,0.000000,0.000000,0.000000,0,0,0.000000,0.000000,0,0,-1,0,,5066
1788459111.651699,3.125468,rx,-1,0.000000,0.000000,0.000000,0.000000,84,2125,25008,0.000000,0.000000,0.000000,0.000000,0.000000,0,0,0.000000,0.000000,0,0,-1,0,,5066
1788459111.651735,3.125510,tx,-1,0.000000,0.000000,0.000000,0.000000,,,,,,,,,,,,,,,,,aa5501090000000000000000004829,5210
1788459111.664681,3.138451,rx,-1,0.000000,0.000000,0.000000,0.000000,85,2151,24976,0.000000,0.000000,0.000000,0.000000,0.000000,0,0,0.000000,0.000000,0,0,-1,0,,5210
1788459111.664756,3.138530,rx,-1,0.000000,0.000000,0.000000,0.000000,86,2176,25012,0.000000,0.000000,0.000000,0.000000,0.000000,0,0,0.000000,0.000000,0,0,-1,0,,5210
1788459111.664775,3.138549,tx,-1,0.000000,0.000000,0.000000,0.000000,,,,,,,,,,,,,,,,,aa5501090000000000000000004829,5418
1788459111.718158,3.191930,rx,-1,0.000000,0.000000,0.000000,0.000000,87,2200,24984,0.000000,0.000000,0.000000,0.000000,0.000000,0,0,0.000000,0.000000,0,0,-1,0,,5418
1788459111.748924,3.222694,rx,-1,0.000000,0.000000,0.000000,0.000000,88,2226,25016,0.000000,0.000000,0.000000,0.000000,0.000000,0,0,0.000000,0.000000,0,0,-1,0,,5418
1788459111.749010,3.222785,rx,-1,0.000000,0.000000,0.000000,0.000000,89,2250,24980,0.000000,0.000000,0.000000,0.000000,0.000000,0,0,0.000000,0.000000,0,0,-1,0,,5418
1788459111.749025,3.222800,tx,-1,0.000000,0.000000,0.000000,0.000000,,,,,,,,,,,,,,,,,aa5501090000000000000000004829,5570
1788459111.768733,3.242501,rx,-1,0.000000,0.000000,0.000000,0.000000,90,2276,25036,0.000000,0.000000,0.000000,0.000000,0.000000,0,0,0.000000,0.000000,0,0,-1,0,,5570
1788459111.768824,3.242597,rx,-1,0.000000,0.000000,0.000000,0.000000,91,2300,24988,0.000000,0.000000,0.000000,0.000000,0.000000,0,0,0.000000,0.000000,0,0,-1,0,,5570
1788459111.768848,3.242623,tx,-1,0.000000,0.000000,0.000000,0.000000,,,,,,,,,,,,,,,,,aa5501090000000000000000004829,5714
1788459111.821819,3.295592,rx,-1,0.000000,0.000000,0.000000,0.000000,92,2325,25012,0.000000,0.000000,0.000000,0.000000,0.000000,0,0,0.000000,0.000000,0,0,-1,0,,5714
1788459111.859511,3.333281,rx,-1,0.000000,0.000000,0.000000,0.000000,93,2351,24980,0.000000,0.000000,0.000000,0.000000,0.000000,0,0,0.000000,0.000000,0,0,-1,0,,5714
1788459111.859562,3.333337,tx,-1,0.000000,0.000000,0.000000,0.000000,,,,,,,,,,,,,,,,,aa5501090000000000000000004829,5858
1788459111.873445,3.347216,rx,-1,0.000000,0.000000,0.000000,0.000000,94,2375,25008,0.000000,0.000000,0.000000,0.000000,0.000000,0,0,0.000000,0.000000,0,0,-1,0,,5858
1788459111.873514,3.347288,rx,-1,0.000000,0.000000,0.000000,0.000000,95,2401,24996,0.000000,0.000000,0.000000,0.000000,0.000000,0,0,0.000000,0.000000,0,0,-1,0,,5858
1788459111.873525,3.347300,tx,-1,0.000000,0.000000,0.000000,0.000000,,,,,,,,,,,,,,,,,aa5501090000000000000000004829,6002
1788459111.925906,3.399676,rx,-1,0.000000,0.000000,0.000000,0.000000,96,2425,25004,0.000000,0.000000,0.000000,0.000000,0.000000,0,0,0.000000,0.000000,0,0,-1,0,,6002
1788459111.957049,3.430820,rx,-1,0.000000,0.000000,0.000000,0.000000,97,2450,24980,0.000000,0.000000,0.000000,0.000000,0.000000,0,0,0.000000,0.000000,0,0,-1,0,,6002
1788459111.957088,3.430863,tx,-1,0.000000,0.000000,0.000000,0.000000,,,,,,,,,,,,,,,,,aa5501090000000000000000004829,6146
1788459111.976578,3.450348,rx,-1,0.000000,0.000000,0.000000,0.000000,98,2476,25016,0.000000,0.000000,0.000000,0.000000,0.000000,0,0,0.000000,0.000000,0,0,-1,0,,6146
1788459111.976656,3.450430,rx,-1,0.000000,0.000000,0.000000,0.000000,99,2500,24984,0.000000,0.000000,0.000000,0.000000,0.000000,0,0,0.000000,0.000000,0,0,-1,0,,6146
1788459111.976681,3.450456,tx,-1,0.000000,0.000000,0.000000,0.000000,,,,,,,,,,,,,,,,,aa5501090000000000000000004829,6290
1788459112.028213,3.501976,rx,-1,0.000000,0.000000,0.000000,0.000000,100,2526,25024,0.000000,0.000000,0.000000,0.000000,0.000000,0,0,0.000000,0.000000,0,0,-1,0,,6290
1788459112.063871,3.537640,rx,-1,0.000000,0.000000,0.000000,0.000000,101,2550,24980,0.000000,0.000000,0.000000,0.000000,0.000000,0,0,0.000000,0.000000,0,0,-1,0,,6290
1788459112.063920,3.537695,tx,-1,0.000000,0.000000,0.000000,0.000000,,,,,,,,,,,,,,,,,aa5501090000000000000000004829,6434
1788459112.082882,3.556651,rx,-1,0.000000,0.000000,0.000000,0.000000,102,2576,24992,0.000000,0.000000,0.000000,0.000000,0.000000,0,0,0.000000,0.000000,0,0,-1,0,,6434
1788459112.082964,3.556738,rx,-1,0.000000,0.000000,0.000000,0.000000,103,2600,25028,0.000000,0.000000,0.000000,0.000000,0.000000,0,0,0.000000,0.000000,0,0,-1,0,,6434
1788459112.082979,3.556754,tx,-1,0.000000,0.000000,0.000000,0.000000,,,,,,,,,,,,,,,,,aa5501090000000000000000004829,6578
1788459112.135835,3.609607,rx,-1,0.000000,0.000000,0.000000,0.000000,104,2625,24968,0.000000,0.000000,0.000000,0.000000,0.000000,0,0,0.000000,0.000000,0,0,-1,0,,6578
1788459112.167272,3.641043,rx,-1,0.000000,0.000000,0.000000,0.000000,105,2651,25036,0.000000,0.000000,0.000000,0.000000,0.000000,0,0,0.000000,0.000000,0,0,-1,0,,6578
1788459112.167308,3.641083,tx,-1,0.000000,0.000000,0.000000,0.000000,,,,,,,,,,,,,,,,,aa5501090000000000000000004829,6722
1788459112.186864,3.660634,rx,-1,0.000000,0.000000,0.000000,0.000000,106,2675,24960,0.000000,0.000000,0.000000,0.000000,0.000000,0,0,0.000000,0.000000,0,0,-1,0,,6722
1788459112.186943,3.660716,rx,-1,0.000000,0.000000,0.000000,0.000000,107,2701,25040,0.000000,0.000000,0.000000,0.000000,0.000000,0,0,0.000000,0.000000,0,0,-1,0,,6722
1788459112.186968,3.660742,tx,-1,0.000000,0.000000,0.000000,0.000000,,,,,,,,,,,,,,,,,aa5501090000000000000000004829,6866
1788459112.238778,3.712546,rx,-1,0.000000,0.000000,0.000000,0.000000,108,2725,24964,0.000000,0.000000,0.000000,0.000000,0.000000,0,0,0.000000,0.000000,0,0,-1,0,,6866
1788459112.275115,3.748886,rx,-1,0.000000,0.000000,0.000000,0.000000,109,2750,25028,0.000000,0.000000,0.000000,0.000000,0.000000,0,0,0.000000,0.000000,0,0,-1,0,,6866
1788459112.275150,3.748925,tx,-1,0.000000,0.000000,0.000000,0.000000,,,,,,,,,,,,,,,,,aa5501090000000000000000004829,7010
1788459112.288968,3.762739,rx,-1,0.000000,0.000000,0.000000,0.000000,110,2776,25008,0.000000,0.000000,0.000000,0.000000,0.000000,0,0,0.000000,0.000000,0,0,-1,0,,7010
1788459112.289041,3.762815,rx,-1,0.000000,0.000000,0.000000,0.000000,111,2800,24984,0.000000,0.000000,0.000000,0.000000,0.000000,0,0,0.000000,0.000000,0,0,-1,0,,7010
1788459112.289052,3.762827,tx,-1,0.000000,0.000000,0.000000,0.000000,,,,,,,,,,,,,,,,,aa5501090000000000000000004829,7154
1788459112.341673,3.815443,rx,-1,0.000000,0.000000,0.000000,0.000000,112,2826,25016,0.000000,0.000000,0.000000,0.000000,0.000000,0,0,0.000000,0.000000,0,0,-1,0,,7154
1788459112.371602,3.845371,rx,-1,0.000000,0.000000,0.000000,0.000000,113,2850,24988,0.000000,0.000000,0.000000,0.000000,0.000000,0,0,0.000000,0.000000,0,0,-1,0,,7154
1788459112.371649,3.845424,tx,-1,0.000000,0.000000,0.000000,0.000000,,,,,,,,,,,,,,,,,aa5501090000000000000000004829,7298
1788459112.396273,3.870043,rx,-1,0.000000,0.000000,0.000000,0.000000,114,2876,24980,0.000000,0.000000,0.000000,0.000000,0.000000,0,0,0.000000,0.000000,0,0,-1,0,,7298
1788459112.396347,3.870121,rx,-1,0.000000,0.000000,0.000000,0.000000,115,2900,25040,0.000000,0.000000,0.000000,0.000000,0.000000,0,0,0.000000,0.000000,0,0,-1,0,,7298
1788459112.396361,3.870136,tx,-1,0.000000,0.000000,0.000000,0.000000,,,,,,,,,,,,,,,,,aa5501090000000000000000004829,7474
1788459112.448982,3.922754,rx,-1,0.000000,0.000000,0.000000,0.000000,116,2925,24960,0.000000,0.000000,0.000000,0.000000,0.000000,0,0,0.000000,0.000000,0,0,-1,0,,7474
1788459112.485004,3.958771,rx,-1,0.000000,0.000000,0.000000,0.000000,117,2951,25036,0.000000,0.000000,0.000000,0.000000,0.000000,0,0,0.000000,0.000000,0,0,-1,0,,7474
1788459112.485074,3.958848,tx,-1,0.000000,0.000000,0.000000,0.000000,,,,,,,,,,,,,,,,,aa5501090000000000000000004829,7650
1788459112.504592,3.978361,rx,-1,0.000000,0.000000,0.000000,0.000000,118,2975,24960,0.000000,0.000000,0.000000,0.000000,0.000000,0,0,0.000000,0.000000,0,0,-1,0,,7650
1788459112.504670,3.978444,rx,-1,0.000000,0.000000,0.000000,0.000000,119,3001,24996,0.000000,0.000000,0.000000,0.000000,0.000000,0,0,0.000000,0.000000,0,0,-1,0,,7650
1788459112.504744,3.978518,rx,-1,0.000000,0.000000,0.000000,0.000000,120,3025,25008,0.000000,0.000000,0.000000,0.000000,0.000000,0,0,0.000000,0.000000,0,0,-1,0,,7650
1788459112.504754,3.978528,tx,-1,0.000000,0.000000,0.000000,0.000000,,,,,,,,,,,,,,,,,aa5501090000000000000000004829,7857
1788459112.556353,4.030120,rx,-1,0.000000,0.000000,0.000000,0.000000,121,3050,24992,0.000000,0.000000,0.000000,0.000000,0.000000,0,0,0.000000,0.000000,0,0,-1,0,,7857
1788459112.601762,4.075529,rx,-1,0.000000,0.000000,0.000000,0.000000,122,3076,25040,0.000000,0.000000,0.000000,0.000000,0.000000,0,0,0.000000,0.000000,0,0,-1,0,,7857
1788459112.601813,4.075587,tx,-1,0.000000,0.000000,0.000000,0.000000,,,,,,,,,,,,,,,,,aa5501090000000000000000004829,8001
1788459112.610349,4.084101,rx,-1,0.000000,0.000000,0.000000,0.000000,123,3100,25000,0.000000,0.000000,0.000000,0.000000,0.000000,0,0,0.000000,0.000000,0,0,-1,0,,8001
1788459112.610448,4.084221,rx,-1,0.000000,0.000000,0.000000,0.000000,124,3126,25000,0.000000,0.000000,0.000000,0.000000,0.000000,0,0,0.000000,0.000000,0,0,-1,0,,8001
1788459112.610463,4.084238,tx,-1,0.000000,0.000000,0.000000,0.000000,,,,,,,,,,,,,,,,,aa5501090000000000000000004829,8145
1788459112.664239,4.138009,rx,-1,0.000000,0.000000,0.000000,0.000000,125,3150,25004,0.000000,0.000000,0.000000,0.000000,0.000000,0,0,0.000000,0.000000,0,0,-1,0,,8145
1788459112.698124,4.171892,rx,-1,0.000000,0.000000,0.000000,0.000000,126,3176,24976,0.000000,0.000000,0.000000,0.000000,0.000000,0,0,0.000000,0.000000,0,0,-1,0,,8145
1788459112.698163,4.171937,tx,-1,0.000000,0.000000,0.000000,0.000000,,,,,,,,,,,,,,,,,aa5501090000000000000000004829,8289
1788459112.717657,4.191428,rx,-1,0.000000,0.000000,0.000000,0.000000,127,3201,24988,0.000000,0.000000,0.000000,0.000000,0.000000,0,0,0.000000,0.000000,0,0,-1,0,,8289
1788459112.717725,4.191499,rx,-1,0.000000,0.000000,0.000000,0.000000,128,3225,25012,0.000000,0.000000,0.000000,0.000000,0.000000,0,0,0.000000,0.000000,0,0,-1,0,,8289
1788459112.717738,4.191512,tx,-1,0.000000,0.000000,0.000000,0.000000,,,,,,,,,,,,,,,,,aa5501090000000000000000004829,8433
1788459112.769897,4.243667,rx,-1,0.000000,0.000000,0.000000,0.000000,129,3251,24988,0.000000,0.000000,0.000000,0.000000,0.000000,0,0,0.000000,0.000000,0,0,-1,0,,8433
1788459112.804070,4.277840,rx,-1,0.000000,0.000000,0.000000,0.000000,130,3275,25008,0.000000,0.000000,0.000000,0.000000,0.000000,0,0,0.000000,0.000000,0,0,-1,0,,8433
1788459112.804107,4.277882,tx,-1,0.000000,0.000000,0.000000,0.000000,,,,,,,,,,,,,,,,,aa5501090000000000000000004829,8577
1788459112.823703,4.297474,rx,-1,0.000000,0.000000,0.000000,0.000000,131,3301,24988,0.000000,0.000000,0.000000,0.000000,0.000000,0,0,0.000000,0.000000,0,0,-1,0,,8577
1788459112.823779,4.297552,rx,-1,0.000000,0.000000,0.000000,0.000000,132,3325,25008,0.000000,0.000000,0.000000,0.000000,0.000000,0,0,0.000000,0.000000,0,0,-1,0,,8577
1788459112.823790,4.297564,tx,-1,0.000000,0.000000,0.000000,0.000000,,,,,,,,,,,,,,,,,aa5501090000000000000000004829,8721
1788459112.877129,4.350898,rx,-1,0.000000,0.000000,0.000000,0.000000,133,3350,25020,0.000000,0.000000,0.000000,0.000000,0.000000,0,0,0.000000,0.000000,0,0,-1,0,,8721
1788459113.005550,4.479318,rx,-1,0.000000,0.000000,0.000000,0.000000,134,3376,25000,0.000000,0.000000,0.000000,0.000000,0.000000,0,0,0.000000,0.000000,0,0,-1,0,,8721
1788459113.059875,4.533647,tx,-1,0.000000,0.000000,0.000000,0.000000,,,,,,,,,,,,,,,,,aa5501090000000000000000004829,8897
1788459113.067583,4.541351,rx,-1,0.000000,0.000000,0.000000,0.000000,135,3400,25000,0.000000,0.000000,0.000000,0.000000,0.000000,0,0,0.000000,0.000000,0,0,-1,0,,8897
1788459113.067679,4.541452,rx,-1,0.000000,0.000000,0.000000,0.000000,136,3426,25008,0.000000,0.000000,0.000000,0.000000,0.000000,0,0,0.000000,0.000000,0,0,-1,0,,8897
1788459113.067728,4.541501,rx,-1,0.000000,0.000000,0.000000,0.000000,137,3450,24992,0.000000,0.000000,0.000000,0.000000,0.000000,0,0,0.000000,0.000000,0,0,-1,0,,8897
1788459113.067773,4.541546,rx,-1,0.000000,0.000000,0.000000,0.000000,138,3475,24980,0.000000,0.000000,0.000000,0.000000,0.000000,0,0,0.000000,0.000000,0,0,-1,0,,8897
1788459113.067817,4.541591,rx,-1,0.000000,0.000000,0.000000,0.000000,139,3501,25020,0.000000,0.000000,0.000000,0.000000,0.000000,0,0,0.000000,0.000000,0,0,-1,0,,8897
1788459113.067861,4.541635,rx,-1,0.000000,0.000000,0.000000,0.000000,140,3525,25012,0.000000,0.000000,0.000000,0.000000,0.000000,0,0,0.000000,0.000000,0,0,-1,0,,8897
1788459113.067905,4.541678,rx,-1,0.000000,0.000000,0.000000,0.000000,141,3551,24980,0.000000,0.000000,0.000000,0.000000,0.000000,0,0,0.000000,0.000000,0,0,-1,0,,8897
1788459113.067947,4.541721,rx,-1,0.000000,0.000000,0.000000,0.000000,142,3575,25008,0.000000,0.000000,0.000000,0.000000,0.000000,0,0,0.000000,0.000000,0,0,-1,0,,8897
1788459113.067956,4.541730,tx,-1,0.000000,0.000000,0.000000,0.000000,,,,,,,,,,,,,,,,,aa5501090000000000000000004829,9441
1788459113.120032,4.593798,rx,-1,0.000000,0.000000,0.000000,0.000000,143,3601,24988,0.000000,0.000000,0.000000,0.000000,0.000000,0,0,0.000000,0.000000,0,0,-1,0,,9441
1788459113.211745,4.685512,rx,-1,0.000000,0.000000,0.000000,0.000000,144,3625,25008,0.000000,0.000000,0.000000,0.000000,0.000000,0,0,0.000000,0.000000,0,0,-1,0,,9441
1788459113.212243,4.686016,tx,-1,0.000000,0.000000,0.000000,0.000000,,,,,,,,,,,,,,,,,aa5501090000000000000000004829,9585
1788459113.220263,4.694030,rx,-1,0.000000,0.000000,0.000000,0.000000,145,3650,24988,0.000000,0.000000,0.000000,0.000000,0.000000,0,0,0.000000,0.000000,0,0,-1,0,,9585
1788459113.252999,4.726767,rx,-1,0.000000,0.000000,0.000000,0.000000,146,3676,24984,0.000000,0.000000,0.000000,0.000000,0.000000,0,0,0.000000,0.000000,0,0,-1,0,,9585
1788459113.253071,4.726844,rx,-1,0.000000,0.000000,0.000000,0.000000,147,3700,25004,0.000000,0.000000,0.000000,0.000000,0.000000,0,0,0.000000,0.000000,0,0,-1,0,,9585
1788459113.253114,4.726887,rx,-1,0.000000,0.000000,0.000000,0.000000,148,3726,25036,0.000000,0.000000,0.000000,0.000000,0.000000,0,0,0.000000,0.000000,0,0,-1,0,,9585
1788459113.253123,4.726897,tx,-1,0.000000,0.000000,0.000000,0.000000,,,,,,,,,,,,,,,,,aa5501090000000000000000004829,9873
1788459113.272239,4.746009,rx,-1,0.000000,0.000000,0.000000,0.000000,149,3750,24968,0.000000,0.000000,0.000000,0.000000,0.000000,0,0,0.000000,0.000000,0,0,-1,0,,9873
1788459113.272319,4.746092,rx,-1,0.000000,0.000000,0.000000,0.000000,150,3775,25028,0.000000,0.000000,0.000000,0.000000,0.000000,0,0,0.000000,0.000000,0,0,-1,0,,9873
1788459113.272355,4.746129,tx,-1,0.000000,0.000000,0.000000,0.000000,,,,,,,,,,,,,,,,,aa5501090000000000000000004829,10017
1788459113.324425,4.798196,rx,-1,0.000000,0.000000,0.000000,0.000000,151,3801,24984,0.000000,0.000000,0.000000,0.000000,0.000000,0,0,0.000000,0.000000,0,0,-1,0,,10017
1788459113.359851,4.833620,rx,-1,0.000000,0.000000,0.000000,0.000000,152,3825,25012,0.000000,0.000000,0.000000,0.000000,0.000000,0,0,0.000000,0.000000,0,0,-1,0,,10017
1788459113.359896,4.833670,tx,-1,0.000000,0.000000,0.000000,0.000000,,,,,,,,,,,,,,,,,aa5501090000000000000000004829,10161
1788459113.379485,4.853254,rx,-1,0.000000,0.000000,0.000000,0.000000,153,3851,25016,0.000000,0.000000,0.000000,0.000000,0.000000,0,0,0.000000,0.000000,0,0,-1,0,,10161
1788459113.379562,4.853335,rx,-1,0.000000,0.000000,0.000000,0.000000,154,3875,24984,0.000000,0.000000,0.000000,0.000000,0.000000,0,0,0.000000,0.000000,0,0,-1,0,,10161
1788459113.379573,4.853347,tx,-1,0.000000,0.000000,0.000000,0.000000,,,,,,,,,,,,,,,,,aa5501090000000000000000004829,10305
1788459113.432947,4.906716,rx,-1,0.000000,0.000000,0.000000,0.000000,155,3901,24972,0.000000,0.000000,0.000000,0.000000,0.000000,0,0,0.000000,0.000000,0,0,-1,0,,10305
1788459113.474468,4.948236,rx,-1,0.000000,0.000000,0.000000,0.000000,156,3926,25032,0.000000,0.000000,0.000000,0.000000,0.000000,0,0,0.000000,0.000000,0,0,-1,0,,10305
1788459113.474515,4.948288,tx,-1,0.000000,0.000000,0.000000,0.000000,,,,,,,,,,,,,,,,,aa5501090000000000000000004829,10481
1788459113.487950,4.961718,rx,-1,0.000000,0.000000,0.000000,0.000000,157,3950,24984,0.000000,0.000000,0.000000,0.000000,0.000000,0,0,0.000000,0.000000,0,0,-1,0,,10481
1788459113.488027,4.961800,rx,-1,0.000000,0.000000,0.000000,0.000000,158,3976,24988,0.000000,0.000000,0.000000,0.000000,0.000000,0,0,0.000000,0.000000,0,0,-1,0,,10481
1788459113.488077,4.961850,rx,-1,0.000000,0.000000,0.000000,0.000000,159,4000,24996,0.000000,0.000000,0.000000,0.000000,0.000000,0,0,0.000000,0.000000,0,0,-1,0,,10481
1788459113.488091,4.961865,tx,-1,0.000000,0.000000,0.000000,0.000000,,,,,,,,,,,,,,,,,aa5501090000000000000000004829,10689
1788459113.541166,5.014935,rx,-1,0.000000,0.000000,0.000000,0.000000,160,4026,25008,0.000000,0.000000,0.000000,0.000000,0.000000,0,0,0.000000,0.000000,0,0,-1,0,,10689
1788459113.573802,5.047570,rx,-1,0.000000,0.000000,0.000000,0.000000,161,4050,25008,0.000000,0.000000,0.000000,0.000000,0.000000,0,0,0.000000,0.000000,0,0,-1,0,,10689
1788459113.573837,5.047611,tx,-1,0.000000,0.000000,0.000000,0.000000,,,,,,,,,,,,,,,,,aa5501090000000000000000004829,10864
1788459113.593003,5.066774,rx,-1,0.000000,0.000000,0.000000,0.000000,162,4075,24992,0.000000,0.000000,0.000000,0.000000,0.000000,0,0,0.000000,0.000000,0,0,-1,0,,10864
1788459113.593080,5.066852,rx,-1,0.000000,0.000000,0.000000,0.000000,163,4101,25016,0.000000,0.000000,0.000000,0.000000,0.000000,0,0,0.000000,0.000000,0,0,-1,0,,10864
1788459113.593095,5.066869,tx,-1,0.000000,0.000000,0.000000,0.000000,,,,,,,,,,,,,,,,,aa5501090000000000000000004829,11008
1788459113.646007,5.119777,rx,-1,0.000000,0.000000,0.000000,0.000000,164,4125,24980,0.000000,0.000000,0.000000,0.000000,0.000000,0,0,0.000000,0.000000,0,0,-1,0,,11008
1788459113.677838,5.151607,rx,-1,0.000000,0.000000,0.000000,0.000000,165,4151,25000,0.000000,0.000000,0.000000,0.000000,0.000000,0,0,0.000000,0.000000,0,0,-1,0,,11008
1788459113.677876,5.151649,tx,-1,0.000000,0.000000,0.000000,0.000000,,,,,,,,,,,,,,,,,aa5501090000000000000000004829,11152
1788459113.696963,5.170733,rx,-1,0.000000,0.000000,0.000000,0.000000,166,4175,24996,0.000000,0.000000,0.000000,0.000000,0.000000,0,0,0.000000,0.000000,0,0,-1,0,,11152
1788459113.697035,5.170808,rx,-1,0.000000,0.000000,0.000000,0.000000,167,4200,25020,0.000000,0.000000,0.000000,0.000000,0.000000,0,0,0.000000,0.000000,0,0,-1,0,,11152
1788459113.697048,5.170822,tx,-1,0.000000,0.000000,0.000000,0.000000,,,,,,,,,,,,,,,,,aa5501090000000000000000004829,11296
1788459113.742518,5.216290,key,119,0.300000,0.000000,0.300000,0.300000,,,,,,,,,,,,,,,,,aa5501099a99993e0000000000c1ab,11296
1788459113.750378,5.224148,rx,-1,0.300000,0.000000,0.300000,0.300000,168,4226,24988,0.000000,0.000000,0.000000,0.000000,0.000000,0,0,0.000000,0.000000,0,0,-1,0,,11296
1788459113.792441,5.266204,rx,-1,0.300000,0.000000,0.300000,0.300000,169,4250,25012,0.000000,0.000000,0.000000,0.000000,0.000000,0,0,0.000000,0.000000,0,0,-1,0,,11296
1788459113.792524,5.266297,tx,-1,0.300000,0.000000,0.300000,0.300000,,,,,,,,,,,,,,,,,aa5501099a99993e0000000000c1ab,11440
1788459113.800459,5.274226,rx,-1,0.300000,0.000000,0.300000,0.300000,170,4276,24996,0.000000,0.000000,0.000000,0.000000,0.000000,0,0,0.000000,0.000000,171,162,-1,0,,11440
1788459113.800544,5.274316,rx,-1,0.300000,0.000000,0.300000,0.300000,171,4300,24996,0.109396,-0.074801,0.002734,-0.000003,-0.001870,16,14,0.773818,0.677091,135,134,-1,0,,11440
1788459113.800557,5.274330,tx,-1,0.300000,0.000000,0.300000,0.300000,,,,,,,,,,,,,,,,,aa5501099a99993e0000000000c1ab,11584
1788459113.853916,5.327686,rx,-1,0.300000,0.000000,0.300000,0.300000,172,4326,25004,0.277048,-0.149553,0.009662,-0.000028,-0.005609,40,36,1.933927,1.740534,72,81,-1,0,,11584
1788459113.892230,5.365996,rx,-1,0.300000,0.000000,0.300000,0.300000,173,4350,24996,0.342774,-0.074801,0.018230,-0.000085,-0.007479,48,46,2.321455,2.224727,50,56,-1,0,,11584
1788459113.892291,5.366064,tx,-1,0.300000,0.000000,0.300000,0.300000,,,,,,,,,,,,,,,,,aa5501099a99993e0000000000c1ab,11728
1788459113.906114,5.379884,rx,-1,0.300000,0.000000,0.300000,0.300000,174,4376,24984,0.310104,0.037418,0.025977,-0.000139,-0.006544,42,43,2.032248,2.080636,66,63,-1,0,,11728
1788459113.906176,5.379949,rx,-1,0.300000,0.000000,0.300000,0.300000,175,4401,25012,0.273315,0.037376,0.032813,-0.000180,-0.005609,37,38,1.788310,1.836643,80,76,-1,0,,11728
1788459113.906186,5.379960,tx,-1,0.300000,0.000000,0.300000,0.300000,,,,,,,,,,,,,,,,,aa5501099a99993e0000000000c1ab,11872
1788459113.959816,5.433586,rx,-1,0.300000,0.000000,0.300000,0.300000,176,4426,25020,0.273228,-0.037364,0.039649,-0.000222,-0.006544,38,37,1.836056,1.787738,78,79,-1,0,,11872
1788459114.002459,5.476223,rx,-1,0.300000,0.000000,0.300000,0.300000,177,4451,24980,0.291910,-0.074849,0.046941,-0.000276,-0.008414,41,39,1.984179,1.887390,70,74,-1,0,,11872
1788459114.002526,5.476298,tx,-1,0.300000,0.000000,0.300000,0.300000,,,,,,,,,,,,,,,,,aa5501099a99993e0000000000c1ab,12016
1788459114.010480,5.484244,rx,-1,0.300000,0.000000,0.300000,0.300000,178,4475,24992,0.295416,0.037406,0.054324,-0.000335,-0.007479,40,41,1.934855,1.983227,73,70,-1,0,,12016
1788459114.010569,5.484341,rx,-1,0.300000,0.000000,0.300000,0.300000,179,4501,25036,0.294897,0.037341,0.061706,-0.000387,-0.006544,40,41,1.931455,1.979741,73,70,-1,0,,12016
1788459114.010582,5.484355,tx,-1,0.300000,0.000000,0.300000,0.300000,,,,,,,,,,,,,,,,,aa5501099a99993e0000000000c1ab,12160
1788459114.063526,5.537295,rx,-1,0.300000,0.000000,0.300000,0.300000,180,4526,24968,0.288399,-0.037442,0.068907,-0.000437,-0.007479,40,39,1.936715,1.888297,73,75,-1,0,,12160
1788459114.100331,5.574099,rx,-1,0.300000,0.000000,0.300000,0.300000,181,4551,25024,0.291396,-0.074717,0.076199,-0.000499,-0.009349,41,39,1.980691,1.884071,71,76,-1,0,,12160
1788459114.100374,5.574147,tx,-1,0.300000,0.000000,0.300000,0.300000,,,,,,,,,,,,,,,,,aa5501099a99993e0000000000c1ab,12304
1788459114.114176,5.587942,rx,-1,0.300000,0.000000,0.300000,0.300000,182,4576,25012,0.298824,0.000000,0.083672,-0.000569,-0.009349,41,41,1.981641,1.981641,71,71,-1,0,,12304
1788459114.114267,5.588038,rx,-1,0.300000,0.000000,0.300000,0.300000,183,4600,24960,0.295795,-0.037454,0.091055,-0.000641,-0.010283,41,40,1.985769,1.937336,70,73,-1,0,,12304
1788459114.114280,5.588053,tx,-1,0.300000,0.000000,0.300000,0.300000,,,,,,,,,,,,,,,,,aa5501099a99993e0000000000c1ab,12448
1788459114.167477,5.641246,rx,-1,0.300000,0.000000,0.300000,0.300000,184,4626,25048,0.291117,0.000000,0.098347,-0.000716,-0.010283,40,40,1.930529,1.930529,74,74,-1,0,,12448
1788459114.207091,5.680856,rx,-1,0.300000,0.000000,0.300000,0.300000,185,4651,24988,0.288168,0.037412,0.105547,-0.000787,-0.009349,39,40,1.886786,1.935165,76,74,-1,0,,12448
1788459114.207150,5.680922,tx,-1,0.300000,0.000000,0.300000,0.300000,,,,,,,,,,,,,,,,,aa5501099a99993e0000000000c1ab,12624
1788459114.221113,5.694882,rx,-1,0.300000,0.000000,0.300000,0.300000,186,4676,24996,0.295369,0.037400,0.112930,-0.000852,-0.008414,40,41,1.934546,1.982909,74,71,-1,0,,12624
1788459114.221183,5.694955,rx,-1,0.300000,0.000000,0.300000,0.300000,187,4701,25008,0.302517,0.037383,0.120495,-0.000912,-0.007479,41,42,1.981958,2.030298,71,69,-1,0,,12624
1788459114.221204,5.694977,tx,-1,0.300000,0.000000,0.300000,0.300000,,,,,,,,,,,,,,,,,aa5501099a99993e0000000000c1ab,12800
1788459114.254502,5.728273,key,119,0.300000,0.000000,0.300000,0.300000,,,,,,,,,,,,,,,,,aa5501099a99993e0000000000c1ab,12800
1788459114.274053,5.747816,rx,-1,0.300000,0.000000,0.300000,0.300000,188,4726,24996,0.295369,-0.037400,0.127878,-0.000971,-0.008414,41,40,1.982909,1.934546,71,74,-1,0,,12800
1788459114.326230,5.799993,rx,-1,0.300000,0.000000,0.300000,0.300000,189,4751,25024,0.295039,0.037359,0.135261,-0.001030,-0.007479,40,41,1.932381,1.980691,74,72,-1,0,,12800
1788459114.326331,5.800102,rx,-1,0.300000,0.000000,0.300000,0.300000,190,4775,24992,0.288122,0.112219,0.142461,-0.001074,-0.004674,38,41,1.838112,1.983227,80,71,-1,0,,12800
1788459114.326372,5.800144,tx,-1,0.300000,0.000000,0.300000,0.300000,,,,,,,,,,,,,,,,,aa5501099a99993e0000000000c1ab,12952
1788459114.334557,5.808323,rx,-1,0.300000,0.000000,0.300000,0.300000,191,4801,24976,0.291956,0.000000,0.149753,-0.001108,-0.004674,40,40,1.936095,1.936095,75,74,-1,0,,12952
1788459114.334630,5.808402,rx,-1,0.300000,0.000000,0.300000,0.300000,192,4826,25012,0.298824,0.000000,0.157227,-0.001143,-0.004674,41,41,1.981641,1.981641,73,72,-1,0,,12952
1788459114.334643,5.808416,tx,-1,0.300000,0.000000,0.300000,0.300000,,,,,,,,,,,,,,,,,aa5501099a99993e0000000000c1ab,13096
1788459114.340293,5.814061,key,119,0.300000,0.000000,0.300000,0.300000,,,,,,,,,,,,,,,,,aa5501099a99993e0000000000c1ab,13096
1788459114.388441,5.862210,rx,-1,0.300000,0.000000,0.300000,0.300000,193,4851,24976,0.295606,0.037430,0.164610,-0.001174,-0.003739,40,41,1.936095,1.984497,75,72,-1,0,,13096
1788459114.434077,5.907838,rx,-1,0.300000,0.000000,0.300000,0.300000,194,4876,25008,0.287938,0.037382,0.171811,-0.001197,-0.002805,39,40,1.885277,1.933617,78,75,-1,0,,13096
1788459114.434160,5.907933,tx,-1,0.300000,0.000000,0.300000,0.300000,,,,,,,,,,,,,,,,,aa5501099a99993e0000000000c1ab,13240
1788459114.439927,5.913699,key,119,0.300000,0.000000,0.300000,0.300000,,,,,,,,,,,,,,,,,aa5501099a99993e0000000000c1ab,13240
1788459114.442466,5.916231,rx,-1,0.300000,0.000000,0.300000,0.300000,195,4900,24988,0.291816,-0.074825,0.179103,-0.001224,-0.004674,41,39,1.983544,1.886786,73,77,-1,0,,13240
1788459114.442558,5.916329,rx,-1,0.300000,0.000000,0.300000,0.300000,196,4926,25024,0.298681,-0.074717,0.186577,-0.001266,-0.006544,42,40,2.029000,1.932381,70,75,-1,0,,13240
1788459114.442574,5.916347,tx,-1,0.300000,0.000000,0.300000,0.300000,,,,,,,,,,,,,,,,,aa5501099a99993e0000000000c1ab,13384
1788459114.493116,5.966888,key,119,0.300000,0.000000,0.300000,0.300000,,,,,,,,,,,,,,,,,aa5501099a99993e0000000000c1ab,13384
1788459114.495551,5.969321,rx,-1,0.300000,0.000000,0.300000,0.300000,197,4951,24992,0.299064,0.000000,0.194051,-0.001315,-0.006544,41,41,1.983227,1.983227,73,73,-1,0,,13384
1788459114.529650,6.003413,rx,-1,0.300000,0.000000,0.300000,0.300000,198,4976,24984,0.299159,0.074837,0.201525,-0.001357,-0.004674,40,42,1.935475,2.032248,76,70,-1,0,,13384
1788459114.529737,6.003510,tx,-1,0.300000,0.000000,0.300000,0.300000,,,,,,,,,,,,,,,,,aa5501099a99993e0000000000c1ab,13560
1788459114.549270,6.023040,rx,-1,0.300000,0.000000,0.300000,0.300000,199,5001,25008,0.291583,0.000000,0.208817,-0.001391,-0.004674,40,40,1.933617,1.933617,76,75,-1,0,,13560
1788459114.549368,6.023140,rx,-1,0.300000,0.000000,0.300000,0.300000,200,5026,25016,0.280559,0.037370,0.215835,-0.001421,-0.003739,38,39,1.836349,1.884674,82,78,-1,0,,13560
1788459114.549385,6.023157,tx,-1,0.300000,0.000000,0.300000,0.300000,,,,,,,,,,,,,,,,,aa5501099a99993e0000000000c1ab,13791
1788459114.577168,6.050939,key,119,0.300000,0.000000,0.300000,0.300000,,,,,,,,,,,,,,,,,aa5501099a99993e0000000000c1ab,13791
1788459114.602096,6.075865,rx,-1,0.300000,0.000000,0.300000,0.300000,201,5051,25024,0.302324,-0.112075,0.223400,-0.001460,-0.006544,43,40,2.077310,1.932381,69,76,-1,0,,13791
1788459114.643154,6.116920,rx,-1,0.300000,0.000000,0.300000,0.300000,202,5075,24976,0.299255,-0.074861,0.230874,-0.001516,-0.008414,42,40,2.032900,1.936095,71,76,-1,0,,13791
1788459114.643240,6.117012,rx,-1,0.300000,0.000000,0.300000,0.300000,203,5101,24980,0.295558,0.037424,0.238257,-0.001574,-0.007479,40,41,1.935785,1.984179,76,74,-1,0,,13791
1788459114.643252,6.117025,tx,-1,0.300000,0.000000,0.300000,0.300000,,,,,,,,,,,,,,,,,aa5501099a99993e0000000000c1ab,13943
1788459114.657173,6.130939,rx,-1,0.300000,0.000000,0.300000,0.300000,204,5126,25016,0.295133,0.112111,0.245640,-0.001619,-0.004674,39,42,1.884674,2.029649,79,71,-1,0,,13943
1788459114.657257,6.131028,rx,-1,0.300000,0.000000,0.300000,0.300000,205,5151,24964,0.299399,0.000000,0.253114,-0.001654,-0.004674,41,41,1.985451,1.985451,74,74,-1,0,,13943
1788459114.657279,6.131051,tx,-1,0.300000,0.000000,0.300000,0.300000,,,,,,,,,,,,,,,,,aa5501099a99993e0000000000c1ab,14087
1788459114.662993,6.136765,key,119,0.300000,0.000000,0.300000,0.300000,,,,,,,,,,,,,,,,,aa5501099a99993e0000000000c1ab,14087
1788459114.710504,6.184273,rx,-1,0.300000,0.000000,0.300000,0.300000,206,5176,25036,0.298538,-0.074681,0.260588,-0.001696,-0.006544,42,40,2.028028,1.931455,72,76,-1,0,,14087
1788459114.754662,6.228427,rx,-1,0.300000,0.000000,0.300000,0.300000,207,5200,25020,0.302372,0.037364,0.268153,-0.001742,-0.005609,41,42,1.981007,2.029325,74,71,-1,0,,14087
1788459114.754711,6.228483,tx,-1,0.300000,0.000000,0.300000,0.300000,,,,,,,,,,,,,,,,,aa5501099a99993e0000000000c1ab,14231
1788459114.760440,6.234212,key,119,0.300000,0.000000,0.300000,0.300000,,,,,,,,,,,,,,,,,aa5501099a99993e0000000000c1ab,14231
1788459114.762948,6.236717,rx,-1,0.300000,0.000000,0.300000,0.300000,208,5226,24976,0.295606,0.037430,0.275536,-0.001780,-0.004674,40,41,1.936095,1.984497,77,74,-1,0,,14231
1788459114.763012,6.236784,rx,-1,0.300000,0.000000,0.300000,0.300000,209,5251,24992,0.299064,0.000000,0.283011,-0.001815,-0.004674,41,41,1.983227,1.983227,74,74,-1,0,,14231
1788459114.763023,6.236795,tx,-1,0.300000,0.000000,0.300000,0.300000,,,,,,,,,,,,,,,,,aa5501099a99993e0000000000c1ab,14375
1788459114.816020,6.289788,rx,-1,0.300000,0.000000,0.300000,0.300000,210,5276,24988,0.299111,0.000000,0.290485,-0.001850,-0.004674,41,41,1.983544,1.983544,74,74,-1,0,,14375
1788459114.860452,6.334217,rx,-1,0.300000,0.000000,0.300000,0.300000,211,5301,25012,0.298824,0.000000,0.297959,-0.001885,-0.004674,41,41,1.981641,1.981641,74,74,-1,0,,14375
1788459114.860500,6.334272,tx,-1,0.300000,0.000000,0.300000,0.300000,,,,,,,,,,,,,,,,,aa5501099a99993e0000000000c1ab,14519
1788459114.866232,6.340004,key,119,0.300000,0.000000,0.300000,0.300000,,,,,,,,,,,,,,,,,aa5501099a99993e0000000000c1ab,14519
1788459114.868771,6.342533,rx,-1,0.300000,0.000000,0.300000,0.300000,212,5325,24992,0.299064,0.000000,0.305433,-0.001920,-0.004674,41,41,1.983227,1.983227,74,74,-1,0,,14519
1788459114.868884,6.342655,rx,-1,0.300000,0.000000,0.300000,0.300000,213,5351,25012,0.298824,0.000000,0.312907,-0.001955,-0.004674,41,41,1.981641,1.981641,74,74,-1,0,,14519
1788459114.868900,6.342672,tx,-1,0.300000,0.000000,0.300000,0.300000,,,,,,,,,,,,,,,,,aa5501099a99993e0000000000c1ab,14663
1788459114.908896,6.382667,key,119,0.300000,0.000000,0.300000,0.300000,,,,,,,,,,,,,,,,,aa5501099a99993e0000000000c1ab,14663
1788459114.922455,6.396219,rx,-1,0.300000,0.000000,0.300000,0.300000,214,5376,24996,0.299016,0.000000,0.320381,-0.001990,-0.004674,41,41,1.982909,1.982909,74,74,-1,0,,14663
1788459114.963994,6.437760,rx,-1,0.300000,0.000000,0.300000,0.300000,215,5401,24976,0.299255,0.000000,0.327855,-0.002024,-0.004674,41,41,1.984497,1.984497,74,74,-1,0,,14663
1788459114.964042,6.437814,tx,-1,0.300000,0.000000,0.300000,0.300000,,,,,,,,,,,,,,,,,aa5501099a99993e0000000000c1ab,14807
1788459114.977633,6.451399,rx,-1,0.300000,0.000000,0.300000,0.300000,216,5426,25040,0.298490,0.000000,0.335329,-0.002059,-0.004674,41,41,1.979425,1.979425,75,74,-1,0,,14807
1788459114.977719,6.451489,rx,-1,0.300000,0.000000,0.300000,0.300000,217,5451,24976,0.295606,0.037430,0.342712,-0.002090,-0.003739,40,41,1.936095,1.984497,77,74,-1,0,,14807
1788459114.977739,6.451511,tx,-1,0.300000,0.000000,0.300000,0.300000,,,,,,,,,,,,,,,,,aa5501099a99993e0000000000c1ab,15015
1788459114.989188,6.462959,key,119,0.300000,0.000000,0.300000,0.300000,,,,,,,,,,,,,,,,,aa5501099a99993e0000000000c1ab,15015
1788459115.031159,6.504928,rx,-1,0.300000,0.000000,0.300000,0.300000,218,5476,24992,0.299064,0.000000,0.350187,-0.002118,-0.003739,41,41,1.983227,1.983227,75,74,-1,0,,15015
1788459115.072858,6.546625,rx,-1,0.300000,0.000000,0.300000,0.300000,219,5500,25028,0.302275,-0.037352,0.357752,-0.002150,-0.004674,42,41,2.028676,1.980374,72,74,-1,0,,15015
1788459115.072935,6.546706,rx,-1,0.300000,0.000000,0.300000,0.300000,220,5526,24976,0.295606,-0.037430,0.365135,-0.002188,-0.005609,41,40,1.984497,1.936095,74,77,-1,0,,15015
1788459115.072955,6.546727,tx,-1,0.300000,0.000000,0.300000,0.300000,,,,,,,,,,,,,,,,,aa5501099a99993e0000000000c1ab,15167
1788459115.078681,6.552452,key,119,0.300000,0.000000,0.300000,0.300000,,,,,,,,,,,,,,,,,aa5501099a99993e0000000000c1ab,15167
1788459115.086470,6.560235,rx,-1,0.300000,0.000000,0.300000,0.300000,221,5551,25028,0.294992,0.037353,0.372518,-0.002226,-0.004674,40,41,1.932072,1.980374,78,74,-1,0,,15167
1788459115.086560,6.560331,rx,-1,0.300000,0.000000,0.300000,0.300000,222,5576,24960,0.299447,0.000000,0.379992,-0.002261,-0.004674,41,41,1.985769,1.985769,75,74,-1,0,,15167
1788459115.086573,6.560345,tx,-1,0.300000,0.000000,0.300000,0.300000,,,,,,,,,,,,,,,,,aa5501099a99993e0000000000c1ab,15311
1788459115.139678,6.613445,rx,-1,0.300000,0.000000,0.300000,0.300000,223,5601,25024,0.302324,-0.037358,0.387557,-0.002300,-0.005609,42,41,2.029000,1.980691,72,75,-1,0,,15311
1788459115.174509,6.648276,rx,-1,0.300000,0.000000,0.300000,0.300000,224,5625,24996,0.299016,0.000000,0.395031,-0.002342,-0.005609,41,41,1.982909,1.982909,75,74,-1,0,,15311
1788459115.174548,6.648321,tx,-1,0.300000,0.000000,0.300000,0.300000,,,,,,,,,,,,,,,,,aa5501099a99993e0000000000c1ab,15455
1788459115.179847,6.653619,key,119,0.300000,0.000000,0.300000,0.300000,,,,,,,,,,,,,,,,,aa5501099a99993e0000000000c1ab,15455
1788459115.193665,6.667432,rx,-1,0.300000,0.000000,0.300000,0.300000,225,5651,24996,0.299016,0.000000,0.402505,-0.002384,-0.005609,41,41,1.982909,1.982909,75,74,-1,0,,15455
1788459115.193751,6.667522,rx,-1,0.300000,0.000000,0.300000,0.300000,226,5676,25012,0.291536,0.000000,0.409797,-0.002425,-0.005609,40,40,1.933308,1.933308,78,77,-1,0,,15455
1788459115.193764,6.667536,tx,-1,0.300000,0.000000,0.300000,0.300000,,,,,,,,,,,,,,,,,aa5501099a99993e0000000000c1ab,15599
1788459115.243864,6.717635,key,119,0.300000,0.000000,0.300000,0.300000,,,,,,,,,,,,,,,,,aa5501099a99993e0000000000c1ab,15599
1788459115.246349,6.720118,rx,-1,0.300000,0.000000,0.300000,0.300000,227,5701,24988,0.299111,0.000000,0.417271,-0.002467,-0.005609,41,41,1.983544,1.983544,75,75,-1,0,,15599
1788459115.278806,6.752573,rx,-1,0.300000,0.000000,0.300000,0.300000,228,5726,25004,0.302565,-0.037388,0.424836,-0.002513,-0.006544,42,41,2.030623,1.982275,72,75,-1,0,,15599
1788459115.278850,6.752622,tx,-1,0.300000,0.000000,0.300000,0.300000,,,,,,,,,,,,,,,,,aa5501099a99993e0000000000c1ab,15743
1788459115.298387,6.772155,rx,-1,0.300000,0.000000,0.300000,0.300000,229,5750,25008,0.298872,0.000000,0.432310,-0.002562,-0.006544,41,41,1.981958,1.981958,75,75,-1,0,,15743
1788459115.298465,6.772236,rx,-1,0.300000,0.000000,0.300000,0.300000,230,5776,25028,0.298633,0.000000,0.439784,-0.002610,-0.006544,41,41,1.980374,1.980374,75,75,-1,0,,15743
1788459115.298479,6.772251,tx,-1,0.300000,0.000000,0.300000,0.300000,,,,,,,,,,,,,,,,,aa5501099a99993e0000000000c1ab,15887
1788459115.326926,6.800698,key,119,0.300000,0.000000,0.300000,0.300000,,,,,,,,,,,,,,,,,aa5501099a99993e0000000000c1ab,15887
1788459115.352096,6.825864,rx,-1,0.300000,0.000000,0.300000,0.300000,231,5800,24980,0.295558,0.037424,0.447167,-0.002655,-0.005609,40,41,1.935785,1.984179,78,75,-1,0,,15887
1788459115.386890,6.860656,rx,-1,0.300000,0.000000,0.300000,0.300000,232,5826,24980,0.302856,-0.037424,0.454732,-0.002701,-0.006544,42,41,2.032574,1.984179,72,75,-1,0,,15887
1788459115.386940,6.860712,tx,-1,0.300000,0.000000,0.300000,0.300000,,,,,,,,,,,,,,,,,aa5501099a99993e0000000000c1ab,16031
1788459115.406505,6.880273,rx,-1,0.300000,0.000000,0.300000,0.300000,233,5851,25004,0.298920,0.000000,0.462207,-0.002750,-0.006544,41,41,1.982275,1.982275,75,75,-1,0,,16031
1788459115.406582,6.880353,rx,-1,0.300000,0.000000,0.300000,0.300000,234,5876,24992,0.299064,0.000000,0.469681,-0.002799,-0.006544,41,41,1.983227,1.983227,75,75,-1,0,,16031
1788459115.406597,6.880369,tx,-1,0.300000,0.000000,0.300000,0.300000,,,,,,,,,,,,,,,,,aa5501099a99993e0000000000c1ab,16207
1788459115.412292,6.886064,key,119,0.300000,0.000000,0.300000,0.300000,,,,,,,,,,,,,,,,,aa5501099a99993e0000000000c1ab,16207
1788459115.460273,6.934041,rx,-1,0.300000,0.000000,0.300000,0.300000,235,5901,24996,0.295369,0.037400,0.477063,-0.002844,-0.005609,40,41,1.934546,1.982909,78,75,-1,0,,16207
1788459115.499119,6.972884,rx,-1,0.300000,0.000000,0.300000,0.300000,236,5925,25024,0.302324,-0.037358,0.484629,-0.002890,-0.006544,42,41,2.029000,1.980691,73,75,-1,0,,16207
1788459115.499170,6.972942,tx,-1,0.300000,0.000000,0.300000,0.300000,,,,,,,,,,,,,,,,,aa5501099a99993e0000000000c1ab,16383
1788459115.504958,6.978730,key,119,0.300000,0.000000,0.300000,0.300000,,,,,,,,,,,,,,,,,aa5501099a99993e0000000000c1ab,16383
1788459115.513072,6.986838,rx,-1,0.300000,0.000000,0.300000,0.300000,237,5951,25000,0.298968,0.000000,0.492103,-0.002939,-0.006544,41,41,1.982592,1.982592,75,75,-1,0,,16383
1788459115.513147,6.986918,rx,-1,0.300000,0.000000,0.300000,0.300000,238,5976,24996,0.299016,0.000000,0.499577,-0.002988,-0.006544,41,41,1.982909,1.982909,75,75,-1,0,,16383
1788459115.513195,6.986966,rx,-1,0.300000,0.000000,0.300000,0.300000,239,6001,24984,0.295511,0.037418,0.506960,-0.003033,-0.005609,40,41,1.935475,1.983862,78,75,-1,0,,16383
1788459115.513206,6.986978,tx,-1,0.300000,0.000000,0.300000,0.300000,,,,,,,,,,,,,,,,,aa5501099a99993e0000000000c1ab,16559
1788459115.565574,7.039341,rx,-1,0.300000,0.000000,0.300000,0.300000,240,6026,25048,0.280200,0.037323,0.513978,-0.003069,-0.004674,38,39,1.834003,1.882266,84,81,-1,0,,16559
1788459115.607148,7.080914,rx,-1,0.300000,0.000000,0.300000,0.300000,241,6051,24968,0.310303,0.037442,0.521726,-0.003101,-0.003739,42,43,2.033551,2.081969,73,70,-1,0,,16559
1788459115.607197,7.080969,tx,-1,0.300000,0.000000,0.300000,0.300000,,,,,,,,,,,,,,,,,aa5501099a99993e0000000000c1ab,16734
1788459115.612951,7.086722,key,119,0.300000,0.000000,0.300000,0.300000,,,,,,,,,,,,,,,,,aa5501099a99993e0000000000c1ab,16734
1788459115.620937,7.094704,rx,-1,0.300000,0.000000,0.300000,0.300000,242,6076,25012,0.324334,-0.037376,0.529838,-0.003135,-0.004674,45,44,2.174972,2.126639,65,67,-1,0,,16734
1788459115.621019,7.094789,rx,-1,0.300000,0.000000,0.300000,0.300000,243,6100,24968,0.303002,0.037442,0.537403,-0.003167,-0.003739,41,42,1.985133,2.033551,75,72,-1,0,,16734
1788459115.621030,7.094801,tx,-1,0.300000,0.000000,0.300000,0.300000,,,,,,,,,,,,,,,,,aa5501099a99993e0000000000c1ab,16878
1788459115.660503,7.134273,key,119,0.300000,0.000000,0.300000,0.300000,,,,,,,,,,,,,,,,,aa5501099a99993e0000000000c1ab,16878
1788459115.674317,7.148085,rx,-1,0.300000,0.000000,0.300000,0.300000,244,6126,25000,0.298968,0.000000,0.544877,-0.003195,-0.003739,41,41,1.982592,1.982592,75,74,-1,0,,16878
1788459115.713786,7.187548,rx,-1,0.300000,0.000000,0.300000,0.300000,245,6151,25032,0.294944,-0.037347,0.552260,-0.003226,-0.004674,41,40,1.980057,1.931763,75,77,-1,0,,16878
1788459115.713854,7.187625,tx,-1,0.300000,0.000000,0.300000,0.300000,,,,,,,,,,,,,,,,,aa5501099a99993e0000000000c1ab,17022
1788459115.727327,7.201092,rx,-1,0.300000,0.000000,0.300000,0.300000,246,6176,24976,0.306554,0.000000,0.559917,-0.003262,-0.004674,42,42,2.032900,2.032900,72,72,-1,0,,17022
1788459115.727428,7.201197,rx,-1,0.300000,0.000000,0.300000,0.300000,247,6201,25016,0.298777,0.000000,0.567391,-0.003297,-0.004674,41,41,1.981324,1.981324,75,75,-1,0,,17022
1788459115.727462,7.201234,tx,-1,0.300000,0.000000,0.300000,0.300000,,,,,,,,,,,,,,,,,aa5501099a99993e0000000000c1ab,17166
1788459115.750144,7.223915,key,119,0.300000,0.000000,0.300000,0.300000,,,,,,,,,,,,,,,,,aa5501099a99993e0000000000c1ab,17166
1788459115.781061,7.254829,rx,-1,0.300000,0.000000,0.300000,0.300000,248,6225,24976,0.291956,0.000000,0.574682,-0.003331,-0.004674,40,40,1.936095,1.936095,78,77,-1,0,,17166
1788459115.816964,7.290731,rx,-1,0.300000,0.000000,0.300000,0.300000,249,6251,25040,0.302130,-0.037335,0.582248,-0.003370,-0.005609,42,41,2.027704,1.979425,73,75,-1,0,,17166
1788459115.817004,7.290776,tx,-1,0.300000,0.000000,0.300000,0.300000,,,,,,,,,,,,,,,,,aa5501099a99993e0000000000c1ab,17310
1788459115.828441,7.302211,key,119,0.300000,0.000000,0.300000,0.300000,,,,,,,,,,,,,,,,,aa5501099a99993e0000000000c1ab,17310
1788459115.836601,7.310368,rx,-1,0.300000,0.000000,0.300000,0.300000,250,6276,24992,0.299064,0.000000,0.589722,-0.003412,-0.005609,41,41,1.983227,1.983227,75,75,-1,0,,17310
1788459115.836686,7.310456,rx,-1,0.300000,0.000000,0.300000,0.300000,251,6301,24976,0.299255,0.000000,0.597196,-0.003454,-0.005609,41,41,1.984497,1.984497,75,75,-1,0,,17310
1788459115.836704,7.310475,tx,-1,0.300000,0.000000,0.300000,0.300000,,,,,,,,,,,,,,,,,aa5501099a99993e0000000000c1ab,17486
1788459115.890165,7.363933,rx,-1,0.300000,0.000000,0.300000,0.300000,252,6326,25044,0.298443,0.000000,0.604670,-0.003496,-0.005609,41,41,1.979109,1.979109,75,75,-1,0,,17486
1788459115.929437,7.403203,rx,-1,0.300000,0.000000,0.300000,0.300000,253,6350,24960,0.292143,0.000000,0.611962,-0.003537,-0.005609,40,40,1.937336,1.937336,78,77,-1,0,,17486
1788459115.929489,7.403260,tx,-1,0.300000,0.000000,0.300000,0.300000,,,,,,,,,,,,,,,,,aa5501099a99993e0000000000c1ab,17662
1788459115.935245,7.409016,key,119,0.300000,0.000000,0.300000,0.300000,,,,,,,,,,,,,,,,,aa5501099a99993e0000000000c1ab,17662
1788459115.943435,7.417201,rx,-1,0.300000,0.000000,0.300000,0.300000,254,6376,24980,0.299207,0.000000,0.619436,-0.003579,-0.005609,41,41,1.984179,1.984179,75,75,-1,0,,17662
1788459115.943514,7.417284,rx,-1,0.300000,0.000000,0.300000,0.300000,255,6401,25028,0.298633,0.000000,0.626910,-0.003621,-0.005609,41,41,1.980374,1.980374,75,75,-1,0,,17662
1788459115.943565,7.417335,rx,-1,0.300000,0.000000,0.300000,0.300000,256,6426,25012,0.298824,0.000000,0.634384,-0.003662,-0.005609,41,41,1.981641,1.981641,75,75,-1,0,,17662
1788459115.943575,7.417346,tx,-1,0.300000,0.000000,0.300000,0.300000,,,,,,,,,,,,,,,,,aa5501099a99993e0000000000c1ab,17814
1788459115.996784,7.470550,rx,-1,0.300000,0.000000,0.300000,0.300000,257,6451,24988,0.299111,0.000000,0.641858,-0.003704,-0.005609,41,41,1.983544,1.983544,75,75,-1,0,,17814
1788459116.035984,7.509749,rx,-1,0.300000,0.000000,0.300000,0.300000,258,6475,24972,0.292003,0.000000,0.649150,-0.003745,-0.005609,40,40,1.936405,1.936405,78,78,-1,0,,17814
1788459116.036140,7.509911,tx,-1,0.300000,0.000000,0.300000,0.300000,,,,,,,,,,,,,,,,,aa5501099a99993e0000000000c1ab,17958
1788459116.041899,7.515671,key,119,0.300000,0.000000,0.300000,0.300000,,,,,,,,,,,,,,,,,aa5501099a99993e0000000000c1ab,17958
1788459116.050079,7.523844,rx,-1,0.300000,0.000000,0.300000,0.300000,259,6501,25008,0.302517,-0.037383,0.656715,-0.003791,-0.006544,42,41,2.030298,1.981958,73,76,-1,0,,17958
1788459116.050172,7.523942,rx,-1,0.300000,0.000000,0.300000,0.300000,260,6525,25000,0.298968,0.000000,0.664189,-0.003840,-0.006544,41,41,1.982592,1.982592,75,76,-1,0,,17958
1788459116.050186,7.523958,tx,-1,0.300000,0.000000,0.300000,0.300000,,,,,,,,,,,,,,,,,aa5501099a99993e0000000000c1ab,18102
1788459116.083753,7.557523,key,119,0.300000,0.000000,0.300000,0.300000,,,,,,,,,,,,,,,,,aa5501099a99993e0000000000c1ab,18102
1788459116.103296,7.577064,rx,-1,0.300000,0.000000,0.300000,0.300000,261,6551,25000,0.302614,0.037394,0.671754,-0.003886,-0.005609,41,42,1.982592,2.030948,75,73,-1,0,,18102
1788459116.142965,7.616731,rx,-1,0.300000,0.000000,0.300000,0.300000,262,6576,25016,0.295133,0.037370,0.679137,-0.003924,-0.004674,40,41,1.932999,1.981324,78,75,-1,0,,18102
1788459116.143012,7.616783,tx,-1,0.300000,0.000000,0.300000,0.300000,,,,,,,,,,,,,,,,,aa5501099a99993e0000000000c1ab,18246
1788459116.156888,7.630650,rx,-1,0.300000,0.000000,0.300000,0.300000,263,6601,24980,0.299207,-0.074849,0.686611,-0.003966,-0.006544,42,40,2.032574,1.935785,73,78,-1,0,,18246
1788459116.157001,7.630770,rx,-1,0.300000,0.000000,0.300000,0.300000,264,6626,25032,0.298586,0.000000,0.694085,-0.004015,-0.006544,41,41,1.980057,1.980057,76,76,-1,0,,18246
1788459116.157020,7.630790,tx,-1,0.300000,0.000000,0.300000,0.300000,,,,,,,,,,,,,,,,,aa5501099a99993e0000000000c1ab,18390
1788459116.168462,7.642232,key,119,0.300000,0.000000,0.300000,0.300000,,,,,,,,,,,,,,,,,aa5501099a99993e0000000000c1ab,18390
1788459116.210808,7.684573,rx,-1,0.300000,0.000000,0.300000,0.300000,265,6650,24980,0.302856,0.037424,0.701651,-0.004061,-0.005609,41,42,1.984179,2.032574,76,73,-1,0,,18390
1788459116.261279,7.735040,rx,-1,0.300000,0.000000,0.300000,0.300000,266,6676,25028,0.298633,0.000000,0.709125,-0.004103,-0.005609,41,41,1.980374,1.980374,76,76,-1,0,,18390
1788459116.261344,7.735115,tx,-1,0.300000,0.000000,0.300000,0.300000,,,,,,,,,,,,,,,,,aa5501099a99993e0000000000c1ab,18534
1788459116.266575,7.740344,key,119,0.300000,0.000000,0.300000,0.300000,,,,,,,,,,,,,,,,,aa5501099a99993e0000000000c1ab,18534
1788459116.269200,7.742964,rx,-1,0.300000,0.000000,0.300000,0.300000,267,6701,24984,0.299159,0.000000,0.716599,-0.004145,-0.005609,41,41,1.983862,1.983862,76,75,-1,0,,18534
1788459116.269282,7.743052,rx,-1,0.300000,0.000000,0.300000,0.300000,268,6726,25020,0.298729,0.000000,0.724073,-0.004187,-0.005609,41,41,1.981007,1.981007,76,76,-1,0,,18534
1788459116.269342,7.743112,tx,-1,0.300000,0.000000,0.300000,0.300000,,,,,,,,,,,,,,,,,aa5501099a99993e0000000000c1ab,18742
1788459116.322627,7.796393,rx,-1,0.300000,0.000000,0.300000,0.300000,269,6751,24976,0.299255,0.000000,0.731547,-0.004229,-0.005609,41,41,1.984497,1.984497,76,75,-1,0,,18742
1788459116.364594,7.838357,rx,-1,0.300000,0.000000,0.300000,0.300000,270,6775,24976,0.306554,0.000000,0.739203,-0.004272,-0.005609,42,42,2.032900,2.032900,73,73,-1,0,,18742
1788459116.364692,7.838461,rx,-1,0.300000,0.000000,0.300000,0.300000,271,6801,25044,0.294803,-0.037329,0.746586,-0.004316,-0.006544,41,40,1.979109,1.930838,76,78,-1,0,,18742
1788459116.364707,7.838478,tx,-1,0.300000,0.000000,0.300000,0.300000,,,,,,,,,,,,,,,,,aa5501099a99993e0000000000c1ab,18894
1788459116.370469,7.844239,key,119,0.300000,0.000000,0.300000,0.300000,,,,,,,,,,,,,,,,,aa5501099a99993e0000000000c1ab,18894
1788459116.372949,7.846713,rx,-1,0.300000,0.000000,0.300000,0.300000,272,6825,24980,0.299207,0.000000,0.754060,-0.004365,-0.006544,41,41,1.984179,1.984179,76,76,-1,0,,18894
1788459116.373028,7.846797,rx,-1,0.300000,0.000000,0.300000,0.300000,273,6851,25004,0.302565,-0.037388,0.761625,-0.004418,-0.007479,42,41,2.030623,1.982275,73,76,-1,0,,18894
1788459116.373040,7.846811,tx,-1,0.300000,0.000000,0.300000,0.300000,,,,,,,,,,,,,,,,,aa5501099a99993e0000000000c1ab,19038
1788459116.412866,7.886635,key,119,0.300000,0.000000,0.300000,0.300000,,,,,,,,,,,,,,,,,aa5501099a99993e0000000000c1ab,19038
1788459116.426778,7.900545,rx,-1,0.300000,0.000000,0.300000,0.300000,274,6876,25012,0.302469,-0.037376,0.769190,-0.004478,-0.008414,42,41,2.029974,1.981641,73,76,-1,0,,19038
1788459116.462805,7.936570,rx,-1,0.300000,0.000000,0.300000,0.300000,275,6901,24976,0.299255,0.000000,0.776664,-0.004541,-0.008414,41,41,1.984497,1.984497,75,76,-1,0,,19038
1788459116.462854,7.936624,tx,-1,0.300000,0.000000,0.300000,0.300000,,,,,,,,,,,,,,,,,aa5501099a99993e0000000000c1ab,19182
1788459116.476731,7.950495,rx,-1,0.300000,0.000000,0.300000,0.300000,276,6926,25020,0.302372,0.037364,0.784229,-0.004601,-0.007479,41,42,1.981007,2.029325,75,73,-1,0,,19182
1788459116.476816,7.950585,rx,-1,0.300000,0.000000,0.300000,0.300000,277,6950,24964,0.295748,0.037448,0.791612,-0.004653,-0.006544,40,41,1.937026,1.985451,78,75,-1,0,,19182
1788459116.476827,7.950598,tx,-1,0.300000,0.000000,0.300000,0.300000,,,,,,,,,,,,,,,,,aa5501099a99993e0000000000c1ab,19326
1788459116.499601,7.973370,key,119,0.300000,0.000000,0.300000,0.300000,,,,,,,,,,,,,,,,,aa5501099a99993e0000000000c1ab,19326
1788459116.529423,8.003191,rx,-1,0.300000,0.000000,0.300000,0.300000,278,6976,25016,0.306064,0.074741,0.799269,-0.004696,-0.004674,41,43,1.981324,2.077974,76,70,-1,0,,19326
1788459116.569972,8.043734,rx,-1,0.300000,0.000000,0.300000,0.300000,279,7001,25020,0.302372,-0.037364,0.806834,-0.004735,-0.005609,42,41,2.029325,1.981007,73,75,-1,0,,19326
1788459116.570063,8.043834,tx,-1,0.300000,0.000000,0.300000,0.300000,,,,,,,,,,,,,,,,,aa5501099a99993e0000000000c1ab,19525
1788459116.581312,8.055080,key,119,0.300000,0.000000,0.300000,0.300000,,,,,,,,,,,,,,,,,aa5501099a99993e0000000000c1ab,19525
1788459116.583795,8.057560,rx,-1,0.300000,0.000000,0.300000,0.300000,280,7026,24980,0.299207,0.000000,0.814308,-0.004777,-0.005609,41,41,1.984179,1.984179,75,75,-1,0,,19525
1788459116.583940,8.057709,rx,-1,0.300000,0.000000,0.300000,0.300000,281,7051,24984,0.291863,0.000000,0.821600,-0.004818,-0.005609,40,40,1.935475,1.935475,78,78,-1,0,,19525
1788459116.583951,8.057722,tx,-1,0.300000,0.000000,0.300000,0.300000,,,,,,,,,,,,,,,,,aa5501099a99993e0000000000c1ab,19669
1788459116.637421,8.111186,rx,-1,0.300000,0.000000,0.300000,0.300000,282,7075,25020,0.298729,0.074729,0.829074,-0.004853,-0.003739,40,42,1.932690,2.029325,79,73,-1,0,,19669
1788459116.674475,8.148238,rx,-1,0.300000,0.000000,0.300000,0.300000,283,7101,24984,0.302808,-0.037418,0.836639,-0.004885,-0.004674,42,41,2.032248,1.983862,73,75,-1,0,,19669
1788459116.674530,8.148300,tx,-1,0.300000,0.000000,0.300000,0.300000,,,,,,,,,,,,,,,,,aa5501099a99993e0000000000c1ab,19813
1788459116.680117,8.153886,key,119,0.300000,0.000000,0.300000,0.300000,,,,,,,,,,,,,,,,,aa5501099a99993e0000000000c1ab,19813
1788459116.688328,8.162093,rx,-1,0.300000,0.000000,0.300000,0.300000,284,7126,25016,0.295133,-0.037370,0.844022,-0.004923,-0.005609,41,40,1.981324,1.932999,76,78,-1,0,,19813
1788459116.688411,8.162180,rx,-1,0.300000,0.000000,0.300000,0.300000,285,7151,25012,0.298824,0.000000,0.851496,-0.004965,-0.005609,41,41,1.981641,1.981641,76,76,-1,0,,19813
1788459116.688423,8.162194,tx,-1,0.300000,0.000000,0.300000,0.300000,,,,,,,,,,,,,,,,,aa5501099a99993e0000000000c1ab,19957
1788459116.741519,8.215284,rx,-1,0.300000,0.000000,0.300000,0.300000,286,7176,24980,0.295558,0.037424,0.858879,-0.005002,-0.004674,40,41,1.935785,1.984179,78,76,-1,0,,19957
1788459116.801029,8.274793,rx,-1,0.300000,0.000000,0.300000,0.300000,287,7201,25008,0.298872,0.000000,0.866353,-0.005037,-0.004674,41,41,1.981958,1.981958,76,76,-1,0,,19957
1788459116.801075,8.274845,tx,-1,0.300000,0.000000,0.300000,0.300000,,,,,,,,,,,,,,,,,aa5501099a99993e0000000000c1ab,20101
1788459116.806805,8.280575,key,119,0.300000,0.000000,0.300000,0.300000,,,,,,,,,,,,,,,,,aa5501099a99993e0000000000c1ab,20101
1788459116.809259,8.283023,rx,-1,0.300000,0.000000,0.300000,0.300000,288,7226,25016,0.302420,-0.037371,0.873918,-0.005076,-0.005609,42,41,2.029649,1.981324,73,76,-1,0,,20101
1788459116.809348,8.283117,rx,-1,0.300000,0.000000,0.300000,0.300000,289,7250,25004,0.298920,0.000000,0.881393,-0.005118,-0.005609,41,41,1.982275,1.982275,76,76,-1,0,,20101
1788459116.809403,8.283172,rx,-1,0.300000,0.000000,0.300000,0.300000,290,7276,24984,0.295511,0.037418,0.888775,-0.005156,-0.004674,40,41,1.935475,1.983862,79,76,-1,0,,20101
1788459116.809414,8.283185,tx,-1,0.300000,0.000000,0.300000,0.300000,,,,,,,,,,,,,,,,,aa5501099a99993e0000000000c1ab,20317
1788459116.831674,8.305443,key,119,0.300000,0.000000,0.300000,0.300000,,,,,,,,,,,,,,,,,aa5501099a99993e0000000000c1ab,20317
1788459116.861936,8.335700,rx,-1,0.300000,0.000000,0.300000,0.300000,291,7301,24980,0.302856,-0.037424,0.896341,-0.005195,-0.005609,42,41,2.032574,1.984179,73,76,-1,0,,20317
1788459116.917807,8.391570,rx,-1,0.300000,0.000000,0.300000,0.300000,292,7326,25040,0.302130,-0.037335,0.903906,-0.005241,-0.006544,42,41,2.027704,1.979425,73,76,-1,0,,20317
1788459116.917861,8.391632,tx,-1,0.300000,0.000000,0.300000,0.300000,,,,,,,,,,,,,,,,,aa5501099a99993e0000000000c1ab,20461
1788459116.923607,8.397377,key,119,0.300000,0.000000,0.300000,0.300000,,,,,,,,,,,,,,,,,aa5501099a99993e0000000000c1ab,20461
1788459116.926248,8.400006,rx,-1,0.300000,0.000000,0.300000,0.300000,293,7351,24960,0.295795,0.037454,0.911289,-0.005286,-0.005609,40,41,1.937336,1.985769,78,76,-1,0,,20461
1788459116.926423,8.400191,rx,-1,0.300000,0.000000,0.300000,0.300000,294,7375,25000,0.295322,0.037394,0.918672,-0.005324,-0.004674,40,41,1.934236,1.982592,79,76,-1,0,,20461
1788459116.926462,8.400232,tx,-1,0.300000,0.000000,0.300000,0.300000,,,,,,,,,,,,,,,,,aa5501099a99993e0000000000c1ab,20669
1788459116.980131,8.453898,rx,-1,0.300000,0.000000,0.300000,0.300000,295,7401,25028,0.302275,-0.037352,0.926237,-0.005363,-0.005609,42,41,2.028676,1.980374,74,76,-1,0,,20669
1788459117.017368,8.491133,rx,-1,0.300000,0.000000,0.300000,0.300000,296,7426,24984,0.302808,-0.037418,0.933802,-0.005409,-0.006544,42,41,2.032248,1.983862,73,76,-1,0,,20669
1788459117.017451,8.491221,rx,-1,0.300000,0.000000,0.300000,0.300000,297,7451,25028,0.302275,-0.037352,0.941367,-0.005462,-0.007479,42,41,2.028676,1.980374,73,76,-1,0,,20669
1788459117.017462,8.491232,tx,-1,0.300000,0.000000,0.300000,0.300000,,,,,,,,,,,,,,,,,aa5501099a99993e0000000000c1ab,20821
1788459117.023191,8.496960,key,119,0.300000,0.000000,0.300000,0.300000,,,,,,,,,,,,,,,,,aa5501099a99993e0000000000c1ab,20821
1788459117.031080,8.504842,rx,-1,0.300000,0.000000,0.300000,0.300000,298,7476,24984,0.299159,0.000000,0.948841,-0.005518,-0.007479,41,41,1.983862,1.983862,76,76,-1,0,,20821
1788459117.031175,8.504943,rx,-1,0.300000,0.000000,0.300000,0.300000,299,7501,24984,0.302808,-0.037418,0.956406,-0.005578,-0.008414,42,41,2.032248,1.983862,73,76,-1,0,,20821
1788459117.031189,8.504960,tx,-1,0.300000,0.000000,0.300000,0.300000,,,,,,,,,,,,,,,,,aa5501099a99993e0000000000c1ab,20965
1788459117.084211,8.557976,rx,-1,0.300000,0.000000,0.300000,0.300000,300,7526,24988,0.299111,0.000000,0.963880,-0.005641,-0.008414,41,41,1.983544,1.983544,76,76,-1,0,,20965
1788459117.119647,8.593410,rx,-1,0.300000,0.000000,0.300000,0.300000,301,7550,25016,0.298777,0.000000,0.971354,-0.005704,-0.008414,41,41,1.981324,1.981324,76,76,-1,0,,20965
1788459117.119700,8.593470,tx,-1,0.300000,0.000000,0.300000,0.300000,,,,,,,,,,,,,,,,,aa5501099a99993e0000000000c1ab,21109
1788459117.125441,8.599211,key,119,0.300000,0.000000,0.300000,0.300000,,,,,,,,,,,,,,,,,aa5501099a99993e0000000000c1ab,21109
1788459117.139229,8.612994,rx,-1,0.300000,0.000000,0.300000,0.300000,302,7576,25008,0.298872,0.000000,0.978828,-0.005766,-0.008414,41,41,1.981958,1.981958,76,76,-1,0,,21109
1788459117.139301,8.613070,rx,-1,0.300000,0.000000,0.300000,0.300000,303,7601,25008,0.298872,0.000000,0.986302,-0.005829,-0.008414,41,41,1.981958,1.981958,76,76,-1,0,,21109
1788459117.139311,8.613081,tx,-1,0.300000,0.000000,0.300000,0.300000,,,,,,,,,,,,,,,,,aa5501099a99993e0000000000c1ab,21253
1788459117.166904,8.640673,key,119,0.300000,0.000000,0.300000,0.300000,,,,,,,,,,,,,,,,,aa5501099a99993e0000000000c1ab,21253
1788459117.192096,8.665862,rx,-1,0.300000,0.000000,0.300000,0.300000,304,7626,24976,0.299255,0.000000,0.993776,-0.005892,-0.008414,41,41,1.984497,1.984497,76,76,-1,0,,21253
1788459117.252844,8.726606,rx,-1,0.300000,0.000000,0.300000,0.300000,305,7651,25028,0.294992,0.037353,1.001159,-0.005951,-0.007479,40,41,1.932072,1.980374,79,76,-1,0,,21253
1788459117.253004,8.726772,tx,-1,0.300000,0.000000,0.300000,0.300000,,,,,,,,,,,,,,,,,aa5501099a99993e0000000000c1ab,21397
1788459117.259256,8.733023,key,119,0.300000,0.000000,0.300000,0.300000,,,,,,,,,,,,,,,,,aa5501099a99993e0000000000c1ab,21397
1788459117.261815,8.735578,rx,-1,0.300000,0.000000,0.300000,0.300000,306,7675,25004,0.302565,-0.037388,1.008724,-0.006011,-0.008414,42,41,2.030623,1.982275,73,76,-1,0,,21397
1788459117.261900,8.735668,rx,-1,0.300000,0.000000,0.300000,0.300000,307,7701,24972,0.292003,0.000000,1.016016,-0.006072,-0.008414,40,40,1.936405,1.936405,78,79,-1,0,,21397
1788459117.261951,8.735720,rx,-1,0.300000,0.000000,0.300000,0.300000,308,7726,25028,0.302275,0.037352,1.023581,-0.006133,-0.007479,41,42,1.980374,2.028676,76,74,-1,0,,21397
1788459117.261961,8.735731,tx,-1,0.300000,0.000000,0.300000,0.300000,,,,,,,,,,,,,,,,,aa5501099a99993e0000000000c1ab,21613
1788459117.313024,8.786787,rx,-1,0.300000,0.000000,0.300000,0.300000,309,7751,24976,0.299255,0.000000,1.031055,-0.006188,-0.007479,41,41,1.984497,1.984497,76,76,-1,0,,21613
1788459117.349633,8.823395,rx,-1,0.300000,0.000000,0.300000,0.300000,310,7776,25040,0.294850,-0.037335,1.038438,-0.006247,-0.008414,41,40,1.979425,1.931146,76,79,-1,0,,21613
1788459117.349682,8.823452,tx,-1,0.300000,0.000000,0.300000,0.300000,,,,,,,,,,,,,,,,,aa5501099a99993e0000000000c1ab,21757
1788459117.355415,8.829184,key,119,0.300000,0.000000,0.300000,0.300000,,,,,,,,,,,,,,,,,aa5501099a99993e0000000000c1ab,21757
1788459117.363613,8.837378,rx,-1,0.300000,0.000000,0.300000,0.300000,311,7800,24960,0.295795,-0.037454,1.045821,-0.006313,-0.009349,41,40,1.985769,1.937336,76,79,-1,0,,21757
1788459117.363707,8.837476,rx,-1,0.300000,0.000000,0.300000,0.300000,312,7826,25012,0.302469,0.037376,1.053386,-0.006380,-0.008414,41,42,1.981641,2.029974,76,74,-1,0,,21757
1788459117.363720,8.837489,tx,-1,0.300000,0.000000,0.300000,0.300000,,,,,,,,,,,,,,,,,aa5501099a99993e0000000000c1ab,21901
1788459117.417081,8.890845,rx,-1,0.300000,0.000000,0.300000,0.300000,313,7851,25008,0.298872,0.000000,1.060860,-0.006443,-0.008414,41,41,1.981958,1.981958,76,77,-1,0,,21901
1788459117.478234,8.951996,rx,-1,0.300000,0.000000,0.300000,0.300000,314,7876,25028,0.298633,0.000000,1.068334,-0.006506,-0.008414,41,41,1.980374,1.980374,76,77,-1,0,,21901
1788459117.478289,8.952059,tx,-1,0.300000,0.000000,0.300000,0.300000,,,,,,,,,,,,,,,,,aa5501099a99993e0000000000c1ab,22045
1788459117.483676,8.957445,key,119,0.300000,0.000000,0.300000,0.300000,,,,,,,,,,,,,,,,,aa5501099a99993e0000000000c1ab,22045
1788459117.486258,8.960015,rx,-1,0.300000,0.000000,0.300000,0.300000,315,7901,24944,0.295985,-0.037478,1.075716,-0.006571,-0.009349,41,40,1.987043,1.938579,76,79,-1,0,,22045
1788459117.486434,8.960201,rx,-1,0.300000,0.000000,0.300000,0.300000,316,7926,25016,0.298777,0.000000,1.083190,-0.006641,-0.009349,41,41,1.981324,1.981324,76,77,-1,0,,22045
1788459117.486553,8.960320,rx,-1,0.300000,0.000000,0.300000,0.300000,317,7951,24992,0.299064,0.000000,1.090664,-0.006711,-0.009349,41,41,1.983227,1.983227,76,77,-1,0,,22045
1788459117.486576,8.960345,tx,-1,0.300000,0.000000,0.300000,0.300000,,,,,,,,,,,,,,,,,aa5501099a99993e0000000000c1ab,22261
1788459117.503792,8.977560,key,119,0.300000,0.000000,0.300000,0.300000,,,,,,,,,,,,,,,,,aa5501099a99993e0000000000c1ab,22261
1788459117.540386,9.014149,rx,-1,0.300000,0.000000,0.300000,0.300000,318,7975,25032,0.302227,0.037347,1.098229,-0.006778,-0.008414,41,42,1.980057,2.028352,76,75,-1,0,,22261
1788459117.574995,9.048761,rx,-1,0.300000,0.000000,0.300000,0.300000,319,8001,24992,0.295416,-0.037406,1.105612,-0.006844,-0.009349,41,40,1.983227,1.934855,76,80,-1,0,,22261
1788459117.575059,9.048829,tx,-1,0.300000,0.000000,0.300000,0.300000,,,,,,,,,,,,,,,,,aa5501099a99993e0000000000c1ab,22460
1788459117.586049,9.059818,key,119,0.300000,0.000000,0.300000,0.300000,,,,,,,,,,,,,,,,,aa5501099a99993e0000000000c1ab,22460
1788459117.593927,9.067694,rx,-1,0.300000,0.000000,0.300000,0.300000,320,8026,24996,0.299016,0.000000,1.113086,-0.006914,-0.009349,41,41,1.982909,1.982909,76,77,-1,0,,22460
1788459117.593984,9.067753,rx,-1,0.300000,0.000000,0.300000,0.300000,321,8051,25000,0.298968,0.000000,1.120559,-0.006983,-0.009349,41,41,1.982592,1.982592,76,77,-1,0,,22460
1788459117.593993,9.067763,tx,-1,0.300000,0.000000,0.300000,0.300000,,,,,,,,,,,,,,,,,aa5501099a99993e0000000000c1ab,22604
1788459117.646288,9.120054,rx,-1,0.300000,0.000000,0.300000,0.300000,322,8076,25004,0.302565,0.037388,1.128124,-0.007051,-0.008414,41,42,1.982275,2.030623,76,75,-1,0,,22604
1788459117.682083,9.155847,rx,-1,0.300000,0.000000,0.300000,0.300000,323,8100,25000,0.295322,-0.037394,1.135507,-0.007116,-0.009349,41,40,1.982592,1.934236,76,80,-1,0,,22604
1788459117.682126,9.155896,tx,-1,0.300000,0.000000,0.300000,0.300000,,,,,,,,,,,,,,,,,aa5501099a99993e0000000000c1ab,22748
1788459117.687901,9.161671,key,119,0.300000,0.000000,0.300000,0.300000,,,,,,,,,,,,,,,,,aa5501099a99993e0000000000c1ab,22748
1788459117.701674,9.175440,rx,-1,0.300000,0.000000,0.300000,0.300000,324,8126,24964,0.295748,0.037448,1.142890,-0.007182,-0.008414,40,41,1.937026,1.985451,79,77,-1,0,,22748
1788459117.701738,9.175507,rx,-1,0.300000,0.000000,0.300000,0.300000,325,8151,24996,0.306309,0.000000,1.150546,-0.007246,-0.008414,42,42,2.031273,2.031273,74,75,-1,0,,22748
1788459117.701750,9.175520,tx,-1,0.300000,0.000000,0.300000,0.300000,,,,,,,,,,,,,,,,,aa5501099a99993e0000000000c1ab,22892
1788459117.752916,9.226684,key,119,0.300000,0.000000,0.300000,0.300000,,,,,,,,,,,,,,,,,aa5501099a99993e0000000000c1ab,22892
1788459117.755401,9.229167,rx,-1,0.300000,0.000000,0.300000,0.300000,326,8176,25160,0.297067,0.000000,1.158020,-0.007309,-0.008414,41,41,1.969984,1.969984,77,78,-1,0,,22892
1788459117.795314,9.269078,rx,-1,0.300000,0.000000,0.300000,0.300000,327,8201,24860,0.304318,0.037605,1.165585,-0.007369,-0.007479,41,42,1.993757,2.042385,76,74,-1,0,,22892
1788459117.795361,9.269131,tx,-1,0.300000,0.000000,0.300000,0.300000,,,,,,,,,,,,,,,,,aa5501099a99993e0000000000c1ab,23036
1788459117.809205,9.282969,rx,-1,0.300000,0.000000,0.300000,0.300000,328,8225,24984,0.302808,0.037418,1.173150,-0.007422,-0.006544,41,42,1.983862,2.032248,76,74,-1,0,,23036
1788459117.809290,9.283059,rx,-1,0.300000,0.000000,0.300000,0.300000,329,8251,25008,0.306162,0.000000,1.180807,-0.007472,-0.006544,42,42,2.030298,2.030298,74,74,-1,0,,23036
1788459117.809303,9.283073,tx,-1,0.300000,0.000000,0.300000,0.300000,,,,,,,,,,,,,,,,,aa5501099a99993e0000000000c1ab,23212
1788459117.837894,9.311662,key,119,0.300000,0.000000,0.300000,0.300000,,,,,,,,,,,,,,,,,aa5501099a99993e0000000000c1ab,23212
1788459117.861712,9.335477,rx,-1,0.300000,0.000000,0.300000,0.300000,330,8275,25000,0.298968,0.000000,1.188281,-0.007521,-0.006544,41,41,1.982592,1.982592,76,77,-1,0,,23212
1788459117.899189,9.372953,rx,-1,0.300000,0.000000,0.300000,0.300000,331,8301,25036,0.302179,-0.037340,1.195846,-0.007574,-0.007479,42,41,2.028028,1.979741,74,77,-1,0,,23212
1788459117.899243,9.373012,tx,-1,0.300000,0.000000,0.300000,0.300000,,,,,,,,,,,,,,,,,aa5501099a99993e0000000000c1ab,23388
1788459117.912701,9.386465,rx,-1,0.300000,0.000000,0.300000,0.300000,332,8326,24964,0.299399,0.000000,1.203320,-0.007630,-0.007479,41,41,1.985451,1.985451,76,76,-1,0,,23388
1788459117.912776,9.386545,rx,-1,0.300000,0.000000,0.300000,0.300000,333,8351,25020,0.298729,0.000000,1.210794,-0.007686,-0.007479,41,41,1.981007,1.981007,76,77,-1,0,,23388
1788459117.912793,9.386562,tx,-1,0.300000,0.000000,0.300000,0.300000,,,,,,,,,,,,,,,,,aa5501099a99993e0000000000c1ab,23532
1788459117.924233,9.398001,key,119,0.300000,0.000000,0.300000,0.300000,,,,,,,,,,,,,,,,,aa5501099a99993e0000000000c1ab,23532
1788459117.966064,9.439829,rx,-1,0.300000,0.000000,0.300000,0.300000,334,8376,24984,0.299159,0.000000,1.218268,-0.007742,-0.007479,41,41,1.983862,1.983862,76,77,-1,0,,23532
1788459118.002236,9.475998,rx,-1,0.300000,0.000000,0.300000,0.300000,335,8400,25020,0.298729,0.000000,1.225742,-0.007798,-0.007479,41,41,1.981007,1.981007,76,77,-1,0,,23532
1788459118.002318,9.476086,rx,-1,0.300000,0.000000,0.300000,0.300000,336,8426,25008,0.298872,0.000000,1.233216,-0.007854,-0.007479,41,41,1.981958,1.981958,76,77,-1,0,,23532
1788459118.002330,9.476100,tx,-1,0.300000,0.000000,0.300000,0.300000,,,,,,,,,,,,,,,,,aa5501099a99993e0000000000c1ab,23684
1788459118.007667,9.481436,key,119,0.300000,0.000000,0.300000,0.300000,,,,,,,,,,,,,,,,,aa5501099a99993e0000000000c1ab,23684
1788459118.021526,9.495287,rx,-1,0.300000,0.000000,0.300000,0.300000,337,8451,24956,0.299495,0.000000,1.240690,-0.007910,-0.007479,41,41,1.986088,1.986088,76,77,-1,0,,23684
1788459118.021611,9.495379,rx,-1,0.300000,0.000000,0.300000,0.300000,338,8476,25040,0.298490,0.074669,1.248164,-0.007959,-0.005609,40,42,1.931146,2.027704,79,74,-1,0,,23684
1788459118.021623,9.495392,tx,-1,0.300000,0.000000,0.300000,0.300000,,,,,,,,,,,,,,,,,aa5501099a99993e0000000000c1ab,23828
1788459118.074425,9.548189,rx,-1,0.300000,0.000000,0.300000,0.300000,339,8501,24960,0.306751,0.074909,1.255820,-0.007994,-0.003739,41,43,1.985769,2.082636,76,71,-1,0,,23828
1788459118.114787,9.588550,rx,-1,0.300000,0.000000,0.300000,0.300000,340,8525,25008,0.298872,-0.074765,1.263294,-0.008029,-0.005609,42,40,2.030298,1.933617,74,79,-1,0,,23828
1788459118.114837,9.588607,tx,-1,0.300000,0.000000,0.300000,0.300000,,,,,,,,,,,,,,,,,aa5501099a99993e0000000000c1ab,23972
1788459118.120575,9.594343,key,119,0.300000,0.000000,0.300000,0.300000,,,,,,,,,,,,,,,,,aa5501099a99993e0000000000c1ab,23972
1788459118.128730,9.602494,rx,-1,0.300000,0.000000,0.300000,0.300000,341,8551,25012,0.295180,-0.037376,1.270677,-0.008074,-0.006544,41,40,1.981641,1.933308,77,79,-1,0,,23972
1788459118.128807,9.602575,rx,-1,0.300000,0.000000,0.300000,0.300000,342,8576,25008,0.298872,0.074765,1.278151,-0.008116,-0.004674,40,42,1.933617,2.030298,79,74,-1,0,,23972
1788459118.128818,9.602588,tx,-1,0.300000,0.000000,0.300000,0.300000,,,,,,,,,,,,,,,,,aa5501099a99993e0000000000c1ab,24116
1788459118.174031,9.647799,key,119,0.300000,0.000000,0.300000,0.300000,,,,,,,,,,,,,,,,,aa5501099a99993e0000000000c1ab,24116
1788459118.182228,9.655994,rx,-1,0.300000,0.000000,0.300000,0.300000,343,8601,24980,0.302856,-0.037424,1.285716,-0.008155,-0.005609,42,41,2.032574,1.984179,74,76,-1,0,,24116
1788459118.220489,9.694252,rx,-1,0.300000,0.000000,0.300000,0.300000,344,8626,25028,0.298633,0.000000,1.293190,-0.008197,-0.005609,41,41,1.980374,1.980374,77,77,-1,0,,24116
1788459118.220535,9.694304,tx,-1,0.300000,0.000000,0.300000,0.300000,,,,,,,,,,,,,,,,,aa5501099a99993e0000000000c1ab,24260
1788459118.234335,9.708100,rx,-1,0.300000,0.000000,0.300000,0.300000,345,8651,25164,0.297019,0.000000,1.300664,-0.008239,-0.005609,41,41,1.969671,1.969671,77,77,-1,0,,24260
1788459118.234411,9.708179,rx,-1,0.300000,0.000000,0.300000,0.300000,346,8676,24812,0.297560,-0.037678,1.308047,-0.008284,-0.006544,41,40,1.997614,1.948892,76,79,-1,0,,24260
1788459118.234423,9.708192,tx,-1,0.300000,0.000000,0.300000,0.300000,,,,,,,,,,,,,,,,,aa5501099a99993e0000000000c1ab,24404
1788459118.257277,9.731046,key,119,0.300000,0.000000,0.300000,0.300000,,,,,,,,,,,,,,,,,aa5501099a99993e0000000000c1ab,24404
1788459118.287883,9.761647,rx,-1,0.300000,0.000000,0.300000,0.300000,347,8700,25008,0.298872,0.000000,1.315521,-0.008333,-0.006544,41,41,1.981958,1.981958,77,77,-1,0,,24404
1788459118.325274,9.799037,rx,-1,0.300000,0.000000,0.300000,0.300000,348,8726,25040,0.302130,0.037335,1.323087,-0.008379,-0.005609,41,42,1.979425,2.027704,77,74,-1,0,,24404
1788459118.325322,9.799091,tx,-1,0.300000,0.000000,0.300000,0.300000,,,,,,,,,,,,,,,,,aa5501099a99993e0000000000c1ab,24580
1788459118.338638,9.812398,rx,-1,0.300000,0.000000,0.300000,0.300000,349,8751,24948,0.299591,0.000000,1.330561,-0.008420,-0.005609,41,41,1.986724,1.986724,77,77,-1,0,,24580
1788459118.338740,9.812507,rx,-1,0.300000,0.000000,0.300000,0.300000,350,8776,24992,0.299064,-0.074813,1.338035,-0.008469,-0.007479,42,40,2.031598,1.934855,74,79,-1,0,,24580
1788459118.338754,9.812523,tx,-1,0.300000,0.000000,0.300000,0.300000,,,,,,,,,,,,,,,,,aa5501099a99993e0000000000c1ab,24724
1788459118.344487,9.818256,key,119,0.300000,0.000000,0.300000,0.300000,,,,,,,,,,,,,,,,,aa5501099a99993e0000000000c1ab,24724
1788459118.391096,9.864860,rx,-1,0.300000,0.000000,0.300000,0.300000,351,8801,25040,0.302130,-0.037335,1.345600,-0.008530,-0.008414,42,41,2.027704,1.979425,74,77,-1,0,,24724
1788459118.430149,9.903910,rx,-1,0.300000,0.000000,0.300000,0.300000,352,8825,24984,0.306456,0.000000,1.353256,-0.008594,-0.008414,42,42,2.032248,2.032248,74,74,-1,0,,24724
1788459118.430206,9.903975,tx,-1,0.300000,0.000000,0.300000,0.300000,,,,,,,,,,,,,,,,,aa5501099a99993e0000000000c1ab,24868
1788459118.435939,9.909707,key,119,0.300000,0.000000,0.300000,0.300000,,,,,,,,,,,,,,,,,aa5501099a99993e0000000000c1ab,24868
1788459118.444086,9.917850,rx,-1,0.300000,0.000000,0.300000,0.300000,353,8851,25020,0.302372,-0.037364,1.360821,-0.008661,-0.009349,42,41,2.029325,1.981007,74,77,-1,0,,24868
1788459118.444164,9.917931,rx,-1,0.300000,0.000000,0.300000,0.300000,354,8876,24964,0.292097,0.000000,1.368113,-0.008729,-0.009349,40,40,1.937026,1.937026,79,79,-1,0,,24868
1788459118.444184,9.917953,tx,-1,0.300000,0.000000,0.300000,0.300000,,,,,,,,,,,,,,,,,aa5501099a99993e0000000000c1ab,25044
1788459118.497256,9.971018,rx,-1,0.300000,0.000000,0.300000,0.300000,355,8901,25028,0.302275,0.037352,1.375678,-0.008796,-0.008414,41,42,1.980374,2.028676,76,75,-1,0,,25044
1788459118.538470,10.012234,rx,-1,0.300000,0.000000,0.300000,0.300000,356,8926,24992,0.299064,0.000000,1.383152,-0.008859,-0.008414,41,41,1.983227,1.983227,76,77,-1,0,,25044
1788459118.538557,10.012325,rx,-1,0.300000,0.000000,0.300000,0.300000,357,8951,24984,0.302808,-0.037418,1.390717,-0.008927,-0.009349,42,41,2.032248,1.983862,74,77,-1,0,,25044
1788459118.538570,10.012340,tx,-1,0.300000,0.000000,0.300000,0.300000,,,,,,,,,,,,,,,,,aa5501099a99993e0000000000c1ab,25196
1788459118.544292,10.018061,key,119,0.300000,0.000000,0.300000,0.300000,,,,,,,,,,,,,,,,,aa5501099a99993e0000000000c1ab,25196
1788459118.551898,10.025661,rx,-1,0.300000,0.000000,0.300000,0.300000,358,8976,25004,0.302565,-0.037388,1.398282,-0.009001,-0.010283,42,41,2.030623,1.982275,73,77,-1,0,,25196
1788459118.551977,10.025745,rx,-1,0.300000,0.000000,0.300000,0.300000,359,9000,25028,0.302275,-0.037352,1.405847,-0.009082,-0.011218,42,41,2.028676,1.980374,73,77,-1,0,,25196
1788459118.552015,10.025784,tx,-1,0.300000,0.000000,0.300000,0.300000,,,,,,,,,,,,,,,,,aa5501099a99993e0000000000c1ab,25395
1788459118.590768,10.064536,key,119,0.300000,0.000000,0.300000,0.300000,,,,,,,,,,,,,,,,,aa5501099a99993e0000000000c1ab,25395
1788459118.604592,10.078356,rx,-1,0.300000,0.000000,0.300000,0.300000,360,9026,24988,0.284521,-0.149649,1.412956,-0.009175,-0.014958,41,37,1.983544,1.790028,76,88,-1,0,,25395
1788459118.646808,10.120571,rx,-1,0.300000,0.000000,0.300000,0.300000,361,9051,25008,0.309807,0.112147,1.420703,-0.009280,-0.012153,41,44,1.981958,2.126979,76,70,-1,0,,25395
1788459118.646848,10.120617,tx,-1,0.300000,0.000000,0.300000,0.300000,,,,,,,,,,,,,,,,,aa5501099a99993e0000000000c1ab,25539
1788459118.654961,10.128724,rx,-1,0.300000,0.000000,0.300000,0.300000,362,9076,25000,0.309906,0.112183,1.428450,-0.009364,-0.009349,41,44,1.982592,2.127660,76,69,-1,0,,25539
1788459118.655042,10.128809,rx,-1,0.300000,0.000000,0.300000,0.300000,363,9101,25000,0.302614,0.037394,1.436015,-0.009431,-0.008414,41,42,1.982592,2.030948,76,74,-1,0,,25539
1788459118.655053,10.128822,tx,-1,0.300000,0.000000,0.300000,0.300000,,,,,,,,,,,,,,,,,aa5501099a99993e0000000000c1ab,25683
1788459118.672158,10.145926,key,119,0.300000,0.000000,0.300000,0.300000,,,,,,,,,,,,,,,,,aa5501099a99993e0000000000c1ab,25683
1788459118.708267,10.182032,rx,-1,0.300000,0.000000,0.300000,0.300000,364,9125,24976,0.295606,-0.037430,1.443398,-0.009496,-0.009349,41,40,1.984497,1.936095,76,79,-1,0,,25683
1788459118.750094,10.223857,rx,-1,0.300000,0.000000,0.300000,0.300000,365,9151,24996,0.299016,0.000000,1.450871,-0.009566,-0.009349,41,41,1.982909,1.982909,76,77,-1,0,,25683
1788459118.750147,10.223916,tx,-1,0.300000,0.000000,0.300000,0.300000,,,,,,,,,,,,,,,,,aa5501099a99993e0000000000c1ab,25827
1788459118.755921,10.229688,key,119,0.300000,0.000000,0.300000,0.300000,,,,,,,,,,,,,,,,,aa5501099a99993e0000000000c1ab,25827
1788459118.758367,10.232132,rx,-1,0.300000,0.000000,0.300000,0.300000,366,9176,25004,0.302565,0.037388,1.458436,-0.009633,-0.008414,41,42,1.982275,2.030623,76,74,-1,0,,25827
1788459118.758435,10.232203,rx,-1,0.300000,0.000000,0.300000,0.300000,367,9201,25036,0.294897,0.037341,1.465819,-0.009692,-0.007479,40,41,1.931455,1.979741,79,77,-1,0,,25827
1788459118.758456,10.232225,tx,-1,0.300000,0.000000,0.300000,0.300000,,,,,,,,,,,,,,,,,aa5501099a99993e0000000000c1ab,25971
1788459118.810350,10.284115,rx,-1,0.300000,0.000000,0.300000,0.300000,368,9226,24960,0.295795,-0.037454,1.473202,-0.009751,-0.008414,41,40,1.985769,1.937336,76,79,-1,0,,25971
1788459118.850682,10.324443,rx,-1,0.300000,0.000000,0.300000,0.300000,369,9250,25008,0.298872,-0.074765,1.480676,-0.009821,-0.010283,42,40,2.030298,1.933617,74,80,-1,0,,25971
1788459118.850734,10.324502,tx,-1,0.300000,0.000000,0.300000,0.300000,,,,,,,,,,,,,,,,,aa5501099a99993e0000000000c1ab,26115
1788459118.856458,10.330227,key,119,0.300000,0.000000,0.300000,0.300000,,,,,,,,,,,,,,,,,aa5501099a99993e0000000000c1ab,26115
1788459118.864566,10.338329,rx,-1,0.300000,0.000000,0.300000,0.300000,370,9276,24988,0.299111,0.074825,1.488150,-0.009890,-0.008414,40,42,1.935165,2.031923,79,74,-1,0,,26115
1788459118.864638,10.338406,rx,-1,0.300000,0.000000,0.300000,0.300000,371,9300,25004,0.298920,0.000000,1.495624,-0.009953,-0.008414,41,41,1.982275,1.982275,76,77,-1,0,,26115
1788459118.864649,10.338418,tx,-1,0.300000,0.000000,0.300000,0.300000,,,,,,,,,,,,,,,,,aa5501099a99993e0000000000c1ab,26259
1788459118.917930,10.391693,rx,-1,0.300000,0.000000,0.300000,0.300000,372,9326,25020,0.298729,-0.074729,1.503098,-0.010023,-0.010283,42,40,2.029325,1.932690,74,80,-1,0,,26259
1788459118.958102,10.431865,rx,-1,0.300000,0.000000,0.300000,0.300000,373,9351,24976,0.299255,0.000000,1.510571,-0.010100,-0.010283,41,41,1.984497,1.984497,76,77,-1,0,,26259
1788459118.958149,10.431918,tx,-1,0.300000,0.000000,0.300000,0.300000,,,,,,,,,,,,,,,,,aa5501099a99993e0000000000c1ab,26403
1788459118.963878,10.437647,key,119,0.300000,0.000000,0.300000,0.300000,,,,,,,,,,,,,,,,,aa5501099a99993e0000000000c1ab,26403
1788459118.971503,10.445267,rx,-1,0.300000,0.000000,0.300000,0.300000,374,9376,25016,0.295133,0.037370,1.517954,-0.010172,-0.009349,40,41,1.932999,1.981324,79,77,-1,0,,26403
1788459118.971574,10.445341,rx,-1,0.300000,0.000000,0.300000,0.300000,375,9401,25008,0.298872,0.000000,1.525428,-0.010242,-0.009349,41,41,1.981958,1.981958,77,77,-1,0,,26403
1788459118.971587,10.445356,tx,-1,0.300000,0.000000,0.300000,0.300000,,,,,,,,,,,,,,,,,aa5501099a99993e0000000000c1ab,26579
1788459119.005263,10.479031,key,119,0.300000,0.000000,0.300000,0.300000,,,,,,,,,,,,,,,,,aa5501099a99993e0000000000c1ab,26579
1788459119.024792,10.498557,rx,-1,0.300000,0.000000,0.300000,0.300000,376,9425,24980,0.299207,0.000000,1.532902,-0.010312,-0.009349,41,41,1.984179,1.984179,76,77,-1,0,,26579
1788459119.064238,10.538001,rx,-1,0.300000,0.000000,0.300000,0.300000,377,9451,25024,0.298681,0.000000,1.540376,-0.010382,-0.009349,41,41,1.980691,1.980691,77,77,-1,0,,26579
1788459119.064277,10.538045,tx,-1,0.300000,0.000000,0.300000,0.300000,,,,,,,,,,,,,,,,,aa5501099a99993e0000000000c1ab,26755
1788459119.078155,10.551918,rx,-1,0.300000,0.000000,0.300000,0.300000,378,9476,24976,0.295606,-0.037430,1.547758,-0.010455,-0.010283,41,40,1.984497,1.936095,76,80,-1,0,,26755
1788459119.078230,10.551997,rx,-1,0.300000,0.000000,0.300000,0.300000,379,9501,24992,0.302711,0.037406,1.555323,-0.010529,-0.009349,41,42,1.983227,2.031598,77,75,-1,0,,26755
1788459119.078276,10.552044,rx,-1,0.300000,0.000000,0.300000,0.300000,380,9526,25008,0.298872,0.000000,1.562797,-0.010599,-0.009349,41,41,1.981958,1.981958,77,77,-1,0,,26755
1788459119.078288,10.552057,tx,-1,0.300000,0.000000,0.300000,0.300000,,,,,,,,,,,,,,,,,aa5501099a99993e0000000000c1ab,26907
1788459119.089718,10.563486,key,119,0.300000,0.000000,0.300000,0.300000,,,,,,,,,,,,,,,,,aa5501099a99993e0000000000c1ab,26907
1788459119.131988,10.605751,rx,-1,0.300000,0.000000,0.300000,0.300000,381,9550,25016,0.298777,0.000000,1.570271,-0.010669,-0.009349,41,41,1.981324,1.981324,77,78,-1,0,,26907
1788459119.172352,10.646115,rx,-1,0.300000,0.000000,0.300000,0.300000,382,9576,24980,0.299207,0.000000,1.577745,-0.010738,-0.009349,41,41,1.984179,1.984179,77,77,-1,0,,26907
1788459119.172404,10.646172,tx,-1,0.300000,0.000000,0.300000,0.300000,,,,,,,,,,,,,,,,,aa5501099a99993e0000000000c1ab,27051
1788459119.178145,10.651913,key,119,0.300000,0.000000,0.300000,0.300000,,,,,,,,,,,,,,,,,aa5501099a99993e0000000000c1ab,27051
1788459119.186231,10.659994,rx,-1,0.300000,0.000000,0.300000,0.300000,383,9601,25048,0.302034,-0.037323,1.585310,-0.010813,-0.010283,42,41,2.027056,1.978793,74,78,-1,0,,27051
1788459119.186312,10.660079,rx,-1,0.300000,0.000000,0.300000,0.300000,384,9626,24964,0.295748,0.037448,1.592693,-0.010885,-0.009349,40,41,1.937026,1.985451,79,77,-1,0,,27051
1788459119.186323,10.660092,tx,-1,0.300000,0.000000,0.300000,0.300000,,,,,,,,,,,,,,,,,aa5501099a99993e0000000000c1ab,27195
1788459119.239237,10.713000,rx,-1,0.300000,0.000000,0.300000,0.300000,385,9651,24996,0.299016,0.000000,1.600166,-0.010955,-0.009349,41,41,1.982909,1.982909,77,78,-1,0,,27195
1788459119.277353,10.751116,rx,-1,0.300000,0.000000,0.300000,0.300000,386,9676,24996,0.302662,-0.037400,1.607731,-0.011029,-0.010283,42,41,2.031273,1.982909,74,78,-1,0,,27195
1788459119.277389,10.751158,tx,-1,0.300000,0.000000,0.300000,0.300000,,,,,,,,,,,,,,,,,aa5501099a99993e0000000000c1ab,27339
1788459119.283114,10.756882,key,119,0.300000,0.000000,0.300000,0.300000,,,,,,,,,,,,,,,,,aa5501099a99993e0000000000c1ab,27339
1788459119.291235,10.764998,rx,-1,0.300000,0.000000,0.300000,0.300000,387,9701,24996,0.306309,0.000000,1.615388,-0.011108,-0.010283,42,42,2.031273,2.031273,74,75,-1,0,,27339
1788459119.291315,10.765081,rx,-1,0.300000,0.000000,0.300000,0.300000,388,9725,25008,0.309807,0.037382,1.623135,-0.011184,-0.009349,42,43,2.030298,2.078639,74,72,-1,0,,27339
1788459119.291327,10.765095,tx,-1,0.300000,0.000000,0.300000,0.300000,,,,,,,,,,,,,,,,,aa5501099a99993e0000000000c1ab,27483
1788459119.339739,10.813505,key,119,0.300000,0.000000,0.300000,0.300000,,,,,,,,,,,,,,,,,aa5501099a99993e0000000000c1ab,27483
1788459119.342061,10.815823,rx,-1,0.300000,0.000000,0.300000,0.300000,389,9751,24992,0.302711,0.037406,1.630700,-0.011251,-0.008414,41,42,1.983227,2.031598,76,74,-1,0,,27483
1788459119.377130,10.850893,rx,-1,0.300000,0.000000,0.300000,0.300000,390,9776,25016,0.298777,0.074741,1.638174,-0.011307,-0.006544,40,42,1.932999,2.029649,79,74,-1,0,,27483
1788459119.377174,10.850943,tx,-1,0.300000,0.000000,0.300000,0.300000,,,,,,,,,,,,,,,,,aa5501099a99993e0000000000c1ab,27627
1788459119.396232,10.869993,rx,-1,0.300000,0.000000,0.300000,0.300000,391,9801,25000,0.306260,0.000000,1.645830,-0.011357,-0.006544,42,42,2.030948,2.030948,74,74,-1,0,,27627
1788459119.396328,10.870094,rx,-1,0.300000,0.000000,0.300000,0.300000,392,9826,24984,0.302808,0.037418,1.653395,-0.011403,-0.005609,41,42,1.983862,2.032248,76,74,-1,0,,27627
1788459119.396340,10.870108,tx,-1,0.300000,0.000000,0.300000,0.300000,,,,,,,,,,,,,,,,,aa5501099a99993e0000000000c1ab,27771
1788459119.424891,10.898658,key,119,0.300000,0.000000,0.300000,0.300000,,,,,,,,,,,,,,,,,aa5501099a99993e0000000000c1ab,27771
1788459119.449870,10.923635,rx,-1,0.300000,0.000000,0.300000,0.300000,393,9850,25012,0.298824,0.000000,1.660869,-0.011445,-0.005609,41,41,1.981641,1.981641,76,76,-1,0,,27771
1788459119.496991,10.970753,rx,-1,0.300000,0.000000,0.300000,0.300000,394,9876,24992,0.299064,0.000000,1.668344,-0.011487,-0.005609,41,41,1.983227,1.983227,76,76,-1,0,,27771
1788459119.497038,10.970807,tx,-1,0.300000,0.000000,0.300000,0.300000,,,,,,,,,,,,,,,,,aa5501099a99993e0000000000c1ab,27915
1788459119.505174,10.978936,rx,-1,0.300000,0.000000,0.300000,0.300000,395,9901,25044,0.298443,0.000000,1.675818,-0.011529,-0.005609,41,41,1.979109,1.979109,77,77,-1,0,,27915
1788459119.505252,10.979019,rx,-1,0.300000,0.000000,0.300000,0.300000,396,9926,24956,0.292190,0.000000,1.683109,-0.011570,-0.005609,40,40,1.937647,1.937647,79,79,-1,0,,27915
1788459119.505267,10.979036,tx,-1,0.300000,0.000000,0.300000,0.300000,,,,,,,,,,,,,,,,,aa5501099a99993e0000000000c1ab,28123
1788459119.510986,10.984754,key,119,0.300000,0.000000,0.300000,0.300000,,,,,,,,,,,,,,,,,aa5501099a99993e0000000000c1ab,28123
1788459119.558911,11.032674,rx,-1,0.300000,0.000000,0.300000,0.300000,397,9951,25024,0.305966,0.000000,1.690766,-0.011613,-0.005609,42,42,2.029000,2.029000,74,74,-1,0,,28123
1788459119.595544,11.069306,rx,-1,0.300000,0.000000,0.300000,0.300000,398,9976,24988,0.295464,0.037412,1.698149,-0.011651,-0.004674,40,41,1.935165,1.983544,79,76,-1,0,,28123
1788459119.595624,11.069390,rx,-1,0.300000,0.000000,0.300000,0.300000,399,10001,24980,0.295558,-0.037424,1.705532,-0.011689,-0.005609,41,40,1.984179,1.935785,77,79,-1,0,,28123
1788459119.595638,11.069406,tx,-1,0.300000,0.000000,0.300000,0.300000,,,,,,,,,,,,,,,,,aa5501099a99993e0000000000c1ab,28299
1788459119.601359,11.075127,key,119,0.300000,0.000000,0.300000,0.300000,,,,,,,,,,,,,,,,,aa5501099a99993e0000000000c1ab,28299
1788459119.609411,11.083174,rx,-1,0.300000,0.000000,0.300000,0.300000,400,10025,25004,0.284339,0.149553,1.712641,-0.011715,-0.001870,37,41,1.788882,1.982275,88,77,-1,0,,28299
1788459119.609479,11.083246,rx,-1,0.300000,0.000000,0.300000,0.300000,401,10051,24992,0.306358,-0.074813,1.720298,-0.011737,-0.003739,43,41,2.079969,1.983227,72,77,-1,0,,28299
1788459119.609489,11.083257,tx,-1,0.300000,0.000000,0.300000,0.300000,,,,,,,,,,,,,,,,,aa5501099a99993e0000000000c1ab,28474
1788459119.662968,11.136732,rx,-1,0.300000,0.000000,0.300000,0.300000,402,10076,25016,0.306064,-0.074741,1.727954,-0.011773,-0.005609,43,41,2.077974,1.981324,72,77,-1,0,,28474
1788459119.711139,11.184899,rx,-1,0.300000,0.000000,0.300000,0.300000,403,10101,25008,0.298872,0.000000,1.735428,-0.011815,-0.005609,41,41,1.981958,1.981958,77,77,-1,0,,28474
1788459119.711197,11.184965,tx,-1,0.300000,0.000000,0.300000,0.300000,,,,,,,,,,,,,,,,,aa5501099a99993e0000000000c1ab,28618
1788459119.716539,11.190306,key,119,0.300000,0.000000,0.300000,0.300000,,,,,,,,,,,,,,,,,aa5501099a99993e0000000000c1ab,28618
1788459119.718875,11.192637,rx,-1,0.300000,0.000000,0.300000,0.300000,404,10126,24988,0.295464,0.037412,1.742811,-0.011853,-0.004674,40,41,1.935165,1.983544,80,77,-1,0,,28618
1788459119.718968,11.192735,rx,-1,0.300000,0.000000,0.300000,0.300000,405,10150,25004,0.295275,-0.037388,1.750194,-0.011891,-0.005609,41,40,1.982275,1.933927,77,80,-1,0,,28618
1788459119.718984,11.192752,tx,-1,0.300000,0.000000,0.300000,0.300000,,,,,,,,,,,,,,,,,aa5501099a99993e0000000000c1ab,28762
1788459119.764489,11.238253,key,119,0.300000,0.000000,0.300000,0.300000,,,,,,,,,,,,,,,,,aa5501099a99993e0000000000c1ab,28762
1788459119.772684,11.246445,rx,-1,0.300000,0.000000,0.300000,0.300000,406,10176,25036,0.305819,0.000000,1.757851,-0.011933,-0.005609,42,42,2.028028,2.028028,75,75,-1,0,,28762
1788459119.878696,11.352456,rx,-1,0.300000,0.000000,0.300000,0.300000,407,10201,24948,0.299591,0.000000,1.765325,-0.011975,-0.005609,41,41,1.986724,1.986724,77,77,-1,0,,28762
1788459119.924669,11.398433,tx,-1,0.300000,0.000000,0.300000,0.300000,,,,,,,,,,,,,,,,,aa5501099a99993e0000000000c1ab,28906
1788459119.930588,11.404353,key,100,0.000000,-1.200000,0.117000,-0.117000,,,,,,,,,,,,,,,,,aa550109000000009a9999bf001f94,28906
1788459119.933094,11.406855,rx,-1,0.000000,-1.200000,0.117000,-0.117000,408,10226,25032,0.294944,-0.037347,1.772707,-0.012020,-0.006544,41,40,1.980057,1.931763,77,80,-1,0,,28906
1788459119.933177,11.406944,rx,-1,0.000000,-1.200000,0.117000,-0.117000,409,10251,25004,0.302565,0.037388,1.780273,-0.012066,-0.005609,41,42,1.982275,2.030623,77,75,-1,0,,28906
1788459119.933227,11.406994,rx,-1,0.000000,-1.200000,0.117000,-0.117000,410,10275,24992,0.302711,-0.037406,1.787838,-0.012112,-0.006544,42,41,2.031598,1.983227,74,77,-1,0,,28906
1788459119.933273,11.407040,rx,-1,0.000000,-1.200000,0.117000,-0.117000,411,10301,24972,0.302953,-0.037436,1.795403,-0.012165,-0.007479,42,41,2.033225,1.984815,74,77,-1,0,,28906
1788459119.933364,11.407131,rx,-1,0.000000,-1.200000,0.117000,-0.117000,412,10326,25020,0.302372,-0.037364,1.802968,-0.012225,-0.008414,42,41,2.029325,1.981007,74,77,-1,0,,28906
1788459119.933452,11.407217,rx,-1,0.000000,-1.200000,0.117000,-0.117000,413,10351,24984,0.302808,0.037418,1.810533,-0.012285,-0.007479,41,42,1.983862,2.032248,76,74,-1,0,,28906
1788459119.933472,11.407240,tx,-1,0.000000,-1.200000,0.117000,-0.117000,,,,,,,,,,,,,,,,,aa550109000000009a9999bf001f94,29370
1788459119.986539,11.460300,rx,-1,0.000000,-1.200000,0.117000,-0.117000,414,10376,25032,0.302227,0.037347,1.818099,-0.012338,-0.006544,41,42,1.980057,2.028352,77,74,-1,0,,29370
1788459120.053755,11.527516,rx,-1,0.000000,-1.200000,0.117000,-0.117000,415,10401,24980,0.302856,0.037424,1.825664,-0.012384,-0.005609,41,42,1.984179,2.032574,-22,-179,-1,0,,29370
1788459120.053837,11.527604,tx,-1,0.000000,-1.200000,0.117000,-0.117000,,,,,,,,,,,,,,,,,aa550109000000009a9999bf001f94,29546
1788459120.062028,11.535788,rx,-1,0.000000,-1.200000,0.117000,-0.117000,416,10426,25028,0.163884,-0.410878,1.829765,-0.012429,-0.015893,28,17,1.352450,0.821131,9,-125,-1,0,,29546
1788459120.062120,11.535885,rx,-1,0.000000,-1.200000,0.117000,-0.117000,417,10450,24996,-0.040112,-1.383813,1.828763,-0.012395,-0.050482,13,-24,0.628727,-1.160727,49,-23,-1,0,,29546
1788459120.062172,11.535939,rx,-1,0.000000,-1.200000,0.117000,-0.117000,418,10476,24960,-0.062080,-1.535625,1.827217,-0.012287,-0.088812,12,-29,0.581201,-1.404568,52,-8,-1,0,,29546
1788459120.062188,11.535955,tx,-1,0.000000,-1.200000,0.117000,-0.117000,,,,,,,,,,,,,,,,,aa550109000000009a9999bf001f94,29762
1788459120.116175,11.589936,rx,-1,0.000000,-1.200000,0.117000,-0.117000,419,10501,25044,0.014558,-1.343832,1.827580,-0.012326,-0.122466,20,-16,0.965419,-0.772335,30,-40,-1,0,,29762
1788459120.174379,11.648132,rx,-1,0.000000,-1.200000,0.117000,-0.117000,420,10526,24956,0.036524,-1.198729,1.828483,-0.012451,-0.152382,21,-11,1.017264,-0.532853,27,-53,-1,0,,29762
1788459120.174586,11.648348,rx,-1,0.000000,-1.200000,0.117000,-0.117000,421,10551,25040,-0.003640,-1.306712,1.828393,-0.012435,-0.185102,17,-18,0.820737,-0.869016,37,-36,-1,0,,29762
1788459120.174618,11.648385,tx,-1,0.000000,-1.200000,0.117000,-0.117000,,,,,,,,,,,,,,,,,aa550109000000009a9999bf001f94,29914
1788459120.182957,11.656713,rx,-1,0.000000,-1.200000,0.117000,-0.117000,422,10575,24964,0.003651,-1.235793,1.828482,-0.012454,-0.215952,17,-16,0.823236,-0.774810,37,-41,-1,0,,29914
1788459120.183138,11.656901,rx,-1,0.000000,-1.200000,0.117000,-0.117000,423,10601,25012,-0.007288,-1.345551,1.828305,-0.012412,-0.249607,17,-19,0.821656,-0.918321,37,-33,-1,0,,29914
1788459120.183170,11.656937,tx,-1,0.000000,-1.200000,0.117000,-0.117000,,,,,,,,,,,,,,,,,aa550109000000009a9999bf001f94,30058
1788459120.236873,11.710634,rx,-1,0.000000,-1.200000,0.117000,-0.117000,424,10626,25040,0.003640,-1.082704,1.828393,-0.012435,-0.276718,15,-14,0.724180,-0.675901,42,-45,-1,0,,30058
1788459120.290510,11.764268,rx,-1,0.000000,-1.200000,0.117000,-0.117000,425,10651,24980,0.018244,-1.235002,1.828829,-0.012567,-0.307569,19,-14,0.919498,-0.677525,31,-46,-1,0,,30058
1788459120.290570,11.764337,tx,-1,0.000000,-1.200000,0.117000,-0.117000,,,,,,,,,,,,,,,,,aa550109000000009a9999bf001f94,30234
1788459120.296334,11.770101,key,100,0.000000,-1.200000,0.117000,-0.117000,,,,,,,,,,,,,,,,,aa550109000000009a9999bf001f94,30234
1788459120.298814,11.772569,rx,-1,0.000000,-1.200000,0.117000,-0.117000,426,10676,24980,0.010947,-1.309850,1.829089,-0.012654,-0.340289,19,-16,0.919498,-0.774314,31,-41,-1,0,,30234
1788459120.298929,11.772694,rx,-1,0.000000,-1.200000,0.117000,-0.117000,427,10700,24984,0.000000,-1.272222,1.829089,-0.012654,-0.372074,17,-17,0.822577,-0.822577,36,-38,-1,0,,30234
1788459120.298984,11.772750,rx,-1,0.000000,-1.200000,0.117000,-0.117000,428,10726,25016,0.000000,-1.195854,1.829089,-0.012654,-0.401989,16,-16,0.773200,-0.773200,38,-41,-1,0,,30234
1788459120.298995,11.772762,tx,-1,0.000000,-1.200000,0.117000,-0.117000,,,,,,,,,,,,,,,,,aa550109000000009a9999bf001f94,30418
1788459120.351101,11.824860,rx,-1,0.000000,-1.200000,0.117000,-0.117000,429,10750,25004,-0.018227,-1.233816,1.828672,-0.012469,-0.432840,14,-19,0.676874,-0.918615,44,-33,-1,0,,30418
1788459120.403459,11.877220,rx,-1,0.000000,-1.200000,0.117000,-0.117000,430,10776,24996,-0.003647,-1.234211,1.828590,-0.012429,-0.463690,16,-17,0.773818,-0.822182,39,-37,-1,0,,30418
1788459120.403524,11.877291,tx,-1,0.000000,-1.200000,0.117000,-0.117000,,,,,,,,,,,,,,,,,aa550109000000009a9999bf001f94,30562
1788459120.409309,11.883074,key,100,0.000000,-1.200000,0.117000,-0.117000,,,,,,,,,,,,,,,,,aa550109000000009a9999bf001f94,30562
1788459120.411760,11.885522,rx,-1,0.000000,-1.200000,0.117000,-0.117000,431,10801,25000,0.029168,-1.271408,1.829237,-0.012766,-0.495475,21,-13,1.015474,-0.628627,25,-48,-1,0,,30562
1788459120.411836,11.885602,rx,-1,0.000000,-1.200000,0.117000,-0.117000,432,10826,25028,0.000000,-1.120576,1.829237,-0.012766,-0.523521,15,-15,0.724527,-0.724527,40,-43,-1,0,,30562
1788459120.411851,11.885618,tx,-1,0.000000,-1.200000,0.117000,-0.117000,,,,,,,,,,,,,,,,,aa550109000000009a9999bf001f94,30738
1788459120.445391,11.919157,key,100,0.000000,-1.200000,0.117000,-0.117000,,,,,,,,,,,,,,,,,aa550109000000009a9999bf001f94,30738
1788459120.464478,11.938242,rx,-1,0.000000,-1.200000,0.117000,-0.117000,433,10851,24992,0.000000,-1.271815,1.829237,-0.012766,-0.555306,17,-17,0.822313,-0.822313,35,-38,-1,0,,30738
1788459120.502610,11.976371,rx,-1,0.000000,-1.200000,0.117000,-0.117000,434,10875,24976,-0.010948,-1.384921,1.829007,-0.012618,-0.589896,17,-20,0.822840,-0.968047,35,-30,-1,0,,30738
1788459120.502659,11.976426,tx,-1,0.000000,-1.200000,0.117000,-0.117000,,,,,,,,,,,,,,,,,aa550109000000009a9999bf001f94,30882
1788459120.516517,11.990278,rx,-1,0.000000,-1.200000,0.117000,-0.117000,435,10901,25016,-0.003644,-1.083743,1.828932,-0.012566,-0.617007,14,-15,0.676550,-0.724875,43,-42,-1,0,,30882
1788459120.516596,11.990361,rx,-1,0.000000,-1.200000,0.117000,-0.117000,436,10926,25012,0.018221,-1.158669,1.829300,-0.012835,-0.645987,18,-13,0.869989,-0.628325,32,-48,-1,0,,30882
1788459120.516614,11.990381,tx,-1,0.000000,-1.200000,0.117000,-0.117000,,,,,,,,,,,,,,,,,aa550109000000009a9999bf001f94,31058
1788459120.527415,12.001181,key,100,0.000000,-1.200000,0.117000,-0.117000,,,,,,,,,,,,,,,,,aa550109000000009a9999bf001f94,31058
1788459120.569138,12.042900,rx,-1,0.000000,-1.200000,0.117000,-0.117000,437,10951,24964,-0.003651,-1.160897,1.829228,-0.012779,-0.674968,15,-16,0.726385,-0.774810,40,-41,-1,0,,31058
1788459120.609123,12.082883,rx,-1,0.000000,-1.200000,0.117000,-0.117000,438,10976,25012,-0.014577,-1.196045,1.828946,-0.012547,-0.704884,14,-18,0.676658,-0.869989,43,-35,-1,0,,31058
1788459120.609205,12.082971,rx,-1,0.000000,-1.200000,0.117000,-0.117000,439,11000,25008,-0.007290,-1.196236,1.828809,-0.012427,-0.734799,15,-17,0.725106,-0.821787,41,-38,-1,0,,31058
1788459120.609219,12.082986,tx,-1,0.000000,-1.200000,0.117000,-0.117000,,,,,,,,,,,,,,,,,aa550109000000009a9999bf001f94,31234
1788459120.614945,12.088712,key,100,0.000000,-1.200000,0.117000,-0.117000,,,,,,,,,,,,,,,,,aa550109000000009a9999bf001f94,31234
1788459120.623139,12.096902,rx,-1,0.000000,-1.200000,0.117000,-0.117000,440,11026,24976,0.000000,-1.197769,1.828809,-0.012427,-0.764715,16,-16,0.774438,-0.774438,38,-40,-1,0,,31234
1788459120.623210,12.096976,rx,-1,0.000000,-1.200000,0.117000,-0.117000,441,11051,25020,-0.010929,-1.307756,1.828615,-0.012234,-0.797435,16,-19,0.773076,-0.918028,38,-32,-1,0,,31234
1788459120.623220,12.096987,tx,-1,0.000000,-1.200000,0.117000,-0.117000,,,,,,,,,,,,,,,,,aa550109000000009a9999bf001f94,31409
1788459120.676600,12.150363,rx,-1,0.000000,-1.200000,0.117000,-0.117000,442,11076,24980,0.003649,-1.160153,1.828678,-0.012300,-0.826415,16,-15,0.774314,-0.725919,38,-42,-1,0,,31409
1788459120.717475,12.191236,rx,-1,0.000000,-1.200000,0.117000,-0.117000,443,11101,25008,0.003645,-1.383148,1.828738,-0.012368,-0.861005,19,-18,0.918468,-0.870128,30,-34,-1,0,,31409
1788459120.717525,12.191292,tx,-1,0.000000,-1.200000,0.117000,-0.117000,,,,,,,,,,,,,,,,,aa550109000000009a9999bf001f94,31553
1788459120.723253,12.197020,key,100,0.000000,-1.200000,0.117000,-0.117000,,,,,,,,,,,,,,,,,aa550109000000009a9999bf001f94,31553
1788459120.731374,12.205135,rx,-1,0.000000,-1.200000,0.117000,-0.117000,444,11126,25016,0.010931,-1.233224,1.828913,-0.012579,-0.891855,18,-15,0.869850,-0.724875,32,-42,-1,0,,31553
1788459120.731453,12.205218,rx,-1,0.000000,-1.200000,0.117000,-0.117000,445,11151,25000,-0.010938,-1.308802,1.828745,-0.012363,-0.924575,16,-19,0.773694,-0.918762,37,-31,-1,0,,31553
1788459120.731464,12.205231,tx,-1,0.000000,-1.200000,0.117000,-0.117000,,,,,,,,,,,,,,,,,aa550109000000009a9999bf001f94,31697
1788459120.777063,12.250829,key,100,0.000000,-1.200000,0.117000,-0.117000,,,,,,,,,,,,,,,,,aa550109000000009a9999bf001f94,31697
1788459120.785209,12.258972,rx,-1,0.000000,-1.200000,0.117000,-0.117000,446,11175,25024,-0.010927,-1.307547,1.828584,-0.012142,-0.957295,16,-19,0.772952,-0.917881,37,-31,-1,0,,31697
1788459120.826418,12.300180,rx,-1,0.000000,-1.200000,0.117000,-0.117000,447,11201,24952,-0.010959,-1.086522,1.828430,-0.011916,-0.984406,13,-16,0.629836,-0.775183,46,-38,-1,0,,31697
1788459120.826466,12.300233,tx,-1,0.000000,-1.200000,0.117000,-0.117000,,,,,,,,,,,,,,,,,aa550109000000009a9999bf001f94,31841
1788459120.840332,12.314093,rx,-1,0.000000,-1.200000,0.117000,-0.117000,448,11226,25012,0.025509,-1.158669,1.828775,-0.012453,-1.013387,19,-12,0.918321,-0.579992,30,-49,-1,0,,31841
1788459120.840427,12.314192,rx,-1,0.000000,-1.200000,0.117000,-0.117000,449,11251,25008,0.010934,-1.233619,1.828916,-0.012687,-1.044237,18,-15,0.870128,-0.725106,32,-42,-1,0,,31841
1788459120.840440,12.314207,tx,-1,0.000000,-1.200000,0.117000,-0.117000,,,,,,,,,,,,,,,,,aa550109000000009a9999bf001f94,31985
1788459120.863019,12.336784,key,100,0.000000,-1.200000,0.117000,-0.117000,,,,,,,,,,,,,,,,,aa550109000000009a9999bf001f94,31985
1788459120.893945,12.367708,rx,-1,0.000000,-1.200000,0.117000,-0.117000,450,11276,25016,-0.025505,-1.233224,1.828604,-0.012131,-1.075088,13,-20,0.628225,-0.966500,45,-29,-1,0,,31985
1788459120.934832,12.408595,rx,-1,0.000000,-1.200000,0.117000,-0.117000,451,11300,25004,0.007291,-1.196428,1.828688,-0.012292,-1.105003,17,-15,0.821919,-0.725223,35,-41,-1,0,,31985
1788459120.934881,12.408648,tx,-1,0.000000,-1.200000,0.117000,-0.117000,,,,,,,,,,,,,,,,,aa550109000000009a9999bf001f94,32161
1788459120.946344,12.420110,key,100,0.000000,-1.200000,0.117000,-0.117000,,,,,,,,,,,,,,,,,aa550109000000009a9999bf001f94,32161
1788459120.948789,12.422554,rx,-1,0.000000,-1.200000,0.117000,-0.117000,452,11326,24964,0.007302,-1.048552,1.828768,-0.012456,-1.131179,15,-13,0.726385,-0.629533,40,-47,-1,0,,32161
1788459120.948849,12.422614,rx,-1,0.000000,-1.200000,0.117000,-0.117000,453,11351,25028,0.007284,-1.269986,1.828843,-0.012622,-1.162964,18,-16,0.869433,-0.772829,32,-39,-1,0,,32161
1788459120.948895,12.422661,rx,-1,0.000000,-1.200000,0.117000,-0.117000,454,11376,24972,-0.021900,-1.272834,1.828634,-0.012117,-1.194750,14,-20,0.677742,-0.968202,43,-29,-1,0,,32161
1788459120.948904,12.422671,tx,-1,0.000000,-1.200000,0.117000,-0.117000,,,,,,,,,,,,,,,,,aa550109000000009a9999bf001f94,32345
1788459121.002147,12.475908,rx,-1,0.000000,-1.200000,0.117000,-0.117000,455,11401,25004,-0.003645,-1.084263,1.828602,-0.012032,-1.221861,14,-15,0.676874,-0.725223,43,-41,-1,0,,32345
1788459121.044743,12.518504,rx,-1,0.000000,-1.200000,0.117000,-0.117000,456,11426,24996,-0.003647,-1.234211,1.828572,-0.011946,-1.252711,16,-17,0.773818,-0.822182,38,-36,-1,0,,32345
1788459121.044804,12.518570,tx,-1,0.000000,-1.200000,0.117000,-0.117000,,,,,,,,,,,,,,,,,aa550109000000009a9999bf001f94,32489
1788459121.050568,12.524333,key,100,0.000000,-1.200000,0.117000,-0.117000,,,,,,,,,,,,,,,,,aa550109000000009a9999bf001f94,32489
1788459121.053043,12.526804,rx,-1,0.000000,-1.200000,0.117000,-0.117000,457,11451,25012,0.000000,-1.270798,1.828572,-0.011946,-1.284496,17,-17,0.821656,-0.821656,35,-36,-1,0,,32489
1788459121.053137,12.526902,rx,-1,0.000000,-1.200000,0.117000,-0.117000,458,11475,24996,0.021879,-1.196811,1.828719,-0.012472,-1.314412,19,-13,0.918909,-0.628727,29,-46,-1,0,,32489
1788459121.053150,12.526917,tx,-1,0.000000,-1.200000,0.117000,-0.117000,,,,,,,,,,,,,,,,,aa550109000000009a9999bf001f94,32633
1788459121.106766,12.580529,rx,-1,0.000000,-1.200000,0.117000,-0.117000,459,11501,24988,-0.007295,-1.047545,1.828675,-0.012296,-1.340588,13,-15,0.628929,-0.725687,46,-42,-1,0,,32633
1788459121.159395,12.633154,rx,-1,0.000000,-1.200000,0.117000,-0.117000,460,11526,25004,-0.010936,-1.159040,1.828616,-0.012028,-1.369568,14,-17,0.676874,-0.821919,43,-37,-1,0,,32633
1788459121.159451,12.633217,tx,-1,0.000000,-1.200000,0.117000,-0.117000,,,,,,,,,,,,,,,,,aa550109000000009a9999bf001f94,32777
1788459121.165177,12.638944,key,100,0.000000,-1.200000,0.117000,-0.117000,,,,,,,,,,,,,,,,,aa550109000000009a9999bf001f94,32777
1788459121.167647,12.641408,rx,-1,0.000000,-1.200000,0.117000,-0.117000,461,11551,25028,-0.014567,-1.344691,1.828550,-0.011670,-1.403223,16,-20,0.772829,-0.966036,38,-28,-1,0,,32777
1788459121.167728,12.641493,rx,-1,0.000000,-1.200000,0.117000,-0.117000,462,11576,25000,-0.003646,-1.308802,1.828536,-0.011580,-1.435943,17,-18,0.822050,-0.870406,35,-33,-1,0,,32777
1788459121.167739,12.641506,tx,-1,0.000000,-1.200000,0.117000,-0.117000,,,,,,,,,,,,,,,,,aa550109000000009a9999bf001f94,32921
1788459121.196365,12.670130,key,100,0.000000,-1.200000,0.117000,-0.117000,,,,,,,,,,,,,,,,,aa550109000000009a9999bf001f94,32921
1788459121.221247,12.695008,rx,-1,0.000000,-1.200000,0.117000,-0.117000,463,11601,25020,0.003643,-1.158298,1.828547,-0.011670,-1.464924,16,-15,0.773076,-0.724759,38,-40,-1,0,,32921
1788459121.267983,12.741739,rx,-1,0.000000,-1.200000,0.117000,-0.117000,464,11626,24964,0.010954,-1.011104,1.828572,-0.011943,-1.490165,15,-12,0.726385,-0.581108,41,-49,-1,0,,32921
1788459121.268055,12.741822,tx,-1,0.000000,-1.200000,0.117000,-0.117000,,,,,,,,,,,,,,,,,aa550109000000009a9999bf001f94,33097
1788459121.276250,12.750007,rx,-1,0.000000,-1.200000,0.117000,-0.117000,465,11651,24988,0.003648,-1.159782,1.828578,-0.012034,-1.519146,16,-15,0.774066,-0.725687,38,-41,-1,0,,33097
1788459121.276349,12.750114,rx,-1,0.000000,-1.200000,0.117000,-0.117000,466,11676,25016,-0.003644,-1.233224,1.828575,-0.011943,-1.549996,16,-17,0.773200,-0.821525,38,-36,-1,0,,33097
1788459121.276368,12.750134,tx,-1,0.000000,-1.200000,0.117000,-0.117000,,,,,,,,,,,,,,,,,aa550109000000009a9999bf001f94,33273
1788459121.287842,12.761607,key,100,0.000000,-1.200000,0.117000,-0.117000,,,,,,,,,,,,,,,,,aa550109000000009a9999bf001f94,33273
1788459121.329498,12.803260,rx,-1,0.000000,-1.200000,0.117000,-0.117000,467,11701,24996,0.000000,-1.196811,1.828575,-0.011943,-1.579911,16,-16,0.773818,-0.773818,38,-39,-1,0,,33273
1788459121.411280,12.885039,rx,-1,0.000000,-1.200000,0.117000,-0.117000,468,11726,25008,0.003645,-1.158854,1.828573,-0.012034,-1.608892,16,-15,0.773447,-0.725106,38,-41,-1,0,,33273
1788459121.411364,12.885129,rx,-1,0.000000,-1.200000,0.117000,-0.117000,469,11751,24976,0.014598,-1.347490,1.828553,-0.012398,-1.642547,20,-16,0.968047,-0.774438,27,-39,-1,0,,33273
1788459121.411380,12.885146,tx,-1,0.000000,-1.200000,0.117000,-0.117000,,,,,,,,,,,,,,,,,aa550109000000009a9999bf001f94,33425
1788459121.417149,12.890914,key,100,0.000000,-1.200000,0.117000,-0.117000,,,,,,,,,,,,,,,,,aa550109000000009a9999bf001f94,33425
1788459121.419623,12.893382,rx,-1,0.000000,-1.200000,0.117000,-0.117000,470,11776,25012,-0.003644,-1.382927,1.828561,-0.012307,-1.677137,18,-19,0.869989,-0.918321,32,-31,-1,0,,33425
1788459121.419723,12.893487,rx,-1,0.000000,-1.200000,0.117000,-0.117000,471,11801,25012,-0.003644,-1.009163,1.828572,-0.012216,-1.702378,13,-14,0.628325,-0.676658,46,-44,-1,0,,33425
1788459121.419787,12.893552,rx,-1,0.000000,-1.200000,0.117000,-0.117000,472,11826,25000,0.014584,-1.196619,1.828519,-0.012577,-1.732293,18,-14,0.870406,-0.676983,32,-44,-1,0,,33425
1788459121.419799,12.893565,tx,-1,0.000000,-1.200000,0.117000,-0.117000,,,,,,,,,,,,,,,,,aa550109000000009a9999bf001f94,33641
1788459121.447943,12.921708,key,100,0.000000,-1.200000,0.117000,-0.117000,,,,,,,,,,,,,,,,,aa550109000000009a9999bf001f94,33641
1788459121.472414,12.946176,rx,-1,0.000000,-1.200000,0.117000,-0.117000,473,11851,24992,0.007294,-1.346628,1.828486,-0.012757,-1.765948,19,-17,0.919056,-0.822313,29,-37,-1,0,,33641
1788459121.508561,12.982321,rx,-1,0.000000,-1.200000,0.117000,-0.117000,474,11876,24988,-0.010943,-1.159782,1.828543,-0.012489,-1.794929,14,-17,0.677308,-0.822445,42,-36,-1,0,,33641
1788459121.508611,12.982378,tx,-1,0.000000,-1.200000,0.117000,-0.117000,,,,,,,,,,,,,,,,,aa550109000000009a9999bf001f94,33785
1788459121.528066,13.001826,rx,-1,0.000000,-1.200000,0.117000,-0.117000,475,11900,25048,-0.007278,-1.343617,1.828587,-0.012312,-1.828584,17,-19,0.820475,-0.917001,35,-31,-1,0,,33785
1788459121.528153,13.001918,rx,-1,0.000000,-1.200000,0.117000,-0.117000,476,11926,24972,-0.007300,-1.197961,1.828636,-0.012136,-1.858499,15,-17,0.726152,-0.822972,40,-36,-1,0,,33785
1788459121.528172,13.001938,tx,-1,0.000000,-1.200000,0.117000,-0.117000,,,,,,,,,,,,,,,,,aa550109000000009a9999bf001f94,33993
1788459121.533896,13.007661,key,100,0.000000,-1.200000,0.117000,-0.117000,,,,,,,,,,,,,,,,,aa550109000000009a9999bf001f94,33993
1788459121.579544,13.053303,rx,-1,0.000000,-1.200000,0.117000,-0.117000,477,11951,25008,-0.003645,-1.158854,1.828663,-0.012049,-1.887480,15,-16,0.725106,-0.773447,40,-38,-1,0,,33993
1788459121.618245,13.092003,rx,-1,0.000000,-1.200000,0.117000,-0.117000,478,11976,24972,0.007300,-1.123089,1.828604,-0.012222,-1.915526,16,-14,0.774562,-0.677742,37,-43,-1,0,,33993
1788459121.618288,13.092054,tx,-1,0.000000,-1.200000,0.117000,-0.117000,,,,,,,,,,,,,,,,,aa550109000000009a9999bf001f94,34137
1788459121.624030,13.097796,key,100,0.000000,-1.200000,0.117000,-0.117000,,,,,,,,,,,,,,,,,aa550109000000009a9999bf001f94,34137
1788459121.631753,13.105512,rx,-1,0.000000,-1.200000,0.117000,-0.117000,479,12001,25004,-0.003645,-1.308593,1.828636,-0.012137,-1.948246,17,-18,0.821919,-0.870267,35,-33,-1,0,,34137
1788459121.631872,13.105637,rx,-1,0.000000,-1.200000,0.117000,-0.117000,480,12025,25036,0.018204,-1.306921,1.828461,-0.012557,-1.980966,20,-15,0.965727,-0.724296,26,-41,-1,0,,34137
1788459121.631929,13.105694,rx,-1,0.000000,-1.200000,0.117000,-0.117000,481,12051,24964,-0.003651,-1.310690,1.828499,-0.012474,-2.013686,17,-18,0.823236,-0.871661,34,-33,-1,0,,34137
1788459121.631942,13.105708,tx,-1,0.000000,-1.200000,0.117000,-0.117000,,,,,,,,,,,,,,,,,aa550109000000009a9999bf001f94,34344
1788459121.685162,13.158925,rx,-1,0.000000,-1.200000,0.117000,-0.117000,482,12076,25024,-0.018212,-1.158113,1.828700,-0.012066,-2.042666,13,-18,0.628024,-0.869571,45,-33,-1,0,,34344
1788459121.723931,13.197690,rx,-1,0.000000,-1.200000,0.117000,-0.117000,483,12101,24996,0.007293,-1.271611,1.828614,-0.012227,-2.074452,18,-16,0.870546,-0.773818,31,-37,-1,0,,34344
1788459121.723976,13.197741,tx,-1,0.000000,-1.200000,0.117000,-0.117000,,,,,,,,,,,,,,,,,aa550109000000009a9999bf001f94,34488
1788459121.729729,13.203495,key,100,0.000000,-1.200000,0.117000,-0.117000,,,,,,,,,,,,,,,,,aa550109000000009a9999bf001f94,34488
1788459121.738007,13.211767,rx,-1,0.000000,-1.200000,0.117000,-0.117000,484,12126,25012,0.018221,-1.158669,1.828389,-0.012623,-2.103432,18,-13,0.869989,-0.628325,31,-45,-1,0,,34488
1788459121.738090,13.211854,rx,-1,0.000000,-1.200000,0.117000,-0.117000,485,12151,24964,-0.010954,-1.160897,1.828531,-0.012389,-2.132413,14,-17,0.677959,-0.823236,42,-35,-1,0,,34488
1788459121.738102,13.211868,tx,-1,0.000000,-1.200000,0.117000,-0.117000,,,,,,,,,,,,,,,,,aa550109000000009a9999bf001f94,34632
1788459121.782867,13.256631,key,100,0.000000,-1.200000,0.117000,-0.117000,,,,,,,,,,,,,,,,,aa550109000000009a9999bf001f94,34632
1788459121.791062,13.264822,rx,-1,0.000000,-1.200000,0.117000,-0.117000,486,12176,25020,0.007286,-1.195663,1.828431,-0.012542,-2.162329,17,-15,0.821393,-0.724759,34,-41,-1,0,,34632
1788459121.832173,13.305933,rx,-1,0.000000,-1.200000,0.117000,-0.117000,487,12200,25016,0.000000,-1.121113,1.828431,-0.012542,-2.190374,15,-15,0.724875,-0.724875,39,-41,-1,0,,34632
1788459121.832221,13.305987,tx,-1,0.000000,-1.200000,0.117000,-0.117000,,,,,,,,,,,,,,,,,aa550109000000009a9999bf001f94,34776
1788459121.846084,13.319845,rx,-1,0.000000,-1.200000,0.117000,-0.117000,488,12226,24968,-0.010952,-1.235595,1.828594,-0.012322,-2.221225,15,-18,0.726268,-0.871522,39,-33,-1,0,,34776
1788459121.846166,13.319930,rx,-1,0.000000,-1.200000,0.117000,-0.117000,489,12251,25036,0.003641,-1.157558,1.828537,-0.012393,-2.250206,16,-15,0.772582,-0.724296,37,-41,-1,0,,34776
1788459121.846178,13.319944,tx,-1,0.000000,-1.200000,0.117000,-0.117000,,,,,,,,,,,,,,,,,aa550109000000009a9999bf001f94,34920
1788459121.868972,13.342736,key,100,0.000000,-1.200000,0.117000,-0.117000,,,,,,,,,,,,,,,,,aa550109000000009a9999bf001f94,34920
1788459121.899784,13.373546,rx,-1,0.000000,-1.200000,0.117000,-0.117000,490,12276,25000,-0.003646,-1.234014,1.828596,-0.012323,-2.281056,16,-17,0.773694,-0.822050,37,-36,-1,0,,34920
1788459121.940291,13.414053,rx,-1,0.000000,-1.200000,0.117000,-0.117000,491,12301,24992,0.007294,-1.346628,1.828475,-0.012460,-2.314711,19,-17,0.919056,-0.822313,28,-35,-1,0,,34920
1788459121.940332,13.414098,tx,-1,0.000000,-1.200000,0.117000,-0.117000,,,,,,,,,,,,,,,,,aa550109000000009a9999bf001f94,35064
1788459121.951735,13.425500,key,100,0.000000,-1.200000,0.117000,-0.117000,,,,,,,,,,,,,,,,,aa550109000000009a9999bf001f94,35064
1788459121.954261,13.428023,rx,-1,0.000000,-1.200000,0.117000,-0.117000,492,12325,24980,0.003649,-1.010456,1.828412,-0.012526,-2.339952,14,-13,0.677525,-0.629130,42,-46,-1,0,,35064
1788459121.954322,13.428087,rx,-1,0.000000,-1.200000,0.117000,-0.117000,493,12351,25000,-0.010938,-1.159225,1.828605,-0.012332,-2.368933,14,-17,0.676983,-0.822050,42,-36,-1,0,,35064
1788459121.954332,13.428098,tx,-1,0.000000,-1.200000,0.117000,-0.117000,,,,,,,,,,,,,,,,,aa550109000000009a9999bf001f94,35208
1788459122.007932,13.481694,rx,-1,0.000000,-1.200000,0.117000,-0.117000,494,12376,24984,0.018241,-1.234804,1.828274,-0.012645,-2.399783,19,-14,0.919351,-0.677416,29,-44,-1,0,,35208
1788459122.045861,13.519621,rx,-1,0.000000,-1.200000,0.117000,-0.117000,495,12401,25008,0.003645,-1.084089,1.828206,-0.012706,-2.426894,15,-14,0.725106,-0.676766,39,-44,-1,0,,35208
1788459122.045912,13.519678,tx,-1,0.000000,-1.200000,0.117000,-0.117000,,,,,,,,,,,,,,,,,aa550109000000009a9999bf001f94,35416
1788459122.051649,13.525414,key,100,0.000000,-1.200000,0.117000,-0.117000,,,,,,,,,,,,,,,,,aa550109000000009a9999bf001f94,35416
1788459122.059810,13.533569,rx,-1,0.000000,-1.200000,0.117000,-0.117000,496,12426,25012,0.010933,-1.233422,1.827997,-0.012882,-2.457744,18,-15,0.869989,-0.724991,31,-42,-1,0,,35416
1788459122.059895,13.533659,rx,-1,0.000000,-1.200000,0.117000,-0.117000,497,12451,25012,0.003644,-1.233422,1.827925,-0.012938,-2.488595,17,-16,0.821656,-0.773323,34,-39,-1,0,,35416
1788459122.059913,13.533679,tx,-1,0.000000,-1.200000,0.117000,-0.117000,,,,,,,,,,,,,,,,,aa550109000000009a9999bf001f94,35560
1788459122.113527,13.587288,rx,-1,0.000000,-1.200000,0.117000,-0.117000,498,12476,24984,0.003648,-1.159967,1.827852,-0.012993,-2.517576,16,-15,0.774190,-0.725803,36,-42,-1,0,,35560
1788459122.153651,13.627406,rx,-1,0.000000,-1.200000,0.117000,-0.117000,499,12500,24992,0.000000,-1.197002,1.827852,-0.012993,-2.547491,16,-16,0.773942,-0.773942,36,-40,-1,0,,35560
1788459122.153768,13.627532,rx,-1,0.000000,-1.200000,0.117000,-0.117000,500,12526,25016,-0.007287,-1.046372,1.828004,-0.012893,-2.573667,13,-15,0.628225,-0.724875,45,-42,-1,0,,35560
1788459122.153782,13.627547,tx,-1,0.000000,-1.200000,0.117000,-0.117000,,,,,,,,,,,,,,,,,aa550109000000009a9999bf001f94,35712
1788459122.159557,13.633323,key,100,0.000000,-1.200000,0.117000,-0.117000,,,,,,,,,,,,,,,,,aa550109000000009a9999bf001f94,35712
1788459122.167762,13.641521,rx,-1,0.000000,-1.200000,0.117000,-0.117000,501,12551,24992,-0.003647,-1.084783,1.828082,-0.012845,-2.600778,14,-15,0.677199,-0.725571,42,-42,-1,0,,35712
1788459122.167841,13.641605,rx,-1,0.000000,-1.200000,0.117000,-0.117000,502,12576,25016,0.003644,-1.233224,1.828003,-0.012890,-2.631628,17,-16,0.821525,-0.773200,34,-40,-1,0,,35712
1788459122.167853,13.641618,tx,-1,0.000000,-1.200000,0.117000,-0.117000,,,,,,,,,,,,,,,,,aa550109000000009a9999bf001f94,35856
1788459122.202002,13.675767,key,100,0.000000,-1.200000,0.117000,-0.117000,,,,,,,,,,,,,,,,,aa550109000000009a9999bf001f94,35856
1788459122.221224,13.694986,rx,-1,0.000000,-1.200000,0.117000,-0.117000,503,12601,24996,0.000000,-1.421213,1.828003,-0.012890,-2.667153,19,-19,0.918909,-0.918909,29,-32,-1,0,,35856
1788459122.260247,13.734007,rx,-1,0.000000,-1.200000,0.117000,-0.117000,504,12625,25004,0.000000,-1.046874,1.828003,-0.012890,-2.693329,14,-14,0.676874,-0.676874,42,-45,-1,0,,35856
1788459122.260292,13.734058,tx,-1,0.000000,-1.200000,0.117000,-0.117000,,,,,,,,,,,,,,,,,aa550109000000009a9999bf001f94,36000
1788459122.274134,13.747894,rx,-1,0.000000,-1.200000,0.117000,-0.117000,505,12651,24988,-0.003648,-1.234606,1.828086,-0.012852,-2.724179,16,-17,0.774066,-0.822445,37,-37,-1,0,,36000
1788459122.274225,13.747989,rx,-1,0.000000,-1.200000,0.117000,-0.117000,506,12676,25024,0.000000,-1.046038,1.828086,-0.012852,-2.750355,14,-14,0.676333,-0.676333,42,-45,-1,0,,36000
1788459122.274240,13.748005,tx,-1,0.000000,-1.200000,0.117000,-0.117000,,,,,,,,,,,,,,,,,aa550109000000009a9999bf001f94,36144
1788459122.285719,13.759483,key,100,0.000000,-1.200000,0.117000,-0.117000,,,,,,,,,,,,,,,,,aa550109000000009a9999bf001f94,36144
1788459122.296788,13.770552,key,97,0.000000,1.200000,-0.117000,0.117000,,,,,,,,,,,,,,,,,aa550109000000009a99993f00878f,36144
1788459122.327147,13.800906,rx,-1,0.000000,1.200000,-0.117000,0.117000,507,12701,24996,-0.007293,-1.196811,1.828255,-0.012785,-2.780271,15,-17,0.725455,-0.822182,40,-37,-1,0,,36144
1788459122.379455,13.853213,rx,-1,0.000000,1.200000,-0.117000,0.117000,508,12726,24996,0.018233,-1.309012,1.827826,-0.012939,-2.812991,20,-15,0.967273,-0.725455,26,-43,-1,0,,36144
1788459122.379505,13.853270,tx,-1,0.000000,1.200000,-0.117000,0.117000,,,,,,,,,,,,,,,,,aa550109000000009a99993f00878f,36288
1788459122.387729,13.861488,rx,-1,0.000000,1.200000,-0.117000,0.117000,509,12750,25004,0.003645,-1.308593,1.827740,-0.012967,-2.845711,18,-17,0.870267,-0.821919,-122,113,-1,0,,36288
1788459122.387809,13.861573,rx,-1,0.000000,1.200000,-0.117000,0.117000,510,12776,24964,-0.007302,0.449379,1.827914,-0.012913,-2.834493,-7,5,-0.338979,0.242128,-59,61,-1,0,,36288
1788459122.387827,13.861593,tx,-1,0.000000,1.200000,-0.117000,0.117000,,,,,,,,,,,,,,,,,aa550109000000009a99993f00878f,36496
1788459122.441334,13.915095,rx,-1,0.000000,1.200000,-0.117000,0.117000,511,12801,25040,0.003640,1.680058,1.827827,-0.012943,-2.792424,-22,23,-1.062130,1.110409,-19,16,-1,0,,36496
1788459122.477382,13.951136,rx,-1,0.000000,1.200000,-0.117000,0.117000,512,12826,24964,-0.007302,1.348138,1.827998,-0.012877,-2.758769,-19,17,-0.920087,0.823236,-26,30,-1,0,,36496
1788459122.477511,13.951275,rx,-1,0.000000,1.200000,-0.117000,0.117000,513,12851,25008,-0.025513,1.009325,1.828586,-0.012632,-2.733528,-17,10,-0.821787,0.483404,-31,49,-1,0,,36496
1788459122.477525,13.951290,tx,-1,0.000000,1.200000,-0.117000,0.117000,,,,,,,,,,,,,,,,,aa550109000000009a99993f00878f,36648
1788459122.491358,13.965119,rx,-1,0.000000,1.200000,-0.117000,0.117000,514,12876,24992,-0.010941,0.935158,1.828836,-0.012520,-2.710156,-14,11,-0.677199,0.532085,-40,47,-1,0,,36648
1788459122.491426,13.965190,rx,-1,0.000000,1.200000,-0.117000,0.117000,515,12901,25004,0.014581,1.196428,1.828507,-0.012677,-2.680241,-14,18,-0.676874,0.870267,-40,30,-1,0,,36648
1788459122.491436,13.965201,tx,-1,0.000000,1.200000,-0.117000,0.117000,,,,,,,,,,,,,,,,,aa550109000000009a99993f00878f,36792
1788459122.544693,14.018456,rx,-1,0.000000,1.200000,-0.117000,0.117000,516,12925,25024,0.007285,1.270189,1.828345,-0.012761,-2.648456,-16,18,-0.772952,0.869571,-35,30,-1,0,,36792
1788459122.586060,14.059819,rx,-1,0.000000,1.200000,-0.117000,0.117000,517,12951,24968,-0.003651,1.160711,1.828425,-0.012717,-2.619475,-16,15,-0.774686,0.726268,-35,37,-1,0,,36792
1788459122.586103,14.059868,tx,-1,0.000000,1.200000,-0.117000,0.117000,,,,,,,,,,,,,,,,,aa550109000000009a99993f00878f,36936
1788459122.599906,14.073666,rx,-1,0.000000,1.200000,-0.117000,0.117000,518,12976,25008,-0.003645,1.084089,1.828503,-0.012670,-2.592364,-15,14,-0.725106,0.676766,-38,40,-1,0,,36936
1788459122.599981,14.073745,rx,-1,0.000000,1.200000,-0.117000,0.117000,519,13001,25004,-0.003645,1.159040,1.828580,-0.012622,-2.563383,-16,15,-0.773571,0.725223,-35,38,-1,0,,36936
1788459122.600036,14.073801,tx,-1,0.000000,1.200000,-0.117000,0.117000,,,,,,,,,,,,,,,,,aa550109000000009a99993f00878f,37135
1788459122.652177,14.125937,rx,-1,0.000000,1.200000,-0.117000,0.117000,520,13026,25008,0.003645,1.233619,1.828505,-0.012673,-2.532533,-16,17,-0.773447,0.821787,-35,33,-1,0,,37135
1788459122.687925,14.161685,rx,-1,0.000000,1.200000,-0.117000,0.117000,521,13050,24980,0.014595,1.047880,1.828209,-0.012885,-2.506357,-12,16,-0.580735,0.774314,-46,35,-1,0,,37135
1788459122.687969,14.161735,tx,-1,0.000000,1.200000,-0.117000,0.117000,,,,,,,,,,,,,,,,,aa550109000000009a99993f00878f,37279
1788459122.707637,14.181398,rx,-1,0.000000,1.200000,-0.117000,0.117000,522,13076,25012,-0.007288,0.971787,1.828354,-0.012775,-2.482051,-14,12,-0.676658,0.579992,-41,46,-1,0,,37279
1788459122.707716,14.181479,rx,-1,0.000000,1.200000,-0.117000,0.117000,523,13101,25004,-0.021872,1.196428,1.828781,-0.012434,-2.452135,-19,13,-0.918615,0.628526,-28,44,-1,0,,37279
1788459122.707728,14.181494,tx,-1,0.000000,1.200000,-0.117000,0.117000,,,,,,,,,,,,,,,,,aa550109000000009a99993f00878f,37423
1788459122.760943,14.234705,rx,-1,0.000000,1.200000,-0.117000,0.117000,524,13126,25028,-0.007284,1.195281,1.828920,-0.012316,-2.422220,-17,15,-0.821131,0.724527,-33,39,-1,0,,37423
1788459122.800426,14.274184,rx,-1,0.000000,1.200000,-0.117000,0.117000,525,13151,24956,0.003652,1.236189,1.828852,-0.012377,-2.391369,-16,17,-0.775059,0.823500,-35,34,-1,0,,37423
1788459122.800472,14.274237,tx,-1,0.000000,1.200000,-0.117000,0.117000,,,,,,,,,,,,,,,,,aa550109000000009a99993f00878f,37567
1788459122.806220,14.279984,key,97,0.000000,1.200000,-0.117000,0.117000,,,,,,,,,,,,,,,,,aa550109000000009a99993f00878f,37567
1788459122.814373,14.288131,rx,-1,0.000000,1.200000,-0.117000,0.117000,526,13176,25024,0.010927,1.232830,1.828655,-0.012566,-2.360519,-15,18,-0.724643,0.869571,-38,31,-1,0,,37567
1788459122.814454,14.288218,rx,-1,0.000000,1.200000,-0.117000,0.117000,527,13201,24996,0.003647,0.935008,1.828591,-0.012631,-2.337147,-12,13,-0.580364,0.628727,-47,44,-1,0,,37567
1788459122.814470,14.288235,tx,-1,0.000000,1.200000,-0.117000,0.117000,,,,,,,,,,,,,,,,,aa550109000000009a99993f00878f,37743
1788459122.867568,14.341330,rx,-1,0.000000,1.200000,-0.117000,0.117000,528,13225,24988,-0.018239,1.159782,1.828902,-0.012298,-2.308167,-18,13,-0.870824,0.628929,-31,45,-1,0,,37743
1788459122.903835,14.377593,rx,-1,0.000000,1.200000,-0.117000,0.117000,529,13251,25000,0.014584,1.271408,1.828662,-0.012572,-2.276381,-15,19,-0.725339,0.918762,-39,29,-1,0,,37743
1788459122.903892,14.377657,tx,-1,0.000000,1.200000,-0.117000,0.117000,,,,,,,,,,,,,,,,,aa550109000000009a99993f00878f,37919
1788459122.909526,14.383289,key,97,0.000000,1.200000,-0.117000,0.117000,,,,,,,,,,,,,,,,,aa550109000000009a99993f00878f,37919
1788459122.917728,14.391486,rx,-1,0.000000,1.200000,-0.117000,0.117000,530,13276,24988,0.003648,1.084957,1.828604,-0.012642,-2.249270,-14,15,-0.677308,0.725687,-42,39,-1,0,,37919
1788459122.917819,14.391582,rx,-1,0.000000,1.200000,-0.117000,0.117000,531,13301,25032,0.007283,1.195090,1.828491,-0.012786,-2.219355,-15,17,-0.724411,0.820999,-39,34,-1,0,,37919
1788459122.917834,14.391599,tx,-1,0.000000,1.200000,-0.117000,0.117000,,,,,,,,,,,,,,,,,aa550109000000009a99993f00878f,38031
1788459122.957686,14.431449,key,97,0.000000,1.200000,-0.117000,0.117000,,,,,,,,,,,,,,,,,aa550109000000009a99993f00878f,38031
1788459122.971187,14.444948,rx,-1,0.000000,1.200000,-0.117000,0.117000,532,13326,25000,0.003646,1.234014,1.828437,-0.012859,-2.188504,-16,17,-0.773694,0.822050,-37,34,-1,0,,38031
1788459123.009490,14.483248,rx,-1,0.000000,1.200000,-0.117000,0.117000,533,13350,25012,-0.021865,1.196045,1.828747,-0.012409,-2.158589,-19,13,-0.918321,0.628325,-28,45,-1,0,,38031
1788459123.009576,14.483340,rx,-1,0.000000,1.200000,-0.117000,0.117000,534,13376,24992,0.014588,1.197002,1.828550,-0.012715,-2.128673,-14,18,-0.677199,0.870685,-42,32,-1,0,,38031
1788459123.009589,14.483354,tx,-1,0.000000,1.200000,-0.117000,0.117000,,,,,,,,,,,,,,,,,aa550109000000009a99993f00878f,38215
1788459123.023400,14.497161,rx,-1,0.000000,1.200000,-0.117000,0.117000,535,13401,24996,-0.007293,1.196811,1.828644,-0.012559,-2.098758,-17,15,-0.822182,0.725455,-34,40,-1,0,,38215
1788459123.023483,14.497246,rx,-1,0.000000,1.200000,-0.117000,0.117000,536,13426,24976,-0.010948,1.160339,1.828778,-0.012321,-2.069777,-17,14,-0.822840,0.677633,-34,42,-1,0,,38215
1788459123.023494,14.497259,tx,-1,0.000000,1.200000,-0.117000,0.117000,,,,,,,,,,,,,,,,,aa550109000000009a99993f00878f,38359
1788459123.040651,14.514413,key,97,0.000000,1.200000,-0.117000,0.117000,,,,,,,,,,,,,,,,,aa550109000000009a99993f00878f,38359
1788459123.076951,14.550712,rx,-1,0.000000,1.200000,-0.117000,0.117000,537,13451,25028,0.007284,1.045871,1.828693,-0.012482,-2.043601,-13,15,-0.627923,0.724527,-45,40,-1,0,,38359
1788459123.118161,14.591919,rx,-1,0.000000,1.200000,-0.117000,0.117000,538,13475,24968,0.000000,1.273038,1.828693,-0.012482,-2.011816,-17,17,-0.823104,0.823104,-34,35,-1,0,,38359
1788459123.118209,14.591974,tx,-1,0.000000,1.200000,-0.117000,0.117000,,,,,,,,,,,,,,,,,aa550109000000009a99993f00878f,38503
1788459123.129622,14.603386,key,97,0.000000,1.200000,-0.117000,0.117000,,,,,,,,,,,,,,,,,aa550109000000009a99993f00878f,38503
1788459123.132084,14.605845,rx,-1,0.000000,1.200000,-0.117000,0.117000,539,13501,25008,0.003645,1.158854,1.828655,-0.012565,-1.982835,-15,16,-0.725106,0.773447,-39,38,-1,0,,38503
1788459123.132154,14.605918,rx,-1,0.000000,1.200000,-0.117000,0.117000,540,13526,25008,-0.007290,1.196236,1.828726,-0.012397,-1.952920,-17,15,-0.821787,0.725106,-34,40,-1,0,,38503
1788459123.132166,14.605931,tx,-1,0.000000,1.200000,-0.117000,0.117000,,,,,,,,,,,,,,,,,aa550109000000009a99993f00878f,38647
1788459123.185134,14.658894,rx,-1,0.000000,1.200000,-0.117000,0.117000,541,13551,24992,0.007294,1.122190,1.828660,-0.012567,-1.924874,-14,16,-0.677199,0.773942,-42,38,-1,0,,38647
1788459123.227069,14.700827,rx,-1,0.000000,1.200000,-0.117000,0.117000,542,13576,25032,0.021848,1.269783,1.828479,-0.013083,-1.893089,-14,20,-0.676117,0.965882,-43,27,-1,0,,38647
1788459123.227119,14.700884,tx,-1,0.000000,1.200000,-0.117000,0.117000,,,,,,,,,,,,,,,,,aa550109000000009a99993f00878f,38791
1788459123.232873,14.706636,key,97,0.000000,1.200000,-0.117000,0.117000,,,,,,,,,,,,,,,,,aa550109000000009a99993f00878f,38791
1788459123.235367,14.709122,rx,-1,0.000000,1.200000,-0.117000,0.117000,543,13601,24984,-0.007297,1.122549,1.828534,-0.012909,-1.865043,-16,14,-0.774190,0.677416,-37,42,-1,0,,38791
1788459123.235607,14.709367,rx,-1,0.000000,1.200000,-0.117000,0.117000,544,13626,25020,-0.003643,1.083569,1.828560,-0.012822,-1.837932,-15,14,-0.724759,0.676441,-40,43,-1,0,,38791
1788459123.235638,14.709402,tx,-1,0.000000,1.200000,-0.117000,0.117000,,,,,,,,,,,,,,,,,aa550109000000009a99993f00878f,38935
1788459123.289259,14.763020,rx,-1,0.000000,1.200000,-0.117000,0.117000,545,13650,24952,0.010959,1.311320,1.828492,-0.013087,-1.805212,-16,19,-0.775183,0.920530,-38,30,-1,0,,38935
1788459123.330882,14.804639,rx,-1,0.000000,1.200000,-0.117000,0.117000,546,13676,25004,-0.010936,1.308593,1.828551,-0.012820,-1.772492,-19,16,-0.918615,0.773571,-29,37,-1,0,,38935
1788459123.330939,14.804704,tx,-1,0.000000,1.200000,-0.117000,0.117000,,,,,,,,,,,,,,,,,aa550109000000009a99993f00878f,39079
1788459123.336696,14.810459,key,97,0.000000,1.200000,-0.117000,0.117000,,,,,,,,,,,,,,,,,aa550109000000009a99993f00878f,39079
1788459123.344627,14.818384,rx,-1,0.000000,1.200000,-0.117000,0.117000,547,13701,25004,0.000000,1.345981,1.828551,-0.012820,-1.738837,-18,18,-0.870267,0.870267,-32,32,-1,0,,39079
1788459123.344716,14.818479,rx,-1,0.000000,1.200000,-0.117000,0.117000,548,13726,25024,0.003642,1.232830,1.828537,-0.012910,-1.707987,-16,17,-0.772952,0.821262,-37,34,-1,0,,39079
1788459123.344729,14.818494,tx,-1,0.000000,1.200000,-0.117000,0.117000,,,,,,,,,,,,,,,,,aa550109000000009a99993f00878f,39223
1788459123.378828,14.852590,key,97,0.000000,1.200000,-0.117000,0.117000,,,,,,,,,,,,,,,,,aa550109000000009a99993f00878f,39223
1788459123.397976,14.871735,rx,-1,0.000000,1.200000,-0.117000,0.117000,549,13751,24988,-0.010943,1.084957,1.828571,-0.012638,-1.680876,-16,13,-0.774066,0.628929,-37,45,-1,0,,39223
1788459123.448966,14.922723,rx,-1,0.000000,1.200000,-0.117000,0.117000,550,13775,25012,0.014577,1.196045,1.828536,-0.013001,-1.650960,-14,18,-0.676658,0.869989,-42,32,-1,0,,39223
1788459123.449021,14.922785,tx,-1,0.000000,1.200000,-0.117000,0.117000,,,,,,,,,,,,,,,,,aa550109000000009a99993f00878f,39399
1788459123.457180,14.930937,rx,-1,0.000000,1.200000,-0.117000,0.117000,551,13801,25004,0.003645,1.383370,1.828530,-0.013092,-1.616370,-18,19,-0.870267,0.918615,-32,29,-1,0,,39399
1788459123.457274,14.931037,rx,-1,0.000000,1.200000,-0.117000,0.117000,552,13826,24984,0.007297,1.197386,1.828525,-0.013274,-1.586455,-15,17,-0.725803,0.822577,-40,34,-1,0,,39399
1788459123.457324,14.931088,rx,-1,0.000000,1.200000,-0.117000,0.117000,553,13851,25024,0.003642,1.083396,1.828525,-0.013366,-1.559344,-14,15,-0.676333,0.724643,-43,39,-1,0,,39399
1788459123.457335,14.931099,tx,-1,0.000000,1.200000,-0.117000,0.117000,,,,,,,,,,,,,,,,,aa550109000000009a99993f00878f,39583
1788459123.463134,14.936898,key,97,0.000000,1.200000,-0.117000,0.117000,,,,,,,,,,,,,,,,,aa550109000000009a99993f00878f,39583
1788459123.510628,14.984389,rx,-1,0.000000,1.200000,-0.117000,0.117000,554,13876,24984,-0.010945,1.085131,1.828518,-0.013092,-1.532233,-16,13,-0.774190,0.629029,-37,44,-1,0,,39583
1788459123.550194,15.023952,rx,-1,0.000000,1.200000,-0.117000,0.117000,555,13900,24972,-0.003650,1.385143,1.828513,-0.013001,-1.497643,-19,18,-0.919792,0.871382,-29,31,-1,0,,39583
1788459123.550243,15.024008,tx,-1,0.000000,1.200000,-0.117000,0.117000,,,,,,,,,,,,,,,,,aa550109000000009a99993f00878f,39727
1788459123.555577,15.029340,key,97,0.000000,1.200000,-0.117000,0.117000,,,,,,,,,,,,,,,,,aa550109000000009a99993f00878f,39727
1788459123.563629,15.037389,rx,-1,0.000000,1.200000,-0.117000,0.117000,556,13926,25036,0.003641,1.082877,1.828521,-0.013092,-1.470532,-14,15,-0.676009,0.724296,-42,39,-1,0,,39727
1788459123.563699,15.037462,rx,-1,0.000000,1.200000,-0.117000,0.117000,557,13950,24980,-0.010947,1.160153,1.828489,-0.012820,-1.441552,-17,14,-0.822709,0.677525,-34,42,-1,0,,39727
1788459123.563712,15.037477,tx,-1,0.000000,1.200000,-0.117000,0.117000,,,,,,,,,,,,,,,,,aa550109000000009a99993f00878f,39871
1788459123.617221,15.090981,rx,-1,0.000000,1.200000,-0.117000,0.117000,558,13976,25016,0.014574,1.195854,1.828542,-0.013181,-1.411636,-14,18,-0.676550,0.869850,-43,32,-1,0,,39871
1788459123.661093,15.134852,rx,-1,0.000000,1.200000,-0.117000,0.117000,559,14001,24996,-0.014586,1.196811,1.828478,-0.012822,-1.381721,-18,14,-0.870546,0.677091,-32,42,-1,0,,39871
1788459123.661165,15.134930,tx,-1,0.000000,1.200000,-0.117000,0.117000,,,,,,,,,,,,,,,,,aa550109000000009a99993f00878f,40070
1788459123.666995,15.140757,key,97,0.000000,1.200000,-0.117000,0.117000,,,,,,,,,,,,,,,,,aa550109000000009a99993f00878f,40070
1788459123.669551,15.143309,rx,-1,0.000000,1.200000,-0.117000,0.117000,560,14026,24996,-0.014586,1.122010,1.828405,-0.012465,-1.353675,-17,13,-0.822182,0.628727,-34,45,-1,0,,40070
1788459123.669634,15.143396,rx,-1,0.000000,1.200000,-0.117000,0.117000,561,14051,24996,0.010940,1.084610,1.828467,-0.012731,-1.326564,-13,16,-0.628727,0.773818,-45,38,-1,0,,40070
1788459123.669645,15.143410,tx,-1,0.000000,1.200000,-0.117000,0.117000,,,,,,,,,,,,,,,,,aa550109000000009a99993f00878f,40214
1788459123.708856,15.182618,key,97,0.000000,1.200000,-0.117000,0.117000,,,,,,,,,,,,,,,,,aa550109000000009a99993f00878f,40214
1788459123.722668,15.196429,rx,-1,0.000000,1.200000,-0.117000,0.117000,562,14075,24996,0.007293,1.346412,1.828514,-0.012907,-1.292909,-17,19,-0.822182,0.918909,-35,30,-1,0,,40214
1788459123.763488,15.237247,rx,-1,0.000000,1.200000,-0.117000,0.117000,563,14101,25004,-0.014581,1.196428,1.828409,-0.012558,-1.262994,-18,14,-0.870267,0.676874,-32,42,-1,0,,40214
1788459123.763532,15.237296,tx,-1,0.000000,1.200000,-0.117000,0.117000,,,,,,,,,,,,,,,,,aa550109000000009a99993f00878f,40358
1788459123.776768,15.250527,rx,-1,0.000000,1.200000,-0.117000,0.117000,564,14126,25008,0.014579,1.121472,1.828524,-0.012904,-1.234948,-13,17,-0.628426,0.821787,-45,35,-1,0,,40358
1788459123.776843,15.250606,rx,-1,0.000000,1.200000,-0.117000,0.117000,565,14151,25024,0.003642,1.008679,1.828556,-0.012990,-1.209707,-13,14,-0.628024,0.676333,-46,43,-1,0,,40358
1788459123.776857,15.250622,tx,-1,0.000000,1.200000,-0.117000,0.117000,,,,,,,,,,,,,,,,,aa550109000000009a99993f00878f,40534
1788459123.793926,15.267689,key,97,0.000000,1.200000,-0.117000,0.117000,,,,,,,,,,,,,,,,,aa550109000000009a99993f00878f,40534
1788459123.830276,15.304037,rx,-1,0.000000,1.200000,-0.117000,0.117000,566,14176,24996,0.007293,1.196811,1.828623,-0.013159,-1.179791,-15,17,-0.725455,0.822182,-41,35,-1,0,,40534
1788459123.870085,15.343845,rx,-1,0.000000,1.200000,-0.117000,0.117000,567,14200,24968,-0.010952,1.160711,1.828515,-0.012908,-1.150811,-17,14,-0.823104,0.677850,-35,43,-1,0,,40534
1788459123.870125,15.343889,tx,-1,0.000000,1.200000,-0.117000,0.117000,,,,,,,,,,,,,,,,,aa550109000000009a99993f00878f,40710
1788459123.875899,15.349661,key,97,0.000000,1.200000,-0.117000,0.117000,,,,,,,,,,,,,,,,,aa550109000000009a99993f00878f,40710
1788459123.884088,15.357848,rx,-1,0.000000,1.200000,-0.117000,0.117000,568,14226,24988,-0.018239,1.234606,1.828323,-0.012495,-1.119961,-19,14,-0.919203,0.677308,-30,43,-1,0,,40710
1788459123.884160,15.357923,rx,-1,0.000000,1.200000,-0.117000,0.117000,569,14251,24996,0.010940,1.084610,1.828445,-0.012739,-1.092850,-13,16,-0.628727,0.773818,-46,38,-1,0,,40710
1788459123.884209,15.357972,rx,-1,0.000000,1.200000,-0.117000,0.117000,570,14276,25032,0.007283,1.344476,1.828532,-0.012900,-1.059195,-17,19,-0.820999,0.917588,-35,31,-1,0,,40710
1788459123.884219,15.357983,tx,-1,0.000000,1.200000,-0.117000,0.117000,,,,,,,,,,,,,,,,,aa550109000000009a99993f00878f,40862
1788459123.936915,15.410672,rx,-1,0.000000,1.200000,-0.117000,0.117000,571,14301,24980,-0.007298,1.047880,1.828440,-0.012742,-1.033019,-15,13,-0.725919,0.629130,-41,46,-1,0,,40862
1788459123.976475,15.450231,rx,-1,0.000000,1.200000,-0.117000,0.117000,572,14326,25004,-0.018227,1.159040,1.828201,-0.012354,-1.004038,-18,13,-0.870267,0.628526,-33,46,-1,0,,40862
1788459123.976514,15.450278,tx,-1,0.000000,1.200000,-0.117000,0.117000,,,,,,,,,,,,,,,,,aa550109000000009a99993f00878f,41006
1788459123.982239,15.456003,key,97,0.000000,1.200000,-0.117000,0.117000,,,,,,,,,,,,,,,,,aa550109000000009a99993f00878f,41006
1788459123.990361,15.464121,rx,-1,0.000000,1.200000,-0.117000,0.117000,573,14351,25012,0.018221,1.233422,1.828452,-0.012735,-0.973188,-14,19,-0.676658,0.918321,-43,31,-1,0,,41006
1788459123.990430,15.464192,rx,-1,0.000000,1.200000,-0.117000,0.117000,574,14375,24976,0.003649,1.085478,1.828504,-0.012809,-0.946077,-14,15,-0.677633,0.726036,-44,41,-1,0,,41006
1788459123.990441,15.464205,tx,-1,0.000000,1.200000,-0.117000,0.117000,,,,,,,,,,,,,,,,,aa550109000000009a99993f00878f,41150
1788459124.041635,15.515398,key,97,0.000000,1.200000,-0.117000,0.117000,,,,,,,,,,,,,,,,,aa550109000000009a99993f00878f,41150
1788459124.044105,15.517866,rx,-1,0.000000,1.200000,-0.117000,0.117000,575,14401,25024,0.007285,1.195472,1.828613,-0.012956,-0.916161,-15,17,-0.724643,0.821262,-41,36,-1,0,,41150
1788459124.085479,15.559236,rx,-1,0.000000,1.200000,-0.117000,0.117000,576,14426,24984,-0.007297,1.122549,1.828500,-0.012813,-0.888115,-16,14,-0.774190,0.677416,-39,44,-1,0,,41150
1788459124.085530,15.559294,tx,-1,0.000000,1.200000,-0.117000,0.117000,,,,,,,,,,,,,,,,,aa550109000000009a99993f00878f,41294
1788459124.099466,15.573222,rx,-1,0.000000,1.200000,-0.117000,0.117000,577,14451,25028,0.007284,1.269986,1.828617,-0.012952,-0.856330,-16,18,-0.772829,0.869433,-39,34,-1,0,,41294
1788459124.099557,15.573319,rx,-1,0.000000,1.200000,-0.117000,0.117000,578,14476,24984,0.010945,1.234804,1.828799,-0.013156,-0.825480,-15,18,-0.725803,0.870964,-41,33,-1,0,,41294
1788459124.099570,15.573334,tx,-1,0.000000,1.200000,-0.117000,0.117000,,,,,,,,,,,,,,,,,aa550109000000009a99993f00878f,41438
1788459124.127661,15.601423,key,97,0.000000,1.200000,-0.117000,0.117000,,,,,,,,,,,,,,,,,aa550109000000009a99993f00878f,41438
1788459124.152477,15.626237,rx,-1,0.000000,1.200000,-0.117000,0.117000,579,14500,24984,-0.010945,1.010294,1.828611,-0.012957,-0.800239,-15,12,-0.725803,0.580642,-42,49,-1,0,,41438
1788459124.210164,15.683920,rx,-1,0.000000,1.200000,-0.117000,0.117000,580,14526,25032,0.003641,1.232436,1.828676,-0.013022,-0.769388,-16,17,-0.772705,0.820999,-39,36,-1,0,,41438
1788459124.210220,15.683984,tx,-1,0.000000,1.200000,-0.117000,0.117000,,,,,,,,,,,,,,,,,aa550109000000009a99993f00878f,41582
1788459124.215957,15.689720,key,97,0.000000,1.200000,-0.117000,0.117000,,,,,,,,,,,,,,,,,aa550109000000009a99993f00878f,41582
1788459124.218442,15.692197,rx,-1,0.000000,1.200000,-0.117000,0.117000,581,14551,24980,0.007298,1.272426,1.828809,-0.013147,-0.737603,-16,18,-0.774314,0.871103,-39,33,-1,0,,41582
1788459124.218541,15.692303,rx,-1,0.000000,1.200000,-0.117000,0.117000,582,14576,24992,-0.007294,1.047377,1.828672,-0.013026,-0.711427,-15,13,-0.725571,0.628828,-42,46,-1,0,,41582
1788459124.218589,15.692351,rx,-1,0.000000,1.200000,-0.117000,0.117000,583,14601,24988,-0.021886,1.197194,1.828253,-0.012675,-0.681512,-19,13,-0.919203,0.628929,-31,47,-1,0,,41582
1788459124.218599,15.692363,tx,-1,0.000000,1.200000,-0.117000,0.117000,,,,,,,,,,,,,,,,,aa550109000000009a99993f00878f,41798
1788459124.272253,15.746013,rx,-1,0.000000,1.200000,-0.117000,0.117000,584,14626,25020,0.003643,1.158298,1.828324,-0.012731,-0.652531,-15,16,-0.724759,0.773076,-42,40,-1,0,,41798
1788459124.313556,15.787312,rx,-1,0.000000,1.200000,-0.117000,0.117000,585,14651,24988,0.007295,1.421668,1.828471,-0.012839,-0.617006,-18,20,-0.870824,0.967583,-33,29,-1,0,,41798
1788459124.313604,15.787367,tx,-1,0.000000,1.200000,-0.117000,0.117000,,,,,,,,,,,,,,,,,aa550109000000009a99993f00878f,41942
1788459124.319358,15.793120,key,97,0.000000,1.200000,-0.117000,0.117000,,,,,,,,,,,,,,,,,aa550109000000009a99993f00878f,41942
1788459124.327328,15.801085,rx,-1,0.000000,1.200000,-0.117000,0.117000,586,14675,24992,0.000000,1.047377,1.828471,-0.012839,-0.590830,-14,14,-0.677199,0.677199,-44,44,-1,0,,41942
1788459124.327422,15.801184,rx,-1,0.000000,1.200000,-0.117000,0.117000,587,14701,25028,-0.010926,1.307338,1.828242,-0.012691,-0.558110,-19,16,-0.917734,0.772829,-31,39,-1,0,,41942
1788459124.327436,15.801199,tx,-1,0.000000,1.200000,-0.117000,0.117000,,,,,,,,,,,,,,,,,aa550109000000009a99993f00878f,42086
1788459124.378601,15.852362,key,97,0.000000,1.200000,-0.117000,0.117000,,,,,,,,,,,,,,,,,aa550109000000009a99993f00878f,42086
1788459124.381079,15.854840,rx,-1,0.000000,1.200000,-0.117000,0.117000,588,14726,24992,-0.018236,1.234409,1.827851,-0.012455,-0.527260,-19,14,-0.919056,0.677199,-30,45,-1,0,,42086
1788459124.418852,15.892609,rx,-1,0.000000,1.200000,-0.117000,0.117000,589,14751,24992,-0.010941,1.159596,1.827613,-0.012321,-0.498279,-17,14,-0.822313,0.677199,-35,45,-1,0,,42086
1788459124.418900,15.892664,tx,-1,0.000000,1.200000,-0.117000,0.117000,,,,,,,,,,,,,,,,,aa550109000000009a99993f00878f,42230
1788459124.432156,15.905914,rx,-1,0.000000,1.200000,-0.117000,0.117000,590,14776,25032,0.003641,1.232436,1.827694,-0.012364,-0.467429,-16,17,-0.772705,0.820999,-38,38,-1,0,,42230
1788459124.432234,15.905997,rx,-1,0.000000,1.200000,-0.117000,0.117000,591,14800,24976,0.014598,1.122909,1.828021,-0.012523,-0.439383,-13,17,-0.629231,0.822840,-46,37,-1,0,,42230
1788459124.432245,15.906009,tx,-1,0.000000,1.200000,-0.117000,0.117000,,,,,,,,,,,,,,,,,aa550109000000009a99993f00878f,42374
1788459124.460499,15.934261,key,97,0.000000,1.200000,-0.117000,0.117000,,,,,,,,,,,,,,,,,aa550109000000009a99993f00878f,42374
1788459124.485541,15.959300,rx,-1,0.000000,1.200000,-0.117000,0.117000,592,14826,25024,0.000000,1.419623,1.828021,-0.012523,-0.403859,-19,19,-0.917881,0.917881,-30,32,-1,0,,42374
1788459124.527739,16.001497,rx,-1,0.000000,1.200000,-0.117000,0.117000,593,14851,24984,-0.003648,1.085131,1.827937,-0.012489,-0.376748,-15,14,-0.725803,0.677416,-40,44,-1,0,,42374
1788459124.527787,16.001550,tx,-1,0.000000,1.200000,-0.117000,0.117000,,,,,,,,,,,,,,,,,aa550109000000009a99993f00878f,42550
1788459124.535947,16.009704,rx,-1,0.000000,1.200000,-0.117000,0.117000,594,14876,24996,0.000000,1.047210,1.827937,-0.012489,-0.350572,-14,14,-0.677091,0.677091,-43,45,-1,0,,42550
1788459124.536057,16.009817,rx,-1,0.000000,1.200000,-0.117000,0.117000,595,14901,24980,0.003649,1.235002,1.828023,-0.012519,-0.319721,-16,17,-0.774314,0.822709,-38,37,-1,0,,42550
1788459124.536084,16.009848,tx,-1,0.000000,1.200000,-0.117000,0.117000,,,,,,,,,,,,,,,,,aa550109000000009a99993f00878f,42694
1788459124.541832,16.015594,key,97,0.000000,1.200000,-0.117000,0.117000,,,,,,,,,,,,,,,,,aa550109000000009a99993f00878f,42694
1788459124.589392,16.063152,rx,-1,0.000000,1.200000,-0.117000,0.117000,596,14925,25020,0.000000,1.494579,1.828023,-0.012519,-0.282327,-20,20,-0.966345,0.966345,-27,29,-1,0,,42694
1788459124.628909,16.102667,rx,-1,0.000000,1.200000,-0.117000,0.117000,597,14951,25020,-0.010929,1.233027,1.827759,-0.012446,-0.251477,-18,15,-0.869711,0.724759,-32,42,-1,0,,42694
1788459124.628960,16.102723,tx,-1,0.000000,1.200000,-0.117000,0.117000,,,,,,,,,,,,,,,,,aa550109000000009a99993f00878f,42870
1788459124.634710,16.108473,key,97,0.000000,1.200000,-0.117000,0.117000,,,,,,,,,,,,,,,,,aa550109000000009a99993f00878f,42870
1788459124.642935,16.116693,rx,-1,0.000000,1.200000,-0.117000,0.117000,598,14976,24988,0.003648,1.234606,1.827848,-0.012468,-0.220626,-16,17,-0.774066,0.822445,-37,37,-1,0,,42870
1788459124.643013,16.116775,rx,-1,0.000000,1.200000,-0.117000,0.117000,599,15001,24984,0.000000,1.122549,1.827848,-0.012468,-0.192581,-15,15,-0.725803,0.725803,-40,42,-1,0,,42870
1788459124.643090,16.116852,rx,-1,0.000000,1.200000,-0.117000,0.117000,600,15026,25028,0.003642,1.083223,1.827938,-0.012484,-0.165470,-14,15,-0.676225,0.724527,-43,42,-1,0,,42870
1788459124.643100,16.116863,tx,-1,0.000000,1.200000,-0.117000,0.117000,,,,,,,,,,,,,,,,,aa550109000000009a99993f00878f,43077
1788459124.696545,16.170304,rx,-1,0.000000,1.200000,-0.117000,0.117000,601,15051,24992,-0.010941,1.309221,1.827667,-0.012443,-0.132750,-19,16,-0.919056,0.773942,-29,39,-1,0,,43077
1788459124.738400,16.212156,rx,-1,0.000000,1.200000,-0.117000,0.117000,602,15076,25008,-0.003645,1.308384,1.827577,-0.012433,-0.100030,-18,17,-0.870128,0.821787,-32,37,-1,0,,43077
1788459124.738451,16.212215,tx,-1,0.000000,1.200000,-0.117000,0.117000,,,,,,,,,,,,,,,,,aa550109000000009a99993f00878f,43221
1788459124.743854,16.217616,key,97,0.000000,1.200000,-0.117000,0.117000,,,,,,,,,,,,,,,,,aa550109000000009a99993f00878f,43221
1788459124.751860,16.225613,rx,-1,0.000000,1.200000,-0.117000,0.117000,603,15100,25000,0.014584,1.047042,1.827940,-0.012464,-0.073853,-12,16,-0.580271,0.773694,-48,39,-1,0,,43221
1788459124.751967,16.225729,rx,-1,0.000000,1.200000,-0.117000,0.117000,604,15126,24988,-0.007295,1.272019,1.827758,-0.012454,-0.042068,-18,16,-0.870824,0.774066,-32,39,-1,0,,43221
1788459124.751984,16.225747,tx,-1,0.000000,1.200000,-0.117000,0.117000,,,,,,,,,,,,,,,,,aa550109000000009a99993f00878f,43365
1788459124.791255,16.265016,key,97,0.000000,1.200000,-0.117000,0.117000,,,,,,,,,,,,,,,,,aa550109000000009a99993f00878f,43365
1788459124.804500,16.278260,rx,-1,0.000000,1.200000,-0.117000,0.117000,605,15151,24984,-0.010945,1.309641,1.827485,-0.012447,-0.009348,-19,16,-0.919351,0.774190,-29,39,-1,0,,43365
1788459124.854140,16.327896,rx,-1,0.000000,1.200000,-0.117000,0.117000,606,15176,25012,0.025509,1.233422,1.828123,-0.012443,0.021502,-13,20,-0.628325,0.966654,-45,29,-1,0,,43365
1788459124.854186,16.327949,tx,-1,0.000000,1.200000,-0.117000,0.117000,,,,,,,,,,,,,,,,,aa550109000000009a99993f00878f,43509
1788459124.862400,16.336154,rx,-1,0.000000,1.200000,-0.117000,0.117000,607,15201,24992,-0.007294,1.197002,1.827940,-0.012450,0.051418,-17,15,-0.822313,0.725571,-34,41,-1,0,,43509
1788459124.862510,16.336271,rx,-1,0.000000,1.200000,-0.117000,0.117000,608,15225,24996,0.010940,1.234211,1.828213,-0.012431,0.082268,-15,18,-0.725455,0.870546,-40,33,-1,0,,43509
1788459124.862523,16.336286,tx,-1,0.000000,1.200000,-0.117000,0.117000,,,,,,,,,,,,,,,,,aa550109000000009a99993f00878f,43653
1788459124.873930,16.347692,key,97,0.000000,1.200000,-0.117000,0.117000,,,,,,,,,,,,,,,,,aa550109000000009a99993f00878f,43653
1788459124.916270,16.390029,rx,-1,0.000000,1.200000,-0.117000,0.117000,609,15251,25028,-0.010926,1.232633,1.827941,-0.012458,0.113118,-18,15,-0.869433,0.724527,-32,41,-1,0,,43653
1788459124.956850,16.430598,rx,-1,0.000000,1.200000,-0.117000,0.117000,610,15276,24956,0.000000,1.348570,1.827941,-0.012458,0.146773,-18,18,-0.871941,0.871941,-31,33,-1,0,,43653
1788459124.956954,16.430716,tx,-1,0.000000,1.200000,-0.117000,0.117000,,,,,,,,,,,,,,,,,aa550109000000009a99993f00878f,43861
1788459124.962777,16.436539,key,97,0.000000,1.200000,-0.117000,0.117000,,,,,,,,,,,,,,,,,aa550109000000009a99993f00878f,43861
1788459124.971027,16.444784,rx,-1,0.000000,1.200000,-0.117000,0.117000,611,15301,25040,-0.003640,1.157373,1.827851,-0.012473,0.175754,-16,15,-0.772458,0.724180,-37,41,-1,0,,43861
1788459124.971107,16.444869,rx,-1,0.000000,1.200000,-0.117000,0.117000,612,15326,24988,-0.003648,1.159782,1.827762,-0.012490,0.204734,-16,15,-0.774066,0.725687,-36,41,-1,0,,43861
1788459124.971154,16.444917,rx,-1,0.000000,1.200000,-0.117000,0.117000,613,15351,25012,0.010933,1.083916,1.828029,-0.012431,0.231845,-13,16,-0.628325,0.773323,-45,38,-1,0,,43861
1788459124.971164,16.444927,tx,-1,0.000000,1.200000,-0.117000,0.117000,,,,,,,,,,,,,,,,,aa550109000000009a99993f00878f,44013
1788459125.024906,16.498661,rx,-1,0.000000,1.200000,-0.117000,0.117000,614,15376,24988,0.003648,1.159782,1.828117,-0.012408,0.260826,-15,16,-0.725687,0.774066,-40,38,-1,0,,44013
1788459125.066159,16.539917,rx,-1,0.000000,1.200000,-0.117000,0.117000,615,15400,25012,0.007288,1.345551,1.828292,-0.012358,0.294481,-17,19,-0.821656,0.918321,-35,31,-1,0,,44013
1788459125.066199,16.539962,tx,-1,0.000000,1.200000,-0.117000,0.117000,,,,,,,,,,,,,,,,,aa550109000000009a99993f00878f,44157
1788459125.071984,16.545747,key,97,0.000000,1.200000,-0.117000,0.117000,,,,,,,,,,,,,,,,,aa550109000000009a99993f00878f,44157
1788459125.080127,16.553885,rx,-1,0.000000,1.200000,-0.117000,0.117000,616,15426,24996,-0.003647,1.159410,1.828206,-0.012386,0.323462,-16,15,-0.773818,0.725455,-37,41,-1,0,,44157
1788459125.080193,16.553955,rx,-1,0.000000,1.200000,-0.117000,0.117000,617,15451,24996,-0.003647,1.383813,1.828120,-0.012417,0.358051,-19,18,-0.918909,0.870546,-29,33,-1,0,,44157
1788459125.080203,16.553966,tx,-1,0.000000,1.200000,-0.117000,0.117000,,,,,,,,,,,,,,,,,aa550109000000009a99993f00878f,44301
1788459125.125791,16.599553,key,97,0.000000,1.200000,-0.117000,0.117000,,,,,,,,,,,,,,,,,aa550109000000009a99993f00878f,44301
1788459125.133948,16.607703,rx,-1,0.000000,1.200000,-0.117000,0.117000,618,15476,24988,0.000000,1.346843,1.828120,-0.012417,0.391706,-18,18,-0.870824,0.870824,-31,32,-1,0,,44301
1788459125.173010,16.646768,rx,-1,0.000000,1.200000,-0.117000,0.117000,619,15501,25004,-0.010936,1.084263,1.827868,-0.012524,0.418817,-16,13,-0.773571,0.628526,-36,45,-1,0,,44301
1788459125.173042,16.646805,tx,-1,0.000000,1.200000,-0.117000,0.117000,,,,,,,,,,,,,,,,,aa550109000000009a99993f00878f,44445
1788459125.186884,16.660642,rx,-1,0.000000,1.200000,-0.117000,0.117000,620,15525,25004,0.007291,1.271205,1.828034,-0.012448,0.450602,-16,18,-0.773571,0.870267,-36,33,-1,0,,44445
1788459125.186952,16.660713,rx,-1,0.000000,1.200000,-0.117000,0.117000,621,15551,25012,-0.007288,1.121292,1.827871,-0.012529,0.478648,-16,14,-0.773323,0.676658,-36,43,-1,0,,44445
1788459125.186961,16.660724,tx,-1,0.000000,1.200000,-0.117000,0.117000,,,,,,,,,,,,,,,,,aa550109000000009a99993f00878f,44589
1788459125.209780,16.683543,key,97,0.000000,1.200000,-0.117000,0.117000,,,,,,,,,,,,,,,,,aa550109000000009a99993f00878f,44589
1788459125.240737,16.714496,rx,-1,0.000000,1.200000,-0.117000,0.117000,622,15576,24972,-0.003650,1.160525,1.827790,-0.012573,0.507629,-16,15,-0.774562,0.726152,-36,41,-1,0,,44589
1788459125.277354,16.751103,rx,-1,0.000000,1.200000,-0.117000,0.117000,623,15601,25000,0.010938,1.159225,1.828027,-0.012436,0.536609,-14,17,-0.676983,0.822050,-42,35,-1,0,,44589
1788459125.278362,16.752125,tx,-1,0.000000,1.200000,-0.117000,0.117000,,,,,,,,,,,,,,,,,aa550109000000009a99993f00878f,44733
1788459125.291986,16.765742,rx,-1,0.000000,1.200000,-0.117000,0.117000,624,15626,25024,0.003642,1.382264,1.828105,-0.012388,0.571199,-18,19,-0.869571,0.917881,-31,30,-1,0,,44733
1788459125.292073,16.765835,rx,-1,0.000000,1.200000,-0.117000,0.117000,625,15650,24976,0.000000,1.048048,1.828105,-0.012388,0.597375,-14,14,-0.677633,0.677633,-42,43,-1,0,,44733
1788459125.292087,16.765849,tx,-1,0.000000,1.200000,-0.117000,0.117000,,,,,,,,,,,,,,,,,aa550109000000009a99993f00878f,44877
1788459125.297815,16.771577,key,97,0.000000,1.200000,-0.117000,0.117000,,,,,,,,,,,,,,,,,aa550109000000009a99993f00878f,44877
1788459125.345240,16.819000,rx,-1,0.000000,1.200000,-0.117000,0.117000,626,15676,25028,-0.003642,1.307338,1.828030,-0.012441,0.630095,-18,17,-0.869433,0.821131,-31,35,-1,0,,44877
1788459125.380862,16.854618,rx,-1,0.000000,1.200000,-0.117000,0.117000,627,15700,24964,0.000000,1.348138,1.828030,-0.012441,0.663750,-18,18,-0.871661,0.871661,-31,32,-1,0,,44877
1788459125.380914,16.854677,tx,-1,0.000000,1.200000,-0.117000,0.117000,,,,,,,,,,,,,,,,,aa550109000000009a99993f00878f,45053
1788459125.386695,16.860458,key,97,0.000000,1.200000,-0.117000,0.117000,,,,,,,,,,,,,,,,,aa550109000000009a99993f00878f,45053
1788459125.400521,16.874279,rx,-1,0.000000,1.200000,-0.117000,0.117000,628,15726,25016,-0.010931,1.083743,1.827817,-0.012612,0.690861,-16,13,-0.773200,0.628225,-36,45,-1,0,,45053
1788459125.400603,16.874364,rx,-1,0.000000,1.200000,-0.117000,0.117000,629,15751,25020,0.003643,1.233027,1.827887,-0.012553,0.721711,-16,17,-0.773076,0.821393,-36,35,-1,0,,45053
1788459125.400648,16.874410,rx,-1,0.000000,1.200000,-0.117000,0.117000,630,15776,24964,-0.007302,1.123448,1.827751,-0.012675,0.749757,-16,14,-0.774810,0.677959,-36,43,-1,0,,45053
1788459125.400658,16.874421,tx,-1,0.000000,1.200000,-0.117000,0.117000,,,,,,,,,,,,,,,,,aa550109000000009a99993f00878f,45237
1788459125.454057,16.927813,rx,-1,0.000000,1.200000,-0.117000,0.117000,631,15801,24996,-0.007293,1.196811,1.827620,-0.012801,0.779673,-17,15,-0.822182,0.725455,-33,41,-1,0,,45237
1788459125.496794,16.970550,rx,-1,0.000000,1.200000,-0.117000,0.117000,632,15825,25020,0.007286,1.345121,1.827747,-0.012671,0.813328,-17,19,-0.821393,0.918028,-33,30,-1,0,,45237
1788459125.496840,16.970603,tx,-1,0.000000,1.200000,-0.117000,0.117000,,,,,,,,,,,,,,,,,aa550109000000009a99993f00878f,45381
1788459125.502115,16.975876,key,97,0.000000,1.200000,-0.117000,0.117000,,,,,,,,,,,,,,,,,aa550109000000009a99993f00878f,45381
1788459125.504558,16.978316,rx,-1,0.000000,1.200000,-0.117000,0.117000,633,15851,25004,-0.007291,1.121651,1.827624,-0.012805,0.841373,-16,14,-0.773571,0.676874,-36,43,-1,0,,45381
1788459125.504641,16.978401,rx,-1,0.000000,1.200000,-0.117000,0.117000,634,15876,24992,-0.007294,1.122190,1.827504,-0.012943,0.869419,-16,14,-0.773942,0.677199,-36,43,-1,0,,45381
1788459125.504654,16.978416,tx,-1,0.000000,1.200000,-0.117000,0.117000,,,,,,,,,,,,,,,,,aa550109000000009a99993f00878f,45525
1788459125.549813,17.023574,key,97,0.000000,1.200000,-0.117000,0.117000,,,,,,,,,,,,,,,,,aa550109000000009a99993f00878f,45525
1788459125.557984,17.031744,rx,-1,0.000000,1.200000,-0.117000,0.117000,635,15901,24996,0.010940,1.309012,1.827677,-0.012731,0.902139,-16,19,-0.773818,0.918909,-36,31,-1,0,,45525
1788459125.595540,17.069295,rx,-1,0.000000,1.200000,-0.117000,0.117000,636,15926,25020,0.018215,1.158298,1.827955,-0.012370,0.931120,-13,18,-0.628124,0.869711,-44,33,-1,0,,45525
1788459125.595592,17.069354,tx,-1,0.000000,1.200000,-0.117000,0.117000,,,,,,,,,,,,,,,,,aa550109000000009a99993f00878f,45669
1788459125.609273,17.083031,rx,-1,0.000000,1.200000,-0.117000,0.117000,637,15950,25004,-0.010936,1.009486,1.827794,-0.012591,0.956361,-15,12,-0.725223,0.580178,-39,48,-1,0,,45669
1788459125.609367,17.083128,rx,-1,0.000000,1.200000,-0.117000,0.117000,638,15976,24980,-0.010947,1.085305,1.827640,-0.012817,0.983472,-16,13,-0.774314,0.629130,-36,46,-1,0,,45669
1788459125.609379,17.083142,tx,-1,0.000000,1.200000,-0.117000,0.117000,,,,,,,,,,,,,,,,,aa550109000000009a99993f00878f,45813
1788459125.631763,17.105523,key,97,0.000000,1.200000,-0.117000,0.117000,,,,,,,,,,,,,,,,,aa550109000000009a99993f00878f,45813
1788459125.661921,17.135679,rx,-1,0.000000,1.200000,-0.117000,0.117000,639,16001,25012,0.003644,1.158669,1.827689,-0.012740,1.012453,-15,16,-0.724991,0.773323,-39,39,-1,0,,45813
1788459125.701683,17.175439,rx,-1,0.000000,1.200000,-0.117000,0.117000,640,16026,25000,0.018230,1.308802,1.827924,-0.012349,1.045173,-15,20,-0.725339,0.967118,-39,28,-1,0,,45813
1788459125.701732,17.175494,tx,-1,0.000000,1.200000,-0.117000,0.117000,,,,,,,,,,,,,,,,,aa550109000000009a99993f00878f,46012
1788459125.707469,17.181230,key,119,0.300000,0.000000,0.300000,0.300000,,,,,,,,,,,,,,,,,aa5501099a99993e0000000000c1ab,46012
1788459125.715658,17.189415,rx,-1,0.300000,0.000000,0.300000,0.300000,641,16051,24976,-0.007299,1.347490,1.827835,-0.012509,1.078828,-19,17,-0.919645,0.822840,-28,35,-1,0,,46012
1788459125.715735,17.189496,rx,-1,0.300000,0.000000,0.300000,0.300000,642,16076,25008,-0.010934,0.934560,1.827709,-0.012751,1.102199,-14,11,-0.676766,0.531745,-42,51,-1,0,,46012
1788459125.715746,17.189508,tx,-1,0.300000,0.000000,0.300000,0.300000,,,,,,,,,,,,,,,,,aa5501099a99993e0000000000c1ab,46156
1788459125.769233,17.242991,rx,-1,0.300000,0.000000,0.300000,0.300000,643,16101,25000,0.000000,1.196619,1.827709,-0.012751,1.132115,-16,16,-0.773694,0.773694,216,134,-1,0,,46156
1788459125.805372,17.279128,rx,-1,0.300000,0.000000,0.300000,0.300000,644,16125,24988,0.120374,0.486360,1.828970,-0.010020,1.144268,10,23,0.483791,1.112720,154,120,-1,0,,46156
1788459125.805411,17.279173,tx,-1,0.300000,0.000000,0.300000,0.300000,,,,,,,,,,,,,,,,,aa5501099a99993e0000000000c1ab,46300
1788459125.824434,17.298190,rx,-1,0.300000,0.000000,0.300000,0.300000,645,16151,25052,0.276517,-0.074634,1.831842,-0.003716,1.142398,39,37,1.881966,1.785455,80,87,-1,0,,46300
1788459125.824504,17.298265,rx,-1,0.300000,0.000000,0.300000,0.300000,646,16176,24980,0.350291,-0.224546,1.835499,0.004233,1.136789,51,45,2.468126,2.177758,46,67,-1,0,,46300
1788459125.824518,17.298280,tx,-1,0.300000,0.000000,0.300000,0.300000,,,,,,,,,,,,,,,,,aa5501099a99993e0000000000c1ab,46476
1788459125.876925,17.350684,rx,-1,0.300000,0.000000,0.300000,0.300000,647,16201,25004,0.324438,0.037388,1.838907,0.011595,1.137724,44,45,2.127319,2.175668,64,66,-1,0,,46476
1788459125.910096,17.383853,rx,-1,0.300000,0.000000,0.300000,0.300000,648,16226,24976,0.281008,0.112291,1.841843,0.017969,1.140528,37,40,1.790888,1.936095,83,78,-1,0,,46476
1788459125.910146,17.383908,tx,-1,0.300000,0.000000,0.300000,0.300000,,,,,,,,,,,,,,,,,aa5501099a99993e0000000000c1ab,46652
1788459125.929501,17.403259,rx,-1,0.300000,0.000000,0.300000,0.300000,649,16250,24988,0.273578,0.037412,1.844692,0.024184,1.141463,37,38,1.790028,1.838407,84,84,-1,0,,46652
1788459125.929588,17.403349,rx,-1,0.300000,0.000000,0.300000,0.300000,650,16276,25048,0.294756,-0.037323,1.847768,0.030895,1.140528,41,40,1.978793,1.930529,74,80,-1,0,,46652
1788459125.929606,17.403368,tx,-1,0.300000,0.000000,0.300000,0.300000,,,,,,,,,,,,,,,,,aa5501099a99993e0000000000c1ab,46796
1788459125.982563,17.456322,rx,-1,0.300000,0.000000,0.300000,0.300000,651,16301,24952,0.303196,-0.037466,1.850927,0.037770,1.139593,42,41,2.034855,1.986406,70,77,-1,0,,46796
1788459126.015898,17.489654,rx,-1,0.300000,0.000000,0.300000,0.300000,652,16326,25024,0.298681,0.074717,1.854045,0.044562,1.141463,40,42,1.932381,2.029000,76,74,-1,0,,46796
1788459126.015989,17.489750,rx,-1,0.300000,0.000000,0.300000,0.300000,653,16351,25016,0.291489,0.000000,1.857080,0.051193,1.141463,40,40,1.932999,1.932999,76,79,-1,0,,46796
1788459126.016002,17.489764,tx,-1,0.300000,0.000000,0.300000,0.300000,,,,,,,,,,,,,,,,,aa5501099a99993e0000000000c1ab,46948
1788459126.035474,17.509233,rx,-1,0.300000,0.000000,0.300000,0.300000,654,16375,24964,0.295748,-0.037448,1.860156,0.057904,1.140528,41,40,1.985451,1.937026,74,80,-1,0,,46948
1788459126.035554,17.509315,rx,-1,0.300000,0.000000,0.300000,0.300000,655,16401,25024,0.305966,0.000000,1.863350,0.064863,1.140528,42,42,2.029000,2.029000,71,75,-1,0,,46948
1788459126.035566,17.509328,tx,-1,0.300000,0.000000,0.300000,0.300000,,,,,,,,,,,,,,,,,aa5501099a99993e0000000000c1ab,47092
1788459126.087867,17.561623,rx,-1,0.300000,0.000000,0.300000,0.300000,656,16425,24988,0.295464,0.037412,1.866426,0.071574,1.141463,40,41,1.935165,1.983544,76,77,-1,0,,47092
1788459126.126157,17.599915,rx,-1,0.300000,0.000000,0.300000,0.300000,657,16451,25040,0.302130,-0.037335,1.869579,0.078452,1.140528,42,41,2.027704,1.979425,71,77,-1,0,,47092
1788459126.126202,17.599964,tx,-1,0.300000,0.000000,0.300000,0.300000,,,,,,,,,,,,,,,,,aa5501099a99993e0000000000c1ab,47236
1788459126.140023,17.613780,rx,-1,0.300000,0.000000,0.300000,0.300000,658,16476,24964,0.292097,0.000000,1.872620,0.085079,1.140528,40,40,1.937026,1.937026,76,80,-1,0,,47236
1788459126.140108,17.613868,rx,-1,0.300000,0.000000,0.300000,0.300000,659,16501,25008,0.302517,0.037383,1.875773,0.091956,1.141463,41,42,1.981958,2.030298,74,75,-1,0,,47236
1788459126.140123,17.613885,tx,-1,0.300000,0.000000,0.300000,0.300000,,,,,,,,,,,,,,,,,aa5501099a99993e0000000000c1ab,47380
1788459126.191171,17.664932,key,119,0.300000,0.000000,0.300000,0.300000,,,,,,,,,,,,,,,,,aa5501099a99993e0000000000c1ab,47380
1788459126.193532,17.667291,rx,-1,0.300000,0.000000,0.300000,0.300000,660,16526,24988,0.302759,0.037412,1.878919,0.098836,1.142398,41,42,1.983544,2.031923,74,74,-1,0,,47380
1788459126.233058,17.706812,rx,-1,0.300000,0.000000,0.300000,0.300000,661,16550,25016,0.302420,0.037371,1.882058,0.105720,1.143333,41,42,1.981324,2.029649,74,74,-1,0,,47380
1788459126.233116,17.706878,tx,-1,0.300000,0.000000,0.300000,0.300000,,,,,,,,,,,,,,,,,aa5501099a99993e0000000000c1ab,47524
1788459126.246971,17.720725,rx,-1,0.300000,0.000000,0.300000,0.300000,662,16576,24996,0.302662,0.037400,1.885191,0.112606,1.144268,41,42,1.982909,2.031273,74,74,-1,0,,47524
1788459126.247063,17.720824,rx,-1,0.300000,0.000000,0.300000,0.300000,663,16601,25000,0.298968,0.000000,1.888283,0.119410,1.144268,41,41,1.982592,1.982592,74,77,-1,0,,47524
1788459126.247076,17.720838,tx,-1,0.300000,0.000000,0.300000,0.300000,,,,,,,,,,,,,,,,,aa5501099a99993e0000000000c1ab,47668
1788459126.264046,17.737806,key,119,0.300000,0.000000,0.300000,0.300000,,,,,,,,,,,,,,,,,aa5501099a99993e0000000000c1ab,47668
1788459126.300044,17.773801,rx,-1,0.300000,0.000000,0.300000,0.300000,664,16626,25016,0.298777,0.000000,1.891375,0.126215,1.144268,41,41,1.981324,1.981324,74,77,-1,0,,47668
1788459126.346197,17.819952,rx,-1,0.300000,0.000000,0.300000,0.300000,665,16651,24988,0.295464,-0.037412,1.894433,0.132935,1.143333,41,40,1.983544,1.935165,74,79,-1,0,,47668
1788459126.346245,17.820007,tx,-1,0.300000,0.000000,0.300000,0.300000,,,,,,,,,,,,,,,,,aa5501099a99993e0000000000c1ab,47812
1788459126.351998,17.825758,key,119,0.300000,0.000000,0.300000,0.300000,,,,,,,,,,,,,,,,,aa5501099a99993e0000000000c1ab,47812
1788459126.354554,17.828308,rx,-1,0.300000,0.000000,0.300000,0.300000,666,16676,25016,0.302420,0.037371,1.897566,0.139821,1.144268,41,42,1.981324,2.029649,74,74,-1,0,,47812
1788459126.354635,17.828395,rx,-1,0.300000,0.000000,0.300000,0.300000,667,16701,24960,0.295795,0.037454,1.900617,0.146544,1.145203,40,41,1.937336,1.985769,77,77,-1,0,,47812
1788459126.354653,17.828415,tx,-1,0.300000,0.000000,0.300000,0.300000,,,,,,,,,,,,,,,,,aa5501099a99993e0000000000c1ab,47988
1788459126.407916,17.881674,rx,-1,0.300000,0.000000,0.300000,0.300000,668,16726,24996,0.299016,-0.074800,1.903710,0.153349,1.143333,42,40,2.031273,1.934546,71,79,-1,0,,47988
1788459126.444437,17.918193,rx,-1,0.300000,0.000000,0.300000,0.300000,669,16751,25028,0.294992,0.037353,1.906767,0.160069,1.144268,40,41,1.932072,1.980374,77,77,-1,0,,47988
1788459126.444486,17.918247,tx,-1,0.300000,0.000000,0.300000,0.300000,,,,,,,,,,,,,,,,,aa5501099a99993e0000000000c1ab,48164
1788459126.450224,17.923985,key,119,0.300000,0.000000,0.300000,0.300000,,,,,,,,,,,,,,,,,aa5501099a99993e0000000000c1ab,48164
1788459126.458133,17.931890,rx,-1,0.300000,0.000000,0.300000,0.300000,670,16776,25000,0.302614,0.037394,1.909894,0.166958,1.145203,41,42,1.982592,2.030948,74,74,-1,0,,48164
1788459126.458208,17.931968,rx,-1,0.300000,0.000000,0.300000,0.300000,671,16801,25008,0.295227,-0.037382,1.912945,0.173681,1.144268,41,40,1.981958,1.933617,74,80,-1,0,,48164
1788459126.458223,17.931985,tx,-1,0.300000,0.000000,0.300000,0.300000,,,,,,,,,,,,,,,,,aa5501099a99993e0000000000c1ab,48276
1788459126.511208,17.984966,rx,-1,0.300000,0.000000,0.300000,0.300000,672,16826,25000,0.298968,0.000000,1.916037,0.180485,1.144268,41,41,1.982592,1.982592,74,77,-1,0,,48276
1788459126.547932,18.021687,rx,-1,0.300000,0.000000,0.300000,0.300000,673,16850,24980,0.299207,0.000000,1.919129,0.187290,1.144268,41,41,1.984179,1.984179,74,77,-1,0,,48276
1788459126.547985,18.021746,tx,-1,0.300000,0.000000,0.300000,0.300000,,,,,,,,,,,,,,,,,aa5501099a99993e0000000000c1ab,48452
1788459126.553701,18.027462,key,119,0.300000,0.000000,0.300000,0.300000,,,,,,,,,,,,,,,,,aa5501099a99993e0000000000c1ab,48452
1788459126.561888,18.035645,rx,-1,0.300000,0.000000,0.300000,0.300000,674,16876,25028,0.294992,0.037353,1.922181,0.194013,1.145203,40,41,1.932072,1.980374,77,77,-1,0,,48452
1788459126.561963,18.035724,rx,-1,0.300000,0.000000,0.300000,0.300000,675,16901,24968,0.299351,-0.074885,1.925273,0.200817,1.143333,42,40,2.033551,1.936715,72,80,-1,0,,48452
1788459126.561980,18.035742,tx,-1,0.300000,0.000000,0.300000,0.300000,,,,,,,,,,,,,,,,,aa5501099a99993e0000000000c1ab,48596
1788459126.601158,18.074918,key,119,0.300000,0.000000,0.300000,0.300000,,,,,,,,,,,,,,,,,aa5501099a99993e0000000000c1ab,48596
1788459126.614965,18.088722,rx,-1,0.300000,0.000000,0.300000,0.300000,676,16926,25032,0.298586,0.000000,1.928371,0.207619,1.143333,41,41,1.980057,1.980057,75,78,-1,0,,48596
1788459126.652814,18.126568,rx,-1,0.300000,0.000000,0.300000,0.300000,677,16951,25000,0.302614,0.037394,1.931504,0.214505,1.144268,41,42,1.982592,2.030948,75,75,-1,0,,48596
1788459126.652909,18.126669,rx,-1,0.300000,0.000000,0.300000,0.300000,678,16975,24976,0.295606,0.037430,1.934556,0.221228,1.145203,40,41,1.936095,1.984497,77,77,-1,0,,48596
1788459126.652923,18.126684,tx,-1,0.300000,0.000000,0.300000,0.300000,,,,,,,,,,,,,,,,,aa5501099a99993e0000000000c1ab,48748
1788459126.666783,18.140539,rx,-1,0.300000,0.000000,0.300000,0.300000,679,17001,24996,0.299016,-0.074800,1.937648,0.228033,1.143333,42,40,2.031273,1.934546,72,80,-1,0,,48748
1788459126.666895,18.140654,rx,-1,0.300000,0.000000,0.300000,0.300000,680,17026,25004,0.287984,-0.186942,1.940648,0.234579,1.138659,42,37,2.030623,1.788882,72,88,-1,0,,48748
1788459126.666910,18.140672,tx,-1,0.300000,0.000000,0.300000,0.300000,,,,,,,,,,,,,,,,,aa5501099a99993e0000000000c1ab,48947
1788459126.689745,18.163505,key,119,0.300000,0.000000,0.300000,0.300000,,,,,,,,,,,,,,,,,aa5501099a99993e0000000000c1ab,48947
1788459126.720514,18.194269,rx,-1,0.300000,0.000000,0.300000,0.300000,681,17051,25004,0.302565,0.112165,1.943807,0.241453,1.141463,40,43,1.933927,2.078971,77,73,-1,0,,48947
1788459126.758032,18.231787,rx,-1,0.300000,0.000000,0.300000,0.300000,682,17076,25028,0.309559,0.112057,1.947022,0.248502,1.144268,41,44,1.980374,2.125279,75,70,-1,0,,48947
1788459126.758081,18.231843,tx,-1,0.300000,0.000000,0.300000,0.300000,,,,,,,,,,,,,,,,,aa5501099a99993e0000000000c1ab,49091
1788459126.769492,18.243253,key,119,0.300000,0.000000,0.300000,0.300000,,,,,,,,,,,,,,,,,aa5501099a99993e0000000000c1ab,49091
1788459126.772008,18.245766,rx,-1,0.300000,0.000000,0.300000,0.300000,683,17100,24972,0.299303,0.000000,1.950114,0.255306,1.144268,41,41,1.984815,1.984815,75,77,-1,0,,49091
1788459126.772071,18.245830,rx,-1,0.300000,0.000000,0.300000,0.300000,684,17126,25020,0.295086,-0.112093,1.953178,0.262024,1.141463,42,39,2.029325,1.884373,72,83,-1,0,,49091
1788459126.772084,18.245845,tx,-1,0.300000,0.000000,0.300000,0.300000,,,,,,,,,,,,,,,,,aa5501099a99993e0000000000c1ab,49235
1788459126.825531,18.299289,rx,-1,0.300000,0.000000,0.300000,0.300000,685,17150,24984,0.299159,0.074837,1.956283,0.268822,1.143333,40,42,1.935475,2.032248,77,75,-1,0,,49235
1788459126.864167,18.337922,rx,-1,0.300000,0.000000,0.300000,0.300000,686,17176,25016,0.302420,0.037371,1.959416,0.275709,1.144268,41,42,1.981324,2.029649,75,75,-1,0,,49235
1788459126.864223,18.337984,tx,-1,0.300000,0.000000,0.300000,0.300000,,,,,,,,,,,,,,,,,aa5501099a99993e0000000000c1ab,49379
1788459126.869941,18.343702,key,119,0.300000,0.000000,0.300000,0.300000,,,,,,,,,,,,,,,,,aa5501099a99993e0000000000c1ab,49379
1788459126.878363,18.352116,rx,-1,0.300000,0.000000,0.300000,0.300000,687,17201,24968,0.306652,0.074885,1.962577,0.282682,1.146137,41,43,1.985133,2.081969,75,72,-1,0,,49379
1788459126.878450,18.352210,rx,-1,0.300000,0.000000,0.300000,0.300000,688,17226,24988,0.299111,0.000000,1.965657,0.289492,1.146137,41,41,1.983544,1.983544,75,77,-1,0,,49379
1788459126.878462,18.352223,tx,-1,0.300000,0.000000,0.300000,0.300000,,,,,,,,,,,,,,,,,aa5501099a99993e0000000000c1ab,49523
1788459126.931838,18.405594,rx,-1,0.300000,0.000000,0.300000,0.300000,689,17251,25000,0.298968,0.000000,1.968736,0.296303,1.146137,41,41,1.982592,1.982592,75,77,-1,0,,49523
1788459126.970440,18.444196,rx,-1,0.300000,0.000000,0.300000,0.300000,690,17275,25016,0.302420,0.037371,1.971850,0.303198,1.147072,41,42,1.981324,2.029649,75,75,-1,0,,49523
1788459126.970499,18.444260,tx,-1,0.300000,0.000000,0.300000,0.300000,,,,,,,,,,,,,,,,,aa5501099a99993e0000000000c1ab,49667
1788459126.976250,18.450010,key,119,0.300000,0.000000,0.300000,0.300000,,,,,,,,,,,,,,,,,aa5501099a99993e0000000000c1ab,49667
1788459126.984461,18.458217,rx,-1,0.300000,0.000000,0.300000,0.300000,691,17301,25008,0.291583,0.000000,1.974848,0.309845,1.147072,40,40,1.933617,1.933617,78,80,-1,0,,49667
1788459126.984569,18.458328,rx,-1,0.300000,0.000000,0.300000,0.300000,692,17326,24980,0.299207,0.000000,1.977921,0.316658,1.147072,41,41,1.984179,1.984179,75,77,-1,0,,49667
1788459126.984587,18.458349,tx,-1,0.300000,0.000000,0.300000,0.300000,,,,,,,,,,,,,,,,,aa5501099a99993e0000000000c1ab,49811
1788459127.018595,18.492355,key,119,0.300000,0.000000,0.300000,0.300000,,,,,,,,,,,,,,,,,aa5501099a99993e0000000000c1ab,49811
1788459127.037880,18.511636,rx,-1,0.300000,0.000000,0.300000,0.300000,693,17351,25048,0.305673,0.000000,1.981069,0.323637,1.147072,42,42,2.027056,2.027056,73,75,-1,0,,49811
1788459127.075163,18.548917,rx,-1,0.300000,0.000000,0.300000,0.300000,694,17376,24972,0.299303,0.074873,1.984136,0.330453,1.148942,40,42,1.936405,2.033225,78,74,-1,0,,49811
1788459127.075215,18.548976,tx,-1,0.300000,0.000000,0.300000,0.300000,,,,,,,,,,,,,,,,,aa5501099a99993e0000000000c1ab,49987
1788459127.088934,18.562690,rx,-1,0.300000,0.000000,0.300000,0.300000,695,17400,24996,0.299016,0.074800,1.987190,0.337275,1.150811,40,42,1.934546,2.031273,78,74,-1,0,,49987
1788459127.089022,18.562781,rx,-1,0.300000,0.000000,0.300000,0.300000,696,17426,25012,0.306113,0.000000,1.990312,0.344266,1.150811,42,42,2.029974,2.029974,73,74,-1,0,,49987
1788459127.089039,18.562800,tx,-1,0.300000,0.000000,0.300000,0.300000,,,,,,,,,,,,,,,,,aa5501099a99993e0000000000c1ab,50131
1788459127.106128,18.579888,key,119,0.300000,0.000000,0.300000,0.300000,,,,,,,,,,,,,,,,,aa5501099a99993e0000000000c1ab,50131
1788459127.142418,18.616174,rx,-1,0.300000,0.000000,0.300000,0.300000,697,17451,24980,0.299207,-0.074849,1.993366,0.351088,1.148942,42,40,2.032574,1.935785,72,79,-1,0,,50131
1788459127.180363,18.654117,rx,-1,0.300000,0.000000,0.300000,0.300000,698,17476,25012,0.295180,0.037376,1.996385,0.357825,1.149877,40,41,1.933308,1.981641,78,77,-1,0,,50131
1788459127.180426,18.654188,tx,-1,0.300000,0.000000,0.300000,0.300000,,,,,,,,,,,,,,,,,aa5501099a99993e0000000000c1ab,50307
1788459127.186189,18.659950,key,119,0.300000,0.000000,0.300000,0.300000,,,,,,,,,,,,,,,,,aa5501099a99993e0000000000c1ab,50307
1788459127.194308,18.668064,rx,-1,0.300000,0.000000,0.300000,0.300000,699,17501,24988,0.295464,0.037412,1.999399,0.364565,1.150811,40,41,1.935165,1.983544,78,77,-1,0,,50307
1788459127.194397,18.668156,rx,-1,0.300000,0.000000,0.300000,0.300000,700,17526,25028,0.302275,-0.037352,2.002487,0.371472,1.149877,42,41,2.028676,1.980374,73,77,-1,0,,50307
1788459127.194448,18.668208,rx,-1,0.300000,0.000000,0.300000,0.300000,701,17551,24964,0.295748,0.037448,2.005501,0.378212,1.150811,40,41,1.937026,1.985451,78,77,-1,0,,50307
1788459127.194459,18.668220,tx,-1,0.300000,0.000000,0.300000,0.300000,,,,,,,,,,,,,,,,,aa5501099a99993e0000000000c1ab,50459
1788459127.246158,18.719914,rx,-1,0.300000,0.000000,0.300000,0.300000,702,17575,25012,0.295180,-0.037376,2.008514,0.384952,1.149877,41,40,1.981641,1.933308,76,80,-1,0,,50459
1788459127.282240,18.755987,rx,-1,0.300000,0.000000,0.300000,0.300000,703,17601,24996,0.302662,0.037400,2.011602,0.391858,1.150811,41,42,1.982909,2.031273,76,75,-1,0,,50459
1788459127.282363,18.756124,tx,-1,0.300000,0.000000,0.300000,0.300000,,,,,,,,,,,,,,,,,aa5501099a99993e0000000000c1ab,50603
1788459127.287922,18.761679,key,119,0.300000,0.000000,0.300000,0.300000,,,,,,,,,,,,,,,,,aa5501099a99993e0000000000c1ab,50603
1788459127.301813,18.775567,rx,-1,0.300000,0.000000,0.300000,0.300000,704,17626,25000,0.302614,-0.037394,2.014690,0.398765,1.149877,42,41,2.030948,1.982592,73,77,-1,0,,50603
1788459127.301907,18.775666,rx,-1,0.300000,0.000000,0.300000,0.300000,705,17651,25028,0.294992,-0.037353,2.017710,0.405502,1.148942,41,40,1.980374,1.932072,76,80,-1,0,,50603
1788459127.301920,18.775681,tx,-1,0.300000,0.000000,0.300000,0.300000,,,,,,,,,,,,,,,,,aa5501099a99993e0000000000c1ab,50747
1788459127.352783,18.826543,key,119,0.300000,0.000000,0.300000,0.300000,,,,,,,,,,,,,,,,,aa5501099a99993e0000000000c1ab,50747
1788459127.355330,18.829088,rx,-1,0.300000,0.000000,0.300000,0.300000,706,17676,24980,0.295558,0.037424,2.020730,0.412239,1.149877,40,41,1.935785,1.984179,78,77,-1,0,,50747
1788459127.403270,18.877025,rx,-1,0.300000,0.000000,0.300000,0.300000,707,17700,25004,0.298920,0.000000,2.023784,0.419061,1.149877,41,41,1.982275,1.982275,76,77,-1,0,,50747
1788459127.403316,18.877077,tx,-1,0.300000,0.000000,0.300000,0.300000,,,,,,,,,,,,,,,,,aa5501099a99993e0000000000c1ab,50891
1788459127.411460,18.885214,rx,-1,0.300000,0.000000,0.300000,0.300000,708,17726,24996,0.306309,0.000000,2.026912,0.426049,1.149877,42,42,2.031273,2.031273,73,75,-1,0,,50891
1788459127.411542,18.885301,rx,-1,0.300000,0.000000,0.300000,0.300000,709,17751,25012,0.295180,-0.037376,2.029932,0.432786,1.148942,41,40,1.981641,1.933308,76,80,-1,0,,50891
1788459127.411554,18.885315,tx,-1,0.300000,0.000000,0.300000,0.300000,,,,,,,,,,,,,,,,,aa5501099a99993e0000000000c1ab,51035
1788459127.439585,18.913344,key,119,0.300000,0.000000,0.300000,0.300000,,,,,,,,,,,,,,,,,aa5501099a99993e0000000000c1ab,51035
1788459127.464872,18.938629,rx,-1,0.300000,0.000000,0.300000,0.300000,710,17776,25016,0.298777,0.000000,2.032992,0.439605,1.148942,41,41,1.981324,1.981324,76,77,-1,0,,51035
1788459127.525516,18.999269,rx,-1,0.300000,0.000000,0.300000,0.300000,711,17801,24952,0.299543,0.074933,2.036046,0.446427,1.150811,40,42,1.937957,2.034855,78,75,-1,0,,51035
1788459127.525573,18.999333,tx,-1,0.300000,0.000000,0.300000,0.300000,,,,,,,,,,,,,,,,,aa5501099a99993e0000000000c1ab,51179
1788459127.531306,19.005066,key,119,0.300000,0.000000,0.300000,0.300000,,,,,,,,,,,,,,,,,aa5501099a99993e0000000000c1ab,51179
1788459127.533742,19.007495,rx,-1,0.300000,0.000000,0.300000,0.300000,712,17826,25044,0.302082,-0.037329,2.039134,0.453333,1.149877,42,41,2.027380,1.979109,73,77,-1,0,,51179
1788459127.533840,19.007590,rx,-1,0.300000,0.000000,0.300000,0.300000,713,17851,24980,0.306505,0.000000,2.042263,0.460322,1.149877,42,42,2.032574,2.032574,73,75,-1,0,,51179
1788459127.533889,19.007649,rx,-1,0.300000,0.000000,0.300000,0.300000,714,17875,24988,0.306407,0.074825,2.045385,0.467313,1.151746,41,43,1.983544,2.080302,75,72,-1,0,,51179
1788459127.533900,19.007661,tx,-1,0.300000,0.000000,0.300000,0.300000,,,,,,,,,,,,,,,,,aa5501099a99993e0000000000c1ab,51395
1788459127.586362,19.060115,rx,-1,0.300000,0.000000,0.300000,0.300000,715,17901,25036,0.309460,0.037341,2.048534,0.474391,1.152681,42,43,2.028028,2.076314,73,72,-1,0,,51395
1788459127.654560,19.128306,rx,-1,0.300000,0.000000,0.300000,0.300000,716,17926,24972,0.306603,0.000000,2.051643,0.481388,1.152681,42,42,2.033225,2.033225,72,74,-1,0,,51395
1788459127.654647,19.128407,tx,-1,0.300000,0.000000,0.300000,0.300000,,,,,,,,,,,,,,,,,aa5501099a99993e0000000000c1ab,51539
1788459127.660464,19.134223,key,119,0.300000,0.000000,0.300000,0.300000,,,,,,,,,,,,,,,,,aa5501099a99993e0000000000c1ab,51539
1788459127.662958,19.136710,rx,-1,0.300000,0.000000,0.300000,0.300000,717,17951,25028,0.302275,0.037352,2.054711,0.488303,1.153616,41,42,1.980374,2.028676,75,74,-1,0,,51539
1788459127.663051,19.136810,rx,-1,0.300000,0.000000,0.300000,0.300000,718,17976,24952,0.299543,0.000000,2.057740,0.495137,1.153616,41,41,1.986406,1.986406,75,76,-1,0,,51539
1788459127.663103,19.136863,rx,-1,0.300000,0.000000,0.300000,0.300000,719,18000,25012,0.295180,-0.037376,2.060734,0.501885,1.152681,41,40,1.981641,1.933308,75,79,-1,0,,51539
1788459127.663142,19.136902,tx,-1,0.300000,0.000000,0.300000,0.300000,,,,,,,,,,,,,,,,,aa5501099a99993e0000000000c1ab,51810
1788459127.691707,19.165466,key,119,0.300000,0.000000,0.300000,0.300000,,,,,,,,,,,,,,,,,aa5501099a99993e0000000000c1ab,51810
1788459127.716988,19.190743,rx,-1,0.300000,0.000000,0.300000,0.300000,720,18026,25028,0.287708,-0.112057,2.063667,0.508461,1.149877,41,38,1.980374,1.835469,75,84,-1,0,,51810
1788459127.756968,19.230719,rx,-1,0.300000,0.000000,0.300000,0.300000,721,18051,24972,0.302953,0.037436,2.066755,0.515368,1.150811,41,42,1.984815,2.033225,75,74,-1,0,,51810
1788459127.757028,19.230788,tx,-1,0.300000,0.000000,0.300000,0.300000,,,,,,,,,,,,,,,,,aa5501099a99993e0000000000c1ab,51954
1788459127.770912,19.244665,rx,-1,0.300000,0.000000,0.300000,0.300000,722,18076,25048,0.305673,0.149291,2.069864,0.522365,1.154551,40,44,1.930529,2.123582,78,69,-1,0,,51954
1788459127.771003,19.244761,rx,-1,0.300000,0.000000,0.300000,0.300000,723,18101,24956,0.310452,0.037460,2.072993,0.529452,1.155486,42,43,2.034529,2.082970,73,71,-1,0,,51954
1788459127.771020,19.244780,tx,-1,0.300000,0.000000,0.300000,0.300000,,,,,,,,,,,,,,,,,aa5501099a99993e0000000000c1ab,52130
1788459127.776788,19.250547,key,119,0.300000,0.000000,0.300000,0.300000,,,,,,,,,,,,,,,,,aa5501099a99993e0000000000c1ab,52130
1788459127.824388,19.298144,rx,-1,0.300000,0.000000,0.300000,0.300000,724,18125,24980,0.299207,0.000000,2.076009,0.536291,1.155486,41,41,1.984179,1.984179,75,76,-1,0,,52130
1788459127.856892,19.330646,rx,-1,0.300000,0.000000,0.300000,0.300000,725,18151,25044,0.294803,0.037329,2.078985,0.543048,1.156421,40,41,1.930838,1.979109,78,76,-1,0,,52130
1788459127.856942,19.330702,tx,-1,0.300000,0.000000,0.300000,0.300000,,,,,,,,,,,,,,,,,aa5501099a99993e0000000000c1ab,52306
1788459127.862650,19.336410,key,119,0.300000,0.000000,0.300000,0.300000,,,,,,,,,,,,,,,,,aa5501099a99993e0000000000c1ab,52306
1788459127.876343,19.350098,rx,-1,0.300000,0.000000,0.300000,0.300000,726,18176,24988,0.299111,0.000000,2.081994,0.549890,1.156421,41,41,1.983544,1.983544,76,76,-1,0,,52306
1788459127.876423,19.350182,rx,-1,0.300000,0.000000,0.300000,0.300000,727,18201,24996,0.299016,0.000000,2.085003,0.556731,1.156421,41,41,1.982909,1.982909,76,76,-1,0,,52306
1788459127.876440,19.350201,tx,-1,0.300000,0.000000,0.300000,0.300000,,,,,,,,,,,,,,,,,aa5501099a99993e0000000000c1ab,52450
1788459127.929493,19.403246,rx,-1,0.300000,0.000000,0.300000,0.300000,728,18226,25000,0.298968,0.000000,2.088013,0.563573,1.156421,41,41,1.982592,1.982592,76,76,-1,0,,52450
1788459127.967111,19.440865,rx,-1,0.300000,0.000000,0.300000,0.300000,729,18250,24980,0.299207,0.000000,2.091022,0.570415,1.156421,41,41,1.984179,1.984179,76,76,-1,0,,52450
1788459127.967206,19.440965,rx,-1,0.300000,0.000000,0.300000,0.300000,730,18276,25024,0.295039,-0.037359,2.093998,0.577172,1.155486,41,40,1.980691,1.932381,76,79,-1,0,,52450
1788459127.967220,19.440981,tx,-1,0.300000,0.000000,0.300000,0.300000,,,,,,,,,,,,,,,,,aa5501099a99993e0000000000c1ab,52602
1788459127.972980,19.446739,key,119,0.300000,0.000000,0.300000,0.300000,,,,,,,,,,,,,,,,,aa5501099a99993e0000000000c1ab,52602
1788459127.981146,19.454901,rx,-1,0.300000,0.000000,0.300000,0.300000,731,18300,24984,0.299159,0.000000,2.097013,0.584010,1.155486,41,41,1.983862,1.983862,76,76,-1,0,,52602
1788459127.981228,19.454987,rx,-1,0.300000,0.000000,0.300000,0.300000,732,18326,25008,0.302517,0.037383,2.100063,0.590934,1.156421,41,42,1.981958,2.030298,76,74,-1,0,,52602
1788459127.981240,19.455000,tx,-1,0.300000,0.000000,0.300000,0.300000,,,,,,,,,,,,,,,,,aa5501099a99993e0000000000c1ab,52746
1788459128.021203,19.494962,key,119,0.300000,0.000000,0.300000,0.300000,,,,,,,,,,,,,,,,,aa5501099a99993e0000000000c1ab,52746
1788459128.034910,19.508647,rx,-1,0.300000,0.000000,0.300000,0.300000,733,18351,24980,0.295558,-0.037424,2.103038,0.597691,1.155486,41,40,1.984179,1.935785,76,79,-1,0,,52746
1788459128.073362,19.547114,rx,-1,0.300000,0.000000,0.300000,0.300000,734,18376,25028,0.298633,0.000000,2.106054,0.604530,1.155486,41,41,1.980374,1.980374,76,76,-1,0,,52746
1788459128.073424,19.547184,tx,-1,0.300000,0.000000,0.300000,0.300000,,,,,,,,,,,,,,,,,aa5501099a99993e0000000000c1ab,52890
1788459128.087253,19.561007,rx,-1,0.300000,0.000000,0.300000,0.300000,735,18401,25004,0.298920,0.000000,2.109070,0.611368,1.155486,41,41,1.982275,1.982275,76,76,-1,0,,52890
1788459128.087336,19.561095,rx,-1,0.300000,0.000000,0.300000,0.300000,736,18425,24984,0.299159,0.000000,2.112086,0.618207,1.155486,41,41,1.983862,1.983862,76,76,-1,0,,52890
1788459128.087348,19.561108,tx,-1,0.300000,0.000000,0.300000,0.300000,,,,,,,,,,,,,,,,,aa5501099a99993e0000000000c1ab,53034
1788459128.104474,19.578233,key,119,0.300000,0.000000,0.300000,0.300000,,,,,,,,,,,,,,,,,aa5501099a99993e0000000000c1ab,53034
1788459128.141057,19.614813,rx,-1,0.300000,0.000000,0.300000,0.300000,737,18451,25032,0.302227,-0.037347,2.115141,0.625128,1.154551,42,41,2.028352,1.980057,73,76,-1,0,,53034
1788459128.175903,19.649658,rx,-1,0.300000,0.000000,0.300000,0.300000,738,18476,24948,0.295937,0.037472,2.118123,0.631882,1.155486,40,41,1.938268,1.986724,78,76,-1,0,,53034
1788459128.175940,19.649700,tx,-1,0.300000,0.000000,0.300000,0.300000,,,,,,,,,,,,,,,,,aa5501099a99993e0000000000c1ab,53178
1788459128.187348,19.661106,key,119,0.300000,0.000000,0.300000,0.300000,,,,,,,,,,,,,,,,,aa5501099a99993e0000000000c1ab,53178
1788459128.195540,19.669295,rx,-1,0.300000,0.000000,0.300000,0.300000,739,18501,25020,0.295086,0.037364,2.121099,0.638639,1.156421,40,41,1.932690,1.981007,79,76,-1,0,,53178
1788459128.195620,19.669378,rx,-1,0.300000,0.000000,0.300000,0.300000,740,18526,25008,0.302517,-0.037383,2.124148,0.645563,1.155486,42,41,2.030298,1.981958,73,76,-1,0,,53178
1788459128.195632,19.669392,tx,-1,0.300000,0.000000,0.300000,0.300000,,,,,,,,,,,,,,,,,aa5501099a99993e0000000000c1ab,53322
1788459128.249300,19.723057,rx,-1,0.300000,0.000000,0.300000,0.300000,741,18550,24976,0.299255,0.000000,2.127164,0.652401,1.155486,41,41,1.984497,1.984497,76,76,-1,0,,53322
1788459128.285733,19.759488,rx,-1,0.300000,0.000000,0.300000,0.300000,742,18576,25000,0.298968,0.000000,2.130180,0.659240,1.155486,41,41,1.982592,1.982592,76,76,-1,0,,53322
1788459128.285780,19.759540,tx,-1,0.300000,0.000000,0.300000,0.300000,,,,,,,,,,,,,,,,,aa5501099a99993e0000000000c1ab,53466
1788459128.291500,19.765260,key,119,0.300000,0.000000,0.300000,0.300000,,,,,,,,,,,,,,,,,aa5501099a99993e0000000000c1ab,53466
1788459128.299637,19.773392,rx,-1,0.300000,0.000000,0.300000,0.300000,743,18600,25060,0.301889,0.037305,2.133229,0.666164,1.156421,41,42,1.977845,2.026085,76,74,-1,0,,53466
1788459128.299711,19.773470,rx,-1,0.300000,0.000000,0.300000,0.300000,744,18626,24936,0.292425,0.000000,2.136165,0.672839,1.156421,40,40,1.939201,1.939201,79,79,-1,0,,53466
1788459128.299722,19.773482,tx,-1,0.300000,0.000000,0.300000,0.300000,,,,,,,,,,,,,,,,,aa5501099a99993e0000000000c1ab,53610
1788459128.353177,19.826932,rx,-1,0.300000,0.000000,0.300000,0.300000,745,18651,25040,0.305771,0.000000,2.139247,0.679847,1.156421,42,42,2.027704,2.027704,74,74,-1,0,,53610
1788459128.390543,19.864296,rx,-1,0.300000,0.000000,0.300000,0.300000,746,18676,24972,0.302953,0.037436,2.142290,0.686774,1.157355,41,42,1.984815,2.033225,76,74,-1,0,,53610
1788459128.390594,19.864354,tx,-1,0.300000,0.000000,0.300000,0.300000,,,,,,,,,,,,,,,,,aa5501099a99993e0000000000c1ab,53786
1788459128.396355,19.870115,key,119,0.300000,0.000000,0.300000,0.300000,,,,,,,,,,,,,,,,,aa5501099a99993e0000000000c1ab,53786
1788459128.404442,19.878195,rx,-1,0.300000,0.000000,0.300000,0.300000,747,18701,24988,0.299111,0.074825,2.145287,0.693621,1.159225,40,42,1.935165,2.031923,79,73,-1,0,,53786
1788459128.404520,19.878278,rx,-1,0.300000,0.000000,0.300000,0.300000,748,18725,25004,0.302565,0.037388,2.148310,0.700556,1.160160,41,42,1.982275,2.030623,76,73,-1,0,,53786
1788459128.404535,19.878295,tx,-1,0.300000,0.000000,0.300000,0.300000,,,,,,,,,,,,,,,,,aa5501099a99993e0000000000c1ab,53930
1788459128.438410,19.912168,key,119,0.300000,0.000000,0.300000,0.300000,,,,,,,,,,,,,,,,,aa5501099a99993e0000000000c1ab,53930
1788459128.457759,19.931514,rx,-1,0.300000,0.000000,0.300000,0.300000,749,18751,25000,0.298968,0.000000,2.151294,0.707409,1.160160,41,41,1.982592,1.982592,76,76,-1,0,,53930
1788459128.492196,19.965950,rx,-1,0.300000,0.000000,0.300000,0.300000,750,18776,25028,0.298633,0.000000,2.154277,0.714262,1.160160,41,41,1.980374,1.980374,77,76,-1,0,,53930
1788459128.492251,19.966011,tx,-1,0.300000,0.000000,0.300000,0.300000,,,,,,,,,,,,,,,,,aa5501099a99993e0000000000c1ab,54106
1788459128.511327,19.985084,rx,-1,0.300000,0.000000,0.300000,0.300000,751,18801,24984,0.295511,-0.037418,2.157228,0.721029,1.159225,41,40,1.983862,1.935475,76,78,-1,0,,54106
1788459128.511407,19.985165,rx,-1,0.300000,0.000000,0.300000,0.300000,752,18826,25020,0.298729,0.074729,2.160211,0.727882,1.161095,40,42,1.932690,2.029325,79,74,-1,0,,54106
1788459128.511454,19.985213,rx,-1,0.300000,0.000000,0.300000,0.300000,753,18850,24964,0.303050,-0.037448,2.163228,0.734820,1.160160,42,41,2.033877,1.985451,74,76,-1,0,,54106
1788459128.511467,19.985227,tx,-1,0.300000,0.000000,0.300000,0.300000,,,,,,,,,,,,,,,,,aa5501099a99993e0000000000c1ab,54258
1788459128.522516,19.996274,key,119,0.300000,0.000000,0.300000,0.300000,,,,,,,,,,,,,,,,,aa5501099a99993e0000000000c1ab,54258
1788459128.564724,20.038478,rx,-1,0.300000,0.000000,0.300000,0.300000,754,18876,25012,0.295180,-0.037376,2.166178,0.741588,1.159225,41,40,1.981641,1.933308,77,79,-1,0,,54258
1788459128.611598,20.085351,rx,-1,0.300000,0.000000,0.300000,0.300000,755,18900,24988,0.295464,0.037412,2.169129,0.748356,1.160160,40,41,1.935165,1.983544,79,76,-1,0,,54258
1788459128.611650,20.085410,tx,-1,0.300000,0.000000,0.300000,0.300000,,,,,,,,,,,,,,,,,aa5501099a99993e0000000000c1ab,54402
1788459128.617299,20.091058,key,119,0.300000,0.000000,0.300000,0.300000,,,,,,,,,,,,,,,,,aa5501099a99993e0000000000c1ab,54402
1788459128.619806,20.093560,rx,-1,0.300000,0.000000,0.300000,0.300000,756,18926,25048,0.298395,0.000000,2.172112,0.755209,1.160160,41,41,1.978793,1.978793,77,76,-1,0,,54402
1788459128.619882,20.093640,rx,-1,0.300000,0.000000,0.300000,0.300000,757,18951,24992,0.302711,-0.037406,2.175136,0.762144,1.159225,42,41,2.031598,1.983227,74,76,-1,0,,54402
1788459128.619894,20.093653,tx,-1,0.300000,0.000000,0.300000,0.300000,,,,,,,,,,,,,,,,,aa5501099a99993e0000000000c1ab,54546
1788459128.673491,20.147246,rx,-1,0.300000,0.000000,0.300000,0.300000,758,18976,25000,0.298968,-0.074789,2.178132,0.768991,1.157355,42,40,2.030948,1.934236,74,79,-1,0,,54546
1788459128.711663,20.185417,rx,-1,0.300000,0.000000,0.300000,0.300000,759,19001,24992,0.299064,0.000000,2.181135,0.775835,1.157355,41,41,1.983227,1.983227,77,77,-1,0,,54546
1788459128.711737,20.185497,tx,-1,0.300000,0.000000,0.300000,0.300000,,,,,,,,,,,,,,,,,aa5501099a99993e0000000000c1ab,54745
1788459128.717387,20.191145,key,119,0.300000,0.000000,0.300000,0.300000,,,,,,,,,,,,,,,,,aa5501099a99993e0000000000c1ab,54745
1788459128.725140,20.198894,rx,-1,0.300000,0.000000,0.300000,0.300000,760,19025,25004,0.291629,0.149554,2.184052,0.782518,1.161095,38,42,1.837230,2.030623,85,74,-1,0,,54745
1788459128.725223,20.198980,rx,-1,0.300000,0.000000,0.300000,0.300000,761,19051,25020,0.306015,-0.074729,2.187109,0.789538,1.159225,43,41,2.077642,1.981007,72,76,-1,0,,54745
1788459128.725235,20.198995,tx,-1,0.300000,0.000000,0.300000,0.300000,,,,,,,,,,,,,,,,,aa5501099a99993e0000000000c1ab,54889
1788459128.776121,20.249878,key,119,0.300000,0.000000,0.300000,0.300000,,,,,,,,,,,,,,,,,aa5501099a99993e0000000000c1ab,54889
1788459128.778619,20.252373,rx,-1,0.300000,0.000000,0.300000,0.300000,762,19076,24944,0.303293,-0.187392,2.190151,0.796465,1.154551,44,39,2.132437,1.890114,68,82,-1,0,,54889
1788459128.816581,20.290334,rx,-1,0.300000,0.000000,0.300000,0.300000,763,19101,25052,0.298347,0.000000,2.193173,0.803301,1.154551,41,41,1.978477,1.978477,77,77,-1,0,,54889
1788459128.816631,20.290391,tx,-1,0.300000,0.000000,0.300000,0.300000,,,,,,,,,,,,,,,,,aa5501099a99993e0000000000c1ab,55033
1788459128.830598,20.304351,rx,-1,0.300000,0.000000,0.300000,0.300000,764,19126,24952,0.295890,0.112399,2.196149,0.810058,1.157356,39,42,1.889508,2.034855,82,74,-1,0,,55033
1788459128.830675,20.304433,rx,-1,0.300000,0.000000,0.300000,0.300000,765,19150,25040,0.298490,0.000000,2.199152,0.816902,1.157356,41,41,1.979425,1.979425,77,77,-1,0,,55033
1788459128.830686,20.304446,tx,-1,0.300000,0.000000,0.300000,0.300000,,,,,,,,,,,,,,,,,aa5501099a99993e0000000000c1ab,55177
1788459128.859113,20.332870,key,119,0.300000,0.000000,0.300000,0.300000,,,,,,,,,,,,,,,,,aa5501099a99993e0000000000c1ab,55177
1788459128.884164,20.357919,rx,-1,0.300000,0.000000,0.300000,0.300000,766,19176,24984,0.302808,-0.112255,2.202201,0.823826,1.154551,43,40,2.080636,1.935475,71,79,-1,0,,55177
1788459128.922379,20.396133,rx,-1,0.300000,0.000000,0.300000,0.300000,767,19201,25000,0.302614,0.037394,2.205256,0.830747,1.155486,41,42,1.982592,2.030948,76,74,-1,0,,55177
1788459128.922433,20.396192,tx,-1,0.300000,0.000000,0.300000,0.300000,,,,,,,,,,,,,,,,,aa5501099a99993e0000000000c1ab,55353
1788459128.936319,20.410073,rx,-1,0.300000,0.000000,0.300000,0.300000,768,19226,24984,0.299159,0.000000,2.208272,0.837586,1.155486,41,41,1.983862,1.983862,76,77,-1,0,,55353
1788459128.936410,20.410168,rx,-1,0.300000,0.000000,0.300000,0.300000,769,19251,25020,0.295086,0.037364,2.211248,0.844342,1.156421,40,41,1.932690,1.981007,79,77,-1,0,,55353
1788459128.936427,20.410186,tx,-1,0.300000,0.000000,0.300000,0.300000,,,,,,,,,,,,,,,,,aa5501099a99993e0000000000c1ab,55497
1788459128.942190,20.415947,key,119,0.300000,0.000000,0.300000,0.300000,,,,,,,,,,,,,,,,,aa5501099a99993e0000000000c1ab,55497
1788459128.989368,20.463121,rx,-1,0.300000,0.000000,0.300000,0.300000,770,19275,24976,0.299255,0.000000,2.214257,0.851184,1.156421,41,41,1.984497,1.984497,77,77,-1,0,,55497
1788459129.051788,20.525538,rx,-1,0.300000,0.000000,0.300000,0.300000,771,19301,25024,0.302324,-0.037358,2.217306,0.858108,1.155486,42,41,2.029000,1.980691,74,77,-1,0,,55497
1788459129.051861,20.525620,tx,-1,0.300000,0.000000,0.300000,0.300000,,,,,,,,,,,,,,,,,aa5501099a99993e0000000000c1ab,55673
1788459129.057618,20.531376,key,119,0.300000,0.000000,0.300000,0.300000,,,,,,,,,,,,,,,,,aa5501099a99993e0000000000c1ab,55673
1788459129.060177,20.533928,rx,-1,0.300000,0.000000,0.300000,0.300000,772,19325,25004,0.298920,0.000000,2.220322,0.864946,1.155486,41,41,1.982275,1.982275,77,77,-1,0,,55673
1788459129.060260,20.534018,rx,-1,0.300000,0.000000,0.300000,0.300000,773,19351,24980,0.299207,0.000000,2.223338,0.871785,1.155486,41,41,1.984179,1.984179,76,77,-1,0,,55673
1788459129.060332,20.534088,rx,-1,0.300000,0.000000,0.300000,0.300000,774,19376,25052,0.309262,-0.037317,2.226467,0.878873,1.154551,43,42,2.074988,2.026732,71,75,-1,0,,55673
1788459129.060358,20.534117,tx,-1,0.300000,0.000000,0.300000,0.300000,,,,,,,,,,,,,,,,,aa5501099a99993e0000000000c1ab,55825
1788459129.088855,20.562613,key,100,0.000000,-1.200000,0.117000,-0.117000,,,,,,,,,,,,,,,,,aa550109000000009a9999bf001f94,55825
1788459129.114085,20.587840,rx,-1,0.000000,-1.200000,0.117000,-0.117000,775,19401,24952,0.299543,0.000000,2.229489,0.885709,1.154551,41,41,1.986406,1.986406,76,77,-1,0,,55825
1788459129.149417,20.623170,rx,-1,0.000000,-1.200000,0.117000,-0.117000,776,19426,25012,0.302469,0.037376,2.232545,0.892630,1.155486,41,42,1.981641,2.029974,76,74,-1,0,,55825
1788459129.149485,20.623244,tx,-1,0.000000,-1.200000,0.117000,-0.117000,,,,,,,,,,,,,,,,,aa550109000000009a9999bf001f94,56033
1788459129.168886,20.642640,rx,-1,0.000000,-1.200000,0.117000,-0.117000,777,19450,24968,0.306652,0.074885,2.235627,0.899638,1.157355,41,43,1.985133,2.081969,76,71,-1,0,,56033
1788459129.168974,20.642732,rx,-1,0.000000,-1.200000,0.117000,-0.117000,778,19476,25044,0.298443,0.000000,2.238630,0.906483,1.157355,41,41,1.979109,1.979109,-22,-176,-1,0,,56033
1788459129.169023,20.642782,rx,-1,0.000000,-1.200000,0.117000,-0.117000,779,19501,24984,0.153228,-0.598693,2.240195,0.909977,1.142398,29,13,1.403219,0.629029,6,-114,-1,0,,56033
1788459129.169033,20.642792,tx,-1,0.000000,-1.200000,0.117000,-0.117000,,,,,,,,,,,,,,,,,aa550109000000009a9999bf001f94,56185
1788459129.222060,20.695814,rx,-1,0.000000,-1.200000,0.117000,-0.117000,780,19526,25016,-0.036436,-1.420077,2.239801,0.909154,1.106873,14,-24,0.676550,-1.159799,45,-22,-1,0,,56185
1788459129.254675,20.728427,rx,-1,0.000000,-1.200000,0.117000,-0.117000,781,19551,24956,-0.065743,-1.573332,2.239038,0.907702,1.067609,12,-30,0.581294,-1.453235,51,-4,-1,0,,56185
1788459129.254723,20.728482,tx,-1,0.000000,-1.200000,0.117000,-0.117000,,,,,,,,,,,,,,,,,aa550109000000009a9999bf001f94,56329
1788459129.274391,20.748146,rx,-1,0.000000,-1.200000,0.117000,-0.117000,782,19575,25004,0.003645,-1.308593,2.239084,0.907781,1.034889,18,-17,0.870267,-0.821919,35,-36,-1,0,,56329
1788459129.274485,20.748242,rx,-1,0.000000,-1.200000,0.117000,-0.117000,783,19601,24996,0.014586,-1.122010,2.239274,0.908092,1.006843,17,-13,0.822182,-0.628727,38,-47,-1,0,,56329
1788459129.274498,20.748257,tx,-1,0.000000,-1.200000,0.117000,-0.117000,,,,,,,,,,,,,,,,,aa550109000000009a9999bf001f94,56473
1788459129.327738,20.801490,rx,-1,0.000000,-1.200000,0.117000,-0.117000,784,19625,25020,0.000000,-1.195663,2.239274,0.908092,0.976928,16,-16,0.773076,-0.773076,40,-39,-1,0,,56473
1788459129.368048,20.841799,rx,-1,0.000000,-1.200000,0.117000,-0.117000,785,19651,24984,0.014593,-1.272222,2.239483,0.908391,0.945142,19,-15,0.919351,-0.725803,32,-42,-1,0,,56473
1788459129.368107,20.841866,tx,-1,0.000000,-1.200000,0.117000,-0.117000,,,,,,,,,,,,,,,,,aa550109000000009a9999bf001f94,56617
1788459129.381599,20.855352,rx,-1,0.000000,-1.200000,0.117000,-0.117000,786,19676,25020,0.000000,-1.120934,2.239483,0.908391,0.917097,15,-15,0.724759,-0.724759,43,-42,-1,0,,56617
1788459129.381670,20.855427,rx,-1,0.000000,-1.200000,0.117000,-0.117000,787,19701,24976,-0.003649,-1.160339,2.239427,0.908319,0.888116,15,-16,0.726036,-0.774438,43,-40,-1,0,,56617
1788459129.381682,20.855440,tx,-1,0.000000,-1.200000,0.117000,-0.117000,,,,,,,,,,,,,,,,,aa550109000000009a9999bf001f94,56761
1788459129.434910,20.908666,rx,-1,0.000000,-1.200000,0.117000,-0.117000,788,19726,25004,0.003645,-1.233816,2.239485,0.908389,0.857266,17,-16,0.821919,-0.773571,37,-40,-1,0,,56761
1788459129.471264,20.945017,rx,-1,0.000000,-1.200000,0.117000,-0.117000,789,19750,25004,-0.010936,-1.308593,2.239303,0.908185,0.824546,16,-19,0.773571,-0.918615,40,-32,-1,0,,56761
1788459129.471310,20.945069,tx,-1,0.000000,-1.200000,0.117000,-0.117000,,,,,,,,,,,,,,,,,aa550109000000009a9999bf001f94,56905
1788459129.490818,20.964572,rx,-1,0.000000,-1.200000,0.117000,-0.117000,790,19776,25016,0.007287,-1.121113,2.239429,0.908317,0.796500,16,-14,0.773200,-0.676550,40,-44,-1,0,,56905
1788459129.490901,20.964658,rx,-1,0.000000,-1.200000,0.117000,-0.117000,791,19801,25008,0.010934,-1.158854,2.239623,0.908510,0.767519,17,-14,0.821787,-0.676766,37,-45,-1,0,,56905
1788459129.490916,20.964675,tx,-1,0.000000,-1.200000,0.117000,-0.117000,,,,,,,,,,,,,,,,,aa550109000000009a9999bf001f94,57081
1788459129.543143,21.016895,rx,-1,0.000000,-1.200000,0.117000,-0.117000,792,19826,25008,-0.014579,-1.345766,2.239356,0.908261,0.733864,16,-20,0.773447,-0.966809,40,-29,-1,0,,57081
1788459129.589035,21.062786,rx,-1,0.000000,-1.200000,0.117000,-0.117000,793,19851,24968,0.003651,-1.160711,2.239425,0.908321,0.704884,16,-15,0.774686,-0.726268,40,-42,-1,0,,57081
1788459129.589087,21.062845,tx,-1,0.000000,-1.200000,0.117000,-0.117000,,,,,,,,,,,,,,,,,aa550109000000009a9999bf001f94,57225
1788459129.594875,21.068633,key,100,0.000000,-1.200000,0.117000,-0.117000,,,,,,,,,,,,,,,,,aa550109000000009a9999bf001f94,57225
1788459129.597276,21.071030,rx,-1,0.000000,-1.200000,0.117000,-0.117000,794,19875,25016,0.010931,-1.158484,2.239635,0.908496,0.675903,17,-14,0.821525,-0.676550,37,-45,-1,0,,57225
1788459129.597338,21.071096,rx,-1,0.000000,-1.200000,0.117000,-0.117000,795,19901,24976,0.000000,-1.197769,2.239635,0.908496,0.645988,16,-16,0.774438,-0.774438,40,-40,-1,0,,57225
1788459129.597382,21.071139,rx,-1,0.000000,-1.200000,0.117000,-0.117000,796,19926,25016,-0.003644,-1.233224,2.239562,0.908442,0.615137,16,-17,0.773200,-0.821525,40,-37,-1,0,,57225
1788459129.597390,21.071149,tx,-1,0.000000,-1.200000,0.117000,-0.117000,,,,,,,,,,,,,,,,,aa550109000000009a9999bf001f94,57409
1788459129.650598,21.124353,rx,-1,0.000000,-1.200000,0.117000,-0.117000,797,19951,25000,-0.003646,-1.234014,2.239486,0.908390,0.584287,16,-17,0.773694,-0.822050,40,-37,-1,0,,57409
1788459129.683807,21.157556,rx,-1,0.000000,-1.200000,0.117000,-0.117000,798,19976,25000,-0.010938,-1.308802,2.239256,0.908243,0.551567,16,-19,0.773694,-0.918762,40,-31,-1,0,,57409
1788459129.683909,21.157667,tx,-1,0.000000,-1.200000,0.117000,-0.117000,,,,,,,,,,,,,,,,,aa550109000000009a9999bf001f94,57553
1788459129.689670,21.163429,key,100,0.000000,-1.200000,0.117000,-0.117000,,,,,,,,,,,,,,,,,aa550109000000009a9999bf001f94,57553
1788459129.702936,21.176689,rx,-1,0.000000,-1.200000,0.117000,-0.117000,799,20001,25032,0.010924,-1.157743,2.239491,0.908383,0.522586,17,-14,0.820999,-0.676117,37,-44,-1,0,,57553
1788459129.703041,21.176798,rx,-1,0.000000,-1.200000,0.117000,-0.117000,800,20026,24960,-0.007304,-1.273446,2.239331,0.908295,0.490801,16,-18,0.774934,-0.871801,39,-34,-1,0,,57553
1788459129.703054,21.176812,tx,-1,0.000000,-1.200000,0.117000,-0.117000,,,,,,,,,,,,,,,,,aa550109000000009a9999bf001f94,57752
1788459129.748284,21.222041,key,100,0.000000,-1.200000,0.117000,-0.117000,,,,,,,,,,,,,,,,,aa550109000000009a9999bf001f94,57752
1788459129.756444,21.230197,rx,-1,0.000000,-1.200000,0.117000,-0.117000,801,20050,25032,0.003641,-1.157743,2.239412,0.908336,0.461820,16,-15,0.772705,-0.724411,40,-41,-1,0,,57752
1788459129.795543,21.269296,rx,-1,0.000000,-1.200000,0.117000,-0.117000,802,20076,24996,0.003647,-1.159410,2.239495,0.908376,0.432840,16,-15,0.773818,-0.725455,40,-42,-1,0,,57752
1788459129.795583,21.269342,tx,-1,0.000000,-1.200000,0.117000,-0.117000,,,,,,,,,,,,,,,,,aa550109000000009a9999bf001f94,57896
1788459129.809266,21.283017,rx,-1,0.000000,-1.200000,0.117000,-0.117000,803,20101,24972,0.010950,-1.310270,2.239745,0.908486,0.400120,19,-16,0.919792,-0.774562,31,-39,-1,0,,57896
1788459129.809356,21.283113,rx,-1,0.000000,-1.200000,0.117000,-0.117000,804,20126,25008,-0.003645,-1.158854,2.239660,0.908452,0.371139,15,-16,0.725106,-0.773447,42,-39,-1,0,,57896
1788459129.809369,21.283127,tx,-1,0.000000,-1.200000,0.117000,-0.117000,,,,,,,,,,,,,,,,,aa550109000000009a9999bf001f94,58040
1788459129.832184,21.305941,key,100,0.000000,-1.200000,0.117000,-0.117000,,,,,,,,,,,,,,,,,aa550109000000009a9999bf001f94,58040
1788459129.862860,21.336614,rx,-1,0.000000,-1.200000,0.117000,-0.117000,805,20151,25000,-0.007292,-1.196619,2.239489,0.908389,0.341224,15,-17,0.725339,-0.822050,42,-37,-1,0,,58040
1788459129.900580,21.374331,rx,-1,0.000000,-1.200000,0.117000,-0.117000,806,20175,25012,0.003644,-1.457680,2.239576,0.908418,0.304764,20,-19,0.966654,-0.918321,28,-31,-1,0,,58040
1788459129.900630,21.374388,tx,-1,0.000000,-1.200000,0.117000,-0.117000,,,,,,,,,,,,,,,,,aa550109000000009a9999bf001f94,58184
1788459129.914494,21.388245,rx,-1,0.000000,-1.200000,0.117000,-0.117000,807,20201,24996,0.014586,-1.196811,2.239925,0.908522,0.274849,18,-14,0.870546,-0.677091,33,-44,-1,0,,58184
1788459129.914582,21.388339,rx,-1,0.000000,-1.200000,0.117000,-0.117000,808,20226,24976,-0.014598,-1.122909,2.239573,0.908428,0.246803,13,-17,0.629231,-0.822840,47,-36,-1,0,,58184
1788459129.914595,21.388353,tx,-1,0.000000,-1.200000,0.117000,-0.117000,,,,,,,,,,,,,,,,,aa550109000000009a9999bf001f94,58328
1788459129.920317,21.394075,key,100,0.000000,-1.200000,0.117000,-0.117000,,,,,,,,,,,,,,,,,aa550109000000009a9999bf001f94,58328
1788459129.968002,21.441757,rx,-1,0.000000,-1.200000,0.117000,-0.117000,809,20251,25036,0.014563,-1.194899,2.239928,0.908512,0.216887,18,-14,0.869155,-0.676009,33,-44,-1,0,,58328
1788459130.007109,21.480860,rx,-1,0.000000,-1.200000,0.117000,-0.117000,810,20276,24996,0.018233,-1.234211,2.240374,0.908603,0.186037,19,-14,0.918909,-0.677091,30,-44,-1,0,,58328
1788459130.007157,21.480915,tx,-1,0.000000,-1.200000,0.117000,-0.117000,,,,,,,,,,,,,,,,,aa550109000000009a9999bf001f94,58472
1788459130.012942,21.486700,key,100,0.000000,-1.200000,0.117000,-0.117000,,,,,,,,,,,,,,,,,aa550109000000009a9999bf001f94,58472
1788459130.020861,21.494614,rx,-1,0.000000,-1.200000,0.117000,-0.117000,811,20301,24972,0.003650,-1.160525,2.240464,0.908618,0.157056,16,-15,0.774562,-0.726152,38,-42,-1,0,,58472
1788459130.020946,21.494702,rx,-1,0.000000,-1.200000,0.117000,-0.117000,812,20326,25028,-0.014567,-1.045871,2.240103,0.908566,0.130880,12,-16,0.579622,-0.772829,49,-40,-1,0,,58472
1788459130.020958,21.494716,tx,-1,0.000000,-1.200000,0.117000,-0.117000,,,,,,,,,,,,,,,,,aa550109000000009a9999bf001f94,58616
1788459130.074099,21.547854,rx,-1,0.000000,-1.200000,0.117000,-0.117000,813,20350,24984,0.000000,-1.122549,2.240103,0.908566,0.102835,15,-15,0.725803,-0.725803,41,-42,-1,0,,58616
1788459130.112134,21.585887,rx,-1,0.000000,-1.200000,0.117000,-0.117000,814,20376,25028,0.003642,-1.232633,2.240194,0.908574,0.071984,17,-16,0.821131,-0.772829,36,-40,-1,0,,58616
1788459130.112174,21.585932,tx,-1,0.000000,-1.200000,0.117000,-0.117000,,,,,,,,,,,,,,,,,aa550109000000009a9999bf001f94,58792
1788459130.117900,21.591658,key,100,0.000000,-1.200000,0.117000,-0.117000,,,,,,,,,,,,,,,,,aa550109000000009a9999bf001f94,58792
1788459130.125587,21.599339,rx,-1,0.000000,-1.200000,0.117000,-0.117000,815,20401,24956,-0.010957,-1.311110,2.239921,0.908559,0.039264,16,-19,0.775059,-0.920382,39,-32,-1,0,,58792
1788459130.125662,21.599419,rx,-1,0.000000,-1.200000,0.117000,-0.117000,816,20426,25028,-0.003642,-1.232633,2.239830,0.908557,0.008414,16,-17,0.772829,-0.821131,39,-37,-1,0,,58792
1788459130.125680,21.599438,tx,-1,0.000000,-1.200000,0.117000,-0.117000,,,,,,,,,,,,,,,,,aa550109000000009a9999bf001f94,58968
1788459130.171178,21.644934,key,100,0.000000,-1.200000,0.117000,-0.117000,,,,,,,,,,,,,,,,,aa550109000000009a9999bf001f94,58968
1788459130.179374,21.653130,rx,-1,0.000000,-1.200000,0.117000,-0.117000,817,20451,25008,0.007290,-1.046707,2.240013,0.908556,-0.017762,15,-13,0.725106,-0.628426,41,-47,-1,0,,58968
1788459130.219738,21.693490,rx,-1,0.000000,-1.200000,0.117000,-0.117000,818,20475,24972,-0.003650,-1.235397,2.239922,0.908559,-0.048613,16,-17,0.774562,-0.822972,39,-37,-1,0,,58968
1788459130.219827,21.693584,rx,-1,0.000000,-1.200000,0.117000,-0.117000,819,20501,25008,0.003645,-1.158854,2.240013,0.908553,-0.077593,16,-15,0.773447,-0.725106,39,-42,-1,0,,58968
1788459130.219840,21.693598,tx,-1,0.000000,-1.200000,0.117000,-0.117000,,,,,,,,,,,,,,,,,aa550109000000009a9999bf001f94,59120
1788459130.233742,21.707493,rx,-1,0.000000,-1.200000,0.117000,-0.117000,820,20526,25028,0.007284,-1.195281,2.240194,0.908536,-0.107509,17,-15,0.821131,-0.724527,36,-42,-1,0,,59120
1788459130.233835,21.707591,rx,-1,0.000000,-1.200000,0.117000,-0.117000,821,20551,24976,-0.003649,-1.160339,2.240104,0.908547,-0.136489,15,-16,0.726036,-0.774438,41,-40,-1,0,,59120
1788459130.233848,21.707606,tx,-1,0.000000,-1.200000,0.117000,-0.117000,,,,,,,,,,,,,,,,,aa550109000000009a9999bf001f94,59264
1788459130.256308,21.730064,key,100,0.000000,-1.200000,0.117000,-0.117000,,,,,,,,,,,,,,,,,aa550109000000009a9999bf001f94,59264
1788459130.286816,21.760567,rx,-1,0.000000,-1.200000,0.117000,-0.117000,822,20576,24984,-0.010945,-1.309641,2.239833,0.908589,-0.169209,16,-19,0.774190,-0.919351,39,-32,-1,0,,59264
1788459130.326059,21.799811,rx,-1,0.000000,-1.200000,0.117000,-0.117000,823,20600,25028,0.007284,-1.120576,2.240013,0.908556,-0.197255,16,-14,0.772829,-0.676225,39,-45,-1,0,,59264
1788459130.326103,21.799861,tx,-1,0.000000,-1.200000,0.117000,-0.117000,,,,,,,,,,,,,,,,,aa550109000000009a9999bf001f94,59408
1788459130.331821,21.805579,key,100,0.000000,-1.200000,0.117000,-0.117000,,,,,,,,,,,,,,,,,aa550109000000009a9999bf001f94,59408
1788459130.339920,21.813673,rx,-1,0.000000,-1.200000,0.117000,-0.117000,824,20626,24980,0.010947,-1.160153,2.240280,0.908498,-0.226236,17,-14,0.822709,-0.677525,36,-45,-1,0,,59408
1788459130.339984,21.813741,rx,-1,0.000000,-1.200000,0.117000,-0.117000,825,20651,25020,0.010929,-1.307756,2.240545,0.908432,-0.258956,19,-16,0.918028,-0.773076,30,-40,-1,0,,59408
1788459130.339994,21.813752,tx,-1,0.000000,-1.200000,0.117000,-0.117000,,,,,,,,,,,,,,,,,aa550109000000009a9999bf001f94,59552
1788459130.393203,21.866958,rx,-1,0.000000,-1.200000,0.117000,-0.117000,826,20676,24972,-0.003650,-1.160525,2.240458,0.908457,-0.287937,15,-16,0.726152,-0.774562,41,-40,-1,0,,59552
1788459130.428300,21.902052,rx,-1,0.000000,-1.200000,0.117000,-0.117000,827,20701,25040,-0.007280,-1.120039,2.240283,0.908511,-0.315982,14,-16,0.675901,-0.772458,44,-40,-1,0,,59552
1788459130.428340,21.902098,tx,-1,0.000000,-1.200000,0.117000,-0.117000,,,,,,,,,,,,,,,,,aa550109000000009a9999bf001f94,59696
1788459130.433640,21.907397,key,100,0.000000,-1.200000,0.117000,-0.117000,,,,,,,,,,,,,,,,,aa550109000000009a9999bf001f94,59696
1788459130.447521,21.921272,rx,-1,0.000000,-1.200000,0.117000,-0.117000,828,20726,24996,0.003647,-1.234211,2.240370,0.908482,-0.346833,17,-16,0.822182,-0.773818,36,-40,-1,0,,59696
1788459130.447590,21.921346,rx,-1,0.000000,-1.200000,0.117000,-0.117000,829,20751,24960,-0.007304,-1.348354,2.240199,0.908547,-0.380488,17,-19,0.823368,-0.920235,36,-32,-1,0,,59696
1788459130.447602,21.921360,tx,-1,0.000000,-1.200000,0.117000,-0.117000,,,,,,,,,,,,,,,,,aa550109000000009a9999bf001f94,59840
1788459130.498057,21.971813,key,100,0.000000,-1.200000,0.117000,-0.117000,,,,,,,,,,,,,,,,,aa550109000000009a9999bf001f94,59840
1788459130.500551,21.974304,rx,-1,0.000000,-1.200000,0.117000,-0.117000,830,20775,25056,0.018189,-1.305877,2.240620,0.908370,-0.413208,20,-15,0.964957,-0.723717,27,-42,-1,0,,59840
1788459130.537743,22.011495,rx,-1,0.000000,-1.200000,0.117000,-0.117000,831,20801,24964,-0.010954,-1.160897,2.240371,0.908484,-0.442188,14,-17,0.677959,-0.823236,43,-37,-1,0,,59840
1788459130.537787,22.011545,tx,-1,0.000000,-1.200000,0.117000,-0.117000,,,,,,,,,,,,,,,,,aa550109000000009a9999bf001f94,59984
1788459130.551651,22.025403,rx,-1,0.000000,-1.200000,0.117000,-0.117000,832,20826,25028,-0.003642,-1.083223,2.240289,0.908524,-0.469299,14,-15,0.676225,-0.724527,44,-42,-1,0,,59984
1788459130.551734,22.025490,rx,-1,0.000000,-1.200000,0.117000,-0.117000,833,20851,24972,-0.003650,-1.310270,2.240208,0.908566,-0.502019,17,-18,0.822972,-0.871382,36,-35,-1,0,,59984
1788459130.551746,22.025503,tx,-1,0.000000,-1.200000,0.117000,-0.117000,,,,,,,,,,,,,,,,,aa550109000000009a9999bf001f94,60128
1788459130.580142,22.053898,key,100,0.000000,-1.200000,0.117000,-0.117000,,,,,,,,,,,,,,,,,aa550109000000009a9999bf001f94,60128
1788459130.605355,22.079107,rx,-1,0.000000,-1.200000,0.117000,-0.117000,834,20876,25020,0.007286,-1.195663,2.240367,0.908476,-0.531935,17,-15,0.821393,-0.724759,36,-42,-1,0,,60128
1788459130.647805,22.121556,rx,-1,0.000000,-1.200000,0.117000,-0.117000,835,20900,24992,-0.007294,-1.271815,2.240211,0.908571,-0.563720,16,-18,0.773942,-0.870685,38,-34,-1,0,,60128
1788459130.648001,22.121758,tx,-1,0.000000,-1.200000,0.117000,-0.117000,,,,,,,,,,,,,,,,,aa550109000000009a9999bf001f94,60304
1788459130.655791,22.129543,rx,-1,0.000000,-1.200000,0.117000,-0.117000,836,20926,24968,0.003651,-1.160711,2.240288,0.908521,-0.592700,16,-15,0.774686,-0.726268,38,-42,-1,0,,60304
1788459130.655890,22.129646,rx,-1,0.000000,-1.200000,0.117000,-0.117000,837,20951,25044,-0.007279,-1.269174,2.240138,0.908626,-0.624486,16,-18,0.772335,-0.868877,38,-34,-1,0,,60304
1788459130.655909,22.129666,tx,-1,0.000000,-1.200000,0.117000,-0.117000,,,,,,,,,,,,,,,,,aa550109000000009a9999bf001f94,60448
1788459130.666796,22.140553,key,100,0.000000,-1.200000,0.117000,-0.117000,,,,,,,,,,,,,,,,,aa550109000000009a9999bf001f94,60448
1788459130.709182,22.182937,rx,-1,0.000000,-1.200000,0.117000,-0.117000,838,20976,24956,0.003652,-1.161269,2.240211,0.908571,-0.653466,16,-15,0.775059,-0.726617,38,-42,-1,0,,60448
1788459130.746335,22.220087,rx,-1,0.000000,-1.200000,0.117000,-0.117000,839,21001,25036,-0.003641,-1.232239,2.240140,0.908628,-0.684317,16,-17,0.772582,-0.820868,38,-37,-1,0,,60448
1788459130.746421,22.220178,tx,-1,0.000000,-1.200000,0.117000,-0.117000,,,,,,,,,,,,,,,,,aa550109000000009a9999bf001f94,60679
1788459130.752154,22.225910,key,100,0.000000,-1.200000,0.117000,-0.117000,,,,,,,,,,,,,,,,,aa550109000000009a9999bf001f94,60679
1788459130.760327,22.234078,rx,-1,0.000000,-1.200000,0.117000,-0.117000,840,21026,24992,0.003647,-1.159596,2.240210,0.908569,-0.713297,16,-15,0.773942,-0.725571,38,-42,-1,0,,60679
1788459130.760424,22.234180,rx,-1,0.000000,-1.200000,0.117000,-0.117000,841,21051,24992,0.003647,-1.159596,2.240278,0.908509,-0.742278,16,-15,0.773942,-0.725571,38,-42,-1,0,,60679
1788459130.760703,22.234459,rx,-1,0.000000,-1.200000,0.117000,-0.117000,842,21075,25028,-0.003642,-1.232633,2.240211,0.908571,-0.773128,16,-17,0.772829,-0.821131,38,-37,-1,0,,60679
1788459130.760717,22.234474,tx,-1,0.000000,-1.200000,0.117000,-0.117000,,,,,,,,,,,,,,,,,aa550109000000009a9999bf001f94,60831
1788459130.813822,22.287574,rx,-1,0.000000,-1.200000,0.117000,-0.117000,843,21101,24968,0.003651,-1.235595,2.240275,0.908507,-0.803979,17,-16,0.823104,-0.774686,35,-39,-1,0,,60831
1788459130.850183,22.323934,rx,-1,0.000000,-1.200000,0.117000,-0.117000,844,21126,24996,0.014586,-1.271611,2.240524,0.908240,-0.835764,19,-15,0.918909,-0.725455,30,-42,-1,0,,60831
1788459130.850231,22.323988,tx,-1,0.000000,-1.200000,0.117000,-0.117000,,,,,,,,,,,,,,,,,aa550109000000009a9999bf001f94,60975
1788459130.855955,22.329712,key,100,0.000000,-1.200000,0.117000,-0.117000,,,,,,,,,,,,,,,,,aa550109000000009a9999bf001f94,60975
1788459130.864111,22.337863,rx,-1,0.000000,-1.200000,0.117000,-0.117000,845,21151,25040,-0.010920,-1.157373,2.240344,0.908445,-0.864744,14,-17,0.675901,-0.820737,43,-37,-1,0,,60975
1788459130.864187,22.337943,rx,-1,0.000000,-1.200000,0.117000,-0.117000,846,21176,24956,-0.010957,-1.386031,2.240170,0.908657,-0.899334,17,-20,0.823500,-0.968823,35,-29,-1,0,,60975
1788459130.864201,22.337959,tx,-1,0.000000,-1.200000,0.117000,-0.117000,,,,,,,,,,,,,,,,,aa550109000000009a9999bf001f94,61119
1788459130.917914,22.391666,rx,-1,0.000000,-1.200000,0.117000,-0.117000,847,21200,25028,0.003642,-1.083223,2.240226,0.908584,-0.926445,15,-14,0.724527,-0.676225,40,-44,-1,0,,61119
1788459130.956120,22.429871,rx,-1,0.000000,-1.200000,0.117000,-0.117000,848,21226,24988,0.007295,-1.122369,2.240333,0.908437,-0.954491,16,-14,0.774066,-0.677308,38,-44,-1,0,,61119
1788459130.956172,22.429929,tx,-1,0.000000,-1.200000,0.117000,-0.117000,,,,,,,,,,,,,,,,,aa550109000000009a9999bf001f94,61263
1788459130.961893,22.435651,key,100,0.000000,-1.200000,0.117000,-0.117000,,,,,,,,,,,,,,,,,aa550109000000009a9999bf001f94,61263
1788459130.970055,22.443808,rx,-1,0.000000,-1.200000,0.117000,-0.117000,849,21251,25008,0.010934,-1.308384,2.240488,0.908211,-0.987211,19,-16,0.918468,-0.773447,29,-39,-1,0,,61263
1788459130.970126,22.443882,rx,-1,0.000000,-1.200000,0.117000,-0.117000,850,21276,24980,-0.007298,-1.197577,2.240389,0.908365,-1.017126,15,-17,0.725919,-0.822709,40,-37,-1,0,,61263
1788459130.970138,22.443895,tx,-1,0.000000,-1.200000,0.117000,-0.117000,,,,,,,,,,,,,,,,,aa550109000000009a9999bf001f94,61407
1788459131.023622,22.497375,rx,-1,0.000000,-1.200000,0.117000,-0.117000,851,21301,24992,0.003647,-1.234409,2.240436,0.908287,-1.047977,17,-16,0.822313,-0.773942,35,-39,-1,0,,61407
1788459131.061664,22.535415,rx,-1,0.000000,-1.200000,0.117000,-0.117000,852,21326,25044,-0.003640,-1.157188,2.240392,0.908366,-1.076957,15,-16,0.724064,-0.772335,40,-39,-1,0,,61407
1788459131.061717,22.535474,tx,-1,0.000000,-1.200000,0.117000,-0.117000,,,,,,,,,,,,,,,,,aa550109000000009a9999bf001f94,61551
1788459131.074677,22.548428,rx,-1,0.000000,-1.200000,0.117000,-0.117000,853,21351,24968,-0.003651,-1.385364,2.240350,0.908447,-1.111547,18,-19,0.871522,-0.919940,32,-31,-1,0,,61551
1788459131.074768,22.548523,rx,-1,0.000000,-1.200000,0.117000,-0.117000,854,21376,25020,0.000000,-1.120934,2.240350,0.908447,-1.139593,15,-15,0.724759,-0.724759,40,-41,-1,0,,61551
1788459131.074783,22.548540,tx,-1,0.000000,-1.200000,0.117000,-0.117000,,,,,,,,,,,,,,,,,aa550109000000009a9999bf001f94,61695
1788459131.126980,22.600731,rx,-1,0.000000,-1.200000,0.117000,-0.117000,855,21401,24980,-0.010947,-1.160153,2.240239,0.908697,-1.168573,14,-17,0.677525,-0.822709,43,-36,-1,0,,61695
1788459131.166172,22.639923,rx,-1,0.000000,-1.200000,0.117000,-0.117000,856,21426,24992,0.007294,-1.122190,2.240308,0.908529,-1.196619,16,-14,0.773942,-0.677199,38,-44,-1,0,,61695
1788459131.166224,22.639981,tx,-1,0.000000,-1.200000,0.117000,-0.117000,,,,,,,,,,,,,,,,,aa550109000000009a9999bf001f94,61839
1788459131.171341,22.645098,key,115,-0.300000,0.000000,-0.300000,-0.300000,,,,,,,,,,,,,,,,,aa5501099a9999be0000000000e17f,61839
1788459131.179559,22.653311,rx,-1,-0.300000,0.000000,-0.300000,-0.300000,857,21451,25004,0.003645,-1.159040,2.240340,0.908443,-1.225600,16,-15,0.773571,-0.725223,38,-42,-1,0,,61839
1788459131.179640,22.653396,rx,-1,-0.300000,0.000000,-0.300000,-0.300000,858,21476,24992,0.000000,-1.197002,2.240340,0.908443,-1.255515,16,-16,0.773942,-0.773942,38,-39,-1,0,,61839
1788459131.179653,22.653410,tx,-1,-0.300000,0.000000,-0.300000,-0.300000,,,,,,,,,,,,,,,,,aa5501099a9999be0000000000e17f,61983
1788459131.233361,22.707114,rx,-1,-0.300000,0.000000,-0.300000,-0.300000,859,21500,25008,0.010934,-1.308384,2.240421,0.908182,-1.288235,19,-16,0.918468,-0.773447,-224,-134,-1,0,,61983
1788459131.268592,22.742343,rx,-1,-0.300000,0.000000,-0.300000,-0.300000,860,21526,25016,-0.123883,-0.448445,2.239574,0.911163,-1.299454,-11,-23,-0.531575,-1.111474,-152,-121,-1,0,,61983
1788459131.268655,22.742412,tx,-1,-0.300000,0.000000,-0.300000,-0.300000,,,,,,,,,,,,,,,,,aa5501099a9999be0000000000e17f,62127
1788459131.288253,22.762007,rx,-1,-0.300000,0.000000,-0.300000,-0.300000,861,21551,24988,-0.291816,0.074825,2.237613,0.918186,-1.297584,-41,-39,-1.983544,-1.886786,-74,-82,-1,0,,62127
1788459131.288325,22.762080,rx,-1,-0.300000,0.000000,-0.300000,-0.300000,862,21576,24984,-0.335642,0.000000,2.235350,0.926261,-1.297584,-46,-46,-2.225796,-2.225796,-60,-64,-1,0,,62127
1788459131.288339,22.762096,tx,-1,-0.300000,0.000000,-0.300000,-0.300000,,,,,,,,,,,,,,,,,aa5501099a9999be0000000000e17f,62303
1788459131.341358,22.815111,rx,-1,-0.300000,0.000000,-0.300000,-0.300000,863,21601,25004,-0.320792,0.074777,2.233179,0.933983,-1.295714,-45,-43,-2.175668,-2.078971,-62,-71,-1,0,,62303
1788459131.383273,22.857023,rx,-1,-0.300000,0.000000,-0.300000,-0.300000,864,21625,25032,-0.291303,0.000000,2.231198,0.941000,-1.295714,-40,-40,-1.931763,-1.931763,-76,-79,-1,0,,62303
1788459131.383329,22.857086,tx,-1,-0.300000,0.000000,-0.300000,-0.300000,,,,,,,,,,,,,,,,,aa5501099a9999be0000000000e17f,62479
1788459131.391579,22.865331,rx,-1,-0.300000,0.000000,-0.300000,-0.300000,865,21651,24968,-0.277447,0.000000,2.229316,0.947667,-1.295714,-38,-38,-1.839879,-1.839879,-81,-84,-1,0,,62479
1788459131.391657,22.865413,rx,-1,-0.300000,0.000000,-0.300000,-0.300000,866,21676,25000,-0.291676,-0.074789,2.227342,0.954687,-1.297584,-39,-41,-1.885880,-1.982592,-79,-77,-1,0,,62479
1788459131.391675,22.865432,tx,-1,-0.300000,0.000000,-0.300000,-0.300000,,,,,,,,,,,,,,,,,aa5501099a9999be0000000000e17f,62623
1788459131.445336,22.919087,rx,-1,-0.300000,0.000000,-0.300000,-0.300000,867,21701,25044,-0.305722,0.000000,2.225276,0.962059,-1.297584,-42,-42,-2.027380,-2.027380,-71,-74,-1,0,,62623
1788459131.494495,22.968243,rx,-1,-0.300000,0.000000,-0.300000,-0.300000,868,21726,24964,-0.295748,0.037448,2.223281,0.969167,-1.296649,-41,-40,-1.985451,-1.937026,-73,-79,-1,0,,62623
1788459131.494588,22.968344,rx,-1,-0.300000,0.000000,-0.300000,-0.300000,869,21750,25012,-0.291536,0.000000,2.221307,0.976187,-1.296649,-40,-40,-1.933308,-1.933308,-77,-80,-1,0,,62623
1788459131.494603,22.968360,tx,-1,-0.300000,0.000000,-0.300000,-0.300000,,,,,,,,,,,,,,,,,aa5501099a9999be0000000000e17f,62775
1788459131.502766,22.976514,rx,-1,-0.300000,0.000000,-0.300000,-0.300000,870,21776,25024,-0.298681,0.000000,2.219283,0.983382,-1.296649,-41,-41,-1.980691,-1.980691,-74,-77,-1,0,,62775
1788459131.502859,22.976614,rx,-1,-0.300000,0.000000,-0.300000,-0.300000,871,21800,25000,-0.298968,-0.074789,2.217266,0.990579,-1.298519,-40,-42,-1.934236,-2.030948,-77,-74,-1,0,,62775
1788459131.502873,22.976629,tx,-1,-0.300000,0.000000,-0.300000,-0.300000,,,,,,,,,,,,,,,,,aa5501099a9999be0000000000e17f,62919
1788459131.556037,23.029787,rx,-1,-0.300000,0.000000,-0.300000,-0.300000,872,21826,24960,-0.299447,0.000000,2.215256,0.997778,-1.298519,-41,-41,-1.985769,-1.985769,-74,-77,-1,0,,62919
1788459131.626570,23.100319,rx,-1,-0.300000,0.000000,-0.300000,-0.300000,873,21851,24992,-0.299064,0.074813,2.213239,1.004975,-1.296649,-42,-40,-2.031598,-1.934855,-71,-80,-1,0,,62919
1788459131.626630,23.100386,tx,-1,-0.300000,0.000000,-0.300000,-0.300000,,,,,,,,,,,,,,,,,aa5501099a9999be0000000000e17f,63063
1788459131.634179,23.107928,rx,-1,-0.300000,0.000000,-0.300000,-0.300000,874,21876,25000,-0.295322,-0.037394,2.211244,1.012083,-1.297584,-40,-41,-1.934236,-1.982592,-77,-77,-1,0,,63063
1788459131.634253,23.108008,rx,-1,-0.300000,0.000000,-0.300000,-0.300000,875,21901,25016,-0.302420,-0.037371,2.209206,1.019369,-1.298519,-41,-42,-1.981324,-2.029649,-74,-75,-1,0,,63063
1788459131.634304,23.108060,rx,-1,-0.300000,0.000000,-0.300000,-0.300000,876,21925,25036,-0.298538,0.000000,2.207196,1.026568,-1.298519,-41,-41,-1.979741,-1.979741,-74,-77,-1,0,,63063
1788459131.634315,23.108071,tx,-1,-0.300000,0.000000,-0.300000,-0.300000,,,,,,,,,,,,,,,,,aa5501099a9999be0000000000e17f,63279
1788459131.650924,23.124679,key,115,-0.300000,0.000000,-0.300000,-0.300000,,,,,,,,,,,,,,,,,aa5501099a9999be0000000000e17f,63279
1788459131.686574,23.160324,rx,-1,-0.300000,0.000000,-0.300000,-0.300000,877,21951,24976,-0.291956,0.000000,2.205235,1.033591,-1.298519,-40,-40,-1.936095,-1.936095,-77,-80,-1,0,,63279
1788459131.722664,23.196414,rx,-1,-0.300000,0.000000,-0.300000,-0.300000,878,21976,24976,-0.299255,0.000000,2.203225,1.040790,-1.298519,-41,-41,-1.984497,-1.984497,-74,-77,-1,0,,63279
1788459131.722712,23.196468,tx,-1,-0.300000,0.000000,-0.300000,-0.300000,,,,,,,,,,,,,,,,,aa5501099a9999be0000000000e17f,63423
1788459131.728470,23.202227,key,115,-0.300000,0.000000,-0.300000,-0.300000,,,,,,,,,,,,,,,,,aa5501099a9999be0000000000e17f,63423
1788459131.736681,23.210434,rx,-1,-0.300000,0.000000,-0.300000,-0.300000,879,22001,25064,-0.305478,0.000000,2.201166,1.048164,-1.298519,-42,-42,-2.025762,-2.025762,-72,-75,-1,0,,63423
1788459131.736779,23.210535,rx,-1,-0.300000,0.000000,-0.300000,-0.300000,880,22026,24976,-0.281008,-0.187151,2.199294,1.054929,-1.303193,-36,-41,-1.742485,-1.984497,-88,-77,-1,0,,63423
1788459131.736789,23.210546,tx,-1,-0.300000,0.000000,-0.300000,-0.300000,,,,,,,,,,,,,,,,,aa5501099a9999be0000000000e17f,63622
1788459131.790265,23.264019,rx,-1,-0.300000,0.000000,-0.300000,-0.300000,881,22051,25060,-0.301889,0.037305,2.197290,1.062224,-1.302258,-42,-41,-2.026085,-1.977845,-73,-77,-1,0,,63622
1788459131.837375,23.311126,rx,-1,-0.300000,0.000000,-0.300000,-0.300000,882,22076,24932,-0.303439,0.112489,2.195273,1.069515,-1.299454,-43,-40,-2.084975,-1.939512,-69,-80,-1,0,,63622
1788459131.837427,23.311184,tx,-1,-0.300000,0.000000,-0.300000,-0.300000,,,,,,,,,,,,,,,,,aa5501099a9999be0000000000e17f,63766
1788459131.843243,23.316996,key,115,-0.300000,0.000000,-0.300000,-0.300000,,,,,,,,,,,,,,,,,aa5501099a9999be0000000000e17f,63766
1788459131.845751,23.319501,rx,-1,-0.300000,0.000000,-0.300000,-0.300000,883,22100,24964,-0.303050,-0.037448,2.193248,1.076805,-1.300388,-41,-42,-1.985451,-2.033877,-75,-75,-1,0,,63766
1788459131.845837,23.319592,rx,-1,-0.300000,0.000000,-0.300000,-0.300000,884,22126,25000,-0.295322,-0.037394,2.191279,1.083920,-1.301323,-40,-41,-1.934236,-1.982592,-78,-77,-1,0,,63766
1788459131.845857,23.319613,tx,-1,-0.300000,0.000000,-0.300000,-0.300000,,,,,,,,,,,,,,,,,aa5501099a9999be0000000000e17f,63974
1788459131.885879,23.359634,key,115,-0.300000,0.000000,-0.300000,-0.300000,,,,,,,,,,,,,,,,,aa5501099a9999be0000000000e17f,63974
1788459131.899677,23.373430,rx,-1,-0.300000,0.000000,-0.300000,-0.300000,885,22151,25000,-0.295322,-0.037394,2.189317,1.091038,-1.302258,-40,-41,-1.934236,-1.982592,-78,-77,-1,0,,63974
1788459131.938417,23.412166,rx,-1,-0.300000,0.000000,-0.300000,-0.300000,886,22176,25028,-0.298633,0.000000,2.187334,1.098244,-1.302258,-41,-41,-1.980374,-1.980374,-75,-77,-1,0,,63974
1788459131.938513,23.412268,rx,-1,-0.300000,0.000000,-0.300000,-0.300000,887,22201,25008,-0.298872,0.074765,2.185344,1.105449,-1.300388,-42,-40,-2.030298,-1.933617,-73,-80,-1,0,,63974
1788459131.938528,23.412284,tx,-1,-0.300000,0.000000,-0.300000,-0.300000,,,,,,,,,,,,,,,,,aa5501099a9999be0000000000e17f,64126
1788459131.952402,23.426151,rx,-1,-0.300000,0.000000,-0.300000,-0.300000,888,22225,25000,-0.298968,0.000000,2.183348,1.112651,-1.300388,-41,-41,-1.982592,-1.982592,-75,-78,-1,0,,64126
1788459131.952500,23.426255,rx,-1,-0.300000,0.000000,-0.300000,-0.300000,889,22251,24964,-0.299399,0.000000,2.181351,1.119854,-1.300388,-41,-41,-1.985451,-1.985451,-75,-78,-1,0,,64126
1788459131.952513,23.426269,tx,-1,-0.300000,0.000000,-0.300000,-0.300000,,,,,,,,,,,,,,,,,aa5501099a9999be0000000000e17f,64270
1788459131.974519,23.448274,key,115,-0.300000,0.000000,-0.300000,-0.300000,,,,,,,,,,,,,,,,,aa5501099a9999be0000000000e17f,64270
1788459132.004355,23.478107,rx,-1,-0.300000,0.000000,-0.300000,-0.300000,890,22276,25000,-0.298968,0.000000,2.179355,1.127056,-1.300388,-41,-41,-1.982592,-1.982592,-75,-78,-1,0,,64270
1788459132.043119,23.516868,rx,-1,-0.300000,0.000000,-0.300000,-0.300000,891,22301,25024,-0.295039,-0.037359,2.177386,1.134172,-1.301323,-40,-41,-1.932381,-1.980691,-78,-78,-1,0,,64270
1788459132.043152,23.516908,tx,-1,-0.300000,0.000000,-0.300000,-0.300000,,,,,,,,,,,,,,,,,aa5501099a9999be0000000000e17f,64414
1788459132.057006,23.530756,rx,-1,-0.300000,0.000000,-0.300000,-0.300000,892,22326,25024,-0.298681,0.000000,2.175396,1.141377,-1.301323,-41,-41,-1.980691,-1.980691,-76,-78,-1,0,,64414
1788459132.057089,23.530844,rx,-1,-0.300000,0.000000,-0.300000,-0.300000,893,22350,24988,-0.302759,0.037412,2.173378,1.148668,-1.300388,-42,-41,-2.031923,-1.983544,-73,-78,-1,0,,64414
1788459132.057102,23.530858,tx,-1,-0.300000,0.000000,-0.300000,-0.300000,,,,,,,,,,,,,,,,,aa5501099a9999be0000000000e17f,64558
1788459132.062809,23.536565,key,115,-0.300000,0.000000,-0.300000,-0.300000,,,,,,,,,,,,,,,,,aa5501099a9999be0000000000e17f,64558
1788459132.110439,23.584192,rx,-1,-0.300000,0.000000,-0.300000,-0.300000,894,22376,24976,-0.291956,0.000000,2.171431,1.155695,-1.300388,-40,-40,-1.936095,-1.936095,-78,-80,-1,0,,64558
1788459132.149523,23.623275,rx,-1,-0.300000,0.000000,-0.300000,-0.300000,895,22401,25012,-0.302469,-0.037376,2.169413,1.162986,-1.301323,-41,-42,-1.981641,-2.029974,-76,-75,-1,0,,64558
1788459132.149569,23.623325,tx,-1,-0.300000,0.000000,-0.300000,-0.300000,,,,,,,,,,,,,,,,,aa5501099a9999be0000000000e17f,64702
1788459132.155349,23.629105,key,115,-0.300000,0.000000,-0.300000,-0.300000,,,,,,,,,,,,,,,,,aa5501099a9999be0000000000e17f,64702
1788459132.163442,23.637194,rx,-1,-0.300000,0.000000,-0.300000,-0.300000,896,22426,25000,-0.295322,0.037394,2.167444,1.170102,-1.300388,-41,-40,-1.982592,-1.934236,-76,-81,-1,0,,64702
1788459132.163516,23.637271,rx,-1,-0.300000,0.000000,-0.300000,-0.300000,897,22451,24976,-0.302905,0.037430,2.165420,1.177392,-1.299454,-42,-41,-2.032900,-1.984497,-73,-78,-1,0,,64702
1788459132.163527,23.637284,tx,-1,-0.300000,0.000000,-0.300000,-0.300000,,,,,,,,,,,,,,,,,aa5501099a9999be0000000000e17f,64846
1788459132.216843,23.690593,rx,-1,-0.300000,0.000000,-0.300000,-0.300000,898,22475,25000,-0.298968,0.000000,2.163417,1.184592,-1.299454,-41,-41,-1.982592,-1.982592,-75,-78,-1,0,,64846
1788459132.260166,23.733917,rx,-1,-0.300000,0.000000,-0.300000,-0.300000,899,22501,25020,-0.302372,0.037364,2.161386,1.191880,-1.298519,-42,-41,-2.029325,-1.981007,-73,-78,-1,0,,64846
1788459132.260213,23.733969,tx,-1,-0.300000,0.000000,-0.300000,-0.300000,,,,,,,,,,,,,,,,,aa5501099a9999be0000000000e17f,64990
1788459132.265953,23.739708,key,115,-0.300000,0.000000,-0.300000,-0.300000,,,,,,,,,,,,,,,,,aa5501099a9999be0000000000e17f,64990
1788459132.268437,23.742186,rx,-1,-0.300000,0.000000,-0.300000,-0.300000,900,22525,25000,-0.298968,0.000000,2.159375,1.199079,-1.298519,-41,-41,-1.982592,-1.982592,-75,-78,-1,0,,64990
1788459132.268531,23.742286,rx,-1,-0.300000,0.000000,-0.300000,-0.300000,901,22551,24996,-0.299016,0.000000,2.157365,1.206278,-1.298519,-41,-41,-1.982909,-1.982909,-75,-78,-1,0,,64990
1788459132.268543,23.742300,tx,-1,-0.300000,0.000000,-0.300000,-0.300000,,,,,,,,,,,,,,,,,aa5501099a9999be0000000000e17f,65134
1788459132.302430,23.776185,key,115,-0.300000,0.000000,-0.300000,-0.300000,,,,,,,,,,,,,,,,,aa5501099a9999be0000000000e17f,65134
1788459132.321790,23.795542,rx,-1,-0.300000,0.000000,-0.300000,-0.300000,902,22576,25048,-0.294756,-0.037323,2.155383,1.213390,-1.299454,-40,-41,-1.930529,-1.978793,-78,-78,-1,0,,65134
1788459132.364891,23.838643,rx,-1,-0.300000,0.000000,-0.300000,-0.300000,903,22601,24940,-0.303342,0.037484,2.153352,1.220677,-1.298519,-42,-41,-2.035834,-1.987362,-72,-78,-1,0,,65134
1788459132.364939,23.838695,tx,-1,-0.300000,0.000000,-0.300000,-0.300000,,,,,,,,,,,,,,,,,aa5501099a9999be0000000000e17f,65278
1788459132.373147,23.846897,rx,-1,-0.300000,0.000000,-0.300000,-0.300000,904,22626,25040,-0.298490,0.000000,2.151342,1.227876,-1.298519,-41,-41,-1.979425,-1.979425,-76,-78,-1,0,,65278
1788459132.373242,23.846997,rx,-1,-0.300000,0.000000,-0.300000,-0.300000,905,22650,24988,-0.295464,-0.037412,2.149360,1.234988,-1.299454,-40,-41,-1.935165,-1.983544,-78,-78,-1,0,,65278
1788459132.373259,23.847015,tx,-1,-0.300000,0.000000,-0.300000,-0.300000,,,,,,,,,,,,,,,,,aa5501099a9999be0000000000e17f,65454
1788459132.390368,23.864122,key,115,-0.300000,0.000000,-0.300000,-0.300000,,,,,,,,,,,,,,,,,aa5501099a9999be0000000000e17f,65454
1788459132.426867,23.900619,rx,-1,-0.300000,0.000000,-0.300000,-0.300000,906,22676,24972,-0.302953,0.037436,2.147329,1.242276,-1.298519,-42,-41,-2.033225,-1.984815,-73,-78,-1,0,,65454
1788459132.465892,23.939642,rx,-1,-0.300000,0.000000,-0.300000,-0.300000,907,22701,25040,-0.302130,0.037335,2.145291,1.249561,-1.297584,-42,-41,-2.027704,-1.979425,-73,-79,-1,0,,65454
1788459132.465950,23.939706,tx,-1,-0.300000,0.000000,-0.300000,-0.300000,,,,,,,,,,,,,,,,,aa5501099a9999be0000000000e17f,65630
1788459132.471673,23.945429,key,115,-0.300000,0.000000,-0.300000,-0.300000,,,,,,,,,,,,,,,,,aa5501099a9999be0000000000e17f,65630
1788459132.479322,23.953071,rx,-1,-0.300000,0.000000,-0.300000,-0.300000,908,22726,24988,-0.299111,0.000000,2.143274,1.256758,-1.297584,-41,-41,-1.983544,-1.983544,-75,-78,-1,0,,65630
1788459132.479407,23.953161,rx,-1,-0.300000,0.000000,-0.300000,-0.300000,909,22751,24996,-0.299016,-0.074800,2.141264,1.263957,-1.299454,-40,-42,-1.934546,-2.031273,-78,-76,-1,0,,65630
1788459132.479426,23.953182,tx,-1,-0.300000,0.000000,-0.300000,-0.300000,,,,,,,,,,,,,,,,,aa5501099a9999be0000000000e17f,65774
1788459132.532554,24.006306,rx,-1,-0.300000,0.000000,-0.300000,-0.300000,910,22775,24976,-0.299255,-0.074861,2.139267,1.271160,-1.301323,-40,-42,-1.936095,-2.032900,-78,-76,-1,0,,65774
1788459132.575179,24.048928,rx,-1,-0.300000,0.000000,-0.300000,-0.300000,911,22801,25028,-0.309559,-0.037353,2.137208,1.278629,-1.302258,-42,-43,-2.028676,-2.076978,-73,-73,-1,0,,65774
1788459132.575271,24.049025,rx,-1,-0.300000,0.000000,-0.300000,-0.300000,912,22825,24980,-0.299207,0.000000,2.135225,1.285835,-1.302258,-41,-41,-1.984179,-1.984179,-76,-78,-1,0,,65774
1788459132.575285,24.049041,tx,-1,-0.300000,0.000000,-0.300000,-0.300000,,,,,,,,,,,,,,,,,aa5501099a9999be0000000000e17f,65926
1788459132.580858,24.054614,key,115,-0.300000,0.000000,-0.300000,-0.300000,,,,,,,,,,,,,,,,,aa5501099a9999be0000000000e17f,65926
1788459132.583305,24.057055,rx,-1,-0.300000,0.000000,-0.300000,-0.300000,913,22851,25036,-0.298538,0.074681,2.133235,1.293040,-1.300388,-42,-40,-2.028028,-1.931455,-73,-81,-1,0,,65926
1788459132.583391,24.057145,rx,-1,-0.300000,0.000000,-0.300000,-0.300000,914,22876,24964,-0.299399,0.000000,2.131238,1.300242,-1.300388,-41,-41,-1.985451,-1.985451,-75,-78,-1,0,,65926
1788459132.583404,24.057160,tx,-1,-0.300000,0.000000,-0.300000,-0.300000,,,,,,,,,,,,,,,,,aa5501099a9999be0000000000e17f,66070
1788459132.636861,24.110613,rx,-1,-0.300000,0.000000,-0.300000,-0.300000,915,22901,25020,-0.302372,-0.037364,2.129221,1.307534,-1.301323,-41,-42,-1.981007,-2.029325,-76,-75,-1,0,,66070
1788459132.674457,24.148208,rx,-1,-0.300000,0.000000,-0.300000,-0.300000,916,22926,25012,-0.302469,0.037376,2.127203,1.314825,-1.300388,-42,-41,-2.029974,-1.981641,-73,-78,-1,0,,66070
1788459132.674502,24.148258,tx,-1,-0.300000,0.000000,-0.300000,-0.300000,,,,,,,,,,,,,,,,,aa5501099a9999be0000000000e17f,66214
1788459132.680227,24.153983,key,115,-0.300000,0.000000,-0.300000,-0.300000,,,,,,,,,,,,,,,,,aa5501099a9999be0000000000e17f,66214
1788459132.687927,24.161677,rx,-1,-0.300000,0.000000,-0.300000,-0.300000,917,22950,24976,-0.299255,0.000000,2.125207,1.322028,-1.300388,-41,-41,-1.984497,-1.984497,-75,-78,-1,0,,66214
1788459132.688018,24.161772,rx,-1,-0.300000,0.000000,-0.300000,-0.300000,918,22976,25004,-0.298920,0.000000,2.123210,1.329230,-1.300388,-41,-41,-1.982275,-1.982275,-75,-78,-1,0,,66214
1788459132.688031,24.161786,tx,-1,-0.300000,0.000000,-0.300000,-0.300000,,,,,,,,,,,,,,,,,aa5501099a9999be0000000000e17f,66358
1788459132.721940,24.195695,key,115,-0.300000,0.000000,-0.300000,-0.300000,,,,,,,,,,,,,,,,,aa5501099a9999be0000000000e17f,66358
1788459132.740950,24.214702,rx,-1,-0.300000,0.000000,-0.300000,-0.300000,919,23001,24976,-0.302905,-0.112291,2.121200,1.336524,-1.303193,-40,-43,-1.936095,-2.081302,-78,-73,-1,0,,66358
1788459132.778198,24.251948,rx,-1,-0.300000,0.000000,-0.300000,-0.300000,920,23026,25004,-0.284339,0.149553,2.119307,1.343377,-1.299453,-41,-37,-1.982275,-1.788882,-76,-88,-1,0,,66358
1788459132.778253,24.252008,tx,-1,-0.300000,0.000000,-0.300000,-0.300000,,,,,,,,,,,,,,,,,aa5501099a9999be0000000000e17f,66557
1788459132.792110,24.265858,rx,-1,-0.300000,0.000000,-0.300000,-0.300000,921,23051,25036,-0.298538,-0.074681,2.117311,1.350579,-1.301323,-40,-42,-1.931455,-2.028028,-79,-76,-1,0,,66557
1788459132.792203,24.265956,rx,-1,-0.300000,0.000000,-0.300000,-0.300000,922,23075,24996,-0.306309,-0.074801,2.115279,1.357961,-1.303193,-41,-43,-1.982909,-2.079637,-76,-73,-1,0,,66557
1788459132.792220,24.265975,tx,-1,-0.300000,0.000000,-0.300000,-0.300000,,,,,,,,,,,,,,,,,aa5501099a9999be0000000000e17f,66701
1788459132.820024,24.293779,key,115,-0.300000,0.000000,-0.300000,-0.300000,,,,,,,,,,,,,,,,,aa5501099a9999be0000000000e17f,66701
1788459132.844618,24.318367,rx,-1,-0.300000,0.000000,-0.300000,-0.300000,923,23101,24992,-0.302711,0.037406,2.113275,1.365256,-1.302258,-42,-41,-2.031598,-1.983227,-73,-78,-1,0,,66701
1788459132.909171,24.382920,rx,-1,-0.300000,0.000000,-0.300000,-0.300000,924,23126,24980,-0.299207,0.000000,2.111292,1.372463,-1.302258,-41,-41,-1.984179,-1.984179,-76,-78,-1,0,,66701
1788459132.909223,24.382978,tx,-1,-0.300000,0.000000,-0.300000,-0.300000,,,,,,,,,,,,,,,,,aa5501099a9999be0000000000e17f,66845
1788459132.915006,24.388759,key,115,-0.300000,0.000000,-0.300000,-0.300000,,,,,,,,,,,,,,,,,aa5501099a9999be0000000000e17f,66845
1788459132.917525,24.391275,rx,-1,-0.300000,0.000000,-0.300000,-0.300000,925,23151,25016,-0.302420,0.037371,2.109282,1.379756,-1.301323,-42,-41,-2.029649,-1.981324,-73,-78,-1,0,,66845
1788459132.917616,24.391369,rx,-1,-0.300000,0.000000,-0.300000,-0.300000,926,23176,25000,-0.295322,-0.037394,2.107319,1.386873,-1.302258,-40,-41,-1.934236,-1.982592,-78,-78,-1,0,,66845
1788459132.917665,24.391419,rx,-1,-0.300000,0.000000,-0.300000,-0.300000,927,23200,24976,-0.299255,0.000000,2.105336,1.394080,-1.302258,-41,-41,-1.984497,-1.984497,-76,-78,-1,0,,66845
1788459132.917676,24.391431,tx,-1,-0.300000,0.000000,-0.300000,-0.300000,,,,,,,,,,,,,,,,,aa5501099a9999be0000000000e17f,67061
1788459132.971068,24.444817,rx,-1,-0.300000,0.000000,-0.300000,-0.300000,928,23226,25008,-0.298872,0.000000,2.103353,1.401286,-1.302258,-41,-41,-1.981958,-1.981958,-76,-78,-1,0,,67061
1788459133.004611,24.478361,rx,-1,-0.300000,0.000000,-0.300000,-0.300000,929,23250,25016,-0.298777,0.000000,2.101370,1.408492,-1.302258,-41,-41,-1.981324,-1.981324,-76,-78,-1,0,,67061
1788459133.004655,24.478410,tx,-1,-0.300000,0.000000,-0.300000,-0.300000,,,,,,,,,,,,,,,,,aa5501099a9999be0000000000e17f,67205
1788459133.010426,24.484181,key,115,-0.300000,0.000000,-0.300000,-0.300000,,,,,,,,,,,,,,,,,aa5501099a9999be0000000000e17f,67205
1788459133.024175,24.497926,rx,-1,-0.300000,0.000000,-0.300000,-0.300000,930,23276,24988,-0.299111,0.000000,2.099387,1.415699,-1.302258,-41,-41,-1.983544,-1.983544,-76,-78,-1,0,,67205
1788459133.024263,24.498017,rx,-1,-0.300000,0.000000,-0.300000,-0.300000,931,23301,25004,-0.302565,0.037388,2.097376,1.422992,-1.301323,-42,-41,-2.030623,-1.982275,-73,-78,-1,0,,67205
1788459133.024277,24.498033,tx,-1,-0.300000,0.000000,-0.300000,-0.300000,,,,,,,,,,,,,,,,,aa5501099a9999be0000000000e17f,67349
1788459133.057184,24.530938,key,115,-0.300000,0.000000,-0.300000,-0.300000,,,,,,,,,,,,,,,,,aa5501099a9999be0000000000e17f,67349
1788459133.076760,24.550512,rx,-1,-0.300000,0.000000,-0.300000,-0.300000,932,23326,24988,-0.302759,0.037412,2.095359,1.430283,-1.300388,-42,-41,-2.031923,-1.983544,-73,-78,-1,0,,67349
1788459133.115878,24.589628,rx,-1,-0.300000,0.000000,-0.300000,-0.300000,933,23351,25016,-0.298777,0.000000,2.093362,1.437486,-1.300388,-41,-41,-1.981324,-1.981324,-76,-78,-1,0,,67349
1788459133.115922,24.589678,tx,-1,-0.300000,0.000000,-0.300000,-0.300000,,,,,,,,,,,,,,,,,aa5501099a9999be0000000000e17f,67493
1788459133.129470,24.603219,rx,-1,-0.300000,0.000000,-0.300000,-0.300000,934,23375,24992,-0.299064,0.000000,2.091366,1.444689,-1.300388,-41,-41,-1.983227,-1.983227,-76,-78,-1,0,,67493
1788459133.129554,24.603308,rx,-1,-0.300000,0.000000,-0.300000,-0.300000,935,23401,25044,-0.305722,0.000000,2.089320,1.452067,-1.300388,-42,-42,-2.027380,-2.027380,-73,-76,-1,0,,67493
1788459133.129565,24.603320,tx,-1,-0.300000,0.000000,-0.300000,-0.300000,,,,,,,,,,,,,,,,,aa5501099a9999be0000000000e17f,67637
1788459133.140980,24.614734,key,115,-0.300000,0.000000,-0.300000,-0.300000,,,,,,,,,,,,,,,,,aa5501099a9999be0000000000e17f,67637
1788459133.182769,24.656521,rx,-1,-0.300000,0.000000,-0.300000,-0.300000,936,23426,24964,-0.299399,0.074897,2.087317,1.459268,-1.298519,-42,-40,-2.033877,-1.937026,-73,-81,-1,0,,67637
1788459133.222059,24.695806,rx,-1,-0.300000,0.000000,-0.300000,-0.300000,937,23451,24988,-0.299111,0.000000,2.085307,1.466466,-1.298519,-41,-41,-1.983544,-1.983544,-75,-78,-1,0,,67637
1788459133.222130,24.695885,tx,-1,-0.300000,0.000000,-0.300000,-0.300000,,,,,,,,,,,,,,,,,aa5501099a9999be0000000000e17f,67813
1788459133.227634,24.701389,key,115,-0.300000,0.000000,-0.300000,-0.300000,,,,,,,,,,,,,,,,,aa5501099a9999be0000000000e17f,67813
1788459133.235806,24.709555,rx,-1,-0.300000,0.000000,-0.300000,-0.300000,938,23476,25000,-0.306260,0.000000,2.083248,1.473841,-1.298519,-42,-42,-2.030948,-2.030948,-73,-76,-1,0,,67813
1788459133.235908,24.709660,rx,-1,-0.300000,0.000000,-0.300000,-0.300000,939,23501,25016,-0.302420,0.037371,2.081210,1.481127,-1.297584,-42,-41,-2.029649,-1.981324,-72,-78,-1,0,,67813
1788459133.235934,24.709689,tx,-1,-0.300000,0.000000,-0.300000,-0.300000,,,,,,,,,,,,,,,,,aa5501099a9999be0000000000e17f,67989
1788459133.288410,24.762158,rx,-1,-0.300000,0.000000,-0.300000,-0.300000,940,23526,25016,-0.295133,0.037370,2.079215,1.488235,-1.296649,-41,-40,-1.981324,-1.932999,-75,-81,-1,0,,67989
1788459133.327735,24.801483,rx,-1,-0.300000,0.000000,-0.300000,-0.300000,941,23550,24992,-0.302711,-0.037406,2.077170,1.495519,-1.297584,-41,-42,-1.983227,-2.031598,-75,-76,-1,0,,67989
1788459133.327794,24.801549,tx,-1,-0.300000,0.000000,-0.300000,-0.300000,,,,,,,,,,,,,,,,,aa5501099a9999be0000000000e17f,68133
1788459133.333537,24.807291,key,115,-0.300000,0.000000,-0.300000,-0.300000,,,,,,,,,,,,,,,,,aa5501099a9999be0000000000e17f,68133
1788459133.341546,24.815296,rx,-1,-0.300000,0.000000,-0.300000,-0.300000,942,23576,24996,-0.299016,-0.074800,2.075160,1.502717,-1.299453,-40,-42,-1.934546,-2.031273,-78,-76,-1,0,,68133
1788459133.341633,24.815387,rx,-1,-0.300000,0.000000,-0.300000,-0.300000,943,23601,24972,-0.302953,-0.037436,2.073135,1.510007,-1.300388,-41,-42,-1.984815,-2.033225,-75,-75,-1,0,,68133
1788459133.341683,24.815437,rx,-1,-0.300000,0.000000,-0.300000,-0.300000,944,23626,25016,-0.302420,-0.037371,2.071118,1.517298,-1.301323,-41,-42,-1.981324,-2.029649,-75,-75,-1,0,,68133
1788459133.341695,24.815450,tx,-1,-0.300000,0.000000,-0.300000,-0.300000,,,,,,,,,,,,,,,,,aa5501099a9999be0000000000e17f,68285
1788459133.392949,24.866703,key,115,-0.300000,0.000000,-0.300000,-0.300000,,,,,,,,,,,,,,,,,aa5501099a9999be0000000000e17f,68285
1788459133.395434,24.869186,rx,-1,-0.300000,0.000000,-0.300000,-0.300000,945,23651,24984,-0.299159,0.000000,2.069128,1.524503,-1.301323,-41,-41,-1.983862,-1.983862,-75,-78,-1,0,,68285
1788459133.434846,24.908597,rx,-1,-0.300000,0.000000,-0.300000,-0.300000,946,23675,25032,-0.305868,0.000000,2.067090,1.531883,-1.301323,-42,-42,-2.028352,-2.028352,-73,-75,-1,0,,68285
1788459133.434892,24.908647,tx,-1,-0.300000,0.000000,-0.300000,-0.300000,,,,,,,,,,,,,,,,,aa5501099a9999be0000000000e17f,68429
1788459133.448722,24.922471,rx,-1,-0.300000,0.000000,-0.300000,-0.300000,947,23701,24980,-0.310154,-0.037424,2.065031,1.539352,-1.302258,-42,-43,-2.032574,-2.080969,-72,-72,-1,0,,68429
1788459133.448821,24.922574,rx,-1,-0.300000,0.000000,-0.300000,-0.300000,948,23726,25000,-0.295322,0.037394,2.063068,1.546469,-1.301323,-41,-40,-1.982592,-1.934236,-75,-80,-1,0,,68429
1788459133.448836,24.922591,tx,-1,-0.300000,0.000000,-0.300000,-0.300000,,,,,,,,,,,,,,,,,aa5501099a9999be0000000000e17f,68573
1788459133.477113,24.950866,key,115,-0.300000,0.000000,-0.300000,-0.300000,,,,,,,,,,,,,,,,,aa5501099a9999be0000000000e17f,68573
1788459133.502350,24.976100,rx,-1,-0.300000,0.000000,-0.300000,-0.300000,949,23751,24992,-0.299064,0.000000,2.061079,1.553674,-1.301323,-41,-41,-1.983227,-1.983227,-75,-77,-1,0,,68573
1788459133.543722,25.017470,rx,-1,-0.300000,0.000000,-0.300000,-0.300000,950,23776,25016,-0.302420,0.037371,2.059061,1.560965,-1.300388,-42,-41,-2.029649,-1.981324,-72,-77,-1,0,,68573
1788459133.543776,25.017531,tx,-1,-0.300000,0.000000,-0.300000,-0.300000,,,,,,,,,,,,,,,,,aa5501099a9999be0000000000e17f,68717
1788459133.557459,25.031210,rx,-1,-0.300000,0.000000,-0.300000,-0.300000,951,23800,25000,-0.298968,0.000000,2.057065,1.568168,-1.300388,-41,-41,-1.982592,-1.982592,-75,-77,-1,0,,68717
1788459133.557542,25.031296,rx,-1,-0.300000,0.000000,-0.300000,-0.300000,952,23826,24984,-0.299159,0.000000,2.055068,1.575371,-1.300388,-41,-41,-1.983862,-1.983862,-75,-77,-1,0,,68717
1788459133.557553,25.031308,tx,-1,-0.300000,0.000000,-0.300000,-0.300000,,,,,,,,,,,,,,,,,aa5501099a9999be0000000000e17f,68861
1788459133.563306,25.037061,key,115,-0.300000,0.000000,-0.300000,-0.300000,,,,,,,,,,,,,,,,,aa5501099a9999be0000000000e17f,68861
1788459133.610618,25.084369,rx,-1,-0.300000,0.000000,-0.300000,-0.300000,953,23851,25188,-0.300355,0.037115,2.053044,1.582660,-1.299453,-42,-41,-2.015789,-1.967794,-73,-78,-1,0,,68861
1788459133.663223,25.136973,rx,-1,-0.300000,0.000000,-0.300000,-0.300000,954,23876,24808,-0.297608,0.037684,2.051061,1.589772,-1.298519,-41,-40,-1.997936,-1.949206,-74,-79,-1,0,,68861
1788459133.663270,25.137025,tx,-1,-0.300000,0.000000,-0.300000,-0.300000,,,,,,,,,,,,,,,,,aa5501099a9999be0000000000e17f,69005
1788459133.668991,25.142746,key,115,-0.300000,0.000000,-0.300000,-0.300000,,,,,,,,,,,,,,,,,aa5501099a9999be0000000000e17f,69005
1788459133.671424,25.145175,rx,-1,-0.300000,0.000000,-0.300000,-0.300000,955,23901,25000,-0.302614,0.037394,2.049023,1.597058,-1.297584,-42,-41,-2.030948,-1.982592,-72,-78,-1,0,,69005
1788459133.671494,25.145248,rx,-1,-0.300000,0.000000,-0.300000,-0.300000,956,23926,25040,-0.302130,-0.037335,2.046985,1.604344,-1.298519,-41,-42,-1.979425,-2.027704,-75,-75,-1,0,,69005
1788459133.671544,25.145298,rx,-1,-0.300000,0.000000,-0.300000,-0.300000,957,23951,25000,-0.298968,0.000000,2.044975,1.611542,-1.298519,-41,-41,-1.982592,-1.982592,-75,-78,-1,0,,69005
1788459133.671556,25.145311,tx,-1,-0.300000,0.000000,-0.300000,-0.300000,,,,,,,,,,,,,,,,,aa5501099a9999be0000000000e17f,69221
1788459133.725020,25.198770,rx,-1,-0.300000,0.000000,-0.300000,-0.300000,958,23975,24980,-0.295558,0.037424,2.042986,1.618652,-1.297584,-41,-40,-1.984179,-1.935785,-75,-80,-1,0,,69221
1788459133.761844,25.235593,rx,-1,-0.300000,0.000000,-0.300000,-0.300000,959,24001,25020,-0.302372,0.037364,2.040942,1.625936,-1.296649,-42,-41,-2.029325,-1.981007,-72,-78,-1,0,,69221
1788459133.761915,25.235670,tx,-1,-0.300000,0.000000,-0.300000,-0.300000,,,,,,,,,,,,,,,,,aa5501099a9999be0000000000e17f,69420
1788459133.767688,25.241442,key,115,-0.300000,0.000000,-0.300000,-0.300000,,,,,,,,,,,,,,,,,aa5501099a9999be0000000000e17f,69420
1788459133.775937,25.249687,rx,-1,-0.300000,0.000000,-0.300000,-0.300000,960,24026,24968,-0.306652,0.000000,2.038869,1.633307,-1.296649,-42,-42,-2.033551,-2.033551,-72,-75,-1,0,,69420
1788459133.776022,25.249776,rx,-1,-0.300000,0.000000,-0.300000,-0.300000,961,24051,25032,-0.298586,0.000000,2.036845,1.640502,-1.296649,-41,-41,-1.980057,-1.980057,-75,-78,-1,0,,69420
1788459133.776035,25.249790,tx,-1,-0.300000,0.000000,-0.300000,-0.300000,,,,,,,,,,,,,,,,,aa5501099a9999be0000000000e17f,69564
1788459133.809137,25.282890,key,115,-0.300000,0.000000,-0.300000,-0.300000,,,,,,,,,,,,,,,,,aa5501099a9999be0000000000e17f,69564
1788459133.828184,25.301933,rx,-1,-0.300000,0.000000,-0.300000,-0.300000,962,24076,24984,-0.295511,0.037418,2.034843,1.647608,-1.295714,-41,-40,-1.983862,-1.935475,-74,-80,-1,0,,69564
1788459133.867059,25.340807,rx,-1,-0.300000,0.000000,-0.300000,-0.300000,963,24100,24992,-0.295416,-0.037406,2.032841,1.654715,-1.296649,-40,-41,-1.934855,-1.983227,-77,-78,-1,0,,69564
1788459133.867117,25.340872,tx,-1,-0.300000,0.000000,-0.300000,-0.300000,,,,,,,,,,,,,,,,,aa5501099a9999be0000000000e17f,69708
1788459133.880603,25.354352,rx,-1,-0.300000,0.000000,-0.300000,-0.300000,964,24126,25020,-0.302372,-0.037364,2.030797,1.661999,-1.297584,-41,-42,-1.981007,-2.029325,-75,-75,-1,0,,69708
1788459133.880690,25.354443,rx,-1,-0.300000,0.000000,-0.300000,-0.300000,965,24151,25000,-0.306260,0.000000,2.028731,1.669371,-1.297584,-42,-42,-2.030948,-2.030948,-72,-75,-1,0,,69708
1788459133.880703,25.354458,tx,-1,-0.300000,0.000000,-0.300000,-0.300000,,,,,,,,,,,,,,,,,aa5501099a9999be0000000000e17f,69852
1788459133.897810,25.371564,key,115,-0.300000,0.000000,-0.300000,-0.300000,,,,,,,,,,,,,,,,,aa5501099a9999be0000000000e17f,69852
1788459133.934478,25.408230,rx,-1,-0.300000,0.000000,-0.300000,-0.300000,966,24176,24968,-0.299351,0.074885,2.026707,1.676566,-1.295714,-42,-40,-2.033551,-1.936715,-72,-80,-1,0,,69852
1788459133.972247,25.445997,rx,-1,-0.300000,0.000000,-0.300000,-0.300000,967,24201,25000,-0.302614,-0.037394,2.024656,1.683848,-1.296649,-41,-42,-1.982592,-2.030948,-74,-75,-1,0,,69852
1788459133.972297,25.446051,tx,-1,-0.300000,0.000000,-0.300000,-0.300000,,,,,,,,,,,,,,,,,aa5501099a9999be0000000000e17f,69996
1788459133.978020,25.451774,key,115,-0.300000,0.000000,-0.300000,-0.300000,,,,,,,,,,,,,,,,,aa5501099a9999be0000000000e17f,69996
1788459133.986161,25.459911,rx,-1,-0.300000,0.000000,-0.300000,-0.300000,968,24225,25000,-0.302614,-0.112183,2.022618,1.691134,-1.299453,-40,-43,-1.934236,-2.079304,-77,-72,-1,0,,69996
1788459133.986232,25.459985,rx,-1,-0.300000,0.000000,-0.300000,-0.300000,969,24251,25040,-0.298490,0.000000,2.020615,1.698335,-1.299453,-41,-41,-1.979425,-1.979425,-75,-77,-1,0,,69996
1788459133.986243,25.459998,tx,-1,-0.300000,0.000000,-0.300000,-0.300000,,,,,,,,,,,,,,,,,aa5501099a9999be0000000000e17f,70140
1788459134.039831,25.513581,rx,-1,-0.300000,0.000000,-0.300000,-0.300000,970,24275,24956,-0.299495,0.000000,2.018611,1.705535,-1.299453,-41,-41,-1.986088,-1.986088,-74,-77,-1,0,,70140
1788459134.080035,25.553785,rx,-1,-0.300000,0.000000,-0.300000,-0.300000,971,24301,25032,-0.294944,-0.037347,2.016636,1.712649,-1.300388,-40,-41,-1.931763,-1.980057,-78,-78,-1,0,,70140
1788459134.080078,25.553832,tx,-1,-0.300000,0.000000,-0.300000,-0.300000,,,,,,,,,,,,,,,,,aa5501099a9999be0000000000e17f,70284
1788459134.085400,25.559155,key,115,-0.300000,0.000000,-0.300000,-0.300000,,,,,,,,,,,,,,,,,aa5501099a9999be0000000000e17f,70284
1788459134.093578,25.567327,rx,-1,-0.300000,0.000000,-0.300000,-0.300000,972,24326,24980,-0.299207,0.000000,2.014639,1.719852,-1.300388,-41,-41,-1.984179,-1.984179,-75,-77,-1,0,,70284
1788459134.093654,25.567407,rx,-1,-0.300000,0.000000,-0.300000,-0.300000,973,24351,25012,-0.298824,0.000000,2.012643,1.727054,-1.300388,-41,-41,-1.981641,-1.981641,-75,-77,-1,0,,70284
1788459134.093669,25.567424,tx,-1,-0.300000,0.000000,-0.300000,-0.300000,,,,,,,,,,,,,,,,,aa5501099a9999be0000000000e17f,70460
1788459134.143809,25.617560,key,115,-0.300000,0.000000,-0.300000,-0.300000,,,,,,,,,,,,,,,,,aa5501099a9999be0000000000e17f,70460
1788459134.146308,25.620059,rx,-1,-0.300000,0.000000,-0.300000,-0.300000,974,24376,24976,-0.299255,0.000000,2.010646,1.734257,-1.300388,-41,-41,-1.984497,-1.984497,-75,-77,-1,0,,70460
1788459134.186960,25.660708,rx,-1,-0.300000,0.000000,-0.300000,-0.300000,975,24400,25036,-0.298538,0.000000,2.008650,1.741460,-1.300388,-41,-41,-1.979741,-1.979741,-75,-78,-1,0,,70460
1788459134.187023,25.660777,tx,-1,-0.300000,0.000000,-0.300000,-0.300000,,,,,,,,,,,,,,,,,aa5501099a9999be0000000000e17f,70636
1788459134.200866,25.674615,rx,-1,-0.300000,0.000000,-0.300000,-0.300000,976,24426,25012,-0.302469,0.037376,2.006625,1.748749,-1.299453,-42,-41,-2.029974,-1.981641,-72,-78,-1,0,,70636
1788459134.200954,25.674707,rx,-1,-0.300000,0.000000,-0.300000,-0.300000,977,24451,24952,-0.299543,0.000000,2.004622,1.755950,-1.299453,-41,-41,-1.986406,-1.986406,-75,-77,-1,0,,70636
1788459134.201006,25.674759,rx,-1,-0.300000,0.000000,-0.300000,-0.300000,978,24476,25048,-0.298395,0.000000,2.002619,1.763151,-1.299453,-41,-41,-1.978793,-1.978793,-75,-78,-1,0,,70636
1788459134.201017,25.674771,tx,-1,-0.300000,0.000000,-0.300000,-0.300000,,,,,,,,,,,,,,,,,aa5501099a9999be0000000000e17f,70788
1788459134.229237,25.702989,key,115,-0.300000,0.000000,-0.300000,-0.300000,,,,,,,,,,,,,,,,,aa5501099a9999be0000000000e17f,70788
1788459134.253581,25.727329,rx,-1,-0.300000,0.000000,-0.300000,-0.300000,979,24501,24984,-0.299159,0.074837,2.000609,1.770349,-1.297584,-42,-40,-2.032248,-1.935475,-72,-80,-1,0,,70788
1788459134.292271,25.766020,rx,-1,-0.300000,0.000000,-0.300000,-0.300000,980,24525,25004,-0.298920,0.000000,1.998592,1.777546,-1.297584,-41,-41,-1.982275,-1.982275,-75,-78,-1,0,,70788
1788459134.292313,25.766067,tx,-1,-0.300000,0.000000,-0.300000,-0.300000,,,,,,,,,,,,,,,,,aa5501099a9999be0000000000e17f,70932
1788459134.306023,25.779772,rx,-1,-0.300000,0.000000,-0.300000,-0.300000,981,24551,24996,-0.302662,-0.037400,1.996554,1.784832,-1.298519,-41,-42,-1.982909,-2.031273,-75,-75,-1,0,,70932
1788459134.306101,25.779854,rx,-1,-0.300000,0.000000,-0.300000,-0.300000,982,24576,24992,-0.299064,0.074813,1.994537,1.792029,-1.296649,-42,-40,-2.031598,-1.934855,-72,-80,-1,0,,70932
1788459134.306113,25.779868,tx,-1,-0.300000,0.000000,-0.300000,-0.300000,,,,,,,,,,,,,,,,,aa5501099a9999be0000000000e17f,71076
1788459134.311411,25.785165,key,115,-0.300000,0.000000,-0.300000,-0.300000,,,,,,,,,,,,,,,,,aa5501099a9999be0000000000e17f,71076
1788459134.358550,25.832300,rx,-1,-0.300000,0.000000,-0.300000,-0.300000,983,24601,25012,-0.295180,0.037376,1.992535,1.799136,-1.295714,-41,-40,-1.981641,-1.933308,-75,-81,-1,0,,71076
1788459134.396093,25.869839,rx,-1,-0.300000,0.000000,-0.300000,-0.300000,984,24626,24972,-0.302953,-0.037436,1.990484,1.806417,-1.296649,-41,-42,-1.984815,-2.033225,-75,-75,-1,0,,71076
1788459134.396147,25.869901,tx,-1,-0.300000,0.000000,-0.300000,-0.300000,,,,,,,,,,,,,,,,,aa5501099a9999be0000000000e17f,71220
1788459134.401921,25.875674,key,115,-0.300000,0.000000,-0.300000,-0.300000,,,,,,,,,,,,,,,,,aa5501099a9999be0000000000e17f,71220
1788459134.410100,25.883848,rx,-1,-0.300000,0.000000,-0.300000,-0.300000,985,24651,25020,-0.302372,0.037364,1.988432,1.813699,-1.295714,-42,-41,-2.029325,-1.981007,-72,-78,-1,0,,71220
1788459134.410190,25.883943,rx,-1,-0.300000,0.000000,-0.300000,-0.300000,986,24676,25012,-0.295180,0.037376,1.986423,1.820804,-1.294779,-41,-40,-1.981641,-1.933308,-75,-81,-1,0,,71220
1788459134.410203,25.883957,tx,-1,-0.300000,0.000000,-0.300000,-0.300000,,,,,,,,,,,,,,,,,aa5501099a9999be0000000000e17f,71364
1788459134.463777,25.937528,rx,-1,-0.300000,0.000000,-0.300000,-0.300000,987,24700,25008,-0.302517,0.037383,1.984358,1.828082,-1.293844,-42,-41,-2.030298,-1.981958,-72,-78,-1,0,,71364
1788459134.503981,25.977729,rx,-1,-0.300000,0.000000,-0.300000,-0.300000,988,24726,24964,-0.303050,-0.037448,1.982293,1.835360,-1.294779,-41,-42,-1.985451,-2.033877,-74,-75,-1,0,,71364
1788459134.504036,25.977790,tx,-1,-0.300000,0.000000,-0.300000,-0.300000,,,,,,,,,,,,,,,,,aa5501099a9999be0000000000e17f,71508
1788459134.509799,25.983553,key,115,-0.300000,0.000000,-0.300000,-0.300000,,,,,,,,,,,,,,,,,aa5501099a9999be0000000000e17f,71508
1788459134.517949,25.991697,rx,-1,-0.300000,0.000000,-0.300000,-0.300000,989,24751,24988,-0.295464,0.037412,1.980278,1.842462,-1.293844,-41,-40,-1.983544,-1.935165,-74,-81,-1,0,,71508
1788459134.518034,25.991787,rx,-1,-0.300000,0.000000,-0.300000,-0.300000,990,24776,25000,-0.298968,0.000000,1.978234,1.849652,-1.293844,-41,-41,-1.982592,-1.982592,-74,-78,-1,0,,71508
1788459134.518048,25.991802,tx,-1,-0.300000,0.000000,-0.300000,-0.300000,,,,,,,,,,,,,,,,,aa5501099a9999be0000000000e17f,71652
1788459134.563002,26.036754,key,115,-0.300000,0.000000,-0.300000,-0.300000,,,,,,,,,,,,,,,,,aa5501099a9999be0000000000e17f,71652
1788459134.571212,26.044960,rx,-1,-0.300000,0.000000,-0.300000,-0.300000,991,24801,25060,-0.301889,-0.037305,1.976169,1.856930,-1.294779,-41,-42,-1.977845,-2.026085,-75,-76,-1,0,,71652
1788459134.611397,26.085145,rx,-1,-0.300000,0.000000,-0.300000,-0.300000,992,24825,24976,-0.295606,0.037430,1.974154,1.864032,-1.293844,-41,-40,-1.984497,-1.936095,-74,-81,-1,0,,71652
1788459134.611451,26.085205,tx,-1,-0.300000,0.000000,-0.300000,-0.300000,,,,,,,,,,,,,,,,,aa5501099a9999be0000000000e17f,71796
1788459134.624939,26.098687,rx,-1,-0.300000,0.000000,-0.300000,-0.300000,993,24851,24988,-0.299111,0.000000,1.972110,1.871222,-1.293844,-41,-41,-1.983544,-1.983544,-74,-78,-1,0,,71796
1788459134.625018,26.098770,rx,-1,-0.300000,0.000000,-0.300000,-0.300000,994,24876,24992,-0.302711,-0.037406,1.970045,1.878500,-1.294779,-41,-42,-1.983227,-2.031598,-75,-76,-1,0,,71796
1788459134.625031,26.098785,tx,-1,-0.300000,0.000000,-0.300000,-0.300000,,,,,,,,,,,,,,,,,aa5501099a9999be0000000000e17f,71972
1788459134.647802,26.121555,key,115,-0.300000,0.000000,-0.300000,-0.300000,,,,,,,,,,,,,,,,,aa5501099a9999be0000000000e17f,71972
1788459134.678507,26.152257,rx,-1,-0.300000,0.000000,-0.300000,-0.300000,995,24901,24984,-0.306456,0.000000,1.967958,1.885866,-1.294779,-42,-42,-2.032248,-2.032248,-72,-76,-1,0,,71972
1788459134.725590,26.199335,rx,-1,-0.300000,0.000000,-0.300000,-0.300000,996,24926,25036,-0.302179,-0.037340,1.965900,1.893146,-1.295714,-41,-42,-1.979741,-2.028028,-75,-76,-1,0,,71972
1788459134.725663,26.199416,tx,-1,-0.300000,0.000000,-0.300000,-0.300000,,,,,,,,,,,,,,,,,aa5501099a9999be0000000000e17f,72148
1788459134.731419,26.205171,key,115,-0.300000,0.000000,-0.300000,-0.300000,,,,,,,,,,,,,,,,,aa5501099a9999be0000000000e17f,72148
1788459134.733914,26.207665,rx,-1,-0.300000,0.000000,-0.300000,-0.300000,997,24951,25012,-0.306113,0.000000,1.963820,1.900515,-1.295714,-42,-42,-2.029974,-2.029974,-72,-75,-1,0,,72148
1788459134.733976,26.207729,rx,-1,-0.300000,0.000000,-0.300000,-0.300000,998,24976,24952,-0.299543,0.000000,1.961790,1.907708,-1.295714,-41,-41,-1.986406,-1.986406,-74,-78,-1,0,,72148
1788459134.734024,26.207777,rx,-1,-0.300000,0.000000,-0.300000,-0.300000,999,25000,25008,-0.291583,0.000000,1.959809,1.914726,-1.295714,-40,-40,-1.933617,-1.933617,-77,-80,-1,0,,72148
1788459134.734036,26.207790,tx,-1,-0.300000,0.000000,-0.300000,-0.300000,,,,,,,,,,,,,,,,,aa5501099a9999be0000000000e17f,72324
1788459134.787705,26.261456,rx,-1,-0.300000,0.000000,-0.300000,-0.300000,1000,25026,25004,-0.302565,-0.037388,1.957758,1.922008,-1.296649,-41,-42,-1.982275,-2.030623,-75,-75,-1,0,,72324
1788459134.826096,26.299843,rx,-1,-0.300000,0.000000,-0.300000,-0.300000,1001,25051,25004,-0.302565,0.037388,1.955706,1.929290,-1.295714,-42,-41,-2.030623,-1.982275,-72,-78,-1,0,,72324
1788459134.826149,26.299903,tx,-1,-0.300000,0.000000,-0.300000,-0.300000,,,,,,,,,,,,,,,,,aa5501099a9999be0000000000e17f,72499
1788459134.831880,26.305633,key,115,-0.300000,0.000000,-0.300000,-0.300000,,,,,,,,,,,,,,,,,aa5501099a9999be0000000000e17f,72499
1788459134.839518,26.313267,rx,-1,-0.300000,0.000000,-0.300000,-0.300000,1002,25076,24984,-0.299159,0.000000,1.953676,1.936483,-1.295714,-41,-41,-1.983862,-1.983862,-74,-78,-1,0,,72499
1788459134.839599,26.313351,rx,-1,-0.300000,0.000000,-0.300000,-0.300000,1003,25101,25040,-0.294850,0.037335,1.951667,1.943588,-1.294779,-41,-40,-1.979425,-1.931146,-75,-81,-1,0,,72499
1788459134.839612,26.313366,tx,-1,-0.300000,0.000000,-0.300000,-0.300000,,,,,,,,,,,,,,,,,aa5501099a9999be0000000000e17f,72643
1788459134.893153,26.366902,rx,-1,-0.300000,0.000000,-0.300000,-0.300000,1004,25125,24968,-0.303002,-0.037442,1.949609,1.950868,-1.295714,-41,-42,-1.985133,-2.033551,-74,-75,-1,0,,72643
1788459134.931180,26.404929,rx,-1,-0.300000,0.000000,-0.300000,-0.300000,1005,25151,24996,-0.299016,0.000000,1.947579,1.958061,-1.295714,-41,-41,-1.982909,-1.982909,-74,-78,-1,0,,72643
1788459134.931223,26.404977,tx,-1,-0.300000,0.000000,-0.300000,-0.300000,,,,,,,,,,,,,,,,,aa5501099a9999be0000000000e17f,72787
1788459134.936936,26.410690,key,115,-0.300000,0.000000,-0.300000,-0.300000,,,,,,,,,,,,,,,,,aa5501099a9999be0000000000e17f,72787
1788459134.945027,26.418776,rx,-1,-0.300000,0.000000,-0.300000,-0.300000,1006,25176,25036,-0.298538,0.000000,1.945548,1.965254,-1.295714,-41,-41,-1.979741,-1.979741,-75,-78,-1,0,,72787
1788459134.945098,26.418850,rx,-1,-0.300000,0.000000,-0.300000,-0.300000,1007,25201,24968,-0.303002,-0.037442,1.943497,1.972536,-1.296649,-41,-42,-1.985133,-2.033551,-74,-75,-1,0,,72787
1788459134.945109,26.418863,tx,-1,-0.300000,0.000000,-0.300000,-0.300000,,,,,,,,,,,,,,,,,aa5501099a9999be0000000000e17f,72931
1788459134.979046,26.452799,key,115,-0.300000,0.000000,-0.300000,-0.300000,,,,,,,,,,,,,,,,,aa5501099a9999be0000000000e17f,72931
1788459134.998590,26.472338,rx,-1,-0.300000,0.000000,-0.300000,-0.300000,1008,25226,25012,-0.306113,0.000000,1.941424,1.979906,-1.296649,-42,-42,-2.029974,-2.029974,-72,-75,-1,0,,72931
1788459135.037699,26.511448,rx,-1,-0.300000,0.000000,-0.300000,-0.300000,1009,25250,24996,-0.299016,0.000000,1.939401,1.987102,-1.296649,-41,-41,-1.982909,-1.982909,-74,-78,-1,0,,72931
1788459135.037742,26.511496,tx,-1,-0.300000,0.000000,-0.300000,-0.300000,,,,,,,,,,,,,,,,,aa5501099a9999be0000000000e17f,73075
1788459135.051590,26.525336,rx,-1,-0.300000,0.000000,-0.300000,-0.300000,1010,25276,25000,-0.302614,0.037394,1.937349,1.994383,-1.295714,-42,-41,-2.030948,-1.982592,-72,-78,-1,0,,73075
1788459135.051685,26.525437,rx,-1,-0.300000,0.000000,-0.300000,-0.300000,1011,25300,24988,-0.299111,0.000000,1.935319,2.001577,-1.295714,-41,-41,-1.983544,-1.983544,-74,-78,-1,0,,73075
1788459135.051698,26.525451,tx,-1,-0.300000,0.000000,-0.300000,-0.300000,,,,,,,,,,,,,,,,,aa5501099a9999be0000000000e17f,73219
1788459135.063226,26.536979,key,115,-0.300000,0.000000,-0.300000,-0.300000,,,,,,,,,,,,,,,,,aa5501099a9999be0000000000e17f,73219
1788459135.105051,26.578801,rx,-1,-0.300000,0.000000,-0.300000,-0.300000,1012,25326,25008,-0.298872,0.000000,1.933289,2.008770,-1.295714,-41,-41,-1.981958,-1.981958,-74,-78,-1,0,,73219
1788459135.151718,26.625464,rx,-1,-0.300000,0.000000,-0.300000,-0.300000,1013,25351,25008,-0.298872,0.000000,1.931259,2.015963,-1.295714,-41,-41,-1.981958,-1.981958,-74,-78,-1,0,,73219
1788459135.151780,26.625533,tx,-1,-0.300000,0.000000,-0.300000,-0.300000,,,,,,,,,,,,,,,,,aa5501099a9999be0000000000e17f,73395
1788459135.157525,26.631278,key,115,-0.300000,0.000000,-0.300000,-0.300000,,,,,,,,,,,,,,,,,aa5501099a9999be0000000000e17f,73395
1788459135.159989,26.633738,rx,-1,-0.300000,0.000000,-0.300000,-0.300000,1014,25376,24980,-0.295558,-0.037424,1.929256,2.023069,-1.296649,-40,-41,-1.935785,-1.984179,-77,-78,-1,0,,73395
1788459135.160063,26.633815,rx,-1,-0.300000,0.000000,-0.300000,-0.300000,1015,25401,25020,-0.295086,0.037364,1.927254,2.030175,-1.295714,-41,-40,-1.981007,-1.932690,-75,-81,-1,0,,73395
1788459135.160080,26.633834,tx,-1,-0.300000,0.000000,-0.300000,-0.300000,,,,,,,,,,,,,,,,,aa5501099a9999be0000000000e17f,73571
1788459135.212836,26.686585,rx,-1,-0.300000,0.000000,-0.300000,-0.300000,1016,25425,25008,-0.306162,0.000000,1.925175,2.037544,-1.295714,-42,-42,-2.030298,-2.030298,-72,-75,-1,0,,73571
1788459135.250806,26.724554,rx,-1,-0.300000,0.000000,-0.300000,-0.300000,1017,25451,25032,-0.302227,-0.037347,1.923123,2.044826,-1.296649,-41,-42,-1.980057,-2.028352,-75,-75,-1,0,,73571
1788459135.250887,26.724639,rx,-1,-0.300000,0.000000,-0.300000,-0.300000,1018,25476,24960,-0.292143,0.074909,1.921142,2.051844,-1.294779,-41,-39,-1.985769,-1.888902,-74,-83,-1,0,,73571
1788459135.250901,26.724654,tx,-1,-0.300000,0.000000,-0.300000,-0.300000,,,,,,,,,,,,,,,,,aa5501099a9999be0000000000e17f,73723
1788459135.256078,26.729830,key,115,-0.300000,0.000000,-0.300000,-0.300000,,,,,,,,,,,,,,,,,aa5501099a9999be0000000000e17f,73723
1788459135.264238,26.737988,rx,-1,-0.300000,0.000000,-0.300000,-0.300000,1019,25501,24992,-0.302711,0.037406,1.919077,2.059122,-1.293844,-42,-41,-2.031598,-1.983227,-72,-78,-1,0,,73723
1788459135.264308,26.738061,rx,-1,-0.300000,0.000000,-0.300000,-0.300000,1020,25526,24988,-0.306407,0.000000,1.916984,2.066486,-1.293844,-42,-42,-2.031923,-2.031923,-71,-75,-1,0,,73723
1788459135.264319,26.738072,tx,-1,-0.300000,0.000000,-0.300000,-0.300000,,,,,,,,,,,,,,,,,aa5501099a9999be0000000000e17f,73867
1788459135.309587,26.783339,key,115,-0.300000,0.000000,-0.300000,-0.300000,,,,,,,,,,,,,,,,,aa5501099a9999be0000000000e17f,73867
1788459135.317820,26.791569,rx,-1,-0.300000,0.000000,-0.300000,-0.300000,1021,25550,25036,-0.294897,-0.037341,1.914968,2.073589,-1.294779,-40,-41,-1.931455,-1.979741,-77,-78,-1,0,,73867
1788459135.357869,26.831617,rx,-1,-0.300000,0.000000,-0.300000,-0.300000,1022,25576,24980,-0.291909,0.000000,1.912981,2.080605,-1.294779,-40,-40,-1.935785,-1.935785,-77,-81,-1,0,,73867
1788459135.357916,26.831670,tx,-1,-0.300000,0.000000,-0.300000,-0.300000,,,,,,,,,,,,,,,,,aa5501099a9999be0000000000e17f,74011
1788459135.371775,26.845521,rx,-1,-0.300000,0.000000,-0.300000,-0.300000,1023,25601,24992,-0.306358,0.000000,1.910895,2.087972,-1.294779,-42,-42,-2.031598,-2.031598,-72,-76,-1,0,,74011
1788459135.371870,26.845621,rx,-1,-0.300000,0.000000,-0.300000,-0.300000,1024,25626,24992,-0.302711,0.037406,1.908829,2.095250,-1.293844,-42,-41,-2.031598,-1.983227,-72,-78,-1,0,,74011
1788459135.371883,26.845636,tx,-1,-0.300000,0.000000,-0.300000,-0.300000,,,,,,,,,,,,,,,,,aa5501099a9999be0000000000e17f,74155
1788459135.393791,26.867543,key,115,-0.300000,0.000000,-0.300000,-0.300000,,,,,,,,,,,,,,,,,aa5501099a9999be0000000000e17f,74155
1788459135.424632,26.898382,rx,-1,-0.300000,0.000000,-0.300000,-0.300000,1025,25651,25028,-0.294992,-0.037353,1.906814,2.102352,-1.294779,-40,-41,-1.932072,-1.980374,-77,-78,-1,0,,74155
1788459135.466577,26.940323,rx,-1,-0.300000,0.000000,-0.300000,-0.300000,1026,25676,24972,-0.302953,0.037436,1.904749,2.109630,-1.293844,-42,-41,-2.033225,-1.984815,-72,-78,-1,0,,74155
1788459135.466631,26.940384,tx,-1,-0.300000,0.000000,-0.300000,-0.300000,,,,,,,,,,,,,,,,,aa5501099a9999be0000000000e17f,74299
1788459135.474779,26.948528,rx,-1,-0.300000,0.000000,-0.300000,-0.300000,1027,25701,25028,-0.298633,0.000000,1.902705,2.116820,-1.293844,-41,-41,-1.980374,-1.980374,-74,-78,-1,0,,74299
1788459135.474871,26.948621,rx,-1,-0.300000,0.000000,-0.300000,-0.300000,1028,25725,24988,-0.299111,0.000000,1.900662,2.124009,-1.293844,-41,-41,-1.983544,-1.983544,-74,-78,-1,0,,74299
1788459135.474888,26.948641,tx,-1,-0.300000,0.000000,-0.300000,-0.300000,,,,,,,,,,,,,,,,,aa5501099a9999be0000000000e17f,74443
1788459135.485759,26.959511,key,115,-0.300000,0.000000,-0.300000,-0.300000,,,,,,,,,,,,,,,,,aa5501099a9999be0000000000e17f,74443
1788459135.526872,27.000621,rx,-1,-0.300000,0.000000,-0.300000,-0.300000,1029,25751,25020,-0.302372,0.037364,1.898590,2.131285,-1.292910,-42,-41,-2.029325,-1.981007,-72,-78,-1,0,,74443
1788459135.565828,27.039576,rx,-1,-0.300000,0.000000,-0.300000,-0.300000,1030,25776,25016,-0.298777,-0.074741,1.896546,2.138474,-1.294779,-40,-42,-1.932999,-2.029649,-77,-76,-1,0,,74443
1788459135.565877,27.039630,tx,-1,-0.300000,0.000000,-0.300000,-0.300000,,,,,,,,,,,,,,,,,aa5501099a9999be0000000000e17f,74587
1788459135.571589,27.045342,key,115,-0.300000,0.000000,-0.300000,-0.300000,,,,,,,,,,,,,,,,,aa5501099a9999be0000000000e17f,74587
1788459135.579564,27.053311,rx,-1,-0.300000,0.000000,-0.300000,-0.300000,1031,25801,24968,-0.303002,-0.037442,1.894488,2.145754,-1.295714,-41,-42,-1.985133,-2.033551,-74,-75,-1,0,,74587
1788459135.579648,27.053400,rx,-1,-0.300000,0.000000,-0.300000,-0.300000,1032,25826,25012,-0.302469,-0.037376,1.892436,2.153036,-1.296649,-41,-42,-1.981641,-2.029974,-75,-75,-1,0,,74587
1788459135.579679,27.053432,tx,-1,-0.300000,0.000000,-0.300000,-0.300000,,,,,,,,,,,,,,,,,aa5501099a9999be0000000000e17f,74731
1788459135.632694,27.106442,rx,-1,-0.300000,0.000000,-0.300000,-0.300000,1033,25850,24972,-0.299303,0.000000,1.890413,2.160231,-1.296649,-41,-41,-1.984815,-1.984815,-74,-78,-1,0,,74731
1788459135.690991,27.164736,rx,-1,-0.300000,0.000000,-0.300000,-0.300000,1034,25876,25004,-0.298920,0.074777,1.888382,2.167424,-1.294779,-42,-40,-2.030623,-1.933927,-72,-80,-1,0,,74731
1788459135.691036,27.164788,tx,-1,-0.300000,0.000000,-0.300000,-0.300000,,,,,,,,,,,,,,,,,aa5501099a9999be0000000000e17f,74875
1788459135.697878,27.171630,key,115,-0.300000,0.000000,-0.300000,-0.300000,,,,,,,,,,,,,,,,,aa5501099a9999be0000000000e17f,74875
1788459135.700321,27.174070,rx,-1,-0.300000,0.000000,-0.300000,-0.300000,1035,25901,25048,-0.302034,-0.037323,1.886324,2.174704,-1.295714,-41,-42,-1.978793,-2.027056,-75,-76,-1,0,,74875
1788459135.700384,27.174135,rx,-1,-0.300000,0.000000,-0.300000,-0.300000,1036,25926,24968,-0.299351,0.000000,1.884294,2.181897,-1.295714,-41,-41,-1.985133,-1.985133,-74,-78,-1,0,,74875
1788459135.700429,27.174181,rx,-1,-0.300000,0.000000,-0.300000,-0.300000,1037,25951,25012,-0.298824,0.074753,1.882257,2.189088,-1.293844,-42,-40,-2.029974,-1.933308,-72,-81,-1,0,,74875
1788459135.700437,27.174190,tx,-1,-0.300000,0.000000,-0.300000,-0.300000,,,,,,,,,,,,,,,,,aa5501099a9999be0000000000e17f,75091
1788459135.735670,27.209415,key,115,-0.300000,0.000000,-0.300000,-0.300000,,,,,,,,,,,,,,,,,aa5501099a9999be0000000000e17f,75091
1788459135.749465,27.223216,rx,-1,-0.300000,0.000000,-0.300000,-0.300000,1038,25975,24980,-0.299207,0.000000,1.880213,2.196277,-1.293844,-41,-41,-1.984179,-1.984179,-74,-78,-1,0,,75091
1788459135.785084,27.258831,rx,-1,-0.300000,0.000000,-0.300000,-0.300000,1039,26001,25000,-0.302614,-0.037394,1.878148,2.203555,-1.294779,-41,-42,-1.982592,-2.030948,-74,-75,-1,0,,75091
1788459135.785162,27.258915,tx,-1,-0.300000,0.000000,-0.300000,-0.300000,,,,,,,,,,,,,,,,,aa5501099a9999be0000000000e17f,75290
1788459135.804688,27.278435,rx,-1,-0.300000,0.000000,-0.300000,-0.300000,1040,26025,25016,-0.295133,0.037370,1.876133,2.210658,-1.293844,-41,-40,-1.981324,-1.932999,-74,-81,-1,0,,75290
1788459135.804780,27.278531,rx,-1,-0.300000,0.000000,-0.300000,-0.300000,1041,26051,25016,-0.295133,0.037370,1.874111,2.217759,-1.292910,-41,-40,-1.981324,-1.932999,-74,-81,-1,0,,75290
1788459135.804795,27.278548,tx,-1,-0.300000,0.000000,-0.300000,-0.300000,,,,,,,,,,,,,,,,,aa5501099a9999be0000000000e17f,75434
1788459135.815677,27.289429,key,115,-0.300000,0.000000,-0.300000,-0.300000,,,,,,,,,,,,,,,,,aa5501099a9999be0000000000e17f,75434
1788459135.857913,27.331663,rx,-1,-0.300000,0.000000,-0.300000,-0.300000,1042,26076,24984,-0.299159,-0.074837,1.872067,2.224948,-1.294779,-40,-42,-1.935475,-2.032248,-77,-76,-1,0,,75434
1788459135.892983,27.366725,rx,-1,-0.300000,0.000000,-0.300000,-0.300000,1043,26101,25012,-0.302469,-0.037376,1.870009,2.232228,-1.295714,-41,-42,-1.981641,-2.029974,-75,-76,-1,0,,75434
1788459135.893071,27.366824,tx,-1,-0.300000,0.000000,-0.300000,-0.300000,,,,,,,,,,,,,,,,,aa5501099a9999be0000000000e17f,75578
1788459135.898837,27.372589,key,115,-0.300000,0.000000,-0.300000,-0.300000,,,,,,,,,,,,,,,,,aa5501099a9999be0000000000e17f,75578
1788459135.912486,27.386233,rx,-1,-0.300000,0.000000,-0.300000,-0.300000,1044,26126,24984,-0.295511,0.112255,1.867993,2.239331,-1.292910,-42,-39,-2.032248,-1.887088,-72,-83,-1,0,,75578
1788459135.912578,27.386330,rx,-1,-0.300000,0.000000,-0.300000,-0.300000,1045,26150,24996,-0.299016,0.000000,1.865943,2.246518,-1.292910,-41,-41,-1.982909,-1.982909,-74,-79,-1,0,,75578
1788459135.912591,27.386344,tx,-1,-0.300000,0.000000,-0.300000,-0.300000,,,,,,,,,,,,,,,,,aa5501099a9999be0000000000e17f,75722
1788459135.966123,27.439873,rx,-1,-0.300000,0.000000,-0.300000,-0.300000,1046,26176,25020,-0.302372,-0.037364,1.863871,2.253794,-1.293844,-41,-42,-1.981007,-2.029325,-75,-76,-1,0,,75722
1788459136.004985,27.478731,rx,-1,-0.300000,0.000000,-0.300000,-0.300000,1047,26201,24964,-0.299399,0.000000,1.861827,2.260983,-1.293844,-41,-41,-1.985451,-1.985451,-74,-78,-1,0,,75722
1788459136.005044,27.478797,tx,-1,-0.300000,0.000000,-0.300000,-0.300000,,,,,,,,,,,,,,,,,aa5501099a9999be0000000000e17f,75898
1788459136.010800,27.484552,key,115,-0.300000,0.000000,-0.300000,-0.300000,,,,,,,,,,,,,,,,,aa5501099a9999be0000000000e17f,75898
1788459136.018980,27.492729,rx,-1,-0.300000,0.000000,-0.300000,-0.300000,1048,26226,25048,-0.298395,0.000000,1.859784,2.268173,-1.293844,-41,-41,-1.978793,-1.978793,-75,-79,-1,0,,75898
1788459136.019052,27.492803,rx,-1,-0.300000,0.000000,-0.300000,-0.300000,1049,26251,24944,-0.295985,0.037478,1.857762,2.275274,-1.292910,-41,-40,-1.987043,-1.938579,-74,-81,-1,0,,75898
1788459136.019069,27.492822,tx,-1,-0.300000,0.000000,-0.300000,-0.300000,,,,,,,,,,,,,,,,,aa5501099a9999be0000000000e17f,76074
1788459136.063974,27.537725,key,115,-0.300000,0.000000,-0.300000,-0.300000,,,,,,,,,,,,,,,,,aa5501099a9999be0000000000e17f,76074
1788459136.071629,27.545378,rx,-1,-0.300000,0.000000,-0.300000,-0.300000,1050,26275,25004,-0.302565,-0.037388,1.855690,2.282550,-1.293844,-41,-42,-1.982275,-2.030623,-75,-76,-1,0,,76074
1788459136.125419,27.599166,rx,-1,-0.300000,0.000000,-0.300000,-0.300000,1051,26301,24996,-0.299016,-0.074800,1.853653,2.289741,-1.295714,-40,-42,-1.934546,-2.031273,-77,-76,-1,0,,76074
1788459136.125515,27.599266,rx,-1,-0.300000,0.000000,-0.300000,-0.300000,1052,26326,25056,-0.301937,0.037311,1.851595,2.297021,-1.294779,-42,-41,-2.026409,-1.978161,-72,-79,-1,0,,76074
1788459136.125529,27.599282,tx,-1,-0.300000,0.000000,-0.300000,-0.300000,,,,,,,,,,,,,,,,,aa5501099a9999be0000000000e17f,76226
1788459136.133190,27.606937,rx,-1,-0.300000,0.000000,-0.300000,-0.300000,1053,26351,24988,-0.299111,0.000000,1.849558,2.304212,-1.294779,-41,-41,-1.983544,-1.983544,-75,-78,-1,0,,76226
1788459136.133260,27.607012,rx,-1,-0.300000,0.000000,-0.300000,-0.300000,1054,26376,24972,-0.302953,-0.037436,1.847499,2.311492,-1.295714,-41,-42,-1.984815,-2.033225,-75,-76,-1,0,,76226
1788459136.133272,27.607025,tx,-1,-0.300000,0.000000,-0.300000,-0.300000,,,,,,,,,,,,,,,,,aa5501099a9999be0000000000e17f,76370
1788459136.150384,27.624135,key,115,-0.300000,0.000000,-0.300000,-0.300000,,,,,,,,,,,,,,,,,aa5501099a9999be0000000000e17f,76370
1788459136.186855,27.660605,rx,-1,-0.300000,0.000000,-0.300000,-0.300000,1055,26401,25024,-0.309608,-0.037359,1.845398,2.318949,-1.296649,-42,-43,-2.029000,-2.077310,-72,-73,-1,0,,76370
1788459136.223332,27.697080,rx,-1,-0.300000,0.000000,-0.300000,-0.300000,1056,26426,24992,-0.299064,0.000000,1.843375,2.326144,-1.296649,-41,-41,-1.983227,-1.983227,-75,-78,-1,0,,76370
1788459136.223377,27.697130,tx,-1,-0.300000,0.000000,-0.300000,-0.300000,,,,,,,,,,,,,,,,,aa5501099a9999be0000000000e17f,76514
1788459136.229103,27.702854,key,115,-0.300000,0.000000,-0.300000,-0.300000,,,,,,,,,,,,,,,,,aa5501099a9999be0000000000e17f,76514
1788459136.237236,27.710984,rx,-1,-0.300000,0.000000,-0.300000,-0.300000,1057,26450,24976,-0.306554,-0.074861,1.841309,2.333517,-1.298519,-41,-43,-1.984497,-2.081302,-74,-72,-1,0,,76514
1788459136.237312,27.711063,rx,-1,-0.300000,0.000000,-0.300000,-0.300000,1058,26476,25028,-0.305917,0.000000,1.839250,2.340891,-1.298519,-42,-42,-2.028676,-2.028676,-72,-75,-1,0,,76514
1788459136.237326,27.711079,tx,-1,-0.300000,0.000000,-0.300000,-0.300000,,,,,,,,,,,,,,,,,aa5501099a9999be0000000000e17f,76658
1788459136.290735,27.764485,rx,-1,-0.300000,0.000000,-0.300000,-0.300000,1059,26501,24964,-0.295748,0.037448,1.837261,2.348001,-1.297584,-41,-40,-1.985451,-1.937026,-74,-80,-1,0,,76658
1788459136.331449,27.805196,rx,-1,-0.300000,0.000000,-0.300000,-0.300000,1060,26526,25048,-0.302034,0.037323,1.835217,2.355285,-1.296649,-42,-41,-2.027056,-1.978793,-72,-78,-1,0,,76658
1788459136.331501,27.805253,tx,-1,-0.300000,0.000000,-0.300000,-0.300000,,,,,,,,,,,,,,,,,aa5501099a9999be0000000000e17f,76802
1788459136.337222,27.810974,key,115,-0.300000,0.000000,-0.300000,-0.300000,,,,,,,,,,,,,,,,,aa5501099a9999be0000000000e17f,76802
1788459136.345377,27.819123,rx,-1,-0.300000,0.000000,-0.300000,-0.300000,1061,26551,24972,-0.302953,-0.037436,1.833172,2.362569,-1.297584,-41,-42,-1.984815,-2.033225,-74,-75,-1,0,,76802
1788459136.345471,27.819221,rx,-1,-0.300000,0.000000,-0.300000,-0.300000,1062,26575,24980,-0.299207,0.000000,1.831155,2.369766,-1.297584,-41,-41,-1.984179,-1.984179,-74,-77,-1,0,,76802
1788459136.345487,27.819239,tx,-1,-0.300000,0.000000,-0.300000,-0.300000,,,,,,,,,,,,,,,,,aa5501099a9999be0000000000e17f,76978
1788459136.398724,27.872468,rx,-1,-0.300000,0.000000,-0.300000,-0.300000,1063,26601,25044,-0.294803,0.037329,1.829160,2.376874,-1.296649,-41,-40,-1.979109,-1.930838,-75,-80,-1,0,,76978
1788459136.462646,27.936391,rx,-1,-0.300000,0.000000,-0.300000,-0.300000,1064,26626,24988,-0.299111,0.000000,1.827136,2.384069,-1.296649,-41,-41,-1.983544,-1.983544,-74,-78,-1,0,,76978
1788459136.462704,27.936456,tx,-1,-0.300000,0.000000,-0.300000,-0.300000,,,,,,,,,,,,,,,,,aa5501099a9999be0000000000e17f,77154
1788459136.468438,27.942190,key,115,-0.300000,0.000000,-0.300000,-0.300000,,,,,,,,,,,,,,,,,aa5501099a9999be0000000000e17f,77154
1788459136.470887,27.944636,rx,-1,-0.300000,0.000000,-0.300000,-0.300000,1065,26651,24976,-0.302905,-0.037430,1.825091,2.391352,-1.297584,-41,-42,-1.984497,-2.032900,-74,-75,-1,0,,77154
1788459136.470956,27.944707,rx,-1,-0.300000,0.000000,-0.300000,-0.300000,1066,26676,25016,-0.302420,0.037371,1.823047,2.398636,-1.296649,-42,-41,-2.029649,-1.981324,-72,-78,-1,0,,77154
1788459136.471002,27.944753,rx,-1,-0.300000,0.000000,-0.300000,-0.300000,1067,26701,25032,-0.305868,-0.074693,1.820981,2.406009,-1.298519,-41,-43,-1.980057,-2.076646,-74,-72,-1,0,,77154
1788459136.471014,27.944767,tx,-1,-0.300000,0.000000,-0.300000,-0.300000,,,,,,,,,,,,,,,,,aa5501099a9999be0000000000e17f,77338
1788459136.488068,27.961820,key,115,-0.300000,0.000000,-0.300000,-0.300000,,,,,,,,,,,,,,,,,aa5501099a9999be0000000000e17f,77338
1788459136.524089,27.997838,rx,-1,-0.300000,0.000000,-0.300000,-0.300000,1068,26726,24992,-0.299064,0.000000,1.818971,2.413208,-1.298519,-41,-41,-1.983227,-1.983227,-74,-77,-1,0,,77338
1788459136.561149,28.034896,rx,-1,-0.300000,0.000000,-0.300000,-0.300000,1069,26750,24996,-0.302662,0.037400,1.816933,2.420493,-1.297584,-42,-41,-2.031273,-1.982909,-72,-77,-1,0,,77338
1788459136.561201,28.034953,tx,-1,-0.300000,0.000000,-0.300000,-0.300000,,,,,,,,,,,,,,,,,aa5501099a9999be0000000000e17f,77514
1788459136.572630,28.046381,key,115,-0.300000,0.000000,-0.300000,-0.300000,,,,,,,,,,,,,,,,,aa5501099a9999be0000000000e17f,77514
1788459136.575082,28.048831,rx,-1,-0.300000,0.000000,-0.300000,-0.300000,1070,26776,24972,-0.295653,0.037436,1.814938,2.427601,-1.296649,-41,-40,-1.984815,-1.936405,-74,-80,-1,0,,77514
1788459136.575163,28.048913,rx,-1,-0.300000,0.000000,-0.300000,-0.300000,1071,26801,24984,-0.302808,0.037418,1.812886,2.434883,-1.295714,-42,-41,-2.032248,-1.983862,-71,-77,-1,0,,77514
1788459136.575179,28.048932,tx,-1,-0.300000,0.000000,-0.300000,-0.300000,,,,,,,,,,,,,,,,,aa5501099a9999be0000000000e17f,77658
1788459136.628897,28.102644,rx,-1,-0.300000,0.000000,-0.300000,-0.300000,1072,26826,25040,-0.298490,-0.074669,1.810863,2.442078,-1.297584,-40,-42,-1.931146,-2.027704,-77,-75,-1,0,,77658
1788459136.679030,28.152775,rx,-1,-0.300000,0.000000,-0.300000,-0.300000,1073,26851,24960,-0.295795,0.037454,1.808867,2.449186,-1.296649,-41,-40,-1.985769,-1.937336,-74,-80,-1,0,,77658
1788459136.679127,28.152877,rx,-1,-0.300000,0.000000,-0.300000,-0.300000,1074,26875,25016,-0.302420,0.037371,1.806816,2.456468,-1.295714,-42,-41,-2.029649,-1.981324,-72,-78,-1,0,,77658
1788459136.679142,28.152893,tx,-1,-0.300000,0.000000,-0.300000,-0.300000,,,,,,,,,,,,,,,,,aa5501099a9999be0000000000e17f,77810
1788459136.684888,28.158638,key,115,-0.300000,0.000000,-0.300000,-0.300000,,,,,,,,,,,,,,,,,aa5501099a9999be0000000000e17f,77810
1788459136.687355,28.161103,rx,-1,-0.300000,0.000000,-0.300000,-0.300000,1075,26901,25012,-0.302469,0.037376,1.804757,2.463748,-1.294779,-42,-41,-2.029974,-1.981641,-71,-78,-1,0,,77810
1788459136.687425,28.161176,rx,-1,-0.300000,0.000000,-0.300000,-0.300000,1076,26926,24976,-0.299255,-0.074861,1.802727,2.470941,-1.296649,-40,-42,-1.936095,-2.032900,-77,-75,-1,0,,77810
1788459136.687441,28.161193,tx,-1,-0.300000,0.000000,-0.300000,-0.300000,,,,,,,,,,,,,,,,,aa5501099a9999be0000000000e17f,77954
1788459136.738276,28.212026,key,115,-0.300000,0.000000,-0.300000,-0.300000,,,,,,,,,,,,,,,,,aa5501099a9999be0000000000e17f,77954
1788459136.740528,28.214276,rx,-1,-0.300000,0.000000,-0.300000,-0.300000,1077,26951,25000,-0.298968,0.000000,1.800704,2.478136,-1.296649,-41,-41,-1.982592,-1.982592,-74,-77,-1,0,,77954
1788459136.797316,28.271062,rx,-1,-0.300000,0.000000,-0.300000,-0.300000,1078,26976,25028,-0.294992,0.037353,1.798701,2.485242,-1.295714,-41,-40,-1.980374,-1.932072,-74,-80,-1,0,,77954
1788459136.797378,28.271130,tx,-1,-0.300000,0.000000,-0.300000,-0.300000,,,,,,,,,,,,,,,,,aa5501099a9999be0000000000e17f,78098
1788459136.805505,28.279251,rx,-1,-0.300000,0.000000,-0.300000,-0.300000,1079,27000,25008,-0.306162,0.000000,1.796622,2.492611,-1.295714,-42,-42,-2.030298,-2.030298,-71,-75,-1,0,,78098
1788459136.805624,28.279375,rx,-1,-0.300000,0.000000,-0.300000,-0.300000,1080,27026,25000,-0.288030,-0.112183,1.794675,2.499544,-1.298519,-38,-41,-1.837524,-1.982592,-82,-77,-1,0,,78098
1788459136.805680,28.279431,rx,-1,-0.300000,0.000000,-0.300000,-0.300000,1081,27051,25000,-0.298968,0.074789,1.792659,2.506741,-1.296649,-42,-40,-2.030948,-1.934236,-72,-80,-1,0,,78098
1788459136.805690,28.279443,tx,-1,-0.300000,0.000000,-0.300000,-0.300000,,,,,,,,,,,,,,,,,aa5501099a9999be0000000000e17f,78369
1788459136.822539,28.296290,key,115,-0.300000,0.000000,-0.300000,-0.300000,,,,,,,,,,,,,,,,,aa5501099a9999be0000000000e17f,78369
1788459136.859147,28.332895,rx,-1,-0.300000,0.000000,-0.300000,-0.300000,1082,27076,24996,-0.306309,0.074801,1.790579,2.514109,-1.294779,-43,-41,-2.079637,-1.982909,-69,-78,-1,0,,78369
1788459136.897508,28.371252,rx,-1,-0.300000,0.000000,-0.300000,-0.300000,1083,27101,24964,-0.303050,-0.037448,1.788521,2.521389,-1.295714,-41,-42,-1.985451,-2.033877,-74,-75,-1,0,,78369
1788459136.897555,28.371307,tx,-1,-0.300000,0.000000,-0.300000,-0.300000,,,,,,,,,,,,,,,,,aa5501099a9999be0000000000e17f,78513
1788459136.903299,28.377050,key,115,-0.300000,0.000000,-0.300000,-0.300000,,,,,,,,,,,,,,,,,aa5501099a9999be0000000000e17f,78513
1788459136.911386,28.385132,rx,-1,-0.300000,0.000000,-0.300000,-0.300000,1084,27125,25008,-0.298872,0.000000,1.786490,2.528582,-1.295714,-41,-41,-1.981958,-1.981958,-74,-78,-1,0,,78513
1788459136.911467,28.385217,rx,-1,-0.300000,0.000000,-0.300000,-0.300000,1085,27151,25020,-0.298729,0.000000,1.784460,2.535775,-1.295714,-41,-41,-1.981007,-1.981007,-74,-78,-1,0,,78513
1788459136.911478,28.385230,tx,-1,-0.300000,0.000000,-0.300000,-0.300000,,,,,,,,,,,,,,,,,aa5501099a9999be0000000000e17f,78657
1788459136.964980,28.438728,rx,-1,-0.300000,0.000000,-0.300000,-0.300000,1086,27175,25000,-0.302614,0.037394,1.782402,2.543055,-1.294779,-42,-41,-2.030948,-1.982592,-71,-78,-1,0,,78657
1788459137.006303,28.480047,rx,-1,-0.300000,0.000000,-0.300000,-0.300000,1087,27201,24976,-0.299255,-0.074861,1.780372,2.550248,-1.296649,-40,-42,-1.936095,-2.032900,-77,-75,-1,0,,78657
1788459137.006366,28.480117,tx,-1,-0.300000,0.000000,-0.300000,-0.300000,,,,,,,,,,,,,,,,,aa5501099a9999be0000000000e17f,78801
1788459137.012103,28.485855,key,115,-0.300000,0.000000,-0.300000,-0.300000,,,,,,,,,,,,,,,,,aa5501099a9999be0000000000e17f,78801
1788459137.020004,28.493750,rx,-1,-0.300000,0.000000,-0.300000,-0.300000,1088,27226,25040,-0.309411,-0.037335,1.778278,2.557708,-1.297584,-42,-43,-2.027704,-2.075982,-72,-72,-1,0,,78801
1788459137.020098,28.493848,rx,-1,-0.300000,0.000000,-0.300000,-0.300000,1089,27251,24964,-0.299399,0.000000,1.776261,2.564904,-1.297584,-41,-41,-1.985451,-1.985451,-74,-77,-1,0,,78801
1788459137.020111,28.493863,tx,-1,-0.300000,0.000000,-0.300000,-0.300000,,,,,,,,,,,,,,,,,aa5501099a9999be0000000000e17f,78945
1788459137.071219,28.544969,key,115,-0.300000,0.000000,-0.300000,-0.300000,,,,,,,,,,,,,,,,,aa5501099a9999be0000000000e17f,78945
1788459137.073767,28.547515,rx,-1,-0.300000,0.000000,-0.300000,-0.300000,1090,27276,25012,-0.295180,0.037376,1.774266,2.572013,-1.296649,-41,-40,-1.981641,-1.933308,-74,-80,-1,0,,78945
1788459137.123770,28.597515,rx,-1,-0.300000,0.000000,-0.300000,-0.300000,1091,27300,24984,-0.295511,-0.037418,1.772270,2.579121,-1.297584,-40,-41,-1.935475,-1.983862,-77,-77,-1,0,,78945
1788459137.123831,28.597582,tx,-1,-0.300000,0.000000,-0.300000,-0.300000,,,,,,,,,,,,,,,,,aa5501099a9999be0000000000e17f,79089
1788459137.131985,28.605727,rx,-1,-0.300000,0.000000,-0.300000,-0.300000,1092,27326,25012,-0.302469,-0.037376,1.770232,2.586406,-1.298519,-41,-42,-1.981641,-2.029974,-74,-75,-1,0,,79089
1788459137.132093,28.605843,rx,-1,-0.300000,0.000000,-0.300000,-0.300000,1093,27351,24984,-0.302808,0.037418,1.768194,2.593692,-1.297584,-42,-41,-2.032248,-1.983862,-72,-77,-1,0,,79089
1788459137.132115,28.605866,tx,-1,-0.300000,0.000000,-0.300000,-0.300000,,,,,,,,,,,,,,,,,aa5501099a9999be0000000000e17f,79297
1788459137.154929,28.628679,key,115,-0.300000,0.000000,-0.300000,-0.300000,,,,,,,,,,,,,,,,,aa5501099a9999be0000000000e17f,79297
1788459137.185723,28.659471,rx,-1,-0.300000,0.000000,-0.300000,-0.300000,1094,27376,25020,-0.295086,0.037364,1.766199,2.600800,-1.296649,-41,-40,-1.981007,-1.932690,-74,-80,-1,0,,79297
1788459137.232851,28.706596,rx,-1,-0.300000,0.000000,-0.300000,-0.300000,1095,27401,25024,-0.298681,0.000000,1.764175,2.607995,-1.296649,-41,-41,-1.980691,-1.980691,-74,-78,-1,0,,79297
1788459137.232943,28.706693,rx,-1,-0.300000,0.000000,-0.300000,-0.300000,1096,27426,25000,-0.302614,-0.037394,1.762131,2.615279,-1.297584,-41,-42,-1.982592,-2.030948,-74,-75,-1,0,,79297
1788459137.232956,28.706708,tx,-1,-0.300000,0.000000,-0.300000,-0.300000,,,,,,,,,,,,,,,,,aa5501099a9999be0000000000e17f,79449
1788459137.238628,28.712378,key,115,-0.300000,0.000000,-0.300000,-0.300000,,,,,,,,,,,,,,,,,aa5501099a9999be0000000000e17f,79449
1788459137.241073,28.714821,rx,-1,-0.300000,0.000000,-0.300000,-0.300000,1097,27451,24984,-0.299159,0.074837,1.760107,2.622474,-1.295714,-42,-40,-2.032248,-1.935475,-71,-80,-1,0,,79449
1788459137.241162,28.714910,rx,-1,-0.300000,0.000000,-0.300000,-0.300000,1098,27475,25012,-0.295180,-0.037376,1.758105,2.629580,-1.296649,-40,-41,-1.933308,-1.981641,-77,-78,-1,0,,79449
1788459137.241185,28.714936,tx,-1,-0.300000,0.000000,-0.300000,-0.300000,,,,,,,,,,,,,,,,,aa5501099a9999be0000000000e17f,79593
1788459137.294770,28.768518,rx,-1,-0.300000,0.000000,-0.300000,-0.300000,1099,27501,24984,-0.299159,0.000000,1.756082,2.636775,-1.296649,-41,-41,-1.983862,-1.983862,-74,-78,-1,0,,79593
1788459137.334462,28.808206,rx,-1,-0.300000,0.000000,-0.300000,-0.300000,1100,27526,24976,-0.299255,0.074861,1.754052,2.643968,-1.294779,-42,-40,-2.032900,-1.936095,-71,-80,-1,0,,79593
1788459137.334525,28.808277,tx,-1,-0.300000,0.000000,-0.300000,-0.300000,,,,,,,,,,,,,,,,,aa5501099a9999be0000000000e17f,79737
1788459137.340268,28.814020,key,115,-0.300000,0.000000,-0.300000,-0.300000,,,,,,,,,,,,,,,,,aa5501099a9999be0000000000e17f,79737
1788459137.347725,28.821466,rx,-1,-0.300000,0.000000,-0.300000,-0.300000,1101,27551,25048,-0.302034,-0.037323,1.751993,2.651248,-1.295714,-41,-42,-1.978793,-2.027056,-74,-75,-1,0,,79737
1788459137.347819,28.821569,rx,-1,-0.300000,0.000000,-0.300000,-0.300000,1102,27576,24992,-0.299064,0.000000,1.749963,2.658441,-1.295714,-41,-41,-1.983227,-1.983227,-74,-78,-1,0,,79737
1788459137.347834,28.821585,tx,-1,-0.300000,0.000000,-0.300000,-0.300000,,,,,,,,,,,,,,,,,aa5501099a9999be0000000000e17f,79881
1788459137.401336,28.875082,rx,-1,-0.300000,0.000000,-0.300000,-0.300000,1103,27600,24980,-0.299207,0.074849,1.747926,2.665632,-1.293844,-42,-40,-2.032574,-1.935785,-71,-80,-1,0,,79881
1788459137.458871,28.932594,rx,-1,-0.300000,0.000000,-0.300000,-0.300000,1104,27626,25008,-0.298872,0.000000,1.745883,2.672822,-1.293844,-41,-41,-1.981958,-1.981958,-74,-78,-1,0,,79881
1788459137.458974,28.932724,tx,-1,-0.300000,0.000000,-0.300000,-0.300000,,,,,,,,,,,,,,,,,aa5501099a9999be0000000000e17f,80025
1788459137.464148,28.937898,key,115,-0.300000,0.000000,-0.300000,-0.300000,,,,,,,,,,,,,,,,,aa5501099a9999be0000000000e17f,80025
1788459137.466729,28.940469,rx,-1,-0.300000,0.000000,-0.300000,-0.300000,1105,27651,25100,-0.301408,-0.037245,1.743817,2.680100,-1.294779,-41,-42,-1.974693,-2.022856,-75,-76,-1,0,,80025
1788459137.466901,28.940649,rx,-1,-0.300000,0.000000,-0.300000,-0.300000,1106,27676,24892,-0.300265,0.000000,1.741780,2.687291,-1.294779,-41,-41,-1.991194,-1.991194,-74,-77,-1,0,,80025
1788459137.467022,28.940770,rx,-1,-0.300000,0.000000,-0.300000,-0.300000,1107,27701,24988,-0.295464,0.037412,1.739765,2.694394,-1.293844,-41,-40,-1.983544,-1.935165,-74,-80,-1,0,,80025
1788459137.467046,28.940797,tx,-1,-0.300000,0.000000,-0.300000,-0.300000,,,,,,,,,,,,,,,,,aa5501099a9999be0000000000e17f,80241
1788459137.490022,28.963772,key,115,-0.300000,0.000000,-0.300000,-0.300000,,,,,,,,,,,,,,,,,aa5501099a9999be0000000000e17f,80241
1788459137.520930,28.994678,rx,-1,-0.300000,0.000000,-0.300000,-0.300000,1108,27725,25008,-0.302517,0.037383,1.737693,2.701670,-1.292910,-42,-41,-2.030298,-1.981958,-71,-78,-1,0,,80241
1788459137.555451,29.029198,rx,-1,-0.300000,0.000000,-0.300000,-0.300000,1109,27751,24988,-0.302759,-0.037412,1.735621,2.708946,-1.293844,-41,-42,-1.983544,-2.031923,-74,-75,-1,0,,80241
1788459137.555497,29.029248,tx,-1,-0.300000,0.000000,-0.300000,-0.300000,,,,,,,,,,,,,,,,,aa5501099a9999be0000000000e17f,80385
1788459137.574951,29.048698,rx,-1,-0.300000,0.000000,-0.300000,-0.300000,1110,27776,25004,-0.295275,-0.037388,1.733606,2.716048,-1.294779,-40,-41,-1.933927,-1.982275,-77,-78,-1,0,,80385
1788459137.575035,29.048784,rx,-1,-0.300000,0.000000,-0.300000,-0.300000,1111,27801,24996,-0.295369,0.037400,1.731590,2.723151,-1.293844,-41,-40,-1.982909,-1.934546,-74,-81,-1,0,,80385
1788459137.575047,29.048798,tx,-1,-0.300000,0.000000,-0.300000,-0.300000,,,,,,,,,,,,,,,,,aa5501099a9999be0000000000e17f,80529
1788459137.580762,29.054513,key,115,-0.300000,0.000000,-0.300000,-0.300000,,,,,,,,,,,,,,,,,aa5501099a9999be0000000000e17f,80529
1788459137.628110,29.101858,rx,-1,-0.300000,0.000000,-0.300000,-0.300000,1112,27826,25024,-0.302324,0.037358,1.729518,2.730427,-1.292910,-42,-41,-2.029000,-1.980691,-72,-78,-1,0,,80529
1788459137.663504,29.137250,rx,-1,-0.300000,0.000000,-0.300000,-0.300000,1113,27851,24996,-0.309955,-0.037400,1.727396,2.737879,-1.293844,-42,-43,-2.031273,-2.079637,-71,-73,-1,0,,80529
1788459137.663545,29.137296,tx,-1,-0.300000,0.000000,-0.300000,-0.300000,,,,,,,,,,,,,,,,,aa5501099a9999be0000000000e17f,80673
1788459137.669273,29.143023,key,115,-0.300000,0.000000,-0.300000,-0.300000,,,,,,,,,,,,,,,,,aa5501099a9999be0000000000e17f,80673
1788459137.682612,29.156357,rx,-1,-0.300000,0.000000,-0.300000,-0.300000,1114,27876,24988,-0.302759,-0.037412,1.725331,2.745157,-1.294779,-41,-42,-1.983544,-2.031923,-74,-75,-1,0,,80673
1788459137.682693,29.156442,rx,-1,-0.300000,0.000000,-0.300000,-0.300000,1115,27900,25004,-0.298920,-0.074777,1.723301,2.752350,-1.296649,-40,-42,-1.933927,-2.030623,-77,-75,-1,0,,80673
1788459137.682704,29.156455,tx,-1,-0.300000,0.000000,-0.300000,-0.300000,,,,,,,,,,,,,,,,,aa5501099a9999be0000000000e17f,80817
1788459137.735231,29.208975,rx,-1,-0.300000,0.000000,-0.300000,-0.300000,1116,27926,24984,-0.299159,0.000000,1.721278,2.759545,-1.296649,-41,-41,-1.983862,-1.983862,-74,-77,-1,0,,80817
1788459137.777370,29.251115,rx,-1,-0.300000,0.000000,-0.300000,-0.300000,1117,27951,25020,-0.295086,0.037364,1.719276,2.766651,-1.295714,-41,-40,-1.981007,-1.932690,-74,-80,-1,0,,80817
1788459137.777423,29.251174,tx,-1,-0.300000,0.000000,-0.300000,-0.300000,,,,,,,,,,,,,,,,,aa5501099a9999be0000000000e17f,80993
1788459137.783100,29.256851,key,115,-0.300000,0.000000,-0.300000,-0.300000,,,,,,,,,,,,,,,,,aa5501099a9999be0000000000e17f,80993
1788459137.785524,29.259271,rx,-1,-0.300000,0.000000,-0.300000,-0.300000,1118,27976,24992,-0.302711,-0.037406,1.717224,2.773933,-1.296649,-41,-42,-1.983227,-2.031598,-74,-75,-1,0,,80993
1788459137.785591,29.259341,rx,-1,-0.300000,0.000000,-0.300000,-0.300000,1119,28001,25004,-0.302565,0.037388,1.715172,2.781214,-1.295714,-42,-41,-2.030623,-1.982275,-72,-78,-1,0,,80993
1788459137.785636,29.259387,tx,-1,-0.300000,0.000000,-0.300000,-0.300000,,,,,,,,,,,,,,,,,aa5501099a9999be0000000000e17f,81192
1788459137.819736,29.293486,key,115,-0.300000,0.000000,-0.300000,-0.300000,,,,,,,,,,,,,,,,,aa5501099a9999be0000000000e17f,81192
1788459137.838812,29.312557,rx,-1,-0.300000,0.000000,-0.300000,-0.300000,1120,28025,25020,-0.298729,0.000000,1.713142,2.788408,-1.295714,-41,-41,-1.981007,-1.981007,-74,-78,-1,0,,81192
1788459137.902157,29.375898,rx,-1,-0.300000,0.000000,-0.300000,-0.300000,1121,28051,25000,-0.291676,0.000000,1.711162,2.795425,-1.295714,-40,-40,-1.934236,-1.934236,-77,-80,-1,0,,81192
1788459137.902230,29.375980,tx,-1,-0.300000,0.000000,-0.300000,-0.300000,,,,,,,,,,,,,,,,,aa5501099a9999be0000000000e17f,81368
1788459137.910686,29.384428,rx,-1,-0.300000,0.000000,-0.300000,-0.300000,1122,28076,24964,-0.303050,-0.037448,1.709110,2.802707,-1.296649,-41,-42,-1.985451,-2.033877,-74,-75,-1,0,,81368
1788459137.910791,29.384540,rx,-1,-0.300000,0.000000,-0.300000,-0.300000,1123,28101,25044,-0.302082,0.037329,1.707058,2.809989,-1.295714,-42,-41,-2.027380,-1.979109,-72,-78,-1,0,,81368
1788459137.910843,29.384593,rx,-1,-0.300000,0.000000,-0.300000,-0.300000,1124,28126,24972,-0.295653,0.037436,1.705050,2.817094,-1.294779,-41,-40,-1.984815,-1.936405,-74,-80,-1,0,,81368
1788459137.910855,29.384606,tx,-1,-0.300000,0.000000,-0.300000,-0.300000,,,,,,,,,,,,,,,,,aa5501099a9999be0000000000e17f,81520
1788459137.916608,29.390357,key,115,-0.300000,0.000000,-0.300000,-0.300000,,,,,,,,,,,,,,,,,aa5501099a9999be0000000000e17f,81520
1788459137.964202,29.437948,rx,-1,-0.300000,0.000000,-0.300000,-0.300000,1125,28151,25008,-0.302517,0.037383,1.702984,2.824372,-1.293844,-42,-41,-2.030298,-1.981958,-72,-78,-1,0,,81520
1788459138.005476,29.479220,rx,-1,-0.300000,0.000000,-0.300000,-0.300000,1126,28176,25000,-0.295322,-0.037394,1.700969,2.831474,-1.294779,-40,-41,-1.934236,-1.982592,-77,-78,-1,0,,81520
1788459138.005543,29.479294,tx,-1,-0.300000,0.000000,-0.300000,-0.300000,,,,,,,,,,,,,,,,,aa5501099a9999be0000000000e17f,81696
1788459138.011307,29.485057,key,115,-0.300000,0.000000,-0.300000,-0.300000,,,,,,,,,,,,,,,,,aa5501099a9999be0000000000e17f,81696
1788459138.019296,29.493040,rx,-1,-0.300000,0.000000,-0.300000,-0.300000,1127,28200,25000,-0.298968,0.000000,1.698932,2.838665,-1.294779,-41,-41,-1.982592,-1.982592,-74,-78,-1,0,,81696
1788459138.019387,29.493136,rx,-1,-0.300000,0.000000,-0.300000,-0.300000,1128,28226,25020,-0.295086,0.037364,1.696917,2.845768,-1.293844,-41,-40,-1.981007,-1.932690,-74,-81,-1,0,,81696
1788459138.019437,29.493187,rx,-1,-0.300000,0.000000,-0.300000,-0.300000,1129,28251,24992,-0.306358,0.000000,1.694823,2.853133,-1.293844,-42,-42,-2.031598,-2.031598,-72,-76,-1,0,,81696
1788459138.019450,29.493201,tx,-1,-0.300000,0.000000,-0.300000,-0.300000,,,,,,,,,,,,,,,,,aa5501099a9999be0000000000e17f,81880
1788459138.071060,29.544805,rx,-1,-0.300000,0.000000,-0.300000,-0.300000,1130,28276,24984,-0.299159,0.000000,1.692780,2.860322,-1.293844,-41,-41,-1.983862,-1.983862,-74,-78,-1,0,,81880
1788459138.133501,29.607244,rx,-1,-0.300000,0.000000,-0.300000,-0.300000,1131,28301,24992,-0.295416,0.037406,1.690758,2.867423,-1.292910,-41,-40,-1.983227,-1.934855,-74,-81,-1,0,,81880
1788459138.133569,29.607320,tx,-1,-0.300000,0.000000,-0.300000,-0.300000,,,,,,,,,,,,,,,,,aa5501099a9999be0000000000e17f,82024
1788459138.139343,29.613091,key,115,-0.300000,0.000000,-0.300000,-0.300000,,,,,,,,,,,,,,,,,aa5501099a9999be0000000000e17f,82024
1788459138.141870,29.615614,rx,-1,-0.300000,0.000000,-0.300000,-0.300000,1132,28325,24988,-0.299111,0.000000,1.688707,2.874610,-1.292910,-41,-41,-1.983544,-1.983544,-74,-78,-1,0,,82024
1788459138.142052,29.615800,rx,-1,-0.300000,0.000000,-0.300000,-0.300000,1133,28351,25004,-0.302565,0.037388,1.686629,2.881885,-1.291975,-42,-41,-2.030623,-1.982275,-72,-78,-1,0,,82024
1788459138.142086,29.615836,tx,-1,-0.300000,0.000000,-0.300000,-0.300000,,,,,,,,,,,,,,,,,aa5501099a9999be0000000000e17f,82232
1788459138.158707,29.632456,key,115,-0.300000,0.000000,-0.300000,-0.300000,,,,,,,,,,,,,,,,,aa5501099a9999be0000000000e17f,82232
1788459138.193847,29.667590,rx,-1,-0.300000,0.000000,-0.300000,-0.300000,1134,28376,25000,-0.298968,0.000000,1.684572,2.889070,-1.291975,-41,-41,-1.982592,-1.982592,-74,-78,-1,0,,82232
1788459138.234702,29.708446,rx,-1,-0.300000,0.000000,-0.300000,-0.300000,1135,28401,25012,-0.298824,0.000000,1.682514,2.896255,-1.291975,-41,-41,-1.981641,-1.981641,-74,-79,-1,0,,82232
1788459138.234762,29.708512,tx,-1,-0.300000,0.000000,-0.300000,-0.300000,,,,,,,,,,,,,,,,,aa5501099a9999be0000000000e17f,82376
1788459138.240297,29.714047,key,115,-0.300000,0.000000,-0.300000,-0.300000,,,,,,,,,,,,,,,,,aa5501099a9999be0000000000e17f,82376
1788459138.248450,29.722195,rx,-1,-0.300000,0.000000,-0.300000,-0.300000,1136,28426,25016,-0.295133,-0.037370,1.680486,2.903354,-1.292910,-40,-41,-1.932999,-1.981324,-77,-79,-1,0,,82376
1788459138.248541,29.722290,rx,-1,-0.300000,0.000000,-0.300000,-0.300000,1137,28450,24976,-0.302905,-0.037430,1.678414,2.910630,-1.293844,-41,-42,-1.984497,-2.032900,-74,-76,-1,0,,82376
1788459138.248590,29.722339,rx,-1,-0.300000,0.000000,-0.300000,-0.300000,1138,28476,25020,-0.302372,0.037364,1.676342,2.917907,-1.292910,-42,-41,-2.029325,-1.981007,-72,-78,-1,0,,82376
1788459138.248601,29.722351,tx,-1,-0.300000,0.000000,-0.300000,-0.300000,,,,,,,,,,,,,,,,,aa5501099a9999be0000000000e17f,82528
1788459138.301153,29.774900,rx,-1,-0.300000,0.000000,-0.300000,-0.300000,1139,28500,25012,-0.295180,0.037376,1.674313,2.925005,-1.291975,-41,-40,-1.981641,-1.933308,-74,-81,-1,0,,82528
1788459138.350697,29.824434,rx,-1,-0.300000,0.000000,-0.300000,-0.300000,1140,28526,24972,-0.299303,0.000000,1.672256,2.932191,-1.291975,-41,-41,-1.984815,-1.984815,-74,-79,-1,0,,82528
1788459138.350816,29.824566,tx,-1,-0.300000,0.000000,-0.300000,-0.300000,,,,,,,,,,,,,,,,,aa5501099a9999be0000000000e17f,82672
1788459138.356008,29.829758,key,115,-0.300000,0.000000,-0.300000,-0.300000,,,,,,,,,,,,,,,,,aa5501099a9999be0000000000e17f,82672
1788459138.358458,29.832205,rx,-1,-0.300000,0.000000,-0.300000,-0.300000,1141,28551,25016,-0.302420,-0.037371,1.670177,2.939465,-1.292910,-41,-42,-1.981324,-2.029649,-74,-76,-1,0,,82672
1788459138.358528,29.832277,rx,-1,-0.300000,0.000000,-0.300000,-0.300000,1142,28576,25020,-0.298729,0.000000,1.668127,2.946652,-1.292910,-41,-41,-1.981007,-1.981007,-74,-79,-1,0,,82672
1788459138.358539,29.832290,tx,-1,-0.300000,0.000000,-0.300000,-0.300000,,,,,,,,,,,,,,,,,aa5501099a9999be0000000000e17f,82816
1788459138.408983,29.882732,key,115,-0.300000,0.000000,-0.300000,-0.300000,,,,,,,,,,,,,,,,,aa5501099a9999be0000000000e17f,82816
1788459138.411515,29.885264,rx,-1,-0.300000,0.000000,-0.300000,-0.300000,1143,28601,24956,-0.303147,-0.112381,1.666062,2.953930,-1.295714,-40,-43,-1.937647,-2.082970,-77,-73,-1,0,,82816
1788459138.447674,29.921415,rx,-1,-0.300000,0.000000,-0.300000,-0.300000,1144,28625,25020,-0.302372,-0.037364,1.664010,2.961212,-1.296649,-41,-42,-1.981007,-2.029325,-75,-76,-1,0,,82816
1788459138.447762,29.921512,tx,-1,-0.300000,0.000000,-0.300000,-0.300000,,,,,,,,,,,,,,,,,aa5501099a9999be0000000000e17f,82960
1788459138.466951,29.940695,rx,-1,-0.300000,0.000000,-0.300000,-0.300000,1145,28651,25000,-0.298968,0.074789,1.661980,2.968405,-1.294779,-42,-40,-2.030948,-1.934236,-72,-81,-1,0,,82960
1788459138.467037,29.940786,rx,-1,-0.300000,0.000000,-0.300000,-0.300000,1146,28676,24996,-0.299016,0.000000,1.659943,2.975596,-1.294779,-41,-41,-1.982909,-1.982909,-74,-78,-1,0,,82960
1788459138.467052,29.940802,tx,-1,-0.300000,0.000000,-0.300000,-0.300000,,,,,,,,,,,,,,,,,aa5501099a9999be0000000000e17f,83104
1788459138.489526,29.963275,key,115,-0.300000,0.000000,-0.300000,-0.300000,,,,,,,,,,,,,,,,,aa5501099a9999be0000000000e17f,83104
1788459138.520103,29.993850,rx,-1,-0.300000,0.000000,-0.300000,-0.300000,1147,28701,25016,-0.302420,-0.037371,1.657885,2.982876,-1.295714,-41,-42,-1.981324,-2.029649,-75,-76,-1,0,,83104
1788459138.590135,30.063873,rx,-1,-0.300000,0.000000,-0.300000,-0.300000,1148,28726,24972,-0.299303,0.000000,1.655854,2.990069,-1.295714,-41,-41,-1.984815,-1.984815,-74,-78,-1,0,,83104
1788459138.590201,30.063950,tx,-1,-0.300000,0.000000,-0.300000,-0.300000,,,,,,,,,,,,,,,,,aa5501099a9999be0000000000e17f,83280
1788459138.595987,30.069737,key,115,-0.300000,0.000000,-0.300000,-0.300000,,,,,,,,,,,,,,,,,aa5501099a9999be0000000000e17f,83280
1788459138.598432,30.072178,rx,-1,-0.300000,0.000000,-0.300000,-0.300000,1149,28750,25016,-0.306064,0.000000,1.653775,2.997438,-1.295714,-42,-42,-2.029649,-2.029649,-72,-75,-1,0,,83280
1788459138.598507,30.072256,rx,-1,-0.300000,0.000000,-0.300000,-0.300000,1150,28776,25000,-0.302614,-0.112183,1.651730,3.004722,-1.298519,-40,-43,-1.934236,-2.079304,-77,-73,-1,0,,83280
1788459138.598555,30.072304,rx,-1,-0.300000,0.000000,-0.300000,-0.300000,1151,28801,24988,-0.299111,0.000000,1.649720,3.011920,-1.298519,-41,-41,-1.983544,-1.983544,-75,-77,-1,0,,83280
1788459138.598570,30.072321,tx,-1,-0.300000,0.000000,-0.300000,-0.300000,,,,,,,,,,,,,,,,,aa5501099a9999be0000000000e17f,83528
1788459138.652138,30.125883,rx,-1,-0.300000,0.000000,-0.300000,-0.300000,1152,28826,25032,-0.298586,0.074693,1.647703,3.019117,-1.296649,-42,-40,-2.028352,-1.931763,-72,-80,-1,0,,83528
1788459138.692534,30.166277,rx,-1,-0.300000,0.000000,-0.300000,-0.300000,1153,28851,24960,-0.303099,0.037454,1.645652,3.026399,-1.295714,-42,-41,-2.034203,-1.985769,-72,-78,-1,0,,83528
1788459138.692630,30.166379,rx,-1,-0.300000,0.000000,-0.300000,-0.300000,1154,28875,25016,-0.298777,0.000000,1.643622,3.033592,-1.295714,-41,-41,-1.981324,-1.981324,-74,-78,-1,0,,83528
1788459138.692643,30.166394,tx,-1,-0.300000,0.000000,-0.300000,-0.300000,,,,,,,,,,,,,,,,,aa5501099a9999be0000000000e17f,83680
1788459138.698384,30.172133,key,115,-0.300000,0.000000,-0.300000,-0.300000,,,,,,,,,,,,,,,,,aa5501099a9999be0000000000e17f,83680
1788459138.706390,30.180134,rx,-1,-0.300000,0.000000,-0.300000,-0.300000,1155,28901,25004,-0.298920,0.000000,1.641591,3.040785,-1.295714,-41,-41,-1.982275,-1.982275,-74,-78,-1,0,,83680
1788459138.706480,30.180229,rx,-1,-0.300000,0.000000,-0.300000,-0.300000,1156,28925,25012,-0.298824,0.000000,1.639561,3.047978,-1.295714,-41,-41,-1.981641,-1.981641,-74,-78,-1,0,,83680
1788459138.706493,30.180243,tx,-1,-0.300000,0.000000,-0.300000,-0.300000,,,,,,,,,,,,,,,,,aa5501099a9999be0000000000e17f,83824
1788459138.740161,30.213910,key,115,-0.300000,0.000000,-0.300000,-0.300000,,,,,,,,,,,,,,,,,aa5501099a9999be0000000000e17f,83824
1788459138.759670,30.233413,rx,-1,-0.300000,0.000000,-0.300000,-0.300000,1157,28951,24980,-0.302856,0.037424,1.637503,3.055258,-1.294779,-42,-41,-2.032574,-1.984179,-72,-78,-1,0,,83824
1788459138.800541,30.274285,rx,-1,-0.300000,0.000000,-0.300000,-0.300000,1158,28976,25020,-0.302372,0.037364,1.635438,3.062536,-1.293844,-42,-41,-2.029325,-1.981007,-72,-78,-1,0,,83824
1788459138.800584,30.274334,tx,-1,-0.300000,0.000000,-0.300000,-0.300000,,,,,,,,,,,,,,,,,aa5501099a9999be0000000000e17f,83968
1788459138.813683,30.287426,rx,-1,-0.300000,0.000000,-0.300000,-0.300000,1159,29001,24964,-0.299399,0.000000,1.633394,3.069726,-1.293844,-41,-41,-1.985451,-1.985451,-74,-78,-1,0,,83968
1788459138.813800,30.287549,rx,-1,-0.300000,0.000000,-0.300000,-0.300000,1160,29026,25012,-0.298824,0.000000,1.631351,3.076915,-1.293844,-41,-41,-1.981641,-1.981641,-74,-78,-1,0,,83968
1788459138.813814,30.287564,tx,-1,-0.300000,0.000000,-0.300000,-0.300000,,,,,,,,,,,,,,,,,aa5501099a9999be0000000000e17f,84167
1788459138.830939,30.304684,key,115,-0.300000,0.000000,-0.300000,-0.300000,,,,,,,,,,,,,,,,,aa5501099a9999be0000000000e17f,84167
1788459138.866131,30.339873,rx,-1,-0.300000,0.000000,-0.300000,-0.300000,1161,29050,25000,-0.298968,0.000000,1.629307,3.084104,-1.293844,-41,-41,-1.982592,-1.982592,-74,-78,-1,0,,84167
1788459138.909177,30.382920,rx,-1,-0.300000,0.000000,-0.300000,-0.300000,1162,29076,24988,-0.295464,0.037412,1.627285,3.091205,-1.292910,-41,-40,-1.983544,-1.935165,-74,-81,-1,0,,84167
1788459138.909234,30.382984,tx,-1,-0.300000,0.000000,-0.300000,-0.300000,,,,,,,,,,,,,,,,,aa5501099a9999be0000000000e17f,84311
1788459138.914743,30.388491,key,115,-0.300000,0.000000,-0.300000,-0.300000,,,,,,,,,,,,,,,,,aa5501099a9999be0000000000e17f,84311
1788459138.917164,30.390909,rx,-1,-0.300000,0.000000,-0.300000,-0.300000,1163,29101,25020,-0.298729,-0.074729,1.625241,3.098394,-1.294779,-40,-42,-1.932690,-2.029325,-77,-76,-1,0,,84311
1788459138.917246,30.390995,rx,-1,-0.300000,0.000000,-0.300000,-0.300000,1164,29126,24980,-0.302856,0.037424,1.623176,3.105672,-1.293844,-42,-41,-2.032574,-1.984179,-72,-78,-1,0,,84311
1788459138.917258,30.391008,tx,-1,-0.300000,0.000000,-0.300000,-0.300000,,,,,,,,,,,,,,,,,aa5501099a9999be0000000000e17f,84455
1788459138.970515,30.444261,rx,-1,-0.300000,0.000000,-0.300000,-0.300000,1165,29151,25056,-0.298300,0.000000,1.621132,3.112861,-1.293844,-41,-41,-1.978161,-1.978161,-74,-78,-1,0,,84455
1788459139.006681,30.480423,rx,-1,-0.300000,0.000000,-0.300000,-0.300000,1166,29175,24944,-0.292331,0.000000,1.619139,3.119875,-1.293844,-40,-40,-1.938579,-1.938579,-77,-81,-1,0,,84455
1788459139.006737,30.480487,tx,-1,-0.300000,0.000000,-0.300000,-0.300000,,,,,,,,,,,,,,,,,aa5501099a9999be0000000000e17f,84599
1788459139.012326,30.486075,key,115,-0.300000,0.000000,-0.300000,-0.300000,,,,,,,,,,,,,,,,,aa5501099a9999be0000000000e17f,84599
1788459139.025947,30.499690,rx,-1,-0.300000,0.000000,-0.300000,-0.300000,1167,29201,25040,-0.302130,-0.037335,1.617074,3.127153,-1.294779,-41,-42,-1.979425,-2.027704,-75,-76,-1,0,,84599
1788459139.026026,30.499775,rx,-1,-0.300000,0.000000,-0.300000,-0.300000,1168,29225,24992,-0.299064,0.000000,1.615037,3.134345,-1.294779,-41,-41,-1.983227,-1.983227,-74,-78,-1,0,,84599
1788459139.026041,30.499791,tx,-1,-0.300000,0.000000,-0.300000,-0.300000,,,,,,,,,,,,,,,,,aa5501099a9999be0000000000e17f,84775
1788459139.076929,30.550678,key,115,-0.300000,0.000000,-0.300000,-0.300000,,,,,,,,,,,,,,,,,aa5501099a9999be0000000000e17f,84775
1788459139.079403,30.553149,rx,-1,-0.300000,0.000000,-0.300000,-0.300000,1169,29251,25004,-0.298920,0.000000,1.613000,3.141536,-1.294779,-41,-41,-1.982275,-1.982275,-75,-78,-1,0,,84775
1788459139.119249,30.592993,rx,-1,-0.300000,0.000000,-0.300000,-0.300000,1170,29276,24992,-0.302711,0.037406,1.610934,3.148814,-1.293844,-42,-41,-2.031598,-1.983227,-72,-78,-1,0,,84775
1788459139.119309,30.593059,tx,-1,-0.300000,0.000000,-0.300000,-0.300000,,,,,,,,,,,,,,,,,aa5501099a9999be0000000000e17f,84951
1788459139.132535,30.606281,rx,-1,-0.300000,0.000000,-0.300000,-0.300000,1171,29301,25004,-0.295275,0.037388,1.608912,3.155915,-1.292910,-41,-40,-1.982275,-1.933927,-74,-81,-1,0,,84951
1788459139.132603,30.606352,rx,-1,-0.300000,0.000000,-0.300000,-0.300000,1172,29326,24988,-0.299111,-0.074825,1.606869,3.163104,-1.294779,-40,-42,-1.935165,-2.031923,-77,-76,-1,0,,84951
1788459139.132646,30.606395,rx,-1,-0.300000,0.000000,-0.300000,-0.300000,1173,29350,24992,-0.302711,-0.037406,1.604810,3.170384,-1.295714,-41,-42,-1.983227,-2.031598,-75,-76,-1,0,,84951
1788459139.132655,30.606405,tx,-1,-0.300000,0.000000,-0.300000,-0.300000,,,,,,,,,,,,,,,,,aa5501099a9999be0000000000e17f,85103
1788459139.159915,30.633663,key,115,-0.300000,0.000000,-0.300000,-0.300000,,,,,,,,,,,,,,,,,aa5501099a9999be0000000000e17f,85103
1788459139.184747,30.658493,rx,-1,-0.300000,0.000000,-0.300000,-0.300000,1174,29376,25008,-0.302517,-0.037383,1.602759,3.177665,-1.296649,-41,-42,-1.981958,-2.030298,-75,-76,-1,0,,85103
1788459139.221226,30.694968,rx,-1,-0.300000,0.000000,-0.300000,-0.300000,1175,29401,25016,-0.302420,-0.037371,1.600714,3.184949,-1.297584,-41,-42,-1.981324,-2.029649,-75,-75,-1,0,,85103
1788459139.221281,30.695031,tx,-1,-0.300000,0.000000,-0.300000,-0.300000,,,,,,,,,,,,,,,,,aa5501099a9999be0000000000e17f,85247
1788459139.235099,30.708843,rx,-1,-0.300000,0.000000,-0.300000,-0.300000,1176,29426,24968,-0.306652,0.000000,1.598648,3.192322,-1.297584,-42,-42,-2.033551,-2.033551,-72,-75,-1,0,,85247
1788459139.235180,30.708928,rx,-1,-0.300000,0.000000,-0.300000,-0.300000,1177,29451,25004,-0.302565,-0.037388,1.596610,3.199607,-1.298519,-41,-42,-1.982275,-2.030623,-75,-75,-1,0,,85247
1788459139.235192,30.708942,tx,-1,-0.300000,0.000000,-0.300000,-0.300000,,,,,,,,,,,,,,,,,aa5501099a9999be0000000000e17f,85391
1788459139.240917,30.714666,key,115,-0.300000,0.000000,-0.300000,-0.300000,,,,,,,,,,,,,,,,,aa5501099a9999be0000000000e17f,85391
1788459139.288926,30.762672,rx,-1,-0.300000,0.000000,-0.300000,-0.300000,1178,29475,25000,-0.302614,-0.037394,1.594579,3.206895,-1.299453,-41,-42,-1.982592,-2.030948,-75,-75,-1,0,,85391
1788459139.325263,30.799006,rx,-1,-0.300000,0.000000,-0.300000,-0.300000,1179,29501,25008,-0.302517,0.037383,1.592548,3.214182,-1.298519,-42,-41,-2.030298,-1.981958,-72,-77,-1,0,,85391
1788459139.325314,30.799064,tx,-1,-0.300000,0.000000,-0.300000,-0.300000,,,,,,,,,,,,,,,,,aa5501099a9999be0000000000e17f,85535
1788459139.331117,30.804866,key,115,-0.300000,0.000000,-0.300000,-0.300000,,,,,,,,,,,,,,,,,aa5501099a9999be0000000000e17f,85535
1788459139.338870,30.812615,rx,-1,-0.300000,0.000000,-0.300000,-0.300000,1180,29526,24984,-0.302808,0.037418,1.590510,3.221468,-1.297584,-42,-41,-2.032248,-1.983862,-72,-77,-1,0,,85535
1788459139.338958,30.812707,rx,-1,-0.300000,0.000000,-0.300000,-0.300000,1181,29551,25036,-0.298538,0.000000,1.588494,3.228665,-1.297584,-41,-41,-1.979741,-1.979741,-74,-77,-1,0,,85535
1788459139.338972,30.812721,tx,-1,-0.300000,0.000000,-0.300000,-0.300000,,,,,,,,,,,,,,,,,aa5501099a9999be0000000000e17f,85679
1788459139.391055,30.864802,rx,-1,-0.300000,0.000000,-0.300000,-0.300000,1182,29576,25004,-0.298920,0.000000,1.586477,3.235862,-1.297584,-41,-41,-1.982275,-1.982275,-74,-77,-1,0,,85679
1788459139.431330,30.905067,rx,-1,-0.300000,0.000000,-0.300000,-0.300000,1183,29601,25000,-0.302614,0.037394,1.584432,3.243145,-1.296649,-42,-41,-2.030948,-1.982592,-72,-77,-1,0,,85679
1788459139.431441,30.905190,tx,-1,-0.300000,0.000000,-0.300000,-0.300000,,,,,,,,,,,,,,,,,aa5501099a9999be0000000000e17f,85823
1788459139.437219,30.910967,key,115,-0.300000,0.000000,-0.300000,-0.300000,,,,,,,,,,,,,,,,,aa5501099a9999be0000000000e17f,85823
1788459139.445202,30.918946,rx,-1,-0.300000,0.000000,-0.300000,-0.300000,1184,29626,24988,-0.299111,0.000000,1.582409,3.250340,-1.296649,-41,-41,-1.983544,-1.983544,-74,-77,-1,0,,85823
1788459139.445278,30.919027,rx,-1,-0.300000,0.000000,-0.300000,-0.300000,1185,29650,25024,-0.298681,0.000000,1.580385,3.257535,-1.296649,-41,-41,-1.980691,-1.980691,-74,-78,-1,0,,85823
1788459139.445293,30.919043,tx,-1,-0.300000,0.000000,-0.300000,-0.300000,,,,,,,,,,,,,,,,,aa5501099a9999be0000000000e17f,85967
1788459139.495328,30.969076,key,115,-0.300000,0.000000,-0.300000,-0.300000,,,,,,,,,,,,,,,,,aa5501099a9999be0000000000e17f,85967
1788459139.497817,30.971563,rx,-1,-0.300000,0.000000,-0.300000,-0.300000,1186,29676,24988,-0.302759,0.037412,1.578334,3.264817,-1.295714,-42,-41,-2.031923,-1.983544,-71,-77,-1,0,,85967
1788459139.535585,31.009329,rx,-1,-0.300000,0.000000,-0.300000,-0.300000,1187,29701,24984,-0.295511,0.037418,1.576325,3.271922,-1.294779,-41,-40,-1.983862,-1.935475,-74,-80,-1,0,,85967
1788459139.535633,31.009383,tx,-1,-0.300000,0.000000,-0.300000,-0.300000,,,,,,,,,,,,,,,,,aa5501099a9999be0000000000e17f,86111
1788459139.549377,31.023119,rx,-1,-0.300000,0.000000,-0.300000,-0.300000,1188,29726,24992,-0.302711,0.037406,1.574260,3.279200,-1.293844,-42,-41,-2.031598,-1.983227,-71,-78,-1,0,,86111
1788459139.549468,31.023216,rx,-1,-0.300000,0.000000,-0.300000,-0.300000,1189,29751,24992,-0.299064,0.000000,1.572216,3.286389,-1.293844,-41,-41,-1.983227,-1.983227,-74,-78,-1,0,,86111
1788459139.549482,31.023232,tx,-1,-0.300000,0.000000,-0.300000,-0.300000,,,,,,,,,,,,,,,,,aa5501099a9999be0000000000e17f,86255
1788459139.583720,31.057468,key,115,-0.300000,0.000000,-0.300000,-0.300000,,,,,,,,,,,,,,,,,aa5501099a9999be0000000000e17f,86255
1788459139.603248,31.076993,rx,-1,-0.300000,0.000000,-0.300000,-0.300000,1190,29775,25024,-0.298681,0.000000,1.570172,3.293578,-1.293844,-41,-41,-1.980691,-1.980691,-74,-78,-1,0,,86255
1788459139.641590,31.115334,rx,-1,-0.300000,0.000000,-0.300000,-0.300000,1191,29801,24972,-0.302953,0.037436,1.568100,3.300854,-1.292910,-42,-41,-2.033225,-1.984815,-71,-78,-1,0,,86255
1788459139.641744,31.115494,tx,-1,-0.300000,0.000000,-0.300000,-0.300000,,,,,,,,,,,,,,,,,aa5501099a9999be0000000000e17f,86399
1788459139.655671,31.129412,rx,-1,-0.300000,0.000000,-0.300000,-0.300000,1192,29826,25000,-0.295322,0.037394,1.566072,3.307953,-1.291975,-41,-40,-1.982592,-1.934236,-74,-81,-1,0,,86399
1788459139.655769,31.129517,rx,-1,-0.300000,0.000000,-0.300000,-0.300000,1193,29851,25000,-0.302614,-0.037394,1.563993,3.315228,-1.292910,-41,-42,-1.982592,-2.030948,-74,-75,-1,0,,86399
1788459139.655784,31.129533,tx,-1,-0.300000,0.000000,-0.300000,-0.300000,,,,,,,,,,,,,,,,,aa5501099a9999be0000000000e17f,86543
1788459139.661527,31.135276,key,115,-0.300000,0.000000,-0.300000,-0.300000,,,,,,,,,,,,,,,,,aa5501099a9999be0000000000e17f,86543
1788459139.708695,31.182440,rx,-1,-0.300000,0.000000,-0.300000,-0.300000,1194,29876,25032,-0.298586,0.000000,1.561943,3.322415,-1.292910,-41,-41,-1.980057,-1.980057,-74,-78,-1,0,,86543
1788459139.751280,31.225021,rx,-1,-0.300000,0.000000,-0.300000,-0.300000,1195,29900,24968,-0.295700,-0.037442,1.559921,3.329516,-1.293844,-40,-41,-1.936715,-1.985133,-77,-78,-1,0,,86543
1788459139.751344,31.225094,tx,-1,-0.300000,0.000000,-0.300000,-0.300000,,,,,,,,,,,,,,,,,aa5501099a9999be0000000000e17f,86719
1788459139.757145,31.230891,key,115,-0.300000,0.000000,-0.300000,-0.300000,,,,,,,,,,,,,,,,,aa5501099a9999be0000000000e17f,86719
1788459139.759859,31.233594,rx,-1,-0.300000,0.000000,-0.300000,-0.300000,1196,29926,25036,-0.302179,0.037340,1.557849,3.336792,-1.292910,-42,-41,-2.028028,-1.979741,-71,-78,-1,0,,86719
1788459139.760213,31.233954,rx,-1,-0.300000,0.000000,-0.300000,-0.300000,1197,29950,24968,-0.303002,0.037442,1.555770,3.344066,-1.291975,-42,-41,-2.033551,-1.985133,-71,-78,-1,0,,86719
1788459139.760352,31.234101,tx,-1,-0.300000,0.000000,-0.300000,-0.300000,,,,,,,,,,,,,,,,,aa5501099a9999be0000000000e17f,86863
1788459139.811679,31.285423,rx,-1,-0.300000,0.000000,-0.300000,-0.300000,1198,29976,25040,-0.302130,0.037335,1.553684,3.351338,-1.291040,-42,-41,-2.027704,-1.979425,-71,-78,-1,0,,86863
1788459139.861645,31.335388,rx,-1,-0.300000,0.000000,-0.300000,-0.300000,1199,30001,24992,-0.295416,-0.037406,1.551649,3.358435,-1.291975,-40,-41,-1.934855,-1.983227,-76,-78,-1,0,,86863
1788459139.861720,31.335469,tx,-1,-0.300000,0.000000,-0.300000,-0.300000,,,,,,,,,,,,,,,,,aa5501099a9999be0000000000e17f,87094
1788459139.867427,31.341176,key,115,-0.300000,0.000000,-0.300000,-0.300000,,,,,,,,,,,,,,,,,aa5501099a9999be0000000000e17f,87094
1788459139.869856,31.343600,rx,-1,-0.300000,0.000000,-0.300000,-0.300000,1200,30026,24968,-0.284749,0.149769,1.549680,3.365267,-1.288235,-41,-37,-1.985133,-1.791461,-74,-89,-1,0,,87094
1788459139.869924,31.343671,rx,-1,-0.300000,0.000000,-0.300000,-0.300000,1201,30051,25012,-0.309757,-0.037376,1.547523,3.372708,-1.289170,-42,-43,-2.029974,-2.078306,-71,-74,-1,0,,87094
1788459139.869972,31.343720,rx,-1,-0.300000,0.000000,-0.300000,-0.300000,1202,30075,24996,-0.309955,-0.112201,1.545380,3.380153,-1.291975,-41,-44,-1.982909,-2.128000,-74,-71,-1,0,,87094
1788459139.869982,31.343731,tx,-1,-0.300000,0.000000,-0.300000,-0.300000,,,,,,,,,,,,,,,,,aa5501099a9999be0000000000e17f,87246
1788459139.914919,31.388666,key,115,-0.300000,0.000000,-0.300000,-0.300000,,,,,,,,,,,,,,,,,aa5501099a9999be0000000000e17f,87246
1788459139.922807,31.396552,rx,-1,-0.300000,0.000000,-0.300000,-0.300000,1203,30101,25020,-0.302372,-0.037364,1.543301,3.387428,-1.292910,-41,-42,-1.981007,-2.029325,-74,-75,-1,0,,87246
1788459139.961769,31.435514,rx,-1,-0.300000,0.000000,-0.300000,-0.300000,1204,30126,24964,-0.299399,0.000000,1.541251,3.394615,-1.292910,-41,-41,-1.985451,-1.985451,-74,-78,-1,0,,87246
1788459139.961808,31.435558,tx,-1,-0.300000,0.000000,-0.300000,-0.300000,,,,,,,,,,,,,,,,,aa5501099a9999be0000000000e17f,87390
1788459139.975272,31.449015,rx,-1,-0.300000,0.000000,-0.300000,-0.300000,1205,30151,25024,-0.302324,-0.037358,1.539179,3.401891,-1.293844,-41,-42,-1.980691,-2.029000,-74,-75,-1,0,,87390
1788459139.975349,31.449096,rx,-1,-0.300000,0.000000,-0.300000,-0.300000,1206,30176,24976,-0.302905,-0.037430,1.537114,3.409169,-1.294779,-41,-42,-1.984497,-2.032900,-74,-75,-1,0,,87390
1788459139.975361,31.449110,tx,-1,-0.300000,0.000000,-0.300000,-0.300000,,,,,,,,,,,,,,,,,aa5501099a9999be0000000000e17f,87534
1788459139.997741,31.471489,key,115,-0.300000,0.000000,-0.300000,-0.300000,,,,,,,,,,,,,,,,,aa5501099a9999be0000000000e17f,87534
1788459140.028569,31.502315,rx,-1,-0.300000,0.000000,-0.300000,-0.300000,1207,30200,25008,-0.302517,0.037383,1.535048,3.416447,-1.293844,-42,-41,-2.030298,-1.981958,-71,-77,-1,0,,87534
1788459140.064579,31.538321,rx,-1,-0.300000,0.000000,-0.300000,-0.300000,1208,30226,25008,-0.298872,0.074765,1.532998,3.423634,-1.291975,-42,-40,-2.030298,-1.933617,-71,-80,-1,0,,87534
1788459140.064632,31.538381,tx,-1,-0.300000,0.000000,-0.300000,-0.300000,,,,,,,,,,,,,,,,,aa5501099a9999be0000000000e17f,87678
1788459140.080580,31.554328,key,115,-0.300000,0.000000,-0.300000,-0.300000,,,,,,,,,,,,,,,,,aa5501099a9999be0000000000e17f,87678
1788459140.083044,31.556789,rx,-1,-0.300000,0.000000,-0.300000,-0.300000,1209,30251,24992,-0.295416,-0.037406,1.530969,3.430733,-1.292910,-40,-41,-1.934855,-1.983227,-76,-78,-1,0,,87678
1788459140.083134,31.556880,rx,-1,-0.300000,0.000000,-0.300000,-0.300000,1210,30276,25012,-0.295180,-0.037376,1.528947,3.437834,-1.293844,-40,-41,-1.933308,-1.981641,-77,-78,-1,0,,87678
1788459140.083152,31.556901,tx,-1,-0.300000,0.000000,-0.300000,-0.300000,,,,,,,,,,,,,,,,,aa5501099a9999be0000000000e17f,87822
1788459140.136355,31.610099,rx,-1,-0.300000,0.000000,-0.300000,-0.300000,1211,30301,25048,-0.302034,0.037323,1.526875,3.445110,-1.292910,-42,-41,-2.027056,-1.978793,-71,-78,-1,0,,87822
1788459140.175655,31.649398,rx,-1,-0.300000,0.000000,-0.300000,-0.300000,1212,30326,24960,-0.292143,0.000000,1.524875,3.452122,-1.292910,-40,-40,-1.937336,-1.937336,-76,-80,-1,0,,87822
1788459140.175698,31.649447,tx,-1,-0.300000,0.000000,-0.300000,-0.300000,,,,,,,,,,,,,,,,,aa5501099a9999be0000000000e17f,87966
1788459140.181413,31.655161,key,115,-0.300000,0.000000,-0.300000,-0.300000,,,,,,,,,,,,,,,,,aa5501099a9999be0000000000e17f,87966
1788459140.189486,31.663229,rx,-1,-0.300000,0.000000,-0.300000,-0.300000,1213,30351,24992,-0.299064,0.000000,1.522825,3.459310,-1.292910,-41,-41,-1.983227,-1.983227,-74,-78,-1,0,,87966
1788459140.189562,31.663309,rx,-1,-0.300000,0.000000,-0.300000,-0.300000,1214,30375,25024,-0.298681,0.000000,1.520774,3.466497,-1.292910,-41,-41,-1.980691,-1.980691,-74,-78,-1,0,,87966
1788459140.189577,31.663326,tx,-1,-0.300000,0.000000,-0.300000,-0.300000,,,,,,,,,,,,,,,,,aa5501099a9999be0000000000e17f,88142
1788459140.242725,31.716470,rx,-1,-0.300000,0.000000,-0.300000,-0.300000,1215,30401,24972,-0.302953,0.037436,1.518695,3.473771,-1.291975,-42,-41,-2.033225,-1.984815,-71,-78,-1,0,,88142
1788459140.285263,31.759004,rx,-1,-0.300000,0.000000,-0.300000,-0.300000,1216,30426,24984,-0.299159,0.000000,1.516638,3.480957,-1.291975,-41,-41,-1.983862,-1.983862,-74,-78,-1,0,,88142
1788459140.285319,31.759068,tx,-1,-0.300000,0.000000,-0.300000,-0.300000,,,,,,,,,,,,,,,,,aa5501099a9999be0000000000e17f,88318
1788459140.290753,31.764501,key,115,-0.300000,0.000000,-0.300000,-0.300000,,,,,,,,,,,,,,,,,aa5501099a9999be0000000000e17f,88318
1788459140.292992,31.766735,rx,-1,-0.300000,0.000000,-0.300000,-0.300000,1217,30451,25000,-0.295322,0.037394,1.514603,3.488054,-1.291040,-41,-40,-1.982592,-1.934236,-74,-81,-1,0,,88318
1788459140.293077,31.766824,rx,-1,-0.300000,0.000000,-0.300000,-0.300000,1218,30476,25020,-0.298729,-0.074729,1.512546,3.495239,-1.292910,-40,-42,-1.932690,-2.029325,-77,-76,-1,0,,88318
1788459140.293095,31.766844,tx,-1,-0.300000,0.000000,-0.300000,-0.300000,,,,,,,,,,,,,,,,,aa5501099a9999be0000000000e17f,88462
1788459140.332356,31.806104,key,115,-0.300000,0.000000,-0.300000,-0.300000,,,,,,,,,,,,,,,,,aa5501099a9999be0000000000e17f,88462
1788459140.346209,31.819954,rx,-1,-0.300000,0.000000,-0.300000,-0.300000,1219,30500,24984,-0.302808,0.037418,1.510467,3.502513,-1.291975,-42,-41,-2.032248,-1.983862,-71,-78,-1,0,,88462
1788459140.386866,31.860607,rx,-1,-0.300000,0.000000,-0.300000,-0.300000,1220,30526,25008,-0.295227,0.037382,1.508432,3.509610,-1.291040,-41,-40,-1.981958,-1.933617,-74,-81,-1,0,,88462
1788459140.386962,31.860709,rx,-1,-0.300000,0.000000,-0.300000,-0.300000,1221,30551,25012,-0.298824,0.000000,1.506368,3.516794,-1.291040,-41,-41,-1.981641,-1.981641,-74,-79,-1,0,,88462
1788459140.386981,31.860729,tx,-1,-0.300000,0.000000,-0.300000,-0.300000,,,,,,,,,,,,,,,,,aa5501099a9999be0000000000e17f,88614
1788459140.400812,31.874556,rx,-1,-0.300000,0.000000,-0.300000,-0.300000,1222,30576,24980,-0.306505,0.000000,1.504254,3.524153,-1.291040,-42,-42,-2.032574,-2.032574,-71,-76,-1,0,,88614
1788459140.400883,31.874630,rx,-1,-0.300000,0.000000,-0.300000,-0.300000,1223,30601,25020,-0.295086,-0.037364,1.502219,3.531250,-1.291975,-40,-41,-1.932690,-1.981007,-77,-78,-1,0,,88614
1788459140.400895,31.874643,tx,-1,-0.300000,0.000000,-0.300000,-0.300000,,,,,,,,,,,,,,,,,aa5501099a9999be0000000000e17f,88758
1788459140.417979,31.891726,key,115,-0.300000,0.000000,-0.300000,-0.300000,,,,,,,,,,,,,,,,,aa5501099a9999be0000000000e17f,88758
1788459140.454465,31.928210,rx,-1,-0.300000,0.000000,-0.300000,-0.300000,1224,30626,24996,-0.295369,0.037400,1.500184,3.538347,-1.291040,-41,-40,-1.982909,-1.934546,-74,-81,-1,0,,88758
1788459140.492826,31.966567,rx,-1,-0.300000,0.000000,-0.300000,-0.300000,1225,30651,24996,-0.299016,0.000000,1.498120,3.545530,-1.291040,-41,-41,-1.982909,-1.982909,-74,-79,-1,0,,88758
1788459140.492882,31.966631,tx,-1,-0.300000,0.000000,-0.300000,-0.300000,,,,,,,,,,,,,,,,,aa5501099a9999be0000000000e17f,88902
1788459140.498619,31.972367,key,115,-0.300000,0.000000,-0.300000,-0.300000,,,,,,,,,,,,,,,,,aa5501099a9999be0000000000e17f,88902
1788459140.506764,31.980506,rx,-1,-0.300000,0.000000,-0.300000,-0.300000,1226,30675,24984,-0.306456,0.000000,1.496006,3.552889,-1.291040,-42,-42,-2.032248,-2.032248,-71,-76,-1,0,,88902
1788459140.506843,31.980590,rx,-1,-0.300000,0.000000,-0.300000,-0.300000,1227,30701,25016,-0.298777,0.000000,1.493942,3.560072,-1.291040,-41,-41,-1.981324,-1.981324,-74,-79,-1,0,,88902
1788459140.506855,31.980604,tx,-1,-0.300000,0.000000,-0.300000,-0.300000,,,,,,,,,,,,,,,,,aa5501099a9999be0000000000e17f,89046
1788459140.559155,32.032900,rx,-1,-0.300000,0.000000,-0.300000,-0.300000,1228,30726,25012,-0.295180,0.037376,1.491900,3.567168,-1.290105,-41,-40,-1.981641,-1.933308,-74,-81,-1,0,,89046
1788459140.603329,32.077071,rx,-1,-0.300000,0.000000,-0.300000,-0.300000,1229,30751,24992,-0.302711,-0.037406,1.489808,3.574438,-1.291040,-41,-42,-1.983227,-2.031598,-74,-76,-1,0,,89046
1788459140.603390,32.077138,tx,-1,-0.300000,0.000000,-0.300000,-0.300000,,,,,,,,,,,,,,,,,aa5501099a9999be0000000000e17f,89190
1788459140.609143,32.082890,key,115,-0.300000,0.000000,-0.300000,-0.300000,,,,,,,,,,,,,,,,,aa5501099a9999be0000000000e17f,89190
1788459140.611594,32.085336,rx,-1,-0.300000,0.000000,-0.300000,-0.300000,1230,30776,25012,-0.306113,0.000000,1.487693,3.581797,-1.291040,-42,-42,-2.029974,-2.029974,-71,-76,-1,0,,89190
1788459140.611676,32.085423,rx,-1,-0.300000,0.000000,-0.300000,-0.300000,1231,30800,24988,-0.302759,-0.037412,1.485608,3.589069,-1.291975,-41,-42,-1.983544,-2.031923,-74,-76,-1,0,,89190
1788459140.611689,32.085438,tx,-1,-0.300000,0.000000,-0.300000,-0.300000,,,,,,,,,,,,,,,,,aa5501099a9999be0000000000e17f,89334
1788459140.665306,32.139049,rx,-1,-0.300000,0.000000,-0.300000,-0.300000,1232,30826,24996,-0.299016,-0.074800,1.483557,3.596256,-1.293844,-40,-42,-1.934546,-2.031273,-77,-76,-1,0,,89334
1788459140.703179,32.176920,rx,-1,-0.300000,0.000000,-0.300000,-0.300000,1233,30851,24992,-0.306358,0.000000,1.481464,3.603621,-1.293844,-42,-42,-2.031598,-2.031598,-71,-75,-1,0,,89334
1788459140.703235,32.176983,tx,-1,-0.300000,0.000000,-0.300000,-0.300000,,,,,,,,,,,,,,,,,aa5501099a9999be0000000000e17f,89478
1788459140.708850,32.182598,key,115,-0.300000,0.000000,-0.300000,-0.300000,,,,,,,,,,,,,,,,,aa5501099a9999be0000000000e17f,89478
1788459140.717097,32.190840,rx,-1,-0.300000,0.000000,-0.300000,-0.300000,1234,30876,25000,-0.302614,-0.037394,1.479399,3.610899,-1.294779,-41,-42,-1.982592,-2.030948,-74,-75,-1,0,,89478
1788459140.717181,32.190928,rx,-1,-0.300000,0.000000,-0.300000,-0.300000,1235,30901,25000,-0.302614,-0.037394,1.477340,3.618179,-1.295714,-41,-42,-1.982592,-2.030948,-74,-75,-1,0,,89478
1788459140.717194,32.190942,tx,-1,-0.300000,0.000000,-0.300000,-0.300000,,,,,,,,,,,,,,,,,aa5501099a9999be0000000000e17f,89622
1788459140.751345,32.225091,key,115,-0.300000,0.000000,-0.300000,-0.300000,,,,,,,,,,,,,,,,,aa5501099a9999be0000000000e17f,89622
1788459140.771020,32.244764,rx,-1,-0.300000,0.000000,-0.300000,-0.300000,1236,30925,25020,-0.306015,0.000000,1.475261,3.625547,-1.295714,-42,-42,-2.029325,-2.029325,-71,-75,-1,0,,89622
1788459140.810277,32.284019,rx,-1,-0.300000,0.000000,-0.300000,-0.300000,1237,30951,25000,-0.291676,0.000000,1.473280,3.632565,-1.295714,-40,-40,-1.934236,-1.934236,-77,-80,-1,0,,89622
1788459140.810328,32.284077,tx,-1,-0.300000,0.000000,-0.300000,-0.300000,,,,,,,,,,,,,,,,,aa5501099a9999be0000000000e17f,89798
1788459140.823958,32.297698,rx,-1,-0.300000,0.000000,-0.300000,-0.300000,1238,30976,25016,-0.298777,0.000000,1.471250,3.639758,-1.295714,-41,-41,-1.981324,-1.981324,-74,-78,-1,0,,89798
1788459140.824045,32.297791,rx,-1,-0.300000,0.000000,-0.300000,-0.300000,1239,31001,24968,-0.299351,0.000000,1.469220,3.646951,-1.295714,-41,-41,-1.985133,-1.985133,-74,-77,-1,0,,89798
1788459140.824090,32.297839,tx,-1,-0.300000,0.000000,-0.300000,-0.300000,,,,,,,,,,,,,,,,,aa5501099a9999be0000000000e17f,90029
1788459140.835163,32.308909,key,115,-0.300000,0.000000,-0.300000,-0.300000,,,,,,,,,,,,,,,,,aa5501099a9999be0000000000e17f,90029
1788459140.877299,32.351041,rx,-1,-0.300000,0.000000,-0.300000,-0.300000,1240,31026,25052,-0.287432,0.186584,1.467248,3.653877,-1.291040,-42,-37,-2.026732,-1.785455,-72,-88,-1,0,,90029
1788459140.918972,32.392714,rx,-1,-0.300000,0.000000,-0.300000,-0.300000,1241,31051,24964,-0.303050,-0.037448,1.465162,3.661149,-1.291975,-41,-42,-1.985451,-2.033877,-74,-76,-1,0,,90029
1788459140.919058,32.392805,rx,-1,-0.300000,0.000000,-0.300000,-0.300000,1242,31076,24996,-0.306309,-0.074801,1.463062,3.668512,-1.293844,-41,-43,-1.982909,-2.079637,-74,-73,-1,0,,90029
1788459140.919071,32.392819,tx,-1,-0.300000,0.000000,-0.300000,-0.300000,,,,,,,,,,,,,,,,,aa5501099a9999be0000000000e17f,90181
1788459140.924801,32.398548,key,115,-0.300000,0.000000,-0.300000,-0.300000,,,,,,,,,,,,,,,,,aa5501099a9999be0000000000e17f,90181
1788459140.932980,32.406724,rx,-1,-0.300000,0.000000,-0.300000,-0.300000,1243,31100,25024,-0.298681,0.000000,1.461018,3.675701,-1.293844,-41,-41,-1.980691,-1.980691,-74,-78,-1,0,,90181
1788459140.933053,32.406800,rx,-1,-0.300000,0.000000,-0.300000,-0.300000,1244,31126,24988,-0.299111,0.000000,1.458975,3.682890,-1.293844,-41,-41,-1.983544,-1.983544,-74,-78,-1,0,,90181
1788459140.933065,32.406813,tx,-1,-0.300000,0.000000,-0.300000,-0.300000,,,,,,,,,,,,,,,,,aa5501099a9999be0000000000e17f,90325
1788459140.986621,32.460365,rx,-1,-0.300000,0.000000,-0.300000,-0.300000,1245,31151,25008,-0.298872,0.074765,1.456924,3.690078,-1.291975,-42,-40,-2.030298,-1.933617,-71,-81,-1,0,,90325
1788459141.026795,32.500536,rx,-1,-0.300000,0.000000,-0.300000,-0.300000,1246,31176,24992,-0.302711,-0.037406,1.454845,3.697352,-1.292909,-41,-42,-1.983227,-2.031598,-74,-76,-1,0,,90325
1788459141.026850,32.500598,tx,-1,-0.300000,0.000000,-0.300000,-0.300000,,,,,,,,,,,,,,,,,aa5501099a9999be0000000000e17f,90469
1788459141.032604,32.506351,key,115,-0.300000,0.000000,-0.300000,-0.300000,,,,,,,,,,,,,,,,,aa5501099a9999be0000000000e17f,90469
1788459141.040809,32.514548,rx,-1,-0.300000,0.000000,-0.300000,-0.300000,1247,31201,24968,-0.295700,-0.037442,1.452823,3.704453,-1.293844,-40,-41,-1.936715,-1.985133,-77,-78,-1,0,,90469
1788459141.040908,32.514654,rx,-1,-0.300000,0.000000,-0.300000,-0.300000,1248,31225,25032,-0.294944,0.037347,1.450801,3.711554,-1.292909,-41,-40,-1.980057,-1.931763,-74,-81,-1,0,,90469
1788459141.040925,32.514673,tx,-1,-0.300000,0.000000,-0.300000,-0.300000,,,,,,,,,,,,,,,,,aa5501099a9999be0000000000e17f,90613
1788459141.086456,32.560203,key,115,-0.300000,0.000000,-0.300000,-0.300000,,,,,,,,,,,,,,,,,aa5501099a9999be0000000000e17f,90613
1788459141.094574,32.568317,rx,-1,-0.300000,0.000000,-0.300000,-0.300000,1249,31251,25008,-0.306162,0.074765,1.448694,3.718914,-1.291040,-43,-41,-2.078639,-1.981958,-69,-78,-1,0,,90613
1788459141.134537,32.608278,rx,-1,-0.300000,0.000000,-0.300000,-0.300000,1250,31276,25000,-0.302614,-0.037394,1.446609,3.726187,-1.291975,-41,-42,-1.982592,-2.030948,-74,-76,-1,0,,90613
1788459141.134592,32.608340,tx,-1,-0.300000,0.000000,-0.300000,-0.300000,,,,,,,,,,,,,,,,,aa5501099a9999be0000000000e17f,90757
1788459141.146023,32.619769,key,97,0.000000,1.200000,-0.117000,0.117000,,,,,,,,,,,,,,,,,aa550109000000009a99993f00878f,90757
1788459141.148460,32.622204,rx,-1,0.000000,1.200000,-0.117000,0.117000,1251,31301,25008,-0.291583,0.000000,1.444602,3.733197,-1.291975,-40,-40,-1.933617,-1.933617,-77,-81,-1,0,,90757
1788459141.148523,32.622270,rx,-1,0.000000,1.200000,-0.117000,0.117000,1252,31326,24984,-0.299159,0.000000,1.442545,3.740382,-1.291975,-41,-41,-1.983862,-1.983862,-74,-78,-1,0,,90757
1788459141.148538,32.622286,tx,-1,0.000000,1.200000,-0.117000,0.117000,,,,,,,,,,,,,,,,,aa550109000000009a99993f00878f,90933
1788459141.202171,32.675913,rx,-1,0.000000,1.200000,-0.117000,0.117000,1253,31351,24972,-0.302953,-0.037436,1.440466,3.747656,-1.292909,-41,-42,-1.984815,-2.033225,-74,-76,-1,0,,90933
1788459141.236839,32.710582,rx,-1,0.000000,1.200000,-0.117000,0.117000,1254,31376,24996,-0.302662,0.037400,1.438387,3.754930,-1.291975,-42,-41,-2.031273,-1.982909,27,177,-1,0,,90933
1788459141.236889,32.710637,tx,-1,0.000000,1.200000,-0.117000,0.117000,,,,,,,,,,,,,,,,,aa550109000000009a99993f00878f,91109
1788459141.256318,32.730061,rx,-1,0.000000,1.200000,-0.117000,0.117000,1255,31400,25020,-0.145721,0.523102,1.437361,3.758429,-1.278887,-27,-13,-1.304566,-0.628124,-9,114,-1,0,,91109
1788459141.256386,32.730132,rx,-1,0.000000,1.200000,-0.117000,0.117000,1256,31426,24976,0.051092,1.422351,1.437750,3.757214,-1.243362,-12,26,-0.580828,1.258462,-49,17,-1,0,,91109
1788459141.256434,32.730181,rx,-1,0.000000,1.200000,-0.117000,0.117000,1257,31451,25036,0.054611,1.530964,1.438214,3.755928,-1.205033,-13,28,-0.627723,1.352018,-47,10,-1,0,,91109
1788459141.256444,32.730192,tx,-1,0.000000,1.200000,-0.117000,0.117000,,,,,,,,,,,,,,,,,aa550109000000009a99993f00878f,91261
1788459141.309510,32.783254,rx,-1,0.000000,1.200000,-0.117000,0.117000,1258,31476,24992,-0.014588,1.271815,1.438078,3.756266,-1.173247,-19,15,-0.919056,0.725571,-31,41,-1,0,,91261
1788459141.354386,32.828128,rx,-1,0.000000,1.200000,-0.117000,0.117000,1259,31501,24984,-0.025538,1.234804,1.437822,3.756850,-1.142397,-20,13,-0.967737,0.629029,-27,47,-1,0,,91261
1788459141.354502,32.828250,tx,-1,0.000000,1.200000,-0.117000,0.117000,,,,,,,,,,,,,,,,,aa550109000000009a99993f00878f,91405
1788459141.362719,32.836461,rx,-1,0.000000,1.200000,-0.117000,0.117000,1260,31525,25024,-0.003642,1.232830,1.437783,3.756932,-1.111547,-17,16,-0.821262,0.772952,-35,40,-1,0,,91405
1788459141.362799,32.836545,rx,-1,0.000000,1.200000,-0.117000,0.117000,1261,31551,24964,0.018256,1.086000,1.437991,3.756527,-1.084436,-12,17,-0.581108,0.823236,-49,37,-1,0,,91405
1788459141.362810,32.836558,tx,-1,0.000000,1.200000,-0.117000,0.117000,,,,,,,,,,,,,,,,,aa550109000000009a99993f00878f,91549
1788459141.416327,32.890071,rx,-1,0.000000,1.200000,-0.117000,0.117000,1262,31576,25004,0.003645,1.159040,1.438034,3.756447,-1.055455,-15,16,-0.725223,0.773571,-41,39,-1,0,,91549
1788459141.451686,32.925428,rx,-1,0.000000,1.200000,-0.117000,0.117000,1263,31601,25020,-0.003643,1.233027,1.437988,3.756526,-1.024605,-17,16,-0.821393,0.773076,-36,40,-1,0,,91549
1788459141.451725,32.925473,tx,-1,0.000000,1.200000,-0.117000,0.117000,,,,,,,,,,,,,,,,,aa550109000000009a99993f00878f,91693
1788459141.471210,32.944954,rx,-1,0.000000,1.200000,-0.117000,0.117000,1264,31626,24996,-0.010940,1.234211,1.437842,3.756757,-0.993755,-18,15,-0.870546,0.725455,-33,42,-1,0,,91693
1788459141.471291,32.945038,rx,-1,0.000000,1.200000,-0.117000,0.117000,1265,31651,25016,-0.025505,1.158484,1.437487,3.757287,-0.964774,-19,12,-0.918175,0.579900,-30,50,-1,0,,91693
1788459141.471301,32.945049,tx,-1,0.000000,1.200000,-0.117000,0.117000,,,,,,,,,,,,,,,,,aa550109000000009a99993f00878f,91837
1788459141.524364,32.998108,rx,-1,0.000000,1.200000,-0.117000,0.117000,1266,31676,24972,-0.003650,1.010780,1.437434,3.757361,-0.939533,-14,13,-0.677742,0.629332,-43,48,-1,0,,91837
1788459141.565063,33.038802,rx,-1,0.000000,1.200000,-0.117000,0.117000,1267,31700,25036,-0.007281,1.269580,1.437324,3.757506,-0.907748,-18,16,-0.869155,0.772582,-32,41,-1,0,,91837
1788459141.565115,33.038862,tx,-1,0.000000,1.200000,-0.117000,0.117000,,,,,,,,,,,,,,,,,aa550109000000009a99993f00878f,91981
1788459141.578219,33.051959,rx,-1,0.000000,1.200000,-0.117000,0.117000,1268,31726,24964,0.003651,1.160897,1.437381,3.757435,-0.878767,-15,16,-0.726385,0.774810,-40,41,-1,0,,91981
1788459141.578290,33.052036,rx,-1,0.000000,1.200000,-0.117000,0.117000,1269,31751,25032,0.000000,1.120396,1.437381,3.757435,-0.850721,-15,15,-0.724411,0.724411,-41,44,-1,0,,91981
1788459141.578305,33.052053,tx,-1,0.000000,1.200000,-0.117000,0.117000,,,,,,,,,,,,,,,,,aa550109000000009a99993f00878f,92157
1788459141.630080,33.103822,rx,-1,0.000000,1.200000,-0.117000,0.117000,1270,31776,24996,0.000000,1.421213,1.437381,3.757435,-0.815197,-19,19,-0.918909,0.918909,-29,33,-1,0,,92157
1788459141.700713,33.174447,rx,-1,0.000000,1.200000,-0.117000,0.117000,1271,31801,24976,0.010948,1.160339,1.437571,3.757239,-0.786216,-14,17,-0.677633,0.822840,-43,38,-1,0,,92157
1788459141.700807,33.174554,tx,-1,0.000000,1.200000,-0.117000,0.117000,,,,,,,,,,,,,,,,,aa550109000000009a99993f00878f,92301
1788459141.706288,33.180034,key,97,0.000000,1.200000,-0.117000,0.117000,,,,,,,,,,,,,,,,,aa550109000000009a99993f00878f,92301
1788459141.708758,33.182499,rx,-1,0.000000,1.200000,-0.117000,0.117000,1272,31825,25036,-0.007281,1.045536,1.437441,3.757366,-0.760040,-15,13,-0.724296,0.627723,-41,49,-1,0,,92301
1788459141.708848,33.182593,rx,-1,0.000000,1.200000,-0.117000,0.117000,1273,31851,24960,-0.014607,1.348354,1.437172,3.757613,-0.726385,-20,16,-0.968668,0.774934,-27,41,-1,0,,92301
1788459141.708901,33.182647,rx,-1,0.000000,1.200000,-0.117000,0.117000,1274,31876,25016,0.000000,1.121113,1.437172,3.757613,-0.698339,-15,15,-0.724875,0.724875,-40,44,-1,0,,92301
1788459141.708917,33.182664,tx,-1,0.000000,1.200000,-0.117000,0.117000,,,,,,,,,,,,,,,,,aa550109000000009a99993f00878f,92549
1788459141.720358,33.194104,key,97,0.000000,1.200000,-0.117000,0.117000,,,,,,,,,,,,,,,,,aa550109000000009a99993f00878f,92549
1788459141.761757,33.235500,rx,-1,0.000000,1.200000,-0.117000,0.117000,1275,31901,24992,0.007294,1.047377,1.437314,3.757498,-0.672163,-13,15,-0.628828,0.725571,-46,44,-1,0,,92549
1788459141.800428,33.274168,rx,-1,0.000000,1.200000,-0.117000,0.117000,1276,31926,25012,-0.003644,1.233422,1.437241,3.757553,-0.641313,-17,16,-0.821656,0.773323,-35,42,-1,0,,92549
1788459141.800509,33.274254,rx,-1,0.000000,1.200000,-0.117000,0.117000,1277,31950,24984,-0.014593,1.347059,1.436946,3.757766,-0.607658,-20,16,-0.967737,0.774190,-27,42,-1,0,,92549
1788459141.800520,33.274267,tx,-1,0.000000,1.200000,-0.117000,0.117000,,,,,,,,,,,,,,,,,aa550109000000009a99993f00878f,92701
1788459141.806285,33.280031,key,97,0.000000,1.200000,-0.117000,0.117000,,,,,,,,,,,,,,,,,aa550109000000009a99993f00878f,92701
1788459141.814406,33.288147,rx,-1,0.000000,1.200000,-0.117000,0.117000,1278,31976,24988,0.003648,1.159782,1.437021,3.757715,-0.578677,-15,16,-0.725687,0.774066,-40,42,-1,0,,92701
1788459141.814483,33.288229,rx,-1,0.000000,1.200000,-0.117000,0.117000,1279,32001,25012,-0.003644,1.233422,1.436944,3.757764,-0.547827,-17,16,-0.821656,0.773323,-34,42,-1,0,,92701
1788459141.814497,33.288244,tx,-1,0.000000,1.200000,-0.117000,0.117000,,,,,,,,,,,,,,,,,aa550109000000009a99993f00878f,92869
1788459141.866558,33.340301,rx,-1,0.000000,1.200000,-0.117000,0.117000,1280,32026,25028,0.007284,1.120576,1.437101,3.757671,-0.519781,-14,16,-0.676225,0.772829,-43,42,-1,0,,92869
1788459141.901982,33.375724,rx,-1,0.000000,1.200000,-0.117000,0.117000,1281,32051,24980,0.003649,1.235002,1.437181,3.757627,-0.488931,-16,17,-0.774314,0.822709,-37,39,-1,0,,92869
1788459141.902030,33.375777,tx,-1,0.000000,1.200000,-0.117000,0.117000,,,,,,,,,,,,,,,,,aa550109000000009a99993f00878f,93044
1788459141.907764,33.381510,key,97,0.000000,1.200000,-0.117000,0.117000,,,,,,,,,,,,,,,,,aa550109000000009a99993f00878f,93044
1788459141.921386,33.395130,rx,-1,0.000000,1.200000,-0.117000,0.117000,1282,32076,25004,-0.010936,1.308593,1.436937,3.757751,-0.456211,-19,16,-0.918615,0.773571,-29,42,-1,0,,93044
1788459141.921461,33.395207,rx,-1,0.000000,1.200000,-0.117000,0.117000,1283,32101,24980,0.014595,1.272426,1.437267,3.757596,-0.424426,-15,19,-0.725919,0.919498,-40,34,-1,0,,93044
1788459141.921470,33.395217,tx,-1,0.000000,1.200000,-0.117000,0.117000,,,,,,,,,,,,,,,,,aa550109000000009a99993f00878f,93188
1788459141.966964,33.440711,key,97,0.000000,1.200000,-0.117000,0.117000,,,,,,,,,,,,,,,,,aa550109000000009a99993f00878f,93188
1788459141.975156,33.448900,rx,-1,0.000000,1.200000,-0.117000,0.117000,1284,32125,25000,-0.007292,1.271408,1.437100,3.757668,-0.392640,-18,16,-0.870406,0.773694,-31,41,-1,0,,93188
1788459142.014900,33.488642,rx,-1,0.000000,1.200000,-0.117000,0.117000,1285,32151,24996,0.000000,1.346412,1.437100,3.757668,-0.358986,-18,18,-0.870546,0.870546,-31,36,-1,0,,93188
1788459142.014948,33.488695,tx,-1,0.000000,1.200000,-0.117000,0.117000,,,,,,,,,,,,,,,,,aa550109000000009a99993f00878f,93332
1788459142.028575,33.502316,rx,-1,0.000000,1.200000,-0.117000,0.117000,1286,32176,25000,0.007292,1.047042,1.437271,3.757607,-0.332809,-13,15,-0.628627,0.725339,-45,43,-1,0,,93332
1788459142.028656,33.502401,rx,-1,0.000000,1.200000,-0.117000,0.117000,1287,32201,25016,-0.010931,1.233224,1.437012,3.757692,-0.301959,-18,15,-0.869850,0.724875,-31,43,-1,0,,93332
1788459142.028668,33.502415,tx,-1,0.000000,1.200000,-0.117000,0.117000,,,,,,,,,,,,,,,,,aa550109000000009a99993f00878f,93476
1788459142.051092,33.524837,key,97,0.000000,1.200000,-0.117000,0.117000,,,,,,,,,,,,,,,,,aa550109000000009a99993f00878f,93476
1788459142.081894,33.555637,rx,-1,0.000000,1.200000,-0.117000,0.117000,1288,32226,25028,-0.010926,1.307338,1.436749,3.757769,-0.269239,-19,16,-0.917734,0.772829,-28,41,-1,0,,93476
1788459142.120138,33.593879,rx,-1,0.000000,1.200000,-0.117000,0.117000,1289,32250,24984,-0.003648,1.234804,1.436661,3.757792,-0.238389,-17,16,-0.822577,0.774190,-33,41,-1,0,,93476
1788459142.120187,33.593934,tx,-1,0.000000,1.200000,-0.117000,0.117000,,,,,,,,,,,,,,,,,aa550109000000009a99993f00878f,93620
1788459142.133590,33.607328,rx,-1,0.000000,1.200000,-0.117000,0.117000,1290,32276,25016,0.003644,1.233224,1.436750,3.757772,-0.207538,-16,17,-0.773200,0.821525,-36,38,-1,0,,93620
1788459142.133683,33.607428,rx,-1,0.000000,1.200000,-0.117000,0.117000,1291,32301,24996,0.007293,1.047210,1.436929,3.757736,-0.181362,-13,15,-0.628727,0.725455,-44,43,-1,0,,93620
1788459142.133696,33.607443,tx,-1,0.000000,1.200000,-0.117000,0.117000,,,,,,,,,,,,,,,,,aa550109000000009a99993f00878f,93764
1788459142.139420,33.613167,key,97,0.000000,1.200000,-0.117000,0.117000,,,,,,,,,,,,,,,,,aa550109000000009a99993f00878f,93764
1788459142.187249,33.660992,rx,-1,0.000000,1.200000,-0.117000,0.117000,1292,32326,24980,-0.007298,1.272426,1.436749,3.757766,-0.149577,-18,16,-0.871103,0.774314,-31,41,-1,0,,93764
1788459142.223929,33.697670,rx,-1,0.000000,1.200000,-0.117000,0.117000,1293,32351,25024,0.010927,1.158113,1.437020,3.757730,-0.120597,-14,17,-0.676333,0.821262,-42,38,-1,0,,93764
1788459142.223980,33.697727,tx,-1,0.000000,1.200000,-0.117000,0.117000,,,,,,,,,,,,,,,,,aa550109000000009a99993f00878f,93940
1788459142.229713,33.703459,key,97,0.000000,1.200000,-0.117000,0.117000,,,,,,,,,,,,,,,,,aa550109000000009a99993f00878f,93940
1788459142.237843,33.711585,rx,-1,0.000000,1.200000,-0.117000,0.117000,1294,32375,24956,0.007305,1.198729,1.437201,3.757710,-0.090681,-15,17,-0.726617,0.823500,-39,38,-1,0,,93940
1788459142.237914,33.711660,rx,-1,0.000000,1.200000,-0.117000,0.117000,1295,32401,25028,0.000000,1.419396,1.437201,3.757710,-0.055156,-19,19,-0.917734,0.917734,-28,33,-1,0,,93940
1788459142.237953,33.711699,tx,-1,0.000000,1.200000,-0.117000,0.117000,,,,,,,,,,,,,,,,,aa550109000000009a99993f00878f,94084
1788459142.291575,33.765318,rx,-1,0.000000,1.200000,-0.117000,0.117000,1296,32425,25008,0.003645,1.084089,1.437292,3.757707,-0.028045,-14,15,-0.676766,0.725106,-42,43,-1,0,,94084
1788459142.336908,33.810648,rx,-1,0.000000,1.200000,-0.117000,0.117000,1297,32451,24980,0.014595,1.197577,1.437657,3.757702,0.001870,-14,18,-0.677525,0.871103,-42,35,-1,0,,94084
1788459142.336962,33.810708,tx,-1,0.000000,1.200000,-0.117000,0.117000,,,,,,,,,,,,,,,,,aa550109000000009a99993f00878f,94260
1788459142.342674,33.816420,key,97,0.000000,1.200000,-0.117000,0.117000,,,,,,,,,,,,,,,,,aa550109000000009a99993f00878f,94260
1788459142.345091,33.818833,rx,-1,0.000000,1.200000,-0.117000,0.117000,1298,32476,25012,-0.003644,1.158669,1.437566,3.757700,0.030851,-16,15,-0.773323,0.724991,-37,42,-1,0,,94260
1788459142.345163,33.818909,rx,-1,0.000000,1.200000,-0.117000,0.117000,1299,32501,24972,-0.007300,1.197961,1.437384,3.757692,0.060766,-17,15,-0.822972,0.726152,-34,43,-1,0,,94260
1788459142.345211,33.818957,rx,-1,0.000000,1.200000,-0.117000,0.117000,1300,32526,25024,0.000000,1.195472,1.437384,3.757692,0.090682,-16,16,-0.772952,0.772952,-37,40,-1,0,,94260
1788459142.345220,33.818967,tx,-1,0.000000,1.200000,-0.117000,0.117000,,,,,,,,,,,,,,,,,aa550109000000009a99993f00878f,94412
1788459142.389698,33.863443,key,97,0.000000,1.200000,-0.117000,0.117000,,,,,,,,,,,,,,,,,aa550109000000009a99993f00878f,94412
1788459142.397177,33.870917,rx,-1,0.000000,1.200000,-0.117000,0.117000,1301,32550,24980,-0.010947,1.309850,1.437112,3.757663,0.123402,-19,16,-0.919498,0.774314,-28,40,-1,0,,94412
1788459142.437746,33.911486,rx,-1,0.000000,1.200000,-0.117000,0.117000,1302,32576,25012,0.003644,1.158669,1.437202,3.757675,0.152382,-15,16,-0.724991,0.773323,-39,40,-1,0,,94412
1788459142.437798,33.911545,tx,-1,0.000000,1.200000,-0.117000,0.117000,,,,,,,,,,,,,,,,,aa550109000000009a99993f00878f,94556
1788459142.451760,33.925500,rx,-1,0.000000,1.200000,-0.117000,0.117000,1303,32601,25000,-0.007292,1.271408,1.437022,3.757645,0.184167,-18,16,-0.870406,0.773694,-31,40,-1,0,,94556
1788459142.451842,33.925587,rx,-1,0.000000,1.200000,-0.117000,0.117000,1304,32626,24992,-0.007294,1.271815,1.436844,3.757609,0.215953,-18,16,-0.870685,0.773942,-30,40,-1,0,,94556
1788459142.451853,33.925600,tx,-1,0.000000,1.200000,-0.117000,0.117000,,,,,,,,,,,,,,,,,aa550109000000009a99993f00878f,94700
1788459142.473975,33.947720,key,97,0.000000,1.200000,-0.117000,0.117000,,,,,,,,,,,,,,,,,aa550109000000009a99993f00878f,94700
1788459142.504292,33.978035,rx,-1,0.000000,1.200000,-0.117000,0.117000,1305,32651,25016,-0.003644,1.233224,1.436755,3.757588,0.246803,-17,16,-0.821525,0.773200,-33,40,-1,0,,94700
1788459142.544685,34.018425,rx,-1,0.000000,1.200000,-0.117000,0.117000,1306,32675,24976,0.000000,1.197769,1.436755,3.757588,0.276718,-16,16,-0.774438,0.774438,-35,40,-1,0,,94700
1788459142.544730,34.018476,tx,-1,0.000000,1.200000,-0.117000,0.117000,,,,,,,,,,,,,,,,,aa550109000000009a99993f00878f,94844
1788459142.556151,34.029896,key,97,0.000000,1.200000,-0.117000,0.117000,,,,,,,,,,,,,,,,,aa550109000000009a99993f00878f,94844
1788459142.558576,34.032318,rx,-1,0.000000,1.200000,-0.117000,0.117000,1307,32701,25028,0.010926,1.083223,1.437017,3.757666,0.303829,-13,16,-0.627923,0.772829,-44,40,-1,0,,94844
1788459142.558648,34.032393,rx,-1,0.000000,1.200000,-0.117000,0.117000,1308,32726,25016,0.003644,1.158484,1.437103,3.757694,0.332810,-15,16,-0.724875,0.773200,-39,40,-1,0,,94844
1788459142.558660,34.032407,tx,-1,0.000000,1.200000,-0.117000,0.117000,,,,,,,,,,,,,,,,,aa550109000000009a99993f00878f,94988
1788459142.612256,34.086000,rx,-1,0.000000,1.200000,-0.117000,0.117000,1309,32751,24984,-0.003648,1.234804,1.437018,3.757663,0.363660,-17,16,-0.822577,0.774190,-33,40,-1,0,,94988
1788459142.658708,34.132447,rx,-1,0.000000,1.200000,-0.117000,0.117000,1310,32776,24992,-0.003647,1.234409,1.436933,3.757630,0.394511,-17,16,-0.822313,0.773942,-33,40,-1,0,,94988
1788459142.658751,34.132497,tx,-1,0.000000,1.200000,-0.117000,0.117000,,,,,,,,,,,,,,,,,aa550109000000009a99993f00878f,95132
1788459142.664535,34.138281,key,97,0.000000,1.200000,-0.117000,0.117000,,,,,,,,,,,,,,,,,aa550109000000009a99993f00878f,95132
1788459142.667000,34.140742,rx,-1,0.000000,1.200000,-0.117000,0.117000,1311,32801,24980,0.000000,1.122729,1.436933,3.757630,0.422556,-15,15,-0.725919,0.725919,-38,43,-1,0,,95132
1788459142.667066,34.140811,rx,-1,0.000000,1.200000,-0.117000,0.117000,1312,32826,25004,0.000000,1.196428,1.436933,3.757630,0.452472,-16,16,-0.773571,0.773571,-36,41,-1,0,,95132
1788459142.667080,34.140826,tx,-1,0.000000,1.200000,-0.117000,0.117000,,,,,,,,,,,,,,,,,aa550109000000009a99993f00878f,95308
1788459142.719834,34.193574,rx,-1,0.000000,1.200000,-0.117000,0.117000,1313,32850,25020,-0.007286,1.345121,1.436770,3.757547,0.486127,-19,17,-0.918028,0.821393,-28,38,-1,0,,95308
1788459142.767213,34.240948,rx,-1,0.000000,1.200000,-0.117000,0.117000,1314,32876,24992,0.003647,1.159596,1.436850,3.757591,0.515108,-15,16,-0.725571,0.773942,-38,40,-1,0,,95308
1788459142.767317,34.241063,tx,-1,0.000000,1.200000,-0.117000,0.117000,,,,,,,,,,,,,,,,,aa550109000000009a99993f00878f,95484
1788459142.772853,34.246598,key,97,0.000000,1.200000,-0.117000,0.117000,,,,,,,,,,,,,,,,,aa550109000000009a99993f00878f,95484
1788459142.775314,34.249057,rx,-1,0.000000,1.200000,-0.117000,0.117000,1315,32901,25020,-0.010929,1.233027,1.436615,3.757453,0.545958,-18,15,-0.869711,0.724759,-30,43,-1,0,,95484
1788459142.775382,34.249127,rx,-1,0.000000,1.200000,-0.117000,0.117000,1316,32926,24964,-0.007302,1.273242,1.436460,3.757356,0.577743,-18,16,-0.871661,0.774810,-30,41,-1,0,,95484
1788459142.775435,34.249180,rx,-1,0.000000,1.200000,-0.117000,0.117000,1317,32951,25032,0.000000,1.195090,1.436460,3.757356,0.607659,-16,16,-0.772705,0.772705,-35,41,-1,0,,95484
1788459142.775446,34.249193,tx,-1,0.000000,1.200000,-0.117000,0.117000,,,,,,,,,,,,,,,,,aa550109000000009a99993f00878f,95636
1788459142.803941,34.277686,key,97,0.000000,1.200000,-0.117000,0.117000,,,,,,,,,,,,,,,,,aa550109000000009a99993f00878f,95636
1788459142.828287,34.302028,rx,-1,0.000000,1.200000,-0.117000,0.117000,1318,32975,24992,0.000000,1.197002,1.436460,3.757356,0.637574,-16,16,-0.773942,0.773942,-35,41,-1,0,,95636
1788459142.871425,34.345165,rx,-1,0.000000,1.200000,-0.117000,0.117000,1319,33001,24996,0.018233,1.234211,1.436822,3.757632,0.668424,-14,19,-0.677091,0.918909,-40,33,-1,0,,95636
1788459142.871496,34.345243,tx,-1,0.000000,1.200000,-0.117000,0.117000,,,,,,,,,,,,,,,,,aa550109000000009a99993f00878f,95835
1788459142.879005,34.352745,rx,-1,0.000000,1.200000,-0.117000,0.117000,1320,33026,25016,-0.014574,1.195854,1.436540,3.757402,0.698340,-18,14,-0.869850,0.676550,-30,45,-1,0,,95835
1788459142.879089,34.352834,rx,-1,0.000000,1.200000,-0.117000,0.117000,1321,33051,25004,-0.010936,1.159040,1.436333,3.757223,0.727321,-17,14,-0.821919,0.676874,-32,46,-1,0,,95835
1788459142.879101,34.352848,tx,-1,0.000000,1.200000,-0.117000,0.117000,,,,,,,,,,,,,,,,,aa550109000000009a99993f00878f,95979
1788459142.884852,34.358597,key,97,0.000000,1.200000,-0.117000,0.117000,,,,,,,,,,,,,,,,,aa550109000000009a99993f00878f,95979
1788459142.932832,34.406572,rx,-1,0.000000,1.200000,-0.117000,0.117000,1322,33076,24984,0.021890,1.197386,1.436736,3.757593,0.757236,-13,19,-0.629029,0.919351,-43,33,-1,0,,95979
1788459142.983178,34.456918,rx,-1,0.000000,1.200000,-0.117000,0.117000,1323,33101,25008,-0.010934,1.158854,1.436540,3.757402,0.786217,-17,14,-0.821787,0.676766,-32,46,-1,0,,95979
1788459142.983225,34.456971,tx,-1,0.000000,1.200000,-0.117000,0.117000,,,,,,,,,,,,,,,,,aa550109000000009a99993f00878f,96123
1788459142.988615,34.462359,key,97,0.000000,1.200000,-0.117000,0.117000,,,,,,,,,,,,,,,,,aa550109000000009a99993f00878f,96123
1788459142.991056,34.464798,rx,-1,0.000000,1.200000,-0.117000,0.117000,1324,33126,24980,-0.003649,1.085305,1.436476,3.757337,0.813328,-15,14,-0.725919,0.677525,-38,46,-1,0,,96123
1788459142.991121,34.464866,rx,-1,0.000000,1.200000,-0.117000,0.117000,1325,33150,25028,-0.007284,1.269986,1.436353,3.757203,0.845113,-18,16,-0.869433,0.772829,-30,41,-1,0,,96123
1788459142.991132,34.464878,tx,-1,0.000000,1.200000,-0.117000,0.117000,,,,,,,,,,,,,,,,,aa550109000000009a99993f00878f,96267
1788459143.044489,34.518231,rx,-1,0.000000,1.200000,-0.117000,0.117000,1326,33176,24988,0.007295,1.346843,1.436472,3.757341,0.878768,-17,19,-0.822445,0.919203,-32,33,-1,0,,96267
1788459143.080175,34.553913,rx,-1,0.000000,1.200000,-0.117000,0.117000,1327,33201,24972,0.003650,1.010780,1.436529,3.757412,0.904009,-13,14,-0.629332,0.677742,-43,46,-1,0,,96267
1788459143.080221,34.553966,tx,-1,0.000000,1.200000,-0.117000,0.117000,,,,,,,,,,,,,,,,,aa550109000000009a99993f00878f,96411
1788459143.085591,34.559336,key,97,0.000000,1.200000,-0.117000,0.117000,,,,,,,,,,,,,,,,,aa550109000000009a99993f00878f,96411
1788459143.098904,34.572645,rx,-1,0.000000,1.200000,-0.117000,0.117000,1328,33226,25044,-0.010919,1.157188,1.436363,3.757195,0.932990,-17,14,-0.820606,0.675793,-33,46,-1,0,,96411
1788459143.098977,34.572721,rx,-1,0.000000,1.200000,-0.117000,0.117000,1329,33251,24968,0.003651,1.160711,1.436416,3.757268,0.961970,-15,16,-0.726268,0.774686,-38,41,-1,0,,96411
1788459143.098993,34.572739,tx,-1,0.000000,1.200000,-0.117000,0.117000,,,,,,,,,,,,,,,,,aa550109000000009a99993f00878f,96619
1788459143.138919,34.612663,key,97,0.000000,1.200000,-0.117000,0.117000,,,,,,,,,,,,,,,,,aa550109000000009a99993f00878f,96619
1788459143.152565,34.626308,rx,-1,0.000000,1.200000,-0.117000,0.117000,1330,33275,25012,0.003644,1.158669,1.436467,3.757344,0.990951,-15,16,-0.724991,0.773323,-38,41,-1,0,,96619
1788459143.192005,34.665746,rx,-1,0.000000,1.200000,-0.117000,0.117000,1331,33301,25004,-0.014581,1.271205,1.436272,3.757036,1.022736,-19,15,-0.918615,0.725223,-27,44,-1,0,,96619
1788459143.192115,34.665858,rx,-1,0.000000,1.200000,-0.117000,0.117000,1332,33326,24992,0.007294,1.122190,1.436365,3.757193,1.050782,-14,16,-0.677199,0.773942,-41,42,-1,0,,96619
1788459143.192128,34.665874,tx,-1,0.000000,1.200000,-0.117000,0.117000,,,,,,,,,,,,,,,,,aa550109000000009a99993f00878f,96771
1788459143.205931,34.679673,rx,-1,0.000000,1.200000,-0.117000,0.117000,1333,33351,24984,0.021890,1.272222,1.436629,3.757672,1.082567,-14,20,-0.677416,0.967737,-41,31,-1,0,,96771
1788459143.206007,34.679751,rx,-1,0.000000,1.200000,-0.117000,0.117000,1334,33376,24996,-0.003647,1.383813,1.436588,3.757590,1.117157,-19,18,-0.918909,0.870546,-27,35,-1,0,,96771
1788459143.206019,34.679765,tx,-1,0.000000,1.200000,-0.117000,0.117000,,,,,,,,,,,,,,,,,aa550109000000009a99993f00878f,96915
1788459143.217431,34.691175,key,97,0.000000,1.200000,-0.117000,0.117000,,,,,,,,,,,,,,,,,aa550109000000009a99993f00878f,96915
1788459143.259709,34.733451,rx,-1,0.000000,1.200000,-0.117000,0.117000,1335,33400,25028,0.003642,1.157928,1.436627,3.757673,1.146137,-15,16,-0.724527,0.772829,-38,40,-1,0,,96915
1788459143.298836,34.772577,rx,-1,0.000000,1.200000,-0.117000,0.117000,1336,33426,25008,-0.003645,1.233619,1.436590,3.757589,1.176988,-17,16,-0.821787,0.773447,-33,40,-1,0,,96915
1788459143.298882,34.772628,tx,-1,0.000000,1.200000,-0.117000,0.117000,,,,,,,,,,,,,,,,,aa550109000000009a99993f00878f,97059
1788459143.309831,34.783575,key,97,0.000000,1.200000,-0.117000,0.117000,,,,,,,,,,,,,,,,,aa550109000000009a99993f00878f,97059
1788459143.312340,34.786083,rx,-1,0.000000,1.200000,-0.117000,0.117000,1337,33451,24968,0.000000,0.973499,1.436590,3.757589,1.201294,-13,13,-0.629432,0.629432,-44,48,-1,0,,97059
1788459143.312401,34.786146,rx,-1,0.000000,1.200000,-0.117000,0.117000,1338,33476,25012,0.000000,1.121292,1.436590,3.757589,1.229340,-15,15,-0.724991,0.724991,-39,44,-1,0,,97059
1788459143.312411,34.786157,tx,-1,0.000000,1.200000,-0.117000,0.117000,,,,,,,,,,,,,,,,,aa550109000000009a99993f00878f,97203
1788459143.366000,34.839742,rx,-1,0.000000,1.200000,-0.117000,0.117000,1339,33501,25020,0.000000,1.494579,1.436590,3.757589,1.266734,-20,20,-0.966345,0.966345,-25,31,-1,0,,97203
1788459143.410307,34.884045,rx,-1,0.000000,1.200000,-0.117000,0.117000,1340,33526,25000,0.010938,1.234014,1.436668,3.757851,1.297584,-15,18,-0.725339,0.870406,-38,35,-1,0,,97203
1788459143.410361,34.884107,tx,-1,0.000000,1.200000,-0.117000,0.117000,,,,,,,,,,,,,,,,,aa550109000000009a99993f00878f,97347
1788459143.415682,34.889428,key,97,0.000000,1.200000,-0.117000,0.117000,,,,,,,,,,,,,,,,,aa550109000000009a99993f00878f,97347
1788459143.417884,34.891625,rx,-1,0.000000,1.200000,-0.117000,0.117000,1341,33551,24972,-0.003650,1.235397,1.436645,3.757763,1.328435,-17,16,-0.822972,0.774562,-33,40,-1,0,,97347
1788459143.417954,34.891698,rx,-1,0.000000,1.200000,-0.117000,0.117000,1342,33575,24996,-0.003647,1.234211,1.436624,3.757674,1.359285,-17,16,-0.822182,0.773818,-32,40,-1,0,,97347
1788459143.417965,34.891711,tx,-1,0.000000,1.200000,-0.117000,0.117000,,,,,,,,,,,,,,,,,aa550109000000009a99993f00878f,97491
1788459143.470622,34.944363,rx,-1,0.000000,1.200000,-0.117000,0.117000,1343,33601,25036,0.000000,1.194899,1.436624,3.757674,1.389200,-16,16,-0.772582,0.772582,-35,40,-1,0,,97491
1788459143.515392,34.989131,rx,-1,0.000000,1.200000,-0.117000,0.117000,1344,33626,24980,0.003649,1.010456,1.436640,3.757764,1.414442,-13,14,-0.629130,0.677525,-43,45,-1,0,,97491
1788459143.515443,34.989189,tx,-1,0.000000,1.200000,-0.117000,0.117000,,,,,,,,,,,,,,,,,aa550109000000009a99993f00878f,97635
1788459143.521177,34.994922,key,97,0.000000,1.200000,-0.117000,0.117000,,,,,,,,,,,,,,,,,aa550109000000009a99993f00878f,97635
1788459143.523618,34.997359,rx,-1,0.000000,1.200000,-0.117000,0.117000,1345,33651,25216,0.003615,1.371739,1.436652,3.757854,1.449031,-18,19,-0.862950,0.910892,-30,33,-1,0,,97635
1788459143.523693,34.997437,rx,-1,0.000000,1.200000,-0.117000,0.117000,1346,33676,24796,0.011028,1.244166,1.436681,3.758126,1.479882,-15,18,-0.731306,0.877567,-38,34,-1,0,,97635
1788459143.523704,34.997449,tx,-1,0.000000,1.200000,-0.117000,0.117000,,,,,,,,,,,,,,,,,aa550109000000009a99993f00878f,97779
1788459143.556663,35.030406,key,97,0.000000,1.200000,-0.117000,0.117000,,,,,,,,,,,,,,,,,aa550109000000009a99993f00878f,97779
1788459143.576197,35.049938,rx,-1,0.000000,1.200000,-0.117000,0.117000,1347,33700,25004,-0.003645,1.009486,1.436674,3.758035,1.505123,-14,13,-0.676874,0.628526,-41,47,-1,0,,97779
1788459143.612862,35.086602,rx,-1,0.000000,1.200000,-0.117000,0.117000,1348,33726,24996,0.007293,1.196811,1.436684,3.758217,1.535038,-15,17,-0.725455,0.822182,-39,37,-1,0,,97779
1788459143.612913,35.086658,tx,-1,0.000000,1.200000,-0.117000,0.117000,,,,,,,,,,,,,,,,,aa550109000000009a99993f00878f,97955
1788459143.626476,35.100217,rx,-1,0.000000,1.200000,-0.117000,0.117000,1349,33751,24968,-0.003651,1.160711,1.436682,3.758126,1.564019,-16,15,-0.774686,0.726268,-36,42,-1,0,,97955
1788459143.626556,35.100300,rx,-1,0.000000,1.200000,-0.117000,0.117000,1350,33776,25028,0.010926,1.307338,1.436679,3.758400,1.596739,-16,19,-0.772829,0.917734,-36,32,-1,0,,97955
1788459143.626568,35.100314,tx,-1,0.000000,1.200000,-0.117000,0.117000,,,,,,,,,,,,,,,,,aa550109000000009a99993f00878f,98067
1788459143.643745,35.117490,key,97,0.000000,1.200000,-0.117000,0.117000,,,,,,,,,,,,,,,,,aa550109000000009a99993f00878f,98067
1788459143.679691,35.153433,rx,-1,0.000000,1.200000,-0.117000,0.117000,1351,33801,25016,0.010931,1.233224,1.436668,3.758673,1.627589,-15,18,-0.724875,0.869850,-39,34,-1,0,,98067
1788459143.718373,35.192113,rx,-1,0.000000,1.200000,-0.117000,0.117000,1352,33826,24996,-0.007293,1.271611,1.436681,3.758491,1.659374,-18,16,-0.870546,0.773818,-31,39,-1,0,,98067
1788459143.718420,35.192165,tx,-1,0.000000,1.200000,-0.117000,0.117000,,,,,,,,,,,,,,,,,aa550109000000009a99993f00878f,98243
1788459143.724142,35.197887,key,97,0.000000,1.200000,-0.117000,0.117000,,,,,,,,,,,,,,,,,aa550109000000009a99993f00878f,98243
1788459143.732294,35.206035,rx,-1,0.000000,1.200000,-0.117000,0.117000,1353,33851,24976,0.003649,1.160339,1.436671,3.758582,1.688355,-15,16,-0.726036,0.774438,-39,39,-1,0,,98243
1788459143.732367,35.206111,rx,-1,0.000000,1.200000,-0.117000,0.117000,1354,33875,25000,-0.003646,1.308802,1.436684,3.758491,1.721075,-18,17,-0.870406,0.822050,-31,36,-1,0,,98243
1788459143.732384,35.206129,tx,-1,0.000000,1.200000,-0.117000,0.117000,,,,,,,,,,,,,,,,,aa550109000000009a99993f00878f,98419
1788459143.786105,35.259847,rx,-1,0.000000,1.200000,-0.117000,0.117000,1355,33901,25004,0.000000,1.271205,1.436684,3.758491,1.752860,-17,17,-0.821919,0.821919,-33,36,-1,0,,98419
1788459143.825938,35.299677,rx,-1,0.000000,1.200000,-0.117000,0.117000,1356,33926,24988,0.010943,1.084957,1.436630,3.758759,1.779971,-13,16,-0.628929,0.774066,-44,39,-1,0,,98419
1788459143.826031,35.299775,rx,-1,0.000000,1.200000,-0.117000,0.117000,1357,33951,25036,0.007281,1.120218,1.436590,3.758937,1.808017,-14,16,-0.676009,0.772582,-42,39,-1,0,,98419
1788459143.826044,35.299789,tx,-1,0.000000,1.200000,-0.117000,0.117000,,,,,,,,,,,,,,,,,aa550109000000009a99993f00878f,98571
1788459143.831206,35.304951,key,97,0.000000,1.200000,-0.117000,0.117000,,,,,,,,,,,,,,,,,aa550109000000009a99993f00878f,98571
1788459143.839337,35.313077,rx,-1,0.000000,1.200000,-0.117000,0.117000,1358,33976,24996,-0.014586,1.122010,1.436681,3.758584,1.836063,-17,13,-0.822182,0.628727,-34,47,-1,0,,98571
1788459143.839419,35.313163,rx,-1,0.000000,1.200000,-0.117000,0.117000,1359,34000,24976,-0.003649,1.160339,1.436706,3.758497,1.865044,-16,15,-0.774438,0.726036,-36,42,-1,0,,98571
1788459143.839465,35.313210,tx,-1,0.000000,1.200000,-0.117000,0.117000,,,,,,,,,,,,,,,,,aa550109000000009a99993f00878f,98770
1788459143.889549,35.363292,key,97,0.000000,1.200000,-0.117000,0.117000,,,,,,,,,,,,,,,,,aa550109000000009a99993f00878f,98770
1788459143.891748,35.365491,rx,-1,0.000000,1.200000,-0.117000,0.117000,1360,34026,25012,0.003644,1.158669,1.436678,3.758584,1.894024,-15,16,-0.724991,0.773323,-39,40,-1,0,,98770
1788459143.926503,35.400244,rx,-1,0.000000,1.200000,-0.117000,0.117000,1361,34051,25008,0.003645,1.233619,1.436648,3.758670,1.924874,-16,17,-0.773447,0.821787,-37,37,-1,0,,98770
1788459143.926543,35.400289,tx,-1,0.000000,1.200000,-0.117000,0.117000,,,,,,,,,,,,,,,,,aa550109000000009a99993f00878f,98914
1788459143.946048,35.419789,rx,-1,0.000000,1.200000,-0.117000,0.117000,1362,34076,24988,-0.003648,1.159782,1.436681,3.758584,1.953855,-16,15,-0.774066,0.725687,-37,42,-1,0,,98914
1788459143.946132,35.419875,rx,-1,0.000000,1.200000,-0.117000,0.117000,1363,34101,24976,0.000000,1.197769,1.436681,3.758584,1.983770,-16,16,-0.774438,0.774438,-37,40,-1,0,,98914
1788459143.946146,35.419891,tx,-1,0.000000,1.200000,-0.117000,0.117000,,,,,,,,,,,,,,,,,aa550109000000009a99993f00878f,99058
1788459143.974550,35.448294,key,97,0.000000,1.200000,-0.117000,0.117000,,,,,,,,,,,,,,,,,aa550109000000009a99993f00878f,99058
1788459143.999466,35.473207,rx,-1,0.000000,1.200000,-0.117000,0.117000,1364,34126,25044,-0.003640,1.231846,1.436719,3.758502,2.014621,-17,16,-0.820606,0.772335,-34,40,-1,0,,99058
1788459144.035346,35.509086,rx,-1,0.000000,1.200000,-0.117000,0.117000,1365,34151,24984,-0.014593,1.347059,1.436881,3.758175,2.048276,-20,16,-0.967737,0.774190,-25,40,-1,0,,99058
1788459144.035386,35.509132,tx,-1,0.000000,1.200000,-0.117000,0.117000,,,,,,,,,,,,,,,,,aa550109000000009a99993f00878f,99202
1788459144.054905,35.528646,rx,-1,0.000000,1.200000,-0.117000,0.117000,1366,34176,24980,0.003649,1.384699,1.436838,3.758255,2.082865,-18,19,-0.871103,0.919498,-30,32,-1,0,,99202
1788459144.054986,35.528729,rx,-1,0.000000,1.200000,-0.117000,0.117000,1367,34201,25016,0.007287,1.046372,1.436746,3.758413,2.109041,-13,15,-0.628225,0.724875,-44,42,-1,0,,99202
1788459144.054999,35.528743,tx,-1,0.000000,1.200000,-0.117000,0.117000,,,,,,,,,,,,,,,,,aa550109000000009a99993f00878f,99346
1788459144.060779,35.534524,key,97,0.000000,1.200000,-0.117000,0.117000,,,,,,,,,,,,,,,,,aa550109000000009a99993f00878f,99346
1788459144.107397,35.581137,rx,-1,0.000000,1.200000,-0.117000,0.117000,1368,34226,25024,-0.010927,1.158113,1.436890,3.758180,2.138022,-17,14,-0.821262,0.676333,-33,45,-1,0,,99346
1788459144.147305,35.621043,rx,-1,0.000000,1.200000,-0.117000,0.117000,1369,34251,24980,0.000000,1.197577,1.436890,3.758180,2.167938,-16,16,-0.774314,0.774314,-36,40,-1,0,,99346
1788459144.147356,35.621102,tx,-1,0.000000,1.200000,-0.117000,0.117000,,,,,,,,,,,,,,,,,aa550109000000009a99993f00878f,99522
1788459144.153085,35.626830,key,97,0.000000,1.200000,-0.117000,0.117000,,,,,,,,,,,,,,,,,aa550109000000009a99993f00878f,99522
1788459144.161214,35.634955,rx,-1,0.000000,1.200000,-0.117000,0.117000,1370,34276,25008,-0.007290,1.345766,1.436995,3.758031,2.201593,-19,17,-0.918468,0.821787,-27,37,-1,0,,99522
1788459144.161289,35.635033,rx,-1,0.000000,1.200000,-0.117000,0.117000,1371,34300,25000,0.018230,1.234014,1.436720,3.758395,2.232443,-14,19,-0.676983,0.918762,-41,31,-1,0,,99522
1788459144.161306,35.635051,tx,-1,0.000000,1.200000,-0.117000,0.117000,,,,,,,,,,,,,,,,,aa550109000000009a99993f00878f,99698
1788459144.214921,35.688662,rx,-1,0.000000,1.200000,-0.117000,0.117000,1372,34326,24972,-0.010950,1.235397,1.436892,3.758182,2.263294,-18,15,-0.871382,0.726152,-30,41,-1,0,,99698
1788459144.254984,35.728724,rx,-1,0.000000,1.200000,-0.117000,0.117000,1373,34351,25032,-0.014565,1.195090,1.437129,3.757905,2.293209,-18,14,-0.869294,0.676117,-30,44,-1,0,,99698
1788459144.255068,35.728811,rx,-1,0.000000,1.200000,-0.117000,0.117000,1374,34376,24996,0.021879,1.196811,1.436761,3.758310,2.323125,-13,19,-0.628727,0.918909,-43,32,-1,0,,99698
1788459144.255080,35.728825,tx,-1,0.000000,1.200000,-0.117000,0.117000,,,,,,,,,,,,,,,,,aa550109000000009a99993f00878f,99850
1788459144.260809,35.734553,key,97,0.000000,1.200000,-0.117000,0.117000,,,,,,,,,,,,,,,,,aa550109000000009a99993f00878f,99850
1788459144.268947,35.742686,rx,-1,0.000000,1.200000,-0.117000,0.117000,1375,34401,25004,0.007291,1.121651,1.436634,3.758441,2.351170,-14,16,-0.676874,0.773571,-41,39,-1,0,,99850
1788459144.269028,35.742772,rx,-1,0.000000,1.200000,-0.117000,0.117000,1376,34425,24980,0.007298,1.272426,1.436504,3.758569,2.382956,-16,18,-0.774314,0.871103,-36,34,-1,0,,99850
1788459144.269040,35.742786,tx,-1,0.000000,1.200000,-0.117000,0.117000,,,,,,,,,,,,,,,,,aa550109000000009a99993f00878f,99994
1788459144.308758,35.782502,key,97,0.000000,1.200000,-0.117000,0.117000,,,,,,,,,,,,,,,,,aa550109000000009a99993f00878f,99994
1788459144.322638,35.796379,rx,-1,0.000000,1.200000,-0.117000,0.117000,1377,34451,25000,0.003646,1.308802,1.436437,3.758630,2.415676,-17,18,-0.822050,0.870406,-33,33,-1,0,,99994
1788459144.361637,35.835376,rx,-1,0.000000,1.200000,-0.117000,0.117000,1378,34476,24992,0.003647,1.234409,1.436368,3.758689,2.446526,-16,17,-0.773942,0.822313,-36,35,-1,0,,99994
1788459144.361686,35.835431,tx,-1,0.000000,1.200000,-0.117000,0.117000,,,,,,,,,,,,,,,,,aa550109000000009a99993f00878f,100138
1788459144.375638,35.849377,rx,-1,0.000000,1.200000,-0.117000,0.117000,1379,34501,24992,-0.010941,1.309221,1.436581,3.758518,2.479246,-19,16,-0.919056,0.773942,-27,38,-1,0,,100138
1788459144.375722,35.849465,rx,-1,0.000000,1.200000,-0.117000,0.117000,1380,34526,25020,0.007286,1.120934,1.436435,3.758628,2.507292,-14,16,-0.676441,0.773076,-41,38,-1,0,,100138
1788459144.375735,35.849479,tx,-1,0.000000,1.200000,-0.117000,0.117000,,,,,,,,,,,,,,,,,aa550109000000009a99993f00878f,100282
1788459144.392786,35.866529,key,97,0.000000,1.200000,-0.117000,0.117000,,,,,,,,,,,,,,,,,aa550109000000009a99993f00878f,100282
1788459144.429365,35.903105,rx,-1,0.000000,1.200000,-0.117000,0.117000,1381,34551,25000,-0.018230,1.159225,1.436806,3.758363,2.536273,-18,13,-0.870406,0.628627,-30,46,-1,0,,100282
1788459144.479843,35.953582,rx,-1,0.000000,1.200000,-0.117000,0.117000,1382,34576,25004,0.000000,1.121651,1.436806,3.758363,2.564318,-15,15,-0.725223,0.725223,-38,41,-1,0,,100282
1788459144.479895,35.953640,tx,-1,0.000000,1.200000,-0.117000,0.117000,,,,,,,,,,,,,,,,,aa550109000000009a99993f00878f,100426
1788459144.485674,35.959416,key,97,0.000000,1.200000,-0.117000,0.117000,,,,,,,,,,,,,,,,,aa550109000000009a99993f00878f,100426
1788459144.488156,35.961894,rx,-1,0.000000,1.200000,-0.117000,0.117000,1383,34600,25008,0.007290,1.121472,1.436652,3.758461,2.592364,-14,16,-0.676766,0.773447,-41,39,-1,0,,100426
1788459144.488230,35.961973,rx,-1,0.000000,1.200000,-0.117000,0.117000,1384,34626,24976,0.014598,1.347490,1.436338,3.758646,2.626019,-16,20,-0.774438,0.968047,-36,28,-1,0,,100426
1788459144.488243,35.961988,tx,-1,0.000000,1.200000,-0.117000,0.117000,,,,,,,,,,,,,,,,,aa550109000000009a99993f00878f,100602
1788459144.540730,36.014471,rx,-1,0.000000,1.200000,-0.117000,0.117000,1385,34651,25012,0.003644,1.308174,1.436258,3.758689,2.658739,-17,18,-0.821656,0.869989,-33,33,-1,0,,100602
1788459144.579261,36.053000,rx,-1,0.000000,1.200000,-0.117000,0.117000,1386,34676,24992,-0.003647,1.159596,1.436339,3.758648,2.687720,-16,15,-0.773942,0.725571,-35,40,-1,0,,100602
1788459144.579310,36.053054,tx,-1,0.000000,1.200000,-0.117000,0.117000,,,,,,,,,,,,,,,,,aa550109000000009a99993f00878f,100778
1788459144.585047,36.058790,key,97,0.000000,1.200000,-0.117000,0.117000,,,,,,,,,,,,,,,,,aa550109000000009a99993f00878f,100778
1788459144.592994,36.066732,rx,-1,0.000000,1.200000,-0.117000,0.117000,1387,34701,25016,-0.025505,1.158484,1.436917,3.758377,2.716700,-19,12,-0.918175,0.579900,-27,48,-1,0,,100778
1788459144.593077,36.066820,rx,-1,0.000000,1.200000,-0.117000,0.117000,1388,34725,24976,0.003649,1.310060,1.436833,3.758413,2.749420,-17,18,-0.822840,0.871243,-32,33,-1,0,,100778
1788459144.593126,36.066869,rx,-1,0.000000,1.200000,-0.117000,0.117000,1389,34751,25020,0.007286,1.046205,1.436664,3.758480,2.775596,-13,15,-0.628124,0.724759,-43,41,-1,0,,100778
1788459144.593136,36.066881,tx,-1,0.000000,1.200000,-0.117000,0.117000,,,,,,,,,,,,,,,,,aa550109000000009a99993f00878f,100930
1788459144.644060,36.117803,key,97,0.000000,1.200000,-0.117000,0.117000,,,,,,,,,,,,,,,,,aa550109000000009a99993f00878f,100930
1788459144.646369,36.120111,rx,-1,0.000000,1.200000,-0.117000,0.117000,1390,34776,24984,-0.014593,1.197386,1.437006,3.758355,2.805512,-18,14,-0.870964,0.677416,-30,44,-1,0,,100930
1788459144.685919,36.159657,rx,-1,0.000000,1.200000,-0.117000,0.117000,1391,34801,24988,0.000000,1.122369,1.437006,3.758355,2.833558,-15,15,-0.725687,0.725687,-38,41,-1,0,,100930
1788459144.685959,36.159704,tx,-1,0.000000,1.200000,-0.117000,0.117000,,,,,,,,,,,,,,,,,aa550109000000009a99993f00878f,101074
1788459144.699633,36.173372,rx,-1,0.000000,1.200000,-0.117000,0.117000,1392,34826,25048,-0.007278,1.268972,1.437181,3.758302,2.865343,-18,16,-0.868738,0.772212,-30,39,-1,0,,101074
1788459144.699710,36.173453,rx,-1,0.000000,1.200000,-0.117000,0.117000,1393,34850,24956,0.018262,1.236189,1.436740,3.758420,2.896193,-14,19,-0.678176,0.920382,-40,31,-1,0,,101074
1788459144.699722,36.173467,tx,-1,0.000000,1.200000,-0.117000,0.117000,,,,,,,,,,,,,,,,,aa550109000000009a99993f00878f,101218
1788459144.728216,36.201959,key,97,0.000000,1.200000,-0.117000,0.117000,,,,,,,,,,,,,,,,,aa550109000000009a99993f00878f,101218
1788459144.753322,36.227062,rx,-1,0.000000,1.200000,-0.117000,0.117000,1394,34876,25056,-0.003638,1.082013,1.436829,3.758399,2.923304,-15,14,-0.723717,0.675470,-38,44,-1,0,,101218
1788459144.792125,36.265863,rx,-1,0.000000,1.200000,-0.117000,0.117000,1395,34900,24972,-0.010950,1.310270,1.437097,3.758344,2.956024,-19,16,-0.919792,0.774562,-27,39,-1,0,,101218
1788459144.792167,36.265911,tx,-1,0.000000,1.200000,-0.117000,0.117000,,,,,,,,,,,,,,,,,aa550109000000009a99993f00878f,101362
1788459144.805477,36.279214,rx,-1,0.000000,1.200000,-0.117000,0.117000,1396,34926,24996,0.000000,1.047210,1.437097,3.758344,2.982200,-14,14,-0.677091,0.677091,-40,44,-1,0,,101362
1788459144.805561,36.279304,rx,-1,0.000000,1.200000,-0.117000,0.117000,1397,34951,24980,0.003649,1.085305,1.437007,3.758358,3.009311,-14,15,-0.677525,0.725919,-41,42,-1,0,,101362
1788459144.805574,36.279318,tx,-1,0.000000,1.200000,-0.117000,0.117000,,,,,,,,,,,,,,,,,aa550109000000009a99993f00878f,101506
1788459144.811306,36.285049,key,97,0.000000,1.200000,-0.117000,0.117000,,,,,,,,,,,,,,,,,aa550109000000009a99993f00878f,101506
1788459144.858741,36.332480,rx,-1,0.000000,1.200000,-0.117000,0.117000,1398,34976,25036,-0.003641,1.157558,1.437097,3.758347,3.038292,-16,15,-0.772582,0.724296,-36,42,-1,0,,101506
1788459144.912222,36.385960,rx,-1,0.000000,1.200000,-0.117000,0.117000,1399,35001,24960,-0.007304,1.198537,1.437279,3.758331,3.068207,-17,15,-0.823368,0.726501,-33,42,-1,0,,101506
1788459144.912303,36.386047,tx,-1,0.000000,1.200000,-0.117000,0.117000,,,,,,,,,,,,,,,,,aa550109000000009a99993f00878f,101705
1788459144.918086,36.391830,key,97,0.000000,1.200000,-0.117000,0.117000,,,,,,,,,,,,,,,,,aa550109000000009a99993f00878f,101705
1788459144.920346,36.394084,rx,-1,0.000000,1.200000,-0.117000,0.117000,1400,35025,25000,0.000000,1.196619,1.437279,3.758331,3.098123,-16,16,-0.773694,0.773694,-35,40,-1,0,,101705
1788459144.920435,36.394178,rx,-1,0.000000,1.200000,-0.117000,0.117000,1401,35051,25040,0.003640,1.381381,1.437188,3.758333,3.132713,-18,19,-0.869016,0.917294,-30,32,-1,0,,101705
1788459144.920455,36.394200,tx,-1,0.000000,1.200000,-0.117000,0.117000,,,,,,,,,,,,,,,,,aa550109000000009a99993f00878f,101913
1788459144.974200,36.447938,rx,-1,0.000000,1.200000,-0.117000,0.117000,1402,35076,24960,0.010955,1.161083,1.436914,3.758332,-3.121492,-14,17,-0.678068,0.823368,-40,37,-1,0,,101913
1788459145.015461,36.489199,rx,-1,0.000000,1.200000,-0.117000,0.117000,1403,35101,24996,0.003647,1.084610,1.436823,3.758329,-3.094381,-14,15,-0.677091,0.725455,-41,42,-1,0,,101913
1788459145.015539,36.489281,rx,-1,0.000000,1.200000,-0.117000,0.117000,1404,35126,25000,-0.014584,1.047042,1.437187,3.758351,-3.068205,-16,12,-0.773694,0.580271,-36,50,-1,0,,101913
1788459145.015551,36.489295,tx,-1,0.000000,1.200000,-0.117000,0.117000,,,,,,,,,,,,,,,,,aa550109000000009a99993f00878f,102065
1788459145.021307,36.495050,key,97,0.000000,1.200000,-0.117000,0.117000,,,,,,,,,,,,,,,,,aa550109000000009a99993f00878f,102065
1788459145.029039,36.502778,rx,-1,0.000000,1.200000,-0.117000,0.117000,1405,35150,25024,-0.007285,1.120755,1.437369,3.758367,-3.040160,-16,14,-0.772952,0.676333,-36,46,-1,0,,102065
1788459145.029112,36.502855,rx,-1,0.000000,1.200000,-0.117000,0.117000,1406,35176,24996,0.003647,1.234211,1.437278,3.758356,-3.009309,-16,17,-0.773818,0.822182,-36,38,-1,0,,102065
1788459145.029125,36.502870,tx,-1,0.000000,1.200000,-0.117000,0.117000,,,,,,,,,,,,,,,,,aa550109000000009a99993f00878f,102209
1788459145.062925,36.536668,key,97,0.000000,1.200000,-0.117000,0.117000,,,,,,,,,,,,,,,,,aa550109000000009a99993f00878f,102209
1788459145.081916,36.555655,rx,-1,0.000000,1.200000,-0.117000,0.117000,1407,35201,24984,0.000000,1.197386,1.437278,3.758356,-2.979394,-16,16,-0.774190,0.774190,-36,40,-1,0,,102209
1788459145.119343,36.593080,rx,-1,0.000000,1.200000,-0.117000,0.117000,1408,35226,25048,0.010917,1.231649,1.437009,3.758307,-2.948543,-15,18,-0.723949,0.868738,-39,35,-1,0,,102209
1788459145.119394,36.593138,tx,-1,0.000000,1.200000,-0.117000,0.117000,,,,,,,,,,,,,,,,,aa550109000000009a99993f00878f,102353
1788459145.133370,36.607107,rx,-1,0.000000,1.200000,-0.117000,0.117000,1409,35251,24956,-0.007305,1.048888,1.437187,3.758345,-2.922367,-15,13,-0.726617,0.629735,-39,48,-1,0,,102353
1788459145.133454,36.607196,rx,-1,0.000000,1.200000,-0.117000,0.117000,1410,35276,25016,0.000000,1.270595,1.437187,3.758345,-2.890582,-17,17,-0.821525,0.821525,-33,38,-1,0,,102353
1788459145.133465,36.607209,tx,-1,0.000000,1.200000,-0.117000,0.117000,,,,,,,,,,,,,,,,,aa550109000000009a99993f00878f,102497
1788459145.144451,36.618194,key,97,0.000000,1.200000,-0.117000,0.117000,,,,,,,,,,,,,,,,,aa550109000000009a99993f00878f,102497
1788459145.185721,36.659462,rx,-1,0.000000,1.200000,-0.117000,0.117000,1411,35301,25012,-0.018221,1.308174,1.437627,3.758465,-2.857862,-20,15,-0.966654,0.724991,-25,43,-1,0,,102497
1788459145.229172,36.702909,rx,-1,0.000000,1.200000,-0.117000,0.117000,1412,35325,24964,-0.014605,1.123448,1.437976,3.758572,-2.829816,-17,13,-0.823236,0.629533,-32,49,-1,0,,102497
1788459145.229229,36.702973,tx,-1,0.000000,1.200000,-0.117000,0.117000,,,,,,,,,,,,,,,,,aa550109000000009a99993f00878f,102641
1788459145.234961,36.708704,key,97,0.000000,1.200000,-0.117000,0.117000,,,,,,,,,,,,,,,,,aa550109000000009a99993f00878f,102641
1788459145.237476,36.711215,rx,-1,0.000000,1.200000,-0.117000,0.117000,1413,35351,25024,0.014570,1.046038,1.437630,3.758456,-2.803640,-12,16,-0.579714,0.772952,-46,41,-1,0,,102641
1788459145.237549,36.711292,rx,-1,0.000000,1.200000,-0.117000,0.117000,1414,35376,25000,-0.007292,1.271408,1.437801,3.758519,-2.771855,-18,16,-0.870406,0.773694,-30,41,-1,0,,102641
1788459145.237560,36.711304,tx,-1,0.000000,1.200000,-0.117000,0.117000,,,,,,,,,,,,,,,,,aa550109000000009a99993f00878f,102785
1788459145.289686,36.763426,rx,-1,0.000000,1.200000,-0.117000,0.117000,1415,35401,24992,-0.003647,1.159596,1.437886,3.758553,-2.742874,-16,15,-0.773942,0.725571,-35,44,-1,0,,102785
1788459145.327365,36.801103,rx,-1,0.000000,1.200000,-0.117000,0.117000,1416,35426,24992,-0.010941,1.234409,1.438136,3.758663,-2.712024,-18,15,-0.870685,0.725571,-30,44,-1,0,,102785
1788459145.327414,36.801159,tx,-1,0.000000,1.200000,-0.117000,0.117000,,,,,,,,,,,,,,,,,aa550109000000009a99993f00878f,102929
1788459145.333160,36.806903,key,100,0.000000,-1.200000,0.117000,-0.117000,,,,,,,,,,,,,,,,,aa550109000000009a9999bf001f94,102929
1788459145.341296,36.815035,rx,-1,0.000000,-1.200000,0.117000,-0.117000,1417,35450,25008,0.010934,1.084089,1.437889,3.758546,-2.684913,-13,16,-0.628426,0.773447,-43,42,-1,0,,102929
1788459145.341378,36.815121,rx,-1,0.000000,-1.200000,0.117000,-0.117000,1418,35476,25020,0.007286,1.195663,1.437726,3.758463,-2.654998,-15,17,-0.724759,0.821393,-39,39,-1,0,,102929
1788459145.341390,36.815134,tx,-1,0.000000,-1.200000,0.117000,-0.117000,,,,,,,,,,,,,,,,,aa550109000000009a9999bf001f94,103073
1788459145.394239,36.867979,rx,-1,0.000000,-1.200000,0.117000,-0.117000,1419,35501,24968,-0.003651,1.160711,1.437806,3.758507,-2.626017,-16,15,-0.774686,0.726268,117,-108,-1,0,,103073
1788459145.431038,36.904776,rx,-1,0.000000,-1.200000,0.117000,-0.117000,1420,35526,25024,0.000000,-0.149434,1.437806,3.758507,-2.629756,2,-2,0.096619,-0.096619,73,-69,-1,0,,103073
1788459145.431079,36.904823,tx,-1,0.000000,-1.200000,0.117000,-0.117000,,,,,,,,,,,,,,,,,aa550109000000009a9999bf001f94,103217
1788459145.444769,36.918507,rx,-1,0.000000,-1.200000,0.117000,-0.117000,1421,35551,24976,0.007299,-1.422351,1.437646,3.758421,-2.665281,20,-18,0.968047,-0.871243,25,-29,-1,0,,103217
1788459145.444844,36.918586,rx,-1,0.000000,-1.200000,0.117000,-0.117000,1422,35576,25036,0.003641,-1.530964,1.437564,3.758380,-2.703610,21,-20,1.014014,-0.965727,22,-24,-1,0,,103217
1788459145.444855,36.918599,tx,-1,0.000000,-1.200000,0.117000,-0.117000,,,,,,,,,,,,,,,,,aa550109000000009a9999bf001f94,103361
1788459145.498198,36.971938,rx,-1,0.000000,-1.200000,0.117000,-0.117000,1423,35601,24964,0.000000,-1.048552,1.437564,3.758380,-2.729786,14,-14,0.677959,-0.677959,40,-39,-1,0,,103361
1788459145.537476,37.011216,rx,-1,0.000000,-1.200000,0.117000,-0.117000,1424,35625,25020,-0.007286,-0.971476,1.437732,3.758451,-2.754092,12,-14,0.579807,-0.676441,46,-39,-1,0,,103361
1788459145.537519,37.011263,tx,-1,0.000000,-1.200000,0.117000,-0.117000,,,,,,,,,,,,,,,,,aa550109000000009a9999bf001f94,103537
1788459145.551425,37.025162,rx,-1,0.000000,-1.200000,0.117000,-0.117000,1425,35651,25008,0.007290,-1.196236,1.437562,3.758385,-2.784008,17,-15,0.821787,-0.725106,33,-37,-1,0,,103537
1788459145.551517,37.025259,rx,-1,0.000000,-1.200000,0.117000,-0.117000,1426,35676,24996,0.010940,-1.009809,1.437305,3.758293,-2.809249,15,-12,0.725455,-0.580364,38,-45,-1,0,,103537
1788459145.551535,37.025278,tx,-1,0.000000,-1.200000,0.117000,-0.117000,,,,,,,,,,,,,,,,,aa550109000000009a9999bf001f94,103713
1788459145.605053,37.078793,rx,-1,0.000000,-1.200000,0.117000,-0.117000,1427,35701,25000,0.014584,-1.121831,1.436959,3.758178,-2.837295,17,-13,0.822050,-0.628627,33,-43,-1,0,,103713
1788459145.650672,37.124409,rx,-1,0.000000,-1.200000,0.117000,-0.117000,1428,35726,25016,0.010931,-1.158484,1.436697,3.758100,-2.866275,17,-14,0.821525,-0.676550,33,-41,-1,0,,103713
1788459145.650755,37.124497,rx,-1,0.000000,-1.200000,0.117000,-0.117000,1429,35750,24996,0.003647,-1.084610,1.436609,3.758077,-2.893386,15,-14,0.725455,-0.677091,38,-42,-1,0,,103713
1788459145.650769,37.124513,tx,-1,0.000000,-1.200000,0.117000,-0.117000,,,,,,,,,,,,,,,,,aa550109000000009a9999bf001f94,103865
1788459145.658598,37.132336,rx,-1,0.000000,-1.200000,0.117000,-0.117000,1430,35776,24972,-0.010950,-1.010780,1.436875,3.758141,-2.918627,12,-15,0.580921,-0.726152,47,-40,-1,0,,103865
1788459145.658675,37.132417,rx,-1,0.000000,-1.200000,0.117000,-0.117000,1431,35801,25020,-0.014572,-1.195663,1.437231,3.758216,-2.948543,14,-18,0.676441,-0.869711,42,-32,-1,0,,103865
1788459145.658687,37.132431,tx,-1,0.000000,-1.200000,0.117000,-0.117000,,,,,,,,,,,,,,,,,aa550109000000009a9999bf001f94,104009
1788459145.710785,37.184524,rx,-1,0.000000,-1.200000,0.117000,-0.117000,1432,35826,25008,0.000000,-1.196236,1.437231,3.758216,-2.978458,16,-16,0.773447,-0.773447,37,-37,-1,0,,104009
1788459145.755040,37.228779,rx,-1,0.000000,-1.200000,0.117000,-0.117000,1433,35851,24988,0.007295,-1.122369,1.437051,3.758189,-3.006504,16,-14,0.774066,-0.677308,37,-42,-1,0,,104009
1788459145.755087,37.228830,tx,-1,0.000000,-1.200000,0.117000,-0.117000,,,,,,,,,,,,,,,,,aa550109000000009a9999bf001f94,104153
1788459145.763104,37.236840,rx,-1,0.000000,-1.200000,0.117000,-0.117000,1434,35875,24976,0.010948,-1.010618,1.436780,3.758155,-3.031745,15,-12,0.726036,-0.580828,40,-48,-1,0,,104153
1788459145.763190,37.236932,rx,-1,0.000000,-1.200000,0.117000,-0.117000,1435,35901,25016,0.000000,-1.345336,1.436780,3.758155,-3.065400,18,-18,0.869850,-0.869850,32,-33,-1,0,,104153
1788459145.763203,37.236946,tx,-1,0.000000,-1.200000,0.117000,-0.117000,,,,,,,,,,,,,,,,,aa550109000000009a9999bf001f94,104297
1788459145.808639,37.282381,key,100,0.000000,-1.200000,0.117000,-0.117000,,,,,,,,,,,,,,,,,aa550109000000009a9999bf001f94,104297
1788459145.816623,37.290364,rx,-1,0.000000,-1.200000,0.117000,-0.117000,1436,35926,25020,-0.003643,-1.083569,1.436871,3.758161,-3.092511,14,-15,0.676441,-0.724759,42,-40,-1,0,,104297
1788459145.858039,37.331775,rx,-1,0.000000,-1.200000,0.117000,-0.117000,1437,35951,24968,-0.007301,-1.123268,1.437053,3.758168,-3.120557,14,-16,0.677850,-0.774686,43,-38,-1,0,,104297
1788459145.858088,37.331832,tx,-1,0.000000,-1.200000,0.117000,-0.117000,,,,,,,,,,,,,,,,,aa550109000000009a9999bf001f94,104441
1788459145.871847,37.345584,rx,-1,0.000000,-1.200000,0.117000,-0.117000,1438,35976,25008,0.018224,-1.233619,1.436597,3.758165,3.131778,19,-14,0.918468,-0.676766,29,-43,-1,0,,104441
1788459145.871923,37.345665,rx,-1,0.000000,-1.200000,0.117000,-0.117000,1439,36001,24988,-0.003648,-1.234606,1.436688,3.758162,3.100928,16,-17,0.774066,-0.822445,37,-36,-1,0,,104441
1788459145.871961,37.345704,tx,-1,0.000000,-1.200000,0.117000,-0.117000,,,,,,,,,,,,,,,,,aa550109000000009a9999bf001f94,104640
1788459145.888670,37.362411,key,100,0.000000,-1.200000,0.117000,-0.117000,,,,,,,,,,,,,,,,,aa550109000000009a9999bf001f94,104640
1788459145.924395,37.398132,rx,-1,0.000000,-1.200000,0.117000,-0.117000,1440,36026,25032,0.010924,-1.157743,1.436415,3.758178,3.071947,17,-14,0.820999,-0.676117,34,-43,-1,0,,104640
1788459145.978846,37.452584,rx,-1,0.000000,-1.200000,0.117000,-0.117000,1441,36050,24968,-0.003651,-1.010942,1.436506,3.758170,3.046706,13,-14,0.629432,-0.677850,45,-44,-1,0,,104640
1788459145.978889,37.452632,tx,-1,0.000000,-1.200000,0.117000,-0.117000,,,,,,,,,,,,,,,,,aa550109000000009a9999bf001f94,104784
1788459145.984431,37.458175,key,100,0.000000,-1.200000,0.117000,-0.117000,,,,,,,,,,,,,,,,,aa550109000000009a9999bf001f94,104784
1788459145.986886,37.460622,rx,-1,0.000000,-1.200000,0.117000,-0.117000,1442,36076,25044,0.000000,-1.119860,1.436506,3.758170,3.018661,15,-15,0.724064,-0.724064,40,-42,-1,0,,104784
1788459145.986969,37.460711,rx,-1,0.000000,-1.200000,0.117000,-0.117000,1443,36101,24956,0.000000,-1.198729,1.436506,3.758170,2.988745,16,-16,0.775059,-0.775059,37,-39,-1,0,,104784
1788459145.987018,37.460761,rx,-1,0.000000,-1.200000,0.117000,-0.117000,1444,36126,24996,0.000000,-1.196811,1.436506,3.758170,2.958829,16,-16,0.773818,-0.773818,38,-39,-1,0,,104784
1788459145.987028,37.460772,tx,-1,0.000000,-1.200000,0.117000,-0.117000,,,,,,,,,,,,,,,,,aa550109000000009a9999bf001f94,105000
1788459146.040517,37.514258,rx,-1,0.000000,-1.200000,0.117000,-0.117000,1445,36151,25016,0.014574,-1.270595,1.436149,3.758242,2.927044,19,-15,0.918175,-0.724875,29,-42,-1,0,,105000
1788459146.076039,37.549776,rx,-1,0.000000,-1.200000,0.117000,-0.117000,1446,36175,25020,-0.003643,-1.083569,1.436237,3.758222,2.899933,14,-15,0.676441,-0.724759,43,-42,-1,0,,105000
1788459146.076083,37.549826,tx,-1,0.000000,-1.200000,0.117000,-0.117000,,,,,,,,,,,,,,,,,aa550109000000009a9999bf001f94,105144
1788459146.081474,37.555217,key,100,0.000000,-1.200000,0.117000,-0.117000,,,,,,,,,,,,,,,,,aa550109000000009a9999bf001f94,105144
1788459146.095260,37.569000,rx,-1,0.000000,-1.200000,0.117000,-0.117000,1447,36201,24968,0.003651,-1.235595,1.436149,3.758245,2.869083,17,-16,0.823104,-0.774686,35,-40,-1,0,,105144
1788459146.095337,37.569079,rx,-1,0.000000,-1.200000,0.117000,-0.117000,1448,36226,25036,0.010922,-1.306921,1.435887,3.758323,2.836363,19,-16,0.917441,-0.772582,29,-40,-1,0,,105144
1788459146.095348,37.569091,tx,-1,0.000000,-1.200000,0.117000,-0.117000,,,,,,,,,,,,,,,,,aa550109000000009a9999bf001f94,105288
1788459146.135069,37.608811,key,100,0.000000,-1.200000,0.117000,-0.117000,,,,,,,,,,,,,,,,,aa550109000000009a9999bf001f94,105288
1788459146.148936,37.622674,rx,-1,0.000000,-1.200000,0.117000,-0.117000,1449,36251,24972,0.007300,-1.197961,1.435714,3.758380,2.806447,17,-15,0.822972,-0.726152,34,-42,-1,0,,105288
1788459146.185272,37.659010,rx,-1,0.000000,-1.200000,0.117000,-0.117000,1450,36276,24988,0.000000,-1.197194,1.435714,3.758380,2.776532,16,-16,0.774066,-0.774066,36,-40,-1,0,,105288
1788459146.185329,37.659072,tx,-1,0.000000,-1.200000,0.117000,-0.117000,,,,,,,,,,,,,,,,,aa550109000000009a9999bf001f94,105432
1788459146.199194,37.672933,rx,-1,0.000000,-1.200000,0.117000,-0.117000,1451,36301,25028,-0.010926,-1.083223,1.435968,3.758279,2.749421,13,-16,0.627923,-0.772829,45,-40,-1,0,,105432
1788459146.199269,37.673011,rx,-1,0.000000,-1.200000,0.117000,-0.117000,1452,36326,24984,-0.003648,-1.159967,1.436052,3.758243,2.720440,15,-16,0.725803,-0.774190,40,-40,-1,0,,105432
1788459146.199281,37.673024,tx,-1,0.000000,-1.200000,0.117000,-0.117000,,,,,,,,,,,,,,,,,aa550109000000009a9999bf001f94,105576
1788459146.222072,37.695814,key,100,0.000000,-1.200000,0.117000,-0.117000,,,,,,,,,,,,,,,,,aa550109000000009a9999bf001f94,105576
1788459146.252943,37.726682,rx,-1,0.000000,-1.200000,0.117000,-0.117000,1453,36350,25016,-0.010931,-1.382706,1.436299,3.758127,2.685850,17,-20,0.821525,-0.966500,35,-29,-1,0,,105576
1788459146.291572,37.765308,rx,-1,0.000000,-1.200000,0.117000,-0.117000,1454,36376,25016,-0.007287,-1.270595,1.436462,3.758044,2.654065,16,-18,0.773200,-0.869850,37,-34,-1,0,,105576
1788459146.291616,37.765359,tx,-1,0.000000,-1.200000,0.117000,-0.117000,,,,,,,,,,,,,,,,,aa550109000000009a9999bf001f94,105720
1788459146.302655,37.776397,key,100,0.000000,-1.200000,0.117000,-0.117000,,,,,,,,,,,,,,,,,aa550109000000009a9999bf001f94,105720
1788459146.304941,37.778681,rx,-1,0.000000,-1.200000,0.117000,-0.117000,1455,36401,24964,0.014605,-1.048552,1.436142,3.758219,2.627889,16,-12,0.774810,-0.581108,37,-49,-1,0,,105720
1788459146.305016,37.778758,rx,-1,0.000000,-1.200000,0.117000,-0.117000,1456,36426,25044,0.000000,-1.119860,1.436142,3.758219,2.599844,15,-15,0.724064,-0.724064,40,-42,-1,0,,105720
1788459146.305027,37.778770,tx,-1,0.000000,-1.200000,0.117000,-0.117000,,,,,,,,,,,,,,,,,aa550109000000009a9999bf001f94,105864
1788459146.358288,37.832027,rx,-1,0.000000,-1.200000,0.117000,-0.117000,1457,36451,24980,-0.014595,-1.347275,1.436451,3.758026,2.566189,16,-20,0.774314,-0.967892,37,-29,-1,0,,105864
1788459146.394082,37.867820,rx,-1,0.000000,-1.200000,0.117000,-0.117000,1458,36475,24992,0.003647,-1.159596,1.436375,3.758077,2.537208,16,-15,0.773942,-0.725571,37,-42,-1,0,,105864
1788459146.394127,37.867870,tx,-1,0.000000,-1.200000,0.117000,-0.117000,,,,,,,,,,,,,,,,,aa550109000000009a9999bf001f94,106040
1788459146.399903,37.873646,key,100,0.000000,-1.200000,0.117000,-0.117000,,,,,,,,,,,,,,,,,aa550109000000009a9999bf001f94,106040
1788459146.413493,37.887231,rx,-1,0.000000,-1.200000,0.117000,-0.117000,1459,36501,25008,0.018224,-1.233619,1.436004,3.758342,2.506357,19,-14,0.918468,-0.676766,29,-44,-1,0,,106040
1788459146.413571,37.887312,rx,-1,0.000000,-1.200000,0.117000,-0.117000,1460,36526,24988,-0.014591,-1.272019,1.436294,3.758121,2.474572,15,-19,0.725687,-0.919203,40,-32,-1,0,,106040
1788459146.413588,37.887331,tx,-1,0.000000,-1.200000,0.117000,-0.117000,,,,,,,,,,,,,,,,,aa550109000000009a9999bf001f94,106216
1788459146.466962,37.940700,rx,-1,0.000000,-1.200000,0.117000,-0.117000,1461,36551,24988,0.010943,-1.234606,1.436082,3.758293,2.443722,18,-15,0.870824,-0.725687,31,-42,-1,0,,106216
1788459146.505119,37.978854,rx,-1,0.000000,-1.200000,0.117000,-0.117000,1462,36576,24992,0.000000,-1.047377,1.436082,3.758293,2.417546,14,-14,0.677199,-0.677199,42,-44,-1,0,,106216
1788459146.505210,37.978951,rx,-1,0.000000,-1.200000,0.117000,-0.117000,1463,36600,25012,-0.007288,-1.121292,1.436217,3.758170,2.389500,14,-16,0.676658,-0.773323,43,-40,-1,0,,106216
1788459146.505223,37.978966,tx,-1,0.000000,-1.200000,0.117000,-0.117000,,,,,,,,,,,,,,,,,aa550109000000009a9999bf001f94,106368
1788459146.510960,37.984702,key,100,0.000000,-1.200000,0.117000,-0.117000,,,,,,,,,,,,,,,,,aa550109000000009a9999bf001f94,106368
1788459146.519109,37.992846,rx,-1,0.000000,-1.200000,0.117000,-0.117000,1464,36626,24988,-0.003648,-1.234606,1.436283,3.758107,2.358650,16,-17,0.774066,-0.822445,37,-37,-1,0,,106368
1788459146.519198,37.992939,rx,-1,0.000000,-1.200000,0.117000,-0.117000,1465,36651,25012,-0.003644,-1.233422,1.436346,3.758042,2.327799,16,-17,0.773323,-0.821656,37,-37,-1,0,,106368
1788459146.519212,37.992955,tx,-1,0.000000,-1.200000,0.117000,-0.117000,,,,,,,,,,,,,,,,,aa550109000000009a9999bf001f94,106512
1788459146.558486,38.032226,key,100,0.000000,-1.200000,0.117000,-0.117000,,,,,,,,,,,,,,,,,aa550109000000009a9999bf001f94,106512
1788459146.572387,38.046122,rx,-1,0.000000,-1.200000,0.117000,-0.117000,1466,36676,25004,-0.010936,-1.308593,1.436531,3.757840,2.295079,16,-19,0.773571,-0.918615,37,-31,-1,0,,106512
1788459146.612689,38.086426,rx,-1,0.000000,-1.200000,0.117000,-0.117000,1467,36701,25016,0.014574,-1.195854,1.436293,3.758117,2.265164,18,-14,0.869850,-0.676550,32,-44,-1,0,,106512
1788459146.612974,38.086716,tx,-1,0.000000,-1.200000,0.117000,-0.117000,,,,,,,,,,,,,,,,,aa550109000000009a9999bf001f94,106656
1788459146.626835,38.100571,rx,-1,0.000000,-1.200000,0.117000,-0.117000,1468,36726,25016,0.000000,-1.046372,1.436293,3.758117,2.238988,14,-14,0.676550,-0.676550,43,-44,-1,0,,106656
1788459146.626926,38.100667,rx,-1,0.000000,-1.200000,0.117000,-0.117000,1469,36751,24988,0.007295,-1.272019,1.436183,3.758262,2.207202,18,-16,0.870824,-0.774066,32,-39,-1,0,,106656
1788459146.626939,38.100682,tx,-1,0.000000,-1.200000,0.117000,-0.117000,,,,,,,,,,,,,,,,,aa550109000000009a9999bf001f94,106800
1788459146.644097,38.117839,key,100,0.000000,-1.200000,0.117000,-0.117000,,,,,,,,,,,,,,,,,aa550109000000009a9999bf001f94,106800
1788459146.680661,38.154400,rx,-1,0.000000,-1.200000,0.117000,-0.117000,1470,36775,24992,-0.010941,-1.159596,1.436342,3.758039,2.178222,14,-17,0.677199,-0.822313,43,-37,-1,0,,106800
1788459146.718930,38.192667,rx,-1,0.000000,-1.200000,0.117000,-0.117000,1471,36801,24984,-0.007297,-1.122549,1.436444,3.757888,2.150176,14,-16,0.677416,-0.774190,43,-39,-1,0,,106800
1788459146.718974,38.192716,tx,-1,0.000000,-1.200000,0.117000,-0.117000,,,,,,,,,,,,,,,,,aa550109000000009a9999bf001f94,106944
1788459146.724694,38.198436,key,100,0.000000,-1.200000,0.117000,-0.117000,,,,,,,,,,,,,,,,,aa550109000000009a9999bf001f94,106944
1788459146.732921,38.206653,rx,-1,0.000000,-1.200000,0.117000,-0.117000,1472,36826,25008,0.000000,-1.196236,1.436444,3.757888,2.120260,16,-16,0.773447,-0.773447,38,-39,-1,0,,106944
1788459146.733024,38.206765,rx,-1,0.000000,-1.200000,0.117000,-0.117000,1473,36851,25020,-0.007286,-1.345121,1.436537,3.757731,2.086606,17,-19,0.821393,-0.918028,35,-31,-1,0,,106944
1788459146.733038,38.206780,tx,-1,0.000000,-1.200000,0.117000,-0.117000,,,,,,,,,,,,,,,,,aa550109000000009a9999bf001f94,107088
1788459146.786189,38.259928,rx,-1,0.000000,-1.200000,0.117000,-0.117000,1474,36876,25192,0.014473,-1.261718,1.436362,3.758051,2.054820,19,-15,0.911760,-0.719810,30,-42,-1,0,,107088
1788459146.824254,38.297985,rx,-1,0.000000,-1.200000,0.117000,-0.117000,1475,36900,24800,-0.011026,-1.168573,1.436486,3.757807,2.025840,14,-17,0.682442,-0.828680,42,-36,-1,0,,107088
1788459146.824326,38.298068,tx,-1,0.000000,-1.200000,0.117000,-0.117000,,,,,,,,,,,,,,,,,aa550109000000009a9999bf001f94,107232
1788459146.830134,38.303875,key,100,0.000000,-1.200000,0.117000,-0.117000,,,,,,,,,,,,,,,,,aa550109000000009a9999bf001f94,107232
1788459146.838324,38.312062,rx,-1,0.000000,-1.200000,0.117000,-0.117000,1476,36926,24988,0.010943,-1.159782,1.436369,3.758054,1.996859,17,-14,0.822445,-0.677308,35,-44,-1,0,,107232
1788459146.838404,38.312144,rx,-1,0.000000,-1.200000,0.117000,-0.117000,1477,36951,24984,0.000000,-1.122549,1.436369,3.758054,1.968813,15,-15,0.725803,-0.725803,40,-42,-1,0,,107232
1788459146.838419,38.312162,tx,-1,0.000000,-1.200000,0.117000,-0.117000,,,,,,,,,,,,,,,,,aa550109000000009a9999bf001f94,107408
1788459146.889683,38.363424,key,100,0.000000,-1.200000,0.117000,-0.117000,,,,,,,,,,,,,,,,,aa550109000000009a9999bf001f94,107408
1788459146.892145,38.365885,rx,-1,0.000000,-1.200000,0.117000,-0.117000,1478,36976,25028,0.007284,-1.269986,1.436301,3.758224,1.937028,18,-16,0.869433,-0.772829,32,-39,-1,0,,107408
1788459146.938985,38.412721,rx,-1,0.000000,-1.200000,0.117000,-0.117000,1479,37001,24972,-0.007300,-1.123089,1.436364,3.758052,1.908982,14,-16,0.677742,-0.774562,43,-39,-1,0,,107408
1788459146.939070,38.412812,tx,-1,0.000000,-1.200000,0.117000,-0.117000,,,,,,,,,,,,,,,,,aa550109000000009a9999bf001f94,107639
1788459146.946960,38.420696,rx,-1,0.000000,-1.200000,0.117000,-0.117000,1480,37026,25012,-0.003644,-1.083916,1.436393,3.757966,1.881871,14,-15,0.676658,-0.724991,43,-42,-1,0,,107639
1788459146.947044,38.420785,rx,-1,0.000000,-1.200000,0.117000,-0.117000,1481,37051,25008,0.000000,-1.196236,1.436393,3.757966,1.851956,16,-16,0.773447,-0.773447,38,-40,-1,0,,107639
1788459146.947092,38.420833,rx,-1,0.000000,-1.200000,0.117000,-0.117000,1482,37075,25008,0.000000,-1.196236,1.436393,3.757966,1.822040,16,-16,0.773447,-0.773447,38,-40,-1,0,,107639
1788459146.947103,38.420845,tx,-1,0.000000,-1.200000,0.117000,-0.117000,,,,,,,,,,,,,,,,,aa550109000000009a9999bf001f94,107791
1788459146.975508,38.449249,key,100,0.000000,-1.200000,0.117000,-0.117000,,,,,,,,,,,,,,,,,aa550109000000009a9999bf001f94,107791
1788459147.000218,38.473957,rx,-1,0.000000,-1.200000,0.117000,-0.117000,1483,37101,24980,0.000000,-1.422123,1.436393,3.757966,1.786516,19,-19,0.919498,-0.919498,30,-32,-1,0,,107791
1788459147.038895,38.512630,rx,-1,0.000000,-1.200000,0.117000,-0.117000,1484,37126,25004,0.003645,-1.159040,1.436375,3.758055,1.757535,16,-15,0.773571,-0.725223,37,-42,-1,0,,107791
1788459147.038959,38.512702,tx,-1,0.000000,-1.200000,0.117000,-0.117000,,,,,,,,,,,,,,,,,aa550109000000009a9999bf001f94,107935
1788459147.052226,38.525962,rx,-1,0.000000,-1.200000,0.117000,-0.117000,1485,37151,25004,-0.018227,-1.084263,1.436453,3.757607,1.730424,12,-17,0.580178,-0.821919,49,-37,-1,0,,107935
1788459147.052315,38.526056,rx,-1,0.000000,-1.200000,0.117000,-0.117000,1486,37176,25008,0.010934,-1.233619,1.436414,3.757877,1.699574,18,-15,0.870128,-0.725106,33,-42,-1,0,,107935
1788459147.052328,38.526070,tx,-1,0.000000,-1.200000,0.117000,-0.117000,,,,,,,,,,,,,,,,,aa550109000000009a9999bf001f94,108079
1788459147.058057,38.531799,key,100,0.000000,-1.200000,0.117000,-0.117000,,,,,,,,,,,,,,,,,aa550109000000009a9999bf001f94,108079
1788459147.105818,38.579557,rx,-1,0.000000,-1.200000,0.117000,-0.117000,1487,37200,25004,0.003645,-1.084263,1.436404,3.757968,1.672463,15,-14,0.725223,-0.676874,41,-45,-1,0,,108079
1788459147.150529,38.624264,rx,-1,0.000000,-1.200000,0.117000,-0.117000,1488,37226,25016,-0.007287,-1.121113,1.436419,3.757786,1.644417,14,-16,0.676550,-0.773200,44,-40,-1,0,,108079
1788459147.150587,38.624329,tx,-1,0.000000,-1.200000,0.117000,-0.117000,,,,,,,,,,,,,,,,,aa550109000000009a9999bf001f94,108223
1788459147.156221,38.629962,key,100,0.000000,-1.200000,0.117000,-0.117000,,,,,,,,,,,,,,,,,aa550109000000009a9999bf001f94,108223
1788459147.158753,38.632493,rx,-1,0.000000,-1.200000,0.117000,-0.117000,1489,37251,24976,-0.007299,-1.197769,1.436430,3.757604,1.614502,15,-17,0.726036,-0.822840,41,-37,-1,0,,108223
1788459147.158811,38.632552,rx,-1,0.000000,-1.200000,0.117000,-0.117000,1490,37276,24976,-0.010948,-1.310060,1.436438,3.757331,1.581782,16,-19,0.774438,-0.919645,39,-31,-1,0,,108223
1788459147.158821,38.632564,tx,-1,0.000000,-1.200000,0.117000,-0.117000,,,,,,,,,,,,,,,,,aa550109000000009a9999bf001f94,108367
1788459147.211642,38.685380,rx,-1,0.000000,-1.200000,0.117000,-0.117000,1491,37301,25028,0.010926,-1.083223,1.436438,3.757604,1.554671,16,-13,0.772829,-0.627923,39,-47,-1,0,,108367
1788459147.250260,38.723996,rx,-1,0.000000,-1.200000,0.117000,-0.117000,1492,37325,24996,0.007293,-1.047210,1.436444,3.757787,1.528495,15,-13,0.725455,-0.628727,41,-47,-1,0,,108367
1788459147.250310,38.724052,tx,-1,0.000000,-1.200000,0.117000,-0.117000,,,,,,,,,,,,,,,,,aa550109000000009a9999bf001f94,108511
1788459147.256076,38.729818,key,100,0.000000,-1.200000,0.117000,-0.117000,,,,,,,,,,,,,,,,,aa550109000000009a9999bf001f94,108511
1788459147.264251,38.737983,rx,-1,0.000000,-1.200000,0.117000,-0.117000,1493,37351,24988,-0.003648,-1.159782,1.436439,3.757695,1.499514,15,-16,0.725687,-0.774066,42,-40,-1,0,,108511
1788459147.264340,38.738081,rx,-1,0.000000,-1.200000,0.117000,-0.117000,1494,37376,25028,0.000000,-1.269986,1.436439,3.757695,1.467729,17,-17,0.821131,-0.821131,36,-37,-1,0,,108511
1788459147.264353,38.738095,tx,-1,0.000000,-1.200000,0.117000,-0.117000,,,,,,,,,,,,,,,,,aa550109000000009a9999bf001f94,108655
1788459147.309187,38.782929,key,100,0.000000,-1.200000,0.117000,-0.117000,,,,,,,,,,,,,,,,,aa550109000000009a9999bf001f94,108655
1788459147.317304,38.791042,rx,-1,0.000000,-1.200000,0.117000,-0.117000,1495,37401,24976,0.000000,-1.422351,1.436439,3.757695,1.432204,19,-19,0.919645,-0.919645,30,-32,-1,0,,108655
1788459147.357197,38.830934,rx,-1,0.000000,-1.200000,0.117000,-0.117000,1496,37426,25028,0.003642,-1.008518,1.436452,3.757786,1.406963,14,-13,0.676225,-0.627923,44,-47,-1,0,,108655
1788459147.357244,38.830986,tx,-1,0.000000,-1.200000,0.117000,-0.117000,,,,,,,,,,,,,,,,,aa550109000000009a9999bf001f94,108799
1788459147.370513,38.844248,rx,-1,0.000000,-1.200000,0.117000,-0.117000,1497,37451,24996,-0.010940,-1.159411,1.436404,3.757516,1.377982,14,-17,0.677091,-0.822182,44,-37,-1,0,,108799
1788459147.370600,38.844341,rx,-1,0.000000,-1.200000,0.117000,-0.117000,1498,37476,25004,-0.007291,-1.271205,1.436366,3.757338,1.346197,16,-18,0.773571,-0.870267,39,-34,-1,0,,108799
1788459147.370617,38.844359,tx,-1,0.000000,-1.200000,0.117000,-0.117000,,,,,,,,,,,,,,,,,aa550109000000009a9999bf001f94,108975
1788459147.393390,38.867131,key,100,0.000000,-1.200000,0.117000,-0.117000,,,,,,,,,,,,,,,,,aa550109000000009a9999bf001f94,108975
1788459147.424354,38.898093,rx,-1,0.000000,-1.200000,0.117000,-0.117000,1499,37500,24968,0.003651,-1.235595,1.436388,3.757427,1.315347,17,-16,0.823104,-0.774686,36,-39,-1,0,,108975
1788459147.465259,38.938996,rx,-1,0.000000,-1.200000,0.117000,-0.117000,1500,37526,25008,0.010934,-1.308384,1.436461,3.757690,1.282627,19,-16,0.918468,-0.773447,30,-39,-1,0,,108975
1788459147.465313,38.939055,tx,-1,0.000000,-1.200000,0.117000,-0.117000,,,,,,,,,,,,,,,,,aa550109000000009a9999bf001f94,109151
1788459147.476619,38.950360,key,100,0.000000,-1.200000,0.117000,-0.117000,,,,,,,,,,,,,,,,,aa550109000000009a9999bf001f94,109151
1788459147.479065,38.952804,rx,-1,0.000000,-1.200000,0.117000,-0.117000,1501,37551,24984,-0.007297,-1.122549,1.436407,3.757516,1.254581,14,-16,0.677416,-0.774190,44,-39,-1,0,,109151
1788459147.479130,38.952871,rx,-1,0.000000,-1.200000,0.117000,-0.117000,1502,37576,25008,0.014579,-1.121472,1.436525,3.757861,1.226535,17,-13,0.821787,-0.628426,36,-47,-1,0,,109151
1788459147.479202,38.952943,rx,-1,0.000000,-1.200000,0.117000,-0.117000,1503,37601,25000,0.014584,-1.196619,1.436653,3.758202,1.196620,18,-14,0.870406,-0.676983,33,-45,-1,0,,109151
1788459147.479212,38.952954,tx,-1,0.000000,-1.200000,0.117000,-0.117000,,,,,,,,,,,,,,,,,aa550109000000009a9999bf001f94,109303
1788459147.532245,39.005983,rx,-1,0.000000,-1.200000,0.117000,-0.117000,1504,37625,25000,0.003646,-1.234014,1.436688,3.758287,1.165769,17,-16,0.822050,-0.773694,35,-40,-1,0,,109303
1788459147.571898,39.045635,rx,-1,0.000000,-1.200000,0.117000,-0.117000,1505,37651,24992,-0.003647,-1.234409,1.436651,3.758204,1.134919,16,-17,0.773942,-0.822313,38,-38,-1,0,,109303
1788459147.571935,39.045677,tx,-1,0.000000,-1.200000,0.117000,-0.117000,,,,,,,,,,,,,,,,,aa550109000000009a9999bf001f94,109447
1788459147.577649,39.051390,key,100,0.000000,-1.200000,0.117000,-0.117000,,,,,,,,,,,,,,,,,aa550109000000009a9999bf001f94,109447
1788459147.585811,39.059548,rx,-1,0.000000,-1.200000,0.117000,-0.117000,1506,37676,25008,-0.010934,-1.084089,1.436532,3.757957,1.107808,13,-16,0.628426,-0.773447,46,-40,-1,0,,109447
1788459147.585894,39.059634,rx,-1,0.000000,-1.200000,0.117000,-0.117000,1507,37701,24992,0.000000,-1.346628,1.436532,3.757957,1.074153,18,-18,0.870685,-0.870685,33,-35,-1,0,,109447
1788459147.585909,39.059650,tx,-1,0.000000,-1.200000,0.117000,-0.117000,,,,,,,,,,,,,,,,,aa550109000000009a9999bf001f94,109591
1788459147.639350,39.113087,rx,-1,0.000000,-1.200000,0.117000,-0.117000,1508,37726,25004,0.007291,-1.121651,1.436621,3.758116,1.046108,16,-14,0.773571,-0.676874,38,-45,-1,0,,109591
1788459147.685461,39.159196,rx,-1,0.000000,-1.200000,0.117000,-0.117000,1509,37751,25020,0.014572,-1.195663,1.436808,3.758429,1.016192,18,-14,0.869711,-0.676441,33,-46,-1,0,,109591
1788459147.685519,39.159261,tx,-1,0.000000,-1.200000,0.117000,-0.117000,,,,,,,,,,,,,,,,,aa550109000000009a9999bf001f94,109735
1788459147.691300,39.165040,key,100,0.000000,-1.200000,0.117000,-0.117000,,,,,,,,,,,,,,,,,aa550109000000009a9999bf001f94,109735
1788459147.693866,39.167602,rx,-1,0.000000,-1.200000,0.117000,-0.117000,1510,37776,24988,-0.007295,-1.122369,1.436710,3.758276,0.988146,14,-16,0.677308,-0.774066,43,-41,-1,0,,109735
1788459147.693969,39.167709,rx,-1,0.000000,-1.200000,0.117000,-0.117000,1511,37800,25036,-0.007281,-1.194899,1.436608,3.758125,0.958231,15,-17,0.724296,-0.820868,41,-38,-1,0,,109735
1788459147.693986,39.167727,tx,-1,0.000000,-1.200000,0.117000,-0.117000,,,,,,,,,,,,,,,,,aa550109000000009a9999bf001f94,109879
1788459147.728170,39.201910,key,100,0.000000,-1.200000,0.117000,-0.117000,,,,,,,,,,,,,,,,,aa550109000000009a9999bf001f94,109879
1788459147.746907,39.220645,rx,-1,0.000000,-1.200000,0.117000,-0.117000,1512,37826,25168,-0.003622,-1.448645,1.436554,3.758051,0.921771,19,-20,0.912629,-0.960662,30,-30,-1,0,,109879
1788459147.787574,39.261308,rx,-1,0.000000,-1.200000,0.117000,-0.117000,1513,37851,24804,-0.007350,-1.206075,1.436442,3.757908,0.891856,15,-17,0.731070,-0.828546,40,-37,-1,0,,109879
1788459147.787627,39.261368,tx,-1,0.000000,-1.200000,0.117000,-0.117000,,,,,,,,,,,,,,,,,aa550109000000009a9999bf001f94,110023
1788459147.801488,39.275224,rx,-1,0.000000,-1.200000,0.117000,-0.117000,1514,37876,24996,0.007293,-0.972409,1.436558,3.758048,0.867549,14,-12,0.677091,-0.580364,44,-50,-1,0,,110023
1788459147.801567,39.275308,rx,-1,0.000000,-1.200000,0.117000,-0.117000,1515,37901,25016,0.003644,-1.083743,1.436618,3.758117,0.840438,15,-14,0.724875,-0.676550,41,-46,-1,0,,110023
1788459147.801581,39.275323,tx,-1,0.000000,-1.200000,0.117000,-0.117000,,,,,,,,,,,,,,,,,aa550109000000009a9999bf001f94,110199
1788459147.813066,39.286807,key,100,0.000000,-1.200000,0.117000,-0.117000,,,,,,,,,,,,,,,,,aa550109000000009a9999bf001f94,110199
1788459147.855007,39.328743,rx,-1,0.000000,-1.200000,0.117000,-0.117000,1516,37925,25008,-0.003645,-1.233619,1.436556,3.758050,0.809588,16,-17,0.773447,-0.821787,39,-38,-1,0,,110199
1788459147.894743,39.368478,rx,-1,0.000000,-1.200000,0.117000,-0.117000,1517,37951,24960,0.000000,-1.273446,1.436556,3.758050,0.777803,17,-17,0.823368,-0.823368,36,-38,-1,0,,110199
1788459147.894825,39.368565,rx,-1,0.000000,-1.200000,0.117000,-0.117000,1518,37976,24996,0.000000,-1.196811,1.436556,3.758050,0.747887,16,-16,0.773818,-0.773818,38,-40,-1,0,,110199
1788459147.894835,39.368576,tx,-1,0.000000,-1.200000,0.117000,-0.117000,,,,,,,,,,,,,,,,,aa550109000000009a9999bf001f94,110383
1788459147.900544,39.374286,key,100,0.000000,-1.200000,0.117000,-0.117000,,,,,,,,,,,,,,,,,aa550109000000009a9999bf001f94,110383
1788459147.908614,39.382347,rx,-1,0.000000,-1.200000,0.117000,-0.117000,1519,38001,25008,0.000000,-1.196236,1.436556,3.758050,0.717972,16,-16,0.773447,-0.773447,38,-40,-1,0,,110383
1788459147.908733,39.382472,rx,-1,0.000000,-1.200000,0.117000,-0.117000,1520,38026,24996,-0.010940,-1.309012,1.436347,3.757873,0.685252,16,-19,0.773818,-0.918909,38,-32,-1,0,,110383
1788459147.908746,39.382487,tx,-1,0.000000,-1.200000,0.117000,-0.117000,,,,,,,,,,,,,,,,,aa550109000000009a9999bf001f94,110582
1788459147.962600,39.436335,rx,-1,0.000000,-1.200000,0.117000,-0.117000,1521,38051,25024,-0.007285,-1.270189,1.436204,3.757760,0.653467,16,-18,0.772952,-0.869571,38,-34,-1,0,,110582
1788459148.016013,39.489748,rx,-1,0.000000,-1.200000,0.117000,-0.117000,1522,38076,25012,0.007288,-1.121292,1.436350,3.757869,0.625421,16,-14,0.773323,-0.676658,38,-45,-1,0,,110582
1788459148.016063,39.489804,tx,-1,0.000000,-1.200000,0.117000,-0.117000,,,,,,,,,,,,,,,,,aa550109000000009a9999bf001f94,110726
1788459148.021852,39.495593,key,115,-0.300000,0.000000,-0.300000,-0.300000,,,,,,,,,,,,,,,,,aa5501099a9999be0000000000e17f,110726
1788459148.024330,39.498066,rx,-1,-0.300000,0.000000,-0.300000,-0.300000,1523,38100,24996,-0.007293,-1.271611,1.436201,3.757765,0.593636,16,-18,0.773818,-0.870546,38,-34,-1,0,,110726
1788459148.024409,39.498149,rx,-1,-0.300000,0.000000,-0.300000,-0.300000,1524,38126,25008,-0.010934,-1.308384,1.435972,3.757615,0.560916,16,-19,0.773447,-0.918468,38,-31,-1,0,,110726
1788459148.024422,39.498163,tx,-1,-0.300000,0.000000,-0.300000,-0.300000,,,,,,,,,,,,,,,,,aa5501099a9999be0000000000e17f,110870
1788459148.077478,39.551215,rx,-1,-0.300000,0.000000,-0.300000,-0.300000,1525,38151,24972,0.007300,-1.123089,1.436127,3.757710,0.532870,16,-14,0.774562,-0.677742,38,-44,-1,0,,110870
1788459148.114475,39.588211,rx,-1,-0.300000,0.000000,-0.300000,-0.300000,1526,38176,25032,-0.007283,-1.195090,1.435969,3.757620,0.502954,15,-17,0.724411,-0.820999,-213,-131,-1,0,,110870
1788459148.114535,39.588277,tx,-1,-0.300000,0.000000,-0.300000,-0.300000,,,,,,,,,,,,,,,,,aa5501099a9999be0000000000e17f,111046
1788459148.120113,39.593854,key,119,0.300000,0.000000,0.300000,0.300000,,,,,,,,,,,,,,,,,aa5501099a99993e0000000000c1ab,111046
1788459148.127724,39.601460,rx,-1,0.300000,0.000000,0.300000,0.300000,1527,38201,24964,-0.105885,-0.636621,1.433643,3.756364,0.487062,-6,-23,-0.290554,-1.113790,-165,-120,-1,0,,111046
1788459148.127803,39.601543,rx,-1,0.300000,0.000000,0.300000,0.300000,1528,38225,24992,-0.269887,0.000000,1.427682,3.753207,0.487062,-37,-37,-1.789741,-1.789741,-86,-87,-1,0,,111046
1788459148.127817,39.601558,tx,-1,0.300000,0.000000,0.300000,0.300000,,,,,,,,,,,,,,,,,aa5501099a99993e0000000000c1ab,111158
1788459148.179978,39.653713,rx,-1,0.300000,0.000000,0.300000,0.300000,1529,38251,25024,-0.356960,0.224151,1.419800,3.749004,0.492671,-52,-46,-2.512095,-2.222238,-45,-64,-1,0,,111158
1788459148.237887,39.711621,rx,-1,0.300000,0.000000,0.300000,0.300000,1530,38276,24980,-0.335696,0.074848,1.412416,3.745031,0.494541,-47,-45,-2.274547,-2.177758,229,229,-1,12,,111158
1788459148.237948,39.711689,tx,-1,0.300000,0.000000,0.300000,0.300000,,,,,,,,,,,,,,,,,aa5501099a99993e0000000000c1ab,111334
1788459148.246060,39.719794,rx,-1,0.300000,0.000000,0.300000,0.300000,1531,38301,25028,-0.116540,-0.074705,1.409847,3.743649,0.492671,-15,-17,-0.724527,-0.821131,213,207,-1,0,,111334
1788459148.246153,39.719892,rx,-1,0.300000,0.000000,0.300000,0.300000,1532,38326,24996,0.193266,-0.037400,1.414104,3.745932,0.491736,27,26,1.305818,1.257455,107,106,-1,0,,111334
1788459148.246203,39.719943,rx,-1,0.300000,0.000000,0.300000,0.300000,1533,38350,24988,0.328293,-0.074824,1.421340,3.749799,0.489866,46,44,2.225440,2.128682,56,61,-1,0,,111334
1788459148.246213,39.719954,tx,-1,0.300000,0.000000,0.300000,0.300000,,,,,,,,,,,,,,,,,aa5501099a99993e0000000000c1ab,111518
1788459148.299505,39.773241,rx,-1,0.300000,0.000000,0.300000,0.300000,1534,38376,25032,0.345922,0.037347,1.428978,3.753876,0.490801,47,48,2.269822,2.318116,53,50,-1,0,,111518
1788459148.335163,39.808899,rx,-1,0.300000,0.000000,0.300000,0.300000,1535,38401,24952,0.288584,0.037466,1.435328,3.757273,0.491736,39,40,1.889508,1.937957,74,69,-1,0,,111518
1788459148.335203,39.808944,tx,-1,0.300000,0.000000,0.300000,0.300000,,,,,,,,,,,,,,,,,aa5501099a99993e0000000000c1ab,111662
1788459148.354400,39.828137,rx,-1,0.300000,0.000000,0.300000,0.300000,1536,38426,25044,0.265687,-0.037329,1.441195,3.760412,0.490801,37,36,1.786025,1.737754,80,81,-1,0,,111662
1788459148.354475,39.828215,rx,-1,0.300000,0.000000,0.300000,0.300000,1537,38451,24976,0.277358,-0.074861,1.447307,3.763672,0.488931,39,37,1.887692,1.790888,75,79,-1,0,,111662
1788459148.354485,39.828226,tx,-1,0.300000,0.000000,0.300000,0.300000,,,,,,,,,,,,,,,,,aa5501099a99993e0000000000c1ab,111806
1788459148.407881,39.881617,rx,-1,0.300000,0.000000,0.300000,0.300000,1538,38476,24992,0.295416,-0.037406,1.453827,3.767136,0.487997,41,40,1.983227,1.934855,70,72,-1,0,,111806
1788459148.449945,39.923681,rx,-1,0.300000,0.000000,0.300000,0.300000,1539,38501,25000,0.298968,0.074789,1.460425,3.770647,0.489866,40,42,1.934236,2.030948,73,67,-1,0,,111806
1788459148.449984,39.923725,tx,-1,0.300000,0.000000,0.300000,0.300000,,,,,,,,,,,,,,,,,aa5501099a99993e0000000000c1ab,111982
1788459148.458010,39.931744,rx,-1,0.300000,0.000000,0.300000,0.300000,1540,38525,25036,0.287616,0.037341,1.466778,3.774038,0.490801,39,40,1.883168,1.931455,76,72,-1,0,,111982
1788459148.458092,39.931832,rx,-1,0.300000,0.000000,0.300000,0.300000,1541,38551,24976,0.284657,-0.074861,1.473051,3.777383,0.488931,40,38,1.936095,1.839290,73,77,-1,0,,111982
1788459148.458108,39.931849,tx,-1,0.300000,0.000000,0.300000,0.300000,,,,,,,,,,,,,,,,,aa5501099a99993e0000000000c1ab,112126
1788459148.511639,39.985376,rx,-1,0.300000,0.000000,0.300000,0.300000,1542,38576,24976,0.281008,-0.037430,1.479249,3.780676,0.487997,39,38,1.887692,1.839290,76,78,-1,0,,112126
1788459148.550156,40.023890,rx,-1,0.300000,0.000000,0.300000,0.300000,1543,38601,25024,0.291396,0.000000,1.485690,3.784095,0.487997,40,40,1.932381,1.932381,74,74,-1,0,,112126
1788459148.550214,40.023955,tx,-1,0.300000,0.000000,0.300000,0.300000,,,,,,,,,,,,,,,,,aa5501099a99993e0000000000c1ab,112302
1788459148.564170,40.037906,rx,-1,0.300000,0.000000,0.300000,0.300000,1544,38626,25008,0.291583,0.000000,1.492130,3.787514,0.487997,40,40,1.933617,1.933617,74,74,-1,0,,112302
1788459148.564251,40.037990,rx,-1,0.300000,0.000000,0.300000,0.300000,1545,38650,24968,0.288399,0.037442,1.498489,3.790893,0.488931,39,40,1.888297,1.936715,77,74,-1,0,,112302
1788459148.564298,40.038038,rx,-1,0.300000,0.000000,0.300000,0.300000,1546,38676,25032,0.291303,0.000000,1.504926,3.794318,0.488931,40,40,1.931763,1.931763,75,74,-1,0,,112302
1788459148.564307,40.038048,tx,-1,0.300000,0.000000,0.300000,0.300000,,,,,,,,,,,,,,,,,aa5501099a99993e0000000000c1ab,112454
1788459148.587119,40.060859,key,119,0.300000,0.000000,0.300000,0.300000,,,,,,,,,,,,,,,,,aa5501099a99993e0000000000c1ab,112454
1788459148.617420,40.091153,rx,-1,0.300000,0.000000,0.300000,0.300000,1547,38701,24972,0.284703,-0.074873,1.511206,3.797652,0.487062,40,38,1.936405,1.839585,75,80,-1,0,,112454
1788459148.659170,40.132904,rx,-1,0.300000,0.000000,0.300000,0.300000,1548,38726,24996,0.288076,0.037400,1.517568,3.801025,0.487997,39,40,1.886182,1.934546,78,75,-1,0,,112454
1788459148.659229,40.132970,tx,-1,0.300000,0.000000,0.300000,0.300000,,,,,,,,,,,,,,,,,aa5501099a99993e0000000000c1ab,112598
1788459148.664573,40.138313,key,119,0.300000,0.000000,0.300000,0.300000,,,,,,,,,,,,,,,,,aa5501099a99993e0000000000c1ab,112598
1788459148.672716,40.146449,rx,-1,0.300000,0.000000,0.300000,0.300000,1549,38751,25020,0.291443,0.000000,1.524009,3.804444,0.487997,40,40,1.932690,1.932690,76,75,-1,0,,112598
1788459148.672979,40.146718,rx,-1,0.300000,0.000000,0.300000,0.300000,1550,38775,25012,0.298824,0.000000,1.530611,3.807948,0.487997,41,41,1.981641,1.981641,73,73,-1,0,,112598
1788459148.672995,40.146735,tx,-1,0.300000,0.000000,0.300000,0.300000,,,,,,,,,,,,,,,,,aa5501099a99993e0000000000c1ab,112742
1788459148.726567,40.200304,rx,-1,0.300000,0.000000,0.300000,0.300000,1551,38801,24968,0.299351,0.000000,1.537212,3.811452,0.487997,41,41,1.985133,1.985133,73,73,-1,0,,112742
1788459148.764941,40.238676,rx,-1,0.300000,0.000000,0.300000,0.300000,1552,38825,25004,0.298920,0.000000,1.543814,3.814956,0.487997,41,41,1.982275,1.982275,73,73,-1,0,,112742
1788459148.764982,40.238723,tx,-1,0.300000,0.000000,0.300000,0.300000,,,,,,,,,,,,,,,,,aa5501099a99993e0000000000c1ab,112886
1788459148.770467,40.244207,key,119,0.300000,0.000000,0.300000,0.300000,,,,,,,,,,,,,,,,,aa5501099a99993e0000000000c1ab,112886
1788459148.778366,40.252099,rx,-1,0.300000,0.000000,0.300000,0.300000,1553,38851,25024,0.291396,0.000000,1.550255,3.818375,0.487997,40,40,1.932381,1.932381,76,76,-1,0,,112886
1788459148.778455,40.252194,rx,-1,0.300000,0.000000,0.300000,0.300000,1554,38876,24996,0.299016,0.074800,1.556853,3.821886,0.489866,40,42,1.934546,2.031273,76,71,-1,0,,112886
1788459148.778468,40.252208,tx,-1,0.300000,0.000000,0.300000,0.300000,,,,,,,,,,,,,,,,,aa5501099a99993e0000000000c1ab,113030
1788459148.831653,40.305389,rx,-1,0.300000,0.000000,0.300000,0.300000,1555,38901,24988,0.295464,0.037412,1.563367,3.825363,0.490801,40,41,1.935165,1.983544,76,73,-1,0,,113030
1788459148.871600,40.345334,rx,-1,0.300000,0.000000,0.300000,0.300000,1556,38926,24996,0.295369,-0.037400,1.569880,3.828840,0.489866,41,40,1.982909,1.934546,74,76,-1,0,,113030
1788459148.871656,40.345397,tx,-1,0.300000,0.000000,0.300000,0.300000,,,,,,,,,,,,,,,,,aa5501099a99993e0000000000c1ab,113174
1788459148.877406,40.351146,key,119,0.300000,0.000000,0.300000,0.300000,,,,,,,,,,,,,,,,,aa5501099a99993e0000000000c1ab,113174
1788459148.885558,40.359293,rx,-1,0.300000,0.000000,0.300000,0.300000,1557,38950,25060,0.301889,0.037305,1.576554,3.832402,0.490801,41,42,1.977845,2.026085,74,71,-1,0,,113174
1788459148.885631,40.359370,rx,-1,0.300000,0.000000,0.300000,0.300000,1558,38976,24960,0.299447,0.000000,1.583145,3.835925,0.490801,41,41,1.985769,1.985769,74,73,-1,0,,113174
1788459148.885642,40.359383,tx,-1,0.300000,0.000000,0.300000,0.300000,,,,,,,,,,,,,,,,,aa5501099a99993e0000000000c1ab,113318
1788459148.913577,40.387317,key,119,0.300000,0.000000,0.300000,0.300000,,,,,,,,,,,,,,,,,aa5501099a99993e0000000000c1ab,113318
1788459148.938332,40.412068,rx,-1,0.300000,0.000000,0.300000,0.300000,1559,39001,25004,0.298920,0.000000,1.589737,3.839448,0.490801,41,41,1.982275,1.982275,74,73,-1,0,,113318
1788459148.980814,40.454548,rx,-1,0.300000,0.000000,0.300000,0.300000,1560,39026,24996,0.266197,-0.037400,1.595607,3.842582,0.489866,37,36,1.789455,1.741091,85,87,-1,0,,113318
1788459148.980861,40.454602,tx,-1,0.300000,0.000000,0.300000,0.300000,,,,,,,,,,,,,,,,,aa5501099a99993e0000000000c1ab,113549
1788459148.989044,40.462778,rx,-1,0.300000,0.000000,0.300000,0.300000,1561,39051,24988,0.310055,0.037412,1.602442,3.846230,0.490801,42,43,2.031923,2.080302,72,69,-1,0,,113549
1788459148.989132,40.462871,rx,-1,0.300000,0.000000,0.300000,0.300000,1562,39075,24988,0.313702,0.000000,1.609355,3.849925,0.490801,43,43,2.080302,2.080302,69,69,-1,0,,113549
1788459148.989151,40.462891,tx,-1,0.300000,0.000000,0.300000,0.300000,,,,,,,,,,,,,,,,,aa5501099a99993e0000000000c1ab,113693
1788459149.000483,40.474222,key,119,0.300000,0.000000,0.300000,0.300000,,,,,,,,,,,,,,,,,aa5501099a99993e0000000000c1ab,113693
1788459149.042009,40.515745,rx,-1,0.300000,0.000000,0.300000,0.300000,1563,39101,25020,0.302372,-0.037364,1.616029,3.853487,0.489866,42,41,2.029325,1.981007,72,74,-1,0,,113693
1788459149.081030,40.554763,rx,-1,0.300000,0.000000,0.300000,0.300000,1564,39126,24992,0.295416,0.037406,1.622543,3.856964,0.490801,40,41,1.934855,1.983227,77,74,-1,0,,113693
1788459149.081091,40.554831,tx,-1,0.300000,0.000000,0.300000,0.300000,,,,,,,,,,,,,,,,,aa5501099a99993e0000000000c1ab,113869
1788459149.086855,40.560594,key,119,0.300000,0.000000,0.300000,0.300000,,,,,,,,,,,,,,,,,aa5501099a99993e0000000000c1ab,113869
1788459149.095026,40.568759,rx,-1,0.300000,0.000000,0.300000,0.300000,1565,39151,25000,0.291676,0.000000,1.628974,3.860401,0.490801,40,40,1.934236,1.934236,77,76,-1,0,,113869
1788459149.095114,40.568853,rx,-1,0.300000,0.000000,0.300000,0.300000,1566,39176,25000,0.306260,0.000000,1.635726,3.864010,0.490801,42,42,2.030948,2.030948,72,71,-1,0,,113869
1788459149.095163,40.568902,rx,-1,0.300000,0.000000,0.300000,0.300000,1567,39201,25000,0.302614,-0.037394,1.642400,3.867573,0.489866,42,41,2.030948,1.982592,72,74,-1,0,,113869
1788459149.095173,40.568913,tx,-1,0.300000,0.000000,0.300000,0.300000,,,,,,,,,,,,,,,,,aa5501099a99993e0000000000c1ab,114021
1788459149.148274,40.622011,rx,-1,0.300000,0.000000,0.300000,0.300000,1568,39226,24988,0.291816,0.000000,1.648835,3.871003,0.489866,40,40,1.935165,1.935165,77,76,-1,0,,114021
1788459149.187036,40.660770,rx,-1,0.300000,0.000000,0.300000,0.300000,1569,39250,24996,0.295369,0.037400,1.655348,3.874480,0.490801,40,41,1.934546,1.982909,77,74,-1,0,,114021
1788459149.187090,40.660831,tx,-1,0.300000,0.000000,0.300000,0.300000,,,,,,,,,,,,,,,,,aa5501099a99993e0000000000c1ab,114165
1788459149.192234,40.665973,key,119,0.300000,0.000000,0.300000,0.300000,,,,,,,,,,,,,,,,,aa5501099a99993e0000000000c1ab,114165
1788459149.200357,40.674093,rx,-1,0.300000,0.000000,0.300000,0.300000,1570,39276,24996,0.299016,0.000000,1.661940,3.878003,0.490801,41,41,1.982909,1.982909,75,74,-1,0,,114165
1788459149.200433,40.674172,rx,-1,0.300000,0.000000,0.300000,0.300000,1571,39301,25016,0.302420,-0.037371,1.668614,3.881566,0.489866,42,41,2.029649,1.981324,72,74,-1,0,,114165
1788459149.200444,40.674184,tx,-1,0.300000,0.000000,0.300000,0.300000,,,,,,,,,,,,,,,,,aa5501099a99993e0000000000c1ab,114309
1788459149.251126,40.724864,key,119,0.300000,0.000000,0.300000,0.300000,,,,,,,,,,,,,,,,,aa5501099a99993e0000000000c1ab,114309
1788459149.253633,40.727369,rx,-1,0.300000,0.000000,0.300000,0.300000,1572,39326,25028,0.298633,0.000000,1.675209,3.885082,0.489866,41,41,1.980374,1.980374,75,74,-1,0,,114309
1788459149.292720,40.766454,rx,-1,0.300000,0.000000,0.300000,0.300000,1573,39351,24992,0.291769,0.000000,1.681643,3.888513,0.489866,40,40,1.934855,1.934855,77,77,-1,0,,114309
1788459149.292764,40.766504,tx,-1,0.300000,0.000000,0.300000,0.300000,,,,,,,,,,,,,,,,,aa5501099a99993e0000000000c1ab,114453
1788459149.306662,40.780395,rx,-1,0.300000,0.000000,0.300000,0.300000,1574,39375,24984,0.291863,-0.074837,1.688081,3.891938,0.487997,41,39,1.983862,1.887088,75,80,-1,0,,114453
1788459149.306741,40.780479,rx,-1,0.300000,0.000000,0.300000,0.300000,1575,39401,24980,0.295558,-0.037424,1.694604,3.895397,0.487062,41,40,1.984179,1.935785,75,77,-1,0,,114453
1788459149.306753,40.780493,tx,-1,0.300000,0.000000,0.300000,0.300000,,,,,,,,,,,,,,,,,aa5501099a99993e0000000000c1ab,114597
1788459149.334889,40.808628,key,119,0.300000,0.000000,0.300000,0.300000,,,,,,,,,,,,,,,,,aa5501099a99993e0000000000c1ab,114597
1788459149.360073,40.833810,rx,-1,0.300000,0.000000,0.300000,0.300000,1576,39426,25040,0.298490,0.000000,1.701209,3.898895,0.487062,41,41,1.979425,1.979425,75,75,-1,0,,114597
1788459149.399620,40.873354,rx,-1,0.300000,0.000000,0.300000,0.300000,1577,39451,24980,0.299207,0.000000,1.707814,3.902393,0.487062,41,41,1.984179,1.984179,75,75,-1,0,,114597
1788459149.399664,40.873404,tx,-1,0.300000,0.000000,0.300000,0.300000,,,,,,,,,,,,,,,,,aa5501099a99993e0000000000c1ab,114741
1788459149.413514,40.887249,rx,-1,0.300000,0.000000,0.300000,0.300000,1578,39476,25008,0.295227,-0.037382,1.714340,3.905845,0.486127,41,40,1.981958,1.933617,75,78,-1,0,,114741
1788459149.413595,40.887333,rx,-1,0.300000,0.000000,0.300000,0.300000,1579,39500,25020,0.298729,0.000000,1.720948,3.909337,0.486127,41,41,1.981007,1.981007,75,75,-1,0,,114741
1788459149.413607,40.887347,tx,-1,0.300000,0.000000,0.300000,0.300000,,,,,,,,,,,,,,,,,aa5501099a99993e0000000000c1ab,114885
1788459149.419347,40.893086,key,119,0.300000,0.000000,0.300000,0.300000,,,,,,,,,,,,,,,,,aa5501099a99993e0000000000c1ab,114885
1788459149.467229,40.940966,rx,-1,0.300000,0.000000,0.300000,0.300000,1580,39526,24988,0.295464,-0.037412,1.727477,3.912784,0.485192,41,40,1.983544,1.935165,75,78,-1,0,,114885
1788459149.515810,40.989544,rx,-1,0.300000,0.000000,0.300000,0.300000,1581,39550,24968,0.292050,-0.074885,1.733931,3.916178,0.483322,41,39,1.985133,1.888297,75,81,-1,0,,114885
1788459149.515873,40.989613,tx,-1,0.300000,0.000000,0.300000,0.300000,,,,,,,,,,,,,,,,,aa5501099a99993e0000000000c1ab,115029
1788459149.521354,40.995093,key,119,0.300000,0.000000,0.300000,0.300000,,,,,,,,,,,,,,,,,aa5501099a99993e0000000000c1ab,115029
1788459149.523599,40.997334,rx,-1,0.300000,0.000000,0.300000,0.300000,1582,39576,25040,0.302130,0.037335,1.740628,3.919697,0.484257,41,42,1.979425,2.027704,75,74,-1,0,,115029
1788459149.523702,40.997440,rx,-1,0.300000,0.000000,0.300000,0.300000,1583,39601,25004,0.306211,0.000000,1.747404,3.923262,0.484257,42,42,2.030623,2.030623,72,73,-1,0,,115029
1788459149.523721,40.997461,tx,-1,0.300000,0.000000,0.300000,0.300000,,,,,,,,,,,,,,,,,aa5501099a99993e0000000000c1ab,115237
1788459149.576145,41.049880,rx,-1,0.300000,0.000000,0.300000,0.300000,1584,39626,25000,0.291676,0.000000,1.753858,3.926657,0.484257,40,40,1.934236,1.934236,78,78,-1,0,,115237
1788459149.616267,41.090000,rx,-1,0.300000,0.000000,0.300000,0.300000,1585,39651,24952,0.295890,-0.037466,1.760394,3.930091,0.483322,41,40,1.986406,1.937957,75,78,-1,0,,115237
1788459149.616355,41.090093,rx,-1,0.300000,0.000000,0.300000,0.300000,1586,39675,25012,0.302469,0.037376,1.767091,3.933610,0.484257,41,42,1.981641,2.029974,75,74,-1,0,,115237
1788459149.616366,41.090105,tx,-1,0.300000,0.000000,0.300000,0.300000,,,,,,,,,,,,,,,,,aa5501099a99993e0000000000c1ab,115389
1788459149.622112,41.095851,key,119,0.300000,0.000000,0.300000,0.300000,,,,,,,,,,,,,,,,,aa5501099a99993e0000000000c1ab,115389
1788459149.630319,41.104053,rx,-1,0.300000,0.000000,0.300000,0.300000,1587,39701,25016,0.298777,0.000000,1.773705,3.937089,0.484257,41,41,1.981324,1.981324,75,76,-1,0,,115389
1788459149.630398,41.104136,rx,-1,0.300000,0.000000,0.300000,0.300000,1588,39726,25020,0.298729,0.000000,1.780320,3.940569,0.484257,41,41,1.981007,1.981007,75,76,-1,0,,115389
1788459149.630410,41.104150,tx,-1,0.300000,0.000000,0.300000,0.300000,,,,,,,,,,,,,,,,,aa5501099a99993e0000000000c1ab,115533
1788459149.675446,41.149184,key,119,0.300000,0.000000,0.300000,0.300000,,,,,,,,,,,,,,,,,aa5501099a99993e0000000000c1ab,115533
1788459149.683682,41.157416,rx,-1,0.300000,0.000000,0.300000,0.300000,1589,39751,25008,0.298872,0.000000,1.786935,3.944049,0.484257,41,41,1.981958,1.981958,75,76,-1,0,,115533
1788459149.731826,41.205560,rx,-1,0.300000,0.000000,0.300000,0.300000,1590,39776,24992,0.299064,0.000000,1.793550,3.947529,0.484257,41,41,1.983227,1.983227,75,76,-1,0,,115533
1788459149.731873,41.205613,tx,-1,0.300000,0.000000,0.300000,0.300000,,,,,,,,,,,,,,,,,aa5501099a99993e0000000000c1ab,115677
1788459149.739539,41.213273,rx,-1,0.300000,0.000000,0.300000,0.300000,1591,39800,24972,0.295653,0.037436,1.800082,3.950969,0.485192,40,41,1.936405,1.984815,78,76,-1,0,,115677
1788459149.739624,41.213362,rx,-1,0.300000,0.000000,0.300000,0.300000,1592,39826,24992,0.302711,-0.037406,1.806776,3.954494,0.484257,42,41,2.031598,1.983227,73,76,-1,0,,115677
1788459149.739637,41.213377,tx,-1,0.300000,0.000000,0.300000,0.300000,,,,,,,,,,,,,,,,,aa5501099a99993e0000000000c1ab,115821
1788459149.756222,41.229960,key,119,0.300000,0.000000,0.300000,0.300000,,,,,,,,,,,,,,,,,aa5501099a99993e0000000000c1ab,115821
1788459149.792608,41.266344,rx,-1,0.300000,0.000000,0.300000,0.300000,1593,39851,24988,0.299111,0.000000,1.813391,3.957974,0.484257,41,41,1.983544,1.983544,75,76,-1,0,,115821
1788459149.829385,41.303119,rx,-1,0.300000,0.000000,0.300000,0.300000,1594,39876,25020,0.295086,0.037364,1.819924,3.961414,0.485192,40,41,1.932690,1.981007,78,76,-1,0,,115821
1788459149.829434,41.303174,tx,-1,0.300000,0.000000,0.300000,0.300000,,,,,,,,,,,,,,,,,aa5501099a99993e0000000000c1ab,115965
1788459149.840900,41.314639,key,119,0.300000,0.000000,0.300000,0.300000,,,,,,,,,,,,,,,,,aa5501099a99993e0000000000c1ab,115965
1788459149.843365,41.317101,rx,-1,0.300000,0.000000,0.300000,0.300000,1595,39901,25112,0.297634,0.000000,1.826535,3.964900,0.485192,41,41,1.973750,1.973750,76,77,-1,0,,115965
1788459149.843431,41.317169,rx,-1,0.300000,0.000000,0.300000,0.300000,1596,39926,24872,0.300506,-0.075174,1.833150,3.968379,0.483322,42,40,2.041400,1.944190,72,78,-1,0,,115965
1788459149.843442,41.317182,tx,-1,0.300000,0.000000,0.300000,0.300000,,,,,,,,,,,,,,,,,aa5501099a99993e0000000000c1ab,116109
1788459149.896883,41.370619,rx,-1,0.300000,0.000000,0.300000,0.300000,1597,39951,25028,0.298633,0.000000,1.839768,3.971853,0.483322,41,41,1.980374,1.980374,76,77,-1,0,,116109
1788459149.938551,41.412285,rx,-1,0.300000,0.000000,0.300000,0.300000,1598,39975,25032,0.298586,0.074693,1.846383,3.975333,0.485192,40,42,1.931763,2.028352,78,74,-1,0,,116109
1788459149.938587,41.412327,tx,-1,0.300000,0.000000,0.300000,0.300000,,,,,,,,,,,,,,,,,aa5501099a99993e0000000000c1ab,116253
1788459149.944107,41.417847,key,119,0.300000,0.000000,0.300000,0.300000,,,,,,,,,,,,,,,,,aa5501099a99993e0000000000c1ab,116253
1788459149.951862,41.425596,rx,-1,0.300000,0.000000,0.300000,0.300000,1599,40001,24956,0.295843,-0.037460,1.852915,3.978773,0.484257,41,40,1.986088,1.937647,75,79,-1,0,,116253
1788459149.951961,41.425699,rx,-1,0.300000,0.000000,0.300000,0.300000,1600,40026,24988,0.273578,-0.037412,1.858967,3.981953,0.483322,38,37,1.838407,1.790028,84,87,-1,0,,116253
1788459149.951979,41.425719,tx,-1,0.300000,0.000000,0.300000,0.300000,,,,,,,,,,,,,,,,,aa5501099a99993e0000000000c1ab,116516
1788459150.005172,41.478898,rx,-1,0.300000,0.000000,0.300000,0.300000,1601,40051,25008,0.306162,0.074765,1.865743,3.985517,0.485192,41,43,1.981958,2.078639,76,72,-1,0,,116516
1788459150.073720,41.547452,rx,-1,0.300000,0.000000,0.300000,0.300000,1602,40076,24996,0.313602,0.074801,1.872674,3.989180,0.487062,42,44,2.031273,2.128000,73,69,-1,0,,116516
1788459150.073801,41.547539,rx,-1,0.300000,0.000000,0.300000,0.300000,1603,40100,25036,0.302179,-0.037340,1.879361,3.992717,0.486127,42,41,2.028028,1.979741,73,77,-1,0,,116516
1788459150.073812,41.547552,tx,-1,0.300000,0.000000,0.300000,0.300000,,,,,,,,,,,,,,,,,aa5501099a99993e0000000000c1ab,116668
1788459150.079554,41.553292,key,119,0.300000,0.000000,0.300000,0.300000,,,,,,,,,,,,,,,,,aa5501099a99993e0000000000c1ab,116668
1788459150.082033,41.555765,rx,-1,0.300000,0.000000,0.300000,0.300000,1604,40126,24956,0.292190,-0.074921,1.885812,3.996118,0.484257,41,39,1.986088,1.889205,76,82,-1,0,,116668
1788459150.082118,41.555856,rx,-1,0.300000,0.000000,0.300000,0.300000,1605,40151,25028,0.294992,0.037353,1.892344,3.999558,0.485192,40,41,1.932072,1.980374,79,77,-1,0,,116668
1788459150.082165,41.555904,rx,-1,0.300000,0.000000,0.300000,0.300000,1606,40176,25016,0.306064,0.000000,1.899117,4.003129,0.485192,42,42,2.029649,2.029649,73,74,-1,0,,116668
1788459150.082175,41.555914,tx,-1,0.300000,0.000000,0.300000,0.300000,,,,,,,,,,,,,,,,,aa5501099a99993e0000000000c1ab,116884
1788459150.087971,41.561709,key,119,0.300000,0.000000,0.300000,0.300000,,,,,,,,,,,,,,,,,aa5501099a99993e0000000000c1ab,116884
1788459150.135641,41.609377,rx,-1,0.300000,0.000000,0.300000,0.300000,1607,40201,24984,0.299159,-0.074837,1.905732,4.006608,0.483322,42,40,2.032248,1.935475,73,79,-1,0,,116884
1788459150.172310,41.646044,rx,-1,0.300000,0.000000,0.300000,0.300000,1608,40226,24980,0.295558,-0.037424,1.912271,4.010036,0.482387,41,40,1.984179,1.935785,76,80,-1,0,,116884
1788459150.172349,41.646089,tx,-1,0.300000,0.000000,0.300000,0.300000,,,,,,,,,,,,,,,,,aa5501099a99993e0000000000c1ab,117028
1788459150.178077,41.651816,key,119,0.300000,0.000000,0.300000,0.300000,,,,,,,,,,,,,,,,,aa5501099a99993e0000000000c1ab,117028
1788459150.186248,41.659982,rx,-1,0.300000,0.000000,0.300000,0.300000,1609,40251,25004,0.298920,0.074777,1.918889,4.013510,0.484257,40,42,1.933927,2.030623,79,75,-1,0,,117028
1788459150.186327,41.660065,rx,-1,0.300000,0.000000,0.300000,0.300000,1610,40275,25000,0.302614,0.037394,1.925583,4.017035,0.485192,41,42,1.982592,2.030948,76,74,-1,0,,117028
1788459150.186337,41.660077,tx,-1,0.300000,0.000000,0.300000,0.300000,,,,,,,,,,,,,,,,,aa5501099a99993e0000000000c1ab,117172
1788459150.239682,41.713418,rx,-1,0.300000,0.000000,0.300000,0.300000,1611,40301,25004,0.298920,-0.074777,1.932197,4.020514,0.483322,42,40,2.030623,1.933927,73,80,-1,0,,117172
1788459150.277184,41.750918,rx,-1,0.300000,0.000000,0.300000,0.300000,1612,40326,25016,0.291489,0.000000,1.938654,4.023903,0.483322,40,40,1.932999,1.932999,79,80,-1,0,,117172
1788459150.277232,41.750971,tx,-1,0.300000,0.000000,0.300000,0.300000,,,,,,,,,,,,,,,,,aa5501099a99993e0000000000c1ab,117316
1788459150.282978,41.756716,key,119,0.300000,0.000000,0.300000,0.300000,,,,,,,,,,,,,,,,,aa5501099a99993e0000000000c1ab,117316
1788459150.291139,41.764872,rx,-1,0.300000,0.000000,0.300000,0.300000,1613,40351,24972,0.302953,0.037436,1.945351,4.027422,0.484257,41,42,1.984815,2.033225,76,75,-1,0,,117316
1788459150.291225,41.764962,rx,-1,0.300000,0.000000,0.300000,0.300000,1614,40376,24992,0.306358,0.000000,1.952127,4.030987,0.484257,42,42,2.031598,2.031598,73,75,-1,0,,117316
1788459150.291238,41.764977,tx,-1,0.300000,0.000000,0.300000,0.300000,,,,,,,,,,,,,,,,,aa5501099a99993e0000000000c1ab,117460
1788459150.341664,41.815402,key,119,0.300000,0.000000,0.300000,0.300000,,,,,,,,,,,,,,,,,aa5501099a99993e0000000000c1ab,117460
1788459150.344176,41.817911,rx,-1,0.300000,0.000000,0.300000,0.300000,1615,40400,25040,0.298490,0.000000,1.958742,4.034466,0.484257,41,41,1.979425,1.979425,76,77,-1,0,,117460
1788459150.382951,41.856684,rx,-1,0.300000,0.000000,0.300000,0.300000,1616,40426,24988,0.299111,0.074825,1.965354,4.037952,0.486127,40,42,1.935165,2.031923,79,74,-1,0,,117460
1788459150.382996,41.856735,tx,-1,0.300000,0.000000,0.300000,0.300000,,,,,,,,,,,,,,,,,aa5501099a99993e0000000000c1ab,117604
1788459150.396858,41.870593,rx,-1,0.300000,0.000000,0.300000,0.300000,1617,40451,25020,0.306015,0.074729,1.972120,4.041535,0.487997,41,43,1.981007,2.077642,76,72,-1,0,,117604
1788459150.396943,41.870681,rx,-1,0.300000,0.000000,0.300000,0.300000,1618,40476,24956,0.303147,-0.037460,1.978804,4.045079,0.487062,42,41,2.034529,1.986088,73,76,-1,0,,117604
1788459150.396955,41.870694,tx,-1,0.300000,0.000000,0.300000,0.300000,,,,,,,,,,,,,,,,,aa5501099a99993e0000000000c1ab,117748
1788459150.423682,41.897421,key,119,0.300000,0.000000,0.300000,0.300000,,,,,,,,,,,,,,,,,aa5501099a99993e0000000000c1ab,117748
1788459150.448989,41.922723,rx,-1,0.300000,0.000000,0.300000,0.300000,1619,40501,25016,0.295133,-0.037370,1.985330,4.048532,0.486127,41,40,1.981324,1.932999,76,79,-1,0,,117748
1788459150.496722,41.970455,rx,-1,0.300000,0.000000,0.300000,0.300000,1620,40525,24980,0.295558,0.037424,1.991856,4.051984,0.487062,40,41,1.935785,1.984179,79,77,-1,0,,117748
1788459150.496767,41.970506,tx,-1,0.300000,0.000000,0.300000,0.300000,,,,,,,,,,,,,,,,,aa5501099a99993e0000000000c1ab,117892
1788459150.504966,41.978692,rx,-1,0.300000,0.000000,0.300000,0.300000,1621,40551,25040,0.302130,0.037335,1.998540,4.055528,0.487997,41,42,1.979425,2.027704,77,74,-1,0,,117892
1788459150.505097,41.978834,rx,-1,0.300000,0.000000,0.300000,0.300000,1622,40576,24996,0.302662,-0.037400,2.005224,4.059072,0.487062,42,41,2.031273,1.982909,74,77,-1,0,,117892
1788459150.505116,41.978855,tx,-1,0.300000,0.000000,0.300000,0.300000,,,,,,,,,,,,,,,,,aa5501099a99993e0000000000c1ab,118068
1788459150.510909,41.984647,key,119,0.300000,0.000000,0.300000,0.300000,,,,,,,,,,,,,,,,,aa5501099a99993e0000000000c1ab,118068
1788459150.557904,42.031636,rx,-1,0.300000,0.000000,0.300000,0.300000,1623,40601,24968,0.299351,-0.074885,2.011832,4.062563,0.485192,42,40,2.033551,1.936715,73,79,-1,0,,118068
1788459150.601764,42.075496,rx,-1,0.300000,0.000000,0.300000,0.300000,1624,40626,25036,0.302179,-0.037340,2.018526,4.066089,0.484257,42,41,2.028028,1.979741,73,77,-1,0,,118068
1788459150.601820,42.075559,tx,-1,0.300000,0.000000,0.300000,0.300000,,,,,,,,,,,,,,,,,aa5501099a99993e0000000000c1ab,118212
1788459150.607567,42.081304,key,119,0.300000,0.000000,0.300000,0.300000,,,,,,,,,,,,,,,,,aa5501099a99993e0000000000c1ab,118212
1788459150.609795,42.083530,rx,-1,0.300000,0.000000,0.300000,0.300000,1625,40651,24988,0.299111,0.000000,2.025141,4.069568,0.484257,41,41,1.983544,1.983544,76,77,-1,0,,118212
1788459150.609878,42.083615,rx,-1,0.300000,0.000000,0.300000,0.300000,1626,40676,24996,0.302662,-0.037400,2.031838,4.073087,0.483322,42,41,2.031273,1.982909,73,77,-1,0,,118212
1788459150.609897,42.083636,tx,-1,0.300000,0.000000,0.300000,0.300000,,,,,,,,,,,,,,,,,aa5501099a99993e0000000000c1ab,118388
1788459150.662514,42.136250,rx,-1,0.300000,0.000000,0.300000,0.300000,1627,40700,25020,0.298729,0.000000,2.038456,4.076560,0.483322,41,41,1.981007,1.981007,76,77,-1,0,,118388
1788459150.699540,42.173273,rx,-1,0.300000,0.000000,0.300000,0.300000,1628,40726,24980,0.291909,0.000000,2.044913,4.079949,0.483322,40,40,1.935785,1.935785,79,80,-1,0,,118388
1788459150.699623,42.173360,rx,-1,0.300000,0.000000,0.300000,0.300000,1629,40751,25020,0.302372,0.037364,2.051610,4.083468,0.484257,41,42,1.981007,2.029325,76,75,-1,0,,118388
1788459150.699635,42.173374,tx,-1,0.300000,0.000000,0.300000,0.300000,,,,,,,,,,,,,,,,,aa5501099a99993e0000000000c1ab,118540
1788459150.705423,42.179162,key,119,0.300000,0.000000,0.300000,0.300000,,,,,,,,,,,,,,,,,aa5501099a99993e0000000000c1ab,118540
1788459150.713563,42.187296,rx,-1,0.300000,0.000000,0.300000,0.300000,1630,40776,24976,0.302905,-0.037430,2.058307,4.086987,0.483322,42,41,2.032900,1.984497,73,77,-1,0,,118540
1788459150.713646,42.187383,rx,-1,0.300000,0.000000,0.300000,0.300000,1631,40801,24992,0.295416,-0.037406,2.064846,4.090415,0.482387,41,40,1.983227,1.934855,76,80,-1,0,,118540
1788459150.713658,42.187397,tx,-1,0.300000,0.000000,0.300000,0.300000,,,,,,,,,,,,,,,,,aa5501099a99993e0000000000c1ab,118684
1788459150.759100,42.232837,key,119,0.300000,0.000000,0.300000,0.300000,,,,,,,,,,,,,,,,,aa5501099a99993e0000000000c1ab,118684
1788459150.766961,42.240696,rx,-1,0.300000,0.000000,0.300000,0.300000,1632,40825,25032,0.294944,0.037347,2.071385,4.093843,0.483322,40,41,1.931763,1.980057,79,77,-1,0,,118684
1788459150.805614,42.279348,rx,-1,0.300000,0.000000,0.300000,0.300000,1633,40851,24996,0.299016,0.000000,2.078003,4.097317,0.483322,41,41,1.982909,1.982909,76,77,-1,0,,118684
1788459150.805661,42.279400,tx,-1,0.300000,0.000000,0.300000,0.300000,,,,,,,,,,,,,,,,,aa5501099a99993e0000000000c1ab,118828
1788459150.819573,42.293304,rx,-1,0.300000,0.000000,0.300000,0.300000,1634,40876,24964,0.299399,0.000000,2.084621,4.100790,0.483322,41,41,1.985451,1.985451,76,77,-1,0,,118828
1788459150.819666,42.293404,rx,-1,0.300000,0.000000,0.300000,0.300000,1635,40901,25044,0.294803,-0.037329,2.091160,4.104218,0.482387,41,40,1.979109,1.930838,76,80,-1,0,,118828
1788459150.819679,42.293418,tx,-1,0.300000,0.000000,0.300000,0.300000,,,,,,,,,,,,,,,,,aa5501099a99993e0000000000c1ab,118972
1788459150.842551,42.316288,key,119,0.300000,0.000000,0.300000,0.300000,,,,,,,,,,,,,,,,,aa5501099a99993e0000000000c1ab,118972
1788459150.873470,42.347206,rx,-1,0.300000,0.000000,0.300000,0.300000,1636,40926,24992,0.302711,0.037406,2.097860,4.107731,0.483322,41,42,1.983227,2.031598,76,75,-1,0,,118972
1788459150.911970,42.385701,rx,-1,0.300000,0.000000,0.300000,0.300000,1637,40950,24996,0.299016,0.000000,2.104478,4.111204,0.483322,41,41,1.982909,1.982909,76,77,-1,0,,118972
1788459150.912022,42.385760,tx,-1,0.300000,0.000000,0.300000,0.300000,,,,,,,,,,,,,,,,,aa5501099a99993e0000000000c1ab,119116
1788459150.923454,42.397192,key,119,0.300000,0.000000,0.300000,0.300000,,,,,,,,,,,,,,,,,aa5501099a99993e0000000000c1ab,119116
1788459150.925871,42.399607,rx,-1,0.300000,0.000000,0.300000,0.300000,1638,40976,24972,0.295653,0.037436,2.111014,4.114638,0.484257,40,41,1.936405,1.984815,79,77,-1,0,,119116
1788459150.925926,42.399664,rx,-1,0.300000,0.000000,0.300000,0.300000,1639,41000,25012,0.298824,0.000000,2.117629,4.118118,0.484257,41,41,1.981641,1.981641,77,78,-1,0,,119116
1788459150.925962,42.399701,tx,-1,0.300000,0.000000,0.300000,0.300000,,,,,,,,,,,,,,,,,aa5501099a99993e0000000000c1ab,119315
1788459150.979582,42.453316,rx,-1,0.300000,0.000000,0.300000,0.300000,1640,41026,25008,0.284293,0.149530,2.123915,4.121439,0.487997,37,41,1.788596,1.981958,88,78,-1,0,,119315
1788459151.024757,42.498490,rx,-1,0.300000,0.000000,0.300000,0.300000,1641,41051,24988,0.306407,-0.074825,2.130681,4.125023,0.486127,43,41,2.080302,1.983544,72,78,-1,0,,119315
1788459151.024803,42.498542,tx,-1,0.300000,0.000000,0.300000,0.300000,,,,,,,,,,,,,,,,,aa5501099a99993e0000000000c1ab,119459
1788459151.030573,42.504310,key,119,0.300000,0.000000,0.300000,0.300000,,,,,,,,,,,,,,,,,aa5501099a99993e0000000000c1ab,119459
1788459151.033027,42.506761,rx,-1,0.300000,0.000000,0.300000,0.300000,1642,41076,25008,0.309807,-0.037382,2.137533,4.128639,0.485192,43,42,2.078639,2.030298,71,75,-1,0,,119459
1788459151.033103,42.506840,rx,-1,0.300000,0.000000,0.300000,0.300000,1643,41101,25004,0.298920,0.000000,2.144144,4.132125,0.485192,41,41,1.982275,1.982275,77,77,-1,0,,119459
1788459151.033113,42.506852,tx,-1,0.300000,0.000000,0.300000,0.300000,,,,,,,,,,,,,,,,,aa5501099a99993e0000000000c1ab,119603
1788459151.086548,42.560280,rx,-1,0.300000,0.000000,0.300000,0.300000,1644,41126,25012,0.295180,0.037376,2.150674,4.135571,0.486127,40,41,1.933308,1.981641,80,78,-1,0,,119603
1788459151.143069,42.616801,rx,-1,0.300000,0.000000,0.300000,0.300000,1645,41151,24976,0.306554,0.000000,2.157443,4.139149,0.486127,42,42,2.032900,2.032900,74,75,-1,0,,119603
1788459151.143120,42.616858,tx,-1,0.300000,0.000000,0.300000,0.300000,,,,,,,,,,,,,,,,,aa5501099a99993e0000000000c1ab,119747
1788459151.148621,42.622358,key,119,0.300000,0.000000,0.300000,0.300000,,,,,,,,,,,,,,,,,aa5501099a99993e0000000000c1ab,119747
1788459151.151085,42.624817,rx,-1,0.300000,0.000000,0.300000,0.300000,1646,41176,25020,0.306015,0.074729,2.164209,4.142732,0.487997,41,43,1.981007,2.077642,77,72,-1,0,,119747
1788459151.151163,42.624900,rx,-1,0.300000,0.000000,0.300000,0.300000,1647,41201,25016,0.306064,0.074741,2.170969,4.146328,0.489866,41,43,1.981324,2.077974,77,72,-1,0,,119747
1788459151.151213,42.624951,rx,-1,0.300000,0.000000,0.300000,0.300000,1648,41226,24980,0.299207,0.000000,2.177564,4.149845,0.489866,41,41,1.984179,1.984179,77,76,-1,0,,119747
1788459151.151224,42.624963,tx,-1,0.300000,0.000000,0.300000,0.300000,,,,,,,,,,,,,,,,,aa5501099a99993e0000000000c1ab,119963
1788459151.174038,42.647775,key,119,0.300000,0.000000,0.300000,0.300000,,,,,,,,,,,,,,,,,aa5501099a99993e0000000000c1ab,119963
1788459151.204647,42.678381,rx,-1,0.300000,0.000000,0.300000,0.300000,1649,41250,24976,0.302905,0.037430,2.184238,4.153408,0.490801,41,42,1.984497,2.032900,77,74,-1,0,,119963
1788459151.243922,42.717655,rx,-1,0.300000,0.000000,0.300000,0.300000,1650,41276,25008,0.298872,0.000000,2.190830,4.156930,0.490801,41,41,1.981958,1.981958,77,76,-1,0,,119963
1788459151.243964,42.717703,tx,-1,0.300000,0.000000,0.300000,0.300000,,,,,,,,,,,,,,,,,aa5501099a99993e0000000000c1ab,120107
1788459151.255448,42.729185,key,119,0.300000,0.000000,0.300000,0.300000,,,,,,,,,,,,,,,,,aa5501099a99993e0000000000c1ab,120107
1788459151.257949,42.731685,rx,-1,0.300000,0.000000,0.300000,0.300000,1651,41300,25044,0.302082,-0.037329,2.197504,4.160493,0.489866,42,41,2.027380,1.979109,74,77,-1,0,,120107
1788459151.258006,42.731743,rx,-1,0.300000,0.000000,0.300000,0.300000,1652,41326,24944,0.299639,0.000000,2.204099,4.164010,0.489866,41,41,1.987043,1.987043,76,76,-1,0,,120107
1788459151.258016,42.731754,tx,-1,0.300000,0.000000,0.300000,0.300000,,,,,,,,,,,,,,,,,aa5501099a99993e0000000000c1ab,120251
1788459151.311446,42.785181,rx,-1,0.300000,0.000000,0.300000,0.300000,1653,41351,25060,0.305526,-0.074610,2.210858,4.167606,0.487997,43,41,2.074326,1.977845,71,77,-1,0,,120251
1788459151.346005,42.819736,rx,-1,0.300000,0.000000,0.300000,0.300000,1654,41376,24988,0.299111,0.000000,2.217460,4.171110,0.487997,41,41,1.983544,1.983544,76,76,-1,0,,120251
1788459151.346058,42.819796,tx,-1,0.300000,0.000000,0.300000,0.300000,,,,,,,,,,,,,,,,,aa5501099a99993e0000000000c1ab,120395
1788459151.351604,42.825342,key,119,0.300000,0.000000,0.300000,0.300000,,,,,,,,,,,,,,,,,aa5501099a99993e0000000000c1ab,120395
1788459151.365393,42.839126,rx,-1,0.300000,0.000000,0.300000,0.300000,1655,41401,24948,0.299591,0.000000,2.224062,4.174614,0.487997,41,41,1.986724,1.986724,76,76,-1,0,,120395
1788459151.365475,42.839211,rx,-1,0.300000,0.000000,0.300000,0.300000,1656,41425,25000,0.295322,-0.037394,2.230585,4.178073,0.487062,41,40,1.982592,1.934236,76,79,-1,0,,120395
1788459151.365490,42.839229,tx,-1,0.300000,0.000000,0.300000,0.300000,,,,,,,,,,,,,,,,,aa5501099a99993e0000000000c1ab,120571
1788459151.418616,42.892349,rx,-1,0.300000,0.000000,0.300000,0.300000,1657,41451,25012,0.298824,0.000000,2.237190,4.181571,0.487062,41,41,1.981641,1.981641,76,77,-1,0,,120571
1788459151.454872,42.928604,rx,-1,0.300000,0.000000,0.300000,0.300000,1658,41476,25000,0.298968,0.000000,2.243795,4.185069,0.487062,41,41,1.982592,1.982592,76,77,-1,0,,120571
1788459151.454929,42.928668,tx,-1,0.300000,0.000000,0.300000,0.300000,,,,,,,,,,,,,,,,,aa5501099a99993e0000000000c1ab,120747
1788459151.460645,42.934384,key,119,0.300000,0.000000,0.300000,0.300000,,,,,,,,,,,,,,,,,aa5501099a99993e0000000000c1ab,120747
1788459151.468763,42.942495,rx,-1,0.300000,0.000000,0.300000,0.300000,1659,41501,24992,0.302711,0.037406,2.250479,4.188613,0.487997,41,42,1.983227,2.031598,76,74,-1,0,,120747
1788459151.468837,42.942574,rx,-1,0.300000,0.000000,0.300000,0.300000,1660,41526,25004,0.295275,-0.037388,2.257002,4.192071,0.487062,41,40,1.982275,1.933927,77,79,-1,0,,120747
1788459151.468854,42.942592,tx,-1,0.300000,0.000000,0.300000,0.300000,,,,,,,,,,,,,,,,,aa5501099a99993e0000000000c1ab,120891
1788459151.507718,42.981455,key,119,0.300000,0.000000,0.300000,0.300000,,,,,,,,,,,,,,,,,aa5501099a99993e0000000000c1ab,120891
1788459151.521544,42.995279,rx,-1,0.300000,0.000000,0.300000,0.300000,1661,41550,24992,0.295416,-0.037406,2.263528,4.195524,0.486127,41,40,1.983227,1.934855,77,80,-1,0,,120891
1788459151.562880,43.036610,rx,-1,0.300000,0.000000,0.300000,0.300000,1662,41576,25040,0.302130,0.037335,2.270215,4.199061,0.487062,41,42,1.979425,2.027704,77,75,-1,0,,120891
1788459151.562944,43.036683,tx,-1,0.300000,0.000000,0.300000,0.300000,,,,,,,,,,,,,,,,,aa5501099a99993e0000000000c1ab,121035
1788459151.576191,43.049923,rx,-1,0.300000,0.000000,0.300000,0.300000,1663,41601,24976,0.299255,0.000000,2.276820,4.202559,0.487062,41,41,1.984497,1.984497,77,77,-1,0,,121035
1788459151.576258,43.049995,rx,-1,0.300000,0.000000,0.300000,0.300000,1664,41626,24992,0.295416,0.037406,2.283343,4.206018,0.487997,40,41,1.934855,1.983227,79,77,-1,0,,121035
1788459151.576306,43.050043,rx,-1,0.300000,0.000000,0.300000,0.300000,1665,41651,25036,0.294897,-0.037341,2.289866,4.209476,0.487062,41,40,1.979741,1.931455,77,80,-1,0,,121035
1788459151.576316,43.050055,tx,-1,0.300000,0.000000,0.300000,0.300000,,,,,,,,,,,,,,,,,aa5501099a99993e0000000000c1ab,121187
1788459151.592448,43.066185,key,119,0.300000,0.000000,0.300000,0.300000,,,,,,,,,,,,,,,,,aa5501099a99993e0000000000c1ab,121187
1788459151.627008,43.100739,rx,-1,0.300000,0.000000,0.300000,0.300000,1666,41676,24964,0.303050,0.037448,2.296550,4.213020,0.487997,41,42,1.985451,2.033877,77,74,-1,0,,121187
1788459151.669500,43.143232,rx,-1,0.300000,0.000000,0.300000,0.300000,1667,41701,25012,0.298824,0.000000,2.303151,4.216525,0.487997,41,41,1.981641,1.981641,77,77,-1,0,,121187
1788459151.669541,43.143279,tx,-1,0.300000,0.000000,0.300000,0.300000,,,,,,,,,,,,,,,,,aa5501099a99993e0000000000c1ab,121331
1788459151.675279,43.149016,key,119,0.300000,0.000000,0.300000,0.300000,,,,,,,,,,,,,,,,,aa5501099a99993e0000000000c1ab,121331
1788459151.677731,43.151465,rx,-1,0.300000,0.000000,0.300000,0.300000,1668,41725,25004,0.298920,0.000000,2.309753,4.220029,0.487997,41,41,1.982275,1.982275,77,77,-1,0,,121331
1788459151.677814,43.151550,rx,-1,0.300000,0.000000,0.300000,0.300000,1669,41751,25008,0.295227,-0.037382,2.316276,4.223487,0.487062,41,40,1.981958,1.933617,77,80,-1,0,,121331
1788459151.677830,43.151568,tx,-1,0.300000,0.000000,0.300000,0.300000,,,,,,,,,,,,,,,,,aa5501099a99993e0000000000c1ab,121475
1788459151.731002,43.204736,rx,-1,0.300000,0.000000,0.300000,0.300000,1670,41776,25016,0.302420,0.037371,2.322960,4.227031,0.487997,41,42,1.981324,2.029649,77,75,-1,0,,121475
1788459151.769643,43.243375,rx,-1,0.300000,0.000000,0.300000,0.300000,1671,41801,24972,0.299303,0.074873,2.329558,4.230542,0.489866,40,42,1.936405,2.033225,80,74,-1,0,,121475
1788459151.769692,43.243430,tx,-1,0.300000,0.000000,0.300000,0.300000,,,,,,,,,,,,,,,,,aa5501099a99993e0000000000c1ab,121619
1788459151.775461,43.249199,key,119,0.300000,0.000000,0.300000,0.300000,,,,,,,,,,,,,,,,,aa5501099a99993e0000000000c1ab,121619
1788459151.783580,43.257311,rx,-1,0.300000,0.000000,0.300000,0.300000,1672,41826,25028,0.302275,-0.037352,2.336236,4.234098,0.488931,42,41,2.028676,1.980374,75,77,-1,0,,121619
1788459151.783664,43.257401,rx,-1,0.300000,0.000000,0.300000,0.300000,1673,41850,24984,0.306456,0.074837,2.342992,4.237700,0.490801,41,43,1.983862,2.080636,77,72,-1,0,,121619
1788459151.783677,43.257415,tx,-1,0.300000,0.000000,0.300000,0.300000,,,,,,,,,,,,,,,,,aa5501099a99993e0000000000c1ab,121763
1788459151.836927,43.310661,rx,-1,0.300000,0.000000,0.300000,0.300000,1674,41876,25004,0.302565,0.037388,2.349663,4.241270,0.491736,41,42,1.982275,2.030623,77,74,-1,0,,121763
1788459151.916037,43.389768,rx,-1,0.300000,0.000000,0.300000,0.300000,1675,41901,24972,0.295653,-0.037436,2.356172,4.244752,0.490801,41,40,1.984815,1.936405,77,79,-1,0,,121763
1788459151.916090,43.389828,tx,-1,0.300000,0.000000,0.300000,0.300000,,,,,,,,,,,,,,,,,aa5501099a99993e0000000000c1ab,121907
1788459151.921815,43.395552,key,119,0.300000,0.000000,0.300000,0.300000,,,,,,,,,,,,,,,,,aa5501099a99993e0000000000c1ab,121907
1788459151.924289,43.398018,rx,-1,0.300000,0.000000,0.300000,0.300000,1676,41926,25020,0.298729,0.000000,2.362764,4.248275,0.490801,41,41,1.981007,1.981007,77,77,-1,0,,121907
1788459151.924379,43.398116,rx,-1,0.300000,0.000000,0.300000,0.300000,1677,41951,24980,0.299207,0.000000,2.369356,4.251798,0.490801,41,41,1.984179,1.984179,77,77,-1,0,,121907
1788459151.924436,43.398172,rx,-1,0.300000,0.000000,0.300000,0.300000,1678,41975,25004,0.302565,0.037388,2.376027,4.255367,0.491736,41,42,1.982275,2.030623,77,74,-1,0,,121907
1788459151.924456,43.398193,tx,-1,0.300000,0.000000,0.300000,0.300000,,,,,,,,,,,,,,,,,aa5501099a99993e0000000000c1ab,122187
1788459151.935901,43.409637,key,119,0.300000,0.000000,0.300000,0.300000,,,,,,,,,,,,,,,,,aa5501099a99993e0000000000c1ab,122187
1788459151.977743,43.451473,rx,-1,0.300000,0.000000,0.300000,0.300000,1679,42001,25008,0.302517,-0.037383,2.382697,4.258936,0.490801,42,41,2.030298,1.981958,74,77,-1,0,,122187
1788459152.029177,43.502908,rx,-1,0.300000,0.000000,0.300000,0.300000,1680,42025,24980,0.288261,0.112273,2.389043,4.262339,0.493606,38,41,1.838996,1.984179,85,77,-1,0,,122187
1788459152.029277,43.503013,rx,-1,0.300000,0.000000,0.300000,0.300000,1681,42051,25044,0.316640,-0.037329,2.396029,4.266093,0.492671,44,43,2.123922,2.075651,70,72,-1,0,,122187
1788459152.029293,43.503030,tx,-1,0.300000,0.000000,0.300000,0.300000,,,,,,,,,,,,,,,,,aa5501099a99993e0000000000c1ab,122394
1788459152.035029,43.508766,key,119,0.300000,0.000000,0.300000,0.300000,,,,,,,,,,,,,,,,,aa5501099a99993e0000000000c1ab,122394
1788459152.037488,43.511218,rx,-1,0.300000,0.000000,0.300000,0.300000,1682,42076,24996,0.309955,-0.037400,2.402856,4.269754,0.491736,43,42,2.079637,2.031273,72,74,-1,0,,122394
1788459152.037585,43.511321,rx,-1,0.300000,0.000000,0.300000,0.300000,1683,42101,24964,0.295748,-0.037448,2.409366,4.273237,0.490801,41,40,1.985451,1.937026,77,79,-1,0,,122394
1788459152.037599,43.511336,tx,-1,0.300000,0.000000,0.300000,0.300000,,,,,,,,,,,,,,,,,aa5501099a99993e0000000000c1ab,122538
1788459152.090310,43.564043,rx,-1,0.300000,0.000000,0.300000,0.300000,1684,42126,25028,0.302275,-0.037352,2.416040,4.276800,0.489866,42,41,2.028676,1.980374,74,76,-1,0,,122538
1788459152.132155,43.605887,rx,-1,0.300000,0.000000,0.300000,0.300000,1685,42150,24968,0.299351,-0.074885,2.422639,4.280310,0.487997,42,40,2.033551,1.936715,74,79,-1,0,,122538
1788459152.132209,43.605947,tx,-1,0.300000,0.000000,0.300000,0.300000,,,,,,,,,,,,,,,,,aa5501099a99993e0000000000c1ab,122682
1788459152.137501,43.611237,key,119,0.300000,0.000000,0.300000,0.300000,,,,,,,,,,,,,,,,,aa5501099a99993e0000000000c1ab,122682
1788459152.145652,43.619384,rx,-1,0.300000,0.000000,0.300000,0.300000,1686,42176,25040,0.302130,-0.037335,2.429322,4.283854,0.487062,42,41,2.027704,1.979425,74,77,-1,0,,122682
1788459152.145727,43.619463,rx,-1,0.300000,0.000000,0.300000,0.300000,1687,42201,25000,0.298968,0.074789,2.435924,4.287358,0.488931,40,42,1.934236,2.030948,79,74,-1,0,,122682
1788459152.145738,43.619476,tx,-1,0.300000,0.000000,0.300000,0.300000,,,,,,,,,,,,,,,,,aa5501099a99993e0000000000c1ab,122826
1788459152.184969,43.658705,key,119,0.300000,0.000000,0.300000,0.300000,,,,,,,,,,,,,,,,,aa5501099a99993e0000000000c1ab,122826
1788459152.198752,43.672486,rx,-1,0.300000,0.000000,0.300000,0.300000,1688,42226,24992,0.295416,-0.037406,2.442444,4.290823,0.487997,41,40,1.983227,1.934855,76,79,-1,0,,122826
1788459152.233796,43.707527,rx,-1,0.300000,0.000000,0.300000,0.300000,1689,42251,24984,0.302808,-0.037418,2.449128,4.294367,0.487062,42,41,2.032248,1.983862,74,77,-1,0,,122826
1788459152.233841,43.707578,tx,-1,0.300000,0.000000,0.300000,0.300000,,,,,,,,,,,,,,,,,aa5501099a99993e0000000000c1ab,122970
1788459152.253463,43.727197,rx,-1,0.300000,0.000000,0.300000,0.300000,1690,42275,25016,0.295133,0.037370,2.455651,4.297825,0.487997,40,41,1.932999,1.981324,79,77,-1,0,,122970
1788459152.253538,43.727274,rx,-1,0.300000,0.000000,0.300000,0.300000,1691,42301,24984,0.299159,0.000000,2.462252,4.301330,0.487997,41,41,1.983862,1.983862,77,77,-1,0,,122970
1788459152.253555,43.727292,tx,-1,0.300000,0.000000,0.300000,0.300000,,,,,,,,,,,,,,,,,aa5501099a99993e0000000000c1ab,123178
1788459152.259295,43.733031,key,119,0.300000,0.000000,0.300000,0.300000,,,,,,,,,,,,,,,,,aa5501099a99993e0000000000c1ab,123178
1788459152.307207,43.780941,rx,-1,0.300000,0.000000,0.300000,0.300000,1692,42326,24984,0.299159,0.000000,2.468854,4.304834,0.487997,41,41,1.983862,1.983862,77,77,-1,0,,123178
1788459152.346228,43.819960,rx,-1,0.300000,0.000000,0.300000,0.300000,1693,42351,25028,0.298633,0.000000,2.475456,4.308338,0.487997,41,41,1.980374,1.980374,77,77,-1,0,,123178
1788459152.346306,43.820043,rx,-1,0.300000,0.000000,0.300000,0.300000,1694,42376,25004,0.298920,0.000000,2.482058,4.311842,0.487997,41,41,1.982275,1.982275,77,77,-1,0,,123178
1788459152.346318,43.820055,tx,-1,0.300000,0.000000,0.300000,0.300000,,,,,,,,,,,,,,,,,aa5501099a99993e0000000000c1ab,123330
1788459152.359422,43.833154,rx,-1,0.300000,0.000000,0.300000,0.300000,1695,42400,24984,0.299159,0.000000,2.488660,4.315347,0.487997,41,41,1.983862,1.983862,77,77,-1,0,,123330
1788459152.359497,43.833233,rx,-1,0.300000,0.000000,0.300000,0.300000,1696,42426,25044,0.298443,0.000000,2.495261,4.318851,0.487997,41,41,1.979109,1.979109,77,77,-1,0,,123330
1788459152.359508,43.833246,tx,-1,0.300000,0.000000,0.300000,0.300000,,,,,,,,,,,,,,,,,aa5501099a99993e0000000000c1ab,123474
1788459152.412904,43.886638,rx,-1,0.300000,0.000000,0.300000,0.300000,1697,42450,24968,0.299351,0.000000,2.501863,4.322355,0.487997,41,41,1.985133,1.985133,77,77,-1,0,,123474
1788459152.462576,43.936307,rx,-1,0.300000,0.000000,0.300000,0.300000,1698,42476,24972,0.299303,0.000000,2.508465,4.325860,0.487997,41,41,1.984815,1.984815,77,77,-1,0,,123474
1788459152.462630,43.936367,tx,-1,0.300000,0.000000,0.300000,0.300000,,,,,,,,,,,,,,,,,aa5501099a99993e0000000000c1ab,123618
1788459152.470788,43.944521,rx,-1,0.300000,0.000000,0.300000,0.300000,1699,42501,25020,0.298729,0.000000,2.515067,4.329364,0.487997,41,41,1.981007,1.981007,77,77,-1,0,,123618
1788459152.470866,43.944602,rx,-1,0.300000,0.000000,0.300000,0.300000,1700,42526,25012,0.298824,0.000000,2.521669,4.332868,0.487997,41,41,1.981641,1.981641,77,77,-1,0,,123618
1788459152.470882,43.944619,tx,-1,0.300000,0.000000,0.300000,0.300000,,,,,,,,,,,,,,,,,aa5501099a99993e0000000000c1ab,123762
1788459152.524354,43.998087,rx,-1,0.300000,0.000000,0.300000,0.300000,1701,42551,24988,0.299111,0.000000,2.528270,4.336372,0.487997,41,41,1.983544,1.983544,77,77,-1,0,,123762
1788459152.567488,44.041219,rx,-1,0.300000,0.000000,0.300000,0.300000,1702,42575,25000,0.298968,0.000000,2.534872,4.339877,0.487997,41,41,1.982592,1.982592,77,77,-1,0,,123762
1788459152.567543,44.041280,tx,-1,0.300000,0.000000,0.300000,0.300000,,,,,,,,,,,,,,,,,aa5501099a99993e0000000000c1ab,123906
1788459152.575241,44.048972,rx,-1,0.300000,0.000000,0.300000,0.300000,1703,42601,25000,0.298968,0.000000,2.541474,4.343381,0.487997,41,41,1.982592,1.982592,77,77,-1,0,,123906
1788459152.575323,44.049059,rx,-1,0.300000,0.000000,0.300000,0.300000,1704,42626,25044,0.305722,0.000000,2.548237,4.346971,0.487997,42,42,2.027380,2.027380,74,75,-1,0,,123906
1788459152.575339,44.049076,tx,-1,0.300000,0.000000,0.300000,0.300000,,,,,,,,,,,,,,,,,aa5501099a99993e0000000000c1ab,124050
1788459152.628488,44.102220,rx,-1,0.300000,0.000000,0.300000,0.300000,1705,42651,25000,0.298968,0.074789,2.554835,4.350481,0.489866,40,42,1.934236,2.030948,80,74,-1,0,,124050
1788459152.664871,44.138601,rx,-1,0.300000,0.000000,0.300000,0.300000,1706,42676,24968,0.306652,0.000000,2.561591,4.354084,0.489866,42,42,2.033551,2.033551,74,74,-1,0,,124050
1788459152.664920,44.138657,tx,-1,0.300000,0.000000,0.300000,0.300000,,,,,,,,,,,,,,,,,aa5501099a99993e0000000000c1ab,124194
1788459152.683713,44.157444,rx,-1,0.300000,0.000000,0.300000,0.300000,1707,42701,25008,0.302517,-0.037383,2.568269,4.357640,0.488931,42,41,2.030298,1.981958,74,77,-1,0,,124194
1788459152.683796,44.157532,rx,-1,0.300000,0.000000,0.300000,0.300000,1708,42726,24980,0.302856,-0.037424,2.574950,4.361190,0.487996,42,41,2.032574,1.984179,74,77,-1,0,,124194
1788459152.683815,44.157552,tx,-1,0.300000,0.000000,0.300000,0.300000,,,,,,,,,,,,,,,,,aa5501099a99993e0000000000c1ab,124402
1788459152.735947,44.209680,rx,-1,0.300000,0.000000,0.300000,0.300000,1709,42750,25016,0.298777,0.000000,2.581551,4.364694,0.487996,41,41,1.981324,1.981324,77,77,-1,0,,124402
1788459152.777569,44.251300,rx,-1,0.300000,0.000000,0.300000,0.300000,1710,42776,24996,0.299016,0.000000,2.588153,4.368198,0.487996,41,41,1.982909,1.982909,77,77,-1,0,,124402
1788459152.777656,44.251391,rx,-1,0.300000,0.000000,0.300000,0.300000,1711,42801,25008,0.302517,0.037383,2.594834,4.371748,0.488931,41,42,1.981958,2.030298,77,74,-1,0,,124402
1788459152.777668,44.251405,tx,-1,0.300000,0.000000,0.300000,0.300000,,,,,,,,,,,,,,,,,aa5501099a99993e0000000000c1ab,124554
1788459152.791506,44.265239,rx,-1,0.300000,0.000000,0.300000,0.300000,1712,42826,24960,0.299447,0.000000,2.601432,4.375259,0.488931,41,41,1.985769,1.985769,76,76,-1,0,,124554
1788459152.791611,44.265345,rx,-1,0.300000,0.000000,0.300000,0.300000,1713,42851,25024,0.302324,-0.037358,2.608113,4.378809,0.487996,42,41,2.029000,1.980691,74,77,-1,0,,124554
1788459152.791628,44.265365,tx,-1,0.300000,0.000000,0.300000,0.300000,,,,,,,,,,,,,,,,,aa5501099a99993e0000000000c1ab,124698
1788459152.845033,44.318762,rx,-1,0.300000,0.000000,0.300000,0.300000,1714,42875,24992,0.291769,0.000000,2.614554,4.382228,0.487996,40,40,1.934855,1.934855,79,79,-1,0,,124698
1788459152.912537,44.386266,rx,-1,0.300000,0.000000,0.300000,0.300000,1715,42901,24988,0.295464,0.037412,2.621073,4.385693,0.488931,40,41,1.935165,1.983544,79,77,-1,0,,124698
1788459152.912602,44.386339,tx,-1,0.300000,0.000000,0.300000,0.300000,,,,,,,,,,,,,,,,,aa5501099a99993e0000000000c1ab,124842
1788459152.920474,44.394195,rx,-1,0.300000,0.000000,0.300000,0.300000,1716,42926,25044,0.298443,0.000000,2.627672,4.389203,0.488931,41,41,1.979109,1.979109,77,77,-1,0,,124842
1788459152.920679,44.394412,rx,-1,0.300000,0.000000,0.300000,0.300000,1717,42951,24956,0.299495,-0.074921,2.634274,4.392707,0.487062,42,40,2.034529,1.937647,74,79,-1,0,,124842
1788459152.920750,44.394486,rx,-1,0.300000,0.000000,0.300000,0.300000,1718,42976,25004,0.298920,0.000000,2.640879,4.396205,0.487062,41,41,1.982275,1.982275,77,77,-1,0,,124842
1788459152.920765,44.394502,tx,-1,0.300000,0.000000,0.300000,0.300000,,,,,,,,,,,,,,,,,aa5501099a99993e0000000000c1ab,125058
1788459152.974231,44.447961,rx,-1,0.300000,0.000000,0.300000,0.300000,1719,43000,25020,0.298729,0.000000,2.647484,4.399704,0.487062,41,41,1.981007,1.981007,77,77,-1,0,,125058
1788459153.020772,44.494498,rx,-1,0.300000,0.000000,0.300000,0.300000,1720,43026,24996,0.266197,0.037400,2.653363,4.402821,0.487997,36,37,1.741091,1.789455,91,88,-1,0,,125058
1788459153.020879,44.494615,tx,-1,0.300000,0.000000,0.300000,0.300000,,,,,,,,,,,,,,,,,aa5501099a99993e0000000000c1ab,125257
1788459153.029149,44.502879,rx,-1,0.300000,0.000000,0.300000,0.300000,1721,43051,25016,0.306064,0.000000,2.660125,4.406410,0.487997,42,42,2.029649,2.029649,75,76,-1,0,,125257
1788459153.029243,44.502978,rx,-1,0.300000,0.000000,0.300000,0.300000,1722,43076,24988,0.313702,-0.074825,2.667053,4.410079,0.486127,44,42,2.128682,2.031923,69,75,-1,0,,125257
1788459153.029259,44.502995,tx,-1,0.300000,0.000000,0.300000,0.300000,,,,,,,,,,,,,,,,,aa5501099a99993e0000000000c1ab,125401
1788459153.082411,44.556144,rx,-1,0.300000,0.000000,0.300000,0.300000,1723,43101,25020,0.302372,0.037364,2.673740,4.413617,0.487062,41,42,1.981007,2.029325,77,75,-1,0,,125401
1788459153.118177,44.591909,rx,-1,0.300000,0.000000,0.300000,0.300000,1724,43126,24960,0.292143,0.074909,2.680180,4.417036,0.488931,39,41,1.888902,1.985769,83,77,-1,0,,125401
1788459153.118225,44.591961,tx,-1,0.300000,0.000000,0.300000,0.300000,,,,,,,,,,,,,,,,,aa5501099a99993e0000000000c1ab,125545
1788459153.137731,44.611462,rx,-1,0.300000,0.000000,0.300000,0.300000,1725,43151,25004,0.298920,0.000000,2.686779,4.420546,0.488931,41,41,1.982275,1.982275,78,78,-1,0,,125545
1788459153.137810,44.611545,rx,-1,0.300000,0.000000,0.300000,0.300000,1726,43175,25012,0.306113,-0.074753,2.693542,4.424136,0.487062,43,41,2.078306,1.981641,72,78,-1,0,,125545
1788459153.137828,44.611565,tx,-1,0.300000,0.000000,0.300000,0.300000,,,,,,,,,,,,,,,,,aa5501099a99993e0000000000c1ab,125753
1788459153.191389,44.665121,rx,-1,0.300000,0.000000,0.300000,0.300000,1727,43201,24976,0.302905,-0.037430,2.700229,4.427673,0.486127,42,41,2.032900,1.984497,74,78,-1,0,,125753
1788459153.228797,44.702529,rx,-1,0.300000,0.000000,0.300000,0.300000,1728,43226,25044,0.302082,0.037329,2.706916,4.431211,0.487062,41,42,1.979109,2.027380,77,75,-1,0,,125753
1788459153.228887,44.702622,rx,-1,0.300000,0.000000,0.300000,0.300000,1729,43251,24992,0.302711,-0.037406,2.713603,4.434749,0.486127,42,41,2.031598,1.983227,74,77,-1,0,,125753
1788459153.228903,44.702640,tx,-1,0.300000,0.000000,0.300000,0.300000,,,,,,,,,,,,,,,,,aa5501099a99993e0000000000c1ab,125905
1788459153.242763,44.716495,rx,-1,0.300000,0.000000,0.300000,0.300000,1730,43276,24980,0.302856,-0.037424,2.720294,4.438280,0.485192,42,41,2.032574,1.984179,74,77,-1,0,,125905
1788459153.242849,44.716584,rx,-1,0.300000,0.000000,0.300000,0.300000,1731,43300,24984,0.295511,-0.037418,2.726826,4.441720,0.484257,41,40,1.983862,1.935475,77,80,-1,0,,125905
1788459153.242861,44.716598,tx,-1,0.300000,0.000000,0.300000,0.300000,,,,,,,,,,,,,,,,,aa5501099a99993e0000000000c1ab,126049
1788459153.296364,44.770097,rx,-1,0.300000,0.000000,0.300000,0.300000,1732,43326,25048,0.298395,0.074645,2.733438,4.445206,0.486127,40,42,1.930529,2.027056,80,75,-1,0,,126049
1788459153.334279,44.808007,rx,-1,0.300000,0.000000,0.300000,0.300000,1733,43351,24988,0.302759,-0.037412,2.740128,4.448738,0.485192,42,41,2.031923,1.983544,74,78,-1,0,,126049
1788459153.334360,44.808096,tx,-1,0.300000,0.000000,0.300000,0.300000,,,,,,,,,,,,,,,,,aa5501099a99993e0000000000c1ab,126193
1788459153.347561,44.821293,rx,-1,0.300000,0.000000,0.300000,0.300000,1734,43376,25012,0.306113,0.000000,2.746901,4.452309,0.485192,42,42,2.029974,2.029974,74,75,-1,0,,126193
1788459153.347638,44.821374,rx,-1,0.300000,0.000000,0.300000,0.300000,1735,43401,24952,0.314155,0.000000,2.753835,4.455965,0.485192,43,43,2.083304,2.083304,71,72,-1,0,,126193
1788459153.347651,44.821387,tx,-1,0.300000,0.000000,0.300000,0.300000,,,,,,,,,,,,,,,,,aa5501099a99993e0000000000c1ab,126337
1788459153.400856,44.874589,rx,-1,0.300000,0.000000,0.300000,0.300000,1736,43426,25016,0.302420,0.037371,2.760525,4.459496,0.486127,41,42,1.981324,2.029649,76,74,-1,0,,126337
1788459153.436930,44.910656,rx,-1,0.300000,0.000000,0.300000,0.300000,1737,43451,25000,0.298968,0.000000,2.767134,4.462988,0.486127,41,41,1.982592,1.982592,76,77,-1,0,,126337
1788459153.437030,44.910766,tx,-1,0.300000,0.000000,0.300000,0.300000,,,,,,,,,,,,,,,,,aa5501099a99993e0000000000c1ab,126481
1788459153.450898,44.924627,rx,-1,0.300000,0.000000,0.300000,0.300000,1738,43475,25000,0.302614,0.037394,2.773821,4.466526,0.487062,41,42,1.982592,2.030948,76,74,-1,0,,126481
1788459153.450981,44.924716,rx,-1,0.300000,0.000000,0.300000,0.300000,1739,43501,24984,0.306456,0.074837,2.780584,4.470115,0.488931,41,43,1.983862,2.080636,76,71,-1,0,,126481
1788459153.450994,44.924730,tx,-1,0.300000,0.000000,0.300000,0.300000,,,,,,,,,,,,,,,,,aa5501099a99993e0000000000c1ab,126625
1788459153.503735,44.977467,rx,-1,0.300000,0.000000,0.300000,0.300000,1740,43526,25044,0.302082,-0.037329,2.787264,4.473665,0.487996,42,41,2.027380,1.979109,74,77,-1,0,,126625
1788459153.540668,45.014398,rx,-1,0.300000,0.000000,0.300000,0.300000,1741,43551,24980,0.291910,-0.074849,2.793708,4.477078,0.486127,41,39,1.984179,1.887390,76,82,-1,0,,126625
1788459153.540716,45.014452,tx,-1,0.300000,0.000000,0.300000,0.300000,,,,,,,,,,,,,,,,,aa5501099a99993e0000000000c1ab,126769
1788459153.554472,45.028203,rx,-1,0.300000,0.000000,0.300000,0.300000,1742,43576,25004,0.302565,0.037388,2.800395,4.480616,0.487062,41,42,1.982275,2.030623,76,74,-1,0,,126769
1788459153.554555,45.028290,rx,-1,0.300000,0.000000,0.300000,0.300000,1743,43600,24992,0.302711,-0.037406,2.807083,4.484153,0.486127,42,41,2.031598,1.983227,73,77,-1,0,,126769
1788459153.554567,45.028303,tx,-1,0.300000,0.000000,0.300000,0.300000,,,,,,,,,,,,,,,,,aa5501099a99993e0000000000c1ab,126913
1788459153.607686,45.081417,rx,-1,0.300000,0.000000,0.300000,0.300000,1744,43626,25024,0.305966,-0.074717,2.813855,4.487724,0.484257,43,41,2.077310,1.980691,71,77,-1,0,,126913
1788459153.647662,45.121392,rx,-1,0.300000,0.000000,0.300000,0.300000,1745,43651,24988,0.295464,-0.037412,2.820391,4.491158,0.483322,41,40,1.983544,1.935165,76,79,-1,0,,126913
1788459153.647717,45.121454,tx,-1,0.300000,0.000000,0.300000,0.300000,,,,,,,,,,,,,,,,,aa5501099a99993e0000000000c1ab,127057
1788459153.661676,45.135406,rx,-1,0.300000,0.000000,0.300000,0.300000,1746,43676,24992,0.295416,0.037406,2.826927,4.494593,0.484257,40,41,1.934855,1.983227,79,77,-1,0,,127057
1788459153.661771,45.135506,rx,-1,0.300000,0.000000,0.300000,0.300000,1747,43701,24984,0.302808,0.037418,2.833621,4.498118,0.485192,41,42,1.983862,2.032248,76,74,-1,0,,127057
1788459153.661785,45.135520,tx,-1,0.300000,0.000000,0.300000,0.300000,,,,,,,,,,,,,,,,,aa5501099a99993e0000000000c1ab,127201
1788459153.715135,45.188865,rx,-1,0.300000,0.000000,0.300000,0.300000,1748,43725,25028,0.294992,-0.037353,2.840153,4.501558,0.484257,41,40,1.980374,1.932072,76,80,-1,0,,127201
1788459153.773961,45.247682,rx,-1,0.300000,0.000000,0.300000,0.300000,1749,43751,24980,0.295558,-0.037424,2.846689,4.504992,0.483322,41,40,1.984179,1.935785,76,80,-1,0,,127201
1788459153.774081,45.247817,tx,-1,0.300000,0.000000,0.300000,0.300000,,,,,,,,,,,,,,,,,aa5501099a99993e0000000000c1ab,127345
1788459153.782168,45.255898,rx,-1,0.300000,0.000000,0.300000,0.300000,1750,43776,25016,0.302420,0.037371,2.853386,4.508512,0.484257,41,42,1.981324,2.029649,76,75,-1,0,,127345
1788459153.782261,45.255996,rx,-1,0.300000,0.000000,0.300000,0.300000,1751,43801,24984,0.299159,0.000000,2.860001,4.511991,0.484257,41,41,1.983862,1.983862,76,77,-1,0,,127345
1788459153.782313,45.256048,rx,-1,0.300000,0.000000,0.300000,0.300000,1752,43826,24988,0.295464,0.037412,2.866534,4.515431,0.485192,40,41,1.935165,1.983544,79,77,-1,0,,127345
1788459153.782324,45.256060,tx,-1,0.300000,0.000000,0.300000,0.300000,,,,,,,,,,,,,,,,,aa5501099a99993e0000000000c1ab,127561
1788459153.834408,45.308136,rx,-1,0.300000,0.000000,0.300000,0.300000,1753,43851,25020,0.295086,-0.037364,2.873066,4.518872,0.484257,41,40,1.981007,1.932690,76,80,-1,0,,127561
1788459153.874873,45.348602,rx,-1,0.300000,0.000000,0.300000,0.300000,1754,43876,24992,0.302711,-0.037406,2.879763,4.522391,0.483322,42,41,2.031598,1.983227,74,77,-1,0,,127561
1788459153.874925,45.348661,tx,-1,0.300000,0.000000,0.300000,0.300000,,,,,,,,,,,,,,,,,aa5501099a99993e0000000000c1ab,127705
1788459153.880264,45.354000,key,32,0.000000,0.000000,0.000000,0.000000,,,,,,,,,,,,,,,,,aa5501090000000000000000004829,127705
1788459153.888366,45.362097,rx,-1,0.000000,0.000000,0.000000,0.000000,1755,43900,25012,0.302469,0.037376,2.886460,4.525910,0.484257,41,42,1.981641,2.029974,76,75,-1,0,,127705
1788459153.888441,45.362175,rx,-1,0.000000,0.000000,0.000000,0.000000,1756,43926,25016,0.298777,0.000000,2.893075,4.529389,0.484257,41,41,1.981324,1.981324,76,77,-1,0,,127705
1788459153.888451,45.362187,tx,-1,0.000000,0.000000,0.000000,0.000000,,,,,,,,,,,,,,,,,aa5501090000000000000000004829,127849
1788459153.941698,45.415430,rx,-1,0.000000,0.000000,0.000000,0.000000,1757,43951,24972,0.299303,0.000000,2.899690,4.532869,0.484257,41,41,1.984815,1.984815,-95,-85,-1,0,,127849
1788459153.976634,45.450360,rx,-1,0.000000,0.000000,0.000000,0.000000,1758,43976,24992,0.134943,0.037406,2.902674,4.534441,0.485192,18,19,0.870685,0.919056,-38,-35,-1,0,,127849
1788459153.976711,45.450447,tx,-1,0.000000,0.000000,0.000000,0.000000,,,,,,,,,,,,,,,,,aa5501090000000000000000004829,127993
1788459153.996083,45.469815,rx,-1,0.000000,0.000000,0.000000,0.000000,1759,44001,25032,-0.050978,0.000000,2.901545,4.533845,0.485192,-7,-7,-0.338059,-0.338059,27,29,-1,0,,127993
1788459153.996187,45.469921,rx,-1,0.000000,0.000000,0.000000,0.000000,1760,44025,24972,-0.007300,-0.074873,2.901384,4.533761,0.483322,0,-2,0.000000,-0.096820,9,17,-1,0,,127993
1788459153.996203,45.469939,tx,-1,0.000000,0.000000,0.000000,0.000000,,,,,,,,,,,,,,,,,aa5501090000000000000000004829,128224
1788459154.049280,45.523012,rx,-1,0.000000,0.000000,0.000000,0.000000,1761,44051,25028,0.036419,0.149410,2.902190,4.534185,0.487062,3,7,0.144905,0.338113,1,-5,-1,0,,128224
1788459154.092460,45.566190,rx,-1,0.000000,0.000000,0.000000,0.000000,1762,44076,24976,0.014598,0.000000,2.902512,4.534356,0.487062,2,2,0.096805,0.096805,3,6,-1,0,,128224
1788459154.092502,45.566238,tx,-1,0.000000,0.000000,0.000000,0.000000,,,,,,,,,,,,,,,,,aa5501090000000000000000004829,128400
1788459154.100713,45.574443,rx,-1,0.000000,0.000000,0.000000,0.000000,1763,44100,25028,0.000000,0.000000,2.902512,4.534356,0.487062,0,0,0.000000,0.000000,8,11,-1,0,,128400
1788459154.100801,45.574536,rx,-1,0.000000,0.000000,0.000000,0.000000,1764,44126,24996,0.000000,0.000000,2.902512,4.534356,0.487062,0,0,0.000000,0.000000,8,11,-1,0,,128400
1788459154.100819,45.574555,tx,-1,0.000000,0.000000,0.000000,0.000000,,,,,,,,,,,,,,,,,aa5501090000000000000000004829,128544
1788459154.153582,45.627314,rx,-1,0.000000,0.000000,0.000000,0.000000,1765,44150,24992,0.007294,0.000000,2.902673,4.534441,0.487062,1,1,0.048371,0.048371,5,8,-1,0,,128544
1788459154.187590,45.661319,rx,-1,0.000000,0.000000,0.000000,0.000000,1766,44176,24984,0.000000,0.000000,2.902673,4.534441,0.487062,0,0,0.000000,0.000000,8,10,-1,0,,128544
1788459154.187680,45.661414,rx,-1,0.000000,0.000000,0.000000,0.000000,1767,44200,25024,0.000000,0.000000,2.902673,4.534441,0.487062,0,0,0.000000,0.000000,8,10,-1,0,,128544
1788459154.187691,45.661427,tx,-1,0.000000,0.000000,0.000000,0.000000,,,,,,,,,,,,,,,,,aa5501090000000000000000004829,128696
1788459154.207138,45.680870,rx,-1,0.000000,0.000000,0.000000,0.000000,1768,44225,24960,0.000000,0.000000,2.902673,4.534441,0.487062,0,0,0.000000,0.000000,8,10,-1,0,,128696
1788459154.207205,45.680940,rx,-1,0.000000,0.000000,0.000000,0.000000,1769,44251,25004,0.000000,0.000000,2.902673,4.534441,0.487062,0,0,0.000000,0.000000,8,10,-1,0,,128696
1788459154.207215,45.680950,tx,-1,0.000000,0.000000,0.000000,0.000000,,,,,,,,,,,,,,,,,aa5501090000000000000000004829,128840
1788459154.260695,45.734425,rx,-1,0.000000,0.000000,0.000000,0.000000,1770,44275,25040,0.000000,0.000000,2.902673,4.534441,0.487062,0,0,0.000000,0.000000,8,10,-1,0,,128840
1788459154.299931,45.773651,rx,-1,0.000000,0.000000,0.000000,0.000000,1771,44301,24964,0.000000,0.000000,2.902673,4.534441,0.487062,0,0,0.000000,0.000000,8,10,-1,0,,128840
1788459154.300028,45.773763,tx,-1,0.000000,0.000000,0.000000,0.000000,,,,,,,,,,,,,,,,,aa5501090000000000000000004829,128984
1788459154.313952,45.787683,rx,-1,0.000000,0.000000,0.000000,0.000000,1772,44325,25008,0.000000,0.000000,2.902673,4.534441,0.487062,0,0,0.000000,0.000000,8,10,-1,0,,128984
1788459154.314034,45.787769,rx,-1,0.000000,0.000000,0.000000,0.000000,1773,44351,25012,0.000000,0.000000,2.902673,4.534441,0.487062,0,0,0.000000,0.000000,8,10,-1,0,,128984
1788459154.314047,45.787783,tx,-1,0.000000,0.000000,0.000000,0.000000,,,,,,,,,,,,,,,,,aa5501090000000000000000004829,129128
1788459154.367684,45.841413,rx,-1,0.000000,0.000000,0.000000,0.000000,1774,44376,24988,0.000000,0.000000,2.902673,4.534441,0.487062,0,0,0.000000,0.000000,8,10,-1,0,,129128
1788459154.405367,45.879093,rx,-1,0.000000,0.000000,0.000000,0.000000,1775,44400,24984,0.000000,0.000000,2.902673,4.534441,0.487062,0,0,0.000000,0.000000,8,10,-1,0,,129128
1788459154.405432,45.879168,tx,-1,0.000000,0.000000,0.000000,0.000000,,,,,,,,,,,,,,,,,aa5501090000000000000000004829,129272
1788459154.419042,45.892771,rx,-1,0.000000,0.000000,0.000000,0.000000,1776,44426,25048,0.000000,0.000000,2.902673,4.534441,0.487062,0,0,0.000000,0.000000,8,10,-1,0,,129272
1788459154.419120,45.892854,rx,-1,0.000000,0.000000,0.000000,0.000000,1777,44450,24964,0.000000,0.000000,2.902673,4.534441,0.487062,0,0,0.000000,0.000000,8,10,-1,0,,129272
1788459154.419136,45.892871,tx,-1,0.000000,0.000000,0.000000,0.000000,,,,,,,,,,,,,,,,,aa5501090000000000000000004829,129416
1788459154.471486,45.945215,rx,-1,0.000000,0.000000,0.000000,0.000000,1778,44476,25036,0.000000,0.000000,2.902673,4.534441,0.487062,0,0,0.000000,0.000000,8,10,-1,0,,129416
1788459154.527434,46.001163,rx,-1,0.000000,0.000000,0.000000,0.000000,1779,44500,24976,0.000000,0.000000,2.902673,4.534441,0.487062,0,0,0.000000,0.000000,8,10,-1,0,,129416
1788459154.527473,46.001208,tx,-1,0.000000,0.000000,0.000000,0.000000,,,,,,,,,,,,,,,,,aa5501090000000000000000004829,129560
1788459154.535172,46.008898,rx,-1,0.000000,0.000000,0.000000,0.000000,1780,44525,25016,0.000000,0.000000,2.902673,4.534441,0.487062,0,0,0.000000,0.000000,8,10,-1,0,,129560
1788459154.535260,46.008994,rx,-1,0.000000,0.000000,0.000000,0.000000,1781,44551,24992,0.000000,0.000000,2.902673,4.534441,0.487062,0,0,0.000000,0.000000,8,10,-1,0,,129560
1788459154.535308,46.009043,rx,-1,0.000000,0.000000,0.000000,0.000000,1782,44575,24980,0.000000,0.000000,2.902673,4.534441,0.487062,0,0,0.000000,0.000000,8,10,-1,0,,129560
1788459154.535318,46.009053,tx,-1,0.000000,0.000000,0.000000,0.000000,,,,,,,,,,,,,,,,,aa5501090000000000000000004829,129776
1788459154.588949,46.062679,rx,-1,0.000000,0.000000,0.000000,0.000000,1783,44601,25020,0.000000,0.000000,2.902673,4.534441,0.487062,0,0,0.000000,0.000000,8,10,-1,0,,129776
1788459154.623006,46.096736,rx,-1,0.000000,0.000000,0.000000,0.000000,1784,44625,24988,0.000000,0.000000,2.902673,4.534441,0.487062,0,0,0.000000,0.000000,8,10,-1,0,,129776
1788459154.623048,46.096783,tx,-1,0.000000,0.000000,0.000000,0.000000,,,,,,,,,,,,,,,,,aa5501090000000000000000004829,129920
1788459154.642522,46.116253,rx,-1,0.000000,0.000000,0.000000,0.000000,1785,44651,25024,0.000000,0.000000,2.902673,4.534441,0.487062,0,0,0.000000,0.000000,8,10,-1,0,,129920
1788459154.642611,46.116345,rx,-1,0.000000,0.000000,0.000000,0.000000,1786,44676,24988,0.000000,0.000000,2.902673,4.534441,0.487062,0,0,0.000000,0.000000,8,10,-1,0,,129920
1788459154.642626,46.116361,tx,-1,0.000000,0.000000,0.000000,0.000000,,,,,,,,,,,,,,,,,aa5501090000000000000000004829,130064
1788459154.695151,46.168881,rx,-1,0.000000,0.000000,0.000000,0.000000,1787,44700,24988,0.000000,0.000000,2.902673,4.534441,0.487062,0,0,0.000000,0.000000,8,10,-1,0,,130064
1788459154.732141,46.205870,rx,-1,0.000000,0.000000,0.000000,0.000000,1788,44726,25024,0.000000,0.000000,2.902673,4.534441,0.487062,0,0,0.000000,0.000000,8,10,-1,0,,130064
1788459154.732192,46.205928,tx,-1,0.000000,0.000000,0.000000,0.000000,,,,,,,,,,,,,,,,,aa5501090000000000000000004829,130208
1788459154.745887,46.219615,rx,-1,0.000000,0.000000,0.000000,0.000000,1789,44750,24984,0.000000,0.000000,2.902673,4.534441,0.487062,0,0,0.000000,0.000000,8,10,-1,0,,130208
1788459154.745971,46.219704,rx,-1,0.000000,0.000000,0.000000,0.000000,1790,44776,25020,0.000000,0.000000,2.902673,4.534441,0.487062,0,0,0.000000,0.000000,8,10,-1,0,,130208
1788459154.745982,46.219717,tx,-1,0.000000,0.000000,0.000000,0.000000,,,,,,,,,,,,,,,,,aa5501090000000000000000004829,130352
1788459154.799480,46.273209,rx,-1,0.000000,0.000000,0.000000,0.000000,1791,44801,24988,0.000000,0.000000,2.902673,4.534441,0.487062,0,0,0.000000,0.000000,8,10,-1,0,,130352
1788459154.840811,46.314535,rx,-1,0.000000,0.000000,0.000000,0.000000,1792,44825,24992,0.000000,0.000000,2.902673,4.534441,0.487062,0,0,0.000000,0.000000,8,10,-1,0,,130352
1788459154.840890,46.314624,tx,-1,0.000000,0.000000,0.000000,0.000000,,,,,,,,,,,,,,,,,aa5501090000000000000000004829,130496
1788459154.854507,46.328238,rx,-1,0.000000,0.000000,0.000000,0.000000,1793,44851,25000,0.000000,0.000000,2.902673,4.534441,0.487062,0,0,0.000000,0.000000,8,10,-1,0,,130496
1788459154.854577,46.328311,rx,-1,0.000000,0.000000,0.000000,0.000000,1794,44875,24980,0.000000,0.000000,2.902673,4.534441,0.487062,0,0,0.000000,0.000000,8,10,-1,0,,130496
1788459154.854590,46.328325,tx,-1,0.000000,0.000000,0.000000,0.000000,,,,,,,,,,,,,,,,,aa5501090000000000000000004829,130672
1788459154.907686,46.381418,rx,-1,0.000000,0.000000,0.000000,0.000000,1795,44901,25000,0.000000,0.000000,2.902673,4.534441,0.487062,0,0,0.000000,0.000000,8,10,-1,0,,130672
1788459154.943210,46.416936,rx,-1,0.000000,0.000000,0.000000,0.000000,1796,44925,25012,0.000000,0.000000,2.902673,4.534441,0.487062,0,0,0.000000,0.000000,8,10,-1,0,,130672
1788459154.943278,46.417013,tx,-1,0.000000,0.000000,0.000000,0.000000,,,,,,,,,,,,,,,,,aa5501090000000000000000004829,130848
1788459154.962327,46.436057,rx,-1,0.000000,0.000000,0.000000,0.000000,1797,44950,25000,0.000000,0.000000,2.902673,4.534441,0.487062,0,0,0.000000,0.000000,8,10,-1,0,,130848
1788459154.962406,46.436140,rx,-1,0.000000,0.000000,0.000000,0.000000,1798,44976,25008,0.000000,0.000000,2.902673,4.534441,0.487062,0,0,0.000000,0.000000,8,10,-1,0,,130848
1788459154.962450,46.436184,rx,-1,0.000000,0.000000,0.000000,0.000000,1799,45000,24980,0.000000,0.000000,2.902673,4.534441,0.487062,0,0,0.000000,0.000000,8,10,-1,0,,130848
1788459154.962461,46.436196,tx,-1,0.000000,0.000000,0.000000,0.000000,,,,,,,,,,,,,,,,,aa5501090000000000000000004829,131024
1788459155.016021,46.489752,rx,-1,0.000000,0.000000,0.000000,0.000000,1800,45026,25036,0.000000,0.000000,2.902673,4.534441,0.487062,0,0,0.000000,0.000000,8,10,-1,0,,131024
1788459155.051922,46.525651,rx,-1,0.000000,0.000000,0.000000,0.000000,1801,45050,24980,0.000000,0.000000,2.902673,4.534441,0.487062,0,0,0.000000,0.000000,8,10,-1,0,,131024
1788459155.051968,46.525703,tx,-1,0.000000,0.000000,0.000000,0.000000,,,,,,,,,,,,,,,,,aa5501090000000000000000004829,131199
1788459155.071408,46.545138,rx,-1,0.000000,0.000000,0.000000,0.000000,1802,45076,25008,0.000000,0.000000,2.902673,4.534441,0.487062,0,0,0.000000,0.000000,8,10,-1,0,,131199
1788459155.071475,46.545209,rx,-1,0.000000,0.000000,0.000000,0.000000,1803,45101,25000,0.000000,0.000000,2.902673,4.534441,0.487062,0,0,0.000000,0.000000,8,10,-1,0,,131199
1788459155.071485,46.545220,tx,-1,0.000000,0.000000,0.000000,0.000000,,,,,,,,,,,,,,,,,aa5501090000000000000000004829,131343
1788459155.124678,46.598410,rx,-1,0.000000,0.000000,0.000000,0.000000,1804,45125,24988,0.000000,0.000000,2.902673,4.534441,0.487062,0,0,0.000000,0.000000,8,10,-1,0,,131343
1788459155.164602,46.638331,rx,-1,0.000000,0.000000,0.000000,0.000000,1805,45151,25020,0.000000,0.000000,2.902673,4.534441,0.487062,0,0,0.000000,0.000000,8,10,-1,0,,131343
1788459155.164651,46.638385,tx,-1,0.000000,0.000000,0.000000,0.000000,,,,,,,,,,,,,,,,,aa5501090000000000000000004829,131487
1788459155.177972,46.651701,rx,-1,0.000000,0.000000,0.000000,0.000000,1806,45175,24988,0.000000,0.000000,2.902673,4.534441,0.487062,0,0,0.000000,0.000000,8,10,-1,0,,131487
1788459155.178047,46.651780,rx,-1,0.000000,0.000000,0.000000,0.000000,1807,45201,24976,0.000000,0.000000,2.902673,4.534441,0.487062,0,0,0.000000,0.000000,8,10,-1,0,,131487
1788459155.178058,46.651793,tx,-1,0.000000,0.000000,0.000000,0.000000,,,,,,,,,,,,,,,,,aa5501090000000000000000004829,131631
1788459155.230416,46.704148,rx,-1,0.000000,0.000000,0.000000,0.000000,1808,45225,25028,0.000000,0.000000,2.902673,4.534441,0.487062,0,0,0.000000,0.000000,8,10,-1,0,,131631
1788459155.265599,46.739328,rx,-1,0.000000,0.000000,0.000000,0.000000,1809,45250,25000,0.000000,0.000000,2.902673,4.534441,0.487062,0,0,0.000000,0.000000,8,10,-1,0,,131631
1788459155.265637,46.739372,tx,-1,0.000000,0.000000,0.000000,0.000000,,,,,,,,,,,,,,,,,aa5501090000000000000000004829,131775
1788459155.285121,46.758852,rx,-1,0.000000,0.000000,0.000000,0.000000,1810,45276,24996,0.000000,0.000000,2.902673,4.534441,0.487062,0,0,0.000000,0.000000,8,10,-1,0,,131775
1788459155.285199,46.758932,rx,-1,0.000000,0.000000,0.000000,0.000000,1811,45300,24992,0.000000,0.000000,2.902673,4.534441,0.487062,0,0,0.000000,0.000000,8,10,-1,0,,131775
1788459155.285213,46.758948,tx,-1,0.000000,0.000000,0.000000,0.000000,,,,,,,,,,,,,,,,,aa5501090000000000000000004829,131951
1788459155.337573,46.811302,rx,-1,0.000000,0.000000,0.000000,0.000000,1812,45326,25020,0.000000,0.000000,2.902673,4.534441,0.487062,0,0,0.000000,0.000000,8,10,-1,0,,131951
1788459155.373620,46.847349,rx,-1,0.000000,0.000000,0.000000,0.000000,1813,45350,24968,0.000000,0.000000,2.902673,4.534441,0.487062,0,0,0.000000,0.000000,8,10,-1,0,,131951
1788459155.373672,46.847407,tx,-1,0.000000,0.000000,0.000000,0.000000,,,,,,,,,,,,,,,,,aa5501090000000000000000004829,132127
1788459155.393097,46.866828,rx,-1,0.000000,0.000000,0.000000,0.000000,1814,45375,25012,0.000000,0.000000,2.902673,4.534441,0.487062,0,0,0.000000,0.000000,8,10,-1,0,,132127
1788459155.393177,46.866908,rx,-1,0.000000,0.000000,0.000000,0.000000,1815,45401,24996,0.000000,0.000000,2.902673,4.534441,0.487062,0,0,0.000000,0.000000,8,10,-1,0,,132127
1788459155.393231,46.866965,rx,-1,0.000000,0.000000,0.000000,0.000000,1816,45425,25024,0.000000,0.000000,2.902673,4.534441,0.487062,0,0,0.000000,0.000000,8,10,-1,0,,132127
1788459155.393242,46.866976,tx,-1,0.000000,0.000000,0.000000,0.000000,,,,,,,,,,,,,,,,,aa5501090000000000000000004829,132279
1788459155.446156,46.919885,rx,-1,0.000000,0.000000,0.000000,0.000000,1817,45451,24984,0.000000,0.000000,2.902673,4.534441,0.487062,0,0,0.000000,0.000000,8,10,-1,0,,132279
1788459155.482768,46.956497,rx,-1,0.000000,0.000000,0.000000,0.000000,1818,45475,24984,0.000000,0.000000,2.902673,4.534441,0.487062,0,0,0.000000,0.000000,8,10,-1,0,,132279
1788459155.482847,46.956581,tx,-1,0.000000,0.000000,0.000000,0.000000,,,,,,,,,,,,,,,,,aa5501090000000000000000004829,132423
1788459155.496737,46.970466,rx,-1,0.000000,0.000000,0.000000,0.000000,1819,45501,25032,0.000000,0.000000,2.902673,4.534441,0.487062,0,0,0.000000,0.000000,8,10,-1,0,,132423
1788459155.496821,46.970554,rx,-1,0.000000,0.000000,0.000000,0.000000,1820,45526,24976,0.000000,0.000000,2.902673,4.534441,0.487062,0,0,0.000000,0.000000,8,10,-1,0,,132423
1788459155.496832,46.970566,tx,-1,0.000000,0.000000,0.000000,0.000000,,,,,,,,,,,,,,,,,aa5501090000000000000000004829,132567
1788459155.550425,47.024154,rx,-1,0.000000,0.000000,0.000000,0.000000,1821,45550,25004,0.000000,0.000000,2.902673,4.534441,0.487062,0,0,0.000000,0.000000,8,10,-1,0,,132567
1788459155.588570,47.062291,rx,-1,0.000000,0.000000,0.000000,0.000000,1822,45576,25004,0.000000,0.000000,2.902673,4.534441,0.487062,0,0,0.000000,0.000000,8,10,-1,0,,132567
1788459155.588694,47.062427,tx,-1,0.000000,0.000000,0.000000,0.000000,,,,,,,,,,,,,,,,,aa5501090000000000000000004829,132711
1788459155.602679,47.076406,rx,-1,0.000000,0.000000,0.000000,0.000000,1823,45600,24992,0.000000,0.000000,2.902673,4.534441,0.487062,0,0,0.000000,0.000000,8,10,-1,0,,132711
1788459155.602767,47.076500,rx,-1,0.000000,0.000000,0.000000,0.000000,1824,45626,25012,0.000000,0.000000,2.902673,4.534441,0.487062,0,0,0.000000,0.000000,8,10,-1,0,,132711
1788459155.602780,47.076514,tx,-1,0.000000,0.000000,0.000000,0.000000,,,,,,,,,,,,,,,,,aa5501090000000000000000004829,132855
1788459155.656409,47.130140,rx,-1,0.000000,0.000000,0.000000,0.000000,1825,45650,24988,0.000000,0.000000,2.902673,4.534441,0.487062,0,0,0.000000,0.000000,8,10,-1,0,,132855
1788459155.694578,47.168302,rx,-1,0.000000,0.000000,0.000000,0.000000,1826,45675,25004,0.000000,0.000000,2.902673,4.534441,0.487062,0,0,0.000000,0.000000,8,10,-1,0,,132855
1788459155.694665,47.168399,tx,-1,0.000000,0.000000,0.000000,0.000000,,,,,,,,,,,,,,,,,aa5501090000000000000000004829,132999
1788459155.708555,47.182286,rx,-1,0.000000,0.000000,0.000000,0.000000,1827,45701,25004,0.000000,0.000000,2.902673,4.534441,0.487062,0,0,0.000000,0.000000,8,10,-1,0,,132999
1788459155.708629,47.182362,rx,-1,0.000000,0.000000,0.000000,0.000000,1828,45725,25016,0.000000,0.000000,2.902673,4.534441,0.487062,0,0,0.000000,0.000000,8,10,-1,0,,132999
1788459155.708639,47.182373,tx,-1,0.000000,0.000000,0.000000,0.000000,,,,,,,,,,,,,,,,,aa5501090000000000000000004829,133143
1788459155.762187,47.235918,rx,-1,0.000000,0.000000,0.000000,0.000000,1829,45751,24996,0.000000,0.000000,2.902673,4.534441,0.487062,0,0,0.000000,0.000000,8,10,-1,0,,133143
1788459155.799337,47.273066,rx,-1,0.000000,0.000000,0.000000,0.000000,1830,45775,24980,0.000000,0.000000,2.902673,4.534441,0.487062,0,0,0.000000,0.000000,8,10,-1,0,,133143
1788459155.799383,47.273117,tx,-1,0.000000,0.000000,0.000000,0.000000,,,,,,,,,,,,,,,,,aa5501090000000000000000004829,133287
1788459155.812625,47.286353,rx,-1,0.000000,0.000000,0.000000,0.000000,1831,45801,25024,0.000000,0.000000,2.902673,4.534441,0.487062,0,0,0.000000,0.000000,8,10,-1,0,,133287
1788459155.812704,47.286437,rx,-1,0.000000,0.000000,0.000000,0.000000,1832,45826,24992,0.000000,0.000000,2.902673,4.534441,0.487062,0,0,0.000000,0.000000,8,10,-1,0,,133287
1788459155.812716,47.286450,tx,-1,0.000000,0.000000,0.000000,0.000000,,,,,,,,,,,,,,,,,aa5501090000000000000000004829,133431
1788459155.865496,47.339227,rx,-1,0.000000,0.000000,0.000000,0.000000,1833,45850,25032,0.000000,0.000000,2.902673,4.534441,0.487062,0,0,0.000000,0.000000,8,10,-1,0,,133431
1788459155.903441,47.377170,rx,-1,0.000000,0.000000,0.000000,0.000000,1834,45876,24936,0.000000,0.000000,2.902673,4.534441,0.487062,0,0,0.000000,0.000000,8,10,-1,0,,133431
1788459155.903482,47.377216,tx,-1,0.000000,0.000000,0.000000,0.000000,,,,,,,,,,,,,,,,,aa5501090000000000000000004829,133575
1788459155.917369,47.391097,rx,-1,0.000000,0.000000,0.000000,0.000000,1835,45900,25016,0.000000,0.000000,2.902673,4.534441,0.487062,0,0,0.000000,0.000000,8,10,-1,0,,133575
1788459155.917452,47.391185,rx,-1,0.000000,0.000000,0.000000,0.000000,1836,45926,25028,0.000000,0.000000,2.902673,4.534441,0.487062,0,0,0.000000,0.000000,8,10,-1,0,,133575
1788459155.917467,47.391201,tx,-1,0.000000,0.000000,0.000000,0.000000,,,,,,,,,,,,,,,,,aa5501090000000000000000004829,133751
1788459155.969576,47.443306,rx,-1,0.000000,0.000000,0.000000,0.000000,1837,45950,24976,0.000000,0.000000,2.902673,4.534441,0.487062,0,0,0.000000,0.000000,8,10,-1,0,,133751
1788459156.012468,47.486195,rx,-1,0.000000,0.000000,0.000000,0.000000,1838,45975,25016,0.000000,0.000000,2.902673,4.534441,0.487062,0,0,0.000000,0.000000,8,10,-1,0,,133751
1788459156.012508,47.486243,tx,-1,0.000000,0.000000,0.000000,0.000000,,,,,,,,,,,,,,,,,aa5501090000000000000000004829,133895
1788459156.020659,47.494386,rx,-1,0.000000,0.000000,0.000000,0.000000,1839,46001,24996,0.000000,0.000000,2.902673,4.534441,0.487062,0,0,0.000000,0.000000,8,10,-1,0,,133895
1788459156.020767,47.494500,rx,-1,0.000000,0.000000,0.000000,0.000000,1840,46025,24980,0.000000,0.000000,2.902673,4.534441,0.487062,0,0,0.000000,0.000000,8,10,-1,0,,133895
1788459156.020786,47.494520,tx,-1,0.000000,0.000000,0.000000,0.000000,,,,,,,,,,,,,,,,,aa5501090000000000000000004829,134126
1788459156.074053,47.547782,rx,-1,0.000000,0.000000,0.000000,0.000000,1841,46051,24988,0.000000,0.000000,2.902673,4.534441,0.487062,0,0,0.000000,0.000000,8,10,-1,0,,134126
1788459156.111472,47.585191,rx,-1,0.000000,0.000000,0.000000,0.000000,1842,46075,25032,0.000000,0.000000,2.902673,4.534441,0.487062,0,0,0.000000,0.000000,8,10,-1,0,,134126
1788459156.111602,47.585334,rx,-1,0.000000,0.000000,0.000000,0.000000,1843,46100,24968,0.000000,0.000000,2.902673,4.534441,0.487062,0,0,0.000000,0.000000,8,10,-1,0,,134126
1788459156.111615,47.585348,tx,-1,0.000000,0.000000,0.000000,0.000000,,,,,,,,,,,,,,,,,aa5501090000000000000000004829,134278
1788459156.124891,47.598621,rx,-1,0.000000,0.000000,0.000000,0.000000,1844,46126,25040,0.000000,0.000000,2.902673,4.534441,0.487062,0,0,0.000000,0.000000,8,10,-1,0,,134278
1788459156.124969,47.598702,rx,-1,0.000000,0.000000,0.000000,0.000000,1845,46150,24976,0.000000,0.000000,2.902673,4.534441,0.487062,0,0,0.000000,0.000000,8,10,-1,0,,134278
1788459156.124981,47.598715,tx,-1,0.000000,0.000000,0.000000,0.000000,,,,,,,,,,,,,,,,,aa5501090000000000000000004829,134422
1788459156.178037,47.651764,rx,-1,0.000000,0.000000,0.000000,0.000000,1846,46176,24988,0.000000,0.000000,2.902673,4.534441,0.487062,0,0,0.000000,0.000000,8,10,-1,0,,134422
1788459156.212101,47.685825,rx,-1,0.000000,0.000000,0.000000,0.000000,1847,46200,25024,0.000000,0.000000,2.902673,4.534441,0.487062,0,0,0.000000,0.000000,8,10,-1,0,,134422
1788459156.212179,47.685913,tx,-1,0.000000,0.000000,0.000000,0.000000,,,,,,,,,,,,,,,,,aa5501090000000000000000004829,134566
1788459156.231729,47.705458,rx,-1,0.000000,0.000000,0.000000,0.000000,1848,46226,24972,0.000000,0.000000,2.902673,4.534441,0.487062,0,0,0.000000,0.000000,8,10,-1,0,,134566
1788459156.231815,47.705547,rx,-1,0.000000,0.000000,0.000000,0.000000,1849,46251,25040,0.000000,0.000000,2.902673,4.534441,0.487062,0,0,0.000000,0.000000,8,10,-1,0,,134566
1788459156.231827,47.705560,tx,-1,0.000000,0.000000,0.000000,0.000000,,,,,,,,,,,,,,,,,aa5501090000000000000000004829,134710
1788459156.284927,47.758657,rx,-1,0.000000,0.000000,0.000000,0.000000,1850,46275,24972,0.000000,0.000000,2.902673,4.534441,0.487062,0,0,0.000000,0.000000,8,10,-1,0,,134710
1788459156.319525,47.793253,rx,-1,0.000000,0.000000,0.000000,0.000000,1851,46301,25000,0.000000,0.000000,2.902673,4.534441,0.487062,0,0,0.000000,0.000000,8,10,-1,0,,134710
1788459156.319574,47.793308,tx,-1,0.000000,0.000000,0.000000,0.000000,,,,,,,,,,,,,,,,,aa5501090000000000000000004829,134854
1788459156.339081,47.812811,rx,-1,0.000000,0.000000,0.000000,0.000000,1852,46325,25020,0.000000,0.000000,2.902673,4.534441,0.487062,0,0,0.000000,0.000000,8,10,-1,0,,134854
1788459156.339160,47.812892,rx,-1,0.000000,0.000000,0.000000,0.000000,1853,46351,24988,0.000000,0.000000,2.902673,4.534441,0.487062,0,0,0.000000,0.000000,8,10,-1,0,,134854
1788459156.339174,47.812907,tx,-1,0.000000,0.000000,0.000000,0.000000,,,,,,,,,,,,,,,,,aa5501090000000000000000004829,134998
1788459156.392380,47.866110,rx,-1,0.000000,0.000000,0.000000,0.000000,1854,46375,24988,0.000000,0.000000,2.902673,4.534441,0.487062,0,0,0.000000,0.000000,8,10,-1,0,,134998
1788459156.428115,47.901841,rx,-1,0.000000,0.000000,0.000000,0.000000,1855,46400,25008,0.000000,0.000000,2.902673,4.534441,0.487062,0,0,0.000000,0.000000,8,10,-1,0,,134998
1788459156.428168,47.901902,tx,-1,0.000000,0.000000,0.000000,0.000000,,,,,,,,,,,,,,,,,aa5501090000000000000000004829,135142
1788459156.447325,47.921054,rx,-1,0.000000,0.000000,0.000000,0.000000,1856,46426,25000,0.000000,0.000000,2.902673,4.534441,0.487062,0,0,0.000000,0.000000,8,10,-1,0,,135142
1788459156.447406,47.921138,rx,-1,0.000000,0.000000,0.000000,0.000000,1857,46450,25024,0.000000,0.000000,2.902673,4.534441,0.487062,0,0,0.000000,0.000000,8,10,-1,0,,135142
1788459156.447420,47.921153,tx,-1,0.000000,0.000000,0.000000,0.000000,,,,,,,,,,,,,,,,,aa5501090000000000000000004829,135286
1788459156.500242,47.973972,rx,-1,0.000000,0.000000,0.000000,0.000000,1858,46476,24972,0.000000,0.000000,2.902673,4.534441,0.487062,0,0,0.000000,0.000000,8,10,-1,0,,135286
1788459156.536811,48.010538,rx,-1,0.000000,0.000000,0.000000,0.000000,1859,46500,24988,0.000000,0.000000,2.902673,4.534441,0.487062,0,0,0.000000,0.000000,8,10,-1,0,,135286
1788459156.536871,48.010605,tx,-1,0.000000,0.000000,0.000000,0.000000,,,,,,,,,,,,,,,,,aa5501090000000000000000004829,135462
1788459156.550698,48.024425,rx,-1,0.000000,0.000000,0.000000,0.000000,1860,46526,25004,0.000000,0.000000,2.902673,4.534441,0.487062,0,0,0.000000,0.000000,8,10,-1,0,,135462
1788459156.550790,48.024522,rx,-1,0.000000,0.000000,0.000000,0.000000,1861,46551,25004,0.000000,0.000000,2.902673,4.534441,0.487062,0,0,0.000000,0.000000,8,10,-1,0,,135462
1788459156.550806,48.024539,tx,-1,0.000000,0.000000,0.000000,0.000000,,,,,,,,,,,,,,,,,aa5501090000000000000000004829,135606
1788459156.604272,48.078002,rx,-1,0.000000,0.000000,0.000000,0.000000,1862,46575,25044,0.000000,0.000000,2.902673,4.534441,0.487062,0,0,0.000000,0.000000,8,10,-1,0,,135606
1788459156.659499,48.133226,rx,-1,0.000000,0.000000,0.000000,0.000000,1863,46601,24976,0.000000,0.000000,2.902673,4.534441,0.487062,0,0,0.000000,0.000000,8,10,-1,0,,135606
1788459156.659557,48.133291,tx,-1,0.000000,0.000000,0.000000,0.000000,,,,,,,,,,,,,,,,,aa5501090000000000000000004829,135782
1788459156.667728,48.141453,rx,-1,0.000000,0.000000,0.000000,0.000000,1864,46625,25008,0.000000,0.000000,2.902673,4.534441,0.487062,0,0,0.000000,0.000000,8,10,-1,0,,135782
1788459156.667829,48.141562,rx,-1,0.000000,0.000000,0.000000,0.000000,1865,46651,25004,0.000000,0.000000,2.902673,4.534441,0.487062,0,0,0.000000,0.000000,8,10,-1,0,,135782
1788459156.667877,48.141609,rx,-1,0.000000,0.000000,0.000000,0.000000,1866,46675,24980,0.000000,0.000000,2.902673,4.534441,0.487062,0,0,0.000000,0.000000,8,10,-1,0,,135782
1788459156.667888,48.141621,tx,-1,0.000000,0.000000,0.000000,0.000000,,,,,,,,,,,,,,,,,aa5501090000000000000000004829,135934
1788459156.721096,48.194822,rx,-1,0.000000,0.000000,0.000000,0.000000,1867,46700,25024,0.000000,0.000000,2.902673,4.534441,0.487062,0,0,0.000000,0.000000,8,10,-1,0,,135934
1788459156.766520,48.240239,rx,-1,0.000000,0.000000,0.000000,0.000000,1868,46726,24988,0.000000,0.000000,2.902673,4.534441,0.487062,0,0,0.000000,0.000000,8,10,-1,0,,135934
1788459156.766665,48.240399,tx,-1,0.000000,0.000000,0.000000,0.000000,,,,,,,,,,,,,,,,,aa5501090000000000000000004829,136078
1788459156.774868,48.248595,rx,-1,0.000000,0.000000,0.000000,0.000000,1869,46750,24988,0.000000,0.000000,2.902673,4.534441,0.487062,0,0,0.000000,0.000000,8,10,-1,0,,136078
1788459156.774972,48.248704,rx,-1,0.000000,0.000000,0.000000,0.000000,1870,46776,25020,0.000000,0.000000,2.902673,4.534441,0.487062,0,0,0.000000,0.000000,8,10,-1,0,,136078
1788459156.774996,48.248729,tx,-1,0.000000,0.000000,0.000000,0.000000,,,,,,,,,,,,,,,,,aa5501090000000000000000004829,136222
1788459156.828409,48.302138,rx,-1,0.000000,0.000000,0.000000,0.000000,1871,46800,24980,0.000000,0.000000,2.902673,4.534441,0.487062,0,0,0.000000,0.000000,8,10,-1,0,,136222
1788459156.866372,48.340100,rx,-1,0.000000,0.000000,0.000000,0.000000,1872,46826,25012,0.000000,0.000000,2.902673,4.534441,0.487062,0,0,0.000000,0.000000,8,10,-1,0,,136222
1788459156.866418,48.340151,tx,-1,0.000000,0.000000,0.000000,0.000000,,,,,,,,,,,,,,,,,aa5501090000000000000000004829,136398
1788459156.880291,48.354020,rx,-1,0.000000,0.000000,0.000000,0.000000,1873,46851,24992,0.000000,0.000000,2.902673,4.534441,0.487062,0,0,0.000000,0.000000,8,10,-1,0,,136398
1788459156.880367,48.354099,rx,-1,0.000000,0.000000,0.000000,0.000000,1874,46875,24992,0.000000,0.000000,2.902673,4.534441,0.487062,0,0,0.000000,0.000000,8,10,-1,0,,136398
1788459156.880383,48.354116,tx,-1,0.000000,0.000000,0.000000,0.000000,,,,,,,,,,,,,,,,,aa5501090000000000000000004829,136574
1788459156.934036,48.407765,rx,-1,0.000000,0.000000,0.000000,0.000000,1875,46901,25012,0.000000,0.000000,2.902673,4.534441,0.487062,0,0,0.000000,0.000000,8,10,-1,0,,136574
1788459157.029395,48.503120,rx,-1,0.000000,0.000000,0.000000,0.000000,1876,46925,25012,0.000000,0.000000,2.902673,4.534441,0.487062,0,0,0.000000,0.000000,8,10,-1,0,,136574
1788459157.029507,48.503238,rx,-1,0.000000,0.000000,0.000000,0.000000,1877,46951,24992,0.000000,0.000000,2.902673,4.534441,0.487062,0,0,0.000000,0.000000,8,10,-1,0,,136574
1788459157.029523,48.503256,tx,-1,0.000000,0.000000,0.000000,0.000000,,,,,,,,,,,,,,,,,aa5501090000000000000000004829,136726
1788459157.037774,48.511500,rx,-1,0.000000,0.000000,0.000000,0.000000,1878,46976,24992,0.000000,0.000000,2.902673,4.534441,0.487062,0,0,0.000000,0.000000,8,10,-1,0,,136726
1788459157.039879,48.513608,rx,-1,0.000000,0.000000,0.000000,0.000000,1879,47000,25000,0.000000,0.000000,2.902673,4.534441,0.487062,0,0,0.000000,0.000000,8,10,-1,0,,136726
1788459157.039974,48.513706,rx,-1,0.000000,0.000000,0.000000,0.000000,1880,47026,24988,0.000000,0.000000,2.902673,4.534441,0.487062,0,0,0.000000,0.000000,8,10,-1,0,,136726
1788459157.040022,48.513754,rx,-1,0.000000,0.000000,0.000000,0.000000,1881,47050,25016,0.000000,0.000000,2.902673,4.534441,0.487062,0,0,0.000000,0.000000,8,10,-1,0,,136726
1788459157.040033,48.513765,tx,-1,0.000000,0.000000,0.000000,0.000000,,,,,,,,,,,,,,,,,aa5501090000000000000000004829,137069
1788459157.092625,48.566348,rx,-1,0.000000,0.000000,0.000000,0.000000,1882,47076,24996,0.000000,0.000000,2.902673,4.534441,0.487062,0,0,0.000000,0.000000,8,10,-1,0,,137069
1788459157.092768,48.566499,rx,-1,0.000000,0.000000,0.000000,0.000000,1883,47100,24980,0.000000,0.000000,2.902673,4.534441,0.487062,0,0,0.000000,0.000000,8,10,-1,0,,137069
1788459157.092784,48.566517,tx,-1,0.000000,0.000000,0.000000,0.000000,,,,,,,,,,,,,,,,,aa5501090000000000000000004829,137213
1788459157.146117,48.619837,rx,-1,0.000000,0.000000,0.000000,0.000000,1884,47125,25028,0.000000,0.000000,2.902673,4.534441,0.487062,0,0,0.000000,0.000000,8,10,-1,0,,137213
1788459157.148880,48.622609,rx,-1,0.000000,0.000000,0.000000,0.000000,1885,47151,24984,0.000000,0.000000,2.902673,4.534441,0.487062,0,0,0.000000,0.000000,8,10,-1,0,,137213
1788459157.148922,48.622654,tx,-1,0.000000,0.000000,0.000000,0.000000,,,,,,,,,,,,,,,,,aa5501090000000000000000004829,137357
1788459157.196874,48.670599,rx,-1,0.000000,0.000000,0.000000,0.000000,1886,47175,24992,0.000000,0.000000,2.902673,4.534441,0.487062,0,0,0.000000,0.000000,8,10,-1,0,,137357
1788459157.197016,48.670747,rx,-1,0.000000,0.000000,0.000000,0.000000,1887,47201,25016,0.000000,0.000000,2.902673,4.534441,0.487062,0,0,0.000000,0.000000,8,10,-1,0,,137357
1788459157.197033,48.670766,tx,-1,0.000000,0.000000,0.000000,0.000000,,,,,,,,,,,,,,,,,aa5501090000000000000000004829,137501
1788459157.249328,48.723049,rx,-1,0.000000,0.000000,0.000000,0.000000,1888,47225,25012,0.000000,0.000000,2.902673,4.534441,0.487062,0,0,0.000000,0.000000,8,10,-1,0,,137501
1788459157.251962,48.725688,rx,-1,0.000000,0.000000,0.000000,0.000000,1889,47251,24996,0.000000,0.000000,2.902673,4.534441,0.487062,0,0,0.000000,0.000000,8,10,-1,0,,137501
1788459157.252016,48.725748,tx,-1,0.000000,0.000000,0.000000,0.000000,,,,,,,,,,,,,,,,,aa5501090000000000000000004829,137645
1788459157.299887,48.773615,rx,-1,0.000000,0.000000,0.000000,0.000000,1890,47276,24992,0.000000,0.000000,2.902673,4.534441,0.487062,0,0,0.000000,0.000000,8,10,-1,0,,137645
1788459157.300039,48.773770,rx,-1,0.000000,0.000000,0.000000,0.000000,1891,47300,24992,0.000000,0.000000,2.902673,4.534441,0.487062,0,0,0.000000,0.000000,8,10,-1,0,,137645
1788459157.300062,48.773795,tx,-1,0.000000,0.000000,0.000000,0.000000,,,,,,,,,,,,,,,,,aa5501090000000000000000004829,137789
1788459157.352320,48.826047,rx,-1,0.000000,0.000000,0.000000,0.000000,1892,47326,25016,0.000000,0.000000,2.902673,4.534441,0.487062,0,0,0.000000,0.000000,8,10,-1,0,,137789
1788459157.354753,48.828481,rx,-1,0.000000,0.000000,0.000000,0.000000,1893,47350,25012,0.000000,0.000000,2.902673,4.534441,0.487062,0,0,0.000000,0.000000,8,10,-1,0,,137789
1788459157.354806,48.828539,tx,-1,0.000000,0.000000,0.000000,0.000000,,,,,,,,,,,,,,,,,aa5501090000000000000000004829,137933
1788459157.403051,48.876774,rx,-1,0.000000,0.000000,0.000000,0.000000,1894,47376,24996,0.000000,0.000000,2.902673,4.534441,0.487062,0,0,0.000000,0.000000,8,10,-1,0,,137933
1788459157.403229,48.876959,rx,-1,0.000000,0.000000,0.000000,0.000000,1895,47400,24980,0.000000,0.000000,2.902673,4.534441,0.487062,0,0,0.000000,0.000000,8,10,-1,0,,137933
1788459157.403252,48.876984,tx,-1,0.000000,0.000000,0.000000,0.000000,,,,,,,,,,,,,,,,,aa5501090000000000000000004829,138077
1788459157.457238,48.930963,rx,-1,0.000000,0.000000,0.000000,0.000000,1896,47425,25028,0.000000,0.000000,2.902673,4.534441,0.487062,0,0,0.000000,0.000000,8,10,-1,0,,138077
1788459157.459702,48.933431,rx,-1,0.000000,0.000000,0.000000,0.000000,1897,47451,24984,0.000000,0.000000,2.902673,4.534441,0.487062,0,0,0.000000,0.000000,8,10,-1,0,,138077
1788459157.459747,48.933479,tx,-1,0.000000,0.000000,0.000000,0.000000,,,,,,,,,,,,,,,,,aa5501090000000000000000004829,138221
1788459157.507955,48.981680,rx,-1,0.000000,0.000000,0.000000,0.000000,1898,47475,24972,0.000000,0.000000,2.902673,4.534441,0.487062,0,0,0.000000,0.000000,8,10,-1,0,,138221
1788459157.508115,48.981847,rx,-1,0.000000,0.000000,0.000000,0.000000,1899,47501,24996,0.000000,0.000000,2.902673,4.534441,0.487062,0,0,0.000000,0.000000,8,10,-1,0,,138221
1788459157.508133,48.981865,tx,-1,0.000000,0.000000,0.000000,0.000000,,,,,,,,,,,,,,,,,aa5501090000000000000000004829,138365
1788459157.561609,49.035331,rx,-1,0.000000,0.000000,0.000000,0.000000,1900,47525,25044,0.000000,0.000000,2.902673,4.534441,0.487062,0,0,0.000000,0.000000,8,10,-1,0,,138365
1788459157.563885,49.037615,rx,-1,0.000000,0.000000,0.000000,0.000000,1901,47551,24968,0.000000,0.000000,2.902673,4.534441,0.487062,0,0,0.000000,0.000000,8,10,-1,0,,138365
1788459157.563939,49.037671,tx,-1,0.000000,0.000000,0.000000,0.000000,,,,,,,,,,,,,,,,,aa5501090000000000000000004829,138541
1788459157.617183,49.090908,rx,-1,0.000000,0.000000,0.000000,0.000000,1902,47576,25028,0.000000,0.000000,2.902673,4.534441,0.487062,0,0,0.000000,0.000000,8,10,-1,0,,138541
1788459157.617322,49.091053,rx,-1,0.000000,0.000000,0.000000,0.000000,1903,47600,25008,0.000000,0.000000,2.902673,4.534441,0.487062,0,0,0.000000,0.000000,8,10,-1,0,,138541
1788459157.617374,49.091105,rx,-1,0.000000,0.000000,0.000000,0.000000,1904,47626,24956,0.000000,0.000000,2.902673,4.534441,0.487062,0,0,0.000000,0.000000,8,10,-1,0,,138541
1788459157.617386,49.091117,tx,-1,0.000000,0.000000,0.000000,0.000000,,,,,,,,,,,,,,,,,aa5501090000000000000000004829,138725
1788459157.671044,49.144755,rx,-1,0.000000,0.000000,0.000000,0.000000,1905,47650,25020,0.000000,0.000000,2.902673,4.534441,0.487062,0,0,0.000000,0.000000,8,10,-1,0,,138725
1788459157.673555,49.147284,rx,-1,0.000000,0.000000,0.000000,0.000000,1906,47676,24988,0.000000,0.000000,2.902673,4.534441,0.487062,0,0,0.000000,0.000000,8,10,-1,0,,138725
1788459157.673606,49.147338,tx,-1,0.000000,0.000000,0.000000,0.000000,,,,,,,,,,,,,,,,,aa5501090000000000000000004829,138869
1788459157.721880,49.195605,rx,-1,0.000000,0.000000,0.000000,0.000000,1907,47700,24988,0.000000,0.000000,2.902673,4.534441,0.487062,0,0,0.000000,0.000000,8,10,-1,0,,138869
1788459157.721973,49.195704,rx,-1,0.000000,0.000000,0.000000,0.000000,1908,47725,25012,0.000000,0.000000,2.902673,4.534441,0.487062,0,0,0.000000,0.000000,8,10,-1,0,,138869
1788459157.721986,49.195718,tx,-1,0.000000,0.000000,0.000000,0.000000,,,,,,,,,,,,,,,,,aa5501090000000000000000004829,139013
1788459157.774744,49.248471,rx,-1,0.000000,0.000000,0.000000,0.000000,1909,47751,25000,0.000000,0.000000,2.902673,4.534441,0.487062,0,0,0.000000,0.000000,8,10,-1,0,,139013
1788459157.776731,49.250461,rx,-1,0.000000,0.000000,0.000000,0.000000,1910,47775,25020,0.000000,0.000000,2.902673,4.534441,0.487062,0,0,0.000000,0.000000,8,10,-1,0,,139013
1788459157.776762,49.250494,tx,-1,0.000000,0.000000,0.000000,0.000000,,,,,,,,,,,,,,,,,aa5501090000000000000000004829,139157
1788459157.824726,49.298454,rx,-1,0.000000,0.000000,0.000000,0.000000,1911,47801,24988,0.000000,0.000000,2.902673,4.534441,0.487062,0,0,0.000000,0.000000,8,10,-1,0,,139157
1788459157.824830,49.298561,rx,-1,0.000000,0.000000,0.000000,0.000000,1912,47825,24984,0.000000,0.000000,2.902673,4.534441,0.487062,0,0,0.000000,0.000000,8,10,-1,0,,139157
1788459157.824844,49.298576,tx,-1,0.000000,0.000000,0.000000,0.000000,,,,,,,,,,,,,,,,,aa5501090000000000000000004829,139301
1788459157.878087,49.351814,rx,-1,0.000000,0.000000,0.000000,0.000000,1913,47850,25020,0.000000,0.000000,2.902673,4.534441,0.487062,0,0,0.000000,0.000000,8,10,-1,0,,139301
1788459157.880265,49.353994,rx,-1,0.000000,0.000000,0.000000,0.000000,1914,47876,24984,0.000000,0.000000,2.902673,4.534441,0.487062,0,0,0.000000,0.000000,8,10,-1,0,,139301
1788459157.880301,49.354033,tx,-1,0.000000,0.000000,0.000000,0.000000,,,,,,,,,,,,,,,,,aa5501090000000000000000004829,139445
1788459157.933453,49.407178,rx,-1,0.000000,0.000000,0.000000,0.000000,1915,47900,24992,0.000000,0.000000,2.902673,4.534441,0.487062,0,0,0.000000,0.000000,8,10,-1,0,,139445
1788459157.933568,49.407299,rx,-1,0.000000,0.000000,0.000000,0.000000,1916,47926,25020,0.000000,0.000000,2.902673,4.534441,0.487062,0,0,0.000000,0.000000,8,10,-1,0,,139445
1788459157.933583,49.407314,tx,-1,0.000000,0.000000,0.000000,0.000000,,,,,,,,,,,,,,,,,aa5501090000000000000000004829,139589
1788459157.986711,49.460438,rx,-1,0.000000,0.000000,0.000000,0.000000,1917,47950,25012,0.000000,0.000000,2.902673,4.534441,0.487062,0,0,0.000000,0.000000,8,10,-1,0,,139589
1788459157.989130,49.462858,rx,-1,0.000000,0.000000,0.000000,0.000000,1918,47976,24992,0.000000,0.000000,2.902673,4.534441,0.487062,0,0,0.000000,0.000000,8,10,-1,0,,139589
1788459157.989184,49.462915,tx,-1,0.000000,0.000000,0.000000,0.000000,,,,,,,,,,,,,,,,,aa5501090000000000000000004829,139733
1788459158.037300,49.511024,rx,-1,0.000000,0.000000,0.000000,0.000000,1919,48001,25000,0.000000,0.000000,2.902673,4.534441,0.487062,0,0,0.000000,0.000000,8,10,-1,0,,139733
1788459158.037474,49.511204,rx,-1,0.000000,0.000000,0.000000,0.000000,1920,48025,24992,0.000000,0.000000,2.902673,4.534441,0.487062,0,0,0.000000,0.000000,8,10,-1,0,,139733
1788459158.037491,49.511222,tx,-1,0.000000,0.000000,0.000000,0.000000,,,,,,,,,,,,,,,,,aa5501090000000000000000004829,139932
1788459158.091019,49.564739,rx,-1,0.000000,0.000000,0.000000,0.000000,1921,48051,25004,0.000000,0.000000,2.902673,4.534441,0.487062,0,0,0.000000,0.000000,8,10,-1,0,,139932
1788459158.093140,49.566866,rx,-1,0.000000,0.000000,0.000000,0.000000,1922,48075,25016,0.000000,0.000000,2.902673,4.534441,0.487062,0,0,0.000000,0.000000,8,10,-1,0,,139932
1788459158.093202,49.566933,tx,-1,0.000000,0.000000,0.000000,0.000000,,,,,,,,,,,,,,,,,aa5501090000000000000000004829,140076
1788459158.146296,49.620022,rx,-1,0.000000,0.000000,0.000000,0.000000,1923,48101,24980,0.000000,0.000000,2.902673,4.534441,0.487062,0,0,0.000000,0.000000,8,10,-1,0,,140076
1788459158.146427,49.620158,rx,-1,0.000000,0.000000,0.000000,0.000000,1924,48125,25000,0.000000,0.000000,2.902673,4.534441,0.487062,0,0,0.000000,0.000000,8,10,-1,0,,140076
1788459158.146450,49.620181,tx,-1,0.000000,0.000000,0.000000,0.000000,,,,,,,,,,,,,,,,,aa5501090000000000000000004829,140284
1788459158.200275,49.673988,rx,-1,0.000000,0.000000,0.000000,0.000000,1925,48150,25012,0.000000,0.000000,2.902673,4.534441,0.487062,0,0,0.000000,0.000000,8,10,-1,0,,140284
1788459158.202782,49.676500,rx,-1,0.000000,0.000000,0.000000,0.000000,1926,48176,24992,0.000000,0.000000,2.902673,4.534441,0.487062,0,0,0.000000,0.000000,8,10,-1,0,,140284
1788459158.203002,49.676729,rx,-1,0.000000,0.000000,0.000000,0.000000,1927,48200,24980,0.000000,0.000000,2.902673,4.534441,0.487062,0,0,0.000000,0.000000,8,10,-1,0,,140284
1788459158.203048,49.676779,tx,-1,0.000000,0.000000,0.000000,0.000000,,,,,,,,,,,,,,,,,aa5501090000000000000000004829,140436
1788459158.254796,49.728523,rx,-1,0.000000,0.000000,0.000000,0.000000,1928,48226,25028,0.000000,0.000000,2.902673,4.534441,0.487062,0,0,0.000000,0.000000,8,10,-1,0,,140436
1788459158.254930,49.728660,rx,-1,0.000000,0.000000,0.000000,0.000000,1929,48250,25000,0.000000,0.000000,2.902673,4.534441,0.487062,0,0,0.000000,0.000000,8,10,-1,0,,140436
1788459158.254946,49.728677,tx,-1,0.000000,0.000000,0.000000,0.000000,,,,,,,,,,,,,,,,,aa5501090000000000000000004829,140580
1788459158.308514,49.782243,rx,-1,0.000000,0.000000,0.000000,0.000000,1930,48276,24972,0.000000,0.000000,2.902673,4.534441,0.487062,0,0,0.000000,0.000000,8,10,-1,0,,140580
1788459158.310626,49.784356,rx,-1,0.000000,0.000000,0.000000,0.000000,1931,48301,25020,0.000000,0.000000,2.902673,4.534441,0.487062,0,0,0.000000,0.000000,8,10,-1,0,,140580
1788459158.310654,49.784386,tx,-1,0.000000,0.000000,0.000000,0.000000,,,,,,,,,,,,,,,,,aa5501090000000000000000004829,140724
1788459158.364182,49.837906,rx,-1,0.000000,0.000000,0.000000,0.000000,1932,48325,25008,0.000000,0.000000,2.902673,4.534441,0.487062,0,0,0.000000,0.000000,8,10,-1,0,,140724
1788459158.364315,49.838045,rx,-1,0.000000,0.000000,0.000000,0.000000,1933,48351,25004,0.000000,0.000000,2.902673,4.534441,0.487062,0,0,0.000000,0.000000,8,10,-1,0,,140724
1788459158.364332,49.838063,tx,-1,0.000000,0.000000,0.000000,0.000000,,,,,,,,,,,,,,,,,aa5501090000000000000000004829,140868
1788459158.418007,49.891733,rx,-1,0.000000,0.000000,0.000000,0.000000,1934,48375,24976,0.000000,0.000000,2.902673,4.534441,0.487062,0,0,0.000000,0.000000,8,10,-1,0,,140868
1788459158.420181,49.893910,rx,-1,0.000000,0.000000,0.000000,0.000000,1935,48401,24992,0.000000,0.000000,2.902673,4.534441,0.487062,0,0,0.000000,0.000000,8,10,-1,0,,140868
1788459158.420220,49.893951,tx,-1,0.000000,0.000000,0.000000,0.000000,,,,,,,,,,,,,,,,,aa5501090000000000000000004829,141012
1788459158.468343,49.942067,rx,-1,0.000000,0.000000,0.000000,0.000000,1936,48425,25024,0.000000,0.000000,2.902673,4.534441,0.487062,0,0,0.000000,0.000000,8,10,-1,0,,141012
1788459158.468524,49.942254,rx,-1,0.000000,0.000000,0.000000,0.000000,1937,48450,24988,0.000000,0.000000,2.902673,4.534441,0.487062,0,0,0.000000,0.000000,8,10,-1,0,,141012
1788459158.468549,49.942279,tx,-1,0.000000,0.000000,0.000000,0.000000,,,,,,,,,,,,,,,,,aa5501090000000000000000004829,141156
1788459158.522468,49.996185,rx,-1,0.000000,0.000000,0.000000,0.000000,1938,48476,25024,0.000000,0.000000,2.902673,4.534441,0.487062,0,0,0.000000,0.000000,8,10,-1,0,,141156
1788459158.524928,49.998655,rx,-1,0.000000,0.000000,0.000000,0.000000,1939,48500,24984,0.000000,0.000000,2.902673,4.534441,0.487062,0,0,0.000000,0.000000,8,10,-1,0,,141156
1788459158.524978,49.998709,tx,-1,0.000000,0.000000,0.000000,0.000000,,,,,,,,,,,,,,,,,aa5501090000000000000000004829,141332
1788459158.576643,50.050371,rx,-1,0.000000,0.000000,0.000000,0.000000,1940,48526,25020,0.000000,0.000000,2.902673,4.534441,0.487062,0,0,0.000000,0.000000,8,10,-1,0,,141332
1788459158.576741,50.050472,rx,-1,0.000000,0.000000,0.000000,0.000000,1941,48550,24960,0.000000,0.000000,2.902673,4.534441,0.487062,0,0,0.000000,0.000000,8,10,-1,0,,141332
1788459158.576761,50.050492,tx,-1,0.000000,0.000000,0.000000,0.000000,,,,,,,,,,,,,,,,,aa5501090000000000000000004829,141508
1788459158.630285,50.104013,rx,-1,0.000000,0.000000,0.000000,0.000000,1942,48575,25008,0.000000,0.000000,2.902673,4.534441,0.487062,0,0,0.000000,0.000000,8,10,-1,0,,141508
1788459158.632794,50.106523,rx,-1,0.000000,0.000000,0.000000,0.000000,1943,48601,25036,0.000000,0.000000,2.902673,4.534441,0.487062,0,0,0.000000,0.000000,8,10,-1,0,,141508
1788459158.632894,50.106622,rx,-1,0.000000,0.000000,0.000000,0.000000,1944,48625,24992,0.000000,0.000000,2.902673,4.534441,0.487062,0,0,0.000000,0.000000,8,10,-1,0,,141508
1788459158.632915,50.106646,tx,-1,0.000000,0.000000,0.000000,0.000000,,,,,,,,,,,,,,,,,aa5501090000000000000000004829,141660
1788459158.680879,50.154608,rx,-1,0.000000,0.000000,0.000000,0.000000,1945,48651,24964,0.000000,0.000000,2.902673,4.534441,0.487062,0,0,0.000000,0.000000,8,10,-1,0,,141660
1788459158.680992,50.154723,rx,-1,0.000000,0.000000,0.000000,0.000000,1946,48675,25008,0.000000,0.000000,2.902673,4.534441,0.487062,0,0,0.000000,0.000000,8,10,-1,0,,141660
1788459158.681007,50.154738,tx,-1,0.000000,0.000000,0.000000,0.000000,,,,,,,,,,,,,,,,,aa5501090000000000000000004829,141804
1788459158.735320,50.209031,rx,-1,0.000000,0.000000,0.000000,0.000000,1947,48701,25008,0.000000,0.000000,2.902673,4.534441,0.487062,0,0,0.000000,0.000000,8,10,-1,0,,141804
1788459158.737898,50.211624,rx,-1,0.000000,0.000000,0.000000,0.000000,1948,48726,25024,0.000000,0.000000,2.902673,4.534441,0.487062,0,0,0.000000,0.000000,8,10,-1,0,,141804
1788459158.737968,50.211699,tx,-1,0.000000,0.000000,0.000000,0.000000,,,,,,,,,,,,,,,,,aa5501090000000000000000004829,141948
1788459158.789545,50.263271,rx,-1,0.000000,0.000000,0.000000,0.000000,1949,48750,24980,0.000000,0.000000,2.902673,4.534441,0.487062,0,0,0.000000,0.000000,8,10,-1,0,,141948
1788459158.789646,50.263376,rx,-1,0.000000,0.000000,0.000000,0.000000,1950,48776,24984,0.000000,0.000000,2.902673,4.534441,0.487062,0,0,0.000000,0.000000,8,10,-1,0,,141948
1788459158.789662,50.263393,tx,-1,0.000000,0.000000,0.000000,0.000000,,,,,,,,,,,,,,,,,aa5501090000000000000000004829,142092
1788459158.843043,50.316767,rx,-1,0.000000,0.000000,0.000000,0.000000,1951,48800,25028,0.000000,0.000000,2.902673,4.534441,0.487062,0,0,0.000000,0.000000,8,10,-1,0,,142092
1788459158.845054,50.318782,rx,-1,0.000000,0.000000,0.000000,0.000000,1952,48826,24976,0.000000,0.000000,2.902673,4.534441,0.487062,0,0,0.000000,0.000000,8,10,-1,0,,142092
1788459158.845089,50.318820,tx,-1,0.000000,0.000000,0.000000,0.000000,,,,,,,,,,,,,,,,,aa5501090000000000000000004829,142236
1788459158.893098,50.366827,rx,-1,0.000000,0.000000,0.000000,0.000000,1953,48850,25004,0.000000,0.000000,2.902673,4.534441,0.487062,0,0,0.000000,0.000000,8,10,-1,0,,142236
1788459158.893170,50.366900,rx,-1,0.000000,0.000000,0.000000,0.000000,1954,48875,25012,0.000000,0.000000,2.902673,4.534441,0.487062,0,0,0.000000,0.000000,8,10,-1,0,,142236
1788459158.893182,50.366913,tx,-1,0.000000,0.000000,0.000000,0.000000,,,,,,,,,,,,,,,,,aa5501090000000000000000004829,142380
1788459158.946470,50.420197,rx,-1,0.000000,0.000000,0.000000,0.000000,1955,48901,24992,0.000000,0.000000,2.902673,4.534441,0.487062,0,0,0.000000,0.000000,8,10,-1,0,,142380
1788459158.948413,50.422142,rx,-1,0.000000,0.000000,0.000000,0.000000,1956,48925,24996,0.000000,0.000000,2.902673,4.534441,0.487062,0,0,0.000000,0.000000,8,10,-1,0,,142380
1788459158.948435,50.422166,tx,-1,0.000000,0.000000,0.000000,0.000000,,,,,,,,,,,,,,,,,aa5501090000000000000000004829,142524
1788459159.001186,50.474913,rx,-1,0.000000,0.000000,0.000000,0.000000,1957,48951,25020,0.000000,0.000000,2.902673,4.534441,0.487062,0,0,0.000000,0.000000,8,10,-1,0,,142524
1788459159.001277,50.475007,rx,-1,0.000000,0.000000,0.000000,0.000000,1958,48975,25008,0.000000,0.000000,2.902673,4.534441,0.487062,0,0,0.000000,0.000000,8,10,-1,0,,142524
1788459159.001290,50.475021,tx,-1,0.000000,0.000000,0.000000,0.000000,,,,,,,,,,,,,,,,,aa5501090000000000000000004829,142668
1788459159.055134,50.528858,rx,-1,0.000000,0.000000,0.000000,0.000000,1959,49001,24988,0.000000,0.000000,2.902673,4.534441,0.487062,0,0,0.000000,0.000000,8,10,-1,0,,142668
1788459159.057320,50.531047,rx,-1,0.000000,0.000000,0.000000,0.000000,1960,49026,24980,0.000000,0.000000,2.902673,4.534441,0.487062,0,0,0.000000,0.000000,8,10,-1,0,,142668
1788459159.057377,50.531108,tx,-1,0.000000,0.000000,0.000000,0.000000,,,,,,,,,,,,,,,,,aa5501090000000000000000004829,142931
1788459159.109509,50.583236,rx,-1,0.000000,0.000000,0.000000,0.000000,1961,49050,25036,0.000000,0.000000,2.902673,4.534441,0.487062,0,0,0.000000,0.000000,8,10,-1,0,,142931
1788459159.109613,50.583342,rx,-1,0.000000,0.000000,0.000000,0.000000,1962,49076,24992,0.000000,0.000000,2.902673,4.534441,0.487062,0,0,0.000000,0.000000,8,10,-1,0,,142931
1788459159.109667,50.583397,rx,-1,0.000000,0.000000,0.000000,0.000000,1963,49100,24968,0.000000,0.000000,2.902673,4.534441,0.487062,0,0,0.000000,0.000000,8,10,-1,0,,142931
1788459159.109678,50.583409,tx,-1,0.000000,0.000000,0.000000,0.000000,,,,,,,,,,,,,,,,,aa5501090000000000000000004829,143083
1788459159.163701,50.637421,rx,-1,0.000000,0.000000,0.000000,0.000000,1964,49126,24996,0.000000,0.000000,2.902673,4.534441,0.487062,0,0,0.000000,0.000000,8,10,-1,0,,143083
1788459159.167098,50.640822,rx,-1,0.000000,0.000000,0.000000,0.000000,1965,49150,25036,0.000000,0.000000,2.902673,4.534441,0.487062,0,0,0.000000,0.000000,8,10,-1,0,,143083
1788459159.167173,50.640903,tx,-1,0.000000,0.000000,0.000000,0.000000,,,,,,,,,,,,,,,,,aa5501090000000000000000004829,143227
1788459159.214881,50.688598,rx,-1,0.000000,0.000000,0.000000,0.000000,1966,49175,24984,0.000000,0.000000,2.902673,4.534441,0.487062,0,0,0.000000,0.000000,8,10,-1,0,,143227
1788459159.215169,50.688894,rx,-1,0.000000,0.000000,0.000000,0.000000,1967,49201,25020,0.000000,0.000000,2.902673,4.534441,0.487062,0,0,0.000000,0.000000,8,10,-1,0,,143227
1788459159.215238,50.688967,tx,-1,0.000000,0.000000,0.000000,0.000000,,,,,,,,,,,,,,,,,aa5501090000000000000000004829,143371
1788459159.269238,50.742949,rx,-1,0.000000,0.000000,0.000000,0.000000,1968,49225,25008,0.000000,0.000000,2.902673,4.534441,0.487062,0,0,0.000000,0.000000,8,10,-1,0,,143371
1788459159.274200,50.747923,rx,-1,0.000000,0.000000,0.000000,0.000000,1969,49251,24968,0.000000,0.000000,2.902673,4.534441,0.487062,0,0,0.000000,0.000000,8,10,-1,0,,143371
1788459159.274299,50.748028,tx,-1,0.000000,0.000000,0.000000,0.000000,,,,,,,,,,,,,,,,,aa5501090000000000000000004829,143515
1788459159.322246,50.795958,rx,-1,0.000000,0.000000,0.000000,0.000000,1970,49275,25016,0.000000,0.000000,2.902673,4.534441,0.487062,0,0,0.000000,0.000000,8,10,-1,0,,143515
1788459159.322621,50.796342,rx,-1,0.000000,0.000000,0.000000,0.000000,1971,49301,24992,0.000000,0.000000,2.902673,4.534441,0.487062,0,0,0.000000,0.000000,8,10,-1,0,,143515
1788459159.322713,50.796442,tx,-1,0.000000,0.000000,0.000000,0.000000,,,,,,,,,,,,,,,,,aa5501090000000000000000004829,143659
1788459159.373928,50.847643,rx,-1,0.000000,0.000000,0.000000,0.000000,1972,49326,25016,0.000000,0.000000,2.902673,4.534441,0.487062,0,0,0.000000,0.000000,8,10,-1,0,,143659
1788459159.378039,50.851752,rx,-1,0.000000,0.000000,0.000000,0.000000,1973,49350,24984,0.000000,0.000000,2.902673,4.534441,0.487062,0,0,0.000000,0.000000,8,10,-1,0,,143659
1788459159.378162,50.851892,tx,-1,0.000000,0.000000,0.000000,0.000000,,,,,,,,,,,,,,,,,aa5501090000000000000000004829,143803
1788459159.425427,50.899150,rx,-1,0.000000,0.000000,0.000000,0.000000,1974,49376,25000,0.000000,0.000000,2.902673,4.534441,0.487062,0,0,0.000000,0.000000,8,10,-1,0,,143803
1788459159.425534,50.899263,rx,-1,0.000000,0.000000,0.000000,0.000000,1975,49400,25016,0.000000,0.000000,2.902673,4.534441,0.487062,0,0,0.000000,0.000000,8,10,-1,0,,143803
1788459159.425569,50.899297,tx,-1,0.000000,0.000000,0.000000,0.000000,,,,,,,,,,,,,,,,,aa5501090000000000000000004829,143947
1788459159.479091,50.952808,rx,-1,0.000000,0.000000,0.000000,0.000000,1976,49426,24996,0.000000,0.000000,2.902673,4.534441,0.487062,0,0,0.000000,0.000000,8,10,-1,0,,143947
1788459159.482193,50.955911,rx,-1,0.000000,0.000000,0.000000,0.000000,1977,49451,24980,0.000000,0.000000,2.902673,4.534441,0.487062,0,0,0.000000,0.000000,8,10,-1,0,,143947
1788459159.482283,50.956014,tx,-1,0.000000,0.000000,0.000000,0.000000,,,,,,,,,,,,,,,,,aa5501090000000000000000004829,144091
1788459159.529537,51.003262,rx,-1,0.000000,0.000000,0.000000,0.000000,1978,49475,24988,0.000000,0.000000,2.902673,4.534441,0.487062,0,0,0.000000,0.000000,8,10,-1,0,,144091
1788459159.529752,51.003475,rx,-1,0.000000,0.000000,0.000000,0.000000,1979,49501,25020,0.000000,0.000000,2.902673,4.534441,0.487062,0,0,0.000000,0.000000,8,10,-1,0,,144091
1788459159.529812,51.003542,tx,-1,0.000000,0.000000,0.000000,0.000000,,,,,,,,,,,,,,,,,aa5501090000000000000000004829,144235
1788459159.583385,51.057109,rx,-1,0.000000,0.000000,0.000000,0.000000,1980,49525,24984,0.000000,0.000000,2.902673,4.534441,0.487062,0,0,0.000000,0.000000,8,10,-1,0,,144235
1788459159.586435,51.060090,rx,-1,0.000000,0.000000,0.000000,0.000000,1981,49551,25028,0.000000,0.000000,2.902673,4.534441,0.487062,0,0,0.000000,0.000000,8,10,-1,0,,144235
1788459159.586486,51.060216,tx,-1,0.000000,0.000000,0.000000,0.000000,,,,,,,,,,,,,,,,,aa5501090000000000000000004829,144411
1788459159.638845,51.112565,rx,-1,0.000000,0.000000,0.000000,0.000000,1982,49575,25004,0.000000,0.000000,2.902673,4.534441,0.487062,0,0,0.000000,0.000000,8,10,-1,0,,144411
1788459159.639048,51.112774,rx,-1,0.000000,0.000000,0.000000,0.000000,1983,49600,24960,0.000000,0.000000,2.902673,4.534441,0.487062,0,0,0.000000,0.000000,8,10,-1,0,,144411
1788459159.639102,51.112832,tx,-1,0.000000,0.000000,0.000000,0.000000,,,,,,,,,,,,,,,,,aa5501090000000000000000004829,144587
1788459159.690866,51.164589,rx,-1,0.000000,0.000000,0.000000,0.000000,1984,49626,25048,0.000000,0.000000,2.902673,4.534441,0.487062,0,0,0.000000,0.000000,8,10,-1,0,,144587
1788459159.692816,51.166542,rx,-1,0.000000,0.000000,0.000000,0.000000,1985,49650,24956,0.000000,0.000000,2.902673,4.534441,0.487062,0,0,0.000000,0.000000,8,10,-1,0,,144587
1788459159.692900,51.166629,rx,-1,0.000000,0.000000,0.000000,0.000000,1986,49676,25032,0.000000,0.000000,2.902673,4.534441,0.487062,0,0,0.000000,0.000000,8,10,-1,0,,144587
1788459159.692914,51.166645,tx,-1,0.000000,0.000000,0.000000,0.000000,,,,,,,,,,,,,,,,,aa5501090000000000000000004829,144739
1788459159.746080,51.219808,rx,-1,0.000000,0.000000,0.000000,0.000000,1987,49700,24976,0.000000,0.000000,2.902673,4.534441,0.487062,0,0,0.000000,0.000000,8,10,-1,0,,144739
1788459159.746163,51.219893,rx,-1,0.000000,0.000000,0.000000,0.000000,1988,49726,24996,0.000000,0.000000,2.902673,4.534441,0.487062,0,0,0.000000,0.000000,8,10,-1,0,,144739
1788459159.746176,51.219906,tx,-1,0.000000,0.000000,0.000000,0.000000,,,,,,,,,,,,,,,,,aa5501090000000000000000004829,144883
1788459159.798710,51.272434,rx,-1,0.000000,0.000000,0.000000,0.000000,1989,49751,25040,0.000000,0.000000,2.902673,4.534441,0.487062,0,0,0.000000,0.000000,8,10,-1,0,,144883
1788459159.800822,51.274550,rx,-1,0.000000,0.000000,0.000000,0.000000,1990,49775,24964,0.000000,0.000000,2.902673,4.534441,0.487062,0,0,0.000000,0.000000,8,10,-1,0,,144883
1788459159.800851,51.274581,tx,-1,0.000000,0.000000,0.000000,0.000000,,,,,,,,,,,,,,,,,aa5501090000000000000000004829,145027
1788459159.854368,51.328092,rx,-1,0.000000,0.000000,0.000000,0.000000,1991,49801,24996,0.000000,0.000000,2.902673,4.534441,0.487062,0,0,0.000000,0.000000,8,10,-1,0,,145027
1788459159.854485,51.328213,rx,-1,0.000000,0.000000,0.000000,0.000000,1992,49825,25028,0.000000,0.000000,2.902673,4.534441,0.487062,0,0,0.000000,0.000000,8,10,-1,0,,145027
1788459159.854506,51.328236,tx,-1,0.000000,0.000000,0.000000,0.000000,,,,,,,,,,,,,,,,,aa5501090000000000000000004829,145171
1788459159.907453,51.381180,rx,-1,0.000000,0.000000,0.000000,0.000000,1993,49851,24984,0.000000,0.000000,2.902673,4.534441,0.487062,0,0,0.000000,0.000000,8,10,-1,0,,145171
1788459159.909489,51.383218,rx,-1,0.000000,0.000000,0.000000,0.000000,1994,49875,24996,0.000000,0.000000,2.902673,4.534441,0.487062,0,0,0.000000,0.000000,8,10,-1,0,,145171
1788459159.909512,51.383242,tx,-1,0.000000,0.000000,0.000000,0.000000,,,,,,,,,,,,,,,,,aa5501090000000000000000004829,145315
1788459159.963096,51.436815,rx,-1,0.000000,0.000000,0.000000,0.000000,1995,49900,25012,0.000000,0.000000,2.902673,4.534441,0.487062,0,0,0.000000,0.000000,8,10,-1,0,,145315
1788459159.963299,51.437026,rx,-1,0.000000,0.000000,0.000000,0.000000,1996,49926,24992,0.000000,0.000000,2.902673,4.534441,0.487062,0,0,0.000000,0.000000,8,10,-1,0,,145315
1788459159.963329,51.437059,tx,-1,0.000000,0.000000,0.000000,0.000000,,,,,,,,,,,,,,,,,aa5501090000000000000000004829,145491
1788459160.016865,51.490589,rx,-1,0.000000,0.000000,0.000000,0.000000,1997,49950,25008,0.000000,0.000000,2.902673,4.534441,0.487062,0,0,0.000000,0.000000,8,10,-1,0,,145491
1788459160.019321,51.493048,rx,-1,0.000000,0.000000,0.000000,0.000000,1998,49976,25000,0.000000,0.000000,2.902673,4.534441,0.487062,0,0,0.000000,0.000000,8,10,-1,0,,145491
1788459160.019368,51.493098,tx,-1,0.000000,0.000000,0.000000,0.000000,,,,,,,,,,,,,,,,,aa5501090000000000000000004829,145667
1788459160.072341,51.546068,rx,-1,0.000000,0.000000,0.000000,0.000000,1999,50000,25008,0.000000,0.000000,2.902673,4.534441,0.487062,0,0,0.000000,0.000000,8,10,-1,0,,145667
1788459160.072461,51.546191,rx,-1,0.000000,0.000000,0.000000,0.000000,2000,50026,25000,0.000000,0.000000,2.902673,4.534441,0.487062,0,0,0.000000,0.000000,8,10,-1,0,,145667
1788459160.072515,51.546244,rx,-1,0.000000,0.000000,0.000000,0.000000,2001,50051,24980,0.000000,0.000000,2.902673,4.534441,0.487062,0,0,0.000000,0.000000,8,10,-1,0,,145667
1788459160.072526,51.546256,tx,-1,0.000000,0.000000,0.000000,0.000000,,,,,,,,,,,,,,,,,aa5501090000000000000000004829,145874
1788459160.125105,51.598824,rx,-1,0.000000,0.000000,0.000000,0.000000,2002,50075,24984,0.000000,0.000000,2.902673,4.534441,0.487062,0,0,0.000000,0.000000,8,10,-1,0,,145874
1788459160.127242,51.600967,rx,-1,0.000000,0.000000,0.000000,0.000000,2003,50101,25028,0.000000,0.000000,2.902673,4.534441,0.487062,0,0,0.000000,0.000000,8,10,-1,0,,145874
1788459160.127308,51.601038,tx,-1,0.000000,0.000000,0.000000,0.000000,,,,,,,,,,,,,,,,,aa5501090000000000000000004829,146018
1788459160.179627,51.653353,rx,-1,0.000000,0.000000,0.000000,0.000000,2004,50125,24984,0.000000,0.000000,2.902673,4.534441,0.487062,0,0,0.000000,0.000000,8,10,-1,0,,146018
1788459160.179725,51.653454,rx,-1,0.000000,0.000000,0.000000,0.000000,2005,50151,25024,0.000000,0.000000,2.902673,4.534441,0.487062,0,0,0.000000,0.000000,8,10,-1,0,,146018
1788459160.179739,51.653469,tx,-1,0.000000,0.000000,0.000000,0.000000,,,,,,,,,,,,,,,,,aa5501090000000000000000004829,146162
1788459160.232281,51.706007,rx,-1,0.000000,0.000000,0.000000,0.000000,2006,50176,25000,0.000000,0.000000,2.902673,4.534441,0.487062,0,0,0.000000,0.000000,8,10,-1,0,,146162
1788459160.234821,51.708539,rx,-1,0.000000,0.000000,0.000000,0.000000,2007,50200,25008,0.000000,0.000000,2.902673,4.534441,0.487062,0,0,0.000000,0.000000,8,10,-1,0,,146162
1788459160.234918,51.708648,tx,-1,0.000000,0.000000,0.000000,0.000000,,,,,,,,,,,,,,,,,aa5501090000000000000000004829,146306
1788459160.287372,51.761095,rx,-1,0.000000,0.000000,0.000000,0.000000,2008,50226,24956,0.000000,0.000000,2.902673,4.534441,0.487062,0,0,0.000000,0.000000,8,10,-1,0,,146306
1788459160.287487,51.761216,rx,-1,0.000000,0.000000,0.000000,0.000000,2009,50250,25004,0.000000,0.000000,2.902673,4.534441,0.487062,0,0,0.000000,0.000000,8,10,-1,0,,146306
1788459160.287503,51.761232,tx,-1,0.000000,0.000000,0.000000,0.000000,,,,,,,,,,,,,,,,,aa5501090000000000000000004829,146450
1788459160.339964,51.813690,rx,-1,0.000000,0.000000,0.000000,0.000000,2010,50276,25088,0.000000,0.000000,2.902673,4.534441,0.487062,0,0,0.000000,0.000000,8,10,-1,0,,146450
1788459160.341933,51.815660,rx,-1,0.000000,0.000000,0.000000,0.000000,2011,50300,24912,0.000000,0.000000,2.902673,4.534441,0.487062,0,0,0.000000,0.000000,8,10,-1,0,,146450
1788459160.341968,51.815698,tx,-1,0.000000,0.000000,0.000000,0.000000,,,,,,,,,,,,,,,,,aa5501090000000000000000004829,146594
1788459160.395214,51.868940,rx,-1,0.000000,0.000000,0.000000,0.000000,2012,50325,24996,0.000000,0.000000,2.902673,4.534441,0.487062,0,0,0.000000,0.000000,8,10,-1,0,,146594
1788459160.395328,51.869056,rx,-1,0.000000,0.000000,0.000000,0.000000,2013,50351,25032,0.000000,0.000000,2.902673,4.534441,0.487062,0,0,0.000000,0.000000,8,10,-1,0,,146594
1788459160.395349,51.869079,tx,-1,0.000000,0.000000,0.000000,0.000000,,,,,,,,,,,,,,,,,aa5501090000000000000000004829,146802
1788459160.448011,51.921736,rx,-1,0.000000,0.000000,0.000000,0.000000,2014,50375,24968,0.000000,0.000000,2.902673,4.534441,0.487062,0,0,0.000000,0.000000,8,10,-1,0,,146802
1788459160.450216,51.923943,rx,-1,0.000000,0.000000,0.000000,0.000000,2015,50401,25000,0.000000,0.000000,2.902673,4.534441,0.487062,0,0,0.000000,0.000000,8,10,-1,0,,146802
1788459160.450283,51.924012,tx,-1,0.000000,0.000000,0.000000,0.000000,,,,,,,,,,,,,,,,,aa5501090000000000000000004829,146946
1788459160.498353,51.972077,rx,-1,0.000000,0.000000,0.000000,0.000000,2016,50425,25016,0.000000,0.000000,2.902673,4.534441,0.487062,0,0,0.000000,0.000000,8,10,-1,0,,146946
1788459160.498512,51.972238,rx,-1,0.000000,0.000000,0.000000,0.000000,2017,50451,24984,0.000000,0.000000,2.902673,4.534441,0.487062,0,0,0.000000,0.000000,8,10,-1,0,,146946
1788459160.498581,51.972309,tx,-1,0.000000,0.000000,0.000000,0.000000,,,,,,,,,,,,,,,,,aa5501090000000000000000004829,147090
1788459160.551937,52.025661,rx,-1,0.000000,0.000000,0.000000,0.000000,2018,50476,25040,0.000000,0.000000,2.902673,4.534441,0.487062,0,0,0.000000,0.000000,8,10,-1,0,,147090
1788459160.554071,52.027797,rx,-1,0.000000,0.000000,0.000000,0.000000,2019,50500,24976,0.000000,0.000000,2.902673,4.534441,0.487062,0,0,0.000000,0.000000,8,10,-1,0,,147090
1788459160.554165,52.027893,rx,-1,0.000000,0.000000,0.000000,0.000000,2020,50526,24984,0.000000,0.000000,2.902673,4.534441,0.487062,0,0,0.000000,0.000000,8,10,-1,0,,147090
1788459160.554184,52.027914,tx,-1,0.000000,0.000000,0.000000,0.000000,,,,,,,,,,,,,,,,,aa5501090000000000000000004829,147242
1788459160.606740,52.080465,rx,-1,0.000000,0.000000,0.000000,0.000000,2021,50550,25020,0.000000,0.000000,2.902673,4.534441,0.487062,0,0,0.000000,0.000000,8,10,-1,0,,147242
1788459160.606872,52.080599,rx,-1,0.000000,0.000000,0.000000,0.000000,2022,50576,24984,0.000000,0.000000,2.902673,4.534441,0.487062,0,0,0.000000,0.000000,8,10,-1,0,,147242
1788459160.606893,52.080622,tx,-1,0.000000,0.000000,0.000000,0.000000,,,,,,,,,,,,,,,,,aa5501090000000000000000004829,147386
1788459160.660838,52.134556,rx,-1,0.000000,0.000000,0.000000,0.000000,2023,50600,25008,0.000000,0.000000,2.902673,4.534441,0.487062,0,0,0.000000,0.000000,8,10,-1,0,,147386
1788459160.664182,52.137901,rx,-1,0.000000,0.000000,0.000000,0.000000,2024,50625,25000,0.000000,0.000000,2.902673,4.534441,0.487062,0,0,0.000000,0.000000,8,10,-1,0,,147386
1788459160.664265,52.137994,tx,-1,0.000000,0.000000,0.000000,0.000000,,,,,,,,,,,,,,,,,aa5501090000000000000000004829,147530
1788459160.712689,52.186408,rx,-1,0.000000,0.000000,0.000000,0.000000,2025,50651,25024,0.000000,0.000000,2.902673,4.534441,0.487062,0,0,0.000000,0.000000,8,10,-1,0,,147530
1788459160.712814,52.186542,rx,-1,0.000000,0.000000,0.000000,0.000000,2026,50675,24976,0.000000,0.000000,2.902673,4.534441,0.487062,0,0,0.000000,0.000000,8,10,-1,0,,147530
1788459160.712827,52.186557,tx,-1,0.000000,0.000000,0.000000,0.000000,,,,,,,,,,,,,,,,,aa5501090000000000000000004829,147674
1788459160.766063,52.239784,rx,-1,0.000000,0.000000,0.000000,0.000000,2027,50701,25000,0.000000,0.000000,2.902673,4.534441,0.487062,0,0,0.000000,0.000000,8,10,-1,0,,147674
1788459160.768204,52.241930,rx,-1,0.000000,0.000000,0.000000,0.000000,2028,50725,25020,0.000000,0.000000,2.902673,4.534441,0.487062,0,0,0.000000,0.000000,8,10,-1,0,,147674
1788459160.768257,52.241987,tx,-1,0.000000,0.000000,0.000000,0.000000,,,,,,,,,,,,,,,,,aa5501090000000000000000004829,147818
1788459160.821001,52.294727,rx,-1,0.000000,0.000000,0.000000,0.000000,2029,50751,24992,0.000000,0.000000,2.902673,4.534441,0.487062,0,0,0.000000,0.000000,8,10,-1,0,,147818
1788459160.821100,52.294828,rx,-1,0.000000,0.000000,0.000000,0.000000,2030,50776,24988,0.000000,0.000000,2.902673,4.534441,0.487062,0,0,0.000000,0.000000,8,10,-1,0,,147818
1788459160.821114,52.294843,tx,-1,0.000000,0.000000,0.000000,0.000000,,,,,,,,,,,,,,,,,aa5501090000000000000000004829,147962
1788459160.875559,52.349285,rx,-1,0.000000,0.000000,0.000000,0.000000,2031,50800,25004,0.000000,0.000000,2.902673,4.534441,0.487062,0,0,0.000000,0.000000,8,10,-1,0,,147962
1788459160.877599,52.351326,rx,-1,0.000000,0.000000,0.000000,0.000000,2032,50826,24996,0.000000,0.000000,2.902673,4.534441,0.487062,0,0,0.000000,0.000000,8,10,-1,0,,147962
1788459160.877633,52.351362,tx,-1,0.000000,0.000000,0.000000,0.000000,,,,,,,,,,,,,,,,,aa5501090000000000000000004829,148170
1788459160.930779,52.404485,rx,-1,0.000000,0.000000,0.000000,0.000000,2033,50850,25012,0.000000,0.000000,2.902673,4.534441,0.487062,0,0,0.000000,0.000000,8,10,-1,0,,148170
1788459160.931347,52.405064,rx,-1,0.000000,0.000000,0.000000,0.000000,2034,50876,24992,0.000000,0.000000,2.902673,4.534441,0.487062,0,0,0.000000,0.000000,8,10,-1,0,,148170
1788459160.931784,52.405503,rx,-1,0.000000,0.000000,0.000000,0.000000,2035,50900,24988,0.000000,0.000000,2.902673,4.534441,0.487062,0,0,0.000000,0.000000,8,10,-1,0,,148170
1788459160.931949,52.405676,tx,-1,0.000000,0.000000,0.000000,0.000000,,,,,,,,,,,,,,,,,aa5501090000000000000000004829,148322
1788459160.980982,52.454698,rx,-1,0.000000,0.000000,0.000000,0.000000,2036,50925,25012,0.000000,0.000000,2.902673,4.534441,0.487062,0,0,0.000000,0.000000,8,10,-1,0,,148322
1788459160.983619,52.457344,rx,-1,0.000000,0.000000,0.000000,0.000000,2037,50951,24992,0.000000,0.000000,2.902673,4.534441,0.487062,0,0,0.000000,0.000000,8,10,-1,0,,148322
1788459160.983667,52.457396,tx,-1,0.000000,0.000000,0.000000,0.000000,,,,,,,,,,,,,,,,,aa5501090000000000000000004829,148466
1788459161.032650,52.506359,rx,-1,0.000000,0.000000,0.000000,0.000000,2038,50975,25012,0.000000,0.000000,2.902673,4.534441,0.487062,0,0,0.000000,0.000000,8,10,-1,0,,148466
1788459161.032941,52.506665,rx,-1,0.000000,0.000000,0.000000,0.000000,2039,51001,24984,0.000000,0.000000,2.902673,4.534441,0.487062,0,0,0.000000,0.000000,8,10,-1,0,,148466
1788459161.032992,52.506720,tx,-1,0.000000,0.000000,0.000000,0.000000,,,,,,,,,,,,,,,,,aa5501090000000000000000004829,148634
1788459161.087167,52.560873,rx,-1,0.000000,0.000000,0.000000,0.000000,2040,51025,25020,0.000000,0.000000,2.902673,4.534441,0.487062,0,0,0.000000,0.000000,8,10,-1,0,,148634
1788459161.092502,52.566215,rx,-1,0.000000,0.000000,0.000000,0.000000,2041,51050,24992,0.000000,0.000000,2.902673,4.534441,0.487062,0,0,0.000000,0.000000,8,10,-1,0,,148634
1788459161.092645,52.566372,tx,-1,0.000000,0.000000,0.000000,0.000000,,,,,,,,,,,,,,,,,aa5501090000000000000000004829,148809
1788459161.141870,52.615588,rx,-1,0.000000,0.000000,0.000000,0.000000,2042,51076,25004,0.000000,0.000000,2.902673,4.534441,0.487062,0,0,0.000000,0.000000,8,10,-1,0,,148809
1788459161.142106,52.615832,rx,-1,0.000000,0.000000,0.000000,0.000000,2043,51100,25012,0.000000,0.000000,2.902673,4.534441,0.487062,0,0,0.000000,0.000000,8,10,-1,0,,148809
1788459161.142158,52.615886,tx,-1,0.000000,0.000000,0.000000,0.000000,,,,,,,,,,,,,,,,,aa5501090000000000000000004829,148953
1788459161.196682,52.670389,rx,-1,0.000000,0.000000,0.000000,0.000000,2044,51126,24996,0.000000,0.000000,2.902673,4.534441,0.487062,0,0,0.000000,0.000000,8,10,-1,0,,148953
1788459161.201914,52.675636,rx,-1,0.000000,0.000000,0.000000,0.000000,2045,51150,25008,0.000000,0.000000,2.902673,4.534441,0.487062,0,0,0.000000,0.000000,8,10,-1,0,,148953
1788459161.202019,52.675747,tx,-1,0.000000,0.000000,0.000000,0.000000,,,,,,,,,,,,,,,,,aa5501090000000000000000004829,149097
1788459161.250411,52.724125,rx,-1,0.000000,0.000000,0.000000,0.000000,2046,51176,25000,0.000000,0.000000,2.902673,4.534441,0.487062,0,0,0.000000,0.000000,8,10,-1,0,,149097
1788459161.250665,52.724390,rx,-1,0.000000,0.000000,0.000000,0.000000,2047,51201,24988,0.000000,0.000000,2.902673,4.534441,0.487062,0,0,0.000000,0.000000,8,10,-1,0,,149097
1788459161.250694,52.724422,tx,-1,0.000000,0.000000,0.000000,0.000000,,,,,,,,,,,,,,,,,aa5501090000000000000000004829,149241
1788459161.304783,52.778488,rx,-1,0.000000,0.000000,0.000000,0.000000,2048,51225,25008,0.000000,0.000000,2.902673,4.534441,0.487062,0,0,0.000000,0.000000,8,10,-1,0,,149241
1788459161.309154,52.782871,rx,-1,0.000000,0.000000,0.000000,0.000000,2049,51251,25008,0.000000,0.000000,2.902673,4.534441,0.487062,0,0,0.000000,0.000000,8,10,-1,0,,149241
1788459161.309306,52.783033,tx,-1,0.000000,0.000000,0.000000,0.000000,,,,,,,,,,,,,,,,,aa5501090000000000000000004829,149417
1788459161.358287,52.832000,rx,-1,0.000000,0.000000,0.000000,0.000000,2050,51275,25000,0.000000,0.000000,2.902673,4.534441,0.487062,0,0,0.000000,0.000000,8,10,-1,0,,149417
1788459161.358633,52.832355,rx,-1,0.000000,0.000000,0.000000,0.000000,2051,51301,24996,0.000000,0.000000,2.902673,4.534441,0.487062,0,0,0.000000,0.000000,8,10,-1,0,,149417
1788459161.358718,52.832446,tx,-1,0.000000,0.000000,0.000000,0.000000,,,,,,,,,,,,,,,,,aa5501090000000000000000004829,149593
1788459161.412875,52.886588,rx,-1,0.000000,0.000000,0.000000,0.000000,2052,51325,24964,0.000000,0.000000,2.902673,4.534441,0.487062,0,0,0.000000,0.000000,8,10,-1,0,,149593
1788459161.416255,52.889976,rx,-1,0.000000,0.000000,0.000000,0.000000,2053,51350,25000,0.000000,0.000000,2.902673,4.534441,0.487062,0,0,0.000000,0.000000,8,10,-1,0,,149593
1788459161.416444,52.890170,rx,-1,0.000000,0.000000,0.000000,0.000000,2054,51376,25024,0.000000,0.000000,2.902673,4.534441,0.487062,0,0,0.000000,0.000000,8,10,-1,0,,149593
1788459161.416485,52.890213,tx,-1,0.000000,0.000000,0.000000,0.000000,,,,,,,,,,,,,,,,,aa5501090000000000000000004829,149745
1788459161.465158,52.938870,rx,-1,0.000000,0.000000,0.000000,0.000000,2055,51400,24980,0.000000,0.000000,2.902673,4.534441,0.487062,0,0,0.000000,0.000000,8,10,-1,0,,149745
1788459161.465484,52.939207,rx,-1,0.000000,0.000000,0.000000,0.000000,2056,51426,25028,0.000000,0.000000,2.902673,4.534441,0.487062,0,0,0.000000,0.000000,8,10,-1,0,,149745
1788459161.465523,52.939251,tx,-1,0.000000,0.000000,0.000000,0.000000,,,,,,,,,,,,,,,,,aa5501090000000000000000004829,149889
1788459161.519461,52.993164,rx,-1,0.000000,0.000000,0.000000,0.000000,2057,51450,24988,0.000000,0.000000,2.902673,4.534441,0.487062,0,0,0.000000,0.000000,8,10,-1,0,,149889
1788459161.523776,52.997492,rx,-1,0.000000,0.000000,0.000000,0.000000,2058,51476,24984,0.000000,0.000000,2.902673,4.534441,0.487062,0,0,0.000000,0.000000,8,10,-1,0,,149889
1788459161.523882,52.997609,tx,-1,0.000000,0.000000,0.000000,0.000000,,,,,,,,,,,,,,,,,aa5501090000000000000000004829,150033
1788459161.572279,53.045992,rx,-1,0.000000,0.000000,0.000000,0.000000,2059,51501,24996,0.000000,0.000000,2.902673,4.534441,0.487062,0,0,0.000000,0.000000,8,10,-1,0,,150033
1788459161.572583,53.046307,rx,-1,0.000000,0.000000,0.000000,0.000000,2060,51525,25008,0.000000,0.000000,2.902673,4.534441,0.487062,0,0,0.000000,0.000000,8,10,-1,0,,150033
1788459161.572625,53.046353,tx,-1,0.000000,0.000000,0.000000,0.000000,,,,,,,,,,,,,,,,,aa5501090000000000000000004829,150177
1788459161.627671,53.101376,rx,-1,0.000000,0.000000,0.000000,0.000000,2061,51551,25004,0.000000,0.000000,2.902673,4.534441,0.487062,0,0,0.000000,0.000000,8,10,-1,0,,150177
1788459161.631259,53.104970,rx,-1,0.000000,0.000000,0.000000,0.000000,2062,51575,25008,0.000000,0.000000,2.902673,4.534441,0.487062,0,0,0.000000,0.000000,8,10,-1,0,,150177
1788459161.631431,53.105159,tx,-1,0.000000,0.000000,0.000000,0.000000,,,,,,,,,,,,,,,,,aa5501090000000000000000004829,150321
1788459161.679976,53.153680,rx,-1,0.000000,0.000000,0.000000,0.000000,2063,51601,25000,0.000000,0.000000,2.902673,4.534441,0.487062,0,0,0.000000,0.000000,8,10,-1,0,,150321
1788459161.680254,53.153979,rx,-1,0.000000,0.000000,0.000000,0.000000,2064,51625,25004,0.000000,0.000000,2.902673,4.534441,0.487062,0,0,0.000000,0.000000,8,10,-1,0,,150321
1788459161.680296,53.154024,tx,-1,0.000000,0.000000,0.000000,0.000000,,,,,,,,,,,,,,,,,aa5501090000000000000000004829,150465
1788459161.734050,53.207763,rx,-1,0.000000,0.000000,0.000000,0.000000,2065,51651,24996,0.000000,0.000000,2.902673,4.534441,0.487062,0,0,0.000000,0.000000,8,10,-1,0,,150465
1788459161.738034,53.211740,rx,-1,0.000000,0.000000,0.000000,0.000000,2066,51676,24984,0.000000,0.000000,2.902673,4.534441,0.487062,0,0,0.000000,0.000000,8,10,-1,0,,150465
1788459161.738214,53.211940,tx,-1,0.000000,0.000000,0.000000,0.000000,,,,,,,,,,,,,,,,,aa5501090000000000000000004829,150641
1788459161.786623,53.260341,rx,-1,0.000000,0.000000,0.000000,0.000000,2067,51700,25020,0.000000,0.000000,2.902673,4.534441,0.487062,0,0,0.000000,0.000000,8,10,-1,0,,150641
1788459161.786812,53.260538,rx,-1,0.000000,0.000000,0.000000,0.000000,2068,51726,24984,0.000000,0.000000,2.902673,4.534441,0.487062,0,0,0.000000,0.000000,8,10,-1,0,,150641
1788459161.786846,53.260574,tx,-1,0.000000,0.000000,0.000000,0.000000,,,,,,,,,,,,,,,,,aa5501090000000000000000004829,150817
1788459161.836647,53.310367,rx,-1,0.000000,0.000000,0.000000,0.000000,2069,51750,25024,0.000000,0.000000,2.902673,4.534441,0.487062,0,0,0.000000,0.000000,8,10,-1,0,,150817
1788459161.838741,53.312465,rx,-1,0.000000,0.000000,0.000000,0.000000,2070,51776,24996,0.000000,0.000000,2.902673,4.534441,0.487062,0,0,0.000000,0.000000,8,10,-1,0,,150817
1788459161.838782,53.312511,tx,-1,0.000000,0.000000,0.000000,0.000000,,,,,,,,,,,,,,,,,aa5501090000000000000000004829,150961
1788459161.887564,53.361267,rx,-1,0.000000,0.000000,0.000000,0.000000,2071,51801,24988,0.000000,0.000000,2.902673,4.534441,0.487062,0,0,0.000000,0.000000,8,10,-1,0,,150961
1788459161.888072,53.361788,rx,-1,0.000000,0.000000,0.000000,0.000000,2072,51825,25020,0.000000,0.000000,2.902673,4.534441,0.487062,0,0,0.000000,0.000000,8,10,-1,0,,150961
1788459161.888213,53.361940,tx,-1,0.000000,0.000000,0.000000,0.000000,,,,,,,,,,,,,,,,,aa5501090000000000000000004829,151105
1788459161.942660,53.416378,rx,-1,0.000000,0.000000,0.000000,0.000000,2073,51851,24988,0.000000,0.000000,2.902673,4.534441,0.487062,0,0,0.000000,0.000000,8,10,-1,0,,151105
1788459161.947878,53.421597,rx,-1,0.000000,0.000000,0.000000,0.000000,2074,51875,24980,0.000000,0.000000,2.902673,4.534441,0.487062,0,0,0.000000,0.000000,8,10,-1,0,,151105
1788459161.948140,53.421864,rx,-1,0.000000,0.000000,0.000000,0.000000,2075,51901,25024,0.000000,0.000000,2.902673,4.534441,0.487062,0,0,0.000000,0.000000,8,10,-1,0,,151105
1788459161.948183,53.421911,tx,-1,0.000000,0.000000,0.000000,0.000000,,,,,,,,,,,,,,,,,aa5501090000000000000000004829,151257
1788459161.996208,53.469922,rx,-1,0.000000,0.000000,0.000000,0.000000,2076,51926,25016,0.000000,0.000000,2.902673,4.534441,0.487062,0,0,0.000000,0.000000,8,10,-1,0,,151257
1788459161.996413,53.470138,rx,-1,0.000000,0.000000,0.000000,0.000000,2077,51950,25000,0.000000,0.000000,2.902673,4.534441,0.487062,0,0,0.000000,0.000000,8,10,-1,0,,151257
1788459161.996454,53.470181,tx,-1,0.000000,0.000000,0.000000,0.000000,,,,,,,,,,,,,,,,,aa5501090000000000000000004829,151401
1788459162.049620,53.523334,rx,-1,0.000000,0.000000,0.000000,0.000000,2078,51976,24976,0.000000,0.000000,2.902673,4.534441,0.487062,0,0,0.000000,0.000000,8,10,-1,0,,151401
1788459162.053314,53.527034,rx,-1,0.000000,0.000000,0.000000,0.000000,2079,52000,25020,0.000000,0.000000,2.902673,4.534441,0.487062,0,0,0.000000,0.000000,8,10,-1,0,,151401
1788459162.053496,53.527224,tx,-1,0.000000,0.000000,0.000000,0.000000,,,,,,,,,,,,,,,,,aa5501090000000000000000004829,151600
1788459162.100683,53.574404,rx,-1,0.000000,0.000000,0.000000,0.000000,2080,52026,24988,0.000000,0.000000,2.902673,4.534441,0.487062,0,0,0.000000,0.000000,8,10,-1,0,,151600
1788459162.100862,53.574588,rx,-1,0.000000,0.000000,0.000000,0.000000,2081,52050,24980,0.000000,0.000000,2.902673,4.534441,0.487062,0,0,0.000000,0.000000,8,10,-1,0,,151600
1788459162.100885,53.574612,tx,-1,0.000000,0.000000,0.000000,0.000000,,,,,,,,,,,,,,,,,aa5501090000000000000000004829,151744
1788459162.154841,53.628551,rx,-1,0.000000,0.000000,0.000000,0.000000,2082,52075,24996,0.000000,0.000000,2.902673,4.534441,0.487062,0,0,0.000000,0.000000,8,10,-1,0,,151744
1788459162.159359,53.633077,rx,-1,0.000000,0.000000,0.000000,0.000000,2083,52101,25020,0.000000,0.000000,2.902673,4.534441,0.487062,0,0,0.000000,0.000000,8,10,-1,0,,151744
1788459162.159453,53.633180,tx,-1,0.000000,0.000000,0.000000,0.000000,,,,,,,,,,,,,,,,,aa5501090000000000000000004829,151888
1788459162.208542,53.682249,rx,-1,0.000000,0.000000,0.000000,0.000000,2084,52125,24984,0.000000,0.000000,2.902673,4.534441,0.487062,0,0,0.000000,0.000000,8,10,-1,0,,151888
1788459162.209056,53.682772,rx,-1,0.000000,0.000000,0.000000,0.000000,2085,52151,25036,0.000000,0.000000,2.902673,4.534441,0.487062,0,0,0.000000,0.000000,8,10,-1,0,,151888
1788459162.209147,53.682874,tx,-1,0.000000,0.000000,0.000000,0.000000,,,,,,,,,,,,,,,,,aa5501090000000000000000004829,152032
1788459162.262880,53.736596,rx,-1,0.000000,0.000000,0.000000,0.000000,2086,52175,24972,0.000000,0.000000,2.902673,4.534441,0.487062,0,0,0.000000,0.000000,8,10,-1,0,,152032
1788459162.266022,53.739739,rx,-1,0.000000,0.000000,0.000000,0.000000,2087,52201,24988,0.000000,0.000000,2.902673,4.534441,0.487062,0,0,0.000000,0.000000,8,10,-1,0,,152032
1788459162.266118,53.739845,tx,-1,0.000000,0.000000,0.000000,0.000000,,,,,,,,,,,,,,,,,aa5501090000000000000000004829,152176
1788459162.314671,53.788377,rx,-1,0.000000,0.000000,0.000000,0.000000,2088,52226,24996,0.000000,0.000000,2.902673,4.534441,0.487062,0,0,0.000000,0.000000,8,10,-1,0,,152176
1788459162.315218,53.788934,rx,-1,0.000000,0.000000,0.000000,0.000000,2089,52250,25016,0.000000,0.000000,2.902673,4.534441,0.487062,0,0,0.000000,0.000000,8,10,-1,0,,152176
1788459162.315297,53.789022,tx,-1,0.000000,0.000000,0.000000,0.000000,,,,,,,,,,,,,,,,,aa5501090000000000000000004829,152320
1788459162.364803,53.838521,rx,-1,0.000000,0.000000,0.000000,0.000000,2090,52276,25020,0.000000,0.000000,2.902673,4.534441,0.487062,0,0,0.000000,0.000000,8,10,-1,0,,152320
1788459162.367216,53.840940,rx,-1,0.000000,0.000000,0.000000,0.000000,2091,52300,24992,0.000000,0.000000,2.902673,4.534441,0.487062,0,0,0.000000,0.000000,8,10,-1,0,,152320
1788459162.367247,53.840975,tx,-1,0.000000,0.000000,0.000000,0.000000,,,,,,,,,,,,,,,,,aa5501090000000000000000004829,152464
1788459162.415448,53.889171,rx,-1,0.000000,0.000000,0.000000,0.000000,2092,52326,25020,0.000000,0.000000,2.902673,4.534441,0.487062,0,0,0.000000,0.000000,8,10,-1,0,,152464
1788459162.415582,53.889308,rx,-1,0.000000,0.000000,0.000000,0.000000,2093,52350,24992,0.000000,0.000000,2.902673,4.534441,0.487062,0,0,0.000000,0.000000,8,10,-1,0,,152464
1788459162.415609,53.889337,tx,-1,0.000000,0.000000,0.000000,0.000000,,,,,,,,,,,,,,,,,aa5501090000000000000000004829,152640
1788459162.469302,53.943023,rx,-1,0.000000,0.000000,0.000000,0.000000,2094,52375,24984,0.000000,0.000000,2.902673,4.534441,0.487062,0,0,0.000000,0.000000,8,10,-1,0,,152640
1788459162.472241,53.945966,rx,-1,0.000000,0.000000,0.000000,0.000000,2095,52401,24980,0.000000,0.000000,2.902673,4.534441,0.487062,0,0,0.000000,0.000000,8,10,-1,0,,152640
1788459162.472282,53.946010,tx,-1,0.000000,0.000000,0.000000,0.000000,,,,,,,,,,,,,,,,,aa5501090000000000000000004829,152816
1788459162.519603,53.993298,rx,-1,0.000000,0.000000,0.000000,0.000000,2096,52425,25020,0.000000,0.000000,2.902673,4.534441,0.487062,0,0,0.000000,0.000000,8,10,-1,0,,152816
1788459162.519856,53.993576,rx,-1,0.000000,0.000000,0.000000,0.000000,2097,52451,24996,0.000000,0.000000,2.902673,4.534441,0.487062,0,0,0.000000,0.000000,8,10,-1,0,,152816
1788459162.519914,53.993640,tx,-1,0.000000,0.000000,0.000000,0.000000,,,,,,,,,,,,,,,,,aa5501090000000000000000004829,152960
1788459162.573587,54.047306,rx,-1,0.000000,0.000000,0.000000,0.000000,2098,52475,25016,0.000000,0.000000,2.902673,4.534441,0.487062,0,0,0.000000,0.000000,8,10,-1,0,,152960
1788459162.575827,54.049550,rx,-1,0.000000,0.000000,0.000000,0.000000,2099,52501,25000,0.000000,0.000000,2.902673,4.534441,0.487062,0,0,0.000000,0.000000,8,10,-1,0,,152960
1788459162.575927,54.049653,rx,-1,0.000000,0.000000,0.000000,0.000000,2100,52526,24996,0.000000,0.000000,2.902673,4.534441,0.487062,0,0,0.000000,0.000000,8,10,-1,0,,152960
1788459162.575943,54.049671,tx,-1,0.000000,0.000000,0.000000,0.000000,,,,,,,,,,,,,,,,,aa5501090000000000000000004829,153112
1788459162.624708,54.098413,rx,-1,0.000000,0.000000,0.000000,0.000000,2101,52550,25008,0.000000,0.000000,2.902673,4.534441,0.487062,0,0,0.000000,0.000000,8,10,-1,0,,153112
1788459162.625138,54.098854,rx,-1,0.000000,0.000000,0.000000,0.000000,2102,52576,24964,0.000000,0.000000,2.902673,4.534441,0.487062,0,0,0.000000,0.000000,8,10,-1,0,,153112
1788459162.625213,54.098938,tx,-1,0.000000,0.000000,0.000000,0.000000,,,,,,,,,,,,,,,,,aa5501090000000000000000004829,153256
1788459162.678793,54.152508,rx,-1,0.000000,0.000000,0.000000,0.000000,2103,52600,24996,0.000000,0.000000,2.902673,4.534441,0.487062,0,0,0.000000,0.000000,8,10,-1,0,,153256
1788459162.683233,54.156951,rx,-1,0.000000,0.000000,0.000000,0.000000,2104,52626,25012,0.000000,0.000000,2.902673,4.534441,0.487062,0,0,0.000000,0.000000,8,10,-1,0,,153256
1788459162.683366,54.157093,tx,-1,0.000000,0.000000,0.000000,0.000000,,,,,,,,,,,,,,,,,aa5501090000000000000000004829,153400
1788459162.731095,54.204796,rx,-1,0.000000,0.000000,0.000000,0.000000,2105,52651,25004,0.000000,0.000000,2.902673,4.534441,0.487062,0,0,0.000000,0.000000,8,10,-1,0,,153400
1788459162.731630,54.205346,rx,-1,0.000000,0.000000,0.000000,0.000000,2106,52675,24984,0.000000,0.000000,2.902673,4.534441,0.487062,0,0,0.000000,0.000000,8,10,-1,0,,153400
1788459162.731703,54.205428,tx,-1,0.000000,0.000000,0.000000,0.000000,,,,,,,,,,,,,,,,,aa5501090000000000000000004829,153544
1788459162.782341,54.256042,rx,-1,0.000000,0.000000,0.000000,0.000000,2107,52701,25032,0.000000,0.000000,2.902673,4.534441,0.487062,0,0,0.000000,0.000000,8,10,-1,0,,153544
1788459162.787618,54.261325,rx,-1,0.000000,0.000000,0.000000,0.000000,2108,52725,24980,0.000000,0.000000,2.902673,4.534441,0.487062,0,0,0.000000,0.000000,8,10,-1,0,,153544
1788459162.787778,54.261504,tx,-1,0.000000,0.000000,0.000000,0.000000,,,,,,,,,,,,,,,,,aa5501090000000000000000004829,153688
1788459162.836861,54.310577,rx,-1,0.000000,0.000000,0.000000,0.000000,2109,52751,25036,0.000000,0.000000,2.902673,4.534441,0.487062,0,0,0.000000,0.000000,8,10,-1,0,,153688
1788459162.837072,54.310796,rx,-1,0.000000,0.000000,0.000000,0.000000,2110,52775,24972,0.000000,0.000000,2.902673,4.534441,0.487062,0,0,0.000000,0.000000,8,10,-1,0,,153688
1788459162.837097,54.310824,tx,-1,0.000000,0.000000,0.000000,0.000000,,,,,,,,,,,,,,,,,aa5501090000000000000000004829,153832
1788459162.892571,54.366275,rx,-1,0.000000,0.000000,0.000000,0.000000,2111,52800,24996,0.000000,0.000000,2.902673,4.534441,0.487062,0,0,0.000000,0.000000,8,10,-1,0,,153832
1788459162.897678,54.371394,rx,-1,0.000000,0.000000,0.000000,0.000000,2112,52826,24988,0.000000,0.000000,2.902673,4.534441,0.487062,0,0,0.000000,0.000000,8,10,-1,0,,153832
1788459162.897821,54.371547,tx,-1,0.000000,0.000000,0.000000,0.000000,,,,,,,,,,,,,,,,,aa5501090000000000000000004829,153976
1788459162.947448,54.421149,rx,-1,0.000000,0.000000,0.000000,0.000000,2113,52850,25040,0.000000,0.000000,2.902673,4.534441,0.487062,0,0,0.000000,0.000000,8,10,-1,0,,153976
1788459162.948010,54.421726,rx,-1,0.000000,0.000000,0.000000,0.000000,2114,52876,24960,0.000000,0.000000,2.902673,4.534441,0.487062,0,0,0.000000,0.000000,8,10,-1,0,,153976
1788459162.948126,54.421851,tx,-1,0.000000,0.000000,0.000000,0.000000,,,,,,,,,,,,,,,,,aa5501090000000000000000004829,154152
1788459162.997467,54.471176,rx,-1,0.000000,0.000000,0.000000,0.000000,2115,52900,25012,0.000000,0.000000,2.902673,4.534441,0.487062,0,0,0.000000,0.000000,8,10,-1,0,,154152
1788459163.000835,54.474545,rx,-1,0.000000,0.000000,0.000000,0.000000,2116,52926,25020,0.000000,0.000000,2.902673,4.534441,0.487062,0,0,0.000000,0.000000,8,10,-1,0,,154152
1788459163.000998,54.474724,tx,-1,0.000000,0.000000,0.000000,0.000000,,,,,,,,,,,,,,,,,aa5501090000000000000000004829,154296
1788459163.049077,54.522797,rx,-1,0.000000,0.000000,0.000000,0.000000,2117,52951,24988,0.000000,0.000000,2.902673,4.534441,0.487062,0,0,0.000000,0.000000,8,10,-1,0,,154296
1788459163.049205,54.522931,rx,-1,0.000000,0.000000,0.000000,0.000000,2118,52975,24988,0.000000,0.000000,2.902673,4.534441,0.487062,0,0,0.000000,0.000000,8,10,-1,0,,154296
1788459163.049226,54.522953,tx,-1,0.000000,0.000000,0.000000,0.000000,,,,,,,,,,,,,,,,,aa5501090000000000000000004829,154440
1788459163.101330,54.575048,rx,-1,0.000000,0.000000,0.000000,0.000000,2119,53001,25024,0.000000,0.000000,2.902673,4.534441,0.487062,0,0,0.000000,0.000000,8,10,-1,0,,154440
1788459163.103549,54.577248,rx,-1,0.000000,0.000000,0.000000,0.000000,2120,53025,24972,0.000000,0.000000,2.902673,4.534441,0.487062,0,0,0.000000,0.000000,8,10,-1,0,,154440
1788459163.103680,54.577406,tx,-1,0.000000,0.000000,0.000000,0.000000,,,,,,,,,,,,,,,,,aa5501090000000000000000004829,154671
1788459163.155650,54.629370,rx,-1,0.000000,0.000000,0.000000,0.000000,2121,53051,25028,0.000000,0.000000,2.902673,4.534441,0.487062,0,0,0.000000,0.000000,8,10,-1,0,,154671
1788459163.155765,54.629491,rx,-1,0.000000,0.000000,0.000000,0.000000,2122,53075,24988,0.000000,0.000000,2.902673,4.534441,0.487062,0,0,0.000000,0.000000,8,10,-1,0,,154671
1788459163.155817,54.629543,rx,-1,0.000000,0.000000,0.000000,0.000000,2123,53100,24984,0.000000,0.000000,2.902673,4.534441,0.487062,0,0,0.000000,0.000000,8,10,-1,0,,154671
1788459163.155828,54.629555,tx,-1,0.000000,0.000000,0.000000,0.000000,,,,,,,,,,,,,,,,,aa5501090000000000000000004829,154823
1788459163.209730,54.683449,rx,-1,0.000000,0.000000,0.000000,0.000000,2124,53126,25004,0.000000,0.000000,2.902673,4.534441,0.487062,0,0,0.000000,0.000000,8,10,-1,0,,154823
1788459163.211914,54.685636,rx,-1,0.000000,0.000000,0.000000,0.000000,2125,53150,25000,0.000000,0.000000,2.902673,4.534441,0.487062,0,0,0.000000,0.000000,8,10,-1,0,,154823
1788459163.211970,54.685697,tx,-1,0.000000,0.000000,0.000000,0.000000,,,,,,,,,,,,,,,,,aa5501090000000000000000004829,154967
1788459163.263355,54.737075,rx,-1,0.000000,0.000000,0.000000,0.000000,2126,53176,25024,0.000000,0.000000,2.902673,4.534441,0.487062,0,0,0.000000,0.000000,8,10,-1,0,,154967
1788459163.263450,54.737176,rx,-1,0.000000,0.000000,0.000000,0.000000,2127,53200,24964,0.000000,0.000000,2.902673,4.534441,0.487062,0,0,0.000000,0.000000,8,10,-1,0,,154967
1788459163.263464,54.737191,tx,-1,0.000000,0.000000,0.000000,0.000000,,,,,,,,,,,,,,,,,aa5501090000000000000000004829,155111
1788459163.315783,54.789507,rx,-1,0.000000,0.000000,0.000000,0.000000,2128,53226,25008,0.000000,0.000000,2.902673,4.534441,0.487062,0,0,0.000000,0.000000,8,10,-1,0,,155111
1788459163.317687,54.791411,rx,-1,0.000000,0.000000,0.000000,0.000000,2129,53251,24996,0.000000,0.000000,2.902673,4.534441,0.487062,0,0,0.000000,0.000000,8,10,-1,0,,155111
1788459163.317721,54.791448,tx,-1,0.000000,0.000000,0.000000,0.000000,,,,,,,,,,,,,,,,,aa5501090000000000000000004829,155255
1788459163.371064,54.844786,rx,-1,0.000000,0.000000,0.000000,0.000000,2130,53275,25036,0.000000,0.000000,2.902673,4.534441,0.487062,0,0,0.000000,0.000000,8,10,-1,0,,155255
1788459163.371163,54.844888,rx,-1,0.000000,0.000000,0.000000,0.000000,2131,53301,24972,0.000000,0.000000,2.902673,4.534441,0.487062,0,0,0.000000,0.000000,8,10,-1,0,,155255
1788459163.371181,54.844908,tx,-1,0.000000,0.000000,0.000000,0.000000,,,,,,,,,,,,,,,,,aa5501090000000000000000004829,155399
1788459163.424350,54.898073,rx,-1,0.000000,0.000000,0.000000,0.000000,2132,53325,24988,0.000000,0.000000,2.902673,4.534441,0.487062,0,0,0.000000,0.000000,8,10,-1,0,,155399
1788459163.426669,54.900392,rx,-1,0.000000,0.000000,0.000000,0.000000,2133,53351,25020,0.000000,0.000000,2.902673,4.534441,0.487062,0,0,0.000000,0.000000,8,10,-1,0,,155399
1788459163.426706,54.900433,tx,-1,0.000000,0.000000,0.000000,0.000000,,,,,,,,,,,,,,,,,aa5501090000000000000000004829,155543
1788459163.479682,54.953402,rx,-1,0.000000,0.000000,0.000000,0.000000,2134,53376,24984,0.000000,0.000000,2.902673,4.534441,0.487062,0,0,0.000000,0.000000,8,10,-1,0,,155543
1788459163.479820,54.953544,rx,-1,0.000000,0.000000,0.000000,0.000000,2135,53400,25000,0.000000,0.000000,2.902673,4.534441,0.487062,0,0,0.000000,0.000000,8,10,-1,0,,155543
1788459163.479853,54.953579,tx,-1,0.000000,0.000000,0.000000,0.000000,,,,,,,,,,,,,,,,,aa5501090000000000000000004829,155719
1788459163.533517,55.007237,rx,-1,0.000000,0.000000,0.000000,0.000000,2136,53426,25036,0.000000,0.000000,2.902673,4.534441,0.487062,0,0,0.000000,0.000000,8,10,-1,0,,155719
1788459163.535706,55.009428,rx,-1,0.000000,0.000000,0.000000,0.000000,2137,53450,24968,0.000000,0.000000,2.902673,4.534441,0.487062,0,0,0.000000,0.000000,8,10,-1,0,,155719
1788459163.535761,55.009488,tx,-1,0.000000,0.000000,0.000000,0.000000,,,,,,,,,,,,,,,,,aa5501090000000000000000004829,155895
1788459163.583844,55.057555,rx,-1,0.000000,0.000000,0.000000,0.000000,2138,53476,25028,0.000000,0.000000,2.902673,4.534441,0.487062,0,0,0.000000,0.000000,8,10,-1,0,,155895
1788459163.584135,55.057856,rx,-1,0.000000,0.000000,0.000000,0.000000,2139,53500,24984,0.000000,0.000000,2.902673,4.534441,0.487062,0,0,0.000000,0.000000,8,10,-1,0,,155895
1788459163.584199,55.057925,tx,-1,0.000000,0.000000,0.000000,0.000000,,,,,,,,,,,,,,,,,aa5501090000000000000000004829,156039
1788459163.638103,55.111819,rx,-1,0.000000,0.000000,0.000000,0.000000,2140,53525,25008,0.000000,0.000000,2.902673,4.534441,0.487062,0,0,0.000000,0.000000,8,10,-1,0,,156039
1788459163.641292,55.114999,rx,-1,0.000000,0.000000,0.000000,0.000000,2141,53551,25012,0.000000,0.000000,2.902673,4.534441,0.487062,0,0,0.000000,0.000000,8,10,-1,0,,156039
1788459163.641783,55.115499,rx,-1,0.000000,0.000000,0.000000,0.000000,2142,53575,24976,0.000000,0.000000,2.902673,4.534441,0.487062,0,0,0.000000,0.000000,8,10,-1,0,,156039
1788459163.641853,55.115577,tx,-1,0.000000,0.000000,0.000000,0.000000,,,,,,,,,,,,,,,,,aa5501090000000000000000004829,156191
1788459163.691506,55.165212,rx,-1,0.000000,0.000000,0.000000,0.000000,2143,53601,25024,0.000000,0.000000,2.902673,4.534441,0.487062,0,0,0.000000,0.000000,8,10,-1,0,,156191
1788459163.692013,55.165729,rx,-1,0.000000,0.000000,0.000000,0.000000,2144,53625,24984,0.000000,0.000000,2.902673,4.534441,0.487062,0,0,0.000000,0.000000,8,10,-1,0,,156191
1788459163.692086,55.165810,tx,-1,0.000000,0.000000,0.000000,0.000000,,,,,,,,,,,,,,,,,aa5501090000000000000000004829,156335
1788459163.746979,55.220681,rx,-1,0.000000,0.000000,0.000000,0.000000,2145,53651,24976,0.000000,0.000000,2.902673,4.534441,0.487062,0,0,0.000000,0.000000,8,10,-1,0,,156335
1788459163.751744,55.225461,rx,-1,0.000000,0.000000,0.000000,0.000000,2146,53676,25036,0.000000,0.000000,2.902673,4.534441,0.487062,0,0,0.000000,0.000000,8,10,-1,0,,156335
1788459163.751840,55.225565,tx,-1,0.000000,0.000000,0.000000,0.000000,,,,,,,,,,,,,,,,,aa5501090000000000000000004829,156479
1788459163.799904,55.273619,rx,-1,0.000000,0.000000,0.000000,0.000000,2147,53700,24996,0.000000,0.000000,2.902673,4.534441,0.487062,0,0,0.000000,0.000000,8,10,-1,0,,156479
1788459163.800089,55.273813,rx,-1,0.000000,0.000000,0.000000,0.000000,2148,53726,24984,0.000000,0.000000,2.902673,4.534441,0.487062,0,0,0.000000,0.000000,8,10,-1,0,,156479
1788459163.800113,55.273840,tx,-1,0.000000,0.000000,0.000000,0.000000,,,,,,,,,,,,,,,,,aa5501090000000000000000004829,156623
1788459163.853529,55.327248,rx,-1,0.000000,0.000000,0.000000,0.000000,2149,53750,25024,0.000000,0.000000,2.902673,4.534441,0.487062,0,0,0.000000,0.000000,8,10,-1,0,,156623
1788459163.855813,55.329538,rx,-1,0.000000,0.000000,0.000000,0.000000,2150,53776,24972,0.000000,0.000000,2.902673,4.534441,0.487062,0,0,0.000000,0.000000,8,10,-1,0,,156623
1788459163.855847,55.329574,tx,-1,0.000000,0.000000,0.000000,0.000000,,,,,,,,,,,,,,,,,aa5501090000000000000000004829,156767
1788459163.904165,55.377884,rx,-1,0.000000,0.000000,0.000000,0.000000,2151,53800,25000,0.000000,0.000000,2.902673,4.534441,0.487062,0,0,0.000000,0.000000,8,10,-1,0,,156767
1788459163.904306,55.378031,rx,-1,0.000000,0.000000,0.000000,0.000000,2152,53825,25032,0.000000,0.000000,2.902673,4.534441,0.487062,0,0,0.000000,0.000000,8,10,-1,0,,156767
1788459163.904324,55.378050,tx,-1,0.000000,0.000000,0.000000,0.000000,,,,,,,,,,,,,,,,,aa5501090000000000000000004829,156911
1788459163.957789,55.431509,rx,-1,0.000000,0.000000,0.000000,0.000000,2153,53851,25004,0.000000,0.000000,2.902673,4.534441,0.487062,0,0,0.000000,0.000000,8,10,-1,0,,156911
1788459163.960347,55.434070,rx,-1,0.000000,0.000000,0.000000,0.000000,2154,53875,24988,0.000000,0.000000,2.902673,4.534441,0.487062,0,0,0.000000,0.000000,8,10,-1,0,,156911
1788459163.960393,55.434119,tx,-1,0.000000,0.000000,0.000000,0.000000,,,,,,,,,,,,,,,,,aa5501090000000000000000004829,157055
1788459164.008606,55.482327,rx,-1,0.000000,0.000000,0.000000,0.000000,2155,53901,25012,0.000000,0.000000,2.902673,4.534441,0.487062,0,0,0.000000,0.000000,8,10,-1,0,,157055
1788459164.008775,55.482499,rx,-1,0.000000,0.000000,0.000000,0.000000,2156,53925,24956,0.000000,0.000000,2.902673,4.534441,0.487062,0,0,0.000000,0.000000,8,10,-1,0,,157055
1788459164.008799,55.482524,tx,-1,0.000000,0.000000,0.000000,0.000000,,,,,,,,,,,,,,,,,aa5501090000000000000000004829,157199
1788459164.062494,55.536212,rx,-1,0.000000,0.000000,0.000000,0.000000,2157,53951,25008,0.000000,0.000000,2.902673,4.534441,0.487062,0,0,0.000000,0.000000,8,10,-1,0,,157199
1788459164.065098,55.538820,rx,-1,0.000000,0.000000,0.000000,0.000000,2158,53976,25004,0.000000,0.000000,2.902673,4.534441,0.487062,0,0,0.000000,0.000000,8,10,-1,0,,157199
1788459164.067904,55.541630,tx,-1,0.000000,0.000000,0.000000,0.000000,,,,,,,,,,,,,,,,,aa5501090000000000000000004829,157407
1788459164.115409,55.589127,rx,-1,0.000000,0.000000,0.000000,0.000000,2159,54000,25024,0.000000,0.000000,2.902673,4.534441,0.487062,0,0,0.000000,0.000000,8,10,-1,0,,157407
1788459164.115611,55.589335,rx,-1,0.000000,0.000000,0.000000,0.000000,2160,54026,25004,0.000000,0.000000,2.902673,4.534441,0.487062,0,0,0.000000,0.000000,8,10,-1,0,,157407
1788459164.115691,55.589415,rx,-1,0.000000,0.000000,0.000000,0.000000,2161,54050,24964,0.000000,0.000000,2.902673,4.534441,0.487062,0,0,0.000000,0.000000,8,10,-1,0,,157407
1788459164.115709,55.589434,tx,-1,0.000000,0.000000,0.000000,0.000000,,,,,,,,,,,,,,,,,aa5501090000000000000000004829,157614
1788459164.169317,55.643036,rx,-1,0.000000,0.000000,0.000000,0.000000,2162,54076,25028,0.000000,0.000000,2.902673,4.534441,0.487062,0,0,0.000000,0.000000,8,10,-1,0,,157614
1788459164.171698,55.645420,rx,-1,0.000000,0.000000,0.000000,0.000000,2163,54100,24972,0.000000,0.000000,2.902673,4.534441,0.487062,0,0,0.000000,0.000000,8,10,-1,0,,157614
1788459164.171747,55.645473,tx,-1,0.000000,0.000000,0.000000,0.000000,,,,,,,,,,,,,,,,,aa5501090000000000000000004829,157758
1788459164.224327,55.698044,rx,-1,0.000000,0.000000,0.000000,0.000000,2164,54125,25004,0.000000,0.000000,2.902673,4.534441,0.487062,0,0,0.000000,0.000000,8,10,-1,0,,157758
1788459164.224525,55.698248,rx,-1,0.000000,0.000000,0.000000,0.000000,2165,54151,25008,0.000000,0.000000,2.902673,4.534441,0.487062,0,0,0.000000,0.000000,8,10,-1,0,,157758
1788459164.224555,55.698280,tx,-1,0.000000,0.000000,0.000000,0.000000,,,,,,,,,,,,,,,,,aa5501090000000000000000004829,157902
1788459164.278486,55.752204,rx,-1,0.000000,0.000000,0.000000,0.000000,2166,54175,24988,0.000000,0.000000,2.902673,4.534441,0.487062,0,0,0.000000,0.000000,8,10,-1,0,,157902
1788459164.281583,55.755303,rx,-1,0.000000,0.000000,0.000000,0.000000,2167,54201,25008,0.000000,0.000000,2.902673,4.534441,0.487062,0,0,0.000000,0.000000,8,10,-1,0,,157902
1788459164.281660,55.755386,tx,-1,0.000000,0.000000,0.000000,0.000000,,,,,,,,,,,,,,,,,aa5501090000000000000000004829,158046
1788459164.329295,55.803006,rx,-1,0.000000,0.000000,0.000000,0.000000,2168,54225,25004,0.000000,0.000000,2.902673,4.534441,0.487062,0,0,0.000000,0.000000,8,10,-1,0,,158046
1788459164.329550,55.803273,rx,-1,0.000000,0.000000,0.000000,0.000000,2169,54250,25004,0.000000,0.000000,2.902673,4.534441,0.487062,0,0,0.000000,0.000000,8,10,-1,0,,158046
1788459164.329575,55.803300,tx,-1,0.000000,0.000000,0.000000,0.000000,,,,,,,,,,,,,,,,,aa5501090000000000000000004829,158190
1788459164.382971,55.856685,rx,-1,0.000000,0.000000,0.000000,0.000000,2170,54276,25008,0.000000,0.000000,2.902673,4.534441,0.487062,0,0,0.000000,0.000000,8,10,-1,0,,158190
1788459164.385705,55.859421,rx,-1,0.000000,0.000000,0.000000,0.000000,2171,54300,24976,0.000000,0.000000,2.902673,4.534441,0.487062,0,0,0.000000,0.000000,8,10,-1,0,,158190
1788459164.385785,55.859510,tx,-1,0.000000,0.000000,0.000000,0.000000,,,,,,,,,,,,,,,,,aa5501090000000000000000004829,158334
1788459164.436269,55.909976,rx,-1,0.000000,0.000000,0.000000,0.000000,2172,54326,24992,0.000000,0.000000,2.902673,4.534441,0.487062,0,0,0.000000,0.000000,8,10,-1,0,,158334
1788459164.436445,55.910170,rx,-1,0.000000,0.000000,0.000000,0.000000,2173,54350,25020,0.000000,0.000000,2.902673,4.534441,0.487062,0,0,0.000000,0.000000,8,10,-1,0,,158334
1788459164.436471,55.910196,tx,-1,0.000000,0.000000,0.000000,0.000000,,,,,,,,,,,,,,,,,aa5501090000000000000000004829,158478
1788459164.490150,55.963867,rx,-1,0.000000,0.000000,0.000000,0.000000,2174,54376,25024,0.000000,0.000000,2.902673,4.534441,0.487062,0,0,0.000000,0.000000,8,10,-1,0,,158478
1788459164.492665,55.966383,rx,-1,0.000000,0.000000,0.000000,0.000000,2175,54401,24992,0.000000,0.000000,2.902673,4.534441,0.487062,0,0,0.000000,0.000000,8,10,-1,0,,158478
1788459164.492724,55.966449,tx,-1,0.000000,0.000000,0.000000,0.000000,,,,,,,,,,,,,,,,,aa5501090000000000000000004829,158654
1788459164.545593,56.019314,rx,-1,0.000000,0.000000,0.000000,0.000000,2176,54425,24988,0.000000,0.000000,2.902673,4.534441,0.487062,0,0,0.000000,0.000000,8,10,-1,0,,158654
1788459164.545695,56.019420,rx,-1,0.000000,0.000000,0.000000,0.000000,2177,54451,24976,0.000000,0.000000,2.902673,4.534441,0.487062,0,0,0.000000,0.000000,8,10,-1,0,,158654
1788459164.545747,56.019472,rx,-1,0.000000,0.000000,0.000000,0.000000,2178,54475,25024,0.000000,0.000000,2.902673,4.534441,0.487062,0,0,0.000000,0.000000,8,10,-1,0,,158654
1788459164.545758,56.019484,tx,-1,0.000000,0.000000,0.000000,0.000000,,,,,,,,,,,,,,,,,aa5501090000000000000000004829,158838
1788459164.598410,56.072129,rx,-1,0.000000,0.000000,0.000000,0.000000,2179,54501,24992,0.000000,0.000000,2.902673,4.534441,0.487062,0,0,0.000000,0.000000,8,10,-1,0,,158838
1788459164.600980,56.074703,rx,-1,0.000000,0.000000,0.000000,0.000000,2180,54525,25020,0.000000,0.000000,2.902673,4.534441,0.487062,0,0,0.000000,0.000000,8,10,-1,0,,158838
1788459164.601011,56.074737,tx,-1,0.000000,0.000000,0.000000,0.000000,,,,,,,,,,,,,,,,,aa5501090000000000000000004829,158982
1788459164.648449,56.122166,rx,-1,0.000000,0.000000,0.000000,0.000000,2181,54550,24964,0.000000,0.000000,2.902673,4.534441,0.487062,0,0,0.000000,0.000000,8,10,-1,0,,158982
1788459164.648543,56.122268,rx,-1,0.000000,0.000000,0.000000,0.000000,2182,54576,25004,0.000000,0.000000,2.902673,4.534441,0.487062,0,0,0.000000,0.000000,8,10,-1,0,,158982
1788459164.648557,56.122283,tx,-1,0.000000,0.000000,0.000000,0.000000,,,,,,,,,,,,,,,,,aa5501090000000000000000004829,159126
1788459164.702290,56.176012,rx,-1,0.000000,0.000000,0.000000,0.000000,2183,54600,25036,0.000000,0.000000,2.902673,4.534441,0.487062,0,0,0.000000,0.000000,8,10,-1,0,,159126
1788459164.704215,56.177938,rx,-1,0.000000,0.000000,0.000000,0.000000,2184,54626,24976,0.000000,0.000000,2.902673,4.534441,0.487062,0,0,0.000000,0.000000,8,10,-1,0,,159126
1788459164.704241,56.177966,tx,-1,0.000000,0.000000,0.000000,0.000000,,,,,,,,,,,,,,,,,aa5501090000000000000000004829,159270
1788459164.757575,56.231291,rx,-1,0.000000,0.000000,0.000000,0.000000,2185,54650,24984,0.000000,0.000000,2.902673,4.534441,0.487062,0,0,0.000000,0.000000,8,10,-1,0,,159270
1788459164.757746,56.231469,rx,-1,0.000000,0.000000,0.000000,0.000000,2186,54676,25020,0.000000,0.000000,2.902673,4.534441,0.487062,0,0,0.000000,0.000000,8,10,-1,0,,159270
1788459164.757768,56.231493,tx,-1,0.000000,0.000000,0.000000,0.000000,,,,,,,,,,,,,,,,,aa5501090000000000000000004829,159414
1788459164.811675,56.285381,rx,-1,0.000000,0.000000,0.000000,0.000000,2187,54701,24988,0.000000,0.000000,2.902673,4.534441,0.487062,0,0,0.000000,0.000000,8,10,-1,0,,159414
1788459164.815888,56.289602,rx,-1,0.000000,0.000000,0.000000,0.000000,2188,54725,25024,0.000000,0.000000,2.902673,4.534441,0.487062,0,0,0.000000,0.000000,8,10,-1,0,,159414
1788459164.815985,56.289710,tx,-1,0.000000,0.000000,0.000000,0.000000,,,,,,,,,,,,,,,,,aa5501090000000000000000004829,159558
1788459164.864541,56.338242,rx,-1,0.000000,0.000000,0.000000,0.000000,2189,54751,24988,0.000000,0.000000,2.902673,4.534441,0.487062,0,0,0.000000,0.000000,8,10,-1,0,,159558
1788459164.865042,56.338755,rx,-1,0.000000,0.000000,0.000000,0.000000,2190,54775,24980,0.000000,0.000000,2.902673,4.534441,0.487062,0,0,0.000000,0.000000,8,10,-1,0,,159558
1788459164.865139,56.338863,tx,-1,0.000000,0.000000,0.000000,0.000000,,,,,,,,,,,,,,,,,aa5501090000000000000000004829,159702
1788459164.919232,56.392942,rx,-1,0.000000,0.000000,0.000000,0.000000,2191,54801,25044,0.000000,0.000000,2.902673,4.534441,0.487062,0,0,0.000000,0.000000,8,10,-1,0,,159702
1788459164.924041,56.397756,rx,-1,0.000000,0.000000,0.000000,0.000000,2192,54825,24968,0.000000,0.000000,2.902673,4.534441,0.487062,0,0,0.000000,0.000000,8,10,-1,0,,159702
1788459164.924197,56.397921,tx,-1,0.000000,0.000000,0.000000,0.000000,,,,,,,,,,,,,,,,,aa5501090000000000000000004829,159878
1788459164.971576,56.445297,rx,-1,0.000000,0.000000,0.000000,0.000000,2193,54850,25000,0.000000,0.000000,2.902673,4.534441,0.487062,0,0,0.000000,0.000000,8,10,-1,0,,159878
1788459164.971686,56.445410,rx,-1,0.000000,0.000000,0.000000,0.000000,2194,54876,25012,0.000000,0.000000,2.902673,4.534441,0.487062,0,0,0.000000,0.000000,8,10,-1,0,,159878
1788459164.971706,56.445432,tx,-1,0.000000,0.000000,0.000000,0.000000,,,,,,,,,,,,,,,,,aa5501090000000000000000004829,160022
1788459165.025405,56.499125,rx,-1,0.000000,0.000000,0.000000,0.000000,2195,54900,24976,0.000000,0.000000,2.902673,4.534441,0.487062,0,0,0.000000,0.000000,8,10,-1,0,,160022
1788459165.027485,56.501206,rx,-1,0.000000,0.000000,0.000000,0.000000,2196,54926,25032,0.000000,0.000000,2.902673,4.534441,0.487062,0,0,0.000000,0.000000,8,10,-1,0,,160022
1788459165.027552,56.501277,tx,-1,0.000000,0.000000,0.000000,0.000000,,,,,,,,,,,,,,,,,aa5501090000000000000000004829,160198
1788459165.075672,56.549389,rx,-1,0.000000,0.000000,0.000000,0.000000,2197,54950,24976,0.000000,0.000000,2.902673,4.534441,0.487062,0,0,0.000000,0.000000,8,10,-1,0,,160198
1788459165.075796,56.549520,rx,-1,0.000000,0.000000,0.000000,0.000000,2198,54976,25020,0.000000,0.000000,2.902673,4.534441,0.487062,0,0,0.000000,0.000000,8,10,-1,0,,160198
1788459165.075821,56.549546,tx,-1,0.000000,0.000000,0.000000,0.000000,,,,,,,,,,,,,,,,,aa5501090000000000000000004829,160342
1788459165.128894,56.602611,rx,-1,0.000000,0.000000,0.000000,0.000000,2199,55001,24988,0.000000,0.000000,2.902673,4.534441,0.487062,0,0,0.000000,0.000000,8,10,-1,0,,160342
1788459165.131620,56.605341,rx,-1,0.000000,0.000000,0.000000,0.000000,2200,55025,24988,0.000000,0.000000,2.902673,4.534441,0.487062,0,0,0.000000,0.000000,8,10,-1,0,,160342
1788459165.131711,56.605435,rx,-1,0.000000,0.000000,0.000000,0.000000,2201,55051,25024,0.000000,0.000000,2.902673,4.534441,0.487062,0,0,0.000000,0.000000,8,10,-1,0,,160342
1788459165.131727,56.605452,tx,-1,0.000000,0.000000,0.000000,0.000000,,,,,,,,,,,,,,,,,aa5501090000000000000000004829,160549
1788459165.180037,56.653753,rx,-1,0.000000,0.000000,0.000000,0.000000,2202,55075,24992,0.000000,0.000000,2.902673,4.534441,0.487062,0,0,0.000000,0.000000,8,10,-1,0,,160549
1788459165.180184,56.653907,rx,-1,0.000000,0.000000,0.000000,0.000000,2203,55101,25020,0.000000,0.000000,2.902673,4.534441,0.487062,0,0,0.000000,0.000000,8,10,-1,0,,160549
1788459165.180204,56.653929,tx,-1,0.000000,0.000000,0.000000,0.000000,,,,,,,,,,,,,,,,,aa5501090000000000000000004829,160693
1788459165.234144,56.707847,rx,-1,0.000000,0.000000,0.000000,0.000000,2204,55126,24988,0.000000,0.000000,2.902673,4.534441,0.487062,0,0,0.000000,0.000000,8,10,-1,0,,160693
1788459165.237684,56.711394,rx,-1,0.000000,0.000000,0.000000,0.000000,2205,55150,24992,0.000000,0.000000,2.902673,4.534441,0.487062,0,0,0.000000,0.000000,8,10,-1,0,,160693
1788459165.237825,56.711549,tx,-1,0.000000,0.000000,0.000000,0.000000,,,,,,,,,,,,,,,,,aa5501090000000000000000004829,160837
1788459165.285685,56.759407,rx,-1,0.000000,0.000000,0.000000,0.000000,2206,55176,25024,0.000000,0.000000,2.902673,4.534441,0.487062,0,0,0.000000,0.000000,8,10,-1,0,,160837
1788459165.285791,56.759515,rx,-1,0.000000,0.000000,0.000000,0.000000,2207,55200,24976,0.000000,0.000000,2.902673,4.534441,0.487062,0,0,0.000000,0.000000,8,10,-1,0,,160837
1788459165.285807,56.759532,tx,-1,0.000000,0.000000,0.000000,0.000000,,,,,,,,,,,,,,,,,aa5501090000000000000000004829,160981
1788459165.340001,56.813711,rx,-1,0.000000,0.000000,0.000000,0.000000,2208,55226,25028,0.000000,0.000000,2.902673,4.534441,0.487062,0,0,0.000000,0.000000,8,10,-1,0,,160981
1788459165.343068,56.816787,rx,-1,0.000000,0.000000,0.000000,0.000000,2209,55250,24984,0.000000,0.000000,2.902673,4.534441,0.487062,0,0,0.000000,0.000000,8,10,-1,0,,160981
1788459165.343153,56.816877,tx,-1,0.000000,0.000000,0.000000,0.000000,,,,,,,,,,,,,,,,,aa5501090000000000000000004829,161125
1788459165.390970,56.864689,rx,-1,0.000000,0.000000,0.000000,0.000000,2210,55275,24976,0.000000,0.000000,2.902673,4.534441,0.487062,0,0,0.000000,0.000000,8,10,-1,0,,161125
1788459165.391106,56.864829,rx,-1,0.000000,0.000000,0.000000,0.000000,2211,55301,24992,0.000000,0.000000,2.902673,4.534441,0.487062,0,0,0.000000,0.000000,8,10,-1,0,,161125
1788459165.391129,56.864854,tx,-1,0.000000,0.000000,0.000000,0.000000,,,,,,,,,,,,,,,,,aa5501090000000000000000004829,161269
1788459165.444384,56.918101,rx,-1,0.000000,0.000000,0.000000,0.000000,2212,55325,25032,0.000000,0.000000,2.902673,4.534441,0.487062,0,0,0.000000,0.000000,8,10,-1,0,,161269
1788459165.447141,56.920864,rx,-1,0.000000,0.000000,0.000000,0.000000,2213,55351,24980,0.000000,0.000000,2.902673,4.534441,0.487062,0,0,0.000000,0.000000,8,10,-1,0,,161269
1788459165.447180,56.920905,tx,-1,0.000000,0.000000,0.000000,0.000000,,,,,,,,,,,,,,,,,aa5501090000000000000000004829,161413
1788459165.494935,56.968653,rx,-1,0.000000,0.000000,0.000000,0.000000,2214,55375,24992,0.000000,0.000000,2.902673,4.534441,0.487062,0,0,0.000000,0.000000,8,10,-1,0,,161413
1788459165.495083,56.968806,rx,-1,0.000000,0.000000,0.000000,0.000000,2215,55401,25016,0.000000,0.000000,2.902673,4.534441,0.487062,0,0,0.000000,0.000000,8,10,-1,0,,161413
1788459165.495103,56.968827,tx,-1,0.000000,0.000000,0.000000,0.000000,,,,,,,,,,,,,,,,,aa5501090000000000000000004829,161557
1788459165.549294,57.023003,rx,-1,0.000000,0.000000,0.000000,0.000000,2216,55426,24996,0.000000,0.000000,2.902673,4.534441,0.487062,0,0,0.000000,0.000000,8,10,-1,0,,161557
1788459165.552849,57.026567,rx,-1,0.000000,0.000000,0.000000,0.000000,2217,55450,25036,0.000000,0.000000,2.902673,4.534441,0.487062,0,0,0.000000,0.000000,8,10,-1,0,,161557
1788459165.552962,57.026686,tx,-1,0.000000,0.000000,0.000000,0.000000,,,,,,,,,,,,,,,,,aa5501090000000000000000004829,161701
1788459165.601236,57.074956,rx,-1,0.000000,0.000000,0.000000,0.000000,2218,55476,24960,0.000000,0.000000,2.902673,4.534441,0.487062,0,0,0.000000,0.000000,8,10,-1,0,,161701
1788459165.601373,57.075096,rx,-1,0.000000,0.000000,0.000000,0.000000,2219,55500,24996,0.000000,0.000000,2.902673,4.534441,0.487062,0,0,0.000000,0.000000,8,10,-1,0,,161701
1788459165.601388,57.075113,tx,-1,0.000000,0.000000,0.000000,0.000000,,,,,,,,,,,,,,,,,aa5501090000000000000000004829,161845
1788459165.654918,57.128630,rx,-1,0.000000,0.000000,0.000000,0.000000,2220,55526,25012,0.000000,0.000000,2.902673,4.534441,0.487062,0,0,0.000000,0.000000,8,10,-1,0,,161845
1788459165.658377,57.132091,rx,-1,0.000000,0.000000,0.000000,0.000000,2221,55550,25000,0.000000,0.000000,2.902673,4.534441,0.487062,0,0,0.000000,0.000000,8,10,-1,0,,161845
1788459165.658509,57.132234,tx,-1,0.000000,0.000000,0.000000,0.000000,,,,,,,,,,,,,,,,,aa5501090000000000000000004829,162021
1788459165.705978,57.179690,rx,-1,0.000000,0.000000,0.000000,0.000000,2222,55575,25004,0.000000,0.000000,2.902673,4.534441,0.487062,0,0,0.000000,0.000000,8,10,-1,0,,162021
1788459165.706238,57.179960,rx,-1,0.000000,0.000000,0.000000,0.000000,2223,55601,25008,0.000000,0.000000,2.902673,4.534441,0.487062,0,0,0.000000,0.000000,8,10,-1,0,,162021
1788459165.706284,57.180008,tx,-1,0.000000,0.000000,0.000000,0.000000,,,,,,,,,,,,,,,,,aa5501090000000000000000004829,162197
1788459165.760353,57.234064,rx,-1,0.000000,0.000000,0.000000,0.000000,2224,55625,24972,0.000000,0.000000,2.902673,4.534441,0.487062,0,0,0.000000,0.000000,8,10,-1,0,,162197
1788459165.764250,57.237965,rx,-1,0.000000,0.000000,0.000000,0.000000,2225,55651,24996,0.000000,0.000000,2.902673,4.534441,0.487062,0,0,0.000000,0.000000,8,10,-1,0,,162197
1788459165.764499,57.238220,rx,-1,0.000000,0.000000,0.000000,0.000000,2226,55675,25024,0.000000,0.000000,2.902673,4.534441,0.487062,0,0,0.000000,0.000000,8,10,-1,0,,162197
1788459165.764532,57.238255,tx,-1,0.000000,0.000000,0.000000,0.000000,,,,,,,,,,,,,,,,,aa5501090000000000000000004829,162349
1788459165.811147,57.284860,rx,-1,0.000000,0.000000,0.000000,0.000000,2227,55700,24980,0.000000,0.000000,2.902673,4.534441,0.487062,0,0,0.000000,0.000000,8,10,-1,0,,162349
1788459165.811305,57.285028,rx,-1,0.000000,0.000000,0.000000,0.000000,2228,55726,25032,0.000000,0.000000,2.902673,4.534441,0.487062,0,0,0.000000,0.000000,8,10,-1,0,,162349
1788459165.811325,57.285049,tx,-1,0.000000,0.000000,0.000000,0.000000,,,,,,,,,,,,,,,,,aa5501090000000000000000004829,162493
1788459165.864278,57.337996,rx,-1,0.000000,0.000000,0.000000,0.000000,2229,55750,24992,0.000000,0.000000,2.902673,4.534441,0.487062,0,0,0.000000,0.000000,8,10,-1,0,,162493
1788459165.867260,57.340981,rx,-1,0.000000,0.000000,0.000000,0.000000,2230,55776,24976,0.000000,0.000000,2.902673,4.534441,0.487062,0,0,0.000000,0.000000,8,10,-1,0,,162493
1788459165.867333,57.341057,tx,-1,0.000000,0.000000,0.000000,0.000000,,,,,,,,,,,,,,,,,aa5501090000000000000000004829,162637
1788459165.915541,57.389258,rx,-1,0.000000,0.000000,0.000000,0.000000,2231,55800,25032,0.000000,0.000000,2.902673,4.534441,0.487062,0,0,0.000000,0.000000,8,10,-1,0,,162637
1788459165.915684,57.389407,rx,-1,0.000000,0.000000,0.000000,0.000000,2232,55826,25008,0.000000,0.000000,2.902673,4.534441,0.487062,0,0,0.000000,0.000000,8,10,-1,0,,162637
1788459165.915702,57.389426,tx,-1,0.000000,0.000000,0.000000,0.000000,,,,,,,,,,,,,,,,,aa5501090000000000000000004829,162781
1788459165.968833,57.442553,rx,-1,0.000000,0.000000,0.000000,0.000000,2233,55851,24956,0.000000,0.000000,2.902673,4.534441,0.487062,0,0,0.000000,0.000000,8,10,-1,0,,162781
1788459165.971409,57.445129,rx,-1,0.000000,0.000000,0.000000,0.000000,2234,55875,25004,0.000000,0.000000,2.902673,4.534441,0.487062,0,0,0.000000,0.000000,8,10,-1,0,,162781
1788459165.971492,57.445216,tx,-1,0.000000,0.000000,0.000000,0.000000,,,,,,,,,,,,,,,,,aa5501090000000000000000004829,162925
1788459166.019287,57.493008,rx,-1,0.000000,0.000000,0.000000,0.000000,2235,55901,25008,0.000000,0.000000,2.902673,4.534441,0.487062,0,0,0.000000,0.000000,8,10,-1,0,,162925
1788459166.019408,57.493131,rx,-1,0.000000,0.000000,0.000000,0.000000,2236,55925,25008,0.000000,0.000000,2.902673,4.534441,0.487062,0,0,0.000000,0.000000,8,10,-1,0,,162925
1788459166.019423,57.493147,tx,-1,0.000000,0.000000,0.000000,0.000000,,,,,,,,,,,,,,,,,aa5501090000000000000000004829,163069
1788459166.072950,57.546646,rx,-1,0.000000,0.000000,0.000000,0.000000,2237,55951,25004,0.000000,0.000000,2.902673,4.534441,0.487062,0,0,0.000000,0.000000,8,10,-1,0,,163069
1788459166.076411,57.550127,rx,-1,0.000000,0.000000,0.000000,0.000000,2238,55975,24980,0.000000,0.000000,2.902673,4.534441,0.487062,0,0,0.000000,0.000000,8,10,-1,0,,163069
1788459166.076529,57.550253,tx,-1,0.000000,0.000000,0.000000,0.000000,,,,,,,,,,,,,,,,,aa5501090000000000000000004829,163213
1788459166.124845,57.598561,rx,-1,0.000000,0.000000,0.000000,0.000000,2239,56000,25028,0.000000,0.000000,2.902673,4.534441,0.487062,0,0,0.000000,0.000000,8,10,-1,0,,163213
1788459166.125102,57.598821,rx,-1,0.000000,0.000000,0.000000,0.000000,2240,56026,24988,0.000000,0.000000,2.902673,4.534441,0.487062,0,0,0.000000,0.000000,8,10,-1,0,,163213
1788459166.125133,57.598856,tx,-1,0.000000,0.000000,0.000000,0.000000,,,,,,,,,,,,,,,,,aa5501090000000000000000004829,163412
1788459166.178605,57.652293,rx,-1,0.000000,0.000000,0.000000,0.000000,2241,56050,24984,0.000000,0.000000,2.902673,4.534441,0.487062,0,0,0.000000,0.000000,8,10,-1,0,,163412
1788459166.181863,57.655581,rx,-1,0.000000,0.000000,0.000000,0.000000,2242,56076,25028,0.000000,0.000000,2.902673,4.534441,0.487062,0,0,0.000000,0.000000,8,10,-1,0,,163412
1788459166.181955,57.655679,tx,-1,0.000000,0.000000,0.000000,0.000000,,,,,,,,,,,,,,,,,aa5501090000000000000000004829,163556
1788459166.230404,57.704105,rx,-1,0.000000,0.000000,0.000000,0.000000,2243,56100,24992,0.000000,0.000000,2.902673,4.534441,0.487062,0,0,0.000000,0.000000,8,10,-1,0,,163556
1788459166.230688,57.704409,rx,-1,0.000000,0.000000,0.000000,0.000000,2244,56126,25008,0.000000,0.000000,2.902673,4.534441,0.487062,0,0,0.000000,0.000000,8,10,-1,0,,163556
1788459166.230729,57.704452,tx,-1,0.000000,0.000000,0.000000,0.000000,,,,,,,,,,,,,,,,,aa5501090000000000000000004829,163700
1788459166.280555,57.754274,rx,-1,0.000000,0.000000,0.000000,0.000000,2245,56151,25024,0.000000,0.000000,2.902673,4.534441,0.487062,0,0,0.000000,0.000000,8,10,-1,0,,163700
1788459166.282800,57.756519,rx,-1,0.000000,0.000000,0.000000,0.000000,2246,56175,24956,0.000000,0.000000,2.902673,4.534441,0.487062,0,0,0.000000,0.000000,8,10,-1,0,,163700
1788459166.282852,57.756575,tx,-1,0.000000,0.000000,0.000000,0.000000,,,,,,,,,,,,,,,,,aa5501090000000000000000004829,163844
1788459166.331093,57.804801,rx,-1,0.000000,0.000000,0.000000,0.000000,2247,56201,25024,0.000000,0.000000,2.902673,4.534441,0.487062,0,0,0.000000,0.000000,8,10,-1,0,,163844
1788459166.331325,57.805046,rx,-1,0.000000,0.000000,0.000000,0.000000,2248,56225,25012,0.000000,0.000000,2.902673,4.534441,0.487062,0,0,0.000000,0.000000,8,10,-1,0,,163844
1788459166.331349,57.805072,tx,-1,0.000000,0.000000,0.000000,0.000000,,,,,,,,,,,,,,,,,aa5501090000000000000000004829,163988
1788459166.384599,57.858300,rx,-1,0.000000,0.000000,0.000000,0.000000,2249,56251,24976,0.000000,0.000000,2.902673,4.534441,0.487062,0,0,0.000000,0.000000,8,10,-1,0,,163988
1788459166.388082,57.861799,rx,-1,0.000000,0.000000,0.000000,0.000000,2250,56275,24984,0.000000,0.000000,2.902673,4.534441,0.487062,0,0,0.000000,0.000000,8,10,-1,0,,163988
1788459166.388202,57.861925,tx,-1,0.000000,0.000000,0.000000,0.000000,,,,,,,,,,,,,,,,,aa5501090000000000000000004829,164132
1788459166.435751,57.909461,rx,-1,0.000000,0.000000,0.000000,0.000000,2251,56300,25004,0.000000,0.000000,2.902673,4.534441,0.487062,0,0,0.000000,0.000000,8,10,-1,0,,164132
1788459166.436034,57.909754,rx,-1,0.000000,0.000000,0.000000,0.000000,2252,56326,25012,0.000000,0.000000,2.902673,4.534441,0.487062,0,0,0.000000,0.000000,8,10,-1,0,,164132
1788459166.436106,57.909829,tx,-1,0.000000,0.000000,0.000000,0.000000,,,,,,,,,,,,,,,,,aa5501090000000000000000004829,164276
1788459166.490156,57.963866,rx,-1,0.000000,0.000000,0.000000,0.000000,2253,56350,25016,0.000000,0.000000,2.902673,4.534441,0.487062,0,0,0.000000,0.000000,8,10,-1,0,,164276
1788459166.492718,57.966436,rx,-1,0.000000,0.000000,0.000000,0.000000,2254,56376,24992,0.000000,0.000000,2.902673,4.534441,0.487062,0,0,0.000000,0.000000,8,10,-1,0,,164276
1788459166.492788,57.966512,tx,-1,0.000000,0.000000,0.000000,0.000000,,,,,,,,,,,,,,,,,aa5501090000000000000000004829,164484
1788459166.544795,58.018503,rx,-1,0.000000,0.000000,0.000000,0.000000,2255,56400,24980,0.000000,0.000000,2.902673,4.534441,0.487062,0,0,0.000000,0.000000,8,10,-1,0,,164484
1788459166.544945,58.018668,rx,-1,0.000000,0.000000,0.000000,0.000000,2256,56426,25016,0.000000,0.000000,2.902673,4.534441,0.487062,0,0,0.000000,0.000000,8,10,-1,0,,164484
1788459166.545002,58.018725,rx,-1,0.000000,0.000000,0.000000,0.000000,2257,56451,24996,0.000000,0.000000,2.902673,4.534441,0.487062,0,0,0.000000,0.000000,8,10,-1,0,,164484
1788459166.545016,58.018740,tx,-1,0.000000,0.000000,0.000000,0.000000,,,,,,,,,,,,,,,,,aa5501090000000000000000004829,164636
1788459166.596137,58.069854,rx,-1,0.000000,0.000000,0.000000,0.000000,2258,56475,24996,0.000000,0.000000,2.902673,4.534441,0.487062,0,0,0.000000,0.000000,8,10,-1,0,,164636
1788459166.598288,58.072007,rx,-1,0.000000,0.000000,0.000000,0.000000,2259,56501,25016,0.000000,0.000000,2.902673,4.534441,0.487062,0,0,0.000000,0.000000,8,10,-1,0,,164636
1788459166.598349,58.072072,tx,-1,0.000000,0.000000,0.000000,0.000000,,,,,,,,,,,,,,,,,aa5501090000000000000000004829,164780
1788459166.650678,58.124397,rx,-1,0.000000,0.000000,0.000000,0.000000,2260,56525,24968,0.000000,0.000000,2.902673,4.534441,0.487062,0,0,0.000000,0.000000,8,10,-1,0,,164780
1788459166.650785,58.124508,rx,-1,0.000000,0.000000,0.000000,0.000000,2261,56551,25040,0.000000,0.000000,2.902673,4.534441,0.487062,0,0,0.000000,0.000000,8,10,-1,0,,164780
1788459166.650800,58.124523,tx,-1,0.000000,0.000000,0.000000,0.000000,,,,,,,,,,,,,,,,,aa5501090000000000000000004829,164924
1788459166.704480,58.178199,rx,-1,0.000000,0.000000,0.000000,0.000000,2262,56576,24988,0.000000,0.000000,2.902673,4.534441,0.487062,0,0,0.000000,0.000000,8,10,-1,0,,164924
1788459166.706690,58.180412,rx,-1,0.000000,0.000000,0.000000,0.000000,2263,56600,25004,0.000000,0.000000,2.902673,4.534441,0.487062,0,0,0.000000,0.000000,8,10,-1,0,,164924
1788459166.706717,58.180441,tx,-1,0.000000,0.000000,0.000000,0.000000,,,,,,,,,,,,,,,,,aa5501090000000000000000004829,165068
1788459166.760117,58.233835,rx,-1,0.000000,0.000000,0.000000,0.000000,2264,56626,24964,0.000000,0.000000,2.902673,4.534441,0.487062,0,0,0.000000,0.000000,8,10,-1,0,,165068
1788459166.760258,58.233980,rx,-1,0.000000,0.000000,0.000000,0.000000,2265,56650,25008,0.000000,0.000000,2.902673,4.534441,0.487062,0,0,0.000000,0.000000,8,10,-1,0,,165068
1788459166.760282,58.234005,tx,-1,0.000000,0.000000,0.000000,0.000000,,,,,,,,,,,,,,,,,aa5501090000000000000000004829,165212
1788459166.814051,58.287760,rx,-1,0.000000,0.000000,0.000000,0.000000,2266,56676,25000,0.000000,0.000000,2.902673,4.534441,0.487062,0,0,0.000000,0.000000,8,10,-1,0,,165212
1788459166.817174,58.290893,rx,-1,0.000000,0.000000,0.000000,0.000000,2267,56700,25024,0.000000,0.000000,2.902673,4.534441,0.487062,0,0,0.000000,0.000000,8,10,-1,0,,165212
1788459166.817234,58.290957,tx,-1,0.000000,0.000000,0.000000,0.000000,,,,,,,,,,,,,,,,,aa5501090000000000000000004829,165356
1788459166.864769,58.338486,rx,-1,0.000000,0.000000,0.000000,0.000000,2268,56725,24972,0.000000,0.000000,2.902673,4.534441,0.487062,0,0,0.000000,0.000000,8,10,-1,0,,165356
1788459166.864897,58.338619,rx,-1,0.000000,0.000000,0.000000,0.000000,2269,56751,24996,0.000000,0.000000,2.902673,4.534441,0.487062,0,0,0.000000,0.000000,8,10,-1,0,,165356
1788459166.864915,58.338638,tx,-1,0.000000,0.000000,0.000000,0.000000,,,,,,,,,,,,,,,,,aa5501090000000000000000004829,165500
1788459166.920318,58.394018,rx,-1,0.000000,0.000000,0.000000,0.000000,2270,56775,25024,0.000000,0.000000,2.902673,4.534441,0.487062,0,0,0.000000,0.000000,8,10,-1,0,,165500
1788459166.925014,58.398727,rx,-1,0.000000,0.000000,0.000000,0.000000,2271,56801,24988,0.000000,0.000000,2.902673,4.534441,0.487062,0,0,0.000000,0.000000,8,10,-1,0,,165500
1788459166.925161,58.398883,tx,-1,0.000000,0.000000,0.000000,0.000000,,,,,,,,,,,,,,,,,aa5501090000000000000000004829,165708
1788459166.972768,58.446465,rx,-1,0.000000,0.000000,0.000000,0.000000,2272,56825,24996,0.000000,0.000000,2.902673,4.534441,0.487062,0,0,0.000000,0.000000,8,10,-1,0,,165708
1788459166.973498,58.447202,rx,-1,0.000000,0.000000,0.000000,0.000000,2273,56851,25008,0.000000,0.000000,2.902673,4.534441,0.487062,0,0,0.000000,0.000000,8,10,-1,0,,165708
1788459166.973687,58.447408,tx,-1,0.000000,0.000000,0.000000,0.000000,,,,,,,,,,,,,,,,,aa5501090000000000000000004829,165852
1788459167.023320,58.497037,rx,-1,0.000000,0.000000,0.000000,0.000000,2274,56876,24984,0.000000,0.000000,2.902673,4.534441,0.487062,0,0,0.000000,0.000000,8,10,-1,0,,165852
1788459167.026002,58.499721,rx,-1,0.000000,0.000000,0.000000,0.000000,2275,56900,25048,0.000000,0.000000,2.902673,4.534441,0.487062,0,0,0.000000,0.000000,8,10,-1,0,,165852
1788459167.026062,58.499784,tx,-1,0.000000,0.000000,0.000000,0.000000,,,,,,,,,,,,,,,,,aa5501090000000000000000004829,165996
1788459167.073506,58.547226,rx,-1,0.000000,0.000000,0.000000,0.000000,2276,56926,24956,0.000000,0.000000,2.902673,4.534441,0.487062,0,0,0.000000,0.000000,8,10,-1,0,,165996
1788459167.073623,58.547345,rx,-1,0.000000,0.000000,0.000000,0.000000,2277,56950,25020,0.000000,0.000000,2.902673,4.534441,0.487062,0,0,0.000000,0.000000,8,10,-1,0,,165996
1788459167.073648,58.547371,tx,-1,0.000000,0.000000,0.000000,0.000000,,,,,,,,,,,,,,,,,aa5501090000000000000000004829,166140
1788459167.127301,58.601019,rx,-1,0.000000,0.000000,0.000000,0.000000,2278,56976,24988,0.000000,0.000000,2.902673,4.534441,0.487062,0,0,0.000000,0.000000,8,10,-1,0,,166140
1788459167.129373,58.603095,rx,-1,0.000000,0.000000,0.000000,0.000000,2279,57000,24992,0.000000,0.000000,2.902673,4.534441,0.487062,0,0,0.000000,0.000000,8,10,-1,0,,166140
1788459167.129473,58.603195,rx,-1,0.000000,0.000000,0.000000,0.000000,2280,57025,25008,0.000000,0.000000,2.902673,4.534441,0.487062,0,0,0.000000,0.000000,8,10,-1,0,,166140
1788459167.129486,58.603210,tx,-1,0.000000,0.000000,0.000000,0.000000,,,,,,,,,,,,,,,,,aa5501090000000000000000004829,166347
1788459167.182326,58.656045,rx,-1,0.000000,0.000000,0.000000,0.000000,2281,57051,24996,0.000000,0.000000,2.902673,4.534441,0.487062,0,0,0.000000,0.000000,8,10,-1,0,,166347
1788459167.182421,58.656144,rx,-1,0.000000,0.000000,0.000000,0.000000,2282,57075,25024,0.000000,0.000000,2.902673,4.534441,0.487062,0,0,0.000000,0.000000,8,10,-1,0,,166347
1788459167.182436,58.656159,tx,-1,0.000000,0.000000,0.000000,0.000000,,,,,,,,,,,,,,,,,aa5501090000000000000000004829,166491
1788459167.235110,58.708821,rx,-1,0.000000,0.000000,0.000000,0.000000,2283,57101,24984,0.000000,0.000000,2.902673,4.534441,0.487062,0,0,0.000000,0.000000,8,10,-1,0,,166491
1788459167.237922,58.711639,rx,-1,0.000000,0.000000,0.000000,0.000000,2284,57125,24992,0.000000,0.000000,2.902673,4.534441,0.487062,0,0,0.000000,0.000000,8,10,-1,0,,166491
1788459167.237988,58.711711,tx,-1,0.000000,0.000000,0.000000,0.000000,,,,,,,,,,,,,,,,,aa5501090000000000000000004829,166635
1788459167.286175,58.759892,rx,-1,0.000000,0.000000,0.000000,0.000000,2285,57151,25020,0.000000,0.000000,2.902673,4.534441,0.487062,0,0,0.000000,0.000000,8,10,-1,0,,166635
1788459167.286352,58.760073,rx,-1,0.000000,0.000000,0.000000,0.000000,2286,57176,24980,0.000000,0.000000,2.902673,4.534441,0.487062,0,0,0.000000,0.000000,8,10,-1,0,,166635
1788459167.286375,58.760098,tx,-1,0.000000,0.000000,0.000000,0.000000,,,,,,,,,,,,,,,,,aa5501090000000000000000004829,166779
1788459167.339868,58.813586,rx,-1,0.000000,0.000000,0.000000,0.000000,2287,57200,25000,0.000000,0.000000,2.902673,4.534441,0.487062,0,0,0.000000,0.000000,8,10,-1,0,,166779
1788459167.342499,58.816219,rx,-1,0.000000,0.000000,0.000000,0.000000,2288,57226,25016,0.000000,0.000000,2.902673,4.534441,0.487062,0,0,0.000000,0.000000,8,10,-1,0,,166779
1788459167.342548,58.816271,tx,-1,0.000000,0.000000,0.000000,0.000000,,,,,,,,,,,,,,,,,aa5501090000000000000000004829,166923
1788459167.390229,58.863944,rx,-1,0.000000,0.000000,0.000000,0.000000,2289,57250,25016,0.000000,0.000000,2.902673,4.534441,0.487062,0,0,0.000000,0.000000,8,10,-1,0,,166923
1788459167.390367,58.864090,rx,-1,0.000000,0.000000,0.000000,0.000000,2290,57276,24996,0.000000,0.000000,2.902673,4.534441,0.487062,0,0,0.000000,0.000000,8,10,-1,0,,166923
1788459167.390389,58.864110,tx,-1,0.000000,0.000000,0.000000,0.000000,,,,,,,,,,,,,,,,,aa5501090000000000000000004829,167067
1788459167.444249,58.917965,rx,-1,0.000000,0.000000,0.000000,0.000000,2291,57300,24988,0.000000,0.000000,2.902673,4.534441,0.487062,0,0,0.000000,0.000000,8,10,-1,0,,167067
1788459167.446976,58.920695,rx,-1,0.000000,0.000000,0.000000,0.000000,2292,57325,25008,0.000000,0.000000,2.902673,4.534441,0.487062,0,0,0.000000,0.000000,8,10,-1,0,,167067
1788459167.447030,58.920752,tx,-1,0.000000,0.000000,0.000000,0.000000,,,,,,,,,,,,,,,,,aa5501090000000000000000004829,167211
1788459167.494689,58.968392,rx,-1,0.000000,0.000000,0.000000,0.000000,2293,57351,25004,0.000000,0.000000,2.902673,4.534441,0.487062,0,0,0.000000,0.000000,8,10,-1,0,,167211
1788459167.494963,58.968683,rx,-1,0.000000,0.000000,0.000000,0.000000,2294,57375,24972,0.000000,0.000000,2.902673,4.534441,0.487062,0,0,0.000000,0.000000,8,10,-1,0,,167211
1788459167.494990,58.968713,tx,-1,0.000000,0.000000,0.000000,0.000000,,,,,,,,,,,,,,,,,aa5501090000000000000000004829,167355
1788459167.549109,59.022822,rx,-1,0.000000,0.000000,0.000000,0.000000,2295,57401,25008,0.000000,0.000000,2.902673,4.534441,0.487062,0,0,0.000000,0.000000,8,10,-1,0,,167355
1788459167.551175,59.024895,rx,-1,0.000000,0.000000,0.000000,0.000000,2296,57425,25020,0.000000,0.000000,2.902673,4.534441,0.487062,0,0,0.000000,0.000000,8,10,-1,0,,167355
1788459167.551212,59.024934,tx,-1,0.000000,0.000000,0.000000,0.000000,,,,,,,,,,,,,,,,,aa5501090000000000000000004829,167499
1788459167.599437,59.073142,rx,-1,0.000000,0.000000,0.000000,0.000000,2297,57451,25004,0.000000,0.000000,2.902673,4.534441,0.487062,0,0,0.000000,0.000000,8,10,-1,0,,167499
1788459167.599610,59.073331,rx,-1,0.000000,0.000000,0.000000,0.000000,2298,57476,24992,0.000000,0.000000,2.902673,4.534441,0.487062,0,0,0.000000,0.000000,8,10,-1,0,,167499
1788459167.599635,59.073356,tx,-1,0.000000,0.000000,0.000000,0.000000,,,,,,,,,,,,,,,,,aa5501090000000000000000004829,167643
1788459167.652093,59.125801,rx,-1,0.000000,0.000000,0.000000,0.000000,2299,57500,24988,0.000000,0.000000,2.902673,4.534441,0.487062,0,0,0.000000,0.000000,8,10,-1,0,,167643
1788459167.654381,59.128099,rx,-1,0.000000,0.000000,0.000000,0.000000,2300,57526,24980,0.000000,0.000000,2.902673,4.534441,0.487062,0,0,0.000000,0.000000,8,10,-1,0,,167643
1788459167.654447,59.128169,tx,-1,0.000000,0.000000,0.000000,0.000000,,,,,,,,,,,,,,,,,aa5501090000000000000000004829,167819
1788459167.702474,59.176193,rx,-1,0.000000,0.000000,0.000000,0.000000,2301,57550,25048,0.000000,0.000000,2.902673,4.534441,0.487062,0,0,0.000000,0.000000,8,10,-1,0,,167819
1788459167.702571,59.176293,rx,-1,0.000000,0.000000,0.000000,0.000000,2302,57576,24960,0.000000,0.000000,2.902673,4.534441,0.487062,0,0,0.000000,0.000000,8,10,-1,0,,167819
1788459167.702586,59.176309,tx,-1,0.000000,0.000000,0.000000,0.000000,,,,,,,,,,,,,,,,,aa5501090000000000000000004829,167963
1788459167.755359,59.229077,rx,-1,0.000000,0.000000,0.000000,0.000000,2303,57601,25032,0.000000,0.000000,2.902673,4.534441,0.487062,0,0,0.000000,0.000000,8,10,-1,0,,167963
1788459167.757311,59.231031,rx,-1,0.000000,0.000000,0.000000,0.000000,2304,57625,24972,0.000000,0.000000,2.902673,4.534441,0.487062,0,0,0.000000,0.000000,8,10,-1,0,,167963
1788459167.757346,59.231069,tx,-1,0.000000,0.000000,0.000000,0.000000,,,,,,,,,,,,,,,,,aa5501090000000000000000004829,168139
1788459167.810460,59.284178,rx,-1,0.000000,0.000000,0.000000,0.000000,2305,57651,24992,0.000000,0.000000,2.902673,4.534441,0.487062,0,0,0.000000,0.000000,8,10,-1,0,,168139
1788459167.810561,59.284283,rx,-1,0.000000,0.000000,0.000000,0.000000,2306,57675,25028,0.000000,0.000000,2.902673,4.534441,0.487062,0,0,0.000000,0.000000,8,10,-1,0,,168139
1788459167.810620,59.284342,rx,-1,0.000000,0.000000,0.000000,0.000000,2307,57701,24980,0.000000,0.000000,2.902673,4.534441,0.487062,0,0,0.000000,0.000000,8,10,-1,0,,168139
1788459167.810632,59.284355,tx,-1,0.000000,0.000000,0.000000,0.000000,,,,,,,,,,,,,,,,,aa5501090000000000000000004829,168291
1788459167.864211,59.337928,rx,-1,0.000000,0.000000,0.000000,0.000000,2308,57725,25000,0.000000,0.000000,2.902673,4.534441,0.487062,0,0,0.000000,0.000000,8,10,-1,0,,168291
1788459167.866079,59.339800,rx,-1,0.000000,0.000000,0.000000,0.000000,2309,57750,25008,0.000000,0.000000,2.902673,4.534441,0.487062,0,0,0.000000,0.000000,8,10,-1,0,,168291
1788459167.866099,59.339822,tx,-1,0.000000,0.000000,0.000000,0.000000,,,,,,,,,,,,,,,,,aa5501090000000000000000004829,168435
1788459167.918497,59.392217,rx,-1,0.000000,0.000000,0.000000,0.000000,2310,57776,24996,0.000000,0.000000,2.902673,4.534441,0.487062,0,0,0.000000,0.000000,8,10,-1,0,,168435
1788459167.918595,59.392317,rx,-1,0.000000,0.000000,0.000000,0.000000,2311,57800,25032,0.000000,0.000000,2.902673,4.534441,0.487062,0,0,0.000000,0.000000,8,10,-1,0,,168435
1788459167.918609,59.392332,tx,-1,0.000000,0.000000,0.000000,0.000000,,,,,,,,,,,,,,,,,aa5501090000000000000000004829,168579
1788459167.971768,59.445481,rx,-1,0.000000,0.000000,0.000000,0.000000,2312,57826,24980,0.000000,0.000000,2.902673,4.534441,0.487062,0,0,0.000000,0.000000,8,10,-1,0,,168579
1788459167.975342,59.449057,rx,-1,0.000000,0.000000,0.000000,0.000000,2313,57850,24996,0.000000,0.000000,2.902673,4.534441,0.487062,0,0,0.000000,0.000000,8,10,-1,0,,168579
1788459167.975409,59.449130,tx,-1,0.000000,0.000000,0.000000,0.000000,,,,,,,,,,,,,,,,,aa5501090000000000000000004829,168723
1788459168.023204,59.496918,rx,-1,0.000000,0.000000,0.000000,0.000000,2314,57876,25008,0.000000,0.000000,2.902673,4.534441,0.487062,0,0,0.000000,0.000000,8,10,-1,0,,168723
1788459168.023326,59.497046,rx,-1,0.000000,0.000000,0.000000,0.000000,2315,57901,24976,0.000000,0.000000,2.902673,4.534441,0.487062,0,0,0.000000,0.000000,8,10,-1,0,,168723
1788459168.023346,59.497068,tx,-1,0.000000,0.000000,0.000000,0.000000,,,,,,,,,,,,,,,,,aa5501090000000000000000004829,168867
1788459168.076536,59.550250,rx,-1,0.000000,0.000000,0.000000,0.000000,2316,57925,25012,0.000000,0.000000,2.902673,4.534441,0.487062,0,0,0.000000,0.000000,8,10,-1,0,,168867
1788459168.079522,59.553236,rx,-1,0.000000,0.000000,0.000000,0.000000,2317,57951,25004,0.000000,0.000000,2.902673,4.534441,0.487062,0,0,0.000000,0.000000,8,10,-1,0,,168867
1788459168.079575,59.553297,tx,-1,0.000000,0.000000,0.000000,0.000000,,,,,,,,,,,,,,,,,aa5501090000000000000000004829,169011
1788459168.127208,59.600927,rx,-1,0.000000,0.000000,0.000000,0.000000,2318,57975,25004,0.000000,0.000000,2.902673,4.534441,0.487062,0,0,0.000000,0.000000,8,10,-1,0,,169011
1788459168.127299,59.601020,rx,-1,0.000000,0.000000,0.000000,0.000000,2319,58001,25004,0.000000,0.000000,2.902673,4.534441,0.487062,0,0,0.000000,0.000000,8,10,-1,0,,169011
1788459168.127342,59.601064,tx,-1,0.000000,0.000000,0.000000,0.000000,,,,,,,,,,,,,,,,,aa5501090000000000000000004829,169210
1788459168.179507,59.653226,rx,-1,0.000000,0.000000,0.000000,0.000000,2320,58025,24992,0.000000,0.000000,2.902673,4.534441,0.487062,0,0,0.000000,0.000000,8,10,-1,0,,169210
1788459168.181539,59.655258,rx,-1,0.000000,0.000000,0.000000,0.000000,2321,58050,24980,0.000000,0.000000,2.902673,4.534441,0.487062,0,0,0.000000,0.000000,8,10,-1,0,,169210
1788459168.181567,59.655289,tx,-1,0.000000,0.000000,0.000000,0.000000,,,,,,,,,,,,,,,,,aa5501090000000000000000004829,169354
1788459168.233501,59.707218,rx,-1,0.000000,0.000000,0.000000,0.000000,2322,58076,25024,0.000000,0.000000,2.902673,4.534441,0.487062,0,0,0.000000,0.000000,8,10,-1,0,,169354
1788459168.233622,59.707342,rx,-1,0.000000,0.000000,0.000000,0.000000,2323,58100,24992,0.000000,0.000000,2.902673,4.534441,0.487062,0,0,0.000000,0.000000,8,10,-1,0,,169354
1788459168.233644,59.707366,tx,-1,0.000000,0.000000,0.000000,0.000000,,,,,,,,,,,,,,,,,aa5501090000000000000000004829,169530
1788459168.287214,59.760930,rx,-1,0.000000,0.000000,0.000000,0.000000,2324,58126,25020,0.000000,0.000000,2.902673,4.534441,0.487062,0,0,0.000000,0.000000,8,10,-1,0,,169530
1788459168.289877,59.763596,rx,-1,0.000000,0.000000,0.000000,0.000000,2325,58150,24960,0.000000,0.000000,2.902673,4.534441,0.487062,0,0,0.000000,0.000000,8,10,-1,0,,169530
1788459168.289922,59.763645,tx,-1,0.000000,0.000000,0.000000,0.000000,,,,,,,,,,,,,,,,,aa5501090000000000000000004829,169706
1788459168.337387,59.811093,rx,-1,0.000000,0.000000,0.000000,0.000000,2326,58175,25008,0.000000,0.000000,2.902673,4.534441,0.487062,0,0,0.000000,0.000000,8,10,-1,0,,169706
1788459168.337588,59.811307,rx,-1,0.000000,0.000000,0.000000,0.000000,2327,58201,24992,0.000000,0.000000,2.902673,4.534441,0.487062,0,0,0.000000,0.000000,8,10,-1,0,,169706
1788459168.337636,59.811358,tx,-1,0.000000,0.000000,0.000000,0.000000,,,,,,,,,,,,,,,,,aa5501090000000000000000004829,169850
1788459168.391720,59.865431,rx,-1,0.000000,0.000000,0.000000,0.000000,2328,58225,25036,0.000000,0.000000,2.902673,4.534441,0.487062,0,0,0.000000,0.000000,8,10,-1,0,,169850
1788459168.394479,59.868180,rx,-1,0.000000,0.000000,0.000000,0.000000,2329,58251,24968,0.000000,0.000000,2.902673,4.534441,0.487062,0,0,0.000000,0.000000,8,10,-1,0,,169850
1788459168.394673,59.868392,rx,-1,0.000000,0.000000,0.000000,0.000000,2330,58275,25008,0.000000,0.000000,2.902673,4.534441,0.487062,0,0,0.000000,0.000000,8,10,-1,0,,169850
1788459168.394709,59.868431,tx,-1,0.000000,0.000000,0.000000,0.000000,,,,,,,,,,,,,,,,,aa5501090000000000000000004829,170002
1788459168.443607,59.917309,rx,-1,0.000000,0.000000,0.000000,0.000000,2331,58301,25004,0.000000,0.000000,2.902673,4.534441,0.487062,0,0,0.000000,0.000000,8,10,-1,0,,170002
1788459168.443921,59.917638,rx,-1,0.000000,0.000000,0.000000,0.000000,2332,58326,25028,0.000000,0.000000,2.902673,4.534441,0.487062,0,0,0.000000,0.000000,8,10,-1,0,,170002
1788459168.443961,59.917682,tx,-1,0.000000,0.000000,0.000000,0.000000,,,,,,,,,,,,,,,,,aa5501090000000000000000004829,170146
1788459168.498393,59.972092,rx,-1,0.000000,0.000000,0.000000,0.000000,2333,58350,24988,0.000000,0.000000,2.902673,4.534441,0.487062,0,0,0.000000,0.000000,8,10,-1,0,,170146
1788459168.503150,59.976862,rx,-1,0.000000,0.000000,0.000000,0.000000,2334,58376,24976,0.000000,0.000000,2.902673,4.534441,0.487062,0,0,0.000000,0.000000,8,10,-1,0,,170146
1788459168.503242,59.976964,tx,-1,0.000000,0.000000,0.000000,0.000000,,,,,,,,,,,,,,,,,aa5501090000000000000000004829,170290
1788459168.552679,60.026375,rx,-1,0.000000,0.000000,0.000000,0.000000,2335,58400,25032,0.000000,0.000000,2.902673,4.534441,0.487062,0,0,0.000000,0.000000,8,10,-1,0,,170290
1788459168.553194,60.026900,rx,-1,0.000000,0.000000,0.000000,0.000000,2336,58426,24980,0.000000,0.000000,2.902673,4.534441,0.487062,0,0,0.000000,0.000000,8,10,-1,0,,170290
1788459168.553275,60.026995,tx,-1,0.000000,0.000000,0.000000,0.000000,,,,,,,,,,,,,,,,,aa5501090000000000000000004829,170434
1788459168.604658,60.078368,rx,-1,0.000000,0.000000,0.000000,0.000000,2337,58450,25000,0.000000,0.000000,2.902673,4.534441,0.487062,0,0,0.000000,0.000000,8,10,-1,0,,170434
1788459168.607006,60.080722,rx,-1,0.000000,0.000000,0.000000,0.000000,2338,58475,25012,0.000000,0.000000,2.902673,4.534441,0.487062,0,0,0.000000,0.000000,8,10,-1,0,,170434
1788459168.607064,60.080786,tx,-1,0.000000,0.000000,0.000000,0.000000,,,,,,,,,,,,,,,,,aa5501090000000000000000004829,170578
1788459168.659596,60.133315,rx,-1,0.000000,0.000000,0.000000,0.000000,2339,58501,24988,0.000000,0.000000,2.902673,4.534441,0.487062,0,0,0.000000,0.000000,8,10,-1,0,,170578
1788459168.659682,60.133403,rx,-1,0.000000,0.000000,0.000000,0.000000,2340,58525,24988,0.000000,0.000000,2.902673,4.534441,0.487062,0,0,0.000000,0.000000,8,10,-1,0,,170578
1788459168.659693,60.133415,tx,-1,0.000000,0.000000,0.000000,0.000000,,,,,,,,,,,,,,,,,aa5501090000000000000000004829,170722
1788459168.713101,60.186818,rx,-1,0.000000,0.000000,0.000000,0.000000,2341,58551,25008,0.000000,0.000000,2.902673,4.534441,0.487062,0,0,0.000000,0.000000,8,10,-1,0,,170722
1788459168.715300,60.189018,rx,-1,0.000000,0.000000,0.000000,0.000000,2342,58575,25016,0.000000,0.000000,2.902673,4.534441,0.487062,0,0,0.000000,0.000000,8,10,-1,0,,170722
1788459168.715342,60.189064,tx,-1,0.000000,0.000000,0.000000,0.000000,,,,,,,,,,,,,,,,,aa5501090000000000000000004829,170898
1788459168.763350,60.237053,rx,-1,0.000000,0.000000,0.000000,0.000000,2343,58601,24988,0.000000,0.000000,2.902673,4.534441,0.487062,0,0,0.000000,0.000000,8,10,-1,0,,170898
1788459168.763556,60.237274,rx,-1,0.000000,0.000000,0.000000,0.000000,2344,58626,25024,0.000000,0.000000,2.902673,4.534441,0.487062,0,0,0.000000,0.000000,8,10,-1,0,,170898
1788459168.763594,60.237315,tx,-1,0.000000,0.000000,0.000000,0.000000,,,,,,,,,,,,,,,,,aa5501090000000000000000004829,171042
1788459168.816835,60.290550,rx,-1,0.000000,0.000000,0.000000,0.000000,2345,58650,24992,0.000000,0.000000,2.902673,4.534441,0.487062,0,0,0.000000,0.000000,8,10,-1,0,,171042
1788459168.819188,60.292904,rx,-1,0.000000,0.000000,0.000000,0.000000,2346,58676,24992,0.000000,0.000000,2.902673,4.534441,0.487062,0,0,0.000000,0.000000,8,10,-1,0,,171042
1788459168.819250,60.292971,tx,-1,0.000000,0.000000,0.000000,0.000000,,,,,,,,,,,,,,,,,aa5501090000000000000000004829,171218
1788459168.867129,60.340848,rx,-1,0.000000,0.000000,0.000000,0.000000,2347,58700,25020,0.000000,0.000000,2.902673,4.534441,0.487062,0,0,0.000000,0.000000,8,10,-1,0,,171218
1788459168.867214,60.340934,rx,-1,0.000000,0.000000,0.000000,0.000000,2348,58726,24992,0.000000,0.000000,2.902673,4.534441,0.487062,0,0,0.000000,0.000000,8,10,-1,0,,171218
1788459168.867232,60.340954,tx,-1,0.000000,0.000000,0.000000,0.000000,,,,,,,,,,,,,,,,,aa5501090000000000000000004829,171362
1788459168.920803,60.394521,rx,-1,0.000000,0.000000,0.000000,0.000000,2349,58750,24988,0.000000,0.000000,2.902673,4.534441,0.487062,0,0,0.000000,0.000000,8,10,-1,0,,171362
1788459168.922803,60.396523,rx,-1,0.000000,0.000000,0.000000,0.000000,2350,58775,24976,0.000000,0.000000,2.902673,4.534441,0.487062,0,0,0.000000,0.000000,8,10,-1,0,,171362
1788459168.922884,60.396604,rx,-1,0.000000,0.000000,0.000000,0.000000,2351,58801,25024,0.000000,0.000000,2.902673,4.534441,0.487062,0,0,0.000000,0.000000,8,10,-1,0,,171362
1788459168.922898,60.396619,tx,-1,0.000000,0.000000,0.000000,0.000000,,,,,,,,,,,,,,,,,aa5501090000000000000000004829,171514
1788459168.976202,60.449920,rx,-1,0.000000,0.000000,0.000000,0.000000,2352,58825,24996,0.000000,0.000000,2.902673,4.534441,0.487062,0,0,0.000000,0.000000,8,10,-1,0,,171514
1788459168.976300,60.450020,rx,-1,0.000000,0.000000,0.000000,0.000000,2353,58851,25012,0.000000,0.000000,2.902673,4.534441,0.487062,0,0,0.000000,0.000000,8,10,-1,0,,171514
1788459168.976316,60.450037,tx,-1,0.000000,0.000000,0.000000,0.000000,,,,,,,,,,,,,,,,,aa5501090000000000000000004829,171658
1788459169.029573,60.503290,rx,-1,0.000000,0.000000,0.000000,0.000000,2354,58875,24980,0.000000,0.000000,2.902673,4.534441,0.487062,0,0,0.000000,0.000000,8,10,-1,0,,171658
1788459169.031711,60.505429,rx,-1,0.000000,0.000000,0.000000,0.000000,2355,58900,24996,0.000000,0.000000,2.902673,4.534441,0.487062,0,0,0.000000,0.000000,8,10,-1,0,,171658
1788459169.031741,60.505462,tx,-1,0.000000,0.000000,0.000000,0.000000,,,,,,,,,,,,,,,,,aa5501090000000000000000004829,171802
1788459169.079656,60.553372,rx,-1,0.000000,0.000000,0.000000,0.000000,2356,58926,25008,0.000000,0.000000,2.902673,4.534441,0.487062,0,0,0.000000,0.000000,8,10,-1,0,,171802
1788459169.079839,60.553558,rx,-1,0.000000,0.000000,0.000000,0.000000,2357,58950,24992,0.000000,0.000000,2.902673,4.534441,0.487062,0,0,0.000000,0.000000,8,10,-1,0,,171802
1788459169.079859,60.553580,tx,-1,0.000000,0.000000,0.000000,0.000000,,,,,,,,,,,,,,,,,aa5501090000000000000000004829,171946
1788459169.133527,60.607239,rx,-1,0.000000,0.000000,0.000000,0.000000,2358,58976,24996,0.000000,0.000000,2.902673,4.534441,0.487062,0,0,0.000000,0.000000,8,10,-1,0,,171946
1788459169.136465,60.610180,rx,-1,0.000000,0.000000,0.000000,0.000000,2359,59000,25012,0.000000,0.000000,2.902673,4.534441,0.487062,0,0,0.000000,0.000000,8,10,-1,0,,171946
1788459169.136598,60.610319,tx,-1,0.000000,0.000000,0.000000,0.000000,,,,,,,,,,,,,,,,,aa5501090000000000000000004829,172145
1788459169.184885,60.658593,rx,-1,0.000000,0.000000,0.000000,0.000000,2360,59026,24992,0.000000,0.000000,2.902673,4.534441,0.487062,0,0,0.000000,0.000000,8,10,-1,0,,172145
1788459169.185170,60.658886,rx,-1,0.000000,0.000000,0.000000,0.000000,2361,59051,25036,0.000000,0.000000,2.902673,4.534441,0.487062,0,0,0.000000,0.000000,8,10,-1,0,,172145
1788459169.185210,60.658931,tx,-1,0.000000,0.000000,0.000000,0.000000,,,,,,,,,,,,,,,,,aa5501090000000000000000004829,172289
1788459169.238524,60.712241,rx,-1,0.000000,0.000000,0.000000,0.000000,2362,59075,24980,0.000000,0.000000,2.902673,4.534441,0.487062,0,0,0.000000,0.000000,8,10,-1,0,,172289
1788459169.240881,60.714599,rx,-1,0.000000,0.000000,0.000000,0.000000,2363,59101,24980,0.000000,0.000000,2.902673,4.534441,0.487062,0,0,0.000000,0.000000,8,10,-1,0,,172289
1788459169.240921,60.714642,tx,-1,0.000000,0.000000,0.000000,0.000000,,,,,,,,,,,,,,,,,aa5501090000000000000000004829,172433
1788459169.288947,60.762656,rx,-1,0.000000,0.000000,0.000000,0.000000,2364,59125,24992,0.000000,0.000000,2.902673,4.534441,0.487062,0,0,0.000000,0.000000,8,10,-1,0,,172433
1788459169.289113,60.762833,rx,-1,0.000000,0.000000,0.000000,0.000000,2365,59151,25020,0.000000,0.000000,2.902673,4.534441,0.487062,0,0,0.000000,0.000000,8,10,-1,0,,172433
1788459169.289130,60.762851,tx,-1,0.000000,0.000000,0.000000,0.000000,,,,,,,,,,,,,,,,,aa5501090000000000000000004829,172577
1788459169.342705,60.816413,rx,-1,0.000000,0.000000,0.000000,0.000000,2366,59175,25008,0.000000,0.000000,2.902673,4.534441,0.487062,0,0,0.000000,0.000000,8,10,-1,0,,172577
1788459169.345741,60.819454,rx,-1,0.000000,0.000000,0.000000,0.000000,2367,59200,25004,0.000000,0.000000,2.902673,4.534441,0.487062,0,0,0.000000,0.000000,8,10,-1,0,,172577
1788459169.345844,60.819565,tx,-1,0.000000,0.000000,0.000000,0.000000,,,,,,,,,,,,,,,,,aa5501090000000000000000004829,172721
1788459169.392869,60.866582,rx,-1,0.000000,0.000000,0.000000,0.000000,2368,59226,25000,0.000000,0.000000,2.902673,4.534441,0.487062,0,0,0.000000,0.000000,8,10,-1,0,,172721
1788459169.392977,60.866697,rx,-1,0.000000,0.000000,0.000000,0.000000,2369,59250,25008,0.000000,0.000000,2.902673,4.534441,0.487062,0,0,0.000000,0.000000,8,10,-1,0,,172721
1788459169.393022,60.866742,tx,-1,0.000000,0.000000,0.000000,0.000000,,,,,,,,,,,,,,,,,aa5501090000000000000000004829,172865
1788459169.445166,60.918878,rx,-1,0.000000,0.000000,0.000000,0.000000,2370,59276,24984,0.000000,0.000000,2.902673,4.534441,0.487062,0,0,0.000000,0.000000,8,10,-1,0,,172865
1788459169.447415,60.921131,rx,-1,0.000000,0.000000,0.000000,0.000000,2371,59300,24976,0.000000,0.000000,2.902673,4.534441,0.487062,0,0,0.000000,0.000000,8,10,-1,0,,172865
1788459169.447478,60.921199,tx,-1,0.000000,0.000000,0.000000,0.000000,,,,,,,,,,,,,,,,,aa5501090000000000000000004829,173009
1788459169.500042,60.973758,rx,-1,0.000000,0.000000,0.000000,0.000000,2372,59326,25036,0.000000,0.000000,2.902673,4.534441,0.487062,0,0,0.000000,0.000000,8,10,-1,0,,173009
1788459169.500148,60.973868,rx,-1,0.000000,0.000000,0.000000,0.000000,2373,59351,24992,0.000000,0.000000,2.902673,4.534441,0.487062,0,0,0.000000,0.000000,8,10,-1,0,,173009
1788459169.500173,60.973893,tx,-1,0.000000,0.000000,0.000000,0.000000,,,,,,,,,,,,,,,,,aa5501090000000000000000004829,173217
1788459169.553090,61.026808,rx,-1,0.000000,0.000000,0.000000,0.000000,2374,59375,25016,0.000000,0.000000,2.902673,4.534441,0.487062,0,0,0.000000,0.000000,8,10,-1,0,,173217
1788459169.555192,61.028911,rx,-1,0.000000,0.000000,0.000000,0.000000,2375,59401,24992,0.000000,0.000000,2.902673,4.534441,0.487062,0,0,0.000000,0.000000,8,10,-1,0,,173217
1788459169.555254,61.028975,rx,-1,0.000000,0.000000,0.000000,0.000000,2376,59425,24976,0.000000,0.000000,2.902673,4.534441,0.487062,0,0,0.000000,0.000000,8,10,-1,0,,173217
1788459169.555265,61.028986,tx,-1,0.000000,0.000000,0.000000,0.000000,,,,,,,,,,,,,,,,,aa5501090000000000000000004829,173369
1788459169.607547,61.081259,rx,-1,0.000000,0.000000,0.000000,0.000000,2377,59451,24988,0.000000,0.000000,2.902673,4.534441,0.487062,0,0,0.000000,0.000000,8,10,-1,0,,173369
1788459169.607657,61.081376,rx,-1,0.000000,0.000000,0.000000,0.000000,2378,59475,25036,0.000000,0.000000,2.902673,4.534441,0.487062,0,0,0.000000,0.000000,8,10,-1,0,,173369
1788459169.607672,61.081393,tx,-1,0.000000,0.000000,0.000000,0.000000,,,,,,,,,,,,,,,,,aa5501090000000000000000004829,173513
1788459169.660422,61.134138,rx,-1,0.000000,0.000000,0.000000,0.000000,2379,59500,24976,0.000000,0.000000,2.902673,4.534441,0.487062,0,0,0.000000,0.000000,8,10,-1,0,,173513
1788459169.662629,61.136347,rx,-1,0.000000,0.000000,0.000000,0.000000,2380,59526,24992,0.000000,0.000000,2.902673,4.534441,0.487062,0,0,0.000000,0.000000,8,10,-1,0,,173513
1788459169.662664,61.136385,tx,-1,0.000000,0.000000,0.000000,0.000000,,,,,,,,,,,,,,,,,aa5501090000000000000000004829,173657
1788459169.710816,61.184527,rx,-1,0.000000,0.000000,0.000000,0.000000,2381,59550,25012,0.000000,0.000000,2.902673,4.534441,0.487062,0,0,0.000000,0.000000,8,10,-1,0,,173657
1788459169.710943,61.184663,rx,-1,0.000000,0.000000,0.000000,0.000000,2382,59576,24984,0.000000,0.000000,2.902673,4.534441,0.487062,0,0,0.000000,0.000000,8,10,-1,0,,173657
1788459169.710958,61.184679,tx,-1,0.000000,0.000000,0.000000,0.000000,,,,,,,,,,,,,,,,,aa5501090000000000000000004829,173801
1788459169.765066,61.238772,rx,-1,0.000000,0.000000,0.000000,0.000000,2383,59600,25016,0.000000,0.000000,2.902673,4.534441,0.487062,0,0,0.000000,0.000000,8,10,-1,0,,173801
1788459169.767441,61.241158,rx,-1,0.000000,0.000000,0.000000,0.000000,2384,59626,24996,0.000000,0.000000,2.902673,4.534441,0.487062,0,0,0.000000,0.000000,8,10,-1,0,,173801
1788459169.767466,61.241187,tx,-1,0.000000,0.000000,0.000000,0.000000,,,,,,,,,,,,,,,,,aa5501090000000000000000004829,173945
1788459169.815545,61.289242,rx,-1,0.000000,0.000000,0.000000,0.000000,2385,59651,25012,0.000000,0.000000,2.902673,4.534441,0.487062,0,0,0.000000,0.000000,8,10,-1,0,,173945
1788459169.815802,61.289520,rx,-1,0.000000,0.000000,0.000000,0.000000,2386,59675,25008,0.000000,0.000000,2.902673,4.534441,0.487062,0,0,0.000000,0.000000,8,10,-1,0,,173945
1788459169.815830,61.289550,tx,-1,0.000000,0.000000,0.000000,0.000000,,,,,,,,,,,,,,,,,aa5501090000000000000000004829,174089
1788459169.870148,61.343854,rx,-1,0.000000,0.000000,0.000000,0.000000,2387,59701,25000,0.000000,0.000000,2.902673,4.534441,0.487062,0,0,0.000000,0.000000,8,10,-1,0,,174089
1788459169.873594,61.347298,rx,-1,0.000000,0.000000,0.000000,0.000000,2388,59725,24972,0.000000,0.000000,2.902673,4.534441,0.487062,0,0,0.000000,0.000000,8,10,-1,0,,174089
1788459169.873689,61.347409,tx,-1,0.000000,0.000000,0.000000,0.000000,,,,,,,,,,,,,,,,,aa5501090000000000000000004829,174233
1788459169.922178,61.395884,rx,-1,0.000000,0.000000,0.000000,0.000000,2389,59751,25032,0.000000,0.000000,2.902673,4.534441,0.487062,0,0,0.000000,0.000000,8,10,-1,0,,174233
1788459169.922490,61.396205,rx,-1,0.000000,0.000000,0.000000,0.000000,2390,59776,24992,0.000000,0.000000,2.902673,4.534441,0.487062,0,0,0.000000,0.000000,8,10,-1,0,,174233
1788459169.922535,61.396254,tx,-1,0.000000,0.000000,0.000000,0.000000,,,,,,,,,,,,,,,,,aa5501090000000000000000004829,174377
1788459169.977012,61.450710,rx,-1,0.000000,0.000000,0.000000,0.000000,2391,59800,24976,0.000000,0.000000,2.902673,4.534441,0.487062,0,0,0.000000,0.000000,8,10,-1,0,,174377
1788459169.981574,61.455284,rx,-1,0.000000,0.000000,0.000000,0.000000,2392,59826,25036,0.000000,0.000000,2.902673,4.534441,0.487062,0,0,0.000000,0.000000,8,10,-1,0,,174377
1788459169.981693,61.455413,tx,-1,0.000000,0.000000,0.000000,0.000000,,,,,,,,,,,,,,,,,aa5501090000000000000000004829,174521
1788459170.029808,61.503518,rx,-1,0.000000,0.000000,0.000000,0.000000,2393,59850,25000,0.000000,0.000000,2.902673,4.534441,0.487062,0,0,0.000000,0.000000,8,10,-1,0,,174521
1788459170.029927,61.503646,rx,-1,0.000000,0.000000,0.000000,0.000000,2394,59876,24992,0.000000,0.000000,2.902673,4.534441,0.487062,0,0,0.000000,0.000000,8,10,-1,0,,174521
1788459170.029949,61.503669,tx,-1,0.000000,0.000000,0.000000,0.000000,,,,,,,,,,,,,,,,,aa5501090000000000000000004829,174697
1788459170.083221,61.556934,rx,-1,0.000000,0.000000,0.000000,0.000000,2395,59900,25004,0.000000,0.000000,2.902673,4.534441,0.487062,0,0,0.000000,0.000000,8,10,-1,0,,174697
1788459170.085425,61.559142,rx,-1,0.000000,0.000000,0.000000,0.000000,2396,59925,24964,0.000000,0.000000,2.902673,4.534441,0.487062,0,0,0.000000,0.000000,8,10,-1,0,,174697
1788459170.085526,61.559245,rx,-1,0.000000,0.000000,0.000000,0.000000,2397,59951,25016,0.000000,0.000000,2.902673,4.534441,0.487062,0,0,0.000000,0.000000,8,10,-1,0,,174697
1788459170.085543,61.559264,tx,-1,0.000000,0.000000,0.000000,0.000000,,,,,,,,,,,,,,,,,aa5501090000000000000000004829,174881
1788459170.133717,61.607432,rx,-1,0.000000,0.000000,0.000000,0.000000,2398,59975,24992,0.000000,0.000000,2.902673,4.534441,0.487062,0,0,0.000000,0.000000,8,10,-1,0,,174881
1788459170.133807,61.607527,tx,-1,0.000000,0.000000,0.000000,0.000000,,,,,,,,,,,,,,,,,aa5501090000000000000000004829,175017
1788459170.186705,61.660416,rx,-1,0.000000,0.000000,0.000000,0.000000,2399,60001,25032,0.000000,0.000000,2.902673,4.534441,0.487062,0,0,0.000000,0.000000,8,10,-1,0,,175017
1788459170.189548,61.663265,rx,-1,0.000000,0.000000,0.000000,0.000000,2400,60025,24984,0.000000,0.000000,2.902673,4.534441,0.487062,0,0,0.000000,0.000000,8,10,-1,0,,175017
1788459170.189653,61.663371,rx,-1,0.000000,0.000000,0.000000,0.000000,2401,60051,24984,0.000000,0.000000,2.902673,4.534441,0.487062,0,0,0.000000,0.000000,8,10,-1,0,,175017
1788459170.189673,61.663393,tx,-1,0.000000,0.000000,0.000000,0.000000,,,,,,,,,,,,,,,,,aa5501090000000000000000004829,175224
1788459170.237530,61.711233,rx,-1,0.000000,0.000000,0.000000,0.000000,2402,60076,24992,0.000000,0.000000,2.902673,4.534441,0.487062,0,0,0.000000,0.000000,8,10,-1,0,,175224
1788459170.237778,61.711495,rx,-1,0.000000,0.000000,0.000000,0.000000,2403,60100,25008,0.000000,0.000000,2.902673,4.534441,0.487062,0,0,0.000000,0.000000,8,10,-1,0,,175224
1788459170.237819,61.711539,tx,-1,0.000000,0.000000,0.000000,0.000000,,,,,,,,,,,,,,,,,aa5501090000000000000000004829,175368
1788459170.291998,61.765700,rx,-1,0.000000,0.000000,0.000000,0.000000,2404,60126,25004,0.000000,0.000000,2.902673,4.534441,0.487062,0,0,0.000000,0.000000,8,10,-1,0,,175368
1788459170.295531,61.769239,rx,-1,0.000000,0.000000,0.000000,0.000000,2405,60150,25004,0.000000,0.000000,2.902673,4.534441,0.487062,0,0,0.000000,0.000000,8,10,-1,0,,175368
1788459170.295688,61.769407,tx,-1,0.000000,0.000000,0.000000,0.000000,,,,,,,,,,,,,,,,,aa5501090000000000000000004829,175512
1788459170.343968,61.817671,rx,-1,0.000000,0.000000,0.000000,0.000000,2406,60176,24996,0.000000,0.000000,2.902673,4.534441,0.487062,0,0,0.000000,0.000000,8,10,-1,0,,175512
1788459170.344430,61.818143,rx,-1,0.000000,0.000000,0.000000,0.000000,2407,60200,25000,0.000000,0.000000,2.902673,4.534441,0.487062,0,0,0.000000,0.000000,8,10,-1,0,,175512
1788459170.344514,61.818233,tx,-1,0.000000,0.000000,0.000000,0.000000,,,,,,,,,,,,,,,,,aa5501090000000000000000004829,175656
1788459170.398501,61.872208,rx,-1,0.000000,0.000000,0.000000,0.000000,2408,60225,25012,0.000000,0.000000,2.902673,4.534441,0.487062,0,0,0.000000,0.000000,8,10,-1,0,,175656
1788459170.400946,61.874662,rx,-1,0.000000,0.000000,0.000000,0.000000,2409,60251,25016,0.000000,0.000000,2.902673,4.534441,0.487062,0,0,0.000000,0.000000,8,10,-1,0,,175656
1788459170.400984,61.874704,tx,-1,0.000000,0.000000,0.000000,0.000000,,,,,,,,,,,,,,,,,aa5501090000000000000000004829,175800
1788459170.449306,61.923012,rx,-1,0.000000,0.000000,0.000000,0.000000,2410,60275,24988,0.000000,0.000000,2.902673,4.534441,0.487062,0,0,0.000000,0.000000,8,10,-1,0,,175800
1788459170.449567,61.923283,rx,-1,0.000000,0.000000,0.000000,0.000000,2411,60301,24988,0.000000,0.000000,2.902673,4.534441,0.487062,0,0,0.000000,0.000000,8,10,-1,0,,175800
1788459170.449611,61.923330,tx,-1,0.000000,0.000000,0.000000,0.000000,,,,,,,,,,,,,,,,,aa5501090000000000000000004829,175944
1788459170.503809,61.977501,rx,-1,0.000000,0.000000,0.000000,0.000000,2412,60325,25032,0.000000,0.000000,2.902673,4.534441,0.487062,0,0,0.000000,0.000000,8,10,-1,0,,175944
1788459170.508039,61.981746,rx,-1,0.000000,0.000000,0.000000,0.000000,2413,60351,24980,0.000000,0.000000,2.902673,4.534441,0.487062,0,0,0.000000,0.000000,8,10,-1,0,,175944
1788459170.508179,61.981898,tx,-1,0.000000,0.000000,0.000000,0.000000,,,,,,,,,,,,,,,,,aa5501090000000000000000004829,176088
1788459170.556322,62.030024,rx,-1,0.000000,0.000000,0.000000,0.000000,2414,60376,24996,0.000000,0.000000,2.902673,4.534441,0.487062,0,0,0.000000,0.000000,8,10,-1,0,,176088
1788459170.556538,62.030256,rx,-1,0.000000,0.000000,0.000000,0.000000,2415,60400,25012,0.000000,0.000000,2.902673,4.534441,0.487062,0,0,0.000000,0.000000,8,10,-1,0,,176088
1788459170.556562,62.030281,tx,-1,0.000000,0.000000,0.000000,0.000000,,,,,,,,,,,,,,,,,aa5501090000000000000000004829,176232
1788459170.611319,62.085020,rx,-1,0.000000,0.000000,0.000000,0.000000,2416,60426,24984,0.000000,0.000000,2.902673,4.534441,0.487062,0,0,0.000000,0.000000,8,10,-1,0,,176232
1788459170.615544,62.089251,rx,-1,0.000000,0.000000,0.000000,0.000000,2417,60450,24980,0.000000,0.000000,2.902673,4.534441,0.487062,0,0,0.000000,0.000000,8,10,-1,0,,176232
1788459170.615731,62.089450,tx,-1,0.000000,0.000000,0.000000,0.000000,,,,,,,,,,,,,,,,,aa5501090000000000000000004829,176408
1788459170.664377,62.138077,rx,-1,0.000000,0.000000,0.000000,0.000000,2418,60476,25028,0.000000,0.000000,2.902673,4.534441,0.487062,0,0,0.000000,0.000000,8,10,-1,0,,176408
1788459170.664534,62.138253,rx,-1,0.000000,0.000000,0.000000,0.000000,2419,60500,25004,0.000000,0.000000,2.902673,4.534441,0.487062,0,0,0.000000,0.000000,8,10,-1,0,,176408
1788459170.664559,62.138278,tx,-1,0.000000,0.000000,0.000000,0.000000,,,,,,,,,,,,,,,,,aa5501090000000000000000004829,176584
1788459170.716884,62.190595,rx,-1,0.000000,0.000000,0.000000,0.000000,2420,60525,25004,0.000000,0.000000,2.902673,4.534441,0.487062,0,0,0.000000,0.000000,8,10,-1,0,,176584
1788459170.719160,62.192877,rx,-1,0.000000,0.000000,0.000000,0.000000,2421,60551,25012,0.000000,0.000000,2.902673,4.534441,0.487062,0,0,0.000000,0.000000,8,10,-1,0,,176584
1788459170.719229,62.192948,rx,-1,0.000000,0.000000,0.000000,0.000000,2422,60575,24992,0.000000,0.000000,2.902673,4.534441,0.487062,0,0,0.000000,0.000000,8,10,-1,0,,176584
1788459170.719241,62.192961,tx,-1,0.000000,0.000000,0.000000,0.000000,,,,,,,,,,,,,,,,,aa5501090000000000000000004829,176736
1788459170.772145,62.245860,rx,-1,0.000000,0.000000,0.000000,0.000000,2423,60601,24996,0.000000,0.000000,2.902673,4.534441,0.487062,0,0,0.000000,0.000000,8,10,-1,0,,176736
1788459170.772280,62.245999,rx,-1,0.000000,0.000000,0.000000,0.000000,2424,60625,24964,0.000000,0.000000,2.902673,4.534441,0.487062,0,0,0.000000,0.000000,8,10,-1,0,,176736
1788459170.772297,62.246016,tx,-1,0.000000,0.000000,0.000000,0.000000,,,,,,,,,,,,,,,,,aa5501090000000000000000004829,176880
1788459170.825930,62.299644,rx,-1,0.000000,0.000000,0.000000,0.000000,2425,60651,25040,0.000000,0.000000,2.902673,4.534441,0.487062,0,0,0.000000,0.000000,8,10,-1,0,,176880
1788459170.828572,62.302289,rx,-1,0.000000,0.000000,0.000000,0.000000,2426,60676,24976,0.000000,0.000000,2.902673,4.534441,0.487062,0,0,0.000000,0.000000,8,10,-1,0,,176880
1788459170.828617,62.302336,tx,-1,0.000000,0.000000,0.000000,0.000000,,,,,,,,,,,,,,,,,aa5501090000000000000000004829,177024
1788459170.876666,62.350378,rx,-1,0.000000,0.000000,0.000000,0.000000,2427,60700,25024,0.000000,0.000000,2.902673,4.534441,0.487062,0,0,0.000000,0.000000,8,10,-1,0,,177024
1788459170.876820,62.350538,rx,-1,0.000000,0.000000,0.000000,0.000000,2428,60726,24988,0.000000,0.000000,2.902673,4.534441,0.487062,0,0,0.000000,0.000000,8,10,-1,0,,177024
1788459170.876839,62.350558,tx,-1,0.000000,0.000000,0.000000,0.000000,,,,,,,,,,,,,,,,,aa5501090000000000000000004829,177168
1788459170.929697,62.403405,rx,-1,0.000000,0.000000,0.000000,0.000000,2429,60750,24980,0.000000,0.000000,2.902673,4.534441,0.487062,0,0,0.000000,0.000000,8,10,-1,0,,177168
1788459170.933308,62.407023,rx,-1,0.000000,0.000000,0.000000,0.000000,2430,60776,25032,0.000000,0.000000,2.902673,4.534441,0.487062,0,0,0.000000,0.000000,8,10,-1,0,,177168
1788459170.933395,62.407114,tx,-1,0.000000,0.000000,0.000000,0.000000,,,,,,,,,,,,,,,,,aa5501090000000000000000004829,177312
1788459170.982415,62.456115,rx,-1,0.000000,0.000000,0.000000,0.000000,2431,60801,25004,0.000000,0.000000,2.902673,4.534441,0.487062,0,0,0.000000,0.000000,8,10,-1,0,,177312
1788459170.982685,62.456401,rx,-1,0.000000,0.000000,0.000000,0.000000,2432,60825,25004,0.000000,0.000000,2.902673,4.534441,0.487062,0,0,0.000000,0.000000,8,10,-1,0,,177312
1788459170.982715,62.456433,tx,-1,0.000000,0.000000,0.000000,0.000000,,,,,,,,,,,,,,,,,aa5501090000000000000000004829,177456
1788459171.037640,62.511342,rx,-1,0.000000,0.000000,0.000000,0.000000,2433,60851,24956,0.000000,0.000000,2.902673,4.534441,0.487062,0,0,0.000000,0.000000,8,10,-1,0,,177456
1788459171.040911,62.514625,rx,-1,0.000000,0.000000,0.000000,0.000000,2434,60875,25004,0.000000,0.000000,2.902673,4.534441,0.487062,0,0,0.000000,0.000000,8,10,-1,0,,177456
1788459171.040980,62.514699,tx,-1,0.000000,0.000000,0.000000,0.000000,,,,,,,,,,,,,,,,,aa5501090000000000000000004829,177600
1788459171.088661,62.562367,rx,-1,0.000000,0.000000,0.000000,0.000000,2435,60901,25032,0.000000,0.000000,2.902673,4.534441,0.487062,0,0,0.000000,0.000000,8,10,-1,0,,177600
1788459171.088969,62.562683,rx,-1,0.000000,0.000000,0.000000,0.000000,2436,60925,24976,0.000000,0.000000,2.902673,4.534441,0.487062,0,0,0.000000,0.000000,8,10,-1,0,,177600
1788459171.089015,62.562734,tx,-1,0.000000,0.000000,0.000000,0.000000,,,,,,,,,,,,,,,,,aa5501090000000000000000004829,177744
1788459171.143776,62.617481,rx,-1,0.000000,0.000000,0.000000,0.000000,2437,60950,24992,0.000000,0.000000,2.902673,4.534441,0.487062,0,0,0.000000,0.000000,8,10,-1,0,,177744
1788459171.147892,62.621603,rx,-1,0.000000,0.000000,0.000000,0.000000,2438,60976,25036,0.000000,0.000000,2.902673,4.534441,0.487062,0,0,0.000000,0.000000,8,10,-1,0,,177744
1788459171.148031,62.621750,tx,-1,0.000000,0.000000,0.000000,0.000000,,,,,,,,,,,,,,,,,aa5501090000000000000000004829,177952
1788459171.196224,62.669925,rx,-1,0.000000,0.000000,0.000000,0.000000,2439,61000,24968,0.000000,0.000000,2.902673,4.534441,0.487062,0,0,0.000000,0.000000,8,10,-1,0,,177952
1788459171.196531,62.670248,rx,-1,0.000000,0.000000,0.000000,0.000000,2440,61026,25000,0.000000,0.000000,2.902673,4.534441,0.487062,0,0,0.000000,0.000000,8,10,-1,0,,177952
1788459171.196644,62.670362,rx,-1,0.000000,0.000000,0.000000,0.000000,2441,61050,25020,0.000000,0.000000,2.902673,4.534441,0.487062,0,0,0.000000,0.000000,8,10,-1,0,,177952
1788459171.196666,62.670385,tx,-1,0.000000,0.000000,0.000000,0.000000,,,,,,,,,,,,,,,,,aa5501090000000000000000004829,178159
1788459171.247559,62.721262,rx,-1,0.000000,0.000000,0.000000,0.000000,2442,61076,25000,0.000000,0.000000,2.902673,4.534441,0.487062,0,0,0.000000,0.000000,8,10,-1,0,,178159
1788459171.250355,62.724067,rx,-1,0.000000,0.000000,0.000000,0.000000,2443,61101,24992,0.000000,0.000000,2.902673,4.534441,0.487062,0,0,0.000000,0.000000,8,10,-1,0,,178159
1788459171.250438,62.724157,tx,-1,0.000000,0.000000,0.000000,0.000000,,,,,,,,,,,,,,,,,aa5501090000000000000000004829,178303
1788459171.299778,62.773477,rx,-1,0.000000,0.000000,0.000000,0.000000,2444,61125,25000,0.000000,0.000000,2.902673,4.534441,0.487062,0,0,0.000000,0.000000,8,10,-1,0,,178303
1788459171.300104,62.773818,rx,-1,0.000000,0.000000,0.000000,0.000000,2445,61151,24992,0.000000,0.000000,2.902673,4.534441,0.487062,0,0,0.000000,0.000000,8,10,-1,0,,178303
1788459171.300142,62.773860,tx,-1,0.000000,0.000000,0.000000,0.000000,,,,,,,,,,,,,,,,,aa5501090000000000000000004829,178447
1788459171.354662,62.828359,rx,-1,0.000000,0.000000,0.000000,0.000000,2446,61175,25016,0.000000,0.000000,2.902673,4.534441,0.487062,0,0,0.000000,0.000000,8,10,-1,0,,178447
1788459171.358116,62.831805,rx,-1,0.000000,0.000000,0.000000,0.000000,2447,61201,24988,0.000000,0.000000,2.902673,4.534441,0.487062,0,0,0.000000,0.000000,8,10,-1,0,,178447
1788459171.358330,62.832047,tx,-1,0.000000,0.000000,0.000000,0.000000,,,,,,,,,,,,,,,,,aa5501090000000000000000004829,178591
1788459171.406968,62.880670,rx,-1,0.000000,0.000000,0.000000,0.000000,2448,61225,25024,0.000000,0.000000,2.902673,4.534441,0.487062,0,0,0.000000,0.000000,8,10,-1,0,,178591
1788459171.407214,62.880930,rx,-1,0.000000,0.000000,0.000000,0.000000,2449,61250,24992,0.000000,0.000000,2.902673,4.534441,0.487062,0,0,0.000000,0.000000,8,10,-1,0,,178591
1788459171.407252,62.880971,tx,-1,0.000000,0.000000,0.000000,0.000000,,,,,,,,,,,,,,,,,aa5501090000000000000000004829,178735
1788459171.461502,62.935206,rx,-1,0.000000,0.000000,0.000000,0.000000,2450,61276,24984,0.000000,0.000000,2.902673,4.534441,0.487062,0,0,0.000000,0.000000,8,10,-1,0,,178735
1788459171.465192,62.938906,rx,-1,0.000000,0.000000,0.000000,0.000000,2451,61300,25024,0.000000,0.000000,2.902673,4.534441,0.487062,0,0,0.000000,0.000000,8,10,-1,0,,178735
1788459171.465286,62.939005,tx,-1,0.000000,0.000000,0.000000,0.000000,,,,,,,,,,,,,,,,,aa5501090000000000000000004829,178879
1788459171.513368,62.987074,rx,-1,0.000000,0.000000,0.000000,0.000000,2452,61326,24992,0.000000,0.000000,2.902673,4.534441,0.487062,0,0,0.000000,0.000000,8,10,-1,0,,178879
1788459171.513604,62.987320,rx,-1,0.000000,0.000000,0.000000,0.000000,2453,61350,24972,0.000000,0.000000,2.902673,4.534441,0.487062,0,0,0.000000,0.000000,8,10,-1,0,,178879
1788459171.513660,62.987378,tx,-1,0.000000,0.000000,0.000000,0.000000,,,,,,,,,,,,,,,,,aa5501090000000000000000004829,179023
1788459171.567220,63.040930,rx,-1,0.000000,0.000000,0.000000,0.000000,2454,61375,24996,0.000000,0.000000,2.902673,4.534441,0.487062,0,0,0.000000,0.000000,8,10,-1,0,,179023
1788459171.569420,63.043135,rx,-1,0.000000,0.000000,0.000000,0.000000,2455,61401,25028,0.000000,0.000000,2.902673,4.534441,0.487062,0,0,0.000000,0.000000,8,10,-1,0,,179023
1788459171.569471,63.043190,tx,-1,0.000000,0.000000,0.000000,0.000000,,,,,,,,,,,,,,,,,aa5501090000000000000000004829,179167
1788459171.621323,63.095034,rx,-1,0.000000,0.000000,0.000000,0.000000,2456,61425,25004,0.000000,0.000000,2.902673,4.534441,0.487062,0,0,0.000000,0.000000,8,10,-1,0,,179167
1788459171.621399,63.095116,rx,-1,0.000000,0.000000,0.000000,0.000000,2457,61451,25008,0.000000,0.000000,2.902673,4.534441,0.487062,0,0,0.000000,0.000000,8,10,-1,0,,179167
1788459171.621414,63.095133,tx,-1,0.000000,0.000000,0.000000,0.000000,,,,,,,,,,,,,,,,,aa5501090000000000000000004829,179343
1788459171.673883,63.147595,rx,-1,0.000000,0.000000,0.000000,0.000000,2458,61475,24960,0.000000,0.000000,2.902673,4.534441,0.487062,0,0,0.000000,0.000000,8,10,-1,0,,179343
1788459171.675929,63.149643,rx,-1,0.000000,0.000000,0.000000,0.000000,2459,61501,24996,0.000000,0.000000,2.902673,4.534441,0.487062,0,0,0.000000,0.000000,8,10,-1,0,,179343
1788459171.675973,63.149692,tx,-1,0.000000,0.000000,0.000000,0.000000,,,,,,,,,,,,,,,,,aa5501090000000000000000004829,179519
1788459171.727157,63.200870,rx,-1,0.000000,0.000000,0.000000,0.000000,2460,61526,25000,0.000000,0.000000,2.902673,4.534441,0.487062,0,0,0.000000,0.000000,8,10,-1,0,,179519
1788459171.727234,63.200952,rx,-1,0.000000,0.000000,0.000000,0.000000,2461,61550,25008,0.000000,0.000000,2.902673,4.534441,0.487062,0,0,0.000000,0.000000,8,10,-1,0,,179519
1788459171.727279,63.200998,rx,-1,0.000000,0.000000,0.000000,0.000000,2462,61576,25012,0.000000,0.000000,2.902673,4.534441,0.487062,0,0,0.000000,0.000000,8,10,-1,0,,179519
1788459171.727289,63.201008,tx,-1,0.000000,0.000000,0.000000,0.000000,,,,,,,,,,,,,,,,,aa5501090000000000000000004829,179671
1788459171.780415,63.254130,rx,-1,0.000000,0.000000,0.000000,0.000000,2463,61600,24996,0.000000,0.000000,2.902673,4.534441,0.487062,0,0,0.000000,0.000000,8,10,-1,0,,179671
1788459171.782363,63.256078,rx,-1,0.000000,0.000000,0.000000,0.000000,2464,61626,25020,0.000000,0.000000,2.902673,4.534441,0.487062,0,0,0.000000,0.000000,8,10,-1,0,,179671
1788459171.782394,63.256113,tx,-1,0.000000,0.000000,0.000000,0.000000,,,,,,,,,,,,,,,,,aa5501090000000000000000004829,179815
1788459171.834561,63.308271,rx,-1,0.000000,0.000000,0.000000,0.000000,2465,61650,24992,0.000000,0.000000,2.902673,4.534441,0.487062,0,0,0.000000,0.000000,8,10,-1,0,,179815
1788459171.834725,63.308441,rx,-1,0.000000,0.000000,0.000000,0.000000,2466,61675,24984,0.000000,0.000000,2.902673,4.534441,0.487062,0,0,0.000000,0.000000,8,10,-1,0,,179815
1788459171.834743,63.308462,tx,-1,0.000000,0.000000,0.000000,0.000000,,,,,,,,,,,,,,,,,aa5501090000000000000000004829,179959
1788459171.887864,63.361571,rx,-1,0.000000,0.000000,0.000000,0.000000,2467,61701,24996,0.000000,0.000000,2.902673,4.534441,0.487062,0,0,0.000000,0.000000,8,10,-1,0,,179959
1788459171.891747,63.365457,rx,-1,0.000000,0.000000,0.000000,0.000000,2468,61725,25008,0.000000,0.000000,2.902673,4.534441,0.487062,0,0,0.000000,0.000000,8,10,-1,0,,179959
1788459171.891832,63.365550,tx,-1,0.000000,0.000000,0.000000,0.000000,,,,,,,,,,,,,,,,,aa5501090000000000000000004829,180103
1788459171.939994,63.413699,rx,-1,0.000000,0.000000,0.000000,0.000000,2469,61751,25000,0.000000,0.000000,2.902673,4.534441,0.487062,0,0,0.000000,0.000000,8,10,-1,0,,180103
1788459171.940267,63.413980,rx,-1,0.000000,0.000000,0.000000,0.000000,2470,61775,25012,0.000000,0.000000,2.902673,4.534441,0.487062,0,0,0.000000,0.000000,8,10,-1,0,,180103
1788459171.940308,63.414026,tx,-1,0.000000,0.000000,0.000000,0.000000,,,,,,,,,,,,,,,,,aa5501090000000000000000004829,180247
1788459171.995289,63.468980,rx,-1,0.000000,0.000000,0.000000,0.000000,2471,61801,24996,0.000000,0.000000,2.902673,4.534441,0.487062,0,0,0.000000,0.000000,8,10,-1,0,,180247
1788459172.000090,63.473793,rx,-1,0.000000,0.000000,0.000000,0.000000,2472,61826,25000,0.000000,0.000000,2.902673,4.534441,0.487062,0,0,0.000000,0.000000,8,10,-1,0,,180247
1788459172.000200,63.473918,tx,-1,0.000000,0.000000,0.000000,0.000000,,,,,,,,,,,,,,,,,aa5501090000000000000000004829,180391
1788459172.047392,63.521104,rx,-1,0.000000,0.000000,0.000000,0.000000,2473,61850,25012,0.000000,0.000000,2.902673,4.534441,0.487062,0,0,0.000000,0.000000,8,10,-1,0,,180391
1788459172.047491,63.521208,rx,-1,0.000000,0.000000,0.000000,0.000000,2474,61876,25008,0.000000,0.000000,2.902673,4.534441,0.487062,0,0,0.000000,0.000000,8,10,-1,0,,180391
1788459172.047506,63.521224,tx,-1,0.000000,0.000000,0.000000,0.000000,,,,,,,,,,,,,,,,,aa5501090000000000000000004829,180535
1788459172.099992,63.573696,rx,-1,0.000000,0.000000,0.000000,0.000000,2475,61900,24972,0.000000,0.000000,2.902673,4.534441,0.487062,0,0,0.000000,0.000000,8,10,-1,0,,180535
1788459172.103293,63.577002,rx,-1,0.000000,0.000000,0.000000,0.000000,2476,61926,24996,0.000000,0.000000,2.902673,4.534441,0.487062,0,0,0.000000,0.000000,8,10,-1,0,,180535
1788459172.103373,63.577092,tx,-1,0.000000,0.000000,0.000000,0.000000,,,,,,,,,,,,,,,,,aa5501090000000000000000004829,180679
1788459172.150972,63.624686,rx,-1,0.000000,0.000000,0.000000,0.000000,2477,61950,25032,0.000000,0.000000,2.902673,4.534441,0.487062,0,0,0.000000,0.000000,8,10,-1,0,,180679
1788459172.151055,63.624772,rx,-1,0.000000,0.000000,0.000000,0.000000,2478,61975,24996,0.000000,0.000000,2.902673,4.534441,0.487062,0,0,0.000000,0.000000,8,10,-1,0,,180679
1788459172.151066,63.624785,tx,-1,0.000000,0.000000,0.000000,0.000000,,,,,,,,,,,,,,,,,aa5501090000000000000000004829,180823
1788459172.204486,63.678191,rx,-1,0.000000,0.000000,0.000000,0.000000,2479,62001,24968,0.000000,0.000000,2.902673,4.534441,0.487062,0,0,0.000000,0.000000,8,10,-1,0,,180823
1788459172.208688,63.682398,rx,-1,0.000000,0.000000,0.000000,0.000000,2480,62025,25024,0.000000,0.000000,2.902673,4.534441,0.487062,0,0,0.000000,0.000000,8,10,-1,0,,180823
1788459172.208783,63.682500,tx,-1,0.000000,0.000000,0.000000,0.000000,,,,,,,,,,,,,,,,,aa5501090000000000000000004829,181054
1788459172.257060,63.730764,rx,-1,0.000000,0.000000,0.000000,0.000000,2481,62051,24984,0.000000,0.000000,2.902673,4.534441,0.487062,0,0,0.000000,0.000000,8,10,-1,0,,181054
1788459172.257333,63.731046,rx,-1,0.000000,0.000000,0.000000,0.000000,2482,62075,24988,0.000000,0.000000,2.902673,4.534441,0.487062,0,0,0.000000,0.000000,8,10,-1,0,,181054
1788459172.257400,63.731117,tx,-1,0.000000,0.000000,0.000000,0.000000,,,,,,,,,,,,,,,,,aa5501090000000000000000004829,181230
1788459172.311736,63.785450,rx,-1,0.000000,0.000000,0.000000,0.000000,2483,62101,25028,0.000000,0.000000,2.902673,4.534441,0.487062,0,0,0.000000,0.000000,8,10,-1,0,,181230
1788459172.313688,63.787404,rx,-1,0.000000,0.000000,0.000000,0.000000,2484,62126,25004,0.000000,0.000000,2.902673,4.534441,0.487062,0,0,0.000000,0.000000,8,10,-1,0,,181230
1788459172.313752,63.787470,rx,-1,0.000000,0.000000,0.000000,0.000000,2485,62150,24996,0.000000,0.000000,2.902673,4.534441,0.487062,0,0,0.000000,0.000000,8,10,-1,0,,181230
1788459172.313762,63.787481,tx,-1,0.000000,0.000000,0.000000,0.000000,,,,,,,,,,,,,,,,,aa5501090000000000000000004829,181382
1788459172.363059,63.836760,rx,-1,0.000000,0.000000,0.000000,0.000000,2486,62176,24980,0.000000,0.000000,2.902673,4.534441,0.487062,0,0,0.000000,0.000000,8,10,-1,0,,181382
1788459172.363349,63.837061,rx,-1,0.000000,0.000000,0.000000,0.000000,2487,62200,24988,0.000000,0.000000,2.902673,4.534441,0.487062,0,0,0.000000,0.000000,8,10,-1,0,,181382
1788459172.363399,63.837117,tx,-1,0.000000,0.000000,0.000000,0.000000,,,,,,,,,,,,,,,,,aa5501090000000000000000004829,181526
1788459172.417198,63.890904,rx,-1,0.000000,0.000000,0.000000,0.000000,2488,62226,25016,0.000000,0.000000,2.902673,4.534441,0.487062,0,0,0.000000,0.000000,8,10,-1,0,,181526
1788459172.420744,63.894448,rx,-1,0.000000,0.000000,0.000000,0.000000,2489,62251,24992,0.000000,0.000000,2.902673,4.534441,0.487062,0,0,0.000000,0.000000,8,10,-1,0,,181526
1788459172.420851,63.894569,tx,-1,0.000000,0.000000,0.000000,0.000000,,,,,,,,,,,,,,,,,aa5501090000000000000000004829,181670
1788459172.469486,63.943189,rx,-1,0.000000,0.000000,0.000000,0.000000,2490,62275,25000,0.000000,0.000000,2.902673,4.534441,0.487062,0,0,0.000000,0.000000,8,10,-1,0,,181670
1788459172.469750,63.943465,rx,-1,0.000000,0.000000,0.000000,0.000000,2491,62301,25016,0.000000,0.000000,2.902673,4.534441,0.487062,0,0,0.000000,0.000000,8,10,-1,0,,181670
1788459172.469785,63.943502,tx,-1,0.000000,0.000000,0.000000,0.000000,,,,,,,,,,,,,,,,,aa5501090000000000000000004829,181814
1788459172.524416,63.998121,rx,-1,0.000000,0.000000,0.000000,0.000000,2492,62325,24988,0.000000,0.000000,2.902673,4.534441,0.487062,0,0,0.000000,0.000000,8,10,-1,0,,181814
1788459172.527669,64.001381,rx,-1,0.000000,0.000000,0.000000,0.000000,2493,62351,25028,0.000000,0.000000,2.902673,4.534441,0.487062,0,0,0.000000,0.000000,8,10,-1,0,,181814
1788459172.527747,64.001465,tx,-1,0.000000,0.000000,0.000000,0.000000,,,,,,,,,,,,,,,,,aa5501090000000000000000004829,181958
1788459172.576045,64.049749,rx,-1,0.000000,0.000000,0.000000,0.000000,2494,62375,24980,0.000000,0.000000,2.902673,4.534441,0.487062,0,0,0.000000,0.000000,8,10,-1,0,,181958
1788459172.576254,64.049968,rx,-1,0.000000,0.000000,0.000000,0.000000,2495,62400,24988,0.000000,0.000000,2.902673,4.534441,0.487062,0,0,0.000000,0.000000,8,10,-1,0,,181958
1788459172.576295,64.050012,tx,-1,0.000000,0.000000,0.000000,0.000000,,,,,,,,,,,,,,,,,aa5501090000000000000000004829,182102
1788459172.629710,64.103408,rx,-1,0.000000,0.000000,0.000000,0.000000,2496,62426,24996,0.000000,0.000000,2.902673,4.534441,0.487062,0,0,0.000000,0.000000,8,10,-1,0,,182102
1788459172.634000,64.107710,rx,-1,0.000000,0.000000,0.000000,0.000000,2497,62450,25000,0.000000,0.000000,2.902673,4.534441,0.487062,0,0,0.000000,0.000000,8,10,-1,0,,182102
1788459172.634115,64.107832,tx,-1,0.000000,0.000000,0.000000,0.000000,,,,,,,,,,,,,,,,,aa5501090000000000000000004829,182246
1788459172.682304,64.156010,rx,-1,0.000000,0.000000,0.000000,0.000000,2498,62476,25040,0.000000,0.000000,2.902673,4.534441,0.487062,0,0,0.000000,0.000000,8,10,-1,0,,182246
1788459172.682631,64.156344,rx,-1,0.000000,0.000000,0.000000,0.000000,2499,62500,24972,0.000000,0.000000,2.902673,4.534441,0.487062,0,0,0.000000,0.000000,8,10,-1,0,,182246
1788459172.682678,64.156395,tx,-1,0.000000,0.000000,0.000000,0.000000,,,,,,,,,,,,,,,,,aa5501090000000000000000004829,182390
1788459172.739233,64.212941,rx,-1,0.000000,0.000000,0.000000,0.000000,2500,62526,25004,0.000000,0.000000,2.902673,4.534441,0.487062,0,0,0.000000,0.000000,8,10,-1,0,,182390
1788459172.743374,64.217082,rx,-1,0.000000,0.000000,0.000000,0.000000,2501,62551,25000,0.000000,0.000000,2.902673,4.534441,0.487062,0,0,0.000000,0.000000,8,10,-1,0,,182390
1788459172.743866,64.217573,rx,-1,0.000000,0.000000,0.000000,0.000000,2502,62575,24980,0.000000,0.000000,2.902673,4.534441,0.487062,0,0,0.000000,0.000000,8,10,-1,0,,182390
1788459172.743953,64.217670,tx,-1,0.000000,0.000000,0.000000,0.000000,,,,,,,,,,,,,,,,,aa5501090000000000000000004829,182606
1788459172.816556,64.264326,rx,-1,0.000000,0.000000,0.000000,0.000000,2503,62601,25036,0.000000,0.000000,2.902673,4.534441,0.487062,0,0,0.000000,0.000000,8,10,-1,0,,182606
1788459172.816881,64.290596,rx,-1,0.000000,0.000000,0.000000,0.000000,2504,62625,24972,0.000000,0.000000,2.902673,4.534441,0.487062,0,0,0.000000,0.000000,8,10,-1,0,,182606
1788459172.816913,64.290630,tx,-1,0.000000,0.000000,0.000000,0.000000,,,,,,,,,,,,,,,,,aa5501090000000000000000004829,182750
1788459172.845848,64.319554,rx,-1,0.000000,0.000000,0.000000,0.000000,2505,62651,25036,0.000000,0.000000,2.902673,4.534441,0.487062,0,0,0.000000,0.000000,8,10,-1,0,,182750
1788459172.853416,64.327117,rx,-1,0.000000,0.000000,0.000000,0.000000,2506,62675,24976,0.000000,0.000000,2.902673,4.534441,0.487062,0,0,0.000000,0.000000,8,10,-1,0,,182750
1788459172.853536,64.327253,tx,-1,0.000000,0.000000,0.000000,0.000000,,,,,,,,,,,,,,,,,aa5501090000000000000000004829,182894
1788459172.895747,64.369454,rx,-1,0.000000,0.000000,0.000000,0.000000,2507,62700,24996,0.000000,0.000000,2.902673,4.534441,0.487062,0,0,0.000000,0.000000,8,10,-1,0,,182894
1788459172.895855,64.369570,rx,-1,0.000000,0.000000,0.000000,0.000000,2508,62726,24988,0.000000,0.000000,2.902673,4.534441,0.487062,0,0,0.000000,0.000000,8,10,-1,0,,182894
1788459172.895871,64.369589,tx,-1,0.000000,0.000000,0.000000,0.000000,,,,,,,,,,,,,,,,,aa5501090000000000000000004829,183038
1788459172.948713,64.422417,rx,-1,0.000000,0.000000,0.000000,0.000000,2509,62750,25016,0.000000,0.000000,2.902673,4.534441,0.487062,0,0,0.000000,0.000000,8,10,-1,0,,183038
1788459172.951640,64.425353,rx,-1,0.000000,0.000000,0.000000,0.000000,2510,62776,24984,0.000000,0.000000,2.902673,4.534441,0.487062,0,0,0.000000,0.000000,8,10,-1,0,,183038
1788459172.951727,64.425445,tx,-1,0.000000,0.000000,0.000000,0.000000,,,,,,,,,,,,,,,,,aa5501090000000000000000004829,183182
1788459172.999117,64.472829,rx,-1,0.000000,0.000000,0.000000,0.000000,2511,62800,25028,0.000000,0.000000,2.902673,4.534441,0.487062,0,0,0.000000,0.000000,8,10,-1,0,,183182
1788459172.999221,64.472937,rx,-1,0.000000,0.000000,0.000000,0.000000,2512,62826,25000,0.000000,0.000000,2.902673,4.534441,0.487062,0,0,0.000000,0.000000,8,10,-1,0,,183182
1788459172.999238,64.472956,tx,-1,0.000000,0.000000,0.000000,0.000000,,,,,,,,,,,,,,,,,aa5501090000000000000000004829,183326
1788459173.050951,64.524663,rx,-1,0.000000,0.000000,0.000000,0.000000,2513,62851,25008,0.000000,0.000000,2.902673,4.534441,0.487062,0,0,0.000000,0.000000,8,10,-1,0,,183326
1788459173.054217,64.527930,rx,-1,0.000000,0.000000,0.000000,0.000000,2514,62875,24980,0.000000,0.000000,2.902673,4.534441,0.487062,0,0,0.000000,0.000000,8,10,-1,0,,183326
1788459173.054250,64.527968,tx,-1,0.000000,0.000000,0.000000,0.000000,,,,,,,,,,,,,,,,,aa5501090000000000000000004829,183470
1788459173.102418,64.576127,rx,-1,0.000000,0.000000,0.000000,0.000000,2515,62901,24984,0.000000,0.000000,2.902673,4.534441,0.487062,0,0,0.000000,0.000000,8,10,-1,0,,183470
1788459173.102520,64.576237,rx,-1,0.000000,0.000000,0.000000,0.000000,2516,62925,25032,0.000000,0.000000,2.902673,4.534441,0.487062,0,0,0.000000,0.000000,8,10,-1,0,,183470
1788459173.102536,64.576254,tx,-1,0.000000,0.000000,0.000000,0.000000,,,,,,,,,,,,,,,,,aa5501090000000000000000004829,183614
1788459173.154811,64.628527,rx,-1,0.000000,0.000000,0.000000,0.000000,2517,62951,25008,0.000000,0.000000,2.902673,4.534441,0.487062,0,0,0.000000,0.000000,8,10,-1,0,,183614
1788459173.156758,64.630474,rx,-1,0.000000,0.000000,0.000000,0.000000,2518,62976,24992,0.000000,0.000000,2.902673,4.534441,0.487062,0,0,0.000000,0.000000,8,10,-1,0,,183614
1788459173.156776,64.630494,tx,-1,0.000000,0.000000,0.000000,0.000000,,,,,,,,,,,,,,,,,aa5501090000000000000000004829,183758
1788459173.209819,64.683530,rx,-1,0.000000,0.000000,0.000000,0.000000,2519,63000,24996,0.000000,0.000000,2.902673,4.534441,0.487062,0,0,0.000000,0.000000,8,10,-1,0,,183758
1788459173.209937,64.683653,rx,-1,0.000000,0.000000,0.000000,0.000000,2520,63026,24976,0.000000,0.000000,2.902673,4.534441,0.487062,0,0,0.000000,0.000000,8,10,-1,0,,183758
1788459173.209951,64.683668,tx,-1,0.000000,0.000000,0.000000,0.000000,,,,,,,,,,,,,,,,,aa5501090000000000000000004829,183957
1788459173.262962,64.736672,rx,-1,0.000000,0.000000,0.000000,0.000000,2521,63050,25164,0.000000,0.000000,2.902673,4.534441,0.487062,0,0,0.000000,0.000000,8,10,-1,0,,183957
1788459173.265115,64.738827,rx,-1,0.000000,0.000000,0.000000,0.000000,2522,63076,24840,0.000000,0.000000,2.902673,4.534441,0.487062,0,0,0.000000,0.000000,8,10,-1,0,,183957
1788459173.265159,64.738877,tx,-1,0.000000,0.000000,0.000000,0.000000,,,,,,,,,,,,,,,,,aa5501090000000000000000004829,184101
1788459173.316651,64.790362,rx,-1,0.000000,0.000000,0.000000,0.000000,2523,63100,25012,0.000000,0.000000,2.902673,4.534441,0.487062,0,0,0.000000,0.000000,8,10,-1,0,,184101
1788459173.316730,64.790447,rx,-1,0.000000,0.000000,0.000000,0.000000,2524,63126,25016,0.000000,0.000000,2.902673,4.534441,0.487062,0,0,0.000000,0.000000,8,10,-1,0,,184101
1788459173.316746,64.790463,tx,-1,0.000000,0.000000,0.000000,0.000000,,,,,,,,,,,,,,,,,aa5501090000000000000000004829,184277
1788459173.369277,64.842987,rx,-1,0.000000,0.000000,0.000000,0.000000,2525,63151,24996,0.000000,0.000000,2.902673,4.534441,0.487062,0,0,0.000000,0.000000,8,10,-1,0,,184277
1788459173.371274,64.844989,rx,-1,0.000000,0.000000,0.000000,0.000000,2526,63175,24992,0.000000,0.000000,2.902673,4.534441,0.487062,0,0,0.000000,0.000000,8,10,-1,0,,184277
1788459173.371302,64.845020,tx,-1,0.000000,0.000000,0.000000,0.000000,,,,,,,,,,,,,,,,,aa5501090000000000000000004829,184453
1788459173.423148,64.896860,rx,-1,0.000000,0.000000,0.000000,0.000000,2527,63201,25020,0.000000,0.000000,2.902673,4.534441,0.487062,0,0,0.000000,0.000000,8,10,-1,0,,184453
1788459173.423232,64.896948,rx,-1,0.000000,0.000000,0.000000,0.000000,2528,63225,24992,0.000000,0.000000,2.902673,4.534441,0.487062,0,0,0.000000,0.000000,8,10,-1,0,,184453
1788459173.423279,64.896995,rx,-1,0.000000,0.000000,0.000000,0.000000,2529,63251,24972,0.000000,0.000000,2.902673,4.534441,0.487062,0,0,0.000000,0.000000,8,10,-1,0,,184453
1788459173.423289,64.897006,tx,-1,0.000000,0.000000,0.000000,0.000000,,,,,,,,,,,,,,,,,aa5501090000000000000000004829,184605
1788459173.475482,64.949195,rx,-1,0.000000,0.000000,0.000000,0.000000,2530,63276,25000,0.000000,0.000000,2.902673,4.534441,0.487062,0,0,0.000000,0.000000,8,10,-1,0,,184605
1788459173.477392,64.951108,rx,-1,0.000000,0.000000,0.000000,0.000000,2531,63300,25036,0.000000,0.000000,2.902673,4.534441,0.487062,0,0,0.000000,0.000000,8,10,-1,0,,184605
1788459173.477413,64.951130,tx,-1,0.000000,0.000000,0.000000,0.000000,,,,,,,,,,,,,,,,,aa5501090000000000000000004829,184749
1788459173.531032,65.004745,rx,-1,0.000000,0.000000,0.000000,0.000000,2532,63326,24996,0.000000,0.000000,2.902673,4.534441,0.487062,0,0,0.000000,0.000000,8,10,-1,0,,184749
1788459173.531115,65.004831,rx,-1,0.000000,0.000000,0.000000,0.000000,2533,63350,24960,0.000000,0.000000,2.902673,4.534441,0.487062,0,0,0.000000,0.000000,8,10,-1,0,,184749
1788459173.531127,65.004845,tx,-1,0.000000,0.000000,0.000000,0.000000,,,,,,,,,,,,,,,,,aa5501090000000000000000004829,184893
1788459173.584711,65.058424,rx,-1,0.000000,0.000000,0.000000,0.000000,2534,63376,25036,0.000000,0.000000,2.902673,4.534441,0.487062,0,0,0.000000,0.000000,8,10,-1,0,,184893
1788459173.586877,65.060590,rx,-1,0.000000,0.000000,0.000000,0.000000,2535,63400,24972,0.000000,0.000000,2.902673,4.534441,0.487062,0,0,0.000000,0.000000,8,10,-1,0,,184893
1788459173.586923,65.060640,tx,-1,0.000000,0.000000,0.000000,0.000000,,,,,,,,,,,,,,,,,aa5501090000000000000000004829,185037
1788459173.639460,65.113172,rx,-1,0.000000,0.000000,0.000000,0.000000,2536,63425,25008,0.000000,0.000000,2.902673,4.534441,0.487062,0,0,0.000000,0.000000,8,10,-1,0,,185037
1788459173.639593,65.113308,rx,-1,0.000000,0.000000,0.000000,0.000000,2537,63451,25004,0.000000,0.000000,2.902673,4.534441,0.487062,0,0,0.000000,0.000000,8,10,-1,0,,185037
1788459173.639617,65.113334,tx,-1,0.000000,0.000000,0.000000,0.000000,,,,,,,,,,,,,,,,,aa5501090000000000000000004829,185181
1788459173.693316,65.167025,rx,-1,0.000000,0.000000,0.000000,0.000000,2538,63475,25132,0.000000,0.000000,2.902673,4.534441,0.487062,0,0,0.000000,0.000000,8,10,-1,0,,185181
1788459173.695833,65.169546,rx,-1,0.000000,0.000000,0.000000,0.000000,2539,63501,24868,0.000000,0.000000,2.902673,4.534441,0.487062,0,0,0.000000,0.000000,8,10,-1,0,,185181
1788459173.695875,65.169592,tx,-1,0.000000,0.000000,0.000000,0.000000,,,,,,,,,,,,,,,,,aa5501090000000000000000004829,185325
1788459173.744066,65.217777,rx,-1,0.000000,0.000000,0.000000,0.000000,2540,63525,24988,0.000000,0.000000,2.902673,4.534441,0.487062,0,0,0.000000,0.000000,8,10,-1,0,,185325
1788459173.744216,65.217931,rx,-1,0.000000,0.000000,0.000000,0.000000,2541,63551,25020,0.000000,0.000000,2.902673,4.534441,0.487062,0,0,0.000000,0.000000,8,10,-1,0,,185325
1788459173.744242,65.217959,tx,-1,0.000000,0.000000,0.000000,0.000000,,,,,,,,,,,,,,,,,aa5501090000000000000000004829,185469
1788459173.797742,65.271449,rx,-1,0.000000,0.000000,0.000000,0.000000,2542,63576,24988,0.000000,0.000000,2.902673,4.534441,0.487062,0,0,0.000000,0.000000,8,10,-1,0,,185469
1788459173.800396,65.274108,rx,-1,0.000000,0.000000,0.000000,0.000000,2543,63600,24992,0.000000,0.000000,2.902673,4.534441,0.487062,0,0,0.000000,0.000000,8,10,-1,0,,185469
1788459173.800445,65.274162,tx,-1,0.000000,0.000000,0.000000,0.000000,,,,,,,,,,,,,,,,,aa5501090000000000000000004829,185645
1788459173.848373,65.322078,rx,-1,0.000000,0.000000,0.000000,0.000000,2544,63626,25036,0.000000,0.000000,2.902673,4.534441,0.487062,0,0,0.000000,0.000000,8,10,-1,0,,185645
1788459173.848493,65.322208,rx,-1,0.000000,0.000000,0.000000,0.000000,2545,63650,24972,0.000000,0.000000,2.902673,4.534441,0.487062,0,0,0.000000,0.000000,8,10,-1,0,,185645
1788459173.848522,65.322239,tx,-1,0.000000,0.000000,0.000000,0.000000,,,,,,,,,,,,,,,,,aa5501090000000000000000004829,185789
1788459173.902020,65.375729,rx,-1,0.000000,0.000000,0.000000,0.000000,2546,63676,25024,0.000000,0.000000,2.902673,4.534441,0.487062,0,0,0.000000,0.000000,8,10,-1,0,,185789
1788459173.904258,65.377972,rx,-1,0.000000,0.000000,0.000000,0.000000,2547,63700,24988,0.000000,0.000000,2.902673,4.534441,0.487062,0,0,0.000000,0.000000,8,10,-1,0,,185789
1788459173.904347,65.378063,rx,-1,0.000000,0.000000,0.000000,0.000000,2548,63725,24992,0.000000,0.000000,2.902673,4.534441,0.487062,0,0,0.000000,0.000000,8,10,-1,0,,185789
1788459173.904364,65.378080,tx,-1,0.000000,0.000000,0.000000,0.000000,,,,,,,,,,,,,,,,,aa5501090000000000000000004829,185973
1788459173.951866,65.425579,rx,-1,0.000000,0.000000,0.000000,0.000000,2549,63751,24976,0.000000,0.000000,2.902673,4.534441,0.487062,0,0,0.000000,0.000000,8,10,-1,0,,185973
1788459173.951934,65.425651,tx,-1,0.000000,0.000000,0.000000,0.000000,,,,,,,,,,,,,,,,,aa5501090000000000000000004829,186109
1788459174.005661,65.479372,rx,-1,0.000000,0.000000,0.000000,0.000000,2550,63775,25020,0.000000,0.000000,2.902673,4.534441,0.487062,0,0,0.000000,0.000000,8,10,-1,0,,186109
1788459174.007825,65.481539,rx,-1,0.000000,0.000000,0.000000,0.000000,2551,63801,25016,0.000000,0.000000,2.902673,4.534441,0.487062,0,0,0.000000,0.000000,8,10,-1,0,,186109
1788459174.007905,65.481620,rx,-1,0.000000,0.000000,0.000000,0.000000,2552,63825,24992,0.000000,0.000000,2.902673,4.534441,0.487062,0,0,0.000000,0.000000,8,10,-1,0,,186109
1788459174.007919,65.481636,tx,-1,0.000000,0.000000,0.000000,0.000000,,,,,,,,,,,,,,,,,aa5501090000000000000000004829,186261
1788459174.060031,65.533742,rx,-1,0.000000,0.000000,0.000000,0.000000,2553,63851,25020,0.000000,0.000000,2.902673,4.534441,0.487062,0,0,0.000000,0.000000,8,10,-1,0,,186261
1788459174.060148,65.533864,rx,-1,0.000000,0.000000,0.000000,0.000000,2554,63876,24988,0.000000,0.000000,2.902673,4.534441,0.487062,0,0,0.000000,0.000000,8,10,-1,0,,186261
1788459174.060166,65.533883,tx,-1,0.000000,0.000000,0.000000,0.000000,,,,,,,,,,,,,,,,,aa5501090000000000000000004829,186405
1788459174.113783,65.587492,rx,-1,0.000000,0.000000,0.000000,0.000000,2555,63900,24988,0.000000,0.000000,2.902673,4.534441,0.487062,0,0,0.000000,0.000000,8,10,-1,0,,186405
1788459174.116225,65.589938,rx,-1,0.000000,0.000000,0.000000,0.000000,2556,63926,24976,0.000000,0.000000,2.902673,4.534441,0.487062,0,0,0.000000,0.000000,8,10,-1,0,,186405
1788459174.116273,65.589990,tx,-1,0.000000,0.000000,0.000000,0.000000,,,,,,,,,,,,,,,,,aa5501090000000000000000004829,186549
1788459174.169142,65.642853,rx,-1,0.000000,0.000000,0.000000,0.000000,2557,63950,25028,0.000000,0.000000,2.902673,4.534441,0.487062,0,0,0.000000,0.000000,8,10,-1,0,,186549
1788459174.169297,65.643012,rx,-1,0.000000,0.000000,0.000000,0.000000,2558,63976,25020,0.000000,0.000000,2.902673,4.534441,0.487062,0,0,0.000000,0.000000,8,10,-1,0,,186549
1788459174.169317,65.643034,tx,-1,0.000000,0.000000,0.000000,0.000000,,,,,,,,,,,,,,,,,aa5501090000000000000000004829,186693
1788459174.222179,65.695888,rx,-1,0.000000,0.000000,0.000000,0.000000,2559,64001,24984,0.000000,0.000000,2.902673,4.534441,0.487062,0,0,0.000000,0.000000,8,10,-1,0,,186693
1788459174.225597,65.699307,rx,-1,0.000000,0.000000,0.000000,0.000000,2560,64025,24992,0.000000,0.000000,2.902673,4.534441,0.487062,0,0,0.000000,0.000000,8,10,-1,0,,186693
1788459174.225686,65.699401,tx,-1,0.000000,0.000000,0.000000,0.000000,,,,,,,,,,,,,,,,,aa5501090000000000000000004829,186892
1788459174.273125,65.746839,rx,-1,0.000000,0.000000,0.000000,0.000000,2561,64051,24996,0.000000,0.000000,2.902673,4.534441,0.487062,0,0,0.000000,0.000000,8,10,-1,0,,186892
1788459174.273243,65.746959,rx,-1,0.000000,0.000000,0.000000,0.000000,2562,64075,25008,0.000000,0.000000,2.902673,4.534441,0.487062,0,0,0.000000,0.000000,8,10,-1,0,,186892
1788459174.273256,65.746972,tx,-1,0.000000,0.000000,0.000000,0.000000,,,,,,,,,,,,,,,,,aa5501090000000000000000004829,187036
1788459174.326343,65.800054,rx,-1,0.000000,0.000000,0.000000,0.000000,2563,64101,25012,0.000000,0.000000,2.902673,4.534441,0.487062,0,0,0.000000,0.000000,8,10,-1,0,,187036
1788459174.329137,65.802849,rx,-1,0.000000,0.000000,0.000000,0.000000,2564,64125,24964,0.000000,0.000000,2.902673,4.534441,0.487062,0,0,0.000000,0.000000,8,10,-1,0,,187036
1788459174.329189,65.802905,tx,-1,0.000000,0.000000,0.000000,0.000000,,,,,,,,,,,,,,,,,aa5501090000000000000000004829,187180
1788459174.376829,65.850539,rx,-1,0.000000,0.000000,0.000000,0.000000,2565,64150,25044,0.000000,0.000000,2.902673,4.534441,0.487062,0,0,0.000000,0.000000,8,10,-1,0,,187180
1788459174.377000,65.850714,rx,-1,0.000000,0.000000,0.000000,0.000000,2566,64176,24964,0.000000,0.000000,2.902673,4.534441,0.487062,0,0,0.000000,0.000000,8,10,-1,0,,187180
1788459174.377026,65.850742,tx,-1,0.000000,0.000000,0.000000,0.000000,,,,,,,,,,,,,,,,,aa5501090000000000000000004829,187324
1788459174.429938,65.903634,rx,-1,0.000000,0.000000,0.000000,0.000000,2567,64200,25024,0.000000,0.000000,2.902673,4.534441,0.487062,0,0,0.000000,0.000000,8,10,-1,0,,187324
1788459174.433069,65.906774,rx,-1,0.000000,0.000000,0.000000,0.000000,2568,64226,24988,0.000000,0.000000,2.902673,4.534441,0.487062,0,0,0.000000,0.000000,8,10,-1,0,,187324
1788459174.433166,65.906882,tx,-1,0.000000,0.000000,0.000000,0.000000,,,,,,,,,,,,,,,,,aa5501090000000000000000004829,187500
1788459174.484696,65.958397,rx,-1,0.000000,0.000000,0.000000,0.000000,2569,64250,24976,0.000000,0.000000,2.902673,4.534441,0.487062,0,0,0.000000,0.000000,8,10,-1,0,,187500
1788459174.484867,65.958583,rx,-1,0.000000,0.000000,0.000000,0.000000,2570,64276,25032,0.000000,0.000000,2.902673,4.534441,0.487062,0,0,0.000000,0.000000,8,10,-1,0,,187500
1788459174.484971,65.958685,rx,-1,0.000000,0.000000,0.000000,0.000000,2571,64301,24980,0.000000,0.000000,2.902673,4.534441,0.487062,0,0,0.000000,0.000000,8,10,-1,0,,187500
1788459174.484997,65.958713,tx,-1,0.000000,0.000000,0.000000,0.000000,,,,,,,,,,,,,,,,,aa5501090000000000000000004829,187684
1788459174.538414,66.012124,rx,-1,0.000000,0.000000,0.000000,0.000000,2572,64325,24988,0.000000,0.000000,2.902673,4.534441,0.487062,0,0,0.000000,0.000000,8,10,-1,0,,187684
1788459174.541015,66.014727,rx,-1,0.000000,0.000000,0.000000,0.000000,2573,64351,25020,0.000000,0.000000,2.902673,4.534441,0.487062,0,0,0.000000,0.000000,8,10,-1,0,,187684
1788459174.541068,66.014783,tx,-1,0.000000,0.000000,0.000000,0.000000,,,,,,,,,,,,,,,,,aa5501090000000000000000004829,187828
1788459174.588904,66.062613,rx,-1,0.000000,0.000000,0.000000,0.000000,2574,64375,24988,0.000000,0.000000,2.902673,4.534441,0.487062,0,0,0.000000,0.000000,8,10,-1,0,,187828
1788459174.589017,66.062732,rx,-1,0.000000,0.000000,0.000000,0.000000,2575,64401,25028,0.000000,0.000000,2.902673,4.534441,0.487062,0,0,0.000000,0.000000,8,10,-1,0,,187828
1788459174.589038,66.062753,tx,-1,0.000000,0.000000,0.000000,0.000000,,,,,,,,,,,,,,,,,aa5501090000000000000000004829,187972
1788459174.642056,66.115763,rx,-1,0.000000,0.000000,0.000000,0.000000,2576,64425,24980,0.000000,0.000000,2.902673,4.534441,0.487062,0,0,0.000000,0.000000,8,10,-1,0,,187972
1788459174.644365,66.118079,rx,-1,0.000000,0.000000,0.000000,0.000000,2577,64450,25000,0.000000,0.000000,2.902673,4.534441,0.487062,0,0,0.000000,0.000000,8,10,-1,0,,187972
1788459174.644408,66.118124,tx,-1,0.000000,0.000000,0.000000,0.000000,,,,,,,,,,,,,,,,,aa5501090000000000000000004829,188116
1788459174.692704,66.166412,rx,-1,0.000000,0.000000,0.000000,0.000000,2578,64476,25016,0.000000,0.000000,2.902673,4.534441,0.487062,0,0,0.000000,0.000000,8,10,-1,0,,188116
1788459174.692932,66.166645,rx,-1,0.000000,0.000000,0.000000,0.000000,2579,64500,24980,0.000000,0.000000,2.902673,4.534441,0.487062,0,0,0.000000,0.000000,8,10,-1,0,,188116
1788459174.692960,66.166677,tx,-1,0.000000,0.000000,0.000000,0.000000,,,,,,,,,,,,,,,,,aa5501090000000000000000004829,188260
1788459174.745897,66.219598,rx,-1,0.000000,0.000000,0.000000,0.000000,2580,64526,25036,0.000000,0.000000,2.902673,4.534441,0.487062,0,0,0.000000,0.000000,8,10,-1,0,,188260
1788459174.749263,66.222974,rx,-1,0.000000,0.000000,0.000000,0.000000,2581,64550,24980,0.000000,0.000000,2.902673,4.534441,0.487062,0,0,0.000000,0.000000,8,10,-1,0,,188260
1788459174.749337,66.223052,tx,-1,0.000000,0.000000,0.000000,0.000000,,,,,,,,,,,,,,,,,aa5501090000000000000000004829,188404
1788459174.797092,66.270802,rx,-1,0.000000,0.000000,0.000000,0.000000,2582,64575,24976,0.000000,0.000000,2.902673,4.534441,0.487062,0,0,0.000000,0.000000,8,10,-1,0,,188404
1788459174.797238,66.270952,rx,-1,0.000000,0.000000,0.000000,0.000000,2583,64601,24996,0.000000,0.000000,2.902673,4.534441,0.487062,0,0,0.000000,0.000000,8,10,-1,0,,188404
1788459174.797260,66.270976,tx,-1,0.000000,0.000000,0.000000,0.000000,,,,,,,,,,,,,,,,,aa5501090000000000000000004829,188548
1788459174.850931,66.324637,rx,-1,0.000000,0.000000,0.000000,0.000000,2584,64625,25036,0.000000,0.000000,2.902673,4.534441,0.487062,0,0,0.000000,0.000000,8,10,-1,0,,188548
1788459174.853411,66.327124,rx,-1,0.000000,0.000000,0.000000,0.000000,2585,64651,24968,0.000000,0.000000,2.902673,4.534441,0.487062,0,0,0.000000,0.000000,8,10,-1,0,,188548
1788459174.853454,66.327170,tx,-1,0.000000,0.000000,0.000000,0.000000,,,,,,,,,,,,,,,,,aa5501090000000000000000004829,188692
1788459174.906371,66.380074,rx,-1,0.000000,0.000000,0.000000,0.000000,2586,64675,25036,0.000000,0.000000,2.902673,4.534441,0.487062,0,0,0.000000,0.000000,8,10,-1,0,,188692
1788459174.906542,66.380257,rx,-1,0.000000,0.000000,0.000000,0.000000,2587,64701,24972,0.000000,0.000000,2.902673,4.534441,0.487062,0,0,0.000000,0.000000,8,10,-1,0,,188692
1788459174.906565,66.380280,tx,-1,0.000000,0.000000,0.000000,0.000000,,,,,,,,,,,,,,,,,aa5501090000000000000000004829,188836
1788459174.960365,66.434064,rx,-1,0.000000,0.000000,0.000000,0.000000,2588,64726,25020,0.000000,0.000000,2.902673,4.534441,0.487062,0,0,0.000000,0.000000,8,10,-1,0,,188836
1788459174.963941,66.437641,rx,-1,0.000000,0.000000,0.000000,0.000000,2589,64750,25008,0.000000,0.000000,2.902673,4.534441,0.487062,0,0,0.000000,0.000000,8,10,-1,0,,188836
1788459174.964108,66.437822,tx,-1,0.000000,0.000000,0.000000,0.000000,,,,,,,,,,,,,,,,,aa5501090000000000000000004829,189012
1788459175.013203,66.486892,rx,-1,0.000000,0.000000,0.000000,0.000000,2590,64776,25000,0.000000,0.000000,2.902673,4.534441,0.487062,0,0,0.000000,0.000000,8,10,-1,0,,189012
1788459175.013454,66.487166,rx,-1,0.000000,0.000000,0.000000,0.000000,2591,64800,24988,0.000000,0.000000,2.902673,4.534441,0.487062,0,0,0.000000,0.000000,8,10,-1,0,,189012
1788459175.013502,66.487217,tx,-1,0.000000,0.000000,0.000000,0.000000,,,,,,,,,,,,,,,,,aa5501090000000000000000004829,189188
1788459175.068305,66.541992,rx,-1,0.000000,0.000000,0.000000,0.000000,2592,64826,25020,0.000000,0.000000,2.902673,4.534441,0.487062,0,0,0.000000,0.000000,8,10,-1,0,,189188
1788459175.072573,66.546209,rx,-1,0.000000,0.000000,0.000000,0.000000,2593,64850,24984,0.000000,0.000000,2.902673,4.534441,0.487062,0,0,0.000000,0.000000,8,10,-1,0,,189188
1788459175.073014,66.546723,rx,-1,0.000000,0.000000,0.000000,0.000000,2594,64875,24968,0.000000,0.000000,2.902673,4.534441,0.487062,0,0,0.000000,0.000000,8,10,-1,0,,189188
1788459175.073107,66.546821,tx,-1,0.000000,0.000000,0.000000,0.000000,,,,,,,,,,,,,,,,,aa5501090000000000000000004829,189340
1788459175.120175,66.593873,rx,-1,0.000000,0.000000,0.000000,0.000000,2595,64901,25008,0.000000,0.000000,2.902673,4.534441,0.487062,0,0,0.000000,0.000000,8,10,-1,0,,189340
1788459175.120404,66.594115,rx,-1,0.000000,0.000000,0.000000,0.000000,2596,64925,25020,0.000000,0.000000,2.902673,4.534441,0.487062,0,0,0.000000,0.000000,8,10,-1,0,,189340
1788459175.120446,66.594161,tx,-1,0.000000,0.000000,0.000000,0.000000,,,,,,,,,,,,,,,,,aa5501090000000000000000004829,189484
1788459175.173637,66.647348,rx,-1,0.000000,0.000000,0.000000,0.000000,2597,64951,24992,0.000000,0.000000,2.902673,4.534441,0.487062,0,0,0.000000,0.000000,8,10,-1,0,,189484
1788459175.175602,66.649316,rx,-1,0.000000,0.000000,0.000000,0.000000,2598,64975,24984,0.000000,0.000000,2.902673,4.534441,0.487062,0,0,0.000000,0.000000,8,10,-1,0,,189484
1788459175.175636,66.649352,tx,-1,0.000000,0.000000,0.000000,0.000000,,,,,,,,,,,,,,,,,aa5501090000000000000000004829,189628
1788459175.228260,66.701969,rx,-1,0.000000,0.000000,0.000000,0.000000,2599,65001,25032,0.000000,0.000000,2.902673,4.534441,0.487062,0,0,0.000000,0.000000,8,10,-1,0,,189628
1788459175.228389,66.702104,rx,-1,0.000000,0.000000,0.000000,0.000000,2600,65026,24980,0.000000,0.000000,2.902673,4.534441,0.487062,0,0,0.000000,0.000000,8,10,-1,0,,189628
1788459175.228403,66.702119,tx,-1,0.000000,0.000000,0.000000,0.000000,,,,,,,,,,,,,,,,,aa5501090000000000000000004829,189827
1788459175.282047,66.755756,rx,-1,0.000000,0.000000,0.000000,0.000000,2601,65050,24992,0.000000,0.000000,2.902673,4.534441,0.487062,0,0,0.000000,0.000000,8,10,-1,0,,189827
1788459175.284283,66.757995,rx,-1,0.000000,0.000000,0.000000,0.000000,2602,65076,25020,0.000000,0.000000,2.902673,4.534441,0.487062,0,0,0.000000,0.000000,8,10,-1,0,,189827
1788459175.284318,66.758034,tx,-1,0.000000,0.000000,0.000000,0.000000,,,,,,,,,,,,,,,,,aa5501090000000000000000004829,189971
1788459175.332412,66.806123,rx,-1,0.000000,0.000000,0.000000,0.000000,2603,65100,24996,0.000000,0.000000,2.902673,4.534441,0.487062,0,0,0.000000,0.000000,8,10,-1,0,,189971
1788459175.332541,66.806255,rx,-1,0.000000,0.000000,0.000000,0.000000,2604,65126,25016,0.000000,0.000000,2.902673,4.534441,0.487062,0,0,0.000000,0.000000,8,10,-1,0,,189971
1788459175.332561,66.806276,tx,-1,0.000000,0.000000,0.000000,0.000000,,,,,,,,,,,,,,,,,aa5501090000000000000000004829,190115
1788459175.386323,66.860032,rx,-1,0.000000,0.000000,0.000000,0.000000,2605,65150,24996,0.000000,0.000000,2.902673,4.534441,0.487062,0,0,0.000000,0.000000,8,10,-1,0,,190115
1788459175.388639,66.862350,rx,-1,0.000000,0.000000,0.000000,0.000000,2606,65175,25004,0.000000,0.000000,2.902673,4.534441,0.487062,0,0,0.000000,0.000000,8,10,-1,0,,190115
1788459175.388681,66.862396,tx,-1,0.000000,0.000000,0.000000,0.000000,,,,,,,,,,,,,,,,,aa5501090000000000000000004829,190259
1788459175.436899,66.910603,rx,-1,0.000000,0.000000,0.000000,0.000000,2607,65201,24992,0.000000,0.000000,2.902673,4.534441,0.487062,0,0,0.000000,0.000000,8,10,-1,0,,190259
1788459175.437071,66.910784,rx,-1,0.000000,0.000000,0.000000,0.000000,2608,65225,24976,0.000000,0.000000,2.902673,4.534441,0.487062,0,0,0.000000,0.000000,8,10,-1,0,,190259
1788459175.437090,66.910805,tx,-1,0.000000,0.000000,0.000000,0.000000,,,,,,,,,,,,,,,,,aa5501090000000000000000004829,190403
1788459175.490708,66.964414,rx,-1,0.000000,0.000000,0.000000,0.000000,2609,65251,25032,0.000000,0.000000,2.902673,4.534441,0.487062,0,0,0.000000,0.000000,8,10,-1,0,,190403
1788459175.492804,66.966515,rx,-1,0.000000,0.000000,0.000000,0.000000,2610,65275,24996,0.000000,0.000000,2.902673,4.534441,0.487062,0,0,0.000000,0.000000,8,10,-1,0,,190403
1788459175.492858,66.966573,tx,-1,0.000000,0.000000,0.000000,0.000000,,,,,,,,,,,,,,,,,aa5501090000000000000000004829,190579
1788459175.540676,67.014384,rx,-1,0.000000,0.000000,0.000000,0.000000,2611,65300,24964,0.000000,0.000000,2.902673,4.534441,0.487062,0,0,0.000000,0.000000,8,10,-1,0,,190579
1788459175.540783,67.014497,rx,-1,0.000000,0.000000,0.000000,0.000000,2612,65326,25000,0.000000,0.000000,2.902673,4.534441,0.487062,0,0,0.000000,0.000000,8,10,-1,0,,190579
1788459175.540802,67.014518,tx,-1,0.000000,0.000000,0.000000,0.000000,,,,,,,,,,,,,,,,,aa5501090000000000000000004829,190723
1788459175.594583,67.068295,rx,-1,0.000000,0.000000,0.000000,0.000000,2613,65350,25024,0.000000,0.000000,2.902673,4.534441,0.487062,0,0,0.000000,0.000000,8,10,-1,0,,190723
1788459175.596538,67.070252,rx,-1,0.000000,0.000000,0.000000,0.000000,2614,65376,24992,0.000000,0.000000,2.902673,4.534441,0.487062,0,0,0.000000,0.000000,8,10,-1,0,,190723
1788459175.596564,67.070280,tx,-1,0.000000,0.000000,0.000000,0.000000,,,,,,,,,,,,,,,,,aa5501090000000000000000004829,190899
1788459175.649780,67.123490,rx,-1,0.000000,0.000000,0.000000,0.000000,2615,65400,25020,0.000000,0.000000,2.902673,4.534441,0.487062,0,0,0.000000,0.000000,8,10,-1,0,,190899
1788459175.649901,67.123615,rx,-1,0.000000,0.000000,0.000000,0.000000,2616,65426,24980,0.000000,0.000000,2.902673,4.534441,0.487062,0,0,0.000000,0.000000,8,10,-1,0,,190899
1788459175.649963,67.123677,rx,-1,0.000000,0.000000,0.000000,0.000000,2617,65451,24992,0.000000,0.000000,2.902673,4.534441,0.487062,0,0,0.000000,0.000000,8,10,-1,0,,190899
1788459175.649978,67.123693,tx,-1,0.000000,0.000000,0.000000,0.000000,,,,,,,,,,,,,,,,,aa5501090000000000000000004829,191051
1788459175.703035,67.176745,rx,-1,0.000000,0.000000,0.000000,0.000000,2618,65475,25008,0.000000,0.000000,2.902673,4.534441,0.487062,0,0,0.000000,0.000000,8,10,-1,0,,191051
1788459175.705284,67.178997,rx,-1,0.000000,0.000000,0.000000,0.000000,2619,65501,25000,0.000000,0.000000,2.902673,4.534441,0.487062,0,0,0.000000,0.000000,8,10,-1,0,,191051
1788459175.705321,67.179036,tx,-1,0.000000,0.000000,0.000000,0.000000,,,,,,,,,,,,,,,,,aa5501090000000000000000004829,191195
1788459175.758618,67.232324,rx,-1,0.000000,0.000000,0.000000,0.000000,2620,65525,25020,0.000000,0.000000,2.902673,4.534441,0.487062,0,0,0.000000,0.000000,8,10,-1,0,,191195
1788459175.758752,67.232466,rx,-1,0.000000,0.000000,0.000000,0.000000,2621,65551,24984,0.000000,0.000000,2.902673,4.534441,0.487062,0,0,0.000000,0.000000,8,10,-1,0,,191195
1788459175.758768,67.232483,tx,-1,0.000000,0.000000,0.000000,0.000000,,,,,,,,,,,,,,,,,aa5501090000000000000000004829,191339
1788459175.812047,67.285754,rx,-1,0.000000,0.000000,0.000000,0.000000,2622,65575,24992,0.000000,0.000000,2.902673,4.534441,0.487062,0,0,0.000000,0.000000,8,10,-1,0,,191339
1788459175.814394,67.288105,rx,-1,0.000000,0.000000,0.000000,0.000000,2623,65600,25008,0.000000,0.000000,2.902673,4.534441,0.487062,0,0,0.000000,0.000000,8,10,-1,0,,191339
1788459175.814463,67.288177,tx,-1,0.000000,0.000000,0.000000,0.000000,,,,,,,,,,,,,,,,,aa5501090000000000000000004829,191483
1788459175.862399,67.336105,rx,-1,0.000000,0.000000,0.000000,0.000000,2624,65626,25000,0.000000,0.000000,2.902673,4.534441,0.487062,0,0,0.000000,0.000000,8,10,-1,0,,191483
1788459175.862499,67.336213,rx,-1,0.000000,0.000000,0.000000,0.000000,2625,65650,25024,0.000000,0.000000,2.902673,4.534441,0.487062,0,0,0.000000,0.000000,8,10,-1,0,,191483
1788459175.862513,67.336227,tx,-1,0.000000,0.000000,0.000000,0.000000,,,,,,,,,,,,,,,,,aa5501090000000000000000004829,191627
1788459175.915756,67.389464,rx,-1,0.000000,0.000000,0.000000,0.000000,2626,65676,24980,0.000000,0.000000,2.902673,4.534441,0.487062,0,0,0.000000,0.000000,8,10,-1,0,,191627
1788459175.917740,67.391452,rx,-1,0.000000,0.000000,0.000000,0.000000,2627,65700,24980,0.000000,0.000000,2.902673,4.534441,0.487062,0,0,0.000000,0.000000,8,10,-1,0,,191627
1788459175.917769,67.391484,tx,-1,0.000000,0.000000,0.000000,0.000000,,,,,,,,,,,,,,,,,aa5501090000000000000000004829,191771
1788459175.970927,67.444635,rx,-1,0.000000,0.000000,0.000000,0.000000,2628,65726,25008,0.000000,0.000000,2.902673,4.534441,0.487062,0,0,0.000000,0.000000,8,10,-1,0,,191771
1788459175.971036,67.444750,rx,-1,0.000000,0.000000,0.000000,0.000000,2629,65751,25000,0.000000,0.000000,2.902673,4.534441,0.487062,0,0,0.000000,0.000000,8,10,-1,0,,191771
1788459175.971053,67.444768,tx,-1,0.000000,0.000000,0.000000,0.000000,,,,,,,,,,,,,,,,,aa5501090000000000000000004829,191947
1788459176.024545,67.498253,rx,-1,0.000000,0.000000,0.000000,0.000000,2630,65775,25044,0.000000,0.000000,2.902673,4.534441,0.487062,0,0,0.000000,0.000000,8,10,-1,0,,191947
1788459176.026704,67.500415,rx,-1,0.000000,0.000000,0.000000,0.000000,2631,65801,24968,0.000000,0.000000,2.902673,4.534441,0.487062,0,0,0.000000,0.000000,8,10,-1,0,,191947
1788459176.026750,67.500465,tx,-1,0.000000,0.000000,0.000000,0.000000,,,,,,,,,,,,,,,,,aa5501090000000000000000004829,192123
1788459176.079832,67.553542,rx,-1,0.000000,0.000000,0.000000,0.000000,2632,65825,25004,0.000000,0.000000,2.902673,4.534441,0.487062,0,0,0.000000,0.000000,8,10,-1,0,,192123
1788459176.079953,67.553653,rx,-1,0.000000,0.000000,0.000000,0.000000,2633,65851,25012,0.000000,0.000000,2.902673,4.534441,0.487062,0,0,0.000000,0.000000,8,10,-1,0,,192123
1788459176.080005,67.553720,rx,-1,0.000000,0.000000,0.000000,0.000000,2634,65875,24976,0.000000,0.000000,2.902673,4.534441,0.487062,0,0,0.000000,0.000000,8,10,-1,0,,192123
1788459176.080027,67.553741,tx,-1,0.000000,0.000000,0.000000,0.000000,,,,,,,,,,,,,,,,,aa5501090000000000000000004829,192275
1788459176.132604,67.606313,rx,-1,0.000000,0.000000,0.000000,0.000000,2635,65900,25012,0.000000,0.000000,2.902673,4.534441,0.487062,0,0,0.000000,0.000000,8,10,-1,0,,192275
1788459176.134565,67.608277,rx,-1,0.000000,0.000000,0.000000,0.000000,2636,65926,24996,0.000000,0.000000,2.902673,4.534441,0.487062,0,0,0.000000,0.000000,8,10,-1,0,,192275
1788459176.134596,67.608311,tx,-1,0.000000,0.000000,0.000000,0.000000,,,,,,,,,,,,,,,,,aa5501090000000000000000004829,192419
1788459176.187891,67.661603,rx,-1,0.000000,0.000000,0.000000,0.000000,2637,65950,24984,0.000000,0.000000,2.902673,4.534441,0.487062,0,0,0.000000,0.000000,8,10,-1,0,,192419
1788459176.187979,67.661693,rx,-1,0.000000,0.000000,0.000000,0.000000,2638,65976,25024,0.000000,0.000000,2.902673,4.534441,0.487062,0,0,0.000000,0.000000,8,10,-1,0,,192419
1788459176.187995,67.661710,tx,-1,0.000000,0.000000,0.000000,0.000000,,,,,,,,,,,,,,,,,aa5501090000000000000000004829,192563
1788459176.241595,67.715306,rx,-1,0.000000,0.000000,0.000000,0.000000,2639,66000,24988,0.000000,0.000000,2.902673,4.534441,0.487062,0,0,0.000000,0.000000,8,10,-1,0,,192563
1788459176.243587,67.717300,rx,-1,0.000000,0.000000,0.000000,0.000000,2640,66026,25004,0.000000,0.000000,2.902673,4.534441,0.487062,0,0,0.000000,0.000000,8,10,-1,0,,192563
1788459176.243608,67.717323,tx,-1,0.000000,0.000000,0.000000,0.000000,,,,,,,,,,,,,,,,,aa5501090000000000000000004829,192762
1788459176.296689,67.770399,rx,-1,0.000000,0.000000,0.000000,0.000000,2641,66051,25008,0.000000,0.000000,2.902673,4.534441,0.487062,0,0,0.000000,0.000000,8,10,-1,0,,192762
1788459176.296813,67.770526,rx,-1,0.000000,0.000000,0.000000,0.000000,2642,66075,24984,0.000000,0.000000,2.902673,4.534441,0.487062,0,0,0.000000,0.000000,8,10,-1,0,,192762
1788459176.296830,67.770544,tx,-1,0.000000,0.000000,0.000000,0.000000,,,,,,,,,,,,,,,,,aa5501090000000000000000004829,192906
1788459176.350258,67.823967,rx,-1,0.000000,0.000000,0.000000,0.000000,2643,66101,25016,0.000000,0.000000,2.902673,4.534441,0.487062,0,0,0.000000,0.000000,8,10,-1,0,,192906
1788459176.352671,67.826383,rx,-1,0.000000,0.000000,0.000000,0.000000,2644,66125,24968,0.000000,0.000000,2.902673,4.534441,0.487062,0,0,0.000000,0.000000,8,10,-1,0,,192906
1788459176.352710,67.826425,tx,-1,0.000000,0.000000,0.000000,0.000000,,,,,,,,,,,,,,,,,aa5501090000000000000000004829,193082
1788459176.400376,67.874085,rx,-1,0.000000,0.000000,0.000000,0.000000,2645,66151,25000,0.000000,0.000000,2.902673,4.534441,0.487062,0,0,0.000000,0.000000,8,10,-1,0,,193082
1788459176.400514,67.874227,rx,-1,0.000000,0.000000,0.000000,0.000000,2646,66176,25032,0.000000,0.000000,2.902673,4.534441,0.487062,0,0,0.000000,0.000000,8,10,-1,0,,193082
1788459176.400543,67.874257,tx,-1,0.000000,0.000000,0.000000,0.000000,,,,,,,,,,,,,,,,,aa5501090000000000000000004829,193226
1788459176.453944,67.927654,rx,-1,0.000000,0.000000,0.000000,0.000000,2647,66200,25004,0.000000,0.000000,2.902673,4.534441,0.487062,0,0,0.000000,0.000000,8,10,-1,0,,193226
1788459176.456431,67.930142,rx,-1,0.000000,0.000000,0.000000,0.000000,2648,66226,24964,0.000000,0.000000,2.902673,4.534441,0.487062,0,0,0.000000,0.000000,8,10,-1,0,,193226
1788459176.456475,67.930189,tx,-1,0.000000,0.000000,0.000000,0.000000,,,,,,,,,,,,,,,,,aa5501090000000000000000004829,193402
1788459176.504669,67.978372,rx,-1,0.000000,0.000000,0.000000,0.000000,2649,66250,25012,0.000000,0.000000,2.902673,4.534441,0.487062,0,0,0.000000,0.000000,8,10,-1,0,,193402
1788459176.504869,67.978581,rx,-1,0.000000,0.000000,0.000000,0.000000,2650,66276,25000,0.000000,0.000000,2.902673,4.534441,0.487062,0,0,0.000000,0.000000,8,10,-1,0,,193402
1788459176.504926,67.978640,tx,-1,0.000000,0.000000,0.000000,0.000000,,,,,,,,,,,,,,,,,aa5501090000000000000000004829,193546
1788459176.558540,68.032241,rx,-1,0.000000,0.000000,0.000000,0.000000,2651,66300,25024,0.000000,0.000000,2.902673,4.534441,0.487062,0,0,0.000000,0.000000,8,10,-1,0,,193546
1788459176.562502,68.036207,rx,-1,0.000000,0.000000,0.000000,0.000000,2652,66325,24984,0.000000,0.000000,2.902673,4.534441,0.487062,0,0,0.000000,0.000000,8,10,-1,0,,193546
1788459176.562729,68.036440,rx,-1,0.000000,0.000000,0.000000,0.000000,2653,66351,24988,0.000000,0.000000,2.902673,4.534441,0.487062,0,0,0.000000,0.000000,8,10,-1,0,,193546
1788459176.562763,68.036477,tx,-1,0.000000,0.000000,0.000000,0.000000,,,,,,,,,,,,,,,,,aa5501090000000000000000004829,193698
1788459176.610889,68.084596,rx,-1,0.000000,0.000000,0.000000,0.000000,2654,66375,25040,0.000000,0.000000,2.902673,4.534441,0.487062,0,0,0.000000,0.000000,8,10,-1,0,,193698
1788459176.611062,68.084775,rx,-1,0.000000,0.000000,0.000000,0.000000,2655,66401,24968,0.000000,0.000000,2.902673,4.534441,0.487062,0,0,0.000000,0.000000,8,10,-1,0,,193698
1788459176.611089,68.084802,tx,-1,0.000000,0.000000,0.000000,0.000000,,,,,,,,,,,,,,,,,aa5501090000000000000000004829,193842
1788459176.664475,68.138182,rx,-1,0.000000,0.000000,0.000000,0.000000,2656,66425,25012,0.000000,0.000000,2.902673,4.534441,0.487062,0,0,0.000000,0.000000,8,10,-1,0,,193842
1788459176.667472,68.141183,rx,-1,0.000000,0.000000,0.000000,0.000000,2657,66451,24996,0.000000,0.000000,2.902673,4.534441,0.487062,0,0,0.000000,0.000000,8,10,-1,0,,193842
1788459176.667510,68.141224,tx,-1,0.000000,0.000000,0.000000,0.000000,,,,,,,,,,,,,,,,,aa5501090000000000000000004829,193986
1788459176.715256,68.188960,rx,-1,0.000000,0.000000,0.000000,0.000000,2658,66476,24992,0.000000,0.000000,2.902673,4.534441,0.487062,0,0,0.000000,0.000000,8,10,-1,0,,193986
1788459176.715356,68.189069,rx,-1,0.000000,0.000000,0.000000,0.000000,2659,66500,25004,0.000000,0.000000,2.902673,4.534441,0.487062,0,0,0.000000,0.000000,8,10,-1,0,,193986
1788459176.715368,68.189082,tx,-1,0.000000,0.000000,0.000000,0.000000,,,,,,,,,,,,,,,,,aa5501090000000000000000004829,194130
1788459176.769450,68.243146,rx,-1,0.000000,0.000000,0.000000,0.000000,2660,66526,25008,0.000000,0.000000,2.902673,4.534441,0.487062,0,0,0.000000,0.000000,8,10,-1,0,,194130
1788459176.772750,68.246449,rx,-1,0.000000,0.000000,0.000000,0.000000,2661,66550,25012,0.000000,0.000000,2.902673,4.534441,0.487062,0,0,0.000000,0.000000,8,10,-1,0,,194130
1788459176.772881,68.246594,tx,-1,0.000000,0.000000,0.000000,0.000000,,,,,,,,,,,,,,,,,aa5501090000000000000000004829,194274
1788459176.821603,68.295303,rx,-1,0.000000,0.000000,0.000000,0.000000,2662,66576,24996,0.000000,0.000000,2.902673,4.534441,0.487062,0,0,0.000000,0.000000,8,10,-1,0,,194274
1788459176.821838,68.295549,rx,-1,0.000000,0.000000,0.000000,0.000000,2663,66600,24980,0.000000,0.000000,2.902673,4.534441,0.487062,0,0,0.000000,0.000000,8,10,-1,0,,194274
1788459176.821881,68.295595,tx,-1,0.000000,0.000000,0.000000,0.000000,,,,,,,,,,,,,,,,,aa5501090000000000000000004829,194418
1788459176.875423,68.349122,rx,-1,0.000000,0.000000,0.000000,0.000000,2664,66625,25028,0.000000,0.000000,2.902673,4.534441,0.487062,0,0,0.000000,0.000000,8,10,-1,0,,194418
1788459176.879083,68.352787,rx,-1,0.000000,0.000000,0.000000,0.000000,2665,66651,24980,0.000000,0.000000,2.902673,4.534441,0.487062,0,0,0.000000,0.000000,8,10,-1,0,,194418
1788459176.879174,68.352887,tx,-1,0.000000,0.000000,0.000000,0.000000,,,,,,,,,,,,,,,,,aa5501090000000000000000004829,194562
1788459176.927160,68.400862,rx,-1,0.000000,0.000000,0.000000,0.000000,2666,66675,24996,0.000000,0.000000,2.902673,4.534441,0.487062,0,0,0.000000,0.000000,8,10,-1,0,,194562
1788459176.927394,68.401104,rx,-1,0.000000,0.000000,0.000000,0.000000,2667,66701,25020,0.000000,0.000000,2.902673,4.534441,0.487062,0,0,0.000000,0.000000,8,10,-1,0,,194562
1788459176.927439,68.401152,tx,-1,0.000000,0.000000,0.000000,0.000000,,,,,,,,,,,,,,,,,aa5501090000000000000000004829,194706
1788459176.981045,68.454735,rx,-1,0.000000,0.000000,0.000000,0.000000,2668,66725,24984,0.000000,0.000000,2.902673,4.534441,0.487062,0,0,0.000000,0.000000,8,10,-1,0,,194706
1788459176.984796,68.458503,rx,-1,0.000000,0.000000,0.000000,0.000000,2669,66751,25008,0.000000,0.000000,2.902673,4.534441,0.487062,0,0,0.000000,0.000000,8,10,-1,0,,194706
1788459176.984887,68.458600,tx,-1,0.000000,0.000000,0.000000,0.000000,,,,,,,,,,,,,,,,,aa5501090000000000000000004829,194850
1788459177.033639,68.507339,rx,-1,0.000000,0.000000,0.000000,0.000000,2670,66776,24980,0.000000,0.000000,2.902673,4.534441,0.487062,0,0,0.000000,0.000000,8,10,-1,0,,194850
1788459177.033904,68.507614,rx,-1,0.000000,0.000000,0.000000,0.000000,2671,66800,25004,0.000000,0.000000,2.902673,4.534441,0.487062,0,0,0.000000,0.000000,8,10,-1,0,,194850
1788459177.033954,68.507667,tx,-1,0.000000,0.000000,0.000000,0.000000,,,,,,,,,,,,,,,,,aa5501090000000000000000004829,195026
1788459177.086724,68.560430,rx,-1,0.000000,0.000000,0.000000,0.000000,2672,66826,25008,0.000000,0.000000,2.902673,4.534441,0.487062,0,0,0.000000,0.000000,8,10,-1,0,,195026
1788459177.089327,68.563037,rx,-1,0.000000,0.000000,0.000000,0.000000,2673,66850,25024,0.000000,0.000000,2.902673,4.534441,0.487062,0,0,0.000000,0.000000,8,10,-1,0,,195026
1788459177.089378,68.563092,tx,-1,0.000000,0.000000,0.000000,0.000000,,,,,,,,,,,,,,,,,aa5501090000000000000000004829,195202
1788459177.136941,68.610648,rx,-1,0.000000,0.000000,0.000000,0.000000,2674,66876,24988,0.000000,0.000000,2.902673,4.534441,0.487062,0,0,0.000000,0.000000,8,10,-1,0,,195202
1788459177.137120,68.610831,rx,-1,0.000000,0.000000,0.000000,0.000000,2675,66900,24988,0.000000,0.000000,2.902673,4.534441,0.487062,0,0,0.000000,0.000000,8,10,-1,0,,195202
1788459177.137158,68.610871,tx,-1,0.000000,0.000000,0.000000,0.000000,,,,,,,,,,,,,,,,,aa5501090000000000000000004829,195346
1788459177.190069,68.663768,rx,-1,0.000000,0.000000,0.000000,0.000000,2676,66925,25008,0.000000,0.000000,2.902673,4.534441,0.487062,0,0,0.000000,0.000000,8,10,-1,0,,195346
1788459177.192517,68.666222,rx,-1,0.000000,0.000000,0.000000,0.000000,2677,66951,24996,0.000000,0.000000,2.902673,4.534441,0.487062,0,0,0.000000,0.000000,8,10,-1,0,,195346
1788459177.192626,68.666337,rx,-1,0.000000,0.000000,0.000000,0.000000,2678,66975,24972,0.000000,0.000000,2.902673,4.534441,0.487062,0,0,0.000000,0.000000,8,10,-1,0,,195346
1788459177.192642,68.666356,tx,-1,0.000000,0.000000,0.000000,0.000000,,,,,,,,,,,,,,,,,aa5501090000000000000000004829,195498
1788459177.240351,68.714059,rx,-1,0.000000,0.000000,0.000000,0.000000,2679,67001,25032,0.000000,0.000000,2.902673,4.534441,0.487062,0,0,0.000000,0.000000,8,10,-1,0,,195498
1788459177.240521,68.714233,rx,-1,0.000000,0.000000,0.000000,0.000000,2680,67025,25004,0.000000,0.000000,2.902673,4.534441,0.487062,0,0,0.000000,0.000000,8,10,-1,0,,195498
1788459177.240542,68.714255,tx,-1,0.000000,0.000000,0.000000,0.000000,,,,,,,,,,,,,,,,,aa5501090000000000000000004829,195697
1788459177.293521,68.767229,rx,-1,0.000000,0.000000,0.000000,0.000000,2681,67050,24976,0.000000,0.000000,2.902673,4.534441,0.487062,0,0,0.000000,0.000000,8,10,-1,0,,195697
1788459177.295948,68.769656,rx,-1,0.000000,0.000000,0.000000,0.000000,2682,67076,25028,0.000000,0.000000,2.902673,4.534441,0.487062,0,0,0.000000,0.000000,8,10,-1,0,,195697
1788459177.295994,68.769708,tx,-1,0.000000,0.000000,0.000000,0.000000,,,,,,,,,,,,,,,,,aa5501090000000000000000004829,195841
1788459177.343753,68.817461,rx,-1,0.000000,0.000000,0.000000,0.000000,2683,67100,25000,0.000000,0.000000,2.902673,4.534441,0.487062,0,0,0.000000,0.000000,8,10,-1,0,,195841
1788459177.343897,68.817609,rx,-1,0.000000,0.000000,0.000000,0.000000,2684,67126,24964,0.000000,0.000000,2.902673,4.534441,0.487062,0,0,0.000000,0.000000,8,10,-1,0,,195841
1788459177.343914,68.817627,tx,-1,0.000000,0.000000,0.000000,0.000000,,,,,,,,,,,,,,,,,aa5501090000000000000000004829,195985
1788459177.397662,68.871370,rx,-1,0.000000,0.000000,0.000000,0.000000,2685,67150,25012,0.000000,0.000000,2.902673,4.534441,0.487062,0,0,0.000000,0.000000,8,10,-1,0,,195985
1788459177.400096,68.873805,rx,-1,0.000000,0.000000,0.000000,0.000000,2686,67176,24996,0.000000,0.000000,2.902673,4.534441,0.487062,0,0,0.000000,0.000000,8,10,-1,0,,195985
1788459177.400143,68.873857,tx,-1,0.000000,0.000000,0.000000,0.000000,,,,,,,,,,,,,,,,,aa5501090000000000000000004829,196129
1788459177.448097,68.921802,rx,-1,0.000000,0.000000,0.000000,0.000000,2687,67201,24988,0.000000,0.000000,2.902673,4.534441,0.487062,0,0,0.000000,0.000000,8,10,-1,0,,196129
1788459177.448253,68.921965,rx,-1,0.000000,0.000000,0.000000,0.000000,2688,67225,25048,0.000000,0.000000,2.902673,4.534441,0.487062,0,0,0.000000,0.000000,8,10,-1,0,,196129
1788459177.448273,68.921986,tx,-1,0.000000,0.000000,0.000000,0.000000,,,,,,,,,,,,,,,,,aa5501090000000000000000004829,196273
1788459177.501836,68.975544,rx,-1,0.000000,0.000000,0.000000,0.000000,2689,67251,24956,0.000000,0.000000,2.902673,4.534441,0.487062,0,0,0.000000,0.000000,8,10,-1,0,,196273
1788459177.504212,68.977924,rx,-1,0.000000,0.000000,0.000000,0.000000,2690,67275,25016,0.000000,0.000000,2.902673,4.534441,0.487062,0,0,0.000000,0.000000,8,10,-1,0,,196273
1788459177.504247,68.977961,tx,-1,0.000000,0.000000,0.000000,0.000000,,,,,,,,,,,,,,,,,aa5501090000000000000000004829,196417
1788459177.557325,69.031031,rx,-1,0.000000,0.000000,0.000000,0.000000,2691,67301,25000,0.000000,0.000000,2.902673,4.534441,0.487062,0,0,0.000000,0.000000,8,10,-1,0,,196417
1788459177.557502,69.031212,rx,-1,0.000000,0.000000,0.000000,0.000000,2692,67325,24988,0.000000,0.000000,2.902673,4.534441,0.487062,0,0,0.000000,0.000000,8,10,-1,0,,196417
1788459177.557525,69.031237,tx,-1,0.000000,0.000000,0.000000,0.000000,,,,,,,,,,,,,,,,,aa5501090000000000000000004829,196561
1788459177.610376,69.084084,rx,-1,0.000000,0.000000,0.000000,0.000000,2693,67350,25020,0.000000,0.000000,2.902673,4.534441,0.487062,0,0,0.000000,0.000000,8,10,-1,0,,196561
1788459177.612876,69.086585,rx,-1,0.000000,0.000000,0.000000,0.000000,2694,67376,24980,0.000000,0.000000,2.902673,4.534441,0.487062,0,0,0.000000,0.000000,8,10,-1,0,,196561
1788459177.612921,69.086634,tx,-1,0.000000,0.000000,0.000000,0.000000,,,,,,,,,,,,,,,,,aa5501090000000000000000004829,196705
1788459177.661419,69.135122,rx,-1,0.000000,0.000000,0.000000,0.000000,2695,67400,25036,0.000000,0.000000,2.902673,4.534441,0.487062,0,0,0.000000,0.000000,8,10,-1,0,,196705
1788459177.661584,69.135295,rx,-1,0.000000,0.000000,0.000000,0.000000,2696,67426,24972,0.000000,0.000000,2.902673,4.534441,0.487062,0,0,0.000000,0.000000,8,10,-1,0,,196705
1788459177.661608,69.135321,tx,-1,0.000000,0.000000,0.000000,0.000000,,,,,,,,,,,,,,,,,aa5501090000000000000000004829,196849
1788459177.715910,69.189603,rx,-1,0.000000,0.000000,0.000000,0.000000,2697,67450,25004,0.000000,0.000000,2.902673,4.534441,0.487062,0,0,0.000000,0.000000,8,10,-1,0,,196849
1788459177.719204,69.192908,rx,-1,0.000000,0.000000,0.000000,0.000000,2698,67476,25004,0.000000,0.000000,2.902673,4.534441,0.487062,0,0,0.000000,0.000000,8,10,-1,0,,196849
1788459177.719317,69.193029,tx,-1,0.000000,0.000000,0.000000,0.000000,,,,,,,,,,,,,,,,,aa5501090000000000000000004829,197025
1788459177.768173,69.241870,rx,-1,0.000000,0.000000,0.000000,0.000000,2699,67501,24976,0.000000,0.000000,2.902673,4.534441,0.487062,0,0,0.000000,0.000000,8,10,-1,0,,197025
1788459177.768436,69.242146,rx,-1,0.000000,0.000000,0.000000,0.000000,2700,67525,25020,0.000000,0.000000,2.902673,4.534441,0.487062,0,0,0.000000,0.000000,8,10,-1,0,,197025
1788459177.768477,69.242190,tx,-1,0.000000,0.000000,0.000000,0.000000,,,,,,,,,,,,,,,,,aa5501090000000000000000004829,197169
1788459177.821209,69.294914,rx,-1,0.000000,0.000000,0.000000,0.000000,2701,67551,25004,0.000000,0.000000,2.902673,4.534441,0.487062,0,0,0.000000,0.000000,8,10,-1,0,,197169
1788459177.824078,69.297786,rx,-1,0.000000,0.000000,0.000000,0.000000,2702,67575,25024,0.000000,0.000000,2.902673,4.534441,0.487062,0,0,0.000000,0.000000,8,10,-1,0,,197169
1788459177.824118,69.297831,tx,-1,0.000000,0.000000,0.000000,0.000000,,,,,,,,,,,,,,,,,aa5501090000000000000000004829,197345
1788459177.872212,69.345913,rx,-1,0.000000,0.000000,0.000000,0.000000,2703,67601,24988,0.000000,0.000000,2.902673,4.534441,0.487062,0,0,0.000000,0.000000,8,10,-1,0,,197345
1788459177.872450,69.346160,rx,-1,0.000000,0.000000,0.000000,0.000000,2704,67625,24988,0.000000,0.000000,2.902673,4.534441,0.487062,0,0,0.000000,0.000000,8,10,-1,0,,197345
1788459177.872600,69.346310,rx,-1,0.000000,0.000000,0.000000,0.000000,2705,67650,25012,0.000000,0.000000,2.902673,4.534441,0.487062,0,0,0.000000,0.000000,8,10,-1,0,,197345
1788459177.872634,69.346346,tx,-1,0.000000,0.000000,0.000000,0.000000,,,,,,,,,,,,,,,,,aa5501090000000000000000004829,197497
1788459177.926926,69.400624,rx,-1,0.000000,0.000000,0.000000,0.000000,2706,67676,24992,0.000000,0.000000,2.902673,4.534441,0.487062,0,0,0.000000,0.000000,8,10,-1,0,,197497
1788459177.929964,69.403672,rx,-1,0.000000,0.000000,0.000000,0.000000,2707,67700,24972,0.000000,0.000000,2.902673,4.534441,0.487062,0,0,0.000000,0.000000,8,10,-1,0,,197497
1788459177.930048,69.403761,tx,-1,0.000000,0.000000,0.000000,0.000000,,,,,,,,,,,,,,,,,aa5501090000000000000000004829,197641
1788459177.978724,69.452420,rx,-1,0.000000,0.000000,0.000000,0.000000,2708,67726,25036,0.000000,0.000000,2.902673,4.534441,0.487062,0,0,0.000000,0.000000,8,10,-1,0,,197641
1788459177.979776,69.453479,rx,-1,0.000000,0.000000,0.000000,0.000000,2709,67750,25004,0.000000,0.000000,2.902673,4.534441,0.487062,0,0,0.000000,0.000000,8,10,-1,0,,197641
1788459177.979880,69.453590,tx,-1,0.000000,0.000000,0.000000,0.000000,,,,,,,,,,,,,,,,,aa5501090000000000000000004829,197785
1788459178.033749,69.507453,rx,-1,0.000000,0.000000,0.000000,0.000000,2710,67775,24964,0.000000,0.000000,2.902673,4.534441,0.487062,0,0,0.000000,0.000000,8,10,-1,0,,197785
1788459178.035783,69.509494,rx,-1,0.000000,0.000000,0.000000,0.000000,2711,67801,25028,0.000000,0.000000,2.902673,4.534441,0.487062,0,0,0.000000,0.000000,8,10,-1,0,,197785
1788459178.035811,69.509523,tx,-1,0.000000,0.000000,0.000000,0.000000,,,,,,,,,,,,,,,,,aa5501090000000000000000004829,197929
1788459178.089181,69.562875,rx,-1,0.000000,0.000000,0.000000,0.000000,2712,67825,25008,0.000000,0.000000,2.902673,4.534441,0.487062,0,0,0.000000,0.000000,8,10,-1,0,,197929
1788459178.089461,69.563171,rx,-1,0.000000,0.000000,0.000000,0.000000,2713,67851,25000,0.000000,0.000000,2.902673,4.534441,0.487062,0,0,0.000000,0.000000,8,10,-1,0,,197929
1788459178.089495,69.563207,tx,-1,0.000000,0.000000,0.000000,0.000000,,,,,,,,,,,,,,,,,aa5501090000000000000000004829,198073
1788459178.142643,69.616343,rx,-1,0.000000,0.000000,0.000000,0.000000,2714,67875,24980,0.000000,0.000000,2.902673,4.534441,0.487062,0,0,0.000000,0.000000,8,10,-1,0,,198073
1788459178.145055,69.618763,rx,-1,0.000000,0.000000,0.000000,0.000000,2715,67901,24992,0.000000,0.000000,2.902673,4.534441,0.487062,0,0,0.000000,0.000000,8,10,-1,0,,198073
1788459178.145115,69.618827,tx,-1,0.000000,0.000000,0.000000,0.000000,,,,,,,,,,,,,,,,,aa5501090000000000000000004829,198217
1788459178.193385,69.667094,rx,-1,0.000000,0.000000,0.000000,0.000000,2716,67926,25024,0.000000,0.000000,2.902673,4.534441,0.487062,0,0,0.000000,0.000000,8,10,-1,0,,198217
1788459178.193517,69.667229,rx,-1,0.000000,0.000000,0.000000,0.000000,2717,67950,24988,0.000000,0.000000,2.902673,4.534441,0.487062,0,0,0.000000,0.000000,8,10,-1,0,,198217
1788459178.193531,69.667243,tx,-1,0.000000,0.000000,0.000000,0.000000,,,,,,,,,,,,,,,,,aa5501090000000000000000004829,198361
1788459178.245843,69.719538,rx,-1,0.000000,0.000000,0.000000,0.000000,2718,67976,24980,0.000000,0.000000,2.902673,4.534441,0.487062,0,0,0.000000,0.000000,8,10,-1,0,,198361
1788459178.248437,69.722143,rx,-1,0.000000,0.000000,0.000000,0.000000,2719,68000,25028,0.000000,0.000000,2.902673,4.534441,0.487062,0,0,0.000000,0.000000,8,10,-1,0,,198361
1788459178.248528,69.722241,tx,-1,0.000000,0.000000,0.000000,0.000000,,,,,,,,,,,,,,,,,aa5501090000000000000000004829,198560
1788459178.300744,69.774447,rx,-1,0.000000,0.000000,0.000000,0.000000,2720,68026,24980,0.000000,0.000000,2.902673,4.534441,0.487062,0,0,0.000000,0.000000,8,10,-1,0,,198560
1788459178.300889,69.774601,rx,-1,0.000000,0.000000,0.000000,0.000000,2721,68050,25008,0.000000,0.000000,2.902673,4.534441,0.487062,0,0,0.000000,0.000000,8,10,-1,0,,198560
1788459178.300932,69.774644,tx,-1,0.000000,0.000000,0.000000,0.000000,,,,,,,,,,,,,,,,,aa5501090000000000000000004829,198768
1788459178.353263,69.826965,rx,-1,0.000000,0.000000,0.000000,0.000000,2722,68075,25004,0.000000,0.000000,2.902673,4.534441,0.487062,0,0,0.000000,0.000000,8,10,-1,0,,198768
1788459178.362161,69.835866,rx,-1,0.000000,0.000000,0.000000,0.000000,2723,68101,24988,0.000000,0.000000,2.902673,4.534441,0.487062,0,0,0.000000,0.000000,8,10,-1,0,,198768
1788459178.362299,69.836010,rx,-1,0.000000,0.000000,0.000000,0.000000,2724,68125,24992,0.000000,0.000000,2.902673,4.534441,0.487062,0,0,0.000000,0.000000,8,10,-1,0,,198768
1788459178.362316,69.836029,tx,-1,0.000000,0.000000,0.000000,0.000000,,,,,,,,,,,,,,,,,aa5501090000000000000000004829,198920
1788459178.408345,69.882051,rx,-1,0.000000,0.000000,0.000000,0.000000,2725,68151,25020,0.000000,0.000000,2.902673,4.534441,0.487062,0,0,0.000000,0.000000,8,10,-1,0,,198920
1788459178.408445,69.882157,rx,-1,0.000000,0.000000,0.000000,0.000000,2726,68175,25008,0.000000,0.000000,2.902673,4.534441,0.487062,0,0,0.000000,0.000000,8,10,-1,0,,198920
1788459178.408460,69.882173,tx,-1,0.000000,0.000000,0.000000,0.000000,,,,,,,,,,,,,,,,,aa5501090000000000000000004829,199064
1788459178.460878,69.934586,rx,-1,0.000000,0.000000,0.000000,0.000000,2727,68201,24984,0.000000,0.000000,2.902673,4.534441,0.487062,0,0,0.000000,0.000000,8,10,-1,0,,199064
1788459178.462917,69.936627,rx,-1,0.000000,0.000000,0.000000,0.000000,2728,68226,25008,0.000000,0.000000,2.902673,4.534441,0.487062,0,0,0.000000,0.000000,8,10,-1,0,,199064
1788459178.462945,69.936658,tx,-1,0.000000,0.000000,0.000000,0.000000,,,,,,,,,,,,,,,,,aa5501090000000000000000004829,199208
1788459178.515122,69.988825,rx,-1,0.000000,0.000000,0.000000,0.000000,2729,68250,25000,0.000000,0.000000,2.902673,4.534441,0.487062,0,0,0.000000,0.000000,8,10,-1,0,,199208
1788459178.515244,69.988956,rx,-1,0.000000,0.000000,0.000000,0.000000,2730,68276,24988,0.000000,0.000000,2.902673,4.534441,0.487062,0,0,0.000000,0.000000,8,10,-1,0,,199208
1788459178.515262,69.988974,tx,-1,0.000000,0.000000,0.000000,0.000000,,,,,,,,,,,,,,,,,aa5501090000000000000000004829,199352
1788459178.568048,70.041753,rx,-1,0.000000,0.000000,0.000000,0.000000,2731,68300,25032,0.000000,0.000000,2.902673,4.534441,0.487062,0,0,0.000000,0.000000,8,10,-1,0,,199352
1788459178.570066,70.043775,rx,-1,0.000000,0.000000,0.000000,0.000000,2732,68326,24980,0.000000,0.000000,2.902673,4.534441,0.487062,0,0,0.000000,0.000000,8,10,-1,0,,199352
1788459178.570115,70.043827,tx,-1,0.000000,0.000000,0.000000,0.000000,,,,,,,,,,,,,,,,,aa5501090000000000000000004829,199496
1788459178.623433,70.097139,rx,-1,0.000000,0.000000,0.000000,0.000000,2733,68350,25000,0.000000,0.000000,2.902673,4.534441,0.487062,0,0,0.000000,0.000000,8,10,-1,0,,199496
1788459178.623540,70.097251,rx,-1,0.000000,0.000000,0.000000,0.000000,2734,68375,25012,0.000000,0.000000,2.902673,4.534441,0.487062,0,0,0.000000,0.000000,8,10,-1,0,,199496
1788459178.623558,70.097270,tx,-1,0.000000,0.000000,0.000000,0.000000,,,,,,,,,,,,,,,,,aa5501090000000000000000004829,199640
1788459178.676670,70.150378,rx,-1,0.000000,0.000000,0.000000,0.000000,2735,68401,24980,0.000000,0.000000,2.902673,4.534441,0.487062,0,0,0.000000,0.000000,8,10,-1,0,,199640
1788459178.678701,70.152410,rx,-1,0.000000,0.000000,0.000000,0.000000,2736,68425,24996,0.000000,0.000000,2.902673,4.534441,0.487062,0,0,0.000000,0.000000,8,10,-1,0,,199640
1788459178.678736,70.152449,tx,-1,0.000000,0.000000,0.000000,0.000000,,,,,,,,,,,,,,,,,aa5501090000000000000000004829,199816
1788459178.726534,70.200238,rx,-1,0.000000,0.000000,0.000000,0.000000,2737,68451,25012,0.000000,0.000000,2.902673,4.534441,0.487062,0,0,0.000000,0.000000,8,10,-1,0,,199816
1788459178.726643,70.200353,rx,-1,0.000000,0.000000,0.000000,0.000000,2738,68475,25016,0.000000,0.000000,2.902673,4.534441,0.487062,0,0,0.000000,0.000000,8,10,-1,0,,199816
1788459178.726662,70.200375,tx,-1,0.000000,0.000000,0.000000,0.000000,,,,,,,,,,,,,,,,,aa5501090000000000000000004829,199960
1788459178.779756,70.253456,rx,-1,0.000000,0.000000,0.000000,0.000000,2739,68501,25000,0.000000,0.000000,2.902673,4.534441,0.487062,0,0,0.000000,0.000000,8,10,-1,0,,199960
1788459178.782578,70.256282,rx,-1,0.000000,0.000000,0.000000,0.000000,2740,68526,24960,0.000000,0.000000,2.902673,4.534441,0.487062,0,0,0.000000,0.000000,8,10,-1,0,,199960
1788459178.782670,70.256382,tx,-1,0.000000,0.000000,0.000000,0.000000,,,,,,,,,,,,,,,,,aa5501090000000000000000004829,200136
1788459178.834661,70.308368,rx,-1,0.000000,0.000000,0.000000,0.000000,2741,68550,25040,0.000000,0.000000,2.902673,4.534441,0.487062,0,0,0.000000,0.000000,8,10,-1,0,,200136
1788459178.834775,70.308486,rx,-1,0.000000,0.000000,0.000000,0.000000,2742,68576,24996,0.000000,0.000000,2.902673,4.534441,0.487062,0,0,0.000000,0.000000,8,10,-1,0,,200136
1788459178.834840,70.308552,rx,-1,0.000000,0.000000,0.000000,0.000000,2743,68600,24972,0.000000,0.000000,2.902673,4.534441,0.487062,0,0,0.000000,0.000000,8,10,-1,0,,200136
1788459178.834853,70.308566,tx,-1,0.000000,0.000000,0.000000,0.000000,,,,,,,,,,,,,,,,,aa5501090000000000000000004829,200288
1788459178.888430,70.362138,rx,-1,0.000000,0.000000,0.000000,0.000000,2744,68626,25000,0.000000,0.000000,2.902673,4.534441,0.487062,0,0,0.000000,0.000000,8,10,-1,0,,200288
1788459178.890363,70.364073,rx,-1,0.000000,0.000000,0.000000,0.000000,2745,68651,25036,0.000000,0.000000,2.902673,4.534441,0.487062,0,0,0.000000,0.000000,8,10,-1,0,,200288
1788459178.890398,70.364110,tx,-1,0.000000,0.000000,0.000000,0.000000,,,,,,,,,,,,,,,,,aa5501090000000000000000004829,200432
1788459178.943983,70.417691,rx,-1,0.000000,0.000000,0.000000,0.000000,2746,68675,24980,0.000000,0.000000,2.902673,4.534441,0.487062,0,0,0.000000,0.000000,8,10,-1,0,,200432
1788459178.944068,70.417780,rx,-1,0.000000,0.000000,0.000000,0.000000,2747,68701,24976,0.000000,0.000000,2.902673,4.534441,0.487062,0,0,0.000000,0.000000,8,10,-1,0,,200432
1788459178.944081,70.417793,tx,-1,0.000000,0.000000,0.000000,0.000000,,,,,,,,,,,,,,,,,aa5501090000000000000000004829,200576
1788459178.997801,70.471508,rx,-1,0.000000,0.000000,0.000000,0.000000,2748,68725,25036,0.000000,0.000000,2.902673,4.534441,0.487062,0,0,0.000000,0.000000,8,10,-1,0,,200576
1788459179.000241,70.473948,rx,-1,0.000000,0.000000,0.000000,0.000000,2749,68751,24968,0.000000,0.000000,2.902673,4.534441,0.487062,0,0,0.000000,0.000000,8,10,-1,0,,200576
1788459179.000291,70.474003,tx,-1,0.000000,0.000000,0.000000,0.000000,,,,,,,,,,,,,,,,,aa5501090000000000000000004829,200720
1788459179.053502,70.527203,rx,-1,0.000000,0.000000,0.000000,0.000000,2750,68775,25008,0.000000,0.000000,2.902673,4.534441,0.487062,0,0,0.000000,0.000000,8,10,-1,0,,200720
1788459179.053631,70.527342,rx,-1,0.000000,0.000000,0.000000,0.000000,2751,68800,25000,0.000000,0.000000,2.902673,4.534441,0.487062,0,0,0.000000,0.000000,8,10,-1,0,,200720
1788459179.053648,70.527360,tx,-1,0.000000,0.000000,0.000000,0.000000,,,,,,,,,,,,,,,,,aa5501090000000000000000004829,200864
1788459179.106275,70.579977,rx,-1,0.000000,0.000000,0.000000,0.000000,2752,68826,24996,0.000000,0.000000,2.902673,4.534441,0.487062,0,0,0.000000,0.000000,8,10,-1,0,,200864
1788459179.108425,70.582133,rx,-1,0.000000,0.000000,0.000000,0.000000,2753,68850,25012,0.000000,0.000000,2.902673,4.534441,0.487062,0,0,0.000000,0.000000,8,10,-1,0,,200864
1788459179.108480,70.582192,tx,-1,0.000000,0.000000,0.000000,0.000000,,,,,,,,,,,,,,,,,aa5501090000000000000000004829,201040
1788459179.161581,70.635287,rx,-1,0.000000,0.000000,0.000000,0.000000,2754,68876,24984,0.000000,0.000000,2.902673,4.534441,0.487062,0,0,0.000000,0.000000,8,10,-1,0,,201040
1788459179.161698,70.635409,rx,-1,0.000000,0.000000,0.000000,0.000000,2755,68900,25016,0.000000,0.000000,2.902673,4.534441,0.487062,0,0,0.000000,0.000000,8,10,-1,0,,201040
1788459179.161718,70.635430,tx,-1,0.000000,0.000000,0.000000,0.000000,,,,,,,,,,,,,,,,,aa5501090000000000000000004829,201216
1788459179.214224,70.687930,rx,-1,0.000000,0.000000,0.000000,0.000000,2756,68926,24992,0.000000,0.000000,2.902673,4.534441,0.487062,0,0,0.000000,0.000000,8,10,-1,0,,201216
1788459179.217227,70.690931,rx,-1,0.000000,0.000000,0.000000,0.000000,2757,68951,24988,0.000000,0.000000,2.902673,4.534441,0.487062,0,0,0.000000,0.000000,8,10,-1,0,,201216
1788459179.217316,70.691027,rx,-1,0.000000,0.000000,0.000000,0.000000,2758,68975,25012,0.000000,0.000000,2.902673,4.534441,0.487062,0,0,0.000000,0.000000,8,10,-1,0,,201216
1788459179.217332,70.691044,tx,-1,0.000000,0.000000,0.000000,0.000000,,,,,,,,,,,,,,,,,aa5501090000000000000000004829,201368
1788459179.268323,70.742032,rx,-1,0.000000,0.000000,0.000000,0.000000,2759,69001,24996,0.000000,0.000000,2.902673,4.534441,0.487062,0,0,0.000000,0.000000,8,10,-1,0,,201368
1788459179.268428,70.742139,rx,-1,0.000000,0.000000,0.000000,0.000000,2760,69025,25032,0.000000,0.000000,2.902673,4.534441,0.487062,0,0,0.000000,0.000000,8,10,-1,0,,201368
1788459179.268440,70.742152,tx,-1,0.000000,0.000000,0.000000,0.000000,,,,,,,,,,,,,,,,,aa5501090000000000000000004829,201567
1788459179.321968,70.795676,rx,-1,0.000000,0.000000,0.000000,0.000000,2761,69051,24984,0.000000,0.000000,2.902673,4.534441,0.487062,0,0,0.000000,0.000000,8,10,-1,0,,201567
1788459179.324160,70.797869,rx,-1,0.000000,0.000000,0.000000,0.000000,2762,69075,24992,0.000000,0.000000,2.902673,4.534441,0.487062,0,0,0.000000,0.000000,8,10,-1,0,,201567
1788459179.324200,70.797912,tx,-1,0.000000,0.000000,0.000000,0.000000,,,,,,,,,,,,,,,,,aa5501090000000000000000004829,201711
1788459179.377593,70.851300,rx,-1,0.000000,0.000000,0.000000,0.000000,2763,69100,25012,0.000000,0.000000,2.902673,4.534441,0.487062,0,0,0.000000,0.000000,8,10,-1,0,,201711
1788459179.377714,70.851424,rx,-1,0.000000,0.000000,0.000000,0.000000,2764,69126,24992,0.000000,0.000000,2.902673,4.534441,0.487062,0,0,0.000000,0.000000,8,10,-1,0,,201711
1788459179.377732,70.851444,tx,-1,0.000000,0.000000,0.000000,0.000000,,,,,,,,,,,,,,,,,aa5501090000000000000000004829,201855
1788459179.431337,70.905043,rx,-1,0.000000,0.000000,0.000000,0.000000,2765,69150,25008,0.000000,0.000000,2.902673,4.534441,0.487062,0,0,0.000000,0.000000,8,10,-1,0,,201855
1788459179.433655,70.907364,rx,-1,0.000000,0.000000,0.000000,0.000000,2766,69176,24988,0.000000,0.000000,2.902673,4.534441,0.487062,0,0,0.000000,0.000000,8,10,-1,0,,201855
1788459179.433688,70.907400,tx,-1,0.000000,0.000000,0.000000,0.000000,,,,,,,,,,,,,,,,,aa5501090000000000000000004829,201999
1788459179.486743,70.960450,rx,-1,0.000000,0.000000,0.000000,0.000000,2767,69200,24992,0.000000,0.000000,2.902673,4.534441,0.487062,0,0,0.000000,0.000000,8,10,-1,0,,201999
1788459179.486879,70.960589,rx,-1,0.000000,0.000000,0.000000,0.000000,2768,69226,25020,0.000000,0.000000,2.902673,4.534441,0.487062,0,0,0.000000,0.000000,8,10,-1,0,,201999
1788459179.486904,70.960616,tx,-1,0.000000,0.000000,0.000000,0.000000,,,,,,,,,,,,,,,,,aa5501090000000000000000004829,202175
1788459179.540562,71.014268,rx,-1,0.000000,0.000000,0.000000,0.000000,2769,69251,24976,0.000000,0.000000,2.902673,4.534441,0.487062,0,0,0.000000,0.000000,8,10,-1,0,,202175
1788459179.542893,71.016601,rx,-1,0.000000,0.000000,0.000000,0.000000,2770,69275,25032,0.000000,0.000000,2.902673,4.534441,0.487062,0,0,0.000000,0.000000,8,10,-1,0,,202175
1788459179.542934,71.016645,tx,-1,0.000000,0.000000,0.000000,0.000000,,,,,,,,,,,,,,,,,aa5501090000000000000000004829,202351
1788459179.596191,71.069887,rx,-1,0.000000,0.000000,0.000000,0.000000,2771,69301,24988,0.000000,0.000000,2.902673,4.534441,0.487062,0,0,0.000000,0.000000,8,10,-1,0,,202351
1788459179.596357,71.070067,rx,-1,0.000000,0.000000,0.000000,0.000000,2772,69325,24984,0.000000,0.000000,2.902673,4.534441,0.487062,0,0,0.000000,0.000000,8,10,-1,0,,202351
1788459179.596421,71.070132,rx,-1,0.000000,0.000000,0.000000,0.000000,2773,69351,25024,0.000000,0.000000,2.902673,4.534441,0.487062,0,0,0.000000,0.000000,8,10,-1,0,,202351
1788459179.596437,71.070147,tx,-1,0.000000,0.000000,0.000000,0.000000,,,,,,,,,,,,,,,,,aa5501090000000000000000004829,202503
1788459179.650438,71.124143,rx,-1,0.000000,0.000000,0.000000,0.000000,2774,69376,25004,0.000000,0.000000,2.902673,4.534441,0.487062,0,0,0.000000,0.000000,8,10,-1,0,,202503
1788459179.653077,71.126784,rx,-1,0.000000,0.000000,0.000000,0.000000,2775,69400,24964,0.000000,0.000000,2.902673,4.534441,0.487062,0,0,0.000000,0.000000,8,10,-1,0,,202503
1788459179.653122,71.126833,tx,-1,0.000000,0.000000,0.000000,0.000000,,,,,,,,,,,,,,,,,aa5501090000000000000000004829,202647
1788459179.706008,71.179712,rx,-1,0.000000,0.000000,0.000000,0.000000,2776,69426,25000,0.000000,0.000000,2.902673,4.534441,0.487062,0,0,0.000000,0.000000,8,10,-1,0,,202647
1788459179.706266,71.179975,rx,-1,0.000000,0.000000,0.000000,0.000000,2777,69450,25000,0.000000,0.000000,2.902673,4.534441,0.487062,0,0,0.000000,0.000000,8,10,-1,0,,202647
1788459179.706299,71.180010,tx,-1,0.000000,0.000000,0.000000,0.000000,,,,,,,,,,,,,,,,,aa5501090000000000000000004829,202791
1788459179.759240,71.232944,rx,-1,0.000000,0.000000,0.000000,0.000000,2778,69476,25040,0.000000,0.000000,2.902673,4.534441,0.487062,0,0,0.000000,0.000000,8,10,-1,0,,202791
1788459179.761586,71.235291,rx,-1,0.000000,0.000000,0.000000,0.000000,2779,69500,24996,0.000000,0.000000,2.902673,4.534441,0.487062,0,0,0.000000,0.000000,8,10,-1,0,,202791
1788459179.761655,71.235367,tx,-1,0.000000,0.000000,0.000000,0.000000,,,,,,,,,,,,,,,,,aa5501090000000000000000004829,202935
1788459179.814840,71.288543,rx,-1,0.000000,0.000000,0.000000,0.000000,2780,69526,25004,0.000000,0.000000,2.902673,4.534441,0.487062,0,0,0.000000,0.000000,8,10,-1,0,,202935
1788459179.814965,71.288676,rx,-1,0.000000,0.000000,0.000000,0.000000,2781,69551,24968,0.000000,0.000000,2.902673,4.534441,0.487062,0,0,0.000000,0.000000,8,10,-1,0,,202935
1788459179.814982,71.288694,tx,-1,0.000000,0.000000,0.000000,0.000000,,,,,,,,,,,,,,,,,aa5501090000000000000000004829,203111
1788459179.868257,71.341963,rx,-1,0.000000,0.000000,0.000000,0.000000,2782,69575,25024,0.000000,0.000000,2.902673,4.534441,0.487062,0,0,0.000000,0.000000,8,10,-1,0,,203111
1788459179.870453,71.344160,rx,-1,0.000000,0.000000,0.000000,0.000000,2783,69601,24996,0.000000,0.000000,2.902673,4.534441,0.487062,0,0,0.000000,0.000000,8,10,-1,0,,203111
1788459179.870507,71.344218,tx,-1,0.000000,0.000000,0.000000,0.000000,,,,,,,,,,,,,,,,,aa5501090000000000000000004829,203287
1788459179.918742,71.392446,rx,-1,0.000000,0.000000,0.000000,0.000000,2784,69625,24972,0.000000,0.000000,2.902673,4.534441,0.487062,0,0,0.000000,0.000000,8,10,-1,0,,203287
1788459179.918908,71.392617,rx,-1,0.000000,0.000000,0.000000,0.000000,2785,69651,25036,0.000000,0.000000,2.902673,4.534441,0.487062,0,0,0.000000,0.000000,8,10,-1,0,,203287
1788459179.918938,71.392648,tx,-1,0.000000,0.000000,0.000000,0.000000,,,,,,,,,,,,,,,,,aa5501090000000000000000004829,203431
1788459179.972748,71.446442,rx,-1,0.000000,0.000000,0.000000,0.000000,2786,69676,24980,0.000000,0.000000,2.902673,4.534441,0.487062,0,0,0.000000,0.000000,8,10,-1,0,,203431
1788459179.975987,71.449691,rx,-1,0.000000,0.000000,0.000000,0.000000,2787,69700,25028,0.000000,0.000000,2.902673,4.534441,0.487062,0,0,0.000000,0.000000,8,10,-1,0,,203431
1788459179.976178,71.449886,rx,-1,0.000000,0.000000,0.000000,0.000000,2788,69726,24988,0.000000,0.000000,2.902673,4.534441,0.487062,0,0,0.000000,0.000000,8,10,-1,0,,203431
1788459179.976212,71.449922,tx,-1,0.000000,0.000000,0.000000,0.000000,,,,,,,,,,,,,,,,,aa5501090000000000000000004829,203583
1788459180.023252,71.496949,rx,-1,0.000000,0.000000,0.000000,0.000000,2789,69750,24972,0.000000,0.000000,2.902673,4.534441,0.487062,0,0,0.000000,0.000000,8,10,-1,0,,203583
1788459180.023404,71.497114,rx,-1,0.000000,0.000000,0.000000,0.000000,2790,69776,25036,0.000000,0.000000,2.902673,4.534441,0.487062,0,0,0.000000,0.000000,8,10,-1,0,,203583
1788459180.023421,71.497131,tx,-1,0.000000,0.000000,0.000000,0.000000,,,,,,,,,,,,,,,,,aa5501090000000000000000004829,203727
1788459180.076362,71.550055,rx,-1,0.000000,0.000000,0.000000,0.000000,2791,69800,24964,0.000000,0.000000,2.902673,4.534441,0.487062,0,0,0.000000,0.000000,8,10,-1,0,,203727
1788459180.078541,71.552249,rx,-1,0.000000,0.000000,0.000000,0.000000,2792,69825,25000,0.000000,0.000000,2.902673,4.534441,0.487062,0,0,0.000000,0.000000,8,10,-1,0,,203727
1788459180.078852,71.552563,tx,-1,0.000000,0.000000,0.000000,0.000000,,,,,,,,,,,,,,,,,aa5501090000000000000000004829,203871
1788459180.130923,71.604627,rx,-1,0.000000,0.000000,0.000000,0.000000,2793,69851,25028,0.000000,0.000000,2.902673,4.534441,0.487062,0,0,0.000000,0.000000,8,10,-1,0,,203871
1788459180.131027,71.604737,rx,-1,0.000000,0.000000,0.000000,0.000000,2794,69875,24972,0.000000,0.000000,2.902673,4.534441,0.487062,0,0,0.000000,0.000000,8,10,-1,0,,203871
1788459180.131044,71.604755,tx,-1,0.000000,0.000000,0.000000,0.000000,,,,,,,,,,,,,,,,,aa5501090000000000000000004829,204015
1788459180.183678,71.657380,rx,-1,0.000000,0.000000,0.000000,0.000000,2795,69901,25000,0.000000,0.000000,2.902673,4.534441,0.487062,0,0,0.000000,0.000000,8,10,-1,0,,204015
1788459180.185951,71.659658,rx,-1,0.000000,0.000000,0.000000,0.000000,2796,69925,25012,0.000000,0.000000,2.902673,4.534441,0.487062,0,0,0.000000,0.000000,8,10,-1,0,,204015
1788459180.185987,71.659698,tx,-1,0.000000,0.000000,0.000000,0.000000,,,,,,,,,,,,,,,,,aa5501090000000000000000004829,204159
1788459180.237410,71.711115,rx,-1,0.000000,0.000000,0.000000,0.000000,2797,69951,24992,0.000000,0.000000,2.902673,4.534441,0.487062,0,0,0.000000,0.000000,8,10,-1,0,,204159
1788459180.237508,71.711218,rx,-1,0.000000,0.000000,0.000000,0.000000,2798,69976,25032,0.000000,0.000000,2.902673,4.534441,0.487062,0,0,0.000000,0.000000,8,10,-1,0,,204159
1788459180.237522,71.711233,tx,-1,0.000000,0.000000,0.000000,0.000000,,,,,,,,,,,,,,,,,aa5501090000000000000000004829,204303
1788459180.289822,71.763528,rx,-1,0.000000,0.000000,0.000000,0.000000,2799,70000,24972,0.000000,0.000000,2.902673,4.534441,0.487062,0,0,0.000000,0.000000,8,10,-1,0,,204303
1788459180.292238,71.765945,rx,-1,0.000000,0.000000,0.000000,0.000000,2800,70026,25036,0.000000,0.000000,2.902673,4.534441,0.487062,0,0,0.000000,0.000000,8,10,-1,0,,204303
1788459180.292276,71.765988,tx,-1,0.000000,0.000000,0.000000,0.000000,,,,,,,,,,,,,,,,,aa5501090000000000000000004829,204502
1788459180.344679,71.818376,rx,-1,0.000000,0.000000,0.000000,0.000000,2801,70050,24960,0.000000,0.000000,2.902673,4.534441,0.487062,0,0,0.000000,0.000000,8,10,-1,0,,204502
1788459180.344854,71.818562,rx,-1,0.000000,0.000000,0.000000,0.000000,2802,70076,25032,0.000000,0.000000,2.902673,4.534441,0.487062,0,0,0.000000,0.000000,8,10,-1,0,,204502
1788459180.344879,71.818590,tx,-1,0.000000,0.000000,0.000000,0.000000,,,,,,,,,,,,,,,,,aa5501090000000000000000004829,204646
1788459180.397936,71.871641,rx,-1,0.000000,0.000000,0.000000,0.000000,2803,70100,24992,0.000000,0.000000,2.902673,4.534441,0.487062,0,0,0.000000,0.000000,8,10,-1,0,,204646
1788459180.400388,71.874095,rx,-1,0.000000,0.000000,0.000000,0.000000,2804,70125,24972,0.000000,0.000000,2.902673,4.534441,0.487062,0,0,0.000000,0.000000,8,10,-1,0,,204646
1788459180.400454,71.874164,tx,-1,0.000000,0.000000,0.000000,0.000000,,,,,,,,,,,,,,,,,aa5501090000000000000000004829,204822
1788459180.453361,71.927064,rx,-1,0.000000,0.000000,0.000000,0.000000,2805,70151,25044,0.000000,0.000000,2.902673,4.534441,0.487062,0,0,0.000000,0.000000,8,10,-1,0,,204822
1788459180.453475,71.927184,rx,-1,0.000000,0.000000,0.000000,0.000000,2806,70175,24964,0.000000,0.000000,2.902673,4.534441,0.487062,0,0,0.000000,0.000000,8,10,-1,0,,204822
1788459180.453545,71.927254,rx,-1,0.000000,0.000000,0.000000,0.000000,2807,70201,25024,0.000000,0.000000,2.902673,4.534441,0.487062,0,0,0.000000,0.000000,8,10,-1,0,,204822
1788459180.453560,71.927271,tx,-1,0.000000,0.000000,0.000000,0.000000,,,,,,,,,,,,,,,,,aa5501090000000000000000004829,205006
1788459180.505694,71.979401,rx,-1,0.000000,0.000000,0.000000,0.000000,2808,70225,24980,0.000000,0.000000,2.902673,4.534441,0.487062,0,0,0.000000,0.000000,8,10,-1,0,,205006
1788459180.507966,71.981676,rx,-1,0.000000,0.000000,0.000000,0.000000,2809,70250,24988,0.000000,0.000000,2.902673,4.534441,0.487062,0,0,0.000000,0.000000,8,10,-1,0,,205006
1788459180.507991,71.981701,tx,-1,0.000000,0.000000,0.000000,0.000000,,,,,,,,,,,,,,,,,aa5501090000000000000000004829,205150
1788459180.560723,72.034428,rx,-1,0.000000,0.000000,0.000000,0.000000,2810,70276,25028,0.000000,0.000000,2.902673,4.534441,0.487062,0,0,0.000000,0.000000,8,10,-1,0,,205150
1788459180.560857,72.034566,rx,-1,0.000000,0.000000,0.000000,0.000000,2811,70300,24972,0.000000,0.000000,2.902673,4.534441,0.487062,0,0,0.000000,0.000000,8,10,-1,0,,205150
1788459180.560883,72.034593,tx,-1,0.000000,0.000000,0.000000,0.000000,,,,,,,,,,,,,,,,,aa5501090000000000000000004829,205294
1788459180.613310,72.087013,rx,-1,0.000000,0.000000,0.000000,0.000000,2812,70326,25044,0.000000,0.000000,2.902673,4.534441,0.487062,0,0,0.000000,0.000000,8,10,-1,0,,205294
1788459180.615806,72.089511,rx,-1,0.000000,0.000000,0.000000,0.000000,2813,70350,24964,0.000000,0.000000,2.902673,4.534441,0.487062,0,0,0.000000,0.000000,8,10,-1,0,,205294
1788459180.615856,72.089567,tx,-1,0.000000,0.000000,0.000000,0.000000,,,,,,,,,,,,,,,,,aa5501090000000000000000004829,205438
1788459180.663871,72.137570,rx,-1,0.000000,0.000000,0.000000,0.000000,2814,70376,24996,0.000000,0.000000,2.902673,4.534441,0.487062,0,0,0.000000,0.000000,8,10,-1,0,,205438
1788459180.664056,72.137764,rx,-1,0.000000,0.000000,0.000000,0.000000,2815,70401,24992,0.000000,0.000000,2.902673,4.534441,0.487062,0,0,0.000000,0.000000,8,10,-1,0,,205438
1788459180.664080,72.137790,tx,-1,0.000000,0.000000,0.000000,0.000000,,,,,,,,,,,,,,,,,aa5501090000000000000000004829,205582
1788459180.717578,72.191278,rx,-1,0.000000,0.000000,0.000000,0.000000,2816,70425,25020,0.000000,0.000000,2.902673,4.534441,0.487062,0,0,0.000000,0.000000,8,10,-1,0,,205582
1788459180.720010,72.193717,rx,-1,0.000000,0.000000,0.000000,0.000000,2817,70451,24984,0.000000,0.000000,2.902673,4.534441,0.487062,0,0,0.000000,0.000000,8,10,-1,0,,205582
1788459180.720050,72.193760,tx,-1,0.000000,0.000000,0.000000,0.000000,,,,,,,,,,,,,,,,,aa5501090000000000000000004829,205726
1788459180.767993,72.241695,rx,-1,0.000000,0.000000,0.000000,0.000000,2818,70475,25016,0.000000,0.000000,2.902673,4.534441,0.487062,0,0,0.000000,0.000000,8,10,-1,0,,205726
1788459180.768151,72.241860,rx,-1,0.000000,0.000000,0.000000,0.000000,2819,70501,24988,0.000000,0.000000,2.902673,4.534441,0.487062,0,0,0.000000,0.000000,8,10,-1,0,,205726
1788459180.768177,72.241887,tx,-1,0.000000,0.000000,0.000000,0.000000,,,,,,,,,,,,,,,,,aa5501090000000000000000004829,205870
1788459180.821839,72.295539,rx,-1,0.000000,0.000000,0.000000,0.000000,2820,70525,25016,0.000000,0.000000,2.902673,4.534441,0.487062,0,0,0.000000,0.000000,8,10,-1,0,,205870
1788459180.824276,72.297981,rx,-1,0.000000,0.000000,0.000000,0.000000,2821,70550,24996,0.000000,0.000000,2.902673,4.534441,0.487062,0,0,0.000000,0.000000,8,10,-1,0,,205870
1788459180.824341,72.298051,tx,-1,0.000000,0.000000,0.000000,0.000000,,,,,,,,,,,,,,,,,aa5501090000000000000000004829,206014
1788459180.872597,72.346298,rx,-1,0.000000,0.000000,0.000000,0.000000,2822,70576,25008,0.000000,0.000000,2.902673,4.534441,0.487062,0,0,0.000000,0.000000,8,10,-1,0,,206014
1788459180.872735,72.346445,rx,-1,0.000000,0.000000,0.000000,0.000000,2823,70600,24996,0.000000,0.000000,2.902673,4.534441,0.487062,0,0,0.000000,0.000000,8,10,-1,0,,206014
1788459180.872752,72.346462,tx,-1,0.000000,0.000000,0.000000,0.000000,,,,,,,,,,,,,,,,,aa5501090000000000000000004829,206158
1788459180.926306,72.400011,rx,-1,0.000000,0.000000,0.000000,0.000000,2824,70626,25040,0.000000,0.000000,2.902673,4.534441,0.487062,0,0,0.000000,0.000000,8,10,-1,0,,206158
1788459180.928625,72.402333,rx,-1,0.000000,0.000000,0.000000,0.000000,2825,70650,24972,0.000000,0.000000,2.902673,4.534441,0.487062,0,0,0.000000,0.000000,8,10,-1,0,,206158
1788459180.928684,72.402393,tx,-1,0.000000,0.000000,0.000000,0.000000,,,,,,,,,,,,,,,,,aa5501090000000000000000004829,206302
1788459180.976933,72.450639,rx,-1,0.000000,0.000000,0.000000,0.000000,2826,70676,24984,0.000000,0.000000,2.902673,4.534441,0.487062,0,0,0.000000,0.000000,8,10,-1,0,,206302
1788459180.977066,72.450775,rx,-1,0.000000,0.000000,0.000000,0.000000,2827,70701,24988,0.000000,0.000000,2.902673,4.534441,0.487062,0,0,0.000000,0.000000,8,10,-1,0,,206302
1788459180.977085,72.450796,tx,-1,0.000000,0.000000,0.000000,0.000000,,,,,,,,,,,,,,,,,aa5501090000000000000000004829,206446
1788459181.030958,72.504657,rx,-1,0.000000,0.000000,0.000000,0.000000,2828,70725,25008,0.000000,0.000000,2.902673,4.534441,0.487062,0,0,0.000000,0.000000,8,10,-1,0,,206446
1788459181.033656,72.507361,rx,-1,0.000000,0.000000,0.000000,0.000000,2829,70751,25004,0.000000,0.000000,2.902673,4.534441,0.487062,0,0,0.000000,0.000000,8,10,-1,0,,206446
1788459181.033727,72.507437,tx,-1,0.000000,0.000000,0.000000,0.000000,,,,,,,,,,,,,,,,,aa5501090000000000000000004829,206654
1788459181.081303,72.555009,rx,-1,0.000000,0.000000,0.000000,0.000000,2830,70775,25004,0.000000,0.000000,2.902673,4.534441,0.487062,0,0,0.000000,0.000000,8,10,-1,0,,206654
1788459181.081422,72.555131,rx,-1,0.000000,0.000000,0.000000,0.000000,2831,70801,25004,0.000000,0.000000,2.902673,4.534441,0.487062,0,0,0.000000,0.000000,8,10,-1,0,,206654
1788459181.081448,72.555158,tx,-1,0.000000,0.000000,0.000000,0.000000,,,,,,,,,,,,,,,,,aa5501090000000000000000004829,206798
1788459181.134505,72.608206,rx,-1,0.000000,0.000000,0.000000,0.000000,2832,70825,25008,0.000000,0.000000,2.902673,4.534441,0.487062,0,0,0.000000,0.000000,8,10,-1,0,,206798
1788459181.137084,72.610791,rx,-1,0.000000,0.000000,0.000000,0.000000,2833,70850,25000,0.000000,0.000000,2.902673,4.534441,0.487062,0,0,0.000000,0.000000,8,10,-1,0,,206798
1788459181.137159,72.610868,rx,-1,0.000000,0.000000,0.000000,0.000000,2834,70876,24972,0.000000,0.000000,2.902673,4.534441,0.487062,0,0,0.000000,0.000000,8,10,-1,0,,206798
1788459181.137171,72.610881,tx,-1,0.000000,0.000000,0.000000,0.000000,,,,,,,,,,,,,,,,,aa5501090000000000000000004829,206950
1788459181.185349,72.659052,rx,-1,0.000000,0.000000,0.000000,0.000000,2835,70900,25032,0.000000,0.000000,2.902673,4.534441,0.487062,0,0,0.000000,0.000000,8,10,-1,0,,206950
1788459181.185512,72.659220,rx,-1,0.000000,0.000000,0.000000,0.000000,2836,70926,24976,0.000000,0.000000,2.902673,4.534441,0.487062,0,0,0.000000,0.000000,8,10,-1,0,,206950
1788459181.185533,72.659242,tx,-1,0.000000,0.000000,0.000000,0.000000,,,,,,,,,,,,,,,,,aa5501090000000000000000004829,207094
1788459181.239022,72.712723,rx,-1,0.000000,0.000000,0.000000,0.000000,2837,70950,24992,0.000000,0.000000,2.902673,4.534441,0.487062,0,0,0.000000,0.000000,8,10,-1,0,,207094
1788459181.241850,72.715555,rx,-1,0.000000,0.000000,0.000000,0.000000,2838,70976,25032,0.000000,0.000000,2.902673,4.534441,0.487062,0,0,0.000000,0.000000,8,10,-1,0,,207094
1788459181.241899,72.715608,tx,-1,0.000000,0.000000,0.000000,0.000000,,,,,,,,,,,,,,,,,aa5501090000000000000000004829,207238
1788459181.289315,72.763006,rx,-1,0.000000,0.000000,0.000000,0.000000,2839,71001,25000,0.000000,0.000000,2.902673,4.534441,0.487062,0,0,0.000000,0.000000,8,10,-1,0,,207238
1788459181.289537,72.763244,rx,-1,0.000000,0.000000,0.000000,0.000000,2840,71025,24996,0.000000,0.000000,2.902673,4.534441,0.487062,0,0,0.000000,0.000000,8,10,-1,0,,207238
1788459181.289560,72.763269,tx,-1,0.000000,0.000000,0.000000,0.000000,,,,,,,,,,,,,,,,,aa5501090000000000000000004829,207437
1788459181.342839,72.816543,rx,-1,0.000000,0.000000,0.000000,0.000000,2841,71051,25004,0.000000,0.000000,2.902673,4.534441,0.487062,0,0,0.000000,0.000000,8,10,-1,0,,207437
1788459181.345213,72.818919,rx,-1,0.000000,0.000000,0.000000,0.000000,2842,71075,24960,0.000000,0.000000,2.902673,4.534441,0.487062,0,0,0.000000,0.000000,8,10,-1,0,,207437
1788459181.345266,72.818976,tx,-1,0.000000,0.000000,0.000000,0.000000,,,,,,,,,,,,,,,,,aa5501090000000000000000004829,207581
1788459181.393490,72.867195,rx,-1,0.000000,0.000000,0.000000,0.000000,2843,71101,25000,0.000000,0.000000,2.902673,4.534441,0.487062,0,0,0.000000,0.000000,8,10,-1,0,,207581
1788459181.393617,72.867326,rx,-1,0.000000,0.000000,0.000000,0.000000,2844,71126,25004,0.000000,0.000000,2.902673,4.534441,0.487062,0,0,0.000000,0.000000,8,10,-1,0,,207581
1788459181.393631,72.867341,tx,-1,0.000000,0.000000,0.000000,0.000000,,,,,,,,,,,,,,,,,aa5501090000000000000000004829,207725
1788459181.447442,72.921145,rx,-1,0.000000,0.000000,0.000000,0.000000,2845,71150,25012,0.000000,0.000000,2.902673,4.534441,0.487062,0,0,0.000000,0.000000,8,10,-1,0,,207725
1788459181.449980,72.923686,rx,-1,0.000000,0.000000,0.000000,0.000000,2846,71176,25008,0.000000,0.000000,2.902673,4.534441,0.487062,0,0,0.000000,0.000000,8,10,-1,0,,207725
1788459181.450020,72.923729,tx,-1,0.000000,0.000000,0.000000,0.000000,,,,,,,,,,,,,,,,,aa5501090000000000000000004829,207869
1788459181.497422,72.971125,rx,-1,0.000000,0.000000,0.000000,0.000000,2847,71200,24996,0.000000,0.000000,2.902673,4.534441,0.487062,0,0,0.000000,0.000000,8,10,-1,0,,207869
1788459181.497623,72.971329,rx,-1,0.000000,0.000000,0.000000,0.000000,2848,71226,25016,0.000000,0.000000,2.902673,4.534441,0.487062,0,0,0.000000,0.000000,8,10,-1,0,,207869
1788459181.497658,72.971366,tx,-1,0.000000,0.000000,0.000000,0.000000,,,,,,,,,,,,,,,,,aa5501090000000000000000004829,208013
1788459181.550985,73.024688,rx,-1,0.000000,0.000000,0.000000,0.000000,2849,71250,24992,0.000000,0.000000,2.902673,4.534441,0.487062,0,0,0.000000,0.000000,8,10,-1,0,,208013
1788459181.553598,73.027304,rx,-1,0.000000,0.000000,0.000000,0.000000,2850,71275,24984,0.000000,0.000000,2.902673,4.534441,0.487062,0,0,0.000000,0.000000,8,10,-1,0,,208013
1788459181.553643,73.027353,tx,-1,0.000000,0.000000,0.000000,0.000000,,,,,,,,,,,,,,,,,aa5501090000000000000000004829,208157
1788459181.601190,73.074877,rx,-1,0.000000,0.000000,0.000000,0.000000,2851,71301,24992,0.000000,0.000000,2.902673,4.534441,0.487062,0,0,0.000000,0.000000,8,10,-1,0,,208157
1788459181.601452,73.075159,rx,-1,0.000000,0.000000,0.000000,0.000000,2852,71325,25016,0.000000,0.000000,2.902673,4.534441,0.487062,0,0,0.000000,0.000000,8,10,-1,0,,208157
1788459181.601479,73.075188,tx,-1,0.000000,0.000000,0.000000,0.000000,,,,,,,,,,,,,,,,,aa5501090000000000000000004829,208301
1788459181.655183,73.128879,rx,-1,0.000000,0.000000,0.000000,0.000000,2853,71351,24996,0.000000,0.000000,2.902673,4.534441,0.487062,0,0,0.000000,0.000000,8,10,-1,0,,208301
1788459181.657492,73.131196,rx,-1,0.000000,0.000000,0.000000,0.000000,2854,71375,25016,0.000000,0.000000,2.902673,4.534441,0.487062,0,0,0.000000,0.000000,8,10,-1,0,,208301
1788459181.657520,73.131229,tx,-1,0.000000,0.000000,0.000000,0.000000,,,,,,,,,,,,,,,,,aa5501090000000000000000004829,208445
1788459181.711032,73.184728,rx,-1,0.000000,0.000000,0.000000,0.000000,2855,71401,24992,0.000000,0.000000,2.902673,4.534441,0.487062,0,0,0.000000,0.000000,8,10,-1,0,,208445
1788459181.711308,73.185014,rx,-1,0.000000,0.000000,0.000000,0.000000,2856,71426,25004,0.000000,0.000000,2.902673,4.534441,0.487062,0,0,0.000000,0.000000,8,10,-1,0,,208445
1788459181.711371,73.185079,tx,-1,0.000000,0.000000,0.000000,0.000000,,,,,,,,,,,,,,,,,aa5501090000000000000000004829,208621
1788459181.765636,73.239328,rx,-1,0.000000,0.000000,0.000000,0.000000,2857,71450,24992,0.000000,0.000000,2.902673,4.534441,0.487062,0,0,0.000000,0.000000,8,10,-1,0,,208621
1788459181.768985,73.242690,rx,-1,0.000000,0.000000,0.000000,0.000000,2858,71476,24980,0.000000,0.000000,2.902673,4.534441,0.487062,0,0,0.000000,0.000000,8,10,-1,0,,208621
1788459181.769059,73.242768,tx,-1,0.000000,0.000000,0.000000,0.000000,,,,,,,,,,,,,,,,,aa5501090000000000000000004829,208797
1788459181.816689,73.290386,rx,-1,0.000000,0.000000,0.000000,0.000000,2859,71500,25032,0.000000,0.000000,2.902673,4.534441,0.487062,0,0,0.000000,0.000000,8,10,-1,0,,208797
1788459181.816974,73.290680,rx,-1,0.000000,0.000000,0.000000,0.000000,2860,71526,24984,0.000000,0.000000,2.902673,4.534441,0.487062,0,0,0.000000,0.000000,8,10,-1,0,,208797
1788459181.817038,73.290746,tx,-1,0.000000,0.000000,0.000000,0.000000,,,,,,,,,,,,,,,,,aa5501090000000000000000004829,208941
1788459181.871576,73.345249,rx,-1,0.000000,0.000000,0.000000,0.000000,2861,71550,25024,0.000000,0.000000,2.902673,4.534441,0.487062,0,0,0.000000,0.000000,8,10,-1,0,,208941
1788459181.875163,73.348863,rx,-1,0.000000,0.000000,0.000000,0.000000,2862,71575,25000,0.000000,0.000000,2.902673,4.534441,0.487062,0,0,0.000000,0.000000,8,10,-1,0,,208941
1788459181.875401,73.349107,rx,-1,0.000000,0.000000,0.000000,0.000000,2863,71601,24980,0.000000,0.000000,2.902673,4.534441,0.487062,0,0,0.000000,0.000000,8,10,-1,0,,208941
1788459181.875432,73.349141,tx,-1,0.000000,0.000000,0.000000,0.000000,,,,,,,,,,,,,,,,,aa5501090000000000000000004829,209093
1788459181.923347,73.397044,rx,-1,0.000000,0.000000,0.000000,0.000000,2864,71625,25020,0.000000,0.000000,2.902673,4.534441,0.487062,0,0,0.000000,0.000000,8,10,-1,0,,209093
1788459181.923586,73.397293,rx,-1,0.000000,0.000000,0.000000,0.000000,2865,71651,24984,0.000000,0.000000,2.902673,4.534441,0.487062,0,0,0.000000,0.000000,8,10,-1,0,,209093
1788459181.923612,73.397320,tx,-1,0.000000,0.000000,0.000000,0.000000,,,,,,,,,,,,,,,,,aa5501090000000000000000004829,209237
1788459181.978466,73.452159,rx,-1,0.000000,0.000000,0.000000,0.000000,2866,71675,24984,0.000000,0.000000,2.902673,4.534441,0.487062,0,0,0.000000,0.000000,8,10,-1,0,,209237
1788459181.982774,73.456472,rx,-1,0.000000,0.000000,0.000000,0.000000,2867,71701,25028,0.000000,0.000000,2.902673,4.534441,0.487062,0,0,0.000000,0.000000,8,10,-1,0,,209237
1788459181.982930,73.456638,tx,-1,0.000000,0.000000,0.000000,0.000000,,,,,,,,,,,,,,,,,aa5501090000000000000000004829,209381
1788459182.031893,73.505588,rx,-1,0.000000,0.000000,0.000000,0.000000,2868,71726,25008,0.000000,0.000000,2.902673,4.534441,0.487062,0,0,0.000000,0.000000,8,10,-1,0,,209381
1788459182.032160,73.505864,rx,-1,0.000000,0.000000,0.000000,0.000000,2869,71750,24996,0.000000,0.000000,2.902673,4.534441,0.487062,0,0,0.000000,0.000000,8,10,-1,0,,209381
1788459182.032222,73.505930,tx,-1,0.000000,0.000000,0.000000,0.000000,,,,,,,,,,,,,,,,,aa5501090000000000000000004829,209525
1788459182.085773,73.559474,rx,-1,0.000000,0.000000,0.000000,0.000000,2870,71776,24980,0.000000,0.000000,2.902673,4.534441,0.487062,0,0,0.000000,0.000000,8,10,-1,0,,209525
1788459182.088129,73.561834,rx,-1,0.000000,0.000000,0.000000,0.000000,2871,71800,24988,0.000000,0.000000,2.902673,4.534441,0.487062,0,0,0.000000,0.000000,8,10,-1,0,,209525
1788459182.088180,73.561889,tx,-1,0.000000,0.000000,0.000000,0.000000,,,,,,,,,,,,,,,,,aa5501090000000000000000004829,209669
1788459182.140121,73.613822,rx,-1,0.000000,0.000000,0.000000,0.000000,2872,71826,25032,0.000000,0.000000,2.902673,4.534441,0.487062,0,0,0.000000,0.000000,8,10,-1,0,,209669
1788459182.140242,73.613950,rx,-1,0.000000,0.000000,0.000000,0.000000,2873,71851,24992,0.000000,0.000000,2.902673,4.534441,0.487062,0,0,0.000000,0.000000,8,10,-1,0,,209669
1788459182.140261,73.613970,tx,-1,0.000000,0.000000,0.000000,0.000000,,,,,,,,,,,,,,,,,aa5501090000000000000000004829,209813
1788459182.191646,73.665340,rx,-1,0.000000,0.000000,0.000000,0.000000,2874,71875,24984,0.000000,0.000000,2.902673,4.534441,0.487062,0,0,0.000000,0.000000,8,10,-1,0,,209813
1788459182.193781,73.667484,rx,-1,0.000000,0.000000,0.000000,0.000000,2875,71901,24984,0.000000,0.000000,2.902673,4.534441,0.487062,0,0,0.000000,0.000000,8,10,-1,0,,209813
1788459182.193849,73.667558,tx,-1,0.000000,0.000000,0.000000,0.000000,,,,,,,,,,,,,,,,,aa5501090000000000000000004829,209989
1788459182.242104,73.715801,rx,-1,0.000000,0.000000,0.000000,0.000000,2876,71925,25020,0.000000,0.000000,2.902673,4.534441,0.487062,0,0,0.000000,0.000000,8,10,-1,0,,209989
1788459182.242254,73.715962,rx,-1,0.000000,0.000000,0.000000,0.000000,2877,71951,24988,0.000000,0.000000,2.902673,4.534441,0.487062,0,0,0.000000,0.000000,8,10,-1,0,,209989
1788459182.242274,73.715983,tx,-1,0.000000,0.000000,0.000000,0.000000,,,,,,,,,,,,,,,,,aa5501090000000000000000004829,210133
1788459182.295385,73.769088,rx,-1,0.000000,0.000000,0.000000,0.000000,2878,71975,25020,0.000000,0.000000,2.902673,4.534441,0.487062,0,0,0.000000,0.000000,8,10,-1,0,,210133
1788459182.297747,73.771450,rx,-1,0.000000,0.000000,0.000000,0.000000,2879,72000,24992,0.000000,0.000000,2.902673,4.534441,0.487062,0,0,0.000000,0.000000,8,10,-1,0,,210133
1788459182.297835,73.771544,tx,-1,0.000000,0.000000,0.000000,0.000000,,,,,,,,,,,,,,,,,aa5501090000000000000000004829,210364
1788459182.345982,73.819687,rx,-1,0.000000,0.000000,0.000000,0.000000,2880,72026,24988,0.000000,0.000000,2.902673,4.534441,0.487062,0,0,0.000000,0.000000,8,10,-1,0,,210364
1788459182.346065,73.819773,rx,-1,0.000000,0.000000,0.000000,0.000000,2881,72050,25012,0.000000,0.000000,2.902673,4.534441,0.487062,0,0,0.000000,0.000000,8,10,-1,0,,210364
1788459182.346084,73.819793,tx,-1,0.000000,0.000000,0.000000,0.000000,,,,,,,,,,,,,,,,,aa5501090000000000000000004829,210508
1788459182.399284,73.872989,rx,-1,0.000000,0.000000,0.000000,0.000000,2882,72076,24984,0.000000,0.000000,2.902673,4.534441,0.487062,0,0,0.000000,0.000000,8,10,-1,0,,210508
1788459182.401234,73.874941,rx,-1,0.000000,0.000000,0.000000,0.000000,2883,72100,25024,0.000000,0.000000,2.902673,4.534441,0.487062,0,0,0.000000,0.000000,8,10,-1,0,,210508
1788459182.401297,73.875005,rx,-1,0.000000,0.000000,0.000000,0.000000,2884,72126,25008,0.000000,0.000000,2.902673,4.534441,0.487062,0,0,0.000000,0.000000,8,10,-1,0,,210508
1788459182.401309,73.875018,tx,-1,0.000000,0.000000,0.000000,0.000000,,,,,,,,,,,,,,,,,aa5501090000000000000000004829,210660
1788459182.454781,73.928482,rx,-1,0.000000,0.000000,0.000000,0.000000,2885,72151,25004,0.000000,0.000000,2.902673,4.534441,0.487062,0,0,0.000000,0.000000,8,10,-1,0,,210660
1788459182.454894,73.928602,rx,-1,0.000000,0.000000,0.000000,0.000000,2886,72175,24988,0.000000,0.000000,2.902673,4.534441,0.487062,0,0,0.000000,0.000000,8,10,-1,0,,210660
1788459182.454911,73.928620,tx,-1,0.000000,0.000000,0.000000,0.000000,,,,,,,,,,,,,,,,,aa5501090000000000000000004829,210804
1788459182.508315,73.982019,rx,-1,0.000000,0.000000,0.000000,0.000000,2887,72201,24980,0.000000,0.000000,2.902673,4.534441,0.487062,0,0,0.000000,0.000000,8,10,-1,0,,210804
1788459182.510648,73.984354,rx,-1,0.000000,0.000000,0.000000,0.000000,2888,72225,25024,0.000000,0.000000,2.902673,4.534441,0.487062,0,0,0.000000,0.000000,8,10,-1,0,,210804
1788459182.510677,73.984385,tx,-1,0.000000,0.000000,0.000000,0.000000,,,,,,,,,,,,,,,,,aa5501090000000000000000004829,210948
1788459182.558728,74.032431,rx,-1,0.000000,0.000000,0.000000,0.000000,2889,72251,24988,0.000000,0.000000,2.902673,4.534441,0.487062,0,0,0.000000,0.000000,8,10,-1,0,,210948
1788459182.558869,74.032576,rx,-1,0.000000,0.000000,0.000000,0.000000,2890,72275,25020,0.000000,0.000000,2.902673,4.534441,0.487062,0,0,0.000000,0.000000,8,10,-1,0,,210948
1788459182.558889,74.032598,tx,-1,0.000000,0.000000,0.000000,0.000000,,,,,,,,,,,,,,,,,aa5501090000000000000000004829,211092
1788459182.611720,74.085417,rx,-1,0.000000,0.000000,0.000000,0.000000,2891,72300,24996,0.000000,0.000000,2.902673,4.534441,0.487062,0,0,0.000000,0.000000,8,10,-1,0,,211092
1788459182.614161,74.087864,rx,-1,0.000000,0.000000,0.000000,0.000000,2892,72326,24988,0.000000,0.000000,2.902673,4.534441,0.487062,0,0,0.000000,0.000000,8,10,-1,0,,211092
1788459182.614206,74.087915,tx,-1,0.000000,0.000000,0.000000,0.000000,,,,,,,,,,,,,,,,,aa5501090000000000000000004829,211236
1788459182.662202,74.135894,rx,-1,0.000000,0.000000,0.000000,0.000000,2893,72350,25012,0.000000,0.000000,2.902673,4.534441,0.487062,0,0,0.000000,0.000000,8,10,-1,0,,211236
1788459182.662364,74.136071,rx,-1,0.000000,0.000000,0.000000,0.000000,2894,72376,24988,0.000000,0.000000,2.902673,4.534441,0.487062,0,0,0.000000,0.000000,8,10,-1,0,,211236
1788459182.662388,74.136096,tx,-1,0.000000,0.000000,0.000000,0.000000,,,,,,,,,,,,,,,,,aa5501090000000000000000004829,211380
1788459182.714121,74.187820,rx,-1,0.000000,0.000000,0.000000,0.000000,2895,72400,25020,0.000000,0.000000,2.902673,4.534441,0.487062,0,0,0.000000,0.000000,8,10,-1,0,,211380
1788459182.716433,74.190135,rx,-1,0.000000,0.000000,0.000000,0.000000,2896,72425,24960,0.000000,0.000000,2.902673,4.534441,0.487062,0,0,0.000000,0.000000,8,10,-1,0,,211380
1788459182.716492,74.190200,tx,-1,0.000000,0.000000,0.000000,0.000000,,,,,,,,,,,,,,,,,aa5501090000000000000000004829,211524
1788459182.769242,74.242942,rx,-1,0.000000,0.000000,0.000000,0.000000,2897,72451,25012,0.000000,0.000000,2.902673,4.534441,0.487062,0,0,0.000000,0.000000,8,10,-1,0,,211524
1788459182.769357,74.243064,rx,-1,0.000000,0.000000,0.000000,0.000000,2898,72475,25020,0.000000,0.000000,2.902673,4.534441,0.487062,0,0,0.000000,0.000000,8,10,-1,0,,211524
1788459182.769373,74.243081,tx,-1,0.000000,0.000000,0.000000,0.000000,,,,,,,,,,,,,,,,,aa5501090000000000000000004829,211668
1788459182.821699,74.295398,rx,-1,0.000000,0.000000,0.000000,0.000000,2899,72501,24984,0.000000,0.000000,2.902673,4.534441,0.487062,0,0,0.000000,0.000000,8,10,-1,0,,211668
1788459182.824005,74.297711,rx,-1,0.000000,0.000000,0.000000,0.000000,2900,72525,24984,0.000000,0.000000,2.902673,4.534441,0.487062,0,0,0.000000,0.000000,8,10,-1,0,,211668
1788459182.824039,74.297748,tx,-1,0.000000,0.000000,0.000000,0.000000,,,,,,,,,,,,,,,,,aa5501090000000000000000004829,211812
1788459182.872030,74.345727,rx,-1,0.000000,0.000000,0.000000,0.000000,2901,72551,25016,0.000000,0.000000,2.902673,4.534441,0.487062,0,0,0.000000,0.000000,8,10,-1,0,,211812
1788459182.872209,74.345915,rx,-1,0.000000,0.000000,0.000000,0.000000,2902,72576,24992,0.000000,0.000000,2.902673,4.534441,0.487062,0,0,0.000000,0.000000,8,10,-1,0,,211812
1788459182.872235,74.345944,tx,-1,0.000000,0.000000,0.000000,0.000000,,,,,,,,,,,,,,,,,aa5501090000000000000000004829,211956
1788459182.925502,74.399197,rx,-1,0.000000,0.000000,0.000000,0.000000,2903,72600,24988,0.000000,0.000000,2.902673,4.534441,0.487062,0,0,0.000000,0.000000,8,10,-1,0,,211956
1788459182.929368,74.403065,rx,-1,0.000000,0.000000,0.000000,0.000000,2904,72626,25048,0.000000,0.000000,2.902673,4.534441,0.487062,0,0,0.000000,0.000000,8,10,-1,0,,211956
1788459182.929479,74.403186,tx,-1,0.000000,0.000000,0.000000,0.000000,,,,,,,,,,,,,,,,,aa5501090000000000000000004829,212132
1788459182.978471,74.452167,rx,-1,0.000000,0.000000,0.000000,0.000000,2905,72650,24960,0.000000,0.000000,2.902673,4.534441,0.487062,0,0,0.000000,0.000000,8,10,-1,0,,212132
1788459182.978696,74.452401,rx,-1,0.000000,0.000000,0.000000,0.000000,2906,72676,25040,0.000000,0.000000,2.902673,4.534441,0.487062,0,0,0.000000,0.000000,8,10,-1,0,,212132
1788459182.978740,74.452448,tx,-1,0.000000,0.000000,0.000000,0.000000,,,,,,,,,,,,,,,,,aa5501090000000000000000004829,212308
1788459183.032667,74.506359,rx,-1,0.000000,0.000000,0.000000,0.000000,2907,72700,24964,0.000000,0.000000,2.902673,4.534441,0.487062,0,0,0.000000,0.000000,8,10,-1,0,,212308
1788459183.036360,74.510057,rx,-1,0.000000,0.000000,0.000000,0.000000,2908,72725,25012,0.000000,0.000000,2.902673,4.534441,0.487062,0,0,0.000000,0.000000,8,10,-1,0,,212308
1788459183.036549,74.510254,rx,-1,0.000000,0.000000,0.000000,0.000000,2909,72751,24992,0.000000,0.000000,2.902673,4.534441,0.487062,0,0,0.000000,0.000000,8,10,-1,0,,212308
1788459183.036572,74.510280,tx,-1,0.000000,0.000000,0.000000,0.000000,,,,,,,,,,,,,,,,,aa5501090000000000000000004829,212460
1788459183.084872,74.558570,rx,-1,0.000000,0.000000,0.000000,0.000000,2910,72775,24988,0.000000,0.000000,2.902673,4.534441,0.487062,0,0,0.000000,0.000000,8,10,-1,0,,212460
1788459183.084998,74.558704,rx,-1,0.000000,0.000000,0.000000,0.000000,2911,72801,25008,0.000000,0.000000,2.902673,4.534441,0.487062,0,0,0.000000,0.000000,8,10,-1,0,,212460
1788459183.085019,74.558726,tx,-1,0.000000,0.000000,0.000000,0.000000,,,,,,,,,,,,,,,,,aa5501090000000000000000004829,212604
1788459183.138260,74.611960,rx,-1,0.000000,0.000000,0.000000,0.000000,2912,72825,24996,0.000000,0.000000,2.902673,4.534441,0.487062,0,0,0.000000,0.000000,8,10,-1,0,,212604
1788459183.140778,74.614482,rx,-1,0.000000,0.000000,0.000000,0.000000,2913,72851,25016,0.000000,0.000000,2.902673,4.534441,0.487062,0,0,0.000000,0.000000,8,10,-1,0,,212604
1788459183.140825,74.614532,tx,-1,0.000000,0.000000,0.000000,0.000000,,,,,,,,,,,,,,,,,aa5501090000000000000000004829,212748
1788459183.188593,74.662294,rx,-1,0.000000,0.000000,0.000000,0.000000,2914,72876,24996,0.000000,0.000000,2.902673,4.534441,0.487062,0,0,0.000000,0.000000,8,10,-1,0,,212748
1788459183.188735,74.662441,rx,-1,0.000000,0.000000,0.000000,0.000000,2915,72900,25028,0.000000,0.000000,2.902673,4.534441,0.487062,0,0,0.000000,0.000000,8,10,-1,0,,212748
1788459183.188754,74.662462,tx,-1,0.000000,0.000000,0.000000,0.000000,,,,,,,,,,,,,,,,,aa5501090000000000000000004829,212892
1788459183.241992,74.715685,rx,-1,0.000000,0.000000,0.000000,0.000000,2916,72926,24996,0.000000,0.000000,2.902673,4.534441,0.487062,0,0,0.000000,0.000000,8,10,-1,0,,212892
1788459183.244917,74.718620,rx,-1,0.000000,0.000000,0.000000,0.000000,2917,72950,24964,0.000000,0.000000,2.902673,4.534441,0.487062,0,0,0.000000,0.000000,8,10,-1,0,,212892
1788459183.244981,74.718689,tx,-1,0.000000,0.000000,0.000000,0.000000,,,,,,,,,,,,,,,,,aa5501090000000000000000004829,213036
1788459183.292832,74.766534,rx,-1,0.000000,0.000000,0.000000,0.000000,2918,72976,24992,0.000000,0.000000,2.902673,4.534441,0.487062,0,0,0.000000,0.000000,8,10,-1,0,,213036
1788459183.292966,74.766673,rx,-1,0.000000,0.000000,0.000000,0.000000,2919,73000,25020,0.000000,0.000000,2.902673,4.534441,0.487062,0,0,0.000000,0.000000,8,10,-1,0,,213036
1788459183.293026,74.766734,tx,-1,0.000000,0.000000,0.000000,0.000000,,,,,,,,,,,,,,,,,aa5501090000000000000000004829,213235
1788459183.347722,74.821415,rx,-1,0.000000,0.000000,0.000000,0.000000,2920,73025,25012,0.000000,0.000000,2.902673,4.534441,0.487062,0,0,0.000000,0.000000,8,10,-1,0,,213235
1788459183.350385,74.824085,rx,-1,0.000000,0.000000,0.000000,0.000000,2921,73051,25004,0.000000,0.000000,2.902673,4.534441,0.487062,0,0,0.000000,0.000000,8,10,-1,0,,213235
1788459183.350471,74.824179,tx,-1,0.000000,0.000000,0.000000,0.000000,,,,,,,,,,,,,,,,,aa5501090000000000000000004829,213379
1788459183.402273,74.875969,rx,-1,0.000000,0.000000,0.000000,0.000000,2922,73075,24992,0.000000,0.000000,2.902673,4.534441,0.487062,0,0,0.000000,0.000000,8,10,-1,0,,213379
1788459183.402399,74.876106,rx,-1,0.000000,0.000000,0.000000,0.000000,2923,73101,25012,0.000000,0.000000,2.902673,4.534441,0.487062,0,0,0.000000,0.000000,8,10,-1,0,,213379
1788459183.402413,74.876121,tx,-1,0.000000,0.000000,0.000000,0.000000,,,,,,,,,,,,,,,,,aa5501090000000000000000004829,213523
1788459183.456420,74.930122,rx,-1,0.000000,0.000000,0.000000,0.000000,2924,73125,25008,0.000000,0.000000,2.902673,4.534441,0.487062,0,0,0.000000,0.000000,8,10,-1,0,,213523
1788459183.458654,74.932358,rx,-1,0.000000,0.000000,0.000000,0.000000,2925,73151,25000,0.000000,0.000000,2.902673,4.534441,0.487062,0,0,0.000000,0.000000,8,10,-1,0,,213523
1788459183.458720,74.932428,tx,-1,0.000000,0.000000,0.000000,0.000000,,,,,,,,,,,,,,,,,aa5501090000000000000000004829,213699
1788459183.506655,74.980360,rx,-1,0.000000,0.000000,0.000000,0.000000,2926,73176,24988,0.000000,0.000000,2.902673,4.534441,0.487062,0,0,0.000000,0.000000,8,10,-1,0,,213699
1788459183.506763,74.980470,rx,-1,0.000000,0.000000,0.000000,0.000000,2927,73200,24996,0.000000,0.000000,2.902673,4.534441,0.487062,0,0,0.000000,0.000000,8,10,-1,0,,213699
1788459183.506781,74.980489,tx,-1,0.000000,0.000000,0.000000,0.000000,,,,,,,,,,,,,,,,,aa5501090000000000000000004829,213843
1788459183.559355,75.033059,rx,-1,0.000000,0.000000,0.000000,0.000000,2928,73226,24980,0.000000,0.000000,2.902673,4.534441,0.487062,0,0,0.000000,0.000000,8,10,-1,0,,213843
1788459183.561488,75.035193,rx,-1,0.000000,0.000000,0.000000,0.000000,2929,73250,25000,0.000000,0.000000,2.902673,4.534441,0.487062,0,0,0.000000,0.000000,8,10,-1,0,,213843
1788459183.561531,75.035239,tx,-1,0.000000,0.000000,0.000000,0.000000,,,,,,,,,,,,,,,,,aa5501090000000000000000004829,214019
1788459183.613890,75.087590,rx,-1,0.000000,0.000000,0.000000,0.000000,2930,73276,25024,0.000000,0.000000,2.902673,4.534441,0.487062,0,0,0.000000,0.000000,8,10,-1,0,,214019
1788459183.614025,75.087731,rx,-1,0.000000,0.000000,0.000000,0.000000,2931,73300,24988,0.000000,0.000000,2.902673,4.534441,0.487062,0,0,0.000000,0.000000,8,10,-1,0,,214019
1788459183.614096,75.087802,rx,-1,0.000000,0.000000,0.000000,0.000000,2932,73325,24992,0.000000,0.000000,2.902673,4.534441,0.487062,0,0,0.000000,0.000000,8,10,-1,0,,214019
1788459183.614110,75.087818,tx,-1,0.000000,0.000000,0.000000,0.000000,,,,,,,,,,,,,,,,,aa5501090000000000000000004829,214171
1788459183.666845,75.140548,rx,-1,0.000000,0.000000,0.000000,0.000000,2933,73351,25020,0.000000,0.000000,2.902673,4.534441,0.487062,0,0,0.000000,0.000000,8,10,-1,0,,214171
1788459183.669183,75.142888,rx,-1,0.000000,0.000000,0.000000,0.000000,2934,73375,24984,0.000000,0.000000,2.902673,4.534441,0.487062,0,0,0.000000,0.000000,8,10,-1,0,,214171
1788459183.669220,75.142927,tx,-1,0.000000,0.000000,0.000000,0.000000,,,,,,,,,,,,,,,,,aa5501090000000000000000004829,214315
1788459183.720665,75.194365,rx,-1,0.000000,0.000000,0.000000,0.000000,2935,73401,25020,0.000000,0.000000,2.902673,4.534441,0.487062,0,0,0.000000,0.000000,8,10,-1,0,,214315
1788459183.720820,75.194526,rx,-1,0.000000,0.000000,0.000000,0.000000,2936,73425,24992,0.000000,0.000000,2.902673,4.534441,0.487062,0,0,0.000000,0.000000,8,10,-1,0,,214315
1788459183.720840,75.194547,tx,-1,0.000000,0.000000,0.000000,0.000000,,,,,,,,,,,,,,,,,aa5501090000000000000000004829,214459
1788459183.774124,75.247823,rx,-1,0.000000,0.000000,0.000000,0.000000,2937,73451,25016,0.000000,0.000000,2.902673,4.534441,0.487062,0,0,0.000000,0.000000,8,10,-1,0,,214459
1788459183.776514,75.250217,rx,-1,0.000000,0.000000,0.000000,0.000000,2938,73476,24988,0.000000,0.000000,2.902673,4.534441,0.487062,0,0,0.000000,0.000000,8,10,-1,0,,214459
1788459183.776551,75.250258,tx,-1,0.000000,0.000000,0.000000,0.000000,,,,,,,,,,,,,,,,,aa5501090000000000000000004829,214603
1788459183.829134,75.302829,rx,-1,0.000000,0.000000,0.000000,0.000000,2939,73500,24984,0.000000,0.000000,2.902673,4.534441,0.487062,0,0,0.000000,0.000000,8,10,-1,0,,214603
1788459183.829255,75.302962,rx,-1,0.000000,0.000000,0.000000,0.000000,2940,73526,25024,0.000000,0.000000,2.902673,4.534441,0.487062,0,0,0.000000,0.000000,8,10,-1,0,,214603
1788459183.829268,75.302976,tx,-1,0.000000,0.000000,0.000000,0.000000,,,,,,,,,,,,,,,,,aa5501090000000000000000004829,214747
1788459183.881710,75.355404,rx,-1,0.000000,0.000000,0.000000,0.000000,2941,73550,24980,0.000000,0.000000,2.902673,4.534441,0.487062,0,0,0.000000,0.000000,8,10,-1,0,,214747
1788459183.884106,75.357809,rx,-1,0.000000,0.000000,0.000000,0.000000,2942,73576,25020,0.000000,0.000000,2.902673,4.534441,0.487062,0,0,0.000000,0.000000,8,10,-1,0,,214747
1788459183.884155,75.357863,tx,-1,0.000000,0.000000,0.000000,0.000000,,,,,,,,,,,,,,,,,aa5501090000000000000000004829,214891
1788459183.931756,75.405457,rx,-1,0.000000,0.000000,0.000000,0.000000,2943,73601,24988,0.000000,0.000000,2.902673,4.534441,0.487062,0,0,0.000000,0.000000,8,10,-1,0,,214891
1788459183.931847,75.405554,rx,-1,0.000000,0.000000,0.000000,0.000000,2944,73625,24988,0.000000,0.000000,2.902673,4.534441,0.487062,0,0,0.000000,0.000000,8,10,-1,0,,214891
1788459183.931858,75.405565,tx,-1,0.000000,0.000000,0.000000,0.000000,,,,,,,,,,,,,,,,,aa5501090000000000000000004829,215035
1788459183.984834,75.458538,rx,-1,0.000000,0.000000,0.000000,0.000000,2945,73651,25004,0.000000,0.000000,2.902673,4.534441,0.487062,0,0,0.000000,0.000000,8,10,-1,0,,215035
1788459183.986930,75.460636,rx,-1,0.000000,0.000000,0.000000,0.000000,2946,73675,24976,0.000000,0.000000,2.902673,4.534441,0.487062,0,0,0.000000,0.000000,8,10,-1,0,,215035
1788459183.986960,75.460668,tx,-1,0.000000,0.000000,0.000000,0.000000,,,,,,,,,,,,,,,,,aa5501090000000000000000004829,215179
1788459184.039585,75.513289,rx,-1,0.000000,0.000000,0.000000,0.000000,2947,73701,25000,0.000000,0.000000,2.902673,4.534441,0.487062,0,0,0.000000,0.000000,8,10,-1,0,,215179
1788459184.039660,75.513367,rx,-1,0.000000,0.000000,0.000000,0.000000,2948,73725,25012,0.000000,0.000000,2.902673,4.534441,0.487062,0,0,0.000000,0.000000,8,10,-1,0,,215179
1788459184.039676,75.513383,tx,-1,0.000000,0.000000,0.000000,0.000000,,,,,,,,,,,,,,,,,aa5501090000000000000000004829,215355
1788459184.092862,75.566565,rx,-1,0.000000,0.000000,0.000000,0.000000,2949,73750,24996,0.000000,0.000000,2.902673,4.534441,0.487062,0,0,0.000000,0.000000,8,10,-1,0,,215355
1788459184.095087,75.568791,rx,-1,0.000000,0.000000,0.000000,0.000000,2950,73776,25016,0.000000,0.000000,2.902673,4.534441,0.487062,0,0,0.000000,0.000000,8,10,-1,0,,215355
1788459184.095117,75.568824,tx,-1,0.000000,0.000000,0.000000,0.000000,,,,,,,,,,,,,,,,,aa5501090000000000000000004829,215531
1788459184.143077,75.616777,rx,-1,0.000000,0.000000,0.000000,0.000000,2951,73800,24976,0.000000,0.000000,2.902673,4.534441,0.487062,0,0,0.000000,0.000000,8,10,-1,0,,215531
1788459184.143178,75.616885,rx,-1,0.000000,0.000000,0.000000,0.000000,2952,73826,25036,0.000000,0.000000,2.902673,4.534441,0.487062,0,0,0.000000,0.000000,8,10,-1,0,,215531
1788459184.143199,75.616906,tx,-1,0.000000,0.000000,0.000000,0.000000,,,,,,,,,,,,,,,,,aa5501090000000000000000004829,215675
1788459184.195445,75.669135,rx,-1,0.000000,0.000000,0.000000,0.000000,2953,73850,24976,0.000000,0.000000,2.902673,4.534441,0.487062,0,0,0.000000,0.000000,8,10,-1,0,,215675
1788459184.198621,75.672316,rx,-1,0.000000,0.000000,0.000000,0.000000,2954,73876,25028,0.000000,0.000000,2.902673,4.534441,0.487062,0,0,0.000000,0.000000,8,10,-1,0,,215675
1788459184.198830,75.672534,rx,-1,0.000000,0.000000,0.000000,0.000000,2955,73901,24984,0.000000,0.000000,2.902673,4.534441,0.487062,0,0,0.000000,0.000000,8,10,-1,0,,215675
1788459184.198857,75.672564,tx,-1,0.000000,0.000000,0.000000,0.000000,,,,,,,,,,,,,,,,,aa5501090000000000000000004829,215827
1788459184.247516,75.721216,rx,-1,0.000000,0.000000,0.000000,0.000000,2956,73925,24988,0.000000,0.000000,2.902673,4.534441,0.487062,0,0,0.000000,0.000000,8,10,-1,0,,215827
1788459184.247611,75.721316,rx,-1,0.000000,0.000000,0.000000,0.000000,2957,73951,25020,0.000000,0.000000,2.902673,4.534441,0.487062,0,0,0.000000,0.000000,8,10,-1,0,,215827
1788459184.247626,75.721333,tx,-1,0.000000,0.000000,0.000000,0.000000,,,,,,,,,,,,,,,,,aa5501090000000000000000004829,215971
1788459184.299741,75.773433,rx,-1,0.000000,0.000000,0.000000,0.000000,2958,73975,24992,0.000000,0.000000,2.902673,4.534441,0.487062,0,0,0.000000,0.000000,8,10,-1,0,,215971
1788459184.302681,75.776380,rx,-1,0.000000,0.000000,0.000000,0.000000,2959,74001,24976,0.000000,0.000000,2.902673,4.534441,0.487062,0,0,0.000000,0.000000,8,10,-1,0,,215971
1788459184.302767,75.776474,tx,-1,0.000000,0.000000,0.000000,0.000000,,,,,,,,,,,,,,,,,aa5501090000000000000000004829,216139
1788459184.351670,75.825363,rx,-1,0.000000,0.000000,0.000000,0.000000,2960,74025,25036,0.000000,0.000000,2.902673,4.534441,0.487062,0,0,0.000000,0.000000,8,10,-1,0,,216139
1788459184.351841,75.825546,rx,-1,0.000000,0.000000,0.000000,0.000000,2961,74050,24996,0.000000,0.000000,2.902673,4.534441,0.487062,0,0,0.000000,0.000000,8,10,-1,0,,216139
1788459184.351861,75.825568,tx,-1,0.000000,0.000000,0.000000,0.000000,,,,,,,,,,,,,,,,,aa5501090000000000000000004829,216314
1788459184.405608,75.879310,rx,-1,0.000000,0.000000,0.000000,0.000000,2962,74076,24976,0.000000,0.000000,2.902673,4.534441,0.487062,0,0,0.000000,0.000000,8,10,-1,0,,216314
1788459184.408037,75.881738,rx,-1,0.000000,0.000000,0.000000,0.000000,2963,74100,25024,0.000000,0.000000,2.902673,4.534441,0.487062,0,0,0.000000,0.000000,8,10,-1,0,,216314
1788459184.408085,75.881792,tx,-1,0.000000,0.000000,0.000000,0.000000,,,,,,,,,,,,,,,,,aa5501090000000000000000004829,216458
1788459184.461097,75.934789,rx,-1,0.000000,0.000000,0.000000,0.000000,2964,74126,24984,0.000000,0.000000,2.902673,4.534441,0.487062,0,0,0.000000,0.000000,8,10,-1,0,,216458
1788459184.461300,75.935005,rx,-1,0.000000,0.000000,0.000000,0.000000,2965,74150,25024,0.000000,0.000000,2.902673,4.534441,0.487062,0,0,0.000000,0.000000,8,10,-1,0,,216458
1788459184.461324,75.935030,tx,-1,0.000000,0.000000,0.000000,0.000000,,,,,,,,,,,,,,,,,aa5501090000000000000000004829,216602
1788459184.514459,75.988157,rx,-1,0.000000,0.000000,0.000000,0.000000,2966,74175,24980,0.000000,0.000000,2.902673,4.534441,0.487062,0,0,0.000000,0.000000,8,10,-1,0,,216602
1788459184.516683,75.990382,rx,-1,0.000000,0.000000,0.000000,0.000000,2967,74201,24988,0.000000,0.000000,2.902673,4.534441,0.487062,0,0,0.000000,0.000000,8,10,-1,0,,216602
1788459184.516752,75.990458,tx,-1,0.000000,0.000000,0.000000,0.000000,,,,,,,,,,,,,,,,,aa5501090000000000000000004829,216746
1788459184.565082,76.038780,rx,-1,0.000000,0.000000,0.000000,0.000000,2968,74225,25020,0.000000,0.000000,2.902673,4.534441,0.487062,0,0,0.000000,0.000000,8,10,-1,0,,216746
1788459184.565231,76.038937,rx,-1,0.000000,0.000000,0.000000,0.000000,2969,74251,24988,0.000000,0.000000,2.902673,4.534441,0.487062,0,0,0.000000,0.000000,8,10,-1,0,,216746
1788459184.565251,76.038958,tx,-1,0.000000,0.000000,0.000000,0.000000,,,,,,,,,,,,,,,,,aa5501090000000000000000004829,216890
1788459184.618342,76.092042,rx,-1,0.000000,0.000000,0.000000,0.000000,2970,74275,24984,0.000000,0.000000,2.902673,4.534441,0.487062,0,0,0.000000,0.000000,8,10,-1,0,,216890
1788459184.620640,76.094342,rx,-1,0.000000,0.000000,0.000000,0.000000,2971,74301,25032,0.000000,0.000000,2.902673,4.534441,0.487062,0,0,0.000000,0.000000,8,10,-1,0,,216890
1788459184.620708,76.094415,tx,-1,0.000000,0.000000,0.000000,0.000000,,,,,,,,,,,,,,,,,aa5501090000000000000000004829,217034
1788459184.673921,76.147622,rx,-1,0.000000,0.000000,0.000000,0.000000,2972,74326,24976,0.000000,0.000000,2.902673,4.534441,0.487062,0,0,0.000000,0.000000,8,10,-1,0,,217034
1788459184.674058,76.147763,rx,-1,0.000000,0.000000,0.000000,0.000000,2973,74350,24996,0.000000,0.000000,2.902673,4.534441,0.487062,0,0,0.000000,0.000000,8,10,-1,0,,217034
1788459184.674080,76.147787,tx,-1,0.000000,0.000000,0.000000,0.000000,,,,,,,,,,,,,,,,,aa5501090000000000000000004829,217242
1788459184.727389,76.201090,rx,-1,0.000000,0.000000,0.000000,0.000000,2974,74376,25008,0.000000,0.000000,2.902673,4.534441,0.487062,0,0,0.000000,0.000000,8,10,-1,0,,217242
1788459184.730045,76.203748,rx,-1,0.000000,0.000000,0.000000,0.000000,2975,74400,24992,0.000000,0.000000,2.902673,4.534441,0.487062,0,0,0.000000,0.000000,8,10,-1,0,,217242
1788459184.730156,76.203862,rx,-1,0.000000,0.000000,0.000000,0.000000,2976,74426,25016,0.000000,0.000000,2.902673,4.534441,0.487062,0,0,0.000000,0.000000,8,10,-1,0,,217242
1788459184.730173,76.203879,tx,-1,0.000000,0.000000,0.000000,0.000000,,,,,,,,,,,,,,,,,aa5501090000000000000000004829,217394
1788459184.778408,76.252110,rx,-1,0.000000,0.000000,0.000000,0.000000,2977,74450,24996,0.000000,0.000000,2.902673,4.534441,0.487062,0,0,0.000000,0.000000,8,10,-1,0,,217394
1788459184.778554,76.252258,rx,-1,0.000000,0.000000,0.000000,0.000000,2978,74475,25004,0.000000,0.000000,2.902673,4.534441,0.487062,0,0,0.000000,0.000000,8,10,-1,0,,217394
1788459184.778573,76.252279,tx,-1,0.000000,0.000000,0.000000,0.000000,,,,,,,,,,,,,,,,,aa5501090000000000000000004829,217538
1788459184.832391,76.306091,rx,-1,0.000000,0.000000,0.000000,0.000000,2979,74501,25012,0.000000,0.000000,2.902673,4.534441,0.487062,0,0,0.000000,0.000000,8,10,-1,0,,217538
1788459184.834544,76.308249,rx,-1,0.000000,0.000000,0.000000,0.000000,2980,74525,24972,0.000000,0.000000,2.902673,4.534441,0.487062,0,0,0.000000,0.000000,8,10,-1,0,,217538
1788459184.834570,76.308277,tx,-1,0.000000,0.000000,0.000000,0.000000,,,,,,,,,,,,,,,,,aa5501090000000000000000004829,217682
1788459184.882791,76.356486,rx,-1,0.000000,0.000000,0.000000,0.000000,2981,74551,25036,0.000000,0.000000,2.902673,4.534441,0.487062,0,0,0.000000,0.000000,8,10,-1,0,,217682
1788459184.883018,76.356721,rx,-1,0.000000,0.000000,0.000000,0.000000,2982,74575,24980,0.000000,0.000000,2.902673,4.534441,0.487062,0,0,0.000000,0.000000,8,10,-1,0,,217682
1788459184.883056,76.356762,tx,-1,0.000000,0.000000,0.000000,0.000000,,,,,,,,,,,,,,,,,aa5501090000000000000000004829,217826
1788459184.937266,76.410960,rx,-1,0.000000,0.000000,0.000000,0.000000,2983,74601,24988,0.000000,0.000000,2.902673,4.534441,0.487062,0,0,0.000000,0.000000,8,10,-1,0,,217826
1788459184.941066,76.414763,rx,-1,0.000000,0.000000,0.000000,0.000000,2984,74626,25020,0.000000,0.000000,2.902673,4.534441,0.487062,0,0,0.000000,0.000000,8,10,-1,0,,217826
1788459184.941189,76.414894,tx,-1,0.000000,0.000000,0.000000,0.000000,,,,,,,,,,,,,,,,,aa5501090000000000000000004829,217970
1788459184.989362,76.463057,rx,-1,0.000000,0.000000,0.000000,0.000000,2985,74650,25008,0.000000,0.000000,2.902673,4.534441,0.487062,0,0,0.000000,0.000000,8,10,-1,0,,217970
1788459184.989502,76.463207,rx,-1,0.000000,0.000000,0.000000,0.000000,2986,74676,24964,0.000000,0.000000,2.902673,4.534441,0.487062,0,0,0.000000,0.000000,8,10,-1,0,,217970
1788459184.989519,76.463225,tx,-1,0.000000,0.000000,0.000000,0.000000,,,,,,,,,,,,,,,,,aa5501090000000000000000004829,218114
1788459185.042920,76.516601,rx,-1,0.000000,0.000000,0.000000,0.000000,2987,74700,25036,0.000000,0.000000,2.902673,4.534441,0.487062,0,0,0.000000,0.000000,8,10,-1,0,,218114
1788459185.046081,76.519774,rx,-1,0.000000,0.000000,0.000000,0.000000,2988,74726,24964,0.000000,0.000000,2.902673,4.534441,0.487062,0,0,0.000000,0.000000,8,10,-1,0,,218114
1788459185.046199,76.519904,tx,-1,0.000000,0.000000,0.000000,0.000000,,,,,,,,,,,,,,,,,aa5501090000000000000000004829,218258
1788459185.094529,76.568221,rx,-1,0.000000,0.000000,0.000000,0.000000,2989,74750,25000,0.000000,0.000000,2.902673,4.534441,0.487062,0,0,0.000000,0.000000,8,10,-1,0,,218258
1788459185.094654,76.568360,rx,-1,0.000000,0.000000,0.000000,0.000000,2990,74775,25000,0.000000,0.000000,2.902673,4.534441,0.487062,0,0,0.000000,0.000000,8,10,-1,0,,218258
1788459185.094668,76.568374,tx,-1,0.000000,0.000000,0.000000,0.000000,,,,,,,,,,,,,,,,,aa5501090000000000000000004829,218402
1788459185.147823,76.621520,rx,-1,0.000000,0.000000,0.000000,0.000000,2991,74801,25008,0.000000,0.000000,2.902673,4.534441,0.487062,0,0,0.000000,0.000000,8,10,-1,0,,218402
1788459185.149931,76.623635,rx,-1,0.000000,0.000000,0.000000,0.000000,2992,74825,25016,0.000000,0.000000,2.902673,4.534441,0.487062,0,0,0.000000,0.000000,8,10,-1,0,,218402
1788459185.149953,76.623659,tx,-1,0.000000,0.000000,0.000000,0.000000,,,,,,,,,,,,,,,,,aa5501090000000000000000004829,218546
1788459185.203340,76.677036,rx,-1,0.000000,0.000000,0.000000,0.000000,2993,74851,24984,0.000000,0.000000,2.902673,4.534441,0.487062,0,0,0.000000,0.000000,8,10,-1,0,,218546
1788459185.203577,76.677279,rx,-1,0.000000,0.000000,0.000000,0.000000,2994,74875,25032,0.000000,0.000000,2.902673,4.534441,0.487062,0,0,0.000000,0.000000,8,10,-1,0,,218546
1788459185.203640,76.677345,tx,-1,0.000000,0.000000,0.000000,0.000000,,,,,,,,,,,,,,,,,aa5501090000000000000000004829,218754
1788459185.257896,76.731591,rx,-1,0.000000,0.000000,0.000000,0.000000,2995,74900,24960,0.000000,0.000000,2.902673,4.534441,0.487062,0,0,0.000000,0.000000,8,10,-1,0,,218754
1788459185.261103,76.734801,rx,-1,0.000000,0.000000,0.000000,0.000000,2996,74926,25000,0.000000,0.000000,2.902673,4.534441,0.487062,0,0,0.000000,0.000000,8,10,-1,0,,218754
1788459185.261258,76.734960,rx,-1,0.000000,0.000000,0.000000,0.000000,2997,74950,25024,0.000000,0.000000,2.902673,4.534441,0.487062,0,0,0.000000,0.000000,8,10,-1,0,,218754
1788459185.261286,76.734991,tx,-1,0.000000,0.000000,0.000000,0.000000,,,,,,,,,,,,,,,,,aa5501090000000000000000004829,218906
1788459185.309336,76.783027,rx,-1,0.000000,0.000000,0.000000,0.000000,2998,74976,24992,0.000000,0.000000,2.902673,4.534441,0.487062,0,0,0.000000,0.000000,8,10,-1,0,,218906
1788459185.309617,76.783319,rx,-1,0.000000,0.000000,0.000000,0.000000,2999,75000,25024,0.000000,0.000000,2.902673,4.534441,0.487062,0,0,0.000000,0.000000,8,10,-1,0,,218906
1788459185.309670,76.783376,tx,-1,0.000000,0.000000,0.000000,0.000000,,,,,,,,,,,,,,,,,aa5501090000000000000000004829,219074
1788459185.363737,76.837430,rx,-1,0.000000,0.000000,0.000000,0.000000,3000,75026,24984,0.000000,0.000000,2.902673,4.534441,0.487062,0,0,0.000000,0.000000,8,10,-1,0,,219074
1788459185.366984,76.840682,rx,-1,0.000000,0.000000,0.000000,0.000000,3001,75051,24988,0.000000,0.000000,2.902673,4.534441,0.487062,0,0,0.000000,0.000000,8,10,-1,0,,219074
1788459185.367096,76.840801,tx,-1,0.000000,0.000000,0.000000,0.000000,,,,,,,,,,,,,,,,,aa5501090000000000000000004829,219249
1788459185.415532,76.889223,rx,-1,0.000000,0.000000,0.000000,0.000000,3002,75075,25012,0.000000,0.000000,2.902673,4.534441,0.487062,0,0,0.000000,0.000000,8,10,-1,0,,219249
1788459185.415779,76.889482,rx,-1,0.000000,0.000000,0.000000,0.000000,3003,75101,25000,0.000000,0.000000,2.902673,4.534441,0.487062,0,0,0.000000,0.000000,8,10,-1,0,,219249
1788459185.415871,76.889576,tx,-1,0.000000,0.000000,0.000000,0.000000,,,,,,,,,,,,,,,,,aa5501090000000000000000004829,219393
1788459185.467551,76.941251,rx,-1,0.000000,0.000000,0.000000,0.000000,3004,75125,25024,0.000000,0.000000,2.902673,4.534441,0.487062,0,0,0.000000,0.000000,8,10,-1,0,,219393
1788459185.469795,76.943499,rx,-1,0.000000,0.000000,0.000000,0.000000,3005,75151,24984,0.000000,0.000000,2.902673,4.534441,0.487062,0,0,0.000000,0.000000,8,10,-1,0,,219393
1788459185.469829,76.943535,tx,-1,0.000000,0.000000,0.000000,0.000000,,,,,,,,,,,,,,,,,aa5501090000000000000000004829,219537
1788459185.522043,76.995741,rx,-1,0.000000,0.000000,0.000000,0.000000,3006,75175,24992,0.000000,0.000000,2.902673,4.534441,0.487062,0,0,0.000000,0.000000,8,10,-1,0,,219537
1788459185.522179,76.995883,rx,-1,0.000000,0.000000,0.000000,0.000000,3007,75200,25012,0.000000,0.000000,2.902673,4.534441,0.487062,0,0,0.000000,0.000000,8,10,-1,0,,219537
1788459185.522195,76.995900,tx,-1,0.000000,0.000000,0.000000,0.000000,,,,,,,,,,,,,,,,,aa5501090000000000000000004829,219681
1788459185.574620,77.048322,rx,-1,0.000000,0.000000,0.000000,0.000000,3008,75226,24996,0.000000,0.000000,2.902673,4.534441,0.487062,0,0,0.000000,0.000000,8,10,-1,0,,219681
1788459185.576950,77.050654,rx,-1,0.000000,0.000000,0.000000,0.000000,3009,75250,24972,0.000000,0.000000,2.902673,4.534441,0.487062,0,0,0.000000,0.000000,8,10,-1,0,,219681
1788459185.576985,77.050691,tx,-1,0.000000,0.000000,0.000000,0.000000,,,,,,,,,,,,,,,,,aa5501090000000000000000004829,219825
1788459185.624996,77.098696,rx,-1,0.000000,0.000000,0.000000,0.000000,3010,75276,25036,0.000000,0.000000,2.902673,4.534441,0.487062,0,0,0.000000,0.000000,8,10,-1,0,,219825
1788459185.625126,77.098830,rx,-1,0.000000,0.000000,0.000000,0.000000,3011,75300,24980,0.000000,0.000000,2.902673,4.534441,0.487062,0,0,0.000000,0.000000,8,10,-1,0,,219825
1788459185.625144,77.098850,tx,-1,0.000000,0.000000,0.000000,0.000000,,,,,,,,,,,,,,,,,aa5501090000000000000000004829,219969
1788459185.678521,77.152215,rx,-1,0.000000,0.000000,0.000000,0.000000,3012,75326,25024,0.000000,0.000000,2.902673,4.534441,0.487062,0,0,0.000000,0.000000,8,10,-1,0,,219969
1788459185.681860,77.155556,rx,-1,0.000000,0.000000,0.000000,0.000000,3013,75351,24988,0.000000,0.000000,2.902673,4.534441,0.487062,0,0,0.000000,0.000000,8,10,-1,0,,219969
1788459185.681957,77.155662,tx,-1,0.000000,0.000000,0.000000,0.000000,,,,,,,,,,,,,,,,,aa5501090000000000000000004829,220113
1788459185.729968,77.203665,rx,-1,0.000000,0.000000,0.000000,0.000000,3014,75375,25012,0.000000,0.000000,2.902673,4.534441,0.487062,0,0,0.000000,0.000000,8,10,-1,0,,220113
1788459185.730192,77.203895,rx,-1,0.000000,0.000000,0.000000,0.000000,3015,75401,24956,0.000000,0.000000,2.902673,4.534441,0.487062,0,0,0.000000,0.000000,8,10,-1,0,,220113
1788459185.730238,77.203943,tx,-1,0.000000,0.000000,0.000000,0.000000,,,,,,,,,,,,,,,,,aa5501090000000000000000004829,220257
1788459185.784003,77.257700,rx,-1,0.000000,0.000000,0.000000,0.000000,3016,75425,25004,0.000000,0.000000,2.902673,4.534441,0.487062,0,0,0.000000,0.000000,8,10,-1,0,,220257
1788459185.786899,77.260597,rx,-1,0.000000,0.000000,0.000000,0.000000,3017,75451,25008,0.000000,0.000000,2.902673,4.534441,0.487062,0,0,0.000000,0.000000,8,10,-1,0,,220257
1788459185.787011,77.260717,tx,-1,0.000000,0.000000,0.000000,0.000000,,,,,,,,,,,,,,,,,aa5501090000000000000000004829,220433
1788459185.834973,77.308670,rx,-1,0.000000,0.000000,0.000000,0.000000,3018,75475,25024,0.000000,0.000000,2.902673,4.534441,0.487062,0,0,0.000000,0.000000,8,10,-1,0,,220433
1788459185.835149,77.308852,rx,-1,0.000000,0.000000,0.000000,0.000000,3019,75500,24976,0.000000,0.000000,2.902673,4.534441,0.487062,0,0,0.000000,0.000000,8,10,-1,0,,220433
1788459185.835180,77.308885,tx,-1,0.000000,0.000000,0.000000,0.000000,,,,,,,,,,,,,,,,,aa5501090000000000000000004829,220577
1788459185.888601,77.362301,rx,-1,0.000000,0.000000,0.000000,0.000000,3020,75526,24992,0.000000,0.000000,2.902673,4.534441,0.487062,0,0,0.000000,0.000000,8,10,-1,0,,220577
1788459185.890825,77.364527,rx,-1,0.000000,0.000000,0.000000,0.000000,3021,75550,25028,0.000000,0.000000,2.902673,4.534441,0.487062,0,0,0.000000,0.000000,8,10,-1,0,,220577
1788459185.890977,77.364680,rx,-1,0.000000,0.000000,0.000000,0.000000,3022,75576,24980,0.000000,0.000000,2.902673,4.534441,0.487062,0,0,0.000000,0.000000,8,10,-1,0,,220577
1788459185.891003,77.364708,tx,-1,0.000000,0.000000,0.000000,0.000000,,,,,,,,,,,,,,,,,aa5501090000000000000000004829,220761
1788459185.939442,77.413134,rx,-1,0.000000,0.000000,0.000000,0.000000,3023,75600,24996,0.000000,0.000000,2.902673,4.534441,0.487062,0,0,0.000000,0.000000,8,10,-1,0,,220761
1788459185.939708,77.413409,rx,-1,0.000000,0.000000,0.000000,0.000000,3024,75626,25000,0.000000,0.000000,2.902673,4.534441,0.487062,0,0,0.000000,0.000000,8,10,-1,0,,220761
1788459185.939771,77.413476,tx,-1,0.000000,0.000000,0.000000,0.000000,,,,,,,,,,,,,,,,,aa5501090000000000000000004829,220905
1788459185.994017,77.467710,rx,-1,0.000000,0.000000,0.000000,0.000000,3025,75651,25008,0.000000,0.000000,2.902673,4.534441,0.487062,0,0,0.000000,0.000000,8,10,-1,0,,220905
1788459185.997609,77.471308,rx,-1,0.000000,0.000000,0.000000,0.000000,3026,75675,24984,0.000000,0.000000,2.902673,4.534441,0.487062,0,0,0.000000,0.000000,8,10,-1,0,,220905
1788459185.997727,77.471431,tx,-1,0.000000,0.000000,0.000000,0.000000,,,,,,,,,,,,,,,,,aa5501090000000000000000004829,221049
1788459186.046374,77.520064,rx,-1,0.000000,0.000000,0.000000,0.000000,3027,75701,25028,0.000000,0.000000,2.902673,4.534441,0.487062,0,0,0.000000,0.000000,8,10,-1,0,,221049
1788459186.046632,77.520333,rx,-1,0.000000,0.000000,0.000000,0.000000,3028,75725,25008,0.000000,0.000000,2.902673,4.534441,0.487062,0,0,0.000000,0.000000,8,10,-1,0,,221049
1788459186.046681,77.520385,tx,-1,0.000000,0.000000,0.000000,0.000000,,,,,,,,,,,,,,,,,aa5501090000000000000000004829,221193
1788459186.099535,77.573228,rx,-1,0.000000,0.000000,0.000000,0.000000,3029,75751,25008,0.000000,0.000000,2.902673,4.534441,0.487062,0,0,0.000000,0.000000,8,10,-1,0,,221193
1788459186.103142,77.576838,rx,-1,0.000000,0.000000,0.000000,0.000000,3030,75776,24976,0.000000,0.000000,2.902673,4.534441,0.487062,0,0,0.000000,0.000000,8,10,-1,0,,221193
1788459186.103257,77.576962,tx,-1,0.000000,0.000000,0.000000,0.000000,,,,,,,,,,,,,,,,,aa5501090000000000000000004829,221337
1788459186.151197,77.624893,rx,-1,0.000000,0.000000,0.000000,0.000000,3031,75800,25020,0.000000,0.000000,2.902673,4.534441,0.487062,0,0,0.000000,0.000000,8,10,-1,0,,221337
1788459186.151419,77.625120,rx,-1,0.000000,0.000000,0.000000,0.000000,3032,75826,24992,0.000000,0.000000,2.902673,4.534441,0.487062,0,0,0.000000,0.000000,8,10,-1,0,,221337
1788459186.151451,77.625156,tx,-1,0.000000,0.000000,0.000000,0.000000,,,,,,,,,,,,,,,,,aa5501090000000000000000004829,221481
1788459186.205845,77.679532,rx,-1,0.000000,0.000000,0.000000,0.000000,3033,75850,24976,0.000000,0.000000,2.902673,4.534441,0.487062,0,0,0.000000,0.000000,8,10,-1,0,,221481
1788459186.209440,77.683137,rx,-1,0.000000,0.000000,0.000000,0.000000,3034,75876,25032,0.000000,0.000000,2.902673,4.534441,0.487062,0,0,0.000000,0.000000,8,10,-1,0,,221481
1788459186.209543,77.683248,tx,-1,0.000000,0.000000,0.000000,0.000000,,,,,,,,,,,,,,,,,aa5501090000000000000000004829,221625
1788459186.258170,77.731864,rx,-1,0.000000,0.000000,0.000000,0.000000,3035,75900,24992,0.000000,0.000000,2.902673,4.534441,0.487062,0,0,0.000000,0.000000,8,10,-1,0,,221625
1788459186.258456,77.732157,rx,-1,0.000000,0.000000,0.000000,0.000000,3036,75925,24968,0.000000,0.000000,2.902673,4.534441,0.487062,0,0,0.000000,0.000000,8,10,-1,0,,221625
1788459186.258531,77.732235,tx,-1,0.000000,0.000000,0.000000,0.000000,,,,,,,,,,,,,,,,,aa5501090000000000000000004829,221769
1788459186.311753,77.785453,rx,-1,0.000000,0.000000,0.000000,0.000000,3037,75951,25040,0.000000,0.000000,2.902673,4.534441,0.487062,0,0,0.000000,0.000000,8,10,-1,0,,221769
1788459186.314184,77.787882,rx,-1,0.000000,0.000000,0.000000,0.000000,3038,75975,24976,0.000000,0.000000,2.902673,4.534441,0.487062,0,0,0.000000,0.000000,8,10,-1,0,,221769
1788459186.314262,77.787967,tx,-1,0.000000,0.000000,0.000000,0.000000,,,,,,,,,,,,,,,,,aa5501090000000000000000004829,221913
1788459186.361986,77.835667,rx,-1,0.000000,0.000000,0.000000,0.000000,3039,76001,25020,0.000000,0.000000,2.902673,4.534441,0.487062,0,0,0.000000,0.000000,8,10,-1,0,,221913
1788459186.362312,77.836012,rx,-1,0.000000,0.000000,0.000000,0.000000,3040,76025,25012,0.000000,0.000000,2.902673,4.534441,0.487062,0,0,0.000000,0.000000,8,10,-1,0,,221913
1788459186.362379,77.836082,tx,-1,0.000000,0.000000,0.000000,0.000000,,,,,,,,,,,,,,,,,aa5501090000000000000000004829,222112
1788459186.416946,77.890642,rx,-1,0.000000,0.000000,0.000000,0.000000,3041,76051,24952,0.000000,0.000000,2.902673,4.534441,0.487062,0,0,0.000000,0.000000,8,10,-1,0,,222112
1788459186.419728,77.893427,rx,-1,0.000000,0.000000,0.000000,0.000000,3042,76076,25036,0.000000,0.000000,2.902673,4.534441,0.487062,0,0,0.000000,0.000000,8,10,-1,0,,222112
1788459186.419831,77.893536,tx,-1,0.000000,0.000000,0.000000,0.000000,,,,,,,,,,,,,,,,,aa5501090000000000000000004829,222288
1788459186.472527,77.946220,rx,-1,0.000000,0.000000,0.000000,0.000000,3043,76100,25004,0.000000,0.000000,2.902673,4.534441,0.487062,0,0,0.000000,0.000000,8,10,-1,0,,222288
1788459186.472798,77.946500,rx,-1,0.000000,0.000000,0.000000,0.000000,3044,76126,24964,0.000000,0.000000,2.902673,4.534441,0.487062,0,0,0.000000,0.000000,8,10,-1,0,,222288
1788459186.472944,77.946646,rx,-1,0.000000,0.000000,0.000000,0.000000,3045,76150,25012,0.000000,0.000000,2.902673,4.534441,0.487062,0,0,0.000000,0.000000,8,10,-1,0,,222288
1788459186.472981,77.946685,tx,-1,0.000000,0.000000,0.000000,0.000000,,,,,,,,,,,,,,,,,aa5501090000000000000000004829,222472
1788459186.525521,77.999215,rx,-1,0.000000,0.000000,0.000000,0.000000,3046,76176,25000,0.000000,0.000000,2.902673,4.534441,0.487062,0,0,0.000000,0.000000,8,10,-1,0,,222472
1788459186.528032,78.001733,rx,-1,0.000000,0.000000,0.000000,0.000000,3047,76200,25024,0.000000,0.000000,2.902673,4.534441,0.487062,0,0,0.000000,0.000000,8,10,-1,0,,222472
1788459186.528074,78.001779,tx,-1,0.000000,0.000000,0.000000,0.000000,,,,,,,,,,,,,,,,,aa5501090000000000000000004829,222616
1788459186.576246,78.049938,rx,-1,0.000000,0.000000,0.000000,0.000000,3048,76225,24988,0.000000,0.000000,2.902673,4.534441,0.487062,0,0,0.000000,0.000000,8,10,-1,0,,222616
1788459186.576511,78.050214,rx,-1,0.000000,0.000000,0.000000,0.000000,3049,76251,24984,0.000000,0.000000,2.902673,4.534441,0.487062,0,0,0.000000,0.000000,8,10,-1,0,,222616
1788459186.576541,78.050245,tx,-1,0.000000,0.000000,0.000000,0.000000,,,,,,,,,,,,,,,,,aa5501090000000000000000004829,222760
1788459186.631067,78.104758,rx,-1,0.000000,0.000000,0.000000,0.000000,3050,76275,25020,0.000000,0.000000,2.902673,4.534441,0.487062,0,0,0.000000,0.000000,8,10,-1,0,,222760
1788459186.634371,78.108068,rx,-1,0.000000,0.000000,0.000000,0.000000,3051,76301,24992,0.000000,0.000000,2.902673,4.534441,0.487062,0,0,0.000000,0.000000,8,10,-1,0,,222760
1788459186.634459,78.108164,tx,-1,0.000000,0.000000,0.000000,0.000000,,,,,,,,,,,,,,,,,aa5501090000000000000000004829,222904
1788459186.682734,78.156431,rx,-1,0.000000,0.000000,0.000000,0.000000,3052,76325,25008,0.000000,0.000000,2.902673,4.534441,0.487062,0,0,0.000000,0.000000,8,10,-1,0,,222904
1788459186.682894,78.156598,rx,-1,0.000000,0.000000,0.000000,0.000000,3053,76351,25004,0.000000,0.000000,2.902673,4.534441,0.487062,0,0,0.000000,0.000000,8,10,-1,0,,222904
1788459186.682913,78.156618,tx,-1,0.000000,0.000000,0.000000,0.000000,,,,,,,,,,,,,,,,,aa5501090000000000000000004829,223048
1788459186.736304,78.209997,rx,-1,0.000000,0.000000,0.000000,0.000000,3054,76376,24988,0.000000,0.000000,2.902673,4.534441,0.487062,0,0,0.000000,0.000000,8,10,-1,0,,223048
1788459186.739960,78.213660,rx,-1,0.000000,0.000000,0.000000,0.000000,3055,76400,24984,0.000000,0.000000,2.902673,4.534441,0.487062,0,0,0.000000,0.000000,8,10,-1,0,,223048
1788459186.740060,78.213765,tx,-1,0.000000,0.000000,0.000000,0.000000,,,,,,,,,,,,,,,,,aa5501090000000000000000004829,223192
1788459186.788253,78.261944,rx,-1,0.000000,0.000000,0.000000,0.000000,3056,76426,25024,0.000000,0.000000,2.902673,4.534441,0.487062,0,0,0.000000,0.000000,8,10,-1,0,,223192
1788459186.788480,78.262181,rx,-1,0.000000,0.000000,0.000000,0.000000,3057,76450,24968,0.000000,0.000000,2.902673,4.534441,0.487062,0,0,0.000000,0.000000,8,10,-1,0,,223192
1788459186.788512,78.262216,tx,-1,0.000000,0.000000,0.000000,0.000000,,,,,,,,,,,,,,,,,aa5501090000000000000000004829,223336
1788459186.841679,78.315371,rx,-1,0.000000,0.000000,0.000000,0.000000,3058,76476,25004,0.000000,0.000000,2.902673,4.534441,0.487062,0,0,0.000000,0.000000,8,10,-1,0,,223336
1788459186.844853,78.318549,rx,-1,0.000000,0.000000,0.000000,0.000000,3059,76500,25020,0.000000,0.000000,2.902673,4.534441,0.487062,0,0,0.000000,0.000000,8,10,-1,0,,223336
1788459186.844964,78.318668,tx,-1,0.000000,0.000000,0.000000,0.000000,,,,,,,,,,,,,,,,,aa5501090000000000000000004829,223480
1788459186.893259,78.366950,rx,-1,0.000000,0.000000,0.000000,0.000000,3060,76526,25040,0.000000,0.000000,2.902673,4.534441,0.487062,0,0,0.000000,0.000000,8,10,-1,0,,223480
1788459186.893532,78.367233,rx,-1,0.000000,0.000000,0.000000,0.000000,3061,76551,24976,0.000000,0.000000,2.902673,4.534441,0.487062,0,0,0.000000,0.000000,8,10,-1,0,,223480
1788459186.893563,78.367267,tx,-1,0.000000,0.000000,0.000000,0.000000,,,,,,,,,,,,,,,,,aa5501090000000000000000004829,223624
1788459186.947649,78.421336,rx,-1,0.000000,0.000000,0.000000,0.000000,3062,76575,24968,0.000000,0.000000,2.902673,4.534441,0.487062,0,0,0.000000,0.000000,8,10,-1,0,,223624
1788459186.951147,78.424845,rx,-1,0.000000,0.000000,0.000000,0.000000,3063,76601,24996,0.000000,0.000000,2.902673,4.534441,0.487062,0,0,0.000000,0.000000,8,10,-1,0,,223624
1788459186.951268,78.424972,tx,-1,0.000000,0.000000,0.000000,0.000000,,,,,,,,,,,,,,,,,aa5501090000000000000000004829,223800
1788459187.000112,78.473802,rx,-1,0.000000,0.000000,0.000000,0.000000,3064,76625,25040,0.000000,0.000000,2.902673,4.534441,0.487062,0,0,0.000000,0.000000,8,10,-1,0,,223800
1788459187.000364,78.474066,rx,-1,0.000000,0.000000,0.000000,0.000000,3065,76650,24972,0.000000,0.000000,2.902673,4.534441,0.487062,0,0,0.000000,0.000000,8,10,-1,0,,223800
1788459187.000402,78.474106,tx,-1,0.000000,0.000000,0.000000,0.000000,,,,,,,,,,,,,,,,,aa5501090000000000000000004829,223976
1788459187.055095,78.528781,rx,-1,0.000000,0.000000,0.000000,0.000000,3066,76676,24984,0.000000,0.000000,2.902673,4.534441,0.487062,0,0,0.000000,0.000000,8,10,-1,0,,223976
1788459187.058057,78.531753,rx,-1,0.000000,0.000000,0.000000,0.000000,3067,76700,25040,0.000000,0.000000,2.902673,4.534441,0.487062,0,0,0.000000,0.000000,8,10,-1,0,,223976
1788459187.058260,78.531961,rx,-1,0.000000,0.000000,0.000000,0.000000,3068,76726,24968,0.000000,0.000000,2.902673,4.534441,0.487062,0,0,0.000000,0.000000,8,10,-1,0,,223976
1788459187.058292,78.531996,tx,-1,0.000000,0.000000,0.000000,0.000000,,,,,,,,,,,,,,,,,aa5501090000000000000000004829,224128
1788459187.105573,78.579260,rx,-1,0.000000,0.000000,0.000000,0.000000,3069,76750,25016,0.000000,0.000000,2.902673,4.534441,0.487062,0,0,0.000000,0.000000,8,10,-1,0,,224128
1788459187.105832,78.579534,rx,-1,0.000000,0.000000,0.000000,0.000000,3070,76776,24996,0.000000,0.000000,2.902673,4.534441,0.487062,0,0,0.000000,0.000000,8,10,-1,0,,224128
1788459187.105867,78.579571,tx,-1,0.000000,0.000000,0.000000,0.000000,,,,,,,,,,,,,,,,,aa5501090000000000000000004829,224272
1788459187.158671,78.632366,rx,-1,0.000000,0.000000,0.000000,0.000000,3071,76801,24988,0.000000,0.000000,2.902673,4.534441,0.487062,0,0,0.000000,0.000000,8,10,-1,0,,224272
1788459187.161520,78.635218,rx,-1,0.000000,0.000000,0.000000,0.000000,3072,76825,25008,0.000000,0.000000,2.902673,4.534441,0.487062,0,0,0.000000,0.000000,8,10,-1,0,,224272
1788459187.161594,78.635298,tx,-1,0.000000,0.000000,0.000000,0.000000,,,,,,,,,,,,,,,,,aa5501090000000000000000004829,224416
1788459187.208695,78.682392,rx,-1,0.000000,0.000000,0.000000,0.000000,3073,76851,25004,0.000000,0.000000,2.902673,4.534441,0.487062,0,0,0.000000,0.000000,8,10,-1,0,,224416
1788459187.208934,78.682634,rx,-1,0.000000,0.000000,0.000000,0.000000,3074,76875,25024,0.000000,0.000000,2.902673,4.534441,0.487062,0,0,0.000000,0.000000,8,10,-1,0,,224416
1788459187.208969,78.682673,tx,-1,0.000000,0.000000,0.000000,0.000000,,,,,,,,,,,,,,,,,aa5501090000000000000000004829,224560
1788459187.262569,78.736261,rx,-1,0.000000,0.000000,0.000000,0.000000,3075,76901,24964,0.000000,0.000000,2.902673,4.534441,0.487062,0,0,0.000000,0.000000,8,10,-1,0,,224560
1788459187.265219,78.738920,rx,-1,0.000000,0.000000,0.000000,0.000000,3076,76925,25036,0.000000,0.000000,2.902673,4.534441,0.487062,0,0,0.000000,0.000000,8,10,-1,0,,224560
1788459187.265258,78.738962,tx,-1,0.000000,0.000000,0.000000,0.000000,,,,,,,,,,,,,,,,,aa5501090000000000000000004829,224704
1788459187.312654,78.786352,rx,-1,0.000000,0.000000,0.000000,0.000000,3077,76950,24976,0.000000,0.000000,2.902673,4.534441,0.487062,0,0,0.000000,0.000000,8,10,-1,0,,224704
1788459187.312817,78.786520,rx,-1,0.000000,0.000000,0.000000,0.000000,3078,76976,24980,0.000000,0.000000,2.902673,4.534441,0.487062,0,0,0.000000,0.000000,8,10,-1,0,,224704
1788459187.312837,78.786541,tx,-1,0.000000,0.000000,0.000000,0.000000,,,,,,,,,,,,,,,,,aa5501090000000000000000004829,224848
1788459187.367168,78.840859,rx,-1,0.000000,0.000000,0.000000,0.000000,3079,77000,25048,0.000000,0.000000,2.902673,4.534441,0.487062,0,0,0.000000,0.000000,8,10,-1,0,,224848
1788459187.371023,78.844719,rx,-1,0.000000,0.000000,0.000000,0.000000,3080,77026,24956,0.000000,0.000000,2.902673,4.534441,0.487062,0,0,0.000000,0.000000,8,10,-1,0,,224848
1788459187.371124,78.844828,tx,-1,0.000000,0.000000,0.000000,0.000000,,,,,,,,,,,,,,,,,aa5501090000000000000000004829,225047
1788459187.419681,78.893374,rx,-1,0.000000,0.000000,0.000000,0.000000,3081,77050,25016,0.000000,0.000000,2.902673,4.534441,0.487062,0,0,0.000000,0.000000,8,10,-1,0,,225047
1788459187.419931,78.893633,rx,-1,0.000000,0.000000,0.000000,0.000000,3082,77076,24996,0.000000,0.000000,2.902673,4.534441,0.487062,0,0,0.000000,0.000000,8,10,-1,0,,225047
1788459187.419968,78.893671,tx,-1,0.000000,0.000000,0.000000,0.000000,,,,,,,,,,,,,,,,,aa5501090000000000000000004829,225191
1788459187.473726,78.947414,rx,-1,0.000000,0.000000,0.000000,0.000000,3083,77101,24988,0.000000,0.000000,2.902673,4.534441,0.487062,0,0,0.000000,0.000000,8,10,-1,0,,225191
1788459187.476334,78.950030,rx,-1,0.000000,0.000000,0.000000,0.000000,3084,77125,24996,0.000000,0.000000,2.902673,4.534441,0.487062,0,0,0.000000,0.000000,8,10,-1,0,,225191
1788459187.476432,78.950136,tx,-1,0.000000,0.000000,0.000000,0.000000,,,,,,,,,,,,,,,,,aa5501090000000000000000004829,225335
1788459187.523915,78.997609,rx,-1,0.000000,0.000000,0.000000,0.000000,3085,77151,25032,0.000000,0.000000,2.902673,4.534441,0.487062,0,0,0.000000,0.000000,8,10,-1,0,,225335
1788459187.524042,78.997745,rx,-1,0.000000,0.000000,0.000000,0.000000,3086,77175,25000,0.000000,0.000000,2.902673,4.534441,0.487062,0,0,0.000000,0.000000,8,10,-1,0,,225335
1788459187.524061,78.997765,tx,-1,0.000000,0.000000,0.000000,0.000000,,,,,,,,,,,,,,,,,aa5501090000000000000000004829,225479
1788459187.577147,79.050840,rx,-1,0.000000,0.000000,0.000000,0.000000,3087,77201,24984,0.000000,0.000000,2.902673,4.534441,0.487062,0,0,0.000000,0.000000,8,10,-1,0,,225479
1788459187.579499,79.053200,rx,-1,0.000000,0.000000,0.000000,0.000000,3088,77225,24996,0.000000,0.000000,2.902673,4.534441,0.487062,0,0,0.000000,0.000000,8,10,-1,0,,225479
1788459187.579542,79.053246,tx,-1,0.000000,0.000000,0.000000,0.000000,,,,,,,,,,,,,,,,,aa5501090000000000000000004829,225623
1788459187.631853,79.105552,rx,-1,0.000000,0.000000,0.000000,0.000000,3089,77250,25012,0.000000,0.000000,2.902673,4.534441,0.487062,0,0,0.000000,0.000000,8,10,-1,0,,225623
1788459187.631995,79.105698,rx,-1,0.000000,0.000000,0.000000,0.000000,3090,77276,24996,0.000000,0.000000,2.902673,4.534441,0.487062,0,0,0.000000,0.000000,8,10,-1,0,,225623
1788459187.632020,79.105724,tx,-1,0.000000,0.000000,0.000000,0.000000,,,,,,,,,,,,,,,,,aa5501090000000000000000004829,225831
1788459187.685740,79.159437,rx,-1,0.000000,0.000000,0.000000,0.000000,3091,77300,25020,0.000000,0.000000,2.902673,4.534441,0.487062,0,0,0.000000,0.000000,8,10,-1,0,,225831
1788459187.688447,79.162147,rx,-1,0.000000,0.000000,0.000000,0.000000,3092,77326,24992,0.000000,0.000000,2.902673,4.534441,0.487062,0,0,0.000000,0.000000,8,10,-1,0,,225831
1788459187.688551,79.162253,rx,-1,0.000000,0.000000,0.000000,0.000000,3093,77350,24992,0.000000,0.000000,2.902673,4.534441,0.487062,0,0,0.000000,0.000000,8,10,-1,0,,225831
1788459187.688572,79.162276,tx,-1,0.000000,0.000000,0.000000,0.000000,,,,,,,,,,,,,,,,,aa5501090000000000000000004829,225983
1788459187.736148,79.209847,rx,-1,0.000000,0.000000,0.000000,0.000000,3094,77375,24976,0.000000,0.000000,2.902673,4.534441,0.487062,0,0,0.000000,0.000000,8,10,-1,0,,225983
1788459187.736318,79.210020,rx,-1,0.000000,0.000000,0.000000,0.000000,3095,77401,25024,0.000000,0.000000,2.902673,4.534441,0.487062,0,0,0.000000,0.000000,8,10,-1,0,,225983
1788459187.736344,79.210047,tx,-1,0.000000,0.000000,0.000000,0.000000,,,,,,,,,,,,,,,,,aa5501090000000000000000004829,226127
1788459187.790282,79.263980,rx,-1,0.000000,0.000000,0.000000,0.000000,3096,77425,25008,0.000000,0.000000,2.902673,4.534441,0.487062,0,0,0.000000,0.000000,8,10,-1,0,,226127
1788459187.792914,79.266615,rx,-1,0.000000,0.000000,0.000000,0.000000,3097,77451,25004,0.000000,0.000000,2.902673,4.534441,0.487062,0,0,0.000000,0.000000,8,10,-1,0,,226127
1788459187.792943,79.266647,tx,-1,0.000000,0.000000,0.000000,0.000000,,,,,,,,,,,,,,,,,aa5501090000000000000000004829,226271
1788459187.844959,79.318641,rx,-1,0.000000,0.000000,0.000000,0.000000,3098,77475,24996,0.000000,0.000000,2.902673,4.534441,0.487062,0,0,0.000000,0.000000,8,10,-1,0,,226271
1788459187.845232,79.318933,rx,-1,0.000000,0.000000,0.000000,0.000000,3099,77501,24988,0.000000,0.000000,2.902673,4.534441,0.487062,0,0,0.000000,0.000000,8,10,-1,0,,226271
1788459187.845262,79.318966,tx,-1,0.000000,0.000000,0.000000,0.000000,,,,,,,,,,,,,,,,,aa5501090000000000000000004829,226415
1788459187.898982,79.372666,rx,-1,0.000000,0.000000,0.000000,0.000000,3100,77526,24996,0.000000,0.000000,2.902673,4.534441,0.487062,0,0,0.000000,0.000000,8,10,-1,0,,226415
1788459187.902331,79.376026,rx,-1,0.000000,0.000000,0.000000,0.000000,3101,77550,25016,0.000000,0.000000,2.902673,4.534441,0.487062,0,0,0.000000,0.000000,8,10,-1,0,,226415
1788459187.902457,79.376160,tx,-1,0.000000,0.000000,0.000000,0.000000,,,,,,,,,,,,,,,,,aa5501090000000000000000004829,226559
1788459187.950550,79.424235,rx,-1,0.000000,0.000000,0.000000,0.000000,3102,77576,24992,0.000000,0.000000,2.902673,4.534441,0.487062,0,0,0.000000,0.000000,8,10,-1,0,,226559
1788459187.950844,79.424544,rx,-1,0.000000,0.000000,0.000000,0.000000,3103,77600,25024,0.000000,0.000000,2.902673,4.534441,0.487062,0,0,0.000000,0.000000,8,10,-1,0,,226559
1788459187.950878,79.424581,tx,-1,0.000000,0.000000,0.000000,0.000000,,,,,,,,,,,,,,,,,aa5501090000000000000000004829,226703
1788459188.004328,79.478017,rx,-1,0.000000,0.000000,0.000000,0.000000,3104,77626,24980,0.000000,0.000000,2.902673,4.534441,0.487062,0,0,0.000000,0.000000,8,10,-1,0,,226703
1788459188.007915,79.481605,rx,-1,0.000000,0.000000,0.000000,0.000000,3105,77650,24992,0.000000,0.000000,2.902673,4.534441,0.487062,0,0,0.000000,0.000000,8,10,-1,0,,226703
1788459188.008045,79.481748,tx,-1,0.000000,0.000000,0.000000,0.000000,,,,,,,,,,,,,,,,,aa5501090000000000000000004829,226847
1788459188.056397,79.530090,rx,-1,0.000000,0.000000,0.000000,0.000000,3106,77676,24996,0.000000,0.000000,2.902673,4.534441,0.487062,0,0,0.000000,0.000000,8,10,-1,0,,226847
1788459188.056580,79.530282,rx,-1,0.000000,0.000000,0.000000,0.000000,3107,77701,24996,0.000000,0.000000,2.902673,4.534441,0.487062,0,0,0.000000,0.000000,8,10,-1,0,,226847
1788459188.056603,79.530306,tx,-1,0.000000,0.000000,0.000000,0.000000,,,,,,,,,,,,,,,,,aa5501090000000000000000004829,226991
1788459188.109923,79.583620,rx,-1,0.000000,0.000000,0.000000,0.000000,3108,77725,24992,0.000000,0.000000,2.902673,4.534441,0.487062,0,0,0.000000,0.000000,8,10,-1,0,,226991
1788459188.112612,79.586312,rx,-1,0.000000,0.000000,0.000000,0.000000,3109,77751,25020,0.000000,0.000000,2.902673,4.534441,0.487062,0,0,0.000000,0.000000,8,10,-1,0,,226991
1788459188.112679,79.586382,tx,-1,0.000000,0.000000,0.000000,0.000000,,,,,,,,,,,,,,,,,aa5501090000000000000000004829,227167
1788459188.160906,79.634598,rx,-1,0.000000,0.000000,0.000000,0.000000,3110,77775,25004,0.000000,0.000000,2.902673,4.534441,0.487062,0,0,0.000000,0.000000,8,10,-1,0,,227167
1788459188.161169,79.634870,rx,-1,0.000000,0.000000,0.000000,0.000000,3111,77801,25004,0.000000,0.000000,2.902673,4.534441,0.487062,0,0,0.000000,0.000000,8,10,-1,0,,227167
1788459188.161226,79.634929,tx,-1,0.000000,0.000000,0.000000,0.000000,,,,,,,,,,,,,,,,,aa5501090000000000000000004829,227311
1788459188.215575,79.689264,rx,-1,0.000000,0.000000,0.000000,0.000000,3112,77826,25008,0.000000,0.000000,2.902673,4.534441,0.487062,0,0,0.000000,0.000000,8,10,-1,0,,227311
1788459188.218959,79.692650,rx,-1,0.000000,0.000000,0.000000,0.000000,3113,77850,25004,0.000000,0.000000,2.902673,4.534441,0.487062,0,0,0.000000,0.000000,8,10,-1,0,,227311
1788459188.219203,79.692904,rx,-1,0.000000,0.000000,0.000000,0.000000,3114,77876,24980,0.000000,0.000000,2.902673,4.534441,0.487062,0,0,0.000000,0.000000,8,10,-1,0,,227311
1788459188.219231,79.692934,tx,-1,0.000000,0.000000,0.000000,0.000000,,,,,,,,,,,,,,,,,aa5501090000000000000000004829,227495
1788459188.267553,79.741251,rx,-1,0.000000,0.000000,0.000000,0.000000,3115,77900,25000,0.000000,0.000000,2.902673,4.534441,0.487062,0,0,0.000000,0.000000,8,10,-1,0,,227495
1788459188.267695,79.741397,rx,-1,0.000000,0.000000,0.000000,0.000000,3116,77926,24984,0.000000,0.000000,2.902673,4.534441,0.487062,0,0,0.000000,0.000000,8,10,-1,0,,227495
1788459188.267712,79.741415,tx,-1,0.000000,0.000000,0.000000,0.000000,,,,,,,,,,,,,,,,,aa5501090000000000000000004829,227639
1788459188.321082,79.794775,rx,-1,0.000000,0.000000,0.000000,0.000000,3117,77950,25004,0.000000,0.000000,2.902673,4.534441,0.487062,0,0,0.000000,0.000000,8,10,-1,0,,227639
1788459188.323416,79.797114,rx,-1,0.000000,0.000000,0.000000,0.000000,3118,77975,25004,0.000000,0.000000,2.902673,4.534441,0.487062,0,0,0.000000,0.000000,8,10,-1,0,,227639
1788459188.323469,79.797172,tx,-1,0.000000,0.000000,0.000000,0.000000,,,,,,,,,,,,,,,,,aa5501090000000000000000004829,227783
1788459188.371727,79.845421,rx,-1,0.000000,0.000000,0.000000,0.000000,3119,78001,24992,0.000000,0.000000,2.902673,4.534441,0.487062,0,0,0.000000,0.000000,8,10,-1,0,,227783
1788459188.371919,79.845620,rx,-1,0.000000,0.000000,0.000000,0.000000,3120,78025,25032,0.000000,0.000000,2.902673,4.534441,0.487062,0,0,0.000000,0.000000,8,10,-1,0,,227783
1788459188.371942,79.845645,tx,-1,0.000000,0.000000,0.000000,0.000000,,,,,,,,,,,,,,,,,aa5501090000000000000000004829,227982
1788459188.425228,79.898925,rx,-1,0.000000,0.000000,0.000000,0.000000,3121,78051,24980,0.000000,0.000000,2.902673,4.534441,0.487062,0,0,0.000000,0.000000,8,10,-1,0,,227982
1788459188.427572,79.901272,rx,-1,0.000000,0.000000,0.000000,0.000000,3122,78075,25000,0.000000,0.000000,2.902673,4.534441,0.487062,0,0,0.000000,0.000000,8,10,-1,0,,227982
1788459188.427598,79.901302,tx,-1,0.000000,0.000000,0.000000,0.000000,,,,,,,,,,,,,,,,,aa5501090000000000000000004829,228126
1788459188.475785,79.949478,rx,-1,0.000000,0.000000,0.000000,0.000000,3123,78101,25004,0.000000,0.000000,2.902673,4.534441,0.487062,0,0,0.000000,0.000000,8,10,-1,0,,228126
1788459188.475928,79.949630,rx,-1,0.000000,0.000000,0.000000,0.000000,3124,78126,25008,0.000000,0.000000,2.902673,4.534441,0.487062,0,0,0.000000,0.000000,8,10,-1,0,,228126
1788459188.475944,79.949647,tx,-1,0.000000,0.000000,0.000000,0.000000,,,,,,,,,,,,,,,,,aa5501090000000000000000004829,228270
1788459188.528802,80.002498,rx,-1,0.000000,0.000000,0.000000,0.000000,3125,78150,25004,0.000000,0.000000,2.902673,4.534441,0.487062,0,0,0.000000,0.000000,8,10,-1,0,,228270
1788459188.531159,80.004857,rx,-1,0.000000,0.000000,0.000000,0.000000,3126,78176,24988,0.000000,0.000000,2.902673,4.534441,0.487062,0,0,0.000000,0.000000,8,10,-1,0,,228270
1788459188.531211,80.004914,tx,-1,0.000000,0.000000,0.000000,0.000000,,,,,,,,,,,,,,,,,aa5501090000000000000000004829,228414
1788459188.579205,80.052890,rx,-1,0.000000,0.000000,0.000000,0.000000,3127,78200,24976,0.000000,0.000000,2.902673,4.534441,0.487062,0,0,0.000000,0.000000,8,10,-1,0,,228414
1788459188.579411,80.053113,rx,-1,0.000000,0.000000,0.000000,0.000000,3128,78226,25036,0.000000,0.000000,2.902673,4.534441,0.487062,0,0,0.000000,0.000000,8,10,-1,0,,228414
1788459188.579436,80.053138,tx,-1,0.000000,0.000000,0.000000,0.000000,,,,,,,,,,,,,,,,,aa5501090000000000000000004829,228558
1788459188.632811,80.106506,rx,-1,0.000000,0.000000,0.000000,0.000000,3129,78251,24996,0.000000,0.000000,2.902673,4.534441,0.487062,0,0,0.000000,0.000000,8,10,-1,0,,228558
1788459188.635118,80.108816,rx,-1,0.000000,0.000000,0.000000,0.000000,3130,78275,25012,0.000000,0.000000,2.902673,4.534441,0.487062,0,0,0.000000,0.000000,8,10,-1,0,,228558
1788459188.635178,80.108880,tx,-1,0.000000,0.000000,0.000000,0.000000,,,,,,,,,,,,,,,,,aa5501090000000000000000004829,228702
1788459188.683349,80.157045,rx,-1,0.000000,0.000000,0.000000,0.000000,3131,78301,24992,0.000000,0.000000,2.902673,4.534441,0.487062,0,0,0.000000,0.000000,8,10,-1,0,,228702
1788459188.683482,80.157184,rx,-1,0.000000,0.000000,0.000000,0.000000,3132,78325,24984,0.000000,0.000000,2.902673,4.534441,0.487062,0,0,0.000000,0.000000,8,10,-1,0,,228702
1788459188.683499,80.157202,tx,-1,0.000000,0.000000,0.000000,0.000000,,,,,,,,,,,,,,,,,aa5501090000000000000000004829,228846
1788459188.736652,80.210345,rx,-1,0.000000,0.000000,0.000000,0.000000,3133,78351,25024,0.000000,0.000000,2.902673,4.534441,0.487062,0,0,0.000000,0.000000,8,10,-1,0,,228846
1788459188.739045,80.212745,rx,-1,0.000000,0.000000,0.000000,0.000000,3134,78375,25000,0.000000,0.000000,2.902673,4.534441,0.487062,0,0,0.000000,0.000000,8,10,-1,0,,228846
1788459188.739089,80.212792,tx,-1,0.000000,0.000000,0.000000,0.000000,,,,,,,,,,,,,,,,,aa5501090000000000000000004829,228990
1788459188.787082,80.260778,rx,-1,0.000000,0.000000,0.000000,0.000000,3135,78400,24956,0.000000,0.000000,2.902673,4.534441,0.487062,0,0,0.000000,0.000000,8,10,-1,0,,228990
1788459188.787268,80.260969,rx,-1,0.000000,0.000000,0.000000,0.000000,3136,78426,25048,0.000000,0.000000,2.902673,4.534441,0.487062,0,0,0.000000,0.000000,8,10,-1,0,,228990
1788459188.787294,80.260996,tx,-1,0.000000,0.000000,0.000000,0.000000,,,,,,,,,,,,,,,,,aa5501090000000000000000004829,229134
1788459188.840972,80.314665,rx,-1,0.000000,0.000000,0.000000,0.000000,3137,78450,24992,0.000000,0.000000,2.902673,4.534441,0.487062,0,0,0.000000,0.000000,8,10,-1,0,,229134
1788459188.843197,80.316897,rx,-1,0.000000,0.000000,0.000000,0.000000,3138,78476,24988,0.000000,0.000000,2.902673,4.534441,0.487062,0,0,0.000000,0.000000,8,10,-1,0,,229134
1788459188.843233,80.316935,tx,-1,0.000000,0.000000,0.000000,0.000000,,,,,,,,,,,,,,,,,aa5501090000000000000000004829,229278
1788459188.896376,80.370075,rx,-1,0.000000,0.000000,0.000000,0.000000,3139,78500,25012,0.000000,0.000000,2.902673,4.534441,0.487062,0,0,0.000000,0.000000,8,10,-1,0,,229278
1788459188.896510,80.370212,rx,-1,0.000000,0.000000,0.000000,0.000000,3140,78526,25000,0.000000,0.000000,2.902673,4.534441,0.487062,0,0,0.000000,0.000000,8,10,-1,0,,229278
1788459188.896532,80.370235,tx,-1,0.000000,0.000000,0.000000,0.000000,,,,,,,,,,,,,,,,,aa5501090000000000000000004829,229486
1788459188.950242,80.423936,rx,-1,0.000000,0.000000,0.000000,0.000000,3141,78551,24980,0.000000,0.000000,2.902673,4.534441,0.487062,0,0,0.000000,0.000000,8,10,-1,0,,229486
1788459188.952522,80.426221,rx,-1,0.000000,0.000000,0.000000,0.000000,3142,78575,24984,0.000000,0.000000,2.902673,4.534441,0.487062,0,0,0.000000,0.000000,8,10,-1,0,,229486
1788459188.952609,80.426311,rx,-1,0.000000,0.000000,0.000000,0.000000,3143,78601,25028,0.000000,0.000000,2.902673,4.534441,0.487062,0,0,0.000000,0.000000,8,10,-1,0,,229486
1788459188.952625,80.426327,tx,-1,0.000000,0.000000,0.000000,0.000000,,,,,,,,,,,,,,,,,aa5501090000000000000000004829,229638
1788459189.005073,80.478770,rx,-1,0.000000,0.000000,0.000000,0.000000,3144,78625,24992,0.000000,0.000000,2.902673,4.534441,0.487062,0,0,0.000000,0.000000,8,10,-1,0,,229638
1788459189.005215,80.478916,rx,-1,0.000000,0.000000,0.000000,0.000000,3145,78651,24976,0.000000,0.000000,2.902673,4.534441,0.487062,0,0,0.000000,0.000000,8,10,-1,0,,229638
1788459189.005236,80.478938,tx,-1,0.000000,0.000000,0.000000,0.000000,,,,,,,,,,,,,,,,,aa5501090000000000000000004829,229782
1788459189.058423,80.532116,rx,-1,0.000000,0.000000,0.000000,0.000000,3146,78675,25012,0.000000,0.000000,2.902673,4.534441,0.487062,0,0,0.000000,0.000000,8,10,-1,0,,229782
1788459189.060810,80.534510,rx,-1,0.000000,0.000000,0.000000,0.000000,3147,78700,25008,0.000000,0.000000,2.902673,4.534441,0.487062,0,0,0.000000,0.000000,8,10,-1,0,,229782
1788459189.060854,80.534556,tx,-1,0.000000,0.000000,0.000000,0.000000,,,,,,,,,,,,,,,,,aa5501090000000000000000004829,229926
1788459189.108720,80.582415,rx,-1,0.000000,0.000000,0.000000,0.000000,3148,78726,25008,0.000000,0.000000,2.902673,4.534441,0.487062,0,0,0.000000,0.000000,8,10,-1,0,,229926
1788459189.108910,80.582611,rx,-1,0.000000,0.000000,0.000000,0.000000,3149,78750,24996,0.000000,0.000000,2.902673,4.534441,0.487062,0,0,0.000000,0.000000,8,10,-1,0,,229926
1788459189.108937,80.582639,tx,-1,0.000000,0.000000,0.000000,0.000000,,,,,,,,,,,,,,,,,aa5501090000000000000000004829,230070
1788459189.161859,80.635555,rx,-1,0.000000,0.000000,0.000000,0.000000,3150,78776,25000,0.000000,0.000000,2.902673,4.534441,0.487062,0,0,0.000000,0.000000,8,10,-1,0,,230070
1788459189.164561,80.638257,rx,-1,0.000000,0.000000,0.000000,0.000000,3151,78800,25004,0.000000,0.000000,2.902673,4.534441,0.487062,0,0,0.000000,0.000000,8,10,-1,0,,230070
1788459189.164626,80.638328,tx,-1,0.000000,0.000000,0.000000,0.000000,,,,,,,,,,,,,,,,,aa5501090000000000000000004829,230214
1788459189.212748,80.686442,rx,-1,0.000000,0.000000,0.000000,0.000000,3152,78826,25000,0.000000,0.000000,2.902673,4.534441,0.487062,0,0,0.000000,0.000000,8,10,-1,0,,230214
1788459189.212902,80.686603,rx,-1,0.000000,0.000000,0.000000,0.000000,3153,78851,24972,0.000000,0.000000,2.902673,4.534441,0.487062,0,0,0.000000,0.000000,8,10,-1,0,,230214
1788459189.212923,80.686625,tx,-1,0.000000,0.000000,0.000000,0.000000,,,,,,,,,,,,,,,,,aa5501090000000000000000004829,230358
1788459189.266346,80.740042,rx,-1,0.000000,0.000000,0.000000,0.000000,3154,78875,25020,0.000000,0.000000,2.902673,4.534441,0.487062,0,0,0.000000,0.000000,8,10,-1,0,,230358
1788459189.268966,80.742665,rx,-1,0.000000,0.000000,0.000000,0.000000,3155,78901,24984,0.000000,0.000000,2.902673,4.534441,0.487062,0,0,0.000000,0.000000,8,10,-1,0,,230358
1788459189.269022,80.742724,tx,-1,0.000000,0.000000,0.000000,0.000000,,,,,,,,,,,,,,,,,aa5501090000000000000000004829,230502
1788459189.316686,80.790381,rx,-1,0.000000,0.000000,0.000000,0.000000,3156,78925,25040,0.000000,0.000000,2.902673,4.534441,0.487062,0,0,0.000000,0.000000,8,10,-1,0,,230502
1788459189.316913,80.790611,rx,-1,0.000000,0.000000,0.000000,0.000000,3157,78951,24976,0.000000,0.000000,2.902673,4.534441,0.487062,0,0,0.000000,0.000000,8,10,-1,0,,230502
1788459189.316949,80.790651,tx,-1,0.000000,0.000000,0.000000,0.000000,,,,,,,,,,,,,,,,,aa5501090000000000000000004829,230646
1788459189.371132,80.844815,rx,-1,0.000000,0.000000,0.000000,0.000000,3158,78976,25000,0.000000,0.000000,2.902673,4.534441,0.487062,0,0,0.000000,0.000000,8,10,-1,0,,230646
1788459189.374559,80.848253,rx,-1,0.000000,0.000000,0.000000,0.000000,3159,79000,25004,0.000000,0.000000,2.902673,4.534441,0.487062,0,0,0.000000,0.000000,8,10,-1,0,,230646
1788459189.374756,80.848458,tx,-1,0.000000,0.000000,0.000000,0.000000,,,,,,,,,,,,,,,,,aa5501090000000000000000004829,230845
1788459189.422268,80.895957,rx,-1,0.000000,0.000000,0.000000,0.000000,3160,79026,24988,0.000000,0.000000,2.902673,4.534441,0.487062,0,0,0.000000,0.000000,8,10,-1,0,,230845
1788459189.422466,80.896165,rx,-1,0.000000,0.000000,0.000000,0.000000,3161,79050,25016,0.000000,0.000000,2.902673,4.534441,0.487062,0,0,0.000000,0.000000,8,10,-1,0,,230845
1788459189.422526,80.896228,tx,-1,0.000000,0.000000,0.000000,0.000000,,,,,,,,,,,,,,,,,aa5501090000000000000000004829,230989
1788459189.476094,80.949781,rx,-1,0.000000,0.000000,0.000000,0.000000,3162,79076,24988,0.000000,0.000000,2.902673,4.534441,0.487062,0,0,0.000000,0.000000,8,10,-1,0,,230989
1788459189.479537,80.953232,rx,-1,0.000000,0.000000,0.000000,0.000000,3163,79100,25008,0.000000,0.000000,2.902673,4.534441,0.487062,0,0,0.000000,0.000000,8,10,-1,0,,230989
1788459189.479655,80.953356,tx,-1,0.000000,0.000000,0.000000,0.000000,,,,,,,,,,,,,,,,,aa5501090000000000000000004829,231165
1788459189.528010,81.001689,rx,-1,0.000000,0.000000,0.000000,0.000000,3164,79125,24992,0.000000,0.000000,2.902673,4.534441,0.487062,0,0,0.000000,0.000000,8,10,-1,0,,231165
1788459189.528230,81.001930,rx,-1,0.000000,0.000000,0.000000,0.000000,3165,79151,24984,0.000000,0.000000,2.902673,4.534441,0.487062,0,0,0.000000,0.000000,8,10,-1,0,,231165
1788459189.528271,81.001973,tx,-1,0.000000,0.000000,0.000000,0.000000,,,,,,,,,,,,,,,,,aa5501090000000000000000004829,231341
1788459189.581568,81.055265,rx,-1,0.000000,0.000000,0.000000,0.000000,3166,79175,25020,0.000000,0.000000,2.902673,4.534441,0.487062,0,0,0.000000,0.000000,8,10,-1,0,,231341
1788459189.583817,81.057517,rx,-1,0.000000,0.000000,0.000000,0.000000,3167,79201,24996,0.000000,0.000000,2.902673,4.534441,0.487062,0,0,0.000000,0.000000,8,10,-1,0,,231341
1788459189.583892,81.057593,rx,-1,0.000000,0.000000,0.000000,0.000000,3168,79225,25016,0.000000,0.000000,2.902673,4.534441,0.487062,0,0,0.000000,0.000000,8,10,-1,0,,231341
1788459189.583906,81.057609,tx,-1,0.000000,0.000000,0.000000,0.000000,,,,,,,,,,,,,,,,,aa5501090000000000000000004829,231493
1788459189.631746,81.105443,rx,-1,0.000000,0.000000,0.000000,0.000000,3169,79251,24992,0.000000,0.000000,2.902673,4.534441,0.487062,0,0,0.000000,0.000000,8,10,-1,0,,231493
1788459189.631883,81.105583,rx,-1,0.000000,0.000000,0.000000,0.000000,3170,79276,24980,0.000000,0.000000,2.902673,4.534441,0.487062,0,0,0.000000,0.000000,8,10,-1,0,,231493
1788459189.631901,81.105603,tx,-1,0.000000,0.000000,0.000000,0.000000,,,,,,,,,,,,,,,,,aa5501090000000000000000004829,231637
1788459189.685707,81.159404,rx,-1,0.000000,0.000000,0.000000,0.000000,3171,79300,25032,0.000000,0.000000,2.902673,4.534441,0.487062,0,0,0.000000,0.000000,8,10,-1,0,,231637
1788459189.687888,81.161586,rx,-1,0.000000,0.000000,0.000000,0.000000,3172,79326,24988,0.000000,0.000000,2.902673,4.534441,0.487062,0,0,0.000000,0.000000,8,10,-1,0,,231637
1788459189.687938,81.161639,tx,-1,0.000000,0.000000,0.000000,0.000000,,,,,,,,,,,,,,,,,aa5501090000000000000000004829,231781
1788459189.735935,81.209630,rx,-1,0.000000,0.000000,0.000000,0.000000,3173,79350,24976,0.000000,0.000000,2.902673,4.534441,0.487062,0,0,0.000000,0.000000,8,10,-1,0,,231781
1788459189.736121,81.209820,rx,-1,0.000000,0.000000,0.000000,0.000000,3174,79376,25028,0.000000,0.000000,2.902673,4.534441,0.487062,0,0,0.000000,0.000000,8,10,-1,0,,231781
1788459189.736150,81.209851,tx,-1,0.000000,0.000000,0.000000,0.000000,,,,,,,,,,,,,,,,,aa5501090000000000000000004829,231925
1788459189.790052,81.263740,rx,-1,0.000000,0.000000,0.000000,0.000000,3175,79400,25008,0.000000,0.000000,2.902673,4.534441,0.487062,0,0,0.000000,0.000000,8,10,-1,0,,231925
1788459189.793299,81.266995,rx,-1,0.000000,0.000000,0.000000,0.000000,3176,79425,25004,0.000000,0.000000,2.902673,4.534441,0.487062,0,0,0.000000,0.000000,8,10,-1,0,,231925
1788459189.793369,81.267070,tx,-1,0.000000,0.000000,0.000000,0.000000,,,,,,,,,,,,,,,,,aa5501090000000000000000004829,232069
1788459189.841952,81.315640,rx,-1,0.000000,0.000000,0.000000,0.000000,3177,79451,24984,0.000000,0.000000,2.902673,4.534441,0.487062,0,0,0.000000,0.000000,8,10,-1,0,,232069
1788459189.842205,81.315903,rx,-1,0.000000,0.000000,0.000000,0.000000,3178,79475,24976,0.000000,0.000000,2.902673,4.534441,0.487062,0,0,0.000000,0.000000,8,10,-1,0,,232069
1788459189.842255,81.315956,tx,-1,0.000000,0.000000,0.000000,0.000000,,,,,,,,,,,,,,,,,aa5501090000000000000000004829,232213
1788459189.895401,81.369085,rx,-1,0.000000,0.000000,0.000000,0.000000,3179,79501,25040,0.000000,0.000000,2.902673,4.534441,0.487062,0,0,0.000000,0.000000,8,10,-1,0,,232213
1788459189.899059,81.372751,rx,-1,0.000000,0.000000,0.000000,0.000000,3180,79525,24968,0.000000,0.000000,2.902673,4.534441,0.487062,0,0,0.000000,0.000000,8,10,-1,0,,232213
1788459189.899176,81.372877,tx,-1,0.000000,0.000000,0.000000,0.000000,,,,,,,,,,,,,,,,,aa5501090000000000000000004829,232357
1788459189.947089,81.420771,rx,-1,0.000000,0.000000,0.000000,0.000000,3181,79551,24996,0.000000,0.000000,2.902673,4.534441,0.487062,0,0,0.000000,0.000000,8,10,-1,0,,232357
1788459189.947334,81.421034,rx,-1,0.000000,0.000000,0.000000,0.000000,3182,79576,25028,0.000000,0.000000,2.902673,4.534441,0.487062,0,0,0.000000,0.000000,8,10,-1,0,,232357
1788459189.947364,81.421065,tx,-1,0.000000,0.000000,0.000000,0.000000,,,,,,,,,,,,,,,,,aa5501090000000000000000004829,232501
1788459190.000838,81.474534,rx,-1,0.000000,0.000000,0.000000,0.000000,3183,79600,24972,0.000000,0.000000,2.902673,4.534441,0.487062,0,0,0.000000,0.000000,8,10,-1,0,,232501
1788459190.003024,81.476722,rx,-1,0.000000,0.000000,0.000000,0.000000,3184,79626,25044,0.000000,0.000000,2.902673,4.534441,0.487062,0,0,0.000000,0.000000,8,10,-1,0,,232501
1788459190.003071,81.476772,tx,-1,0.000000,0.000000,0.000000,0.000000,,,,,,,,,,,,,,,,,aa5501090000000000000000004829,232645
1788459190.055441,81.529137,rx,-1,0.000000,0.000000,0.000000,0.000000,3185,79650,24960,0.000000,0.000000,2.902673,4.534441,0.487062,0,0,0.000000,0.000000,8,10,-1,0,,232645
1788459190.055595,81.529295,rx,-1,0.000000,0.000000,0.000000,0.000000,3186,79676,25032,0.000000,0.000000,2.902673,4.534441,0.487062,0,0,0.000000,0.000000,8,10,-1,0,,232645
1788459190.055616,81.529316,tx,-1,0.000000,0.000000,0.000000,0.000000,,,,,,,,,,,,,,,,,aa5501090000000000000000004829,232789
1788459190.108506,81.582201,rx,-1,0.000000,0.000000,0.000000,0.000000,3187,79700,24996,0.000000,0.000000,2.902673,4.534441,0.487062,0,0,0.000000,0.000000,8,10,-1,0,,232789
1788459190.110705,81.584404,rx,-1,0.000000,0.000000,0.000000,0.000000,3188,79725,24972,0.000000,0.000000,2.902673,4.534441,0.487062,0,0,0.000000,0.000000,8,10,-1,0,,232789
1788459190.110744,81.584446,tx,-1,0.000000,0.000000,0.000000,0.000000,,,,,,,,,,,,,,,,,aa5501090000000000000000004829,232965
1788459190.158740,81.632436,rx,-1,0.000000,0.000000,0.000000,0.000000,3189,79751,25040,0.000000,0.000000,2.902673,4.534441,0.487062,0,0,0.000000,0.000000,8,10,-1,0,,232965
1788459190.158892,81.632591,rx,-1,0.000000,0.000000,0.000000,0.000000,3190,79775,24960,0.000000,0.000000,2.902673,4.534441,0.487062,0,0,0.000000,0.000000,8,10,-1,0,,232965
1788459190.158920,81.632621,tx,-1,0.000000,0.000000,0.000000,0.000000,,,,,,,,,,,,,,,,,aa5501090000000000000000004829,233109
1788459190.212190,81.685886,rx,-1,0.000000,0.000000,0.000000,0.000000,3191,79801,25032,0.000000,0.000000,2.902673,4.534441,0.487062,0,0,0.000000,0.000000,8,10,-1,0,,233109
1788459190.214778,81.688478,rx,-1,0.000000,0.000000,0.000000,0.000000,3192,79825,24980,0.000000,0.000000,2.902673,4.534441,0.487062,0,0,0.000000,0.000000,8,10,-1,0,,233109
1788459190.214812,81.688514,tx,-1,0.000000,0.000000,0.000000,0.000000,,,,,,,,,,,,,,,,,aa5501090000000000000000004829,233285
1788459190.262619,81.736312,rx,-1,0.000000,0.000000,0.000000,0.000000,3193,79850,24984,0.000000,0.000000,2.902673,4.534441,0.487062,0,0,0.000000,0.000000,8,10,-1,0,,233285
1788459190.262761,81.736461,rx,-1,0.000000,0.000000,0.000000,0.000000,3194,79876,25040,0.000000,0.000000,2.902673,4.534441,0.487062,0,0,0.000000,0.000000,8,10,-1,0,,233285
1788459190.262787,81.736488,tx,-1,0.000000,0.000000,0.000000,0.000000,,,,,,,,,,,,,,,,,aa5501090000000000000000004829,233429
1788459190.316054,81.789752,rx,-1,0.000000,0.000000,0.000000,0.000000,3195,79900,24960,0.000000,0.000000,2.902673,4.534441,0.487062,0,0,0.000000,0.000000,8,10,-1,0,,233429
1788459190.318146,81.791842,rx,-1,0.000000,0.000000,0.000000,0.000000,3196,79926,25044,0.000000,0.000000,2.902673,4.534441,0.487062,0,0,0.000000,0.000000,8,10,-1,0,,233429
1788459190.318284,81.791982,rx,-1,0.000000,0.000000,0.000000,0.000000,3197,79950,24964,0.000000,0.000000,2.902673,4.534441,0.487062,0,0,0.000000,0.000000,8,10,-1,0,,233429
1788459190.318308,81.792009,tx,-1,0.000000,0.000000,0.000000,0.000000,,,,,,,,,,,,,,,,,aa5501090000000000000000004829,233581
1788459190.371595,81.845291,rx,-1,0.000000,0.000000,0.000000,0.000000,3198,79976,24996,0.000000,0.000000,2.902673,4.534441,0.487062,0,0,0.000000,0.000000,8,10,-1,0,,233581
1788459190.371714,81.845414,rx,-1,0.000000,0.000000,0.000000,0.000000,3199,80001,25040,0.000000,0.000000,2.902673,4.534441,0.487062,0,0,0.000000,0.000000,8,10,-1,0,,233581
1788459190.371759,81.845460,tx,-1,0.000000,0.000000,0.000000,0.000000,,,,,,,,,,,,,,,,,aa5501090000000000000000004829,233780
1788459190.425582,81.899276,rx,-1,0.000000,0.000000,0.000000,0.000000,3200,80025,24960,0.000000,0.000000,2.902673,4.534441,0.487062,0,0,0.000000,0.000000,8,10,-1,0,,233780
1788459190.428028,81.901727,rx,-1,0.000000,0.000000,0.000000,0.000000,3201,80051,25040,0.000000,0.000000,2.902673,4.534441,0.487062,0,0,0.000000,0.000000,8,10,-1,0,,233780
1788459190.428064,81.901765,tx,-1,0.000000,0.000000,0.000000,0.000000,,,,,,,,,,,,,,,,,aa5501090000000000000000004829,233924
1788459190.476192,81.949889,rx,-1,0.000000,0.000000,0.000000,0.000000,3202,80075,24964,0.000000,0.000000,2.902673,4.534441,0.487062,0,0,0.000000,0.000000,8,10,-1,0,,233924
1788459190.476299,81.950000,rx,-1,0.000000,0.000000,0.000000,0.000000,3203,80101,25028,0.000000,0.000000,2.902673,4.534441,0.487062,0,0,0.000000,0.000000,8,10,-1,0,,233924
1788459190.476310,81.950011,tx,-1,0.000000,0.000000,0.000000,0.000000,,,,,,,,,,,,,,,,,aa5501090000000000000000004829,234068
1788459190.529947,82.003640,rx,-1,0.000000,0.000000,0.000000,0.000000,3204,80125,24976,0.000000,0.000000,2.902673,4.534441,0.487062,0,0,0.000000,0.000000,8,10,-1,0,,234068
1788459190.532452,82.006150,rx,-1,0.000000,0.000000,0.000000,0.000000,3205,80150,24992,0.000000,0.000000,2.902673,4.534441,0.487062,0,0,0.000000,0.000000,8,10,-1,0,,234068
1788459190.532490,82.006192,tx,-1,0.000000,0.000000,0.000000,0.000000,,,,,,,,,,,,,,,,,aa5501090000000000000000004829,234212
1788459190.580288,82.053984,rx,-1,0.000000,0.000000,0.000000,0.000000,3206,80176,25032,0.000000,0.000000,2.902673,4.534441,0.487062,0,0,0.000000,0.000000,8,10,-1,0,,234212
1788459190.580431,82.054130,rx,-1,0.000000,0.000000,0.000000,0.000000,3207,80200,24972,0.000000,0.000000,2.902673,4.534441,0.487062,0,0,0.000000,0.000000,8,10,-1,0,,234212
1788459190.580451,82.054152,tx,-1,0.000000,0.000000,0.000000,0.000000,,,,,,,,,,,,,,,,,aa5501090000000000000000004829,234356
1788459190.633252,82.106948,rx,-1,0.000000,0.000000,0.000000,0.000000,3208,80226,24992,0.000000,0.000000,2.902673,4.534441,0.487062,0,0,0.000000,0.000000,8,10,-1,0,,234356
1788459190.635952,82.109651,rx,-1,0.000000,0.000000,0.000000,0.000000,3209,80250,25016,0.000000,0.000000,2.902673,4.534441,0.487062,0,0,0.000000,0.000000,8,10,-1,0,,234356
1788459190.635982,82.109683,tx,-1,0.000000,0.000000,0.000000,0.000000,,,,,,,,,,,,,,,,,aa5501090000000000000000004829,234500
1788459190.688844,82.162540,rx,-1,0.000000,0.000000,0.000000,0.000000,3210,80276,25000,0.000000,0.000000,2.902673,4.534441,0.487062,0,0,0.000000,0.000000,8,10,-1,0,,234500
1788459190.689010,82.162709,rx,-1,0.000000,0.000000,0.000000,0.000000,3211,80301,24988,0.000000,0.000000,2.902673,4.534441,0.487062,0,0,0.000000,0.000000,8,10,-1,0,,234500
1788459190.689037,82.162738,tx,-1,0.000000,0.000000,0.000000,0.000000,,,,,,,,,,,,,,,,,aa5501090000000000000000004829,234676
1788459190.743431,82.217124,rx,-1,0.000000,0.000000,0.000000,0.000000,3212,80325,25008,0.000000,0.000000,2.902673,4.534441,0.487062,0,0,0.000000,0.000000,8,10,-1,0,,234676
1788459190.746067,82.219764,rx,-1,0.000000,0.000000,0.000000,0.000000,3213,80351,25004,0.000000,0.000000,2.902673,4.534441,0.487062,0,0,0.000000,0.000000,8,10,-1,0,,234676
1788459190.746126,82.219827,tx,-1,0.000000,0.000000,0.000000,0.000000,,,,,,,,,,,,,,,,,aa5501090000000000000000004829,234852
1788459190.794110,82.267797,rx,-1,0.000000,0.000000,0.000000,0.000000,3214,80375,25004,0.000000,0.000000,2.902673,4.534441,0.487062,0,0,0.000000,0.000000,8,10,-1,0,,234852
1788459190.794394,82.268090,rx,-1,0.000000,0.000000,0.000000,0.000000,3215,80401,24992,0.000000,0.000000,2.902673,4.534441,0.487062,0,0,0.000000,0.000000,8,10,-1,0,,234852
1788459190.794487,82.268188,tx,-1,0.000000,0.000000,0.000000,0.000000,,,,,,,,,,,,,,,,,aa5501090000000000000000004829,234996
1788459190.848447,82.322122,rx,-1,0.000000,0.000000,0.000000,0.000000,3216,80425,25000,0.000000,0.000000,2.902673,4.534441,0.487062,0,0,0.000000,0.000000,8,10,-1,0,,234996
1788459190.852047,82.325736,rx,-1,0.000000,0.000000,0.000000,0.000000,3217,80450,25008,0.000000,0.000000,2.902673,4.534441,0.487062,0,0,0.000000,0.000000,8,10,-1,0,,234996
1788459190.852276,82.325974,rx,-1,0.000000,0.000000,0.000000,0.000000,3218,80476,25016,0.000000,0.000000,2.902673,4.534441,0.487062,0,0,0.000000,0.000000,8,10,-1,0,,234996
1788459190.852305,82.326005,tx,-1,0.000000,0.000000,0.000000,0.000000,,,,,,,,,,,,,,,,,aa5501090000000000000000004829,235148
1788459190.900289,82.373973,rx,-1,0.000000,0.000000,0.000000,0.000000,3219,80500,24988,0.000000,0.000000,2.902673,4.534441,0.487062,0,0,0.000000,0.000000,8,10,-1,0,,235148
1788459190.900450,82.374149,rx,-1,0.000000,0.000000,0.000000,0.000000,3220,80526,24976,0.000000,0.000000,2.902673,4.534441,0.487062,0,0,0.000000,0.000000,8,10,-1,0,,235148
1788459190.900470,82.374170,tx,-1,0.000000,0.000000,0.000000,0.000000,,,,,,,,,,,,,,,,,aa5501090000000000000000004829,235292
1788459190.954598,82.428294,rx,-1,0.000000,0.000000,0.000000,0.000000,3221,80550,25036,0.000000,0.000000,2.902673,4.534441,0.487062,0,0,0.000000,0.000000,8,10,-1,0,,235292
1788459190.957122,82.430820,rx,-1,0.000000,0.000000,0.000000,0.000000,3222,80576,24984,0.000000,0.000000,2.902673,4.534441,0.487062,0,0,0.000000,0.000000,8,10,-1,0,,235292
1788459190.957159,82.430859,tx,-1,0.000000,0.000000,0.000000,0.000000,,,,,,,,,,,,,,,,,aa5501090000000000000000004829,235436
1788459191.005265,82.478958,rx,-1,0.000000,0.000000,0.000000,0.000000,3223,80601,25000,0.000000,0.000000,2.902673,4.534441,0.487062,0,0,0.000000,0.000000,8,10,-1,0,,235436
1788459191.005435,82.479134,rx,-1,0.000000,0.000000,0.000000,0.000000,3224,80625,25004,0.000000,0.000000,2.902673,4.534441,0.487062,0,0,0.000000,0.000000,8,10,-1,0,,235436
1788459191.005457,82.479157,tx,-1,0.000000,0.000000,0.000000,0.000000,,,,,,,,,,,,,,,,,aa5501090000000000000000004829,235580
1788459191.059276,82.532968,rx,-1,0.000000,0.000000,0.000000,0.000000,3225,80651,25000,0.000000,0.000000,2.902673,4.534441,0.487062,0,0,0.000000,0.000000,8,10,-1,0,,235580
1788459191.062073,82.535769,rx,-1,0.000000,0.000000,0.000000,0.000000,3226,80675,25008,0.000000,0.000000,2.902673,4.534441,0.487062,0,0,0.000000,0.000000,8,10,-1,0,,235580
1788459191.062131,82.535831,tx,-1,0.000000,0.000000,0.000000,0.000000,,,,,,,,,,,,,,,,,aa5501090000000000000000004829,235724
1788459191.110197,82.583890,rx,-1,0.000000,0.000000,0.000000,0.000000,3227,80701,25000,0.000000,0.000000,2.902673,4.534441,0.487062,0,0,0.000000,0.000000,8,10,-1,0,,235724
1788459191.110332,82.584031,rx,-1,0.000000,0.000000,0.000000,0.000000,3228,80726,25004,0.000000,0.000000,2.902673,4.534441,0.487062,0,0,0.000000,0.000000,8,10,-1,0,,235724
1788459191.110347,82.584048,tx,-1,0.000000,0.000000,0.000000,0.000000,,,,,,,,,,,,,,,,,aa5501090000000000000000004829,235868
1788459191.164125,82.637817,rx,-1,0.000000,0.000000,0.000000,0.000000,3229,80750,25004,0.000000,0.000000,2.902673,4.534441,0.487062,0,0,0.000000,0.000000,8,10,-1,0,,235868
1788459191.167131,82.640825,rx,-1,0.000000,0.000000,0.000000,0.000000,3230,80776,24968,0.000000,0.000000,2.902673,4.534441,0.487062,0,0,0.000000,0.000000,8,10,-1,0,,235868
1788459191.167181,82.640881,tx,-1,0.000000,0.000000,0.000000,0.000000,,,,,,,,,,,,,,,,,aa5501090000000000000000004829,236012
1788459191.215421,82.689114,rx,-1,0.000000,0.000000,0.000000,0.000000,3231,80800,24992,0.000000,0.000000,2.902673,4.534441,0.487062,0,0,0.000000,0.000000,8,10,-1,0,,236012
1788459191.215596,82.689294,rx,-1,0.000000,0.000000,0.000000,0.000000,3232,80826,25020,0.000000,0.000000,2.902673,4.534441,0.487062,0,0,0.000000,0.000000,8,10,-1,0,,236012
1788459191.215619,82.689318,tx,-1,0.000000,0.000000,0.000000,0.000000,,,,,,,,,,,,,,,,,aa5501090000000000000000004829,236156
1788459191.270291,82.743975,rx,-1,0.000000,0.000000,0.000000,0.000000,3233,80850,25004,0.000000,0.000000,2.902673,4.534441,0.487062,0,0,0.000000,0.000000,8,10,-1,0,,236156
1788459191.273571,82.747264,rx,-1,0.000000,0.000000,0.000000,0.000000,3234,80875,25012,0.000000,0.000000,2.902673,4.534441,0.487062,0,0,0.000000,0.000000,8,10,-1,0,,236156
1788459191.273687,82.747387,tx,-1,0.000000,0.000000,0.000000,0.000000,,,,,,,,,,,,,,,,,aa5501090000000000000000004829,236332
1788459191.322098,82.795784,rx,-1,0.000000,0.000000,0.000000,0.000000,3235,80901,24972,0.000000,0.000000,2.902673,4.534441,0.487062,0,0,0.000000,0.000000,8,10,-1,0,,236332
1788459191.322426,82.796122,rx,-1,0.000000,0.000000,0.000000,0.000000,3236,80925,25028,0.000000,0.000000,2.902673,4.534441,0.487062,0,0,0.000000,0.000000,8,10,-1,0,,236332
1788459191.322487,82.796186,tx,-1,0.000000,0.000000,0.000000,0.000000,,,,,,,,,,,,,,,,,aa5501090000000000000000004829,236476
1788459191.376409,82.850096,rx,-1,0.000000,0.000000,0.000000,0.000000,3237,80951,24996,0.000000,0.000000,2.902673,4.534441,0.487062,0,0,0.000000,0.000000,8,10,-1,0,,236476
1788459191.379938,82.853631,rx,-1,0.000000,0.000000,0.000000,0.000000,3238,80975,24980,0.000000,0.000000,2.902673,4.534441,0.487062,0,0,0.000000,0.000000,8,10,-1,0,,236476
1788459191.380153,82.853851,rx,-1,0.000000,0.000000,0.000000,0.000000,3239,81001,24984,0.000000,0.000000,2.902673,4.534441,0.487062,0,0,0.000000,0.000000,8,10,-1,0,,236476
1788459191.380183,82.853883,tx,-1,0.000000,0.000000,0.000000,0.000000,,,,,,,,,,,,,,,,,aa5501090000000000000000004829,236684
1788459191.428401,82.902093,rx,-1,0.000000,0.000000,0.000000,0.000000,3240,81026,25004,0.000000,0.000000,2.902673,4.534441,0.487062,0,0,0.000000,0.000000,8,10,-1,0,,236684
1788459191.428619,82.902317,rx,-1,0.000000,0.000000,0.000000,0.000000,3241,81050,25000,0.000000,0.000000,2.902673,4.534441,0.487062,0,0,0.000000,0.000000,8,10,-1,0,,236684
1788459191.428654,82.902353,tx,-1,0.000000,0.000000,0.000000,0.000000,,,,,,,,,,,,,,,,,aa5501090000000000000000004829,236859
1788459191.482588,82.956279,rx,-1,0.000000,0.000000,0.000000,0.000000,3242,81076,25032,0.000000,0.000000,2.902673,4.534441,0.487062,0,0,0.000000,0.000000,8,10,-1,0,,236859
1788459191.484880,82.958578,rx,-1,0.000000,0.000000,0.000000,0.000000,3243,81100,24984,0.000000,0.000000,2.902673,4.534441,0.487062,0,0,0.000000,0.000000,8,10,-1,0,,236859
1788459191.484915,82.958615,tx,-1,0.000000,0.000000,0.000000,0.000000,,,,,,,,,,,,,,,,,aa5501090000000000000000004829,237003
1788459191.537676,83.011368,rx,-1,0.000000,0.000000,0.000000,0.000000,3244,81126,24980,0.000000,0.000000,2.902673,4.534441,0.487062,0,0,0.000000,0.000000,8,10,-1,0,,237003
1788459191.537834,83.011533,rx,-1,0.000000,0.000000,0.000000,0.000000,3245,81150,25028,0.000000,0.000000,2.902673,4.534441,0.487062,0,0,0.000000,0.000000,8,10,-1,0,,237003
1788459191.537856,83.011556,tx,-1,0.000000,0.000000,0.000000,0.000000,,,,,,,,,,,,,,,,,aa5501090000000000000000004829,237147
1788459191.591910,83.065581,rx,-1,0.000000,0.000000,0.000000,0.000000,3246,81175,25000,0.000000,0.000000,2.902673,4.534441,0.487062,0,0,0.000000,0.000000,8,10,-1,0,,237147
1788459191.595798,83.069473,rx,-1,0.000000,0.000000,0.000000,0.000000,3247,81201,25020,0.000000,0.000000,2.902673,4.534441,0.487062,0,0,0.000000,0.000000,8,10,-1,0,,237147
1788459191.596013,83.069710,tx,-1,0.000000,0.000000,0.000000,0.000000,,,,,,,,,,,,,,,,,aa5501090000000000000000004829,237291
1788459191.642492,83.116177,rx,-1,0.000000,0.000000,0.000000,0.000000,3248,81225,24980,0.000000,0.000000,2.902673,4.534441,0.487062,0,0,0.000000,0.000000,8,10,-1,0,,237291
1788459191.642665,83.116361,rx,-1,0.000000,0.000000,0.000000,0.000000,3249,81251,24984,0.000000,0.000000,2.902673,4.534441,0.487062,0,0,0.000000,0.000000,8,10,-1,0,,237291
1788459191.642699,83.116399,tx,-1,0.000000,0.000000,0.000000,0.000000,,,,,,,,,,,,,,,,,aa5501090000000000000000004829,237435
1788459191.694446,83.168134,rx,-1,0.000000,0.000000,0.000000,0.000000,3250,81275,25028,0.000000,0.000000,2.902673,4.534441,0.487062,0,0,0.000000,0.000000,8,10,-1,0,,237435
1788459191.696694,83.170390,rx,-1,0.000000,0.000000,0.000000,0.000000,3251,81301,24984,0.000000,0.000000,2.902673,4.534441,0.487062,0,0,0.000000,0.000000,8,10,-1,0,,237435
1788459191.696759,83.170459,tx,-1,0.000000,0.000000,0.000000,0.000000,,,,,,,,,,,,,,,,,aa5501090000000000000000004829,237579
1788459191.749133,83.222825,rx,-1,0.000000,0.000000,0.000000,0.000000,3252,81326,25004,0.000000,0.000000,2.902673,4.534441,0.487062,0,0,0.000000,0.000000,8,10,-1,0,,237579
1788459191.749228,83.222928,rx,-1,0.000000,0.000000,0.000000,0.000000,3253,81350,25000,0.000000,0.000000,2.902673,4.534441,0.487062,0,0,0.000000,0.000000,8,10,-1,0,,237579
1788459191.749241,83.222941,tx,-1,0.000000,0.000000,0.000000,0.000000,,,,,,,,,,,,,,,,,aa5501090000000000000000004829,237723
1788459191.801606,83.275298,rx,-1,0.000000,0.000000,0.000000,0.000000,3254,81376,25008,0.000000,0.000000,2.902673,4.534441,0.487062,0,0,0.000000,0.000000,8,10,-1,0,,237723
1788459191.803802,83.277497,rx,-1,0.000000,0.000000,0.000000,0.000000,3255,81400,25004,0.000000,0.000000,2.902673,4.534441,0.487062,0,0,0.000000,0.000000,8,10,-1,0,,237723
1788459191.803844,83.277544,tx,-1,0.000000,0.000000,0.000000,0.000000,,,,,,,,,,,,,,,,,aa5501090000000000000000004829,237899
1788459191.856591,83.330288,rx,-1,0.000000,0.000000,0.000000,0.000000,3256,81426,24964,0.000000,0.000000,2.902673,4.534441,0.487062,0,0,0.000000,0.000000,8,10,-1,0,,237899
1788459191.856681,83.330379,rx,-1,0.000000,0.000000,0.000000,0.000000,3257,81451,25004,0.000000,0.000000,2.902673,4.534441,0.487062,0,0,0.000000,0.000000,8,10,-1,0,,237899
1788459191.856742,83.330441,rx,-1,0.000000,0.000000,0.000000,0.000000,3258,81475,25028,0.000000,0.000000,2.902673,4.534441,0.487062,0,0,0.000000,0.000000,8,10,-1,0,,237899
1788459191.856754,83.330454,tx,-1,0.000000,0.000000,0.000000,0.000000,,,,,,,,,,,,,,,,,aa5501090000000000000000004829,238083
1788459191.910320,83.384017,rx,-1,0.000000,0.000000,0.000000,0.000000,3259,81501,24980,0.000000,0.000000,2.902673,4.534441,0.487062,0,0,0.000000,0.000000,8,10,-1,0,,238083
1788459191.912435,83.386133,rx,-1,0.000000,0.000000,0.000000,0.000000,3260,81525,25024,0.000000,0.000000,2.902673,4.534441,0.487062,0,0,0.000000,0.000000,8,10,-1,0,,238083
1788459191.912461,83.386161,tx,-1,0.000000,0.000000,0.000000,0.000000,,,,,,,,,,,,,,,,,aa5501090000000000000000004829,238227
1788459191.966169,83.439858,rx,-1,0.000000,0.000000,0.000000,0.000000,3261,81551,24992,0.000000,0.000000,2.902673,4.534441,0.487062,0,0,0.000000,0.000000,8,10,-1,0,,238227
1788459191.966452,83.440147,rx,-1,0.000000,0.000000,0.000000,0.000000,3262,81575,24968,0.000000,0.000000,2.902673,4.534441,0.487062,0,0,0.000000,0.000000,8,10,-1,0,,238227
1788459191.966498,83.440197,tx,-1,0.000000,0.000000,0.000000,0.000000,,,,,,,,,,,,,,,,,aa5501090000000000000000004829,238371
1788459192.019413,83.493104,rx,-1,0.000000,0.000000,0.000000,0.000000,3263,81600,25000,0.000000,0.000000,2.902673,4.534441,0.487062,0,0,0.000000,0.000000,8,10,-1,0,,238371
1788459192.021829,83.495524,rx,-1,0.000000,0.000000,0.000000,0.000000,3264,81626,25036,0.000000,0.000000,2.902673,4.534441,0.487062,0,0,0.000000,0.000000,8,10,-1,0,,238371
1788459192.021876,83.495576,tx,-1,0.000000,0.000000,0.000000,0.000000,,,,,,,,,,,,,,,,,aa5501090000000000000000004829,238515
1788459192.075169,83.548863,rx,-1,0.000000,0.000000,0.000000,0.000000,3265,81650,24964,0.000000,0.000000,2.902673,4.534441,0.487062,0,0,0.000000,0.000000,8,10,-1,0,,238515
1788459192.075323,83.549020,rx,-1,0.000000,0.000000,0.000000,0.000000,3266,81676,25040,0.000000,0.000000,2.902673,4.534441,0.487062,0,0,0.000000,0.000000,8,10,-1,0,,238515
1788459192.075347,83.549047,tx,-1,0.000000,0.000000,0.000000,0.000000,,,,,,,,,,,,,,,,,aa5501090000000000000000004829,238659
1788459192.128704,83.602396,rx,-1,0.000000,0.000000,0.000000,0.000000,3267,81700,24988,0.000000,0.000000,2.902673,4.534441,0.487062,0,0,0.000000,0.000000,8,10,-1,0,,238659
1788459192.131150,83.604843,rx,-1,0.000000,0.000000,0.000000,0.000000,3268,81726,24988,0.000000,0.000000,2.902673,4.534441,0.487062,0,0,0.000000,0.000000,8,10,-1,0,,238659
1788459192.131200,83.604899,tx,-1,0.000000,0.000000,0.000000,0.000000,,,,,,,,,,,,,,,,,aa5501090000000000000000004829,238803
1788459192.178717,83.652402,rx,-1,0.000000,0.000000,0.000000,0.000000,3269,81751,24992,0.000000,0.000000,2.902673,4.534441,0.487062,0,0,0.000000,0.000000,8,10,-1,0,,238803
1788459192.178910,83.652606,rx,-1,0.000000,0.000000,0.000000,0.000000,3270,81775,25040,0.000000,0.000000,2.902673,4.534441,0.487062,0,0,0.000000,0.000000,8,10,-1,0,,238803
1788459192.178937,83.652637,tx,-1,0.000000,0.000000,0.000000,0.000000,,,,,,,,,,,,,,,,,aa5501090000000000000000004829,238947
1788459192.232916,83.706603,rx,-1,0.000000,0.000000,0.000000,0.000000,3271,81801,24964,0.000000,0.000000,2.902673,4.534441,0.487062,0,0,0.000000,0.000000,8,10,-1,0,,238947
1788459192.235913,83.709609,rx,-1,0.000000,0.000000,0.000000,0.000000,3272,81825,24992,0.000000,0.000000,2.902673,4.534441,0.487062,0,0,0.000000,0.000000,8,10,-1,0,,238947
1788459192.235964,83.709664,tx,-1,0.000000,0.000000,0.000000,0.000000,,,,,,,,,,,,,,,,,aa5501090000000000000000004829,239123
1788459192.288539,83.762196,rx,-1,0.000000,0.000000,0.000000,0.000000,3273,81851,25016,0.000000,0.000000,2.902673,4.534441,0.487062,0,0,0.000000,0.000000,8,10,-1,0,,239123
1788459192.288771,83.762469,rx,-1,0.000000,0.000000,0.000000,0.000000,3274,81875,24992,0.000000,0.000000,2.902673,4.534441,0.487062,0,0,0.000000,0.000000,8,10,-1,0,,239123
1788459192.288827,83.762526,rx,-1,0.000000,0.000000,0.000000,0.000000,3275,81900,24988,0.000000,0.000000,2.902673,4.534441,0.487062,0,0,0.000000,0.000000,8,10,-1,0,,239123
1788459192.288842,83.762541,tx,-1,0.000000,0.000000,0.000000,0.000000,,,,,,,,,,,,,,,,,aa5501090000000000000000004829,239307
1788459192.342914,83.816608,rx,-1,0.000000,0.000000,0.000000,0.000000,3276,81926,25000,0.000000,0.000000,2.902673,4.534441,0.487062,0,0,0.000000,0.000000,8,10,-1,0,,239307
1788459192.345220,83.818917,rx,-1,0.000000,0.000000,0.000000,0.000000,3277,81950,25008,0.000000,0.000000,2.902673,4.534441,0.487062,0,0,0.000000,0.000000,8,10,-1,0,,239307
1788459192.345251,83.818951,tx,-1,0.000000,0.000000,0.000000,0.000000,,,,,,,,,,,,,,,,,aa5501090000000000000000004829,239451
1788459192.398275,83.871968,rx,-1,0.000000,0.000000,0.000000,0.000000,3278,81976,24996,0.000000,0.000000,2.902673,4.534441,0.487062,0,0,0.000000,0.000000,8,10,-1,0,,239451
1788459192.398405,83.872103,rx,-1,0.000000,0.000000,0.000000,0.000000,3279,82000,25016,0.000000,0.000000,2.902673,4.534441,0.487062,0,0,0.000000,0.000000,8,10,-1,0,,239451
1788459192.398459,83.872158,tx,-1,0.000000,0.000000,0.000000,0.000000,,,,,,,,,,,,,,,,,aa5501090000000000000000004829,239650
1788459192.451481,83.925174,rx,-1,0.000000,0.000000,0.000000,0.000000,3280,82026,25028,0.000000,0.000000,2.902673,4.534441,0.487062,0,0,0.000000,0.000000,8,10,-1,0,,239650
1788459192.453923,83.927621,rx,-1,0.000000,0.000000,0.000000,0.000000,3281,82051,24988,0.000000,0.000000,2.902673,4.534441,0.487062,0,0,0.000000,0.000000,8,10,-1,0,,239650
1788459192.453950,83.927650,tx,-1,0.000000,0.000000,0.000000,0.000000,,,,,,,,,,,,,,,,,aa5501090000000000000000004829,239794
1788459192.506008,83.979694,rx,-1,0.000000,0.000000,0.000000,0.000000,3282,82075,24988,0.000000,0.000000,2.902673,4.534441,0.487062,0,0,0.000000,0.000000,8,10,-1,0,,239794
1788459192.506216,83.979913,rx,-1,0.000000,0.000000,0.000000,0.000000,3283,82101,25016,0.000000,0.000000,2.902673,4.534441,0.487062,0,0,0.000000,0.000000,8,10,-1,0,,239794
1788459192.506246,83.979944,tx,-1,0.000000,0.000000,0.000000,0.000000,,,,,,,,,,,,,,,,,aa5501090000000000000000004829,239938
1788459192.559665,84.033343,rx,-1,0.000000,0.000000,0.000000,0.000000,3284,82125,24988,0.000000,0.000000,2.902673,4.534441,0.487062,0,0,0.000000,0.000000,8,10,-1,0,,239938
1788459192.562062,84.035758,rx,-1,0.000000,0.000000,0.000000,0.000000,3285,82151,25020,0.000000,0.000000,2.902673,4.534441,0.487062,0,0,0.000000,0.000000,8,10,-1,0,,239938
1788459192.562109,84.035808,tx,-1,0.000000,0.000000,0.000000,0.000000,,,,,,,,,,,,,,,,,aa5501090000000000000000004829,240114
1788459192.610311,84.084003,rx,-1,0.000000,0.000000,0.000000,0.000000,3286,82176,24976,0.000000,0.000000,2.902673,4.534441,0.487062,0,0,0.000000,0.000000,8,10,-1,0,,240114
1788459192.610506,84.084202,rx,-1,0.000000,0.000000,0.000000,0.000000,3287,82200,24996,0.000000,0.000000,2.902673,4.534441,0.487062,0,0,0.000000,0.000000,8,10,-1,0,,240114
1788459192.610541,84.084240,tx,-1,0.000000,0.000000,0.000000,0.000000,,,,,,,,,,,,,,,,,aa5501090000000000000000004829,240258
1788459192.664342,84.138030,rx,-1,0.000000,0.000000,0.000000,0.000000,3288,82226,24980,0.000000,0.000000,2.902673,4.534441,0.487062,0,0,0.000000,0.000000,8,10,-1,0,,240258
1788459192.667489,84.141179,rx,-1,0.000000,0.000000,0.000000,0.000000,3289,82250,25040,0.000000,0.000000,2.902673,4.534441,0.487062,0,0,0.000000,0.000000,8,10,-1,0,,240258
1788459192.667620,84.141319,tx,-1,0.000000,0.000000,0.000000,0.000000,,,,,,,,,,,,,,,,,aa5501090000000000000000004829,240434
1788459192.715579,84.189263,rx,-1,0.000000,0.000000,0.000000,0.000000,3290,82276,24984,0.000000,0.000000,2.902673,4.534441,0.487062,0,0,0.000000,0.000000,8,10,-1,0,,240434
1788459192.715851,84.189547,rx,-1,0.000000,0.000000,0.000000,0.000000,3291,82300,24988,0.000000,0.000000,2.902673,4.534441,0.487062,0,0,0.000000,0.000000,8,10,-1,0,,240434
1788459192.715907,84.189605,tx,-1,0.000000,0.000000,0.000000,0.000000,,,,,,,,,,,,,,,,,aa5501090000000000000000004829,240578
1788459192.769794,84.243476,rx,-1,0.000000,0.000000,0.000000,0.000000,3292,82325,24996,0.000000,0.000000,2.902673,4.534441,0.487062,0,0,0.000000,0.000000,8,10,-1,0,,240578
1788459192.774202,84.247892,rx,-1,0.000000,0.000000,0.000000,0.000000,3293,82351,25012,0.000000,0.000000,2.902673,4.534441,0.487062,0,0,0.000000,0.000000,8,10,-1,0,,240578
1788459192.774503,84.248197,rx,-1,0.000000,0.000000,0.000000,0.000000,3294,82375,25020,0.000000,0.000000,2.902673,4.534441,0.487062,0,0,0.000000,0.000000,8,10,-1,0,,240578
1788459192.774561,84.248259,tx,-1,0.000000,0.000000,0.000000,0.000000,,,,,,,,,,,,,,,,,aa5501090000000000000000004829,240730
1788459192.822899,84.296579,rx,-1,0.000000,0.000000,0.000000,0.000000,3295,82401,24980,0.000000,0.000000,2.902673,4.534441,0.487062,0,0,0.000000,0.000000,8,10,-1,0,,240730
1788459192.823151,84.296847,rx,-1,0.000000,0.000000,0.000000,0.000000,3296,82425,24984,0.000000,0.000000,2.902673,4.534441,0.487062,0,0,0.000000,0.000000,8,10,-1,0,,240730
1788459192.823176,84.296874,tx,-1,0.000000,0.000000,0.000000,0.000000,,,,,,,,,,,,,,,,,aa5501090000000000000000004829,240874
1788459192.877078,84.350763,rx,-1,0.000000,0.000000,0.000000,0.000000,3297,82451,25028,0.000000,0.000000,2.902673,4.534441,0.487062,0,0,0.000000,0.000000,8,10,-1,0,,240874
1788459192.879539,84.353235,rx,-1,0.000000,0.000000,0.000000,0.000000,3298,82476,24980,0.000000,0.000000,2.902673,4.534441,0.487062,0,0,0.000000,0.000000,8,10,-1,0,,240874
1788459192.879578,84.353277,tx,-1,0.000000,0.000000,0.000000,0.000000,,,,,,,,,,,,,,,,,aa5501090000000000000000004829,241018
1788459192.928100,84.401789,rx,-1,0.000000,0.000000,0.000000,0.000000,3299,82500,24992,0.000000,0.000000,2.902673,4.534441,0.487062,0,0,0.000000,0.000000,8,10,-1,0,,241018
1788459192.928226,84.401924,rx,-1,0.000000,0.000000,0.000000,0.000000,3300,82526,25032,0.000000,0.000000,2.902673,4.534441,0.487062,0,0,0.000000,0.000000,8,10,-1,0,,241018
1788459192.928242,84.401940,tx,-1,0.000000,0.000000,0.000000,0.000000,,,,,,,,,,,,,,,,,aa5501090000000000000000004829,241162
1788459192.981449,84.455137,rx,-1,0.000000,0.000000,0.000000,0.000000,3301,82550,24980,0.000000,0.000000,2.902673,4.534441,0.487062,0,0,0.000000,0.000000,8,10,-1,0,,241162
1788459192.983740,84.457435,rx,-1,0.000000,0.000000,0.000000,0.000000,3302,82576,25024,0.000000,0.000000,2.902673,4.534441,0.487062,0,0,0.000000,0.000000,8,10,-1,0,,241162
1788459192.983781,84.457480,tx,-1,0.000000,0.000000,0.000000,0.000000,,,,,,,,,,,,,,,,,aa5501090000000000000000004829,241306
1788459193.036870,84.510561,rx,-1,0.000000,0.000000,0.000000,0.000000,3303,82600,24980,0.000000,0.000000,2.902673,4.534441,0.487062,0,0,0.000000,0.000000,8,10,-1,0,,241306
1788459193.037067,84.510763,rx,-1,0.000000,0.000000,0.000000,0.000000,3304,82625,25000,0.000000,0.000000,2.902673,4.534441,0.487062,0,0,0.000000,0.000000,8,10,-1,0,,241306
1788459193.037098,84.510796,tx,-1,0.000000,0.000000,0.000000,0.000000,,,,,,,,,,,,,,,,,aa5501090000000000000000004829,241450
1788459193.089988,84.563667,rx,-1,0.000000,0.000000,0.000000,0.000000,3305,82651,24984,0.000000,0.000000,2.902673,4.534441,0.487062,0,0,0.000000,0.000000,8,10,-1,0,,241450
1788459193.093340,84.567034,rx,-1,0.000000,0.000000,0.000000,0.000000,3306,82675,25008,0.000000,0.000000,2.902673,4.534441,0.487062,0,0,0.000000,0.000000,8,10,-1,0,,241450
1788459193.093430,84.567129,tx,-1,0.000000,0.000000,0.000000,0.000000,,,,,,,,,,,,,,,,,aa5501090000000000000000004829,241594
1788459193.140994,84.614680,rx,-1,0.000000,0.000000,0.000000,0.000000,3307,82701,25012,0.000000,0.000000,2.902673,4.534441,0.487062,0,0,0.000000,0.000000,8,10,-1,0,,241594
1788459193.141163,84.614860,rx,-1,0.000000,0.000000,0.000000,0.000000,3308,82725,25000,0.000000,0.000000,2.902673,4.534441,0.487062,0,0,0.000000,0.000000,8,10,-1,0,,241594
1788459193.141192,84.614891,tx,-1,0.000000,0.000000,0.000000,0.000000,,,,,,,,,,,,,,,,,aa5501090000000000000000004829,241770
1788459193.194738,84.668417,rx,-1,0.000000,0.000000,0.000000,0.000000,3309,82751,25008,0.000000,0.000000,2.902673,4.534441,0.487062,0,0,0.000000,0.000000,8,10,-1,0,,241770
1788459193.198251,84.671936,rx,-1,0.000000,0.000000,0.000000,0.000000,3310,82776,25008,0.000000,0.000000,2.902673,4.534441,0.487062,0,0,0.000000,0.000000,8,10,-1,0,,241770
1788459193.198415,84.672113,tx,-1,0.000000,0.000000,0.000000,0.000000,,,,,,,,,,,,,,,,,aa5501090000000000000000004829,241946
1788459193.247054,84.720737,rx,-1,0.000000,0.000000,0.000000,0.000000,3311,82800,24976,0.000000,0.000000,2.902673,4.534441,0.487062,0,0,0.000000,0.000000,8,10,-1,0,,241946
1788459193.247282,84.720979,rx,-1,0.000000,0.000000,0.000000,0.000000,3312,82826,24996,0.000000,0.000000,2.902673,4.534441,0.487062,0,0,0.000000,0.000000,8,10,-1,0,,241946
1788459193.247309,84.721007,tx,-1,0.000000,0.000000,0.000000,0.000000,,,,,,,,,,,,,,,,,aa5501090000000000000000004829,242090
1788459193.300686,84.774379,rx,-1,0.000000,0.000000,0.000000,0.000000,3313,82850,25012,0.000000,0.000000,2.902673,4.534441,0.487062,0,0,0.000000,0.000000,8,10,-1,0,,242090
1788459193.303036,84.776731,rx,-1,0.000000,0.000000,0.000000,0.000000,3314,82876,24992,0.000000,0.000000,2.902673,4.534441,0.487062,0,0,0.000000,0.000000,8,10,-1,0,,242090
1788459193.303169,84.776865,rx,-1,0.000000,0.000000,0.000000,0.000000,3315,82900,24984,0.000000,0.000000,2.902673,4.534441,0.487062,0,0,0.000000,0.000000,8,10,-1,0,,242090
1788459193.303189,84.776888,tx,-1,0.000000,0.000000,0.000000,0.000000,,,,,,,,,,,,,,,,,aa5501090000000000000000004829,242242
1788459193.351342,84.825034,rx,-1,0.000000,0.000000,0.000000,0.000000,3316,82925,25000,0.000000,0.000000,2.902673,4.534441,0.487062,0,0,0.000000,0.000000,8,10,-1,0,,242242
1788459193.351527,84.825223,rx,-1,0.000000,0.000000,0.000000,0.000000,3317,82951,25004,0.000000,0.000000,2.902673,4.534441,0.487062,0,0,0.000000,0.000000,8,10,-1,0,,242242
1788459193.351556,84.825255,tx,-1,0.000000,0.000000,0.000000,0.000000,,,,,,,,,,,,,,,,,aa5501090000000000000000004829,242386
1788459193.404613,84.878296,rx,-1,0.000000,0.000000,0.000000,0.000000,3318,82975,25032,0.000000,0.000000,2.902673,4.534441,0.487062,0,0,0.000000,0.000000,8,10,-1,0,,242386
1788459193.407914,84.881595,rx,-1,0.000000,0.000000,0.000000,0.000000,3319,83001,25000,0.000000,0.000000,2.902673,4.534441,0.487062,0,0,0.000000,0.000000,8,10,-1,0,,242386
1788459193.408197,84.881894,tx,-1,0.000000,0.000000,0.000000,0.000000,,,,,,,,,,,,,,,,,aa5501090000000000000000004829,242585
1788459193.456195,84.929879,rx,-1,0.000000,0.000000,0.000000,0.000000,3320,83025,24992,0.000000,0.000000,2.902673,4.534441,0.487062,0,0,0.000000,0.000000,8,10,-1,0,,242585
1788459193.456318,84.930015,rx,-1,0.000000,0.000000,0.000000,0.000000,3321,83051,25012,0.000000,0.000000,2.902673,4.534441,0.487062,0,0,0.000000,0.000000,8,10,-1,0,,242585
1788459193.456336,84.930034,tx,-1,0.000000,0.000000,0.000000,0.000000,,,,,,,,,,,,,,,,,aa5501090000000000000000004829,242729
1788459193.508869,84.982554,rx,-1,0.000000,0.000000,0.000000,0.000000,3322,83076,25000,0.000000,0.000000,2.902673,4.534441,0.487062,0,0,0.000000,0.000000,8,10,-1,0,,242729
1788459193.511474,84.985163,rx,-1,0.000000,0.000000,0.000000,0.000000,3323,83100,24980,0.000000,0.000000,2.902673,4.534441,0.487062,0,0,0.000000,0.000000,8,10,-1,0,,242729
1788459193.511529,84.985227,tx,-1,0.000000,0.000000,0.000000,0.000000,,,,,,,,,,,,,,,,,aa5501090000000000000000004829,242873
1788459193.563773,85.037463,rx,-1,0.000000,0.000000,0.000000,0.000000,3324,83126,24992,0.000000,0.000000,2.902673,4.534441,0.487062,0,0,0.000000,0.000000,8,10,-1,0,,242873
1788459193.563866,85.037563,rx,-1,0.000000,0.000000,0.000000,0.000000,3325,83150,25020,0.000000,0.000000,2.902673,4.534441,0.487062,0,0,0.000000,0.000000,8,10,-1,0,,242873
1788459193.563881,85.037580,tx,-1,0.000000,0.000000,0.000000,0.000000,,,,,,,,,,,,,,,,,aa5501090000000000000000004829,243017
1788459193.615494,85.089184,rx,-1,0.000000,0.000000,0.000000,0.000000,3326,83176,24988,0.000000,0.000000,2.902673,4.534441,0.487062,0,0,0.000000,0.000000,8,10,-1,0,,243017
1788459193.617989,85.091685,rx,-1,0.000000,0.000000,0.000000,0.000000,3327,83201,24980,0.000000,0.000000,2.902673,4.534441,0.487062,0,0,0.000000,0.000000,8,10,-1,0,,243017
1788459193.618029,85.091728,tx,-1,0.000000,0.000000,0.000000,0.000000,,,,,,,,,,,,,,,,,aa5501090000000000000000004829,243161
1788459193.671061,85.144755,rx,-1,0.000000,0.000000,0.000000,0.000000,3328,83225,25048,0.000000,0.000000,2.902673,4.534441,0.487062,0,0,0.000000,0.000000,8,10,-1,0,,243161
1788459193.671153,85.144851,rx,-1,0.000000,0.000000,0.000000,0.000000,3329,83251,24956,0.000000,0.000000,2.902673,4.534441,0.487062,0,0,0.000000,0.000000,8,10,-1,0,,243161
1788459193.671167,85.144865,tx,-1,0.000000,0.000000,0.000000,0.000000,,,,,,,,,,,,,,,,,aa5501090000000000000000004829,243305
1788459193.723422,85.197112,rx,-1,0.000000,0.000000,0.000000,0.000000,3330,83275,25024,0.000000,0.000000,2.902673,4.534441,0.487062,0,0,0.000000,0.000000,8,10,-1,0,,243305
1788459193.725507,85.199201,rx,-1,0.000000,0.000000,0.000000,0.000000,3331,83301,25016,0.000000,0.000000,2.902673,4.534441,0.487062,0,0,0.000000,0.000000,8,10,-1,0,,243305
1788459193.725555,85.199253,tx,-1,0.000000,0.000000,0.000000,0.000000,,,,,,,,,,,,,,,,,aa5501090000000000000000004829,243481
1788459193.778987,85.252680,rx,-1,0.000000,0.000000,0.000000,0.000000,3332,83325,24992,0.000000,0.000000,2.902673,4.534441,0.487062,0,0,0.000000,0.000000,8,10,-1,0,,243481
1788459193.779086,85.252784,rx,-1,0.000000,0.000000,0.000000,0.000000,3333,83350,24968,0.000000,0.000000,2.902673,4.534441,0.487062,0,0,0.000000,0.000000,8,10,-1,0,,243481
1788459193.779142,85.252839,rx,-1,0.000000,0.000000,0.000000,0.000000,3334,83376,25004,0.000000,0.000000,2.902673,4.534441,0.487062,0,0,0.000000,0.000000,8,10,-1,0,,243481
1788459193.779155,85.252853,tx,-1,0.000000,0.000000,0.000000,0.000000,,,,,,,,,,,,,,,,,aa5501090000000000000000004829,243665
1788459193.832079,85.305772,rx,-1,0.000000,0.000000,0.000000,0.000000,3335,83400,25032,0.000000,0.000000,2.902673,4.534441,0.487062,0,0,0.000000,0.000000,8,10,-1,0,,243665
1788459193.833943,85.307640,rx,-1,0.000000,0.000000,0.000000,0.000000,3336,83426,24976,0.000000,0.000000,2.902673,4.534441,0.487062,0,0,0.000000,0.000000,8,10,-1,0,,243665
1788459193.833965,85.307664,tx,-1,0.000000,0.000000,0.000000,0.000000,,,,,,,,,,,,,,,,,aa5501090000000000000000004829,243809
1788459193.886698,85.360392,rx,-1,0.000000,0.000000,0.000000,0.000000,3337,83450,24984,0.000000,0.000000,2.902673,4.534441,0.487062,0,0,0.000000,0.000000,8,10,-1,0,,243809
1788459193.886794,85.360491,rx,-1,0.000000,0.000000,0.000000,0.000000,3338,83476,25012,0.000000,0.000000,2.902673,4.534441,0.487062,0,0,0.000000,0.000000,8,10,-1,0,,243809
1788459193.886806,85.360505,tx,-1,0.000000,0.000000,0.000000,0.000000,,,,,,,,,,,,,,,,,aa5501090000000000000000004829,243953
1788459193.939597,85.413290,rx,-1,0.000000,0.000000,0.000000,0.000000,3339,83501,24996,0.000000,0.000000,2.902673,4.534441,0.487062,0,0,0.000000,0.000000,8,10,-1,0,,243953
1788459193.941715,85.415410,rx,-1,0.000000,0.000000,0.000000,0.000000,3340,83525,25024,0.000000,0.000000,2.902673,4.534441,0.487062,0,0,0.000000,0.000000,8,10,-1,0,,243953
1788459193.941744,85.415442,tx,-1,0.000000,0.000000,0.000000,0.000000,,,,,,,,,,,,,,,,,aa5501090000000000000000004829,244097
1788459193.995168,85.468862,rx,-1,0.000000,0.000000,0.000000,0.000000,3341,83551,24992,0.000000,0.000000,2.902673,4.534441,0.487062,0,0,0.000000,0.000000,8,10,-1,0,,244097
1788459193.995282,85.468979,rx,-1,0.000000,0.000000,0.000000,0.000000,3342,83575,24976,0.000000,0.000000,2.902673,4.534441,0.487062,0,0,0.000000,0.000000,8,10,-1,0,,244097
1788459193.995300,85.468998,tx,-1,0.000000,0.000000,0.000000,0.000000,,,,,,,,,,,,,,,,,aa5501090000000000000000004829,244241
1788459194.048644,85.522336,rx,-1,0.000000,0.000000,0.000000,0.000000,3343,83601,25040,0.000000,0.000000,2.902673,4.534441,0.487062,0,0,0.000000,0.000000,8,10,-1,0,,244241
1788459194.050755,85.524448,rx,-1,0.000000,0.000000,0.000000,0.000000,3344,83625,24972,0.000000,0.000000,2.902673,4.534441,0.487062,0,0,0.000000,0.000000,8,10,-1,0,,244241
1788459194.050801,85.524499,tx,-1,0.000000,0.000000,0.000000,0.000000,,,,,,,,,,,,,,,,,aa5501090000000000000000004829,244385
1788459194.098969,85.572657,rx,-1,0.000000,0.000000,0.000000,0.000000,3345,83650,24988,0.000000,0.000000,2.902673,4.534441,0.487062,0,0,0.000000,0.000000,8,10,-1,0,,244385
1788459194.099195,85.572890,rx,-1,0.000000,0.000000,0.000000,0.000000,3346,83676,25032,0.000000,0.000000,2.902673,4.534441,0.487062,0,0,0.000000,0.000000,8,10,-1,0,,244385
1788459194.099227,85.572925,tx,-1,0.000000,0.000000,0.000000,0.000000,,,,,,,,,,,,,,,,,aa5501090000000000000000004829,244529
1788459194.152549,85.626232,rx,-1,0.000000,0.000000,0.000000,0.000000,3347,83700,24988,0.000000,0.000000,2.902673,4.534441,0.487062,0,0,0.000000,0.000000,8,10,-1,0,,244529
1788459194.157546,85.631231,rx,-1,0.000000,0.000000,0.000000,0.000000,3348,83726,25024,0.000000,0.000000,2.902673,4.534441,0.487062,0,0,0.000000,0.000000,8,10,-1,0,,244529
1788459194.157683,85.631380,tx,-1,0.000000,0.000000,0.000000,0.000000,,,,,,,,,,,,,,,,,aa5501090000000000000000004829,244673
1788459194.205733,85.679424,rx,-1,0.000000,0.000000,0.000000,0.000000,3349,83750,24980,0.000000,0.000000,2.902673,4.534441,0.487062,0,0,0.000000,0.000000,8,10,-1,0,,244673
1788459194.205879,85.679575,rx,-1,0.000000,0.000000,0.000000,0.000000,3350,83775,24976,0.000000,0.000000,2.902673,4.534441,0.487062,0,0,0.000000,0.000000,8,10,-1,0,,244673
1788459194.205907,85.679605,tx,-1,0.000000,0.000000,0.000000,0.000000,,,,,,,,,,,,,,,,,aa5501090000000000000000004829,244881
1788459194.259408,85.733072,rx,-1,0.000000,0.000000,0.000000,0.000000,3351,83801,25032,0.000000,0.000000,2.902673,4.534441,0.487062,0,0,0.000000,0.000000,8,10,-1,0,,244881
1788459194.262373,85.736067,rx,-1,0.000000,0.000000,0.000000,0.000000,3352,83825,24992,0.000000,0.000000,2.902673,4.534441,0.487062,0,0,0.000000,0.000000,8,10,-1,0,,244881
1788459194.262493,85.736190,rx,-1,0.000000,0.000000,0.000000,0.000000,3353,83851,24980,0.000000,0.000000,2.902673,4.534441,0.487062,0,0,0.000000,0.000000,8,10,-1,0,,244881
1788459194.262506,85.736204,tx,-1,0.000000,0.000000,0.000000,0.000000,,,,,,,,,,,,,,,,,aa5501090000000000000000004829,245033
1788459194.310918,85.784601,rx,-1,0.000000,0.000000,0.000000,0.000000,3354,83875,25036,0.000000,0.000000,2.902673,4.534441,0.487062,0,0,0.000000,0.000000,8,10,-1,0,,245033
1788459194.311116,85.784811,rx,-1,0.000000,0.000000,0.000000,0.000000,3355,83901,24972,0.000000,0.000000,2.902673,4.534441,0.487062,0,0,0.000000,0.000000,8,10,-1,0,,245033
1788459194.311146,85.784843,tx,-1,0.000000,0.000000,0.000000,0.000000,,,,,,,,,,,,,,,,,aa5501090000000000000000004829,245177
1788459194.364614,85.838298,rx,-1,0.000000,0.000000,0.000000,0.000000,3356,83926,25028,0.000000,0.000000,2.902673,4.534441,0.487062,0,0,0.000000,0.000000,8,10,-1,0,,245177
1788459194.366967,85.840662,rx,-1,0.000000,0.000000,0.000000,0.000000,3357,83950,24996,0.000000,0.000000,2.902673,4.534441,0.487062,0,0,0.000000,0.000000,8,10,-1,0,,245177
1788459194.367004,85.840702,tx,-1,0.000000,0.000000,0.000000,0.000000,,,,,,,,,,,,,,,,,aa5501090000000000000000004829,245321
1788459194.419157,85.892841,rx,-1,0.000000,0.000000,0.000000,0.000000,3358,83976,24964,0.000000,0.000000,2.902673,4.534441,0.487062,0,0,0.000000,0.000000,8,10,-1,0,,245321
1788459194.419326,85.893023,rx,-1,0.000000,0.000000,0.000000,0.000000,3359,84000,25028,0.000000,0.000000,2.902673,4.534441,0.487062,0,0,0.000000,0.000000,8,10,-1,0,,245321
1788459194.419378,85.893074,tx,-1,0.000000,0.000000,0.000000,0.000000,,,,,,,,,,,,,,,,,aa5501090000000000000000004829,245520
1788459194.471308,85.944997,rx,-1,0.000000,0.000000,0.000000,0.000000,3360,84026,24984,0.000000,0.000000,2.902673,4.534441,0.487062,0,0,0.000000,0.000000,8,10,-1,0,,245520
1788459194.473873,85.947563,rx,-1,0.000000,0.000000,0.000000,0.000000,3361,84050,25028,0.000000,0.000000,2.902673,4.534441,0.487062,0,0,0.000000,0.000000,8,10,-1,0,,245520
1788459194.473952,85.947650,tx,-1,0.000000,0.000000,0.000000,0.000000,,,,,,,,,,,,,,,,,aa5501090000000000000000004829,245664
1788459194.525223,85.998913,rx,-1,0.000000,0.000000,0.000000,0.000000,3362,84075,24980,0.000000,0.000000,2.902673,4.534441,0.487062,0,0,0.000000,0.000000,8,10,-1,0,,245664
1788459194.525315,85.999011,rx,-1,0.000000,0.000000,0.000000,0.000000,3363,84101,24996,0.000000,0.000000,2.902673,4.534441,0.487062,0,0,0.000000,0.000000,8,10,-1,0,,245664
1788459194.525327,85.999024,tx,-1,0.000000,0.000000,0.000000,0.000000,,,,,,,,,,,,,,,,,aa5501090000000000000000004829,245808
1788459194.578420,86.052112,rx,-1,0.000000,0.000000,0.000000,0.000000,3364,84125,24988,0.000000,0.000000,2.902673,4.534441,0.487062,0,0,0.000000,0.000000,8,10,-1,0,,245808
1788459194.580535,86.054229,rx,-1,0.000000,0.000000,0.000000,0.000000,3365,84151,25024,0.000000,0.000000,2.902673,4.534441,0.487062,0,0,0.000000,0.000000,8,10,-1,0,,245808
1788459194.580577,86.054275,tx,-1,0.000000,0.000000,0.000000,0.000000,,,,,,,,,,,,,,,,,aa5501090000000000000000004829,245952
1788459194.633233,86.106925,rx,-1,0.000000,0.000000,0.000000,0.000000,3366,84175,24988,0.000000,0.000000,2.902673,4.534441,0.487062,0,0,0.000000,0.000000,8,10,-1,0,,245952
1788459194.633361,86.107057,rx,-1,0.000000,0.000000,0.000000,0.000000,3367,84201,25020,0.000000,0.000000,2.902673,4.534441,0.487062,0,0,0.000000,0.000000,8,10,-1,0,,245952
1788459194.633387,86.107084,tx,-1,0.000000,0.000000,0.000000,0.000000,,,,,,,,,,,,,,,,,aa5501090000000000000000004829,246128
1788459194.686405,86.160097,rx,-1,0.000000,0.000000,0.000000,0.000000,3368,84226,24976,0.000000,0.000000,2.902673,4.534441,0.487062,0,0,0.000000,0.000000,8,10,-1,0,,246128
1788459194.688969,86.162664,rx,-1,0.000000,0.000000,0.000000,0.000000,3369,84250,24996,0.000000,0.000000,2.902673,4.534441,0.487062,0,0,0.000000,0.000000,8,10,-1,0,,246128
1788459194.689005,86.162702,tx,-1,0.000000,0.000000,0.000000,0.000000,,,,,,,,,,,,,,,,,aa5501090000000000000000004829,246304
1788459194.737267,86.210950,rx,-1,0.000000,0.000000,0.000000,0.000000,3370,84276,25012,0.000000,0.000000,2.902673,4.534441,0.487062,0,0,0.000000,0.000000,8,10,-1,0,,246304
1788459194.737471,86.211166,rx,-1,0.000000,0.000000,0.000000,0.000000,3371,84300,24988,0.000000,0.000000,2.902673,4.534441,0.487062,0,0,0.000000,0.000000,8,10,-1,0,,246304
1788459194.737511,86.211208,tx,-1,0.000000,0.000000,0.000000,0.000000,,,,,,,,,,,,,,,,,aa5501090000000000000000004829,246448
1788459194.791386,86.265071,rx,-1,0.000000,0.000000,0.000000,0.000000,3372,84326,25004,0.000000,0.000000,2.902673,4.534441,0.487062,0,0,0.000000,0.000000,8,10,-1,0,,246448
1788459194.795204,86.268888,rx,-1,0.000000,0.000000,0.000000,0.000000,3373,84350,25000,0.000000,0.000000,2.902673,4.534441,0.487062,0,0,0.000000,0.000000,8,10,-1,0,,246448
1788459194.795486,86.269178,rx,-1,0.000000,0.000000,0.000000,0.000000,3374,84375,25008,0.000000,0.000000,2.902673,4.534441,0.487062,0,0,0.000000,0.000000,8,10,-1,0,,246448
1788459194.795525,86.269222,tx,-1,0.000000,0.000000,0.000000,0.000000,,,,,,,,,,,,,,,,,aa5501090000000000000000004829,246600
1788459194.843612,86.317292,rx,-1,0.000000,0.000000,0.000000,0.000000,3375,84401,25008,0.000000,0.000000,2.902673,4.534441,0.487062,0,0,0.000000,0.000000,8,10,-1,0,,246600
1788459194.844047,86.317733,rx,-1,0.000000,0.000000,0.000000,0.000000,3376,84425,25016,0.000000,0.000000,2.902673,4.534441,0.487062,0,0,0.000000,0.000000,8,10,-1,0,,246600
1788459194.844127,86.317822,tx,-1,0.000000,0.000000,0.000000,0.000000,,,,,,,,,,,,,,,,,aa5501090000000000000000004829,246744
1788459194.899136,86.372810,rx,-1,0.000000,0.000000,0.000000,0.000000,3377,84451,24996,0.000000,0.000000,2.902673,4.534441,0.487062,0,0,0.000000,0.000000,8,10,-1,0,,246744
1788459194.902195,86.375883,rx,-1,0.000000,0.000000,0.000000,0.000000,3378,84475,24980,0.000000,0.000000,2.902673,4.534441,0.487062,0,0,0.000000,0.000000,8,10,-1,0,,246744
1788459194.902285,86.375982,tx,-1,0.000000,0.000000,0.000000,0.000000,,,,,,,,,,,,,,,,,aa5501090000000000000000004829,246888
1788459194.951142,86.424826,rx,-1,0.000000,0.000000,0.000000,0.000000,3379,84501,25028,0.000000,0.000000,2.902673,4.534441,0.487062,0,0,0.000000,0.000000,8,10,-1,0,,246888
1788459194.951372,86.425065,rx,-1,0.000000,0.000000,0.000000,0.000000,3380,84526,24984,0.000000,0.000000,2.902673,4.534441,0.487062,0,0,0.000000,0.000000,8,10,-1,0,,246888
1788459194.951411,86.425107,tx,-1,0.000000,0.000000,0.000000,0.000000,,,,,,,,,,,,,,,,,aa5501090000000000000000004829,247032
1788459195.005539,86.479218,rx,-1,0.000000,0.000000,0.000000,0.000000,3381,84550,24988,0.000000,0.000000,2.902673,4.534441,0.487062,0,0,0.000000,0.000000,8,10,-1,0,,247032
1788459195.010169,86.483857,rx,-1,0.000000,0.000000,0.000000,0.000000,3382,84576,25020,0.000000,0.000000,2.902673,4.534441,0.487062,0,0,0.000000,0.000000,8,10,-1,0,,247032
1788459195.010274,86.483970,tx,-1,0.000000,0.000000,0.000000,0.000000,,,,,,,,,,,,,,,,,aa5501090000000000000000004829,247176
1788459195.058998,86.532672,rx,-1,0.000000,0.000000,0.000000,0.000000,3383,84600,24992,0.000000,0.000000,2.902673,4.534441,0.487062,0,0,0.000000,0.000000,8,10,-1,0,,247176
1788459195.059299,86.532994,rx,-1,0.000000,0.000000,0.000000,0.000000,3384,84626,25012,0.000000,0.000000,2.902673,4.534441,0.487062,0,0,0.000000,0.000000,8,10,-1,0,,247176
1788459195.059326,86.533023,tx,-1,0.000000,0.000000,0.000000,0.000000,,,,,,,,,,,,,,,,,aa5501090000000000000000004829,247320
1788459195.113032,86.586715,rx,-1,0.000000,0.000000,0.000000,0.000000,3385,84651,25000,0.000000,0.000000,2.902673,4.534441,0.487062,0,0,0.000000,0.000000,8,10,-1,0,,247320
1788459195.116938,86.590619,rx,-1,0.000000,0.000000,0.000000,0.000000,3386,84675,25000,0.000000,0.000000,2.902673,4.534441,0.487062,0,0,0.000000,0.000000,8,10,-1,0,,247320
1788459195.117063,86.590759,tx,-1,0.000000,0.000000,0.000000,0.000000,,,,,,,,,,,,,,,,,aa5501090000000000000000004829,247464
1788459195.165509,86.639186,rx,-1,0.000000,0.000000,0.000000,0.000000,3387,84701,24996,0.000000,0.000000,2.902673,4.534441,0.487062,0,0,0.000000,0.000000,8,10,-1,0,,247464
1788459195.165799,86.639492,rx,-1,0.000000,0.000000,0.000000,0.000000,3388,84725,24976,0.000000,0.000000,2.902673,4.534441,0.487062,0,0,0.000000,0.000000,8,10,-1,0,,247464
1788459195.165845,86.639541,tx,-1,0.000000,0.000000,0.000000,0.000000,,,,,,,,,,,,,,,,,aa5501090000000000000000004829,247640
1788459195.219363,86.693048,rx,-1,0.000000,0.000000,0.000000,0.000000,3389,84751,24988,0.000000,0.000000,2.902673,4.534441,0.487062,0,0,0.000000,0.000000,8,10,-1,0,,247640
1788459195.222675,86.696363,rx,-1,0.000000,0.000000,0.000000,0.000000,3390,84775,25032,0.000000,0.000000,2.902673,4.534441,0.487062,0,0,0.000000,0.000000,8,10,-1,0,,247640
1788459195.222832,86.696529,tx,-1,0.000000,0.000000,0.000000,0.000000,,,,,,,,,,,,,,,,,aa5501090000000000000000004829,247816
1788459195.271517,86.745200,rx,-1,0.000000,0.000000,0.000000,0.000000,3391,84800,24964,0.000000,0.000000,2.902673,4.534441,0.487062,0,0,0.000000,0.000000,8,10,-1,0,,247816
1788459195.271754,86.745446,rx,-1,0.000000,0.000000,0.000000,0.000000,3392,84826,25004,0.000000,0.000000,2.902673,4.534441,0.487062,0,0,0.000000,0.000000,8,10,-1,0,,247816
1788459195.271867,86.745563,rx,-1,0.000000,0.000000,0.000000,0.000000,3393,84850,25028,0.000000,0.000000,2.902673,4.534441,0.487062,0,0,0.000000,0.000000,8,10,-1,0,,247816
1788459195.271880,86.745577,tx,-1,0.000000,0.000000,0.000000,0.000000,,,,,,,,,,,,,,,,,aa5501090000000000000000004829,247968
1788459195.325495,86.799181,rx,-1,0.000000,0.000000,0.000000,0.000000,3394,84876,24988,0.000000,0.000000,2.902673,4.534441,0.487062,0,0,0.000000,0.000000,8,10,-1,0,,247968
1788459195.327992,86.801678,rx,-1,0.000000,0.000000,0.000000,0.000000,3395,84900,25020,0.000000,0.000000,2.902673,4.534441,0.487062,0,0,0.000000,0.000000,8,10,-1,0,,247968
1788459195.328115,86.801812,tx,-1,0.000000,0.000000,0.000000,0.000000,,,,,,,,,,,,,,,,,aa5501090000000000000000004829,248112
1788459195.376244,86.849927,rx,-1,0.000000,0.000000,0.000000,0.000000,3396,84926,24972,0.000000,0.000000,2.902673,4.534441,0.487062,0,0,0.000000,0.000000,8,10,-1,0,,248112
1788459195.376515,86.850208,rx,-1,0.000000,0.000000,0.000000,0.000000,3397,84951,24996,0.000000,0.000000,2.902673,4.534441,0.487062,0,0,0.000000,0.000000,8,10,-1,0,,248112
1788459195.376572,86.850268,tx,-1,0.000000,0.000000,0.000000,0.000000,,,,,,,,,,,,,,,,,aa5501090000000000000000004829,248256
1788459195.430305,86.903994,rx,-1,0.000000,0.000000,0.000000,0.000000,3398,84975,25048,0.000000,0.000000,2.902673,4.534441,0.487062,0,0,0.000000,0.000000,8,10,-1,0,,248256
1788459195.432905,86.906597,rx,-1,0.000000,0.000000,0.000000,0.000000,3399,85001,24956,0.000000,0.000000,2.902673,4.534441,0.487062,0,0,0.000000,0.000000,8,10,-1,0,,248256
1788459195.433018,86.906714,tx,-1,0.000000,0.000000,0.000000,0.000000,,,,,,,,,,,,,,,,,aa5501090000000000000000004829,248455
1788459195.481442,86.955120,rx,-1,0.000000,0.000000,0.000000,0.000000,3400,85025,25024,0.000000,0.000000,2.902673,4.534441,0.487062,0,0,0.000000,0.000000,8,10,-1,0,,248455
1788459195.481706,86.955399,rx,-1,0.000000,0.000000,0.000000,0.000000,3401,85051,24992,0.000000,0.000000,2.902673,4.534441,0.487062,0,0,0.000000,0.000000,8,10,-1,0,,248455
1788459195.481738,86.955434,tx,-1,0.000000,0.000000,0.000000,0.000000,,,,,,,,,,,,,,,,,aa5501090000000000000000004829,248599
1788459195.536032,87.009689,rx,-1,0.000000,0.000000,0.000000,0.000000,3402,85075,24992,0.000000,0.000000,2.902673,4.534441,0.487062,0,0,0.000000,0.000000,8,10,-1,0,,248599
1788459195.539544,87.013233,rx,-1,0.000000,0.000000,0.000000,0.000000,3403,85100,25000,0.000000,0.000000,2.902673,4.534441,0.487062,0,0,0.000000,0.000000,8,10,-1,0,,248599
1788459195.539647,87.013343,tx,-1,0.000000,0.000000,0.000000,0.000000,,,,,,,,,,,,,,,,,aa5501090000000000000000004829,248743
1788459195.588062,87.061747,rx,-1,0.000000,0.000000,0.000000,0.000000,3404,85126,25004,0.000000,0.000000,2.902673,4.534441,0.487062,0,0,0.000000,0.000000,8,10,-1,0,,248743
1788459195.588322,87.062016,rx,-1,0.000000,0.000000,0.000000,0.000000,3405,85150,24976,0.000000,0.000000,2.902673,4.534441,0.487062,0,0,0.000000,0.000000,8,10,-1,0,,248743
1788459195.588364,87.062060,tx,-1,0.000000,0.000000,0.000000,0.000000,,,,,,,,,,,,,,,,,aa5501090000000000000000004829,248887
1788459195.642102,87.115787,rx,-1,0.000000,0.000000,0.000000,0.000000,3406,85176,25032,0.000000,0.000000,2.902673,4.534441,0.487062,0,0,0.000000,0.000000,8,10,-1,0,,248887
1788459195.645255,87.118943,rx,-1,0.000000,0.000000,0.000000,0.000000,3407,85200,24980,0.000000,0.000000,2.902673,4.534441,0.487062,0,0,0.000000,0.000000,8,10,-1,0,,248887
1788459195.645382,87.119078,tx,-1,0.000000,0.000000,0.000000,0.000000,,,,,,,,,,,,,,,,,aa5501090000000000000000004829,249031
1788459195.692903,87.166592,rx,-1,0.000000,0.000000,0.000000,0.000000,3408,85226,25016,0.000000,0.000000,2.902673,4.534441,0.487062,0,0,0.000000,0.000000,8,10,-1,0,,249031
1788459195.693131,87.166825,rx,-1,0.000000,0.000000,0.000000,0.000000,3409,85251,24996,0.000000,0.000000,2.902673,4.534441,0.487062,0,0,0.000000,0.000000,8,10,-1,0,,249031
1788459195.693163,87.166858,tx,-1,0.000000,0.000000,0.000000,0.000000,,,,,,,,,,,,,,,,,aa5501090000000000000000004829,249175
1788459195.744589,87.218273,rx,-1,0.000000,0.000000,0.000000,0.000000,3410,85275,24988,0.000000,0.000000,2.902673,4.534441,0.487062,0,0,0.000000,0.000000,8,10,-1,0,,249175
1788459195.747485,87.221164,rx,-1,0.000000,0.000000,0.000000,0.000000,3411,85301,25028,0.000000,0.000000,2.902673,4.534441,0.487062,0,0,0.000000,0.000000,8,10,-1,0,,249175
1788459195.747614,87.221310,tx,-1,0.000000,0.000000,0.000000,0.000000,,,,,,,,,,,,,,,,,aa5501090000000000000000004829,249319
1788459195.799038,87.272720,rx,-1,0.000000,0.000000,0.000000,0.000000,3412,85325,25000,0.000000,0.000000,2.902673,4.534441,0.487062,0,0,0.000000,0.000000,8,10,-1,0,,249319
1788459195.799196,87.272891,rx,-1,0.000000,0.000000,0.000000,0.000000,3413,85351,24964,0.000000,0.000000,2.902673,4.534441,0.487062,0,0,0.000000,0.000000,8,10,-1,0,,249319
1788459195.799221,87.272917,tx,-1,0.000000,0.000000,0.000000,0.000000,,,,,,,,,,,,,,,,,aa5501090000000000000000004829,249527
1788459195.851930,87.325616,rx,-1,0.000000,0.000000,0.000000,0.000000,3414,85376,25024,0.000000,0.000000,2.902673,4.534441,0.487062,0,0,0.000000,0.000000,8,10,-1,0,,249527
1788459195.854239,87.327930,rx,-1,0.000000,0.000000,0.000000,0.000000,3415,85400,25016,0.000000,0.000000,2.902673,4.534441,0.487062,0,0,0.000000,0.000000,8,10,-1,0,,249527
1788459195.854305,87.328001,tx,-1,0.000000,0.000000,0.000000,0.000000,,,,,,,,,,,,,,,,,aa5501090000000000000000004829,249671
1788459195.906156,87.379839,rx,-1,0.000000,0.000000,0.000000,0.000000,3416,85426,24992,0.000000,0.000000,2.902673,4.534441,0.487062,0,0,0.000000,0.000000,8,10,-1,0,,249671
1788459195.906298,87.379993,rx,-1,0.000000,0.000000,0.000000,0.000000,3417,85450,24976,0.000000,0.000000,2.902673,4.534441,0.487062,0,0,0.000000,0.000000,8,10,-1,0,,249671
1788459195.906351,87.380046,rx,-1,0.000000,0.000000,0.000000,0.000000,3418,85476,25028,0.000000,0.000000,2.902673,4.534441,0.487062,0,0,0.000000,0.000000,8,10,-1,0,,249671
1788459195.906363,87.380059,tx,-1,0.000000,0.000000,0.000000,0.000000,,,,,,,,,,,,,,,,,aa5501090000000000000000004829,249823
1788459195.959823,87.433511,rx,-1,0.000000,0.000000,0.000000,0.000000,3419,85500,24992,0.000000,0.000000,2.902673,4.534441,0.487062,0,0,0.000000,0.000000,8,10,-1,0,,249823
1788459195.962067,87.435759,rx,-1,0.000000,0.000000,0.000000,0.000000,3420,85525,24968,0.000000,0.000000,2.902673,4.534441,0.487062,0,0,0.000000,0.000000,8,10,-1,0,,249823
1788459195.962115,87.435811,tx,-1,0.000000,0.000000,0.000000,0.000000,,,,,,,,,,,,,,,,,aa5501090000000000000000004829,249967
1788459196.015209,87.488901,rx,-1,0.000000,0.000000,0.000000,0.000000,3421,85551,25040,0.000000,0.000000,2.902673,4.534441,0.487062,0,0,0.000000,0.000000,8,10,-1,0,,249967
1788459196.015290,87.488985,rx,-1,0.000000,0.000000,0.000000,0.000000,3422,85575,24984,0.000000,0.000000,2.902673,4.534441,0.487062,0,0,0.000000,0.000000,8,10,-1,0,,249967
1788459196.015301,87.488997,tx,-1,0.000000,0.000000,0.000000,0.000000,,,,,,,,,,,,,,,,,aa5501090000000000000000004829,250111
1788459196.068321,87.542012,rx,-1,0.000000,0.000000,0.000000,0.000000,3423,85601,24984,0.000000,0.000000,2.902673,4.534441,0.487062,0,0,0.000000,0.000000,8,10,-1,0,,250111
1788459196.070192,87.543886,rx,-1,0.000000,0.000000,0.000000,0.000000,3424,85625,24992,0.000000,0.000000,2.902673,4.534441,0.487062,0,0,0.000000,0.000000,8,10,-1,0,,250111
1788459196.070212,87.543909,tx,-1,0.000000,0.000000,0.000000,0.000000,,,,,,,,,,,,,,,,,aa5501090000000000000000004829,250255
1788459196.123755,87.597446,rx,-1,0.000000,0.000000,0.000000,0.000000,3425,85651,25024,0.000000,0.000000,2.902673,4.534441,0.487062,0,0,0.000000,0.000000,8,10,-1,0,,250255
1788459196.123867,87.597561,rx,-1,0.000000,0.000000,0.000000,0.000000,3426,85676,24976,0.000000,0.000000,2.902673,4.534441,0.487062,0,0,0.000000,0.000000,8,10,-1,0,,250255
1788459196.123883,87.597579,tx,-1,0.000000,0.000000,0.000000,0.000000,,,,,,,,,,,,,,,,,aa5501090000000000000000004829,250399
1788459196.177063,87.650756,rx,-1,0.000000,0.000000,0.000000,0.000000,3427,85700,25052,0.000000,0.000000,2.902673,4.534441,0.487062,0,0,0.000000,0.000000,8,10,-1,0,,250399
1788459196.178903,87.652597,rx,-1,0.000000,0.000000,0.000000,0.000000,3428,85726,24964,0.000000,0.000000,2.902673,4.534441,0.487062,0,0,0.000000,0.000000,8,10,-1,0,,250399
1788459196.178936,87.652632,tx,-1,0.000000,0.000000,0.000000,0.000000,,,,,,,,,,,,,,,,,aa5501090000000000000000004829,250575
1788459196.232553,87.706245,rx,-1,0.000000,0.000000,0.000000,0.000000,3429,85750,25012,0.000000,0.000000,2.902673,4.534441,0.487062,0,0,0.000000,0.000000,8,10,-1,0,,250575
1788459196.232672,87.706367,rx,-1,0.000000,0.000000,0.000000,0.000000,3430,85776,25000,0.000000,0.000000,2.902673,4.534441,0.487062,0,0,0.000000,0.000000,8,10,-1,0,,250575
1788459196.232750,87.706444,rx,-1,0.000000,0.000000,0.000000,0.000000,3431,85800,24976,0.000000,0.000000,2.902673,4.534441,0.487062,0,0,0.000000,0.000000,8,10,-1,0,,250575
1788459196.232765,87.706461,tx,-1,0.000000,0.000000,0.000000,0.000000,,,,,,,,,,,,,,,,,aa5501090000000000000000004829,250759
1788459196.286052,87.759743,rx,-1,0.000000,0.000000,0.000000,0.000000,3432,85825,25032,0.000000,0.000000,2.902673,4.534441,0.487062,0,0,0.000000,0.000000,8,10,-1,0,,250759
1788459196.288295,87.761989,rx,-1,0.000000,0.000000,0.000000,0.000000,3433,85851,24984,0.000000,0.000000,2.902673,4.534441,0.487062,0,0,0.000000,0.000000,8,10,-1,0,,250759
1788459196.288327,87.762023,tx,-1,0.000000,0.000000,0.000000,0.000000,,,,,,,,,,,,,,,,,aa5501090000000000000000004829,250903
1788459196.341474,87.815162,rx,-1,0.000000,0.000000,0.000000,0.000000,3434,85875,24984,0.000000,0.000000,2.902673,4.534441,0.487062,0,0,0.000000,0.000000,8,10,-1,0,,250903
1788459196.341786,87.815478,rx,-1,0.000000,0.000000,0.000000,0.000000,3435,85901,25024,0.000000,0.000000,2.902673,4.534441,0.487062,0,0,0.000000,0.000000,8,10,-1,0,,250903
1788459196.341815,87.815510,tx,-1,0.000000,0.000000,0.000000,0.000000,,,,,,,,,,,,,,,,,aa5501090000000000000000004829,251047
1788459196.396015,87.869696,rx,-1,0.000000,0.000000,0.000000,0.000000,3436,85925,25012,0.000000,0.000000,2.902673,4.534441,0.487062,0,0,0.000000,0.000000,8,10,-1,0,,251047
1788459196.399836,87.873523,rx,-1,0.000000,0.000000,0.000000,0.000000,3437,85951,24996,0.000000,0.000000,2.902673,4.534441,0.487062,0,0,0.000000,0.000000,8,10,-1,0,,251047
1788459196.399933,87.873629,tx,-1,0.000000,0.000000,0.000000,0.000000,,,,,,,,,,,,,,,,,aa5501090000000000000000004829,251191
1788459196.447688,87.921370,rx,-1,0.000000,0.000000,0.000000,0.000000,3438,85976,24992,0.000000,0.000000,2.902673,4.534441,0.487062,0,0,0.000000,0.000000,8,10,-1,0,,251191
1788459196.448020,87.921707,rx,-1,0.000000,0.000000,0.000000,0.000000,3439,86000,24992,0.000000,0.000000,2.902673,4.534441,0.487062,0,0,0.000000,0.000000,8,10,-1,0,,251191
1788459196.448201,87.921896,tx,-1,0.000000,0.000000,0.000000,0.000000,,,,,,,,,,,,,,,,,aa5501090000000000000000004829,251390
1788459196.502333,87.976015,rx,-1,0.000000,0.000000,0.000000,0.000000,3440,86026,25012,0.000000,0.000000,2.902673,4.534441,0.487062,0,0,0.000000,0.000000,8,10,-1,0,,251390
1788459196.505559,87.979241,rx,-1,0.000000,0.000000,0.000000,0.000000,3441,86050,24968,0.000000,0.000000,2.902673,4.534441,0.487062,0,0,0.000000,0.000000,8,10,-1,0,,251390
1788459196.505695,87.979390,tx,-1,0.000000,0.000000,0.000000,0.000000,,,,,,,,,,,,,,,,,aa5501090000000000000000004829,251534
1788459196.553832,88.027520,rx,-1,0.000000,0.000000,0.000000,0.000000,3442,86076,25032,0.000000,0.000000,2.902673,4.534441,0.487062,0,0,0.000000,0.000000,8,10,-1,0,,251534
1788459196.553972,88.027665,rx,-1,0.000000,0.000000,0.000000,0.000000,3443,86100,24996,0.000000,0.000000,2.902673,4.534441,0.487062,0,0,0.000000,0.000000,8,10,-1,0,,251534
1788459196.554015,88.027710,tx,-1,0.000000,0.000000,0.000000,0.000000,,,,,,,,,,,,,,,,,aa5501090000000000000000004829,251678
1788459196.605551,88.079239,rx,-1,0.000000,0.000000,0.000000,0.000000,3444,86125,25008,0.000000,0.000000,2.902673,4.534441,0.487062,0,0,0.000000,0.000000,8,10,-1,0,,251678
1788459196.607819,88.081510,rx,-1,0.000000,0.000000,0.000000,0.000000,3445,86151,25004,0.000000,0.000000,2.902673,4.534441,0.487062,0,0,0.000000,0.000000,8,10,-1,0,,251678
1788459196.607863,88.081559,tx,-1,0.000000,0.000000,0.000000,0.000000,,,,,,,,,,,,,,,,,aa5501090000000000000000004829,251854
1788459196.655891,88.129584,rx,-1,0.000000,0.000000,0.000000,0.000000,3446,86175,24968,0.000000,0.000000,2.902673,4.534441,0.487062,0,0,0.000000,0.000000,8,10,-1,0,,251854
1788459196.655983,88.129678,rx,-1,0.000000,0.000000,0.000000,0.000000,3447,86201,24992,0.000000,0.000000,2.902673,4.534441,0.487062,0,0,0.000000,0.000000,8,10,-1,0,,251854
1788459196.655999,88.129695,tx,-1,0.000000,0.000000,0.000000,0.000000,,,,,,,,,,,,,,,,,aa5501090000000000000000004829,251966
1788459196.708718,88.182410,rx,-1,0.000000,0.000000,0.000000,0.000000,3448,86225,25036,0.000000,0.000000,2.902673,4.534441,0.487062,0,0,0.000000,0.000000,8,10,-1,0,,251966
1788459196.710731,88.184425,rx,-1,0.000000,0.000000,0.000000,0.000000,3449,86250,24976,0.000000,0.000000,2.902673,4.534441,0.487062,0,0,0.000000,0.000000,8,10,-1,0,,251966
1788459196.710759,88.184455,tx,-1,0.000000,0.000000,0.000000,0.000000,,,,,,,,,,,,,,,,,aa5501090000000000000000004829,252142
1788459196.758576,88.232266,rx,-1,0.000000,0.000000,0.000000,0.000000,3450,86276,25024,0.000000,0.000000,2.902673,4.534441,0.487062,0,0,0.000000,0.000000,8,10,-1,0,,252142
1788459196.758682,88.232377,rx,-1,0.000000,0.000000,0.000000,0.000000,3451,86300,24992,0.000000,0.000000,2.902673,4.534441,0.487062,0,0,0.000000,0.000000,8,10,-1,0,,252142
1788459196.758701,88.232396,tx,-1,0.000000,0.000000,0.000000,0.000000,,,,,,,,,,,,,,,,,aa5501090000000000000000004829,252286
1788459196.810678,88.284367,rx,-1,0.000000,0.000000,0.000000,0.000000,3452,86326,24972,0.000000,0.000000,2.902673,4.534441,0.487062,0,0,0.000000,0.000000,8,10,-1,0,,252286
1788459196.812815,88.286508,rx,-1,0.000000,0.000000,0.000000,0.000000,3453,86350,25008,0.000000,0.000000,2.902673,4.534441,0.487062,0,0,0.000000,0.000000,8,10,-1,0,,252286
1788459196.812845,88.286541,tx,-1,0.000000,0.000000,0.000000,0.000000,,,,,,,,,,,,,,,,,aa5501090000000000000000004829,252462
1788459196.865399,88.339090,rx,-1,0.000000,0.000000,0.000000,0.000000,3454,86376,25000,0.000000,0.000000,2.902673,4.534441,0.487062,0,0,0.000000,0.000000,8,10,-1,0,,252462
1788459196.865482,88.339176,rx,-1,0.000000,0.000000,0.000000,0.000000,3455,86401,24992,0.000000,0.000000,2.902673,4.534441,0.487062,0,0,0.000000,0.000000,8,10,-1,0,,252462
1788459196.865528,88.339223,rx,-1,0.000000,0.000000,0.000000,0.000000,3456,86425,25052,0.000000,0.000000,2.902673,4.534441,0.487062,0,0,0.000000,0.000000,8,10,-1,0,,252462
1788459196.865542,88.339238,tx,-1,0.000000,0.000000,0.000000,0.000000,,,,,,,,,,,,,,,,,aa5501090000000000000000004829,252614
1788459196.918734,88.392425,rx,-1,0.000000,0.000000,0.000000,0.000000,3457,86451,24956,0.000000,0.000000,2.902673,4.534441,0.487062,0,0,0.000000,0.000000,8,10,-1,0,,252614
1788459196.921041,88.394733,rx,-1,0.000000,0.000000,0.000000,0.000000,3458,86475,25020,0.000000,0.000000,2.902673,4.534441,0.487062,0,0,0.000000,0.000000,8,10,-1,0,,252614
1788459196.921075,88.394770,tx,-1,0.000000,0.000000,0.000000,0.000000,,,,,,,,,,,,,,,,,aa5501090000000000000000004829,252758
1788459196.973937,88.447626,rx,-1,0.000000,0.000000,0.000000,0.000000,3459,86501,24992,0.000000,0.000000,2.902673,4.534441,0.487062,0,0,0.000000,0.000000,8,10,-1,0,,252758
1788459196.974082,88.447775,rx,-1,0.000000,0.000000,0.000000,0.000000,3460,86525,24988,0.000000,0.000000,2.902673,4.534441,0.487062,0,0,0.000000,0.000000,8,10,-1,0,,252758
1788459196.974105,88.447799,tx,-1,0.000000,0.000000,0.000000,0.000000,,,,,,,,,,,,,,,,,aa5501090000000000000000004829,252902
1788459197.028025,88.501702,rx,-1,0.000000,0.000000,0.000000,0.000000,3461,86550,25024,0.000000,0.000000,2.902673,4.534441,0.487062,0,0,0.000000,0.000000,8,10,-1,0,,252902
1788459197.031801,88.505485,rx,-1,0.000000,0.000000,0.000000,0.000000,3462,86576,24980,0.000000,0.000000,2.902673,4.534441,0.487062,0,0,0.000000,0.000000,8,10,-1,0,,252902
1788459197.031932,88.505626,tx,-1,0.000000,0.000000,0.000000,0.000000,,,,,,,,,,,,,,,,,aa5501090000000000000000004829,253046
1788459197.081481,88.555149,rx,-1,0.000000,0.000000,0.000000,0.000000,3463,86600,24996,0.000000,0.000000,2.902673,4.534441,0.487062,0,0,0.000000,0.000000,8,10,-1,0,,253046
1788459197.081755,88.555448,rx,-1,0.000000,0.000000,0.000000,0.000000,3464,86626,25016,0.000000,0.000000,2.902673,4.534441,0.487062,0,0,0.000000,0.000000,8,10,-1,0,,253046
1788459197.081781,88.555476,tx,-1,0.000000,0.000000,0.000000,0.000000,,,,,,,,,,,,,,,,,aa5501090000000000000000004829,253190
1788459197.135670,88.609356,rx,-1,0.000000,0.000000,0.000000,0.000000,3465,86650,25016,0.000000,0.000000,2.902673,4.534441,0.487062,0,0,0.000000,0.000000,8,10,-1,0,,253190
1788459197.137875,88.611563,rx,-1,0.000000,0.000000,0.000000,0.000000,3466,86676,24996,0.000000,0.000000,2.902673,4.534441,0.487062,0,0,0.000000,0.000000,8,10,-1,0,,253190
1788459197.137960,88.611655,tx,-1,0.000000,0.000000,0.000000,0.000000,,,,,,,,,,,,,,,,,aa5501090000000000000000004829,253334
1788459197.187600,88.661287,rx,-1,0.000000,0.000000,0.000000,0.000000,3467,86701,24980,0.000000,0.000000,2.902673,4.534441,0.487062,0,0,0.000000,0.000000,8,10,-1,0,,253334
1788459197.187696,88.661389,rx,-1,0.000000,0.000000,0.000000,0.000000,3468,86725,25004,0.000000,0.000000,2.902673,4.534441,0.487062,0,0,0.000000,0.000000,8,10,-1,0,,253334
1788459197.187717,88.661412,tx,-1,0.000000,0.000000,0.000000,0.000000,,,,,,,,,,,,,,,,,aa5501090000000000000000004829,253510
1788459197.240987,88.714676,rx,-1,0.000000,0.000000,0.000000,0.000000,3469,86751,25008,0.000000,0.000000,2.902673,4.534441,0.487062,0,0,0.000000,0.000000,8,10,-1,0,,253510
1788459197.243086,88.716779,rx,-1,0.000000,0.000000,0.000000,0.000000,3470,86775,25020,0.000000,0.000000,2.902673,4.534441,0.487062,0,0,0.000000,0.000000,8,10,-1,0,,253510
1788459197.243116,88.716811,tx,-1,0.000000,0.000000,0.000000,0.000000,,,,,,,,,,,,,,,,,aa5501090000000000000000004829,253686
1788459197.296117,88.769807,rx,-1,0.000000,0.000000,0.000000,0.000000,3471,86801,24988,0.000000,0.000000,2.902673,4.534441,0.487062,0,0,0.000000,0.000000,8,10,-1,0,,253686
1788459197.296209,88.769904,rx,-1,0.000000,0.000000,0.000000,0.000000,3472,86825,24996,0.000000,0.000000,2.902673,4.534441,0.487062,0,0,0.000000,0.000000,8,10,-1,0,,253686
1788459197.296258,88.769952,rx,-1,0.000000,0.000000,0.000000,0.000000,3473,86850,25008,0.000000,0.000000,2.902673,4.534441,0.487062,0,0,0.000000,0.000000,8,10,-1,0,,253686
1788459197.296268,88.769963,tx,-1,0.000000,0.000000,0.000000,0.000000,,,,,,,,,,,,,,,,,aa5501090000000000000000004829,253838
1788459197.349391,88.823082,rx,-1,0.000000,0.000000,0.000000,0.000000,3474,86876,24992,0.000000,0.000000,2.902673,4.534441,0.487062,0,0,0.000000,0.000000,8,10,-1,0,,253838
1788459197.351424,88.825117,rx,-1,0.000000,0.000000,0.000000,0.000000,3475,86900,24980,0.000000,0.000000,2.902673,4.534441,0.487062,0,0,0.000000,0.000000,8,10,-1,0,,253838
1788459197.351450,88.825145,tx,-1,0.000000,0.000000,0.000000,0.000000,,,,,,,,,,,,,,,,,aa5501090000000000000000004829,253982
1788459197.404176,88.877860,rx,-1,0.000000,0.000000,0.000000,0.000000,3476,86926,25028,0.000000,0.000000,2.902673,4.534441,0.487062,0,0,0.000000,0.000000,8,10,-1,0,,253982
1788459197.404303,88.877996,rx,-1,0.000000,0.000000,0.000000,0.000000,3477,86950,24996,0.000000,0.000000,2.902673,4.534441,0.487062,0,0,0.000000,0.000000,8,10,-1,0,,253982
1788459197.404321,88.878016,tx,-1,0.000000,0.000000,0.000000,0.000000,,,,,,,,,,,,,,,,,aa5501090000000000000000004829,254126
1788459197.458100,88.931789,rx,-1,0.000000,0.000000,0.000000,0.000000,3478,86975,24968,0.000000,0.000000,2.902673,4.534441,0.487062,0,0,0.000000,0.000000,8,10,-1,0,,254126
1788459197.460172,88.933865,rx,-1,0.000000,0.000000,0.000000,0.000000,3479,87001,25024,0.000000,0.000000,2.902673,4.534441,0.487062,0,0,0.000000,0.000000,8,10,-1,0,,254126
1788459197.460228,88.933923,tx,-1,0.000000,0.000000,0.000000,0.000000,,,,,,,,,,,,,,,,,aa5501090000000000000000004829,254325
1788459197.512877,88.986563,rx,-1,0.000000,0.000000,0.000000,0.000000,3480,87025,25008,0.000000,0.000000,2.902673,4.534441,0.487062,0,0,0.000000,0.000000,8,10,-1,0,,254325
1788459197.512979,88.986673,rx,-1,0.000000,0.000000,0.000000,0.000000,3481,87051,25000,0.000000,0.000000,2.902673,4.534441,0.487062,0,0,0.000000,0.000000,8,10,-1,0,,254325
1788459197.512993,88.986687,tx,-1,0.000000,0.000000,0.000000,0.000000,,,,,,,,,,,,,,,,,aa5501090000000000000000004829,254469
1788459197.565958,89.039649,rx,-1,0.000000,0.000000,0.000000,0.000000,3482,87075,24992,0.000000,0.000000,2.902673,4.534441,0.487062,0,0,0.000000,0.000000,8,10,-1,0,,254469
1788459197.568053,89.041746,rx,-1,0.000000,0.000000,0.000000,0.000000,3483,87101,24984,0.000000,0.000000,2.902673,4.534441,0.487062,0,0,0.000000,0.000000,8,10,-1,0,,254469
1788459197.568079,89.041774,tx,-1,0.000000,0.000000,0.000000,0.000000,,,,,,,,,,,,,,,,,aa5501090000000000000000004829,254613
1788459197.621410,89.095071,rx,-1,0.000000,0.000000,0.000000,0.000000,3484,87126,25028,0.000000,0.000000,2.902673,4.534441,0.487062,0,0,0.000000,0.000000,8,10,-1,0,,254613
1788459197.621580,89.095273,rx,-1,0.000000,0.000000,0.000000,0.000000,3485,87150,24984,0.000000,0.000000,2.902673,4.534441,0.487062,0,0,0.000000,0.000000,8,10,-1,0,,254613
1788459197.621626,89.095320,tx,-1,0.000000,0.000000,0.000000,0.000000,,,,,,,,,,,,,,,,,aa5501090000000000000000004829,254821
1788459197.675456,89.149145,rx,-1,0.000000,0.000000,0.000000,0.000000,3486,87176,24976,0.000000,0.000000,2.902673,4.534441,0.487062,0,0,0.000000,0.000000,8,10,-1,0,,254821
1788459197.677925,89.151616,rx,-1,0.000000,0.000000,0.000000,0.000000,3487,87200,25032,0.000000,0.000000,2.902673,4.534441,0.487062,0,0,0.000000,0.000000,8,10,-1,0,,254821
1788459197.678031,89.151723,rx,-1,0.000000,0.000000,0.000000,0.000000,3488,87226,24980,0.000000,0.000000,2.902673,4.534441,0.487062,0,0,0.000000,0.000000,8,10,-1,0,,254821
1788459197.678049,89.151743,tx,-1,0.000000,0.000000,0.000000,0.000000,,,,,,,,,,,,,,,,,aa5501090000000000000000004829,254973
1788459197.730994,89.204683,rx,-1,0.000000,0.000000,0.000000,0.000000,3489,87250,25008,0.000000,0.000000,2.902673,4.534441,0.487062,0,0,0.000000,0.000000,8,10,-1,0,,254973
1788459197.731115,89.204809,rx,-1,0.000000,0.000000,0.000000,0.000000,3490,87275,25004,0.000000,0.000000,2.902673,4.534441,0.487062,0,0,0.000000,0.000000,8,10,-1,0,,254973
1788459197.731134,89.204828,tx,-1,0.000000,0.000000,0.000000,0.000000,,,,,,,,,,,,,,,,,aa5501090000000000000000004829,255117
1788459197.784638,89.258324,rx,-1,0.000000,0.000000,0.000000,0.000000,3491,87301,24988,0.000000,0.000000,2.902673,4.534441,0.487062,0,0,0.000000,0.000000,8,10,-1,0,,255117
1788459197.787219,89.260909,rx,-1,0.000000,0.000000,0.000000,0.000000,3492,87325,24992,0.000000,0.000000,2.902673,4.534441,0.487062,0,0,0.000000,0.000000,8,10,-1,0,,255117
1788459197.787273,89.260967,tx,-1,0.000000,0.000000,0.000000,0.000000,,,,,,,,,,,,,,,,,aa5501090000000000000000004829,255261
1788459197.835336,89.309022,rx,-1,0.000000,0.000000,0.000000,0.000000,3493,87351,25020,0.000000,0.000000,2.902673,4.534441,0.487062,0,0,0.000000,0.000000,8,10,-1,0,,255261
1788459197.835440,89.309133,rx,-1,0.000000,0.000000,0.000000,0.000000,3494,87375,25008,0.000000,0.000000,2.902673,4.534441,0.487062,0,0,0.000000,0.000000,8,10,-1,0,,255261
1788459197.835454,89.309148,tx,-1,0.000000,0.000000,0.000000,0.000000,,,,,,,,,,,,,,,,,aa5501090000000000000000004829,255405
1788459197.888819,89.362511,rx,-1,0.000000,0.000000,0.000000,0.000000,3495,87401,25008,0.000000,0.000000,2.902673,4.534441,0.487062,0,0,0.000000,0.000000,8,10,-1,0,,255405
1788459197.891036,89.364726,rx,-1,0.000000,0.000000,0.000000,0.000000,3496,87426,25004,0.000000,0.000000,2.902673,4.534441,0.487062,0,0,0.000000,0.000000,8,10,-1,0,,255405
1788459197.891076,89.364770,tx,-1,0.000000,0.000000,0.000000,0.000000,,,,,,,,,,,,,,,,,aa5501090000000000000000004829,255549
1788459197.939037,89.412728,rx,-1,0.000000,0.000000,0.000000,0.000000,3497,87450,24956,0.000000,0.000000,2.902673,4.534441,0.487062,0,0,0.000000,0.000000,8,10,-1,0,,255549
1788459197.939144,89.412837,rx,-1,0.000000,0.000000,0.000000,0.000000,3498,87476,25028,0.000000,0.000000,2.902673,4.534441,0.487062,0,0,0.000000,0.000000,8,10,-1,0,,255549
1788459197.939158,89.412852,tx,-1,0.000000,0.000000,0.000000,0.000000,,,,,,,,,,,,,,,,,aa5501090000000000000000004829,255693
1788459197.992699,89.466383,rx,-1,0.000000,0.000000,0.000000,0.000000,3499,87500,24984,0.000000,0.000000,2.902673,4.534441,0.487062,0,0,0.000000,0.000000,8,10,-1,0,,255693
1788459197.995462,89.469152,rx,-1,0.000000,0.000000,0.000000,0.000000,3500,87526,25028,0.000000,0.000000,2.902673,4.534441,0.487062,0,0,0.000000,0.000000,8,10,-1,0,,255693
1788459197.995524,89.469218,tx,-1,0.000000,0.000000,0.000000,0.000000,,,,,,,,,,,,,,,,,aa5501090000000000000000004829,255837
1788459198.042924,89.516599,rx,-1,0.000000,0.000000,0.000000,0.000000,3501,87550,24968,0.000000,0.000000,2.902673,4.534441,0.487062,0,0,0.000000,0.000000,8,10,-1,0,,255837
1788459198.043144,89.516834,rx,-1,0.000000,0.000000,0.000000,0.000000,3502,87575,25000,0.000000,0.000000,2.902673,4.534441,0.487062,0,0,0.000000,0.000000,8,10,-1,0,,255837
1788459198.043182,89.516875,tx,-1,0.000000,0.000000,0.000000,0.000000,,,,,,,,,,,,,,,,,aa5501090000000000000000004829,255981
1788459198.095634,89.569324,rx,-1,0.000000,0.000000,0.000000,0.000000,3503,87601,25128,0.000000,0.000000,2.902673,4.534441,0.487062,0,0,0.000000,0.000000,8,10,-1,0,,255981
1788459198.097596,89.571287,rx,-1,0.000000,0.000000,0.000000,0.000000,3504,87625,24900,0.000000,0.000000,2.902673,4.534441,0.487062,0,0,0.000000,0.000000,8,10,-1,0,,255981
1788459198.097626,89.571321,tx,-1,0.000000,0.000000,0.000000,0.000000,,,,,,,,,,,,,,,,,aa5501090000000000000000004829,256125
1788459198.145795,89.619485,rx,-1,0.000000,0.000000,0.000000,0.000000,3505,87651,25004,0.000000,0.000000,2.902673,4.534441,0.487062,0,0,0.000000,0.000000,8,10,-1,0,,256125
1788459198.145881,89.619574,rx,-1,0.000000,0.000000,0.000000,0.000000,3506,87675,24972,0.000000,0.000000,2.902673,4.534441,0.487062,0,0,0.000000,0.000000,8,10,-1,0,,256125
1788459198.145894,89.619588,tx,-1,0.000000,0.000000,0.000000,0.000000,,,,,,,,,,,,,,,,,aa5501090000000000000000004829,256269
1788459198.199642,89.673330,rx,-1,0.000000,0.000000,0.000000,0.000000,3507,87701,24992,0.000000,0.000000,2.902673,4.534441,0.487062,0,0,0.000000,0.000000,8,10,-1,0,,256269
1788459198.201810,89.675501,rx,-1,0.000000,0.000000,0.000000,0.000000,3508,87726,25012,0.000000,0.000000,2.902673,4.534441,0.487062,0,0,0.000000,0.000000,8,10,-1,0,,256269
1788459198.201847,89.675541,tx,-1,0.000000,0.000000,0.000000,0.000000,,,,,,,,,,,,,,,,,aa5501090000000000000000004829,256445
1788459198.255149,89.728837,rx,-1,0.000000,0.000000,0.000000,0.000000,3509,87750,24992,0.000000,0.000000,2.902673,4.534441,0.487062,0,0,0.000000,0.000000,8,10,-1,0,,256445
1788459198.255271,89.728963,rx,-1,0.000000,0.000000,0.000000,0.000000,3510,87776,24992,0.000000,0.000000,2.902673,4.534441,0.487062,0,0,0.000000,0.000000,8,10,-1,0,,256445
1788459198.255345,89.729038,rx,-1,0.000000,0.000000,0.000000,0.000000,3511,87800,25012,0.000000,0.000000,2.902673,4.534441,0.487062,0,0,0.000000,0.000000,8,10,-1,0,,256445
1788459198.255360,89.729053,tx,-1,0.000000,0.000000,0.000000,0.000000,,,,,,,,,,,,,,,,,aa5501090000000000000000004829,256629
1788459198.308230,89.781917,rx,-1,0.000000,0.000000,0.000000,0.000000,3512,87826,25028,0.000000,0.000000,2.902673,4.534441,0.487062,0,0,0.000000,0.000000,8,10,-1,0,,256629
1788459198.310668,89.784358,rx,-1,0.000000,0.000000,0.000000,0.000000,3513,87851,24984,0.000000,0.000000,2.902673,4.534441,0.487062,0,0,0.000000,0.000000,8,10,-1,0,,256629
1788459198.310728,89.784421,tx,-1,0.000000,0.000000,0.000000,0.000000,,,,,,,,,,,,,,,,,aa5501090000000000000000004829,256773
1788459198.358911,89.832587,rx,-1,0.000000,0.000000,0.000000,0.000000,3514,87875,24980,0.000000,0.000000,2.902673,4.534441,0.487062,0,0,0.000000,0.000000,8,10,-1,0,,256773
1788459198.359077,89.832770,rx,-1,0.000000,0.000000,0.000000,0.000000,3515,87901,25028,0.000000,0.000000,2.902673,4.534441,0.487062,0,0,0.000000,0.000000,8,10,-1,0,,256773
1788459198.359098,89.832792,tx,-1,0.000000,0.000000,0.000000,0.000000,,,,,,,,,,,,,,,,,aa5501090000000000000000004829,256917
1788459198.412820,89.886501,rx,-1,0.000000,0.000000,0.000000,0.000000,3516,87925,24996,0.000000,0.000000,2.902673,4.534441,0.487062,0,0,0.000000,0.000000,8,10,-1,0,,256917
1788459198.415176,89.888862,rx,-1,0.000000,0.000000,0.000000,0.000000,3517,87951,25016,0.000000,0.000000,2.902673,4.534441,0.487062,0,0,0.000000,0.000000,8,10,-1,0,,256917
1788459198.415258,89.888952,tx,-1,0.000000,0.000000,0.000000,0.000000,,,,,,,,,,,,,,,,,aa5501090000000000000000004829,257061
1788459198.463363,89.937052,rx,-1,0.000000,0.000000,0.000000,0.000000,3518,87975,24960,0.000000,0.000000,2.902673,4.534441,0.487062,0,0,0.000000,0.000000,8,10,-1,0,,257061
1788459198.463456,89.937149,rx,-1,0.000000,0.000000,0.000000,0.000000,3519,88000,25004,0.000000,0.000000,2.902673,4.534441,0.487062,0,0,0.000000,0.000000,8,10,-1,0,,257061
1788459198.463495,89.937189,tx,-1,0.000000,0.000000,0.000000,0.000000,,,,,,,,,,,,,,,,,aa5501090000000000000000004829,257260
1788459198.516817,89.990505,rx,-1,0.000000,0.000000,0.000000,0.000000,3520,88026,25020,0.000000,0.000000,2.902673,4.534441,0.487062,0,0,0.000000,0.000000,8,10,-1,0,,257260
1788459198.518998,89.992687,rx,-1,0.000000,0.000000,0.000000,0.000000,3521,88050,24988,0.000000,0.000000,2.902673,4.534441,0.487062,0,0,0.000000,0.000000,8,10,-1,0,,257260
1788459198.519058,89.992752,tx,-1,0.000000,0.000000,0.000000,0.000000,,,,,,,,,,,,,,,,,aa5501090000000000000000004829,257404
1788459198.567215,90.040903,rx,-1,0.000000,0.000000,0.000000,0.000000,3522,88076,25000,0.000000,0.000000,2.902673,4.534441,0.487062,0,0,0.000000,0.000000,8,10,-1,0,,257404
1788459198.567330,90.041022,rx,-1,0.000000,0.000000,0.000000,0.000000,3523,88100,25008,0.000000,0.000000,2.902673,4.534441,0.487062,0,0,0.000000,0.000000,8,10,-1,0,,257404
1788459198.567346,90.041040,tx,-1,0.000000,0.000000,0.000000,0.000000,,,,,,,,,,,,,,,,,aa5501090000000000000000004829,257548
1788459198.620213,90.093903,rx,-1,0.000000,0.000000,0.000000,0.000000,3524,88126,25000,0.000000,0.000000,2.902673,4.534441,0.487062,0,0,0.000000,0.000000,8,10,-1,0,,257548
1788459198.622139,90.095830,rx,-1,0.000000,0.000000,0.000000,0.000000,3525,88151,24976,0.000000,0.000000,2.902673,4.534441,0.487062,0,0,0.000000,0.000000,8,10,-1,0,,257548
1788459198.622168,90.095862,tx,-1,0.000000,0.000000,0.000000,0.000000,,,,,,,,,,,,,,,,,aa5501090000000000000000004829,257692
1788459198.675203,90.148882,rx,-1,0.000000,0.000000,0.000000,0.000000,3526,88175,25032,0.000000,0.000000,2.902673,4.534441,0.487062,0,0,0.000000,0.000000,8,10,-1,0,,257692
1788459198.675345,90.149036,rx,-1,0.000000,0.000000,0.000000,0.000000,3527,88201,24980,0.000000,0.000000,2.902673,4.534441,0.487062,0,0,0.000000,0.000000,8,10,-1,0,,257692
1788459198.675366,90.149059,tx,-1,0.000000,0.000000,0.000000,0.000000,,,,,,,,,,,,,,,,,aa5501090000000000000000004829,257836
1788459198.729498,90.203186,rx,-1,0.000000,0.000000,0.000000,0.000000,3528,88225,24988,0.000000,0.000000,2.902673,4.534441,0.487062,0,0,0.000000,0.000000,8,10,-1,0,,257836
1788459198.731882,90.205572,rx,-1,0.000000,0.000000,0.000000,0.000000,3529,88251,25020,0.000000,0.000000,2.902673,4.534441,0.487062,0,0,0.000000,0.000000,8,10,-1,0,,257836
1788459198.731917,90.205611,tx,-1,0.000000,0.000000,0.000000,0.000000,,,,,,,,,,,,,,,,,aa5501090000000000000000004829,257980
1788459198.779529,90.253216,rx,-1,0.000000,0.000000,0.000000,0.000000,3530,88275,24992,0.000000,0.000000,2.902673,4.534441,0.487062,0,0,0.000000,0.000000,8,10,-1,0,,257980
1788459198.779662,90.253353,rx,-1,0.000000,0.000000,0.000000,0.000000,3531,88300,25024,0.000000,0.000000,2.902673,4.534441,0.487062,0,0,0.000000,0.000000,8,10,-1,0,,257980
1788459198.779681,90.253374,tx,-1,0.000000,0.000000,0.000000,0.000000,,,,,,,,,,,,,,,,,aa5501090000000000000000004829,258124
1788459198.833499,90.307185,rx,-1,0.000000,0.000000,0.000000,0.000000,3532,88326,24992,0.000000,0.000000,2.902673,4.534441,0.487062,0,0,0.000000,0.000000,8,10,-1,0,,258124
1788459198.835766,90.309453,rx,-1,0.000000,0.000000,0.000000,0.000000,3533,88350,25012,0.000000,0.000000,2.902673,4.534441,0.487062,0,0,0.000000,0.000000,8,10,-1,0,,258124
1788459198.835827,90.309521,tx,-1,0.000000,0.000000,0.000000,0.000000,,,,,,,,,,,,,,,,,aa5501090000000000000000004829,258300
1788459198.884302,90.357982,rx,-1,0.000000,0.000000,0.000000,0.000000,3534,88376,24988,0.000000,0.000000,2.902673,4.534441,0.487062,0,0,0.000000,0.000000,8,10,-1,0,,258300
1788459198.884416,90.358109,rx,-1,0.000000,0.000000,0.000000,0.000000,3535,88400,25012,0.000000,0.000000,2.902673,4.534441,0.487062,0,0,0.000000,0.000000,8,10,-1,0,,258300
1788459198.884436,90.358128,tx,-1,0.000000,0.000000,0.000000,0.000000,,,,,,,,,,,,,,,,,aa5501090000000000000000004829,258476
1788459198.937950,90.411639,rx,-1,0.000000,0.000000,0.000000,0.000000,3536,88426,24992,0.000000,0.000000,2.902673,4.534441,0.487062,0,0,0.000000,0.000000,8,10,-1,0,,258476
1788459198.939965,90.413656,rx,-1,0.000000,0.000000,0.000000,0.000000,3537,88451,24988,0.000000,0.000000,2.902673,4.534441,0.487062,0,0,0.000000,0.000000,8,10,-1,0,,258476
1788459198.940032,90.413724,rx,-1,0.000000,0.000000,0.000000,0.000000,3538,88475,25016,0.000000,0.000000,2.902673,4.534441,0.487062,0,0,0.000000,0.000000,8,10,-1,0,,258476
1788459198.940043,90.413737,tx,-1,0.000000,0.000000,0.000000,0.000000,,,,,,,,,,,,,,,,,aa5501090000000000000000004829,258628
1788459198.993698,90.467388,rx,-1,0.000000,0.000000,0.000000,0.000000,3539,88501,24996,0.000000,0.000000,2.902673,4.534441,0.487062,0,0,0.000000,0.000000,8,10,-1,0,,258628
1788459198.993804,90.467496,rx,-1,0.000000,0.000000,0.000000,0.000000,3540,88525,24972,0.000000,0.000000,2.902673,4.534441,0.487062,0,0,0.000000,0.000000,8,10,-1,0,,258628
1788459198.993819,90.467513,tx,-1,0.000000,0.000000,0.000000,0.000000,,,,,,,,,,,,,,,,,aa5501090000000000000000004829,258772
1788459199.046579,90.520261,rx,-1,0.000000,0.000000,0.000000,0.000000,3541,88551,25032,0.000000,0.000000,2.902673,4.534441,0.487062,0,0,0.000000,0.000000,8,10,-1,0,,258772
1788459199.049206,90.522895,rx,-1,0.000000,0.000000,0.000000,0.000000,3542,88576,24992,0.000000,0.000000,2.902673,4.534441,0.487062,0,0,0.000000,0.000000,8,10,-1,0,,258772
1788459199.049256,90.522949,tx,-1,0.000000,0.000000,0.000000,0.000000,,,,,,,,,,,,,,,,,aa5501090000000000000000004829,258916
1788459199.101912,90.575595,rx,-1,0.000000,0.000000,0.000000,0.000000,3543,88600,24976,0.000000,0.000000,2.902673,4.534441,0.487062,0,0,0.000000,0.000000,8,10,-1,0,,258916
1788459199.102026,90.575718,rx,-1,0.000000,0.000000,0.000000,0.000000,3544,88626,25036,0.000000,0.000000,2.902673,4.534441,0.487062,0,0,0.000000,0.000000,8,10,-1,0,,258916
1788459199.102040,90.575733,tx,-1,0.000000,0.000000,0.000000,0.000000,,,,,,,,,,,,,,,,,aa5501090000000000000000004829,259060
1788459199.155660,90.629350,rx,-1,0.000000,0.000000,0.000000,0.000000,3545,88650,24968,0.000000,0.000000,2.902673,4.534441,0.487062,0,0,0.000000,0.000000,8,10,-1,0,,259060
1788459199.157677,90.631369,rx,-1,0.000000,0.000000,0.000000,0.000000,3546,88676,25032,0.000000,0.000000,2.902673,4.534441,0.487062,0,0,0.000000,0.000000,8,10,-1,0,,259060
1788459199.157701,90.631394,tx,-1,0.000000,0.000000,0.000000,0.000000,,,,,,,,,,,,,,,,,aa5501090000000000000000004829,259204
1788459199.211295,90.684985,rx,-1,0.000000,0.000000,0.000000,0.000000,3547,88700,25068,0.000000,0.000000,2.902673,4.534441,0.487062,0,0,0.000000,0.000000,8,10,-1,0,,259204
1788459199.211389,90.685081,rx,-1,0.000000,0.000000,0.000000,0.000000,3548,88725,24896,0.000000,0.000000,2.902673,4.534441,0.487062,0,0,0.000000,0.000000,8,10,-1,0,,259204
1788459199.211406,90.685099,tx,-1,0.000000,0.000000,0.000000,0.000000,,,,,,,,,,,,,,,,,aa5501090000000000000000004829,259380
1788459199.264023,90.737710,rx,-1,0.000000,0.000000,0.000000,0.000000,3549,88751,25020,0.000000,0.000000,2.902673,4.534441,0.487062,0,0,0.000000,0.000000,8,10,-1,0,,259380
1788459199.266189,90.739878,rx,-1,0.000000,0.000000,0.000000,0.000000,3550,88775,24984,0.000000,0.000000,2.902673,4.534441,0.487062,0,0,0.000000,0.000000,8,10,-1,0,,259380
1788459199.266234,90.739927,tx,-1,0.000000,0.000000,0.000000,0.000000,,,,,,,,,,,,,,,,,aa5501090000000000000000004829,259556
1788459199.314323,90.788009,rx,-1,0.000000,0.000000,0.000000,0.000000,3551,88801,25032,0.000000,0.000000,2.902673,4.534441,0.487062,0,0,0.000000,0.000000,8,10,-1,0,,259556
1788459199.314472,90.788163,rx,-1,0.000000,0.000000,0.000000,0.000000,3552,88825,24988,0.000000,0.000000,2.902673,4.534441,0.487062,0,0,0.000000,0.000000,8,10,-1,0,,259556
1788459199.314510,90.788203,tx,-1,0.000000,0.000000,0.000000,0.000000,,,,,,,,,,,,,,,,,aa5501090000000000000000004829,259700
1788459199.367344,90.841029,rx,-1,0.000000,0.000000,0.000000,0.000000,3553,88851,24980,0.000000,0.000000,2.902673,4.534441,0.487062,0,0,0.000000,0.000000,8,10,-1,0,,259700
1788459199.370039,90.843728,rx,-1,0.000000,0.000000,0.000000,0.000000,3554,88876,24996,0.000000,0.000000,2.902673,4.534441,0.487062,0,0,0.000000,0.000000,8,10,-1,0,,259700
1788459199.370100,90.843792,tx,-1,0.000000,0.000000,0.000000,0.000000,,,,,,,,,,,,,,,,,aa5501090000000000000000004829,259844
1788459199.417631,90.891314,rx,-1,0.000000,0.000000,0.000000,0.000000,3555,88900,25016,0.000000,0.000000,2.902673,4.534441,0.487062,0,0,0.000000,0.000000,8,10,-1,0,,259844
1788459199.417789,90.891480,rx,-1,0.000000,0.000000,0.000000,0.000000,3556,88926,25000,0.000000,0.000000,2.902673,4.534441,0.487062,0,0,0.000000,0.000000,8,10,-1,0,,259844
1788459199.417816,90.891509,tx,-1,0.000000,0.000000,0.000000,0.000000,,,,,,,,,,,,,,,,,aa5501090000000000000000004829,259988
1788459199.471177,90.944864,rx,-1,0.000000,0.000000,0.000000,0.000000,3557,88950,25008,0.000000,0.000000,2.902673,4.534441,0.487062,0,0,0.000000,0.000000,8,10,-1,0,,259988
1788459199.473714,90.947403,rx,-1,0.000000,0.000000,0.000000,0.000000,3558,88976,24996,0.000000,0.000000,2.902673,4.534441,0.487062,0,0,0.000000,0.000000,8,10,-1,0,,259988
1788459199.473845,90.947535,rx,-1,0.000000,0.000000,0.000000,0.000000,3559,89000,24996,0.000000,0.000000,2.902673,4.534441,0.487062,0,0,0.000000,0.000000,8,10,-1,0,,259988
1788459199.473873,90.947565,tx,-1,0.000000,0.000000,0.000000,0.000000,,,,,,,,,,,,,,,,,aa5501090000000000000000004829,260164
1788459199.522090,90.995773,rx,-1,0.000000,0.000000,0.000000,0.000000,3560,89025,25004,0.000000,0.000000,2.902673,4.534441,0.487062,0,0,0.000000,0.000000,8,10,-1,0,,260164
1788459199.522232,90.995923,rx,-1,0.000000,0.000000,0.000000,0.000000,3561,89051,25020,0.000000,0.000000,2.902673,4.534441,0.487062,0,0,0.000000,0.000000,8,10,-1,0,,260164
1788459199.522250,90.995943,tx,-1,0.000000,0.000000,0.000000,0.000000,,,,,,,,,,,,,,,,,aa5501090000000000000000004829,260339
1788459199.575636,91.049318,rx,-1,0.000000,0.000000,0.000000,0.000000,3562,89075,24988,0.000000,0.000000,2.902673,4.534441,0.487062,0,0,0.000000,0.000000,8,10,-1,0,,260339
1788459199.578179,91.051867,rx,-1,0.000000,0.000000,0.000000,0.000000,3563,89101,24988,0.000000,0.000000,2.902673,4.534441,0.487062,0,0,0.000000,0.000000,8,10,-1,0,,260339
1788459199.578235,91.051927,tx,-1,0.000000,0.000000,0.000000,0.000000,,,,,,,,,,,,,,,,,aa5501090000000000000000004829,260483
1788459199.631271,91.104956,rx,-1,0.000000,0.000000,0.000000,0.000000,3564,89125,24980,0.000000,0.000000,2.902673,4.534441,0.487062,0,0,0.000000,0.000000,8,10,-1,0,,260483
1788459199.631417,91.105107,rx,-1,0.000000,0.000000,0.000000,0.000000,3565,89151,25028,0.000000,0.000000,2.902673,4.534441,0.487062,0,0,0.000000,0.000000,8,10,-1,0,,260483
1788459199.631438,91.105130,tx,-1,0.000000,0.000000,0.000000,0.000000,,,,,,,,,,,,,,,,,aa5501090000000000000000004829,260627
1788459199.683255,91.156932,rx,-1,0.000000,0.000000,0.000000,0.000000,3566,89176,25000,0.000000,0.000000,2.902673,4.534441,0.487062,0,0,0.000000,0.000000,8,10,-1,0,,260627
1788459199.686665,91.160349,rx,-1,0.000000,0.000000,0.000000,0.000000,3567,89200,25008,0.000000,0.000000,2.902673,4.534441,0.487062,0,0,0.000000,0.000000,8,10,-1,0,,260627
1788459199.686773,91.160465,tx,-1,0.000000,0.000000,0.000000,0.000000,,,,,,,,,,,,,,,,,aa5501090000000000000000004829,260771
1788459199.734144,91.207830,rx,-1,0.000000,0.000000,0.000000,0.000000,3568,89226,25004,0.000000,0.000000,2.902673,4.534441,0.487062,0,0,0.000000,0.000000,8,10,-1,0,,260771
1788459199.734305,91.207996,rx,-1,0.000000,0.000000,0.000000,0.000000,3569,89250,25000,0.000000,0.000000,2.902673,4.534441,0.487062,0,0,0.000000,0.000000,8,10,-1,0,,260771
1788459199.734335,91.208025,tx,-1,0.000000,0.000000,0.000000,0.000000,,,,,,,,,,,,,,,,,aa5501090000000000000000004829,260915
1788459199.787867,91.261541,rx,-1,0.000000,0.000000,0.000000,0.000000,3570,89276,25000,0.000000,0.000000,2.902673,4.534441,0.487062,0,0,0.000000,0.000000,8,10,-1,0,,260915
1788459199.791508,91.265190,rx,-1,0.000000,0.000000,0.000000,0.000000,3571,89300,24992,0.000000,0.000000,2.902673,4.534441,0.487062,0,0,0.000000,0.000000,8,10,-1,0,,260915
1788459199.791622,91.265313,tx,-1,0.000000,0.000000,0.000000,0.000000,,,,,,,,,,,,,,,,,aa5501090000000000000000004829,261059
1788459199.839506,91.313178,rx,-1,0.000000,0.000000,0.000000,0.000000,3572,89325,24968,0.000000,0.000000,2.902673,4.534441,0.487062,0,0,0.000000,0.000000,8,10,-1,0,,261059
1788459199.839776,91.313465,rx,-1,0.000000,0.000000,0.000000,0.000000,3573,89351,25048,0.000000,0.000000,2.902673,4.534441,0.487062,0,0,0.000000,0.000000,8,10,-1,0,,261059
1788459199.839809,91.313501,tx,-1,0.000000,0.000000,0.000000,0.000000,,,,,,,,,,,,,,,,,aa5501090000000000000000004829,261203
1788459199.893088,91.366775,rx,-1,0.000000,0.000000,0.000000,0.000000,3574,89375,24980,0.000000,0.000000,2.902673,4.534441,0.487062,0,0,0.000000,0.000000,8,10,-1,0,,261203
1788459199.895585,91.369274,rx,-1,0.000000,0.000000,0.000000,0.000000,3575,89401,25004,0.000000,0.000000,2.902673,4.534441,0.487062,0,0,0.000000,0.000000,8,10,-1,0,,261203
1788459199.895631,91.369323,tx,-1,0.000000,0.000000,0.000000,0.000000,,,,,,,,,,,,,,,,,aa5501090000000000000000004829,261379
1788459199.943662,91.417349,rx,-1,0.000000,0.000000,0.000000,0.000000,3576,89425,24968,0.000000,0.000000,2.902673,4.534441,0.487062,0,0,0.000000,0.000000,8,10,-1,0,,261379
1788459199.943818,91.417509,rx,-1,0.000000,0.000000,0.000000,0.000000,3577,89450,25020,0.000000,0.000000,2.902673,4.534441,0.487062,0,0,0.000000,0.000000,8,10,-1,0,,261379
1788459199.943846,91.417538,tx,-1,0.000000,0.000000,0.000000,0.000000,,,,,,,,,,,,,,,,,aa5501090000000000000000004829,261523
1788459199.997696,91.471379,rx,-1,0.000000,0.000000,0.000000,0.000000,3578,89476,25024,0.000000,0.000000,2.902673,4.534441,0.487062,0,0,0.000000,0.000000,8,10,-1,0,,261523
1788459200.000332,91.474021,rx,-1,0.000000,0.000000,0.000000,0.000000,3579,89500,24980,0.000000,0.000000,2.902673,4.534441,0.487062,0,0,0.000000,0.000000,8,10,-1,0,,261523
1788459200.000386,91.474078,tx,-1,0.000000,0.000000,0.000000,0.000000,,,,,,,,,,,,,,,,,aa5501090000000000000000004829,261699
1788459200.048427,91.522114,rx,-1,0.000000,0.000000,0.000000,0.000000,3580,89526,24980,0.000000,0.000000,2.902673,4.534441,0.487062,0,0,0.000000,0.000000,8,10,-1,0,,261699
1788459200.048600,91.522289,rx,-1,0.000000,0.000000,0.000000,0.000000,3581,89550,25028,0.000000,0.000000,2.902673,4.534441,0.487062,0,0,0.000000,0.000000,8,10,-1,0,,261699
1788459200.048641,91.522333,tx,-1,0.000000,0.000000,0.000000,0.000000,,,,,,,,,,,,,,,,,aa5501090000000000000000004829,261843
1788459200.102797,91.576472,rx,-1,0.000000,0.000000,0.000000,0.000000,3582,89576,24984,0.000000,0.000000,2.902673,4.534441,0.487062,0,0,0.000000,0.000000,8,10,-1,0,,261843
1788459200.105987,91.579673,rx,-1,0.000000,0.000000,0.000000,0.000000,3583,89601,25004,0.000000,0.000000,2.902673,4.534441,0.487062,0,0,0.000000,0.000000,8,10,-1,0,,261843
1788459200.106086,91.579777,rx,-1,0.000000,0.000000,0.000000,0.000000,3584,89625,25008,0.000000,0.000000,2.902673,4.534441,0.487062,0,0,0.000000,0.000000,8,10,-1,0,,261843
1788459200.106102,91.579794,tx,-1,0.000000,0.000000,0.000000,0.000000,,,,,,,,,,,,,,,,,aa5501090000000000000000004829,261995
1788459200.153899,91.627582,rx,-1,0.000000,0.000000,0.000000,0.000000,3585,89651,25004,0.000000,0.000000,2.902673,4.534441,0.487062,0,0,0.000000,0.000000,8,10,-1,0,,261995
1788459200.154028,91.627719,rx,-1,0.000000,0.000000,0.000000,0.000000,3586,89675,25000,0.000000,0.000000,2.902673,4.534441,0.487062,0,0,0.000000,0.000000,8,10,-1,0,,261995
1788459200.154049,91.627741,tx,-1,0.000000,0.000000,0.000000,0.000000,,,,,,,,,,,,,,,,,aa5501090000000000000000004829,262139
1788459200.207650,91.681336,rx,-1,0.000000,0.000000,0.000000,0.000000,3587,89701,24992,0.000000,0.000000,2.902673,4.534441,0.487062,0,0,0.000000,0.000000,8,10,-1,0,,262139
1788459200.210033,91.683720,rx,-1,0.000000,0.000000,0.000000,0.000000,3588,89725,25008,0.000000,0.000000,2.902673,4.534441,0.487062,0,0,0.000000,0.000000,8,10,-1,0,,262139
1788459200.210097,91.683788,tx,-1,0.000000,0.000000,0.000000,0.000000,,,,,,,,,,,,,,,,,aa5501090000000000000000004829,262283
1788459200.257863,91.731549,rx,-1,0.000000,0.000000,0.000000,0.000000,3589,89750,24992,0.000000,0.000000,2.902673,4.534441,0.487062,0,0,0.000000,0.000000,8,10,-1,0,,262283
1788459200.258030,91.731719,rx,-1,0.000000,0.000000,0.000000,0.000000,3590,89776,25024,0.000000,0.000000,2.902673,4.534441,0.487062,0,0,0.000000,0.000000,8,10,-1,0,,262283
1788459200.258053,91.731745,tx,-1,0.000000,0.000000,0.000000,0.000000,,,,,,,,,,,,,,,,,aa5501090000000000000000004829,262427
1788459200.311517,91.785192,rx,-1,0.000000,0.000000,0.000000,0.000000,3591,89800,24964,0.000000,0.000000,2.902673,4.534441,0.487062,0,0,0.000000,0.000000,8,10,-1,0,,262427
1788459200.314106,91.787794,rx,-1,0.000000,0.000000,0.000000,0.000000,3592,89826,25024,0.000000,0.000000,2.902673,4.534441,0.487062,0,0,0.000000,0.000000,8,10,-1,0,,262427
1788459200.314158,91.787850,tx,-1,0.000000,0.000000,0.000000,0.000000,,,,,,,,,,,,,,,,,aa5501090000000000000000004829,262571
1788459200.363146,91.836829,rx,-1,0.000000,0.000000,0.000000,0.000000,3593,89850,24980,0.000000,0.000000,2.902673,4.534441,0.487062,0,0,0.000000,0.000000,8,10,-1,0,,262571
1788459200.363285,91.836976,rx,-1,0.000000,0.000000,0.000000,0.000000,3594,89876,24984,0.000000,0.000000,2.902673,4.534441,0.487062,0,0,0.000000,0.000000,8,10,-1,0,,262571
1788459200.363311,91.837002,tx,-1,0.000000,0.000000,0.000000,0.000000,,,,,,,,,,,,,,,,,aa5501090000000000000000004829,262715
1788459200.417310,91.890993,rx,-1,0.000000,0.000000,0.000000,0.000000,3595,89901,25048,0.000000,0.000000,2.902673,4.534441,0.487062,0,0,0.000000,0.000000,8,10,-1,0,,262715
1788459200.419842,91.893530,rx,-1,0.000000,0.000000,0.000000,0.000000,3596,89925,24960,0.000000,0.000000,2.902673,4.534441,0.487062,0,0,0.000000,0.000000,8,10,-1,0,,262715
1788459200.419883,91.893575,tx,-1,0.000000,0.000000,0.000000,0.000000,,,,,,,,,,,,,,,,,aa5501090000000000000000004829,262859
1788459200.467593,91.941280,rx,-1,0.000000,0.000000,0.000000,0.000000,3597,89951,25012,0.000000,0.000000,2.902673,4.534441,0.487062,0,0,0.000000,0.000000,8,10,-1,0,,262859
1788459200.467725,91.941416,rx,-1,0.000000,0.000000,0.000000,0.000000,3598,89975,25004,0.000000,0.000000,2.902673,4.534441,0.487062,0,0,0.000000,0.000000,8,10,-1,0,,262859
1788459200.467739,91.941431,tx,-1,0.000000,0.000000,0.000000,0.000000,,,,,,,,,,,,,,,,,aa5501090000000000000000004829,263003
1788459200.521590,91.995272,rx,-1,0.000000,0.000000,0.000000,0.000000,3599,90001,24996,0.000000,0.000000,2.902673,4.534441,0.487062,0,0,0.000000,0.000000,8,10,-1,0,,263003
1788459200.524234,91.997923,rx,-1,0.000000,0.000000,0.000000,0.000000,3600,90025,25000,0.000000,0.000000,2.902673,4.534441,0.487062,0,0,0.000000,0.000000,8,10,-1,0,,263003
1788459200.524279,91.997971,tx,-1,0.000000,0.000000,0.000000,0.000000,,,,,,,,,,,,,,,,,aa5501090000000000000000004829,263202
1788459200.572715,92.046390,rx,-1,0.000000,0.000000,0.000000,0.000000,3601,90050,24988,0.000000,0.000000,2.902673,4.534441,0.487062,0,0,0.000000,0.000000,8,10,-1,0,,263202
1788459200.572975,92.046663,rx,-1,0.000000,0.000000,0.000000,0.000000,3602,90076,25028,0.000000,0.000000,2.902673,4.534441,0.487062,0,0,0.000000,0.000000,8,10,-1,0,,263202
1788459200.573025,92.046717,tx,-1,0.000000,0.000000,0.000000,0.000000,,,,,,,,,,,,,,,,,aa5501090000000000000000004829,263346
1788459200.627249,92.100927,rx,-1,0.000000,0.000000,0.000000,0.000000,3603,90100,24988,0.000000,0.000000,2.902673,4.534441,0.487062,0,0,0.000000,0.000000,8,10,-1,0,,263346
1788459200.631243,92.104918,rx,-1,0.000000,0.000000,0.000000,0.000000,3604,90126,25016,0.000000,0.000000,2.902673,4.534441,0.487062,0,0,0.000000,0.000000,8,10,-1,0,,263346
1788459200.631400,92.105091,tx,-1,0.000000,0.000000,0.000000,0.000000,,,,,,,,,,,,,,,,,aa5501090000000000000000004829,263522
1788459200.679654,92.153330,rx,-1,0.000000,0.000000,0.000000,0.000000,3605,90150,24972,0.000000,0.000000,2.902673,4.534441,0.487062,0,0,0.000000,0.000000,8,10,-1,0,,263522
1788459200.679932,92.153619,rx,-1,0.000000,0.000000,0.000000,0.000000,3606,90175,25000,0.000000,0.000000,2.902673,4.534441,0.487062,0,0,0.000000,0.000000,8,10,-1,0,,263522
1788459200.680002,92.153693,tx,-1,0.000000,0.000000,0.000000,0.000000,,,,,,,,,,,,,,,,,aa5501090000000000000000004829,263666
1788459200.733585,92.207261,rx,-1,0.000000,0.000000,0.000000,0.000000,3607,90201,25032,0.000000,0.000000,2.902673,4.534441,0.487062,0,0,0.000000,0.000000,8,10,-1,0,,263666
1788459200.737306,92.210985,rx,-1,0.000000,0.000000,0.000000,0.000000,3608,90225,24976,0.000000,0.000000,2.902673,4.534441,0.487062,0,0,0.000000,0.000000,8,10,-1,0,,263666
1788459200.737521,92.211209,rx,-1,0.000000,0.000000,0.000000,0.000000,3609,90251,24980,0.000000,0.000000,2.902673,4.534441,0.487062,0,0,0.000000,0.000000,8,10,-1,0,,263666
1788459200.737558,92.211248,tx,-1,0.000000,0.000000,0.000000,0.000000,,,,,,,,,,,,,,,,,aa5501090000000000000000004829,263850
1788459200.785328,92.259008,rx,-1,0.000000,0.000000,0.000000,0.000000,3610,90275,25020,0.000000,0.000000,2.902673,4.534441,0.487062,0,0,0.000000,0.000000,8,10,-1,0,,263850
1788459200.785569,92.259258,rx,-1,0.000000,0.000000,0.000000,0.000000,3611,90301,24984,0.000000,0.000000,2.902673,4.534441,0.487062,0,0,0.000000,0.000000,8,10,-1,0,,263850
1788459200.785612,92.259303,tx,-1,0.000000,0.000000,0.000000,0.000000,,,,,,,,,,,,,,,,,aa5501090000000000000000004829,263994
1788459200.839341,92.313019,rx,-1,0.000000,0.000000,0.000000,0.000000,3612,90326,25012,0.000000,0.000000,2.902673,4.534441,0.487062,0,0,0.000000,0.000000,8,10,-1,0,,263994
1788459200.842240,92.315925,rx,-1,0.000000,0.000000,0.000000,0.000000,3613,90350,25000,0.000000,0.000000,2.902673,4.534441,0.487062,0,0,0.000000,0.000000,8,10,-1,0,,263994
1788459200.842298,92.315988,tx,-1,0.000000,0.000000,0.000000,0.000000,,,,,,,,,,,,,,,,,aa5501090000000000000000004829,264138
1788459200.890619,92.364303,rx,-1,0.000000,0.000000,0.000000,0.000000,3614,90376,25000,0.000000,0.000000,2.902673,4.534441,0.487062,0,0,0.000000,0.000000,8,10,-1,0,,264138
1788459200.890747,92.364437,rx,-1,0.000000,0.000000,0.000000,0.000000,3615,90400,24996,0.000000,0.000000,2.902673,4.534441,0.487062,0,0,0.000000,0.000000,8,10,-1,0,,264138
1788459200.890763,92.364454,tx,-1,0.000000,0.000000,0.000000,0.000000,,,,,,,,,,,,,,,,,aa5501090000000000000000004829,264282
1788459200.944468,92.418153,rx,-1,0.000000,0.000000,0.000000,0.000000,3616,90426,25032,0.000000,0.000000,2.902673,4.534441,0.487062,0,0,0.000000,0.000000,8,10,-1,0,,264282
1788459200.946817,92.420502,rx,-1,0.000000,0.000000,0.000000,0.000000,3617,90450,24976,0.000000,0.000000,2.902673,4.534441,0.487062,0,0,0.000000,0.000000,8,10,-1,0,,264282
1788459200.946869,92.420560,tx,-1,0.000000,0.000000,0.000000,0.000000,,,,,,,,,,,,,,,,,aa5501090000000000000000004829,264426
1788459200.994535,92.468220,rx,-1,0.000000,0.000000,0.000000,0.000000,3618,90475,25000,0.000000,0.000000,2.902673,4.534441,0.487062,0,0,0.000000,0.000000,8,10,-1,0,,264426
1788459200.994688,92.468377,rx,-1,0.000000,0.000000,0.000000,0.000000,3619,90501,24980,0.000000,0.000000,2.902673,4.534441,0.487062,0,0,0.000000,0.000000,8,10,-1,0,,264426
1788459200.994708,92.468398,tx,-1,0.000000,0.000000,0.000000,0.000000,,,,,,,,,,,,,,,,,aa5501090000000000000000004829,264570
1788459201.048020,92.521704,rx,-1,0.000000,0.000000,0.000000,0.000000,3620,90525,25028,0.000000,0.000000,2.902673,4.534441,0.487062,0,0,0.000000,0.000000,8,10,-1,0,,264570
1788459201.050540,92.524227,rx,-1,0.000000,0.000000,0.000000,0.000000,3621,90551,24988,0.000000,0.000000,2.902673,4.534441,0.487062,0,0,0.000000,0.000000,8,10,-1,0,,264570
1788459201.050586,92.524277,tx,-1,0.000000,0.000000,0.000000,0.000000,,,,,,,,,,,,,,,,,aa5501090000000000000000004829,264714
1788459201.098736,92.572421,rx,-1,0.000000,0.000000,0.000000,0.000000,3622,90575,25020,0.000000,0.000000,2.902673,4.534441,0.487062,0,0,0.000000,0.000000,8,10,-1,0,,264714
1788459201.098876,92.572566,rx,-1,0.000000,0.000000,0.000000,0.000000,3623,90601,24984,0.000000,0.000000,2.902673,4.534441,0.487062,0,0,0.000000,0.000000,8,10,-1,0,,264714
1788459201.098892,92.572583,tx,-1,0.000000,0.000000,0.000000,0.000000,,,,,,,,,,,,,,,,,aa5501090000000000000000004829,264858
1788459201.151933,92.625608,rx,-1,0.000000,0.000000,0.000000,0.000000,3624,90626,25016,0.000000,0.000000,2.902673,4.534441,0.487062,0,0,0.000000,0.000000,8,10,-1,0,,264858
1788459201.154318,92.628003,rx,-1,0.000000,0.000000,0.000000,0.000000,3625,90650,24988,0.000000,0.000000,2.902673,4.534441,0.487062,0,0,0.000000,0.000000,8,10,-1,0,,264858
1788459201.154376,92.628067,tx,-1,0.000000,0.000000,0.000000,0.000000,,,,,,,,,,,,,,,,,aa5501090000000000000000004829,265002
1788459201.205978,92.679657,rx,-1,0.000000,0.000000,0.000000,0.000000,3626,90676,24976,0.000000,0.000000,2.902673,4.534441,0.487062,0,0,0.000000,0.000000,8,10,-1,0,,265002
1788459201.206137,92.679827,rx,-1,0.000000,0.000000,0.000000,0.000000,3627,90700,25032,0.000000,0.000000,2.902673,4.534441,0.487062,0,0,0.000000,0.000000,8,10,-1,0,,265002
1788459201.206155,92.679844,tx,-1,0.000000,0.000000,0.000000,0.000000,,,,,,,,,,,,,,,,,aa5501090000000000000000004829,265146
1788459201.259451,92.733136,rx,-1,0.000000,0.000000,0.000000,0.000000,3628,90726,24968,0.000000,0.000000,2.902673,4.534441,0.487062,0,0,0.000000,0.000000,8,10,-1,0,,265146
1788459201.261785,92.735474,rx,-1,0.000000,0.000000,0.000000,0.000000,3629,90750,25044,0.000000,0.000000,2.902673,4.534441,0.487062,0,0,0.000000,0.000000,8,10,-1,0,,265146
1788459201.261813,92.735504,tx,-1,0.000000,0.000000,0.000000,0.000000,,,,,,,,,,,,,,,,,aa5501090000000000000000004829,265322
1788459201.314403,92.788088,rx,-1,0.000000,0.000000,0.000000,0.000000,3630,90775,24988,0.000000,0.000000,2.902673,4.534441,0.487062,0,0,0.000000,0.000000,8,10,-1,0,,265322
1788459201.314527,92.788217,rx,-1,0.000000,0.000000,0.000000,0.000000,3631,90801,24984,0.000000,0.000000,2.902673,4.534441,0.487062,0,0,0.000000,0.000000,8,10,-1,0,,265322
1788459201.314595,92.788285,rx,-1,0.000000,0.000000,0.000000,0.000000,3632,90825,25016,0.000000,0.000000,2.902673,4.534441,0.487062,0,0,0.000000,0.000000,8,10,-1,0,,265322
1788459201.314609,92.788300,tx,-1,0.000000,0.000000,0.000000,0.000000,,,,,,,,,,,,,,,,,aa5501090000000000000000004829,265506
1788459201.368115,92.841798,rx,-1,0.000000,0.000000,0.000000,0.000000,3633,90851,24996,0.000000,0.000000,2.902673,4.534441,0.487062,0,0,0.000000,0.000000,8,10,-1,0,,265506
1788459201.370643,92.844332,rx,-1,0.000000,0.000000,0.000000,0.000000,3634,90875,24972,0.000000,0.000000,2.902673,4.534441,0.487062,0,0,0.000000,0.000000,8,10,-1,0,,265506
1788459201.370682,92.844373,tx,-1,0.000000,0.000000,0.000000,0.000000,,,,,,,,,,,,,,,,,aa5501090000000000000000004829,265650
1788459201.418134,92.891815,rx,-1,0.000000,0.000000,0.000000,0.000000,3635,90900,25000,0.000000,0.000000,2.902673,4.534441,0.487062,0,0,0.000000,0.000000,8,10,-1,0,,265650
1788459201.418300,92.891990,rx,-1,0.000000,0.000000,0.000000,0.000000,3636,90926,25048,0.000000,0.000000,2.902673,4.534441,0.487062,0,0,0.000000,0.000000,8,10,-1,0,,265650
1788459201.418321,92.892012,tx,-1,0.000000,0.000000,0.000000,0.000000,,,,,,,,,,,,,,,,,aa5501090000000000000000004829,265794
1788459201.471186,92.944872,rx,-1,0.000000,0.000000,0.000000,0.000000,3637,90950,24960,0.000000,0.000000,2.902673,4.534441,0.487062,0,0,0.000000,0.000000,8,10,-1,0,,265794
1788459201.473477,92.947167,rx,-1,0.000000,0.000000,0.000000,0.000000,3638,90976,25008,0.000000,0.000000,2.902673,4.534441,0.487062,0,0,0.000000,0.000000,8,10,-1,0,,265794
1788459201.473506,92.947197,tx,-1,0.000000,0.000000,0.000000,0.000000,,,,,,,,,,,,,,,,,aa5501090000000000000000004829,265938
1788459201.521361,92.995047,rx,-1,0.000000,0.000000,0.000000,0.000000,3639,91000,25004,0.000000,0.000000,2.902673,4.534441,0.487062,0,0,0.000000,0.000000,8,10,-1,0,,265938
1788459201.521527,92.995217,rx,-1,0.000000,0.000000,0.000000,0.000000,3640,91026,25020,0.000000,0.000000,2.902673,4.534441,0.487062,0,0,0.000000,0.000000,8,10,-1,0,,265938
1788459201.521544,92.995235,tx,-1,0.000000,0.000000,0.000000,0.000000,,,,,,,,,,,,,,,,,aa5501090000000000000000004829,266137
1788459201.573411,93.047086,rx,-1,0.000000,0.000000,0.000000,0.000000,3641,91051,24996,0.000000,0.000000,2.902673,4.534441,0.487062,0,0,0.000000,0.000000,8,10,-1,0,,266137
1788459201.575827,93.049506,rx,-1,0.000000,0.000000,0.000000,0.000000,3642,91075,24988,0.000000,0.000000,2.902673,4.534441,0.487062,0,0,0.000000,0.000000,8,10,-1,0,,266137
1788459201.575910,93.049600,tx,-1,0.000000,0.000000,0.000000,0.000000,,,,,,,,,,,,,,,,,aa5501090000000000000000004829,266281
1788459201.626365,93.100040,rx,-1,0.000000,0.000000,0.000000,0.000000,3643,91101,24988,0.000000,0.000000,2.902673,4.534441,0.487062,0,0,0.000000,0.000000,8,10,-1,0,,266281
1788459201.626518,93.100208,rx,-1,0.000000,0.000000,0.000000,0.000000,3644,91125,25016,0.000000,0.000000,2.902673,4.534441,0.487062,0,0,0.000000,0.000000,8,10,-1,0,,266281
1788459201.626536,93.100226,tx,-1,0.000000,0.000000,0.000000,0.000000,,,,,,,,,,,,,,,,,aa5501090000000000000000004829,266425
1788459201.678983,93.152666,rx,-1,0.000000,0.000000,0.000000,0.000000,3645,91151,24988,0.000000,0.000000,2.902673,4.534441,0.487062,0,0,0.000000,0.000000,8,10,-1,0,,266425
1788459201.681114,93.154802,rx,-1,0.000000,0.000000,0.000000,0.000000,3646,91175,25020,0.000000,0.000000,2.902673,4.534441,0.487062,0,0,0.000000,0.000000,8,10,-1,0,,266425
1788459201.681146,93.154838,tx,-1,0.000000,0.000000,0.000000,0.000000,,,,,,,,,,,,,,,,,aa5501090000000000000000004829,266569
1788459201.731361,93.205042,rx,-1,0.000000,0.000000,0.000000,0.000000,3647,91200,24992,0.000000,0.000000,2.902673,4.534441,0.487062,0,0,0.000000,0.000000,8,10,-1,0,,266569
1788459201.731434,93.205124,rx,-1,0.000000,0.000000,0.000000,0.000000,3648,91226,24992,0.000000,0.000000,2.902673,4.534441,0.487062,0,0,0.000000,0.000000,8,10,-1,0,,266569
1788459201.731447,93.205138,tx,-1,0.000000,0.000000,0.000000,0.000000,,,,,,,,,,,,,,,,,aa5501090000000000000000004829,266713
1788459201.784597,93.258283,rx,-1,0.000000,0.000000,0.000000,0.000000,3649,91250,25008,0.000000,0.000000,2.902673,4.534441,0.487062,0,0,0.000000,0.000000,8,10,-1,0,,266713
1788459201.786721,93.260409,rx,-1,0.000000,0.000000,0.000000,0.000000,3650,91276,24992,0.000000,0.000000,2.902673,4.534441,0.487062,0,0,0.000000,0.000000,8,10,-1,0,,266713
1788459201.786751,93.260442,tx,-1,0.000000,0.000000,0.000000,0.000000,,,,,,,,,,,,,,,,,aa5501090000000000000000004829,266857
1788459201.834759,93.308444,rx,-1,0.000000,0.000000,0.000000,0.000000,3651,91300,24980,0.000000,0.000000,2.902673,4.534441,0.487062,0,0,0.000000,0.000000,8,10,-1,0,,266857
1788459201.834901,93.308589,rx,-1,0.000000,0.000000,0.000000,0.000000,3652,91326,25008,0.000000,0.000000,2.902673,4.534441,0.487062,0,0,0.000000,0.000000,8,10,-1,0,,266857
1788459201.834924,93.308615,tx,-1,0.000000,0.000000,0.000000,0.000000,,,,,,,,,,,,,,,,,aa5501090000000000000000004829,267001
1788459201.888153,93.361835,rx,-1,0.000000,0.000000,0.000000,0.000000,3653,91351,25000,0.000000,0.000000,2.902673,4.534441,0.487062,0,0,0.000000,0.000000,8,10,-1,0,,267001
1788459201.891294,93.364979,rx,-1,0.000000,0.000000,0.000000,0.000000,3654,91375,25028,0.000000,0.000000,2.902673,4.534441,0.487062,0,0,0.000000,0.000000,8,10,-1,0,,267001
1788459201.891358,93.365048,tx,-1,0.000000,0.000000,0.000000,0.000000,,,,,,,,,,,,,,,,,aa5501090000000000000000004829,267145
1788459201.939440,93.413119,rx,-1,0.000000,0.000000,0.000000,0.000000,3655,91401,24964,0.000000,0.000000,2.902673,4.534441,0.487062,0,0,0.000000,0.000000,8,10,-1,0,,267145
1788459201.939658,93.413345,rx,-1,0.000000,0.000000,0.000000,0.000000,3656,91425,25000,0.000000,0.000000,2.902673,4.534441,0.487062,0,0,0.000000,0.000000,8,10,-1,0,,267145
1788459201.939693,93.413383,tx,-1,0.000000,0.000000,0.000000,0.000000,,,,,,,,,,,,,,,,,aa5501090000000000000000004829,267289
1788459201.993734,93.467412,rx,-1,0.000000,0.000000,0.000000,0.000000,3657,91451,25020,0.000000,0.000000,2.902673,4.534441,0.487062,0,0,0.000000,0.000000,8,10,-1,0,,267289
1788459201.997621,93.471303,rx,-1,0.000000,0.000000,0.000000,0.000000,3658,91475,24992,0.000000,0.000000,2.902673,4.534441,0.487062,0,0,0.000000,0.000000,8,10,-1,0,,267289
1788459201.997730,93.471420,tx,-1,0.000000,0.000000,0.000000,0.000000,,,,,,,,,,,,,,,,,aa5501090000000000000000004829,267465
1788459202.046300,93.519975,rx,-1,0.000000,0.000000,0.000000,0.000000,3659,91500,25024,0.000000,0.000000,2.902673,4.534441,0.487062,0,0,0.000000,0.000000,8,10,-1,0,,267465
1788459202.046545,93.520230,rx,-1,0.000000,0.000000,0.000000,0.000000,3660,91526,25000,0.000000,0.000000,2.902673,4.534441,0.487062,0,0,0.000000,0.000000,8,10,-1,0,,267465
1788459202.046617,93.520307,tx,-1,0.000000,0.000000,0.000000,0.000000,,,,,,,,,,,,,,,,,aa5501090000000000000000004829,267641
1788459202.100031,93.573714,rx,-1,0.000000,0.000000,0.000000,0.000000,3661,91550,25004,0.000000,0.000000,2.902673,4.534441,0.487062,0,0,0.000000,0.000000,8,10,-1,0,,267641
1788459202.103574,93.577258,rx,-1,0.000000,0.000000,0.000000,0.000000,3662,91576,25004,0.000000,0.000000,2.902673,4.534441,0.487062,0,0,0.000000,0.000000,8,10,-1,0,,267641
1788459202.103695,93.577382,rx,-1,0.000000,0.000000,0.000000,0.000000,3663,91600,24968,0.000000,0.000000,2.902673,4.534441,0.487062,0,0,0.000000,0.000000,8,10,-1,0,,267641
1788459202.103716,93.577406,tx,-1,0.000000,0.000000,0.000000,0.000000,,,,,,,,,,,,,,,,,aa5501090000000000000000004829,267793
1788459202.151358,93.625036,rx,-1,0.000000,0.000000,0.000000,0.000000,3664,91626,25016,0.000000,0.000000,2.902673,4.534441,0.487062,0,0,0.000000,0.000000,8,10,-1,0,,267793
1788459202.151480,93.625169,rx,-1,0.000000,0.000000,0.000000,0.000000,3665,91651,24992,0.000000,0.000000,2.902673,4.534441,0.487062,0,0,0.000000,0.000000,8,10,-1,0,,267793
1788459202.151505,93.625195,tx,-1,0.000000,0.000000,0.000000,0.000000,,,,,,,,,,,,,,,,,aa5501090000000000000000004829,267937
1788459202.203680,93.677362,rx,-1,0.000000,0.000000,0.000000,0.000000,3666,91675,24988,0.000000,0.000000,2.902673,4.534441,0.487062,0,0,0.000000,0.000000,8,10,-1,0,,267937
1788459202.205798,93.679485,rx,-1,0.000000,0.000000,0.000000,0.000000,3667,91701,25012,0.000000,0.000000,2.902673,4.534441,0.487062,0,0,0.000000,0.000000,8,10,-1,0,,267937
1788459202.205831,93.679522,tx,-1,0.000000,0.000000,0.000000,0.000000,,,,,,,,,,,,,,,,,aa5501090000000000000000004829,268081
1788459202.258387,93.732071,rx,-1,0.000000,0.000000,0.000000,0.000000,3668,91725,24992,0.000000,0.000000,2.902673,4.534441,0.487062,0,0,0.000000,0.000000,8,10,-1,0,,268081
1788459202.258520,93.732210,rx,-1,0.000000,0.000000,0.000000,0.000000,3669,91751,25012,0.000000,0.000000,2.902673,4.534441,0.487062,0,0,0.000000,0.000000,8,10,-1,0,,268081
1788459202.258538,93.732229,tx,-1,0.000000,0.000000,0.000000,0.000000,,,,,,,,,,,,,,,,,aa5501090000000000000000004829,268225
1788459202.312016,93.785702,rx,-1,0.000000,0.000000,0.000000,0.000000,3670,91776,24996,0.000000,0.000000,2.902673,4.534441,0.487062,0,0,0.000000,0.000000,8,10,-1,0,,268225
1788459202.314367,93.788054,rx,-1,0.000000,0.000000,0.000000,0.000000,3671,91800,24984,0.000000,0.000000,2.902673,4.534441,0.487062,0,0,0.000000,0.000000,8,10,-1,0,,268225
1788459202.314405,93.788096,tx,-1,0.000000,0.000000,0.000000,0.000000,,,,,,,,,,,,,,,,,aa5501090000000000000000004829,268369
1788459202.367352,93.841033,rx,-1,0.000000,0.000000,0.000000,0.000000,3672,91826,25000,0.000000,0.000000,2.902673,4.534441,0.487062,0,0,0.000000,0.000000,8,10,-1,0,,268369
1788459202.367540,93.841227,rx,-1,0.000000,0.000000,0.000000,0.000000,3673,91850,25008,0.000000,0.000000,2.902673,4.534441,0.487062,0,0,0.000000,0.000000,8,10,-1,0,,268369
1788459202.367570,93.841260,tx,-1,0.000000,0.000000,0.000000,0.000000,,,,,,,,,,,,,,,,,aa5501090000000000000000004829,268513
1788459202.421526,93.895209,rx,-1,0.000000,0.000000,0.000000,0.000000,3674,91876,25024,0.000000,0.000000,2.902673,4.534441,0.487062,0,0,0.000000,0.000000,8,10,-1,0,,268513
1788459202.424144,93.897830,rx,-1,0.000000,0.000000,0.000000,0.000000,3675,91900,24988,0.000000,0.000000,2.902673,4.534441,0.487062,0,0,0.000000,0.000000,8,10,-1,0,,268513
1788459202.424202,93.897891,tx,-1,0.000000,0.000000,0.000000,0.000000,,,,,,,,,,,,,,,,,aa5501090000000000000000004829,268657
1788459202.472331,93.946013,rx,-1,0.000000,0.000000,0.000000,0.000000,3676,91925,25000,0.000000,0.000000,2.902673,4.534441,0.487062,0,0,0.000000,0.000000,8,10,-1,0,,268657
1788459202.472494,93.946182,rx,-1,0.000000,0.000000,0.000000,0.000000,3677,91951,25008,0.000000,0.000000,2.902673,4.534441,0.487062,0,0,0.000000,0.000000,8,10,-1,0,,268657
1788459202.472518,93.946207,tx,-1,0.000000,0.000000,0.000000,0.000000,,,,,,,,,,,,,,,,,aa5501090000000000000000004829,268833
1788459202.525236,93.998915,rx,-1,0.000000,0.000000,0.000000,0.000000,3678,91975,24976,0.000000,0.000000,2.902673,4.534441,0.487062,0,0,0.000000,0.000000,8,10,-1,0,,268833
1788459202.527511,94.001194,rx,-1,0.000000,0.000000,0.000000,0.000000,3679,92001,25024,0.000000,0.000000,2.902673,4.534441,0.487062,0,0,0.000000,0.000000,8,10,-1,0,,268833
1788459202.527677,94.001366,tx,-1,0.000000,0.000000,0.000000,0.000000,,,,,,,,,,,,,,,,,aa5501090000000000000000004829,269032
1788459202.575352,94.049030,rx,-1,0.000000,0.000000,0.000000,0.000000,3680,92025,24976,0.000000,0.000000,2.902673,4.534441,0.487062,0,0,0.000000,0.000000,8,10,-1,0,,269032
1788459202.575504,94.049193,rx,-1,0.000000,0.000000,0.000000,0.000000,3681,92051,25028,0.000000,0.000000,2.902673,4.534441,0.487062,0,0,0.000000,0.000000,8,10,-1,0,,269032
1788459202.575528,94.049218,tx,-1,0.000000,0.000000,0.000000,0.000000,,,,,,,,,,,,,,,,,aa5501090000000000000000004829,269176
1788459202.629049,94.102731,rx,-1,0.000000,0.000000,0.000000,0.000000,3682,92076,24984,0.000000,0.000000,2.902673,4.534441,0.487062,0,0,0.000000,0.000000,8,10,-1,0,,269176
1788459202.631166,94.104849,rx,-1,0.000000,0.000000,0.000000,0.000000,3683,92100,24988,0.000000,0.000000,2.902673,4.534441,0.487062,0,0,0.000000,0.000000,8,10,-1,0,,269176
1788459202.631233,94.104922,tx,-1,0.000000,0.000000,0.000000,0.000000,,,,,,,,,,,,,,,,,aa5501090000000000000000004829,269352
1788459202.679438,94.153119,rx,-1,0.000000,0.000000,0.000000,0.000000,3684,92126,25032,0.000000,0.000000,2.902673,4.534441,0.487062,0,0,0.000000,0.000000,8,10,-1,0,,269352
1788459202.679601,94.153289,rx,-1,0.000000,0.000000,0.000000,0.000000,3685,92150,24976,0.000000,0.000000,2.902673,4.534441,0.487062,0,0,0.000000,0.000000,8,10,-1,0,,269352
1788459202.679634,94.153323,tx,-1,0.000000,0.000000,0.000000,0.000000,,,,,,,,,,,,,,,,,aa5501090000000000000000004829,269496
1788459202.732636,94.206319,rx,-1,0.000000,0.000000,0.000000,0.000000,3686,92176,25024,0.000000,0.000000,2.902673,4.534441,0.487062,0,0,0.000000,0.000000,8,10,-1,0,,269496
1788459202.735267,94.208954,rx,-1,0.000000,0.000000,0.000000,0.000000,3687,92200,24988,0.000000,0.000000,2.902673,4.534441,0.487062,0,0,0.000000,0.000000,8,10,-1,0,,269496
1788459202.735361,94.209050,rx,-1,0.000000,0.000000,0.000000,0.000000,3688,92225,24992,0.000000,0.000000,2.902673,4.534441,0.487062,0,0,0.000000,0.000000,8,10,-1,0,,269496
1788459202.735378,94.209067,tx,-1,0.000000,0.000000,0.000000,0.000000,,,,,,,,,,,,,,,,,aa5501090000000000000000004829,269648
1788459202.787961,94.261640,rx,-1,0.000000,0.000000,0.000000,0.000000,3689,92251,25016,0.000000,0.000000,2.902673,4.534441,0.487062,0,0,0.000000,0.000000,8,10,-1,0,,269648
1788459202.788155,94.261841,rx,-1,0.000000,0.000000,0.000000,0.000000,3690,92275,24984,0.000000,0.000000,2.902673,4.534441,0.487062,0,0,0.000000,0.000000,8,10,-1,0,,269648
1788459202.788186,94.261875,tx,-1,0.000000,0.000000,0.000000,0.000000,,,,,,,,,,,,,,,,,aa5501090000000000000000004829,269792
1788459202.843037,94.316699,rx,-1,0.000000,0.000000,0.000000,0.000000,3691,92301,25028,0.000000,0.000000,2.902673,4.534441,0.487062,0,0,0.000000,0.000000,8,10,-1,0,,269792
1788459202.847376,94.321049,rx,-1,0.000000,0.000000,0.000000,0.000000,3692,92325,24984,0.000000,0.000000,2.902673,4.534441,0.487062,0,0,0.000000,0.000000,8,10,-1,0,,269792
1788459202.847538,94.321226,tx,-1,0.000000,0.000000,0.000000,0.000000,,,,,,,,,,,,,,,,,aa5501090000000000000000004829,269936
1788459202.896740,94.370416,rx,-1,0.000000,0.000000,0.000000,0.000000,3693,92351,24980,0.000000,0.000000,2.902673,4.534441,0.487062,0,0,0.000000,0.000000,8,10,-1,0,,269936
1788459202.897072,94.370757,rx,-1,0.000000,0.000000,0.000000,0.000000,3694,92376,24992,0.000000,0.000000,2.902673,4.534441,0.487062,0,0,0.000000,0.000000,8,10,-1,0,,269936
1788459202.897113,94.370802,tx,-1,0.000000,0.000000,0.000000,0.000000,,,,,,,,,,,,,,,,,aa5501090000000000000000004829,270080
1788459202.950252,94.423922,rx,-1,0.000000,0.000000,0.000000,0.000000,3695,92400,25032,0.000000,0.000000,2.902673,4.534441,0.487062,0,0,0.000000,0.000000,8,10,-1,0,,270080
1788459202.955110,94.428789,rx,-1,0.000000,0.000000,0.000000,0.000000,3696,92426,24984,0.000000,0.000000,2.902673,4.534441,0.487062,0,0,0.000000,0.000000,8,10,-1,0,,270080
1788459202.955229,94.428918,tx,-1,0.000000,0.000000,0.000000,0.000000,,,,,,,,,,,,,,,,,aa5501090000000000000000004829,270224
1788459203.004106,94.477776,rx,-1,0.000000,0.000000,0.000000,0.000000,3697,92450,25016,0.000000,0.000000,2.902673,4.534441,0.487062,0,0,0.000000,0.000000,8,10,-1,0,,270224
1788459203.004433,94.478118,rx,-1,0.000000,0.000000,0.000000,0.000000,3698,92476,24988,0.000000,0.000000,2.902673,4.534441,0.487062,0,0,0.000000,0.000000,8,10,-1,0,,270224
1788459203.004481,94.478170,tx,-1,0.000000,0.000000,0.000000,0.000000,,,,,,,,,,,,,,,,,aa5501090000000000000000004829,270400
1788459203.058632,94.532301,rx,-1,0.000000,0.000000,0.000000,0.000000,3699,92500,24976,0.000000,0.000000,2.902673,4.534441,0.487062,0,0,0.000000,0.000000,8,10,-1,0,,270400
1788459203.062151,94.535825,rx,-1,0.000000,0.000000,0.000000,0.000000,3700,92525,25004,0.000000,0.000000,2.902673,4.534441,0.487062,0,0,0.000000,0.000000,8,10,-1,0,,270400
1788459203.062328,94.536016,tx,-1,0.000000,0.000000,0.000000,0.000000,,,,,,,,,,,,,,,,,aa5501090000000000000000004829,270576
1788459203.109706,94.583389,rx,-1,0.000000,0.000000,0.000000,0.000000,3701,92551,25004,0.000000,0.000000,2.902673,4.534441,0.487062,0,0,0.000000,0.000000,8,10,-1,0,,270576
1788459203.109843,94.583531,rx,-1,0.000000,0.000000,0.000000,0.000000,3702,92575,24992,0.000000,0.000000,2.902673,4.534441,0.487062,0,0,0.000000,0.000000,8,10,-1,0,,270576
1788459203.109867,94.583556,tx,-1,0.000000,0.000000,0.000000,0.000000,,,,,,,,,,,,,,,,,aa5501090000000000000000004829,270720
1788459203.163724,94.637403,rx,-1,0.000000,0.000000,0.000000,0.000000,3703,92601,25004,0.000000,0.000000,2.902673,4.534441,0.487062,0,0,0.000000,0.000000,8,10,-1,0,,270720
1788459203.166221,94.639904,rx,-1,0.000000,0.000000,0.000000,0.000000,3704,92625,25008,0.000000,0.000000,2.902673,4.534441,0.487062,0,0,0.000000,0.000000,8,10,-1,0,,270720
1788459203.166377,94.640063,rx,-1,0.000000,0.000000,0.000000,0.000000,3705,92650,25008,0.000000,0.000000,2.902673,4.534441,0.487062,0,0,0.000000,0.000000,8,10,-1,0,,270720
1788459203.166406,94.640095,tx,-1,0.000000,0.000000,0.000000,0.000000,,,,,,,,,,,,,,,,,aa5501090000000000000000004829,270872
1788459203.214376,94.688055,rx,-1,0.000000,0.000000,0.000000,0.000000,3706,92676,25008,0.000000,0.000000,2.902673,4.534441,0.487062,0,0,0.000000,0.000000,8,10,-1,0,,270872
1788459203.214588,94.688274,rx,-1,0.000000,0.000000,0.000000,0.000000,3707,92700,24984,0.000000,0.000000,2.902673,4.534441,0.487062,0,0,0.000000,0.000000,8,10,-1,0,,270872
1788459203.214631,94.688320,tx,-1,0.000000,0.000000,0.000000,0.000000,,,,,,,,,,,,,,,,,aa5501090000000000000000004829,271016
1788459203.268777,94.742457,rx,-1,0.000000,0.000000,0.000000,0.000000,3708,92726,24988,0.000000,0.000000,2.902673,4.534441,0.487062,0,0,0.000000,0.000000,8,10,-1,0,,271016
1788459203.271031,94.744718,rx,-1,0.000000,0.000000,0.000000,0.000000,3709,92750,25020,0.000000,0.000000,2.902673,4.534441,0.487062,0,0,0.000000,0.000000,8,10,-1,0,,271016
1788459203.271064,94.744753,tx,-1,0.000000,0.000000,0.000000,0.000000,,,,,,,,,,,,,,,,,aa5501090000000000000000004829,271160
1788459203.324050,94.797733,rx,-1,0.000000,0.000000,0.000000,0.000000,3710,92776,24984,0.000000,0.000000,2.902673,4.534441,0.487062,0,0,0.000000,0.000000,8,10,-1,0,,271160
1788459203.324204,94.797892,rx,-1,0.000000,0.000000,0.000000,0.000000,3711,92801,25032,0.000000,0.000000,2.902673,4.534441,0.487062,0,0,0.000000,0.000000,8,10,-1,0,,271160
1788459203.324219,94.797908,tx,-1,0.000000,0.000000,0.000000,0.000000,,,,,,,,,,,,,,,,,aa5501090000000000000000004829,271304
1788459203.377791,94.851474,rx,-1,0.000000,0.000000,0.000000,0.000000,3712,92825,25000,0.000000,0.000000,2.902673,4.534441,0.487062,0,0,0.000000,0.000000,8,10,-1,0,,271304
1788459203.380333,94.854020,rx,-1,0.000000,0.000000,0.000000,0.000000,3713,92851,24964,0.000000,0.000000,2.902673,4.534441,0.487062,0,0,0.000000,0.000000,8,10,-1,0,,271304
1788459203.380380,94.854069,tx,-1,0.000000,0.000000,0.000000,0.000000,,,,,,,,,,,,,,,,,aa5501090000000000000000004829,271448
1788459203.428466,94.902149,rx,-1,0.000000,0.000000,0.000000,0.000000,3714,92875,25032,0.000000,0.000000,2.902673,4.534441,0.487062,0,0,0.000000,0.000000,8,10,-1,0,,271448
1788459203.428605,94.902293,rx,-1,0.000000,0.000000,0.000000,0.000000,3715,92901,25008,0.000000,0.000000,2.902673,4.534441,0.487062,0,0,0.000000,0.000000,8,10,-1,0,,271448
1788459203.428625,94.902314,tx,-1,0.000000,0.000000,0.000000,0.000000,,,,,,,,,,,,,,,,,aa5501090000000000000000004829,271592
1788459203.482028,94.955708,rx,-1,0.000000,0.000000,0.000000,0.000000,3716,92925,25000,0.000000,0.000000,2.902673,4.534441,0.487062,0,0,0.000000,0.000000,8,10,-1,0,,271592
1788459203.484408,94.958094,rx,-1,0.000000,0.000000,0.000000,0.000000,3717,92950,25004,0.000000,0.000000,2.902673,4.534441,0.487062,0,0,0.000000,0.000000,8,10,-1,0,,271592
1788459203.484453,94.958142,tx,-1,0.000000,0.000000,0.000000,0.000000,,,,,,,,,,,,,,,,,aa5501090000000000000000004829,271736
1788459203.532433,95.006116,rx,-1,0.000000,0.000000,0.000000,0.000000,3718,92976,24996,0.000000,0.000000,2.902673,4.534441,0.487062,0,0,0.000000,0.000000,8,10,-1,0,,271736
1788459203.532584,95.006271,rx,-1,0.000000,0.000000,0.000000,0.000000,3719,93000,24988,0.000000,0.000000,2.902673,4.534441,0.487062,0,0,0.000000,0.000000,8,10,-1,0,,271736
1788459203.532639,95.006328,tx,-1,0.000000,0.000000,0.000000,0.000000,,,,,,,,,,,,,,,,,aa5501090000000000000000004829,271935
1788459203.586437,95.060120,rx,-1,0.000000,0.000000,0.000000,0.000000,3720,93026,24976,0.000000,0.000000,2.902673,4.534441,0.487062,0,0,0.000000,0.000000,8,10,-1,0,,271935
1788459203.588648,95.062335,rx,-1,0.000000,0.000000,0.000000,0.000000,3721,93050,25040,0.000000,0.000000,2.902673,4.534441,0.487062,0,0,0.000000,0.000000,8,10,-1,0,,271935
1788459203.588689,95.062379,tx,-1,0.000000,0.000000,0.000000,0.000000,,,,,,,,,,,,,,,,,aa5501090000000000000000004829,272111
1788459203.641769,95.115449,rx,-1,0.000000,0.000000,0.000000,0.000000,3722,93076,24964,0.000000,0.000000,2.902673,4.534441,0.487062,0,0,0.000000,0.000000,8,10,-1,0,,272111
1788459203.641907,95.115595,rx,-1,0.000000,0.000000,0.000000,0.000000,3723,93101,25000,0.000000,0.000000,2.902673,4.534441,0.487062,0,0,0.000000,0.000000,8,10,-1,0,,272111
1788459203.641976,95.115664,rx,-1,0.000000,0.000000,0.000000,0.000000,3724,93125,25040,0.000000,0.000000,2.902673,4.534441,0.487062,0,0,0.000000,0.000000,8,10,-1,0,,272111
1788459203.641990,95.115678,tx,-1,0.000000,0.000000,0.000000,0.000000,,,,,,,,,,,,,,,,,aa5501090000000000000000004829,272295
1788459203.695679,95.169362,rx,-1,0.000000,0.000000,0.000000,0.000000,3725,93151,24972,0.000000,0.000000,2.902673,4.534441,0.487062,0,0,0.000000,0.000000,8,10,-1,0,,272295
1788459203.698132,95.171818,rx,-1,0.000000,0.000000,0.000000,0.000000,3726,93175,24980,0.000000,0.000000,2.902673,4.534441,0.487062,0,0,0.000000,0.000000,8,10,-1,0,,272295
1788459203.698179,95.171867,tx,-1,0.000000,0.000000,0.000000,0.000000,,,,,,,,,,,,,,,,,aa5501090000000000000000004829,272439
1788459203.751285,95.224967,rx,-1,0.000000,0.000000,0.000000,0.000000,3727,93201,25044,0.000000,0.000000,2.902673,4.534441,0.487062,0,0,0.000000,0.000000,8,10,-1,0,,272439
1788459203.751441,95.225128,rx,-1,0.000000,0.000000,0.000000,0.000000,3728,93225,24972,0.000000,0.000000,2.902673,4.534441,0.487062,0,0,0.000000,0.000000,8,10,-1,0,,272439
1788459203.751461,95.225150,tx,-1,0.000000,0.000000,0.000000,0.000000,,,,,,,,,,,,,,,,,aa5501090000000000000000004829,272583
1788459203.805230,95.278911,rx,-1,0.000000,0.000000,0.000000,0.000000,3729,93250,25008,0.000000,0.000000,2.902673,4.534441,0.487062,0,0,0.000000,0.000000,8,10,-1,0,,272583
1788459203.807756,95.281438,rx,-1,0.000000,0.000000,0.000000,0.000000,3730,93276,24996,0.000000,0.000000,2.902673,4.534441,0.487062,0,0,0.000000,0.000000,8,10,-1,0,,272583
1788459203.807806,95.281495,tx,-1,0.000000,0.000000,0.000000,0.000000,,,,,,,,,,,,,,,,,aa5501090000000000000000004829,272727
1788459203.861150,95.334827,rx,-1,0.000000,0.000000,0.000000,0.000000,3731,93300,24992,0.000000,0.000000,2.902673,4.534441,0.487062,0,0,0.000000,0.000000,8,10,-1,0,,272727
1788459203.861302,95.334990,rx,-1,0.000000,0.000000,0.000000,0.000000,3732,93326,25020,0.000000,0.000000,2.902673,4.534441,0.487062,0,0,0.000000,0.000000,8,10,-1,0,,272727
1788459203.861321,95.335010,tx,-1,0.000000,0.000000,0.000000,0.000000,,,,,,,,,,,,,,,,,aa5501090000000000000000004829,272871
1788459203.914299,95.387983,rx,-1,0.000000,0.000000,0.000000,0.000000,3733,93350,24976,0.000000,0.000000,2.902673,4.534441,0.487062,0,0,0.000000,0.000000,8,10,-1,0,,272871
1788459203.916661,95.390347,rx,-1,0.000000,0.000000,0.000000,0.000000,3734,93376,25020,0.000000,0.000000,2.902673,4.534441,0.487062,0,0,0.000000,0.000000,8,10,-1,0,,272871
1788459203.916706,95.390395,tx,-1,0.000000,0.000000,0.000000,0.000000,,,,,,,,,,,,,,,,,aa5501090000000000000000004829,273047
1788459203.964646,95.438327,rx,-1,0.000000,0.000000,0.000000,0.000000,3735,93401,24984,0.000000,0.000000,2.902673,4.534441,0.487062,0,0,0.000000,0.000000,8,10,-1,0,,273047
1788459203.964798,95.438485,rx,-1,0.000000,0.000000,0.000000,0.000000,3736,93425,24988,0.000000,0.000000,2.902673,4.534441,0.487062,0,0,0.000000,0.000000,8,10,-1,0,,273047
1788459203.964820,95.438508,tx,-1,0.000000,0.000000,0.000000,0.000000,,,,,,,,,,,,,,,,,aa5501090000000000000000004829,273191
1788459204.018054,95.491736,rx,-1,0.000000,0.000000,0.000000,0.000000,3737,93451,25028,0.000000,0.000000,2.902673,4.534441,0.487062,0,0,0.000000,0.000000,8,10,-1,0,,273191
1788459204.020417,95.494103,rx,-1,0.000000,0.000000,0.000000,0.000000,3738,93475,24988,0.000000,0.000000,2.902673,4.534441,0.487062,0,0,0.000000,0.000000,8,10,-1,0,,273191
1788459204.020467,95.494155,tx,-1,0.000000,0.000000,0.000000,0.000000,,,,,,,,,,,,,,,,,aa5501090000000000000000004829,273367
1788459204.068395,95.542076,rx,-1,0.000000,0.000000,0.000000,0.000000,3739,93501,25024,0.000000,0.000000,2.902673,4.534441,0.487062,0,0,0.000000,0.000000,8,10,-1,0,,273367
1788459204.068569,95.542256,rx,-1,0.000000,0.000000,0.000000,0.000000,3740,93526,24988,0.000000,0.000000,2.902673,4.534441,0.487062,0,0,0.000000,0.000000,8,10,-1,0,,273367
1788459204.068602,95.542290,tx,-1,0.000000,0.000000,0.000000,0.000000,,,,,,,,,,,,,,,,,aa5501090000000000000000004829,273511
1788459204.121674,95.595358,rx,-1,0.000000,0.000000,0.000000,0.000000,3741,93550,24992,0.000000,0.000000,2.902673,4.534441,0.487062,0,0,0.000000,0.000000,8,10,-1,0,,273511
1788459204.123791,95.597477,rx,-1,0.000000,0.000000,0.000000,0.000000,3742,93576,25020,0.000000,0.000000,2.902673,4.534441,0.487062,0,0,0.000000,0.000000,8,10,-1,0,,273511
1788459204.123874,95.597561,rx,-1,0.000000,0.000000,0.000000,0.000000,3743,93600,24976,0.000000,0.000000,2.902673,4.534441,0.487062,0,0,0.000000,0.000000,8,10,-1,0,,273511
1788459204.123887,95.597576,tx,-1,0.000000,0.000000,0.000000,0.000000,,,,,,,,,,,,,,,,,aa5501090000000000000000004829,273663
1788459204.177333,95.651018,rx,-1,0.000000,0.000000,0.000000,0.000000,3744,93626,25028,0.000000,0.000000,2.902673,4.534441,0.487062,0,0,0.000000,0.000000,8,10,-1,0,,273663
1788459204.177448,95.651135,rx,-1,0.000000,0.000000,0.000000,0.000000,3745,93650,24980,0.000000,0.000000,2.902673,4.534441,0.487062,0,0,0.000000,0.000000,8,10,-1,0,,273663
1788459204.177461,95.651150,tx,-1,0.000000,0.000000,0.000000,0.000000,,,,,,,,,,,,,,,,,aa5501090000000000000000004829,273807
1788459204.230403,95.704076,rx,-1,0.000000,0.000000,0.000000,0.000000,3746,93675,24988,0.000000,0.000000,2.902673,4.534441,0.487062,0,0,0.000000,0.000000,8,10,-1,0,,273807
1788459204.232743,95.706424,rx,-1,0.000000,0.000000,0.000000,0.000000,3747,93701,25000,0.000000,0.000000,2.902673,4.534441,0.487062,0,0,0.000000,0.000000,8,10,-1,0,,273807
1788459204.232796,95.706484,tx,-1,0.000000,0.000000,0.000000,0.000000,,,,,,,,,,,,,,,,,aa5501090000000000000000004829,273951
1788459204.284531,95.758207,rx,-1,0.000000,0.000000,0.000000,0.000000,3748,93725,25032,0.000000,0.000000,2.902673,4.534441,0.487062,0,0,0.000000,0.000000,8,10,-1,0,,273951
1788459204.284669,95.758356,rx,-1,0.000000,0.000000,0.000000,0.000000,3749,93751,24980,0.000000,0.000000,2.902673,4.534441,0.487062,0,0,0.000000,0.000000,8,10,-1,0,,273951
1788459204.284685,95.758373,tx,-1,0.000000,0.000000,0.000000,0.000000,,,,,,,,,,,,,,,,,aa5501090000000000000000004829,274095
1788459204.337126,95.810811,rx,-1,0.000000,0.000000,0.000000,0.000000,3750,93775,24996,0.000000,0.000000,2.902673,4.534441,0.487062,0,0,0.000000,0.000000,8,10,-1,0,,274095
1788459204.339347,95.813034,rx,-1,0.000000,0.000000,0.000000,0.000000,3751,93801,25020,0.000000,0.000000,2.902673,4.534441,0.487062,0,0,0.000000,0.000000,8,10,-1,0,,274095
1788459204.339377,95.813066,tx,-1,0.000000,0.000000,0.000000,0.000000,,,,,,,,,,,,,,,,,aa5501090000000000000000004829,274239
1788459204.392191,95.865875,rx,-1,0.000000,0.000000,0.000000,0.000000,3752,93826,24984,0.000000,0.000000,2.902673,4.534441,0.487062,0,0,0.000000,0.000000,8,10,-1,0,,274239
1788459204.392301,95.865988,rx,-1,0.000000,0.000000,0.000000,0.000000,3753,93850,24988,0.000000,0.000000,2.902673,4.534441,0.487062,0,0,0.000000,0.000000,8,10,-1,0,,274239
1788459204.392316,95.866004,tx,-1,0.000000,0.000000,0.000000,0.000000,,,,,,,,,,,,,,,,,aa5501090000000000000000004829,274383
1788459204.445205,95.918882,rx,-1,0.000000,0.000000,0.000000,0.000000,3754,93876,25016,0.000000,0.000000,2.902673,4.534441,0.487062,0,0,0.000000,0.000000,8,10,-1,0,,274383
1788459204.447921,95.921604,rx,-1,0.000000,0.000000,0.000000,0.000000,3755,93900,24992,0.000000,0.000000,2.902673,4.534441,0.487062,0,0,0.000000,0.000000,8,10,-1,0,,274383
1788459204.447978,95.921666,tx,-1,0.000000,0.000000,0.000000,0.000000,,,,,,,,,,,,,,,,,aa5501090000000000000000004829,274559
1788459204.495920,95.969602,rx,-1,0.000000,0.000000,0.000000,0.000000,3756,93926,25012,0.000000,0.000000,2.902673,4.534441,0.487062,0,0,0.000000,0.000000,8,10,-1,0,,274559
1788459204.496051,95.969737,rx,-1,0.000000,0.000000,0.000000,0.000000,3757,93950,25000,0.000000,0.000000,2.902673,4.534441,0.487062,0,0,0.000000,0.000000,8,10,-1,0,,274559
1788459204.496071,95.969759,tx,-1,0.000000,0.000000,0.000000,0.000000,,,,,,,,,,,,,,,,,aa5501090000000000000000004829,274703
1788459204.549577,96.023249,rx,-1,0.000000,0.000000,0.000000,0.000000,3758,93975,25004,0.000000,0.000000,2.902673,4.534441,0.487062,0,0,0.000000,0.000000,8,10,-1,0,,274703
1788459204.551899,96.025582,rx,-1,0.000000,0.000000,0.000000,0.000000,3759,94001,24964,0.000000,0.000000,2.902673,4.534441,0.487062,0,0,0.000000,0.000000,8,10,-1,0,,274703
1788459204.551987,96.025675,tx,-1,0.000000,0.000000,0.000000,0.000000,,,,,,,,,,,,,,,,,aa5501090000000000000000004829,274934
1788459204.600094,96.073772,rx,-1,0.000000,0.000000,0.000000,0.000000,3760,94025,25020,0.000000,0.000000,2.902673,4.534441,0.487062,0,0,0.000000,0.000000,8,10,-1,0,,274934
1788459204.600258,96.073944,rx,-1,0.000000,0.000000,0.000000,0.000000,3761,94051,25000,0.000000,0.000000,2.902673,4.534441,0.487062,0,0,0.000000,0.000000,8,10,-1,0,,274934
1788459204.600290,96.073978,tx,-1,0.000000,0.000000,0.000000,0.000000,,,,,,,,,,,,,,,,,aa5501090000000000000000004829,275078
1788459204.654222,96.127895,rx,-1,0.000000,0.000000,0.000000,0.000000,3762,94075,24980,0.000000,0.000000,2.902673,4.534441,0.487062,0,0,0.000000,0.000000,8,10,-1,0,,275078
1788459204.658430,96.132103,rx,-1,0.000000,0.000000,0.000000,0.000000,3763,94101,25028,0.000000,0.000000,2.902673,4.534441,0.487062,0,0,0.000000,0.000000,8,10,-1,0,,275078
1788459204.658675,96.132360,rx,-1,0.000000,0.000000,0.000000,0.000000,3764,94126,24980,0.000000,0.000000,2.902673,4.534441,0.487062,0,0,0.000000,0.000000,8,10,-1,0,,275078
1788459204.658700,96.132388,tx,-1,0.000000,0.000000,0.000000,0.000000,,,,,,,,,,,,,,,,,aa5501090000000000000000004829,275230
1788459204.707505,96.181181,rx,-1,0.000000,0.000000,0.000000,0.000000,3765,94150,25040,0.000000,0.000000,2.902673,4.534441,0.487062,0,0,0.000000,0.000000,8,10,-1,0,,275230
1788459204.707766,96.181450,rx,-1,0.000000,0.000000,0.000000,0.000000,3766,94176,24964,0.000000,0.000000,2.902673,4.534441,0.487062,0,0,0.000000,0.000000,8,10,-1,0,,275230
1788459204.707803,96.181490,tx,-1,0.000000,0.000000,0.000000,0.000000,,,,,,,,,,,,,,,,,aa5501090000000000000000004829,275374
1788459204.762481,96.236158,rx,-1,0.000000,0.000000,0.000000,0.000000,3767,94200,24992,0.000000,0.000000,2.902673,4.534441,0.487062,0,0,0.000000,0.000000,8,10,-1,0,,275374
1788459204.765022,96.238702,rx,-1,0.000000,0.000000,0.000000,0.000000,3768,94226,25012,0.000000,0.000000,2.902673,4.534441,0.487062,0,0,0.000000,0.000000,8,10,-1,0,,275374
1788459204.765107,96.238795,tx,-1,0.000000,0.000000,0.000000,0.000000,,,,,,,,,,,,,,,,,aa5501090000000000000000004829,275518
1788459204.813005,96.286680,rx,-1,0.000000,0.000000,0.000000,0.000000,3769,94251,24992,0.000000,0.000000,2.902673,4.534441,0.487062,0,0,0.000000,0.000000,8,10,-1,0,,275518
1788459204.813143,96.286830,rx,-1,0.000000,0.000000,0.000000,0.000000,3770,94275,24996,0.000000,0.000000,2.902673,4.534441,0.487062,0,0,0.000000,0.000000,8,10,-1,0,,275518
1788459204.813159,96.286847,tx,-1,0.000000,0.000000,0.000000,0.000000,,,,,,,,,,,,,,,,,aa5501090000000000000000004829,275662
1788459204.865825,96.339506,rx,-1,0.000000,0.000000,0.000000,0.000000,3771,94301,25008,0.000000,0.000000,2.902673,4.534441,0.487062,0,0,0.000000,0.000000,8,10,-1,0,,275662
1788459204.868054,96.341739,rx,-1,0.000000,0.000000,0.000000,0.000000,3772,94325,25016,0.000000,0.000000,2.902673,4.534441,0.487062,0,0,0.000000,0.000000,8,10,-1,0,,275662
1788459204.868091,96.341779,tx,-1,0.000000,0.000000,0.000000,0.000000,,,,,,,,,,,,,,,,,aa5501090000000000000000004829,275806
1788459204.915933,96.389619,rx,-1,0.000000,0.000000,0.000000,0.000000,3773,94351,25000,0.000000,0.000000,2.902673,4.534441,0.487062,0,0,0.000000,0.000000,8,10,-1,0,,275806
1788459204.916042,96.389729,rx,-1,0.000000,0.000000,0.000000,0.000000,3774,94375,24980,0.000000,0.000000,2.902673,4.534441,0.487062,0,0,0.000000,0.000000,8,10,-1,0,,275806
1788459204.916056,96.389743,tx,-1,0.000000,0.000000,0.000000,0.000000,,,,,,,,,,,,,,,,,aa5501090000000000000000004829,275950
1788459204.968861,96.442545,rx,-1,0.000000,0.000000,0.000000,0.000000,3775,94400,25028,0.000000,0.000000,2.902673,4.534441,0.487062,0,0,0.000000,0.000000,8,10,-1,0,,275950
1788459204.971032,96.444717,rx,-1,0.000000,0.000000,0.000000,0.000000,3776,94426,24988,0.000000,0.000000,2.902673,4.534441,0.487062,0,0,0.000000,0.000000,8,10,-1,0,,275950
1788459204.971058,96.444746,tx,-1,0.000000,0.000000,0.000000,0.000000,,,,,,,,,,,,,,,,,aa5501090000000000000000004829,276094
1788459205.019004,96.492688,rx,-1,0.000000,0.000000,0.000000,0.000000,3777,94450,24984,0.000000,0.000000,2.902673,4.534441,0.487062,0,0,0.000000,0.000000,8,10,-1,0,,276094
1788459205.019098,96.492785,rx,-1,0.000000,0.000000,0.000000,0.000000,3778,94476,25028,0.000000,0.000000,2.902673,4.534441,0.487062,0,0,0.000000,0.000000,8,10,-1,0,,276094
1788459205.019116,96.492803,tx,-1,0.000000,0.000000,0.000000,0.000000,,,,,,,,,,,,,,,,,aa5501090000000000000000004829,276238
1788459205.071546,96.545223,rx,-1,0.000000,0.000000,0.000000,0.000000,3779,94500,24992,0.000000,0.000000,2.902673,4.534441,0.487062,0,0,0.000000,0.000000,8,10,-1,0,,276238
1788459205.073855,96.547536,rx,-1,0.000000,0.000000,0.000000,0.000000,3780,94526,25008,0.000000,0.000000,2.902673,4.534441,0.487062,0,0,0.000000,0.000000,8,10,-1,0,,276238
1788459205.073902,96.547590,tx,-1,0.000000,0.000000,0.000000,0.000000,,,,,,,,,,,,,,,,,aa5501090000000000000000004829,276382
1788459205.126682,96.600362,rx,-1,0.000000,0.000000,0.000000,0.000000,3781,94551,25000,0.000000,0.000000,2.902673,4.534441,0.487062,0,0,0.000000,0.000000,8,10,-1,0,,276382
1788459205.126791,96.600477,rx,-1,0.000000,0.000000,0.000000,0.000000,3782,94575,24996,0.000000,0.000000,2.902673,4.534441,0.487062,0,0,0.000000,0.000000,8,10,-1,0,,276382
1788459205.126806,96.600494,tx,-1,0.000000,0.000000,0.000000,0.000000,,,,,,,,,,,,,,,,,aa5501090000000000000000004829,276526
1788459205.179823,96.653507,rx,-1,0.000000,0.000000,0.000000,0.000000,3783,94601,25000,0.000000,0.000000,2.902673,4.534441,0.487062,0,0,0.000000,0.000000,8,10,-1,0,,276526
1788459205.181960,96.655646,rx,-1,0.000000,0.000000,0.000000,0.000000,3784,94625,24972,0.000000,0.000000,2.902673,4.534441,0.487062,0,0,0.000000,0.000000,8,10,-1,0,,276526
1788459205.181994,96.655681,tx,-1,0.000000,0.000000,0.000000,0.000000,,,,,,,,,,,,,,,,,aa5501090000000000000000004829,276702
1788459205.230025,96.703708,rx,-1,0.000000,0.000000,0.000000,0.000000,3785,94651,25040,0.000000,0.000000,2.902673,4.534441,0.487062,0,0,0.000000,0.000000,8,10,-1,0,,276702
1788459205.230152,96.703837,rx,-1,0.000000,0.000000,0.000000,0.000000,3786,94675,24988,0.000000,0.000000,2.902673,4.534441,0.487062,0,0,0.000000,0.000000,8,10,-1,0,,276702
1788459205.230174,96.703861,tx,-1,0.000000,0.000000,0.000000,0.000000,,,,,,,,,,,,,,,,,aa5501090000000000000000004829,276846
1788459205.283818,96.757500,rx,-1,0.000000,0.000000,0.000000,0.000000,3787,94700,25008,0.000000,0.000000,2.902673,4.534441,0.487062,0,0,0.000000,0.000000,8,10,-1,0,,276846
1788459205.286032,96.759715,rx,-1,0.000000,0.000000,0.000000,0.000000,3788,94726,24996,0.000000,0.000000,2.902673,4.534441,0.487062,0,0,0.000000,0.000000,8,10,-1,0,,276846
1788459205.286075,96.759763,tx,-1,0.000000,0.000000,0.000000,0.000000,,,,,,,,,,,,,,,,,aa5501090000000000000000004829,277022
1788459205.339260,96.812941,rx,-1,0.000000,0.000000,0.000000,0.000000,3789,94750,24976,0.000000,0.000000,2.902673,4.534441,0.487062,0,0,0.000000,0.000000,8,10,-1,0,,277022
1788459205.339356,96.813043,rx,-1,0.000000,0.000000,0.000000,0.000000,3790,94776,24992,0.000000,0.000000,2.902673,4.534441,0.487062,0,0,0.000000,0.000000,8,10,-1,0,,277022
1788459205.339406,96.813093,rx,-1,0.000000,0.000000,0.000000,0.000000,3791,94800,25028,0.000000,0.000000,2.902673,4.534441,0.487062,0,0,0.000000,0.000000,8,10,-1,0,,277022
1788459205.339416,96.813103,tx,-1,0.000000,0.000000,0.000000,0.000000,,,,,,,,,,,,,,,,,aa5501090000000000000000004829,277174
1788459205.391799,96.865479,rx,-1,0.000000,0.000000,0.000000,0.000000,3792,94825,24968,0.000000,0.000000,2.902673,4.534441,0.487062,0,0,0.000000,0.000000,8,10,-1,0,,277174
1788459205.393982,96.867662,rx,-1,0.000000,0.000000,0.000000,0.000000,3793,94851,25004,0.000000,0.000000,2.902673,4.534441,0.487062,0,0,0.000000,0.000000,8,10,-1,0,,277174
1788459205.394041,96.867728,tx,-1,0.000000,0.000000,0.000000,0.000000,,,,,,,,,,,,,,,,,aa5501090000000000000000004829,277318
1788459205.447041,96.920719,rx,-1,0.000000,0.000000,0.000000,0.000000,3794,94875,25004,0.000000,0.000000,2.902673,4.534441,0.487062,0,0,0.000000,0.000000,8,10,-1,0,,277318
1788459205.447263,96.920947,rx,-1,0.000000,0.000000,0.000000,0.000000,3795,94901,25020,0.000000,0.000000,2.902673,4.534441,0.487062,0,0,0.000000,0.000000,8,10,-1,0,,277318
1788459205.447364,96.921051,tx,-1,0.000000,0.000000,0.000000,0.000000,,,,,,,,,,,,,,,,,aa5501090000000000000000004829,277462
1788459205.500099,96.973780,rx,-1,0.000000,0.000000,0.000000,0.000000,3796,94925,25020,0.000000,0.000000,2.902673,4.534441,0.487062,0,0,0.000000,0.000000,8,10,-1,0,,277462
1788459205.505078,96.978758,rx,-1,0.000000,0.000000,0.000000,0.000000,3797,94951,24988,0.000000,0.000000,2.902673,4.534441,0.487062,0,0,0.000000,0.000000,8,10,-1,0,,277462
1788459205.505140,96.978828,tx,-1,0.000000,0.000000,0.000000,0.000000,,,,,,,,,,,,,,,,,aa5501090000000000000000004829,277606
1788459205.552498,97.026182,rx,-1,0.000000,0.000000,0.000000,0.000000,3798,94976,24992,0.000000,0.000000,2.902673,4.534441,0.487062,0,0,0.000000,0.000000,8,10,-1,0,,277606
1788459205.552582,97.026269,rx,-1,0.000000,0.000000,0.000000,0.000000,3799,95000,25000,0.000000,0.000000,2.902673,4.534441,0.487062,0,0,0.000000,0.000000,8,10,-1,0,,277606
1788459205.552621,97.026309,tx,-1,0.000000,0.000000,0.000000,0.000000,,,,,,,,,,,,,,,,,aa5501090000000000000000004829,277805
1788459205.605503,97.079187,rx,-1,0.000000,0.000000,0.000000,0.000000,3800,95026,24996,0.000000,0.000000,2.902673,4.534441,0.487062,0,0,0.000000,0.000000,8,10,-1,0,,277805
1788459205.607367,97.081052,rx,-1,0.000000,0.000000,0.000000,0.000000,3801,95050,25016,0.000000,0.000000,2.902673,4.534441,0.487062,0,0,0.000000,0.000000,8,10,-1,0,,277805
1788459205.607387,97.081075,tx,-1,0.000000,0.000000,0.000000,0.000000,,,,,,,,,,,,,,,,,aa5501090000000000000000004829,277949
1788459205.660964,97.134645,rx,-1,0.000000,0.000000,0.000000,0.000000,3802,95076,25004,0.000000,0.000000,2.902673,4.534441,0.487062,0,0,0.000000,0.000000,8,10,-1,0,,277949
1788459205.661083,97.134769,rx,-1,0.000000,0.000000,0.000000,0.000000,3803,95100,24968,0.000000,0.000000,2.902673,4.534441,0.487062,0,0,0.000000,0.000000,8,10,-1,0,,277949
1788459205.661107,97.134794,tx,-1,0.000000,0.000000,0.000000,0.000000,,,,,,,,,,,,,,,,,aa5501090000000000000000004829,278125
1788459205.713892,97.187575,rx,-1,0.000000,0.000000,0.000000,0.000000,3804,95125,25016,0.000000,0.000000,2.902673,4.534441,0.487062,0,0,0.000000,0.000000,8,10,-1,0,,278125
1788459205.715911,97.189592,rx,-1,0.000000,0.000000,0.000000,0.000000,3805,95151,24996,0.000000,0.000000,2.902673,4.534441,0.487062,0,0,0.000000,0.000000,8,10,-1,0,,278125
1788459205.715967,97.189653,tx,-1,0.000000,0.000000,0.000000,0.000000,,,,,,,,,,,,,,,,,aa5501090000000000000000004829,278301
1788459205.768339,97.242021,rx,-1,0.000000,0.000000,0.000000,0.000000,3806,95175,24976,0.000000,0.000000,2.902673,4.534441,0.487062,0,0,0.000000,0.000000,8,10,-1,0,,278301
1788459205.768434,97.242121,rx,-1,0.000000,0.000000,0.000000,0.000000,3807,95201,25032,0.000000,0.000000,2.902673,4.534441,0.487062,0,0,0.000000,0.000000,8,10,-1,0,,278301
1788459205.768482,97.242168,rx,-1,0.000000,0.000000,0.000000,0.000000,3808,95225,25000,0.000000,0.000000,2.902673,4.534441,0.487062,0,0,0.000000,0.000000,8,10,-1,0,,278301
1788459205.768493,97.242180,tx,-1,0.000000,0.000000,0.000000,0.000000,,,,,,,,,,,,,,,,,aa5501090000000000000000004829,278453
1788459205.821650,97.295332,rx,-1,0.000000,0.000000,0.000000,0.000000,3809,95251,24968,0.000000,0.000000,2.902673,4.534441,0.487062,0,0,0.000000,0.000000,8,10,-1,0,,278453
1788459205.823940,97.297622,rx,-1,0.000000,0.000000,0.000000,0.000000,3810,95276,25024,0.000000,0.000000,2.902673,4.534441,0.487062,0,0,0.000000,0.000000,8,10,-1,0,,278453
1788459205.823988,97.297675,tx,-1,0.000000,0.000000,0.000000,0.000000,,,,,,,,,,,,,,,,,aa5501090000000000000000004829,278597
1788459205.871952,97.345632,rx,-1,0.000000,0.000000,0.000000,0.000000,3811,95300,25012,0.000000,0.000000,2.902673,4.534441,0.487062,0,0,0.000000,0.000000,8,10,-1,0,,278597
1788459205.872078,97.345763,rx,-1,0.000000,0.000000,0.000000,0.000000,3812,95326,25000,0.000000,0.000000,2.902673,4.534441,0.487062,0,0,0.000000,0.000000,8,10,-1,0,,278597
1788459205.872096,97.345783,tx,-1,0.000000,0.000000,0.000000,0.000000,,,,,,,,,,,,,,,,,aa5501090000000000000000004829,278741
1788459205.926035,97.399709,rx,-1,0.000000,0.000000,0.000000,0.000000,3813,95350,24976,0.000000,0.000000,2.902673,4.534441,0.487062,0,0,0.000000,0.000000,8,10,-1,0,,278741
1788459205.928383,97.402067,rx,-1,0.000000,0.000000,0.000000,0.000000,3814,95376,25028,0.000000,0.000000,2.902673,4.534441,0.487062,0,0,0.000000,0.000000,8,10,-1,0,,278741
1788459205.928421,97.402107,tx,-1,0.000000,0.000000,0.000000,0.000000,,,,,,,,,,,,,,,,,aa5501090000000000000000004829,278885
1788459205.981457,97.455134,rx,-1,0.000000,0.000000,0.000000,0.000000,3815,95400,24992,0.000000,0.000000,2.902673,4.534441,0.487062,0,0,0.000000,0.000000,8,10,-1,0,,278885
1788459205.981606,97.455292,rx,-1,0.000000,0.000000,0.000000,0.000000,3816,95425,25012,0.000000,0.000000,2.902673,4.534441,0.487062,0,0,0.000000,0.000000,8,10,-1,0,,278885
1788459205.981625,97.455311,tx,-1,0.000000,0.000000,0.000000,0.000000,,,,,,,,,,,,,,,,,aa5501090000000000000000004829,279029
1788459206.035883,97.509561,rx,-1,0.000000,0.000000,0.000000,0.000000,3817,95451,24988,0.000000,0.000000,2.902673,4.534441,0.487062,0,0,0.000000,0.000000,8,10,-1,0,,279029
1788459206.038315,97.511999,rx,-1,0.000000,0.000000,0.000000,0.000000,3818,95475,24972,0.000000,0.000000,2.902673,4.534441,0.487062,0,0,0.000000,0.000000,8,10,-1,0,,279029
1788459206.038347,97.512034,tx,-1,0.000000,0.000000,0.000000,0.000000,,,,,,,,,,,,,,,,,aa5501090000000000000000004829,279173
1788459206.086599,97.560275,rx,-1,0.000000,0.000000,0.000000,0.000000,3819,95501,25024,0.000000,0.000000,2.902673,4.534441,0.487062,0,0,0.000000,0.000000,8,10,-1,0,,279173
1788459206.086740,97.560425,rx,-1,0.000000,0.000000,0.000000,0.000000,3820,95525,25012,0.000000,0.000000,2.902673,4.534441,0.487062,0,0,0.000000,0.000000,8,10,-1,0,,279173
1788459206.086757,97.560443,tx,-1,0.000000,0.000000,0.000000,0.000000,,,,,,,,,,,,,,,,,aa5501090000000000000000004829,279317
1788459206.139137,97.612817,rx,-1,0.000000,0.000000,0.000000,0.000000,3821,95551,24996,0.000000,0.000000,2.902673,4.534441,0.487062,0,0,0.000000,0.000000,8,10,-1,0,,279317
1788459206.141292,97.614973,rx,-1,0.000000,0.000000,0.000000,0.000000,3822,95576,24992,0.000000,0.000000,2.902673,4.534441,0.487062,0,0,0.000000,0.000000,8,10,-1,0,,279317
1788459206.141354,97.615040,tx,-1,0.000000,0.000000,0.000000,0.000000,,,,,,,,,,,,,,,,,aa5501090000000000000000004829,279461
1788459206.189321,97.662996,rx,-1,0.000000,0.000000,0.000000,0.000000,3823,95600,24992,0.000000,0.000000,2.902673,4.534441,0.487062,0,0,0.000000,0.000000,8,10,-1,0,,279461
1788459206.189496,97.663181,rx,-1,0.000000,0.000000,0.000000,0.000000,3824,95626,25016,0.000000,0.000000,2.902673,4.534441,0.487062,0,0,0.000000,0.000000,8,10,-1,0,,279461
1788459206.189518,97.663204,tx,-1,0.000000,0.000000,0.000000,0.000000,,,,,,,,,,,,,,,,,aa5501090000000000000000004829,279605
1788459206.242256,97.715935,rx,-1,0.000000,0.000000,0.000000,0.000000,3825,95650,24964,0.000000,0.000000,2.902673,4.534441,0.487062,0,0,0.000000,0.000000,8,10,-1,0,,279605
1788459206.244473,97.718157,rx,-1,0.000000,0.000000,0.000000,0.000000,3826,95676,25004,0.000000,0.000000,2.902673,4.534441,0.487062,0,0,0.000000,0.000000,8,10,-1,0,,279605
1788459206.244516,97.718202,tx,-1,0.000000,0.000000,0.000000,0.000000,,,,,,,,,,,,,,,,,aa5501090000000000000000004829,279781
1788459206.297904,97.771577,rx,-1,0.000000,0.000000,0.000000,0.000000,3827,95700,25024,0.000000,0.000000,2.902673,4.534441,0.487062,0,0,0.000000,0.000000,8,10,-1,0,,279781
1788459206.298057,97.771742,rx,-1,0.000000,0.000000,0.000000,0.000000,3828,95725,25020,0.000000,0.000000,2.902673,4.534441,0.487062,0,0,0.000000,0.000000,8,10,-1,0,,279781
1788459206.298084,97.771770,tx,-1,0.000000,0.000000,0.000000,0.000000,,,,,,,,,,,,,,,,,aa5501090000000000000000004829,279957
1788459206.351897,97.825569,rx,-1,0.000000,0.000000,0.000000,0.000000,3829,95751,24988,0.000000,0.000000,2.902673,4.534441,0.487062,0,0,0.000000,0.000000,8,10,-1,0,,279957
1788459206.354135,97.827814,rx,-1,0.000000,0.000000,0.000000,0.000000,3830,95775,24984,0.000000,0.000000,2.902673,4.534441,0.487062,0,0,0.000000,0.000000,8,10,-1,0,,279957
1788459206.354228,97.827914,rx,-1,0.000000,0.000000,0.000000,0.000000,3831,95801,25020,0.000000,0.000000,2.902673,4.534441,0.487062,0,0,0.000000,0.000000,8,10,-1,0,,279957
1788459206.354242,97.827929,tx,-1,0.000000,0.000000,0.000000,0.000000,,,,,,,,,,,,,,,,,aa5501090000000000000000004829,280109
1788459206.407149,97.880828,rx,-1,0.000000,0.000000,0.000000,0.000000,3832,95825,25008,0.000000,0.000000,2.902673,4.534441,0.487062,0,0,0.000000,0.000000,8,10,-1,0,,280109
1788459206.407262,97.880948,rx,-1,0.000000,0.000000,0.000000,0.000000,3833,95850,24956,0.000000,0.000000,2.902673,4.534441,0.487062,0,0,0.000000,0.000000,8,10,-1,0,,280109
1788459206.407275,97.880962,tx,-1,0.000000,0.000000,0.000000,0.000000,,,,,,,,,,,,,,,,,aa5501090000000000000000004829,280253
1788459206.460060,97.933736,rx,-1,0.000000,0.000000,0.000000,0.000000,3834,95876,25036,0.000000,0.000000,2.902673,4.534441,0.487062,0,0,0.000000,0.000000,8,10,-1,0,,280253
1788459206.462250,97.935928,rx,-1,0.000000,0.000000,0.000000,0.000000,3835,95900,24984,0.000000,0.000000,2.902673,4.534441,0.487062,0,0,0.000000,0.000000,8,10,-1,0,,280253
1788459206.462374,97.936060,tx,-1,0.000000,0.000000,0.000000,0.000000,,,,,,,,,,,,,,,,,aa5501090000000000000000004829,280397
1788459206.515171,97.988846,rx,-1,0.000000,0.000000,0.000000,0.000000,3836,95926,24980,0.000000,0.000000,2.902673,4.534441,0.487062,0,0,0.000000,0.000000,8,10,-1,0,,280397
1788459206.515287,97.988973,rx,-1,0.000000,0.000000,0.000000,0.000000,3837,95950,25000,0.000000,0.000000,2.902673,4.534441,0.487062,0,0,0.000000,0.000000,8,10,-1,0,,280397
1788459206.515303,97.988988,tx,-1,0.000000,0.000000,0.000000,0.000000,,,,,,,,,,,,,,,,,aa5501090000000000000000004829,280541
1788459206.569009,98.042688,rx,-1,0.000000,0.000000,0.000000,0.000000,3838,95976,25016,0.000000,0.000000,2.902673,4.534441,0.487062,0,0,0.000000,0.000000,8,10,-1,0,,280541
1788459206.571104,98.044783,rx,-1,0.000000,0.000000,0.000000,0.000000,3839,96001,25020,0.000000,0.000000,2.902673,4.534441,0.487062,0,0,0.000000,0.000000,8,10,-1,0,,280541
1788459206.571185,98.044871,tx,-1,0.000000,0.000000,0.000000,0.000000,,,,,,,,,,,,,,,,,aa5501090000000000000000004829,280772
1788459206.619299,98.092981,rx,-1,0.000000,0.000000,0.000000,0.000000,3840,96025,25000,0.000000,0.000000,2.902673,4.534441,0.487062,0,0,0.000000,0.000000,8,10,-1,0,,280772
1788459206.619375,98.093061,rx,-1,0.000000,0.000000,0.000000,0.000000,3841,96051,24980,0.000000,0.000000,2.902673,4.534441,0.487062,0,0,0.000000,0.000000,8,10,-1,0,,280772
1788459206.619386,98.093073,tx,-1,0.000000,0.000000,0.000000,0.000000,,,,,,,,,,,,,,,,,aa5501090000000000000000004829,280884
1788459206.672443,98.146124,rx,-1,0.000000,0.000000,0.000000,0.000000,3842,96075,25020,0.000000,0.000000,2.902673,4.534441,0.487062,0,0,0.000000,0.000000,8,10,-1,0,,280884
1788459206.674382,98.148066,rx,-1,0.000000,0.000000,0.000000,0.000000,3843,96101,25000,0.000000,0.000000,2.902673,4.534441,0.487062,0,0,0.000000,0.000000,8,10,-1,0,,280884
1788459206.674406,98.148093,tx,-1,0.000000,0.000000,0.000000,0.000000,,,,,,,,,,,,,,,,,aa5501090000000000000000004829,281060
1788459206.727393,98.201070,rx,-1,0.000000,0.000000,0.000000,0.000000,3844,96125,24988,0.000000,0.000000,2.902673,4.534441,0.487062,0,0,0.000000,0.000000,8,10,-1,0,,281060
1788459206.727496,98.201181,rx,-1,0.000000,0.000000,0.000000,0.000000,3845,96150,24976,0.000000,0.000000,2.902673,4.534441,0.487062,0,0,0.000000,0.000000,8,10,-1,0,,281060
1788459206.727547,98.201233,rx,-1,0.000000,0.000000,0.000000,0.000000,3846,96176,25028,0.000000,0.000000,2.902673,4.534441,0.487062,0,0,0.000000,0.000000,8,10,-1,0,,281060
1788459206.727558,98.201244,tx,-1,0.000000,0.000000,0.000000,0.000000,,,,,,,,,,,,,,,,,aa5501090000000000000000004829,281244
1788459206.780248,98.253930,rx,-1,0.000000,0.000000,0.000000,0.000000,3847,96200,24996,0.000000,0.000000,2.902673,4.534441,0.487062,0,0,0.000000,0.000000,8,10,-1,0,,281244
1788459206.782257,98.255941,rx,-1,0.000000,0.000000,0.000000,0.000000,3848,96226,24972,0.000000,0.000000,2.902673,4.534441,0.487062,0,0,0.000000,0.000000,8,10,-1,0,,281244
1788459206.782293,98.255979,tx,-1,0.000000,0.000000,0.000000,0.000000,,,,,,,,,,,,,,,,,aa5501090000000000000000004829,281388
1788459206.835654,98.309336,rx,-1,0.000000,0.000000,0.000000,0.000000,3849,96250,25012,0.000000,0.000000,2.902673,4.534441,0.487062,0,0,0.000000,0.000000,8,10,-1,0,,281388
1788459206.835759,98.309444,rx,-1,0.000000,0.000000,0.000000,0.000000,3850,96276,24996,0.000000,0.000000,2.902673,4.534441,0.487062,0,0,0.000000,0.000000,8,10,-1,0,,281388
1788459206.835773,98.309459,tx,-1,0.000000,0.000000,0.000000,0.000000,,,,,,,,,,,,,,,,,aa5501090000000000000000004829,281532
1788459206.889010,98.362688,rx,-1,0.000000,0.000000,0.000000,0.000000,3851,96301,25036,0.000000,0.000000,2.902673,4.534441,0.487062,0,0,0.000000,0.000000,8,10,-1,0,,281532
1788459206.891095,98.364776,rx,-1,0.000000,0.000000,0.000000,0.000000,3852,96325,25004,0.000000,0.000000,2.902673,4.534441,0.487062,0,0,0.000000,0.000000,8,10,-1,0,,281532
1788459206.891141,98.364827,tx,-1,0.000000,0.000000,0.000000,0.000000,,,,,,,,,,,,,,,,,aa5501090000000000000000004829,281676
1788459206.944441,98.418117,rx,-1,0.000000,0.000000,0.000000,0.000000,3853,96351,24956,0.000000,0.000000,2.902673,4.534441,0.487062,0,0,0.000000,0.000000,8,10,-1,0,,281676
1788459206.944540,98.418225,rx,-1,0.000000,0.000000,0.000000,0.000000,3854,96375,25008,0.000000,0.000000,2.902673,4.534441,0.487062,0,0,0.000000,0.000000,8,10,-1,0,,281676
1788459206.944555,98.418241,tx,-1,0.000000,0.000000,0.000000,0.000000,,,,,,,,,,,,,,,,,aa5501090000000000000000004829,281820
1788459206.997382,98.471063,rx,-1,0.000000,0.000000,0.000000,0.000000,3855,96401,24996,0.000000,0.000000,2.902673,4.534441,0.487062,0,0,0.000000,0.000000,8,10,-1,0,,281820
1788459206.999290,98.472973,rx,-1,0.000000,0.000000,0.000000,0.000000,3856,96425,25036,0.000000,0.000000,2.902673,4.534441,0.487062,0,0,0.000000,0.000000,8,10,-1,0,,281820
1788459206.999315,98.473001,tx,-1,0.000000,0.000000,0.000000,0.000000,,,,,,,,,,,,,,,,,aa5501090000000000000000004829,281964
1788459207.050759,98.524442,rx,-1,0.000000,0.000000,0.000000,0.000000,3857,96450,24960,0.000000,0.000000,2.902673,4.534441,0.487062,0,0,0.000000,0.000000,8,10,-1,0,,281964
1788459207.050837,98.524522,rx,-1,0.000000,0.000000,0.000000,0.000000,3858,96476,25036,0.000000,0.000000,2.902673,4.534441,0.487062,0,0,0.000000,0.000000,8,10,-1,0,,281964
1788459207.050852,98.524538,tx,-1,0.000000,0.000000,0.000000,0.000000,,,,,,,,,,,,,,,,,aa5501090000000000000000004829,282140
1788459207.104319,98.577998,rx,-1,0.000000,0.000000,0.000000,0.000000,3859,96500,24976,0.000000,0.000000,2.902673,4.534441,0.487062,0,0,0.000000,0.000000,8,10,-1,0,,282140
1788459207.106277,98.579959,rx,-1,0.000000,0.000000,0.000000,0.000000,3860,96526,24988,0.000000,0.000000,2.902673,4.534441,0.487062,0,0,0.000000,0.000000,8,10,-1,0,,282140
1788459207.106321,98.580007,tx,-1,0.000000,0.000000,0.000000,0.000000,,,,,,,,,,,,,,,,,aa5501090000000000000000004829,282316
1788459207.159889,98.633570,rx,-1,0.000000,0.000000,0.000000,0.000000,3861,96550,25044,0.000000,0.000000,2.902673,4.534441,0.487062,0,0,0.000000,0.000000,8,10,-1,0,,282316
1788459207.159975,98.633660,rx,-1,0.000000,0.000000,0.000000,0.000000,3862,96575,24968,0.000000,0.000000,2.902673,4.534441,0.487062,0,0,0.000000,0.000000,8,10,-1,0,,282316
1788459207.160023,98.633708,rx,-1,0.000000,0.000000,0.000000,0.000000,3863,96601,25020,0.000000,0.000000,2.902673,4.534441,0.487062,0,0,0.000000,0.000000,8,10,-1,0,,282316
1788459207.160032,98.633718,tx,-1,0.000000,0.000000,0.000000,0.000000,,,,,,,,,,,,,,,,,aa5501090000000000000000004829,282468
1788459207.213321,98.687004,rx,-1,0.000000,0.000000,0.000000,0.000000,3864,96625,25012,0.000000,0.000000,2.902673,4.534441,0.487062,0,0,0.000000,0.000000,8,10,-1,0,,282468
1788459207.215278,98.688962,rx,-1,0.000000,0.000000,0.000000,0.000000,3865,96651,24956,0.000000,0.000000,2.902673,4.534441,0.487062,0,0,0.000000,0.000000,8,10,-1,0,,282468
1788459207.215297,98.688983,tx,-1,0.000000,0.000000,0.000000,0.000000,,,,,,,,,,,,,,,,,aa5501090000000000000000004829,282612
1788459207.268240,98.741922,rx,-1,0.000000,0.000000,0.000000,0.000000,3866,96675,25020,0.000000,0.000000,2.902673,4.534441,0.487062,0,0,0.000000,0.000000,8,10,-1,0,,282612
1788459207.268310,98.741994,rx,-1,0.000000,0.000000,0.000000,0.000000,3867,96701,24992,0.000000,0.000000,2.902673,4.534441,0.487062,0,0,0.000000,0.000000,8,10,-1,0,,282612
1788459207.268319,98.742006,tx,-1,0.000000,0.000000,0.000000,0.000000,,,,,,,,,,,,,,,,,aa5501090000000000000000004829,282756
1788459207.321618,98.795301,tx,-1,0.000000,0.000000,0.000000,0.000000,,,,,,,,,,,,,,,,,aa5501090000000000000000004829,282756
1788459207.374721,98.848403,rx,-1,0.000000,0.000000,0.000000,0.000000,3870,96776,24988,0.000000,0.000000,2.902673,4.534441,0.487062,0,0,0.000000,0.000000,8,10,-1,0,,282756
1788459207.376788,98.850471,rx,-1,0.000000,0.000000,0.000000,0.000000,3871,96800,25016,0.000000,0.000000,2.902673,4.534441,0.487062,0,0,0.000000,0.000000,8,10,-1,0,,282756
1788459207.376814,98.850500,tx,-1,0.000000,0.000000,0.000000,0.000000,,,,,,,,,,,,,,,,,aa5501090000000000000000004829,282900
1788459207.428893,98.902573,rx,-1,0.000000,0.000000,0.000000,0.000000,3872,96826,24996,0.000000,0.000000,2.902673,4.534441,0.487062,0,0,0.000000,0.000000,8,10,-1,0,,282900
1788459207.429004,98.902688,rx,-1,0.000000,0.000000,0.000000,0.000000,3873,96850,24992,0.000000,0.000000,2.902673,4.534441,0.487062,0,0,0.000000,0.000000,8,10,-1,0,,282900
1788459207.429022,98.902707,tx,-1,0.000000,0.000000,0.000000,0.000000,,,,,,,,,,,,,,,,,aa5501090000000000000000004829,283076
1788459207.482363,98.956042,rx,-1,0.000000,0.000000,0.000000,0.000000,3874,96875,25004,0.000000,0.000000,2.902673,4.534441,0.487062,0,0,0.000000,0.000000,8,10,-1,0,,283076
1788459207.484348,98.958031,rx,-1,0.000000,0.000000,0.000000,0.000000,3875,96901,24988,0.000000,0.000000,2.902673,4.534441,0.487062,0,0,0.000000,0.000000,8,10,-1,0,,283076
1788459207.484379,98.958064,tx,-1,0.000000,0.000000,0.000000,0.000000,,,,,,,,,,,,,,,,,aa5501090000000000000000004829,283252
1788459207.537732,99.011411,rx,-1,0.000000,0.000000,0.000000,0.000000,3876,96925,24996,0.000000,0.000000,2.902673,4.534441,0.487062,0,0,0.000000,0.000000,8,10,-1,0,,283252
1788459207.537830,99.011515,rx,-1,0.000000,0.000000,0.000000,0.000000,3877,96951,25016,0.000000,0.000000,2.902673,4.534441,0.487062,0,0,0.000000,0.000000,8,10,-1,0,,283252
1788459207.537891,99.011576,rx,-1,0.000000,0.000000,0.000000,0.000000,3878,96975,25008,0.000000,0.000000,2.902673,4.534441,0.487062,0,0,0.000000,0.000000,8,10,-1,0,,283252
1788459207.537903,99.011588,tx,-1,0.000000,0.000000,0.000000,0.000000,,,,,,,,,,,,,,,,,aa5501090000000000000000004829,283404
1788459207.591314,99.064993,rx,-1,0.000000,0.000000,0.000000,0.000000,3879,97001,25004,0.000000,0.000000,2.902673,4.534441,0.487062,0,0,0.000000,0.000000,8,10,-1,0,,283404
1788459207.593490,99.067171,rx,-1,0.000000,0.000000,0.000000,0.000000,3880,97026,25008,0.000000,0.000000,2.902673,4.534441,0.487062,0,0,0.000000,0.000000,8,10,-1,0,,283404
1788459207.593536,99.067221,tx,-1,0.000000,0.000000,0.000000,0.000000,,,,,,,,,,,,,,,,,aa5501090000000000000000004829,283603
1788459207.645874,99.119554,rx,-1,0.000000,0.000000,0.000000,0.000000,3881,97050,24960,0.000000,0.000000,2.902673,4.534441,0.487062,0,0,0.000000,0.000000,8,10,-1,0,,283603
1788459207.645963,99.119647,rx,-1,0.000000,0.000000,0.000000,0.000000,3882,97076,25032,0.000000,0.000000,2.902673,4.534441,0.487062,0,0,0.000000,0.000000,8,10,-1,0,,283603
1788459207.645976,99.119661,tx,-1,0.000000,0.000000,0.000000,0.000000,,,,,,,,,,,,,,,,,aa5501090000000000000000004829,283747
1788459207.699682,99.173363,rx,-1,0.000000,0.000000,0.000000,0.000000,3883,97100,24980,0.000000,0.000000,2.902673,4.534441,0.487062,0,0,0.000000,0.000000,8,10,-1,0,,283747
1788459207.702014,99.175697,rx,-1,0.000000,0.000000,0.000000,0.000000,3884,97126,24984,0.000000,0.000000,2.902673,4.534441,0.487062,0,0,0.000000,0.000000,8,10,-1,0,,283747
1788459207.702042,99.175727,tx,-1,0.000000,0.000000,0.000000,0.000000,,,,,,,,,,,,,,,,,aa5501090000000000000000004829,283891
1788459207.749959,99.223638,rx,-1,0.000000,0.000000,0.000000,0.000000,3885,97150,25000,0.000000,0.000000,2.902673,4.534441,0.487062,0,0,0.000000,0.000000,8,10,-1,0,,283891
1788459207.750100,99.223784,rx,-1,0.000000,0.000000,0.000000,0.000000,3886,97175,25016,0.000000,0.000000,2.902673,4.534441,0.487062,0,0,0.000000,0.000000,8,10,-1,0,,283891
1788459207.750127,99.223812,tx,-1,0.000000,0.000000,0.000000,0.000000,,,,,,,,,,,,,,,,,aa5501090000000000000000004829,284035
1788459207.802932,99.276611,rx,-1,0.000000,0.000000,0.000000,0.000000,3887,97201,24992,0.000000,0.000000,2.902673,4.534441,0.487062,0,0,0.000000,0.000000,8,10,-1,0,,284035
1788459207.804993,99.278674,rx,-1,0.000000,0.000000,0.000000,0.000000,3888,97225,25036,0.000000,0.000000,2.902673,4.534441,0.487062,0,0,0.000000,0.000000,8,10,-1,0,,284035
1788459207.805034,99.278719,tx,-1,0.000000,0.000000,0.000000,0.000000,,,,,,,,,,,,,,,,,aa5501090000000000000000004829,284179
1788459207.858512,99.332191,rx,-1,0.000000,0.000000,0.000000,0.000000,3889,97251,24972,0.000000,0.000000,2.902673,4.534441,0.487062,0,0,0.000000,0.000000,8,10,-1,0,,284179
1788459207.858615,99.332299,rx,-1,0.000000,0.000000,0.000000,0.000000,3890,97275,25004,0.000000,0.000000,2.902673,4.534441,0.487062,0,0,0.000000,0.000000,8,10,-1,0,,284179
1788459207.858630,99.332315,tx,-1,0.000000,0.000000,0.000000,0.000000,,,,,,,,,,,,,,,,,aa5501090000000000000000004829,284323
1788459207.911725,99.385402,rx,-1,0.000000,0.000000,0.000000,0.000000,3891,97301,25000,0.000000,0.000000,2.902673,4.534441,0.487062,0,0,0.000000,0.000000,8,10,-1,0,,284323
1788459207.913902,99.387582,rx,-1,0.000000,0.000000,0.000000,0.000000,3892,97326,25016,0.000000,0.000000,2.902673,4.534441,0.487062,0,0,0.000000,0.000000,8,10,-1,0,,284323
1788459207.913972,99.387657,tx,-1,0.000000,0.000000,0.000000,0.000000,,,,,,,,,,,,,,,,,aa5501090000000000000000004829,284499
1788459207.967022,99.440701,rx,-1,0.000000,0.000000,0.000000,0.000000,3893,97350,24988,0.000000,0.000000,2.902673,4.534441,0.487062,0,0,0.000000,0.000000,8,10,-1,0,,284499
1788459207.967124,99.440808,rx,-1,0.000000,0.000000,0.000000,0.000000,3894,97376,24996,0.000000,0.000000,2.902673,4.534441,0.487062,0,0,0.000000,0.000000,8,10,-1,0,,284499
1788459207.967172,99.440856,rx,-1,0.000000,0.000000,0.000000,0.000000,3895,97400,25012,0.000000,0.000000,2.902673,4.534441,0.487062,0,0,0.000000,0.000000,8,10,-1,0,,284499
1788459207.967182,99.440867,tx,-1,0.000000,0.000000,0.000000,0.000000,,,,,,,,,,,,,,,,,aa5501090000000000000000004829,284683
1788459208.020697,99.494378,rx,-1,0.000000,0.000000,0.000000,0.000000,3896,97426,24996,0.000000,0.000000,2.902673,4.534441,0.487062,0,0,0.000000,0.000000,8,10,-1,0,,284683
1788459208.022651,99.496332,rx,-1,0.000000,0.000000,0.000000,0.000000,3897,97451,24984,0.000000,0.000000,2.902673,4.534441,0.487062,0,0,0.000000,0.000000,8,10,-1,0,,284683
1788459208.022684,99.496369,tx,-1,0.000000,0.000000,0.000000,0.000000,,,,,,,,,,,,,,,,,aa5501090000000000000000004829,284827
1788459208.076272,99.549952,rx,-1,0.000000,0.000000,0.000000,0.000000,3898,97475,25032,0.000000,0.000000,2.902673,4.534441,0.487062,0,0,0.000000,0.000000,8,10,-1,0,,284827
1788459208.076386,99.550070,rx,-1,0.000000,0.000000,0.000000,0.000000,3899,97501,24976,0.000000,0.000000,2.902673,4.534441,0.487062,0,0,0.000000,0.000000,8,10,-1,0,,284827
1788459208.076404,99.550089,tx,-1,0.000000,0.000000,0.000000,0.000000,,,,,,,,,,,,,,,,,aa5501090000000000000000004829,284971
1788459208.129969,99.603646,rx,-1,0.000000,0.000000,0.000000,0.000000,3900,97525,24988,0.000000,0.000000,2.902673,4.534441,0.487062,0,0,0.000000,0.000000,8,10,-1,0,,284971
1788459208.132310,99.605991,rx,-1,0.000000,0.000000,0.000000,0.000000,3901,97551,25020,0.000000,0.000000,2.902673,4.534441,0.487062,0,0,0.000000,0.000000,8,10,-1,0,,284971
1788459208.132353,99.606037,tx,-1,0.000000,0.000000,0.000000,0.000000,,,,,,,,,,,,,,,,,aa5501090000000000000000004829,285115
1788459208.180341,99.654021,rx,-1,0.000000,0.000000,0.000000,0.000000,3902,97575,25012,0.000000,0.000000,2.902673,4.534441,0.487062,0,0,0.000000,0.000000,8,10,-1,0,,285115
1788459208.180505,99.654187,rx,-1,0.000000,0.000000,0.000000,0.000000,3903,97600,25004,0.000000,0.000000,2.902673,4.534441,0.487062,0,0,0.000000,0.000000,8,10,-1,0,,285115
1788459208.180528,99.654213,tx,-1,0.000000,0.000000,0.000000,0.000000,,,,,,,,,,,,,,,,,aa5501090000000000000000004829,285259
1788459208.234296,99.707967,rx,-1,0.000000,0.000000,0.000000,0.000000,3904,97626,24960,0.000000,0.000000,2.902673,4.534441,0.487062,0,0,0.000000,0.000000,8,10,-1,0,,285259
1788459208.237307,99.710986,rx,-1,0.000000,0.000000,0.000000,0.000000,3905,97650,25000,0.000000,0.000000,2.902673,4.534441,0.487062,0,0,0.000000,0.000000,8,10,-1,0,,285259
1788459208.237378,99.711063,tx,-1,0.000000,0.000000,0.000000,0.000000,,,,,,,,,,,,,,,,,aa5501090000000000000000004829,285403
1788459208.285859,99.759533,rx,-1,0.000000,0.000000,0.000000,0.000000,3906,97676,25088,0.000000,0.000000,2.902673,4.534441,0.487062,0,0,0.000000,0.000000,8,10,-1,0,,285403
1788459208.286003,99.759686,rx,-1,0.000000,0.000000,0.000000,0.000000,3907,97700,24916,0.000000,0.000000,2.902673,4.534441,0.487062,0,0,0.000000,0.000000,8,10,-1,0,,285403
1788459208.286020,99.759704,tx,-1,0.000000,0.000000,0.000000,0.000000,,,,,,,,,,,,,,,,,aa5501090000000000000000004829,285547
1788459208.339999,99.813675,rx,-1,0.000000,0.000000,0.000000,0.000000,3908,97726,24996,0.000000,0.000000,2.902673,4.534441,0.487062,0,0,0.000000,0.000000,8,10,-1,0,,285547
1788459208.342279,99.815953,rx,-1,0.000000,0.000000,0.000000,0.000000,3909,97751,25028,0.000000,0.000000,2.902673,4.534441,0.487062,0,0,0.000000,0.000000,8,10,-1,0,,285547
1788459208.342342,99.816026,tx,-1,0.000000,0.000000,0.000000,0.000000,,,,,,,,,,,,,,,,,aa5501090000000000000000004829,285723
1788459208.390115,99.863782,rx,-1,0.000000,0.000000,0.000000,0.000000,3910,97775,25012,0.000000,0.000000,2.902673,4.534441,0.487062,0,0,0.000000,0.000000,8,10,-1,0,,285723
1788459208.390342,99.864023,rx,-1,0.000000,0.000000,0.000000,0.000000,3911,97801,24992,0.000000,0.000000,2.902673,4.534441,0.487062,0,0,0.000000,0.000000,8,10,-1,0,,285723
1788459208.390379,99.864062,tx,-1,0.000000,0.000000,0.000000,0.000000,,,,,,,,,,,,,,,,,aa5501090000000000000000004829,285867
1788459208.441662,99.915339,rx,-1,0.000000,0.000000,0.000000,0.000000,3912,97825,24980,0.000000,0.000000,2.902673,4.534441,0.487062,0,0,0.000000,0.000000,8,10,-1,0,,285867
1788459208.443804,99.917482,rx,-1,0.000000,0.000000,0.000000,0.000000,3913,97851,25012,0.000000,0.000000,2.902673,4.534441,0.487062,0,0,0.000000,0.000000,8,10,-1,0,,285867
1788459208.443877,99.917562,tx,-1,0.000000,0.000000,0.000000,0.000000,,,,,,,,,,,,,,,,,aa5501090000000000000000004829,286011
1788459208.492220,99.965899,rx,-1,0.000000,0.000000,0.000000,0.000000,3914,97875,24996,0.000000,0.000000,2.902673,4.534441,0.487062,0,0,0.000000,0.000000,8,10,-1,0,,286011
1788459208.492313,99.965997,rx,-1,0.000000,0.000000,0.000000,0.000000,3915,97900,25012,0.000000,0.000000,2.902673,4.534441,0.487062,0,0,0.000000,0.000000,8,10,-1,0,,286011
1788459208.492328,99.966012,tx,-1,0.000000,0.000000,0.000000,0.000000,,,,,,,,,,,,,,,,,aa5501090000000000000000004829,286155
1788459208.544840,100.018518,rx,-1,0.000000,0.000000,0.000000,0.000000,3916,97926,24992,0.000000,0.000000,2.902673,4.534441,0.487062,0,0,0.000000,0.000000,8,10,-1,0,,286155
1788459208.546783,100.020464,rx,-1,0.000000,0.000000,0.000000,0.000000,3917,97950,24972,0.000000,0.000000,2.902673,4.534441,0.487062,0,0,0.000000,0.000000,8,10,-1,0,,286155
1788459208.546831,100.020516,tx,-1,0.000000,0.000000,0.000000,0.000000,,,,,,,,,,,,,,,,,aa5501090000000000000000004829,286331
1788459208.594955,100.068635,rx,-1,0.000000,0.000000,0.000000,0.000000,3918,97976,25032,0.000000,0.000000,2.902673,4.534441,0.487062,0,0,0.000000,0.000000,8,10,-1,0,,286331
1788459208.595060,100.068743,rx,-1,0.000000,0.000000,0.000000,0.000000,3919,98000,24968,0.000000,0.000000,2.902673,4.534441,0.487062,0,0,0.000000,0.000000,8,10,-1,0,,286331
1788459208.595103,100.068787,tx,-1,0.000000,0.000000,0.000000,0.000000,,,,,,,,,,,,,,,,,aa5501090000000000000000004829,286498
1788459208.648437,100.122116,rx,-1,0.000000,0.000000,0.000000,0.000000,3920,98026,25036,0.000000,0.000000,2.902673,4.534441,0.487062,0,0,0.000000,0.000000,8,10,-1,0,,286498
1788459208.650354,100.124036,rx,-1,0.000000,0.000000,0.000000,0.000000,3921,98051,24992,0.000000,0.000000,2.902673,4.534441,0.487062,0,0,0.000000,0.000000,8,10,-1,0,,286498
1788459208.650423,100.124106,rx,-1,0.000000,0.000000,0.000000,0.000000,3922,98075,24972,0.000000,0.000000,2.902673,4.534441,0.487062,0,0,0.000000,0.000000,8,10,-1,0,,286498
1788459208.650435,100.124119,tx,-1,0.000000,0.000000,0.000000,0.000000,,,,,,,,,,,,,,,,,aa5501090000000000000000004829,286682
1788459208.703567,100.177249,rx,-1,0.000000,0.000000,0.000000,0.000000,3923,98101,25000,0.000000,0.000000,2.902673,4.534441,0.487062,0,0,0.000000,0.000000,8,10,-1,0,,286682
1788459208.703658,100.177342,rx,-1,0.000000,0.000000,0.000000,0.000000,3924,98125,25024,0.000000,0.000000,2.902673,4.534441,0.487062,0,0,0.000000,0.000000,8,10,-1,0,,286682
1788459208.703672,100.177356,tx,-1,0.000000,0.000000,0.000000,0.000000,,,,,,,,,,,,,,,,,aa5501090000000000000000004829,286826
1788459208.757256,100.230936,rx,-1,0.000000,0.000000,0.000000,0.000000,3925,98151,24984,0.000000,0.000000,2.902673,4.534441,0.487062,0,0,0.000000,0.000000,8,10,-1,0,,286826
1788459208.759515,100.233197,rx,-1,0.000000,0.000000,0.000000,0.000000,3926,98176,24992,0.000000,0.000000,2.902673,4.534441,0.487062,0,0,0.000000,0.000000,8,10,-1,0,,286826
1788459208.759551,100.233235,tx,-1,0.000000,0.000000,0.000000,0.000000,,,,,,,,,,,,,,,,,aa5501090000000000000000004829,286970
1788459208.812567,100.286244,rx,-1,0.000000,0.000000,0.000000,0.000000,3927,98200,25012,0.000000,0.000000,2.902673,4.534441,0.487062,0,0,0.000000,0.000000,8,10,-1,0,,286970
1788459208.812704,100.286386,rx,-1,0.000000,0.000000,0.000000,0.000000,3928,98226,24992,0.000000,0.000000,2.902673,4.534441,0.487062,0,0,0.000000,0.000000,8,10,-1,0,,286970
1788459208.812727,100.286411,tx,-1,0.000000,0.000000,0.000000,0.000000,,,,,,,,,,,,,,,,,aa5501090000000000000000004829,287114
1788459208.865902,100.339579,rx,-1,0.000000,0.000000,0.000000,0.000000,3929,98250,25016,0.000000,0.000000,2.902673,4.534441,0.487062,0,0,0.000000,0.000000,8,10,-1,0,,287114
1788459208.867870,100.341550,rx,-1,0.000000,0.000000,0.000000,0.000000,3930,98276,24988,0.000000,0.000000,2.902673,4.534441,0.487062,0,0,0.000000,0.000000,8,10,-1,0,,287114
1788459208.867897,100.341581,tx,-1,0.000000,0.000000,0.000000,0.000000,,,,,,,,,,,,,,,,,aa5501090000000000000000004829,287258
1788459208.915904,100.389583,rx,-1,0.000000,0.000000,0.000000,0.000000,3931,98300,25012,0.000000,0.000000,2.902673,4.534441,0.487062,0,0,0.000000,0.000000,8,10,-1,0,,287258
1788459208.916002,100.389685,rx,-1,0.000000,0.000000,0.000000,0.000000,3932,98325,24996,0.000000,0.000000,2.902673,4.534441,0.487062,0,0,0.000000,0.000000,8,10,-1,0,,287258
1788459208.916015,100.389699,tx,-1,0.000000,0.000000,0.000000,0.000000,,,,,,,,,,,,,,,,,aa5501090000000000000000004829,287402
1788459208.969822,100.443502,rx,-1,0.000000,0.000000,0.000000,0.000000,3933,98351,24984,0.000000,0.000000,2.902673,4.534441,0.487062,0,0,0.000000,0.000000,8,10,-1,0,,287402
1788459208.971748,100.445431,rx,-1,0.000000,0.000000,0.000000,0.000000,3934,98375,25016,0.000000,0.000000,2.902673,4.534441,0.487062,0,0,0.000000,0.000000,8,10,-1,0,,287402
1788459208.971772,100.445456,tx,-1,0.000000,0.000000,0.000000,0.000000,,,,,,,,,,,,,,,,,aa5501090000000000000000004829,287546
1788459209.025427,100.499107,rx,-1,0.000000,0.000000,0.000000,0.000000,3935,98401,24988,0.000000,0.000000,2.902673,4.534441,0.487062,0,0,0.000000,0.000000,8,10,-1,0,,287546
1788459209.025519,100.499202,rx,-1,0.000000,0.000000,0.000000,0.000000,3936,98425,25024,0.000000,0.000000,2.902673,4.534441,0.487062,0,0,0.000000,0.000000,8,10,-1,0,,287546
1788459209.025544,100.499228,tx,-1,0.000000,0.000000,0.000000,0.000000,,,,,,,,,,,,,,,,,aa5501090000000000000000004829,287754
1788459209.079048,100.552726,rx,-1,0.000000,0.000000,0.000000,0.000000,3937,98451,24980,0.000000,0.000000,2.902673,4.534441,0.487062,0,0,0.000000,0.000000,8,10,-1,0,,287754
1788459209.081260,100.554940,rx,-1,0.000000,0.000000,0.000000,0.000000,3938,98476,24992,0.000000,0.000000,2.902673,4.534441,0.487062,0,0,0.000000,0.000000,8,10,-1,0,,287754
1788459209.081367,100.555049,rx,-1,0.000000,0.000000,0.000000,0.000000,3939,98500,25020,0.000000,0.000000,2.902673,4.534441,0.487062,0,0,0.000000,0.000000,8,10,-1,0,,287754
1788459209.081385,100.555069,tx,-1,0.000000,0.000000,0.000000,0.000000,,,,,,,,,,,,,,,,,aa5501090000000000000000004829,287906
1788459209.129351,100.603027,rx,-1,0.000000,0.000000,0.000000,0.000000,3940,98526,25000,0.000000,0.000000,2.902673,4.534441,0.487062,0,0,0.000000,0.000000,8,10,-1,0,,287906
1788459209.129479,100.603161,rx,-1,0.000000,0.000000,0.000000,0.000000,3941,98550,25008,0.000000,0.000000,2.902673,4.534441,0.487062,0,0,0.000000,0.000000,8,10,-1,0,,287906
1788459209.129497,100.603181,tx,-1,0.000000,0.000000,0.000000,0.000000,,,,,,,,,,,,,,,,,aa5501090000000000000000004829,288050
1788459209.181251,100.654929,rx,-1,0.000000,0.000000,0.000000,0.000000,3942,98576,25000,0.000000,0.000000,2.902673,4.534441,0.487062,0,0,0.000000,0.000000,8,10,-1,0,,288050
1788459209.183391,100.657071,rx,-1,0.000000,0.000000,0.000000,0.000000,3943,98600,24996,0.000000,0.000000,2.902673,4.534441,0.487062,0,0,0.000000,0.000000,8,10,-1,0,,288050
1788459209.183420,100.657104,tx,-1,0.000000,0.000000,0.000000,0.000000,,,,,,,,,,,,,,,,,aa5501090000000000000000004829,288194
1788459209.237100,100.710780,rx,-1,0.000000,0.000000,0.000000,0.000000,3944,98625,25012,0.000000,0.000000,2.902673,4.534441,0.487062,0,0,0.000000,0.000000,8,10,-1,0,,288194
1788459209.237215,100.710898,rx,-1,0.000000,0.000000,0.000000,0.000000,3945,98651,24972,0.000000,0.000000,2.902673,4.534441,0.487062,0,0,0.000000,0.000000,8,10,-1,0,,288194
1788459209.237232,100.710916,tx,-1,0.000000,0.000000,0.000000,0.000000,,,,,,,,,,,,,,,,,aa5501090000000000000000004829,288338
1788459209.290424,100.764102,rx,-1,0.000000,0.000000,0.000000,0.000000,3946,98675,24992,0.000000,0.000000,2.902673,4.534441,0.487062,0,0,0.000000,0.000000,8,10,-1,0,,288338
1788459209.292606,100.766287,rx,-1,0.000000,0.000000,0.000000,0.000000,3947,98701,25028,0.000000,0.000000,2.902673,4.534441,0.487062,0,0,0.000000,0.000000,8,10,-1,0,,288338
1788459209.292634,100.766318,tx,-1,0.000000,0.000000,0.000000,0.000000,,,,,,,,,,,,,,,,,aa5501090000000000000000004829,288482
1788459209.345789,100.819465,rx,-1,0.000000,0.000000,0.000000,0.000000,3949,98751,25028,0.000000,0.000000,2.902673,4.534441,0.487062,0,0,0.000000,0.000000,8,10,-1,0,,288482
1788459209.345864,100.819548,tx,-1,0.000000,0.000000,0.000000,0.000000,,,,,,,,,,,,,,,,,aa5501090000000000000000004829,288554
1788459209.399691,100.873367,rx,-1,0.000000,0.000000,0.000000,0.000000,3950,98776,24996,0.000000,0.000000,2.902673,4.534441,0.487062,0,0,0.000000,0.000000,8,10,-1,0,,288554
1788459209.402119,100.875799,rx,-1,0.000000,0.000000,0.000000,0.000000,3951,98800,25008,0.000000,0.000000,2.902673,4.534441,0.487062,0,0,0.000000,0.000000,8,10,-1,0,,288554
1788459209.402178,100.875862,tx,-1,0.000000,0.000000,0.000000,0.000000,,,,,,,,,,,,,,,,,aa5501090000000000000000004829,288698
1788459209.449719,100.923397,rx,-1,0.000000,0.000000,0.000000,0.000000,3952,98826,24988,0.000000,0.000000,2.902673,4.534441,0.487062,0,0,0.000000,0.000000,8,10,-1,0,,288698
1788459209.449870,100.923552,rx,-1,0.000000,0.000000,0.000000,0.000000,3953,98850,24984,0.000000,0.000000,2.902673,4.534441,0.487062,0,0,0.000000,0.000000,8,10,-1,0,,288698
1788459209.449890,100.923573,tx,-1,0.000000,0.000000,0.000000,0.000000,,,,,,,,,,,,,,,,,aa5501090000000000000000004829,288842
1788459209.503473,100.977151,rx,-1,0.000000,0.000000,0.000000,0.000000,3954,98876,24988,0.000000,0.000000,2.902673,4.534441,0.487062,0,0,0.000000,0.000000,8,10,-1,0,,288842
1788459209.505981,100.979660,rx,-1,0.000000,0.000000,0.000000,0.000000,3955,98900,25004,0.000000,0.000000,2.902673,4.534441,0.487062,0,0,0.000000,0.000000,8,10,-1,0,,288842
1788459209.506063,100.979746,tx,-1,0.000000,0.000000,0.000000,0.000000,,,,,,,,,,,,,,,,,aa5501090000000000000000004829,289018
1788459209.554347,101.028009,rx,-1,0.000000,0.000000,0.000000,0.000000,3956,98925,25008,0.000000,0.000000,2.902673,4.534441,0.487062,0,0,0.000000,0.000000,8,10,-1,0,,289018
1788459209.554627,101.028308,rx,-1,0.000000,0.000000,0.000000,0.000000,3957,98951,25004,0.000000,0.000000,2.902673,4.534441,0.487062,0,0,0.000000,0.000000,8,10,-1,0,,289018
1788459209.554666,101.028348,tx,-1,0.000000,0.000000,0.000000,0.000000,,,,,,,,,,,,,,,,,aa5501090000000000000000004829,289162
1788459209.608282,101.081960,rx,-1,0.000000,0.000000,0.000000,0.000000,3958,98975,24996,0.000000,0.000000,2.902673,4.534441,0.487062,0,0,0.000000,0.000000,8,10,-1,0,,289162
1788459209.610871,101.084552,rx,-1,0.000000,0.000000,0.000000,0.000000,3959,99001,24996,0.000000,0.000000,2.902673,4.534441,0.487062,0,0,0.000000,0.000000,8,10,-1,0,,289162
1788459209.611009,101.084692,tx,-1,0.000000,0.000000,0.000000,0.000000,,,,,,,,,,,,,,,,,aa5501090000000000000000004829,289393
1788459209.658540,101.132209,rx,-1,0.000000,0.000000,0.000000,0.000000,3960,99025,25004,0.000000,0.000000,2.902673,4.534441,0.487062,0,0,0.000000,0.000000,8,10,-1,0,,289393
1788459209.658798,101.132478,rx,-1,0.000000,0.000000,0.000000,0.000000,3961,99050,25000,0.000000,0.000000,2.902673,4.534441,0.487062,0,0,0.000000,0.000000,8,10,-1,0,,289393
1788459209.658840,101.132523,tx,-1,0.000000,0.000000,0.000000,0.000000,,,,,,,,,,,,,,,,,aa5501090000000000000000004829,289537
1788459209.712683,101.186357,rx,-1,0.000000,0.000000,0.000000,0.000000,3962,99076,25028,0.000000,0.000000,2.902673,4.534441,0.487062,0,0,0.000000,0.000000,8,10,-1,0,,289537
1788459209.715203,101.188884,rx,-1,0.000000,0.000000,0.000000,0.000000,3963,99100,24980,0.000000,0.000000,2.902673,4.534441,0.487062,0,0,0.000000,0.000000,8,10,-1,0,,289537
1788459209.715286,101.188969,rx,-1,0.000000,0.000000,0.000000,0.000000,3964,99126,25028,0.000000,0.000000,2.902673,4.534441,0.487062,0,0,0.000000,0.000000,8,10,-1,0,,289537
1788459209.715300,101.188984,tx,-1,0.000000,0.000000,0.000000,0.000000,,,,,,,,,,,,,,,,,aa5501090000000000000000004829,289689
1788459209.763053,101.236715,rx,-1,0.000000,0.000000,0.000000,0.000000,3965,99150,24980,0.000000,0.000000,2.902673,4.534441,0.487062,0,0,0.000000,0.000000,8,10,-1,0,,289689
1788459209.763313,101.236994,rx,-1,0.000000,0.000000,0.000000,0.000000,3966,99176,24984,0.000000,0.000000,2.902673,4.534441,0.487062,0,0,0.000000,0.000000,8,10,-1,0,,289689
1788459209.763342,101.237025,tx,-1,0.000000,0.000000,0.000000,0.000000,,,,,,,,,,,,,,,,,aa5501090000000000000000004829,289833
1788459209.817271,101.290936,rx,-1,0.000000,0.000000,0.000000,0.000000,3967,99201,25000,0.000000,0.000000,2.902673,4.534441,0.487062,0,0,0.000000,0.000000,8,10,-1,0,,289833
1788459209.821040,101.294708,rx,-1,0.000000,0.000000,0.000000,0.000000,3968,99225,25012,0.000000,0.000000,2.902673,4.534441,0.487062,0,0,0.000000,0.000000,8,10,-1,0,,289833
1788459209.821182,101.294864,tx,-1,0.000000,0.000000,0.000000,0.000000,,,,,,,,,,,,,,,,,aa5501090000000000000000004829,289977
1788459209.868798,101.342474,rx,-1,0.000000,0.000000,0.000000,0.000000,3969,99251,25004,0.000000,0.000000,2.902673,4.534441,0.487062,0,0,0.000000,0.000000,8,10,-1,0,,289977
1788459209.868892,101.342574,rx,-1,0.000000,0.000000,0.000000,0.000000,3970,99275,25004,0.000000,0.000000,2.902673,4.534441,0.487062,0,0,0.000000,0.000000,8,10,-1,0,,289977
1788459209.868906,101.342589,tx,-1,0.000000,0.000000,0.000000,0.000000,,,,,,,,,,,,,,,,,aa5501090000000000000000004829,290121
1788459209.922359,101.396030,rx,-1,0.000000,0.000000,0.000000,0.000000,3971,99301,24996,0.000000,0.000000,2.902673,4.534441,0.487062,0,0,0.000000,0.000000,8,10,-1,0,,290121
1788459209.924818,101.398495,rx,-1,0.000000,0.000000,0.000000,0.000000,3972,99325,25008,0.000000,0.000000,2.902673,4.534441,0.487062,0,0,0.000000,0.000000,8,10,-1,0,,290121
1788459209.924868,101.398551,tx,-1,0.000000,0.000000,0.000000,0.000000,,,,,,,,,,,,,,,,,aa5501090000000000000000004829,290265
1788459209.972418,101.446096,rx,-1,0.000000,0.000000,0.000000,0.000000,3973,99350,24996,0.000000,0.000000,2.902673,4.534441,0.487062,0,0,0.000000,0.000000,8,10,-1,0,,290265
1788459209.972565,101.446246,rx,-1,0.000000,0.000000,0.000000,0.000000,3974,99376,24972,0.000000,0.000000,2.902673,4.534441,0.487062,0,0,0.000000,0.000000,8,10,-1,0,,290265
1788459209.972584,101.446267,tx,-1,0.000000,0.000000,0.000000,0.000000,,,,,,,,,,,,,,,,,aa5501090000000000000000004829,290409
1788459210.026077,101.499754,rx,-1,0.000000,0.000000,0.000000,0.000000,3975,99400,25032,0.000000,0.000000,2.902673,4.534441,0.487062,0,0,0.000000,0.000000,8,10,-1,0,,290409
1788459210.028833,101.502513,rx,-1,0.000000,0.000000,0.000000,0.000000,3976,99426,24984,0.000000,0.000000,2.902673,4.534441,0.487062,0,0,0.000000,0.000000,8,10,-1,0,,290409
1788459210.028873,101.502556,tx,-1,0.000000,0.000000,0.000000,0.000000,,,,,,,,,,,,,,,,,aa5501090000000000000000004829,290553
1788459210.076670,101.550339,rx,-1,0.000000,0.000000,0.000000,0.000000,3977,99450,24988,0.000000,0.000000,2.902673,4.534441,0.487062,0,0,0.000000,0.000000,8,10,-1,0,,290553
1788459210.076939,101.550619,rx,-1,0.000000,0.000000,0.000000,0.000000,3978,99476,25028,0.000000,0.000000,2.902673,4.534441,0.487062,0,0,0.000000,0.000000,8,10,-1,0,,290553
1788459210.077006,101.550689,tx,-1,0.000000,0.000000,0.000000,0.000000,,,,,,,,,,,,,,,,,aa5501090000000000000000004829,290697
1788459210.130977,101.604653,rx,-1,0.000000,0.000000,0.000000,0.000000,3979,99501,24996,0.000000,0.000000,2.902673,4.534441,0.487062,0,0,0.000000,0.000000,8,10,-1,0,,290697
1788459210.133752,101.607430,rx,-1,0.000000,0.000000,0.000000,0.000000,3980,99525,25008,0.000000,0.000000,2.902673,4.534441,0.487062,0,0,0.000000,0.000000,8,10,-1,0,,290697
1788459210.133819,101.607501,tx,-1,0.000000,0.000000,0.000000,0.000000,,,,,,,,,,,,,,,,,aa5501090000000000000000004829,290841
1788459210.181281,101.654949,rx,-1,0.000000,0.000000,0.000000,0.000000,3981,99551,24980,0.000000,0.000000,2.902673,4.534441,0.487062,0,0,0.000000,0.000000,8,10,-1,0,,290841
1788459210.181501,101.655180,rx,-1,0.000000,0.000000,0.000000,0.000000,3982,99575,24984,0.000000,0.000000,2.902673,4.534441,0.487062,0,0,0.000000,0.000000,8,10,-1,0,,290841
1788459210.181534,101.655216,tx,-1,0.000000,0.000000,0.000000,0.000000,,,,,,,,,,,,,,,,,aa5501090000000000000000004829,290985
1788459210.235900,101.709570,rx,-1,0.000000,0.000000,0.000000,0.000000,3983,99601,25044,0.000000,0.000000,2.902673,4.534441,0.487062,0,0,0.000000,0.000000,8,10,-1,0,,290985
1788459210.239362,101.713035,rx,-1,0.000000,0.000000,0.000000,0.000000,3984,99625,24960,0.000000,0.000000,2.902673,4.534441,0.487062,0,0,0.000000,0.000000,8,10,-1,0,,290985
1788459210.239512,101.713194,tx,-1,0.000000,0.000000,0.000000,0.000000,,,,,,,,,,,,,,,,,aa5501090000000000000000004829,291161
1788459210.288140,101.761811,rx,-1,0.000000,0.000000,0.000000,0.000000,3985,99650,25036,0.000000,0.000000,2.902673,4.534441,0.487062,0,0,0.000000,0.000000,8,10,-1,0,,291161
1788459210.288379,101.762059,rx,-1,0.000000,0.000000,0.000000,0.000000,3986,99676,24980,0.000000,0.000000,2.902673,4.534441,0.487062,0,0,0.000000,0.000000,8,10,-1,0,,291161
1788459210.288412,101.762094,tx,-1,0.000000,0.000000,0.000000,0.000000,,,,,,,,,,,,,,,,,aa5501090000000000000000004829,291305
1788459210.341816,101.815489,rx,-1,0.000000,0.000000,0.000000,0.000000,3987,99700,24976,0.000000,0.000000,2.902673,4.534441,0.487062,0,0,0.000000,0.000000,8,10,-1,0,,291305
1788459210.344645,101.818312,rx,-1,0.000000,0.000000,0.000000,0.000000,3988,99726,25036,0.000000,0.000000,2.902673,4.534441,0.487062,0,0,0.000000,0.000000,8,10,-1,0,,291305
1788459210.344784,101.818466,tx,-1,0.000000,0.000000,0.000000,0.000000,,,,,,,,,,,,,,,,,aa5501090000000000000000004829,291481
1788459210.393328,101.866996,rx,-1,0.000000,0.000000,0.000000,0.000000,3989,99750,24968,0.000000,0.000000,2.902673,4.534441,0.487062,0,0,0.000000,0.000000,8,10,-1,0,,291481
1788459210.393613,101.867293,rx,-1,0.000000,0.000000,0.000000,0.000000,3990,99775,24996,0.000000,0.000000,2.902673,4.534441,0.487062,0,0,0.000000,0.000000,8,10,-1,0,,291481
1788459210.393737,101.867417,rx,-1,0.000000,0.000000,0.000000,0.000000,3991,99801,25028,0.000000,0.000000,2.902673,4.534441,0.487062,0,0,0.000000,0.000000,8,10,-1,0,,291481
1788459210.393820,101.867496,tx,-1,0.000000,0.000000,0.000000,0.000000,,,,,,,,,,,,,,,,,aa5501090000000000000000004829,291633
1788459210.409240,101.882920,keyboard_interrupt,-1,0.000000,0.000000,0.000000,0.000000,,,,,,,,,,,,,,,,,aa5501090000000000000000004829,291633
