sim_time,gt_x,gt_y,gt_yaw,left_wheel_pos,right_wheel_pos,root_lin_vel_x,root_ang_vel_z
0.0,0.0001194048672914505,-7.334456313401461e-06,1.26494612118222e-07,0.0021591708064079285,0.0021588292438536882,-0.005705239251255989,0.0001699385466054082
0.016666666666666666,4.1017308831214905e-05,-7.3589617386460304e-06,5.808659775397018e-09,0.0012982254847884178,0.0012995414435863495,-0.004023453686386347,0.00012330572644714266
0.03333333333333333,-1.3204291462898254e-05,-7.31833279132843e-06,9.458048566557409e-08,0.0007020454504527152,0.0007030793931335211,-0.002781954128295183,7.198895764304325e-05
0.05,-4.954356700181961e-05,-7.407681550830603e-06,6.980837383707694e-07,0.000302815402392298,0.00030445840093307197,-0.001875962014310062,3.956617547373753e-06
0.06666666666666667,-7.30026513338089e-05,-7.363676559180021e-06,-4.025080713176976e-08,4.474003435461782e-05,4.666535460273735e-05,-0.0012086161877959967,2.68953026534291e-05
0.08333333333333333,-8.681509643793106e-05,-7.368915248662233e-06,6.863884891572525e-07,-0.00010631921031745151,-0.00010456606833031401,-0.000720194133464247,2.560497341619339e-05
0.1,-9.378138929605484e-05,-7.342314347624779e-06,3.75892426518476e-07,-0.00018381948757451028,-0.0001816640724427998,-0.0003685292031150311,2.594028592284303e-05
0.11666666666666667,-9.564962238073349e-05,-7.369962986558676e-06,6.188897145875671e-07,-0.0002040384424617514,-0.00020187169138807803,-0.00010770603694254532,1.7971518900594674e-05
0.13333333333333333,-9.371805936098099e-05,-7.366237696260214e-06,6.26475866738474e-07,-0.0001833149726735428,-0.00018112972611561418,8.393581811105832e-05,3.377610846655443e-05
0.15,-8.906982839107513e-05,-7.37776281312108e-06,5.531513238565822e-07,-0.0001318467257078737,-0.00013067339023109525,0.00022449682001024485,4.410318433656357e-05
0.16666666666666666,-8.236058056354523e-05,-7.364025805145502e-06,6.281875357672106e-07,-5.8783603890333325e-05,-5.738121399190277e-05,0.0003282576217316091,-3.2240529890259495e-06
0.18333333333333332,-7.420871406793594e-05,-7.351860404014587e-06,8.421689017268363e-07,2.98430477414513e-05,3.293152622063644e-05,0.00040415042894892395,-8.847517165122554e-06
0.2,-6.494671106338501e-05,-7.377006113529205e-06,7.858737944843597e-07,0.00013196427607908845,0.00013458346074912697,0.00045931144268251956,-4.053041720908368e-06
0.21666666666666667,-5.4933130741119385e-05,-7.387076038867235e-06,7.083856417011702e-07,0.00024223100626841187,0.00024455247330479324,0.0004986597923561931,-4.366196662886068e-05
0.23333333333333334,-4.429090768098831e-05,-7.3713017627596855e-06,7.217471988951729e-07,0.0003589761327020824,0.00036102961166761816,0.0005294075817801058,2.6624318252288504e-06
0.25,-3.320164978504181e-05,-7.309252396225929e-06,1.6580089834405953e-07,0.00047934570466168225,0.0004819478781428188,0.000557944702450186,-3.270293746027164e-05
0.26666666666666666,-2.1576881408691406e-05,-7.349415682256222e-06,8.413965133513557e-07,0.0006074407137930393,0.0006096003926359117,0.0005768226110376418,-1.4460312740993686e-05
0.2833333333333333,-9.89530235528946e-06,-7.37473601475358e-06,5.56463362499926e-07,0.0007368159131146967,0.0007378844893537462,0.0005854142946191132,-1.4267315236793365e-05
0.3,1.955777406692505e-06,-7.421534974128008e-06,7.317690347008465e-07,0.0008667053771205246,0.0008677454316057265,0.0005935924127697945,-5.905601938138716e-06
0.31666666666666665,1.3957731425762177e-05,-7.354188710451126e-06,4.37061004276984e-07,0.0009983883937820792,0.0009981158655136824,0.0005987972836010158,1.6431547919637524e-05
0.3333333333333333,2.5993213057518005e-05,-7.3498813435435295e-06,6.16768659256195e-07,0.001130413729697466,0.0011310521513223648,0.0006025634938850999,2.316497193532996e-05
0.35,3.813486546278e-05,-7.362221367657185e-06,7.607681595800386e-07,0.0012627871474251151,0.0012642414076253772,0.0006056508282199502,1.3045611922279932e-05
0.36666666666666664,5.0282105803489685e-05,-7.382535841315985e-06,8.144781418195635e-07,0.0013964539393782616,0.0013979293871670961,0.0006082240142859519,1.541930942039471e-05
0.3833333333333333,6.250198930501938e-05,-7.3070405051112175e-06,7.279992928488355e-07,0.0015303111867979169,0.0015319377416744828,0.0006098307203501463,-8.67612016008934e-06
0.4,7.468461990356445e-05,-7.345050107687712e-06,4.968990197085077e-07,0.0016646763542667031,0.0016650871839374304,0.0006110678659752011,1.9710103515535593e-05
0.4166666666666667,8.692778646945953e-05,-7.364840712398291e-06,5.649503123095201e-07,0.0017989195184782147,0.0017986207967624068,0.0006110821850597858,8.065955626079813e-06
0.43333333333333335,9.915046393871307e-05,-7.344875484704971e-06,4.720608615116362e-07,0.0019331886433064938,0.0019330451032146811,0.0006115376600064337,3.6379755329107866e-05
0.45,0.00011161342263221741,-7.321999873965979e-06,4.728698854705726e-07,0.002068310510367155,0.002069131936877966,0.0006222588126547635,-1.5868905393290333e-05
0.4666666666666667,0.00012420862913131714,-7.3981937021017075e-06,4.058545073348796e-07,0.002206673612818122,0.0022075127344578505,0.0006319060339592397,1.7772816136130132e-05
0.48333333333333334,0.00013672653585672379,-7.372116670012474e-06,1.6902058064260927e-07,0.0023442849051207304,0.002344110980629921,0.0006326779257506132,7.818891845090548e-07
0.5,0.0001492481678724289,-7.32688931748271e-06,6.877601776977826e-08,0.002481138100847602,0.002481519477441907,0.0006333106430247426,-5.63055436941795e-07
0.5166666666666666,0.00016180425882339478,-7.374619599431753e-06,7.790864060552849e-07,0.002619428327307105,0.0026197147089987993,0.0006279491353780031,5.934730779699748e-06
0.5333333333333333,0.00017447303980588913,-7.333408575505018e-06,9.541112149236142e-07,0.0027567846700549126,0.0027592810802161694,0.0006359424442052841,-4.159465242992155e-05
0.55,0.00018717721104621887,-7.397669833153486e-06,8.088295544439461e-07,0.0028962965589016676,0.0028984842356294394,0.0006379263359121978,-2.5273810024373233e-05
0.5666666666666667,0.00019995495676994324,-7.320253644138575e-06,8.446597803413169e-07,0.0030365667771548033,0.0030385733116418123,0.0006427357438951731,-2.302719803992659e-05
0.5833333333333334,0.00021256599575281143,-7.414084393531084e-06,9.356003829452675e-07,0.003176187863573432,0.003177582984790206,0.0006331202457658947,-1.4012957763043232e-05
0.6,0.0002250848338007927,-7.376424036920071e-06,7.891433710938145e-07,0.0033143064938485622,0.003314519999548793,0.0006276204949244857,-1.5592804629704915e-05
0.6166666666666667,0.00023760180920362473,-7.319904398173094e-06,4.253340080140333e-07,0.003451831638813019,0.0034501918125897646,0.0006235518376342952,7.684886804781854e-05
0.6333333333333333,0.0002502109855413437,-7.296097464859486e-06,3.560881793873705e-07,0.0035888287238776684,0.003589330008253455,0.0006320752436295152,-1.4333899343910161e-05
0.65,0.00026281364262104034,-7.330789230763912e-06,7.427817472205334e-09,0.003728213720023632,0.0037268069572746754,0.0006364876171573997,1.5583756976411678e-05
0.6666666666666666,0.00027542654424905777,-7.354072295129299e-06,7.121468001969333e-07,0.003866605693474412,0.003865707665681839,0.0006303059053607285,1.4593279047403485e-05
0.6833333333333333,0.0002878997474908829,-7.411988917738199e-06,8.191221922970726e-07,0.004003515932708979,0.004003445152193308,0.0006251580780372024,-1.3988231330586132e-05
0.7,0.0003003515303134918,-7.393187843263149e-06,8.206349662032153e-07,0.00413954583927989,0.004139903001487255,0.0006207021651789546,-1.2755112038576044e-05
0.7166666666666667,0.0003127148374915123,-7.328984793275595e-06,5.661829050040978e-07,0.0042755138128995895,0.004274753388017416,0.0006191250286065042,1.3912296708440408e-05
0.7333333333333333,0.00032508373260498047,-7.405469659715891e-06,6.280059210439504e-07,0.004411185160279274,0.004410128109157085,0.0006177807226777077,-1.3442520867101848e-05
0.75,0.0003373958170413971,-7.393420673906803e-06,5.729839926971181e-07,0.004546987358480692,0.004545014817267656,0.000616680015809834,2.7222369681112468e-05
0.7666666666666666,0.00034969206899404526,-7.399532478302717e-06,6.506395493488526e-07,0.004681501537561417,0.004680219572037458,0.0006156056188046932,7.0174237407627515e-06
0.7833333333333333,0.00036203302443027496,-7.3713017627596855e-06,5.93058814502001e-07,0.004816465545445681,0.004814731888473034,0.0006151038105599582,4.951715891365893e-05
0.8,0.0003744782879948616,-7.260008715093136e-06,-1.2148554162649816e-07,0.00495296623557806,0.0049506500363349915,0.0006247119163163006,5.409815639723092e-05
0.8166666666666667,0.00038713496178388596,-7.317052222788334e-06,3.6923407265021524e-07,0.005091311875730753,0.005089506972581148,0.0006337418453767896,8.312453246617224e-06
0.8333333333333334,0.0003998922184109688,-7.338065188378096e-06,5.253157837614708e-07,0.005230856593698263,0.005229709669947624,0.0006396554526872933,-1.6141570085892454e-05
0.85,0.000412672758102417,-7.317343261092901e-06,4.0030826653492113e-07,0.0053715878166258335,0.005369661841541529,0.0006436193361878395,-1.1798780178651214e-05
0.8666666666666667,0.0004255492240190506,-7.364724297076464e-06,2.625383501708711e-07,0.005513915326446295,0.005510311108082533,0.0006459066062234342,3.8645626773359254e-05
0.8833333333333333,0.00043848901987075806,-7.335969712585211e-06,3.555288117240707e-07,0.005654697306454182,0.0056524681858718395,0.0006486331112682819,-1.6701833374099806e-05
0.9,0.0004513422027230263,-7.359543815255165e-06,3.8970307514318847e-07,0.005795637611299753,0.005793886259198189,0.0006491245003417134,-2.1780551833217032e-05
0.9166666666666666,0.0004641339182853699,-7.331720553338528e-06,9.525096089646468e-08,0.005935433320701122,0.005934091750532389,0.0006459257565438747,2.5018183805514127e-05
0.9333333333333333,0.00047684554010629654,-7.367227226495743e-06,6.386955533344008e-07,0.006075922399759293,0.006074091419577599,0.0006372295902110636,1.5804818758624606e-05
0.95,0.0004894621670246124,-7.368973456323147e-06,6.558401537404279e-07,0.006214629393070936,0.006213146261870861,0.0006309390300884843,2.4666780518600717e-05
0.9666666666666667,0.0005019698292016983,-7.3196133598685265e-06,3.0652947202725045e-07,0.006352485157549381,0.006348328664898872,0.0006253054598346353,0.00010427495726617053
0.9833333333333333,0.0005144383758306503,-7.397553417831659e-06,1.103256295209576e-06,0.006487512029707432,0.006487350445240736,0.0006229245336726308,-1.4837835806247313e-05
1.0,0.0005269655957818031,-7.364433258771896e-06,5.162205525266472e-07,0.006625340320169926,0.006623401306569576,0.0006302925175987184,1.5197299944702536e-05
1.0166666666666666,0.0005394667387008667,-7.360475137829781e-06,4.6250519858404004e-07,0.006763856392353773,0.006761074531823397,0.0006241500377655029,2.8214424673933536e-05
1.0333333333333332,0.0005519073456525803,-7.371942047029734e-06,8.137723739309877e-07,0.006899396423250437,0.0068968515843153,0.0006213607266545296,3.1824438337935135e-05
1.05,0.0005642594769597054,-7.418391760438681e-06,8.602443699601281e-07,0.007034945301711559,0.007033182308077812,0.0006194477318786085,-1.396074458170915e-05
1.0666666666666667,0.0005766013637185097,-7.3302071541547775e-06,4.275516118923406e-07,0.007171166129410267,0.007167671341449022,0.0006171921268105507,5.447333387564868e-05
1.0833333333333333,0.0005889646708965302,-7.336493581533432e-06,4.839560006075772e-07,0.007306568790227175,0.007303276564925909,0.0006164980004541576,2.2831291062175296e-05
1.1,0.0006012693047523499,-7.364025805145502e-06,5.347375235942309e-07,0.0074418834410607815,0.007438792381435633,0.0006167446845211089,1.1550400813575834e-05
1.1166666666666667,0.0006136009469628334,-7.394992280751467e-06,6.496532023447799e-07,0.007576390169560909,0.007573795970529318,0.0006156202289275825,-5.447806870506611e-06
1.1333333333333333,0.0006258878856897354,-7.336493581533432e-06,5.688163469130814e-07,0.00771143427118659,0.007708060089498758,0.0006145706283859909,7.735170220257714e-05
1.15,0.0006382046267390251,-7.3927221819758415e-06,8.406524898418866e-07,0.007846172899007797,0.007843690924346447,0.0006150514236651361,-1.4529699910781346e-05
1.1666666666666667,0.000650486908853054,-7.3365517891943455e-06,4.768756411976938e-07,0.007981852628290653,0.007977285422384739,0.0006138429162092507,7.76832748670131e-05
1.1833333333333333,0.0006628995761275291,-7.302151061594486e-06,3.408701729767927e-07,0.008116675540804863,0.008115001022815704,0.0006243893294595182,-1.9682674974319525e-05
1.2,0.000675487332046032,-7.355643901973963e-06,5.601470434157818e-07,0.008254441432654858,0.008252632804214954,0.000631137634627521,-1.5843019355088472e-05
1.2166666666666666,0.000688210129737854,-7.3249684646725655e-06,5.387449846239178e-07,0.008394292555749416,0.008391167037189007,0.0006372184725478292,-2.0920544557156973e-05
1.2333333333333334,0.0007009580731391907,-7.328286301344633e-06,4.4652665565081406e-07,0.008534234948456287,0.008531107567250729,0.0006417122785933316,-2.161407428502571e-05
1.25,0.0007138457149267197,-7.3927221819758415e-06,4.5895052380728885e-07,0.008675578981637955,0.008671203628182411,0.0006452110828831792,4.83051508126664e-06
1.2666666666666666,0.0007267175242304802,-7.32421176508069e-06,5.411465053839493e-07,0.008816511370241642,0.008813577704131603,0.0006474547553807497,-2.0089866666239686e-05
1.2833333333333332,0.0007395390421152115,-7.334339898079634e-06,3.0425948693846294e-07,0.00895744189620018,0.00895391684025526,0.0006478114519268274,-3.442121669650078e-05
1.3,0.0007524145767092705,-7.360940799117088e-06,5.605309070233488e-07,0.00909954309463501,0.009095692075788975,0.000642603263258934,2.8615060728043318e-05
1.3166666666666667,0.0007652668282389641,-7.345050107687712e-06,9.042140902693063e-08,0.009240633808076382,0.009235162287950516,0.0006447962950915098,1.0464186743774917e-05
1.3333333333333333,0.0007781386375427246,-7.387017831206322e-06,4.4453764758145553e-07,0.009381580166518688,0.009377012960612774,0.0006413033115677536,-1.5192202226899099e-05
1.35,0.0007909061387181282,-7.3837582021951675e-06,6.35688138572732e-07,0.009519861079752445,0.009517651982605457,0.0006442778976634145,-3.085896241827868e-05
1.3666666666666667,0.0008035274222493172,-7.383117917925119e-06,5.924767947362852e-07,0.009661111049354076,0.00965675339102745,0.0006335217040032148,1.604362296347972e-05
1.3833333333333333,0.0008161216974258423,-7.342954631894827e-06,7.714976391071104e-07,0.009798398241400719,0.009793352335691452,0.000627842266112566,2.9807051760144532e-05
1.4,0.000828821212053299,-7.304712198674679e-06,5.730771022172121e-07,0.0099363774061203,0.009933101013302803,0.0006359307444654405,-2.1332642063498497e-05
1.4166666666666667,0.0008415058255195618,-7.394817657768726e-06,1.2842252594680303e-08,0.010076627135276794,0.010071253404021263,0.0006386834429576993,-3.6779388210561592e-06
1.4333333333333333,0.0008542239665985107,-7.2740367613732815e-06,1.83147420784735e-07,0.010215165093541145,0.010212086141109467,0.000641436199657619,-1.9259023247286677e-05
1.45,0.0008670855313539505,-7.318099960684776e-06,3.8314513517434534e-07,0.010357013903558254,0.010352378711104393,0.0006448611384257674,-2.218373447249178e-05
1.4666666666666666,0.0008798791095614433,-7.348658982664347e-06,2.3307453034249193e-07,0.010497271083295345,0.01049303449690342,0.0006455974653363228,-1.3718542504648212e-05
1.4833333333333334,0.0008927676826715469,-7.348426152020693e-06,4.183508508504019e-07,0.010638211853802204,0.010633934289216995,0.0006473749526776373,-9.834716365730856e-06
1.5,0.0009056665003299713,-7.329625077545643e-06,7.760182825222728e-07,0.010779382660984993,0.010776416398584843,0.0006486854399554431,-2.1218653273535892e-05
1.5166666666666666,0.0009185187518596649,-7.362046744674444e-06,5.941054155300662e-07,0.010921083390712738,0.010917680338025093,0.0006476636626757681,-3.351986379129812e-05
1.5333333333333332,0.0009312760084867477,-7.388531230390072e-06,8.369119086637511e-07,0.011061468161642551,0.01105701643973589,0.0006382677238434553,-6.279300578171387e-06
1.55,0.0009439140558242798,-7.432361599057913e-06,1.349831677543989e-06,0.011199221014976501,0.011195017024874687,0.000631443748716265,-1.5195155356195755e-05
1.5666666666666667,0.000956384465098381,-7.422000635415316e-06,2.4824299771353253e-07,0.011336673982441425,0.01133212074637413,0.0006262711249291897,-2.3499105736846104e-05
1.5833333333333333,0.0009688409045338631,-7.396505679935217e-06,3.6604407682716555e-07,0.011472686193883419,0.011467390693724155,0.0006244272226467729,2.0436959857761394e-06
1.6,0.0009813159704208374,-7.35156936571002e-06,-1.0487242185774903e-08,0.011610790155827999,0.01160484366118908,0.0006301240064203739,4.7572139010299e-06
1.6166666666666667,0.0009940024465322495,-7.351918611675501e-06,4.641794930648757e-07,0.011749433353543282,0.011743810027837753,0.0006377371610142291,-1.744481664900377e-06
1.6333333333333333,0.0010068248957395554,-7.330847438424826e-06,6.182334004734003e-07,0.011889057233929634,0.011884231120347977,0.0006426512845791876,-1.8378901586402208e-05
1.65,0.0010196547955274582,-7.310707587748766e-06,6.374086751748109e-07,0.012030109763145447,0.012025714851915836,0.0006450798828154802,-2.0668156139436178e-05
1.6666666666666667,0.0010324520990252495,-7.362745236605406e-06,5.7489454974302134e-08,0.012171552516520023,0.012165673077106476,0.0006457545096054673,-6.694311650790041e-06
1.6833333333333333,0.0010454086586833,-7.365015335381031e-06,7.200610951940689e-08,0.012313447892665863,0.01230697613209486,0.0006479043513536453,-2.0201821826049127e-05
1.7,0.001058327965438366,-7.340975571423769e-06,3.7212970482869423e-07,0.012455424293875694,0.012448951601982117,0.000649662280920893,7.35785852157278e-06
1.7166666666666666,0.001071273349225521,-7.35442154109478e-06,8.025056672522624e-07,0.012596161104738712,0.012592226266860962,0.0006510897073894739,-1.2872060324298218e-05
1.7333333333333334,0.001084156334400177,-7.333292160183191e-06,3.022650219008938e-08,0.012738863937556744,0.01273234374821186,0.0006503285840153694,7.858888238843065e-06
1.75,0.001097092404961586,-7.32537591829896e-06,4.0307892845703464e-07,0.01287961658090353,0.012875349260866642,0.0006488393410108984,-3.9127833588281646e-05
1.7666666666666666,0.001110035926103592,-7.340218871831894e-06,6.054447680980957e-07,0.013022036291658878,0.01301614847034216,0.0006509118247777224,-1.5350216926890425e-05
1.7833333333333332,0.0011229105293750763,-7.327296771109104e-06,-4.907863981884475e-08,0.013164406642317772,0.013157019391655922,0.000649955531116575,3.5983207453682553e-06
1.8,0.0011357609182596207,-7.433001883327961e-06,1.301102770412399e-06,0.013304640538990498,0.013297953642904758,0.0006402428261935711,4.168036321061663e-05
1.8166666666666667,0.0011482927948236465,-7.391325198113918e-06,7.835417363821762e-07,0.013442395254969597,0.013436758890748024,0.000630505324807018,1.0282910807291046e-05
1.8333333333333333,0.0011607930064201355,-7.403723429888487e-06,8.993943652058078e-07,0.01357908733189106,0.013572663068771362,0.0006233506137505174,4.3866923078894615e-05
1.8499999999999999,0.0011732010170817375,-7.3176342993974686e-06,-2.7083265763394593e-07,0.01371557917445898,0.013708814047276974,0.0006276032654568553,-2.765738099697046e-05
1.8666666666666667,0.0011858614161610603,-7.294351235032082e-06,5.568450092141575e-07,0.013853263109922409,0.013848366215825081,0.0006349934847094119,-1.996610990318004e-05
1.8833333333333333,0.0011986223980784416,-7.363967597484589e-06,5.750054583586461e-07,0.013994197361171246,0.013987516984343529,0.0006398519617505372,-1.649875775910914e-05
1.9,0.001211332157254219,-7.359252776950598e-06,-1.0627544355656937e-07,0.014134904369711876,0.014126225374639034,0.000641752383671701,6.425013907573884e-06
1.9166666666666667,0.0012241806834936142,-7.371010724455118e-06,5.77036814775056e-07,0.014274857938289642,0.014268075115978718,0.000646098458673805,-1.9636827346403152e-05
1.9333333333333333,0.0012371204793453217,-7.320020813494921e-06,5.784995096291823e-07,0.014416223391890526,0.014410028234124184,0.0006482396274805069,-8.212158718379214e-06
1.95,0.001249966211616993,-7.399590685963631e-06,1.3576845958596095e-07,0.014558187685906887,0.014550297521054745,0.0006481034215539694,-2.202190808020532e-05
1.9666666666666666,0.0012628883123397827,-7.260998245328665e-06,3.5009074395020434e-07,0.014699524268507957,0.014692878350615501,0.0006500515155494213,-1.5886936353126657e-06
1.9833333333333334,0.0012758374214172363,-7.327238563448191e-06,5.092065293865744e-07,0.01484138984233141,0.014835488982498646,0.0006511398823931813,-1.8799479221343063e-05
2.0,0.0012887269258499146,-7.352733518928289e-06,1.6493304499931583e-08,0.01498384214937687,0.014976095408201218,0.0006502577452920377,1.3130891602486372e-05
2.0166666666666666,0.0013015661388635635,-7.42258271202445e-06,1.119997477871948e-06,0.01512385718524456,0.015116983093321323,0.0006408421322703362,6.7870018938265275e-06
2.033333333333333,0.0013142209500074387,-7.404654752463102e-06,8.964543098954891e-07,0.015263424254953861,0.015255242586135864,0.0006331900367513299,3.190760253346525e-05
2.05,0.001326780766248703,-7.388938684016466e-06,7.496944363083458e-07,0.015401448123157024,0.015392553061246872,0.0006280868547037244,3.5533736081561074e-05
2.0666666666666664,0.0013392213732004166,-7.440103217959404e-06,6.704808583890554e-07,0.015537705272436142,0.015528947114944458,0.000621912011411041,1.1221503882552497e-05
2.0833333333333335,0.0013515697792172432,-7.466762326657772e-06,4.499387955547718e-07,0.015672674402594566,0.015664581209421158,0.0006211347063072026,-2.2750622520106845e-05
2.1,0.0013638800010085106,-7.416820153594017e-06,2.583321077054279e-07,0.01580766588449478,0.01580016128718853,0.0006186362006701529,-2.3676886485191062e-05
2.1166666666666667,0.0013761818408966064,-7.388880476355553e-06,2.7152331938395946e-08,0.015942571684718132,0.015934361144900322,0.0006178350886330009,-2.6490648451726884e-05
2.1333333333333333,0.00138868298381567,-7.347785867750645e-06,3.471306513347372e-07,0.016080087050795555,0.016071200370788574,0.0006273979088291526,-2.03572176360467e-06
2.15,0.001401311717927456,-7.305876351892948e-06,8.178466259778361e-07,0.01621709018945694,0.016211098060011864,0.0006351175834424794,-1.950182740984019e-05
2.1666666666666665,0.001413918100297451,-7.356808055192232e-06,1.33728576656722e-07,0.016357287764549255,0.016349295154213905,0.0006385991000570357,-1.6977082850644365e-05
2.183333333333333,0.0014266381040215492,-7.4642011895775795e-06,1.218050670104276e-06,0.016496574506163597,0.016487298533320427,0.0006312962505035102,-9.677950401965063e-06
2.2,0.0014391262084245682,-7.334514521062374e-06,2.4247660235232615e-07,0.016633672639727592,0.01662660576403141,0.0006310326862148941,-2.331391988263931e-05
2.216666666666667,0.001451730728149414,-7.441849447786808e-06,1.5880539194768062e-06,0.016771208494901657,0.016764016821980476,0.0006248331628739834,-1.4476477190328296e-05
2.2333333333333334,0.0014641350135207176,-7.4187410064041615e-06,8.796983763659227e-08,0.01690725050866604,0.016898315399885178,0.0006234304164536297,-2.118406155204866e-05
2.25,0.0014765514060854912,-7.333583198487759e-06,-1.494849328764758e-07,0.01704363338649273,0.01703527383506298,0.000626643595751375,-3.3614964195294306e-05
2.2666666666666666,0.001489163376390934,-7.344933692365885e-06,4.938638653584349e-07,0.0171822477132082,0.01717308908700943,0.0006339752580970526,-1.1492812518554274e-05
2.283333333333333,0.0015019066631793976,-7.333524990826845e-06,2.98692214073526e-07,0.017322542145848274,0.017312411218881607,0.0006394145311787724,3.805917367571965e-05
2.3,0.0015147430822253227,-7.3462724685668945e-06,2.4454473646073893e-07,0.017463458701968193,0.017453229054808617,0.0006441458244808018,2.9675680707441643e-05
2.3166666666666664,0.0015276195481419563,-7.331138476729393e-06,5.49143521766382e-07,0.01760406605899334,0.0175955668091774,0.0006471176166087389,-2.03627841983689e-05
2.3333333333333335,0.0015404913574457169,-7.3954579420387745e-06,1.6236363364896533e-07,0.017747219651937485,0.017735695466399193,0.0006424852181226015,4.9086494982475415e-05
2.35,0.0015532644465565681,-7.290393114089966e-06,-9.152357449693227e-08,0.017886316403746605,0.01787664368748665,0.0006448898930102587,4.004993115813704e-06
2.3666666666666667,0.0015661567449569702,-7.330614607781172e-06,-6.0404041768435945e-09,0.018028300255537033,0.018018217757344246,0.0006468045758083463,2.0044552002218552e-05
2.3833333333333333,0.0015790825709700584,-7.3319533839821815e-06,5.948353418716579e-07,0.018168490380048752,0.018160078674554825,0.0006491398671641946,-3.3949504540942144e-06
2.4,0.001592082902789116,-7.361290045082569e-06,5.0092717174266e-07,0.01831113174557686,0.0183015875518322,0.0006508211954496801,1.2603187315107789e-05
2.4166666666666665,0.001604950986802578,-7.345981430262327e-06,-1.1925413900826243e-07,0.0184536911547184,0.018442783504724503,0.000649676367174834,1.2140292710682843e-05
2.433333333333333,0.0016179420053958893,-7.326947525143623e-06,5.437236154648417e-07,0.018594596534967422,0.018586380407214165,0.0006512871477752924,-1.9053251889999956e-05
2.45,0.0016309134662151337,-7.31530599296093e-06,3.099142418250267e-07,0.018738089129328728,0.01872781664133072,0.000651982263661921,3.88137050322257e-06
2.466666666666667,0.001643892377614975,-7.321708835661411e-06,8.4737956740355e-07,0.0188786331564188,0.018871167674660683,0.0006530112004838884,-1.9856403014273383e-05
2.4833333333333334,0.001656784676015377,-7.343420293182135e-06,3.6170715134176135e-07,0.019021743908524513,0.019012369215488434,0.0006512386607937515,2.4170671167667024e-05
2.5,0.0016696499660611153,-7.449532859027386e-06,1.550795332150301e-06,0.019162194803357124,0.019153239205479622,0.0006408974877558649,-1.4486329746432602e-05
2.5166666666666666,0.0016822479665279388,-7.46437581256032e-06,4.861226443608757e-07,0.01930108107626438,0.019291583448648453,0.0006339982501231134,-1.394489845552016e-05
2.533333333333333,0.0016947919502854347,-7.3962146416306496e-06,2.965737699867077e-08,0.01943802461028099,0.019427882507443428,0.0006294833146966994,-2.372750714130234e-05
2.55,0.0017074290663003922,-7.3125120252370834e-06,4.982466634828597e-07,0.019576705992221832,0.019567593932151794,0.000635927077382803,-7.033859674265841e-06
2.5666666666666664,0.0017201798036694527,-7.350638043135405e-06,4.3630637946989737e-07,0.019717136397957802,0.019707120954990387,0.0006407421315088868,-4.499329406826291e-06
2.5833333333333335,0.001732993870973587,-7.352384272962809e-06,6.218276098479691e-07,0.019857259467244148,0.019847266376018524,0.0006422801525332034,-1.7485201169620268e-05
2.6,0.0017456691712141037,-7.262220606207848e-06,-1.997815530785374e-07,0.019997335970401764,0.019987035542726517,0.0006428827182389796,5.353720098355552e-07
2.6166666666666667,0.0017585093155503273,-7.295806426554918e-06,1.9192690103864152e-07,0.020137477666139603,0.02012830786406994,0.0006440230645239353,-1.8586568330647424e-05
2.6333333333333333,0.001771310344338417,-7.339403964579105e-06,3.0061332267905527e-07,0.020278139039874077,0.020268812775611877,0.0006438439595513046,-3.094979183515534e-05
2.65,0.0017842259258031845,-7.319787982851267e-06,6.706432031933218e-07,0.020419135689735413,0.02040964737534523,0.00064696348272264,-9.288672117691021e-06
2.6666666666666665,0.001797025091946125,-7.3918490670621395e-06,3.3264345233874337e-07,0.020561110228300095,0.020550312474370003,0.0006468018982559443,-1.6753561794757843e-05
2.683333333333333,0.0018098382279276848,-7.413036655634642e-06,1.265334276467911e-06,0.020700884982943535,0.020689629018306732,0.0006373868091031909,6.104115163907409e-05
2.7,0.0018223775550723076,-7.383816409856081e-06,4.2446740167179087e-07,0.02083917148411274,0.020826851949095726,0.0006286123534664512,7.576657662866637e-05
2.716666666666667,0.0018349085003137589,-7.409544195979834e-06,1.5578596048726467e-06,0.02097494527697563,0.02096557430922985,0.0006258335779421031,-1.558396797918249e-05
2.7333333333333334,0.00184729415923357,-7.434340659528971e-06,4.497014742810279e-07,0.02111191302537918,0.021100858226418495,0.0006231061415746808,-2.4437589672743343e-05
2.75,0.0018596593290567398,-7.3801493272185326e-06,-4.49424035764423e-08,0.021247608587145805,0.02123553864657879,0.0006210463470779359,-2.4562925318605267e-05
2.7666666666666666,0.001872108317911625,-7.3472619988024235e-06,-7.647794575404987e-08,0.021384606137871742,0.02137329988181591,0.000627800531219691,-3.057001595152542e-05
2.783333333333333,0.0018845712766051292,-7.446447852998972e-06,1.1735038469851133e-06,0.02152167074382305,0.02150942198932171,0.0006240126094780862,-9.280372069042642e-06
2.8,0.0018969345837831497,-7.453956641256809e-06,4.85707630559773e-07,0.02165675349533558,0.021645717322826385,0.0006217931513674557,-2.4200198822654784e-05
2.8166666666666664,0.0019093090668320656,-7.383350748568773e-06,4.967068889527582e-07,0.021790914237499237,0.021781587973237038,0.0006200828938744962,-2.2854042981634848e-05
2.8333333333333335,0.0019216155633330345,-7.273280061781406e-06,1.517376091442202e-08,0.02192656323313713,0.02191741019487381,0.0006234828615561128,-3.535984069458209e-05
2.85,0.0019342722371220589,-7.360416930168867e-06,5.822913635711302e-07,0.022065823897719383,0.022054340690374374,0.0006313396734185517,-1.794789932318963e-05
2.8666666666666667,0.0019467845559120178,-7.369788363575935e-06,-6.905607818907811e-08,0.022204507142305374,0.02219223976135254,0.0006342135602608323,-8.052856173890177e-06
2.8833333333333333,0.00195955578237772,-7.352326065301895e-06,7.015902383500361e-07,0.022343143820762634,0.022331681102514267,0.0006378988036885858,-1.7352938812109642e-05
2.9,0.001972319558262825,-7.359485607594252e-06,5.182145059734466e-07,0.0224837064743042,0.022472122684121132,0.0006418286939151585,-8.678614904056303e-06
2.9166666666666665,0.001985066570341587,-7.325899787247181e-06,5.126484481365878e-08,0.02262384071946144,0.02261197194457054,0.0006432962254621089,-1.641588460188359e-05
2.933333333333333,0.0019979793578386307,-7.332419045269489e-06,9.077106142285629e-07,0.022763822227716446,0.022753968834877014,0.0006472085369750857,-2.2860611352371052e-05
2.95,0.002010885626077652,-7.345981430262327e-06,5.818604904561653e-07,0.02290651947259903,0.02289476990699768,0.0006487537175416946,1.3245178251963807e-06
2.966666666666667,0.0020236987620592117,-7.3838746175169945e-06,-4.891718390354072e-07,0.02304905839264393,0.023034755140542984,0.0006416540127247572,4.835846630157903e-05
2.9833333333333334,0.002036565914750099,-7.3705450631678104e-06,7.716348591202404e-07,0.023188596591353416,0.023177608847618103,0.0006461598677560687,-1.805049214453902e-05
3.0,0.0020493492484092712,-7.453432772308588e-06,1.334076273451501e-06,0.023329198360443115,0.023316502571105957,0.0006367205642163754,2.8757101972587407e-05
3.0166666666666666,0.002061917446553707,-7.440219633281231e-06,6.673051302641397e-07,0.023465894162654877,0.023455016314983368,0.0006319052772596478,-2.3764947400195524e-05
3.033333333333333,0.002074427902698517,-7.434573490172625e-06,2.901435891544679e-07,0.02360384911298752,0.023590970784425735,0.0006275389459915459,-2.4499015125911683e-05
3.05,0.002086922526359558,-7.334048859775066e-06,6.94855259553151e-07,0.023739293217658997,0.023728594183921814,0.0006282837130129337,-1.5529249139945023e-05
3.0666666666666664,0.00209936685860157,-7.3176342993974686e-06,-3.564104744668839e-08,0.023878075182437897,0.02386578358709812,0.0006315346690826118,-7.857220225560013e-06
3.0833333333333335,0.0021120617166161537,-7.321476005017757e-06,9.272712020447216e-08,0.024017417803406715,0.02400459721684456,0.0006358122336678207,7.455762442987179e-06
3.1,0.0021248506382107735,-7.296388503164053e-06,6.150535796223267e-07,0.02415677346289158,0.024145010858774185,0.0006406619213521481,-1.8949867808260024e-05
3.1166666666666667,0.0021375752985477448,-7.395516149699688e-06,2.817726851844782e-07,0.024297019466757774,0.02428458258509636,0.0006427261396311224,-3.534648931236006e-05
3.1333333333333333,0.002150159329175949,-7.412687409669161e-06,6.102107477090613e-07,0.02443592995405197,0.024422209709882736,0.0006310697644948959,3.6415458453120664e-05
3.15,0.002162621356546879,-7.3607079684734344e-06,5.616661837848369e-07,0.024571266025304794,0.024560093879699707,0.0006240044604055583,-2.441479591652751e-05
3.1666666666666665,0.0021750451996922493,-7.45011493563652e-06,1.0066529512187117e-06,0.024709582328796387,0.024694763123989105,0.0006209101411513984,7.4277792009525e-05
3.183333333333333,0.0021874206140637398,-7.41536496207118e-06,3.548553877408267e-07,0.024843977764248848,0.0248307716101408,0.000620807521045208,-3.587120545489597e-06
3.2,0.0021997401490807533,-7.41670373827219e-06,4.747339517052751e-07,0.024978648871183395,0.02496718242764473,0.0006196573376655579,-2.273158861498814e-05
3.216666666666667,0.0022120093926787376,-7.361173629760742e-06,9.008618917505373e-08,0.025114085525274277,0.025100983679294586,0.0006189041887409985,1.5244145288306754e-05
3.2333333333333334,0.002224377356469631,-7.396796718239784e-06,1.3315665228219586e-06,0.025249062106013298,0.02523713931441307,0.0006172183202579618,-1.4734786418557633e-05
3.25,0.0022365646436810493,-7.324269972741604e-06,-1.5466815384002075e-08,0.02538408152759075,0.025370491668581963,0.0006135489093139768,9.924048754328396e-06
3.2666666666666666,0.0022490546107292175,-7.352966349571943e-06,4.6721913804503856e-07,0.025520799681544304,0.025506243109703064,0.0006224976968951523,3.152725548716262e-05
3.283333333333333,0.0022616181522607803,-7.3248520493507385e-06,4.982854875379417e-07,0.02565835230052471,0.025644557550549507,0.0006316458457149565,-1.921500006574206e-05
3.3,0.00227432232350111,-7.364898920059204e-06,3.3467316029600624e-07,0.02579820714890957,0.025783348828554153,0.0006377001409418881,6.635724275838584e-06
3.3166666666666664,0.002286948263645172,-7.337366696447134e-06,6.243703154495961e-08,0.02593737468123436,0.0259231124073267,0.000640543585177511,-3.213475429220125e-05
3.3333333333333335,0.002299657091498375,-7.436668965965509e-06,1.3431935030894238e-06,0.02607608214020729,0.02606220729649067,0.0006331361946649849,-5.107882316224277e-06
3.35,0.002312067896127701,-7.344468031078577e-06,3.131768622210984e-08,0.026212815195322037,0.02619887702167034,0.0006253107567317784,1.2725206488539698e-06
3.3666666666666667,0.0023246528580784798,-7.311871740967035e-06,-2.014031537100891e-07,0.026351328939199448,0.02633587270975113,0.0006313123740255833,5.9964178944937885e-05
3.3833333333333333,0.0023374175652861595,-7.325201295316219e-06,8.802642810223915e-07,0.026488840579986572,0.026477040722966194,0.0006388792535290122,-2.0053079424542375e-05
3.4,0.0023499811068177223,-7.383525371551514e-06,9.760572083905572e-07,0.02662809193134308,0.02661564014852047,0.0006279267836362123,-6.200285133672878e-05
3.4166666666666665,0.0023625334724783897,-7.42980046197772e-06,1.1292111139482586e-06,0.026766393333673477,0.026750754565000534,0.0006242849631235003,2.4079901777440682e-05
3.433333333333333,0.002374882809817791,-7.391325198113918e-06,1.6978553674107388e-07,0.026900898665189743,0.026886310428380966,0.000623670406639576,3.7781592254759744e-05
3.4499999999999997,0.0023872526362538338,-7.447844836860895e-06,1.1002854307662346e-06,0.027035674080252647,0.02702367678284645,0.0006167786777950823,-2.1217458197497763e-05
3.466666666666667,0.002399471588432789,-7.388589438050985e-06,3.9939169482750003e-07,0.027170438319444656,0.027158040553331375,0.0006170007400214672,-2.8302602004259825e-05
3.4833333333333334,0.0024118227884173393,-7.450813427567482e-06,1.187005523206608e-06,0.027307353913784027,0.02729191817343235,0.0006149896653369069,1.955209518200718e-05
3.5,0.002424062229692936,-7.42392148822546e-06,4.101340209672344e-07,0.027440743520855904,0.027426691725850105,0.0006166035309433937,-2.2756388716516085e-05
3.5166666666666666,0.002436317503452301,-7.412803824990988e-06,2.6125275098820566e-07,0.02757556363940239,0.027561113238334656,0.0006155505543574691,-1.5638250260963105e-05
3.533333333333333,0.0024486202746629715,-7.323280442506075e-06,-3.696189878610312e-07,0.027710549533367157,0.027696026489138603,0.0006210322608239949,-2.88961182377534e-05
3.55,0.002461201511323452,-7.348484359681606e-06,6.6703915990729e-07,0.027847951278090477,0.02783336490392685,0.0006299825618043542,-1.8510880863686907e-06
3.5666666666666664,0.002473832108080387,-7.319205906242132e-06,5.602933015325107e-07,0.0279872864484787,0.027972113341093063,0.0006368000758811831,-9.625417987990659e-06
3.5833333333333335,0.0024866191670298576,-7.318682037293911e-06,6.365019089571433e-07,0.028126776218414307,0.028112391009926796,0.0006419214187189937,6.6403549681126606e-06
3.6,0.002499377354979515,-7.37019581720233e-06,5.500807986891232e-08,0.028267985209822655,0.028252040967345238,0.0006430683424696326,1.455436085961992e-05
3.6166666666666667,0.0025122221559286118,-7.346563506871462e-06,5.347921501197561e-07,0.028409037739038467,0.028394024819135666,0.0006404770538210869,-8.943607099354267e-06
3.6333333333333333,0.0025248732417821884,-7.463851943612099e-06,1.3856117675459245e-06,0.028547536581754684,0.028532106429338455,0.0006326735601760447,8.833288120513316e-06
3.65,0.002537338063120842,-7.403898052871227e-06,7.182354693213711e-07,0.028684541583061218,0.02866923063993454,0.000624854932539165,1.2255151887075044e-05
3.6666666666666665,0.0025496957823634148,-7.3445262387394905e-06,3.0273642437350645e-07,0.02881922386586666,0.028805270791053772,0.0006195103633217514,-8.976361641543917e-06
3.683333333333333,0.002562223933637142,-7.381429895758629e-06,1.533461890801391e-08,0.028957728296518326,0.028941897675395012,0.0006287333089858294,-1.0752393109214609e-06
3.6999999999999997,0.0025749197229743004,-7.3570990934967995e-06,5.297288225847296e-07,0.029096582904458046,0.029080955311655998,0.0006353645585477352,7.82111419539433e-06
3.716666666666667,0.002587665803730488,-7.3437695391476154e-06,6.228570441635384e-07,0.02923612669110298,0.02922048233449459,0.0006410029018297791,-1.9957715267082676e-05
3.7333333333333334,0.002600390464067459,-7.3676928877830505e-06,1.2490512801832665e-07,0.029376303777098656,0.029360586777329445,0.0006425519823096693,-2.0086394215468317e-05
3.75,0.002613062970340252,-7.379800081253052e-06,6.949195494598825e-07,0.029516367241740227,0.029499435797333717,0.0006337797385640442,7.646714948350564e-05
3.7666666666666666,0.0026258444413542747,-7.331720553338528e-06,4.354948259788216e-07,0.029655231162905693,0.029638908803462982,0.0006391581846401095,-1.624015931156464e-05
3.783333333333333,0.002638590522110462,-7.347553037106991e-06,-1.1929940058053035e-07,0.02979588322341442,0.029778670519590378,0.0006403670413419604,-2.1624464352498762e-05
3.8,0.0026513533666729927,-7.316179107874632e-06,2.533055010189855e-07,0.029934970661997795,0.029919015243649483,0.0006422717706300318,1.646391501708422e-05
3.8166666666666664,0.0026642484590411186,-7.380847819149494e-06,5.971129439785727e-07,0.030076803639531136,0.030059820041060448,0.0006457535200752318,1.3877144738216884e-05
3.8333333333333335,0.002677144482731819,-7.326831109821796e-06,2.779589749479783e-07,0.03021918050944805,0.030201757326722145,0.0006485605263151228,2.9163806175347418e-05
3.85,0.002689993940293789,-7.315073162317276e-06,-9.06557318103296e-08,0.030359657481312752,0.03034318797290325,0.0006484613986685872,-2.102579856000375e-05
3.8666666666666667,0.002702949568629265,-7.401511538773775e-06,6.473350708802172e-07,0.0305018313229084,0.03048546612262726,0.0006501752068288624,-7.520776762248715e-06
3.8833333333333333,0.002715904265642166,-7.360533345490694e-06,6.741213383065769e-07,0.030643576756119728,0.030627630650997162,0.0006513866828754544,-2.128258165612351e-05
3.9,0.002728884108364582,-7.355585694313049e-06,6.212561629581614e-07,0.03078634664416313,0.03076975606381893,0.0006521507748402655,7.916169124655426e-06
3.9166666666666665,0.002741815522313118,-7.269904017448425e-06,-6.009677377960543e-08,0.03092796355485916,0.030911559239029884,0.000650507805403322,-1.1784248272306286e-05
3.933333333333333,0.002754778601229191,-7.374270353466272e-06,8.417243861913448e-07,0.03106968104839325,0.03105386160314083,0.0006524394848383963,-4.320813786762301e-06
3.9499999999999997,0.002767767757177353,-7.368449587374926e-06,5.203695536692976e-07,0.03121343068778515,0.03119627945125103,0.000652644841466099,1.178763614007039e-05
3.966666666666667,0.002780737355351448,-7.358437869697809e-06,4.0289091174372516e-08,0.03135565668344498,0.031339120119810104,0.0006536797154694796,-1.7270343960262835e-05
3.9833333333333334,0.00279371440410614,-7.3410337790846825e-06,3.7810553976669325e-07,0.03149759769439697,0.031481023877859116,0.000651810085400939,-1.7464830307289958e-05
4.0,0.002806742675602436,-7.3596020229160786e-06,8.229318950725428e-07,0.03163958713412285,0.03162384405732155,0.0006529481033794582,-1.9427525330684148e-05
4.016666666666667,0.0028196563944220543,-7.397087756544352e-06,8.991355002763157e-07,0.03178207948803902,0.031766802072525024,0.0006493732216767967,-4.433391586644575e-05
4.033333333333333,0.002832319587469101,-7.368333172053099e-06,9.881766516173229e-08,0.03192218765616417,0.031905122101306915,0.000636595650576055,-2.2979394998401403e-05
4.05,0.002844938077032566,-7.410941179841757e-06,1.1063190186177962e-06,0.03206030651926994,0.03204311057925224,0.0006300924578681588,-1.4004642252984922e-05
4.066666666666666,0.0028574345633387566,-7.4089039117097855e-06,1.437796981917927e-06,0.03219693899154663,0.032180946320295334,0.000625092361588031,1.683131449681241e-05
4.083333333333333,0.0028698304668068886,-7.4133859016001225e-06,5.849438480254321e-07,0.032333485782146454,0.03231508284807205,0.00061845185700804,3.7109468394191936e-05
4.1,0.0028821034356951714,-7.42677366361022e-06,4.905821242573438e-07,0.032467857003211975,0.032450731843709946,0.0006183569203130901,-2.6437359338160604e-05
4.116666666666666,0.0028943438082933426,-7.330672815442085e-06,-6.91353641002479e-09,0.03260289505124092,0.03258480131626129,0.0006144950166344643,-2.4663509975653142e-05
4.133333333333333,0.0029068291187286377,-7.343420293182135e-06,4.143520300203818e-07,0.03273986279964447,0.03272086754441261,0.0006245975382626057,7.757412276987452e-07
4.15,0.0029194550588726997,-7.345108315348625e-06,7.127461003619828e-07,0.03287732973694801,0.03286000341176987,0.0006323091220110655,-1.9018536477233283e-05
4.166666666666667,0.0029319552704691887,-7.331604138016701e-06,-8.300613529854672e-08,0.03301604092121124,0.03299799561500549,0.000634434400126338,-9.876463082036935e-06
4.183333333333334,0.002944713458418846,-7.298891432583332e-06,-7.947532054686235e-08,0.03315650299191475,0.033136751502752304,0.0006378648686222732,5.77276005060412e-05
4.2,0.0029575666412711143,-7.342081516981125e-06,8.72214059199905e-07,0.03329528868198395,0.033278658986091614,0.0006438830750994384,-2.1518393623409793e-05
4.216666666666667,0.0029703639447689056,-7.4096606113016605e-06,5.005713319405913e-07,0.03343744948506355,0.0334189347922802,0.0006399961421266198,8.917861123336479e-06
4.233333333333333,0.0029830075800418854,-7.4311974458396435e-06,1.3220544587966288e-06,0.033576153218746185,0.03355797007679939,0.0006321987602859735,-9.954447705240455e-06
4.25,0.0029955096542835236,-7.420720066875219e-06,1.706417265268101e-07,0.03371288627386093,0.03369497135281563,0.0006286794086918235,-4.5120091272110585e-06
4.266666666666667,0.003007933497428894,-7.387949153780937e-06,5.79369896058779e-07,0.03384893015027046,0.033830318599939346,0.000620947394054383,3.726059367181733e-05
4.283333333333333,0.0030202753841876984,-7.4007548391819e-06,4.618692344138253e-07,0.03398445248603821,0.033966440707445145,0.0006200263160280883,-2.390581721556373e-05
4.3,0.003032592125236988,-7.42089468985796e-06,3.344889591971878e-07,0.03411997854709625,0.034100670367479324,0.0006189924315549433,-2.5149780412903056e-05
4.316666666666666,0.0030449582263827324,-7.372349500656128e-06,2.6221874804832623e-07,0.0342557430267334,0.034238263964653015,0.0006247024284675717,-2.589591713331174e-05
4.333333333333333,0.0030574100092053413,-7.389695383608341e-06,1.2532040045698523e-06,0.03439249098300934,0.03437454625964165,0.0006199819035828114,-2.0850297005381435e-05
4.35,0.003069761209189892,-7.44423596188426e-06,4.874012233813119e-07,0.034527357667684555,0.03450882434844971,0.000619544938672334,-9.37146796786692e-06
4.366666666666666,0.0030819904059171677,-7.358903530985117e-06,1.053524982808085e-07,0.03466280922293663,0.034642934799194336,0.0006147790118120611,-1.5375495422631502e-05
4.383333333333333,0.0030944347381591797,-7.353664841502905e-06,6.671806431768346e-07,0.03479843959212303,0.034779828041791916,0.0006231674924492836,-1.599117967998609e-05
4.4,0.003106873482465744,-7.309485226869583e-06,2.504226586097502e-07,0.034934308379888535,0.034917090088129044,0.0006282548420131207,-1.0019356523116585e-05
4.416666666666667,0.003119496628642082,-7.370952516794205e-06,7.243880304486083e-07,0.03507302328944206,0.03505554050207138,0.0006319127860479057,-2.7640327971312217e-05
4.433333333333334,0.0031320061534643173,-7.4008130468428135e-06,1.4369383052326157e-06,0.03521035984158516,0.03519320860505104,0.0006258104112930596,-2.3906457499833778e-05
4.45,0.00314437597990036,-7.415481377393007e-06,5.54254029339063e-07,0.03534744679927826,0.03532714024186134,0.0006189435953274369,5.695987420040183e-05
4.466666666666667,0.0031566573306918144,-7.3249684646725655e-06,-1.2402537663547264e-07,0.035482246428728104,0.035461943596601486,0.000615629949606955,-2.048887154160184e-06
4.483333333333333,0.0031690923497080803,-7.376132998615503e-06,7.338827003877668e-07,0.03561760112643242,0.03559962287545204,0.0006231462466530502,-7.707975555604207e-07
4.5,0.003181522712111473,-7.291033398360014e-06,1.2901157475653235e-08,0.03575462847948074,0.03573478385806084,0.0006265206029638648,-3.669896977953613e-05
4.516666666666667,0.003194141201674938,-7.346738129854202e-06,6.88373006596521e-07,0.035892605781555176,0.035873379558324814,0.0006341896951198578,-3.041513991774991e-07
4.533333333333333,0.003206801600754261,-7.33410706743598e-06,7.247794542308839e-07,0.036030981689691544,0.036012500524520874,0.0006372319185175002,-1.676025021879468e-05
4.55,0.0032195458188652992,-7.39924143999815e-06,5.810137508888147e-07,0.03617207333445549,0.03615210950374603,0.0006351970951072872,1.540521225251723e-05
4.566666666666666,0.003232191316783428,-7.40494579076767e-06,4.970353870703548e-07,0.03631036356091499,0.036291178315877914,0.0006308502634055912,-2.6087371225003153e-05
4.583333333333333,0.0032447166740894318,-7.32991611585021e-06,7.592209954054852e-07,0.0364469550549984,0.036428842693567276,0.0006317354273051023,-3.331895641167648e-05
4.6,0.003257274627685547,-7.314782124012709e-06,-2.4047369606705615e-07,0.036586862057447433,0.03656633943319321,0.000635811360552907,-2.324393790331669e-05
4.616666666666666,0.0032700682058930397,-7.377355359494686e-06,6.855752303636109e-07,0.03672643378376961,0.03670642152428627,0.0006408169865608215,-6.911701802891912e-06
4.633333333333333,0.0032829120755195618,-7.401104085147381e-06,4.584750570302276e-07,0.0368676595389843,0.03684642165899277,0.0006442457088269293,2.8533271688502282e-05
4.65,0.003295806236565113,-7.344991900026798e-06,8.071277193266724e-07,0.037008121609687805,0.036988724023103714,0.0006480425363406539,-8.832003004499711e-06
4.666666666666667,0.003308722749352455,-7.361872121691704e-06,5.189311309550249e-07,0.03715080767869949,0.037130262702703476,0.0006493509281426668,-1.2371031516522635e-05
4.683333333333334,0.003321670927107334,-7.3330593295395374e-06,8.405862104154949e-07,0.03729185834527016,0.0372726172208786,0.0006508186343125999,-2.0109555407543667e-05
4.7,0.0033346256241202354,-7.34871719032526e-06,6.352133823384065e-07,0.03743511065840721,0.03741465508937836,0.0006512166000902653,-2.1153524357941933e-05
4.716666666666667,0.0033474210649728775,-7.340102456510067e-06,1.8388045930350927e-07,0.037575505673885345,0.03755505383014679,0.0006475549307651818,-2.785155811579898e-05
4.733333333333333,0.003360297530889511,-7.360242307186127e-06,6.185165375427459e-07,0.037716321647167206,0.03769683465361595,0.0006462443852797151,-1.6796417185105383e-05
4.75,0.003373190760612488,-7.348600775003433e-06,5.1662201627777904e-08,0.03785887733101845,0.03783759847283363,0.0006483530742116272,-1.2638796761166304e-05
4.766666666666667,0.0033860579133033752,-7.388473022729158e-06,6.052873686712701e-07,0.038000740110874176,0.037979450076818466,0.0006438650307245553,1.9669434550451115e-05
4.783333333333333,0.0033988002687692642,-7.3909759521484375e-06,1.2515764638010296e-06,0.03813951835036278,0.03811977058649063,0.0006348245078697801,-1.658784822211601e-05
4.8,0.00341128371655941,-7.4310810305178165e-06,6.954128366487566e-07,0.03827705979347229,0.03825540095567703,0.0006259306683205068,1.049826096277684e-05
4.816666666666666,0.003423662856221199,-7.424445357173681e-06,9.106462925956293e-07,0.03841189295053482,0.03839230537414551,0.0006192533764988184,-2.2607566279475577e-05
4.833333333333333,0.0034358659759163857,-7.362163159996271e-06,2.0889360996534379e-07,0.03854736313223839,0.038525670766830444,0.0006144661456346512,-2.582124034233857e-05
4.85,0.0034482432529330254,-7.336901035159826e-06,6.781331052252426e-08,0.038683101534843445,0.03866179659962654,0.000623776635620743,-1.514500308985589e-05
4.866666666666666,0.0034607471898198128,-7.423688657581806e-06,1.014402641885681e-06,0.03882038593292236,0.03879803046584129,0.0006200690986588597,3.373687286511995e-05
4.883333333333333,0.003473196178674698,-7.394759450107813e-06,4.168975920038065e-07,0.03895661607384682,0.03893619403243065,0.00062396633438766,-1.979840271815192e-05
4.9,0.003485611639916897,-7.42694828659296e-06,6.566371553162753e-07,0.03909247741103172,0.039070695638656616,0.0006172119756229222,4.362313848105259e-05
4.916666666666667,0.0034978846088051796,-7.414724677801132e-06,3.5143676768711885e-07,0.03922786936163902,0.03920568525791168,0.000618008547462523,6.115450901233999e-07
4.933333333333334,0.00351013895124197,-7.4258423410356045e-06,4.1230711644857365e-07,0.039362501353025436,0.039339400827884674,0.0006134516443125904,5.8308374718762934e-05
4.95,0.003522436134517193,-7.51088373363018e-06,7.246526934068243e-07,0.03949669748544693,0.039474666118621826,0.0006150853005237877,-2.099606535921339e-05
4.966666666666667,0.003534705378115177,-7.469090633094311e-06,1.1373067536624148e-06,0.039629947394132614,0.03960968554019928,0.0006148565444163978,-2.8552793082781136e-05
4.983333333333333,0.0035468628630042076,-7.421476766467094e-06,5.909565174988529e-07,0.03976483643054962,0.03974364325404167,0.0006152482819743454,-2.405631857982371e-05
5.0,0.0035590287297964096,-7.380207534879446e-06,2.788107735796075e-07,0.039899393916130066,0.03987598046660423,0.0006115034921094775,1.893122862384189e-05
5.016666666666667,0.0035712802782654762,-7.447029929608107e-06,1.0029388022303465e-06,0.04003375023603439,0.040011219680309296,0.0006117682787589729,-1.2957267244928516e-05
5.033333333333333,0.0035836612805724144,-7.3856208473443985e-06,8.123615771182813e-07,0.04016885161399841,0.04014766216278076,0.0006164196529425681,-1.3292180483404081e-05
5.05,0.0035960106179118156,-7.347611244767904e-06,5.912136771257792e-07,0.0403035506606102,0.040283143520355225,0.0006202877848409116,-3.700754314195365e-05
5.066666666666666,0.0036083636805415154,-7.374444976449013e-06,5.392917046265211e-07,0.040439311414957047,0.04041861742734909,0.0006231183069758117,-3.6955083487555385e-05
5.083333333333333,0.003620743751525879,-7.410766556859016e-06,1.1860798849738785e-06,0.04057573527097702,0.040554214268922806,0.0006199821946211159,1.8132392142433673e-05
5.1,0.0036332719027996063,-7.347553037106991e-06,5.256759436633729e-07,0.04071316123008728,0.04069116711616516,0.0006280526285991073,-9.164186849375255e-06
5.116666666666666,0.0036458028480410576,-7.404829375445843e-06,1.7438111399314948e-07,0.04085131362080574,0.04082871228456497,0.0006310659227892756,-1.6393500118283555e-05
5.133333333333333,0.0036584362387657166,-7.306982297450304e-06,2.2622758422130573e-07,0.040989819914102554,0.04096696525812149,0.0006358409882523119,1.9601739040808752e-05
5.15,0.003671182319521904,-7.280090358108282e-06,7.625665432442474e-08,0.04113006591796875,0.041107743978500366,0.0006405531312339008,-9.2772215793957e-06
5.166666666666667,0.003683864139020443,-7.3891133069992065e-06,1.0060107342724223e-06,0.041269246488809586,0.04124666005373001,0.0006330752512440085,1.2143431376898661e-05
5.183333333333334,0.003696408122777939,-7.3863775469362736e-06,8.494808412251587e-07,0.04140724241733551,0.04138452559709549,0.0006278672371990979,-1.5752348190289922e-06
5.2,0.0037088515236973763,-7.374386768788099e-06,1.0222681794402888e-06,0.04154380410909653,0.04152151197195053,0.0006227652193047106,-1.2665489521168638e-05
5.216666666666667,0.0037212390452623367,-7.395516149699688e-06,9.98233645077562e-07,0.041679609566926956,0.04165720194578171,0.0006197733455337584,-1.4012221981829498e-05
5.233333333333333,0.0037336070090532303,-7.439579349011183e-06,1.2974782066521584e-06,0.041815850883722305,0.04179244115948677,0.0006178885814733803,1.8433840523357503e-05
5.25,0.0037458473816514015,-7.3302071541547775e-06,-8.541714180410054e-08,0.04194986820220947,0.041926342993974686,0.0006128569366410375,-2.4418055545538664e-05
5.266666666666667,0.003758316859602928,-7.334223482757807e-06,6.893175168443122e-07,0.04208583012223244,0.04206244647502899,0.0006243375246413052,2.2652293409919366e-05
5.283333333333333,0.003770795650780201,-7.4009294621646404e-06,1.094755816666293e-06,0.04222319647669792,0.0422016903758049,0.0006302351248450577,-1.8735387129709125e-05
5.3,0.003783249296247959,-7.434049621224403e-06,5.395701805355202e-07,0.0423613078892231,0.042336612939834595,0.0006215180037543178,-1.5415715097333305e-05
5.316666666666666,0.0037956954911351204,-7.420720066875219e-06,7.453998591699929e-07,0.042496174573898315,0.042473338544368744,0.0006180675118230283,-1.4787438885832671e-05
5.333333333333333,0.003807949833571911,-7.406983058899641e-06,2.430189169899677e-07,0.04263187572360039,0.04260704293847084,0.0006177013274282217,-2.3820612113922834e-05
5.35,0.0038202619180083275,-7.469963748008013e-06,1.137225808633957e-06,0.04276514798402786,0.04274331405758858,0.0006157978205010295,-2.4688300982234068e-05
5.366666666666666,0.0038324836641550064,-7.418391760438681e-06,4.6218045213208825e-07,0.04290034621953964,0.0428762324154377,0.0006165207014419138,-1.3595773452834692e-05
5.383333333333333,0.00384480319917202,-7.352035026997328e-06,9.264883260584611e-08,0.043035853654146194,0.04301178827881813,0.0006219561910256743,-1.9836121282423846e-05
5.4,0.0038573620840907097,-7.384573109447956e-06,7.483033073185652e-07,0.04317348077893257,0.043149929493665695,0.0006307328585535288,-1.8822225683834404e-05
5.416666666666667,0.0038698632270097733,-7.332651875913143e-06,4.2130253063987766e-07,0.04331066086888313,0.04328775033354759,0.0006318401428870857,-3.899383227690123e-05
5.433333333333334,0.0038824183866381645,-7.401045877486467e-06,1.0573951385595137e-06,0.043448690325021744,0.04342484846711159,0.0006259425426833332,5.3324707550928e-05
5.45,0.003895019181072712,-7.373455446213484e-06,5.634812509924814e-07,0.04358729347586632,0.04356260225176811,0.000631688570138067,-1.4717786143592093e-05
5.466666666666667,0.003907599486410618,-7.330963853746653e-06,1.9924527805414982e-07,0.04372513294219971,0.04370154067873955,0.0006347449962049723,-1.086390511773061e-05
5.483333333333333,0.003920163959264755,-7.376132998615503e-06,1.0573563713478507e-06,0.04386358708143234,0.0438394695520401,0.0006282792310230434,-4.0541547718930815e-07
5.5,0.003932676278054714,-7.276888936758041e-06,1.5083892890288553e-07,0.04400118812918663,0.04397531971335411,0.0006300464156083763,3.750279938685708e-05
5.516666666666667,0.003945378586649895,-7.3458650149405e-06,6.13395002346806e-07,0.044140350073575974,0.0441155880689621,0.000636802869848907,-1.9638628145912662e-05
5.533333333333333,0.003957957960665226,-7.3678093031048775e-06,-2.4832772282934457e-07,0.04427891597151756,0.044253624975681305,0.0006358444807119668,-3.698836735566147e-05
5.55,0.003970671445131302,-7.395166903734207e-06,2.93567836706643e-07,0.044418442994356155,0.04439283907413483,0.000639300502371043,-1.1822168744402006e-05
5.566666666666666,0.003983327187597752,-7.3660630732774734e-06,1.232514705407084e-06,0.04455624520778656,0.04453222453594208,0.0006319236708804965,-1.4293595995695796e-05
5.583333333333333,0.003995972685515881,-7.3820119723677635e-06,1.0059676469609258e-06,0.044694527983665466,0.04467149078845978,0.0006347738089971244,-1.4901220311003271e-05
5.6,0.004008389078080654,-7.418508175760508e-06,3.0120847327452793e-07,0.04483380913734436,0.04480680450797081,0.0006252187304198742,1.2654840020331903e-06
5.616666666666666,0.004020757041871548,-7.450697012245655e-06,5.495749064721167e-07,0.04496854916214943,0.04494224488735199,0.0006191066349856555,5.7996774557977915e-05
5.633333333333333,0.004033152014017105,-7.363618351519108e-06,1.1487990150271798e-06,0.04510389268398285,0.04507926106452942,0.0006180730415508151,1.6163741747732274e-05
5.65,0.004045393317937851,-7.422466296702623e-06,5.582796802627854e-07,0.045239176601171494,0.045212894678115845,0.0006141294725239277,1.189109570987057e-05
5.666666666666667,0.0040575312450528145,-7.351452950388193e-06,1.131998743630902e-07,0.04537234827876091,0.045347440987825394,0.0006109164096415043,-2.41938978433609e-05
5.683333333333334,0.004069952294230461,-7.36030051484704e-06,3.39297571372299e-07,0.045508138835430145,0.04548195004463196,0.000620794715359807,2.4113380277412944e-05
5.7,0.00408250093460083,-7.3319533839821815e-06,8.583701287534495e-07,0.045645181089639664,0.04562097415328026,0.0006299893721006811,-1.6982839952106588e-05
5.716666666666667,0.004094998352229595,-7.3696719482541084e-06,2.7902791543965577e-07,0.04578320309519768,0.045757781714200974,0.0006313782068900764,-3.351280611241236e-05
5.733333333333333,0.004107628017663956,-7.301918230950832e-06,3.373208699031238e-07,0.04592180997133255,0.04589610546827316,0.000635601463727653,2.5461389441261417e-07
5.75,0.004120440222322941,-7.345573976635933e-06,7.193617079792602e-07,0.046061597764492035,0.04603612422943115,0.0006409736815840006,-2.6757959403767018e-06
5.766666666666667,0.0041332487016916275,-7.335504051297903e-06,6.369087373059301e-07,0.04620290547609329,0.046177126467227936,0.0006436879048123956,-1.767960566212423e-05
5.783333333333333,0.004146004095673561,-7.344002369791269e-06,1.4126031544492434e-07,0.0463431179523468,0.046317245811223984,0.0006431785877794027,-1.1389847713871859e-05
5.8,0.004158817231655121,-7.329799700528383e-06,1.4905771195117268e-07,0.046484384685754776,0.046457886695861816,0.0006440336583182216,2.3994623916223645e-05
5.816666666666666,0.004171562381088734,-7.388880476355553e-06,9.788749366634875e-07,0.04662410914897919,0.04659762233495712,0.0006353372009471059,7.323555473703891e-05
5.833333333333333,0.004184149205684662,-7.395690772682428e-06,8.153437534019758e-07,0.04676278308033943,0.04673665389418602,0.000629580405075103,-1.2909798897453584e-05
5.85,0.004196822643280029,-7.307564374059439e-06,3.887837181082432e-07,0.04690110310912132,0.04687390476465225,0.0006347891758196056,2.6706422431743704e-05
5.866666666666666,0.00420957338064909,-7.320661097764969e-06,8.034984375626664e-07,0.047040197998285294,0.047014977782964706,0.0006404790910892189,-6.326705715764547e-06
5.883333333333333,0.004222447983920574,-7.3196133598685265e-06,3.624565465543128e-07,0.04718240723013878,0.04715513810515404,0.0006437308620661497,-2.2882272787683178e-06
5.9,0.00423516146838665,-7.382419425994158e-06,1.3502354079264478e-07,0.047322846949100494,0.047295793890953064,0.0006449877400882542,-1.721164517221041e-05
5.916666666666667,0.004247956909239292,-7.359369192272425e-06,1.0689776672734297e-06,0.04746246337890625,0.04743523895740509,0.0006355821969918907,6.090795432101004e-05
5.933333333333334,0.004260711371898651,-7.333350367844105e-06,8.132802804539097e-07,0.047601837664842606,0.04757637530565262,0.0006413461524061859,-1.9647617591544986e-05
5.95,0.0042734649032354355,-7.3587289080023766e-06,4.5813735027877556e-07,0.047743093222379684,0.047716911882162094,0.0006416784599423409,-2.1473200831678696e-05
5.966666666666667,0.004286152310669422,-7.4176350608468056e-06,1.2047667041770183e-06,0.04788197949528694,0.04785624518990517,0.0006326539441943169,-1.2641162356885616e-05
5.983333333333333,0.004298589192330837,-7.403839845210314e-06,3.180091709964472e-07,0.048010509461164474,0.04799284040927887,0.0006278054788708687,-5.891928140044911e-06
6.0,0.004311106167733669,-7.439579349011183e-06,1.455624101254216e-06,0.048138126730918884,0.048120636492967606,0.0006391268689185381,5.5165197409223765e-05
6.016666666666667,0.0043236808851361275,-7.397262379527092e-06,6.357913093779644e-07,0.048265933990478516,0.04824936017394066,0.0006454374524764717,-1.9221846741857007e-05
6.033333333333333,0.004336528480052948,-7.3257251642644405e-06,5.510497089744604e-07,0.048397213220596313,0.04838079214096069,0.0006633350858464837,-1.114995393436402e-05
6.05,0.0043496862053871155,-7.319555152207613e-06,5.927064989919018e-07,0.04853104054927826,0.04851548746228218,0.000676360446959734,-4.4728145439876243e-05
6.066666666666666,0.0043630413711071014,-7.3704286478459835e-06,4.7215149834300973e-07,0.04866831377148628,0.04865090921521187,0.0006864516763016582,8.823447387840133e-06
6.083333333333333,0.004376551136374474,-7.333233952522278e-06,4.2605114458638127e-07,0.048806082457304,0.04878905788064003,0.0006948929512873292,-2.155793299607467e-05
6.1,0.004390159621834755,-7.300404831767082e-06,6.113237986937747e-07,0.04894397780299187,0.0489286333322525,0.0007005890947766602,-4.636422454495914e-05
6.116666666666666,0.004403889179229736,-7.3446426540613174e-06,5.08231892126787e-07,0.04908466339111328,0.04906772822141647,0.0007050593267194927,-1.087109740183223e-05
6.133333333333333,0.0044176699593663216,-7.2846305556595325e-06,4.3260726556582085e-07,0.04922503978013992,0.04920879378914833,0.0007087441626936197,1.2919844266434666e-05
6.15,0.004431478679180145,-7.318099960684776e-06,3.670181740744738e-07,0.04936694726347923,0.04934949427843094,0.0007110311998985708,-1.7451156963943504e-06
6.166666666666667,0.00444534607231617,-7.316295523196459e-06,2.5466286501796276e-07,0.049508512020111084,0.04949113726615906,0.0007131579332053661,2.9704633561777882e-05
6.183333333333334,0.004459228366613388,-7.3257251642644405e-06,6.132156613603001e-07,0.04964936524629593,0.04963340237736702,0.0007155191269703209,-3.8055412005633116e-05
6.2,0.004473152570426464,-7.280614227056503e-06,3.8257323353718675e-07,0.049791861325502396,0.04977572709321976,0.0007165863062255085,-2.1574996935669333e-05
6.216666666666667,0.004487120546400547,-7.339403964579105e-06,5.905973239350715e-07,0.04993413761258125,0.0499177984893322,0.0007174230413511395,1.5564062778139487e-05
6.233333333333333,0.004501065239310265,-7.282593287527561e-06,4.6295158995235397e-07,0.05007689818739891,0.05006027594208717,0.0007181394030340016,5.6892886277637444e-06
6.25,0.004515036009252071,-7.289345376193523e-06,4.7028171934471175e-07,0.05021880194544792,0.05020266771316528,0.0007188798044808209,7.223832199088065e-06
6.266666666666667,0.004529004916548729,-7.2801485657691956e-06,4.7234064481926907e-07,0.05036141350865364,0.05034560710191727,0.000719407107681036,7.921554242784623e-06
6.283333333333333,0.004542994312942028,-7.289519999176264e-06,5.251437187325791e-07,0.05050434544682503,0.05048803240060806,0.0007200270774774253,2.6408079065731727e-06
6.3,0.004556979984045029,-7.310241926461458e-06,5.339169319995563e-07,0.05064729228615761,0.05063129588961601,0.0007201459375210106,-2.0084464267711155e-05
6.316666666666666,0.004570989869534969,-7.3176342993974686e-06,6.139053425613383e-07,0.05078977346420288,0.050772931426763535,0.0007202789420261979,6.438785931095481e-06
6.333333333333333,0.004585006274282932,-7.335504051297903e-06,7.173940730353934e-07,0.050932589918375015,0.05091631039977074,0.0007205578149296343,-1.918760608532466e-05
6.35,0.004599018953740597,-7.3390547186136246e-06,5.902949737901508e-07,0.05107647180557251,0.05105891451239586,0.0007198783569037914,3.0276571123977192e-05
6.366666666666666,0.004612920805811882,-7.427763193845749e-06,8.430296247752267e-07,0.051218897104263306,0.051201436668634415,0.0007141076494008303,9.649224921304267e-06
6.383333333333333,0.0046267323195934296,-7.43416603654623e-06,1.5053944935061736e-06,0.05135907977819443,0.05134200304746628,0.0007045766687951982,-9.76704541244544e-07
6.4,0.004640249535441399,-7.347669452428818e-06,-1.6817671166791115e-07,0.0514969676733017,0.05148044601082802,0.0006987982196733356,6.098669018683722e-07
6.416666666666667,0.004653943702578545,-7.342430762946606e-06,8.936191306929686e-07,0.051635563373565674,0.051619865000247955,0.0007024495280347764,1.4741118320671376e-05
6.433333333333334,0.004667613655328751,-7.377995643764734e-06,6.042348559276434e-07,0.05177602544426918,0.05175849050283432,0.0007050783606246114,-4.823723884328501e-06
6.45,0.004681277088820934,-7.4025592766702175e-06,2.416840345631499e-07,0.05191668123006821,0.051899418234825134,0.0007024939986877143,3.2694679248379543e-05
6.466666666666667,0.004694975912570953,-7.431255653500557e-06,1.5055292124088737e-06,0.05205482617020607,0.05203814059495926,0.0006952624535188079,6.890292570460588e-05
6.483333333333333,0.00470840185880661,-7.341266609728336e-06,-1.410670478207976e-07,0.05219150707125664,0.052175864577293396,0.000692983390763402,-8.886417163012084e-06
6.5,0.004721944220364094,-7.412105333060026e-06,5.887208658350573e-07,0.05233091861009598,0.052313998341560364,0.0006979182362556458,3.1749521440360695e-05
6.516666666666667,0.004735506139695644,-7.414608262479305e-06,1.2271248124307021e-06,0.05246897414326668,0.052451349794864655,0.0006917780847288668,8.502718264935538e-05
6.533333333333333,0.004748876206576824,-7.369264494627714e-06,-2.7923428547182993e-07,0.05260542035102844,0.05258883163332939,0.000690008164383471,-2.0223351384629495e-05
6.55,0.004762439988553524,-7.341208402067423e-06,6.273467647588404e-07,0.05274352803826332,0.052725840359926224,0.0006956295692361891,2.195113484049216e-05
6.566666666666666,0.004776036366820335,-7.346738129854202e-06,6.561413670169713e-07,0.052882179617881775,0.05286501720547676,0.0007017714087851346,2.1158479285077192e-05
6.583333333333333,0.004789769649505615,-7.332244422286749e-06,6.567024115611275e-07,0.053022149950265884,0.05300580710172653,0.000706247694324702,-2.0447881979634985e-05
6.6,0.004803561605513096,-7.301627192646265e-06,4.4696918166664545e-07,0.053163010627031326,0.05314644053578377,0.0007092568557709455,1.3977148228150327e-05
6.616666666666666,0.004817415960133076,-7.352093234658241e-06,4.114576199754083e-07,0.053305093199014664,0.05328734591603279,0.0007123386603780091,6.26954488325282e-06
6.633333333333333,0.0048312833532691,-7.323455065488815e-06,3.658855689536722e-07,0.05344647169113159,0.053428929299116135,0.000714110501576215,2.4415829102508724e-05
6.6499999999999995,0.004845243878662586,-7.4008130468428135e-06,5.926258950239571e-07,0.05358924716711044,0.05357082560658455,0.000716018897946924,3.540725083439611e-05
6.666666666666667,0.004859131760895252,-7.272697985172272e-06,5.450970661513566e-07,0.05373009666800499,0.053714320063591,0.0007173721096478403,-2.1126812498550862e-05
6.683333333333334,0.0048730820417404175,-7.3303235694766045e-06,6.134133059276792e-07,0.05387270078063011,0.053855977952480316,0.0007179988315328956,-3.4163792861363618e-06
6.7,0.004887053743004799,-7.364782504737377e-06,5.291490765557683e-07,0.054015643894672394,0.05399852991104126,0.0007184346904978156,-1.532978444629407e-06
6.716666666666667,0.0049009863287210464,-7.326307240873575e-06,5.926934818489826e-07,0.05415726825594902,0.05414127558469772,0.0007194287027232349,3.0740361580683384e-06
6.733333333333333,0.004914998076856136,-7.313443347811699e-06,4.4057242121198215e-07,0.05430060252547264,0.05428348481655121,0.0007195908692665398,-4.674323463405017e-06
6.75,0.004928993992507458,-7.352675311267376e-06,7.242895776471414e-07,0.05444269999861717,0.054426491260528564,0.0007202625274658203,-2.216101529484149e-05
6.766666666666667,0.004942943342030048,-7.352326065301895e-06,4.2377095610390825e-07,0.05458487570285797,0.05456826463341713,0.0007183559937402606,1.3012217095820233e-05
6.783333333333333,0.0049567874521017075,-7.398484740406275e-06,1.0559963925516058e-07,0.054728422313928604,0.05471067503094673,0.0007120654918253422,4.025044108857401e-05
6.8,0.004970632493495941,-7.483700755983591e-06,1.6808013469926664e-06,0.0548672080039978,0.05485156178474426,0.0007037854520604014,-2.030637551797554e-05
6.816666666666666,0.004984129220247269,-7.3731644079089165e-06,-5.070748443358752e-07,0.055006030946969986,0.05498858541250229,0.0006979553145356476,3.1679272069595754e-05
6.833333333333333,0.004997855052351952,-7.3187402449548244e-06,4.016362993297662e-07,0.05514606088399887,0.05512838810682297,0.0007033888250589371,1.2315385902184062e-05
6.85,0.005011571571230888,-7.311347872018814e-06,3.870989360166277e-07,0.055286210030317307,0.05526905134320259,0.0007074617897160351,4.445686863618903e-05
6.866666666666666,0.005025412887334824,-7.404712960124016e-06,9.942675660568057e-07,0.05542672798037529,0.0554109551012516,0.0007111282902769744,-3.722360997926444e-05
6.883333333333333,0.005039251409471035,-7.33142951503396e-06,3.9554052477797086e-07,0.05556764453649521,0.0555509589612484,0.0007116382475942373,3.059525624848902e-05
6.8999999999999995,0.005053103901445866,-7.352733518928289e-06,8.423326676165743e-07,0.055708933621644974,0.05569268390536308,0.0007122118840925395,2.3975602744030766e-05
6.916666666666667,0.005066972225904465,-7.382303010672331e-06,7.019897338977898e-07,0.055851373821496964,0.05583347752690315,0.0007144291303120553,2.3672522729611956e-05
6.933333333333334,0.005080856382846832,-7.445632945746183e-06,3.352862449901295e-07,0.05599230155348778,0.05597589164972305,0.0007098930072970688,7.453487341990694e-06
6.95,0.005094490945339203,-7.377937436103821e-06,-3.169078013343096e-07,0.056131619960069656,0.05611487850546837,0.0007027664687484503,1.4744223335583229e-05
6.966666666666667,0.005108023062348366,-7.38765811547637e-06,7.820578957762336e-07,0.05626988038420677,0.05625295639038086,0.0006925100460648537,8.564338349970058e-05
6.983333333333333,0.00512150302529335,-7.37910158932209e-06,4.5246562763168185e-07,0.0564066544175148,0.056390274316072464,0.0006963311461731791,-2.691729059733916e-05
7.0,0.005134880542755127,-7.355876732617617e-06,3.3083674111367145e-07,0.05654484033584595,0.056527029722929,0.0006868457421660423,5.5462911404902115e-05
7.016666666666667,0.0051482487469911575,-7.493770681321621e-06,1.559032398290583e-06,0.05668053403496742,0.05666353181004524,0.0006847413023933768,4.293080564821139e-05
7.033333333333333,0.005161561071872711,-7.359660230576992e-06,-1.0435924480134418e-07,0.05681520700454712,0.05680004507303238,0.0006839526467956603,3.11383223561279e-06
7.05,0.00517495721578598,-7.325899787247181e-06,7.792014571350592e-07,0.05695249140262604,0.056936487555503845,0.0006908485665917397,-1.342435643891804e-05
7.066666666666666,0.005188560113310814,-7.383350748568773e-06,9.367312259200844e-07,0.05709145963191986,0.057074978947639465,0.0006977578741498291,-9.810175470192917e-06
7.083333333333333,0.005202190950512886,-7.379800081253052e-06,9.03117495454353e-07,0.057230282574892044,0.05721382051706314,0.0007012609858065844,-2.3449705622624606e-05
7.1,0.005215737968683243,-7.3150149546563625e-06,1.6102479349910936e-08,0.05737016722559929,0.05735268071293831,0.0007025333470664918,-1.5098261428647675e-05
7.116666666666666,0.005229527130723,-7.415947038680315e-06,6.993734587013023e-07,0.05750991404056549,0.05749233439564705,0.0007050843560136855,1.3482354006555397e-05
7.133333333333333,0.005243147723376751,-7.337948773056269e-06,5.470264454743301e-07,0.057648658752441406,0.05763285607099533,0.0007058900082483888,7.144664095903863e-07
7.1499999999999995,0.005256921984255314,-7.326307240873575e-06,2.636923568388738e-07,0.057789016515016556,0.05777234956622124,0.0007078541093505919,4.590296157402918e-05
7.166666666666667,0.005270850844681263,-7.399125024676323e-06,1.0972790960295242e-06,0.05793074145913124,0.05791371688246727,0.0007111363229341805,2.4690833015483804e-05
7.183333333333334,0.005284566432237625,-7.318390998989344e-06,4.6662663066854293e-07,0.05807161331176758,0.058054931461811066,0.0007099629729054868,-1.5400906704599038e-05
7.2,0.005298415198922157,-7.358321454375982e-06,1.0936316812149016e-06,0.058211326599121094,0.0581965297460556,0.000709343352355063,-5.2427727496251464e-05
7.216666666666667,0.005312178283929825,-7.370079401880503e-06,6.829884000580932e-07,0.05835267901420593,0.058335982263088226,0.0007104062824510038,-3.254511466366239e-05
7.233333333333333,0.0053260913118720055,-7.335504051297903e-06,8.142695264723443e-07,0.05849427729845047,0.058477938175201416,0.000712925917468965,1.8236807591165416e-05
7.25,0.005339859984815121,-7.379334419965744e-06,7.182540002759197e-07,0.05863511934876442,0.05861876159906387,0.0007134716142900288,-1.9212919141864404e-05
7.266666666666667,0.005353670567274094,-7.400987669825554e-06,5.867582331120502e-07,0.058777011930942535,0.05876103416085243,0.000708598003257066,3.1969218980520964e-05
7.283333333333333,0.005367342382669449,-7.3757837526500225e-06,5.162175398254476e-07,0.05891624465584755,0.0588984340429306,0.0006972727132961154,0.00011458317749202251
7.3,0.00538086611777544,-7.376365829259157e-06,6.096612992223527e-07,0.059054259210824966,0.05903811752796173,0.0006961424951441586,8.549200174456928e-06
7.316666666666666,0.005394400097429752,-7.467460818588734e-06,1.2746533002427896e-06,0.05919256433844566,0.05917482078075409,0.000690092914737761,5.935713852522895e-05
7.333333333333333,0.0054077645763754845,-7.381546311080456e-06,-3.0228605396587227e-07,0.0593285858631134,0.05931123346090317,0.0006886670598760247,2.677671545825433e-05
7.35,0.005421248264610767,-7.336784619837999e-06,4.0048550431492913e-07,0.05946686863899231,0.059449151158332825,0.0006943983025848866,4.500706199905835e-05
7.366666666666666,0.005434923805296421,-7.382652256637812e-06,6.515203949675197e-07,0.05960613116621971,0.059588272124528885,0.0007012985297478735,-1.0398478025308577e-06
7.383333333333333,0.005448624491691589,-7.3329429142177105e-06,3.580401539693412e-07,0.059746261686086655,0.059727977961301804,0.0007057542679831386,4.498814087128267e-05
7.3999999999999995,0.005462405271828175,-7.338996510952711e-06,4.322847928506235e-07,0.059886634349823,0.05986896902322769,0.0007096852059476078,1.794643685570918e-05
7.416666666666667,0.0054761674255132675,-7.441092748194933e-06,2.128116562971627e-07,0.06002821400761604,0.060010265558958054,0.0007062075310386717,3.5384000511839986e-05
7.433333333333334,0.005489891394972801,-7.472408469766378e-06,1.3354647308005951e-06,0.060167111456394196,0.060149118304252625,0.0006984266801737249,9.512383257970214e-05
7.45,0.005503382533788681,-7.355061825364828e-06,-3.702058393173502e-07,0.060304321348667145,0.06028767302632332,0.0006953618139959872,3.888661922246683e-06
7.466666666666667,0.005516963079571724,-7.323629688471556e-06,5.745512794419483e-07,0.06044256314635277,0.06042581796646118,0.0006996458978392184,3.080398528254591e-05
7.483333333333333,0.005530662834644318,-7.284397725015879e-06,4.903978378933971e-07,0.060582637786865234,0.06056641787290573,0.0007048578700050712,-5.523105755855795e-06
7.5,0.005544460378587246,-7.3526171036064625e-06,5.939737661719846e-07,0.0607236847281456,0.06070642173290253,0.0007084268727339804,6.3923189372872e-06
7.516666666666667,0.005558313801884651,-7.385679055005312e-06,6.587476377717394e-07,0.06086546927690506,0.06084775924682617,0.0007110534934327006,2.8795677280868404e-05
7.533333333333333,0.005572116002440453,-7.3722912929952145e-06,5.360701038625848e-07,0.06100568175315857,0.0609884150326252,0.0007123785326257348,-2.3164220692706294e-05
7.55,0.005585887469351292,-7.453840225934982e-06,7.736192060292524e-07,0.06114658713340759,0.061131250113248825,0.0007077432237565517,-3.482766487650224e-06
7.566666666666666,0.005599535070359707,-7.399648893624544e-06,6.536454293382121e-07,0.06128561869263649,0.06126834824681282,0.0006964178755879402,6.05409404670354e-05
7.583333333333333,0.005612962879240513,-7.378985174000263e-06,4.5205234755485435e-07,0.061423201113939285,0.06140534207224846,0.0006885846960358322,8.119455742416903e-05
7.6,0.005626342259347439,-7.465831004083157e-06,1.500930352449359e-06,0.061559390276670456,0.06154216453433037,0.0006865234463475645,5.005298135074554e-06
7.616666666666666,0.005639650858938694,-7.374677807092667e-06,-3.9400239870701625e-07,0.061695050448179245,0.06167753040790558,0.0006846704636700451,4.8400463128928095e-05
7.633333333333333,0.00565311498939991,-7.388764061033726e-06,1.2062081395924906e-06,0.061831023544073105,0.061816733330488205,0.0006905350019223988,-8.085642184596509e-05
7.6499999999999995,0.005666558630764484,-7.452908903360367e-06,3.8902754795344663e-07,0.06197066232562065,0.06195331737399101,0.000691634020768106,1.4756789823877625e-05
7.666666666666667,0.005680057220160961,-7.457798346877098e-06,9.144591217591369e-07,0.06210636720061302,0.062091097235679626,0.0006872459198348224,3.36924749717582e-05
7.683333333333334,0.005693358369171619,-7.392489351332188e-06,3.0754570445878926e-08,0.062242407351732254,0.06222693249583244,0.000685462262481451,2.7365636924514547e-05
7.7,0.005706838332116604,-7.341557648032904e-06,5.431729164229182e-07,0.0623805895447731,0.0623638816177845,0.0006922809989191592,-1.0244486475130543e-05
7.716666666666667,0.005720397457480431,-7.359951268881559e-06,8.916777005651966e-07,0.06251847743988037,0.06250328570604324,0.0006988851237110794,-2.593526369309984e-05
7.733333333333333,0.005734080448746681,-7.387308869510889e-06,8.790578931439086e-07,0.06265752017498016,0.0626416876912117,0.0007025813683867455,-4.975058345735306e-06
7.75,0.005747796967625618,-7.379741873592138e-06,7.902704055595677e-07,0.06279855221509933,0.06278122961521149,0.000706314982380718,1.4782279322389513e-05
7.766666666666667,0.005761495791375637,-7.439462933689356e-06,6.080500725147431e-07,0.06293895840644836,0.06292246282100677,0.0007029143162071705,5.147328556631692e-05
7.783333333333333,0.005775087513029575,-7.397786248475313e-06,2.796214459976909e-07,0.06307817995548248,0.06305920332670212,0.0006936746649444103,7.516206824220717e-05
7.8,0.005788544192910194,-7.368333172053099e-06,5.021771585234092e-07,0.06321609765291214,0.06319615989923477,0.0006893501849845052,0.0001423793291905895
7.816666666666666,0.0058020055294036865,-7.4616982601583e-06,1.4623872175434371e-06,0.06335164606571198,0.06333517283201218,0.0006876565748825669,2.6804245862876996e-05
7.833333333333333,0.005815319716930389,-7.357564754784107e-06,-5.365628794606891e-07,0.06348807364702225,0.06346993893384933,0.0006857234402559698,2.9887765776948072e-05
7.85,0.005828751251101494,-7.2917318902909756e-06,1.3945614796284644e-07,0.06362485885620117,0.0636080652475357,0.000692705565597862,3.2182935683522373e-05
7.866666666666666,0.005842242389917374,-7.437774911522865e-06,1.0022311016655294e-06,0.06376314163208008,0.06374494731426239,0.0006874991813674569,6.361628766171634e-05
7.883333333333333,0.005855558440089226,-7.3436531238257885e-06,-4.3234186364315974e-07,0.06389863044023514,0.06388118863105774,0.000686943531036377,2.5365955025336007e-06
7.8999999999999995,0.005868930369615555,-7.434515282511711e-06,1.030444309435552e-06,0.06403564661741257,0.06401694566011429,0.0006832170183770359,0.00012599317415151745
7.916666666666667,0.00588216632604599,-7.366703357547522e-06,-3.715736340836884e-08,0.06416945159435272,0.0641540065407753,0.0006840637070126832,-1.767415778886061e-05
7.933333333333334,0.0058955177664756775,-7.450289558619261e-06,1.7225976307599922e-06,0.06430526822805405,0.06429027020931244,0.0006811431958340108,-3.0409746614168398e-05
7.95,0.005908718332648277,-7.393187843263149e-06,-4.4597697979043005e-07,0.06444108486175537,0.06442353874444962,0.00068029755493626,2.878658960980829e-06
7.966666666666667,0.005922161042690277,-7.3310802690684795e-06,2.966938268400554e-07,0.0645788162946701,0.06456016004085541,0.0006894563557580113,5.08298326167278e-05
7.983333333333333,0.005935716442763805,-7.350288797169924e-06,9.867591188594815e-07,0.06471586227416992,0.0646991953253746,0.0006979042082093656,2.1773941625724547e-05
8.0,0.005949397571384907,-7.328984793275595e-06,1.0256503628625069e-06,0.06485467404127121,0.06483872979879379,0.0007015456212684512,-1.9063481886405498e-05
8.016666666666666,0.005962938070297241,-7.324269972741604e-06,5.362259685171011e-07,0.06499375402927399,0.06497827172279358,0.0007024366059340537,-1.836435876612086e-05
8.033333333333333,0.005976671352982521,-7.348484359681606e-06,5.85680993481219e-07,0.06513402611017227,0.06511686742305756,0.0007043954101391137,5.127996701048687e-05
8.05,0.005990447476506233,-7.403956260532141e-06,9.14979750632483e-07,0.06527518481016159,0.0652572512626648,0.0007087655831128359,3.461889355094172e-05
8.066666666666666,0.006004035472869873,-7.417809683829546e-06,3.646590300832031e-07,0.06541462987661362,0.06539609283208847,0.0006972262635827065,6.625331297982484e-05
8.083333333333334,0.006017569452524185,-7.453549187630415e-06,1.486463020228257e-06,0.06555140763521194,0.06553502380847931,0.0006932562100701034,-5.09899882672471e-06
8.1,0.006030941382050514,-7.3767732828855515e-06,-3.0973322395766445e-07,0.06568845361471176,0.06567125767469406,0.0006893455283716321,1.3994521452787012e-07
8.116666666666667,0.006044438108801842,-7.31815816834569e-06,6.228424354048911e-07,0.06582590192556381,0.0658094733953476,0.0006950289243832231,2.3819340640329756e-05
8.133333333333333,0.00605806615203619,-7.361231837421656e-06,1.0131349199582473e-06,0.06596487015485764,0.06594890356063843,0.0007015224546194077,-1.389905264659319e-05
8.15,0.006071688607335091,-7.453432772308588e-06,1.1045258361264132e-06,0.06610441952943802,0.06608567386865616,0.0006943466723896563,7.606456347275525e-05
8.166666666666666,0.006085173226892948,-7.345282938331366e-06,8.999833198686247e-07,0.06624051183462143,0.06622554361820221,0.0006969417445361614,-3.616015601437539e-05
8.183333333333334,0.006098788231611252,-7.3497649282217026e-06,6.935854912626382e-07,0.06638069450855255,0.06636463105678558,0.0007018513279035687,-1.6059040717664175e-05
8.2,0.006112505681812763,-7.348833605647087e-06,7.629643050677259e-07,0.0665200799703598,0.06650381535291672,0.0007064730161800981,6.1239134083734825e-06
8.216666666666667,0.006126187741756439,-7.485970854759216e-06,1.104766056414519e-06,0.06666070222854614,0.0666423887014389,0.0006980360485613346,6.705224222969264e-05
8.233333333333333,0.006139730103313923,-7.32974149286747e-06,7.820730161256506e-07,0.06679800897836685,0.06678174436092377,0.0006993263959884644,-1.1337443538650405e-05
8.25,0.006153389811515808,-7.323629688471556e-06,8.092008556559449e-07,0.06693814694881439,0.06692136824131012,0.000704251870047301,-2.1486464902409352e-05
8.266666666666666,0.006166979670524597,-7.452559657394886e-06,1.491687044108403e-06,0.06707672774791718,0.06706014275550842,0.0006965039647184312,4.3576503230724484e-05
8.283333333333333,0.006180422380566597,-7.3543633334338665e-06,-3.2961850138235604e-07,0.06721382588148117,0.06719755381345749,0.0006929239607416093,-3.076759458053857e-05
8.3,0.006193799898028374,-7.4089039117097855e-06,7.414728315779939e-07,0.06735067069530487,0.06733284890651703,0.0006847118493169546,8.819813228910789e-05
8.316666666666666,0.006207045167684555,-7.380032911896706e-06,4.873776902059035e-07,0.0674862340092659,0.06746856123209,0.0006800233968533576,4.2679879697971046e-05
8.333333333333334,0.006220264360308647,-7.4187410064041615e-06,1.0071092901853262e-06,0.06762036681175232,0.06760275363922119,0.0006761472322978079,0.00010455951996846125
8.35,0.006233414635062218,-7.363094482570887e-06,-3.137168107514299e-07,0.06775444000959396,0.06773774325847626,0.0006785927689634264,8.917329978430644e-06
8.366666666666667,0.006246680393815041,-7.41652911528945e-06,6.728370181008358e-07,0.0678892433643341,0.06787340342998505,0.0006834155647084117,-5.090392369311303e-05
8.383333333333333,0.006260065361857414,-7.33562046661973e-06,2.1705074004785274e-07,0.06802677363157272,0.06800968199968338,0.0006896611885167658,-5.344779765437124e-07
8.4,0.0062735844403505325,-7.325201295316219e-06,3.071801302212407e-07,0.06816545873880386,0.068147674202919,0.0006970270187593997,2.0415756807778962e-05
8.416666666666666,0.006287292577326298,-7.405003998428583e-06,9.386798751620518e-07,0.06830412894487381,0.06828775256872177,0.0007032738067209721,-2.0256798961781897e-05
8.433333333333334,0.006300903856754303,-7.366586942225695e-06,2.779920862394647e-07,0.06844374537467957,0.0684252679347992,0.0007020799093879759,4.0129256376530975e-05
8.45,0.006314688362181187,-7.321068551391363e-06,9.237165272679704e-07,0.06858336180448532,0.06856761127710342,0.0007072110893204808,-1.8730959709500894e-05
8.466666666666667,0.0063284458592534065,-7.463793735951185e-06,1.131023736888892e-06,0.06872387230396271,0.0687074288725853,0.0007084097014740109,-3.892381937475875e-05
8.483333333333333,0.006342081353068352,-7.4311974458396435e-06,4.6149597210387583e-07,0.06886497139930725,0.06884734332561493,0.0007033442961983383,-4.0243817238660995e-06
8.5,0.006355678662657738,-7.451046258211136e-06,8.582039754401194e-07,0.06900271773338318,0.06898512691259384,0.0006929938099347055,6.348557508317754e-05
8.516666666666666,0.0063690003007650375,-7.344002369791269e-06,-4.876380899077049e-07,0.06913916766643524,0.06912165880203247,0.0006906246417202055,1.1008391084033065e-05
8.533333333333333,0.006382628343999386,-7.342896424233913e-06,7.529333743150346e-07,0.06927718967199326,0.06926023960113525,0.0006960387690924108,3.5999881220050156e-05
8.55,0.006396190263330936,-7.384049240499735e-06,9.803961802390404e-07,0.06941545009613037,0.06939908117055893,0.0007006974774412811,-3.390284109627828e-05
8.566666666666666,0.0064096758142113686,-7.418973837047815e-06,7.212453567717603e-08,0.06955503672361374,0.06953499466180801,0.0006901987944729626,0.00012608911492861807
8.583333333333334,0.006423069164156914,-7.456284947693348e-06,1.5706583553765086e-06,0.06968952715396881,0.06967522203922272,0.000685534265358001,-9.913096437230706e-05
8.6,0.006436359137296677,-7.388938684016466e-06,-3.924793929854786e-07,0.06982613354921341,0.06980908662080765,0.0006850696518085897,-1.4058401575312018e-05
8.616666666666667,0.0064496565610170364,-7.493188604712486e-06,1.284765062337101e-06,0.06996186822652817,0.06994587182998657,0.0006808115867897868,-5.8869427448371425e-05
8.633333333333333,0.0064628832042217255,-7.384689524769783e-06,-1.8407963864319754e-07,0.07009655237197876,0.07008031010627747,0.0006805135635659099,1.3389999367063865e-05
8.65,0.0064762914553284645,-7.362570613622665e-06,7.839827844691172e-07,0.07023321837186813,0.07021701335906982,0.0006884908070787787,-9.471904377278406e-06
8.666666666666666,0.006489780731499195,-7.31664476916194e-06,5.606091235677013e-07,0.07037104666233063,0.07035509496927261,0.0006957140867598355,-2.0571491404552944e-05
8.683333333333334,0.006503443233668804,-7.317983545362949e-06,7.740832188574132e-07,0.07050962746143341,0.07049441337585449,0.0007015257724560797,-3.4067277738358825e-05
8.7,0.006517111323773861,-7.404538337141275e-06,5.50288632439333e-07,0.07065033912658691,0.07063323259353638,0.0007038678741082549,2.4202898202929646e-05
8.716666666666667,0.006530730985105038,-7.440976332873106e-06,1.6012864989534137e-06,0.07078859955072403,0.07077255100011826,0.0006972815026529133,4.049536437378265e-05
8.733333333333333,0.006544184871017933,-7.355294656008482e-06,-5.552550419452018e-07,0.07092679291963577,0.07090909779071808,0.0006931136013008654,3.142230343655683e-05
8.75,0.006557658314704895,-7.339869625866413e-06,1.5700517508321354e-07,0.07106418162584305,0.07104700803756714,0.000694751797709614,-1.0521739568503108e-05
8.766666666666666,0.006571322679519653,-7.323746103793383e-06,7.98591486272926e-07,0.07120325416326523,0.07118623703718185,0.0007012054556980729,-2.351335524508613e-06
8.783333333333333,0.006585000082850456,-7.335504051297903e-06,7.806533517396019e-07,0.0713423490524292,0.07132694125175476,0.0007030783453956246,-2.896098703786265e-05
8.8,0.006598633714020252,-7.417926099151373e-06,3.727685964349803e-07,0.07148366421461105,0.07146503031253815,0.0006982356426306069,5.352263178792782e-05
8.816666666666666,0.006612181663513184,-7.411872502416372e-06,1.334280113951536e-06,0.0716199055314064,0.07160385698080063,0.0006932746036909521,4.420582627062686e-05
8.833333333333334,0.006625553593039513,-7.415539585053921e-06,6.618436714234122e-07,0.07175757735967636,0.07174034416675568,0.0006856777472421527,5.044202407589182e-05
8.85,0.006639067083597183,-7.333583198487759e-06,7.482362320843094e-07,0.07189496606588364,0.0718783587217331,0.0006949841626919806,1.2905284165753983e-05
8.866666666666667,0.006652685813605785,-7.363443728536367e-06,4.3742085154008237e-07,0.07203470915555954,0.07201677560806274,0.0007009300170466304,2.4756502170930617e-05
8.883333333333333,0.006666387431323528,-7.3187402449548244e-06,2.4279245280922623e-07,0.07217378914356232,0.07215721905231476,0.0007041794597171247,-1.1328067557769828e-05
8.9,0.006680043414235115,-7.437367457896471e-06,7.325352413545261e-08,0.07231534272432327,0.07229667901992798,0.0007008746615611017,4.9651287554297596e-05
8.916666666666666,0.006693650037050247,-7.478112820535898e-06,5.326913878889172e-07,0.0724530965089798,0.07243369519710541,0.0006919970037415624,0.0001359960006084293
8.933333333333334,0.0067070247605443,-7.395225111395121e-06,-1.909741115246888e-10,0.07258854061365128,0.07257281988859177,0.0006906198686920106,-1.7049826055881567e-05
8.95,0.006720477715134621,-7.424445357173681e-06,1.368859784633969e-06,0.07272496074438095,0.07270912081003189,0.0006866936455480754,-2.7504011086421087e-06
8.966666666666667,0.006733827292919159,-7.338589057326317e-06,5.074618911748985e-07,0.07286147028207779,0.07284503430128098,0.0006899703876115382,1.2399904335325118e-05
8.983333333333333,0.006747362203896046,-7.381895557045937e-06,4.963810056324292e-07,0.0730009526014328,0.07298285514116287,0.0006968611851334572,3.774990182137117e-05
9.0,0.006761063821613789,-7.362221367657185e-06,8.54854590670584e-07,0.07313981652259827,0.07312284409999847,0.0007031414425000548,-9.227284863300156e-06
9.016666666666666,0.006774737499654293,-7.409136742353439e-06,8.817618777356984e-07,0.07327966392040253,0.07326283305883408,0.0007050062413327396,4.8716110541136e-06
9.033333333333333,0.006788367405533791,-7.389287929981947e-06,9.99630742626323e-07,0.07341814786195755,0.07340311259031296,0.0007001439807936549,-1.2899072316940874e-05
9.05,0.006801821291446686,-7.410068064928055e-06,6.864840997877764e-07,0.0735565572977066,0.07353927940130234,0.0006904379697516561,7.544567051809281e-05
9.066666666666666,0.00681534968316555,-7.333117537200451e-06,3.5848722745868145e-07,0.07369408011436462,0.07367821037769318,0.0006971993716433644,-2.5294257284258492e-06
9.083333333333334,0.006828855723142624,-7.501337677240372e-06,1.33981609451439e-06,0.07383231818675995,0.0738152489066124,0.0006908110808581114,5.8256584452465177e-05
9.1,0.006842225790023804,-7.382186595350504e-06,-3.80082610718091e-07,0.07396896928548813,0.07395175844430923,0.0006885856273584068,1.5270350559148937e-05
9.116666666666667,0.006855633109807968,-7.490511052310467e-06,1.574428779349546e-06,0.07410550117492676,0.07408873736858368,0.0006852428195998073,-1.2302217328397091e-05
9.133333333333333,0.006868869066238403,-7.384223863482475e-06,-2.160886083402147e-07,0.07424072176218033,0.07422362267971039,0.000683296995703131,3.847566040349193e-05
9.15,0.006882108747959137,-7.437716703861952e-06,8.472481454191438e-07,0.07437654584646225,0.07435853779315948,0.000678037409670651,5.5659766076132655e-05
9.166666666666666,0.0068953074514865875,-7.406342774629593e-06,7.289844461411121e-07,0.07451067119836807,0.07449265569448471,0.000674372015055269,0.00012197416072012857
9.183333333333334,0.006908640265464783,-7.314432878047228e-06,8.046368975556106e-07,0.07464659959077835,0.07463016360998154,0.0006871313671581447,-1.4863077922200318e-05
9.2,0.006922135129570961,-7.3330593295395374e-06,8.36890308164584e-07,0.07478401809930801,0.07476800680160522,0.0006950636743567884,-1.336274181085173e-06
9.216666666666667,0.006935733370482922,-7.3436531238257885e-06,8.237744282268977e-07,0.07492202520370483,0.07490675896406174,0.0006993684801273048,-2.8705237582471455e-06
9.233333333333333,0.0069493865594267845,-7.339520379900932e-06,8.57697330047813e-07,0.07506188750267029,0.07504604756832123,0.0007040182827040553,-2.1842339265276678e-05
9.25,0.006963111460208893,-7.3257251642644405e-06,4.759235991969035e-07,0.07520248740911484,0.07518534362316132,0.0007059244089759886,8.79437448020326e-06
9.266666666666666,0.0069769322872161865,-7.382070180028677e-06,1.029720237966103e-06,0.0753430649638176,0.07532669603824615,0.0007094526663422585,-8.110422641038895e-06
9.283333333333333,0.00699066836386919,-7.385853677988052e-06,7.729185540483741e-07,0.07548365741968155,0.07546760886907578,0.0007083159871399403,-1.7895285054692067e-05
9.3,0.007004295475780964,-7.439928594976664e-06,7.643337767149205e-07,0.0756242573261261,0.07560604065656662,0.0006990382098592818,9.689538273960352e-05
9.316666666666666,0.007017823867499828,-7.417926099151373e-06,1.1127301604574313e-06,0.07576059550046921,0.07574435323476791,0.0006911961827427149,7.29124658391811e-05
9.333333333333334,0.00703120231628418,-7.4114068411290646e-06,-1.1095328034116392e-07,0.07589750736951828,0.0758812353014946,0.0006894167163409293,-1.857970460150682e-06
9.35,0.007044510915875435,-7.419148460030556e-06,9.249366144103988e-07,0.07603389024734497,0.07601643353700638,0.0006823147414252162,3.284839112893678e-05
9.366666666666667,0.007057666778564453,-7.338589057326317e-06,5.556755695579341e-07,0.07616868615150452,0.07615144550800323,0.0006776657537557185,3.548946915543638e-05
9.383333333333333,0.007070894353091717,-7.3908595368266106e-06,1.4745498901902465e-06,0.0763024240732193,0.07628777623176575,0.0006766326841898263,-1.6013496860978194e-05
9.4,0.007084065116941929,-7.381604518741369e-06,-2.515462540486624e-07,0.07643749564886093,0.07642047107219696,0.0006773318746127188,7.674323569517583e-05
9.416666666666666,0.00709741935133934,-7.303664460778236e-06,3.3650351838332426e-07,0.07657342404127121,0.0765569731593132,0.0006866492913104594,-1.2234801943122875e-05
9.433333333333334,0.0071108341217041016,-7.395632565021515e-06,3.6028970384904824e-07,0.07671135663986206,0.07669489830732346,0.0006877315463498235,6.8787680902460124e-06
9.45,0.0071242256090044975,-7.387250661849976e-06,9.217873184752534e-07,0.07684839516878128,0.07683021575212479,0.0006838448462076485,0.00011612001253524795
9.466666666666667,0.007137579843401909,-7.391034159809351e-06,1.336015657216194e-06,0.07698336988687515,0.07696745544672012,0.0006827018223702908,3.29551548929885e-05
9.483333333333333,0.0071508027613162994,-7.420952897518873e-06,7.081702619871066e-07,0.077118881046772,0.07710166275501251,0.000677549047395587,6.274179759202525e-05
9.5,0.007163995876908302,-7.4210693128407e-06,7.547545237684972e-07,0.07725360989570618,0.07723557949066162,0.0006745249265804887,7.951338193379343e-05
9.516666666666666,0.007177175022661686,-7.325026672333479e-06,6.23646599251515e-07,0.07738779485225677,0.07737082988023758,0.0006818544934503734,2.7688956834026612e-05
9.533333333333333,0.0071906037628650665,-7.328286301344633e-06,3.4949891869473504e-07,0.07752623409032822,0.07750773429870605,0.0006906424532644451,8.024434646358714e-05
9.55,0.007204110734164715,-7.43096461519599e-06,3.9220290659613966e-07,0.07766387611627579,0.07764730602502823,0.0006920173764228821,-8.56681708683027e-06
9.566666666666666,0.007217529229819775,-7.440219633281231e-06,8.154460715559253e-07,0.07780030369758606,0.07778196781873703,0.0006843903684057295,0.00010589469457045197
9.583333333333334,0.0072308192029595375,-7.413560524582863e-06,8.520719347870909e-07,0.0779358521103859,0.07791825383901596,0.000679365883115679,4.974428520654328e-05
9.6,0.0072439853101968765,-7.378461305052042e-06,-4.1474390144458084e-08,0.0780700072646141,0.078053779900074,0.0006803431315347552,1.3905109881306998e-05
9.616666666666667,0.007257184013724327,-7.395807188004255e-06,1.1001934581145179e-06,0.07820440828800201,0.07818813621997833,0.0006759251118637621,4.221052586217411e-05
9.633333333333333,0.0072703249752521515,-7.377122528851032e-06,8.761227263676119e-07,0.078338623046875,0.07832174748182297,0.0006728870794177055,2.8405256671248935e-05
9.65,0.007283422164618969,-7.317226845771074e-06,5.850887419001083e-07,0.07847252488136292,0.07845653593540192,0.0006794719374738634,-3.370857666595839e-05
9.666666666666666,0.0072966814041137695,-7.410475518554449e-06,1.0501271390239708e-06,0.07860808819532394,0.0785910040140152,0.0006769025349058211,8.823203097563237e-05
9.683333333333334,0.007309829816222191,-7.403024937957525e-06,5.506979618985497e-07,0.0787428468465805,0.07872498780488968,0.0006740383105352521,7.98675901023671e-05
9.7,0.007323036901652813,-7.421884220093489e-06,1.1270161621723673e-06,0.07887714356184006,0.07886006683111191,0.0006743521080352366,9.241198131348938e-05
9.716666666666667,0.0073361750692129135,-7.443712092936039e-06,-2.0896985120089084e-07,0.07901155948638916,0.07899399101734161,0.0006767628365196288,3.546121547515213e-07
9.733333333333333,0.0073495302349328995,-7.3356786742806435e-06,9.575493322699913e-07,0.07914707809686661,0.07913115620613098,0.0006874673999845982,-9.87608109426219e-06
9.75,0.0073630474507808685,-7.331313099712133e-06,7.633745440216444e-07,0.07928507775068283,0.0792696550488472,0.0006944872438907623,-4.462396100279875e-05
9.766666666666666,0.007376697845757008,-7.36903166398406e-06,9.133149205808877e-07,0.07942471653223038,0.07940766215324402,0.0007002491038292646,2.1861467757844366e-05
9.783333333333333,0.007390384562313557,-7.302616722881794e-06,9.623737469155458e-07,0.07956387847661972,0.07954808324575424,0.0007055597379803658,-1.3470280464389361e-05
9.8,0.00740414671599865,-7.377471774816513e-06,7.300774313989677e-07,0.07970568537712097,0.0796876922249794,0.0007087271078489721,1.8557055227574892e-05
9.816666666666666,0.007417915388941765,-7.387890946120024e-06,2.2818021250259335e-07,0.07984675467014313,0.07982909679412842,0.000704810896422714,4.517104753176682e-05
9.833333333333334,0.007431505247950554,-7.3990668170154095e-06,9.061721470970951e-07,0.07998485863208771,0.07996740937232971,0.0006946810754016042,0.00010355115955462679
9.85,0.007445028983056545,-7.412803824990988e-06,1.0480032415216556e-06,0.08012282103300095,0.0801052376627922,0.0006904769106768072,7.347805512836203e-05
9.866666666666667,0.007458388805389404,-7.3615810833871365e-06,-2.579732267804502e-07,0.0802585780620575,0.08024141192436218,0.0006893447716720402,7.618736708536744e-05
9.883333333333333,0.007471958175301552,-7.384573109447956e-06,1.008694766824192e-06,0.080396868288517,0.08038022369146347,0.0006951076211407781,-1.681630965322256e-05
9.9,0.007485394366085529,-7.4158888310194016e-06,6.258176199480658e-07,0.08053576201200485,0.08051857352256775,0.0006930866511538625,-9.378120012115687e-06
9.916666666666666,0.007498934864997864,-7.36297806724906e-06,8.2638348430919e-07,0.08067277818918228,0.0806555524468422,0.00068798748543486,0.00010879373439820483
9.933333333333334,0.007512434385716915,-7.3491246439516544e-06,4.5525609948526835e-07,0.08081090450286865,0.08079419285058975,0.0006948615773580968,-8.155268005793914e-06
9.95,0.007526040077209473,-7.352326065301895e-06,5.171867201170244e-07,0.08094914257526398,0.08093245327472687,0.000698728603310883,6.398586265277117e-05
9.966666666666667,0.007539811544120312,-7.356167770922184e-06,1.0500103826416307e-06,0.08108901977539062,0.08107293397188187,0.0007046044338494539,-3.641401917775511e-06
9.983333333333333,0.007553433999419212,-7.328519131988287e-06,5.890782404094352e-07,0.0812288448214531,0.08121249079704285,0.0007055821479298174,-3.103941344306804e-05
10.0,0.0075672948732972145,-7.329857908189297e-06,9.770596989255864e-07,0.08136941492557526,0.08135350793600082,0.0007088319398462772,-1.0226012818748131e-05
10.016666666666666,0.007581020705401897,-7.395166903734207e-06,9.767013580130879e-07,0.08151011914014816,0.08149400353431702,0.0007076521869748831,-3.711835961439647e-05
10.033333333333333,0.007594575174152851,-7.357681170105934e-06,-2.2260469734192156e-07,0.08164878934621811,0.08163246512413025,0.0007005283841863275,2.1208041289355606e-05
10.05,0.0076082972809672356,-7.364724297076464e-06,2.6008694931078935e-07,0.08178994804620743,0.08177123218774796,0.0007032672874629498,4.254525629221462e-05
10.066666666666666,0.007621913217008114,-7.377238944172859e-06,1.0181913268070275e-07,0.0819302648305893,0.08191223442554474,0.00070120271993801,3.7805133615620434e-05
10.083333333333334,0.0076355887576937675,-7.3804403655231e-06,8.834539926283469e-07,0.08206791430711746,0.08205048739910126,0.0006948299123905599,7.730696961516514e-05
10.1,0.007649133913218975,-7.380556780844927e-06,3.0234986070354353e-07,0.08220742642879486,0.0821901261806488,0.0006956413853913546,1.316272459916945e-06
10.116666666666667,0.007662582211196423,-7.422815542668104e-06,8.295784823530994e-07,0.08234389871358871,0.0823260098695755,0.0006869744975119829,6.552822742378339e-05
10.133333333333333,0.0076758889481425285,-7.388764061033726e-06,5.495615482686844e-07,0.08248038589954376,0.08246148377656937,0.0006807423778809607,0.0001709105126792565
10.15,0.0076892441138625145,-7.412221748381853e-06,4.975542537977162e-07,0.08261531591415405,0.08259852230548859,0.000687767518684268,-2.7933459932683036e-05
10.166666666666666,0.007702627219259739,-7.375085260719061e-06,1.6107688338706794e-07,0.08275395631790161,0.08273636549711227,0.0006880902801640332,4.5216769649414346e-05
10.183333333333334,0.007716062478721142,-7.38934613764286e-06,1.0916669452853967e-06,0.08288955688476562,0.08287344127893448,0.0006855169776827097,2.8137787012383342e-05
10.2,0.007729575037956238,-7.330963853746653e-06,5.515831276170502e-07,0.08302728086709976,0.0830104872584343,0.0006924665067344904,-1.0885213669098448e-05
10.216666666666667,0.007743089459836483,-7.3828850872814655e-06,7.568567070848076e-07,0.08316528797149658,0.0831492692232132,0.0006961877224966884,-2.7346110073267482e-05
10.233333333333333,0.00775651540607214,-7.413444109261036e-06,8.503089929945418e-07,0.08330255001783371,0.08328524976968765,0.0006871744990348816,4.388497836771421e-05
10.25,0.0077698007225990295,-7.418973837047815e-06,1.8327628481529246e-07,0.08343788981437683,0.08342166990041733,0.0006858667475171387,5.578443506237818e-06
10.266666666666666,0.007783140987157822,-7.408729288727045e-06,9.168438737106044e-07,0.08357501775026321,0.08355771005153656,0.0006825574673712254,7.700845162617043e-05
10.283333333333333,0.007796459831297398,-7.406750228255987e-06,1.2619778999578557e-06,0.08371040970087051,0.08369423449039459,0.0006807009340263903,4.6575787564506754e-05
10.3,0.007809680886566639,-7.404887583106756e-06,1.0194792139373021e-06,0.08384498208761215,0.08382848650217056,0.0006763990968465805,3.3785661798901856e-05
10.316666666666666,0.007822850719094276,-7.370661478489637e-06,1.1197693083886406e-06,0.08397899568080902,0.08396510034799576,0.0006811730563640594,-7.208179886220023e-05
10.333333333333334,0.00783606804907322,-7.410417310893536e-06,9.440454391551611e-07,0.0841149315237999,0.08409814536571503,0.0006762189441360533,6.0184076573932543e-05
10.35,0.007849243469536304,-7.346970960497856e-06,6.246389148145681e-07,0.08424938470125198,0.08423319458961487,0.000682769576087594,-1.3751889127888717e-05
10.366666666666667,0.007862702943384647,-7.376482244580984e-06,1.0677966884031775e-06,0.0843852311372757,0.08437059819698334,0.0006894206744618714,-4.020974665763788e-05
10.383333333333333,0.007876180112361908,-7.414433639496565e-06,8.734899097362359e-07,0.08452539891004562,0.08450794965028763,0.0006960673490539193,2.421186763967853e-06
10.4,0.007889822125434875,-7.363851182162762e-06,9.227313171322749e-07,0.08466260135173798,0.08464735746383667,0.0006983089260756969,-6.055215999367647e-05
10.416666666666666,0.007903419435024261,-7.4007548391819e-06,7.046003247523913e-07,0.08480264991521835,0.08478522300720215,0.0007004804792813957,-1.4008168363943696e-05
10.433333333333334,0.007916885428130627,-7.394351996481419e-06,-2.2127088072920742e-07,0.08494046330451965,0.08492293953895569,0.0006947156507521868,2.2103065930423327e-05
10.45,0.007930274121463299,-7.3561095632612705e-06,1.7403485230715887e-07,0.08507764339447021,0.08505981415510178,0.0006869354983791709,8.979578706203029e-05
10.466666666666667,0.00794366467744112,-7.398542948067188e-06,1.0485521215741755e-06,0.08521343767642975,0.08519783616065979,0.0006838867557235062,-4.20617034251336e-05
10.483333333333333,0.007957003079354763,-7.32537591829896e-06,4.2441982373020437e-07,0.08534915745258331,0.08533325791358948,0.0006870775250717998,-6.349922477966174e-05
10.5,0.00797048769891262,-7.333001121878624e-06,4.6427675215454656e-07,0.0854882001876831,0.0854702964425087,0.0006942800246179104,5.4136118706082925e-05
10.516666666666666,0.007984120398759842,-7.3661794885993e-06,6.303176292021817e-07,0.08562743663787842,0.08560983091592789,0.0007010031258687377,1.5461751900147647e-05
10.533333333333333,0.007997846230864525,-7.315655238926411e-06,8.074275683611631e-07,0.08576653897762299,0.08575029671192169,0.0007058873889036477,5.553839855565457e-06
10.55,0.008011657744646072,-7.39051029086113e-06,9.482060363552591e-07,0.08590823411941528,0.08589089661836624,0.0007088089478202164,1.5445566532434896e-05
10.566666666666666,0.008025414310395718,-7.317226845771074e-06,2.73634128689082e-07,0.08604802936315536,0.08603184670209885,0.0007089882856234908,-1.787856854207348e-05
10.583333333333334,0.008039235137403011,-7.342081516981125e-06,9.307905770583602e-07,0.08618884533643723,0.08617256581783295,0.0007116197375580668,6.07906667937641e-06
10.6,0.008053128607571125,-7.353723049163818e-06,1.0732352393461042e-06,0.0863303542137146,0.08631469309329987,0.0007134370971471071,-1.4246055798139423e-05
10.616666666666667,0.008066948503255844,-7.437192834913731e-06,6.457948416027648e-07,0.08647308498620987,0.0864560678601265,0.0007079723291099072,-9.530571333016269e-06
10.633333333333333,0.008080556057393551,-7.37910158932209e-06,-2.0982426462978765e-07,0.08661182969808578,0.08659456670284271,0.0007009250111877918,3.254185139667243e-05
10.65,0.008094093762338161,-7.3659466579556465e-06,3.891932465194259e-07,0.08675014972686768,0.08673210442066193,0.0006915151025168598,6.417631811928004e-05
10.666666666666666,0.008107687346637249,-7.328693754971027e-06,1.039144876813225e-06,0.08688750118017197,0.08687188476324081,0.0006996762240305543,9.811666132009123e-06
10.683333333333334,0.008121365681290627,-7.4285781010985374e-06,9.725532663651393e-07,0.08702901750802994,0.0870111733675003,0.0007039024494588375,3.4223314287373796e-05
10.7,0.008134943433105946,-7.445923984050751e-06,1.0817078646141454e-06,0.08716781437397003,0.08714994043111801,0.0006962948245927691,7.70722035667859e-05
10.716666666666667,0.00814838521182537,-7.3972041718661785e-06,1.6958865955984948e-07,0.08730408549308777,0.0872875452041626,0.0006891583325341344,3.3813768823165447e-05
10.733333333333333,0.008161965757608414,-7.2990660555660725e-06,6.88618456479162e-07,0.08744219690561295,0.0874263271689415,0.0006969879032112658,5.841652637172956e-06
10.75,0.00817564781755209,-7.375143468379974e-06,7.671158641642251e-07,0.0875825434923172,0.08756542205810547,0.0007021421333774924,2.0597974071279168e-05
10.766666666666666,0.008189261890947819,-7.3784030973911285e-06,8.990314768198004e-07,0.08772189915180206,0.08770514279603958,0.0007048629922792315,-2.446151847834699e-05
10.783333333333333,0.00820307806134224,-7.342605385929346e-06,9.005810852613649e-07,0.08786167949438095,0.08784552663564682,0.0007073833257891238,-3.4827514809876448e-06
10.8,0.008216790854930878,-7.427646778523922e-06,6.125816867097456e-07,0.08800281584262848,0.08798632025718689,0.0007032962748780847,-1.3949579624750186e-05
10.816666666666666,0.008230249397456646,-7.3437695391476154e-06,2.8219067083057325e-09,0.08814063668251038,0.0881238654255867,0.0006933565600775182,-2.2632707441516686e-06
10.833333333333334,0.008243856951594353,-7.392431143671274e-06,4.5714403995589237e-07,0.0882793590426445,0.08826220035552979,0.0006977273151278496,1.3809459233016241e-05
10.85,0.008257345296442509,-7.478345651179552e-06,9.642296845413512e-07,0.08841806650161743,0.088399738073349,0.0006915908306837082,8.082707790890709e-05
10.866666666666667,0.008270765654742718,-7.379450835287571e-06,1.1431388884375338e-06,0.0885542780160904,0.0885382816195488,0.0006877892883494496,0.00011460421956144273
10.883333333333333,0.008284209296107292,-7.42543488740921e-06,1.1927990044569015e-06,0.08869148045778275,0.08867499232292175,0.0006850147619843483,-2.8936010494362563e-06
10.9,0.008297485299408436,-7.369148079305887e-06,-5.452386631077388e-08,0.08882700651884079,0.08881008625030518,0.0006838595145381987,4.8123340093297884e-05
10.916666666666666,0.008310860022902489,-7.43416603654623e-06,1.2934638107253704e-06,0.08896203339099884,0.0889468640089035,0.0006886748597025871,-4.920573337585665e-05
10.933333333333334,0.008324152790009975,-7.393013220280409e-06,8.167485532339924e-08,0.08909916132688522,0.08908277004957199,0.0006853140075691044,2.25699241127586e-05
10.95,0.00833739060908556,-7.445283699780703e-06,7.326939339691307e-07,0.0892355665564537,0.08921714127063751,0.0006792680360376835,8.439722296316177e-05
10.966666666666667,0.008350598625838757,-7.448776159435511e-06,8.502975674673507e-07,0.08937036246061325,0.0893520787358284,0.0006754721398465335,2.1409856344689615e-05
10.983333333333333,0.00836373120546341,-7.381837349385023e-06,1.830292717386328e-08,0.08950358629226685,0.0894869789481163,0.0006768607418052852,4.890066702500917e-05
11.0,0.008376896381378174,-7.357564754784107e-06,4.3418802420092106e-07,0.08963722735643387,0.08962119370698929,0.0006737627554684877,-1.3220696928328834e-05
11.016666666666666,0.008390167728066444,-7.371127139776945e-06,5.907562581342063e-07,0.08977323770523071,0.08975587040185928,0.0006827639881521463,-2.1444237063406035e-05
11.033333333333333,0.008403558284044266,-7.35576031729579e-06,7.326001991714293e-07,0.08991000801324844,0.0898934081196785,0.0006892025703564286,-5.766928552475292e-06
11.05,0.008416863158345222,-7.419206667691469e-06,5.801287557005708e-07,0.09004726260900497,0.0900283008813858,0.0006815250962972641,0.00012969526869710535
11.066666666666666,0.008430121466517448,-7.404014468193054e-06,7.33178183054406e-07,0.09018156677484512,0.09016401320695877,0.000677916337735951,8.113645162666216e-05
11.083333333333334,0.008443458937108517,-7.370952516794205e-06,6.435485033762234e-07,0.09031713008880615,0.09030136466026306,0.0006874419050291181,-1.8141143300454132e-05
11.1,0.008456840179860592,-7.423164788633585e-06,6.803029464208521e-07,0.09045574069023132,0.09043913334608078,0.0006877967389300466,-1.951226295204833e-05
11.116666666666667,0.008470243774354458,-7.421651389449835e-06,1.109410959543311e-06,0.09059161692857742,0.09057565033435822,0.0006835129461251199,-1.4629064935434144e-05
11.133333333333333,0.008483588695526123,-7.398019079118967e-06,8.64670425926306e-07,0.09072738140821457,0.0907115563750267,0.0006835521780885756,-8.624471774965059e-06
11.15,0.00849679671227932,-7.46001023799181e-06,1.0904286682489328e-06,0.09086256474256516,0.09084584563970566,0.0006775538204237819,5.991478974465281e-05
11.166666666666666,0.008509968407452106,-7.406750228255987e-06,9.818812429784884e-09,0.09099691361188889,0.09098001569509506,0.0006786389276385307,-1.6509693523403257e-07
11.183333333333334,0.00852316152304411,-7.4150157161056995e-06,5.440809900392196e-07,0.09113313257694244,0.09111369401216507,0.0006733259651809931,0.00015608288231305778
11.2,0.008536415174603462,-7.341615855693817e-06,5.210743552197528e-07,0.09126655012369156,0.09124995023012161,0.0006823636358603835,4.84911615785677e-05
11.216666666666667,0.00854983739554882,-7.322756573557854e-06,5.541132850339636e-07,0.09140468388795853,0.09138733893632889,0.000691741646733135,-2.1006508177379146e-05
11.233333333333333,0.008563417010009289,-7.3472619988024235e-06,4.798997110810888e-07,0.09154373407363892,0.09152531623840332,0.000698269868735224,3.033834400412161e-05
11.25,0.0085771344602108,-7.349939551204443e-06,5.208835887060559e-07,0.0916835218667984,0.0916656106710434,0.0007032308494672179,5.95905248701456e-06
11.266666666666666,0.00859089009463787,-7.365480996668339e-06,8.922787060328119e-07,0.09182265400886536,0.09180612117052078,0.000708326930180192,1.3134475921106059e-05
11.283333333333333,0.008604698814451694,-7.362279575318098e-06,7.804815140843857e-07,0.09196469932794571,0.0919472798705101,0.0007106385310180485,-1.780428988240601e-06
11.3,0.008604698814451694,-7.362279575318098e-06,7.804815140843857e-07,0.09196469932794571,0.0919472798705101,0.0007106385310180485,-1.780428988240601e-06
11.316666666666666,0.008632468059659004,-7.395516149699688e-06,1.0051116987597197e-06,0.09224768728017807,0.09223072975873947,0.0007144586415961385,1.0321624358766712e-05
11.333333333333334,0.0086462227627635,-7.445225492119789e-06,6.335914690680511e-07,0.09238942712545395,0.09237173199653625,0.0007083291420713067,1.5646941164959571e-06
11.35,0.00865993183106184,-7.368798833340406e-06,1.2470899264371837e-06,0.09252801537513733,0.09251274168491364,0.000699600437656045,2.093158218485769e-05
11.366666666666667,0.008673470467329025,-7.370137609541416e-06,9.924266350935795e-07,0.09266576170921326,0.09265115112066269,0.0006995904259383678,-6.679420766886324e-05
11.383333333333333,0.008686911314725876,-7.386959623545408e-06,8.587022080064344e-07,0.09280385822057724,0.09278810769319534,0.0006901510641910136,7.143177754187491e-06
11.4,0.008700482547283173,-7.370777893811464e-06,1.2169695082775434e-06,0.09294085949659348,0.09292612224817276,0.0006960689788684249,-1.8776821889332496e-05
11.416666666666666,0.00871393084526062,-7.43131386116147e-06,9.56135636442923e-07,0.09308009594678879,0.09306390583515167,0.0006937357829883695,4.907925813313341e-06
11.433333333333334,0.008727362379431725,-7.4660638347268105e-06,1.0768375204861513e-06,0.09321645647287369,0.09319960325956345,0.0006864918395876884,3.49575093423482e-05
11.45,0.008740675635635853,-7.37473601475358e-06,6.240460947992688e-07,0.09335262328386307,0.09333701431751251,0.000686769257299602,2.2595970222027972e-05
11.466666666666667,0.008754103444516659,-7.444410584867001e-06,1.6278113434964325e-06,0.09348926693201065,0.09347281605005264,0.0006834087544120848,5.8253910538041964e-05
11.483333333333333,0.00876735057681799,-7.37188383936882e-06,-4.638903661202676e-08,0.09362442046403885,0.09360902011394501,0.0006829944322817028,-3.645993638201617e-05
11.5,0.008780654519796371,-7.3498813435435295e-06,4.542209239843942e-07,0.09375960379838943,0.09374437481164932,0.0006869818898849189,-4.7463025111937895e-05
11.516666666666666,0.008794066496193409,-7.475609891116619e-06,4.836983293898811e-07,0.09389835596084595,0.09388107806444168,0.0006881240988150239,-1.4653829794042394e-06
11.533333333333333,0.008807501755654812,-7.475260645151138e-06,1.6348884628314408e-06,0.09403420984745026,0.09401752054691315,0.0006844220333732665,9.214766760123894e-05
11.55,0.008820788003504276,-7.349473889917135e-06,-1.1423999524140527e-07,0.09416929632425308,0.09415414184331894,0.000684363825712353,1.559912743687164e-05
11.566666666666666,0.008834264241158962,-7.366761565208435e-06,8.786124112702964e-07,0.09430699050426483,0.09429054707288742,0.000691182620357722,2.2815675038145855e-05
11.583333333333334,0.008847799152135849,-7.336202543228865e-06,5.116568786434073e-07,0.0944456234574318,0.09442886710166931,0.0006985971122048795,-1.650339072511997e-05
11.6,0.008861454203724861,-7.322756573557854e-06,9.093454877984186e-07,0.09458397328853607,0.09456969797611237,0.0007029149564914405,-5.0275451940251514e-05
11.616666666666667,0.00887520331889391,-7.327238563448191e-06,7.862888651288813e-07,0.09472455829381943,0.09470920264720917,0.0007073585293255746,-6.917014161444968e-06
11.633333333333333,0.008889024145901203,-7.360242307186127e-06,8.028297315831878e-07,0.09486565738916397,0.09485011547803879,0.0007105323020368814,-1.6145706467796117e-05
11.65,0.00890291016548872,-7.397262379527092e-06,1.0765855904537602e-06,0.0950075313448906,0.09499160200357437,0.0007124097901396453,4.10499342251569e-06
11.666666666666666,0.008916731923818588,-7.312046363949776e-06,7.352883244493569e-07,0.09514883160591125,0.09513362497091293,0.0007145083509385586,-2.168330865970347e-05
11.683333333333334,0.008930612355470657,-7.369788363575935e-06,1.0848424381038058e-06,0.09528962522745132,0.09527452290058136,0.0007141921669244766,-2.5528772312100045e-05
11.7,0.00894449558109045,-7.414724677801132e-06,7.797420948918443e-07,0.09543174505233765,0.09541583806276321,0.0007138311048038304,-1.4081623703532387e-05
11.716666666666667,0.008958233520388603,-7.314200047403574e-06,3.6101698697166285e-07,0.0955718532204628,0.09555608779191971,0.0007104590185917914,-2.3629718270967714e-05
11.733333333333333,0.008972018025815487,-7.463502697646618e-06,4.639674671125249e-07,0.09571418911218643,0.09569696336984634,0.0007059815106913447,7.09816740709357e-05
11.75,0.00898571778088808,-7.495051249861717e-06,1.826378820624086e-06,0.09585264325141907,0.09583708643913269,0.0006994731375016272,7.47329659134266e-06
11.766666666666666,0.008999218232929707,-7.391325198113918e-06,-1.218717358142385e-07,0.09599049389362335,0.09597482532262802,0.0006948297959752381,9.904583748721052e-06
11.783333333333333,0.009012608788907528,-7.440452463924885e-06,8.339212058672274e-07,0.0961272269487381,0.09611055254936218,0.0006867917254567146,0.00010393427510280162
11.8,0.009026038460433483,-7.47025478631258e-06,1.6717534663257538e-06,0.09626372158527374,0.09624718874692917,0.0006848110933788121,7.952109444886446e-05
11.816666666666666,0.009039261378347874,-7.397611625492573e-06,-1.5672864606131043e-07,0.09639886021614075,0.0963832288980484,0.000684530648868531,-2.798939385684207e-05
11.833333333333334,0.009052595123648643,-7.438706234097481e-06,1.6072273183453945e-06,0.09653522074222565,0.09651906043291092,0.0006811843486502767,4.299328793422319e-05
11.85,0.009065881371498108,-7.435970474034548e-06,1.9189815247955266e-06,0.0966699868440628,0.0966554507613182,0.0006791783962398767,-3.171735079376958e-05
11.866666666666667,0.00907902978360653,-7.4632116593420506e-06,-1.260399216107544e-07,0.09680546820163727,0.096788190305233,0.0006794712971895933,2.6577376047498547e-05
11.883333333333333,0.009092338383197784,-7.38899689167738e-06,8.90229387096042e-07,0.09694012254476547,0.09692443907260895,0.0006846649339422584,-4.8486162995686755e-05
11.9,0.009105698205530643,-7.457565516233444e-06,4.103245316855464e-07,0.09707829356193542,0.09706111997365952,0.0006860606954433024,6.075839337427169e-05
11.916666666666666,0.009119123220443726,-7.466238457709551e-06,1.6655711760904524e-06,0.09721333533525467,0.0971977636218071,0.0006837123655714095,0.00013030823902226985
11.933333333333334,0.009132388979196548,-7.452093996107578e-06,1.1378548379070708e-06,0.09734957665205002,0.09733269363641739,0.0006792515050619841,4.434478250914253e-05
11.95,0.009145621210336685,-7.3767732828855515e-06,-4.155157853347191e-07,0.09748468548059464,0.09746717661619186,0.0006798880058340728,2.0761533960467204e-05
11.966666666666667,0.009159041568636894,-7.398135494440794e-06,8.795262829153216e-07,0.09762080758810043,0.09760512411594391,0.0006899050204083323,-1.341806728305528e-05
11.983333333333333,0.009172608144581318,-7.372116670012474e-06,7.311772378670867e-07,0.09775982052087784,0.09774307906627655,0.0006971885450184345,1.1299815923848655e-05
12.0,0.009186248295009136,-7.388764061033726e-06,6.876585985082784e-07,0.09789923578500748,0.09788239002227783,0.0007028065738268197,1.056195924320491e-05
12.016666666666666,0.0092000188305974,-7.406983058899641e-06,1.1078118404839188e-06,0.09803922474384308,0.09802339226007462,0.0007071110303513706,-8.534210792277008e-06
12.033333333333333,0.009213689714670181,-7.457565516233444e-06,7.584861805298715e-07,0.0981791764497757,0.09816402941942215,0.0007038241601549089,6.45505224383669e-06
12.05,0.009227335453033447,-7.468275725841522e-06,1.9961350972153014e-06,0.09831780940294266,0.09830332547426224,0.0006958223530091345,-7.473860023310408e-05
12.066666666666666,0.009240783751010895,-7.411057595163584e-06,-5.711793349405525e-08,0.0984557569026947,0.09843945503234863,0.0006918233120813966,1.647687349759508e-05
12.083333333333334,0.009254231117665768,-7.514958269894123e-06,1.9280862488813e-06,0.0985923558473587,0.09857682883739471,0.0006877381820231676,9.67734376899898e-06
12.1,0.009267526678740978,-7.403490599244833e-06,-3.182982766247733e-07,0.09872890263795853,0.09871163964271545,0.0006857738480903208,3.951120743295178e-05
12.116666666666667,0.00928103644400835,-7.345806807279587e-06,1.0379666264270782e-06,0.09886526316404343,0.09884985536336899,0.0006929199444130063,5.147349838807713e-06
12.133333333333333,0.00929458998143673,-7.464026566594839e-06,3.838110558262997e-07,0.09900486469268799,0.09898834675550461,0.0006926354835741222,-5.394726485974388e-06
12.15,0.009307900443673134,-7.3856208473443985e-06,-2.2509686914418126e-07,0.09914125502109528,0.09912499785423279,0.0006883440655656159,-1.570381755300332e-05
12.166666666666666,0.009321309626102448,-7.453723810613155e-06,1.5846127325858106e-06,0.09927702695131302,0.09926073253154755,0.0006849249475635588,0.00010469594417372718
12.183333333333334,0.00933459959924221,-7.450988050550222e-06,1.1112963420600863e-06,0.09941279143095016,0.09939621388912201,0.0006801225244998932,9.442023292649537e-05
12.2,0.009347813203930855,-7.427879609167576e-06,5.736769992381596e-08,0.09954749047756195,0.09953217208385468,0.0006811951752752066,-8.929715477279387e-06
12.216666666666667,0.00936097837984562,-7.451162673532963e-06,9.100800753003568e-07,0.09968230873346329,0.09966614842414856,0.0006763475830666721,3.183700027875602e-05
12.233333333333333,0.009374227374792099,-7.490802090615034e-06,1.6620635960862273e-06,0.09981685131788254,0.09980064630508423,0.0006761251715943217,4.3855732656084e-05
12.25,0.00938732735812664,-7.3792762123048306e-06,-3.071753553740564e-07,0.09995120763778687,0.09993511438369751,0.000677283329423517,-1.1027383152395487e-05
12.266666666666666,0.009400604292750359,-7.528928108513355e-06,2.0295360627642367e-06,0.10008563101291656,0.10007014125585556,0.0006765024736523628,1.7974525690078735e-05
12.283333333333333,0.009413721039891243,-7.4355630204081535e-06,-1.5895768967766344e-07,0.10022061318159103,0.10020384192466736,0.0006771621992811561,2.4427603420917876e-05
12.3,0.00942685455083847,-7.438473403453827e-06,1.053053892974276e-06,0.1003541573882103,0.10033842921257019,0.0006737839430570602,-1.3009500435146037e-05
12.316666666666666,0.009440022520720959,-7.480848580598831e-06,1.0558056828813278e-06,0.10048815608024597,0.1004730835556984,0.0006759858224540949,-1.5114114830794279e-05
12.333333333333334,0.009453163482248783,-7.448950782418251e-06,-1.9841593257297063e-08,0.10062257200479507,0.10060697048902512,0.0006768051534891129,-2.3395599782816134e-05
12.35,0.009466354735195637,-7.490452844649553e-06,1.8456927364240983e-06,0.10075653344392776,0.10074181854724884,0.0006753606139682233,-5.393708124756813e-05
12.366666666666667,0.009479484520852566,-7.365015335381031e-06,-3.0938446116124396e-07,0.10089149326086044,0.10087570548057556,0.0006758674862794578,-2.0426141418283805e-05
12.383333333333333,0.009492767043411732,-7.334456313401461e-06,9.893714150166488e-07,0.10102582722902298,0.10101187229156494,0.0006834701634943485,-8.352784789167345e-05
12.4,0.009506112895905972,-7.511931471526623e-06,1.8260683418702683e-06,0.10116235166788101,0.10114701837301254,0.0006812425563111901,4.3727708543883637e-05
12.416666666666666,0.009519332088530064,-7.319787982851267e-06,3.909812562596926e-08,0.10129682719707489,0.10128258168697357,0.0006813527434132993,-1.7586966350791045e-05
12.433333333333334,0.009532756172120571,-7.334165275096893e-06,8.566373708163155e-07,0.10143334418535233,0.10141835361719131,0.0006891355151310563,2.9721804821747355e-05
12.45,0.009546277113258839,-7.405935321003199e-06,8.924326948545058e-07,0.10157373547554016,0.10155703127384186,0.0006961861508898437,4.900548083242029e-05
12.466666666666667,0.009559917263686657,-7.394759450107813e-06,8.362302423847723e-07,0.10171210765838623,0.10169606655836105,0.0007028031977824867,1.7593194570508786e-05
12.483333333333333,0.009573530405759811,-7.461232598870993e-06,6.77232776524761e-07,0.10185149312019348,0.10183599591255188,0.0007007008534856141,2.810267142194789e-05
12.5,0.00958719290792942,-7.510825525969267e-06,1.860801717157301e-06,0.10198981314897537,0.1019742339849472,0.0006944582564756274,3.698606087709777e-05
12.516666666666666,0.009600598365068436,-7.405411452054977e-06,5.2341817990964046e-08,0.1021265909075737,0.10211142152547836,0.0006910302327014506,3.959294190281071e-06
12.533333333333333,0.009614018723368645,-7.463153451681137e-06,1.231809392265859e-06,0.10226454585790634,0.1022472232580185,0.0006866075564175844,6.787060556234792e-05
12.55,0.009627304971218109,-7.404247298836708e-06,9.229568149748957e-07,0.10239919275045395,0.10238402336835861,0.0006815516389906406,3.2454011034133146e-06
12.566666666666666,0.009640507400035858,-7.401278708130121e-06,-1.89209330869744e-07,0.10253456234931946,0.10251814872026443,0.0006811980274505913,-8.834611435304396e-06
12.583333333333334,0.009653870016336441,-7.360533345490694e-06,4.4568645307663246e-07,0.10267052799463272,0.10265477001667023,0.0006887343479320407,1.5147010344662704e-05
12.6,0.009667427279055119,-7.3739211075007915e-06,9.06916284293402e-07,0.10280907154083252,0.10279281437397003,0.000694756512530148,1.5660762073821388e-05
12.616666666666667,0.009681005962193012,-7.3455157689750195e-06,8.501982051711821e-07,0.10294727981090546,0.10293218493461609,0.0007012648857198656,-3.5525322346074972e-06
12.633333333333333,0.009694639593362808,-7.456284947693348e-06,3.562928441169788e-07,0.10308817774057388,0.10307043790817261,0.0006982945487834513,8.184340549632907e-05
12.65,0.009708235040307045,-7.477879989892244e-06,1.1490204769870616e-06,0.10322613269090652,0.10320862382650375,0.0006935495184734464,2.8378233764669858e-05
12.666666666666666,0.009721839800477028,-7.492024451494217e-06,7.911763191259524e-07,0.10336413234472275,0.10334829241037369,0.0006944491760805249,1.593676279298961e-05
12.683333333333334,0.00973525084555149,-7.4187410064041615e-06,-3.557484831162583e-07,0.1035015806555748,0.10348401218652725,0.0006912809913046658,7.448421001754468e-06
12.7,0.00974866934120655,-7.5158895924687386e-06,1.5626691265424597e-06,0.10363826155662537,0.10362175852060318,0.0006867215852253139,5.8318542869528756e-05
12.716666666666667,0.009762006811797619,-7.440452463924885e-06,1.4634505305366474e-06,0.10377440601587296,0.10375842452049255,0.0006839898996986449,-1.3186529940867331e-05
12.733333333333333,0.009775274433195591,-7.384689524769783e-06,-7.779470934110577e-08,0.10390906035900116,0.1038934737443924,0.0006830479833297431,4.3374468077672645e-05
12.75,0.009788613766431808,-7.445865776389837e-06,1.3783251233689953e-06,0.10404573380947113,0.10402926057577133,0.0006802863790653646,5.336121830623597e-05
12.766666666666666,0.009801829233765602,-7.384689524769783e-06,-1.4456884400715353e-07,0.10418014228343964,0.10416369885206223,0.0006811654311604798,4.5007996959611773e-05
12.783333333333333,0.009815184399485588,-7.36030051484704e-06,8.099999604382901e-07,0.10431679338216782,0.10430136322975159,0.0006885284092277288,-1.7828742784331553e-05
12.8,0.009828639216721058,-7.4759591370821e-06,2.9862471251362877e-07,0.10445571690797806,0.10443810373544693,0.0006900666048750281,4.266007454134524e-05
12.816666666666666,0.009842044673860073,-7.476017344743013e-06,1.1891841040778672e-06,0.10459046810865402,0.10457462072372437,0.0006833638763055205,1.966991476365365e-05
12.833333333333334,0.009855280630290508,-7.403956260532141e-06,-5.871821429082047e-08,0.10472555458545685,0.10471007972955704,0.0006825508899055421,-2.995306886077742e-06
12.85,0.009868734516203403,-7.389811798930168e-06,1.142042265200871e-06,0.10486335307359695,0.10484728217124939,0.0006913669058121741,-1.5235317732731346e-05
12.866666666666667,0.009882134385406971,-7.4437703005969524e-06,1.7712397948344005e-06,0.10499978810548782,0.10498443245887756,0.0006868125637993217,4.916693069390021e-05
12.883333333333333,0.009895444847643375,-7.399532478302717e-06,-5.19506897944666e-07,0.10513687878847122,0.10511947423219681,0.0006855292012915015,-8.30680801300332e-06
12.9,0.009908749721944332,-7.509544957429171e-06,1.5595246622979175e-06,0.1052713692188263,0.10525648295879364,0.0006823539733886719,-5.767530092271045e-05
12.916666666666666,0.009922034107148647,-7.393420673906803e-06,4.1792330307544034e-07,0.10540551692247391,0.10539226233959198,0.0006814241060055792,-3.253007889725268e-05
12.933333333333334,0.009935230948030949,-7.354828994721174e-06,-2.537458669849002e-07,0.10554175078868866,0.10552635788917542,0.0006807955214753747,1.7679118400337757e-06
12.95,0.009948489256203175,-7.490336429327726e-06,1.7130606693172012e-06,0.10567674040794373,0.1056615486741066,0.0006789602339267731,-4.591626930050552e-05
12.966666666666667,0.009961686097085476,-7.4096606113016605e-06,-2.812215598169132e-07,0.1058121994137764,0.10579545050859451,0.0006790011539123952,2.638139449118171e-05
12.983333333333333,0.009975125081837177,-7.392489351332188e-06,8.953570045378001e-07,0.10594787448644638,0.10593213140964508,0.000687487714458257,2.7316255000187084e-05
13.0,0.00998861063271761,-7.480732165277004e-06,7.713401259934471e-07,0.10608675330877304,0.10606962442398071,0.0006931889220140874,1.836989940784406e-05
13.016666666666666,0.010002008639276028,-7.503200322389603e-06,1.9469107428449206e-06,0.10622323304414749,0.10620845854282379,0.000686949584633112,-5.3224324801703915e-05
13.033333333333333,0.010015330277383327,-7.400871254503727e-06,4.659360186565209e-08,0.10635913163423538,0.1063438430428505,0.0006854989915154874,-7.579925522804842e-07
13.049999999999999,0.010028655640780926,-7.467344403266907e-06,1.478775629948359e-06,0.10649564862251282,0.10647954046726227,0.000682684185449034,3.1259169190889224e-05
13.066666666666666,0.01004189345985651,-7.360940799117088e-06,-2.1807120731409668e-07,0.10663022100925446,0.10661455988883972,0.0006818515830673277,-3.0149643862387165e-05
13.083333333333334,0.010055162943899632,-7.503142114728689e-06,1.7555435078975279e-06,0.10676542669534683,0.10675004124641418,0.0006798521499149501,1.8055068721878342e-05
13.1,0.010068285278975964,-7.40645918995142e-06,6.123938760538294e-07,0.10689994692802429,0.10688402503728867,0.0006756947841495275,3.233681127312593e-05
13.116666666666667,0.010081511922180653,-7.508322596549988e-06,1.7624901147428318e-06,0.1070348396897316,0.10701905190944672,0.0006749089807271957,-6.0809474234702066e-05
13.133333333333333,0.010094704106450081,-7.362279575318098e-06,1.0233142120341654e-06,0.10716842114925385,0.10715486109256744,0.0006768573075532913,-2.8691654733847827e-05
13.15,0.010107830166816711,-7.430091500282288e-06,8.746371804591035e-07,0.10730348527431488,0.10728717595338821,0.0006734359776601195,4.850484765483998e-05
13.166666666666666,0.010120987892150879,-7.527414709329605e-06,1.763693944667466e-06,0.1074376329779625,0.10742203891277313,0.00067344174021855,-4.564438131637871e-05
13.183333333333334,0.010134108364582062,-7.399299647659063e-06,-2.413692072877893e-07,0.10757150501012802,0.10755520313978195,0.0006749462336301804,3.0334349503391422e-05
13.2,0.010147346183657646,-7.4642011895775795e-06,1.25970882436377e-06,0.10770715028047562,0.10768947750329971,0.0006745349965058267,8.013513433979824e-05
13.216666666666667,0.010160475969314575,-7.404654752463102e-06,-2.3443415386736888e-07,0.1078404113650322,0.10782396793365479,0.0006768875755369663,2.7598252927418798e-05
13.233333333333333,0.010173667222261429,-7.464725058525801e-06,1.5762225302751176e-06,0.10797545313835144,0.10795915126800537,0.0006762094562873244,-5.523325398826273e-06
13.25,0.010186802595853806,-7.3499977588653564e-06,-2.7248233891441487e-08,0.10810869932174683,0.10809371620416641,0.0006767725571990013,-1.9698309188243002e-05
13.266666666666666,0.010200109332799911,-7.339229341596365e-06,3.8954524939072144e-07,0.10824481397867203,0.10822881758213043,0.0006856113905087113,1.9656205040519126e-05
13.283333333333333,0.010213655419647694,-7.39638926461339e-06,1.3712995041714748e-06,0.10838213562965393,0.10836751759052277,0.0006933894474059343,-5.403181057772599e-05
13.299999999999999,0.010227265767753124,-7.492315489798784e-06,1.3633275557367597e-06,0.10852117091417313,0.10850553214550018,0.0006982150953263044,-2.735356247285381e-05
13.316666666666666,0.010240761563181877,-7.474271114915609e-06,9.273783803109836e-07,0.10866032540798187,0.10864425450563431,0.0006958029698580503,4.423010068421718e-06
13.333333333333334,0.010254168882966042,-7.460941560566425e-06,1.1447448287071893e-06,0.10879616439342499,0.10878098011016846,0.0006874880637042224,3.995071165263653e-05
13.35,0.010267503559589386,-7.41652911528945e-06,5.71494240375614e-07,0.10893358290195465,0.10891548544168472,0.0006815323722548783,8.72098607942462e-05
13.366666666666667,0.010280835442245007,-7.473747245967388e-06,6.224137791832618e-07,0.10907020419836044,0.10905243456363678,0.0006834827363491058,5.752857032348402e-05
13.383333333333333,0.010294095613062382,-7.4553536251187325e-06,6.855642027403519e-07,0.10920508205890656,0.10918696224689484,0.0006790522020310163,0.00012565548240672797
13.4,0.010307388380169868,-7.465656381100416e-06,1.361882141281967e-06,0.10934006422758102,0.10932327061891556,0.0006790740881115198,6.52959497529082e-05
13.416666666666666,0.010320570319890976,-7.377122528851032e-06,-1.3556898181832366e-07,0.10947424918413162,0.10945864766836166,0.0006799927796237171,-2.60285560216289e-05
13.433333333333334,0.010333897545933723,-7.32101034373045e-06,5.76095487758721e-07,0.10961022228002548,0.10959557443857193,0.0006858757697045803,-7.603279664181173e-05
13.45,0.010347286239266396,-7.4534909799695015e-06,1.1586512300709728e-06,0.10974741727113724,0.10973045974969864,0.0006837814580649137,4.387672743177973e-05
13.466666666666667,0.01036050170660019,-7.410126272588968e-06,-3.795412339968607e-08,0.1098816841840744,0.10986600071191788,0.0006822357536293566,-2.506436430849135e-05
13.483333333333333,0.010373793542385101,-7.466354873031378e-06,1.4357333384396043e-06,0.11001789569854736,0.11000101268291473,0.0006795098888687789,8.498444367432967e-05
13.5,0.010387003421783447,-7.383525371551514e-06,3.5855225455350137e-09,0.11015205830335617,0.11013676226139069,0.0006807580357417464,1.0057807457997114e-06
13.516666666666666,0.010400286875665188,-7.439404726028442e-06,1.223427375407482e-06,0.11028780043125153,0.11027097702026367,0.0006789705366827548,0.000126259183161892
13.533333333333333,0.010413588024675846,-7.492606528103352e-06,1.5739066157038906e-06,0.11042392253875732,0.11040691286325455,0.0006786121521145105,4.673696821555495e-05
13.549999999999999,0.010426756925880909,-7.400289177894592e-06,-1.6813676495530672e-07,0.11055812984704971,0.11054214835166931,0.0006790766492486,-6.790457973693265e-06
13.566666666666666,0.010439983569085598,-7.42392148822546e-06,1.5540006188530242e-06,0.1106930673122406,0.1106770932674408,0.0006776562659069896,-1.4572124200640246e-05
13.583333333333334,0.010453145019710064,-7.344875484704971e-06,-4.992174353901646e-07,0.11082752794027328,0.11081051826477051,0.0006782241398468614,1.3274792763695586e-05
13.6,0.010466489940881729,-7.314898539334536e-06,5.24718245742406e-07,0.11096266657114029,0.11094760149717331,0.0006865313625894487,-1.2846798199461773e-05
13.616666666666667,0.010479966178536415,-7.368740625679493e-06,9.041272051035776e-07,0.1111011803150177,0.11108536273241043,0.0006942091276869178,-3.4880977182183415e-05
13.633333333333333,0.010493433102965355,-7.491616997867823e-06,1.3486742318491451e-06,0.11123888194561005,0.1112220287322998,0.0006886853952892125,5.9948615671601146e-05
13.65,0.010506769642233849,-7.422931957989931e-06,7.118477185485972e-08,0.11137447506189346,0.11135923862457275,0.0006870378856547177,-4.5816126657882705e-05
13.666666666666666,0.010520066134631634,-7.457740139216185e-06,1.3034174628501205e-07,0.11151030659675598,0.11149512231349945,0.0006839465349912643,-5.075887747807428e-05
13.683333333333334,0.010533344931900501,-7.431255653500557e-06,1.0414892130938824e-06,0.11164536327123642,0.11162891238927841,0.000678785378113389,0.00012492210953496397
13.7,0.010546555742621422,-7.418566383421421e-06,1.256694531548419e-06,0.11178036034107208,0.11176636815071106,0.0006807608879171312,-3.517773802741431e-05
13.716666666666667,0.010559898801147938,-7.49056925997138e-06,1.5470342304979567e-06,0.11191683262586594,0.11190042644739151,0.0006791431223973632,4.483532393351197e-05
13.733333333333333,0.010573077015578747,-7.376132998615503e-06,-3.109273194468187e-08,0.11205081641674042,0.11203546077013016,0.0006795345107093453,-6.737483545293799e-06
13.75,0.010586380027234554,-7.377180736511946e-06,8.982992767414544e-07,0.11218642443418503,0.11217030137777328,0.0006845977623015642,6.808773832744919e-06
13.766666666666666,0.010599819011986256,-7.344700861722231e-06,6.622926775889937e-07,0.11232417076826096,0.11230788379907608,0.0006931312964297831,2.0868652427452616e-05
13.783333333333333,0.010613450780510902,-7.384922355413437e-06,1.3871072042093147e-06,0.11246214807033539,0.1124478280544281,0.0006999573670327663,-2.082148421322927e-05
13.799999999999999,0.01062689907848835,-7.42828706279397e-06,-2.763654265436344e-07,0.11260157078504562,0.11258458346128464,0.0006946423090994358,-1.1753771786970901e-06
13.816666666666666,0.010640387423336506,-7.45011493563652e-06,1.323624132965051e-06,0.11273791640996933,0.11272216588258743,0.0006896083359606564,6.9694524427177384e-06
13.833333333333334,0.01065369974821806,-7.398659363389015e-06,1.1344672978808035e-09,0.11287398636341095,0.11285877227783203,0.0006864611059427261,-4.6302226110128686e-05
13.85,0.010666975751519203,-7.410941179841757e-06,3.158389105806236e-08,0.1130099892616272,0.11299444735050201,0.0006845637108199298,-2.248377313662786e-05
13.866666666666667,0.01068024430423975,-7.423863280564547e-06,-4.32916102965919e-08,0.11314545571804047,0.11312898993492126,0.0006829340127296746,5.981318736303365e-06
13.883333333333333,0.010693482123315334,-7.501279469579458e-06,1.0724447747634258e-06,0.11328046023845673,0.11326343566179276,0.0006778130191378295,5.608465653494932e-05
13.9,0.010706636123359203,-7.424678187817335e-06,-1.0673360861801484e-07,0.11341486871242523,0.11339828372001648,0.000678827753290534,3.3361295209033415e-05
13.916666666666666,0.010719875805079937,-7.455935701727867e-06,1.516318093308655e-06,0.11354934424161911,0.11353407055139542,0.0006780814728699625,4.5013435737928376e-05
13.933333333333334,0.010733059607446194,-7.379509042948484e-06,-2.7098298005512333e-07,0.11368472129106522,0.11366806924343109,0.0006785440491512418,-1.5582241758238524e-05
13.95,0.01074629183858633,-7.41973053663969e-06,1.2037097576467204e-06,0.11381905525922775,0.11380312591791153,0.0006771016051061451,7.353713044722099e-06
13.966666666666667,0.010759488679468632,-7.492606528103352e-06,1.5583854064971092e-06,0.11395452171564102,0.11393797397613525,0.0006763388519175351,2.1255107185425004e-06
13.983333333333333,0.010772635228931904,-7.416820153594017e-06,-3.2682487471902277e-07,0.11408873647451401,0.11407146602869034,0.0006769077735953033,-8.629388617009681e-07
14.0,0.010785818099975586,-7.451395504176617e-06,1.1144674090246554e-06,0.1142234355211258,0.11420678347349167,0.0006759005482308567,4.584396447171457e-05
14.016666666666666,0.01079893670976162,-7.4328272603452206e-06,7.799918080308998e-07,0.11435714364051819,0.11434007436037064,0.0006727170548401773,3.27898669638671e-05
14.033333333333333,0.010812092572450638,-7.466878741979599e-06,1.8658093949852628e-06,0.11449023336172104,0.11447577178478241,0.0006721292156726122,-6.816328823333606e-05
14.049999999999999,0.010825173929333687,-7.366237696260214e-06,-9.124911315439022e-08,0.11462429910898209,0.11460865288972855,0.0006739080999977887,-2.3915710698929615e-05
14.066666666666666,0.010838350281119347,-7.429218385368586e-06,1.385893369842961e-06,0.11475814133882523,0.1147431805729866,0.0006737597286701202,8.598212843935471e-06
14.083333333333334,0.010851407423615456,-7.419672328978777e-06,8.654781140648993e-07,0.11489231139421463,0.11487586051225662,0.0006704583647660911,3.186120738973841e-05
14.1,0.0108646834269166,-7.471942808479071e-06,1.1782520914493944e-06,0.11502674967050552,0.11501195281744003,0.0006764808786101639,-7.816347533662338e-07
14.116666666666667,0.010877816937863827,-7.385911885648966e-06,-2.587611902526987e-07,0.11516240984201431,0.11514569073915482,0.0006771105108782649,9.24997129914118e-06
14.133333333333333,0.010890924371778965,-7.414841093122959e-06,9.619234333513305e-07,0.11529597640037537,0.11527867615222931,0.0006724098930135369,0.00012065141345374286
14.15,0.010904080234467983,-7.488823030143976e-06,1.361822910439514e-06,0.11543101072311401,0.11541348695755005,0.000675136165227741,4.89512131025549e-05
14.166666666666666,0.010917180217802525,-7.367867510765791e-06,-1.6216809228808415e-07,0.11556343734264374,0.11554758995771408,0.0006758192321285605,2.2289050320978276e-05
14.183333333333334,0.01093042641878128,-7.4310810305178165e-06,1.2541125897769234e-06,0.1156989112496376,0.11568232625722885,0.0006746822036802769,7.524084503529593e-05
14.2,0.01094360277056694,-7.499707862734795e-06,1.609646346878435e-06,0.11583360284566879,0.11581697314977646,0.000675640010740608,4.241250644554384e-05
14.216666666666667,0.010956738144159317,-7.434980943799019e-06,-4.743384018901509e-10,0.11596700549125671,0.11595125496387482,0.0006766939186491072,-2.7724287065211684e-05
14.233333333333333,0.010969920083880424,-7.3953415267169476e-06,1.0989990641974146e-06,0.11610178649425507,0.11608585715293884,0.0006755318609066308,1.9389121916901786e-06
14.25,0.010983058251440525,-7.448950782418251e-06,1.460451585444389e-06,0.1162361428141594,0.11622096598148346,0.0006737151998095214,-3.3408454328309745e-05
14.266666666666666,0.010996181517839432,-7.412978447973728e-06,3.225980833576614e-07,0.11636897176504135,0.11635461449623108,0.0006745955906808376,-3.062354153371416e-05
14.283333333333333,0.011009369976818562,-7.438007742166519e-06,9.870518624666147e-07,0.11650541424751282,0.11648724228143692,0.000674137263558805,0.00010375334386480972
14.299999999999999,0.011022508144378662,-7.41367693990469e-06,-1.2703425511517707e-07,0.11663858592510223,0.11662203073501587,0.0006763762794435024,1.445985344616929e-05
14.316666666666666,0.011035772040486336,-7.3856208473443985e-06,1.3277445987114334e-07,0.11677534133195877,0.11675863713026047,0.0006800577975809574,2.4044798919931054e-05
14.333333333333334,0.011049092747271061,-7.489870768040419e-06,1.3347912499739323e-06,0.11691025644540787,0.11689379066228867,0.0006792324711568654,1.637948298593983e-05
14.35,0.011062298901379108,-7.393013220280409e-06,-4.532775506049802e-07,0.11704526841640472,0.1170276328921318,0.0006788822938688099,6.840023706899956e-05
14.366666666666667,0.011075528338551521,-7.4409181252121925e-06,1.0993547903126455e-06,0.11718010902404785,0.11716379970312119,0.0006783546414226294,5.9551195590756834e-05
14.383333333333333,0.01108868420124054,-7.438997272402048e-06,9.732757462188601e-07,0.11731427162885666,0.11729782074689865,0.0006744904676452279,3.773157004616223e-05
14.4,0.01110183447599411,-7.445341907441616e-06,1.0997528079315089e-06,0.11744928359985352,0.11743255704641342,0.0006750462343916297,1.7725709767546505e-05
14.416666666666666,0.011115082539618015,-7.418100722134113e-06,1.3617499234896968e-06,0.1175825446844101,0.11756739765405655,0.000673933420330286,1.723387322272174e-05
14.433333333333334,0.011128140613436699,-7.378985174000263e-06,2.8786661232516053e-07,0.11771570891141891,0.11770182102918625,0.0006757149822078645,-2.5033998099388555e-05
14.45,0.011141419410705566,-7.372465915977955e-06,4.583544637171144e-07,0.11785249412059784,0.11783656477928162,0.0006842173752374947,-3.70412235497497e-05
14.466666666666667,0.011154771782457829,-7.504888344556093e-06,1.9365472780918935e-06,0.11798760294914246,0.11797264963388443,0.000681130972225219,9.339114512840752e-06
14.483333333333333,0.011167974211275578,-7.3955743573606014e-06,-2.2476743311017344e-07,0.11812356114387512,0.11810706555843353,0.0006807947647757828,3.402321817702614e-05
14.5,0.011181237176060677,-7.370894309133291e-06,7.752616966172354e-07,0.11825893819332123,0.11824300140142441,0.0006815287633799016,-5.661276645696489e-06
14.516666666666666,0.011194518767297268,-7.420952897518873e-06,1.4869760889268946e-06,0.11839357018470764,0.11837834119796753,0.0006789431790821254,8.421142410952598e-05
14.533333333333333,0.011207704432308674,-7.413036655634642e-06,-1.8156356418330688e-07,0.11852948367595673,0.11851296573877335,0.0006800055271014571,-2.200621565862093e-05
14.549999999999999,0.011220908723771572,-7.425667718052864e-06,5.33935406110686e-07,0.11866510659456253,0.11864558607339859,0.0006742557161487639,0.00014682543405797333
14.566666666666666,0.01123398169875145,-7.388705853372812e-06,5.192810021981131e-07,0.11879760026931763,0.11878159642219543,0.0006740899989381433,1.0207535524386913e-05
14.583333333333334,0.011247155256569386,-7.455004379153252e-06,1.318989461651654e-06,0.11893179267644882,0.11891540139913559,0.000673338770866394,9.461293666390702e-05
14.6,0.011260339990258217,-7.43853161111474e-06,1.1431533266659244e-06,0.11906653642654419,0.11904981732368469,0.0006743540870957077,4.7497625928372145e-05
14.616666666666667,0.011273624375462532,-7.372058462351561e-06,6.463143904511526e-07,0.11920132488012314,0.119185671210289,0.000684417609591037,1.2709338648164703e-07
14.633333333333333,0.011287027969956398,-7.399590685963631e-06,5.908098046347732e-07,0.11933918297290802,0.11932344734668732,0.0006861519068479538,-2.7627388590190094e-06
14.65,0.011300432495772839,-7.3882401920855045e-06,1.4537997685692972e-06,0.11947491765022278,0.1194598451256752,0.0006829284830018878,3.3982053082581842e-06
14.666666666666666,0.011313699185848236,-7.4177514761686325e-06,1.5108177819911361e-07,0.11960987001657486,0.11959454417228699,0.000682513986248523,8.077916390902828e-06
14.683333333333334,0.01132688857614994,-7.465307135134935e-06,8.717536275071325e-07,0.11974591761827469,0.1197282075881958,0.0006768691237084568,9.2362541181501e-05
14.7,0.01134007889777422,-7.451046258211136e-06,-4.901329475615057e-08,0.11988075822591782,0.11986357718706131,0.0006786428275518119,-2.1380381440394558e-05
14.716666666666667,0.011353191919624805,-7.4265990406274796e-06,1.07915684566251e-06,0.1200142651796341,0.11999820917844772,0.0006745400605723262,2.6925781639874913e-05
14.733333333333333,0.011366354301571846,-7.480906788259745e-06,1.571236452946323e-06,0.12014824151992798,0.12013299763202667,0.0006738040247000754,-1.573855297465343e-05
14.75,0.011379516683518887,-7.427355740219355e-06,8.627905572211603e-07,0.12028265744447708,0.12026733160018921,0.0006760650430805981,-4.444495789357461e-05
14.766666666666666,0.011392694897949696,-7.416238076984882e-06,9.015335535877966e-07,0.12041734904050827,0.12039994448423386,0.0006719578523188829,0.00010813080007210374
14.783333333333333,0.011405760422348976,-7.432419806718826e-06,3.679449278592983e-08,0.12055037170648575,0.1205344870686531,0.0006755746435374022,-1.7811586076277308e-05
14.799999999999999,0.011418847367167473,-7.435854058712721e-06,1.0708055242503178e-06,0.12068448215723038,0.1206677258014679,0.000671776884701103,5.1926614105468616e-05
14.816666666666666,0.01143199298530817,-7.399357855319977e-06,1.354625624117034e-06,0.1208183765411377,0.12080222368240356,0.0006721686804667115,3.491599272820167e-05
14.833333333333334,0.011445131152868271,-7.390044629573822e-06,6.795171429985203e-07,0.12095268815755844,0.12093685567378998,0.0006725813145749271,7.313877858905471e-07
14.85,0.01145817432552576,-7.327122148126364e-06,4.928169801132753e-07,0.12108547985553741,0.1210700049996376,0.0006698973593302071,4.217652167426422e-05
14.866666666666667,0.011471386067569256,-7.368042133748531e-06,4.3202982169532334e-07,0.12122076004743576,0.12120509147644043,0.0006808241014368832,-7.241722414619289e-06
14.883333333333333,0.01148463599383831,-7.458613254129887e-06,1.5373830137832556e-06,0.12135564535856247,0.12134034186601639,0.0006783744902350008,-3.459885192569345e-05
14.9,0.01149787474423647,-7.473456207662821e-06,1.4334148090711096e-06,0.12149106711149216,0.12147518992424011,0.0006761344848200679,-2.3171398424892686e-05
14.916666666666666,0.011510971933603287,-7.364724297076464e-06,2.284577078626171e-07,0.12162419408559799,0.12160918861627579,0.0006770598702132702,-2.749951818259433e-05
14.933333333333334,0.011524173431098461,-7.417169399559498e-06,1.3596441021945793e-06,0.12175943702459335,0.12174372375011444,0.0006759081152267754,-2.6208780923298036e-07
14.95,0.011537356302142143,-7.405935321003199e-06,7.649024382772041e-07,0.12189438194036484,0.12187827378511429,0.0006773821078240871,2.1257994831103133e-06
14.966666666666667,0.011550572700798512,-7.4125127866864204e-06,1.3036370773988892e-06,0.12202922999858856,0.12201321125030518,0.0006761591066606343,2.179040529881604e-05
14.983333333333333,0.011563717387616634,-7.3953415267169476e-06,5.196822598918516e-07,0.12216420471668243,0.1221461370587349,0.0006720472010783851,0.0001199697217089124
15.0,0.011576876044273376,-7.4462732300162315e-06,1.1724835076165618e-06,0.12229779362678528,0.12228157371282578,0.000674366659950465,1.2273639185877983e-05
15.016666666666666,0.011589997448027134,-7.4105337262153625e-06,1.8014466363069914e-08,0.12243136763572693,0.12241505831480026,0.0006752712070010602,-1.2611977581400424e-05
15.033333333333333,0.011603299528360367,-7.372582331299782e-06,1.2578871064761188e-06,0.12256578356027603,0.12255147844552994,0.0006846071919426322,5.121618755765667e-07
15.049999999999999,0.011616799980401993,-7.303780876100063e-06,8.07361459465028e-07,0.12270361930131912,0.12268903106451035,0.0006924094632267952,-4.450000778888352e-05
15.066666666666666,0.011630307883024216,-7.467053364962339e-06,1.0649526984707336e-06,0.12284280359745026,0.1228262409567833,0.0006969243404455483,-1.929167592606973e-05
15.083333333333334,0.011643780395388603,-7.460068445652723e-06,1.2734337815345498e-06,0.12298055738210678,0.1229647547006607,0.000691192748490721,4.057883870700607e-06
15.1,0.011657164432108402,-7.403315976262093e-06,6.0493667852767885e-09,0.12311717867851257,0.12310086935758591,0.00068829016527161,1.1222062312299386e-05
15.116666666666667,0.011670670472085476,-7.4114068411290646e-06,7.772487720103527e-07,0.12325470894575119,0.1232379674911499,0.0006946769426576793,1.4963437934056856e-05
15.133333333333333,0.011684159748256207,-7.4006966315209866e-06,4.913488282909384e-07,0.12339365482330322,0.12337745726108551,0.000694063026458025,-2.0233159375493415e-05
15.15,0.011697668582201004,-7.444468792527914e-06,8.58540659010032e-07,0.12353234738111496,0.1235135868191719,0.0006884511094540358,3.964866482419893e-05
15.166666666666666,0.011711024679243565,-7.414608262479305e-06,-8.500715864556696e-08,0.12366709858179092,0.12365058809518814,0.000687196443323046,-2.579243528089137e-06
15.183333333333334,0.011724220588803291,-7.4009294621646404e-06,3.275966662386054e-07,0.12380163371562958,0.12378642708063126,0.0006808326579630375,-2.478788928783615e-06
15.2,0.011737537570297718,-7.446738891303539e-06,1.3286567082104739e-06,0.1239376813173294,0.12392151355743408,0.0006788437603972852,1.8273583918926306e-05
15.216666666666667,0.011750724166631699,-7.417227607220411e-06,2.418198334908084e-07,0.12407159805297852,0.12405674904584885,0.0006789825856685638,-1.8547416402725503e-05
15.233333333333333,0.011763817630708218,-7.361348252743483e-06,2.3531208981353302e-08,0.12420649826526642,0.12419026345014572,0.000675083021633327,-1.5137247828533873e-05
15.25,0.01177708525210619,-7.401336915791035e-06,1.3017152866723336e-07,0.12434326112270355,0.12432533502578735,0.0006784437573514879,7.67532765166834e-05
15.266666666666666,0.01179041713476181,-7.408205419778824e-06,1.0401533927506534e-06,0.12447819858789444,0.12446089833974838,0.0006785867153666914,3.813357761828229e-05
15.283333333333333,0.01180362794548273,-7.45849683880806e-06,1.549023807001504e-07,0.12461238354444504,0.12459578365087509,0.0006786811864003539,4.445606464287266e-05
15.299999999999999,0.011816908605396748,-7.351336535066366e-06,4.515342197919381e-07,0.12474751472473145,0.12473135441541672,0.0006841880967840552,2.1854681108379737e-05
15.316666666666666,0.011830183677375317,-7.43550481274724e-06,5.535487730412569e-07,0.12488409876823425,0.12486618757247925,0.000678686541505158,8.993107621790841e-05
15.333333333333334,0.011843550018966198,-7.376307621598244e-06,5.888388727726124e-07,0.12501975893974304,0.12500399351119995,0.0006875743274576962,-2.7045411115977913e-05
15.35,0.011856816709041595,-7.48317688703537e-06,2.1739383271324186e-07,0.12515607476234436,0.12513963878154755,0.0006849731435067952,2.5197086870321073e-05
15.366666666666667,0.011870180256664753,-7.482944056391716e-06,1.4145491604722338e-06,0.1252916157245636,0.12527625262737274,0.0006817294633947313,-4.8747213440947235e-05
15.383333333333333,0.011883461847901344,-7.464899681508541e-06,1.0546426665314357e-06,0.12542757391929626,0.12541237473487854,0.0006809859769418836,-4.3669217120623216e-05
15.4,0.01189665962010622,-7.425667718052864e-06,-9.046213023111704e-08,0.12556280195713043,0.125545933842659,0.0006806532619521022,1.2638483894988894e-05
15.416666666666666,0.01190995890647173,-7.385970093309879e-06,1.0290405043633655e-06,0.1256975382566452,0.12568193674087524,0.000679303309880197,2.459136703691911e-05
15.433333333333334,0.011923331767320633,-7.4607087299227715e-06,1.3486925354300183e-06,0.12583456933498383,0.1258189082145691,0.0006890136864967644,-2.175589179387316e-05
15.45,0.011936726979911327,-7.472001016139984e-06,1.2780019460478798e-06,0.12597163021564484,0.12595480680465698,0.0006850523059256375,1.7442320313421078e-05
15.466666666666667,0.011949969455599785,-7.438124157488346e-06,1.6690893289705855e-07,0.12610642611980438,0.1260913610458374,0.0006832338403910398,-4.768467988469638e-05
15.483333333333333,0.011963220313191414,-7.445807568728924e-06,2.8233642979103024e-07,0.1262417882680893,0.12622565031051636,0.0006822407012805343,-7.740406545053702e-06
15.5,0.011976499110460281,-7.46588921174407e-06,1.0078874765895307e-06,0.12637826800346375,0.12636108696460724,0.0006797538953833282,7.43305281503126e-05
15.516666666666666,0.011989773251116276,-7.48183811083436e-06,1.5530213204328902e-06,0.12651269137859344,0.1264965534210205,0.000678759184665978,6.047464194125496e-05
15.533333333333333,0.0120029766112566,-7.411290425807238e-06,-7.889047992648557e-08,0.12664778530597687,0.1266317516565323,0.0006789729231968522,-3.191136784153059e-06
15.549999999999999,0.012016159482300282,-7.468974217772484e-06,1.3205111599745578e-06,0.12678222358226776,0.12676551938056946,0.0006747447187080979,7.544092659372836e-05
15.566666666666666,0.012029364705085754,-7.426424417644739e-06,1.0723124432843179e-06,0.12691693007946014,0.1269015669822693,0.0006772944470867515,-4.371355680632405e-05
15.583333333333334,0.012042468413710594,-7.3828850872814655e-06,-5.175651196509534e-08,0.12705107033252716,0.12703579664230347,0.000677581294439733,-2.694011345738545e-05
15.6,0.012055701576173306,-7.4640847742557526e-06,1.306393755839963e-06,0.12718643248081207,0.12717044353485107,0.0006744656129740179,-6.440199649659917e-05
15.616666666666667,0.012068777345120907,-7.3811388574540615e-06,1.4672600912035705e-08,0.1273190826177597,0.12730467319488525,0.0006760077085345984,-8.796152542345226e-06
15.633333333333333,0.012081959284842014,-7.406692020595074e-06,9.856511269390467e-07,0.12745501101016998,0.12743881344795227,0.0006750045577064157,5.743193014495773e-06
15.65,0.012095153331756592,-7.4543640948832035e-06,1.3470161093209754e-06,0.12758919596672058,0.12757328152656555,0.0006737576331943274,-5.954573134658858e-05
15.666666666666666,0.012108284048736095,-7.430033292621374e-06,5.5735871029582995e-08,0.12772303819656372,0.1277068853378296,0.0006747806328348815,1.8521546735428274e-05
15.683333333333334,0.012121456675231457,-7.417693268507719e-06,7.962101449265901e-07,0.12785817682743073,0.12784098088741302,0.0006742432015016675,7.859790639486164e-05
15.7,0.012134671211242676,-7.437716703861952e-06,1.2832849733968033e-06,0.12799237668514252,0.1279754340648651,0.0006749943713657558,8.962397987488657e-05
15.716666666666667,0.012147793546319008,-7.418391760438681e-06,1.0041753739642445e-06,0.12812663614749908,0.1281099021434784,0.0006724866107106209,-7.939309398352634e-06
15.733333333333333,0.012160828337073326,-7.376132998615503e-06,-4.478788540041023e-08,0.12825921177864075,0.12824378907680511,0.0006739730597473681,-1.6786640117061324e-05
15.75,0.01217404380440712,-7.497088517993689e-06,1.784928144843434e-06,0.12839281558990479,0.1283789873123169,0.0006712948088534176,-0.00010198022937402129
15.766666666666666,0.012187092565000057,-7.376831490546465e-06,6.716494738157053e-08,0.12852749228477478,0.12851209938526154,0.0006734819035045803,1.333671207248699e-05
15.783333333333333,0.01220023538917303,-7.419090252369642e-06,9.49639911596023e-07,0.12866249680519104,0.12864555418491364,0.0006743052508682013,6.401286373147741e-05
15.799999999999999,0.012213416397571564,-7.43399141356349e-06,1.3306881783137214e-06,0.12879657745361328,0.1287800371646881,0.0006733517511747777,6.473004032159224e-05
15.816666666666666,0.01222651731222868,-7.401627954095602e-06,-1.7080400027680298e-07,0.12893067300319672,0.12891389429569244,0.0006755233625881374,3.1491959816776216e-05
15.833333333333334,0.012239775620400906,-7.469847332686186e-06,1.3847410400558147e-06,0.12906546890735626,0.12904949486255646,0.000674915558192879,4.144797276239842e-05
15.85,0.012252856977283955,-7.42677366361022e-06,8.414097152353861e-08,0.1291985660791397,0.129183828830719,0.0006762835546396673,-6.7379369284026325e-06
15.866666666666667,0.012266029603779316,-7.430673576891422e-06,1.0147630291612586e-06,0.12933412194252014,0.129317507147789,0.0006755353533662856,5.716326995752752e-06
15.883333333333333,0.012279221788048744,-7.418158929795027e-06,1.4129664123174734e-06,0.12946857511997223,0.1294526308774948,0.0006746336002834141,-2.0906521967845038e-05
15.9,0.012292365543544292,-7.39336246624589e-06,1.401342046847276e-07,0.12960216403007507,0.12958648800849915,0.0006754397763870656,8.828610589262098e-06
15.916666666666666,0.01230547484010458,-7.498369086533785e-06,9.54331426328281e-07,0.12973780930042267,0.1297205090522766,0.0006747058359906077,3.6364006518851966e-05
15.933333333333334,0.01230547484010458,-7.498369086533785e-06,9.54331426328281e-07,0.12973780930042267,0.1297205090522766,0.0006747058359906077,3.6364006518851966e-05
15.95,0.012331893667578697,-7.484224624931812e-06,1.1926152865271433e-06,0.1300070732831955,0.1299896538257599,0.000675140880048275,1.530217195977457e-05
15.966666666666667,0.01234500203281641,-7.42374686524272e-06,2.0327860283941845e-07,0.13014033436775208,0.1301242560148239,0.0006757678929716349,1.1277689736743923e-05
15.983333333333333,0.0123582249507308,-7.455935701727867e-06,1.2590783171617659e-06,0.13027527928352356,0.13025905191898346,0.000675298273563385,-2.225468233518768e-05
16.0,0.012371515855193138,-7.366121280938387e-06,1.2994654525755323e-06,0.13040971755981445,0.13039584457874298,0.0006851394427940249,-7.88908073445782e-05
16.016666666666666,0.012384869158267975,-7.390277460217476e-06,1.072525151357695e-06,0.13054750859737396,0.13053059577941895,0.0006811431958340108,7.909967098385096e-05
16.03333333333333,0.012398233637213707,-7.423164788633585e-06,6.776156737942074e-07,0.13068480789661407,0.13066788017749786,0.0006852185470052063,2.458606832078658e-05
16.05,0.012411611154675484,-7.397495210170746e-06,1.4384069118023035e-06,0.13081961870193481,0.13080467283725739,0.0006826159078627825,1.423582489223918e-05
16.066666666666666,0.012424918822944164,-7.429509423673153e-06,1.204225668516301e-06,0.1309562623500824,0.13093982636928558,0.0006801097188144922,3.287881190772168e-05
16.083333333333332,0.012438076548278332,-7.367751095443964e-06,-2.4094941863950226e-07,0.1310906857252121,0.1310749650001526,0.0006802613497711718,-8.129391062539071e-07
16.1,0.012451386079192162,-7.3928385972976685e-06,1.1118256679765182e-06,0.1312263458967209,0.13120980560779572,0.0006786590674892068,3.0115863410173915e-05
16.116666666666667,0.012464587576687336,-7.436377927660942e-06,5.154844870958186e-07,0.1313626617193222,0.13134518265724182,0.0006810462800785899,1.8478014681022614e-05
16.133333333333333,0.01247794646769762,-7.422757335007191e-06,1.3141453791831736e-06,0.13149705529212952,0.13148175179958344,0.0006784209981560707,-5.770163988927379e-05
16.15,0.012491073459386826,-7.456168532371521e-06,2.2113660236300348e-07,0.13163205981254578,0.13161629438400269,0.0006778766983188689,-4.488103877520189e-05
16.166666666666668,0.01250423677265644,-7.434980943799019e-06,9.022310223372187e-07,0.1317669302225113,0.13174916803836823,0.0006734822527505457,5.825035987072624e-05
16.183333333333334,0.012517276220023632,-7.3339324444532394e-06,1.480104714346453e-07,0.13189955055713654,0.13188356161117554,0.0006716460338793695,-1.3890429727325682e-05
16.2,0.01253057736903429,-7.459078915417194e-06,9.162553737951384e-07,0.13203471899032593,0.13201865553855896,0.0006817951216362417,-3.3926015021279454e-05
16.216666666666665,0.012543762102723122,-7.41973053663969e-06,2.72353446462148e-07,0.13216917216777802,0.13215354084968567,0.0006805133889429271,-8.553070983907674e-06
16.233333333333334,0.012557031586766243,-7.4329436756670475e-06,9.048123956745258e-07,0.1323058158159256,0.1322883516550064,0.0006781965494155884,0.00012980352039448917
16.25,0.012570288963615894,-7.481197826564312e-06,1.2801109505744535e-06,0.1324411928653717,0.1324242204427719,0.0006781381671316922,3.5670545912580565e-05
16.266666666666666,0.012583555653691292,-7.457565516233444e-06,9.553600648359861e-07,0.13257640600204468,0.13256008923053741,0.0006800370174460113,-9.138346285908483e-06
16.28333333333333,0.012596754357218742,-7.426133379340172e-06,6.054794425836008e-07,0.13270984590053558,0.13269545137882233,0.0006792664062231779,-1.1063903002650477e-05
16.3,0.01260988786816597,-7.427064701914787e-06,9.222976018463669e-07,0.13284604251384735,0.132828488945961,0.0006745962891727686,1.98429715965176e-05
16.316666666666666,0.012623116374015808,-7.455411832779646e-06,1.0814625284183421e-06,0.13297894597053528,0.13296480476856232,0.0006768347811885178,-5.5981199693633243e-05
16.333333333333332,0.012636237777769566,-7.396854925900698e-06,2.484710535100021e-07,0.13311371207237244,0.1330985277891159,0.0006770174368284643,-3.106179974565748e-06
16.35,0.012649367563426495,-7.400289177894592e-06,7.73779447627021e-07,0.13324794173240662,0.133231982588768,0.000673044822178781,-3.6585483940143604e-06
16.366666666666667,0.012662605382502079,-7.5132702477276325e-06,9.86519239631889e-07,0.13338370621204376,0.13336804509162903,0.0006778252427466214,2.9843962693121284e-05
16.383333333333333,0.012675747275352478,-7.385388016700745e-06,3.4212101240882475e-07,0.13351763784885406,0.1335022896528244,0.0006741447723470628,-2.930219670815859e-05
16.4,0.012688910588622093,-7.438939064741135e-06,1.0402616226201644e-06,0.13365228474140167,0.1336357295513153,0.0006735095521435142,6.502062024082989e-05
16.416666666666668,0.012702245265245438,-7.361988537013531e-06,1.143703570960497e-06,0.13378633558750153,0.1337723433971405,0.0006816328968852758,-8.540722774341702e-05
16.433333333333334,0.012715532444417477,-7.4811396189033985e-06,9.213228508997418e-07,0.1339244246482849,0.13390842080116272,0.0006831992650404572,-8.79107574291993e-06
16.45,0.01272877398878336,-7.4570998549461365e-06,1.002147996587155e-06,0.13405992090702057,0.1340426504611969,0.0006775687797926366,-3.226428452762775e-05
16.466666666666665,0.01274191029369831,-7.413094863295555e-06,8.228740000504331e-08,0.13419358432292938,0.13417737185955048,0.0006773942732252181,1.8964426999446005e-05
16.483333333333334,0.012755157425999641,-7.401162292808294e-06,7.541117383880191e-07,0.13432899117469788,0.13431204855442047,0.0006763928686268628,2.448592749715317e-05
16.5,0.012768218293786049,-7.395865395665169e-06,5.621132572741772e-07,0.1344624012708664,0.13444630801677704,0.0006734458729624748,8.027132025745232e-06
16.516666666666666,0.012781400233507156,-7.4417912401258945e-06,1.2201711570014595e-06,0.1345965564250946,0.13458028435707092,0.000672443478833884,4.5790096919517964e-05
16.53333333333333,0.012794453650712967,-7.434224244207144e-06,9.929239013217739e-07,0.1347304731607437,0.13471351563930511,0.0006702166865579784,5.824788604513742e-05
16.55,0.01280758436769247,-7.4426643550395966e-06,1.160106194220134e-06,0.13486450910568237,0.13484765589237213,0.0006716987118124962,8.626465387351345e-06
16.566666666666666,0.01282062754034996,-7.434107828885317e-06,3.7039416156403604e-07,0.1349967122077942,0.13498157262802124,0.0006731664179824293,-2.9636363251484e-05
16.583333333333332,0.01283377967774868,-7.390393875539303e-06,1.0507877732379711e-06,0.13513121008872986,0.13511566817760468,0.0006723150727339089,6.907335773576051e-05
16.6,0.012847144156694412,-7.388764061033726e-06,8.835639846438426e-07,0.1352669894695282,0.13525086641311646,0.000682621612213552,1.6500356650794856e-05
16.616666666666667,0.012860419228672981,-7.432303391396999e-06,7.321912107727258e-07,0.13540440797805786,0.13538695871829987,0.000688226311467588,-1.438223262084648e-05
16.633333333333333,0.01287390198558569,-7.381371688097715e-06,7.095952128111094e-07,0.13554099202156067,0.13552513718605042,0.0006942242034710944,1.7584077795618214e-05
16.65,0.012887339107692242,-7.433467544615269e-06,1.0918722637143219e-06,0.13567866384983063,0.1356625258922577,0.0006891005905345082,-9.357812587040826e-07
16.666666666666668,0.012900746427476406,-7.411697879433632e-06,5.57093926545349e-07,0.13581570982933044,0.13579848408699036,0.0006847111508250237,7.350706437136978e-05
16.683333333333334,0.012914239428937435,-7.340393494814634e-06,9.315385227637307e-07,0.13595333695411682,0.1359373927116394,0.0006938526057638228,-8.146180334733799e-07
16.7,0.01292784046381712,-7.372582331299782e-06,1.3239559848443605e-06,0.13609082996845245,0.13607701659202576,0.0006990609690546989,-7.655968511244282e-05
16.716666666666665,0.012941545806825161,-7.383816409856081e-06,1.0874430245166877e-06,0.13623084127902985,0.1362154632806778,0.000702502962667495,6.8845993155264296e-06
16.733333333333334,0.0129551962018013,-7.450173143297434e-06,1.1341481922499952e-06,0.13637112081050873,0.1363562047481537,0.0007033075671643019,-5.831486851093359e-05
16.75,0.012968718074262142,-7.431546691805124e-06,3.0792159577686107e-07,0.13650977611541748,0.13649383187294006,0.0006973667768761516,1.100370536732953e-05
16.766666666666666,0.012982271611690521,-7.459195330739021e-06,1.3634795550387935e-06,0.13664793968200684,0.13663215935230255,0.0006914266850799322,-1.073059411282884e-05
16.78333333333333,0.012995610944926739,-7.420720066875219e-06,1.5506844874835224e-07,0.13678419589996338,0.1367683708667755,0.0006881644367240369,-2.930793198174797e-05
16.8,0.013008941896259785,-7.434107828885317e-06,3.427970227676269e-07,0.13692006468772888,0.13690419495105743,0.0006856959080323577,3.710074452101253e-05
16.816666666666666,0.013022285886108875,-7.447844836860895e-06,1.6698419358363026e-06,0.13705606758594513,0.13704131543636322,0.0006817001267336309,-7.059983181534335e-05
16.833333333333332,0.01303546130657196,-7.398833986371756e-06,-8.08095208526538e-08,0.13719238340854645,0.13717538118362427,0.0006802472635172307,-2.8502161512733437e-05
16.85,0.013048761524260044,-7.443304639309645e-06,7.06621108292893e-07,0.13732749223709106,0.13731077313423157,0.0006810391787439585,-9.86206671882428e-08
16.866666666666667,0.013062186539173126,-7.466471288353205e-06,1.2817988590541063e-06,0.13746409118175507,0.1374480128288269,0.0006883707828819752,-2.2687972887069918e-05
16.883333333333333,0.013075548224151134,-7.451802957803011e-06,7.073553547343181e-07,0.1376020759344101,0.1375838965177536,0.0006878550630062819,2.7399117243476212e-05
16.9,0.013089044019579887,-7.4310810305178165e-06,1.0610458502924303e-06,0.1377379149198532,0.13772262632846832,0.0006933475960977376,-6.569157994817942e-05
16.916666666666668,0.013102537021040916,-7.463968358933926e-06,1.344229872302094e-06,0.1378764659166336,0.13785837590694427,0.0006884036120027304,9.756609506439418e-05
16.933333333333334,0.01311598252505064,-7.398659363389015e-06,9.373994771522121e-07,0.1380128413438797,0.1379970759153366,0.0006941783940419555,1.6195815533137647e-07
16.95,0.01312947180122137,-7.465016096830368e-06,1.555042103973392e-06,0.13815127313137054,0.13813447952270508,0.0006880307337269187,7.524750799348112e-06
16.966666666666665,0.013142743147909641,-7.361057214438915e-06,-4.169518419416818e-08,0.13828597962856293,0.13826988637447357,0.0006861077854409814,1.1742280548787676e-05
16.983333333333334,0.013156245462596416,-7.415539585053921e-06,1.241737209056737e-06,0.13842295110225677,0.13840793073177338,0.0006918826838955283,-8.368601993424818e-05
17.0,0.013169778510928154,-7.405236829072237e-06,1.0241963082080474e-06,0.13856293261051178,0.13854554295539856,0.0006917854188941419,4.7978621296351776e-05
17.016666666666666,0.013183144852519035,-7.393129635602236e-06,-1.894861298978867e-07,0.13869835436344147,0.13868188858032227,0.000690135289914906,1.095558673114283e-06
17.03333333333333,0.013196699321269989,-7.30674946680665e-06,6.907155238877749e-07,0.13883647322654724,0.13882075250148773,0.0006975500145927072,-1.6338726709363982e-05
17.05,0.013210360892117023,-7.39941606298089e-06,7.677613780288084e-07,0.13897547125816345,0.13896001875400543,0.0006999826873652637,-4.323676694184542e-05
17.066666666666666,0.013223995454609394,-7.391208782792091e-06,5.957403459433408e-07,0.1391150951385498,0.13909868896007538,0.000702578283380717,6.842157745268196e-06
17.083333333333332,0.013237607665359974,-7.494643796235323e-06,1.806119485081581e-06,0.1392536163330078,0.13923832774162292,0.0006955230492167175,-2.5057124730665237e-05
17.1,0.013250992633402348,-7.413444109261036e-06,-1.660143738035913e-07,0.13939155638217926,0.1393745243549347,0.0006913624238222837,1.164755940408213e-05
17.116666666666667,0.013264457695186138,-7.4589625000953674e-06,1.4025764585312572e-06,0.13952843844890594,0.13951104879379272,0.0006867765332572162,8.967870235210285e-05
17.133333333333333,0.013277917169034481,-7.482478395104408e-06,1.2948590892847278e-06,0.13966429233551025,0.1396494209766388,0.0006873941165395081,-2.799447247525677e-05
17.15,0.013291151262819767,-7.372407708317041e-06,-4.951603926883763e-08,0.13979990780353546,0.13978448510169983,0.0006856456166133285,-9.843016414379235e-06
17.166666666666668,0.013304495252668858,-7.506867405027151e-06,1.1735535281331977e-06,0.1399381011724472,0.13991935551166534,0.0006824136362411082,4.344213812146336e-05
17.183333333333334,0.013317725621163845,-7.4051786214113235e-06,-2.6609194847537765e-08,0.14007164537906647,0.14005587995052338,0.0006819870322942734,-7.366617865045555e-06
17.2,0.013330909423530102,-7.426133379340172e-06,1.0025631809185143e-06,0.14020583033561707,0.1401902586221695,0.0006774804787710309,2.1776075300294906e-05
17.216666666666665,0.013344145379960537,-7.444294169545174e-06,1.4665905609945185e-06,0.14034193754196167,0.1403246968984604,0.000676497642416507,1.832558336900547e-05
17.233333333333334,0.013357275165617466,-7.3784030973911285e-06,-2.3192764331270155e-07,0.14047595858573914,0.14045867323875427,0.000677612260915339,4.468016777536832e-05
17.25,0.013370536267757416,-7.527822162955999e-06,1.928991196109564e-06,0.14061041176319122,0.14059478044509888,0.0006757922237738967,-4.8761234211269766e-05
17.266666666666666,0.01338365487754345,-7.411581464111805e-06,-2.41658483446372e-07,0.14074474573135376,0.14072759449481964,0.0006772080669179559,3.8978727388894185e-05
17.28333333333333,0.01339690200984478,-7.489754352718592e-06,1.432615476915089e-06,0.14088034629821777,0.1408628523349762,0.0006760521209798753,7.615639333380386e-05
17.3,0.013410048559308052,-7.350521627813578e-06,-3.991787025370286e-07,0.1410141885280609,0.14099766314029694,0.0006777720991522074,-9.204036359733436e-06
17.316666666666666,0.013423416763544083,-7.392663974314928e-06,8.773723720878479e-07,0.14115019142627716,0.14113329350948334,0.000685879320371896,-1.974908445845358e-05
17.333333333333332,0.013436871580779552,-7.357564754784107e-06,5.238750873104436e-07,0.1412879228591919,0.14127101004123688,0.0006941163446754217,2.520438101782929e-05
17.35,0.013450484722852707,-7.297552656382322e-06,3.037646365555702e-07,0.14142698049545288,0.14140962064266205,0.0007004207000136375,1.8131962860934436e-05
17.366666666666667,0.01346421055495739,-7.391325198113918e-06,9.744881026563235e-07,0.14156557619571686,0.14155037701129913,0.0007058769697323442,-2.474142274877522e-05
17.383333333333333,0.013477998785674572,-7.389637175947428e-06,1.1528384220582666e-06,0.14170600473880768,0.14169080555438995,0.0007090680301189423,-1.4690381249238271e-05
17.4,0.013491842895746231,-7.408671081066132e-06,8.327250498041394e-07,0.1418483704328537,0.14183147251605988,0.0007111432496458292,-3.725119540831656e-06
17.416666666666668,0.013505685143172741,-7.508380804210901e-06,5.742300572819659e-07,0.1419895887374878,0.14197246730327606,0.000707110040821135,1.667554533923976e-05
17.433333333333334,0.013519267551600933,-7.401395123451948e-06,-3.206485814644111e-07,0.14212849736213684,0.14211104810237885,0.000700511853210628,1.3953619600215461e-05
17.45,0.013532862067222595,-7.319904398173094e-06,8.987283308670158e-07,0.14226588606834412,0.14225046336650848,0.00070108228828758,-4.978655124432407e-05
17.466666666666665,0.013546559028327465,-7.371767424046993e-06,3.935965366963501e-07,0.14240725338459015,0.14238987863063812,0.0007048511761240661,3.415173978282837e-06
17.483333333333334,0.013560323975980282,-7.344118785113096e-06,4.643641204893356e-07,0.1425478607416153,0.14253054559230804,0.0007086688419803977,8.60301406646613e-06
17.5,0.013574128970503807,-7.418799214065075e-06,1.1166592912559281e-06,0.14268754422664642,0.1426720768213272,0.0007125395350158215,-6.606224815186579e-06
17.516666666666666,0.013588004745543003,-7.321941666305065e-06,7.025648187664046e-07,0.1428297907114029,0.1428142786026001,0.0007131551974453032,-3.151159035041928e-05
17.53333333333333,0.013601910322904587,-7.365713827311993e-06,6.901049118823721e-07,0.1429711878299713,0.14295467734336853,0.0007152472389861941,2.418493568256963e-05
17.55,0.013615855015814304,-7.361173629760742e-06,9.617261866878835e-07,0.14311307668685913,0.1430976837873459,0.0007166009745560586,-2.1647667381330393e-05
17.566666666666666,0.013629773631691933,-7.3640840128064156e-06,1.0445868383612833e-06,0.1432550996541977,0.14324012398719788,0.0007167740841396153,-2.25651529035531e-05
17.583333333333332,0.013643688522279263,-7.443421054631472e-06,9.983197060137172e-07,0.14339715242385864,0.1433822065591812,0.0007149411831051111,-4.803849515155889e-05
17.6,0.01365738082677126,-7.3927221819758415e-06,-2.4240851104195826e-08,0.14353720843791962,0.14352156221866608,0.0007067203405313194,-2.9309032470337115e-05
17.616666666666667,0.01367094088345766,-7.429916877299547e-06,5.830464147038583e-07,0.14367687702178955,0.14365892112255096,0.000695624912623316,0.0001026849786285311
17.633333333333333,0.013684493489563465,-7.483467925339937e-06,1.5548288274658262e-06,0.1438141167163849,0.14379705488681793,0.0006916329148225486,9.424881864106283e-05
17.65,0.013697839342057705,-7.3747942224144936e-06,-2.79939740721602e-07,0.14395008981227875,0.14393392205238342,0.0006899061845615506,4.153725240030326e-05
17.666666666666668,0.013711418025195599,-7.3480186983942986e-06,8.361312779925356e-07,0.14408859610557556,0.14407174289226532,0.0006958668236620724,3.052319516427815e-05
17.683333333333334,0.013725035823881626,-7.355294656008482e-06,1.0178574711972033e-06,0.14422722160816193,0.14421142637729645,0.0007024244405329227,-2.4865589693945367e-06
17.7,0.013738634996116161,-7.465831004083157e-06,1.3472689488480682e-06,0.14436739683151245,0.1443495750427246,0.0006947326473891735,5.7636076235212386e-05
17.716666666666665,0.013752162456512451,-7.479160558432341e-06,5.112207759339071e-07,0.1445060819387436,0.14448879659175873,0.000695091555826366,7.088490383466706e-05
17.733333333333334,0.013765702024102211,-7.479684427380562e-06,1.8090180446961313e-06,0.14464300870895386,0.1446271687746048,0.0006909912335686386,2.9322620775928954e-06
17.75,0.013779031112790108,-7.416936568915844e-06,-2.6448668677403475e-07,0.14477936923503876,0.14476241171360016,0.0006882912712171674,4.0206923586083576e-05
17.766666666666666,0.013792488723993301,-7.557333447039127e-06,1.9467988749966025e-06,0.14491614699363708,0.1448999047279358,0.0006852989899925888,2.1270184333843645e-06
17.78333333333333,0.013805737718939781,-7.374328561127186e-06,-3.2262403237837134e-07,0.14505143463611603,0.1450345665216446,0.0006837897235527635,6.57032142044045e-05
17.8,0.013819200918078423,-7.377122528851032e-06,9.208205824506877e-07,0.1451883167028427,0.1451728641986847,0.0006914022378623486,-1.6259582480415702e-06
17.816666666666666,0.01383279263973236,-7.40494579076767e-06,8.557847763768223e-07,0.14532749354839325,0.1453106850385666,0.0006985322688706219,-1.5542360642939457e-06
17.833333333333332,0.013846440240740776,-7.369730155915022e-06,4.2148329271185503e-07,0.14546655118465424,0.14544956386089325,0.0007020730408839881,1.606555815669708e-05
17.85,0.013860121369361877,-7.306342013180256e-06,6.12726068993652e-07,0.1456063687801361,0.1455904245376587,0.0007067529368214309,-1.570802487549372e-05
17.866666666666667,0.013873923569917679,-7.348367944359779e-06,7.928534841994406e-07,0.14574694633483887,0.14573149383068085,0.0007098703063093126,-3.5888588172383606e-05
17.883333333333333,0.013887789100408554,-7.382594048976898e-06,8.501255024384591e-07,0.1458880603313446,0.14587274193763733,0.0007119543734006584,-4.738466668641195e-05
17.9,0.013901632279157639,-7.35861249268055e-06,9.773386864253553e-07,0.1460295021533966,0.14601361751556396,0.0007144509581848979,-2.0806026441277936e-05
17.916666666666668,0.01391555741429329,-7.440219633281231e-06,8.765945267441566e-07,0.14617213606834412,0.14615435898303986,0.0007136659696698189,5.1303268264746293e-05
17.933333333333334,0.013929231092333794,-7.4239796958863735e-06,7.597627700306475e-07,0.1463119089603424,0.14629459381103516,0.0007014059810899198,7.393765554297715e-05
17.95,0.013942857272922993,-7.423863280564547e-06,7.326571562771278e-07,0.14645123481750488,0.14643380045890808,0.0006994720897637308,2.69182855845429e-05
17.966666666666665,0.013956439681351185,-7.453258149325848e-06,1.4639806522609433e-06,0.14658933877944946,0.1465723067522049,0.0006930824602022767,4.881716085947119e-05
17.983333333333334,0.013969826512038708,-7.368915248662233e-06,-7.142199365262059e-08,0.14672528207302094,0.1467098891735077,0.0006907479837536812,-2.443646008032374e-05
18.0,0.013983259908854961,-7.508555427193642e-06,1.4925753930583596e-06,0.14686325192451477,0.14684534072875977,0.0006854855455458164,0.00010641611879691482
18.016666666666666,0.013996531255543232,-7.371359970420599e-06,-6.649906936218031e-07,0.14699935913085938,0.14698109030723572,0.0006856967811472714,1.8280119547853246e-05
18.03333333333333,0.014009920880198479,-7.511815056204796e-06,1.7435120298614493e-06,0.14713431894779205,0.1471187174320221,0.0006829725462011993,4.585897477227263e-05
18.05,0.014023121446371078,-7.342954631894827e-06,-3.782835449328559e-07,0.147270068526268,0.1472538709640503,0.0006826259777881205,-5.803096883028047e-06
18.066666666666666,0.014036450535058975,-7.476541213691235e-06,1.448548459848098e-06,0.14740623533725739,0.1473894566297531,0.0006798972608521581,9.148403478320688e-06
18.083333333333332,0.014049641788005829,-7.3614646680653095e-06,-1.4807586978804466e-07,0.14754007756710052,0.14752446115016937,0.0006798840477131307,3.185262187344051e-07
18.1,0.01406298391520977,-7.374852430075407e-06,6.258393341340707e-07,0.14767609536647797,0.1476607322692871,0.0006881356239318848,1.8349755919189192e-05
18.116666666666667,0.014076374471187592,-7.5446441769599915e-06,1.765456090652151e-06,0.14781318604946136,0.14779716730117798,0.0006837598048150539,-5.913478889851831e-05
18.133333333333333,0.014089617878198624,-7.401744369417429e-06,-2.5487065613560844e-07,0.14794889092445374,0.14793239533901215,0.0006827270262874663,-3.140528133371845e-05
18.15,0.014103079214692116,-7.346738129854202e-06,9.052558880284778e-07,0.1480853408575058,0.14806854724884033,0.0006896934355609119,5.647404759656638e-05
18.166666666666668,0.014116614125669003,-7.4044219218194485e-06,8.851798156683799e-07,0.14822351932525635,0.14820706844329834,0.0006977046723477542,1.7649315850576386e-05
18.183333333333334,0.014130258932709694,-7.396971341222525e-06,1.4750954733244726e-06,0.1483621746301651,0.14834752678871155,0.0007028100662864745,-7.695489330217242e-05
18.2,0.014143852517008781,-7.5320713222026825e-06,2.0091672467970056e-06,0.14850081503391266,0.14848610758781433,0.0006932803662493825,-8.901073306333274e-05
18.216666666666665,0.014157209545373917,-7.391499821096659e-06,-2.7871126917489164e-07,0.1486382931470871,0.14862218499183655,0.0006907065981067717,-3.353172360220924e-05
18.233333333333334,0.014170668087899685,-7.490278221666813e-06,1.7514438468424487e-06,0.1487748622894287,0.14875933527946472,0.0006862373556941748,5.227402084528876e-07
18.25,0.014183945022523403,-7.455702871084213e-06,-7.661801504355026e-08,0.1489107608795166,0.14889445900917053,0.0006848740158602595,2.957310243800748e-06
18.266666666666666,0.014197343029081821,-7.446447852998972e-06,2.7353343057257007e-07,0.14904744923114777,0.14902988076210022,0.0006886568735353649,0.00010167408618144691
18.28333333333333,0.014210791327059269,-7.482711225748062e-06,7.620555493303982e-07,0.14918559789657593,0.14916792511940002,0.0006895396509207785,2.9605800591525622e-05
18.3,0.014224199578166008,-7.414433639496565e-06,7.260146617227292e-07,0.1493217796087265,0.149305522441864,0.0006893289391882718,3.874221147270873e-05
18.316666666666666,0.014237746596336365,-7.3462724685668945e-06,8.754195164328848e-07,0.14945924282073975,0.14944332838058472,0.0006953570409677923,6.61025251247338e-06
18.333333333333332,0.014251362532377243,-7.382244803011417e-06,9.65947833719838e-07,0.14959891140460968,0.14958177506923676,0.000701205397490412,3.879337236867286e-05
18.35,0.014264947734773159,-7.491791620850563e-06,1.2317299251662917e-06,0.14973801374435425,0.14972040057182312,0.0006946582579985261,6.034707621438429e-05
18.366666666666667,0.014278353191912174,-7.4006966315209866e-06,-3.1058306149134296e-07,0.149875208735466,0.14985808730125427,0.0006915628327988088,-2.3563609374832595e-06
18.383333333333333,0.014291792176663876,-7.463793735951185e-06,1.2629341199499322e-06,0.15001222491264343,0.14999417960643768,0.0006871478981338441,0.00011636917770374566
18.4,0.014305215328931808,-7.4427807703614235e-06,9.041542625709553e-07,0.1501474529504776,0.15013249218463898,0.0006879748543724418,-1.3311727343534585e-05
18.416666666666668,0.01431850902736187,-7.454771548509598e-06,-8.687943164886747e-08,0.15028434991836548,0.1502678543329239,0.0006854507955722511,-3.1888972443994135e-05
18.433333333333334,0.014331784099340439,-7.455877494066954e-06,9.362156561110169e-07,0.15041981637477875,0.1504022628068924,0.0006796311354264617,7.969783473527059e-05
18.45,0.014344969764351845,-7.420952897518873e-06,3.8656406786685693e-07,0.15055520832538605,0.15053611993789673,0.0006760073592886329,0.00012280503869988024
18.466666666666665,0.014358364045619965,-7.3668197728693485e-06,8.710159704605758e-07,0.15069012343883514,0.15067385137081146,0.0006885677576065063,2.3608963317656162e-07
18.483333333333334,0.014371860772371292,-7.356342393904924e-06,7.154926606744993e-07,0.1508287638425827,0.1508120894432068,0.0006956632132641971,2.1092049792059697e-05
18.5,0.014385507442057133,-7.3588453233242035e-06,1.1525081617946853e-06,0.15096710622310638,0.15095245838165283,0.0007010640692897141,-6.589470285689458e-05
18.516666666666666,0.014399095438420773,-7.447670213878155e-06,1.536096874588111e-06,0.1511063426733017,0.1510898768901825,0.0006945823552086949,3.0770838748139795e-06
18.53333333333333,0.014412499032914639,-7.40645918995142e-06,2.8612170410724502e-08,0.15124259889125824,0.1512271612882614,0.0006910365773364902,9.24217874853639e-06
18.55,0.014425856061279774,-7.431255653500557e-06,1.0706261264203931e-06,0.15137985348701477,0.1513618677854538,0.0006839383859187365,9.721594688016921e-05
18.566666666666666,0.014439108781516552,-7.387134246528149e-06,-1.474450073146727e-07,0.15151508152484894,0.15149909257888794,0.0006838269182480872,-9.703848263598047e-06
18.583333333333332,0.014452439732849598,-7.524155080318451e-06,1.102432179322932e-06,0.15165187418460846,0.15163308382034302,0.0006811114144511521,9.014369425131008e-05
18.6,0.014465670101344585,-7.4044219218194485e-06,-5.181245796848089e-07,0.15178672969341278,0.15176846086978912,0.0006823459989391267,2.7350020900485106e-05
18.616666666666667,0.014478959143161774,-7.498310878872871e-06,1.527491463093611e-06,0.15192173421382904,0.15190504491329193,0.0006795509834773839,7.268826448125765e-05
18.633333333333333,0.014492170885205269,-7.3649571277201176e-06,-7.170830684799512e-08,0.15205621719360352,0.15204043686389923,0.0006804658332839608,-1.142939981946256e-05
18.65,0.014505449682474136,-7.4553536251187325e-06,1.374092335026944e-06,0.152192160487175,0.15217497944831848,0.0006783943390473723,8.909772441256791e-05
18.666666666666668,0.014518562704324722,-7.389055099338293e-06,3.336099894113431e-07,0.15232670307159424,0.152308851480484,0.0006758393719792366,-5.238424819253851e-06
18.683333333333334,0.014531834982335567,-7.543014362454414e-06,1.6612178797004162e-06,0.15246103703975677,0.15244430303573608,0.0006754164351150393,4.4340515160001814e-05
18.7,0.014544962905347347,-7.446040399372578e-06,-1.5744146253382496e-07,0.1525953710079193,0.1525779366493225,0.0006765081780031323,2.923506690422073e-05
18.716666666666665,0.01455832738429308,-7.373571861535311e-06,6.22726929577766e-07,0.15273095667362213,0.15271411836147308,0.0006853681989014149,1.365782372886315e-05
18.733333333333334,0.014571776613593102,-7.4229901656508446e-06,7.019879717518052e-07,0.15286920964717865,0.15285149216651917,0.0006937607540749013,1.8579894458525814e-05
18.75,0.014585360884666443,-7.354188710451126e-06,4.817053991246212e-07,0.15300866961479187,0.15299062430858612,0.0006998286116868258,1.3335179573914502e-05
18.766666666666666,0.014599093236029148,-7.419846951961517e-06,8.971006195679365e-07,0.15314792096614838,0.15313029289245605,0.000705558923073113,1.399953634972917e-05
18.78333333333333,0.014612872153520584,-7.376947905868292e-06,1.0546939392952481e-06,0.15328769385814667,0.15327173471450806,0.000709424028173089,2.7144629711983725e-05
18.8,0.014626636169850826,-7.46455043554306e-06,2.906814700054383e-07,0.15343011915683746,0.153412327170372,0.0007057645125314593,5.159411011845805e-05
18.816666666666666,0.014640280045568943,-7.484224624931812e-06,1.1755894320231164e-06,0.15356731414794922,0.15355052053928375,0.0006956400466151536,2.1109624867676757e-05
18.833333333333332,0.014653689227998257,-7.389055099338293e-06,-9.225424690839645e-08,0.15370424091815948,0.1536882221698761,0.0006916444399394095,-2.9393197110039182e-05
18.85,0.014667021110653877,-7.443071808665991e-06,-1.5321127477818663e-07,0.15384100377559662,0.1538235992193222,0.0006886987830512226,4.053250086144544e-05
18.866666666666667,0.014680566266179085,-7.3229894042015076e-06,3.7173953160163364e-07,0.15397842228412628,0.15396149456501007,0.0006947947549633682,0.00011707255180226639
18.883333333333333,0.014694255776703358,-7.397262379527092e-06,7.579819225611573e-07,0.15411894023418427,0.15410178899765015,0.0007017716998234391,-9.401162060385104e-06
18.9,0.014707961119711399,-7.386261131614447e-06,1.1304696272418369e-06,0.15425750613212585,0.15424129366874695,0.0007070227875374258,-1.8464032109477557e-05
18.916666666666668,0.014721752144396305,-7.411872502416372e-06,1.1843191032312461e-06,0.15439926087856293,0.15438227355480194,0.0007096157060004771,-4.473783519642893e-06
18.933333333333334,0.014735445380210876,-7.4919662438333035e-06,9.60203124122927e-07,0.15453878045082092,0.15452294051647186,0.0007034952868707478,-5.306076218403177e-06
18.95,0.01474895142018795,-7.409020327031612e-06,-7.510531219168115e-08,0.15467721223831177,0.15466101467609406,0.0006973887211643159,-2.4734692487982102e-05
18.966666666666665,0.01476247888058424,-7.417285814881325e-06,1.292113438466913e-06,0.15481482446193695,0.15479794144630432,0.000691332621499896,8.797932969173416e-05
18.983333333333334,0.014775953255593777,-7.493654265999794e-06,1.7120729580710758e-06,0.15495210886001587,0.1549360603094101,0.0006878808490000665,-1.0731193469837308e-05
19.0,0.01478926558047533,-7.387716323137283e-06,-1.9241889503973653e-07,0.15508775413036346,0.1550711840391159,0.0006857578991912305,3.761821426451206e-05
19.016666666666666,0.014802592806518078,-7.503083907067776e-06,1.3402851664068294e-06,0.1552247703075409,0.15520747005939484,0.0006831515347585082,-1.3207466508902144e-05
19.03333333333333,0.01481583621352911,-7.412454579025507e-06,-4.820627736989991e-07,0.15536029636859894,0.1553417295217514,0.0006818403489887714,3.430429569561966e-05
19.05,0.014829170890152454,-7.279100827872753e-06,4.923447818327986e-07,0.15549466013908386,0.15547801554203033,0.0006868166965432465,3.9564587495988235e-05
19.066666666666666,0.01484273374080658,-7.4401614256203175e-06,1.1479496606625617e-06,0.1556328535079956,0.155617356300354,0.0006952921394258738,-2.1578485757345334e-05
19.083333333333332,0.0148561866953969,-7.37456139177084e-06,2.1924492443758936e-07,0.15577226877212524,0.1557544469833374,0.0006975511787459254,1.084327232092619e-05
19.1,0.014869950711727142,-7.370952516794205e-06,1.1789604741352377e-06,0.15591107308864594,0.15589532256126404,0.0007027988322079182,-7.395052307401784e-06
19.116666666666667,0.014883569441735744,-7.378635928034782e-06,-1.2324200326929713e-08,0.15604989230632782,0.15603363513946533,0.0007030813139863312,-2.5487446691840887e-05
19.133333333333333,0.014897145330905914,-7.430673576891422e-06,8.788706509221811e-07,0.15618948638439178,0.15617282688617706,0.0006995845469646156,-1.4589576267098892e-06
19.15,0.014910710975527763,-7.5536081567406654e-06,1.470048118790146e-06,0.15632843971252441,0.1563105434179306,0.000693128036800772,1.3465964002534747e-05
19.166666666666668,0.014924079179763794,-7.411872502416372e-06,1.0102051106741783e-07,0.15646374225616455,0.15644845366477966,0.0006900805747136474,-2.91968335659476e-05
19.183333333333334,0.014937483705580235,-7.439637556672096e-06,1.1214580126761575e-06,0.15660123527050018,0.15658357739448547,0.0006854733219370246,7.516337791457772e-05
19.2,0.014950801618397236,-7.406692020595074e-06,6.808116381762375e-07,0.1567372828722,0.15671950578689575,0.0006804363802075386,5.118967965245247e-05
19.216666666666665,0.014964203350245953,-7.417518645524979e-06,1.0170650739382836e-06,0.15687264502048492,0.15685603022575378,0.0006891837692819536,-8.303354661620688e-06
19.233333333333334,0.01497756876051426,-7.454713340848684e-06,4.470239218790084e-07,0.15701135993003845,0.15699270367622375,0.0006887970957905054,3.7525907828239724e-05
19.25,0.014991039410233498,-7.477938197553158e-06,1.4248777233660803e-06,0.15714721381664276,0.15712997317314148,0.0006854640669189394,7.742786692688242e-05
19.266666666666666,0.015004320070147514,-7.403374183923006e-06,-1.518648531373401e-07,0.15728330612182617,0.15726692974567413,0.000684776168782264,-1.4264071069192141e-05
19.28333333333333,0.015017641708254814,-7.453258149325848e-06,1.3052604117547162e-06,0.15741927921772003,0.15740205347537994,0.0006817107205279171,4.4611209887079895e-05
19.3,0.01503087766468525,-7.42962583899498e-06,-5.8358242682743366e-08,0.15755359828472137,0.15753741562366486,0.0006819207919761539,1.080749643733725e-05
19.316666666666666,0.015044262632727623,-7.356400601565838e-06,8.02802276211878e-07,0.15769067406654358,0.15767449140548706,0.0006891894154250622,1.58692473632982e-05
19.333333333333332,0.015057810582220554,-7.413153070956469e-06,9.613153224563575e-07,0.1578291952610016,0.15781204402446747,0.0006973100244067609,-1.4866232959320769e-05
19.35,0.015071508474647999,-7.396272849291563e-06,7.422557928293827e-07,0.15796853601932526,0.15795060992240906,0.0007007518433965743,8.580174471717328e-05
19.366666666666667,0.01508505642414093,-7.460650522261858e-06,4.86284250200697e-07,0.15810835361480713,0.15809005498886108,0.000699170574080199,-6.089706857892452e-06
19.383333333333333,0.015098659321665764,-7.414841093122959e-06,1.2780001270584762e-06,0.15824463963508606,0.1582295298576355,0.00069241359597072,3.228188506909646e-05
19.4,0.015112271532416344,-7.465539965778589e-06,1.2763015320160775e-06,0.15838447213172913,0.15836775302886963,0.0006996634765528142,1.8709113646764308e-05
19.416666666666668,0.015125738456845284,-7.401104085147381e-06,-2.2725278370216984e-07,0.1585223525762558,0.15850576758384705,0.0006946600624360144,3.756839760171715e-06
19.433333333333334,0.015139281749725342,-7.382768671959639e-06,7.775898325235175e-07,0.15866030752658844,0.15864267945289612,0.0006959385937079787,2.9514258130802773e-05
19.45,0.015152920968830585,-7.396505679935217e-06,7.519718110415852e-07,0.15879982709884644,0.15878206491470337,0.0007021899218671024,4.525825715973042e-05
19.466666666666665,0.015166628174483776,-7.3810224421322346e-06,9.348444791612565e-07,0.15893937647342682,0.1589229255914688,0.0007069402490742505,-2.1635991288349032e-05
19.483333333333334,0.015180423855781555,-7.361115422099829e-06,1.0235149829895818e-06,0.1590796858072281,0.15906454622745514,0.0007094356697052717,-5.02528746437747e-05
19.5,0.01519402489066124,-7.4115232564508915e-06,7.647307711522444e-07,0.15921945869922638,0.1592019945383072,0.0006976384902372956,0.00010422094055684283
19.516666666666666,0.015207549557089806,-7.492140866816044e-06,1.6293558928737184e-06,0.1593571901321411,0.1593410074710846,0.0006936045829206705,7.829622518329415e-06
19.53333333333333,0.01522095873951912,-7.404363714158535e-06,-2.460313339724962e-07,0.15949441492557526,0.15947706997394562,0.0006896625272929668,8.694370626471937e-05
19.55,0.015234412625432014,-7.450464181602001e-06,1.2783935972038307e-06,0.15963152050971985,0.15961460769176483,0.0006865363684482872,1.8839169570128433e-05
19.566666666666666,0.015247644856572151,-7.403374183923006e-06,-9.591629712701888e-09,0.15976636111736298,0.1597505658864975,0.000685451552271843,-3.8576081351493485e-06
19.583333333333332,0.015261025168001652,-7.527763955295086e-06,1.7373561149724992e-06,0.15990276634693146,0.15988722443580627,0.0006799903931096196,-0.00012326672731433064
19.6,0.015274249948561192,-7.391790859401226e-06,-1.2212595379423874e-07,0.16003774106502533,0.1600211262702942,0.0006808474427089095,9.573662282491568e-06
19.616666666666667,0.01528745237737894,-7.463153451681137e-06,1.0648743682395434e-06,0.16017231345176697,0.16015556454658508,0.0006759388488717377,8.544186130166054e-05
19.633333333333333,0.0153006287291646,-7.483118679374456e-06,1.0990150940415333e-06,0.16030776500701904,0.16029128432273865,0.0006791278719902039,2.9739903766312636e-06
19.65,0.015313726849853992,-7.336377166211605e-06,5.116019110573689e-07,0.16044047474861145,0.16042567789554596,0.0006741026300005615,-2.9571318009402603e-05
19.666666666666668,0.015326960943639278,-7.485272362828255e-06,1.5819709915376734e-06,0.16057546436786652,0.16055928170681,0.0006737953517585993,1.310096286033513e-05
19.683333333333334,0.015340070240199566,-7.387890946120024e-06,-6.307814715000859e-08,0.1607094258069992,0.1606934666633606,0.0006750131724402308,2.5756862669368275e-05
19.7,0.015353363007307053,-7.343944162130356e-06,6.905574991833419e-07,0.1608443260192871,0.16082927584648132,0.0006838358822278678,-1.801238613552414e-05
19.716666666666665,0.015366819687187672,-7.4106501415371895e-06,5.829327278661367e-07,0.16098375618457794,0.16096535325050354,0.0006918457220308483,3.9030466723488644e-05
19.733333333333334,0.015380327589809895,-7.4660638347268105e-06,6.680231194877706e-07,0.16112105548381805,0.16110491752624512,0.0006925598136149347,3.72129725292325e-05
19.75,0.015393850393593311,-7.486843969672918e-06,1.5035792557682726e-06,0.16125841438770294,0.16124208271503448,0.0006885300390422344,9.422127732250374e-06
19.766666666666666,0.015407129190862179,-7.382186595350504e-06,-1.0836842534445168e-07,0.16139402985572815,0.16137808561325073,0.0006867219344712794,-4.0903269109549e-06
19.78333333333333,0.015420503914356232,-7.435912266373634e-06,1.570909716974711e-06,0.16152963042259216,0.16151486337184906,0.0006835568347014487,-2.4396817025262862e-05
19.8,0.015433743596076965,-7.459428161382675e-06,-3.4085996958310716e-07,0.16166679561138153,0.16164879500865936,0.0006821108981966972,1.754091863404028e-05
19.816666666666666,0.015447010286152363,-7.466529496014118e-06,9.954712822946021e-07,0.1618019938468933,0.16178478300571442,0.0006796533707529306,5.788118141936138e-05
19.833333333333332,0.015460296534001827,-7.4499985203146935e-06,1.6976584902295144e-06,0.1619361937046051,0.16192108392715454,0.000678638054523617,-3.1047242373460904e-05
19.85,0.015473428182303905,-7.33864726498723e-06,1.2309578778513242e-07,0.1620701402425766,0.16205619275569916,0.0006780923577025533,-5.771117503172718e-05
19.866666666666667,0.015486793592572212,-7.405877113342285e-06,1.1766168199756066e-06,0.1622055470943451,0.16219213604927063,0.0006833653897047043,-0.00014868468861095607
19.883333333333333,0.015500056557357311,-7.430149707943201e-06,1.2584028752371523e-07,0.16234222054481506,0.16232651472091675,0.0006831857026554644,1.1583026207517833e-05
19.9,0.015513493679463863,-7.315771654248238e-06,4.643406157356367e-07,0.16247916221618652,0.16246266663074493,0.000690491811838001,3.2772597478469834e-05
19.916666666666668,0.015527095645666122,-7.411930710077286e-06,7.698668582634127e-07,0.1626180112361908,0.16260094940662384,0.0006981556653045118,1.5937783246045e-05
19.933333333333334,0.01554066687822342,-7.329392246901989e-06,7.503757046833925e-07,0.16275763511657715,0.16274116933345795,0.0007030409760773182,-7.668170837860089e-06
19.95,0.015554475598037243,-7.426308002322912e-06,1.039049720930052e-06,0.16289816796779633,0.16288115084171295,0.0007068318664096296,3.3753865864127874e-05
19.966666666666665,0.015568124130368233,-7.455470040440559e-06,8.538318638784403e-07,0.1630372852087021,0.16302122175693512,0.0007022646605037153,1.9106468243990093e-05
19.983333333333334,0.015581810846924782,-7.343594916164875e-06,5.148067430127412e-07,0.1631767302751541,0.1631608009338379,0.0007052933797240257,7.4247286647732835e-06
20.0,0.015595479868352413,-7.492897566407919e-06,1.776201884240436e-06,0.16331584751605988,0.16330014169216156,0.000697283074259758,1.6884892829693854e-05
20.016666666666666,0.015608913265168667,-7.38329254090786e-06,-3.48332804378515e-07,0.16345404088497162,0.16343696415424347,0.0006926052155904472,-3.0046445317566395e-05
20.03333333333333,0.015622256323695183,-7.432769052684307e-06,-1.2081687827958376e-07,0.16359007358551025,0.16357389092445374,0.0006890258518978953,-3.1254163332050666e-05
20.05,0.015635792165994644,-7.362803444266319e-06,4.822758228328894e-07,0.16372767090797424,0.16371074318885803,0.0006947680376470089,3.107954762526788e-05
20.066666666666666,0.015649423003196716,-7.384340278804302e-06,8.315877835229912e-07,0.16386742889881134,0.16385018825531006,0.0007006129599176347,2.3941232939250767e-05
20.083333333333332,0.015663105994462967,-7.325084879994392e-06,6.157194434308622e-07,0.16400691866874695,0.1639900654554367,0.0007055975729599595,1.359324869554257e-06
20.1,0.015676934272050858,-7.405062206089497e-06,1.61203172410751e-06,0.16414572298526764,0.1641325056552887,0.0007076488109305501,-9.41648322623223e-05
20.116666666666667,0.01569058932363987,-7.364433258771896e-06,7.718741699136444e-07,0.1642874926328659,0.16427209973335266,0.0007072006119415164,-1.2937581232108641e-05
20.133333333333333,0.015704292804002762,-7.465772796422243e-06,1.5191983493423322e-06,0.16442717611789703,0.16441093385219574,0.0006986142252571881,3.068480145884678e-05
20.15,0.01571773551404476,-7.387425284832716e-06,-2.2182273085036286e-07,0.16456474363803864,0.16454802453517914,0.0006947122165001929,1.4716176337969955e-05
20.166666666666668,0.01573123037815094,-7.4249692261219025e-06,1.3533855280911666e-06,0.16470220685005188,0.16468654572963715,0.0006893111276440322,-2.704262897168519e-06
20.183333333333334,0.015744579955935478,-7.380091119557619e-06,2.0898960784165865e-08,0.1648380309343338,0.16482174396514893,0.0006873422535136342,5.029210660723038e-05
20.2,0.015758078545331955,-7.3356786742806435e-06,4.326373357343982e-07,0.16497617959976196,0.16495923697948456,0.0006937521975487471,3.531274705892429e-05
20.216666666666665,0.015771707519888878,-7.356284186244011e-06,7.838519877623185e-07,0.16511526703834534,0.16509874165058136,0.0007003028295002878,8.742538739170413e-06
20.233333333333334,0.01578538864850998,-7.358321454375982e-06,6.6622732219912e-07,0.1652553230524063,0.1652384251356125,0.0007049942505545914,1.3692922038899269e-05
20.25,0.015799200162291527,-7.4660638347268105e-06,1.0967512480419828e-06,0.16539615392684937,0.1653793603181839,0.0007090209401212633,9.202984983858187e-06
20.266666666666666,0.015812888741493225,-7.469614502042532e-06,6.731182793373591e-07,0.16553734242916107,0.1655191332101822,0.0007028589607216418,3.884836769429967e-05
20.28333333333333,0.015826530754566193,-7.452326826751232e-06,8.595593499194365e-07,0.16567601263523102,0.1656581163406372,0.0006962601910345256,8.576657273806632e-05
20.3,0.01584014669060707,-7.392896804958582e-06,6.996464776420908e-07,0.16581368446350098,0.16579817235469818,0.0007008021930232644,-3.760425533982925e-05
20.316666666666666,0.015853777527809143,-7.3756673373281956e-06,6.10897359365481e-07,0.1659528911113739,0.1659373641014099,0.0007031479035504162,-1.8444870875100605e-05
20.333333333333332,0.0158674418926239,-7.402326446026564e-06,4.397227257868508e-07,0.16609366238117218,0.166077122092247,0.000700968608725816,2.389620590292907e-07
20.35,0.01588098332285881,-7.488531991839409e-06,9.942619954017573e-07,0.16623161733150482,0.16621358692646027,0.0006908327341079712,0.00012589948892127723
20.366666666666667,0.01589437574148178,-7.405353244394064e-06,1.0079762660097913e-06,0.16636893153190613,0.16635148227214813,0.000687525374814868,4.304338290239684e-05
20.383333333333333,0.01590774394571781,-7.455179002135992e-06,9.111533927352866e-07,0.16650532186031342,0.16648809611797333,0.0006850598147138953,-7.0994756242726e-06
20.4,0.015921082347631454,-7.452385034412146e-06,1.1934853318962269e-06,0.16664107143878937,0.1666237860918045,0.0006813840591348708,8.722154598217458e-05
20.416666666666668,0.015934307128190994,-7.4240961112082005e-06,7.574133746857115e-07,0.16677576303482056,0.16675841808319092,0.0006776511436328292,6.297729851212353e-05
20.433333333333334,0.015947550535202026,-7.446797098964453e-06,1.4301583632914117e-06,0.16691094636917114,0.1668940633535385,0.000677405740134418,5.759517989645246e-06
20.45,0.01596067287027836,-7.364025805145502e-06,5.396382007916145e-08,0.16704434156417847,0.16702884435653687,0.0006778357783332467,1.1230416703256196e-06
20.466666666666665,0.015973877161741257,-7.4669369496405125e-06,1.0858930181711912e-06,0.16718031466007233,0.16716313362121582,0.000676858879160136,-4.03836611440056e-06
20.483333333333334,0.01598707213997841,-7.489172276109457e-06,1.1220780606890912e-06,0.16731490194797516,0.16729781031608582,0.0006760043324902654,-5.354112545319367e-06
20.5,0.01600024476647377,-7.443013601005077e-06,8.295564413174361e-08,0.16744846105575562,0.1674318015575409,0.0006766869919374585,1.219734622281976e-05
20.516666666666666,0.016013454645872116,-7.392256520688534e-06,1.3032935157752945e-06,0.16758321225643158,0.16756725311279297,0.0006752964109182358,-1.2108318969694665e-06
20.53333333333333,0.01602666825056076,-7.422699127346277e-06,9.345556577500247e-07,0.1677180379629135,0.16770102083683014,0.0006814151420257986,-4.080135340700508e-07
20.55,0.016039947047829628,-7.486261893063784e-06,7.283188097062521e-07,0.1678554117679596,0.16783742606639862,0.0006822199793532491,3.3747946872608736e-05
20.566666666666666,0.01605326309800148,-7.458613254129887e-06,1.4402434089788585e-06,0.1679898500442505,0.16797372698783875,0.0006811036146245897,-2.0285326172597706e-05
20.583333333333332,0.016066493466496468,-7.392605766654015e-06,1.5631055561016183e-08,0.1681244820356369,0.16810837388038635,0.0006802800926379859,4.042749060317874e-05
20.6,0.016079919412732124,-7.452908903360367e-06,9.180996585200774e-07,0.16826081275939941,0.16824465990066528,0.0006887249182909727,-1.7521047993795946e-05
20.616666666666667,0.01609337329864502,-7.359310984611511e-06,5.9373797967055e-07,0.16839972138404846,0.16838334500789642,0.0006935593555681407,7.528236437792657e-06
20.633333333333333,0.016107045114040375,-7.400987669825554e-06,6.960640916986449e-07,0.16853846609592438,0.16852234303951263,0.0006998701137490571,5.14582461619284e-06
20.65,0.016120612621307373,-7.439346518367529e-06,3.181934857821034e-07,0.1686789095401764,0.1686614602804184,0.000698514748364687,3.537667726050131e-05
20.666666666666668,0.016134176403284073,-7.407332304865122e-06,1.2606853942997986e-06,0.1688157021999359,0.16880027949810028,0.0006923790206201375,2.911179581133183e-05
20.683333333333334,0.01614760421216488,-7.470953278243542e-06,1.393067009303195e-06,0.16895361244678497,0.16893716156482697,0.0006881109438836575,-4.346791683929041e-05
20.7,0.016160938888788223,-7.385388016700745e-06,-1.5680585363497812e-07,0.1690894365310669,0.1690729260444641,0.0006857699481770396,-8.24088874651352e-06
20.716666666666665,0.016174297779798508,-7.400522008538246e-06,1.0058354291686555e-06,0.1692255586385727,0.16920852661132812,0.0006822069408372045,5.6375381973339245e-05
20.733333333333334,0.01618758589029312,-7.471535354852676e-06,1.1892100246768678e-06,0.16936156153678894,0.16934452950954437,0.0006812165374867618,2.8832817406510003e-05
20.75,0.01620076596736908,-7.405411452054977e-06,-1.2711291219602572e-07,0.16949597001075745,0.1694793403148651,0.0006803777650929987,-6.263929208216723e-06
20.766666666666666,0.0162141565233469,-7.418508175760508e-06,8.677507139509544e-07,0.1696317493915558,0.1696164608001709,0.0006878608837723732,-3.082890179939568e-05
20.78333333333333,0.01622758060693741,-7.40948598831892e-06,4.130251625156234e-07,0.1697705239057541,0.16975361108779907,0.0006892895326018333,0.00015379863907583058
20.8,0.016241010278463364,-7.454189471900463e-06,1.1334118426020723e-06,0.1699073761701584,0.169889435172081,0.0006854534149169922,0.00012070476805092767
20.816666666666666,0.016254393383860588,-7.485796231776476e-06,1.6752425153754302e-06,0.17004281282424927,0.17002707719802856,0.000683737569488585,4.560716115520336e-05
20.833333333333332,0.016267698258161545,-7.41670373827219e-06,1.2470954970922321e-06,0.17017924785614014,0.17016316950321198,0.0006813535583205521,6.483731704065576e-05
20.85,0.016280928626656532,-7.43701821193099e-06,9.793859589990461e-07,0.17031434178352356,0.17029748857021332,0.0006769934552721679,2.8990460123168305e-05
20.866666666666667,0.016294073313474655,-7.410475518554449e-06,-2.007405583981381e-07,0.1704486906528473,0.17043127119541168,0.0006780413095839322,3.640307841124013e-05
20.883333333333333,0.01630745269358158,-7.406983058899641e-06,8.833515039441409e-07,0.17058400809764862,0.17056868970394135,0.0006870059878565371,1.1783620720962062e-05
20.9,0.01632079854607582,-7.473630830645561e-06,1.412666847500077e-06,0.17072105407714844,0.1707049310207367,0.0006835134699940681,-1.3953633242635988e-05
20.916666666666668,0.016334008425474167,-7.403083145618439e-06,1.8853558714226892e-08,0.17085593938827515,0.1708398163318634,0.0006820616545155644,4.762799107993487e-06
20.933333333333334,0.016347330063581467,-7.468392141163349e-06,1.1942169066969655e-06,0.17099224030971527,0.17097511887550354,0.0006796891102567315,6.805609882576391e-05
20.95,0.016360541805624962,-7.470778655260801e-06,1.598705807737133e-07,0.1711268126964569,0.17111076414585114,0.0006804710137657821,-2.385199513810221e-05
20.966666666666665,0.01637367159128189,-7.371068932116032e-06,3.6262343883208814e-07,0.17126107215881348,0.17124547064304352,0.0006756506045348942,1.5103318219189532e-05
20.983333333333334,0.016386887058615685,-7.457798346877098e-06,1.263820763597323e-06,0.1713961809873581,0.17137955129146576,0.0006753682973794639,7.98539404058829e-05
21.0,0.01640012487769127,-7.478345651179552e-06,1.3035850088272127e-06,0.17153090238571167,0.17151427268981934,0.0006750471657142043,-9.610472261556424e-06
21.016666666666666,0.016413219273090363,-7.391907274723053e-06,-2.6941017949866364e-07,0.17166537046432495,0.17164745926856995,0.0006758536910638213,5.698190216207877e-05
21.03333333333333,0.01642647571861744,-7.364142220467329e-06,9.61984980563102e-08,0.17180052399635315,0.17178234457969666,0.0006817358662374318,4.3874453695025295e-05
21.05,0.016439825296401978,-7.438706234097481e-06,6.021328999850084e-07,0.17193759977817535,0.1719205677509308,0.0006846874603070319,6.294339254964143e-05
21.066666666666666,0.01645321398973465,-7.4026756919920444e-06,1.1573312121981871e-06,0.1720733493566513,0.17205697298049927,0.0006829454214312136,4.620923391485121e-06
21.083333333333332,0.016466645523905754,-7.418158929795027e-06,9.805137324292446e-07,0.17220956087112427,0.17219407856464386,0.000690509972628206,-7.593502232339233e-06
21.1,0.016480032354593277,-7.486669346690178e-06,1.1004726729879621e-06,0.17234773933887482,0.17232976853847504,0.0006855495739728212,2.269751530548092e-05
21.116666666666667,0.016493281349539757,-7.456052117049694e-06,1.6034691796562583e-08,0.1724826842546463,0.17246608436107635,0.0006844668532721698,-1.735678597469814e-05
21.133333333333333,0.01650652475655079,-7.391790859401226e-06,8.17114823803422e-07,0.172617569565773,0.17260117828845978,0.0006786881713196635,6.843559094704688e-05
21.15,0.016519971191883087,-7.41519033908844e-06,1.086397901417513e-06,0.17275430262088776,0.17273850739002228,0.0006892353994771838,-5.379213234846247e-06
21.166666666666668,0.016533304005861282,-7.351685781031847e-06,6.960544851608574e-07,0.17289063334465027,0.17287468910217285,0.0006915156845934689,-3.5223722079535946e-05
21.183333333333334,0.016546711325645447,-7.420021574944258e-06,1.0509603498576325e-06,0.17302870750427246,0.1730114370584488,0.0006860289140604436,3.719389860634692e-05
21.2,0.016560111194849014,-7.431721314787865e-06,6.133826104814943e-07,0.17316418886184692,0.1731485277414322,0.0006848290795460343,-5.508966569323093e-05
21.216666666666665,0.01657334342598915,-7.3857372626662254e-06,2.4198104142669763e-07,0.17329970002174377,0.17328409850597382,0.0006833085790276527,-2.8495558581198566e-05
21.233333333333334,0.016586579382419586,-7.5320713222026825e-06,1.0520217301746015e-06,0.17343568801879883,0.17341764271259308,0.0006779410177841783,2.233786290162243e-05
21.25,0.016599703580141068,-7.425318472087383e-06,-4.117108574064332e-07,0.17356988787651062,0.173552006483078,0.0006784560391679406,1.0685009328881279e-05
21.266666666666666,0.016613129526376724,-7.3784030973911285e-06,6.514668484669528e-07,0.17370522022247314,0.17368876934051514,0.0006868955097161233,4.326534326537512e-05
21.28333333333333,0.016626615077257156,-7.372756954282522e-06,9.023784741657437e-07,0.17384332418441772,0.17382702231407166,0.0006953944684937596,-2.1028847186244093e-05
21.3,0.01664021797478199,-7.402501069009304e-06,1.006712864182191e-06,0.17398235201835632,0.17396610975265503,0.0007009690743871033,-4.586732757161371e-06
21.316666666666666,0.016653914004564285,-7.358088623732328e-06,5.997612220198789e-07,0.17412197589874268,0.174106165766716,0.0007033860310912132,-2.0707500880234875e-05
21.333333333333332,0.016667654737830162,-7.343711331486702e-06,9.92707782643265e-07,0.17426207661628723,0.17424634099006653,0.0007072030566632748,1.912631887535099e-05
21.35,0.01668144389986992,-7.400230970233679e-06,1.1672386790451128e-06,0.17440341413021088,0.17438708245754242,0.0007105722324922681,-1.9776358385570347e-05
21.366666666666667,0.01669512875378132,-7.427006494253874e-06,1.3221831522969296e-06,0.1745435744524002,0.17452673614025116,0.0007006719242781401,4.334434925112873e-05
21.383333333333333,0.016708731651306152,-7.381604518741369e-06,5.884933784727764e-07,0.1746813803911209,0.1746656894683838,0.0006977147422730923,2.5300651032011956e-05
21.4,0.01672215573489666,-7.4037816375494e-06,1.2682652084095025e-07,0.17481906712055206,0.17480312287807465,0.0006933140102773905,1.306152444158215e-05
21.416666666666668,0.01673559844493866,-7.475842721760273e-06,1.0345000873712706e-06,0.1749573051929474,0.17494027316570282,0.0006887315539643168,2.4773378754616715e-05
21.433333333333334,0.01674901321530342,-7.462047506123781e-06,1.3999111843077117e-06,0.1750938892364502,0.17507699131965637,0.0006846062606200576,9.55987416091375e-05
21.45,0.016762331128120422,-7.447553798556328e-06,1.2894061001134105e-06,0.17522871494293213,0.17521275579929352,0.0006800761329941452,7.398110028589144e-05
21.466666666666665,0.016775501891970634,-7.397611625492573e-06,2.638450666836434e-07,0.17536349594593048,0.17534801363945007,0.0006805810844525695,1.8307362097402802e-06
21.483333333333334,0.016788925975561142,-7.359194569289684e-06,7.364960197264736e-07,0.17550057172775269,0.17548435926437378,0.0006879467400722206,1.7141393982456066e-05
21.5,0.016802381724119186,-7.381080649793148e-06,5.518471084542398e-07,0.1756390482187271,0.17562180757522583,0.0006932106916792691,-2.7870299163623713e-05
21.516666666666666,0.016815919429063797,-7.457507308572531e-06,6.984909077800694e-07,0.17577779293060303,0.175760418176651,0.0006928709335625172,1.9842973415507004e-05
21.53333333333333,0.016829410567879677,-7.443071808665991e-06,9.757879979588324e-07,0.17591561377048492,0.17589686810970306,0.0006876712432131171,0.00012121309555368498
21.55,0.01684277504682541,-7.429916877299547e-06,2.8980036859138636e-07,0.17605045437812805,0.176034614443779,0.0006869900971651077,-1.636104570934549e-05
21.566666666666666,0.016856107860803604,-7.379800081253052e-06,8.562518019061827e-07,0.17618802189826965,0.1761702299118042,0.0006826414610259235,8.748305845074356e-05
21.583333333333332,0.016869422048330307,-7.37339723855257e-06,1.169969436887186e-06,0.17632275819778442,0.17630749940872192,0.0006815698579885066,2.8021820980939083e-05
21.6,0.01688266545534134,-7.460650522261858e-06,4.665245967316878e-07,0.17645759880542755,0.17644278705120087,0.0006811582134105265,-4.386387445265427e-05
21.616666666666667,0.016895832493901253,-7.482420187443495e-06,8.450414838989673e-07,0.1765940636396408,0.17657570540905,0.0006753518246114254,5.737321771448478e-05
21.633333333333333,0.01690896600484848,-7.416820153594017e-06,1.9979278675918977e-08,0.1767273098230362,0.17671048641204834,0.0006771248299628496,-6.055928224668605e-06
21.65,0.0169222354888916,-7.430848199874163e-06,1.5769467154314043e-06,0.17686131596565247,0.1768462210893631,0.0006760685937479138,-1.550260276417248e-05
21.666666666666668,0.016935352236032486,-7.479917258024216e-06,3.891250059950835e-07,0.17699629068374634,0.17697983980178833,0.0006764120771549642,6.897650564496871e-06
21.683333333333334,0.016948461532592773,-7.468508556485176e-06,9.534965101920534e-07,0.1771307736635208,0.1771128624677658,0.0006726146675646305,7.892972644185647e-05
21.7,0.016961509361863136,-7.367401849478483e-06,3.774428023461951e-07,0.17726339399814606,0.17724798619747162,0.0006706223357468843,-2.8289767215028405e-05
21.716666666666665,0.016974806785583496,-7.334048859775066e-06,5.288769671096816e-07,0.17739857733249664,0.17738226056098938,0.0006804046570323408,-1.1879549674631562e-05
21.733333333333334,0.01698816567659378,-7.4105337262153625e-06,9.831928764469922e-07,0.17753542959690094,0.17751957476139069,0.0006877140840515494,-1.862234239524696e-05
21.75,0.017001628875732422,-7.339636795222759e-06,8.063793757173698e-07,0.17767363786697388,0.17765702307224274,0.0006950259557925165,1.1087263374065515e-05
21.766666666666666,0.01701522432267666,-7.4303243309259415e-06,7.903938694653334e-07,0.17781230807304382,0.17779569327831268,0.0006997691234573722,2.3407726985169575e-05
21.78333333333333,0.017028789967298508,-7.446098607033491e-06,1.2987970876565669e-06,0.1779506951570511,0.1779344379901886,0.0006938709993846714,2.1369914975366555e-05
21.8,0.017042169347405434,-7.432536222040653e-06,8.128184276756656e-07,0.17808718979358673,0.1780703365802765,0.0006857063272036612,2.3774262444931082e-05
21.816666666666666,0.0170556902885437,-7.375259883701801e-06,7.30072031274176e-07,0.17822480201721191,0.1782076507806778,0.0006922423490323126,5.82186366955284e-05
21.833333333333332,0.01706915907561779,-7.441965863108635e-06,1.104169768950669e-06,0.17836271226406097,0.17834728956222534,0.0006954760174266994,-2.5822459065238945e-05
21.85,0.01708255335688591,-7.462105713784695e-06,6.824628684398704e-08,0.17850038409233093,0.17848366498947144,0.0006911827949807048,-8.481632903567515e-06
21.866666666666667,0.01709601655602455,-7.4373092502355576e-06,9.431749390387267e-07,0.1786377876996994,0.17861995100975037,0.0006862424779683352,8.951707422966138e-05
21.883333333333333,0.017109500244259834,-7.376424036920071e-06,9.652524113334948e-07,0.17877501249313354,0.17875875532627106,0.0006955389981158078,-1.1374387440810096e-06
21.9,0.01712299883365631,-7.496972102671862e-06,1.407056515745353e-06,0.1789129376411438,0.17889612913131714,0.0006894174730405211,7.302526501007378e-05
21.916666666666668,0.017136350274086,-7.424736395478249e-06,-2.551750455381807e-08,0.17904946208000183,0.17903178930282593,0.0006884371978230774,6.766131264157593e-05
21.933333333333334,0.017149902880191803,-7.376831490546465e-06,8.606592132309743e-07,0.1791871339082718,0.17917092144489288,0.0006943067419342697,-1.9712495486601256e-05
21.95,0.017163347452878952,-7.454014848917723e-06,1.10747896542307e-06,0.17932483553886414,0.1793094277381897,0.0006927097565494478,-2.820495137711987e-05
21.966666666666665,0.01717676967382431,-7.45011493563652e-06,1.1233471468585776e-06,0.17946167290210724,0.1794450581073761,0.0006839949637651443,0.00012656624312512577
21.983333333333334,0.017190031707286835,-7.431488484144211e-06,3.540660600265255e-07,0.1795969307422638,0.1795816868543625,0.0006843224400654435,-3.052642205148004e-05
22.0,0.01720341667532921,-7.391383405774832e-06,1.3678342156708823e-06,0.1797333061695099,0.17971743643283844,0.0006810833001509309,5.355957182473503e-05
22.016666666666666,0.017216650769114494,-7.386901415884495e-06,6.533327905344777e-07,0.17986945807933807,0.1798529475927353,0.0006859306595288217,-3.5405042581260204e-05
22.03333333333333,0.01723005622625351,-7.438589818775654e-06,5.964973297523102e-07,0.18000748753547668,0.17998982965946198,0.0006865197792649269,6.184521043905988e-05
22.05,0.017243456095457077,-7.420021574944258e-06,9.208528695126006e-07,0.1801438182592392,0.18012607097625732,0.0006835721433162689,0.00017810895224101841
22.066666666666666,0.017256826162338257,-7.448543328791857e-06,1.0369913070462644e-06,0.1802806407213211,0.1802624762058258,0.0006827793549746275,8.853684994392097e-05
22.083333333333332,0.017270125448703766,-7.392663974314928e-06,4.7543380787828937e-07,0.18041646480560303,0.18039877712726593,0.0006814745138399303,7.16995054972358e-05
22.1,0.017283406108617783,-7.3883566074073315e-06,9.745482429934782e-07,0.18055179715156555,0.18053516745567322,0.0006801140261813998,7.982364877534565e-06
22.116666666666667,0.017296671867370605,-7.443130016326904e-06,1.1856209312099963e-06,0.18068653345108032,0.1806708425283432,0.0006782764103263617,3.777661913773045e-05
22.133333333333333,0.017309870570898056,-7.451220881193876e-06,1.2504098094723304e-06,0.1808212846517563,0.18080450594425201,0.0006738278898410499,6.0721587942680344e-05
22.15,0.017322959378361702,-7.387949153780937e-06,2.85909038666432e-07,0.18095481395721436,0.18093958497047424,0.0006758943200111389,-2.908683381974697e-05
22.166666666666668,0.017336027696728706,-7.385853677988052e-06,4.092918572951021e-07,0.18108846247196198,0.18107309937477112,0.0006722544203512371,-3.6170880775898695e-05
22.183333333333334,0.017349224537611008,-7.419323083013296e-06,8.997715212899493e-07,0.18122364580631256,0.18120528757572174,0.0006710445159114897,0.0001455018064007163
22.2,0.017362473532557487,-7.387308869510889e-06,9.864969570116955e-07,0.1813577264547348,0.18134284019470215,0.0006831654463894665,-3.78612385247834e-05
22.216666666666665,0.017375722527503967,-7.467751856893301e-06,1.2871710168838035e-06,0.18149434030056,0.18147768080234528,0.0006804010481573641,1.5319479643949308e-05
22.233333333333334,0.01738894358277321,-7.484573870897293e-06,8.00176792381535e-07,0.18163026869297028,0.1816115826368332,0.000675039947964251,7.018767792033032e-05
22.25,0.017402010038495064,-7.435446605086327e-06,6.162475187920791e-07,0.18176348507404327,0.18174563348293304,0.0006728171138092875,1.3681386917596683e-05
22.266666666666666,0.017415393143892288,-7.454538717865944e-06,1.1505489965202287e-06,0.1818988174200058,0.18188153207302094,0.0006824745214544237,7.84312142059207e-05
22.28333333333333,0.017428770661354065,-7.399183232337236e-06,1.0463232911206433e-06,0.18203534185886383,0.18201981484889984,0.0006901206215843558,-2.926754859799985e-05
22.3,0.017442114651203156,-7.452443242073059e-06,1.1766488796638441e-06,0.1821720451116562,0.18215502798557281,0.0006819863920100033,6.176246824907139e-05
22.316666666666666,0.01745535060763359,-7.3909759521484375e-06,-3.284759486632538e-07,0.18230825662612915,0.18228942155838013,0.0006821475108154118,4.411604459164664e-05
22.333333333333332,0.017468776553869247,-7.461407221853733e-06,5.577327897299256e-07,0.18244357407093048,0.18242697417736053,0.0006911655073054135,-3.2658590498613194e-06
22.35,0.017482131719589233,-7.454829756170511e-06,3.289495111857832e-07,0.18258041143417358,0.1825636327266693,0.0006898369174450636,-1.999569394683931e-05
22.366666666666667,0.017495546489953995,-7.5491261668503284e-06,1.742314339026052e-06,0.18271610140800476,0.18270058929920197,0.0006821466377004981,-0.00010220843250863254
22.383333333333333,0.017508767545223236,-7.509719580411911e-06,8.302266110149503e-07,0.1828516125679016,0.1828344464302063,0.0006778124370612204,2.5488593564659823e-06
22.4,0.017521891742944717,-7.471186108887196e-06,-3.933238588160748e-07,0.18298545479774475,0.18296872079372406,0.000677986245136708,-1.8237713447888382e-05
22.416666666666668,0.017535101622343063,-7.562804967164993e-06,1.5442371932294918e-06,0.18312011659145355,0.18310321867465973,0.0006767079466953874,-1.2151497685408685e-05
22.433333333333334,0.017548244446516037,-7.552269380539656e-06,-4.323592008859123e-07,0.1832548826932907,0.18323706090450287,0.0006774987559765577,5.714574854209786e-06
22.45,0.017561335116624832,-7.510068826377392e-06,3.5195373015994846e-07,0.18338920176029205,0.18337032198905945,0.0006731769535690546,2.211797072959598e-05
22.466666666666665,0.01757451891899109,-7.564143743366003e-06,1.6358582115572062e-06,0.18352189660072327,0.18350543081760406,0.0006731046596542001,-1.6048028555815108e-05
22.483333333333334,0.017587553709745407,-7.478694897145033e-06,-4.348742947968276e-07,0.18365618586540222,0.1836383193731308,0.0006745423888787627,-1.818065720726736e-05
22.5,0.01760072261095047,-7.588125299662352e-06,1.372427391288511e-06,0.18379035592079163,0.1837729662656784,0.0006739400560036302,9.709699952509254e-06
22.516666666666666,0.017613820731639862,-7.501395884901285e-06,1.1163797353219707e-07,0.18392305076122284,0.18390843272209167,0.0006708441069349647,-8.646816422697157e-05
22.53333333333333,0.017626896500587463,-7.489637937396765e-06,3.7307208344827814e-07,0.1840577870607376,0.1840405911207199,0.000673714152071625,2.016715006902814e-05
22.55,0.01764000579714775,-7.519149221479893e-06,8.72572229582147e-07,0.18419097363948822,0.18417371809482574,0.0006708907312713563,-1.3872229828848504e-05
22.566666666666666,0.017653055489063263,-7.470895070582628e-06,-3.8248450096034503e-07,0.18432389199733734,0.18430748581886292,0.0006704200059175491,-1.3802954526909161e-05
22.583333333333332,0.017666157335042953,-7.525086402893066e-06,6.427501944017422e-07,0.1844579130411148,0.18444055318832397,0.0006754838977940381,-2.9070102755213156e-05
22.6,0.01767936907708645,-7.58457463234663e-06,1.3024482541368343e-06,0.18459302186965942,0.18457487225532532,0.0006736806826665998,3.0578066798625514e-05
22.616666666666667,0.01769242063164711,-7.464026566594839e-06,-4.3558461015891226e-07,0.18472610414028168,0.18470962345600128,0.0006730958120897412,-3.1599713111063465e-05
22.633333333333333,0.01770561933517456,-7.6178694143891335e-06,1.544340875625494e-06,0.18485985696315765,0.18484263122081757,0.0006730088498443365,-1.5645422536181286e-05
22.65,0.017718657851219177,-7.484573870897293e-06,-1.428545886028587e-07,0.1849931925535202,0.18497702479362488,0.0006732105393894017,-2.7703394152922556e-05
22.666666666666668,0.017731722444295883,-7.486785762012005e-06,2.945775463558675e-07,0.1851273477077484,0.18510855734348297,0.0006701494567096233,7.810250099282712e-05
22.683333333333334,0.01774485409259796,-7.593480404466391e-06,1.4219195918485639e-06,0.18526072800159454,0.1852433979511261,0.0006718209479004145,1.5661338693462312e-05
22.7,0.017757821828126907,-7.456750608980656e-06,-4.624872076419706e-07,0.1853937953710556,0.18537740409374237,0.0006709453882649541,-3.106656367890537e-05
22.716666666666665,0.017771005630493164,-7.5446441769599915e-06,1.423380695086962e-06,0.1855275183916092,0.1855105310678482,0.0006715321214869618,3.466107045824174e-06
22.733333333333334,0.017783991992473602,-7.428985554724932e-06,-3.451875727478182e-07,0.1856600046157837,0.1856447160243988,0.0006710638990625739,-4.802299736184068e-05
22.75,0.017797142267227173,-7.575203198939562e-06,1.1441987908256124e-06,0.18579484522342682,0.18577687442302704,0.0006724155391566455,6.542652045027353e-06
22.766666666666666,0.017810232937335968,-7.447728421539068e-06,-4.1424112851018435e-07,0.18592730164527893,0.18591059744358063,0.000672948663122952,-2.8892411137348972e-05
22.78333333333333,0.01782325468957424,-7.505586836487055e-06,4.3133843519171933e-07,0.18606163561344147,0.18604311347007751,0.0006697875796817243,9.536986908642575e-06
22.8,0.01783626899123192,-7.546739652752876e-06,4.829632302971731e-07,0.18619512021541595,0.1861753910779953,0.0006680224905721843,7.32154949218966e-05
22.816666666666666,0.017849383875727654,-7.566181011497974e-06,5.947737804490316e-07,0.18632757663726807,0.18630973994731903,0.0006688229041174054,-5.980912192171672e-06
22.833333333333332,0.017862385138869286,-7.474562153220177e-06,-1.9986228494417446e-07,0.18645963072776794,0.18644364178180695,0.000670979788992554,-2.3333728677243926e-05
22.85,0.017875468358397484,-7.53824133425951e-06,1.734990064505837e-06,0.18659281730651855,0.18657736480236053,0.0006678442005068064,-4.508106576395221e-05
22.866666666666667,0.017888447269797325,-7.504713721573353e-06,-5.831921612298174e-08,0.18672578036785126,0.18670982122421265,0.0006701429956592619,-2.5467736122664064e-05
22.883333333333333,0.017901437357068062,-7.525261025875807e-06,-3.330839319914958e-07,0.18685953319072723,0.18684233725070953,0.0006723033147864044,-9.590626177669037e-06
22.9,0.017914630472660065,-7.591035682708025e-06,1.4330566955322865e-06,0.1869932860136032,0.18697571754455566,0.0006714940536767244,-1.3642173826156068e-06
22.916666666666668,0.017927629873156548,-7.462163921445608e-06,-5.796123900836392e-07,0.18712614476680756,0.18710897862911224,0.0006722583784721792,-3.0442708521150053e-05
22.933333333333334,0.017940811812877655,-7.593363989144564e-06,1.2554545492093894e-06,0.18726104497909546,0.18724289536476135,0.0006710164016112685,1.846830127760768e-05
22.95,0.017953820526599884,-7.493537850677967e-06,-5.952369406259095e-07,0.18739382922649384,0.18737667798995972,0.0006705542909912765,-2.9965212888782844e-07
22.966666666666665,0.01796691305935383,-7.619208190590143e-06,1.3746748663834296e-06,0.18752744793891907,0.18750964105129242,0.0006697106291539967,1.101769976230571e-05
22.983333333333334,0.017979903146624565,-7.485214155167341e-06,-5.756811560786446e-07,0.18765990436077118,0.1876426488161087,0.0006719324737787247,-2.1787695004604757e-05
23.0,0.01799308881163597,-7.6293363235890865e-06,1.3561776768256095e-06,0.18779392540454865,0.1877756118774414,0.0006720143719576299,-1.3416954971035011e-05
23.016666666666666,0.0180060938000679,-7.462745998054743e-06,-6.890657573421777e-07,0.18792718648910522,0.18790903687477112,0.0006738131050951779,-2.207359648309648e-05
23.03333333333333,0.01801929995417595,-7.630675099790096e-06,1.5437411775565124e-06,0.18806146085262299,0.18804432451725006,0.0006729579181410372,3.102522168774158e-05
23.05,0.01803230121731758,-7.499416824430227e-06,-5.942051188867481e-07,0.18819481134414673,0.1881771832704544,0.000672901573125273,-2.8941753043909557e-05
23.066666666666666,0.018045494332909584,-7.568043656647205e-06,1.2952496035723016e-06,0.18832871317863464,0.18831086158752441,0.0006722702528350055,4.7060697397682816e-05
23.083333333333332,0.018058497458696365,-7.481430657207966e-06,-6.102229690441163e-07,0.18846215307712555,0.18844442069530487,0.0006720711244270205,-1.7721940821502358e-05
23.1,0.018071699887514114,-7.5721764005720615e-06,1.7362306152790552e-06,0.18859463930130005,0.18857930600643158,0.0006712175672873855,-1.3065625353192445e-05
23.116666666666667,0.018084708601236343,-7.515540346503258e-06,-1.1077599992859177e-07,0.18872834742069244,0.18871191143989563,0.0006731289904564619,-2.7712982046068646e-05
23.133333333333333,0.018097832798957825,-7.527181878685951e-06,4.6211567905629636e-07,0.18886303901672363,0.18884584307670593,0.0006743136909790337,5.318108378560282e-06
23.15,0.018110953271389008,-7.4962154030799866e-06,-1.6587081574925833e-07,0.18899627029895782,0.18897999823093414,0.0006729346350766718,-2.958528966701124e-05
23.166666666666668,0.01812402531504631,-7.457914762198925e-06,-2.592169607851247e-07,0.18912950158119202,0.18911345303058624,0.0006739867967553437,-2.210311322414782e-05
23.183333333333334,0.018137197941541672,-7.619557436555624e-06,1.8273774458066327e-06,0.18926337361335754,0.18924781680107117,0.0006710974266752601,-3.637091867858544e-05
23.2,0.018150202929973602,-7.519964128732681e-06,-3.689164884690399e-07,0.18939781188964844,0.1893804520368576,0.0006715081981383264,1.4290865692601074e-05
23.216666666666665,0.01816323772072792,-7.4766576290130615e-06,-7.383370075331186e-07,0.18953093886375427,0.1895119994878769,0.0006736437790095806,-1.5746265489724465e-05
23.233333333333334,0.018176469951868057,-7.605063728988171e-06,1.4291774732555496e-06,0.189665287733078,0.18964718282222748,0.0006719545344822109,2.0183926608297043e-05
23.25,0.01818947121500969,-7.435737643390894e-06,-5.132299634169613e-07,0.1897977888584137,0.1897810697555542,0.0006723902770318091,-2.637504439917393e-05
23.266666666666666,0.018202591687440872,-7.54394568502903e-06,4.1542543272043986e-07,0.18993209302425385,0.1899147480726242,0.0006739610689692199,-6.555400887009455e-06
23.28333333333333,0.018215682357549667,-7.521186489611864e-06,4.321238122884097e-07,0.19006629288196564,0.19004693627357483,0.0006710797897540033,4.22284756496083e-05
23.3,0.01822883076965809,-7.480033673346043e-06,6.112333039709483e-07,0.19019874930381775,0.19018276035785675,0.0006741006509400904,-1.8506569176679477e-05
23.316666666666666,0.018241925165057182,-7.537659257650375e-06,1.0141790198758827e-06,0.1903328001499176,0.19031552970409393,0.0006714732735417783,3.942680268664844e-05
23.333333333333332,0.018254954367876053,-7.501628715544939e-06,-1.3356448391732556e-07,0.19046521186828613,0.1904495656490326,0.0006708813016302884,-5.914962093811482e-05
23.35,0.0182680394500494,-7.564958650618792e-06,1.2240408295838279e-06,0.19060012698173523,0.19058185815811157,0.0006720421370118856,1.258745487575652e-05
23.366666666666667,0.0182811189442873,-7.471244316548109e-06,-1.8501246756841283e-07,0.19073210656642914,0.19071640074253082,0.0006719050579704344,-2.9142982384655625e-05
23.383333333333333,0.018294241279363632,-7.605878636240959e-06,1.8268557369083283e-06,0.19086609780788422,0.19085031747817993,0.0006694114999845624,-8.535602682968602e-05
23.4,0.01830723136663437,-7.555470801889896e-06,-2.2031879609585303e-07,0.19099992513656616,0.19098296761512756,0.000670935376547277,-7.1504323386761826e-06
23.416666666666668,0.01832032948732376,-7.551105227321386e-06,1.178313937089115e-06,0.1911337673664093,0.19111604988574982,0.00067092792596668,-3.833138634945499e-06
23.433333333333334,0.01833339035511017,-7.497961632907391e-06,-4.863131835008971e-07,0.19126717746257782,0.1912497878074646,0.0006706457352265716,1.2612964610525523e-06
23.45,0.0183465164154768,-7.4908602982759476e-06,2.8412404162736493e-07,0.19140006601810455,0.1913837045431137,0.000673087255563587,9.622344805393368e-06
23.466666666666665,0.018359540030360222,-7.493654265999794e-06,-2.1955177942345472e-07,0.1915331929922104,0.19151705503463745,0.0006730703171342611,-5.172807505005039e-05
23.483333333333334,0.01837272383272648,-7.5328280217945576e-06,1.374340627080528e-06,0.19166745245456696,0.1916508823633194,0.0006713402108289301,-2.852800753316842e-05
23.5,0.0183857511729002,-7.482245564460754e-06,-2.397660239239485e-07,0.19180092215538025,0.19178485870361328,0.0006717220530845225,-4.702010119217448e-05
23.516666666666666,0.018398890271782875,-7.596681825816631e-06,4.4717830860463437e-07,0.19193528592586517,0.1919175088405609,0.0006741908146068454,7.070406809361884e-06
23.53333333333333,0.018411947414278984,-7.484981324523687e-06,-2.1949270490040362e-07,0.19206807017326355,0.1920519322156906,0.0006748853484168649,-2.2400439775083214e-05
23.55,0.018425142392516136,-7.592374458909035e-06,1.4364253502208157e-06,0.19220247864723206,0.1921861618757248,0.0006721265381202102,-1.526036430732347e-05
23.566666666666666,0.01843826100230217,-7.4873678386211395e-06,5.669135134667158e-07,0.19233648478984833,0.19232067465782166,0.00067349016899243,-6.09749804425519e-06
23.583333333333332,0.018451351672410965,-7.524446118623018e-06,-3.834988433482067e-07,0.19247032701969147,0.19245268404483795,0.0006756563088856637,-1.2358324056549463e-05
23.6,0.018464557826519012,-7.5346906669437885e-06,1.2700326124104322e-06,0.19260485470294952,0.19258786737918854,0.0006737583316862583,3.146467497572303e-05
23.616666666666667,0.01847762241959572,-7.4607087299227715e-06,-5.254221946415782e-07,0.19273824989795685,0.19272100925445557,0.0006738395895808935,-1.4870222912577447e-05
23.633333333333333,0.018490824848413467,-7.484981324523687e-06,2.811429489213424e-08,0.19287389516830444,0.1928563266992569,0.0006791548221372068,3.062878022319637e-05
23.65,0.01850409060716629,-7.586844731122255e-06,1.415877932231524e-06,0.19300836324691772,0.19299115240573883,0.0006780751864425838,1.518620592833031e-05
23.666666666666668,0.018517229706048965,-7.479218766093254e-06,-9.676639365352457e-07,0.19314385950565338,0.19312475621700287,0.000677376810926944,5.191934633330675e-06
23.683333333333334,0.018530460074543953,-7.597787771373987e-06,1.1901873904207605e-06,0.1932780146598816,0.1932598501443863,0.000675381685141474,4.0310413169208914e-05
23.7,0.018543558195233345,-7.524387910962105e-06,-5.490164198818093e-07,0.1934119015932083,0.1933937668800354,0.0006755697540938854,7.359007213381119e-06
23.716666666666665,0.018556717783212662,-7.563678082078695e-06,1.4944965869290172e-06,0.1935449242591858,0.1935286968946457,0.0006719636730849743,-7.728851051069796e-05
23.733333333333334,0.01856977306306362,-7.474503945559263e-06,-3.521294047459378e-07,0.19367866218090057,0.19366200268268585,0.0006725607090629637,-7.932198968774173e-06
23.75,0.018582865595817566,-7.518159691244364e-06,7.918505957604793e-07,0.19381168484687805,0.19379472732543945,0.0006692102761007845,-2.1000942069804296e-05
23.766666666666666,0.01859586499631405,-7.485214155167341e-06,-5.819449029331736e-07,0.1939452737569809,0.19392725825309753,0.0006714642513543367,1.129361635321402e-06
23.78333333333333,0.01860896497964859,-7.5847492553293705e-06,1.4047279819351388e-06,0.19407831132411957,0.19406084716320038,0.0006718513905070722,-1.5231889847200364e-05
23.8,0.018622025847434998,-7.447320967912674e-06,-5.038090193920652e-07,0.19421179592609406,0.19419457018375397,0.0006729167653247714,-2.920650877058506e-05
23.816666666666666,0.018635138869285583,-7.562164682894945e-06,1.3100999467496877e-06,0.19434577226638794,0.19432881474494934,0.000671760062687099,-2.586265873105731e-05
23.833333333333332,0.018648222088813782,-7.492955774068832e-06,-3.351238717641536e-07,0.19447919726371765,0.1944626271724701,0.000672098423819989,-8.615598744654562e-06
23.85,0.018661264330148697,-7.5471471063792706e-06,6.620028329962224e-07,0.1946122795343399,0.19459441304206848,0.0006697290227748454,1.995036654989235e-05
23.866666666666667,0.018674317747354507,-7.531722076237202e-06,3.9997200929065e-07,0.1947459727525711,0.1947287768125534,0.0006713426555506885,-1.749871989886742e-05
23.883333333333333,0.018687456846237183,-7.52380583435297e-06,4.319669812957727e-07,0.19487950205802917,0.19486260414123535,0.0006740700919181108,-3.013399464180111e-06
23.9,0.018700480461120605,-7.479044143110514e-06,3.0078314239290194e-07,0.19501306116580963,0.19499509036540985,0.0006704970146529377,-1.5397785318782553e-05
23.916666666666668,0.01871361956000328,-7.590686436742544e-06,1.0361716249462916e-06,0.19514745473861694,0.19512784481048584,0.0006711443420499563,5.7506007578922436e-05
23.933333333333334,0.018726695328950882,-7.469323463737965e-06,-7.259517360580503e-07,0.19528008997440338,0.1952618956565857,0.0006735081551596522,-2.923194188042544e-06
23.95,0.018739815801382065,-7.600232493132353e-06,1.4818975841990323e-06,0.1954137235879898,0.19539718329906464,0.0006714420160278678,-2.798324749164749e-05
23.966666666666665,0.01875290833413601,-7.475435268133879e-06,-5.00178998663614e-07,0.19554740190505981,0.19553016126155853,0.0006729078013449907,2.1774427295895293e-05
23.983333333333334,0.01876603066921234,-7.536087650805712e-06,6.619868599955225e-07,0.19568119943141937,0.19566449522972107,0.0006741298129782081,-1.1418790563766379e-05
24.0,0.018779125064611435,-7.50919571146369e-06,1.0299157793269842e-06,0.1958150863647461,0.19579830765724182,0.0006734641501680017,8.230522325902712e-06
24.016666666666666,0.018792301416397095,-7.584050763398409e-06,1.4635469369750354e-06,0.19594942033290863,0.1959327757358551,0.0006714874180033803,4.5565966502181254e-06
24.03333333333333,0.0188053660094738,-7.4821291491389275e-06,-5.703205374629761e-07,0.1960829198360443,0.19606441259384155,0.0006738652591593564,-1.8413275029161014e-05
24.05,0.018818482756614685,-7.5855059549212456e-06,1.2247331824255525e-06,0.19621707499027252,0.19619959592819214,0.0006722654798068106,1.7814312741393223e-05
24.066666666666666,0.018831543624401093,-7.468333933502436e-06,-3.722279018347763e-07,0.19634974002838135,0.19633349776268005,0.0006732302135787904,-3.1871259125182405e-05
24.083333333333332,0.018844693899154663,-7.607857696712017e-06,1.8615261296872632e-06,0.19648313522338867,0.19646774232387543,0.0006694723851978779,-9.642423538025469e-05
24.1,0.018857695162296295,-7.48620368540287e-06,-7.339543230955314e-07,0.19661752879619598,0.19659973680973053,0.0006722498219460249,-1.8130791431758553e-05
24.116666666666667,0.018870828673243523,-7.586262654513121e-06,1.1654656191240065e-06,0.19675150513648987,0.19673331081867218,0.000672277994453907,1.7029438822646625e-05
24.133333333333333,0.018883956596255302,-7.490045391023159e-06,9.330681791652751e-07,0.19688557088375092,0.19686777889728546,0.00067306769778952,3.556038791430183e-05
24.15,0.018897011876106262,-7.538765203207731e-06,5.062532295596611e-07,0.19701850414276123,0.19700060784816742,0.0006701836246065795,9.325921382696833e-06
24.166666666666668,0.018910124897956848,-7.634109351783991e-06,1.3940908729637158e-06,0.19715221226215363,0.19713431596755981,0.0006704553379677236,2.185698576795403e-05
24.183333333333334,0.018923144787549973,-7.517810445278883e-06,-5.467298933581333e-07,0.1972855031490326,0.19726763665676117,0.000671234680339694,-3.9915421439218335e-06
24.2,0.01893625408411026,-7.563736289739609e-06,1.3997462247061776e-06,0.19741781055927277,0.1974017471075058,0.0006697126082144678,-8.408991561736912e-06
24.216666666666665,0.01894926279783249,-7.481721695512533e-06,-2.098019820095942e-07,0.19755110144615173,0.19753508269786835,0.0006697979406453669,-4.261915455572307e-05
24.233333333333334,0.018962351605296135,-7.611117325723171e-06,1.2283913974897587e-06,0.19768540561199188,0.19766783714294434,0.0006699328660033643,-1.3442074305203278e-05
24.25,0.01897536963224411,-7.479626219719648e-06,-5.797957669528842e-07,0.19781868159770966,0.19780054688453674,0.0006712789763696492,3.5241193927504355e-06
24.266666666666666,0.018988490104675293,-7.561291567981243e-06,1.449699311706354e-06,0.19795078039169312,0.19793479144573212,0.0006699762889184058,-1.3583328836830333e-05
24.28333333333333,0.019001513719558716,-7.499358616769314e-06,-4.2054114146594657e-07,0.19808471202850342,0.19806718826293945,0.0006718521472066641,-1.5076802810654044e-05
24.3,0.019014623016119003,-7.561815436929464e-06,8.563642950321082e-07,0.19821946322917938,0.19820059835910797,0.0006715566851198673,2.8450127501855604e-05
24.316666666666666,0.01902766525745392,-7.508497219532728e-06,-3.382357647296885e-07,0.19835183024406433,0.19833490252494812,0.0006715880590490997,-1.6351246813428588e-05
24.333333333333332,0.019040826708078384,-7.5410353019833565e-06,7.465781095561397e-07,0.19848555326461792,0.19846859574317932,0.0006739164236932993,1.271994960916345e-06
24.35,0.019053898751735687,-7.514958269894123e-06,-8.484604308023336e-08,0.1986185759305954,0.19860243797302246,0.0006751790642738342,-2.010538082686253e-05
24.366666666666667,0.01906699687242508,-7.515540346503258e-06,2.5637598355388036e-07,0.19875402748584747,0.1987345814704895,0.0006717329961247742,2.161940938094631e-05
24.383333333333333,0.019080087542533875,-7.525377441197634e-06,9.328641112915648e-07,0.19888658821582794,0.1988707333803177,0.0006724640843458474,-2.6395411623525433e-05
24.4,0.019093208014965057,-7.5035495683550835e-06,-3.638067482825136e-07,0.19901995360851288,0.19900266826152802,0.0006737329531461,-2.991500514326617e-05
24.416666666666668,0.01910632848739624,-7.567519787698984e-06,1.2597763543453766e-06,0.19915452599525452,0.1991371214389801,0.00067170086549595,-7.148328677430982e-06
24.433333333333334,0.019119396805763245,-7.4899871833622456e-06,-4.694270785421395e-07,0.19928789138793945,0.1992703676223755,0.0006743811536580324,1.313848770223558e-05
24.45,0.019132521003484726,-7.573456969112158e-06,1.1412993217163603e-06,0.19942204654216766,0.19940392673015594,0.0006728841690346599,1.6490650523337536e-05
24.466666666666665,0.019145604223012924,-7.5151328928768635e-06,-3.215474748685665e-07,0.199554905295372,0.19953787326812744,0.000673928763717413,-2.96478028758429e-05
24.483333333333334,0.019158773124217987,-7.5445277616381645e-06,1.3217336345405784e-06,0.19968953728675842,0.19967226684093475,0.0006721195532009006,-6.167763331177412e-06
24.5,0.019171811640262604,-7.475260645151138e-06,-1.6530577795492718e-07,0.19982236623764038,0.1998065859079361,0.0006719099474139512,-3.765552173717879e-05
24.516666666666666,0.01918492466211319,-7.550173904746771e-06,1.4186576891006553e-06,0.19995585083961487,0.19993995130062103,0.00067153136478737,-1.5966015780577436e-05
24.53333333333333,0.019197974354028702,-7.494527380913496e-06,-2.261553930793525e-07,0.2000894695520401,0.20007291436195374,0.0006717038922943175,-4.357222860562615e-05
24.55,0.019211068749427795,-7.565482519567013e-06,5.548616286432662e-07,0.20022356510162354,0.20020437240600586,0.0006694256444461644,1.353593233943684e-05
24.566666666666666,0.019224019721150398,-7.512862794101238e-06,-4.0172508875002677e-07,0.20035617053508759,0.2003375142812729,0.0006712483591400087,-2.871328433684539e-05
24.583333333333332,0.019237162545323372,-7.579743396490812e-06,1.1747972621378722e-06,0.2004898339509964,0.20047195255756378,0.0006712577305734158,3.2359035685658455e-05
24.6,0.019250212237238884,-7.50483013689518e-06,-1.5221817761812417e-07,0.20062199234962463,0.20060588419437408,0.0006719682132825255,-4.3896721763303503e-05
24.616666666666667,0.01926327869296074,-7.524562533944845e-06,-3.415993319322297e-07,0.20075620710849762,0.20073853433132172,0.0006729307933710515,-7.512406227760948e-06
24.633333333333333,0.019276464357972145,-7.593480404466391e-06,7.702291213718127e-07,0.20089028775691986,0.2008725106716156,0.0006721619283780456,2.1269886929076165e-05
24.65,0.019289467483758926,-7.5384159572422504e-06,-4.905181185677066e-07,0.20102377235889435,0.20100517570972443,0.0006737007643096149,-2.3536427761428058e-05
24.666666666666668,0.019302595406770706,-7.596565410494804e-06,1.1912923127965769e-06,0.20115776360034943,0.20113971829414368,0.0006720451056025922,1.935247155415709e-06
24.683333333333334,0.019315650686621666,-7.467519026249647e-06,-6.368456411109946e-07,0.20129145681858063,0.20127299427986145,0.0006739122909493744,-3.999389718956081e-06
24.7,0.01932879537343979,-7.537193596363068e-06,1.287985128328728e-06,0.20142436027526855,0.20140832662582397,0.0006705119158141315,-4.24828176619485e-05
24.716666666666665,0.019341856241226196,-7.493828888982534e-06,-5.151889581611613e-07,0.20155830681324005,0.20154070854187012,0.0006727486616000533,-1.0566933269728906e-05
24.733333333333334,0.019354982301592827,-7.572351023554802e-06,9.85086217042408e-07,0.20169231295585632,0.2016741931438446,0.0006729681044816971,1.895967943710275e-05
24.75,0.01936805620789528,-7.499533239752054e-06,4.792252070728864e-07,0.20182543992996216,0.20180776715278625,0.000669731991365552,1.640679874981288e-05
24.766666666666666,0.019381068646907806,-7.54243228584528e-06,6.740901312696224e-07,0.20195873081684113,0.20194223523139954,0.0006706006242893636,-1.8460605133441277e-05
24.78333333333333,0.019394241273403168,-7.57566886022687e-06,6.425696597034403e-07,0.20209228992462158,0.20207563042640686,0.0006684398395009339,-2.2903544959262945e-05
24.8,0.01940721645951271,-7.476191967725754e-06,-5.042422657197676e-08,0.2022244930267334,0.20220890641212463,0.0006699570803903043,-1.4030852071300615e-05
24.816666666666666,0.019420284777879715,-7.51222250983119e-06,-4.1784423387980496e-07,0.20235836505889893,0.20234067738056183,0.0006729072774760425,-4.594749043462798e-07
24.833333333333332,0.01943345181643963,-7.520662620663643e-06,9.218389891429979e-07,0.20249252021312714,0.20247459411621094,0.0006722178077325225,-8.825608347251546e-06
24.85,0.019446466118097305,-7.468508556485176e-06,2.505081297954348e-08,0.2026248276233673,0.20260968804359436,0.0006714920746162534,-5.2386083552846685e-05
24.866666666666667,0.019459493458271027,-7.5355637818574905e-06,2.910704210989934e-07,0.20275971293449402,0.20274080336093903,0.0006695827469229698,3.360633854754269e-05
24.883333333333333,0.019472511485219002,-7.5105344876646996e-06,-2.8981645527892397e-07,0.20289194583892822,0.20287483930587769,0.0006706403219141066,9.639904419600498e-06
24.9,0.019485624507069588,-7.479044143110514e-06,8.958567718764243e-07,0.20302504301071167,0.20300833880901337,0.0006706213462166488,2.7225423764321022e-05
24.916666666666668,0.019498636946082115,-7.509486749768257e-06,-3.398622823169717e-07,0.20315811038017273,0.2031412124633789,0.0006711059832014143,-2.403944563411642e-05
24.933333333333334,0.019511723890900612,-7.600756362080574e-06,1.276140892514377e-06,0.2032921314239502,0.20327535271644592,0.0006689394940622151,-5.113776933285408e-05
24.95,0.01952475868165493,-7.511232979595661e-06,-5.21859590207896e-07,0.20342522859573364,0.2034071981906891,0.000671226589474827,-2.7136569769936614e-05
24.966666666666665,0.01953788846731186,-7.603142876178026e-06,1.2314894775045104e-06,0.20355862379074097,0.20354104042053223,0.0006711615715175867,-2.433394911349751e-05
24.983333333333334,0.01955091580748558,-7.484341040253639e-06,-3.5759140359914454e-07,0.20369182527065277,0.203674778342247,0.0006710162851959467,-1.7786996977520175e-05
25.0,0.019563961774110794,-7.490452844649553e-06,8.235172685999714e-07,0.20382459461688995,0.20380742847919464,0.0006686278502456844,5.627715381706366e-06
25.016666666666666,0.01957704871892929,-7.5481366366147995e-06,5.436780838863342e-07,0.20395828783512115,0.20394128561019897,0.0006722334655933082,2.148114435840398e-05
25.03333333333333,0.01959010772407055,-7.544585969299078e-06,-2.6182681267528096e-07,0.20409220457077026,0.2040747106075287,0.0006725552375428379,-2.1483476757566677e-06
25.05,0.019603164866566658,-7.472059223800898e-06,-4.7470425101892033e-07,0.20422481000423431,0.20420776307582855,0.0006727720610797405,-3.0153347324812785e-05
25.066666666666666,0.01961628720164299,-7.486669346690178e-06,8.415539696216001e-07,0.20435874164104462,0.2043418139219284,0.0006731337634846568,1.665414310991764e-05
25.083333333333332,0.019629454240202904,-7.573456969112158e-06,1.1982873502347502e-06,0.20449362695217133,0.20447584986686707,0.000672140100505203,1.8309963252249872e-06
25.1,0.019642550498247147,-7.506576366722584e-06,-4.750877380388374e-08,0.20462597906589508,0.2046097218990326,0.0006735310307703912,-3.0297460398287512e-05
25.116666666666667,0.019655603915452957,-7.524155080318451e-06,-3.5274510423732863e-07,0.20476068556308746,0.20474311709403992,0.0006726115825586021,-9.699948350316845e-06
25.133333333333333,0.019668638706207275,-7.477239705622196e-06,1.4251942559440067e-07,0.20489363372325897,0.2048756629228592,0.0006698267534375191,-8.300269769279112e-07
25.15,0.019681714475154877,-7.597147487103939e-06,1.0952007869491354e-06,0.20502662658691406,0.20500901341438293,0.0006699069635942578,-1.4623421520809643e-05
25.166666666666668,0.01969476416707039,-7.561757229268551e-06,1.4494845572698978e-06,0.20515938103199005,0.2051434963941574,0.0006695932243019342,-1.4866234778310172e-05
25.183333333333334,0.019707821309566498,-7.506750989705324e-06,-2.9106843157933326e-07,0.2052929848432541,0.2052757740020752,0.0006719169323332608,-2.943635445262771e-05
25.2,0.01972091943025589,-7.54260690882802e-06,1.0040690767709748e-06,0.20542769134044647,0.20540975034236908,0.0006710156449116766,2.9191598514444195e-05
25.216666666666665,0.019733969122171402,-7.4651907198131084e-06,-6.219769375093165e-07,0.20556050539016724,0.20554287731647491,0.0006721893441863358,3.628423291957006e-05
25.233333333333334,0.019747117534279823,-7.544062100350857e-06,8.584963779867394e-07,0.2056937962770462,0.2056775540113449,0.0006730747409164906,-2.410645902273245e-05
25.25,0.01976022683084011,-7.639057002961636e-06,1.2475211406126618e-06,0.20582911372184753,0.20581068098545074,0.0006729711312800646,5.4872387408977374e-05
25.266666666666666,0.019773298874497414,-7.494294550269842e-06,-4.852410597777634e-07,0.20596177875995636,0.20594455301761627,0.0006735755014233291,1.7556658349349163e-05
25.28333333333333,0.01978645846247673,-7.532711606472731e-06,9.963216598407598e-07,0.2060956358909607,0.20607824623584747,0.0006724974373355508,-7.301284313143697e-06
25.3,0.01979951187968254,-7.480790372937918e-06,-4.7602759423170937e-07,0.20622913539409637,0.20621144771575928,0.0006732194451615214,-1.0571884558885358e-05
25.316666666666666,0.019812678918242455,-7.478694897145033e-06,6.684694540126657e-07,0.2063630223274231,0.20634661614894867,0.0006737468065693974,-4.2051738091686275e-06
25.333333333333332,0.019825737923383713,-7.496972102671862e-06,-5.175494521836299e-08,0.2064959704875946,0.2064805030822754,0.0006747788866050541,-3.293647387181409e-05
25.35,0.019838910549879074,-7.557799108326435e-06,1.318526756222127e-06,0.2066306322813034,0.20661449432373047,0.0006717986543662846,-1.0932337318081409e-05
25.366666666666667,0.019851982593536377,-7.468392141163349e-06,-5.128217139827029e-07,0.2067645788192749,0.20674648880958557,0.0006740621174685657,-2.7758283977163956e-05
25.383333333333333,0.019865170121192932,-7.56728695705533e-06,9.885254712571623e-07,0.20689930021762848,0.20688140392303467,0.0006733218324370682,-1.4740712686034385e-06
25.4,0.019878201186656952,-7.5116404332220554e-06,-5.384378596318129e-07,0.2070326805114746,0.20701444149017334,0.0006751100299879909,-1.9585446352721192e-05
25.416666666666668,0.01989135891199112,-7.536378689110279e-06,1.1910515240742825e-06,0.20716619491577148,0.2071494460105896,0.00067281344672665,8.163635357050225e-06
25.433333333333334,0.019904429093003273,-7.524446118623018e-06,-3.5359681760382955e-07,0.20730005204677582,0.2072826474905014,0.0006732337642461061,-1.5958470612531528e-05
25.45,0.019917581230401993,-7.543188985437155e-06,1.126732513512252e-06,0.2074340581893921,0.20741695165634155,0.0006724557606503367,2.097004653478507e-05
25.466666666666665,0.019930623471736908,-7.478753104805946e-06,-5.581712798630178e-07,0.2075677216053009,0.2075500786304474,0.0006730198510922492,2.2709951736032963e-05
25.483333333333334,0.019943684339523315,-7.515598554164171e-06,5.871871735507739e-07,0.20770099759101868,0.20768192410469055,0.0006694841431453824,1.5884123058640398e-05
25.5,0.01995674893260002,-7.535796612501144e-06,5.150423021405004e-07,0.20783402025699615,0.20781730115413666,0.0006723583792336285,7.559482583019417e-06
25.516666666666666,0.019969824701547623,-7.5070420280098915e-06,-3.109389581368305e-07,0.20796699821949005,0.20795053243637085,0.0006728163571096957,-3.0747902201255783e-05
25.53333333333333,0.019982997328042984,-7.607450243085623e-06,8.234162578446558e-07,0.2081030160188675,0.20808342099189758,0.0006725678103975952,3.451422890066169e-05
25.55,0.0199960358440876,-7.506401743739843e-06,-3.295849069218093e-07,0.20823517441749573,0.20821742713451385,0.0006738504744134843,-2.8968976039323024e-05
25.566666666666666,0.020009107887744904,-7.537484634667635e-06,7.8310443996088e-07,0.20836861431598663,0.20835047960281372,0.0006705420673824847,-8.658967999508604e-06
25.583333333333332,0.020022157579660416,-7.508846465498209e-06,-1.9071157453254273e-07,0.20850107073783875,0.20848439633846283,0.0006714946939609945,-2.968190710816998e-05
25.6,0.020035238936543465,-7.523864042013884e-06,8.635403787593532e-07,0.20863577723503113,0.2086174488067627,0.000670526409521699,1.0878905413846951e-05
25.616666666666667,0.020048268139362335,-7.489463314414024e-06,-4.483079578676552e-07,0.2087687999010086,0.2087513506412506,0.0006698275683447719,-5.926133326283889e-06
25.633333333333333,0.020061325281858444,-7.544935215264559e-06,2.3057816633809125e-07,0.2089003324508667,0.2088840901851654,0.0006724587292410433,-2.9117158192093484e-05
25.65,0.020074445754289627,-7.543188985437155e-06,1.1743758250304381e-06,0.209035262465477,0.20901769399642944,0.0006720985402353108,7.295352133951383e-06
25.666666666666668,0.02008753828704357,-7.605762220919132e-06,1.556408506075968e-06,0.20916883647441864,0.20915260910987854,0.0006692080060020089,-6.277622742345557e-05
25.683333333333334,0.020100584253668785,-7.517694029957056e-06,-2.013879196738344e-07,0.20930209755897522,0.20928537845611572,0.0006717258365824819,-1.991696444747504e-05
25.7,0.020113732665777206,-7.5750285759568214e-06,1.0735169553299784e-06,0.20943626761436462,0.2094188928604126,0.0006703388062305748,-1.2024439456581604e-05
25.716666666666665,0.020126687362790108,-7.486552931368351e-06,-4.564510902582697e-07,0.2095697671175003,0.20955140888690948,0.0006709268200211227,-3.076072516705608e-06
25.733333333333334,0.020139772444963455,-7.516238838434219e-06,5.939312472946767e-07,0.20970340073108673,0.2096850425004959,0.0006708871223963797,2.6863044695346616e-05
25.75,0.020152881741523743,-7.537833880633116e-06,1.1728512845365913e-06,0.20983585715293884,0.20981915295124054,0.000669899454806,-3.148104588035494e-05
25.766666666666666,0.020165972411632538,-7.501104846596718e-06,6.567597665707581e-07,0.20996977388858795,0.2099536657333374,0.000671043002512306,-2.952871727757156e-05
25.78333333333333,0.020179107785224915,-7.491500582545996e-06,6.858550136712438e-07,0.21010363101959229,0.21008722484111786,0.0006731210160069168,-4.344135959399864e-06
25.8,0.020192204043269157,-7.540395017713308e-06,-3.301680706613297e-08,0.21023724973201752,0.2102201282978058,0.0006740234093740582,-3.0476412575808354e-05
25.816666666666666,0.02020532265305519,-7.5026764534413815e-06,1.0056187420559581e-06,0.21037164330482483,0.21035505831241608,0.0006717606447637081,-2.2271674424700905e-06
25.833333333333332,0.020218385383486748,-7.471069693565369e-06,-3.195114857135195e-07,0.2105051875114441,0.2104882001876831,0.0006723556434735656,-2.8222810215083882e-05
25.849999999999998,0.020231537520885468,-7.543305400758982e-06,8.060535492404597e-07,0.21063844859600067,0.2106219083070755,0.0006711777532473207,-3.830010973615572e-05
25.866666666666667,0.020244790241122246,-7.408496458083391e-06,5.556598239309096e-07,0.210774227976799,0.2107565551996231,0.0006828149780631065,-1.0322851267119404e-05
25.883333333333333,0.02025819942355156,-7.485097739845514e-06,4.4948248500986665e-07,0.21091078221797943,0.21089398860931396,0.000688626547344029,-8.138996236084495e-06
25.9,0.02027154713869095,-7.562688551843166e-06,8.038139753807627e-07,0.21104717254638672,0.2110307365655899,0.0006849446217529476,-3.2084852136904374e-05
25.916666666666668,0.02028488740324974,-7.507100235670805e-06,6.242544259293936e-07,0.2111833244562149,0.21116650104522705,0.0006837575929239392,-1.0798983566928655e-05
25.933333333333334,0.020298108458518982,-7.553899195045233e-06,4.918970830658509e-08,0.21131795644760132,0.21130220592021942,0.0006809931946918368,-4.5135635446058586e-05
25.95,0.020311377942562103,-7.518916390836239e-06,6.690720510960091e-07,0.2114543318748474,0.2114371657371521,0.0006806001183576882,-9.633634363126475e-06
25.966666666666665,0.020324623212218285,-7.517635822296143e-06,8.230474577430869e-07,0.21158882975578308,0.21157306432724,0.0006789687904529274,-2.1381329133873805e-05
25.983333333333334,0.02033780887722969,-7.554539479315281e-06,-9.216988416937966e-08,0.21172352135181427,0.21170714497566223,0.0006777662201784551,-2.0195428078295663e-05
26.0,0.020350933074951172,-7.57887028157711e-06,7.860828077355109e-07,0.2118581086397171,0.211839959025383,0.0006729090237058699,4.6598751168858144e-07
26.016666666666666,0.02036396786570549,-7.486727554351091e-06,-3.587145158689964e-08,0.21199017763137817,0.2119743824005127,0.000672933179885149,-3.001599179697223e-05
26.03333333333333,0.020377129316329956,-7.471651770174503e-06,7.548013627456385e-07,0.21212531626224518,0.21210746467113495,0.0006726211286149919,-2.3706159026914975e-06
26.05,0.020390169695019722,-7.48754246160388e-06,3.1351009965874255e-07,0.21225883066654205,0.21224012970924377,0.0006706964340992272,2.1558720618486404e-05
26.066666666666666,0.02040325477719307,-7.577997166663408e-06,8.657921171106864e-07,0.21239303052425385,0.21237438917160034,0.0006705870036967099,3.281521640019491e-05
26.083333333333332,0.02041630446910858,-7.492955774068832e-06,-5.341783548828971e-08,0.21252456307411194,0.21250806748867035,0.0006711623864248395,-2.9553533750004135e-05
26.099999999999998,0.02042931504547596,-7.488008122891188e-06,-6.41321776129189e-07,0.2126585990190506,0.21264030039310455,0.000672939233481884,-2.902222695411183e-05
26.116666666666667,0.020442510023713112,-7.544877007603645e-06,1.3300408454597346e-06,0.2127915620803833,0.2127755880355835,0.0006720653036609292,-2.246889562229626e-05
26.133333333333333,0.0204554945230484,-7.5151328928768635e-06,5.326268706085102e-07,0.2129257470369339,0.21290846168994904,0.0006682251114398241,-3.067153102165321e-06
26.15,0.020468518137931824,-7.5168791227042675e-06,-4.319773552197148e-07,0.2130586951971054,0.21304045617580414,0.0006705985870212317,-2.107171167153865e-05
26.166666666666668,0.020481526851654053,-7.5310817919671535e-06,1.1279734053459833e-06,0.21319061517715454,0.21317411959171295,0.0006677220808342099,-2.1484747776412405e-06
26.183333333333334,0.020494559779763222,-7.518916390836239e-06,5.089651153866726e-07,0.21332436800003052,0.21330773830413818,0.0006694687763229012,-5.292905598253128e-07
26.2,0.020507613196969032,-7.5632124207913876e-06,7.670800528103427e-07,0.21345771849155426,0.21343934535980225,0.0006672344752587378,3.463867324171588e-05
26.216666666666665,0.02052060142159462,-7.513153832405806e-06,-2.709158479774487e-07,0.21358978748321533,0.21357232332229614,0.0006711180321872234,-2.6330248147132806e-05
26.233333333333334,0.020533723756670952,-7.499649655073881e-06,1.1374182804502198e-06,0.2137230783700943,0.2137073278427124,0.0006699400255456567,-2.7420874175732024e-05
26.25,0.02054676041007042,-7.5158895924687386e-06,-1.8623313735588454e-07,0.21385666728019714,0.21383973956108093,0.000671341666020453,-2.955294075945858e-05
26.266666666666666,0.020559998229146004,-7.429043762385845e-06,3.18324936188219e-07,0.21399140357971191,0.2139749675989151,0.0006800171104259789,-1.674877967161592e-05
26.28333333333333,0.02057337574660778,-7.4696727097034454e-06,5.870248287465074e-07,0.21412897109985352,0.21411143243312836,0.0006897858111187816,9.570480870024767e-06
26.3,0.020586906000971794,-7.408671081066132e-06,1.7686426190266502e-07,0.2142661213874817,0.2142486274242401,0.0006949056405574083,2.5715673473314382e-05
26.316666666666666,0.02060047909617424,-7.456750608980656e-06,4.3915329683841264e-07,0.21440595388412476,0.21438813209533691,0.0007012748974375427,4.061333675053902e-05
26.333333333333332,0.02061399817466736,-7.550814189016819e-06,1.1641932360362262e-06,0.2145434319972992,0.21452650427818298,0.0006930830422788858,5.362580850487575e-06
26.349999999999998,0.02062738500535488,-7.549533620476723e-06,1.3632261186558026e-07,0.21467961370944977,0.21466347575187683,0.0006879474385641515,-5.904063073103316e-05
26.366666666666667,0.020640645176172256,-7.4346899054944515e-06,-5.44016700132488e-07,0.21481581032276154,0.21479915082454681,0.0006855902611277997,-1.4373700651049148e-05
26.383333333333333,0.020654015243053436,-7.591443136334419e-06,1.3018025128985755e-06,0.21495123207569122,0.2149350941181183,0.0006806779420003295,-2.6689278456615284e-05
26.4,0.02066720277070999,-7.500289939343929e-06,-7.576198868264328e-08,0.2150861620903015,0.21507015824317932,0.0006789687904529274,-2.2255304429563694e-05
26.416666666666668,0.02068037912249565,-7.549941074103117e-06,8.496863301843405e-07,0.21522144973278046,0.2152041792869568,0.0006762314587831497,1.8203202216682257e-06
26.433333333333334,0.020693521946668625,-7.514492608606815e-06,-5.880977482775052e-07,0.2153562605381012,0.21533754467964172,0.0006771025364287198,1.8420563719701022e-05
26.45,0.02070673555135727,-7.498310878872871e-06,7.81365940838441e-07,0.21549035608768463,0.21547217667102814,0.0006760784308426082,3.429685239098035e-05
26.466666666666665,0.02071981318295002,-7.50366598367691e-06,-3.047254608645744e-07,0.2156241536140442,0.21560688316822052,0.0006759460084140301,-4.9140030569105875e-06
26.483333333333334,0.020733017474412918,-7.469498086720705e-06,7.088338520588877e-07,0.21575815975666046,0.21574153006076813,0.0006749042659066617,1.1320565818095929e-07
26.5,0.02074616774916649,-7.49778700992465e-06,9.811603831622051e-07,0.21589279174804688,0.2158755511045456,0.0006727682775817811,2.4475161808368284e-06
26.516666666666666,0.02075919508934021,-7.485563401132822e-06,-2.2028257262718398e-07,0.21602636575698853,0.21600984036922455,0.0006727115833200514,-2.340913488296792e-05
26.53333333333333,0.020772377029061317,-7.575377821922302e-06,1.4232580269890605e-06,0.21615953743457794,0.21614329516887665,0.0006710155867040157,-4.201828778604977e-05
26.55,0.02078535221517086,-7.491267751902342e-06,-4.3199543142691255e-07,0.21629320085048676,0.21627649664878845,0.0006721670506522059,-1.288755356654292e-06
26.566666666666666,0.020798496901988983,-7.5607094913721085e-06,8.308979317916965e-07,0.2164277732372284,0.21640972793102264,0.0006721277604810894,9.973396117857192e-06
26.583333333333332,0.020811688154935837,-7.583119440823793e-06,4.88473574478121e-07,0.21656106412410736,0.21654441952705383,0.0006737763178534806,-1.8272401575814e-05
26.599999999999998,0.02082473784685135,-7.484923116862774e-06,-2.5215487653440505e-07,0.21669434010982513,0.2166784405708313,0.0006752357585355639,-2.605165536806453e-05
26.616666666666667,0.020837906748056412,-7.477356120944023e-06,7.326659101636324e-07,0.21682967245578766,0.21681219339370728,0.000673852046020329,5.084295025881147e-06
26.633333333333333,0.02085106447339058,-7.528113201260567e-06,8.187445246221614e-07,0.21696442365646362,0.21694611012935638,0.0006739458185620606,4.835629079025239e-05
26.65,0.020864121615886688,-7.46891601011157e-06,-4.813184091290168e-07,0.21709764003753662,0.21707992255687714,0.0006741774268448353,-1.6105339454952627e-05
26.666666666666668,0.02087732031941414,-7.5893476605415344e-06,1.3344741773835267e-06,0.21723076701164246,0.2172146737575531,0.0006720430683344603,-3.881740849465132e-05
26.683333333333334,0.020890330895781517,-7.462222129106522e-06,-1.7295026566443994e-07,0.2173646092414856,0.21734848618507385,0.0006723773549310863,-2.8286560336709954e-05
26.7,0.02090344950556755,-7.531722076237202e-06,1.0359660791436909e-06,0.21749864518642426,0.21748216450214386,0.000668201653752476,-8.877059735823423e-05
26.716666666666665,0.020916450768709183,-7.4830022640526295e-06,-4.4833146262135415e-07,0.2176319658756256,0.21761414408683777,0.000671947083901614,-1.1669227205857169e-05
26.733333333333334,0.020929597318172455,-7.514667231589556e-06,8.459502964797139e-07,0.21776624023914337,0.21774855256080627,0.000671645684633404,1.816547774069477e-05
26.75,0.020942626520991325,-7.503200322389603e-06,-5.345833642422804e-07,0.21789906919002533,0.21788141131401062,0.0006732435431331396,-2.8977065085200593e-05
26.766666666666666,0.020955806598067284,-7.5615826062858105e-06,1.0566267292233533e-06,0.21803350746631622,0.2180163711309433,0.0006699925870634615,-2.7736794436350465e-05
26.78333333333333,0.020968832075595856,-7.521768566220999e-06,-3.5416198329585313e-07,0.21816642582416534,0.21814869344234467,0.0006729938904754817,-2.6855816031456925e-05
26.8,0.02098199725151062,-7.600581739097834e-06,1.2832881566282595e-06,0.21830043196678162,0.2182837575674057,0.0006687758141197264,-8.817774505587295e-05
26.816666666666666,0.020994987338781357,-7.468799594789743e-06,-4.3550645045797864e-07,0.21843382716178894,0.21841612458229065,0.0006718855584040284,-6.697860499116359e-06
26.833333333333332,0.02100813016295433,-7.510243449360132e-06,5.464287937684276e-07,0.21856768429279327,0.2185504138469696,0.0006730142631568015,-1.6928805052884854e-05
26.849999999999998,0.021021218970417976,-7.594004273414612e-06,8.331360277225031e-07,0.2187022566795349,0.2186836153268814,0.0006730667664669454,2.636749377415981e-05
26.866666666666667,0.02103429287672043,-7.574097253382206e-06,9.061944865607074e-07,0.21883521974086761,0.21881747245788574,0.0006693332688882947,-1.0613311133056413e-05
26.883333333333333,0.02104729413986206,-7.494003511965275e-06,-4.3796293880404846e-07,0.21896807849407196,0.21895025670528412,0.0006720875389873981,2.30773748626234e-05
26.9,0.021060418337583542,-7.526774425059557e-06,6.923511932654947e-07,0.21910203993320465,0.21908357739448547,0.0006716770003549755,1.1338433978380635e-05
26.916666666666668,0.02107350528240204,-7.540395017713308e-06,8.052632551880379e-07,0.21923577785491943,0.21921713650226593,0.0006717639626003802,4.6760946133872494e-05
26.933333333333334,0.021086575463414192,-7.539463695138693e-06,7.748120651740464e-07,0.21936887502670288,0.2193509042263031,0.0006688318680971861,2.6292942493455485e-05
26.95,0.021099550649523735,-7.504771929234266e-06,-4.898938072983583e-07,0.21950183808803558,0.2194848656654358,0.0006699832738377154,-2.4783925255178474e-05
26.966666666666665,0.021112697198987007,-7.592781912535429e-06,1.4055293604542385e-06,0.21963447332382202,0.21961800754070282,0.0006701948586851358,-1.530490226286929e-05
26.983333333333334,0.021125685423612595,-7.496506441384554e-06,-4.694251174441888e-07,0.2197689265012741,0.21975156664848328,0.000670550623908639,1.7801472495193593e-05
27.0,0.021138794720172882,-7.547379937022924e-06,1.2170794434496202e-06,0.21990174055099487,0.2198847085237503,0.0006700517842546105,6.620360181841534e-06
27.016666666666666,0.021151794120669365,-7.454073056578636e-06,-3.169636784150498e-07,0.2200346291065216,0.22001756727695465,0.0006713722832500935,-2.9342647394514643e-05
27.03333333333333,0.021164914593100548,-7.52380583435297e-06,7.714265848335344e-07,0.22016902267932892,0.22015158832073212,0.0006698572542518377,-1.4493460184894502e-05
27.05,0.021177977323532104,-7.526890840381384e-06,7.338921363952977e-07,0.22030285000801086,0.2202841341495514,0.0006709356093779206,4.557393549475819e-05
27.066666666666666,0.021191049367189407,-7.529568392783403e-06,-7.141741775740229e-08,0.2204354703426361,0.22041845321655273,0.0006713609909638762,-1.934054307639599e-05
27.083333333333332,0.021204181015491486,-7.521884981542826e-06,1.0918388397840317e-06,0.22056907415390015,0.22055231034755707,0.0006702913669869304,1.1409015314711723e-06
27.099999999999998,0.021217159926891327,-7.4346899054944515e-06,-4.5106185098120477e-07,0.22070203721523285,0.2206859439611435,0.0006717521464452147,-1.532069109089207e-05
27.116666666666667,0.0212303027510643,-7.479684427380562e-06,6.588742280655424e-07,0.2208366096019745,0.22081860899925232,0.0006712925969623029,3.5195127566112205e-05
27.133333333333333,0.021243421360850334,-7.537484634667635e-06,1.0469778999322443e-06,0.22097061574459076,0.2209530472755432,0.0006709805456921458,-1.4173965610098094e-05
27.15,0.021256469190120697,-7.5346906669437885e-06,1.2447068931109584e-09,0.22110342979431152,0.22108648717403412,0.000672771071549505,-2.655155367392581e-05
27.166666666666668,0.02126963436603546,-7.5944699347019196e-06,1.2808203564418363e-06,0.22123746573925018,0.22122125327587128,0.0006676279008388519,-0.00011879504745593295
27.183333333333334,0.021282615140080452,-7.504597306251526e-06,-4.174304137904983e-07,0.2213708758354187,0.22135309875011444,0.0006715175695717335,5.511582912731683e-06
27.2,0.021295754238963127,-7.565133273601532e-06,1.1018418035746436e-06,0.22150446474552155,0.22148743271827698,0.0006687103305011988,-2.49689237534767e-05
27.216666666666665,0.021308697760105133,-7.50634353607893e-06,-1.4197509301538958e-07,0.2216368317604065,0.22162024676799774,0.0006711427704431117,-3.6519313653116114e-06
27.233333333333334,0.02132178097963333,-7.499591447412968e-06,4.2726290416794654e-07,0.2217719405889511,0.22175268828868866,0.0006717569194734097,5.0248545448994264e-05
27.25,0.021334871649742126,-7.542257662862539e-06,7.050574026834511e-07,0.2219049483537674,0.2218874990940094,0.0006707874126732349,2.2685360818286426e-05
27.266666666666666,0.02134796977043152,-7.502967491745949e-06,4.326775240315328e-07,0.22203855216503143,0.22202083468437195,0.0006702687824144959,8.743686521484051e-06
27.28333333333333,0.02136102318763733,-7.533351890742779e-06,7.371140782197472e-07,0.22217164933681488,0.22215378284454346,0.0006711402093060315,1.7011427189572714e-05
27.3,0.021374156698584557,-7.546332199126482e-06,1.0799475376188639e-06,0.2223057895898819,0.22228862345218658,0.000670855341013521,-8.738430551602505e-06
27.316666666666666,0.02138722687959671,-7.511931471526623e-06,-1.4724193420079246e-07,0.22243906557559967,0.22242167592048645,0.0006719049997627735,-1.9118871932732873e-05
27.333333333333332,0.021400287747383118,-7.507216650992632e-06,8.232084951487195e-07,0.22257289290428162,0.22255535423755646,0.000669882632791996,-7.684468073421158e-06
27.349999999999998,0.02141338400542736,-7.553899195045233e-06,9.922697472575237e-07,0.22270667552947998,0.2226887345314026,0.0006690020090900362,5.0357848522253335e-06
27.366666666666667,0.02142641320824623,-7.5087882578372955e-06,5.357374988079755e-08,0.222838893532753,0.2228228598833084,0.0006691901362501085,-3.427444244152866e-05
27.383333333333333,0.02143944427371025,-7.49493483453989e-06,2.3708960839030624e-07,0.22297149896621704,0.2229558825492859,0.0006701533566229045,-3.565838414942846e-05
27.4,0.021452482789754868,-7.508497219532728e-06,5.270107017452119e-09,0.22310489416122437,0.223088338971138,0.000670961628202349,-2.1627369278576225e-05
27.416666666666668,0.021465543657541275,-7.521070074290037e-06,-1.6648269252073078e-07,0.2232387661933899,0.22322072088718414,0.0006722559919580817,-2.927815876319073e-05
27.433333333333334,0.021478578448295593,-7.470778655260801e-06,4.5110968471817614e-07,0.22337190806865692,0.22335445880889893,0.0006697170319966972,3.4672702895477414e-06
27.45,0.021491611376404762,-7.550581358373165e-06,7.524490115429217e-07,0.22350604832172394,0.22348743677139282,0.0006706347921863198,3.789682159549557e-05
27.466666666666665,0.021504655480384827,-7.53806671127677e-06,8.242704438998771e-07,0.2236384004354477,0.2236206829547882,0.0006678783684037626,3.696077692438848e-05
27.483333333333334,0.021517638117074966,-7.5142597779631615e-06,-8.906381765427795e-08,0.22377076745033264,0.22375428676605225,0.0006691010785289109,-2.0503925043158233e-05
27.5,0.021530665457248688,-7.559021469205618e-06,-2.714901938816183e-07,0.22390496730804443,0.2238861322402954,0.0006712260656058788,2.7002286515198648e-05
27.516666666666666,0.021543700248003006,-7.478287443518639e-06,1.4561025807324768e-07,0.22403675317764282,0.22401951253414154,0.000668124936055392,-1.2818892173527274e-05
27.53333333333333,0.021556690335273743,-7.539230864495039e-06,9.032242473949736e-07,0.2241700142621994,0.22415325045585632,0.0006674887845292687,-4.780169183504768e-05
27.55,0.0215697530657053,-7.571186870336533e-06,1.3678280765816453e-06,0.22430281341075897,0.22428745031356812,0.000665242609102279,-0.00010200724500464275
27.566666666666666,0.021582679823040962,-7.482187356799841e-06,-3.467442866167403e-07,0.2244359850883484,0.22441799938678741,0.0006646652473136783,2.850969394785352e-05
27.583333333333332,0.02159571833908558,-7.595517672598362e-06,1.1138711215608055e-06,0.22456836700439453,0.2245507538318634,0.0006664566462859511,6.696300260955468e-06
27.599999999999998,0.021608632057905197,-7.452210411429405e-06,-2.2428626778037142e-07,0.22470003366470337,0.2246827632188797,0.0006651469157077372,3.869105967169162e-06
27.616666666666667,0.021621692925691605,-7.537659257650375e-06,1.1623852742559393e-06,0.2248329222202301,0.22481654584407806,0.0006646918482147157,-5.469351435749559e-06
27.633333333333333,0.02163461223244667,-7.438648026436567e-06,-2.525378022255609e-07,0.22496545314788818,0.22494834661483765,0.0006676685879938304,-1.7450269297114573e-05
27.65,0.02164766937494278,-7.547496352344751e-06,1.1113888831459917e-06,0.22509871423244476,0.2250816822052002,0.000667347339913249,-1.9681001504068263e-05
27.666666666666668,0.021660752594470978,-7.52531923353672e-06,1.9198580503143603e-07,0.22523248195648193,0.22521521151065826,0.0006720584351569414,1.9009046809514984e-05
27.683333333333334,0.021673809736967087,-7.4820127338171005e-06,-1.1450109305144451e-08,0.2253653109073639,0.22534838318824768,0.0006722477846778929,-2.9659349820576608e-05
27.7,0.021686887368559837,-7.519207429140806e-06,2.774530827309718e-08,0.22549913823604584,0.2254820615053177,0.0006728344014845788,-2.2263098799157888e-05
27.716666666666665,0.021699925884604454,-7.4747949838638306e-06,4.6814326992716815e-07,0.22563263773918152,0.22561492025852203,0.0006690865266136825,-8.578727829444688e-06
27.733333333333334,0.021713081747293472,-7.5274729169905186e-06,3.864314805923641e-07,0.22576700150966644,0.22575026750564575,0.0006746079889126122,2.3298720407183282e-05
27.75,0.02172616869211197,-7.556052878499031e-06,5.610147013612732e-07,0.22590138018131256,0.22588282823562622,0.0006699382211081684,3.102060145465657e-05
27.766666666666666,0.02173926681280136,-7.571012247353792e-06,2.248694812578833e-07,0.22603482007980347,0.22601734101772308,0.0006718500517308712,4.085534328623908e-06
27.78333333333333,0.02175234630703926,-7.5562275014817715e-06,-1.0261037175496313e-07,0.22616825997829437,0.22614993155002594,0.0006731179310008883,2.3439681172021665e-05
27.8,0.02176542580127716,-7.518276106566191e-06,-7.3637394848447e-08,0.2263014018535614,0.22628401219844818,0.0006731287576258183,-1.2721424354822375e-05
27.816666666666666,0.021778594702482224,-7.533468306064606e-06,6.130173346718948e-07,0.22643505036830902,0.22641928493976593,0.0006743743433617055,-1.864632940851152e-05
27.833333333333332,0.02179165557026863,-7.488939445465803e-06,-1.724042135720083e-07,0.2265695184469223,0.22655193507671356,0.0006749838939867914,-2.6794241421157494e-05
27.849999999999998,0.02180483564734459,-7.5303250923752785e-06,1.0188150554313324e-06,0.2267039567232132,0.22668679058551788,0.0006719281082041562,-5.209688242757693e-05
27.866666666666667,0.02181786671280861,-7.5373100116848946e-06,2.29076746904866e-07,0.2268388569355011,0.2268182337284088,0.000669577915687114,6.48882269160822e-05
27.883333333333333,0.021831009536981583,-7.494993042200804e-06,8.776811455390998e-07,0.2269710898399353,0.22695450484752655,0.000672326423227787,-1.0015664884122089e-05
27.9,0.021844033151865005,-7.496913895010948e-06,-2.501440690139134e-07,0.22710490226745605,0.2270871251821518,0.0006736298673786223,-2.710977923925384e-06
27.916666666666668,0.02185717783868313,-7.595052011311054e-06,9.86182271844882e-07,0.2272377908229828,0.22722148895263672,0.0006716512725688517,5.5710274864395615e-06
27.933333333333334,0.021870218217372894,-7.597613148391247e-06,-5.342654674223013e-08,0.22736985981464386,0.22735482454299927,0.000673743721563369,-1.8428871044307016e-05
27.95,0.021883394569158554,-7.697788532823324e-06,1.7899168369694962e-06,0.22750414907932281,0.22748857736587524,0.0006730200839228928,3.111861224169843e-05
27.966666666666665,0.021896466612815857,-7.610127795487642e-06,9.288223168368859e-07,0.22763700783252716,0.22762198746204376,0.000670455046929419,-2.8736340027535334e-05
27.983333333333334,0.02190970629453659,-7.634633220732212e-06,1.0813693052114104e-06,0.227772057056427,0.2277563512325287,0.000680497963912785,-1.7693164409138262e-06
28.0,0.02192307822406292,-7.705064490437508e-06,9.413703878635715e-07,0.22790825366973877,0.22789347171783447,0.0006834264495410025,-2.2816871933173388e-05
28.016666666666666,0.021936288103461266,-7.689115591347218e-06,1.330439658886462e-06,0.22804392874240875,0.22802744805812836,0.0006776322261430323,3.494175325613469e-05
28.03333333333333,0.021949438378214836,-7.615482900291681e-06,3.780975248446339e-07,0.22817730903625488,0.22816351056098938,0.0006778821116313338,-4.257980253896676e-05
28.05,0.02196263149380684,-7.692317012697458e-06,2.056470748357242e-06,0.2283119261264801,0.22829805314540863,0.000676857540383935,2.7529665658221347e-08
28.066666666666666,0.021975787356495857,-7.598719093948603e-06,3.1507778430750477e-07,0.22844593226909637,0.2284315973520279,0.0006776670925319195,-2.839188528014347e-05
28.083333333333332,0.021989023312926292,-7.696449756622314e-06,1.7623073063077754e-06,0.22858156263828278,0.22856590151786804,0.0006760435062460601,3.648318306659348e-05
28.099999999999998,0.02200215868651867,-7.623864803463221e-06,2.1910364012001082e-07,0.2287154644727707,0.22870050370693207,0.0006770453765057027,-3.060177914449014e-05
28.116666666666667,0.022015348076820374,-7.584283594042063e-06,6.379134447342949e-07,0.2288500815629959,0.22883543372154236,0.0006826193421147764,-1.6064144801930524e-05
28.133333333333333,0.022028768435120583,-7.638591341674328e-06,1.1845390872622374e-06,0.22898730635643005,0.22897236049175262,0.0006852341466583312,1.1715087566699367e-05
28.15,0.02204214036464691,-7.661641575396061e-06,1.6021195961002377e-06,0.2291243076324463,0.22910717129707336,0.000681636796798557,0.0001136637874878943
28.166666666666668,0.02205543965101242,-7.67892925068736e-06,2.2654078293271596e-06,0.22925877571105957,0.22924508154392242,0.0006803786964155734,-1.5129539860936347e-05
28.183333333333334,0.02206858992576599,-7.60774128139019e-06,3.526521652474912e-07,0.22939307987689972,0.22937968373298645,0.0006797310197725892,-3.0053197406232357e-05
28.2,0.022081857547163963,-7.756345439702272e-06,1.728260713207419e-06,0.22952911257743835,0.22951294481754303,0.0006778711685910821,3.0125995181151666e-05
28.216666666666665,0.02209501713514328,-7.588474545627832e-06,2.031644044109271e-07,0.22966276109218597,0.22964859008789062,0.00067891989601776,-3.0081942895776592e-05
28.233333333333334,0.02210843749344349,-7.681723218411207e-06,1.3096811244395212e-06,0.2297997921705246,0.22978372871875763,0.0006869537755846977,6.705337000312284e-06
28.25,0.02212178334593773,-7.580325473099947e-06,3.3423643230889866e-07,0.22993701696395874,0.22992032766342163,0.000688541738782078,-3.0077793780947104e-05
28.266666666666666,0.022135354578495026,-7.588590960949659e-06,1.1320460089336848e-06,0.23007433116436005,0.2300591915845871,0.0006936800782568753,-1.938802051881794e-05
28.28333333333333,0.022148864343762398,-7.659720722585917e-06,7.694401915614435e-07,0.23021341860294342,0.2301962524652481,0.000697606650646776,-9.084339581022505e-06
28.3,0.022162476554512978,-7.555179763585329e-06,9.398042948305374e-07,0.2303517758846283,0.23033709824085236,0.0007031883578747511,-2.2173888282850385e-05
28.316666666666666,0.022176194936037064,-7.568101864308119e-06,1.3134401797287865e-06,0.23049074411392212,0.23047690093517303,0.0007049522828310728,-2.5390632799826562e-05
28.333333333333332,0.022189971059560776,-7.598137017339468e-06,1.1786531786128762e-06,0.23063154518604279,0.23061633110046387,0.0007086710538715124,5.424416031019064e-06
28.349999999999998,0.0222037173807621,-7.639522664248943e-06,9.723321454657707e-07,0.2307736873626709,0.23075759410858154,0.0007047309773042798,3.772411446334445e-06
28.366666666666667,0.022217364981770515,-7.739581633359194e-06,2.123865442626993e-06,0.23091112077236176,0.23089665174484253,0.0006977934972383082,-3.931756964448141e-06
28.383333333333333,0.022230807691812515,-7.6026772148907185e-06,4.1755320978609234e-08,0.231049045920372,0.23103366792201996,0.0006924950866959989,-3.0014014555490576e-05
28.4,0.022244252264499664,-7.698195986449718e-06,1.7305188748650835e-06,0.23118659853935242,0.2311704158782959,0.0006875837570987642,2.276526538480539e-05
28.416666666666668,0.022257540374994278,-7.5917923822999e-06,1.639439801692788e-07,0.23132134974002838,0.23130714893341064,0.0006858729175291955,-2.2049969629733823e-05
28.433333333333334,0.02227102592587471,-7.616356015205383e-06,1.3087093293506769e-06,0.23145869374275208,0.2314436137676239,0.0006920710438862443,-2.3514809072366916e-05
28.45,0.02228439599275589,-7.729802746325731e-06,9.823841082834406e-07,0.2315971553325653,0.23158058524131775,0.0006899556028656662,-4.639441158360569e-06
28.466666666666665,0.022297877818346024,-7.698603440076113e-06,2.0192539977870183e-06,0.23173269629478455,0.23171760141849518,0.0006861057481728494,5.203577529755421e-05
28.483333333333334,0.022311167791485786,-7.676950190216303e-06,3.071424714562454e-07,0.23186877369880676,0.23185373842716217,0.0006850080098956823,-2.8914220820297487e-05
28.5,0.022324644029140472,-7.618567906320095e-06,1.08835604351043e-06,0.23200620710849762,0.23199045658111572,0.0006920236628502607,-3.974539140472189e-06
28.516666666666666,0.022338181734085083,-7.553840987384319e-06,1.0319330385755165e-06,0.2321445345878601,0.23212918639183044,0.0006987058441154659,-1.6890176993911155e-05
28.53333333333333,0.02235184982419014,-7.571594323962927e-06,1.1696147339534946e-06,0.2322835773229599,0.23226889967918396,0.0007039891206659377,-1.6545898233744083e-06
28.55,0.02236558310687542,-7.647497113794088e-06,1.1048398391722003e-06,0.23242409527301788,0.23240886628627777,0.0007062997901812196,-7.246523523463111e-07
28.566666666666666,0.02237924188375473,-7.733702659606934e-06,1.911772642415599e-06,0.2325633019208908,0.23254825174808502,0.0006984610809013247,1.1036129762942437e-05
28.583333333333332,0.022392645478248596,-7.603026460856199e-06,-8.138636076182593e-08,0.2327004075050354,0.23268559575080872,0.0006937806610949337,-2.9421114959404804e-05
28.599999999999998,0.022406136617064476,-7.673632353544235e-06,1.8003570403379854e-06,0.23283751308918,0.23282240331172943,0.0006885644979774952,2.503081486793235e-05
28.616666666666667,0.02241945080459118,-7.588881999254227e-06,1.2770941282269632e-07,0.23297354578971863,0.23295873403549194,0.0006869736243970692,-1.891055035230238e-06
28.633333333333333,0.022432951256632805,-7.629918400198221e-06,1.1265992725384422e-06,0.23311150074005127,0.23309586942195892,0.0006923776818439364,-1.7840897271526046e-05
28.65,0.02244645729660988,-7.598311640322208e-06,9.867427479548496e-07,0.23324918746948242,0.23323461413383484,0.0006964341155253351,-2.737123577389866e-05
28.666666666666668,0.022459959611296654,-7.733062375336885e-06,1.7826798739406513e-06,0.23338766396045685,0.23337145149707794,0.0006900778971612453,1.782052822818514e-05
28.683333333333334,0.022473296150565147,-7.614027708768845e-06,8.112720450981215e-08,0.23352308571338654,0.23350787162780762,0.0006881704903207719,-3.0203393180272542e-05
28.7,0.02248677797615528,-7.62369018048048e-06,1.1778585076172021e-06,0.23366092145442963,0.23364542424678802,0.000693818146828562,-2.2878952222527005e-05
28.716666666666665,0.022500403225421906,-7.715949323028326e-06,1.588841314514866e-06,0.23379912972450256,0.2337847799062729,0.0006963448831811547,-3.714658669196069e-05
28.733333333333334,0.02251385524868965,-7.618975359946489e-06,1.6457638594147284e-06,0.23393580317497253,0.23392225801944733,0.0006965967477299273,-3.514605850796215e-05
28.75,0.022527221590280533,-7.658731192350388e-06,1.119388571169111e-06,0.23407414555549622,0.2340574413537979,0.0006875786930322647,4.846865704166703e-05
28.766666666666666,0.02254055067896843,-7.669208571314812e-06,3.0395298722396547e-07,0.23420903086662292,0.23419450223445892,0.0006869014468975365,2.3769466679368634e-06
28.78333333333333,0.02255389839410782,-7.603724952787161e-06,1.2073764992237557e-06,0.23434674739837646,0.23433001339435577,0.0006828144541941583,6.498914444819093e-05
28.8,0.022567352280020714,-7.579335942864418e-06,7.267220212270331e-07,0.23448267579078674,0.2344670295715332,0.0006914430996403098,1.664028604864143e-05
28.816666666666666,0.022580787539482117,-7.634051144123077e-06,6.8264625951997e-07,0.23462116718292236,0.23460598289966583,0.000692060450091958,-3.2464665764564415e-06
28.833333333333332,0.022594338282942772,-7.63812568038702e-06,1.7444600644012098e-06,0.2347584366798401,0.2347424328327179,0.0006868847412988544,7.873478898545727e-05
28.849999999999998,0.022607631981372833,-7.5499992817640305e-06,2.852852958312724e-07,0.2348933070898056,0.23487955331802368,0.0006863818853162229,-3.052371903322637e-05
28.866666666666667,0.022620975971221924,-7.721595466136932e-06,1.6123647128551966e-06,0.23503108322620392,0.23501437902450562,0.000682193145621568,5.15286810696125e-05
28.883333333333333,0.022634202614426613,-7.603259291499853e-06,1.4437543427447963e-07,0.23516514897346497,0.2351500689983368,0.0006821968709118664,-2.9824457669747062e-05
28.9,0.02264762483537197,-7.588881999254227e-06,7.458056643372402e-07,0.23530235886573792,0.2352854609489441,0.000689522479660809,2.7974554541287944e-05
28.916666666666668,0.022661156952381134,-7.654714863747358e-06,1.323806714026432e-06,0.23544073104858398,0.23542456328868866,0.000696635979693383,-1.8433642253512517e-05
28.933333333333334,0.022674761712551117,-7.61344563215971e-06,8.101447406261286e-07,0.23557904362678528,0.23556400835514069,0.0007007117965258658,-9.554883035889361e-06
28.95,0.022688454017043114,-7.682014256715775e-06,1.5021320223240764e-06,0.23571816086769104,0.23570364713668823,0.0007026279345154762,-2.9356586310314015e-05
28.966666666666665,0.02270195260643959,-7.625319994986057e-06,-1.010070747042846e-07,0.2358567714691162,0.2358406037092209,0.0006974394782446325,-2.6771833290695213e-05
28.983333333333334,0.02271554432809353,-7.565016858279705e-06,9.256517614630866e-07,0.23599539697170258,0.23597966134548187,0.0007006554515101016,1.4074507816985715e-05
29.0,0.022729232907295227,-7.57584348320961e-06,1.3013222996960394e-06,0.23613429069519043,0.2361200600862503,0.0007063166704028845,-1.46311967910151e-05
29.016666666666666,0.022742969915270805,-7.582304533571005e-06,1.040720803757722e-06,0.23627513647079468,0.23625947535037994,0.0007075794273987412,3.167475006193854e-05
29.03333333333333,0.02275678515434265,-7.6105352491140366e-06,6.005174100209842e-07,0.23641693592071533,0.23639997839927673,0.0007094508619047701,1.107666776078986e-05
29.05,0.02277049794793129,-7.726310286670923e-06,1.6991755273920717e-06,0.2365560680627823,0.23653993010520935,0.0007006941013969481,8.742623322177678e-05
29.066666666666666,0.022784005850553513,-7.620721589773893e-06,-2.116717610078922e-07,0.23669469356536865,0.23667821288108826,0.0006964707281440496,-2.4744358597672544e-05
29.083333333333332,0.022797487676143646,-7.718743290752172e-06,1.7512144268039265e-06,0.23683181405067444,0.2368158996105194,0.0006910550291649997,1.8830645785783418e-05
29.099999999999998,0.02281085029244423,-7.615657523274422e-06,1.2917288358949008e-06,0.23696686327457428,0.23695237934589386,0.0006837286637164652,-1.3968756320537068e-05
29.116666666666667,0.02282404527068138,-7.708207704126835e-06,1.4182954828356742e-06,0.23710277676582336,0.23708650469779968,0.0006786103476770222,-2.0903078620904125e-05
29.133333333333333,0.022837188094854355,-7.593829650431871e-06,-4.727672120452553e-08,0.2372368425130844,0.2372213453054428,0.0006783545832149684,-2.944411062344443e-05
29.15,0.022850509732961655,-7.585273124277592e-06,8.109710734061082e-07,0.23737289011478424,0.23735642433166504,0.0006865886971354485,1.4619155081163626e-05
29.166666666666668,0.022864002734422684,-7.606751751154661e-06,1.0160591727981227e-06,0.23750938475131989,0.23749537765979767,0.0006914662662893534,-1.7113743524532765e-05
29.183333333333334,0.02287754788994789,-7.597554940730333e-06,9.346302363155701e-07,0.23764827847480774,0.23763272166252136,0.0006989616085775197,-3.3036876629921608e-06
29.2,0.022891029715538025,-7.714959792792797e-06,1.8708016114032944e-06,0.2377864271402359,0.2377706915140152,0.0006924149347469211,3.1611541544407373e-06
29.216666666666665,0.022904440760612488,-7.605995051562786e-06,1.3610890903237305e-07,0.23792235553264618,0.23790791630744934,0.0006888374919071794,-2.9529326639021747e-05
29.233333333333334,0.022917889058589935,-7.539056241512299e-06,1.274833607567416e-06,0.23805929720401764,0.23804539442062378,0.0006938627338968217,-1.84527161763981e-05
29.25,0.022931355983018875,-7.74068757891655e-06,2.0262996258679777e-06,0.23819690942764282,0.2381824254989624,0.0006882585003040731,-1.4621522495872341e-05
29.266666666666666,0.02294459193944931,-7.618044037371874e-06,-2.2656503517737292e-07,0.2383335530757904,0.23831743001937866,0.0006842857110314071,-2.930631126218941e-05
29.28333333333333,0.022957973182201385,-7.675611414015293e-06,1.6615592812740942e-06,0.23846910893917084,0.23845274746418,0.0006818369729444385,6.946022040210664e-05
29.3,0.022971197962760925,-7.628113962709904e-06,1.5952214482695126e-07,0.2386036068201065,0.23858875036239624,0.0006821006536483765,-7.591683697683038e-06
29.316666666666666,0.022984575480222702,-7.57735688239336e-06,6.655458832938166e-07,0.23874036967754364,0.23872491717338562,0.0006897952407598495,-8.163783604686614e-06
29.333333333333332,0.022998128086328506,-7.602444384247065e-06,1.3940115195509861e-06,0.23887833952903748,0.23886360228061676,0.0006969889509491622,1.4101605302130338e-05
29.349999999999998,0.02301163598895073,-7.681082934141159e-06,1.5868581613176502e-06,0.23901689052581787,0.23900055885314941,0.0006908508948981762,8.529711340088397e-05
29.366666666666667,0.02302497997879982,-7.635215297341347e-06,8.91662409685523e-07,0.23915374279022217,0.23913687467575073,0.0006846035830676556,-2.9596292279165937e-06
29.383333333333333,0.023038174957036972,-7.65861477702856e-06,1.0061625062007806e-06,0.23928754031658173,0.23927249014377594,0.0006795707740820944,-3.001580262207426e-05
29.4,0.023051459342241287,-7.70209589973092e-06,1.56767737280461e-06,0.23942339420318604,0.23940619826316833,0.0006774004432372749,8.413652540184557e-05
29.416666666666668,0.023064564913511276,-7.603724952787161e-06,1.0325728680982138e-06,0.23955662548542023,0.23954197764396667,0.0006744666025042534,-2.8760616260115057e-05
29.433333333333334,0.023077744990587234,-7.681141141802073e-06,2.1165956241020467e-06,0.23969049751758575,0.239676371216774,0.0006742157274857163,-1.0033918442786671e-05
29.45,0.023090802133083344,-7.620023097842932e-06,-2.1086560764160822e-07,0.23982515931129456,0.23980817198753357,0.0006755503127351403,-1.6467869500047527e-05
29.466666666666665,0.023104116320610046,-7.567461580038071e-06,1.0534607781664818e-06,0.23996001482009888,0.23994533717632294,0.000683422724250704,-1.9232546037528664e-05
29.483333333333334,0.023117531090974808,-7.614493370056152e-06,7.587813115605968e-07,0.24009741842746735,0.24008145928382874,0.0006902290042489767,2.1033070879639126e-05
29.5,0.023131081834435463,-7.562222890555859e-06,9.63940578913025e-07,0.24023579061031342,0.24021992087364197,0.0006977341836318374,3.4544209484010935e-05
29.516666666666666,0.023144781589508057,-7.556052878499031e-06,8.773177455623227e-07,0.2403753697872162,0.2403593510389328,0.0007036916213110089,-1.1328356777084991e-05
29.53333333333333,0.023158520460128784,-7.579103112220764e-06,1.2406510450091446e-06,0.24051536619663239,0.24050024151802063,0.0007078473572619259,-1.5869938579271547e-05
29.55,0.023172281682491302,-7.560476660728455e-06,6.15245767221495e-07,0.2406558245420456,0.24063991010189056,0.0007089667487889528,3.438462954363786e-05
29.566666666666666,0.02318607270717621,-7.703551091253757e-06,6.197884658831754e-07,0.2407982349395752,0.24078072607517242,0.0007050548447296023,5.9585643612081185e-05
29.583333333333332,0.02319967746734619,-7.642200216650963e-06,1.5050234196678502e-06,0.2409348040819168,0.2409200519323349,0.0006956970319151878,3.929428567062132e-05
29.599999999999998,0.023213069885969162,-7.612688932567835e-06,9.788117267817142e-07,0.24107208847999573,0.24105651676654816,0.0006876697298139334,3.79077646357473e-05
29.616666666666667,0.023226559162139893,-7.586029823869467e-06,9.848472473095171e-07,0.24120986461639404,0.24119426310062408,0.0006945830537006259,8.946794878283981e-06
29.633333333333333,0.023240026086568832,-7.71501800045371e-06,1.2953232726431452e-06,0.24134856462478638,0.2413303107023239,0.0006889792857691646,7.52038395148702e-05
29.65,0.023253388702869415,-7.6062860898673534e-06,1.2723406825898564e-06,0.24148303270339966,0.24146969616413116,0.0006878180429339409,-1.9082513972534798e-05
29.666666666666668,0.02326679602265358,-7.67689198255539e-06,1.655229084462917e-06,0.24162065982818604,0.24160480499267578,0.0006840760470367968,4.312651071813889e-05
29.683333333333334,0.02328004315495491,-7.609894964843988e-06,8.586175326286138e-09,0.24175593256950378,0.24174004793167114,0.0006834418163634837,-2.951095302705653e-05
29.7,0.02329343743622303,-7.573631592094898e-06,7.529758931923425e-07,0.2418918013572693,0.24187692999839783,0.0006907226634211838,-1.9289231204311363e-05
29.716666666666665,0.023306991904973984,-7.601047400385141e-06,1.1690600558722508e-06,0.24203073978424072,0.24201469123363495,0.0006977676530368626,2.181824584113201e-06
29.733333333333334,0.023320645093917847,-7.552269380539656e-06,6.471535698437947e-07,0.24216966331005096,0.24215354025363922,0.0007011686102487147,1.9323249944136478e-05
29.75,0.023334341123700142,-7.563037797808647e-06,9.090217076845875e-07,0.24231000244617462,0.2422938495874405,0.0007057798211462796,1.7545973605592735e-05
29.766666666666666,0.023348163813352585,-7.604598067700863e-06,1.1320652220092597e-06,0.2424502968788147,0.2424353063106537,0.0007099161739461124,-1.585148675076198e-05
29.78333333333333,0.023361997678875923,-7.600756362080574e-06,1.3612846032629022e-06,0.24259111285209656,0.24257603287696838,0.000712668348569423,1.675998282735236e-05
29.8,0.023375753313302994,-7.629627361893654e-06,8.064064900281664e-07,0.24273303151130676,0.24271807074546814,0.0007073435699567199,3.551124973455444e-05
29.816666666666666,0.02338957041501999,-7.647089660167694e-06,1.490871454734588e-06,0.2428724616765976,0.2428569197654724,0.0006997936288826168,7.329119398491457e-05
29.833333333333332,0.023403219878673553,-7.603084668517113e-06,1.3152279052519589e-06,0.24301128089427948,0.24299737811088562,0.0007029632688499987,-1.661337046243716e-05
29.849999999999998,0.023416899144649506,-7.6324213296175e-06,1.4417840930036618e-06,0.24315065145492554,0.24313697218894958,0.0007046155515126884,-4.6813245717203245e-05
29.866666666666667,0.023430392146110535,-7.602153345942497e-06,1.0170966788791702e-06,0.2432897388935089,0.24327434599399567,0.0006932855467312038,4.0269944292958826e-05
29.883333333333333,0.023443780839443207,-7.625319994986057e-06,1.0267262950947043e-07,0.24342603981494904,0.2434106022119522,0.0006910398951731622,-1.4174996749716229e-06
29.9,0.023457303643226624,-7.61478440836072e-06,1.0676435522327665e-06,0.24356353282928467,0.24354976415634155,0.0006953118718229234,-1.8246071704197675e-05
29.916666666666668,0.023470915853977203,-7.58608803153038e-06,1.104637021853705e-06,0.24370306730270386,0.2436877340078354,0.0007013842696323991,2.069320726150181e-05
29.933333333333334,0.02348468452692032,-7.580732926726341e-06,1.2612938462552847e-06,0.24384352564811707,0.2438277155160904,0.000705939601175487,4.849127321904234e-07
29.95,0.02349841594696045,-7.643131539225578e-06,1.2559825108837686e-06,0.24398323893547058,0.24396871030330658,0.0007075309986248612,-1.7799842680688016e-05
29.966666666666665,0.023512188345193863,-7.600116077810526e-06,1.1690680139508913e-06,0.24412429332733154,0.24410943686962128,0.0007102594245225191,-1.557363248139154e-05
29.983333333333334,0.023525971919298172,-7.602095138281584e-06,8.476721973238455e-07,0.2442648708820343,0.24425019323825836,0.0007108092540875077,-1.940691436175257e-05
30.0,0.023539826273918152,-7.59330578148365e-06,1.0656145832399488e-06,0.24440565705299377,0.24439029395580292,0.0007111242157407105,2.933234463853296e-05
30.016666666666666,0.02355368062853813,-7.663271389901638e-06,1.356201551061531e-06,0.24454765021800995,0.24453204870224,0.0007134230108931661,9.239146493200678e-06
30.03333333333333,0.023567520081996918,-7.531314622610807e-06,7.719850714238419e-07,0.24468840658664703,0.2446736991405487,0.0007136579370126128,-1.2937276551383547e-05
30.05,0.02358146756887436,-7.600872777402401e-06,1.3204680726630613e-06,0.24483059346675873,0.24481500685214996,0.0007157959626056254,2.6170295313932e-05
30.066666666666666,0.023595375940203667,-7.673283107578754e-06,1.0681504818421672e-06,0.24497435986995697,0.24495719373226166,0.0007160840905271471,2.7582354960031807e-05
30.083333333333332,0.02360917255282402,-7.681373972445726e-06,5.374693046178436e-07,0.2451162338256836,0.24509911239147186,0.0007114587933756411,-1.0373146608344541e-07
30.099999999999998,0.023622989654541016,-7.638183888047934e-06,1.5665873434045352e-06,0.24525463581085205,0.24523991346359253,0.000702480785548687,4.165327118244022e-05
30.116666666666667,0.02363654226064682,-7.719092536717653e-06,1.7228948081537965e-06,0.24539391696453094,0.2453780174255371,0.0006957181612960994,-1.54539302457124e-05
30.133333333333333,0.023649971932172775,-7.60925468057394e-06,-1.3072518356693763e-07,0.24553096294403076,0.24551494419574738,0.000691381108481437,-3.0297529519884847e-05
30.15,0.023663369938731194,-7.634691428393126e-06,1.1500181926749065e-06,0.24566873908042908,0.2456512153148651,0.0006856758845970035,6.266302079893649e-05
30.166666666666668,0.02367670089006424,-7.657625246793032e-06,1.601506937731756e-06,0.2458043098449707,0.24578851461410522,0.000683595659211278,4.050675852340646e-05
30.183333333333334,0.023689938709139824,-7.677590474486351e-06,1.3147559911885764e-06,0.24593903124332428,0.24592368304729462,0.0006790390470996499,1.531837733637076e-05
30.2,0.02370310015976429,-7.648486644029617e-06,1.3497574400389567e-06,0.24607276916503906,0.24605822563171387,0.0006745266146026552,6.5494685259182e-05
30.216666666666665,0.023716207593679428,-7.613154593855143e-06,9.802771501199459e-07,0.2462073266506195,0.24619142711162567,0.0006722662947140634,6.675839540548623e-05
30.233333333333334,0.023729480803012848,-7.658731192350388e-06,1.4934672663002857e-06,0.24634172022342682,0.24632811546325684,0.0006817993125878274,-3.828438275377266e-05
30.25,0.023742666468024254,-7.671886123716831e-06,1.002963927021483e-06,0.2464776635169983,0.246461421251297,0.0006768361781723797,1.3157250577933155e-05
30.266666666666666,0.023755963891744614,-7.565016858279705e-06,1.1262474117756938e-06,0.24661165475845337,0.24659882485866547,0.000684460042975843,-5.434987542685121e-05
30.28333333333333,0.023769477382302284,-7.608381565660238e-06,1.301310248891241e-06,0.2467508316040039,0.24673455953598022,0.0006928029470145702,1.2397836144373287e-05
30.3,0.02378305420279503,-7.5990683399140835e-06,1.3760133015239262e-06,0.24688829481601715,0.24687394499778748,0.0007000588229857385,-2.187601239711512e-05
30.316666666666666,0.02379673160612583,-7.54243228584528e-06,8.043530215218198e-07,0.24702823162078857,0.24701270461082458,0.0007023304933682084,-1.609555329196155e-05
30.333333333333332,0.023810431361198425,-7.573806215077639e-06,1.0854558922801516e-06,0.24716849625110626,0.24715271592140198,0.0007065114332363009,1.6991512893582694e-05
30.349999999999998,0.023824233561754227,-7.644819561392069e-06,1.4584049949917244e-06,0.24730949103832245,0.24729347229003906,0.0007104274118319154,-4.114770490559749e-06
30.366666666666667,0.023837827146053314,-7.605645805597305e-06,9.514905059404555e-07,0.24744842946529388,0.2474323958158493,0.0006983564817346632,2.218271401943639e-05
30.383333333333333,0.023851346224546432,-7.692666258662939e-06,1.8855748749047052e-06,0.247585728764534,0.24757122993469238,0.0006924825720489025,-1.6241472621914e-05
30.4,0.02386472374200821,-7.587950676679611e-06,2.3875759325164836e-07,0.24772214889526367,0.24770793318748474,0.0006891873199492693,2.522150452932692e-07
30.416666666666668,0.023878159001469612,-7.581897079944611e-06,9.242377245755051e-07,0.24785882234573364,0.24784433841705322,0.0006919418228790164,-1.511806021881057e-05
30.433333333333334,0.023891519755125046,-7.595634087920189e-06,1.0360586202295963e-06,0.24799592792987823,0.2479812055826187,0.0006934980629011989,-3.251927046221681e-05
30.45,0.023905029520392418,-7.753085810691118e-06,2.032699285337003e-06,0.2481338083744049,0.2481185346841812,0.0006879832944832742,1.8204633306595497e-05
30.466666666666665,0.023918302729725838,-7.611233741044998e-06,1.1204562611055735e-07,0.24826908111572266,0.24825437366962433,0.0006863770540803671,-2.5188357540173456e-05
30.483333333333334,0.02393179014325142,-7.5605930760502815e-06,9.787351018530899e-07,0.24840612709522247,0.24839182198047638,0.0006912571843713522,-1.8208529581897892e-05
30.5,0.02394532784819603,-7.569498848170042e-06,1.11676547476236e-06,0.24854494631290436,0.24852940440177917,0.0006984937936067581,-1.292882916459348e-05
30.516666666666666,0.023958992213010788,-7.638183888047934e-06,1.2906500614917604e-06,0.2486853301525116,0.2486690729856491,0.0007028870168142021,-5.718223974326975e-07
30.53333333333333,0.02397255226969719,-7.70326005294919e-06,9.65991944212874e-07,0.24882403016090393,0.24880845844745636,0.0006979938480071723,-1.8497401470085606e-05
30.55,0.023986119776964188,-7.655064109712839e-06,1.0849430509551894e-06,0.24896207451820374,0.24894505739212036,0.0006916399579495192,8.234145207097754e-05
30.566666666666666,0.02399943768978119,-7.648777682334185e-06,5.072673729955568e-07,0.24909928441047668,0.24908091127872467,0.000686011859215796,-2.5168274078168906e-05
30.583333333333332,0.02401287481188774,-7.549533620476723e-06,8.748190793994581e-07,0.24923346936702728,0.24921973049640656,0.000692511152010411,-2.2588819774682634e-05
30.599999999999998,0.0240264143794775,-7.615191861987114e-06,1.0487348163223942e-06,0.24937288463115692,0.24935735762119293,0.0006970408139750361,-1.1713757430698024e-06
30.616666666666667,0.024040060117840767,-7.5587304309010506e-06,9.271274166167132e-07,0.2495126575231552,0.24949616193771362,0.0007023350335657597,1.5426438039867207e-05
30.633333333333333,0.024053826928138733,-7.605762220919132e-06,1.311226924372022e-06,0.24965211749076843,0.24963706731796265,0.0007070733117870986,-1.4938804270059336e-05
30.65,0.024067439138889313,-7.693655788898468e-06,1.978097088795039e-06,0.2497914731502533,0.2497769445180893,0.0006977884913794696,-1.5042480299598537e-05
30.666666666666668,0.024080896750092506,-7.628987077623606e-06,6.7270069514790976e-09,0.24992918968200684,0.2499132752418518,0.0006933235563337803,-1.4544722944265231e-05
30.683333333333334,0.024094318971037865,-7.634400390088558e-06,1.2964769666723441e-06,0.25006595253944397,0.2500509023666382,0.0006885625189170241,2.3484071789425798e-05
30.7,0.02410774677991867,-7.711758371442556e-06,1.511569848844374e-06,0.25020334124565125,0.2501862645149231,0.00068455352447927,4.404866194818169e-05
30.716666666666665,0.024120962247252464,-7.617578376084566e-06,1.4360807654156815e-07,0.250338077545166,0.25032228231430054,0.0006842929287813604,-1.3054005648882594e-05
30.733333333333334,0.02413446083664894,-7.561699021607637e-06,9.469706014897383e-07,0.25047484040260315,0.2504599392414093,0.0006906996131874621,-1.9431903638178483e-05
30.75,0.024147946387529373,-7.603142876178026e-06,1.2010291357000824e-06,0.2506127953529358,0.2505970895290375,0.0006956905708648264,6.114331426942954e-06
30.766666666666666,0.02416139841079712,-7.645867299288511e-06,1.042263647832442e-06,0.2507505416870117,0.250735878944397,0.0006931147654540837,-1.900475035654381e-05
30.78333333333333,0.024174854159355164,-7.64266587793827e-06,1.6401247648900608e-06,0.25088760256767273,0.2508729100227356,0.0006876972038298845,5.3445633966475725e-05
30.8,0.02418815717101097,-7.639697287231684e-06,1.2307829138080706e-06,0.25102344155311584,0.25100818276405334,0.000682109675835818,6.134968134574592e-05
30.816666666666666,0.024201426655054092,-7.674447260797024e-06,1.5241021174006164e-06,0.2511604428291321,0.251143217086792,0.0006800272967666388,5.405213596532121e-05
30.833333333333332,0.024214599281549454,-7.630151230841875e-06,1.0926877536121538e-07,0.25129443407058716,0.25127968192100525,0.0006797466776333749,-4.127910506213084e-05
30.849999999999998,0.02422790415585041,-7.645576260983944e-06,1.2463201528589707e-06,0.2514302730560303,0.2514132559299469,0.0006776574300602078,3.2646956242388114e-05
30.866666666666667,0.024240978062152863,-7.663387805223465e-06,9.232085744770302e-07,0.25156331062316895,0.2515481114387512,0.0006739916861988604,-3.08113158098422e-05
30.883333333333333,0.024254210293293,-7.687776815146208e-06,1.7164439896077965e-06,0.25169771909713745,0.2516820728778839,0.0006733181653544307,4.3227213609497994e-05
30.9,0.024267274886369705,-7.648079190403223e-06,6.288880172178324e-08,0.2518315613269806,0.251815527677536,0.0006752156186848879,9.013787348521873e-06
30.916666666666668,0.024280602112412453,-7.6177529990673065e-06,1.1880266583830235e-06,0.25196605920791626,0.2519523501396179,0.0006844319868832827,-1.9377466742298566e-05
30.933333333333334,0.024293910712003708,-7.687194738537073e-06,1.6508579392393585e-06,0.2521030008792877,0.25208744406700134,0.0006810410995967686,3.300341631984338e-05
30.95,0.024307098239660263,-7.6285796239972115e-06,8.887432159099262e-07,0.25223812460899353,0.2522216737270355,0.0006764408899471164,3.8822126953164116e-05
30.966666666666665,0.02432020753622055,-7.699476554989815e-06,1.277911565011891e-06,0.2523719370365143,0.2523558437824249,0.0006738209631294012,1.8236480173072778e-05
30.983333333333334,0.024333318695425987,-7.643888238817453e-06,3.8448777672783763e-07,0.25250527262687683,0.2524903416633606,0.0006752607296220958,-9.167885764327366e-06
31.0,0.024346409365534782,-7.70343467593193e-06,1.6646951053189696e-06,0.25263842940330505,0.25262451171875,0.0006714356713928282,-2.05707001441624e-05
31.016666666666666,0.02435944974422455,-7.624272257089615e-06,1.0714477411966072e-06,0.2527718245983124,0.2527564465999603,0.0006689854781143367,4.998788426746614e-05
31.03333333333333,0.024372488260269165,-7.677706889808178e-06,1.1671278343783342e-06,0.25290530920028687,0.25288885831832886,0.0006675443728454411,4.083689418621361e-05
31.05,0.0243856031447649,-7.570663001388311e-06,1.0128840131073957e-06,0.2530386745929718,0.25302499532699585,0.0006772280903533101,-4.495283792493865e-05
31.066666666666666,0.02439882420003414,-7.689464837312698e-06,1.5399515405079e-06,0.2531745433807373,0.25315842032432556,0.000676366500556469,2.7301906811771914e-05
31.083333333333332,0.02441200241446495,-7.640512194484472e-06,1.4947133308851335e-07,0.2533084750175476,0.2532927393913269,0.0006773755885660648,-2.785514334391337e-05
31.099999999999998,0.024425122886896133,-7.68847530707717e-06,1.1662962151604006e-06,0.25344282388687134,0.2534264922142029,0.0006727168802171946,-2.0881585442111827e-05
31.116666666666667,0.024438155815005302,-7.637660019099712e-06,5.27064798916399e-07,0.25357502698898315,0.2535612881183624,0.0006737179355695844,-3.059323353227228e-05
31.133333333333333,0.02445124089717865,-7.656461093574762e-06,1.4324951962407795e-06,0.2537086009979248,0.25369390845298767,0.0006706238491460681,-7.379675480478909e-06
31.15,0.024464253336191177,-7.639697287231684e-06,7.314566232707875e-07,0.2538433074951172,0.2538256347179413,0.0006678219651803374,3.0130862796795554e-05
31.166666666666668,0.024477289989590645,-7.689872290939093e-06,1.0816464737217757e-06,0.25397560000419617,0.2539583742618561,0.0006663887179456651,5.157585837878287e-05
31.183333333333334,0.024490274488925934,-7.637892849743366e-06,1.2566515295020508e-07,0.25410789251327515,0.2540915608406067,0.0006705789128318429,-1.3293336451170035e-05
31.2,0.024503374472260475,-7.64499418437481e-06,1.2228870218677912e-06,0.2542424499988556,0.25422534346580505,0.0006708999862894416,2.5517305402900092e-05
31.216666666666665,0.024516450241208076,-7.663504220545292e-06,1.4585134522349108e-06,0.2543737292289734,0.25435909628868103,0.0006691589951515198,1.865243393694982e-05
31.233333333333334,0.024529457092285156,-7.638824172317982e-06,3.639379997366632e-07,0.2545073330402374,0.25449246168136597,0.0006713769398629665,-2.928662252088543e-05
31.25,0.024542517960071564,-7.664435543119907e-06,1.2043760762026068e-06,0.25464099645614624,0.2546249032020569,0.0006684607360512018,4.9540347390575334e-05
31.266666666666666,0.024555526673793793,-7.635564543306828e-06,2.88376497792342e-07,0.2547735273838043,0.25475841760635376,0.0006718939985148609,-1.2009489864794887e-06
31.28333333333333,0.024568594992160797,-7.685273885726929e-06,1.1634464271992329e-06,0.2549075782299042,0.2548907995223999,0.000668798282276839,5.70006923226174e-05
31.3,0.02458164095878601,-7.670663762837648e-06,1.5129921848711092e-06,0.25503963232040405,0.255024790763855,0.0006678315112367272,6.469563231803477e-06
31.316666666666666,0.024594590067863464,-7.619732059538364e-06,-5.4051742637284406e-08,0.2551726996898651,0.2551567256450653,0.000671068555675447,6.069869414204732e-06
31.333333333333332,0.024607740342617035,-7.726775947958231e-06,1.6114306617964758e-06,0.2553073465824127,0.25529128313064575,0.0006712552276439965,-7.354190074693179e-07
31.349999999999998,0.02462080493569374,-7.6231081038713455e-06,1.802335560796564e-07,0.25544020533561707,0.2554250955581665,0.0006719499942846596,-2.945992127934005e-05
31.366666666666667,0.024633945897221565,-7.6293363235890865e-06,1.2718542166112456e-06,0.25557446479797363,0.2555585205554962,0.0006718680378980935,5.78641584070283e-06
31.383333333333333,0.024647071957588196,-7.675145752727985e-06,1.5600950291627669e-06,0.2557082772254944,0.2556924521923065,0.0006718147778883576,-1.5147868907661177e-05
31.4,0.02466006577014923,-7.638649549335241e-06,1.667478599642891e-08,0.25584113597869873,0.2558254897594452,0.0006735485512763262,-3.478671715129167e-06
31.416666666666668,0.024673471227288246,-7.670663762837648e-06,1.135738898483396e-06,0.2559770941734314,0.2559609115123749,0.0006833867519162595,1.0430183465359733e-05
31.433333333333334,0.024686738848686218,-7.596681825816631e-06,3.909403289981128e-07,0.25611358880996704,0.2560969293117523,0.0006865481846034527,2.0394429611769738e-07
31.45,0.02470022439956665,-7.556634955108166e-06,6.642683842983388e-07,0.25625041127204895,0.2562349736690521,0.0006932508549652994,-1.9385885025258176e-05
31.466666666666665,0.024713760241866112,-7.551105227321386e-06,8.902281365408271e-07,0.25638896226882935,0.2563733756542206,0.0006994321011006832,-2.430484710203018e-05
31.483333333333334,0.02472749352455139,-7.628405001014471e-06,1.244494569618837e-06,0.2565286159515381,0.25651323795318604,0.0007043201476335526,6.667060461040819e-06
31.5,0.02474106103181839,-7.693481165915728e-06,1.1114027529401937e-06,0.25666818022727966,0.2566528916358948,0.0007006290252320468,-2.3438475182047114e-05
31.516666666666666,0.024754667654633522,-7.69016332924366e-06,1.7346303593512857e-06,0.25680628418922424,0.2567915916442871,0.0006935929413884878,-1.1676112990244292e-05
31.53333333333333,0.024768013507127762,-7.65424920246005e-06,1.312137214881659e-06,0.2569424510002136,0.256928026676178,0.0006861085421405733,-1.8979746528202668e-05
31.55,0.024781353771686554,-7.677124813199043e-06,1.383784479003225e-06,0.2570795714855194,0.25706347823143005,0.0006819211412221193,1.1248843293287791e-05
31.566666666666666,0.024794545024633408,-7.657450623810291e-06,9.775129683475825e-07,0.25721433758735657,0.2571980953216553,0.0006774836801923811,6.23272262600949e-06
31.583333333333332,0.024807699024677277,-7.731141522526741e-06,1.5483934703297564e-06,0.25734761357307434,0.2573321461677551,0.0006736945360898972,-1.2943699402967468e-05
31.599999999999998,0.024820715188980103,-7.6115247793495655e-06,-9.227368025221949e-08,0.25748133659362793,0.2574651837348938,0.0006751764449290931,1.3065487109997775e-05
31.616666666666667,0.02483401820063591,-7.610244210809469e-06,8.562115567656292e-07,0.257616251707077,0.2576022744178772,0.0006841342546977103,-1.961933776328806e-05
31.633333333333333,0.024847330525517464,-7.66530865803361e-06,1.7101968978749937e-06,0.2577521502971649,0.2577378749847412,0.0006810564664192498,2.006240720220376e-06
31.65,0.024860594421625137,-7.62200215831399e-06,1.8139878648071317e-06,0.2578873932361603,0.2578737139701843,0.0006784829311072826,-1.493128547735978e-05
31.666666666666668,0.024873744696378708,-7.608556188642979e-06,1.0817902875714935e-06,0.2580220103263855,0.258006751537323,0.0006741134566254914,-1.4498997188638896e-05
31.683333333333334,0.0248868465423584,-7.67136225476861e-06,4.0955731606118206e-07,0.2581554651260376,0.2581409811973572,0.0006751203909516335,-2.970810965052806e-05
31.7,0.024899952113628387,-7.630325853824615e-06,1.6631908010822372e-06,0.258289098739624,0.25827428698539734,0.000671548128593713,1.5208755939966068e-05
31.716666666666665,0.024912988767027855,-7.6231081038713455e-06,4.179743200438679e-07,0.25842225551605225,0.25840821862220764,0.0006736334762535989,-7.4538593253237195e-06
31.733333333333334,0.02492612600326538,-7.643713615834713e-06,1.3499524129656493e-06,0.2585577964782715,0.25854167342185974,0.0006727940053679049,-1.4244406884245109e-05
31.75,0.02493922784924507,-7.663737051188946e-06,2.418918256807956e-07,0.25869059562683105,0.2586759030818939,0.0006734333001077175,-3.07332920783665e-05
31.766666666666666,0.024952396750450134,-7.654307410120964e-06,1.6063626162576838e-06,0.2588246464729309,0.2588098645210266,0.0006730965687893331,-1.5893974705250002e-05
31.78333333333333,0.0249654408544302,-7.659371476620436e-06,5.995448759676947e-07,0.25895774364471436,0.2589440643787384,0.0006734879571013153,-4.09959138778504e-05
31.8,0.024978550150990486,-7.667636964470148e-06,1.1606300631683553e-06,0.2590922713279724,0.259075790643692,0.0006700645317323506,6.683365063508973e-05
31.816666666666666,0.024991581216454506,-7.6044234447181225e-06,1.3141271182348646e-08,0.25922489166259766,0.25920960307121277,0.0006734211347065866,2.675236828508787e-05
31.833333333333332,0.02500472031533718,-7.643538992851973e-06,1.0534845387155656e-06,0.25936025381088257,0.25934359431266785,0.0006730458117090166,5.924592915107496e-05
31.849999999999998,0.025017891079187393,-7.6285796239972115e-06,1.7450564655518974e-06,0.259493350982666,0.25947901606559753,0.000673515722155571,2.312871401954908e-05
31.866666666666667,0.025030966848134995,-7.635913789272308e-06,9.621614935895195e-07,0.2596275508403778,0.2596118748188019,0.0006710605812259018,-1.8521101083024405e-05
31.883333333333333,0.025044046342372894,-7.618917152285576e-06,1.4970279380577267e-06,0.2597605884075165,0.25974637269973755,0.000670457084197551,-1.4836066839052364e-05
31.9,0.025057153776288033,-7.656170055270195e-06,1.4819568150414852e-06,0.2598949074745178,0.25987958908081055,0.000670087814796716,-3.0448761663137702e-06
31.916666666666668,0.025070179253816605,-7.636321242898703e-06,3.623486932724518e-08,0.26002800464630127,0.2600119411945343,0.0006723673432134092,3.069377498832182e-06
31.933333333333334,0.025083348155021667,-7.602444384247065e-06,1.0693771628211834e-06,0.260162889957428,0.2601458728313446,0.0006715194322168827,9.912511450238526e-05
31.95,0.025096632540225983,-7.618451490998268e-06,1.128330040955916e-06,0.26029762625694275,0.2602829933166504,0.0006813667714595795,-1.8947910575661808e-05
31.966666666666665,0.025110024958848953,-7.597147487103939e-06,1.3066335213807179e-06,0.2604331970214844,0.26041924953460693,0.0006885240436531603,-1.912189691211097e-05
31.983333333333334,0.025123391300439835,-7.576309144496918e-06,9.09201560261863e-07,0.2605707347393036,0.2605549395084381,0.0006908033392392099,-3.5349075915291905e-05
32.0,0.02513694390654564,-7.585447747260332e-06,1.40918132274237e-06,0.26070812344551086,0.26069459319114685,0.000697375915478915,-2.0279241653042845e-05
32.016666666666666,0.025150548666715622,-7.612281478941441e-06,1.1118430620626896e-06,0.26084762811660767,0.2608333230018616,0.0006997153395786881,-2.0396386389620602e-05
32.03333333333333,0.025164101272821426,-7.560185622423887e-06,1.2022865121252835e-06,0.2609853148460388,0.26097095012664795,0.0007000151090323925,-5.2025410695932806e-05
32.05,0.025177810341119766,-7.621594704687595e-06,1.4249716286940384e-06,0.26112595200538635,0.26111072301864624,0.0007041251519694924,-1.4073895727051422e-05
32.06666666666666,0.025191379711031914,-7.690861821174622e-06,9.57720999394951e-07,0.26126614212989807,0.2612498998641968,0.0007000523619353771,1.0142029168491717e-05
32.083333333333336,0.025204986333847046,-7.682363502681255e-06,1.3495111943484517e-06,0.261404812335968,0.26138800382614136,0.0006934054545126855,8.694507414475083e-06
32.1,0.025218360126018524,-7.637310773134232e-06,3.2190536103371414e-07,0.26153963804244995,0.2615259885787964,0.0006887945346534252,-3.0778523068875074e-05
32.11666666666667,0.02523186430335045,-7.562688551843166e-06,9.414251280759345e-07,0.26167744398117065,0.26166287064552307,0.0006946896319277585,-2.0978950487915426e-05
32.13333333333333,0.025245264172554016,-7.712515071034431e-06,1.6035154430937837e-06,0.26181527972221375,0.2617998421192169,0.000689324049744755,-6.4706100602052175e-06
32.15,0.02525865100324154,-7.692899089306593e-06,1.9416468148847343e-06,0.26195085048675537,0.26193785667419434,0.0006837105029262602,-5.623130709864199e-05
32.166666666666664,0.02527187019586563,-7.674796506762505e-06,9.539343182041193e-07,0.2620874345302582,0.2620706856250763,0.0006777768139727414,2.7799020244856365e-05
32.18333333333333,0.02528499998152256,-7.626251317560673e-06,-6.163752885868234e-08,0.2622213661670685,0.2622055411338806,0.0006789367762394249,-2.9429980713757686e-05
32.2,0.025298256427049637,-7.641385309398174e-06,1.221577804244589e-06,0.2623569667339325,0.26234033703804016,0.0006768133025616407,3.272022877354175e-05
32.21666666666667,0.0253114216029644,-7.644528523087502e-06,1.2245255902598728e-06,0.2624906301498413,0.26247432827949524,0.0006733599584549665,5.698202585335821e-05
32.233333333333334,0.02532455511391163,-7.649068720638752e-06,1.166259266938141e-06,0.2626248002052307,0.2626101076602936,0.0006766211008653045,-1.7853391909739003e-05
32.25,0.02533775195479393,-7.629976607859135e-06,1.5974408142938046e-06,0.2627594470977783,0.26274439692497253,0.0006753172492608428,9.370555744681042e-06
32.266666666666666,0.025350801646709442,-7.584458217024803e-06,6.555336540259304e-07,0.26289284229278564,0.26287806034088135,0.0006720824167132378,-2.7720743673853576e-05
32.28333333333333,0.025364119559526443,-7.589173037558794e-06,8.793504662207852e-07,0.2630283534526825,0.26301267743110657,0.0006815100787207484,1.4597661902371328e-05
32.3,0.025377534329891205,-7.578579243272543e-06,1.1927238574571675e-06,0.26316526532173157,0.26315006613731384,0.0006905809859745204,-2.182231401093304e-05
32.31666666666666,0.025391053408384323,-7.695518434047699e-06,1.3347837466426427e-06,0.26330387592315674,0.26328834891319275,0.0006952025578357279,-1.4384748283191584e-05
32.333333333333336,0.025404416024684906,-7.625261787325144e-06,1.2811614169550012e-07,0.26344019174575806,0.2634255588054657,0.0006909397779963911,-3.0468840122921392e-05
32.35,0.025417841970920563,-7.610942702740431e-06,1.2515911294030957e-06,0.26357752084732056,0.2635619044303894,0.0006860665744170547,6.100839891587384e-05
32.36666666666667,0.025431198999285698,-7.692317012697458e-06,1.5337840295615024e-06,0.2637138366699219,0.26369819045066833,0.0006830774946138263,5.997875996399671e-05
32.38333333333333,0.02544444426894188,-7.658032700419426e-06,1.3890232821722748e-06,0.26384854316711426,0.2638339102268219,0.0006780955591239035,-2.17401120607974e-05
32.4,0.025457579642534256,-7.606518920511007e-06,-5.6904905676447015e-08,0.26398327946662903,0.26396676898002625,0.0006784095312468708,-4.3409222598711494e-06
32.416666666666664,0.025470834225416183,-7.699301932007074e-06,1.6709998362784972e-06,0.2641178071498871,0.2641032636165619,0.0006758662639185786,-3.7619365684804507e-06
32.43333333333333,0.02548389323055744,-7.6133874244987965e-06,9.021160707334275e-09,0.26425185799598694,0.26423561573028564,0.000677188509143889,-1.9336889636178967e-06
32.45,0.02549724280834198,-7.6054129749536514e-06,8.24448534331168e-07,0.264387845993042,0.26437240839004517,0.000685236300341785,-1.8443935914547183e-05
32.46666666666667,0.025510728359222412,-7.58725218474865e-06,1.1004557336491416e-06,0.26452481746673584,0.26450952887535095,0.0006915092235431075,-1.0222474884358235e-05
32.483333333333334,0.025524206459522247,-7.686496246606112e-06,1.176196406049712e-06,0.26466336846351624,0.2646470069885254,0.0006950334645807743,-6.462488272518385e-06
32.5,0.025537634268403053,-7.652444764971733e-06,1.4927331903891172e-06,0.2647993266582489,0.26478537917137146,0.0006950008100830019,-3.718041625688784e-05
32.516666666666666,0.02555110678076744,-7.663446012884378e-06,1.5439482012880035e-06,0.2649379372596741,0.2649223506450653,0.0006885142647661269,2.008748379012104e-05
32.53333333333333,0.02556440606713295,-7.637252565473318e-06,1.1112415450043045e-06,0.26507407426834106,0.26505744457244873,0.0006818603724241257,7.188245945144445e-05
32.55,0.025577694177627563,-7.656286470592022e-06,1.4696032621941413e-06,0.26520994305610657,0.2651940584182739,0.0006806653691455722,-1.1003480722138193e-06
32.56666666666666,0.02559087797999382,-7.618567906320095e-06,4.6197584424589877e-07,0.2653438448905945,0.26532942056655884,0.0006802293937653303,-3.0100287403911352e-05
32.583333333333336,0.025604095309972763,-7.5847492553293705e-06,9.598066981197917e-07,0.2654786705970764,0.2654629945755005,0.0006749921594746411,6.0645706980722025e-05
32.6,0.02561734989285469,-7.646798621863127e-06,1.1441351261964883e-06,0.26561427116394043,0.2655999958515167,0.000682492449413985,-4.868823816650547e-05
32.61666666666667,0.025630634278059006,-7.6812575571239e-06,1.5045935697344248e-06,0.26575011014938354,0.26573482155799866,0.0006804318400099874,-1.3245049558463506e-05
32.63333333333333,0.025643721222877502,-7.633818313479424e-06,5.662155899699428e-07,0.26588502526283264,0.26586851477622986,0.0006758964736945927,-2.913646494562272e-05
32.65,0.025656919926404953,-7.6324213296175e-06,1.0118752697962918e-06,0.26601937413215637,0.2660031020641327,0.0006752655608579516,4.094711403013207e-05
32.666666666666664,0.025670120492577553,-7.658381946384907e-06,1.3688239732800866e-06,0.26615434885025024,0.2661382555961609,0.0006743278354406357,3.947622826672159e-05
32.68333333333333,0.025683263316750526,-7.686787284910679e-06,1.3937683434050996e-06,0.26628708839416504,0.2662714123725891,0.0006719008670188487,2.7023657821700908e-05
32.7,0.02569630742073059,-7.62805575504899e-06,2.152937383925746e-07,0.26642099022865295,0.2664051651954651,0.0006737359217368066,-2.4600398319307715e-05
32.71666666666667,0.025709595531225204,-7.636670488864183e-06,9.072737157111987e-07,0.26655614376068115,0.2665410339832306,0.0006822588620707393,-1.7605572793399915e-05
32.733333333333334,0.025722820311784744,-7.679569534957409e-06,1.0254769904349814e-06,0.26669129729270935,0.26667651534080505,0.0006794493529014289,-1.6216205040109344e-05
32.75,0.025735998526215553,-7.711525540798903e-06,1.3202536592871184e-06,0.2668265402317047,0.26681026816368103,0.0006745498394593596,-1.8416199964121915e-05
32.766666666666666,0.025749098509550095,-7.657043170183897e-06,3.7427724919325556e-07,0.2669595181941986,0.2669440805912018,0.0006755560752935708,1.0758983989944682e-05
32.78333333333333,0.025762256234884262,-7.679511327296495e-06,1.3450564892991679e-06,0.26709437370300293,0.2670780122280121,0.0006716806092299521,5.998177221044898e-05
32.8,0.025775376707315445,-7.596274372190237e-06,1.2325772331678309e-06,0.26722726225852966,0.2672133147716522,0.000679121701978147,-3.66010244761128e-05
32.81666666666666,0.02578851208090782,-7.644819561392069e-06,1.0805550800796482e-06,0.2673628628253937,0.267346054315567,0.0006733058835379779,9.340116957901046e-05
32.833333333333336,0.025801707059144974,-7.688708137720823e-06,1.462729073864466e-06,0.2674974501132965,0.2674810588359833,0.0006746071740053594,6.598275649594143e-05
32.85,0.025814808905124664,-7.597031071782112e-06,-1.1156489954089466e-08,0.26763197779655457,0.2676152288913727,0.0006764409481547773,-1.5961197277647443e-05
32.86666666666667,0.025828175246715546,-7.5802672654390335e-06,9.036363053382956e-07,0.2677675485610962,0.26775243878364563,0.000684867613017559,-6.772418146283599e-06
32.88333333333333,0.025841545313596725,-7.708673365414143e-06,1.4328559245768702e-06,0.26790347695350647,0.2678886950016022,0.000689979933667928,-2.4631064661662094e-05
32.9,0.025854870676994324,-7.639988325536251e-06,5.348816785044619e-07,0.2680398225784302,0.2680249512195587,0.0006865448667667806,-7.348949566221563e-06
32.916666666666664,0.025868229568004608,-7.608206942677498e-06,1.2336921599853667e-06,0.268176794052124,0.2681610882282257,0.0006822466384619474,4.201005504000932e-05
32.93333333333333,0.025881526991724968,-7.692375220358372e-06,1.3850763025402557e-06,0.26831305027008057,0.26829633116722107,0.0006802833522669971,4.1416671592742205e-05
32.95,0.02589477226138115,-7.6186261139810085e-06,1.061421244230587e-06,0.2684480547904968,0.2684323191642761,0.0006789363105781376,1.788042027328629e-05
32.96666666666667,0.02590794861316681,-7.656810339540243e-06,1.406624846822524e-06,0.2685825526714325,0.2685666084289551,0.0006748762098141015,8.269912359537557e-05
32.983333333333334,0.02592102251946926,-7.659837137907743e-06,9.98452946987527e-07,0.2687159776687622,0.2687002122402191,0.0006730449968017638,2.249780845886562e-05
33.0,0.025934193283319473,-7.656344678252935e-06,1.2290419135752018e-06,0.268851101398468,0.2688339352607727,0.0006723887054249644,8.835566404741257e-05
33.016666666666666,0.025947369635105133,-7.673166692256927e-06,1.4901822851243196e-06,0.2689853608608246,0.2689690589904785,0.0006736628711223602,2.4308579668286256e-05
33.03333333333333,0.025960441678762436,-7.661699783056974e-06,4.106576909634896e-07,0.2691185176372528,0.26910367608070374,0.0006744792917743325,-3.1653187761548907e-05
33.05,0.025973763316869736,-7.653026841580868e-06,1.5485680933124968e-06,0.2692529559135437,0.2692398428916931,0.0006811420898884535,-4.541535599855706e-05
33.06666666666666,0.025986922904849052,-7.643015123903751e-06,5.049155902270286e-07,0.26938897371292114,0.26937463879585266,0.0006793546490371227,-4.455476664588787e-05
33.083333333333336,0.02600010298192501,-7.666938472539186e-06,1.0619891099850065e-06,0.2695232927799225,0.26950785517692566,0.0006752339540980756,3.917611684300937e-05
33.1,0.026013318449258804,-7.602444384247065e-06,9.39487165396713e-07,0.26965826749801636,0.26964229345321655,0.0006813978543505073,-1.4938294953026343e-05
33.11666666666667,0.02602657675743103,-7.671245839446783e-06,1.394970013279817e-06,0.2697940170764923,0.2697778344154358,0.0006787407328374684,2.806651718856301e-05
33.13333333333333,0.0260397307574749,-7.621711120009422e-06,3.3478497130090545e-07,0.2699282765388489,0.26991307735443115,0.0006782034761272371,-3.188797563780099e-05
33.15,0.02605290338397026,-7.661059498786926e-06,9.41883115501696e-07,0.2700636386871338,0.27004584670066833,0.0006736458744853735,8.536293171346188e-05
33.166666666666664,0.026065994054079056,-7.608381565660238e-06,2.2668744747988967e-07,0.2701968550682068,0.27018076181411743,0.0006761346012353897,-1.6183388652279973e-05
33.18333333333333,0.02607923187315464,-7.685855962336063e-06,1.8162111246056156e-06,0.2703304886817932,0.27031636238098145,0.0006749609601683915,-7.564733550680103e-06
33.2,0.02609231323003769,-7.614493370056152e-06,2.505590543933067e-07,0.27046507596969604,0.27044957876205444,0.0006759078241884708,-3.026592639798764e-05
33.21666666666667,0.026105603203177452,-7.650465704500675e-06,1.35472612328158e-06,0.27060097455978394,0.2705850899219513,0.0006843963055871427,1.3151206985639874e-06
33.233333333333334,0.02611887827515602,-7.643131539225578e-06,1.5339954870796646e-06,0.2707369327545166,0.2707214653491974,0.0006811502971686423,7.168742740759626e-06
33.25,0.026132097467780113,-7.583294063806534e-06,2.3685818462126917e-07,0.2708716094493866,0.27085572481155396,0.0006811626954004169,4.0850951336324215e-05
33.266666666666666,0.02614535391330719,-7.647613529115915e-06,1.03316085642291e-06,0.27100813388824463,0.270991712808609,0.0006786566809751093,3.916097557521425e-05
33.28333333333333,0.02615860104560852,-7.60471448302269e-06,1.1920647011720575e-06,0.2711428701877594,0.27112719416618347,0.0006774433422833681,1.8637128960108384e-06
33.3,0.02617178112268448,-7.660884875804186e-06,1.2222581062815152e-06,0.2712766230106354,0.27126115560531616,0.0006735589122399688,3.692856626003049e-05
33.31666666666666,0.026184827089309692,-7.711001671850681e-06,1.4059319255466107e-06,0.27141058444976807,0.2713947594165802,0.0006706468411721289,-1.8513128452468663e-05
33.333333333333336,0.02619783580303192,-7.5954594649374485e-06,9.697655514173675e-07,0.2715427875518799,0.2715281844139099,0.0006678823847323656,3.941775867133401e-05
33.35,0.02621091529726982,-7.643771823495626e-06,1.289716692554066e-06,0.27167683839797974,0.2716614603996277,0.0006696986965835094,1.780274601514975e-06
33.36666666666667,0.02622394450008869,-7.669499609619379e-06,1.2698022828772082e-06,0.2718100845813751,0.2717934548854828,0.0006671797600574791,0.00010717370605561882
33.38333333333333,0.02623700350522995,-7.5887655839324e-06,9.544842214381788e-07,0.27194347977638245,0.2719283699989319,0.0006694984040223062,-9.833280273596756e-06
33.4,0.026250194758176804,-7.550581358373165e-06,3.3912263575075485e-07,0.2720786929130554,0.2720623016357422,0.0006791974301449955,3.2360385375795886e-05
33.416666666666664,0.026263589039444923,-7.421418558806181e-06,2.7257709689365583e-07,0.27221566438674927,0.2721996605396271,0.0006889589130878448,1.085956500901375e-05
33.43333333333333,0.026277095079421997,-7.416645530611277e-06,6.147189424154931e-07,0.2723538279533386,0.2723371088504791,0.0006943178595975041,-2.2225151042221114e-05
33.45,0.0262906476855278,-7.5133866630494595e-06,4.479229005482921e-07,0.27249282598495483,0.27247536182403564,0.0006938141887076199,5.5760927352821454e-05
33.46666666666667,0.026304181665182114,-7.534865289926529e-06,1.3968930261398782e-06,0.27262958884239197,0.2726131081581116,0.0006894690450280905,-4.0456861825077794e-06
33.483333333333334,0.026317469775676727,-7.432419806718826e-06,-2.5235840439563617e-07,0.2727649509906769,0.27274975180625916,0.0006874477257952094,-2.8753885999321938e-05
33.5,0.026330802589654922,-7.50634353607893e-06,4.6775224404882465e-07,0.2729015648365021,0.2728843092918396,0.0006800423143431544,4.0890678064897656e-05
33.516666666666666,0.02634418196976185,-7.556518539786339e-06,2.825420324370498e-07,0.27303779125213623,0.2730213701725006,0.0006843197625130415,-2.4726574338274077e-05
33.53333333333333,0.02635740116238594,-7.4759009294211864e-06,-3.530521439643053e-07,0.27317288517951965,0.2731567919254303,0.0006820983253419399,-3.0368804800673388e-05
33.55,0.02637067809700966,-7.5837597250938416e-06,1.652835521781526e-06,0.2733083665370941,0.2732928991317749,0.0006789268809370697,-1.5871441064518876e-05
33.56666666666666,0.02638385444879532,-7.469032425433397e-06,-4.84244367271458e-07,0.2734433710575104,0.27342650294303894,0.0006783638382330537,-2.8735341402352788e-05
33.583333333333336,0.026396989822387695,-7.5320713222026825e-06,8.464542702313338e-07,0.2735762894153595,0.27356070280075073,0.000673972419463098,-2.2508691472467035e-05
33.6,0.026410061866044998,-7.4543640948832035e-06,-5.920242642787343e-07,0.27371054887771606,0.27369368076324463,0.0006750513566657901,-2.827885873557534e-05
33.61666666666667,0.0264233760535717,-7.453316356986761e-06,8.379489599974477e-07,0.2738450765609741,0.27382996678352356,0.0006833466468378901,-1.8838036339730024e-05
33.63333333333333,0.026436718180775642,-7.449067197740078e-06,2.934289113909472e-07,0.27398359775543213,0.2739655077457428,0.0006895130500197411,-1.1265318789810408e-05
33.65,0.02645031176507473,-7.49039463698864e-06,5.024360234529013e-07,0.27412185072898865,0.2741038203239441,0.0006973118288442492,-2.5070960418815957e-06
33.666666666666664,0.026463989168405533,-7.445923984050751e-06,7.212548780444195e-08,0.2742619216442108,0.2742431163787842,0.0007023129146546125,5.2291339670773596e-05
33.68333333333333,0.026477716863155365,-7.453258149325848e-06,4.909241511086293e-07,0.27440065145492554,0.2743840217590332,0.000707845319993794,7.923644261609297e-06
33.7,0.02649153396487236,-7.437600288540125e-06,2.4095194817164156e-07,0.27454227209091187,0.2745247483253479,0.0007105139666236937,-4.829611953027779e-06
33.71666666666667,0.026505328714847565,-7.3605915531516075e-06,2.794994600208156e-07,0.27468234300613403,0.2746666967868805,0.0007132195751182735,-2.2641997929895297e-05
33.733333333333334,0.02651921473443508,-7.456517778337002e-06,3.193814563928754e-07,0.2748238742351532,0.27480819821357727,0.0007122064707800746,-2.02380251721479e-05
33.75,0.02653307095170021,-7.496739272028208e-06,3.272035087320546e-07,0.2749660611152649,0.27494847774505615,0.0007121704984456301,3.026910053449683e-05
33.766666666666666,0.026546871289610863,-7.488648407161236e-06,7.067382625791652e-07,0.27510780096054077,0.27508997917175293,0.0007087353733368218,2.96575508400565e-05
33.78333333333333,0.026560552418231964,-7.570604793727398e-06,1.5422705246237456e-06,0.2752462923526764,0.2752310037612915,0.000698102405294776,-9.19727681321092e-05
33.8,0.02657403238117695,-7.494410965591669e-06,-3.165876023558667e-07,0.2753833830356598,0.27536728978157043,0.0006947559304535389,-3.064839984290302e-05
33.81666666666666,0.02658752165734768,-7.576250936836004e-06,1.0527743370403186e-06,0.27552202343940735,0.27550366520881653,0.0006889470387250185,7.024393562460318e-05
33.833333333333336,0.026600830256938934,-7.4536073952913284e-06,-4.0686228430786286e-07,0.27565714716911316,0.2756415903568268,0.0006869779317639768,-3.996874511358328e-05
33.85,0.026614205911755562,-7.5525022111833096e-06,1.1799672847701004e-06,0.27579396963119507,0.275776743888855,0.0006832965882495046,4.159700620220974e-05
33.86666666666667,0.02662741206586361,-7.444177754223347e-06,-6.553433422595845e-07,0.27592867612838745,0.2759121358394623,0.0006833147490397096,2.148389285139274e-06
33.88333333333333,0.026640864089131355,-7.446506060659885e-06,4.3725901832658565e-07,0.27606600522994995,0.27604901790618896,0.0006896964041516185,-1.7918035155162215e-05
33.9,0.026654377579689026,-7.432885468006134e-06,3.7509306594074587e-07,0.27620357275009155,0.2761876583099365,0.0006973044364713132,-1.5819057807675563e-05
33.916666666666664,0.026668041944503784,-7.3767732828855515e-06,1.1353563422744628e-07,0.2763432264328003,0.2763271927833557,0.0007025081431493163,-5.207723006606102e-06
33.93333333333333,0.02668178640305996,-7.431022822856903e-06,4.614927888724196e-07,0.2764829397201538,0.2764669954776764,0.0007068889099173248,-2.6081610485562123e-05
33.95,0.026695571839809418,-7.500057108700275e-06,4.1605267142585944e-07,0.27662327885627747,0.2766073942184448,0.0007078186608850956,-2.0638139176298864e-05
33.96666666666667,0.026709353551268578,-7.498485501855612e-06,5.655995209963294e-07,0.2767642140388489,0.2767477035522461,0.0007108644349500537,1.642788265598938e-05
33.983333333333334,0.026723135262727737,-7.446738891303539e-06,4.543890952390939e-07,0.276905357837677,0.2768881022930145,0.0007115775952115655,-2.2422645997721702e-05
34.0,0.026736922562122345,-7.465481758117676e-06,2.1348728296288755e-07,0.2770470380783081,0.27702975273132324,0.0007071549771353602,1.1848290341731627e-05
34.016666666666666,0.026750631630420685,-7.541384547948837e-06,1.4551507092619431e-06,0.2771849036216736,0.27716895937919617,0.0006984634674154222,9.273311297874898e-05
34.03333333333333,0.026764091104269028,-7.544411346316338e-06,8.325421845256642e-07,0.2773233652114868,0.27730610966682434,0.0006904121255502105,3.746867150766775e-05
34.05,0.026777442544698715,-7.427821401506662e-06,-7.263475367835781e-07,0.2774597108364105,0.2774428129196167,0.0006886932533234358,-1.1890258974744938e-05
34.06666666666666,0.026790926232933998,-7.411581464111805e-06,2.8352184244795353e-07,0.27759721875190735,0.2775800824165344,0.0006943215266801417,5.835958290845156e-05
34.083333333333336,0.02680446207523346,-7.522758096456528e-06,2.4778645979495195e-07,0.2777358889579773,0.2777199447154999,0.0006952123949304223,-3.1630931971449172e-06
34.1,0.02681802213191986,-7.532304152846336e-06,1.37854044623964e-06,0.2778732180595398,0.2778567671775818,0.0006891277735121548,6.0243641200941056e-05
34.11666666666667,0.026831354945898056,-7.525493856519461e-06,-5.636382525153749e-07,0.2780103385448456,0.2779926359653473,0.0006868111668154597,-2.354160460527055e-05
34.13333333333333,0.02684462070465088,-7.526366971433163e-06,6.95426990660053e-07,0.2781451940536499,0.27812832593917847,0.0006803339347243309,-1.9842293113470078e-05
34.15,0.02685779705643654,-7.485446985810995e-06,-7.454525530192768e-07,0.2782800793647766,0.2782621383666992,0.0006800733972340822,1.1527045899129007e-05
34.166666666666664,0.026871230453252792,-7.427646778523922e-06,-5.7944742337667776e-08,0.27841755747795105,0.2783988118171692,0.0006893918034620583,4.809135862160474e-05
34.18333333333333,0.026884810999035835,-7.428752724081278e-06,1.0812814821292704e-07,0.2785554826259613,0.27853718400001526,0.0006972661358304322,3.67178326996509e-05
34.2,0.026898445561528206,-7.441500201821327e-06,4.512367013376206e-07,0.2786942422389984,0.2786775827407837,0.0007038081530481577,-7.820768587407656e-06
34.21666666666667,0.02691221609711647,-7.470138370990753e-06,8.182008173207578e-07,0.2788337767124176,0.2788182497024536,0.000705569691490382,-1.9089278794126585e-05
34.233333333333334,0.02692582458257675,-7.503374945372343e-06,3.3706848512338183e-07,0.27897489070892334,0.27895674109458923,0.0007004684302955866,4.1053310269489884e-05
34.25,0.02693942002952099,-7.60337570682168e-06,1.0857449979084777e-06,0.2791130542755127,0.2790955901145935,0.0006945630302652717,-7.028611889836611e-06
34.266666666666666,0.026952827349305153,-7.44708813726902e-06,-5.383151346904924e-07,0.2792489528656006,0.2792324721813202,0.0006910826778039336,7.1577501330466475e-06
34.28333333333333,0.026966385543346405,-7.480615749955177e-06,6.392596105797566e-07,0.2793869376182556,0.27937051653862,0.0006954200798645616,-1.676314241194632e-05
34.3,0.026979943737387657,-7.473398000001907e-06,5.602540795734967e-07,0.27952560782432556,0.27951014041900635,0.0006987072993069887,-3.692930840770714e-05
34.31666666666666,0.02699349820613861,-7.557915523648262e-06,1.276972739105986e-06,0.27966395020484924,0.279647558927536,0.0006919029983691871,3.560836921678856e-05
34.333333333333336,0.027006827294826508,-7.4855051934719086e-06,-7.92618095601938e-07,0.279800683259964,0.27978357672691345,0.0006897621788084507,-2.406139719823841e-05
34.35,0.027020247653126717,-7.61059345677495e-06,1.4862745274513145e-06,0.2799369692802429,0.27992039918899536,0.0006859796703793108,3.6625431675929576e-05
34.36666666666667,0.027033522725105286,-7.466645911335945e-06,-5.799828386443551e-07,0.2800726890563965,0.2800569236278534,0.0006837256951257586,-2.892355405492708e-05
34.38333333333333,0.02704680897295475,-7.574097253382206e-06,1.3593822814073064e-06,0.2802080810070038,0.28019264340400696,0.0006786376470699906,-7.911341526778415e-05
34.4,0.02705998905003071,-7.518974598497152e-06,7.537963711001794e-07,0.2803426682949066,0.2803259789943695,0.0006749806925654411,5.6680528359720483e-05
34.416666666666664,0.02707311324775219,-7.479044143110514e-06,-5.811612027173396e-07,0.28047701716423035,0.2804604172706604,0.0006769517785869539,-2.8596674383152276e-05
34.43333333333333,0.027086319401860237,-7.540686056017876e-06,1.2959889090780052e-06,0.28061071038246155,0.2805953323841095,0.0006759203388355672,1.8515318515710533e-05
34.45,0.027099408209323883,-7.5177522376179695e-06,8.629060630482854e-07,0.2807449996471405,0.2807285189628601,0.0006727920845150948,2.1500256480067037e-05
34.46666666666667,0.027112536132335663,-7.535738404840231e-06,4.033432787764468e-07,0.28087949752807617,0.2808604836463928,0.0006693168543279171,0.00011932884808629751
34.483333333333334,0.027125580236315727,-7.484341040253639e-06,-3.844803586616763e-07,0.28101223707199097,0.2809959948062897,0.0006723327096551657,-4.9725731514627114e-05
34.5,0.027138737961649895,-7.498427294194698e-06,3.412445721551194e-07,0.2811459004878998,0.2811305522918701,0.0006734025082550943,-4.120039739063941e-05
34.516666666666666,0.027151817455887794,-7.502501830458641e-06,-3.6527220004245464e-07,0.2812797427177429,0.2812635004520416,0.0006745185819454491,-2.938988291134592e-05
34.53333333333333,0.027164921164512634,-7.521593943238258e-06,5.730802286052494e-07,0.28141382336616516,0.2813960611820221,0.0006709361914545298,3.477305654087104e-05
34.55,0.027177976444363594,-7.468101102858782e-06,-7.34638547328359e-07,0.2815471291542053,0.28152939677238464,0.0006740167737007141,-5.379765752877574e-06
34.56666666666666,0.027191264554858208,-7.452210411429405e-06,5.305842591951659e-07,0.2816818654537201,0.2816656529903412,0.0006830738275311887,-7.362980340985814e-06
34.583333333333336,0.027204569429159164,-7.529801223427057e-06,9.669018652402883e-08,0.281819611787796,0.281802237033844,0.0006852957885712385,-3.9176634913928865e-07
34.6,0.02721799537539482,-7.56559893488884e-06,1.2550799510790966e-06,0.2819550931453705,0.28193849325180054,0.0006823726580478251,-1.5347624866990373e-05
34.61666666666667,0.02723120152950287,-7.446738891303539e-06,-5.844536872245953e-07,0.28209012746810913,0.282073438167572,0.0006811386556364596,-9.390163540956564e-06
34.63333333333333,0.02724456787109375,-7.424037903547287e-06,3.834377437783587e-08,0.2822263836860657,0.2822098731994629,0.0006889610085636377,4.608372819348006e-06
34.65,0.027258209884166718,-7.508497219532728e-06,9.542254701955244e-07,0.2823646664619446,0.2823479473590851,0.0006967695080675185,6.442078301915899e-06
34.666666666666664,0.027271704748272896,-7.441849447786808e-06,3.618695529894467e-07,0.282503217458725,0.2824871838092804,0.0006986822700127959,-1.7236839994438924e-05
34.68333333333333,0.0272853821516037,-7.4391718953847885e-06,1.8051549943720602e-07,0.28264302015304565,0.2826257646083832,0.0007018329342827201,5.1662689656950533e-05
34.7,0.027298975735902786,-7.610477041453123e-06,1.3090724451103597e-06,0.2827816307544708,0.28276482224464417,0.0006955915596336126,-1.2368778698146343e-05
34.71666666666667,0.02731238305568695,-7.493363227695227e-06,-1.969609826346641e-07,0.28291767835617065,0.28290191292762756,0.0006915540434420109,-3.163571091135964e-05
34.733333333333334,0.027325883507728577,-7.436727173626423e-06,4.946958824803005e-07,0.2830547094345093,0.28303998708724976,0.0006963152554817498,-4.860092667513527e-05
34.75,0.027339380234479904,-7.540511433035135e-06,1.1135450677102199e-06,0.2831938862800598,0.2831770181655884,0.000689787557348609,2.2496881229017163e-06
34.766666666666666,0.027352653443813324,-7.520429790019989e-06,5.087658792035654e-07,0.28333044052124023,0.2833126485347748,0.0006834071828052402,2.9817152608302422e-05
34.78333333333333,0.027365900576114655,-7.469032425433397e-06,-4.501438866100216e-07,0.28346431255340576,0.28344807028770447,0.0006824104348197579,-1.007517221296439e-05
34.8,0.027379222214221954,-7.515423931181431e-06,1.1020675856343587e-06,0.2836001217365265,0.28358331322669983,0.0006797595415264368,3.7740785046480596e-05
34.81666666666666,0.027392402291297913,-7.471011485904455e-06,-7.304744826797105e-07,0.28373536467552185,0.28371793031692505,0.0006797993555665016,-3.0155801141518168e-05
34.833333333333336,0.027405742555856705,-7.415714208036661e-06,5.917551675338473e-07,0.28387048840522766,0.28385475277900696,0.0006881259032525122,-2.1114185528858798e-06
34.85,0.027419287711381912,-7.438589818775654e-06,6.234945431060623e-07,0.28400829434394836,0.28399208188056946,0.0006937989965081215,2.032577685895376e-05
34.86666666666667,0.027432836592197418,-7.574213668704033e-06,5.120343260500704e-08,0.28414779901504517,0.28413042426109314,0.0006936685531400144,1.0645847396517638e-05
34.88333333333333,0.02744618058204651,-7.472757715731859e-06,-1.0579430664847678e-07,0.28428325057029724,0.28426793217658997,0.0006892633973620832,-3.1127212423598394e-05
34.9,0.02745959907770157,-7.569906301796436e-06,1.1426664059399627e-06,0.28442054986953735,0.2844037413597107,0.0006848739576525986,-3.847054813377326e-06
34.916666666666664,0.02747282385826111,-7.471942808479071e-06,-6.247377655199671e-07,0.2845558524131775,0.2845394015312195,0.0006823145085945725,-1.533987233415246e-05
34.93333333333333,0.02748596854507923,-7.5125135481357574e-06,3.304142808246979e-07,0.28468939661979675,0.2846737802028656,0.0006777529488317668,3.2819130865391344e-05
34.95,0.027499258518218994,-7.574446499347687e-06,1.013716200759518e-06,0.2848259210586548,0.28480783104896545,0.0006764541612938046,3.48841494997032e-05
34.96666666666667,0.027512401342391968,-7.435854058712721e-06,-3.2158519047698064e-07,0.28495854139328003,0.28494346141815186,0.0006777523085474968,-2.892887823691126e-05
34.983333333333334,0.02752566896378994,-7.507798727601767e-06,5.02851889905287e-07,0.2850947976112366,0.28507718443870544,0.0006826181779615581,1.3585245142166968e-06
35.0,0.02753891423344612,-7.4365525506436825e-06,3.853259897823591e-07,0.2852300703525543,0.28521308302879333,0.0006864805473014712,-3.285087223048322e-05
35.016666666666666,0.027552403509616852,-7.392605766654015e-06,3.048745611522463e-07,0.28536781668663025,0.28535038232803345,0.0006943049957044423,1.4155159988149535e-05
35.03333333333333,0.02756587043404579,-7.588125299662352e-06,1.4187415899868938e-06,0.2855050563812256,0.28548961877822876,0.0006873193196952343,-4.687625551014207e-05
35.05,0.0275791697204113,-7.463851943612099e-06,-5.676499768014764e-07,0.28564131259918213,0.2856248617172241,0.0006858319975435734,-2.803063762257807e-05
35.06666666666666,0.02759244665503502,-7.405353244394064e-06,-2.3346765942733327e-07,0.28577670454978943,0.2857586443424225,0.0006790619809180498,0.0001307025959249586
35.083333333333336,0.02760586142539978,-7.434457074850798e-06,8.621418601251207e-07,0.28591182827949524,0.2858976721763611,0.0006901887245476246,-2.0613955712178722e-05
35.1,0.027619287371635437,-7.571070455014706e-06,1.0726131449700915e-06,0.2860497832298279,0.28603246808052063,0.0006860175053589046,3.1835257686907426e-05
35.11666666666667,0.027632515877485275,-7.470662239938974e-06,-6.524757623083133e-07,0.28618550300598145,0.28616800904273987,0.0006847732001915574,-1.0556735105637927e-05
35.13333333333333,0.02764582261443138,-7.561291567981243e-06,1.4961058241169667e-06,0.28632041811943054,0.2863057255744934,0.0006810126360505819,-5.3677362302551046e-05
35.15,0.027659043669700623,-7.449532859027386e-06,-5.002459033676132e-07,0.2864558696746826,0.2864399254322052,0.0006805872544646263,-1.2506041457527317e-05
35.166666666666664,0.027672361582517624,-7.536611519753933e-06,7.989750656633987e-07,0.2865927219390869,0.286573588848114,0.0006779053364880383,0.00011398372589610517
35.18333333333333,0.027685556560754776,-7.473863661289215e-06,-7.018835503913579e-07,0.2867267429828644,0.28670865297317505,0.0006802022107876837,5.2377552492544055e-05
35.2,0.027698908001184464,-7.439230103045702e-06,-2.0730114158595825e-07,0.2868632376194,0.28684550523757935,0.0006880819564685225,3.4471733670216054e-05
35.21666666666667,0.027712475508451462,-7.488415576517582e-06,7.060802431624325e-07,0.2870010435581207,0.2869842052459717,0.0006967768422327936,2.2664778498437954e-06
35.233333333333334,0.027725951746106148,-7.563910912722349e-06,1.2222910754644545e-06,0.287138968706131,0.28712204098701477,0.0006907428614795208,3.95800634578336e-05
35.25,0.027739303186535835,-7.467868272215128e-06,-6.813440336372878e-07,0.28727516531944275,0.2872578203678131,0.0006885208422318101,-2.2263373466557823e-05
35.266666666666666,0.027752652764320374,-7.5688003562390804e-06,1.151831156676053e-06,0.2874111235141754,0.2873952388763428,0.0006847155163995922,-1.3271477655507624e-05
35.28333333333333,0.027765918523073196,-7.4633280746638775e-06,-6.67516985686234e-07,0.2875470817089081,0.28752967715263367,0.0006833400693722069,6.183361620060168e-06
35.3,0.0277793537825346,-7.421302143484354e-06,3.5506784001881897e-07,0.2876838743686676,0.2876668870449066,0.0006900815642438829,7.640098374395166e-06
35.31666666666666,0.02779291197657585,-7.472350262105465e-06,7.101555752342392e-07,0.2878216505050659,0.2878054976463318,0.0006976997829042375,-2.1505571567104198e-05
35.333333333333336,0.027806397527456284,-7.580616511404514e-06,1.1565720114958822e-06,0.2879602313041687,0.28794315457344055,0.0006909994408488274,6.419269629986957e-05
35.35,0.027819782495498657,-7.479568012058735e-06,-8.535974984624772e-07,0.28809720277786255,0.288079172372818,0.0006896326667629182,3.07862319459673e-05
35.36666666666667,0.027833152562379837,-7.488706614822149e-06,5.436040737549774e-07,0.28823351860046387,0.2882157862186432,0.000685349281411618,6.563700299011543e-05
35.38333333333333,0.02784654125571251,-7.578928489238024e-06,1.1969104889431037e-06,0.28836944699287415,0.2883525788784027,0.000683070276863873,2.8561713406816125e-05
35.4,0.027859780937433243,-7.452443242073059e-06,-2.7813948122457077e-07,0.2885037064552307,0.28848838806152344,0.000682778307236731,-1.6204005078179762e-05
35.416666666666664,0.027873050421476364,-7.586844731122255e-06,1.2890254765807185e-06,0.28864026069641113,0.2886238098144531,0.0006800862611271441,1.5622024875483476e-05
35.43333333333333,0.027886249125003815,-7.483584340661764e-06,-4.4586002445612394e-07,0.28877466917037964,0.28875863552093506,0.0006800979608669877,-3.004826976393815e-05
35.45,0.027899544686079025,-7.553666364401579e-06,1.0980279512295965e-06,0.2889103591442108,0.288892924785614,0.0006776935770176351,4.988232467439957e-05
35.46666666666667,0.027912687510252,-7.451511919498444e-06,-2.757467143510439e-07,0.2890438735485077,0.28902873396873474,0.0006774908397346735,-3.312942499178462e-05
35.483333333333334,0.02792602777481079,-7.487251423299313e-06,4.2949008616233186e-07,0.2891806960105896,0.2891637682914734,0.0006866339826956391,-1.1685732715704944e-05
35.5,0.027939267456531525,-7.483526133000851e-06,5.809191634398303e-07,0.2893156111240387,0.28929924964904785,0.0006797328242100775,-7.689421181567013e-06
35.516666666666666,0.02795245125889778,-7.522408850491047e-06,-5.623169840873743e-07,0.28945082426071167,0.28943365812301636,0.0006800653063692153,-7.229321568047453e-07
35.53333333333333,0.027965683490037918,-7.541326340287924e-06,1.036389107866853e-06,0.28958559036254883,0.28956910967826843,0.0006783159333281219,-1.3818440493196249e-05
35.55,0.027978859841823578,-7.4730487540364265e-06,-5.141071142134024e-07,0.28972017765045166,0.28970375657081604,0.0006787937600165606,1.2640442037081812e-05
35.56666666666666,0.027992065995931625,-7.5587304309010506e-06,1.1574821883186814e-06,0.2898542284965515,0.28983867168426514,0.0006774325156584382,-4.947809429722838e-06
35.583333333333336,0.028005246073007584,-7.4846320785582066e-06,1.9895432501471078e-07,0.2899894118309021,0.28997159004211426,0.0006729635060764849,5.888864052394638e-06
35.6,0.028018232434988022,-7.514085154980421e-06,5.516801593330456e-07,0.29012200236320496,0.29010510444641113,0.0006709003355354071,-1.6846723156049848e-05
35.61666666666667,0.028031378984451294,-7.519789505749941e-06,1.1590351505219587e-06,0.29025527834892273,0.2902393341064453,0.0006711942842230201,3.23501844832208e-05
35.63333333333333,0.028044462203979492,-7.442082278430462e-06,-6.149568321234256e-07,0.2903894782066345,0.2903723418712616,0.0006736092618666589,2.8582719096448272e-05
35.65,0.028057735413312912,-7.381604518741369e-06,9.642165110790302e-08,0.29052436351776123,0.29050856828689575,0.0006822274881415069,-1.8969314623973332e-05
35.666666666666664,0.028071176260709763,-7.4283452704548836e-06,3.6887007581754006e-07,0.29066091775894165,0.2906443774700165,0.0006896789418533444,1.1025666708519566e-06
35.68333333333333,0.02808466926217079,-7.451977580785751e-06,2.564279100170097e-07,0.29079997539520264,0.29078274965286255,0.0006963275372982025,-1.3893195500713773e-05
35.7,0.028098218142986298,-7.540395017713308e-06,1.4160244177219283e-07,0.29093918204307556,0.29092156887054443,0.0006954488344490528,4.586351860780269e-05
35.71666666666667,0.028111735358834267,-7.55133805796504e-06,8.648761422591633e-07,0.29107654094696045,0.29105904698371887,0.0006911966484040022,-3.879463747580303e-06
35.733333333333334,0.02812509983778,-7.47462036088109e-06,-1.7728044099385443e-07,0.29121169447898865,0.29119637608528137,0.0006868732161819935,-3.0371025786735117e-05
35.75,0.02813839539885521,-7.528113201260567e-06,5.01596900903678e-07,0.29134833812713623,0.2913305461406708,0.0006801892886869609,8.278041786979884e-05
35.766666666666666,0.028151607140898705,-7.538590580224991e-06,-2.5509223178232787e-07,0.2914828062057495,0.29146626591682434,0.0006811444764025509,-2.9520497264456935e-05
35.78333333333333,0.028164878487586975,-7.520138751715422e-06,1.216388909597299e-06,0.2916179895401001,0.2916012406349182,0.0006787058664485812,5.50347613170743e-05
35.8,0.028178062289953232,-7.503200322389603e-06,-6.851399803053937e-07,0.291753351688385,0.29173505306243896,0.0006795363151468337,2.5235389330191538e-05
35.81666666666666,0.02819141559302807,-7.447204552590847e-06,-1.9637471382338845e-07,0.2918897867202759,0.2918716371059418,0.0006877265404909849,5.608200444839895e-05
35.833333333333336,0.02820492349565029,-7.436785381287336e-06,3.0405468010030745e-07,0.2920270264148712,0.2920101583003998,0.0006939940503798425,-1.7610209397389553e-05
35.85,0.028218505904078484,-7.425784133374691e-06,5.959300324320793e-07,0.292165070772171,0.29214897751808167,0.0007000695331953466,-2.2010179236531258e-05
35.86666666666667,0.028232131153345108,-7.542956154793501e-06,2.604503492875665e-07,0.2923053503036499,0.29228878021240234,0.0006986326770856977,5.697926098946482e-06
35.88333333333333,0.02824564091861248,-7.49208265915513e-06,-8.240424875793906e-08,0.29244211316108704,0.29242658615112305,0.0006921080057509243,-3.005770849995315e-05
35.9,0.02825900726020336,-7.459369953721762e-06,6.517956308016437e-07,0.29257842898368835,0.2925618588924408,0.0006844641175121069,4.3508916860446334e-05
35.916666666666664,0.028272327035665512,-7.425085641443729e-06,4.7385705670421885e-07,0.29271399974823,0.29269906878471375,0.000688185915350914,-3.871554508805275e-05
35.93333333333333,0.02828584797680378,-7.396040018647909e-06,4.88876651161263e-07,0.2928532361984253,0.2928357422351837,0.0006953115807846189,3.1096685688680736e-06
35.95,0.028299519792199135,-7.4018025770783424e-06,3.9282218722291873e-07,0.29299196600914,0.2929748296737671,0.0007015192531980574,-7.0632449933327734e-06
35.96666666666667,0.02831321395933628,-7.42258271202445e-06,4.988623345525411e-07,0.293131947517395,0.2931148111820221,0.0007059285417199135,3.742760236491449e-05
35.983333333333334,0.02832702174782753,-7.455295417457819e-06,6.197283823894395e-07,0.29327282309532166,0.293256014585495,0.0007099903887137771,-1.3647401829075534e-05
36.0,0.028340715914964676,-7.539347279816866e-06,3.5355810723558534e-07,0.293414443731308,0.2933940887451172,0.000699675758369267,0.00010545946133788675
36.016666666666666,0.028354212641716003,-7.541151717305183e-06,-2.9218514896456327e-07,0.2935507297515869,0.2935340702533722,0.0006960491300560534,-2.9466975320247002e-05
36.03333333333333,0.02836766466498375,-7.4954587034881115e-06,9.320311278315785e-07,0.29368823766708374,0.2936720550060272,0.0006894194521009922,-1.5653049558750354e-05
36.05,0.028381038457155228,-7.4847484938800335e-06,5.270522365208308e-07,0.2938242256641388,0.29380881786346436,0.0006867973715998232,-3.8222657167352736e-05
36.06666666666666,0.028394313529133797,-7.505877874791622e-06,4.526390853243356e-07,0.2939603626728058,0.29394277930259705,0.0006806760793551803,0.00010171652684221044
36.083333333333336,0.028407728299498558,-7.425784133374691e-06,5.700533733943303e-07,0.2940959334373474,0.29408010840415955,0.00069046689895913,-8.072263995018147e-07
36.1,0.02842129021883011,-7.455411832779646e-06,9.282945256927633e-07,0.29423439502716064,0.29421913623809814,0.0006972319097258151,-1.5175654880295042e-05
36.11666666666667,0.02843468263745308,-7.481721695512533e-06,4.0557151237408107e-07,0.29437240958213806,0.2943549156188965,0.0006882762536406517,-1.916005930979736e-05
36.13333333333333,0.028448054566979408,-7.528229616582394e-06,9.448353353036509e-07,0.2945083677768707,0.2944915294647217,0.0006844558520242572,5.415022314991802e-06
36.15,0.028461236506700516,-7.470371201634407e-06,4.1108674508905096e-07,0.29464244842529297,0.2946268916130066,0.0006796425441280007,-2.9097187507431954e-05
36.166666666666664,0.028474483639001846,-7.586844731122255e-06,1.1275358247075928e-06,0.29477882385253906,0.29476141929626465,0.0006772865308448672,2.257021606055787e-06
36.18333333333333,0.028487656265497208,-7.48620368540287e-06,-4.1687727048156376e-07,0.2949126660823822,0.29489609599113464,0.0006777566159144044,-2.7026653697248548e-05
36.2,0.028500987216830254,-7.470953278243542e-06,3.9720541167298506e-07,0.2950482666492462,0.2950320541858673,0.0006861264118924737,-1.9860242900904268e-05
36.21666666666667,0.028514442965388298,-7.437833119183779e-06,4.2975827341251716e-07,0.2951851785182953,0.29516977071762085,0.0006896320846863091,-4.358706428320147e-05
36.233333333333334,0.02852788195014,-7.481488864868879e-06,5.826631195304799e-07,0.2953227460384369,0.2953064441680908,0.0006945442291907966,-1.268284540856257e-05
36.25,0.028541292995214462,-7.577240467071533e-06,1.2276930192456348e-06,0.29546087980270386,0.29544439911842346,0.0006872814265079796,3.6085600640944904e-06
36.266666666666666,0.02855459228157997,-7.469730917364359e-06,-4.851021344620676e-07,0.2955961525440216,0.295579731464386,0.000684992119204253,-3.0289136702776887e-05
36.28333333333333,0.02856791391968727,-7.508147973567247e-06,5.945374255134084e-07,0.295733243227005,0.29571443796157837,0.0006819012342020869,4.509383870754391e-05
36.3,0.028581170365214348,-7.525202818214893e-06,7.486107733711833e-07,0.29586732387542725,0.29585108160972595,0.0006798161193728447,-1.3833631783199962e-05
36.31666666666666,0.028594382107257843,-7.484981324523687e-06,-3.4676256177590403e-07,0.29600173234939575,0.2959858477115631,0.0006793920183554292,-2.9137330784578808e-05
36.333333333333336,0.028607506304979324,-7.472815923392773e-06,8.302261562675994e-07,0.29613590240478516,0.2961200773715973,0.000674551643896848,3.470619049039669e-05
36.35,0.028620630502700806,-7.5651914812624454e-06,5.959589657322795e-07,0.29626962542533875,0.29625317454338074,0.0006717313663102686,7.391819963231683e-06
36.36666666666667,0.02863384410738945,-7.474969606846571e-06,7.141358651097107e-07,0.29640328884124756,0.2963872253894806,0.000679046381264925,-3.146305607515387e-05
36.38333333333333,0.028647035360336304,-7.533584721386433e-06,6.085887207518681e-07,0.29653963446617126,0.2965235412120819,0.0006810707855038345,-2.7017847969545983e-05
36.4,0.028660254552960396,-7.502327207475901e-06,3.754026067781524e-07,0.29667460918426514,0.29665690660476685,0.0006756368093192577,4.5681317715207115e-05
36.416666666666664,0.028673367574810982,-7.509544957429171e-06,4.6287041755022074e-08,0.29680970311164856,0.29679012298583984,0.0006725460407324135,6.858440610812977e-05
36.43333333333333,0.028686458244919777,-7.560418453067541e-06,9.67364485404687e-07,0.29694125056266785,0.29692503809928894,0.0006710106390528381,-1.9519235138432123e-05
36.45,0.02869948372244835,-7.495167665183544e-06,-1.49295459550558e-07,0.2970743775367737,0.2970582842826843,0.0006726431893184781,-8.410338523390237e-07
36.46666666666667,0.028712613508105278,-7.527298294007778e-06,7.682248224227806e-07,0.2972092926502228,0.29719147086143494,0.0006728090229444206,9.253927601093892e-06
36.483333333333334,0.028725722804665565,-7.479626219719648e-06,7.887851438681537e-07,0.2973420023918152,0.29732561111450195,0.0006697265198454261,6.20339487795718e-05
36.5,0.028738737106323242,-7.427530363202095e-06,-5.946008059254382e-07,0.29747530817985535,0.2974591553211212,0.0006729227025061846,-3.055319393752143e-05
36.516666666666666,0.02875189110636711,-7.4413837864995e-06,5.714383632948739e-07,0.29761043190956116,0.29759272933006287,0.0006720953970216215,3.868548810714856e-05
36.53333333333333,0.028765130788087845,-7.408205419778824e-06,1.3259247566566046e-07,0.29774463176727295,0.29772844910621643,0.0006818465190008283,-2.1411133275250904e-05
36.55,0.028778590261936188,-7.4642011895775795e-06,7.939221404740238e-07,0.2978816628456116,0.2978658676147461,0.0006909737712703645,-1.6275593225145712e-05
36.56666666666666,0.028792042285203934,-7.458787877112627e-06,7.933863344078418e-08,0.29801908135414124,0.2980026602745056,0.000693402485921979,2.456287620589137e-05
36.583333333333336,0.028805401176214218,-7.548078428953886e-06,-4.5038504481453856e-07,0.2981565296649933,0.29813894629478455,0.0006905746413394809,-8.019566848815884e-06
36.6,0.02881881594657898,-7.52968480810523e-06,9.149081847681373e-07,0.29829275608062744,0.2982761859893799,0.0006861776346340775,-1.55294419528218e-05
36.61666666666667,0.02883206307888031,-7.468042895197868e-06,-4.0546959212406364e-07,0.298427939414978,0.2984113097190857,0.0006848032935522497,-3.03460346913198e-05
36.63333333333333,0.028845351189374924,-7.542141247540712e-06,1.0373270242780563e-06,0.29856371879577637,0.2985481917858124,0.0006818076362833381,-1.0253609616484027e-05
36.65,0.02885851263999939,-7.480906788259745e-06,3.8300885307762655e-07,0.2986988425254822,0.2986822724342346,0.0006762444390915334,-2.881266118492931e-05
36.666666666666664,0.02887166291475296,-7.513328455388546e-06,2.1667534610969597e-07,0.29883334040641785,0.2988147437572479,0.000672151567414403,4.025276211905293e-05
36.68333333333333,0.02888471633195877,-7.448310498148203e-06,5.519222412431191e-09,0.29896485805511475,0.2989490330219269,0.0006708488217554986,-2.8925855076522566e-05
36.7,0.02889801561832428,-7.449591066688299e-06,2.5665792691142997e-07,0.2991020381450653,0.2990839183330536,0.0006819012342020869,1.1225946764170658e-05
36.71666666666667,0.028911329805850983,-7.515307515859604e-06,-9.053710670059445e-09,0.29923829436302185,0.2992209196090698,0.0006849271594546735,2.2441321561927907e-05
36.733333333333334,0.02892472594976425,-7.536669727414846e-06,1.0450520449012402e-06,0.2993738055229187,0.29935747385025024,0.0006821909337304533,4.8025794967543334e-05
36.75,0.028937945142388344,-7.479975465685129e-06,3.5942792919740896e-07,0.29950934648513794,0.2994910180568695,0.0006770195323042572,0.0001174904391518794
36.766666666666666,0.028951255604624748,-7.436785381287336e-06,4.02896432660782e-07,0.29964426159858704,0.29962724447250366,0.000683884194586426,1.8255546820000745e-05
36.78333333333333,0.02896469458937645,-7.440568879246712e-06,7.962945574035984e-07,0.299780935049057,0.2997654676437378,0.0006936287973076105,-1.0861785995075479e-05
36.8,0.02897820994257927,-7.545342668890953e-06,5.809890240016102e-07,0.29991981387138367,0.29990437626838684,0.0006931963143870234,-9.808260983845685e-06
36.81666666666666,0.028991613537073135,-7.5213611125946045e-06,8.349460927092878e-07,0.3000563681125641,0.3000403046607971,0.0006853831000626087,-5.46350383956451e-06
36.833333333333336,0.029004788026213646,-7.471535354852676e-06,-1.4396608349898088e-08,0.3001922070980072,0.3001748025417328,0.0006796731031499803,-1.4219582226360217e-05
36.85,0.02901807799935341,-7.527414709329605e-06,7.64191895541444e-07,0.3003273904323578,0.300309956073761,0.0006775367073714733,-1.6040179616538808e-05
36.86666666666667,0.029031237587332726,-7.472874131053686e-06,-2.536272347697377e-07,0.3004603385925293,0.3004448115825653,0.000677993637509644,-2.8100672352593392e-05
36.88333333333333,0.02904437854886055,-7.482361979782581e-06,-2.8178669708722737e-07,0.30059459805488586,0.300579309463501,0.0006778602837584913,-2.9294735213625245e-05
36.9,0.029057569801807404,-7.444294169545174e-06,5.637465960717236e-07,0.30073052644729614,0.3007133901119232,0.0006754992064088583,7.257669494720176e-05
36.916666666666664,0.029070792719721794,-7.472408469766378e-06,1.1815943707915721e-06,0.30086398124694824,0.30084922909736633,0.0006763620185665786,1.6554100511712022e-05
36.93333333333333,0.029083898290991783,-7.537251804023981e-06,5.112278813612647e-07,0.300998717546463,0.3009818494319916,0.000672659429255873,1.984808704946772e-06
36.95,0.02909698151051998,-7.566413842141628e-06,6.245741701604857e-07,0.301132470369339,0.3011150658130646,0.0006704130792059004,1.2213163245178293e-05
36.96666666666667,0.02910999208688736,-7.511291187256575e-06,-9.093311348351563e-08,0.3012649416923523,0.30124929547309875,0.0006716075586155057,-2.9195758543210104e-05
36.983333333333334,0.02912304177880287,-7.5695570558309555e-06,7.73455610669771e-07,0.30139806866645813,0.30138176679611206,0.0006685622502118349,-2.1450870917760767e-05
37.0,0.029136057943105698,-7.475202437490225e-06,-6.590033763131942e-08,0.3015301525592804,0.30151575803756714,0.0006697493372485042,-6.022180605214089e-05
37.016666666666666,0.029149042442440987,-7.453782018274069e-06,-6.093993079048232e-07,0.30166441202163696,0.301647812128067,0.0006719488301314414,-2.928651520051062e-05
37.03333333333333,0.029162226244807243,-7.501221261918545e-06,7.318944312828535e-07,0.30179864168167114,0.3017818331718445,0.0006711339228786528,-1.4888546502334066e-05
37.05,0.029175393283367157,-7.506809197366238e-06,1.6172249672763428e-07,0.3019341230392456,0.30191677808761597,0.0006763905403204262,2.7284753741696477e-05
37.06666666666666,0.029188688844442368,-7.523340173065662e-06,6.695747742924141e-07,0.30206888914108276,0.3020501136779785,0.0006755346548743546,0.0001366920187138021
37.083333333333336,0.029201854020357132,-7.53102358430624e-06,7.797492003192019e-07,0.30220237374305725,0.30218562483787537,0.0006736732902936637,1.0198865311394911e-05
37.1,0.02921491116285324,-7.469148840755224e-06,-6.302723818407685e-07,0.30233651399612427,0.3023184537887573,0.0006755496724508703,-7.875190021877643e-06
37.11666666666667,0.029228240251541138,-7.441616617143154e-06,4.4690491307619595e-08,0.30247196555137634,0.3024549186229706,0.0006842421717010438,-6.492925422207918e-06
37.13333333333333,0.02924175374209881,-7.506459951400757e-06,2.4178353896786575e-07,0.302609920501709,0.30259227752685547,0.0006925172638148069,2.0792209397768602e-05
37.15,0.029255203902721405,-7.436319720000029e-06,2.494412854048278e-07,0.3027477264404297,0.3027310371398926,0.0006969317328184843,-3.283299520262517e-05
37.166666666666664,0.02926870994269848,-7.550464943051338e-06,7.860802497816621e-07,0.30288591980934143,0.3028682768344879,0.0006910216761752963,5.643687472911552e-06
37.18333333333333,0.029282115399837494,-7.539347279816866e-06,1.1798395007645013e-06,0.30302175879478455,0.30300629138946533,0.0006863722810521722,-1.6807729480206035e-05
37.2,0.029295295476913452,-7.466413080692291e-06,3.544202229477378e-07,0.30315712094306946,0.30314120650291443,0.0006787955644540489,-3.033075154235121e-05
37.21666666666667,0.02930854633450508,-7.483118679374456e-06,9.696761935629183e-07,0.3032921254634857,0.30327561497688293,0.0006776515510864556,2.76859755103942e-05
37.233333333333334,0.02932179719209671,-7.559196092188358e-06,6.975757287364104e-07,0.3034266233444214,0.3034111261367798,0.000675566669087857,-3.3701966458465904e-05
37.25,0.02933488041162491,-7.471244316548109e-06,-5.669586471412913e-07,0.303561806678772,0.30354413390159607,0.0006762637058272958,-2.4354030756512657e-05
37.266666666666666,0.029348224401474,-7.432012353092432e-06,6.867907842433851e-08,0.30369704961776733,0.30367910861968994,0.0006850413046777248,3.9096448745112866e-05
37.28333333333333,0.029361605644226074,-7.491558790206909e-06,3.9912660554364265e-07,0.3038337230682373,0.3038184642791748,0.0006867289775982499,-1.0523287528485525e-05
37.3,0.02937491424381733,-7.5293355621397495e-06,3.1026044666759844e-07,0.3039706349372864,0.30395227670669556,0.0006799752591177821,7.4801966547966e-05
37.31666666666666,0.029388094320893288,-7.514958269894123e-06,3.7438297795233666e-07,0.30410486459732056,0.30408626794815063,0.0006759088719263673,9.828909242060035e-05
37.333333333333336,0.029401332139968872,-7.527007255703211e-06,9.850218702922575e-07,0.3042393624782562,0.30422264337539673,0.0006770657491870224,-1.669933772063814e-05
37.35,0.029414433985948563,-7.438764441758394e-06,2.2650709752269904e-07,0.3043738305568695,0.30435556173324585,0.0006722314865328372,0.00015050251386128366
37.36666666666667,0.029427623376250267,-7.520429790019989e-06,8.811041993794788e-07,0.3045082092285156,0.3044910728931427,0.0006743413396179676,5.014184716856107e-05
37.38333333333333,0.029440797865390778,-7.554539479315281e-06,6.979353770475427e-07,0.3046427369117737,0.3046255111694336,0.0006744501879438758,7.192159682745114e-05
37.4,0.029453858733177185,-7.4553536251187325e-06,-3.1296764291255386e-07,0.30477675795555115,0.30475881695747375,0.0006723994738422334,-1.587066253705416e-05
37.416666666666664,0.029467027634382248,-7.460417691618204e-06,4.440322811660735e-07,0.3049107789993286,0.3048933744430542,0.0006719148368574679,5.27930969838053e-05
37.43333333333333,0.02948014996945858,-7.555179763585329e-06,8.542695013602497e-07,0.30504465103149414,0.30502811074256897,0.0006698964280076325,-6.549654790433124e-05
37.45,0.029493190348148346,-7.5034331530332565e-06,-7.645220421181875e-07,0.3051780164241791,0.3051595985889435,0.0006730873137712479,-6.754079095117049e-06
37.46666666666667,0.029506459832191467,-7.452850695699453e-06,6.062243755877716e-07,0.3053112328052521,0.305296391248703,0.000681447156239301,-3.310830652480945e-05
37.483333333333334,0.029519733041524887,-7.502618245780468e-06,1.0072537861560704e-06,0.30544793605804443,0.30543166399002075,0.0006791154155507684,1.6029540347517468e-05
37.5,0.0295329038053751,-7.462687790393829e-06,-4.98128940762399e-07,0.30558305978775024,0.3055659830570221,0.0006785785080865026,-2.907839007093571e-05
37.516666666666666,0.029546143487095833,-7.483060471713543e-06,4.755430893510493e-07,0.3057171106338501,0.30570119619369507,0.00068367162020877,-5.3520761866820976e-05
37.53333333333333,0.029559440910816193,-7.472524885088205e-06,6.447712621593382e-07,0.30585402250289917,0.3058359920978546,0.0006800005212426186,6.93807378411293e-05
37.55,0.029572609812021255,-7.476890459656715e-06,-4.938932534059859e-07,0.30598777532577515,0.30597126483917236,0.0006810136837884784,-1.355076256004395e-05
37.56666666666666,0.029585879296064377,-7.4793933890759945e-06,2.7567372740122664e-07,0.3061246871948242,0.3061058521270752,0.0006781863630749285,0.00010884377843467519
37.583333333333336,0.02959916926920414,-7.511931471526623e-06,9.575338708600611e-07,0.3062589168548584,0.30624231696128845,0.0006784875295124948,5.239870733930729e-05
37.6,0.02961234748363495,-7.4945855885744095e-06,7.472843890354852e-07,0.3063932955265045,0.3063768446445465,0.0006743263220414519,2.9270162485772744e-05
37.61666666666667,0.029625438153743744,-7.511465810239315e-06,7.703578148721135e-07,0.3065270185470581,0.30651047825813293,0.0006718521472066641,4.4666372559731826e-05
37.63333333333333,0.02963852509856224,-7.49476021155715e-06,-4.691218578045664e-07,0.30666083097457886,0.3066442012786865,0.0006735515780746937,-2.7088251954410225e-05
37.65,0.029651828110218048,-7.515482138842344e-06,6.370941605382541e-07,0.3067966401576996,0.3067794144153595,0.0006831057835370302,3.594396184780635e-05
37.666666666666664,0.02966502122581005,-7.433176506310701e-06,-5.406789682638191e-07,0.30693137645721436,0.30691516399383545,0.0006822500727139413,3.031273365650122e-08
37.68333333333333,0.02967831678688526,-7.485679816454649e-06,8.159994422385353e-07,0.3070670962333679,0.3070506751537323,0.000679706281516701,-1.2348369864412234e-06
37.7,0.029691562056541443,-7.503142114728689e-06,1.0063009767691256e-06,0.30720221996307373,0.3071861267089844,0.0006779109826311469,-6.51980087695847e-07
37.71666666666667,0.029704708606004715,-7.461116183549166e-06,5.477174340740021e-07,0.30733659863471985,0.30731913447380066,0.0006733117625117302,0.00010241889685858041
37.733333333333334,0.029717858880758286,-7.539405487477779e-06,7.772105732328782e-07,0.3074714243412018,0.3074536621570587,0.0006747740553691983,4.8801488446770236e-05
37.75,0.02973099611699581,-7.55401561036706e-06,6.939231411706714e-07,0.3076048195362091,0.30758801102638245,0.0006721201934851706,-5.132065325597068e-06
37.766666666666666,0.029744036495685577,-7.489172276109457e-06,-4.2775153019647405e-07,0.3077385723590851,0.30772194266319275,0.000672888127155602,-2.7959556973655708e-05
37.78333333333333,0.02975711226463318,-7.557740900665522e-06,1.4153226857160917e-07,0.3078716993331909,0.30785632133483887,0.000673082540743053,-3.137389649054967e-05
37.8,0.02977024018764496,-7.482944056391716e-06,5.928674795541156e-07,0.30800661444664,0.30798962712287903,0.0006722586113028228,-1.715190478535078e-07
37.81666666666666,0.029783306643366814,-7.489172276109457e-06,-5.340274924492405e-07,0.3081399202346802,0.3081222176551819,0.000674150011036545,1.9172737665940076e-05
37.833333333333336,0.029796604067087173,-7.493479643017054e-06,5.518544412552728e-07,0.3082742691040039,0.3082592189311981,0.0006809400510974228,-8.546473691239953e-05
37.85,0.029809899628162384,-7.518683560192585e-06,6.456679102484486e-07,0.30841171741485596,0.3083931505680084,0.0006795083754695952,9.113231499213725e-05
37.86666666666667,0.029823068529367447,-7.425318472087383e-06,-6.036872832737572e-07,0.3085453510284424,0.3085290789604187,0.0006803281139582396,-1.671833888394758e-05
37.88333333333333,0.02983638271689415,-7.507333066314459e-06,9.730305237098946e-07,0.3086807131767273,0.3086641728878021,0.0006780832190997899,3.682264286908321e-05
37.9,0.029849624261260033,-7.440394256263971e-06,3.472866012543818e-07,0.3088156580924988,0.30879929661750793,0.0006839215639047325,-2.5948434995370917e-05
37.916666666666664,0.02986312285065651,-7.474562153220177e-06,5.7235681083511736e-08,0.3089543581008911,0.30893638730049133,0.0006921169115230441,-9.565174877934624e-06
37.93333333333333,0.029876675456762314,-7.447204552590847e-06,4.7581463036294736e-07,0.30909228324890137,0.30907636880874634,0.0006989366956986487,-3.368749617038702e-07
37.95,0.029890358448028564,-7.440219633281231e-06,5.227325914347603e-07,0.3092316687107086,0.3092155456542969,0.0007033914444036782,-2.1514684704015963e-05
37.96666666666667,0.029904045164585114,-7.426890078932047e-06,4.6220287686082884e-07,0.30937203764915466,0.30935537815093994,0.00070705491816625,1.9751009858737234e-06
37.983333333333334,0.029917901381850243,-7.44423596188426e-06,4.042560988182231e-07,0.30951255559921265,0.3094967007637024,0.0007101986557245255,-1.8094175175065175e-05
38.0,0.02993154339492321,-7.410766556859016e-06,-4.1249528237585764e-08,0.30965256690979004,0.30963680148124695,0.0007072269800119102,-5.2279068768257275e-05
38.016666666666666,0.02994539588689804,-7.41082476451993e-06,2.920879467183113e-07,0.309794545173645,0.3097771108150482,0.0007096605841070414,3.6450095649342984e-05
38.03333333333333,0.029959244653582573,-7.408962119370699e-06,6.872992912576592e-07,0.3099346458911896,0.30991899967193604,0.0007128080469556153,1.6781450540293008e-05
38.05,0.029973160475492477,-7.510359864681959e-06,9.378443905916356e-07,0.3100769817829132,0.31006067991256714,0.0007147460128180683,-1.1658769835776184e-05
38.06666666666666,0.02998696081340313,-7.553782779723406e-06,3.514387856284884e-07,0.31022006273269653,0.31020230054855347,0.0007089487626217306,-3.851875135296723e-06
38.083333333333336,0.030000660568475723,-7.5116404332220554e-06,8.872808052728942e-07,0.31035852432250977,0.3103426992893219,0.0006992091075517237,-3.9819784433348104e-05
38.1,0.030014120042324066,-7.515540346503258e-06,6.790331212869205e-07,0.31049609184265137,0.31047940254211426,0.0006904609617777169,5.665947355737444e-07
38.11666666666667,0.03002741001546383,-7.476599421352148e-06,-6.130562724138144e-07,0.31063199043273926,0.3106157183647156,0.0006869595963507891,-2.9515264031942934e-05
38.13333333333333,0.03004080429673195,-7.555878255516291e-06,9.325167411589064e-07,0.31076863408088684,0.3107520043849945,0.0006830591592006385,-1.4856877896818332e-05
38.15,0.03005398064851761,-7.478869520127773e-06,-4.891426783615316e-07,0.3109029531478882,0.31088751554489136,0.0006809176993556321,-2.953502735181246e-05
38.166666666666664,0.030067283660173416,-7.546565029770136e-06,1.1964671102759894e-06,0.3110382854938507,0.3110222816467285,0.0006789700128138065,7.521756197093055e-05
38.18333333333333,0.030080445110797882,-7.448776159435511e-06,-5.075548870081548e-07,0.3111737370491028,0.3111567795276642,0.0006798163522034883,-6.939691957086325e-06
38.2,0.03009388968348503,-7.529917638748884e-06,7.624871614098083e-07,0.3113097548484802,0.3112935423851013,0.0006872176309116185,-3.615277819335461e-05
38.21666666666667,0.030107110738754272,-7.501163054257631e-06,-5.032887884226511e-07,0.3114457130432129,0.31142979860305786,0.0006834992673248053,-3.108973032794893e-05
38.233333333333334,0.030120372772216797,-7.456692401319742e-06,-1.3044751057122994e-08,0.31158193945884705,0.3115631639957428,0.0006775531801395118,0.00015128719678614289
38.25,0.030133776366710663,-7.459195330739021e-06,5.72360420392215e-07,0.31171804666519165,0.3117011487483978,0.0006897037383168936,-5.169639734958764e-06
38.266666666666666,0.03014736995100975,-7.465772796422243e-06,3.463371740508592e-07,0.3118564486503601,0.3118397295475006,0.000696795410476625,-1.143738700193353e-05
38.28333333333333,0.030160877853631973,-7.511931471526623e-06,5.698015570487769e-07,0.3119949698448181,0.31197768449783325,0.0006986985681578517,-2.4940414732554927e-05
38.3,0.030174389481544495,-7.540453225374222e-06,1.0600876976241125e-06,0.31213298439979553,0.3121165931224823,0.0006919653969816864,-8.023240297916345e-06
38.31666666666666,0.030187755823135376,-7.531372830271721e-06,9.522503319203679e-07,0.3122684359550476,0.31225281953811646,0.000684012018609792,-2.0895686247968115e-05
38.333333333333336,0.030200965702533722,-7.483293302357197e-06,-3.8494539467137656e-07,0.31240445375442505,0.312387079000473,0.0006825732998549938,5.472543307405431e-06
38.35,0.030214402824640274,-7.432769052684307e-06,5.300841721123106e-08,0.3125411570072174,0.31252405047416687,0.0006894318503327668,3.7162921216804534e-05
38.36666666666667,0.03022795170545578,-7.441733032464981e-06,5.66661867651419e-07,0.3126795291900635,0.3126627206802368,0.000697028823196888,2.757532911346061e-06
38.38333333333333,0.030241649597883224,-7.434631697833538e-06,1.5480334525364015e-07,0.31281962990760803,0.312802255153656,0.0007022168720141053,-1.8550485037849285e-05
38.4,0.030255328863859177,-7.466180250048637e-06,6.196058848217945e-07,0.3129584491252899,0.31294259428977966,0.0007049603154882789,-5.250642425380647e-05
38.416666666666664,0.030268872156739235,-7.454538717865944e-06,6.43668329303182e-07,0.3130970001220703,0.3130817115306854,0.0007017600582912564,-4.756617272505537e-05
38.43333333333333,0.03028247319161892,-7.433292921632528e-06,3.479580641396751e-07,0.31323665380477905,0.3132215738296509,0.0006991555565036833,-2.9240642106742598e-05
38.45,0.030296053737401962,-7.529859431087971e-06,8.55989071624208e-07,0.31337589025497437,0.31335902214050293,0.0006924289045855403,1.878541115729604e-05
38.46666666666667,0.030309462919831276,-7.46740261092782e-06,-7.395626084871765e-07,0.31351327896118164,0.313494473695755,0.0006895883125253022,1.738576975185424e-05
38.483333333333334,0.030322808772325516,-7.471127901226282e-06,-1.4684643190321367e-07,0.3136489987373352,0.31363072991371155,0.0006820455309934914,7.022469799267128e-05
38.5,0.030336245894432068,-7.4328272603452206e-06,8.210897135541018e-07,0.3137849271297455,0.31376945972442627,0.0006922543398104608,-2.249903445772361e-05
38.516666666666666,0.0303498562425375,-7.487076800316572e-06,6.334294084808789e-07,0.3139234781265259,0.3139079809188843,0.0006952335825189948,-3.9004997233860195e-05
38.53333333333333,0.0303632989525795,-7.525959517806768e-06,4.69641264544407e-07,0.31406256556510925,0.3140449821949005,0.0006981449550949037,-1.345969121757662e-05
38.55,0.030376721173524857,-7.542548701167107e-06,4.69173272676926e-07,0.3142000138759613,0.31418171525001526,0.0006888934294693172,8.236385838245042e-06
38.56666666666666,0.03039008378982544,-7.488764822483063e-06,6.065766910978709e-07,0.31433650851249695,0.3143191933631897,0.0006848528864793479,6.864802799100289e-06
38.583333333333336,0.030403422191739082,-7.555587217211723e-06,7.861847279855283e-07,0.3144725263118744,0.3144550025463104,0.0006823480944149196,3.4509710530983284e-05
38.6,0.03041662648320198,-7.515947800129652e-06,-2.949838631138846e-07,0.31460702419281006,0.3145904839038849,0.0006808637408539653,-2.765810495475307e-05
38.61666666666667,0.030429784208536148,-7.495167665183544e-06,-8.566068743220967e-08,0.31474176049232483,0.3147246837615967,0.0006760357064194977,-2.5695639124023728e-05
38.63333333333333,0.030443014577031136,-7.513852324336767e-06,6.741970537404995e-07,0.31487637758255005,0.31485897302627563,0.0006745406426489353,4.69564511149656e-05
38.65,0.030456118285655975,-7.4989511631429195e-06,-5.140653343005397e-07,0.31501060724258423,0.31499266624450684,0.0006762848934158683,1.1070123946410604e-05
38.666666666666664,0.030469365417957306,-7.6018040999770164e-06,1.0461068313816213e-06,0.3151455521583557,0.315127968788147,0.0006747871520929039,5.356662586564198e-05
38.68333333333333,0.030482469126582146,-7.474736776202917e-06,-2.512999515147385e-07,0.315279096364975,0.3152628242969513,0.0006760943797416985,-2.9339469620026648e-05
38.7,0.030495578423142433,-7.482594810426235e-06,3.778599193537957e-07,0.31541314721107483,0.31539562344551086,0.0006717551732435822,4.7420133341802284e-05
38.71666666666667,0.03050879016518593,-7.508730050176382e-06,2.654466015883372e-07,0.3155495822429657,0.3155312240123749,0.0006771177286282182,6.13926094956696e-05
38.733333333333334,0.03052203729748726,-7.526017725467682e-06,6.689510883006733e-07,0.31568461656570435,0.3156665861606598,0.0006773259956389666,3.4710839827312157e-05
38.75,0.030535293743014336,-7.48166348785162e-06,5.750758305111958e-07,0.3158184885978699,0.3158020079135895,0.0006763843703083694,-3.0057105959713226e-06
38.766666666666666,0.03054836578667164,-7.5265998020768166e-06,7.021494639047887e-07,0.3159525692462921,0.31593549251556396,0.0006723878905177116,6.67748508931254e-07
38.78333333333333,0.030561452731490135,-7.5097777880728245e-06,1.0635820046900335e-07,0.3160851001739502,0.31606996059417725,0.0006728742737323046,-2.9414810342132114e-05
38.8,0.030574535951018333,-7.475493475794792e-06,1.619437739464047e-08,0.31621861457824707,0.3162034749984741,0.0006734940106980503,-3.0481080102617852e-05
38.81666666666666,0.030587607994675636,-7.457681931555271e-06,2.870064008675399e-07,0.31635332107543945,0.31633585691452026,0.0006694209296256304,4.063171218149364e-05
38.833333333333336,0.030600834637880325,-7.501512300223112e-06,6.66782906666441e-10,0.3164868652820587,0.31647101044654846,0.0006777620292268693,-2.370961374253966e-05
38.85,0.030613940209150314,-7.524678949266672e-06,1.0177245002296331e-07,0.3166213035583496,0.31660526990890503,0.00067711848532781,-3.026176091225352e-05
38.86666666666667,0.030627045780420303,-7.540103979408741e-06,4.7523204216304293e-07,0.3167569041252136,0.3167382478713989,0.0006723753758706152,5.649623926728964e-05
38.88333333333333,0.030640151351690292,-7.5427815318107605e-06,-4.0265146594720136e-07,0.3168909251689911,0.3168722987174988,0.0006744437268935144,-1.3595022210211027e-05
38.9,0.030653303489089012,-7.578113581985235e-06,8.019122788027744e-07,0.31702563166618347,0.31700703501701355,0.0006729786400683224,7.054011075524613e-05
38.916666666666664,0.030666423961520195,-7.5310817919671535e-06,-1.064570255948638e-06,0.3171597123146057,0.31714046001434326,0.0006753436755388975,2.0422941815922968e-05
38.93333333333333,0.03067978098988533,-7.532886229455471e-06,-1.0317777565660435e-07,0.31729596853256226,0.31727585196495056,0.0006841622525826097,2.2661548428004608e-05
38.95,0.030693184584379196,-7.5203715823590755e-06,-6.428766141652886e-08,0.3174321949481964,0.3174131214618683,0.000691479945089668,2.422434408799745e-05
38.96666666666667,0.030706658959388733,-7.564842235296965e-06,-3.8215614495129557e-07,0.317571759223938,0.3175511956214905,0.000692014757078141,5.599844007520005e-05
38.983333333333334,0.030720200389623642,-7.6700234785676e-06,8.418296033596562e-07,0.317708283662796,0.31768912076950073,0.0006880465662106872,8.754293958190829e-05
39.0,0.030733518302440643,-7.561524398624897e-06,-1.0228219480268308e-06,0.31784436106681824,0.31782475113868713,0.0006876307888887823,6.379502156050876e-05
39.016666666666666,0.030747048556804657,-7.527065463364124e-06,1.7307453958892438e-07,0.31798189878463745,0.3179636001586914,0.0006939863669686019,-1.8019210983766243e-05
39.03333333333333,0.03076055273413658,-7.527298294007778e-06,9.543161638703168e-08,0.31811946630477905,0.31810060143470764,0.0006983667844906449,-2.4388948077103123e-05
39.05,0.030774222686886787,-7.451511919498444e-06,-2.545594099956361e-07,0.3182593882083893,0.31824132800102234,0.000702925375662744,-8.207454811781645e-06
39.06666666666666,0.030787967145442963,-7.444177754223347e-06,-3.801261527769384e-07,0.31840017437934875,0.3183809518814087,0.0007065350655466318,3.654615647974424e-05
39.083333333333336,0.030801773071289062,-7.446156814694405e-06,-1.8388145406333933e-07,0.31854066252708435,0.31852221488952637,0.0007108197314664721,-9.702509487397037e-06
39.1,0.03081565722823143,-7.513153832405806e-06,1.314101893967745e-07,0.3186817765235901,0.3186638653278351,0.0007132092141546309,7.854757313907612e-06
39.11666666666667,0.03082956373691559,-7.540977094322443e-06,-1.7817582431689516e-07,0.31882449984550476,0.31880468130111694,0.0007147597498260438,2.4720375222386792e-05
39.13333333333333,0.03084343671798706,-7.449823897331953e-06,-1.1651442122229128e-07,0.31896552443504333,0.3189474046230316,0.0007172264158725739,6.9931998041283805e-06
39.15,0.03085743635892868,-7.43853161111474e-06,-3.872395382131799e-07,0.31910914182662964,0.31908971071243286,0.0007171207689680159,2.641341052367352e-05
39.166666666666664,0.030871398746967316,-7.498369086533785e-06,-1.2152571571277804e-07,0.31925109028816223,0.31923261284828186,0.0007188151939772069,-9.237836820830125e-06
39.18333333333333,0.030885368585586548,-7.443712092936039e-06,-7.940207069623284e-08,0.3193930983543396,0.31937533617019653,0.0007195390062406659,7.828519301256165e-06
39.2,0.030899368226528168,-7.502385415136814e-06,-1.9251194771641167e-07,0.3195367455482483,0.3195178806781769,0.0007195605430752039,3.568099418771453e-05
39.21666666666667,0.030913392081856728,-7.567752618342638e-06,-1.1499616192622852e-07,0.319680392742157,0.31965985894203186,0.0007200955878943205,3.109563112957403e-05
39.233333333333334,0.030927354469895363,-7.484573870897293e-06,-1.0324757937496543e-07,0.3198217749595642,0.31980380415916443,0.0007212387281470001,-2.3211205188999884e-06
39.25,0.03094138577580452,-7.503083907067776e-06,-1.3846977253706427e-07,0.31996557116508484,0.3199465870857239,0.0007207708549685776,-5.140564553585136e-06
39.266666666666666,0.03095538169145584,-7.4401614256203175e-06,1.714411368425317e-08,0.32010719180107117,0.32008981704711914,0.000721250893548131,-7.956587978696916e-06
39.28333333333333,0.030969416722655296,-7.5417920015752316e-06,9.615509100058262e-08,0.3202512860298157,0.32023224234580994,0.0007206532754935324,1.00037177617196e-05
39.3,0.030983392149209976,-7.492548320442438e-06,1.505487290387464e-07,0.32039347290992737,0.3203757405281067,0.0007209857576526701,-2.2887699742568657e-05
39.31666666666666,0.030997365713119507,-7.5373100116848946e-06,-3.2431387353426544e-07,0.32053637504577637,0.32051774859428406,0.0007187903975136578,2.271733137604315e-05
39.333333333333336,0.031011279672384262,-7.605995051562786e-06,-5.37335608896683e-07,0.3206804096698761,0.3206590712070465,0.000711738714016974,0.00013942114310339093
39.35,0.031025081872940063,-7.640512194484472e-06,9.50785420172906e-07,0.32081905007362366,0.3208006024360657,0.0007051200373098254,4.135307972319424e-05
39.36666666666667,0.0310386773198843,-7.610477041453123e-06,3.676229027860245e-07,0.3209579288959503,0.32093846797943115,0.000694365007802844,0.00014437444042414427
39.38333333333333,0.03105207160115242,-7.575552444905043e-06,-2.380512320598882e-08,0.3210958242416382,0.3210752606391907,0.0006884586764499545,8.015154890017584e-05
39.4,0.03106539696455002,-7.553840987384319e-06,1.262273627844479e-07,0.32123062014579773,0.3212123215198517,0.0006826280150562525,0.00010817594738909975
39.416666666666664,0.03107873722910881,-7.526890840381384e-06,-4.4386172248778166e-07,0.3213670551776886,0.32134780287742615,0.0006886449991725385,3.612648288253695e-05
39.43333333333333,0.031092246994376183,-7.6000578701496124e-06,-2.062734694163737e-07,0.32150548696517944,0.3214866816997528,0.0006903618923388422,4.5695076551055536e-05
39.45,0.0311056450009346,-7.5964489951729774e-06,1.642139437763035e-07,0.3216411769390106,0.3216222822666168,0.000683426798786968,0.00010321037552785128
39.46666666666667,0.031118962913751602,-7.568974979221821e-06,-2.2561987123026483e-07,0.3217785954475403,0.3217591941356659,0.0006862951559014618,4.7454432205995545e-06
39.483333333333334,0.03113235905766487,-7.585855200886726e-06,-5.129896507582998e-08,0.3219147026538849,0.32189375162124634,0.0006791669875383377,0.0001834658469306305
39.5,0.031145667657256126,-7.5722928158938885e-06,6.243388384064019e-07,0.3220486044883728,0.3220304846763611,0.0006875530816614628,-2.7672809665091336e-05
39.516666666666666,0.03115905448794365,-7.5141433626413345e-06,7.08754797074107e-08,0.3221864700317383,0.3221672475337982,0.0006914175464771688,4.538837401923956e-06
39.53333333333333,0.031172627583146095,-7.519149221479893e-06,-2.2803277488492313e-07,0.3223245143890381,0.32230591773986816,0.0006965156644582748,-6.921929525560699e-06
39.55,0.03118622861802578,-7.5401621870696545e-06,7.484590724970985e-09,0.3224641978740692,0.3224451541900635,0.0007019658223725855,-7.48595221011783e-06
39.56666666666666,0.03119998797774315,-7.532129529863596e-06,7.292750403564696e-09,0.322604238986969,0.3225840926170349,0.0007064428646117449,3.098673187196255e-05
39.583333333333336,0.03121376782655716,-7.506401743739843e-06,-2.2081175998778235e-08,0.32274487614631653,0.32272598147392273,0.0007097429479472339,1.9582324966904707e-05
39.6,0.031227651983499527,-7.539463695138693e-06,1.0637204184149596e-07,0.32288700342178345,0.32286688685417175,0.0007125138654373586,-9.298128134105355e-06
39.61666666666667,0.031241515651345253,-7.570255547761917e-06,2.0120181076777044e-08,0.32302820682525635,0.3230087161064148,0.0007145845447666943,1.4918474334990606e-05
39.63333333333333,0.03125540167093277,-7.429975084960461e-06,-2.2289313506007602e-07,0.3231695294380188,0.32315078377723694,0.0007165446877479553,2.3738286472507752e-05
39.65,0.031269371509552,-7.4632116593420506e-06,-1.6610181319265394e-07,0.32331252098083496,0.3232930898666382,0.0007173320045694709,2.775363282125909e-05
39.666666666666664,0.031283363699913025,-7.505062967538834e-06,-2.5049999408111034e-07,0.32345515489578247,0.32343536615371704,0.0007186118746176362,2.3545517251477577e-05
39.68333333333333,0.031297311186790466,-7.468450348824263e-06,8.624216008001895e-08,0.32359689474105835,0.32357871532440186,0.0007196960505098104,2.411599416518584e-05
39.7,0.03131132945418358,-7.529219146817923e-06,-1.9342943247124822e-08,0.32374078035354614,0.3237212300300598,0.0007197464001365006,1.5512707250309177e-05
39.71666666666667,0.031325288116931915,-7.4766576290130615e-06,-2.3367086043890595e-07,0.3238828480243683,0.323864221572876,0.0007204528665170074,8.644984518468846e-06
39.733333333333334,0.03133932873606682,-7.511582225561142e-06,1.239474585190692e-07,0.32402536273002625,0.3240077793598175,0.0007208441384136677,-8.549523954570759e-06
39.75,0.0313531793653965,-7.518334314227104e-06,-3.004166728715063e-07,0.3241671621799469,0.3241482377052307,0.0007158133666962385,3.433140955166891e-05
39.766666666666666,0.03136704862117767,-7.557740900665522e-06,2.57504893852456e-07,0.32430970668792725,0.32428818941116333,0.0007049258565530181,0.00021312679746188223
39.78333333333333,0.03138084337115288,-7.454713340848684e-06,-6.714621036962853e-08,0.3244493007659912,0.32443103194236755,0.0007118302164599299,5.865188995812787e-06
39.8,0.03139457851648331,-7.631606422364712e-06,5.287185445013165e-07,0.3245905339717865,0.32457035779953003,0.0007022065110504627,0.00010316178668290377
39.81666666666666,0.03140820190310478,-7.5240968726575375e-06,-3.933770358344191e-07,0.32472822070121765,0.32470929622650146,0.0007035572780296206,4.182512566330843e-05
39.833333333333336,0.0314219668507576,-7.5265998020768166e-06,-3.754738600036944e-07,0.3248692750930786,0.32484984397888184,0.0007059953059069812,3.170099080307409e-05
39.85,0.03143572062253952,-7.582479156553745e-06,3.795744589751848e-07,0.3250086009502411,0.3249913454055786,0.000707693281583488,-1.0447395652590785e-05
39.86666666666667,0.03144930303096771,-7.576309144496918e-06,5.546906223230508e-08,0.3251487612724304,0.3251284956932068,0.0006956428405828774,0.00011516287486301735
39.88333333333333,0.03146293759346008,-7.490336429327726e-06,-1.473630248938207e-07,0.3252866566181183,0.3252680003643036,0.0007026670500636101,-1.3767164091404993e-05
39.9,0.03147662431001663,-7.493828888982534e-06,1.9398844131046644e-07,0.3254266381263733,0.3254087269306183,0.0007067512487992644,-1.5372261259471998e-05
39.916666666666664,0.03149041160941124,-7.504946552217007e-06,-4.39220542602925e-07,0.3255680799484253,0.3255489766597748,0.0007075692410580814,7.95343003119342e-05
39.93333333333333,0.03150414675474167,-7.609196472913027e-06,-2.4354761762879207e-07,0.32570916414260864,0.32568982243537903,0.0007046100799925625,4.826169242733158e-05
39.95,0.03151778131723404,-7.572525646537542e-06,-2.6597078317536216e-07,0.3258480429649353,0.32582733035087585,0.0006946530775167048,0.00016768535715527833
39.96666666666667,0.03153131902217865,-7.637252565473318e-06,7.514462367907981e-07,0.3259856104850769,0.32596635818481445,0.0006915355916135013,5.6080883950926363e-05
39.983333333333334,0.03154463693499565,-7.528637070208788e-06,-1.2761734069499653e-06,0.32612183690071106,0.326102077960968,0.0006898175925016403,8.183873433154076e-05
40.0,0.031558215618133545,-7.523689419031143e-06,1.739487771601489e-07,0.32625889778137207,0.3262408971786499,0.0006967971567064524,-4.499208898778306e-06
40.016666666666666,0.03157183527946472,-7.482827641069889e-06,1.3198352633025934e-07,0.32639849185943604,0.32638081908226013,0.0007022018544375896,6.653531272604596e-06
40.03333333333333,0.03158558905124664,-7.515656761825085e-06,-2.2222710072128393e-07,0.32653868198394775,0.326519638299942,0.0007045333040878177,5.8345864090370014e-05
40.05,0.03159935399889946,-7.491267751902342e-06,3.8077936892477737e-07,0.3266785740852356,0.32666081190109253,0.000709459010977298,-2.708785359573085e-05
40.06666666666666,0.0316130556166172,-7.497961632907391e-06,-2.0369198239222897e-07,0.32681819796562195,0.3268003463745117,0.0007067153928801417,-1.4182236554916017e-05
40.083333333333336,0.031626854091882706,-7.476250175386667e-06,1.5879393799878017e-07,0.32695960998535156,0.32694077491760254,0.0007098878268152475,2.7920799766434357e-05
40.1,0.03164070099592209,-7.558905053883791e-06,4.885494035988813e-07,0.3271012008190155,0.3270828425884247,0.0007127617136575282,-9.76560841081664e-07
40.11666666666667,0.03165438771247864,-7.594062481075525e-06,3.0432792641477135e-07,0.327240914106369,0.3272218108177185,0.0006998988683335483,5.943204814684577e-05
40.13333333333333,0.031667958945035934,-7.5087882578372955e-06,-3.4510648561081325e-08,0.3273790776729584,0.32736027240753174,0.0007013074937276542,-2.8867323635495268e-05
40.15,0.03168164938688278,-7.5034331530332565e-06,-3.4155854677919706e-07,0.3275197744369507,0.3274998366832733,0.0007049729465506971,2.6693855033954605e-05
40.166666666666664,0.031695399433374405,-7.47025478631258e-06,-4.7669857394794235e-07,0.3276602327823639,0.32764023542404175,0.0007091843872331083,3.415709943510592e-05
40.18333333333333,0.03170924633741379,-7.525493856519461e-06,-2.010920496786639e-07,0.3278016448020935,0.32778191566467285,0.0007119847577996552,-4.047351467306726e-06
40.2,0.03172314539551735,-7.522001396864653e-06,1.6923175394367718e-07,0.32794255018234253,0.32792428135871887,0.0007137529901228845,-2.286665403516963e-05
40.21666666666667,0.031736910343170166,-7.554888725280762e-06,-4.244608575731945e-08,0.328083336353302,0.32806384563446045,0.0007101018563844264,3.122863927274011e-05
40.233333333333334,0.03175077959895134,-7.482653018087149e-06,1.1383943387954787e-07,0.3282245993614197,0.32820549607276917,0.0007136306376196444,2.4518323698430322e-05
40.25,0.031764548271894455,-7.576833013445139e-06,-4.0419703850602673e-07,0.32836684584617615,0.32834750413894653,0.0007084650569595397,4.347277354099788e-05
40.266666666666666,0.031778328120708466,-7.608148735016584e-06,6.38697486010642e-07,0.32850581407546997,0.3284875750541687,0.0007006333325989544,4.80252638226375e-05
40.28333333333333,0.03179185092449188,-7.552036549896002e-06,-1.0065518836199772e-06,0.328643798828125,0.3286246955394745,0.0006965352222323418,7.806259236531332e-05
40.3,0.031805574893951416,-7.5223506428301334e-06,9.228387654047765e-08,0.3287830650806427,0.3287639617919922,0.0007013438735157251,3.1022271286929026e-05
40.31666666666666,0.03181914985179901,-7.559370715171099e-06,3.915468198556482e-07,0.32892125844955444,0.32890400290489197,0.000703968747984618,-5.6108525313902646e-05
40.333333333333336,0.03183288872241974,-7.480615749955177e-06,-3.371386583239655e-07,0.3290623426437378,0.3290434181690216,0.0007049735868349671,8.281054033432156e-05
40.35,0.03184666857123375,-7.4935960583388805e-06,-2.7337307528796373e-07,0.32920393347740173,0.3291841149330139,0.000709196669049561,4.47370475740172e-05
40.36666666666667,0.03186052292585373,-7.555121555924416e-06,-1.840796102214881e-07,0.32934534549713135,0.3293251693248749,0.0007128877332434058,6.227115954970941e-05
40.38333333333333,0.03187447041273117,-7.525435648858547e-06,4.177242658442992e-07,0.32948610186576843,0.32946836948394775,0.0007152195903472602,7.884829756221734e-06
40.4,0.031888168305158615,-7.524329703301191e-06,-5.3823175250045097e-08,0.32962703704833984,0.32960692048072815,0.0007017991738393903,0.00013172598846722394
40.416666666666664,0.03190186247229576,-7.516180630773306e-06,-1.4006087667439715e-07,0.3297663927078247,0.32974767684936523,0.0007067532278597355,-6.344361281662714e-06
40.43333333333333,0.031915560364723206,-7.581664249300957e-06,4.1187419697052974e-07,0.329906702041626,0.32988619804382324,0.0006980004836805165,0.0001178192687802948
40.45,0.03192899748682976,-7.5329444371163845e-06,-1.2018967936455738e-06,0.33004409074783325,0.33002418279647827,0.000695308146532625,1.1977341273450293e-05
40.46666666666667,0.03194271773099899,-7.517344783991575e-06,6.157449661259307e-08,0.3301830291748047,0.33016344904899597,0.0007013551658019423,8.056005026446655e-05
40.483333333333334,0.03195641189813614,-7.54545908421278e-06,7.702333704173725e-08,0.33032310009002686,0.330304354429245,0.0007069434504956007,-5.532678642339306e-06
40.5,0.03197019547224045,-7.478462066501379e-06,-4.2372852249172865e-07,0.3304632306098938,0.3304443657398224,0.0007077797199599445,6.350142211886123e-05
40.516666666666666,0.03198401257395744,-7.504771929234266e-06,2.8575257715601765e-07,0.33060434460639954,0.3305860161781311,0.0007120138616301119,-6.587903044419363e-06
40.53333333333333,0.03199786692857742,-7.5115240179002285e-06,1.1880847239353898e-07,0.3307449221611023,0.3307271897792816,0.0007122251554392278,-1.531212001282256e-05
40.55,0.03201165795326233,-7.515307515859604e-06,-3.512212458645081e-07,0.33088716864585876,0.33086806535720825,0.0007113466854207218,2.845331073331181e-05
40.56666666666666,0.03202560544013977,-7.548835128545761e-06,1.2595884868460416e-07,0.33102893829345703,0.3310098946094513,0.0007138598593883216,1.9081942809862085e-05
40.583333333333336,0.032039396464824677,-7.491267751902342e-06,2.443025115539399e-09,0.33116933703422546,0.33115148544311523,0.0007127475109882653,-2.2370470560417743e-06
40.6,0.03205332159996033,-7.565482519567013e-06,-7.32870262254437e-08,0.33131277561187744,0.33129259943962097,0.0007134909392334521,4.487809565034695e-05
40.61666666666667,0.03206723928451538,-7.529277354478836e-06,1.4465619813108788e-07,0.3314536213874817,0.3314352035522461,0.0007161640096455812,2.4481971195200458e-05
40.63333333333333,0.03208122402429581,-7.499998901039362e-06,4.0280102098222414e-07,0.33159539103507996,0.33157801628112793,0.000715605216100812,-1.822922240535263e-05
40.65,0.03209502622485161,-7.479451596736908e-06,2.3555838879474322e-07,0.33173707127571106,0.3317198157310486,0.0007133950130082667,-2.7265756216365844e-05
40.666666666666664,0.03210870921611786,-7.568101864308119e-06,-1.2831594631279586e-06,0.33187827467918396,0.3318578898906708,0.000704903737641871,6.612062861677259e-05
40.68333333333333,0.03212251141667366,-7.5060524977743626e-06,-5.44938416169316e-07,0.3320191502571106,0.331997275352478,0.0007069931016303599,0.0001453170261811465
40.7,0.03213634341955185,-7.550115697085857e-06,-2.4967928169417064e-08,0.33215978741645813,0.332139790058136,0.0007120812661014497,3.680984809761867e-05
40.71666666666667,0.03215023875236511,-7.553782779723406e-06,1.7864584833660047e-07,0.33230090141296387,0.33228233456611633,0.0007147621945478022,2.201596180384513e-05
40.733333333333334,0.03216415271162987,-7.498660124838352e-06,-1.2792270354111679e-08,0.33244314789772034,0.33242467045783997,0.0007160961395129561,1.0231798114546109e-05
40.75,0.0321781150996685,-7.549475412815809e-06,6.37718287066491e-08,0.3325865566730499,0.3325665295124054,0.000717436836566776,6.894926627865061e-06
40.766666666666666,0.03219202160835266,-7.477239705622196e-06,-4.0468378870173183e-07,0.3327273428440094,0.332708477973938,0.0007165237911976874,1.5385116057586856e-05
40.78333333333333,0.0322059690952301,-7.515714969485998e-06,-4.08060429890611e-08,0.3328707814216614,0.33285096287727356,0.0007173191988840699,2.4259275960503146e-05
40.8,0.03221983462572098,-7.600232493132353e-06,-2.192666386235942e-07,0.33301278948783875,0.33299386501312256,0.0007118344074115157,3.4436030546203256e-05
40.81666666666666,0.03223361447453499,-7.599766831845045e-06,8.655637628862678e-08,0.3331519067287445,0.33313173055648804,0.0006993974093347788,0.00020072926417924464
40.833333333333336,0.032247163355350494,-7.5132702477276325e-06,-6.300380306356601e-08,0.33329033851623535,0.33327150344848633,0.0007022648933343589,-1.2849282029492315e-05
40.85,0.03226087987422943,-7.50768231227994e-06,-2.442352808884607e-07,0.3334296643733978,0.3334118723869324,0.0007042642682790756,-4.715622708317824e-05
40.86666666666667,0.032274626195430756,-7.525901310145855e-06,1.0155531526834238e-08,0.33357101678848267,0.33355167508125305,0.0007073835004121065,1.7147514881798998e-05
40.88333333333333,0.03228840231895447,-7.504015229642391e-06,-5.855965810042107e-07,0.33371174335479736,0.33369213342666626,0.0007090158178471029,6.991059490246698e-05
40.9,0.03230228275060654,-7.542374078184366e-06,3.4177259067291743e-07,0.33385196328163147,0.3338339924812317,0.0007129915175028145,6.640239917032886e-06
40.916666666666664,0.03231602907180786,-7.55855580791831e-06,-2.803656400374166e-07,0.3339940905570984,0.33397313952445984,0.0007092247833497822,6.86820421833545e-05
40.93333333333333,0.032329875975847244,-7.532420568168163e-06,1.7070085789328004e-07,0.33413413166999817,0.33411577343940735,0.0007138521759770811,-1.888262886495795e-05
40.95,0.032343775033950806,-7.542083039879799e-06,1.5838999445350055e-07,0.33427634835243225,0.33425718545913696,0.0007148238946683705,1.8637867469806224e-05
40.96666666666667,0.03235757350921631,-7.626949809491634e-06,-4.180541282039485e-07,0.33441904187202454,0.33439871668815613,0.0007093817112036049,8.118967525660992e-05
40.983333333333334,0.03237138316035271,-7.61041883379221e-06,7.427944979099266e-07,0.3345580995082855,0.3345398008823395,0.0007020651246421039,6.683124956907704e-05
41.0,0.032384928315877914,-7.553724572062492e-06,-8.080654083642003e-07,0.3346957564353943,0.33467766642570496,0.0006976404692977667,2.8043459678883664e-05
41.016666666666666,0.0323985330760479,-7.45430588722229e-06,-2.9385262223513564e-07,0.33483490347862244,0.3348167836666107,0.0007019412005320191,-1.8957262000185438e-06
41.03333333333333,0.03241227939724922,-7.541675586253405e-06,2.5164820272038924e-07,0.33497536182403564,0.334956556558609,0.000706315680872649,1.6752479496062733e-05
41.05,0.03242606669664383,-7.512746378779411e-06,-1.3429894352157135e-07,0.335115522146225,0.3350977599620819,0.0007085897959768772,0.0001016520254779607
41.06666666666666,0.03243991732597351,-7.543887477368116e-06,9.721282623331717e-08,0.33525848388671875,0.3352387249469757,0.0007125876727513969,3.177172766299918e-05
41.083333333333336,0.032453782856464386,-7.4918498285114765e-06,-6.735383522027405e-07,0.3353995680809021,0.33537939190864563,0.0007129212026484311,6.944379128981382e-05
41.1,0.03246772289276123,-7.505703251808882e-06,-2.6349496806687966e-07,0.3355414569377899,0.3355219066143036,0.0007155858329497278,3.143916910630651e-05
41.11666666666667,0.032481636852025986,-7.51641346141696e-06,5.541413994336608e-09,0.33568328619003296,0.33566397428512573,0.0007173923659138381,1.8719683794188313e-05
41.13333333333333,0.03249559551477432,-7.503200322389603e-06,1.3718667446482868e-07,0.33582592010498047,0.33580654859542847,0.0007180869579315186,3.175857273163274e-06
41.15,0.0325094573199749,-7.568742148578167e-06,4.011707801510056e-07,0.3359672427177429,0.3359476923942566,0.0007062421645969152,0.00011623765021795407
41.166666666666664,0.0325230211019516,-7.567054126411676e-06,-9.489167496212758e-07,0.3361060321331024,0.3360866904258728,0.000701724027749151,3.394232044229284e-05
41.18333333333333,0.03253674507141113,-7.497263140976429e-06,-5.73997226638312e-07,0.3362460434436798,0.3362264335155487,0.0007050642743706703,1.4375524187926203e-05
41.2,0.032550565898418427,-7.5308489613235e-06,-1.1092244989185929e-07,0.33638718724250793,0.33636704087257385,0.0007084460812620819,1.601454641786404e-05
41.21666666666667,0.032564371824264526,-7.496797479689121e-06,-3.8231365806495887e-07,0.3365280032157898,0.3365080952644348,0.0007115032058209181,6.263271643547341e-05
41.233333333333334,0.0325782410800457,-7.502036169171333e-06,-2.855026366432867e-07,0.3366699516773224,0.33664995431900024,0.000714114576112479,3.8702866731910035e-05
41.25,0.032592155039310455,-7.5382995419204235e-06,1.181427222718412e-08,0.336811363697052,0.3367920219898224,0.0007163894479162991,4.15155736845918e-05
41.266666666666666,0.032606177031993866,-7.489870768040419e-06,5.732102437150388e-08,0.3369545042514801,0.33693429827690125,0.0007174560450948775,3.331578045617789e-05
41.28333333333333,0.03262012451887131,-7.4766576290130615e-06,-7.926697662696824e-07,0.33709627389907837,0.3370767831802368,0.0007167609874159098,-3.2363379887101473e-06
41.3,0.032634083181619644,-7.519091013818979e-06,-5.387097345987968e-08,0.3372388184070587,0.3372194468975067,0.0007176499930210412,5.676540604326874e-05
41.31666666666666,0.03264802694320679,-7.521943189203739e-06,-1.3375816365623905e-07,0.33738166093826294,0.3373625576496124,0.0007185016293078661,2.8448204830056056e-05
41.333333333333336,0.0326620489358902,-7.518974598497152e-06,2.9973804771543655e-07,0.337523877620697,0.33750611543655396,0.0007193732890300453,2.3761847842251882e-05
41.35,0.03267596289515495,-7.555820047855377e-06,3.4076384736181353e-07,0.3376658260822296,0.3376476764678955,0.0007185035501606762,-1.4179337995301466e-05
41.36666666666667,0.03268974646925926,-7.555412594228983e-06,2.3855312747400603e-07,0.33780667185783386,0.33778998255729675,0.0007099728100001812,2.9932680263300426e-06
41.38333333333333,0.032703425735235214,-7.569091394543648e-06,-5.120086825627368e-07,0.3379480242729187,0.3379264771938324,0.0006972439005039632,0.00015416757378261536
41.4,0.03271711245179176,-7.4882409535348415e-06,6.110700212502707e-08,0.3380860984325409,0.3380666971206665,0.000703782367054373,-2.909827799157938e-06
41.416666666666664,0.03273078799247742,-7.479917258024216e-06,2.1715247555675887e-07,0.33822569251060486,0.3382076323032379,0.0007079189526848495,-2.0385928678479104e-07
41.43333333333333,0.03274453431367874,-7.576483767479658e-06,-6.634165288232907e-07,0.33836832642555237,0.33834773302078247,0.000703242898453027,8.129193156491965e-05
41.45,0.03275827318429947,-7.563852705061436e-06,3.64635184268991e-07,0.33850619196891785,0.33848685026168823,0.0006975114229135215,0.00014421800733543932
41.46666666666667,0.03277190029621124,-7.591908797621727e-06,-2.2120278941883953e-09,0.3386460244655609,0.3386267423629761,0.0007025228114798665,9.024377504829317e-06
41.483333333333334,0.032785430550575256,-7.553957402706146e-06,-2.7434191451902734e-07,0.338784784078598,0.33876389265060425,0.0006923588225618005,0.00017790365382097661
41.5,0.032799072563648224,-7.516297046095133e-06,1.327568526221512e-07,0.3389225900173187,0.3389039933681488,0.0007015572628006339,3.074080450460315e-05
41.516666666666666,0.032812803983688354,-7.521593943238258e-06,3.221926903052008e-08,0.3390640318393707,0.33904388546943665,0.000706149498000741,4.379410165711306e-05
41.53333333333333,0.03282652050256729,-7.5356801971793175e-06,-4.659737271595077e-07,0.33920416235923767,0.33918508887290955,0.0007035121088847518,2.7886173484148458e-05
41.55,0.03284015506505966,-7.608323357999325e-06,3.0140020612634544e-07,0.33934178948402405,0.339322566986084,0.0006935229757800698,0.0001437111641280353
41.56666666666666,0.03285367041826248,-7.548718713223934e-06,-1.8201092188974144e-07,0.33948081731796265,0.33946049213409424,0.0006967272493056953,4.452553184819408e-05
41.583333333333336,0.032867349684238434,-7.489812560379505e-06,-3.39013652705944e-08,0.33961957693099976,0.3396010994911194,0.0007030079723335803,2.7868636607308872e-05
41.6,0.03288104385137558,-7.452385034412146e-06,-2.9022626790720096e-07,0.33976006507873535,0.3397412896156311,0.0007074665045365691,-1.6635148085697438e-06
41.61666666666667,0.03289482370018959,-7.458380423486233e-06,-3.2515239922759065e-07,0.3399009108543396,0.3398815095424652,0.0007107161218300462,-8.445979347015964e-07
41.63333333333333,0.03290867805480957,-7.501628715544939e-06,-4.095318573149598e-08,0.3400418162345886,0.34002333879470825,0.0007112454040907323,-1.8890901628765278e-05
41.65,0.03292251378297806,-7.46286241337657e-06,-1.6177565953512385e-07,0.3401830792427063,0.340164452791214,0.000713696179445833,-2.1945483240415342e-05
41.666666666666664,0.03293643519282341,-7.498718332499266e-06,-3.1422430879501917e-07,0.3403259813785553,0.3403046727180481,0.0007144545088522136,3.8615555240539834e-05
41.68333333333333,0.032950401306152344,-7.518683560192585e-06,-9.332419281804505e-09,0.34046778082847595,0.34044840931892395,0.0007160980603657663,1.1017954420822207e-05
41.7,0.032964322715997696,-7.517810445278883e-06,-3.919073421343455e-08,0.3406098484992981,0.34059038758277893,0.0007178366067819297,-8.457194780930877e-06
41.71666666666667,0.03297830745577812,-7.522059604525566e-06,1.5782117657181516e-07,0.3407517671585083,0.34073343873023987,0.0007184542482718825,9.484568181505892e-06
41.733333333333334,0.03299224004149437,-7.447029929608107e-06,1.30378623452998e-07,0.34089410305023193,0.3408759832382202,0.0007187426672317088,-9.217072147293948e-06
41.75,0.0330062173306942,-7.5080315582454205e-06,-9.575116699522823e-09,0.3410360515117645,0.34101808071136475,0.0007167548756115139,-1.811408219509758e-05
41.766666666666666,0.03302011638879776,-7.5277057476341724e-06,6.675367103525787e-07,0.3411777913570404,0.3411610722541809,0.0007167778676375747,-6.101416875026189e-05
41.78333333333333,0.03303389996290207,-7.551454473286867e-06,4.275009644061356e-07,0.3413183391094208,0.3413017988204956,0.0007113378378562629,-8.000910020200536e-05
41.8,0.03304753080010414,-7.538124918937683e-06,-9.934020539503763e-08,0.3414592444896698,0.34143945574760437,0.0006987738306634128,0.0001123609981732443
41.81666666666666,0.03306117281317711,-7.525435648858547e-06,1.682957559978604e-07,0.34159719944000244,0.34157830476760864,0.0007007518433965743,5.071874056739034e-06
41.833333333333336,0.03307478129863739,-7.529102731496096e-06,1.7858697276551538e-07,0.3417365252971649,0.34171852469444275,0.000702332123182714,3.990919140051119e-06
41.85,0.03308839350938797,-7.542141247540712e-06,-2.3794717662894982e-07,0.3418765068054199,0.3418556749820709,0.0007013768772594631,2.2808220819570124e-05
41.86666666666667,0.03310205414891243,-7.569382432848215e-06,3.130144250462763e-07,0.34201425313949585,0.3419951796531677,0.0007017608149908483,2.6071560569107533e-05
41.88333333333333,0.03311566635966301,-7.535854820162058e-06,2.141522692511444e-08,0.342154324054718,0.3421352505683899,0.0007031361456029117,-1.196286802951363e-06
41.9,0.033129431307315826,-7.486727554351091e-06,3.4348451549703896e-07,0.3422938883304596,0.34227633476257324,0.0007068698760122061,5.597371455223765e-06
41.916666666666664,0.03314320743083954,-7.55285145714879e-06,-5.5448214908437876e-08,0.34243500232696533,0.3424161970615387,0.0007078888593241572,-2.7461923309601843e-05
41.93333333333333,0.03315705060958862,-7.558788638561964e-06,5.053751124250994e-07,0.34257590770721436,0.3425576686859131,0.0007102479576133192,2.0790939743164927e-05
41.95,0.03317084163427353,-7.562106475234032e-06,7.994388084853199e-08,0.34271758794784546,0.34269794821739197,0.0007105715340003371,3.0309243811643682e-05
41.96666666666667,0.03318454325199127,-7.580441888421774e-06,2.538378574001854e-08,0.3428581953048706,0.34283891320228577,0.0007061660289764404,4.5815315388608724e-05
41.983333333333334,0.033198241144418716,-7.558788638561964e-06,-4.3185028175685147e-07,0.3429985046386719,0.34297627210617065,0.0006941799074411392,0.00024470017524436116
42.0,0.033211857080459595,-7.541966624557972e-06,6.944144814724496e-08,0.34313634037971497,0.34311625361442566,0.0007028516847640276,8.029465789149981e-06
42.016666666666666,0.03322552517056465,-7.571943569928408e-06,-1.7400631691089075e-07,0.3432769179344177,0.3432561457157135,0.0006980366306379437,9.792502532945946e-05
42.03333333333333,0.0332392156124115,-7.492199074476957e-06,-3.745139736111014e-07,0.34341445565223694,0.34339651465415955,0.000703132594935596,-2.153078639821615e-05
42.05,0.033252913504838943,-7.46455043554306e-06,-1.1386218545794691e-07,0.3435550928115845,0.3435364067554474,0.0007067366386763752,3.079020098084584e-05
42.06666666666666,0.03326675668358803,-7.535156328231096e-06,3.1532829325442435e-07,0.3436960279941559,0.34367799758911133,0.0007105423137545586,1.801724465622101e-06
42.083333333333336,0.033280424773693085,-7.519731298089027e-06,-5.213547069615743e-07,0.3438362777233124,0.34381741285324097,0.0007073916494846344,8.058494813667494e-07
42.1,0.03329428285360336,-7.519847713410854e-06,-1.0113333104300182e-07,0.34397849440574646,0.3439580798149109,0.0007104677497409284,2.189061706303619e-05
42.11666666666667,0.03330811858177185,-7.517985068261623e-06,-5.8966573845964376e-08,0.3441195785999298,0.34410005807876587,0.0007132249884307384,-6.509764716611244e-06
42.13333333333333,0.03332199901342392,-7.469148840755224e-06,-3.228735181437514e-07,0.3442600667476654,0.34424135088920593,0.0007134220213629305,2.639331614773255e-05
42.15,0.03333589807152748,-7.520546205341816e-06,-5.96124749563387e-08,0.3444024920463562,0.344383180141449,0.0007150293095037341,-1.4058968190511223e-05
42.166666666666664,0.033349789679050446,-7.522001396864653e-06,-1.3876328353035206e-07,0.34454527497291565,0.34452545642852783,0.0007156912470236421,-2.6467929274076596e-05
42.18333333333333,0.03336374834179878,-7.560476660728455e-06,4.3924003989559424e-07,0.344686359167099,0.3446682095527649,0.0007173018530011177,-1.977355350391008e-05
42.2,0.033377595245838165,-7.523922249674797e-06,1.7056771639545332e-07,0.34482765197753906,0.34480902552604675,0.0007146206917241216,-2.6428576802572934e-06
42.21666666666667,0.03339133784174919,-7.534574251621962e-06,-2.4159712097571173e-07,0.34497004747390747,0.3449484705924988,0.0007029737462289631,0.00015917100245133042
42.233333333333334,0.03340517356991768,-7.507740519940853e-06,4.2174146841489346e-08,0.3451095521450043,0.3450905382633209,0.0007095618639141321,2.404885526630096e-05
42.25,0.033418864011764526,-7.485446985810995e-06,3.6750898857462744e-07,0.34524819254875183,0.3452315032482147,0.0007077841437421739,-5.3977855714038014e-05
42.266666666666666,0.033432669937610626,-7.556402124464512e-06,3.2793241189210676e-07,0.3453904986381531,0.34537166357040405,0.0007100260118022561,3.33204006892629e-05
42.28333333333333,0.033446576446294785,-7.535447366535664e-06,-2.5910625822689326e-07,0.3455323576927185,0.34551259875297546,0.000712942739482969,1.9162287571816705e-05
42.3,0.033460453152656555,-7.49761238694191e-06,2.1642360081841616e-07,0.3456735610961914,0.3456544876098633,0.000715029367711395,1.5040727703308221e-05
42.31666666666666,0.03347434103488922,-7.551978342235088e-06,5.5013039457207924e-08,0.3458152413368225,0.34579694271087646,0.0007146024727262557,6.053286597307306e-06
42.333333333333336,0.0334881916642189,-7.473514415323734e-06,-9.933818034824071e-08,0.3459581434726715,0.3459389805793762,0.0007152699981816113,5.018410593038425e-05
42.35,0.033502183854579926,-7.533875759691e-06,1.6369861555176612e-07,0.3460996150970459,0.3460809290409088,0.0007179555832408369,-1.7219785149791278e-05
42.36666666666667,0.03351606801152229,-7.5953430496156216e-06,1.0530824567922537e-07,0.34624186158180237,0.3462224006652832,0.0007159782107919455,1.8810405890690163e-05
42.38333333333333,0.033529773354530334,-7.511989679187536e-06,-1.0355288395658135e-06,0.3463822305202484,0.3463631570339203,0.0007074083550833166,7.920403004391119e-05
42.4,0.0335436649620533,-7.578637450933456e-06,2.5322925978343847e-08,0.34652313590049744,0.34650400280952454,0.0007097861962392926,7.380029387604736e-07
42.416666666666664,0.03355739265680313,-7.481779903173447e-06,-4.2767842955981905e-07,0.34666335582733154,0.34664374589920044,0.0007101057562977076,1.9988146959804e-05
42.43333333333333,0.03357131779193878,-7.5516290962696075e-06,1.299708571878e-07,0.3468053936958313,0.3467860221862793,0.0007124909898266196,8.259114565589698e-07
42.45,0.03358510881662369,-7.5722928158938885e-06,7.01881646136826e-08,0.3469468951225281,0.34692755341529846,0.0007118823123164475,-2.062788735202048e-05
42.46666666666667,0.03359873592853546,-7.564842235296965e-06,-1.0743201528384816e-06,0.347086638212204,0.34706684947013855,0.0007039112388156354,1.231708847626578e-05
42.483333333333334,0.03361237794160843,-7.522699888795614e-06,1.495480295155005e-09,0.3472258746623993,0.34720590710639954,0.0006960075115785003,0.00013585227134171873
42.5,0.03362596035003662,-7.495924364775419e-06,1.1910186259456168e-07,0.3473628759384155,0.3473445475101471,0.000699435593560338,-4.612253906088881e-05
42.516666666666666,0.033639632165431976,-7.534225005656481e-06,3.0499012382279034e-07,0.34750211238861084,0.34748393297195435,0.0007043592049740255,2.7710538574865495e-07
42.53333333333333,0.0336533859372139,-7.539114449173212e-06,1.1698265467430247e-07,0.3476439118385315,0.34762391448020935,0.0007074462482705712,5.604464968200773e-05
42.55,0.03366713970899582,-7.59749673306942e-06,5.5169181223391206e-08,0.3477848470211029,0.34776562452316284,0.000704100530128926,0.00010181994002778083
42.56666666666666,0.03368080407381058,-7.600465323776007e-06,3.7493788340725587e-07,0.34792381525039673,0.34790438413619995,0.000697934185154736,8.495091606164351e-05
42.583333333333336,0.033694371581077576,-7.574097253382206e-06,5.483235554493149e-07,0.3480618894100189,0.3480435013771057,0.0006926812347956002,4.359226659289561e-05
42.6,0.03370776027441025,-7.566122803837061e-06,-4.4461486936597794e-07,0.3482001721858978,0.3481784462928772,0.0006845062016509473,0.00019787048222497106
42.61666666666667,0.03372129425406456,-7.546099368482828e-06,-4.725932711835412e-08,0.3483366072177887,0.3483177125453949,0.0006948226364329457,8.236835128627717e-06
42.63333333333333,0.03373483568429947,-7.537368219345808e-06,1.9862447686591622e-07,0.3484751582145691,0.34845641255378723,0.0006990916444920003,1.3021145605307538e-05
42.65,0.03374834731221199,-7.564725819975138e-06,6.537453600685694e-08,0.34861329197883606,0.34859293699264526,0.0006892260280437768,0.00019530300050973892
42.666666666666664,0.03376183286309242,-7.538008503615856e-06,5.208624087593705e-10,0.34875041246414185,0.34873247146606445,0.0006981374463066459,-5.453697667689994e-05
42.68333333333333,0.03377550467848778,-7.4935960583388805e-06,2.1398929561655677e-07,0.3488888144493103,0.3488715589046478,0.0007010807166807353,-1.8942297174362466e-05
42.7,0.03378913179039955,-7.591326721012592e-06,2.748076894931728e-07,0.3490293622016907,0.3490103483200073,0.0007032784633338451,-1.7008349459501915e-05
42.71666666666667,0.03380274027585983,-7.49190803617239e-06,7.4022543650187345e-09,0.3491673767566681,0.34914901852607727,0.0007033211877569556,2.6680867449613288e-05
42.733333333333334,0.033816516399383545,-7.473398000001907e-06,-3.2885964174056426e-08,0.34930887818336487,0.3492894172668457,0.0007072428707033396,5.020338358008303e-05
42.75,0.03383035585284233,-7.563154213130474e-06,2.568147294823575e-07,0.34945040941238403,0.34943047165870667,0.0007105150143615901,6.012820085743442e-05
42.766666666666666,0.033844172954559326,-7.601745892316103e-06,-1.6445142136944924e-07,0.34959253668785095,0.3495721220970154,0.0007067807600833476,2.943187064374797e-05
42.78333333333333,0.033857785165309906,-7.587077561765909e-06,1.6591700102708273e-07,0.34973061084747314,0.34971073269844055,0.00069573795190081,0.00010899970948230475
42.8,0.033871330320835114,-7.527880370616913e-06,2.7137339486671408e-08,0.34986791014671326,0.3498488962650299,0.0006987832603044808,2.32691818382591e-05
42.81666666666666,0.03388499841094017,-7.54412030801177e-06,-1.9080452773323486e-07,0.3500079810619354,0.34998878836631775,0.000701793993357569,5.8247401284461375e-06
42.833333333333336,0.03389862924814224,-7.528986316174269e-06,-3.2691937690287887e-07,0.35014766454696655,0.35012751817703247,0.0007003088830970228,2.071491690003313e-05
42.85,0.033912211656570435,-7.57566886022687e-06,2.5947753101718263e-07,0.3502855598926544,0.3502667248249054,0.000703328347299248,8.71945212566061e-06
42.86666666666667,0.03392587974667549,-7.566588465124369e-06,1.4320207242235483e-07,0.3504244387149811,0.35040682554244995,0.0006948544178158045,4.773291584569961e-05
42.88333333333333,0.0339394211769104,-7.56426015868783e-06,1.8800038503741234e-07,0.35056382417678833,0.3505450189113617,0.0006996421725489199,-3.134590951958671e-05
42.9,0.03395286574959755,-7.555878255516291e-06,-1.141500320045452e-06,0.3507019877433777,0.35068246722221375,0.0006940985331311822,9.417169167136308e-06
42.916666666666664,0.03396650776267052,-7.477356120944023e-06,-3.767435714507883e-07,0.35084012150764465,0.3508202135562897,0.0006988421082496643,0.00010661323904059827
42.93333333333333,0.03398004174232483,-7.585156708955765e-06,2.46056742980727e-07,0.3509792685508728,0.3509593904018402,0.0006928354850970209,0.00012375903315842152
42.95,0.0339934416115284,-7.544935215264559e-06,-6.060741952751414e-07,0.35111528635025024,0.3510972559452057,0.0006914219702593982,-1.884726225398481e-05
42.96666666666667,0.034006983041763306,-7.495109457522631e-06,-1.2866284748724865e-07,0.35125356912612915,0.35123521089553833,0.0006965870852582157,-2.941709681181237e-06
42.983333333333334,0.03402051702141762,-7.582537364214659e-06,8.123134165316515e-08,0.3513924479484558,0.35137149691581726,0.0006895384285598993,0.00016679854888934642
43.0,0.03403407335281372,-7.563852705061436e-06,2.8614988423214527e-07,0.35153019428253174,0.3515116572380066,0.0006994888535700738,-2.4003722955967532e-06
43.016666666666666,0.034047793596982956,-7.530790753662586e-06,3.0473913170681044e-07,0.3516695499420166,0.35165151953697205,0.0007045873207971454,-2.1080424630781636e-05
43.03333333333333,0.03406156599521637,-7.567403372377157e-06,5.806518856843468e-07,0.35181039571762085,0.35179203748703003,0.0007077219779603183,1.7923599443747662e-05
43.05,0.03407534584403038,-7.521884981542826e-06,1.2787732828201115e-07,0.35195234417915344,0.3519322872161865,0.0007105708937160671,3.895973713952117e-05
43.06666666666666,0.034089185297489166,-7.482711225748062e-06,-1.6946769676451368e-07,0.3520928919315338,0.3520737886428833,0.000711845001205802,-1.1180522051290609e-05
43.083333333333336,0.034102968871593475,-7.597089279443026e-06,-1.916806553481365e-07,0.35223519802093506,0.35221466422080994,0.0007066008984111249,7.614766946062446e-05
43.1,0.034116677939891815,-7.529743015766144e-06,1.1506191555099576e-07,0.3523738980293274,0.35235458612442017,0.0006993715069256723,0.0001357800792902708
43.11666666666667,0.03413044288754463,-7.472001016139984e-06,-3.9309330190917535e-07,0.35251444578170776,0.35249367356300354,0.0007039526244625449,0.0001061298607965
43.13333333333333,0.03414420410990715,-7.497379556298256e-06,5.486493392936609e-08,0.35265451669692993,0.35263562202453613,0.0007088620914146304,5.306711955199717e-06
43.15,0.03415800631046295,-7.469148840755224e-06,-2.997622061684524e-07,0.3527955114841461,0.3527764081954956,0.0007095990004017949,4.205209052088321e-07
43.166666666666664,0.034171827137470245,-7.471244316548109e-06,-1.1799956212144025e-07,0.35293638706207275,0.35291677713394165,0.000712587614543736,1.2098098522983491e-05
43.18333333333333,0.034185741096735,-7.52363121137023e-06,1.8436719528835965e-07,0.3530781865119934,0.3530597686767578,0.0007143576513044536,3.4917538869194686e-06
43.2,0.034199561923742294,-7.6026772148907185e-06,4.1701596842358413e-07,0.35321903228759766,0.35320132970809937,0.0007144035771489143,-4.441033161128871e-05
43.21666666666667,0.03421321138739586,-7.526017725467682e-06,-1.1853697969854693e-06,0.353359580039978,0.35334068536758423,0.0007051017018966377,4.5283581130206585e-05
43.233333333333334,0.03422703593969345,-7.524329703301191e-06,-4.3536135763133643e-07,0.3535005748271942,0.35348066687583923,0.0007071293075568974,7.106887642294168e-05
43.25,0.034240853041410446,-7.525261025875807e-06,-1.4556556493516837e-07,0.353642076253891,0.3536222279071808,0.0007108295103535056,-9.939437717321198e-08
43.266666666666666,0.034254711121320724,-7.492431905120611e-06,1.3121913866598334e-07,0.35378292202949524,0.3537643551826477,0.0007135015330277383,-2.085842425003648e-06
43.28333333333333,0.034268587827682495,-7.475726306438446e-06,8.642553694926391e-08,0.35392484068870544,0.35390591621398926,0.0007150465971790254,-5.3985031627235e-06
43.3,0.03428257256746292,-7.507274858653545e-06,-5.746040301346511e-07,0.3540681004524231,0.3540472388267517,0.0007153813494369388,6.717537326039746e-05
43.31666666666666,0.03429650887846947,-7.505062967538834e-06,2.5813912429839547e-07,0.35420891642570496,0.3541904389858246,0.0007182222325354815,2.132289228029549e-05
43.333333333333336,0.03431044891476631,-7.5508723966777325e-06,2.9708829174524e-07,0.35435235500335693,0.3543326258659363,0.0007183401030488312,-1.7082435078918934e-05
43.35,0.034324418753385544,-7.4899871833622456e-06,2.1642733827320626e-07,0.3544943630695343,0.35447609424591064,0.0007188085000962019,4.024506779387593e-06
43.36666666666667,0.03433838486671448,-7.579626981168985e-06,3.0279045404313365e-07,0.3546377718448639,0.3546184003353119,0.0007189625175669789,2.0178697013761848e-05
43.38333333333333,0.034352295100688934,-7.562688551843166e-06,-5.892127319384599e-07,0.35478073358535767,0.35476016998291016,0.0007102341041900218,8.847343997331336e-05
43.4,0.034366101026535034,-7.53370113670826e-06,-8.106449200795396e-08,0.3549201786518097,0.3549017608165741,0.0007131696911528707,-1.6156307538039982e-05
43.416666666666664,0.034380026161670685,-7.4963318184018135e-06,8.706863496854567e-08,0.3550623655319214,0.35504403710365295,0.0007141778478398919,-3.167123168168473e-06
43.43333333333333,0.03439393267035484,-7.544003892689943e-06,2.2127836984964233e-07,0.35520467162132263,0.35518527030944824,0.0007156752981245518,2.9580693080788478e-05
43.45,0.03440786153078079,-7.526366971433163e-06,2.1886857837216667e-07,0.3553464114665985,0.3553277254104614,0.0007172195473685861,3.5810997360385954e-05
43.46666666666667,0.03442184999585152,-7.574213668704033e-06,3.184383103871369e-07,0.355490118265152,0.3554706573486328,0.0007174477213993669,2.793313979054801e-05
43.483333333333334,0.03443575277924538,-7.495924364775419e-06,2.0874277595339663e-07,0.3556315004825592,0.3556137681007385,0.0007173052290454507,1.2179742952866945e-05
43.5,0.03444961830973625,-7.583410479128361e-06,4.3508728708729905e-07,0.35577332973480225,0.35575416684150696,0.0007050627027638257,0.00011224994523217902
43.516666666666666,0.034463297575712204,-7.498252671211958e-06,-3.8669139712510514e-07,0.35591399669647217,0.3558940291404724,0.0007086029509082437,-3.280271266703494e-05
43.53333333333333,0.034477170556783676,-7.5320713222026825e-06,3.386886362477526e-07,0.3560538589954376,0.3560362160205841,0.0007118605426512659,-3.055844354094006e-05
43.55,0.03449105843901634,-7.540977094322443e-06,4.195344160962122e-07,0.35619595646858215,0.3561769425868988,0.0007135421619750559,2.3122074708226137e-05
43.56666666666666,0.03450494259595871,-7.540802471339703e-06,4.4808805910179217e-07,0.35633760690689087,0.3563193678855896,0.0007151736062951386,-1.5598300251440378e-06
43.583333333333336,0.03451891615986824,-7.519032806158066e-06,-4.681693042130064e-07,0.3564814329147339,0.3564610779285431,0.0007156690116971731,5.145567047293298e-05
43.6,0.03453283756971359,-7.517985068261623e-06,1.555723656565533e-07,0.3566230237483978,0.3566041588783264,0.0007172577315941453,4.202254046958842e-07
43.61666666666667,0.03454677015542984,-7.443304639309645e-06,1.4093005518134305e-07,0.35676443576812744,0.3567461669445038,0.0007183561101555824,-8.84855126059847e-06
43.63333333333333,0.03456078842282295,-7.567752618342638e-06,3.9174400967567635e-07,0.3569079637527466,0.35688865184783936,0.0007181576220318675,2.175920599256642e-05
43.65,0.03457468003034592,-7.526949048042297e-06,2.6544324782662443e-07,0.35704997181892395,0.3570319414138794,0.0007167133153416216,-3.092478073085658e-05
43.666666666666664,0.03458837419748306,-7.549067959189415e-06,3.321818198287474e-08,0.35719090700149536,0.3571709096431732,0.0007019720505923033,0.00013632411719299853
43.68333333333333,0.03460201621055603,-7.61041883379221e-06,2.1124509430592298e-07,0.3573310077190399,0.35730987787246704,0.0006961907492950559,0.00013324353494681418
43.7,0.03461557254195213,-7.495866157114506e-06,-2.719188501032477e-07,0.35746753215789795,0.35744863748550415,0.0006993968272581697,2.5344023015350103e-05
43.71666666666667,0.03462927043437958,-7.481954526156187e-06,2.759805113328184e-07,0.3576071560382843,0.3575890362262726,0.0007048654370009899,-7.444440143444808e-06
43.733333333333334,0.034642986953258514,-7.600989192724228e-06,-2.308505315795628e-07,0.3577493727207184,0.3577291965484619,0.0007006054511293769,8.325362432515249e-05
43.75,0.0346565917134285,-7.456401363015175e-06,-5.718993065784161e-07,0.3578868508338928,0.3578682839870453,0.0007021284545771778,-1.4525702681567054e-05
43.766666666666666,0.03467036038637161,-7.486320100724697e-06,9.946974444119405e-08,0.3580274283885956,0.35800912976264954,0.0007060971111059189,5.59272621103446e-06
43.78333333333333,0.03468415141105652,-7.522059604525566e-06,2.2187522574768082e-07,0.3581680357456207,0.358149915933609,0.0007097004563547671,3.6518820252240403e-06
43.8,0.03469805419445038,-7.541209924966097e-06,2.944197490251099e-07,0.3583104610443115,0.35829100012779236,0.0007112629828043282,2.4409186153206974e-05
43.81666666666666,0.03471176326274872,-7.5364368967711926e-06,1.0444087905625565e-07,0.35845014452934265,0.35843217372894287,0.0007109481375664473,-1.5657409676350653e-05
43.833333333333336,0.03472542762756348,-7.592025212943554e-06,1.703527772178859e-07,0.35859057307243347,0.35857078433036804,0.0006974601419642568,8.161667210515589e-05
43.85,0.034738894551992416,-7.567636203020811e-06,-8.672043918522832e-07,0.3587283194065094,0.3587085008621216,0.0006940944003872573,5.7434557675151154e-05
43.86666666666667,0.034752558916807175,-7.548369467258453e-06,1.945118839330462e-07,0.3588661551475525,0.3588479161262512,0.0006995825679041445,2.2500791601487435e-05
43.88333333333333,0.034766167402267456,-7.515714969485998e-06,2.1184617082781187e-07,0.359004944562912,0.3589865565299988,0.0007022380013950169,-1.5436614830832696e-06
43.9,0.03477969765663147,-7.578288204967976e-06,5.058466854279686e-07,0.35914483666419983,0.35912618041038513,0.0006938057485967875,6.764655699953437e-05
43.916666666666664,0.03479313105344772,-7.5785210356116295e-06,3.813611044733989e-07,0.3592810034751892,0.35926249623298645,0.0006865545874461532,6.915609264979139e-05
43.93333333333333,0.03480641916394234,-7.530557923018932e-06,-8.266172244475456e-07,0.35941776633262634,0.35939863324165344,0.0006853614468127489,2.0930601749569178e-05
43.95,0.03481993079185486,-7.511000148952007e-06,-1.8671252632884716e-07,0.3595554530620575,0.359535813331604,0.000691831752192229,6.909269723109901e-05
43.96666666666667,0.034833457320928574,-7.593189366161823e-06,2.9437853754643584e-07,0.3596927523612976,0.3596743941307068,0.00069651217199862,-1.149712988990359e-05
43.983333333333334,0.034846872091293335,-7.543014362454414e-06,-8.111175020530936e-07,0.3598306477069855,0.35981133580207825,0.0006912756944075227,2.9553737476817332e-05
44.0,0.03486036881804466,-7.522059604525566e-06,-1.9757023039801425e-07,0.3599681258201599,0.35994842648506165,0.0006937726284377277,0.00010875249427044764
44.016666666666666,0.03487395495176315,-7.50937033444643e-06,2.7061636842518055e-07,0.36010614037513733,0.36008918285369873,0.0006980073521845043,-5.99144768784754e-05
44.03333333333333,0.03488756716251373,-7.581664249300957e-06,2.440737318920583e-07,0.3602466881275177,0.360226571559906,0.0007007361273281276,2.350267459405586e-05
44.05,0.034901078790426254,-7.570779416710138e-06,-6.094776949794323e-07,0.36038386821746826,0.3603653609752655,0.000696021830663085,5.268545282888226e-05
44.06666666666666,0.034914761781692505,-7.538532372564077e-06,9.381075471992517e-08,0.36052316427230835,0.3605042099952698,0.0007007169770076871,2.3501823307015002e-05
44.083333333333336,0.03492823615670204,-7.466762326657772e-06,-2.3223297773711238e-07,0.36066168546676636,0.3606431782245636,0.0007004077197052538,-2.4786546418908983e-05
44.1,0.034941840916872025,-7.5669377110898495e-06,1.1594740101372736e-07,0.36080101132392883,0.3607807755470276,0.000691977038513869,0.00016987102571874857
44.11666666666667,0.034955330193042755,-7.488706614822149e-06,-2.015668343346988e-07,0.36093825101852417,0.36091941595077515,0.0006966956425458193,-9.058715477294754e-06
44.13333333333333,0.034968987107276917,-7.5274729169905186e-06,1.1341148109522692e-07,0.3610779643058777,0.3610589802265167,0.0007021972560323775,-1.3057283467787784e-06
44.15,0.03498272970318794,-7.529859431087971e-06,1.7038463795415737e-07,0.36121827363967896,0.3611993193626404,0.0007061799988150597,-8.7817243183963e-06
44.166666666666664,0.03499652072787285,-7.481430657207966e-06,-1.1625179752172698e-07,0.3613598942756653,0.3613393306732178,0.0007087652338668704,5.872259134775959e-05
44.18333333333333,0.03501012921333313,-7.528928108513355e-06,-3.4302206586289685e-07,0.36149927973747253,0.36147814989089966,0.0006965646171011031,0.00018410371558275074
44.2,0.03502389043569565,-7.539696525782347e-06,2.3119821435102494e-07,0.361638605594635,0.3616192042827606,0.0007053232402540743,-4.340551095083356e-05
44.21666666666667,0.035037584602832794,-7.510185241699219e-06,4.2207878436784085e-07,0.3617778718471527,0.36175864934921265,0.0007082996307872236,-4.402975537232123e-05
44.233333333333334,0.03505122289061546,-7.553666364401579e-06,1.0902197118412005e-06,0.3619176149368286,0.36189788579940796,0.0006985620711930096,-3.7985475955792936e-06
44.25,0.035064633935689926,-7.508206181228161e-06,-6.929544156264456e-07,0.3620544672012329,0.36203476786613464,0.0006939700106158853,-2.9896489650127478e-05
44.266666666666666,0.03507807478308678,-7.637892849743366e-06,1.1676148687911336e-06,0.3621915578842163,0.3621729910373688,0.0006847188342362642,-0.00010785240738186985
44.28333333333333,0.03509135916829109,-7.521535735577345e-06,-7.215476784949715e-07,0.3623274564743042,0.3623075783252716,0.0006835743552073836,-2.4089131329674274e-05
44.3,0.03510461375117302,-7.573282346129417e-06,1.1468098364275647e-06,0.36246225237846375,0.3624435365200043,0.0006799923139624298,-3.9148533687694e-05
44.31666666666666,0.03511778637766838,-7.556576747447252e-06,-5.570616963268549e-07,0.362596333026886,0.3625780940055847,0.000678417447488755,-5.940434130025096e-05
44.333333333333336,0.03513101860880852,-7.5168791227042675e-06,6.388413567037787e-07,0.36273327469825745,0.36271193623542786,0.0006781318224966526,6.572096754098311e-05
44.35,0.03514420986175537,-7.5346906669437885e-06,2.735249324814504e-07,0.3628663718700409,0.3628477156162262,0.0006752387853339314,-4.163449375482742e-06
44.36666666666667,0.03515728563070297,-7.4874842539429665e-06,-2.2327810711431084e-07,0.3630005717277527,0.36298057436943054,0.0006717669893987477,1.33719604491489e-05
44.38333333333333,0.03517040237784386,-7.623864803463221e-06,1.1264133945587673e-06,0.36313366889953613,0.3631144165992737,0.0006708891014568508,-2.7685804525390267e-05
44.4,0.035183463245630264,-7.523514796048403e-06,-5.456985263663228e-07,0.36326655745506287,0.36324790120124817,0.000671862973831594,-7.1725862653693184e-06
44.416666666666664,0.03519655019044876,-7.555587217211723e-06,-1.7867964174911322e-07,0.36340177059173584,0.363380491733551,0.0006749082822352648,2.0446928829187527e-05
44.43333333333333,0.03520975261926651,-7.612048648297787e-06,3.9295457554544555e-07,0.36353543400764465,0.36351633071899414,0.0006734863854944706,-6.607628893107176e-05
44.45,0.03522283956408501,-7.525959517806768e-06,-6.215674943632621e-07,0.3636690080165863,0.36364996433258057,0.0006747472216375172,-2.6770660042529926e-05
44.46666666666667,0.035236019641160965,-7.573806215077639e-06,1.3439647545965272e-06,0.36380282044410706,0.3637846112251282,0.0006723769474774599,-3.677738277474418e-05
44.483333333333334,0.035249095410108566,-7.533875759691e-06,-7.990706762939226e-07,0.3639373481273651,0.36391669511795044,0.0006741720135323703,1.7226657291757874e-05
44.5,0.03526224195957184,-7.520138751715422e-06,1.8808155743954558e-07,0.3640705645084381,0.36405205726623535,0.0006750517059117556,9.749470564202056e-07
44.516666666666666,0.03527532517910004,-7.47881131246686e-06,-9.106004199566087e-07,0.36420488357543945,0.36418482661247253,0.0006761114927940071,-2.4649295937706484e-06
44.53333333333333,0.03528851270675659,-7.618451490998268e-06,6.688166536150675e-07,0.36434027552604675,0.3643188774585724,0.0006750199827365577,4.036449172417633e-05
44.55,0.03530164062976837,-7.510243449360132e-06,-7.764076030980505e-07,0.36447322368621826,0.36445364356040955,0.0006744903512299061,-1.758561484166421e-05
44.56666666666666,0.03531475365161896,-7.63224670663476e-06,1.0068754363601329e-06,0.364607572555542,0.3645872473716736,0.000671739864628762,-4.056852776557207e-05
44.583333333333336,0.03532782942056656,-7.503724191337824e-06,-7.550539748990559e-07,0.3647405803203583,0.3647207021713257,0.000674220675136894,1.786818575055804e-05
44.6,0.03534092754125595,-7.578229997307062e-06,9.052530458575347e-07,0.3648747205734253,0.3648547828197479,0.0006712743197567761,-2.325775130884722e-05
44.61666666666667,0.03535398468375206,-7.5285788625478745e-06,-8.561139566154452e-07,0.3650084435939789,0.3649884760379791,0.0006720650708302855,3.0206991141312756e-05
44.63333333333333,0.035367101430892944,-7.609836757183075e-06,6.509380341412907e-07,0.3651421070098877,0.36512044072151184,0.0006734991911798716,4.881038694293238e-05
44.65,0.035380128771066666,-7.502443622797728e-06,-2.0111269805056509e-07,0.36527499556541443,0.3652544915676117,0.0006689954898320138,3.252013266319409e-05
44.666666666666664,0.035393208265304565,-7.597089279443026e-06,1.0904352620855207e-06,0.3654075562953949,0.36538833379745483,0.0006670412258245051,-3.0753781175008044e-05
44.68333333333333,0.03540618717670441,-7.468624971807003e-06,-7.684396337026556e-07,0.36553987860679626,0.36552128195762634,0.0006684461259283125,-4.191152038401924e-05
44.7,0.0354192741215229,-7.602386176586151e-06,1.1898232514795382e-06,0.3656728267669678,0.3656541705131531,0.000668489548843354,-2.447498445690144e-05
44.71666666666667,0.035432279109954834,-7.4793933890759945e-06,-7.803959647390002e-07,0.3658057451248169,0.3657870888710022,0.0006699396180920303,-2.6747718948172405e-05
44.733333333333334,0.03544539213180542,-7.613853085786104e-06,6.591789087906363e-07,0.36594101786613464,0.3659190535545349,0.0006711444002576172,5.67932911508251e-05
44.75,0.03545845299959183,-7.492781151086092e-06,-8.708177574590081e-07,0.3660733699798584,0.3660537004470825,0.0006731770117767155,1.1991525752819143e-05
44.766666666666666,0.03547155112028122,-7.552327588200569e-06,-6.459745236497838e-07,0.36620792746543884,0.36618632078170776,0.0006721682730130851,2.959374978672713e-05
44.78333333333333,0.0354846715927124,-7.6096621342003345e-06,1.2257085018063663e-06,0.3663407266139984,0.3663215637207031,0.0006702020182274282,-2.9798151444992982e-05
44.8,0.03549768030643463,-7.520429790019989e-06,-8.433576681454724e-07,0.3664743900299072,0.36645394563674927,0.0006718749064020813,2.0418301573954523e-05
44.81666666666666,0.0355108268558979,-7.4927229434251785e-06,4.4405203425412765e-07,0.36660680174827576,0.36658868193626404,0.0006739139789715409,-3.291046232334338e-05
44.833333333333336,0.03552398830652237,-7.638649549335241e-06,1.2026637250528438e-06,0.36674174666404724,0.3667232096195221,0.0006700687808915973,-7.15927017154172e-05
44.85,0.03553704544901848,-7.497554179280996e-06,-6.909243097652507e-07,0.3668750524520874,0.36685582995414734,0.0006725406274199486,-1.4604655689254287e-06
44.86666666666667,0.03555016219615936,-7.573631592094898e-06,1.9863715294832218e-07,0.3670087456703186,0.36699017882347107,0.0006725643179379404,-2.4229890186688863e-05
44.88333333333333,0.03556323051452637,-7.50651815906167e-06,-5.987121198813838e-07,0.36714211106300354,0.36712339520454407,0.0006734848720952868,-2.486830999259837e-05
44.9,0.03557637333869934,-7.617694791406393e-06,1.1935356951653375e-06,0.3672763407230377,0.3672572374343872,0.0006716723437421024,-4.666867243940942e-05
44.916666666666664,0.03558943793177605,-7.528928108513355e-06,-8.123402608362085e-07,0.3674103915691376,0.3673904240131378,0.0006725633284077048,2.967980799439829e-05
44.93333333333333,0.03560258075594902,-7.5435382314026356e-06,1.2237730118158652e-07,0.3675435483455658,0.3675248920917511,0.0006727710133418441,-2.6462384994374588e-05
44.95,0.03561566397547722,-7.486145477741957e-06,-2.3696208018009202e-07,0.36767837405204773,0.3676581382751465,0.0006760509568266571,2.388744724157732e-05
44.96666666666667,0.03562887758016586,-7.578579243272543e-06,9.21996161196148e-07,0.36781221628189087,0.3677920699119568,0.0006752413464710116,-3.11820281240216e-06
44.983333333333334,0.03564201295375824,-7.539521902799606e-06,-7.531936603299982e-07,0.367946058511734,0.36792635917663574,0.0006753727211616933,-2.216880784544628e-05
45.0,0.035655200481414795,-7.62066338211298e-06,1.0252747415506747e-06,0.36808091402053833,0.3680602014064789,0.0006743118865415454,3.5801764170173556e-05
45.016666666666666,0.03566825017333031,-7.441733032464981e-06,-1.0523961009312188e-06,0.3682142496109009,0.3681947886943817,0.0006757596856914461,4.076980076206382e-06
45.03333333333333,0.035681478679180145,-7.626076694577932e-06,1.164712784884614e-06,0.36834830045700073,0.3683289587497711,0.0006737428484484553,-4.701300713350065e-05
45.05,0.03569450229406357,-7.486378308385611e-06,-9.84704797701852e-07,0.3684822618961334,0.3684624135494232,0.0006727089639753103,-3.0416060326388106e-05
45.06666666666666,0.035707682371139526,-7.597380317747593e-06,5.937074547546217e-07,0.36861756443977356,0.36859574913978577,0.0006734613562002778,6.414194649551064e-05
45.083333333333336,0.03572077304124832,-7.480732165277004e-06,-8.825725217320723e-07,0.3687500059604645,0.3687301576137543,0.0006753562483936548,-2.0528215827653185e-05
45.1,0.035733941942453384,-7.62083800509572e-06,9.67957021202892e-07,0.36888474225997925,0.36886438727378845,0.0006745317368768156,1.4422319509321824e-05
45.11666666666667,0.03574701398611069,-7.52817140892148e-06,-1.0148263527298695e-06,0.3690187931060791,0.36899828910827637,0.0006729752058163285,-1.4916369650563865e-07
45.13333333333333,0.03576018661260605,-7.53405038267374e-06,-2.1549197981585166e-07,0.3691525161266327,0.36913201212882996,0.0006766692968085408,1.9706647435668856e-05
45.15,0.035773321986198425,-7.573980838060379e-06,1.1230760037506116e-06,0.3692862093448639,0.3692677319049835,0.0006722076213918626,-4.8065248847706243e-05
45.166666666666664,0.035786401480436325,-7.5097777880728245e-06,-1.13344140117988e-06,0.3694204092025757,0.36939963698387146,0.000674587266985327,2.6026931664091535e-05
45.18333333333333,0.035799577832221985,-7.600756362080574e-06,9.698048870632192e-07,0.3695541322231293,0.36953485012054443,0.0006721442332491279,1.779351441655308e-05
45.2,0.035812586545944214,-7.480732165277004e-06,-1.175265765596123e-06,0.36968794465065,0.36966708302497864,0.0006732252659276128,-2.2969030055719486e-07
45.21666666666667,0.035825736820697784,-7.599475793540478e-06,1.3091479331706068e-06,0.3698202669620514,0.3698025643825531,0.0006684342515654862,-0.0001036064131767489
45.233333333333334,0.03583873435854912,-7.538706995546818e-06,-7.296813464563456e-07,0.36995455622673035,0.36993440985679626,0.0006715934723615646,5.315134785632836e-06
45.25,0.035851866006851196,-7.51810148358345e-06,5.57525140720827e-07,0.3700880706310272,0.3700675070285797,0.0006725600687786937,4.5703160139964893e-05
45.266666666666666,0.035865020006895065,-7.602327968925238e-06,1.0192571835432318e-06,0.37022143602371216,0.370201975107193,0.0006731716566719115,1.6301777577609755e-05
45.28333333333333,0.035878073424100876,-7.5133866630494595e-06,-7.523539693465864e-07,0.3703552484512329,0.37033551931381226,0.0006729128654114902,-2.7944161047344096e-05
45.3,0.03589119762182236,-7.590046152472496e-06,6.93403023888095e-07,0.37048983573913574,0.37046894431114197,0.0006719200755469501,-1.5215775420074351e-05
45.31666666666666,0.03590426594018936,-7.503607776015997e-06,-1.0312821814295603e-06,0.3706229627132416,0.3706023693084717,0.0006752602639608085,3.185020250384696e-05
45.333333333333336,0.035917434841394424,-7.613736670464277e-06,1.0519739817027585e-06,0.37075674533843994,0.3707374930381775,0.0006712986505590379,-4.215577064314857e-05
45.35,0.03593049198389053,-7.544760592281818e-06,-5.87140164043376e-07,0.3708893358707428,0.3708706498146057,0.0006732888869009912,-9.734139894135296e-06
45.36666666666667,0.03594360873103142,-7.560360245406628e-06,-1.8831083536952065e-07,0.37102457880973816,0.3710043430328369,0.000675515562761575,3.1562915410177084e-06
45.38333333333333,0.03595680743455887,-7.598777301609516e-06,9.93204821497784e-07,0.37115857005119324,0.37113839387893677,0.0006739083910360932,-2.5035880753421225e-05
45.4,0.035969894379377365,-7.494993042200804e-06,-9.115215107158292e-07,0.37129268050193787,0.3712720274925232,0.0006747394218109548,3.715676939464174e-06
45.416666666666664,0.03598303347826004,-7.589173037558794e-06,7.131400252546882e-07,0.3714267909526825,0.37140631675720215,0.0006737474468536675,2.528859295125585e-05
45.43333333333333,0.03599609062075615,-7.492548320442438e-06,-6.220312798177474e-07,0.37156087160110474,0.3715384900569916,0.0006706964340992272,3.176331301801838e-05
45.45,0.036009181290864944,-7.664260920137167e-06,6.478789487118775e-07,0.37169453501701355,0.3716725707054138,0.0006725398125126958,3.85995845135767e-05
45.46666666666667,0.03602219745516777,-7.512921001762152e-06,-7.322513084773163e-08,0.37182629108428955,0.371806800365448,0.0006696945638395846,1.1667688340821769e-05
45.483333333333334,0.03603530675172806,-7.55401561036706e-06,9.417384490006953e-07,0.3719598352909088,0.37194016575813293,0.0006698223296552896,4.122032260056585e-05
45.5,0.036048341542482376,-7.486902177333832e-06,-5.903424380448996e-07,0.3720918595790863,0.37207356095314026,0.0006712001631967723,-4.1508075810270384e-05
45.516666666666666,0.03606143221259117,-7.557275239378214e-06,1.7431889887120633e-07,0.37222644686698914,0.3722078204154968,0.0006715861381962895,-5.524955668079201e-06
45.53333333333333,0.03607458621263504,-7.483409717679024e-06,-1.368019297842693e-07,0.3723611533641815,0.3723408579826355,0.0006747657898813486,4.4336800783639774e-05
45.55,0.036087654531002045,-7.534865289926529e-06,-9.343756346424925e-07,0.3724948763847351,0.37247446179389954,0.0006739198579452932,1.9059849364566617e-05
45.56666666666666,0.0361008420586586,-7.571245077997446e-06,3.0847937182443275e-07,0.37262871861457825,0.3726092278957367,0.0006757358787581325,2.5325491151306778e-05
45.583333333333336,0.036113932728767395,-7.498427294194698e-06,-8.203208494705905e-07,0.37276241183280945,0.372742623090744,0.0006755461799912155,-1.690204589976929e-05
45.6,0.036127109080553055,-7.569033186882734e-06,1.0497327593839145e-06,0.3728959262371063,0.3728770911693573,0.000675148970913142,2.5082315460167592e-06
45.61666666666667,0.03614021837711334,-7.5105344876646996e-06,-8.048089057410834e-07,0.3730302155017853,0.37301066517829895,0.0006736391223967075,-2.3135801257012645e-06
45.63333333333333,0.03615330159664154,-7.575552444905043e-06,-6.953124511710485e-07,0.3731639087200165,0.3731439411640167,0.0006739674718119204,-4.720697688753717e-06
45.65,0.036166418343782425,-7.597845979034901e-06,1.0618679198159953e-06,0.3732976019382477,0.37327831983566284,0.0006716728094033897,-2.8209962692926638e-05
45.666666666666664,0.03617949038743973,-7.496972102671862e-06,-8.783105727161455e-07,0.3734312057495117,0.37341123819351196,0.0006727350992150605,-3.3969972719205543e-05
45.68333333333333,0.03619266673922539,-7.591501343995333e-06,1.1902752703463193e-06,0.37356460094451904,0.3735450208187103,0.0006731565808877349,-3.7562315355899045e-06
45.7,0.0362057164311409,-7.483118679374456e-06,-6.337064064609876e-07,0.3736981153488159,0.3736798167228699,0.0006727655418217182,-3.659935828181915e-05
45.71666666666667,0.036218829452991486,-7.608614396303892e-06,9.304336572313332e-07,0.37383243441581726,0.373813271522522,0.0006696979980915785,-5.9566566051216796e-05
45.733333333333334,0.03623185306787491,-7.536786142736673e-06,-7.351846420533548e-07,0.37396591901779175,0.37394624948501587,0.0006715893396176398,-3.2253559766104445e-05
45.75,0.03624497354030609,-7.585214916616678e-06,7.335549412346154e-07,0.3740995228290558,0.3740791976451874,0.0006711534224450588,2.1217108951532282e-05
45.766666666666666,0.03625801205635071,-7.466878741979599e-06,-1.0129119800694752e-06,0.3742330074310303,0.3742126524448395,0.0006723980186507106,2.1741186628787545e-06
45.78333333333333,0.0362711176276207,-7.571885362267494e-06,2.443717903588549e-07,0.3743666708469391,0.37434709072113037,0.0006739397067576647,-5.003576916351449e-06
45.8,0.03628428280353546,-7.633294444531202e-06,1.0927525408988004e-06,0.3745007812976837,0.3744814991950989,0.0006723098340444267,-1.8817059753928334e-05
45.81666666666666,0.03629738837480545,-7.519905921071768e-06,-1.017689328364213e-06,0.37463492155075073,0.3746143579483032,0.0006732817273586988,2.9113276468706317e-05
45.833333333333336,0.03631041198968887,-7.526192348450422e-06,-6.183177561069897e-07,0.3747673034667969,0.37474748492240906,0.0006739639211446047,-2.914761171268765e-05
45.85,0.03632357344031334,-7.608148735016584e-06,7.824671683920315e-07,0.3749023377895355,0.37488099932670593,0.0006730302120558918,7.2447896855010185e-06
45.86666666666667,0.036336638033390045,-7.487775292247534e-06,-6.838009198872896e-07,0.37503451108932495,0.37501582503318787,0.000673172646202147,-1.887005964817945e-05
45.88333333333333,0.03634978458285332,-7.556576747447252e-06,9.135905543189438e-07,0.3751688599586487,0.37514954805374146,0.000673506991006434,3.5604509321274236e-05
45.9,0.03636295720934868,-7.541559170931578e-06,3.137512294415501e-07,0.375302791595459,0.37528470158576965,0.0006739931413903832,-2.4681803552084602e-05
45.916666666666664,0.03637603297829628,-7.578462827950716e-06,-4.469384862204606e-07,0.3754366338253021,0.3754178583621979,0.0006729372544214129,-5.8451252698432654e-05
45.93333333333333,0.03638917952775955,-7.560418453067541e-06,2.1715648301778856e-07,0.37557101249694824,0.3755512833595276,0.0006749238818883896,-4.419427114044083e-06
45.95,0.036402251571416855,-7.498892955482006e-06,-6.203943598848127e-07,0.37570446729660034,0.37568536400794983,0.0006757003720849752,-6.6788493313652e-06
45.96666666666667,0.036415454000234604,-7.583177648484707e-06,1.008706135507964e-06,0.3758389949798584,0.37582001090049744,0.0006724606500938535,-5.322373181115836e-05
45.983333333333334,0.03642851859331131,-7.493828888982534e-06,-7.543463880210766e-07,0.3759729862213135,0.3759535253047943,0.0006735475035384297,-2.7477361072669737e-05
46.0,0.03644166141748428,-7.626134902238846e-06,6.727654522364901e-07,0.37610727548599243,0.3760858178138733,0.00067407067399472,3.187084075761959e-05
46.016666666666666,0.03645477816462517,-7.560010999441147e-06,-9.135045502262074e-07,0.3762410283088684,0.3762200176715851,0.0006735689239576459,-3.0369922114914516e-06
46.03333333333333,0.03646792471408844,-7.537659257650375e-06,4.919157845506561e-07,0.37637433409690857,0.3763561248779297,0.0006738619413226843,-2.5595618353690952e-05
46.05,0.03648100420832634,-7.522874511778355e-06,-8.585491286794422e-07,0.3765081465244293,0.37648800015449524,0.0006756007787771523,8.346120921487454e-06
46.06666666666666,0.036494143307209015,-7.614318747073412e-06,9.55261725721357e-07,0.37664249539375305,0.37662309408187866,0.0006718456861563027,-2.829450932040345e-05
46.083333333333336,0.03650720417499542,-7.522699888795614e-06,-9.688602631285903e-07,0.37677595019340515,0.3767557442188263,0.0006738593219779432,1.7616033801459707e-05
46.1,0.03652032092213631,-7.657567039132118e-06,1.1305065754640964e-06,0.37690937519073486,0.37689027190208435,0.0006693738396279514,-0.00010747509077191353
46.11666666666667,0.03653336688876152,-7.5222342275083065e-06,-5.203719979363086e-07,0.3770420551300049,0.37702399492263794,0.0006710877642035484,-4.072625597473234e-05
46.13333333333333,0.03654644638299942,-7.6223514042794704e-06,8.773910167292343e-07,0.37717685103416443,0.3771570026874542,0.0006691204034723341,-4.2949763155775145e-05
46.15,0.036559462547302246,-7.5212446972727776e-06,1.8909578614056954e-07,0.3773091435432434,0.3772897720336914,0.0006656969781033695,7.322238161577843e-06
46.166666666666664,0.0365724116563797,-7.539638318121433e-06,-5.945672114648914e-07,0.37744033336639404,0.37742170691490173,0.0006692453753203154,-1.9372970200493e-05
46.18333333333333,0.03658551722764969,-7.5855059549212456e-06,8.790660217528057e-07,0.3775745928287506,0.3775549829006195,0.000668503635097295,2.1003941583330743e-05
46.2,0.03659850358963013,-7.488299161195755e-06,-7.899740808170463e-07,0.37770795822143555,0.37768861651420593,0.0006688424618914723,-1.3420502000371926e-05
46.21666666666667,0.03661151975393295,-7.55686778575182e-06,-9.347154446004424e-07,0.3778408169746399,0.37782010436058044,0.0006719585508108139,4.0074894059216604e-05
46.233333333333334,0.03662453964352608,-7.591443136334419e-06,4.638132224954461e-07,0.3779729902744293,0.3779531717300415,0.0006665932014584541,-7.865767111070454e-05
46.25,0.03663759306073189,-7.51490006223321e-06,1.9839241360841697e-07,0.37810593843460083,0.3780871629714966,0.0006709605222567916,-1.4911733160261065e-05
46.266666666666666,0.03665073588490486,-7.607450243085623e-06,9.364965194436081e-07,0.37824034690856934,0.37821972370147705,0.0006713561015203595,-2.991450571698806e-07
46.28333333333333,0.03666376322507858,-7.537368219345808e-06,-7.634879466422717e-07,0.3783734142780304,0.37835365533828735,0.0006708046421408653,-3.586487582651898e-05
46.3,0.03667685389518738,-7.639755494892597e-06,1.1868853562191362e-06,0.37850627303123474,0.37848755717277527,0.0006680017686448991,-0.00010747578198788688
46.31666666666666,0.0366898775100708,-7.5097777880728245e-06,-9.264333016290038e-07,0.37864020466804504,0.3786197602748871,0.0006713803741149604,2.709611521822808e-07
46.333333333333336,0.03670297935605049,-7.615424692630768e-06,1.0394797982371529e-06,0.37877345085144043,0.37875425815582275,0.0006709567969664931,6.531696726597147e-06
46.35,0.03671605512499809,-7.545342668890953e-06,-9.430435738977394e-07,0.3789069354534149,0.3788861334323883,0.0006728915614075959,6.791841769882012e-06
46.36666666666667,0.0367291234433651,-7.545575499534607e-06,-9.09817501337784e-08,0.3790414035320282,0.37901920080184937,0.0006706145359203219,7.846826338209212e-05
46.38333333333333,0.03674236685037613,-7.575552444905043e-06,3.851775431940041e-07,0.37917518615722656,0.3791554272174835,0.0006762397242709994,-1.0251934327243362e-05
46.4,0.036755453795194626,-7.5569842010736465e-06,-8.572860110689362e-07,0.3793097734451294,0.37928906083106995,0.0006757102091796696,6.43621024210006e-06
46.416666666666664,0.03676867485046387,-7.52246705815196e-06,3.2521529647056013e-07,0.3794437646865845,0.3794250190258026,0.000675286166369915,-3.512076727929525e-05
46.43333333333333,0.03678184002637863,-7.534923497587442e-06,1.8167611415265128e-07,0.37957823276519775,0.3795590400695801,0.000676579715218395,3.683799604914384e-06
46.45,0.03679496794939041,-7.5044226832687855e-06,-9.5620464435342e-07,0.37971264123916626,0.37969183921813965,0.0006769706378690898,-2.0809808120247908e-05
46.46666666666667,0.036808136850595474,-7.564667612314224e-06,7.232077905428014e-07,0.3798470199108124,0.3798270523548126,0.0006758634699508548,2.6113688363693655e-05
46.483333333333334,0.036821261048316956,-7.478171028196812e-06,-5.843510280101327e-07,0.37997984886169434,0.37996160984039307,0.0006756465299986303,-1.9853305275319144e-05
46.5,0.036834388971328735,-7.565889973193407e-06,-7.953249792080896e-07,0.38011524081230164,0.38009464740753174,0.0006765436264686286,2.419849442958366e-05
46.516666666666666,0.03684759885072708,-7.490802090615034e-06,4.3469805177664966e-07,0.38024914264678955,0.38023102283477783,0.0006756713846698403,-3.38993631885387e-05
46.53333333333333,0.03686066344380379,-7.534632459282875e-06,1.6941385183599778e-07,0.38038307428359985,0.38036295771598816,0.0006712572067044675,-1.004476234811591e-05
46.55,0.03687376528978348,-7.588881999254227e-06,1.1857638355650124e-06,0.3805154860019684,0.38049763441085815,0.0006692641763947904,-6.7132554249838e-05
46.56666666666666,0.0368867926299572,-7.5392890721559525e-06,-9.217075671585917e-07,0.3806493580341339,0.3806290328502655,0.0006720686797052622,-2.282560853927862e-05
46.583333333333336,0.03689984977245331,-7.572118192911148e-06,2.60728853618275e-07,0.3807828426361084,0.38076210021972656,0.0006700883968733251,3.929494778276421e-05
46.6,0.036912836134433746,-7.523922249674797e-06,1.4439881113048614e-07,0.38091564178466797,0.3808949887752533,0.0006678823847323656,1.7672486137598753e-05
46.61666666666667,0.03692583367228508,-7.518974598497152e-06,-4.464617973098939e-07,0.38104718923568726,0.3810291588306427,0.0006682095117866993,-2.2539865312865004e-05
46.63333333333333,0.03693892061710358,-7.513503078371286e-06,3.0783314741711365e-07,0.38118109107017517,0.38116225600242615,0.0006710863672196865,-1.4130952877167147e-05
46.65,0.03695196285843849,-7.526774425059557e-06,5.912789333706314e-07,0.38131487369537354,0.381295382976532,0.0006700751255266368,1.3883408428227995e-05
46.666666666666664,0.03696499019861221,-7.4932468123734e-06,4.556804711342011e-08,0.38144761323928833,0.3814271092414856,0.0006679068901576102,4.4064541725674644e-05
46.68333333333333,0.036978092044591904,-7.649476174265146e-06,7.370352363977872e-07,0.3815820515155792,0.38156113028526306,0.000669033033773303,3.9622103940928355e-05
46.7,0.03699110448360443,-7.529219146817923e-06,-9.442682085136767e-07,0.3817148804664612,0.38169413805007935,0.0006706817075610161,2.1736306734965183e-05
46.71666666666667,0.037004079669713974,-7.519323844462633e-06,-6.249763941923447e-07,0.38184693455696106,0.3818264603614807,0.0006675145705230534,9.367132491888697e-08
46.733333333333334,0.03701717033982277,-7.5953430496156216e-06,1.0736451940829284e-06,0.38197970390319824,0.3819601237773895,0.0006676324410364032,-4.25249345425982e-06
46.75,0.03703015297651291,-7.4902200140058994e-06,-6.40150915387494e-07,0.382112056016922,0.38209277391433716,0.0006689212750643492,-3.458608625805937e-05
46.766666666666666,0.037043146789073944,-7.570371963083744e-06,-1.0056249948320328e-06,0.3822462856769562,0.38222450017929077,0.0006727360305376351,4.30311010859441e-05
46.78333333333333,0.037056341767311096,-7.587950676679611e-06,1.099182213692984e-06,0.3823779225349426,0.3823603391647339,0.0006697624339722097,-3.18069287459366e-05
46.8,0.037069305777549744,-7.505062967538834e-06,-8.881781923264498e-07,0.38251274824142456,0.38249272108078003,0.0006714588962495327,-1.972854988707695e-06
46.81666666666666,0.03708244860172272,-7.58894020691514e-06,2.3902839529910125e-07,0.38264551758766174,0.3826269805431366,0.0006691140588372946,-2.5760351491044275e-05
46.833333333333336,0.03709539398550987,-7.514667231589556e-06,-9.656600923335645e-07,0.3827788829803467,0.38275840878486633,0.000671575719024986,-8.180844815797172e-06
46.85,0.037108518183231354,-7.5803836807608604e-06,9.897701147565385e-07,0.3829120695590973,0.38289377093315125,0.0006676505436189473,-0.00011422938405303285
46.86666666666667,0.03712153434753418,-7.485039532184601e-06,-5.166223218111554e-07,0.3830451965332031,0.38302668929100037,0.0006692381575703621,-1.642257302592043e-05
46.88333333333333,0.03713454306125641,-7.4640847742557526e-06,-6.727158279318246e-07,0.38317742943763733,0.3831597566604614,0.0006692023598589003,-9.198145562550053e-05
46.9,0.0371476486325264,-7.552094757556915e-06,5.19915658969694e-07,0.3833118975162506,0.3832913637161255,0.0006712966714985669,2.2109292331151664e-05
46.916666666666664,0.03716075047850609,-7.5553543865680695e-06,8.88316947111889e-07,0.3834453821182251,0.3834259510040283,0.0006700677913613617,-2.7254100132267922e-06
46.93333333333333,0.0371738038957119,-7.505237590521574e-06,-1.0834667136805365e-06,0.3835795819759369,0.3835584819316864,0.0006724203703925014,3.307486986159347e-05
46.95,0.03718685358762741,-7.466878741979599e-06,-1.7959174147819112e-09,0.3837118446826935,0.38369253277778625,0.0006713844486512244,-1.7711558029986918e-05
46.96666666666667,0.037199970334768295,-7.618218660354614e-06,6.96335234806611e-07,0.38384589552879333,0.3838260769844055,0.0006700635422021151,-2.7273370506009087e-05
46.983333333333334,0.03721301257610321,-7.524562533944845e-06,-8.998136422633252e-07,0.3839796483516693,0.3839590847492218,0.0006717402138747275,1.0169724191655405e-05
47.0,0.03722614794969559,-7.559254299849272e-06,1.0581154583633179e-06,0.38411206007003784,0.38409388065338135,0.000669595377985388,-5.313877773005515e-05
47.016666666666666,0.03723917901515961,-7.4891140684485435e-06,-7.407199404951825e-07,0.38424575328826904,0.38422662019729614,0.0006714162300340831,1.0418501688036486e-06
47.03333333333333,0.0372522696852684,-7.561699021607637e-06,5.556850624088838e-07,0.3843799829483032,0.38435986638069153,0.0006713326438330114,3.774157084990293e-05
47.05,0.037265367805957794,-7.519789505749941e-06,1.821136237367682e-07,0.3845139443874359,0.3844940662384033,0.0006722178659401834,4.029116462334059e-05
47.06666666666666,0.03727836161851883,-7.522001396864653e-06,2.429030665496157e-08,0.38464581966400146,0.3846263289451599,0.0006691101589240134,-2.926904198830016e-05
47.083333333333336,0.03729147091507912,-7.606751751154661e-06,4.344211959050881e-07,0.3847808241844177,0.3847588300704956,0.0006699456716887653,4.42957243649289e-05
47.1,0.03730446472764015,-7.582246325910091e-06,-1.1658054077656743e-08,0.3849131762981415,0.3848918378353119,0.0006682736566290259,-3.053535692743026e-05
47.11666666666667,0.03731756657361984,-7.598777301609516e-06,1.1584536423470126e-06,0.3850450813770294,0.38502657413482666,0.0006661576917394996,-7.49108221498318e-05
47.13333333333333,0.03733055293560028,-7.491267751902342e-06,-6.025924221830792e-07,0.38517794013023376,0.38515886664390564,0.0006687925197184086,-3.1690342439105734e-05
47.15,0.03734360262751579,-7.529975846409798e-06,-4.549096654926643e-09,0.3853106200695038,0.385292649269104,0.0006681768572889268,-2.3154052541940473e-05
47.166666666666664,0.03735663369297981,-7.5275893323123455e-06,-6.251249828892469e-07,0.3854440450668335,0.3854242265224457,0.0006709693698212504,-3.0397844966500998e-05
47.18333333333333,0.03736967593431473,-7.593538612127304e-06,8.573689456170541e-07,0.3855776786804199,0.3855593502521515,0.0006665893597528338,-8.128089393721893e-05
47.2,0.03738274425268173,-7.579452358186245e-06,-3.0971116871114646e-07,0.38571086525917053,0.38569194078445435,0.0006687594577670097,-9.979316018871032e-06
47.21666666666667,0.03739570081233978,-7.493479643017054e-06,-6.861908445898734e-07,0.3858431875705719,0.3858250081539154,0.0006695250631310046,-6.163303623907268e-05
47.233333333333334,0.03740878030657768,-7.56006920710206e-06,3.916899231626303e-07,0.3859776556491852,0.38595664501190186,0.00067035952815786,1.4402899978449568e-05
47.25,0.03742188960313797,-7.54126813262701e-06,4.4522315079120744e-07,0.3861103057861328,0.38609176874160767,0.0006718749646097422,1.2321841495577246e-05
47.266666666666666,0.03743495047092438,-7.533468306064606e-06,-8.896411713976704e-07,0.3862449526786804,0.3862241804599762,0.0006734229391440749,4.8160214646486565e-05
47.28333333333333,0.03744809329509735,-7.54697248339653e-06,7.188743325059477e-07,0.38637784123420715,0.38635873794555664,0.0006717568030580878,-3.972383183281636e-06
47.3,0.03746122494339943,-7.545982953161001e-06,2.4523917119267935e-08,0.38651251792907715,0.38649222254753113,0.0006747281295247376,5.3831885452382267e-05
47.31666666666666,0.037474293261766434,-7.50215258449316e-06,-5.714266535505885e-07,0.38664495944976807,0.3866271674633026,0.0006731410976499319,-2.4900735297705978e-05
47.333333333333336,0.03748748078942299,-7.544760592281818e-06,4.7437026751140365e-07,0.386779248714447,0.3867609202861786,0.0006735929637216032,-4.4161846744827926e-05
47.35,0.03750055283308029,-7.536611519753933e-06,-4.797810788659262e-07,0.38691338896751404,0.3868946135044098,0.0006723924307152629,-5.118388799019158e-05
47.36666666666667,0.03751359507441521,-7.5168791227042675e-06,-8.057354534685146e-07,0.3870472013950348,0.38702690601348877,0.0006739578675478697,-2.582558590802364e-05
47.38333333333333,0.037526749074459076,-7.524387910962105e-06,3.2858864074114535e-07,0.3871823251247406,0.38716068863868713,0.0006737048970535398,3.451259544817731e-05
47.4,0.03753988444805145,-7.530499715358019e-06,7.347972541538184e-07,0.387315034866333,0.38729602098464966,0.0006701180245727301,-5.620323645416647e-05
47.416666666666664,0.03755294904112816,-7.520895451307297e-06,-4.343804391737649e-07,0.38744714856147766,0.3874290883541107,0.0006732936599291861,-1.3745820979238488e-05
47.43333333333333,0.037566088140010834,-7.597729563713074e-06,8.174793038051575e-07,0.3875826895236969,0.38756269216537476,0.0006725905113853514,1.6076231986517087e-05
47.45,0.03757915273308754,-7.552327588200569e-06,-4.083264002474607e-07,0.3877153694629669,0.3876969814300537,0.0006722074467688799,-3.613319859141484e-05
47.46666666666667,0.037592172622680664,-7.421651389449835e-06,-3.9375740357172617e-07,0.3878490924835205,0.3878290057182312,0.0006704709376208484,4.606685706676217e-06
47.483333333333334,0.03760525956749916,-7.545109838247299e-06,5.416218300524633e-07,0.38798272609710693,0.3879626989364624,0.0006702663959003985,6.063434739189688e-06
47.5,0.037618279457092285,-7.563503459095955e-06,4.095224070965742e-08,0.3881157636642456,0.38809481263160706,0.0006680678925476968,7.542033017671201e-06
47.516666666666666,0.03763127699494362,-7.559312507510185e-06,2.0246184817551693e-07,0.38824841380119324,0.38822734355926514,0.0006662878440693021,1.1659093615890015e-05
47.53333333333333,0.03764423727989197,-7.492431905120611e-06,-8.215477009798633e-07,0.38838034868240356,0.3883599042892456,0.0006692386814393103,-5.440680524770869e-06
47.55,0.03765737637877464,-7.518043275922537e-06,4.597741565248725e-07,0.38851335644721985,0.3884950280189514,0.0006711877649649978,-3.944528361898847e-05
47.56666666666666,0.03767038881778717,-7.481372449547052e-06,-6.913264769536909e-07,0.3886469304561615,0.3886277377605438,0.0006732544861733913,-3.133278005407192e-05
47.583333333333336,0.03768356144428253,-7.507333066314459e-06,6.28732152563316e-07,0.38878101110458374,0.38876211643218994,0.0006721414974890649,-4.557807642413536e-06
47.6,0.037696633487939835,-7.593655027449131e-06,8.216968012675352e-07,0.3889152705669403,0.38889604806900024,0.0006708497530780733,-3.2934061891864985e-05
47.61666666666667,0.03770970180630684,-7.491209544241428e-06,-6.711402420478407e-07,0.3890480399131775,0.38902899622917175,0.0006722842226736248,-2.9112183256074786e-05
47.63333333333333,0.03772279620170593,-7.647322490811348e-06,1.0018903822128777e-06,0.38918235898017883,0.3891630470752716,0.000667750253342092,-9.367299935547635e-05
47.65,0.037735819816589355,-7.539929356426001e-06,-9.815937573876e-07,0.3893161416053772,0.38929492235183716,0.0006705712876282632,4.964400068274699e-05
47.666666666666664,0.03774885833263397,-7.496622856706381e-06,-5.559400051424745e-07,0.3894480764865875,0.3894277513027191,0.0006717662909068167,-3.0819650419289246e-05
47.68333333333333,0.037761908024549484,-7.541675586253405e-06,4.963299602422921e-07,0.3895816206932068,0.38956257700920105,0.0006676212651655078,-7.783306500641629e-05
47.7,0.03777500241994858,-7.634691428393126e-06,3.7605093439196935e-07,0.3897155523300171,0.3896948993206024,0.0006684992695227265,5.634827630274231e-06
47.71666666666667,0.0377880334854126,-7.54563370719552e-06,-7.160190307331504e-07,0.3898482620716095,0.3898276686668396,0.0006704354309476912,-1.8570492102298886e-05
47.733333333333334,0.03780103474855423,-7.5158895924687386e-06,-7.140303068808862e-07,0.3899807631969452,0.3899616599082947,0.0006709152949042618,-4.909708877676167e-06
47.75,0.03781423345208168,-7.540395017713308e-06,5.792108481728064e-07,0.3901141285896301,0.39009585976600647,0.0006721770041622221,-2.804793621180579e-05
47.766666666666666,0.037827253341674805,-7.571245077997446e-06,-7.274788913491648e-07,0.39024877548217773,0.3902280032634735,0.0006729355663992465,-9.642456461733673e-06
47.78333333333333,0.03784044086933136,-7.617229130119085e-06,2.839948081145849e-07,0.3903820812702179,0.39036354422569275,0.0006735822535119951,-5.448705269373022e-05
47.8,0.03785349428653717,-7.502036169171333e-06,-7.767443435113819e-07,0.3905162215232849,0.39049696922302246,0.0006742042023688555,1.8793165509123355e-05
47.81666666666666,0.03786659613251686,-7.576250936836004e-06,2.0906342967919045e-07,0.3906509280204773,0.3906306326389313,0.0006730336463078856,2.4707793272682466e-05
47.833333333333336,0.03787969425320625,-7.594237104058266e-06,-9.490744901086146e-07,0.39078429341316223,0.39076319336891174,0.0006743523408658803,4.015929516754113e-05
47.85,0.03789279982447624,-7.576949428766966e-06,5.807144702885125e-07,0.39091700315475464,0.39089709520339966,0.0006701990496367216,-3.3524404443596723e-06
47.86666666666667,0.037905797362327576,-7.505703251808882e-06,-6.519096586998785e-07,0.39104974269866943,0.39103013277053833,0.0006723100086674094,-1.7474738342571072e-05
47.88333333333333,0.03791895881295204,-7.539871148765087e-06,4.448871209206118e-07,0.3911842107772827,0.39116400480270386,0.000672271242365241,3.6302539228927344e-05
47.9,0.037931930273771286,-7.492664735764265e-06,-1.2353299325695843e-06,0.3913186192512512,0.3912965953350067,0.0006737503572367132,2.628013135108631e-05
47.916666666666664,0.03794512152671814,-7.560243830084801e-06,8.882208817340143e-07,0.3914509415626526,0.39143216609954834,0.0006702167447656393,-8.360044012079015e-05
47.93333333333333,0.03795818239450455,-7.526075933128595e-06,-7.197489821919589e-07,0.3915848135948181,0.39156436920166016,0.0006739618256688118,1.5075227565830573e-05
47.95,0.03797132894396782,-7.478927727788687e-06,3.372764467712841e-07,0.3917182981967926,0.3916988670825958,0.0006717388168908656,-1.6292369764414616e-05
47.96666666666667,0.03798437491059303,-7.538474164903164e-06,2.215606400568504e-07,0.39185211062431335,0.3918313682079315,0.0006689147558063269,2.4522962121409364e-05
47.983333333333334,0.03799741715192795,-7.524329703301191e-06,-2.503318974333979e-08,0.3919863998889923,0.3919660747051239,0.0006742395926266909,1.968435935850721e-05
48.0,0.0380106046795845,-7.53521453589201e-06,6.960622158658225e-07,0.39211952686309814,0.39210110902786255,0.0006720125093124807,-3.709859083755873e-05
48.016666666666666,0.03802375867962837,-7.592025212943554e-06,-1.2815432626211987e-07,0.3922545313835144,0.39223504066467285,0.00067485636100173,8.235880159190856e-06
48.03333333333333,0.03803684562444687,-7.5158895924687386e-06,-8.873661840880231e-07,0.39238831400871277,0.392368882894516,0.0006735570495948195,-4.4134667405160144e-05
48.05,0.03805002570152283,-7.570313755422831e-06,4.4144738353679713e-07,0.3925224840641022,0.3925020396709442,0.0006730064051225781,3.1677795959694777e-06
48.06666666666666,0.03806309401988983,-7.560534868389368e-06,-9.676649597167852e-07,0.39265677332878113,0.3926354646682739,0.000673541915602982,2.8508115065051243e-05
48.083333333333336,0.0380762442946434,-7.577589713037014e-06,6.843412734269805e-07,0.39279013872146606,0.3927699327468872,0.000673015951178968,2.3476211936213076e-05
48.1,0.038089267909526825,-7.510941941291094e-06,-7.20948378329922e-07,0.39292365312576294,0.39290401339530945,0.0006729342276230454,-1.9317969417897984e-05
48.11666666666667,0.0381024032831192,-7.570488378405571e-06,5.940170808571565e-07,0.39305758476257324,0.39303824305534363,0.0006704577244818211,-3.4670113109314116e-06
48.13333333333333,0.03811543062329292,-7.50215258449316e-06,-5.838389256496157e-07,0.3931901752948761,0.3931708335876465,0.000673202273901552,4.162107416050276e-06
48.15,0.038128457963466644,-7.480441126972437e-06,-4.909379072159936e-07,0.3933236002922058,0.3933042287826538,0.0006694160401821136,-2.8684558856184594e-05
48.166666666666664,0.03814152255654335,-7.64935975894332e-06,1.0731333759395056e-06,0.393457293510437,0.3934384882450104,0.0006656775367446244,-0.00012042115849908441
48.18333333333333,0.03815454617142677,-7.563678082078695e-06,-7.257308993757761e-07,0.3935907185077667,0.3935700058937073,0.0006687339046038687,3.645612741820514e-05
48.2,0.038167551159858704,-7.5320713222026825e-06,-5.384644055084209e-07,0.39372313022613525,0.39370280504226685,0.0006697557400912046,5.5969276218093e-06
48.21666666666667,0.03818070888519287,-7.590744644403458e-06,-2.2870766613891647e-08,0.3938569724559784,0.3938364088535309,0.0006719949305988848,5.633082764688879e-06
48.233333333333334,0.038193706423044205,-7.519847713410854e-06,-7.736582006145909e-07,0.39398953318595886,0.3939700424671173,0.0006722522666677833,-2.9607881515403278e-05
48.25,0.03820685297250748,-7.585447747260332e-06,-5.036156380811008e-08,0.3941240906715393,0.3941035866737366,0.0006722579710185528,5.372975010686787e-06
48.266666666666666,0.038219865411520004,-7.503083907067776e-06,-8.391691608267138e-07,0.39425718784332275,0.39423710107803345,0.0006728220032528043,-1.4352462130773347e-05
48.28333333333333,0.03823303431272507,-7.58742680773139e-06,9.937443792296108e-07,0.39439019560813904,0.3943725526332855,0.0006698847282677889,-7.075152097968385e-05
48.3,0.0382460318505764,-7.518799975514412e-06,-8.309060035571747e-07,0.39452439546585083,0.3945045471191406,0.0006706982385367155,-2.6294199415133335e-05
48.31666666666666,0.03825914114713669,-7.6161231845617294e-06,5.468452286550018e-07,0.3946581780910492,0.3946377635002136,0.0006692836759611964,-1.649999467190355e-05
48.333333333333336,0.0382721871137619,-7.583410479128361e-06,-4.087006288955308e-07,0.3947904407978058,0.3947712779045105,0.0006700160447508097,-4.91737482661847e-05
48.35,0.03828524425625801,-7.534981705248356e-06,-4.0485187469130324e-07,0.39492353796958923,0.39490383863449097,0.0006722494727000594,-2.2555845134775154e-05
48.36666666666667,0.038298241794109344,-7.5498828664422035e-06,4.0499369902136095e-07,0.3950572907924652,0.3950364887714386,0.0006691656308248639,-7.509312581532868e-06
48.38333333333333,0.038311317563056946,-7.555645424872637e-06,2.662391125340946e-07,0.39519086480140686,0.395170122385025,0.0006686670240014791,2.054917422356084e-05
48.4,0.038324207067489624,-7.555005140602589e-06,-5.125293114360829e-07,0.3953239619731903,0.39530155062675476,0.000667551823426038,3.089767415076494e-05
48.416666666666664,0.03833731263875961,-7.563154213130474e-06,3.1218576168612344e-07,0.3954569697380066,0.3954348564147949,0.0006684817490167916,2.167223829019349e-05
48.43333333333333,0.03835030272603035,-7.5747957453131676e-06,2.981428792736551e-07,0.3955886662006378,0.395568311214447,0.000665332016069442,3.2802956411615014e-05
48.45,0.038363244384527206,-7.513153832405806e-06,-8.302014862238138e-07,0.39572083950042725,0.39570093154907227,0.0006661675870418549,6.418395059881732e-06
48.46666666666667,0.038376230746507645,-7.548718713223934e-06,-2.9929543643447687e-07,0.3958527445793152,0.3958333134651184,0.0006689088768325746,-2.9247257771203294e-05
48.483333333333334,0.03838922083377838,-7.571943569928408e-06,-2.8191175260872114e-07,0.39598602056503296,0.3959670960903168,0.0006692358874715865,-2.540564128139522e-05
48.5,0.038402266800403595,-7.549242582172155e-06,7.947740243707813e-08,0.3961200416088104,0.39609962701797485,0.0006722577381879091,4.193260974716395e-05
48.516666666666666,0.03841536119580269,-7.532304152846336e-06,-4.966523761140706e-07,0.3962525725364685,0.39623287320137024,0.0006721211830154061,-4.7233123041223735e-05
48.53333333333333,0.038428522646427155,-7.592258043587208e-06,1.1439103673183126e-06,0.39638552069664,0.3963680565357208,0.0006667259149253368,-0.0001538061333121732
48.55,0.03844144940376282,-7.482769433408976e-06,-7.874346579228586e-07,0.3965195119380951,0.39650052785873413,0.0006693150498904288,-3.632075822679326e-05
48.56666666666666,0.038454584777355194,-7.525028195232153e-06,2.5971743866648467e-07,0.39665332436561584,0.39663273096084595,0.0006713003385812044,3.29410977428779e-05
48.583333333333336,0.038467660546302795,-7.540802471339703e-06,8.099930255411891e-07,0.3967862129211426,0.3967673182487488,0.0006696913624182343,2.3702361886535073e-06
48.6,0.038480669260025024,-7.5330608524382114e-06,-7.950834515213501e-07,0.3969199061393738,0.39689961075782776,0.000671898655127734,-1.4363899026648141e-05
48.61666666666667,0.03849383816123009,-7.584516424685717e-06,8.866392136042123e-07,0.3970528542995453,0.39703384041786194,0.0006710969028063118,-1.3652689631271642e-05
48.63333333333333,0.03850685805082321,-7.462047506123781e-06,-8.522806069777289e-07,0.3971870243549347,0.3971671462059021,0.0006731447065249085,1.883574077510275e-05
48.65,0.0385199636220932,-7.593072950839996e-06,1.914736884600643e-07,0.397322416305542,0.3972996175289154,0.0006731982575729489,5.353664528229274e-05
48.666666666666664,0.03853312134742737,-7.527880370616913e-06,1.3790054254059214e-07,0.39745527505874634,0.39743444323539734,0.000672987662255764,5.4978925618343055e-05
48.68333333333333,0.03854614868760109,-7.564667612314224e-06,-6.400813390428084e-07,0.39758849143981934,0.39756789803504944,0.0006725178100168705,-1.4443149666476529e-05
48.7,0.03855924680829048,-7.588532753288746e-06,7.827546966154841e-08,0.39772313833236694,0.3977016508579254,0.0006728607113473117,6.682138337055221e-05
48.71666666666667,0.038572318851947784,-7.565482519567013e-06,-5.844855195391574e-07,0.3978554606437683,0.39783525466918945,0.0006718345102854073,-1.1104093573521823e-05
48.733333333333334,0.03858546167612076,-7.530790753662586e-06,7.190456585703942e-07,0.3979889750480652,0.39796963334083557,0.0006714882329106331,1.8365994037594646e-05
48.75,0.03859845921397209,-7.526774425059557e-06,-7.57923203309474e-07,0.39812299609184265,0.39810243248939514,0.0006719455122947693,7.066338184813503e-06
48.766666666666666,0.03861159086227417,-7.54243228584528e-06,3.1482397844229126e-07,0.3982568085193634,0.398236483335495,0.00067160400794819,3.951089456677437e-05
48.78333333333333,0.03862470015883446,-7.55133805796504e-06,2.525443676404393e-07,0.3983900845050812,0.39837002754211426,0.0006710468442179263,1.7746589946909808e-05
48.8,0.03863769397139549,-7.524620741605759e-06,6.108858485731616e-08,0.3985233008861542,0.39850273728370667,0.0006689226138405502,1.39038793349755e-05
48.81666666666666,0.03865068033337593,-7.496739272028208e-06,-5.258173700894986e-07,0.3986557126045227,0.39863529801368713,0.0006671243463642895,-6.052441676729359e-06
48.833333333333336,0.038663722574710846,-7.585855200886726e-06,8.866927032613603e-07,0.3987877666950226,0.39876899123191833,0.0006662905216217041,-4.8889050958678126e-05
48.85,0.038676731288433075,-7.526541594415903e-06,3.82456484260274e-08,0.39892223477363586,0.3989025056362152,0.0006691336748190224,3.243558239773847e-05
48.86666666666667,0.03868977352976799,-7.557449862360954e-06,-6.366755656017631e-07,0.39905524253845215,0.39903488755226135,0.0006704528932459652,9.875473551801406e-06
48.88333333333333,0.03870289772748947,-7.611175533384085e-06,2.1890190282647382e-07,0.39918798208236694,0.39916908740997314,0.0006719832890667021,-1.0229270628769882e-05
48.9,0.03871593996882439,-7.521535735577345e-06,-8.044290211728367e-07,0.39932212233543396,0.3993014097213745,0.0006735873175784945,1.3473474609781988e-05
48.916666666666664,0.03872910887002945,-7.506867405027151e-06,2.526660694002203e-07,0.3994562029838562,0.39943692088127136,0.000673340808134526,-9.68687982094707e-06
48.93333333333333,0.038742177188396454,-7.522641681134701e-06,-7.584977765873191e-07,0.3995901644229889,0.3995695114135742,0.0006750778411515057,2.748082442849409e-05
48.95,0.03875534236431122,-7.561990059912205e-06,3.8258895074250177e-07,0.3997233211994171,0.3997046947479248,0.00067239033523947,-1.0175764145969879e-05
48.96666666666667,0.038768380880355835,-7.567403372377157e-06,-4.0030221271081246e-07,0.3998570740222931,0.3998376727104187,0.0006723006954416633,-4.8637397412676364e-05
48.983333333333334,0.03878149390220642,-7.563503459095955e-06,-4.966609026268998e-07,0.3999912440776825,0.39997097849845886,0.0006723014521412551,-2.531967948016245e-05
49.0,0.0387946180999279,-7.598253432661295e-06,-2.728330343870766e-07,0.4001254439353943,0.4001050591468811,0.0006737958756275475,4.259659181116149e-05
49.016666666666666,0.0388077050447464,-7.523049134761095e-06,-3.6049004847882316e-07,0.4002584218978882,0.4002387225627899,0.0006743764970451593,-7.703328265051823e-06
49.03333333333333,0.0388207882642746,-7.51070911064744e-06,-4.602400451858557e-07,0.4003925025463104,0.40037286281585693,0.0006731617031618953,-1.216519194713328e-05
49.05,0.038833871483802795,-7.502385415136814e-06,-4.916325337944727e-07,0.40052592754364014,0.40050584077835083,0.0006737166550010443,-5.367263838707004e-06
49.06666666666666,0.03884695842862129,-7.575959898531437e-06,-2.866434840598231e-07,0.40065908432006836,0.40063992142677307,0.0006728240987285972,-2.9512371838791296e-05
49.083333333333336,0.03886003419756889,-7.544469553977251e-06,-2.676058841188933e-07,0.40079253911972046,0.40077316761016846,0.0006731789908371866,-2.9835970053682104e-05
49.1,0.03887312486767769,-7.549766451120377e-06,5.792787760583451e-07,0.40092694759368896,0.4009079039096832,0.0006687322747893631,-9.480747394263744e-05
49.11666666666667,0.0388861820101738,-7.512688171118498e-06,-1.0074817282657023e-06,0.40106019377708435,0.4010401964187622,0.0006724576815031469,1.6512221918674186e-05
49.13333333333333,0.038899313658475876,-7.5533753260970116e-06,4.268279951702425e-07,0.4011935293674469,0.401175320148468,0.0006720204837620258,-6.022403613314964e-05
49.15,0.038912370800971985,-7.523340173065662e-06,-5.464823402689944e-07,0.40132763981819153,0.4013078510761261,0.0006736161303706467,-2.1625470253638923e-05
49.166666666666664,0.038925494998693466,-7.495516911149025e-06,1.6989561402169784e-07,0.4014623761177063,0.40144187211990356,0.0006735280039720237,4.4655997044174e-05
49.18333333333333,0.03893863409757614,-7.58003443479538e-06,4.341850683431403e-07,0.40159687399864197,0.4015757441520691,0.000673237896990031,6.708154251100495e-05
49.2,0.038951702415943146,-7.555645424872637e-06,-3.6036161077390716e-07,0.40172895789146423,0.40170949697494507,0.0006739221862517297,-1.6765945474617183e-05
49.21666666666667,0.038964904844760895,-7.570895832031965e-06,2.1274605899179733e-07,0.40186408162117004,0.4018436074256897,0.0006759027019143105,1.724839603411965e-05
49.233333333333334,0.038978032767772675,-7.571361493319273e-06,1.4806438741743477e-07,0.4019988775253296,0.4019787907600403,0.0006761650438420475,8.638978215458337e-06
49.25,0.03899117186665535,-7.584167178720236e-06,2.1908142855409096e-07,0.40213286876678467,0.40211135149002075,0.0006733143236488104,4.37286653323099e-05
49.266666666666666,0.039004214107990265,-7.510127034038305e-06,-5.886275289412879e-07,0.4022660255432129,0.4022457003593445,0.0006725371931679547,-1.6987321941996925e-05
49.28333333333333,0.03901723772287369,-7.51222250983119e-06,-2.825308342835342e-07,0.40239831805229187,0.4023788571357727,0.0006702343234792352,-2.0463827240746468e-05
49.3,0.039030347019433975,-7.5480202212929726e-06,4.28914205485853e-07,0.4025326669216156,0.40251290798187256,0.0006694893236272037,1.9546361727407202e-05
49.31666666666666,0.03904339298605919,-7.521535735577345e-06,-6.319233420981618e-07,0.40266579389572144,0.40264609456062317,0.0006711159367114305,2.000245513045229e-05
49.333333333333336,0.03905642777681351,-7.536611519753933e-06,-7.69715654769243e-07,0.4027997851371765,0.40277841687202454,0.0006721809040755033,3.702772664837539e-05
49.35,0.03906957432627678,-7.586204446852207e-06,-5.4468088706016715e-08,0.4029332995414734,0.40291333198547363,0.000673506292514503,3.170013951603323e-05
49.36666666666667,0.039082638919353485,-7.539812941104174e-06,-6.341527409858827e-07,0.40306633710861206,0.40304651856422424,0.0006744310958310962,9.45529609452933e-06
49.38333333333333,0.03909573331475258,-7.551105227321386e-06,-4.194878613361652e-07,0.40320053696632385,0.40318048000335693,0.0006733921472914517,-9.73907663137652e-06
49.4,0.03910892456769943,-7.4792769737541676e-06,2.7159100568496797e-07,0.40333399176597595,0.403315007686615,0.0006748929154127836,-2.514918196538929e-05
49.416666666666664,0.03912201523780823,-7.563852705061436e-06,4.877908281741838e-07,0.4034692645072937,0.40344858169555664,0.0006730133318342268,7.493876182707027e-06
49.43333333333333,0.039135199040174484,-7.572467438876629e-06,-5.3728967941424344e-08,0.4036029577255249,0.4035836160182953,0.0006729320739395916,-1.410113964084303e-05
49.45,0.0391482412815094,-7.565424311906099e-06,-9.603367345789593e-08,0.4037356972694397,0.40371742844581604,0.0006740447715856135,-7.794267730787396e-06
49.46666666666667,0.039161331951618195,-7.529743015766144e-06,-1.3650763719397219e-07,0.40386953949928284,0.4038514494895935,0.000672446854878217,-5.1449485908960924e-05
49.483333333333334,0.03917437791824341,-7.530732546001673e-06,-7.498562126784236e-07,0.40400388836860657,0.4039839506149292,0.0006739136879332364,3.7015724956290796e-05
49.5,0.03918754681944847,-7.556285709142685e-06,5.374153602133447e-07,0.40413814783096313,0.40411752462387085,0.0006726612919010222,1.1784507478296291e-05
49.516666666666666,0.03920062258839607,-7.537484634667635e-06,-4.147521224240336e-07,0.40427127480506897,0.4042522609233856,0.0006719020311720669,-2.3729917302262038e-05
49.53333333333333,0.03921369090676308,-7.5294519774615765e-06,-2.1220769497176661e-07,0.40440458059310913,0.40438583493232727,0.0006718699005432427,-3.6792476748814806e-05
49.55,0.03922677040100098,-7.517635822296143e-06,-4.6339383175109106e-07,0.40453827381134033,0.4045182168483734,0.0006730187451466918,-2.0203402527840808e-05
49.56666666666666,0.03923983871936798,-7.511698640882969e-06,-4.630448415809951e-07,0.4046717584133148,0.4046522080898285,0.0006731969187967479,-1.5947438441799022e-05
49.583333333333336,0.039252910763025284,-7.55989458411932e-06,-1.0815423365784227e-06,0.40480664372444153,0.40478426218032837,0.0006752722547389567,1.7420024960301816e-05
49.6,0.03926607593894005,-7.5802672654390335e-06,8.279441772174323e-07,0.40493935346603394,0.40491983294487,0.0006740722456015646,-1.431059359902065e-07
49.61666666666667,0.03927914798259735,-7.528928108513355e-06,-4.3358639345569827e-07,0.40507325530052185,0.405053973197937,0.000674608803819865,-6.668970854661893e-06
49.63333333333333,0.039292220026254654,-7.504073437303305e-06,1.2090603718206694e-07,0.40520668029785156,0.40518704056739807,0.0006704420666210353,-9.485332157055382e-06
49.65,0.03930529206991196,-7.592898327857256e-06,6.158891778795805e-07,0.4053403437137604,0.4053207337856293,0.0006701269885525107,-1.796531432773918e-05
49.666666666666664,0.03931834548711777,-7.603841368108988e-06,5.747694444835361e-07,0.4054734408855438,0.4054535925388336,0.0006676838384009898,-1.873960172815714e-05
49.68333333333333,0.03933132067322731,-7.516064215451479e-06,-4.217438913656224e-07,0.40560609102249146,0.4055871069431305,0.0006691761664114892,-1.9774275642703287e-05
49.7,0.03934440761804581,-7.4972049333155155e-06,5.829851374983264e-07,0.4057392477989197,0.40572017431259155,0.0006687749410048127,5.937760761298705e-06
49.71666666666667,0.03935752063989639,-7.539405487477779e-06,-3.5371510165305153e-09,0.4058735966682434,0.4058542549610138,0.0006712977192364633,4.345907655078918e-06
49.733333333333334,0.03937055170536041,-7.527123671025038e-06,-3.5411869703239063e-07,0.40600699186325073,0.4059875011444092,0.0006718764780089259,2.1849540644325316e-05
49.75,0.039383575320243835,-7.555936463177204e-06,-4.751040592054778e-07,0.4061400294303894,0.4061196744441986,0.0006726490100845695,-1.2745748790621292e-05
49.766666666666666,0.03939669579267502,-7.504480890929699e-06,2.676441290816456e-08,0.40627405047416687,0.4062539339065552,0.0006722802063450217,1.5377565432572737e-05
49.78333333333333,0.039409831166267395,-7.5678108260035515e-06,7.92000207638921e-07,0.4064078629016876,0.40638867020606995,0.0006720651872456074,3.908944199793041e-05
49.8,0.0394228920340538,-7.560360245406628e-06,-5.1857831806501054e-08,0.4065397381782532,0.40652236342430115,0.0006732252077199519,9.143077477347106e-06
49.81666666666666,0.03943620249629021,-7.524329703301191e-06,6.815593565079325e-07,0.4066750109195709,0.4066583514213562,0.0006832130020484328,3.225439286325127e-05
49.833333333333336,0.03944965824484825,-7.478636689484119e-06,7.03558271197835e-07,0.4068121314048767,0.4067959189414978,0.000692560919560492,-3.5948139611718943e-06
49.85,0.03946323320269585,-7.497263140976429e-06,9.084158136829501e-07,0.40695056319236755,0.4069344997406006,0.0006987315136939287,-2.2007550796843134e-05
49.86666666666667,0.039476919919252396,-7.550697773694992e-06,1.2553359738376457e-06,0.4070897698402405,0.4070742428302765,0.0007041977951303124,-1.3366828170546796e-05
49.88333333333333,0.03949061781167984,-7.643306162208319e-06,1.2188429536763579e-06,0.4072306156158447,0.4072134494781494,0.0007061826763674617,2.7025735107599758e-06
49.9,0.03950429707765579,-7.59749673306942e-06,1.6561767779421643e-06,0.4073701798915863,0.40735194087028503,0.0006976771401241422,0.00015393031935673207
49.916666666666664,0.03951777517795563,-7.589696906507015e-06,3.000817017095869e-08,0.4075072109699249,0.40749111771583557,0.0006951285758987069,7.608154646732146e-06
49.93333333333333,0.039531413465738297,-7.627648301422596e-06,1.3490166566043627e-06,0.4076463282108307,0.40762966871261597,0.0006997360615059733,4.461971911950968e-06
49.95,0.03954501450061798,-7.496855687350035e-06,6.672607355540094e-07,0.407786101102829,0.4077691435813904,0.0007050029817037284,-1.0585865311441012e-05
49.96666666666667,0.03955882787704468,-7.607799489051104e-06,1.3141549288775423e-06,0.4079258143901825,0.40790966153144836,0.0007046838290989399,-8.365482790395617e-05
49.983333333333334,0.03957245871424675,-7.558264769613743e-06,9.51802689996839e-07,0.408065527677536,0.4080486595630646,0.0007057280745357275,-7.215140158223221e-06
50.0,0.039586253464221954,-7.527356501668692e-06,6.511223205052374e-07,0.4082067012786865,0.4081895649433136,0.0007093945168890059,2.3662825697101653e-05
50.016666666666666,0.039600081741809845,-7.51070911064744e-06,8.483933129355137e-07,0.408347487449646,0.4083305895328522,0.0007114842883311212,2.809545367199462e-05
50.03333333333333,0.03961396589875221,-7.491151336580515e-06,7.691976975365833e-07,0.40848907828330994,0.40847247838974,0.0007141184178180993,2.685120125534013e-05
50.05,0.03962787613272667,-7.566297426819801e-06,8.696550253262103e-07,0.408630907535553,0.40861448645591736,0.0007160073728300631,-1.585860263730865e-05
50.06666666666666,0.03964179754257202,-7.528637070208788e-06,1.0218525403615786e-06,0.4087730348110199,0.40875744819641113,0.0007163746631704271,-2.071807648462709e-05
50.083333333333336,0.03965559974312782,-7.664202712476254e-06,1.8424631207381026e-06,0.4089139997959137,0.40889671444892883,0.0007061052601784468,4.0430160879623145e-05
50.1,0.03966919332742691,-7.58172245696187e-06,1.9583869459438574e-07,0.40905216336250305,0.4090357720851898,0.0007004151702858508,-1.4324640687846113e-05
50.11666666666667,0.03968273848295212,-7.678521797060966e-06,1.946906422745087e-06,0.4091908633708954,0.40917453169822693,0.0006932474207133055,-6.55699886920047e-06
50.13333333333333,0.03969608247280121,-7.539638318121433e-06,5.738586494885567e-08,0.4093266725540161,0.40931031107902527,0.0006903928588144481,4.4672317017102614e-05
50.15,0.03970956802368164,-7.671129424124956e-06,1.6068081549747149e-06,0.409464955329895,0.4094468653202057,0.0006860741414129734,0.00011947681923629716
50.166666666666664,0.03972283750772476,-7.579685188829899e-06,-2.2097941609899863e-07,0.4096005856990814,0.40958264470100403,0.000686183397192508,9.859914825938176e-06
50.18333333333333,0.03973636031150818,-7.580325473099947e-06,1.1779316082538571e-06,0.40973812341690063,0.4097202718257904,0.0006925740162841976,6.795678200433031e-05
50.2,0.03974998742341995,-7.5695570558309555e-06,8.610228974248457e-07,0.4098772704601288,0.4098595380783081,0.000699859403539449,1.3925595339969732e-05
50.21666666666667,0.039763644337654114,-7.528869900852442e-06,9.72091470430314e-07,0.41001635789871216,0.40999963879585266,0.0007051034481264651,2.111507455992978e-05
50.233333333333334,0.03977745771408081,-7.539812941104174e-06,8.765682650846429e-07,0.41015732288360596,0.4101400077342987,0.0007091530715115368,1.3492084690369666e-05
50.25,0.039791323244571686,-7.566704880446196e-06,1.1930337677767966e-06,0.41029903292655945,0.410282164812088,0.0007121196249499917,1.3156722161511425e-05
50.266666666666666,0.03980515897274017,-7.551279850304127e-06,1.1654652780634933e-06,0.4104400873184204,0.41042381525039673,0.0007138525834307075,-2.546946780057624e-05
50.28333333333333,0.039818912744522095,-7.638183888047934e-06,1.653348022045975e-06,0.41058117151260376,0.4105626344680786,0.0007038323092274368,3.236693737562746e-05
50.3,0.0398324690759182,-7.577764336019754e-06,3.729292075149715e-08,0.41071850061416626,0.4107016324996948,0.0006986993830651045,4.3894193368032575e-05
50.31666666666666,0.03984615579247475,-7.582828402519226e-06,1.0351621995141613e-06,0.4108586609363556,0.41084131598472595,0.0007025413797236979,4.2978495912393555e-05
50.333333333333336,0.03985976427793503,-7.657974492758512e-06,7.276932478816889e-07,0.4109983742237091,0.4109811782836914,0.0007002170896157622,2.0862053133896552e-05
50.35,0.03987335413694382,-7.728463970124722e-06,2.1759608443971956e-06,0.41113588213920593,0.4111201763153076,0.0006923415930941701,-8.819437789497897e-05
50.36666666666667,0.039886750280857086,-7.5864954851567745e-06,1.27936914395832e-07,0.41127222776412964,0.4112565517425537,0.0006898450665175915,-1.0289662895957008e-05
50.38333333333333,0.03990018367767334,-7.649417966604233e-06,1.8682372910916456e-06,0.41140925884246826,0.4113929271697998,0.0006853542872704566,-2.5883256967063062e-05
50.4,0.03991343453526497,-7.5480202212929726e-06,7.4469319599757e-08,0.41154471039772034,0.4115281403064728,0.0006843539886176586,5.36891366209602e-06
50.416666666666664,0.039926767349243164,-7.704307790845633e-06,1.7757786281435983e-06,0.4116808772087097,0.4116642475128174,0.0006814366788603365,6.0292339185252786e-05
50.43333333333333,0.0399400070309639,-7.60622788220644e-06,1.4127395786545094e-07,0.41181591153144836,0.4117995500564575,0.0006811692146584392,-3.915382694685832e-05
50.45,0.039953313767910004,-7.658323738723993e-06,1.0582605227682507e-06,0.41195210814476013,0.4119361639022827,0.0006843150476925075,1.8816028386936523e-05
50.46666666666667,0.039966609328985214,-7.607508450746536e-06,1.081075879483251e-06,0.41208747029304504,0.4120709300041199,0.0006786180310882628,6.268314791668672e-06
50.483333333333334,0.03997976705431938,-7.598020602017641e-06,1.7765553650406218e-07,0.41222161054611206,0.41220515966415405,0.000678964308463037,-3.020363328687381e-05
50.5,0.039992935955524445,-7.593771442770958e-06,1.3130149909557076e-06,0.4123556315898895,0.41233953833580017,0.0006748079904355109,2.9182005164329894e-05
50.516666666666666,0.040006205439567566,-7.679569534957409e-06,1.3632188711198978e-06,0.41249045729637146,0.4124743342399597,0.0006771971238777041,-2.7306072297506034e-05
50.53333333333333,0.04001929983496666,-7.562688551843166e-06,1.775574816065273e-07,0.41262444853782654,0.41260793805122375,0.0006777385133318603,7.073667802615091e-05
50.55,0.04003274440765381,-7.659662514925003e-06,1.2267051943126717e-06,0.4127621650695801,0.41274377703666687,0.0006872334633953869,4.494587847148068e-05
50.56666666666666,0.040046099573373795,-7.5369025580585e-06,9.698261465018732e-07,0.4128984212875366,0.4128825068473816,0.0006920929881744087,4.6150098569341935e-06
50.583333333333336,0.040059685707092285,-7.641385309398174e-06,1.42546105053043e-06,0.4130367934703827,0.4130207300186157,0.0006949077360332012,-0.00010726446635089815
50.6,0.04007326066493988,-7.601222023367882e-06,8.931964998737385e-07,0.41317614912986755,0.41315868496894836,0.0006995922885835171,-1.917306326504331e-05
50.61666666666667,0.04008691757917404,-7.693422958254814e-06,8.641490012450959e-07,0.4133148789405823,0.413298636674881,0.0006982674240134656,-2.4426894015050493e-05
50.63333333333333,0.04010032117366791,-7.581664249300957e-06,3.0684620355714287e-07,0.41345179080963135,0.413435697555542,0.0006928843795321882,-2.9385211746557616e-05
50.65,0.04011380672454834,-7.645634468644857e-06,2.1593789369944716e-06,0.41358819603919983,0.41357362270355225,0.0006883728783577681,-8.669058843224775e-06
50.666666666666664,0.04012708365917206,-7.576367352157831e-06,-1.5323203683692554e-07,0.4137260317802429,0.413707971572876,0.0006859301938675344,-9.302748367190361e-06
50.68333333333333,0.04014042764902115,-7.58154783397913e-06,1.5655915603929316e-06,0.41386130452156067,0.4138442277908325,0.0006827631732448936,7.880313933128491e-05
50.7,0.040153868496418,-7.619382813572884e-06,1.0945122994598933e-06,0.41399866342544556,0.4139820337295532,0.0006905721966177225,-3.294440102763474e-05
50.71666666666667,0.04016724228858948,-7.659371476620436e-06,1.9752778257497994e-07,0.41413503885269165,0.41411781311035156,0.0006874868995510042,-3.13491873384919e-05
50.733333333333334,0.04018054157495499,-7.648661267012358e-06,1.2040790124956402e-06,0.4142704904079437,0.4142531454563141,0.0006811824860051274,5.5042197345755994e-05
50.75,0.040193818509578705,-7.619906682521105e-06,9.182500093629642e-07,0.41440752148628235,0.4143892228603363,0.0006833768566139042,7.242594438139349e-05
50.766666666666666,0.04020719975233078,-7.696100510656834e-06,1.6945415381997009e-06,0.41454246640205383,0.41452476382255554,0.0006811238126829267,6.538779416587204e-05
50.78333333333333,0.04022045433521271,-7.64854485169053e-06,1.3912175518271397e-06,0.4146774709224701,0.41466251015663147,0.0006802671123296022,-6.342535198200494e-05
50.8,0.04023365303874016,-7.590511813759804e-06,1.6956687431957107e-07,0.41481268405914307,0.4147966206073761,0.0006799822440370917,-4.279322092770599e-05
50.81666666666666,0.040246929973363876,-7.715076208114624e-06,1.7205690028276877e-06,0.41494810581207275,0.41493067145347595,0.000678275479003787,5.424284972832538e-05
50.833333333333336,0.040260106325149536,-7.580441888421774e-06,3.111532578259357e-07,0.41508200764656067,0.4150664210319519,0.0006792090134695172,-4.817698481929256e-06
50.85,0.0402732789516449,-7.63696152716875e-06,1.3100358273732127e-06,0.4152166545391083,0.41520026326179504,0.0006749966414645314,3.4613320167409256e-05
50.86666666666667,0.04028640687465668,-7.567869033664465e-06,-1.9253633354310296e-07,0.41535115242004395,0.4153327941894531,0.0006765961297787726,4.1717335989233106e-05
50.88333333333333,0.04029976204037666,-7.543712854385376e-06,9.978988373404718e-07,0.41548678278923035,0.41547003388404846,0.0006855688989162445,5.123972368892282e-05
50.9,0.04031325504183769,-7.615948561578989e-06,1.4209678056431585e-06,0.41562461853027344,0.4156084358692169,0.0006939988816156983,-4.8145931941689923e-05
50.916666666666664,0.04032689332962036,-7.599417585879564e-06,1.329297788288386e-06,0.41576287150382996,0.4157470166683197,0.000698495889082551,2.832551399478689e-05
50.93333333333333,0.04034043475985527,-7.526134140789509e-06,6.411623871827032e-07,0.41590186953544617,0.4158858060836792,0.0007006606901995838,-7.715256288065575e-06
50.95,0.0403541661798954,-7.566355634480715e-06,8.531247885912308e-07,0.41604316234588623,0.4160257577896118,0.0007051151478663087,4.489039565669373e-05
50.96666666666667,0.04036791995167732,-7.5684511102736e-06,1.1704477174134809e-06,0.41618263721466064,0.4161663353443146,0.0007091299630701542,-3.333361746626906e-05
50.983333333333334,0.04038162901997566,-7.705471944063902e-06,1.6492240320076235e-06,0.4163229465484619,0.4163057506084442,0.0007005955558270216,4.659507249016315e-05
51.0,0.04039511829614639,-7.598719093948603e-06,-8.729496414616733e-08,0.4164608418941498,0.4164436459541321,0.0006962723564356565,2.5159839424304664e-05
51.016666666666666,0.04040863364934921,-7.682305295020342e-06,1.9977583178842906e-06,0.4165971875190735,0.4165814220905304,0.0006912685930728912,3.3764659747248515e-05
51.03333333333333,0.04042201489210129,-7.586437277495861e-06,1.808206064879414e-07,0.4167344570159912,0.41671788692474365,0.00068810855736956,-1.1963014003413264e-05
51.05,0.04043527692556381,-7.6203723438084126e-06,7.851825216675934e-07,0.41687116026878357,0.4168523848056793,0.0006813565851189196,4.7789260861463845e-05
51.06666666666666,0.04044853150844574,-7.587950676679611e-06,3.6484976817519055e-07,0.4170045256614685,0.41698843240737915,0.0006820608396083117,2.0940296963090077e-05
51.083333333333336,0.040461812168359756,-7.670547347515821e-06,1.7359251387460972e-06,0.41714122891426086,0.41712355613708496,0.0006794108194299042,0.00015261078078765422
51.1,0.04047505185008049,-7.571827154606581e-06,-6.86004497651993e-08,0.41727641224861145,0.41725918650627136,0.0006814831867814064,3.208237831131555e-05
51.11666666666667,0.04048852622509003,-7.5463904067873955e-06,9.906971172313206e-07,0.41741281747817993,0.41739633679389954,0.0006897340063005686,1.8799297322402708e-05
51.13333333333333,0.04050203412771225,-7.5428979471325874e-06,9.154241524811368e-07,0.4175514876842499,0.4175345301628113,0.000696999893989414,2.79009640280492e-07
51.15,0.04051566123962402,-7.5569842010736465e-06,8.88878901150747e-07,0.4176894426345825,0.41767418384552,0.0007011557463556528,-1.975854320335202e-05
51.166666666666664,0.04052933678030968,-7.610884495079517e-06,1.1237143553444184e-06,0.41783013939857483,0.41781315207481384,0.000705391401425004,-2.6400184651720338e-05
51.18333333333333,0.040543101727962494,-7.540802471339703e-06,1.3973250361232203e-06,0.4179684519767761,0.4179545044898987,0.0007045730599202216,-0.00012799618707504123
51.2,0.040556877851486206,-7.628346793353558e-06,1.3122743212079513e-06,0.4181106388568878,0.4180935025215149,0.0007090778090059757,3.242301318095997e-05
51.21666666666667,0.04057056084275246,-7.574970368295908e-06,4.776200626110949e-07,0.418251097202301,0.41823408007621765,0.0007053138688206673,4.3924595161115576e-07
51.233333333333334,0.04058424383401871,-7.680035196244717e-06,2.152035676772357e-06,0.41838937997817993,0.41837388277053833,0.0006974952411837876,-3.3896016248036176e-05
51.25,0.04059767350554466,-7.5963325798511505e-06,2.3896541279100347e-07,0.41852715611457825,0.4185107946395874,0.0006925436318852007,-3.14041280944366e-05
51.266666666666666,0.040611110627651215,-7.689523044973612e-06,1.8168682345276466e-06,0.4186646342277527,0.418647438287735,0.0006874146056361496,6.702326936647296e-05
51.28333333333333,0.04062442108988762,-7.5553543865680695e-06,-9.518047683343411e-09,0.4188002347946167,0.41878339648246765,0.000686572166159749,-2.156981463485863e-05
51.3,0.04063794016838074,-7.576600182801485e-06,1.5336952401412418e-06,0.41893714666366577,0.4189220070838928,0.0006943414337001741,-4.809828533325344e-05
51.31666666666666,0.040651291608810425,-7.638998795300722e-06,9.650176480135997e-07,0.41907548904418945,0.41905707120895386,0.0006858434062451124,8.283562783617526e-05
51.333333333333336,0.04066457226872444,-7.5803836807608604e-06,9.70938529576415e-08,0.41920989751815796,0.41919267177581787,0.0006857263506390154,5.462137778522447e-05
51.35,0.040677979588508606,-7.64115247875452e-06,1.808743718356709e-06,0.4193466007709503,0.41932982206344604,0.0006831572391092777,4.837951564695686e-05
51.36666666666667,0.04069124162197113,-7.608090527355671e-06,9.642517397878692e-07,0.41948258876800537,0.41946715116500854,0.0006838908302597702,8.260604772658553e-06
51.38333333333333,0.040704622864723206,-7.67136225476861e-06,1.6838071132951882e-06,0.41961899399757385,0.4196012020111084,0.0006806025048717856,0.00011722400086000562
51.4,0.04071786627173424,-7.584923878312111e-06,2.572760706698318e-07,0.4197528064250946,0.41973671317100525,0.0006823361036367714,2.340493847441394e-05
51.416666666666664,0.04073129594326019,-7.575377821922302e-06,6.708361297569354e-07,0.4198916256427765,0.419872909784317,0.0006895351107232273,4.192022970528342e-05
51.43333333333333,0.04074481874704361,-7.5902207754552364e-06,1.1375749409126001e-06,0.42002904415130615,0.42001262307167053,0.000697090697940439,-1.5270094081643037e-05
51.449999999999996,0.04075844958424568,-7.540395017713308e-06,1.034664933285967e-06,0.42016831040382385,0.4201516807079315,0.0007026009843684733,1.1759269682443119e-06
51.46666666666667,0.04077223688364029,-7.568974979221821e-06,1.053007395057648e-06,0.42030906677246094,0.42029133439064026,0.0007067222613841295,3.281779936514795e-05
51.483333333333334,0.04078592732548714,-7.665890734642744e-06,1.0099787459694198e-06,0.42044925689697266,0.4204327166080475,0.0007042607176117599,-3.688632568810135e-05
51.5,0.04079947620630264,-7.5830030255019665e-06,9.509119536232902e-07,0.4205864667892456,0.4205700159072876,0.0006941741448827088,2.3254988263943233e-05
51.516666666666666,0.04081311821937561,-7.625261787325144e-06,1.336580453425995e-06,0.4207252860069275,0.42070913314819336,0.0006993280258029699,-8.794485438556876e-06
51.53333333333333,0.04082667455077171,-7.63341085985303e-06,1.0538590231590206e-06,0.42086392641067505,0.4208475649356842,0.0006955392309464514,9.146145316663024e-07
51.55,0.04084007814526558,-7.6052965596318245e-06,4.91903563215601e-07,0.4209999442100525,0.42098507285118103,0.000691895664203912,-2.313466575287748e-05
51.56666666666666,0.04085342586040497,-7.612805347889662e-06,1.4521289131153026e-06,0.4211364984512329,0.4211202561855316,0.0006843067239969969,4.23999190388713e-05
51.583333333333336,0.0408666655421257,-7.578113581985235e-06,1.7662141260643693e-07,0.4212724566459656,0.42125630378723145,0.0006829474004916847,-3.419469794607721e-05
51.6,0.040879908949136734,-7.58154783397913e-06,3.899298803844431e-07,0.421407014131546,0.42139148712158203,0.0006820813869126141,-2.458280505379662e-05
51.61666666666667,0.04089311882853508,-7.700175046920776e-06,1.027860093927302e-06,0.42154282331466675,0.42152464389801025,0.0006766790174879134,1.7145970559795387e-05
51.63333333333333,0.040906429290771484,-7.624912541359663e-06,5.971006089566799e-07,0.4216788113117218,0.4216616451740265,0.0006817160174250603,2.6297709609934827e-06
51.65,0.04091964662075043,-7.603084668517113e-06,2.9168108994781505e-07,0.42181283235549927,0.42179644107818604,0.0006807312020100653,-2.9983340937178582e-05
51.666666666666664,0.04093290865421295,-7.608847226947546e-06,9.406090271113499e-07,0.421949177980423,0.42193159461021423,0.0006812926731072366,1.956287451321259e-05
51.68333333333333,0.04094616323709488,-7.687660399824381e-06,1.5382062201751978e-06,0.4220845103263855,0.422066867351532,0.0006788106984458864,8.374181925319135e-05
51.699999999999996,0.04095936939120293,-7.631664630025625e-06,1.158877012130688e-06,0.42221808433532715,0.42220190167427063,0.0006763265701010823,-1.8073174942401238e-05
51.71666666666667,0.04097249358892441,-7.6016876846551895e-06,9.69549319052021e-07,0.4223526418209076,0.4223347306251526,0.0006717877113260329,0.00013777507410850376
51.733333333333334,0.04098578914999962,-7.628637831658125e-06,1.135439561039675e-06,0.42248809337615967,0.42247018218040466,0.0006837759865447879,3.059531081817113e-05
51.75,0.04099906235933304,-7.583701517432928e-06,7.274837798831868e-07,0.4226231873035431,0.42260628938674927,0.0006831532809883356,5.629541556118056e-05
51.766666666666666,0.04101245477795601,-7.553899195045233e-06,8.126119155349443e-07,0.42275968194007874,0.42274343967437744,0.0006907650385983288,7.431627636833582e-06
51.78333333333333,0.04102596268057823,-7.666007149964571e-06,7.918759479252913e-07,0.4228992462158203,0.422881543636322,0.0006908721406944096,4.7381668991874903e-05
51.8,0.04103940352797508,-7.658323738723993e-06,9.152808502221887e-07,0.42303574085235596,0.42301902174949646,0.0006879183347336948,7.868871762184426e-06
51.81666666666666,0.04105273634195328,-7.5989519245922565e-06,2.1351334567043523e-07,0.4231713116168976,0.42315423488616943,0.0006850058562122285,4.901527427136898e-05
51.833333333333336,0.04106607288122177,-7.67171150073409e-06,1.7005357904054108e-06,0.4233073890209198,0.4232901334762573,0.0006829349440522492,3.7691352190449834e-05
51.85,0.0410793274641037,-7.562688551843166e-06,-1.261595770074564e-07,0.4234432280063629,0.4234256148338318,0.0006823309231549501,8.064367648330517e-06
51.86666666666667,0.041092775762081146,-7.534981705248356e-06,1.1921445093321381e-06,0.42357927560806274,0.42356327176094055,0.000690010201651603,-8.096416422631592e-06
51.88333333333333,0.041106075048446655,-7.6044234447181225e-06,2.2352447004436726e-08,0.42371609807014465,0.42369896173477173,0.0006871798541396856,-1.9851384422509e-05
51.9,0.041119445115327835,-7.70192127674818e-06,2.061841769318562e-06,0.42385178804397583,0.42383575439453125,0.0006841837894171476,-1.9094517483608797e-05
51.916666666666664,0.04113270342350006,-7.495225872844458e-06,2.7707409699928576e-08,0.4239867329597473,0.42397090792655945,0.0006826453609392047,8.497074304614216e-06
51.93333333333333,0.0411459244787693,-7.605471182614565e-06,1.373198415421939e-06,0.4241218566894531,0.42410513758659363,0.0006769357714802027,8.761238132137805e-05
51.949999999999996,0.04115917161107063,-7.61495903134346e-06,8.707538086127897e-07,0.4242587387561798,0.42424264550209045,0.0006826356984674931,2.8760096029145643e-05
51.96666666666667,0.04117250442504883,-7.683935109525919e-06,1.505049681327364e-06,0.4243932068347931,0.4243767559528351,0.0006774672074243426,-1.4628981261921581e-05
51.983333333333334,0.041185587644577026,-7.583643309772015e-06,7.904591114993309e-08,0.42452773451805115,0.42451104521751404,0.0006775287911295891,-2.8231619580765255e-05
52.0,0.04119894281029701,-7.602211553603411e-06,1.2562411484395852e-06,0.4246620833873749,0.42464739084243774,0.0006842878065072,-8.836191409500316e-05
52.016666666666666,0.04121222347021103,-7.686205208301544e-06,1.9337469439051347e-06,0.4247991442680359,0.4247828423976898,0.0006811171770095825,8.336759492522106e-06
52.03333333333333,0.04122544452548027,-7.557449862360954e-06,4.960788757557566e-08,0.42493391036987305,0.4249166250228882,0.0006809115875512362,1.2544612673082156e-06
52.05,0.04123864695429802,-7.619208190590143e-06,1.1682747071972699e-06,0.4250689148902893,0.4250510036945343,0.0006757161463610828,0.00010216868395218626
52.06666666666666,0.041251856833696365,-7.643422577530146e-06,7.769771173116169e-07,0.4252035915851593,0.4251871407032013,0.0006783307762816548,-1.8364966308581643e-05
52.083333333333336,0.0412650890648365,-7.626251317560673e-06,1.818931195884943e-06,0.4253383278846741,0.4253220856189728,0.0006773080094717443,4.3763769497218163e-08
52.1,0.04127821326255798,-7.600174285471439e-06,1.4066924514111179e-08,0.4254724681377411,0.4254549741744995,0.0006779755931347609,3.272126559750177e-05
52.11666666666667,0.041291482746601105,-7.703958544880152e-06,1.992347051782417e-06,0.4256070852279663,0.4255920946598053,0.0006745281280018389,-9.601866622688249e-05
52.13333333333333,0.041304588317871094,-7.5953430496156216e-06,1.5450092405444593e-07,0.42574137449264526,0.42572492361068726,0.000676143157761544,-7.397596164082643e-06
52.15,0.04131767526268959,-7.628928869962692e-06,1.3055616818746785e-06,0.42587530612945557,0.42585840821266174,0.0006718392833136022,6.522295734612271e-05
52.166666666666664,0.04133085533976555,-7.674505468457937e-06,1.8269062138642767e-06,0.42600953578948975,0.42599257826805115,0.0006729196757078171,4.271370198694058e-05
52.18333333333333,0.04134395346045494,-7.640570402145386e-06,2.788362110095477e-07,0.42614322900772095,0.4261265993118286,0.0006749360472895205,-1.947817872860469e-05
52.199999999999996,0.041357096284627914,-7.703027222305536e-06,1.8168154838349437e-06,0.4262780547142029,0.4262610375881195,0.0006736262002959847,1.5823226817701652e-07
52.21666666666667,0.04137018322944641,-7.615773938596249e-06,4.485767988171574e-07,0.4264107346534729,0.4263952970504761,0.0006732059409841895,-4.232458013575524e-05
52.233333333333334,0.0413832813501358,-7.613096386194229e-06,8.257343893092184e-07,0.426545649766922,0.4265264868736267,0.0006701438687741756,8.397216151934117e-05
52.25,0.04139656201004982,-7.524446118623018e-06,6.427732159863808e-07,0.42667949199676514,0.4266635775566101,0.0006812047795392573,-2.6723317205323838e-05
52.266666666666666,0.04140998795628548,-7.598486263304949e-06,1.623678372197901e-06,0.42681601643562317,0.42680075764656067,0.0006904224865138531,-1.7360962374368683e-05
52.28333333333333,0.04142329841852188,-7.579219527542591e-06,2.4617438043605944e-07,0.4269527196884155,0.4269367754459381,0.0006872182711958885,-2.9339846150833182e-05
52.3,0.0414368137717247,-7.526366971433163e-06,8.298680427287763e-07,0.42709046602249146,0.4270736277103424,0.0006929204682819545,5.3496456530410796e-05
52.31666666666666,0.041450385004282,-7.521419320255518e-06,7.585745152027812e-07,0.4272301495075226,0.42721226811408997,0.000699648808222264,3.191981159034185e-05
52.333333333333336,0.041464097797870636,-7.55285145714879e-06,1.3261814046927611e-06,0.42736953496932983,0.4273531436920166,0.0007048912812024355,2.385854531894438e-05
52.35,0.04147770628333092,-7.631373591721058e-06,1.4582537914975546e-06,0.42750799655914307,0.4274919629096985,0.0006981733604334295,5.671151666319929e-05
52.36666666666667,0.04149116948246956,-7.622700650244951e-06,4.283162979845656e-07,0.4276456832885742,0.42762982845306396,0.0006934042903594673,-4.012715726275928e-05
52.38333333333333,0.04150467365980148,-7.5795105658471584e-06,5.773829343524994e-07,0.42778491973876953,0.4277682602405548,0.0006934999255463481,9.118531124840956e-06
52.4,0.041518162935972214,-7.6018040999770164e-06,1.6951788666119683e-06,0.4279211163520813,0.42790573835372925,0.0006868939963169396,-4.692755464930087e-05
52.416666666666664,0.041531454771757126,-7.596681825816631e-06,1.480349567373196e-07,0.42805683612823486,0.4280405640602112,0.0006855448009446263,-2.9337355954339728e-05
52.43333333333333,0.041544776409864426,-7.650523912161589e-06,1.450631998523022e-06,0.4281941056251526,0.4281759560108185,0.0006821212009526789,2.3951866751303896e-05
52.449999999999996,0.04155803471803665,-7.630442269146442e-06,4.2707043235168385e-07,0.42832812666893005,0.42831143736839294,0.0006816972745582461,9.395838787895627e-06
52.46666666666667,0.04157138615846634,-7.586379069834948e-06,1.1418937901908066e-06,0.428464412689209,0.4284467399120331,0.0006859342101961374,-3.868610463086952e-07
52.483333333333334,0.04158481955528259,-7.586902938783169e-06,1.2517064078565454e-06,0.4286019504070282,0.4285851716995239,0.0006946235662326217,-1.4995113815530203e-05
52.5,0.04159833490848541,-7.669790647923946e-06,7.739656098237901e-07,0.4287414848804474,0.42872345447540283,0.0006942361942492425,2.868808041966986e-05
52.516666666666666,0.04161185026168823,-7.655122317373753e-06,9.959727549357922e-07,0.4288780391216278,0.42885902523994446,0.0006860460853204131,0.00011671113315969706
52.53333333333333,0.041625142097473145,-7.652502972632647e-06,2.2667062182790687e-07,0.42901352047920227,0.42899608612060547,0.0006860733265057206,3.4740387491183355e-05
52.55,0.04163851588964462,-7.585855200886726e-06,1.5739923355795327e-06,0.4291495680809021,0.429132878780365,0.0006826980970799923,7.887335232226178e-05
52.56666666666666,0.04165193438529968,-7.5714197009801865e-06,9.690614888313576e-07,0.4292859733104706,0.4292706549167633,0.0006910078227519989,-3.43724423146341e-05
52.583333333333336,0.04166539013385773,-7.659138645976782e-06,9.428529779142991e-07,0.4294249713420868,0.42940816283226013,0.0006916540442034602,-2.607561100376188e-06
52.6,0.041678838431835175,-7.638416718691587e-06,1.2722462088277098e-06,0.4295616149902344,0.42954403162002563,0.000683616497553885,8.503563731210306e-05
52.61666666666667,0.041692063212394714,-7.602386176586151e-06,8.732467904337682e-07,0.42969733476638794,0.4296790063381195,0.0006796846864745021,3.4967215469805524e-05
52.63333333333333,0.041705261915922165,-7.628405001014471e-06,3.6942461179023667e-07,0.42983105778694153,0.42981472611427307,0.0006796488305553794,-2.9184338927734643e-05
52.65,0.04171847924590111,-7.6114083640277386e-06,8.425016631008475e-07,0.4299667775630951,0.42994722723960876,0.0006744363345205784,0.00016210238391067833
52.666666666666664,0.04173160716891289,-7.60052353143692e-06,1.1667956414385117e-06,0.43009987473487854,0.4300825893878937,0.0006734451744705439,6.627185211982578e-05
52.68333333333333,0.04174473136663437,-7.6240976341068745e-06,2.4954090349638136e-07,0.43023404479026794,0.430216908454895,0.0006754525238648057,4.121860911254771e-05
52.699999999999996,0.041757844388484955,-7.634283974766731e-06,1.5758558902234654e-06,0.43036752939224243,0.4303513765335083,0.0006721016834490001,3.682362876133993e-05
52.71666666666667,0.041770897805690765,-7.614551577717066e-06,1.2598934517882299e-06,0.43050068616867065,0.43048420548439026,0.0006694674957543612,7.319674477912486e-05
52.733333333333334,0.041784174740314484,-7.516297046095133e-06,9.650258334659156e-07,0.43063685297966003,0.4306197464466095,0.0006827044417150319,3.448452480370179e-05
52.75,0.04179760813713074,-7.546623237431049e-06,1.1398329888834269e-06,0.4307738244533539,0.4307571351528168,0.0006922580651007593,-9.870062967820559e-06
52.766666666666666,0.04181119054555893,-7.5533753260970116e-06,1.184727921099693e-06,0.43091151118278503,0.43089571595191956,0.0006971196853555739,9.692275853012688e-06
52.78333333333333,0.0418248288333416,-7.562572136521339e-06,1.152621848632407e-06,0.43105170130729675,0.43103471398353577,0.0007023430662229657,1.0596785386951524e-06
52.8,0.04183853417634964,-7.60640250518918e-06,1.053740447787277e-06,0.4311918318271637,0.43117478489875793,0.0007051345892250538,2.377728833380388e-06
52.81666666666666,0.041852016001939774,-7.582828402519226e-06,8.491869039062294e-07,0.43133002519607544,0.4313122034072876,0.0006950208335183561,6.0428999859141186e-05
52.833333333333336,0.04186548292636871,-7.618858944624662e-06,1.6144131222972646e-06,0.43146637082099915,0.4314504861831665,0.0006898267311044037,-2.1271885998430662e-05
52.85,0.041878778487443924,-7.626484148204327e-06,8.156217745636241e-07,0.4316025972366333,0.43158596754074097,0.0006824514712207019,-4.4714270188705996e-05
52.86666666666667,0.04189206659793854,-7.624796126037836e-06,1.9453061668173177e-06,0.43173694610595703,0.4317222833633423,0.0006789523176848888,-8.514873479725793e-05
52.88333333333333,0.04190526902675629,-7.6061696745455265e-06,1.221306007437306e-07,0.4318726360797882,0.4318554103374481,0.0006790529587306082,5.462859189719893e-05
52.9,0.04191865399479866,-7.6106516644358635e-06,1.0004906698668492e-06,0.43200939893722534,0.43199220299720764,0.0006882412126287818,-9.30322494241409e-06
52.916666666666664,0.04193222150206566,-7.5714197009801865e-06,1.2373757272143848e-06,0.4321471154689789,0.4321301579475403,0.0006957274163141847,7.67378878663294e-06
52.93333333333333,0.04194572567939758,-7.6436554081738e-06,1.5532473298662808e-06,0.4322848320007324,0.4322700798511505,0.0006963488413020968,-6.347007729345933e-05
52.949999999999996,0.041959140449762344,-7.563270628452301e-06,1.0585401923890458e-06,0.43242260813713074,0.4324052631855011,0.0006881213048473,8.417786739300936e-05
52.96666666666667,0.04197249561548233,-7.628696039319038e-06,1.0950242312901537e-06,0.43255865573883057,0.43254154920578003,0.000682374055031687,0.00010798971197800711
52.983333333333334,0.041985783725976944,-7.627822924405336e-06,8.884215390025929e-07,0.43269556760787964,0.4326784014701843,0.0006859172135591507,1.3781007510260679e-05
53.0,0.04199918359518051,-7.614900823682547e-06,1.5720684132247698e-06,0.4328312575817108,0.4328150153160095,0.0006826440803706646,-1.241742938873358e-05
53.016666666666666,0.04201241582632065,-7.577415090054274e-06,2.597623804945215e-08,0.43296635150909424,0.43294909596443176,0.0006815724191255867,1.0323361493647099e-05
53.03333333333333,0.04202583432197571,-7.537193596363068e-06,7.445145229212358e-07,0.433103084564209,0.43308594822883606,0.0006889594369567931,4.025045927846804e-05
53.05,0.04203931242227554,-7.605529390275478e-06,1.37598317451193e-06,0.4332401752471924,0.43322503566741943,0.0006945004570297897,-4.39825416833628e-05
53.06666666666666,0.04205268993973732,-7.63090793043375e-06,9.638656592869665e-07,0.4333781599998474,0.4333599805831909,0.0006860884604975581,5.329984560376033e-05
53.083333333333336,0.042066071182489395,-7.646332960575819e-06,1.2829337947550812e-06,0.4335145354270935,0.43349599838256836,0.0006833422230556607,0.00010156682401429862
53.1,0.04207930713891983,-7.621012628078461e-06,1.1226254628127208e-06,0.4336491525173187,0.4336322844028473,0.0006795590161345899,1.880118134067743e-06
53.11666666666667,0.04209253937005997,-7.642840500921011e-06,1.6774637288108352e-06,0.43378445506095886,0.4337675869464874,0.0006775225047022104,7.814279342710506e-06
53.13333333333333,0.04210574924945831,-7.62502895668149e-06,1.3711231758861686e-06,0.4339194595813751,0.4339020848274231,0.0006764885038137436,8.3653096226044e-05
53.15,0.04211884364485741,-7.573631592094898e-06,8.023977784432645e-07,0.43405306339263916,0.4340360462665558,0.0006742851110175252,3.144075162708759e-05
53.166666666666664,0.042132191359996796,-7.565540727227926e-06,1.1254333003307693e-06,0.43418827652931213,0.43417248129844666,0.0006836454849690199,-4.7065001126611605e-05
53.18333333333333,0.04214557632803917,-7.651164196431637e-06,7.956592185109912e-07,0.4343269467353821,0.43430888652801514,0.0006853766390122473,6.045050758984871e-05
53.199999999999996,0.042158931493759155,-7.672468200325966e-06,1.2780137694790028e-06,0.43446189165115356,0.4344443380832672,0.0006799825350753963,4.328796421759762e-05
53.21666666666667,0.04217209666967392,-7.577822543680668e-06,9.621206942256322e-08,0.43459630012512207,0.43457919359207153,0.0006805969751439989,1.693821104709059e-05
53.233333333333334,0.04218553751707077,-7.5634452514350414e-06,9.785026122699492e-07,0.434733122587204,0.43471559882164,0.0006884120521135628,7.30400497559458e-05
53.25,0.042199041694402695,-7.611582987010479e-06,1.0244663144476363e-06,0.43487122654914856,0.43485400080680847,0.0006943461485207081,-3.608042334235506e-06
53.266666666666666,0.04221246764063835,-7.639057002961636e-06,1.0190558441536268e-06,0.435009628534317,0.4349905848503113,0.0006884582107886672,0.00010005940566770732
53.28333333333333,0.04222588613629341,-7.618393283337355e-06,1.4530819498759229e-06,0.4351455271244049,0.4351283609867096,0.0006857276894152164,6.651400326518342e-05
53.3,0.042239271104335785,-7.612688932567835e-06,1.353177935925487e-06,0.43528151512145996,0.43526574969291687,0.0006861946312710643,5.963780722595402e-07
53.31666666666666,0.042252570390701294,-7.626484148204327e-06,5.933716806794109e-07,0.4354165494441986,0.4354018270969391,0.0006845512543804944,8.298536613438046e-07
53.333333333333336,0.042265884578228,-7.5499992817640305e-06,9.742286692926427e-07,0.4355528652667999,0.43553751707077026,0.0006882977904751897,-2.8880387617391534e-05
53.35,0.0422794409096241,-7.574097253382206e-06,1.137598701461684e-06,0.4356919527053833,0.4356748163700104,0.0006957694422453642,-7.216690846689744e-06
53.36666666666667,0.04229309409856796,-7.519905921071768e-06,1.1484630704217125e-06,0.43583059310913086,0.43581491708755493,0.0007011159905232489,4.827719749300741e-06
53.38333333333333,0.04230673611164093,-7.68981408327818e-06,1.234651790582575e-06,0.43597158789634705,0.4359537959098816,0.0006991777918301523,-9.290383786719758e-06
53.4,0.042320236563682556,-7.602851837873459e-06,2.1606041400445974e-07,0.4361082911491394,0.43609166145324707,0.0006944428314454854,1.7125162798947713e-07
53.416666666666664,0.04233361780643463,-7.639930117875338e-06,1.3664501921084593e-06,0.4362451732158661,0.4362284243106842,0.0006864911993034184,-6.846994438092224e-06
53.43333333333333,0.04234698787331581,-7.603317499160767e-06,1.153907419393363e-06,0.4363815188407898,0.43636518716812134,0.0006857686676084995,-2.853128535207361e-05
53.449999999999996,0.042360249906778336,-7.570779416710138e-06,-1.4434422723752505e-07,0.43651774525642395,0.43649935722351074,0.0006841408903710544,3.4662443795241416e-05
53.46666666666667,0.042373571544885635,-7.609429303556681e-06,1.2947415370945237e-06,0.43665316700935364,0.436636358499527,0.000681450532283634,5.201947715249844e-06
53.483333333333334,0.0423867404460907,-7.606460712850094e-06,-7.98482790997923e-09,0.4367881119251251,0.43677011132240295,0.0006809919723309577,-2.181247964472277e-06
53.5,0.042400047183036804,-7.657916285097599e-06,1.4086040209804196e-06,0.43692371249198914,0.43690595030784607,0.0006786298472434282,5.128920020069927e-05
53.516666666666666,0.04241329804062843,-7.638533134013414e-06,1.694499019322393e-06,0.43705815076828003,0.4370417892932892,0.0006778971874155104,8.94724053068785e-06
53.53333333333333,0.042426466941833496,-7.652677595615387e-06,-8.812320650974925e-09,0.43719351291656494,0.4371758699417114,0.0006780962576158345,3.209279020666145e-05
53.55,0.04243980720639229,-7.543712854385376e-06,8.045219601626741e-07,0.43732890486717224,0.4373134672641754,0.0006866714684292674,-1.7360497395202401e-06
53.56666666666666,0.04245319589972496,-7.578637450933456e-06,7.065485760904266e-07,0.43746712803840637,0.4374498724937439,0.0006879482534714043,2.383996434218716e-05
53.583333333333336,0.042466647922992706,-7.696158718317747e-06,1.3189511491873418e-06,0.43760430812835693,0.4375855326652527,0.0006848199409432709,5.174342732061632e-05
53.6,0.04247995838522911,-7.62805575504899e-06,1.662963029502862e-07,0.4377395510673523,0.43772175908088684,0.0006835468229837716,5.208066795603372e-05
53.61666666666667,0.04249321296811104,-7.608381565660238e-06,1.3327401120477589e-06,0.4378746747970581,0.43785688281059265,0.0006787535385228693,7.859926699893549e-05
53.63333333333333,0.04250645637512207,-7.635331712663174e-06,1.0752439720818074e-06,0.438010036945343,0.4379929006099701,0.0006812064093537629,2.0953444618498906e-05
53.65,0.042519643902778625,-7.612863555550575e-06,1.0885957379969113e-07,0.4381444752216339,0.4381283223628998,0.0006799121620133519,-3.443051900831051e-05
53.666666666666664,0.042532920837402344,-7.602851837873459e-06,1.2556994306578417e-06,0.4382798969745636,0.43826213479042053,0.0006778144161216915,6.158775795483962e-05
53.68333333333333,0.04254622757434845,-7.574562914669514e-06,1.2306669532335945e-06,0.43841469287872314,0.4383982717990875,0.0006839731358923018,-3.903445031028241e-05
53.699999999999996,0.04255959391593933,-7.617927622050047e-06,1.1186010624442133e-06,0.43855226039886475,0.43853461742401123,0.0006900390726514161,1.1642421668511815e-05
53.71666666666667,0.04257291555404663,-7.62502895668149e-06,2.8877570912300143e-07,0.4386880695819855,0.43867161870002747,0.000688114610966295,-2.7864514777320437e-05
53.733333333333334,0.042586177587509155,-7.645809091627598e-06,1.332088686467614e-06,0.43882399797439575,0.43880704045295715,0.0006808759644627571,-1.9974049791926518e-05
53.75,0.042599402368068695,-7.6293363235890865e-06,1.5090280669483036e-07,0.4389587640762329,0.43894147872924805,0.0006806396995671093,-5.811992650706088e-06
53.766666666666666,0.04261261597275734,-7.6150172390043736e-06,4.39803500285052e-07,0.4390937089920044,0.4390764832496643,0.000680255820043385,-2.2389236619346775e-05
53.78333333333333,0.042625896632671356,-7.618684321641922e-06,1.4548547824233538e-06,0.439227432012558,0.4392130970954895,0.0006841740687377751,-8.259112655650824e-05
53.8,0.0426391139626503,-7.625669240951538e-06,3.814542424152023e-07,0.4393637180328369,0.43934741616249084,0.0006827234756201506,-2.702254050745978e-06
53.81666666666666,0.04265256226062775,-7.583585102111101e-06,1.2131343964938424e-06,0.43949994444847107,0.4394843280315399,0.0006890501244924963,-7.418638415401801e-05
53.833333333333336,0.04266604036092758,-7.666298188269138e-06,1.0334645139664644e-06,0.43963903188705444,0.439622700214386,0.0006892792880535126,4.599876774591394e-05
53.85,0.04267941042780876,-7.644819561392069e-06,1.2008259773210739e-06,0.4397757351398468,0.43975764513015747,0.0006827402394264936,8.988328772829846e-05
53.86666666666667,0.0426926426589489,-7.588998414576054e-06,7.751268782385523e-08,0.439910888671875,0.4398931860923767,0.0006827909382991493,4.814810381503776e-05
53.88333333333333,0.042705923318862915,-7.630093023180962e-06,1.4733076341144624e-06,0.4400457739830017,0.4400283098220825,0.000677768955938518,8.285422518383712e-05
53.9,0.04271915555000305,-7.570197340101004e-06,1.1035443776563625e-06,0.44018030166625977,0.4401649236679077,0.0006845276802778244,-2.3643691747565754e-05
53.916666666666664,0.04273267462849617,-7.586379069834948e-06,1.4669244592369068e-06,0.44031786918640137,0.4403022527694702,0.0006924767512828112,-3.8209473132155836e-05
53.93333333333333,0.042746178805828094,-7.627997547388077e-06,1.3783802614852902e-06,0.44045767188072205,0.4404405951499939,0.0006990355905145407,3.591228960431181e-05
53.949999999999996,0.042759645730257034,-7.670314516872168e-06,1.440974983779597e-06,0.4405941367149353,0.44057729840278625,0.0006900416919961572,-8.361248546862043e-06
53.96666666666667,0.04277297109365463,-7.592258043587208e-06,2.1929014337729313e-07,0.4407298266887665,0.44071316719055176,0.0006877008709125221,2.7430303816800006e-05
53.983333333333334,0.04278646409511566,-7.5766583904623985e-06,1.0440727464811062e-06,0.4408675730228424,0.44085150957107544,0.0006936104618944228,-1.76702524186112e-05
54.0,0.04279981553554535,-7.627357263118029e-06,1.378501082172079e-07,0.4410046935081482,0.4409879446029663,0.0006895444821566343,1.5991332475095987e-05
54.016666666666666,0.042813245207071304,-7.64516880735755e-06,1.4670201835542684e-06,0.44114169478416443,0.44112467765808105,0.0006854112143628299,2.81107822956983e-05
54.03333333333333,0.04282652214169502,-7.614435162395239e-06,2.8704380383715034e-07,0.44127705693244934,0.4412609338760376,0.000683074991684407,-4.9795056838775054e-05
54.05,0.04283977299928665,-7.618509698659182e-06,2.001392118700096e-07,0.4414132237434387,0.4413950443267822,0.0006821197457611561,9.837548532232177e-06
54.06666666666666,0.0428529717028141,-7.611059118062258e-06,1.2405962479533628e-06,0.44154736399650574,0.44153058528900146,0.0006769650499336421,2.0156076061539352e-05
54.083333333333336,0.042866215109825134,-7.554888725280762e-06,1.1427654271756182e-06,0.44168177247047424,0.4416656494140625,0.0006830795900896192,-3.210428621969186e-05
54.1,0.04287968575954437,-7.585680577903986e-06,1.48351489315246e-06,0.4418189227581024,0.4418034553527832,0.0006917671416886151,-1.6553014575038105e-05
54.11666666666667,0.04289327561855316,-7.629510946571827e-06,1.698791948001599e-06,0.4419580101966858,0.44194215536117554,0.0006976854056119919,-5.881122706341557e-05
54.13333333333333,0.04290685057640076,-7.669092155992985e-06,1.5243782627294422e-06,0.44209718704223633,0.442080557346344,0.000698912248481065,-7.891710993135348e-06
54.15,0.04292028397321701,-7.572118192911148e-06,1.4980953721988044e-07,0.4422351121902466,0.4422183930873871,0.0006939985323697329,-1.4791889952903148e-05
54.166666666666664,0.042933762073516846,-7.604481652379036e-06,1.0428732366563054e-06,0.44237369298934937,0.44235435128211975,0.0006881447625346482,7.290930079761893e-05
54.18333333333333,0.042947228997945786,-7.625319994986057e-06,8.726355531507579e-07,0.4425107538700104,0.44249382615089417,0.0006898774299770594,5.465588765218854e-05
54.199999999999996,0.04296065866947174,-7.628405001014471e-06,1.3629315844809753e-06,0.44264736771583557,0.4426303207874298,0.0006866936455480754,7.742708112346008e-05
54.21666666666667,0.042974065989255905,-7.6186261139810085e-06,1.2253159411557135e-06,0.4427846372127533,0.4427661597728729,0.0006840431015007198,5.253213021205738e-05
54.233333333333334,0.0429874062538147,-7.641210686415434e-06,1.1360127700754674e-06,0.44292011857032776,0.442903995513916,0.0006836432730779052,-2.6531139155849814e-05
54.25,0.04300061985850334,-7.555761840194464e-06,4.617901367964805e-07,0.44305476546287537,0.4430394768714905,0.0006825115997344255,-5.901060831092764e-06
54.266666666666666,0.04301384463906288,-7.574388291686773e-06,8.919273000174144e-07,0.44318997859954834,0.4431731402873993,0.0006774819921702147,5.021608012611978e-05
54.28333333333333,0.043027233332395554,-7.57718225941062e-06,1.2417197012837278e-06,0.4433257579803467,0.4433096945285797,0.0006865600007586181,4.0967220229504164e-06
54.3,0.04304058849811554,-7.629452738910913e-06,1.0532816077102325e-06,0.44346368312835693,0.4434460699558258,0.0006920396699570119,-2.0811155991395935e-05
54.31666666666666,0.04305403679609299,-7.617112714797258e-06,1.199900907522533e-06,0.4436017870903015,0.44358327984809875,0.0006871232180856168,7.026064122328535e-05
54.333333333333336,0.0430673286318779,-7.637136150151491e-06,1.5501633470194065e-06,0.443735808134079,0.443719744682312,0.0006816064706072211,8.164714381564409e-05
54.35,0.04308050870895386,-7.537077181041241e-06,6.748275040990848e-07,0.4438706636428833,0.4438539147377014,0.0006782177370041609,4.476322283153422e-05
54.36666666666667,0.0430939607322216,-7.610942702740431e-06,1.6694895066393656e-06,0.44400668144226074,0.443991094827652,0.0006870463257655501,5.033716206526151e-06
54.38333333333333,0.043107178062200546,-7.598602678626776e-06,8.483286961791237e-08,0.44414380192756653,0.4441273808479309,0.000684572325553745,-1.6516105461050756e-05
54.4,0.04312045872211456,-7.6284632086753845e-06,9.112729912885698e-07,0.44427886605262756,0.4442614018917084,0.0006787569727748632,1.7706897779135033e-05
54.416666666666664,0.043133802711963654,-7.551279850304127e-06,1.0744536211859668e-06,0.44441530108451843,0.4443984627723694,0.0006887431954964995,7.810614079062361e-06
54.43333333333333,0.043147314339876175,-7.5543648563325405e-06,1.294791672989959e-06,0.4445522725582123,0.4445366859436035,0.0006921628955751657,-0.0001005199592327699
54.449999999999996,0.043160878121852875,-7.5409188866615295e-06,1.2623831935343333e-06,0.4446910321712494,0.44467464089393616,0.0006999013130553067,-1.9888138922397047e-05
54.46666666666667,0.043174393475055695,-7.603084668517113e-06,1.526277287666744e-06,0.4448295831680298,0.4448133707046509,0.0006924134213477373,2.925753051385982e-06
54.483333333333334,0.04318775609135628,-7.5668212957680225e-06,2.0268034006676316e-07,0.44496622681617737,0.44494903087615967,0.0006891000084578991,3.001088771270588e-06
54.5,0.04320130869746208,-7.617927622050047e-06,1.3850193454345572e-06,0.44510307908058167,0.44508761167526245,0.0006948573281988502,-2.3906708520371467e-05
54.516666666666666,0.04321473836898804,-7.630325853824615e-06,7.758346782793524e-07,0.445243239402771,0.4452248215675354,0.0006923680193722248,1.6416030121035874e-05
54.53333333333333,0.043228164315223694,-7.615948561578989e-06,1.2188195341877872e-06,0.44537895917892456,0.44536125659942627,0.0006846372270956635,0.0001735168625600636
54.55,0.04324159398674965,-7.603317499160767e-06,1.23243705729692e-06,0.445514976978302,0.44549834728240967,0.000684205733705312,6.745299469912425e-05
54.56666666666666,0.04325500503182411,-7.585040293633938e-06,1.231628061759693e-06,0.44565242528915405,0.4456355571746826,0.0006913207471370697,5.244928615866229e-06
54.583333333333336,0.043268412351608276,-7.62921990826726e-06,1.0733450608313433e-06,0.4457901120185852,0.4457726776599884,0.0006901443703100085,1.9868746676365845e-05
54.6,0.04328182339668274,-7.587950676679611e-06,1.3774348417427973e-06,0.4459262788295746,0.44590941071510315,0.0006860475987195969,7.057782204356045e-05
54.61666666666667,0.04329518601298332,-7.638765964657068e-06,1.5292415582734975e-06,0.44606316089630127,0.44604626297950745,0.0006833884981460869,3.3257543691433966e-05
54.63333333333333,0.043308403342962265,-7.5999414548277855e-06,1.3366958206972868e-08,0.4461990296840668,0.44618046283721924,0.0006825149757787585,1.2061103006999474e-05
54.65,0.043321747332811356,-7.671071216464043e-06,1.694920456429827e-06,0.4463335871696472,0.4463173449039459,0.0006794841028749943,-3.888074934366159e-05
54.666666666666664,0.04333491623401642,-7.612688932567835e-06,6.524867899315723e-07,0.44646844267845154,0.4464529752731323,0.0006779240793548524,-6.862523150630295e-05
54.68333333333333,0.04334806278347969,-7.638242095708847e-06,1.174687440652633e-06,0.4466038942337036,0.4465850293636322,0.0006733133341185749,0.00010332551028113812
54.699999999999996,0.043361227959394455,-7.613911293447018e-06,1.3033472896495368e-06,0.44673824310302734,0.44672006368637085,0.0006743593839928508,9.38453886192292e-05
54.71666666666667,0.04337435960769653,-7.633352652192116e-06,1.2595786529345787e-06,0.4468718469142914,0.44685474038124084,0.0006722317193634808,4.6167955588316545e-05
54.733333333333334,0.043387457728385925,-7.614726200699806e-06,9.64296759775607e-07,0.44700387120246887,0.4469897449016571,0.0006740106618963182,-4.3688258301699534e-05
54.75,0.04340050742030144,-7.653783541172743e-06,1.2176560630905442e-06,0.44713935256004333,0.4471217691898346,0.0006710640154778957,2.1388865206972696e-05
54.766666666666666,0.04341355711221695,-7.58440000936389e-06,3.2880711842153687e-07,0.44727176427841187,0.44725501537323,0.0006726675201207399,3.7676250030926894e-06
54.78333333333333,0.04342667758464813,-7.593072950839996e-06,8.522279131284449e-07,0.44740599393844604,0.44738784432411194,0.0006686820997856557,0.0001306721242144704
54.8,0.04343991354107857,-7.528113201260567e-06,1.2588004665303743e-06,0.44753915071487427,0.4475250542163849,0.0006783874705433846,-0.00011076568625867367
54.81666666666666,0.043453242629766464,-7.609429303556681e-06,1.380656271976477e-06,0.4476768672466278,0.44766098260879517,0.0006870150682516396,-2.5676725272205658e-05
54.833333333333336,0.04346659779548645,-7.646449375897646e-06,1.5143222071856144e-06,0.4478136897087097,0.4477967321872711,0.0006832487415522337,4.300105865695514e-05
54.85,0.04347984865307808,-7.59598333388567e-06,3.748292840555223e-07,0.4479489028453827,0.44793185591697693,0.0006828864570707083,-1.3071698958810885e-05
54.86666666666667,0.04349319636821747,-7.669150363653898e-06,1.9582996628741967e-06,0.4480840265750885,0.44806811213493347,0.0006798817194066942,3.017260678461753e-05
54.88333333333333,0.043506357818841934,-7.573748007416725e-06,5.49552737538761e-07,0.44821909070014954,0.44820356369018555,0.0006786830490455031,-3.095875945291482e-05
54.9,0.04351954907178879,-7.620197720825672e-06,5.642844485009846e-07,0.44835367798805237,0.4483374357223511,0.0006787841557525098,4.789889771927847e-06
54.916666666666664,0.04353268817067146,-7.603783160448074e-06,1.0325583161829854e-06,0.4484884440898895,0.4484715163707733,0.0006744737038388848,-1.0828403901541606e-05
54.93333333333333,0.043545953929424286,-7.650291081517935e-06,1.277294131796225e-06,0.4486241936683655,0.44860726594924927,0.0006787236197851598,2.6334751964895986e-05
54.949999999999996,0.04355922341346741,-7.609429303556681e-06,1.3467713415593607e-06,0.44875916838645935,0.4487433433532715,0.0006799983093515038,1.4536568414769135e-05
54.96666666666667,0.043572474271059036,-7.664377335458994e-06,1.4379486401594477e-06,0.4488952159881592,0.4488774240016937,0.0006787304300814867,1.548606451251544e-05
54.983333333333334,0.043585628271102905,-7.613212801516056e-06,5.016480031372339e-07,0.44902920722961426,0.4490128755569458,0.0006776631344109774,-5.248754678177647e-05
55.0,0.04359875246882439,-7.56577355787158e-06,7.917213906694087e-07,0.4491627514362335,0.4491470158100128,0.0006734130438417196,-3.6879494018648984e-06
55.016666666666666,0.04361202195286751,-7.586437277495861e-06,1.3505100469046738e-06,0.4492977261543274,0.44928252696990967,0.0006825067102909088,-1.787808650988154e-05
55.03333333333333,0.04362527281045914,-7.628288585692644e-06,1.3938985148342908e-06,0.44943374395370483,0.4494188129901886,0.0006807662430219352,-6.580696208402514e-05
55.05,0.043638575822114944,-7.570779416710138e-06,1.1748428505597985e-06,0.4495698809623718,0.4495528042316437,0.0006788276368752122,6.155542359920219e-05
55.06666666666666,0.04365193471312523,-7.5873686000704765e-06,9.601491228750092e-07,0.44970574975013733,0.4496893882751465,0.0006881882436573505,1.0062270121125039e-05
55.083333333333336,0.043665457516908646,-7.549475412815809e-06,9.553850759402849e-07,0.44984370470046997,0.4498272240161896,0.0006936463178135455,2.454375135130249e-05
55.1,0.043679047375917435,-7.576134521514177e-06,1.143720737672993e-06,0.44998347759246826,0.44996532797813416,0.0006995397852733731,4.373171759652905e-05
55.11666666666667,0.043692752718925476,-7.54697248339653e-06,9.332467243439169e-07,0.4501231014728546,0.4501061737537384,0.0007048920961096883,1.3875771401217207e-05
55.13333333333333,0.0437065064907074,-7.578637450933456e-06,1.4134157027001493e-06,0.45026305317878723,0.4502478241920471,0.0007059077615849674,-0.00012817424430977553
55.15,0.04372025281190872,-7.613212801516056e-06,1.104185344047437e-06,0.4504040777683258,0.45038536190986633,0.0007048390689305961,4.205773802823387e-05
55.166666666666664,0.04373385012149811,-7.67287565395236e-06,1.0578531828286941e-06,0.450543612241745,0.4505259096622467,0.0007020696066319942,2.4393608327955008e-05
55.18333333333333,0.043747421354055405,-7.607799489051104e-06,1.2651605629798723e-06,0.4506821632385254,0.45066556334495544,0.0006946920184418559,3.742966509889811e-05
55.199999999999996,0.043760936707258224,-7.655937224626541e-06,1.4429047041630838e-06,0.45082005858421326,0.4508025050163269,0.0006897339480929077,6.90213346388191e-05
55.21666666666667,0.04377427697181702,-7.624214049428701e-06,5.04297929637687e-07,0.4509558081626892,0.4509392976760864,0.0006877100677229464,5.9365529523347504e-06
55.233333333333334,0.04378781467676163,-7.647729944437742e-06,1.7157506135845324e-06,0.45109277963638306,0.4510776400566101,0.0006927528884261847,-9.404672891832888e-05
55.25,0.0438011959195137,-7.599242962896824e-06,1.0228962992187007e-06,0.45123082399368286,0.4512127935886383,0.0006850067875348032,8.363320375792682e-05
55.266666666666666,0.04381466656923294,-7.655005902051926e-06,8.795431654107233e-07,0.45136758685112,0.4513498544692993,0.0006891091470606625,-2.1335737983463332e-05
55.28333333333333,0.043827950954437256,-7.619848474860191e-06,4.4076688254790497e-07,0.4515032172203064,0.4514862298965454,0.0006854180246591568,-4.044296656502411e-05
55.3,0.04384128004312515,-7.705471944063902e-06,2.315296796950861e-06,0.4516388475894928,0.45162233710289,0.0006812105420976877,-2.321240390301682e-05
55.31666666666666,0.043854452669620514,-7.59598333388567e-06,4.5703313844569493e-07,0.4517737627029419,0.45175671577453613,0.0006809142068959773,-2.0868204956059344e-05
55.333333333333336,0.04386771470308304,-7.673806976526976e-06,2.1055445813544793e-06,0.45190954208374023,0.45189210772514343,0.0006774383946321905,-9.155768566415645e-06
55.35,0.04388086125254631,-7.590395398437977e-06,3.206410212897026e-07,0.452043741941452,0.45202597975730896,0.0006778971874155104,-2.0954674255335703e-05
55.36666666666667,0.04389400780200958,-7.611059118062258e-06,1.2493561598603264e-06,0.452177494764328,0.4521592855453491,0.0006739730597473681,-2.01070588445873e-06
55.38333333333333,0.04390709102153778,-7.630966138094664e-06,3.6338119002721214e-07,0.452311247587204,0.45229384303092957,0.0006751862238161266,-1.690543103904929e-05
55.4,0.04392028972506523,-7.67840538173914e-06,2.2986669137026183e-06,0.45244529843330383,0.45242831110954285,0.0006747335428372025,-7.65487493481487e-06
55.416666666666664,0.04393337666988373,-7.592956535518169e-06,6.979507247706351e-07,0.4525787830352783,0.45256292819976807,0.0006732948822900653,-6.326497532427311e-05
55.43333333333333,0.04394648224115372,-7.701630238443613e-06,1.500815983490611e-06,0.4527130722999573,0.4526943564414978,0.0006710903253406286,1.2872777915617917e-05
55.449999999999996,0.04395949840545654,-7.5739226303994656e-06,1.6712760952941608e-07,0.45284613966941833,0.45282894372940063,0.0006723444676026702,-2.6823989173863083e-05
55.46666666666667,0.04397275298833847,-7.617927622050047e-06,1.6988772131298902e-06,0.4529799520969391,0.4529639780521393,0.0006806684541516006,-5.5961696489248425e-05
55.483333333333334,0.04398612305521965,-7.5802672654390335e-06,1.5559114672214491e-06,0.4531167149543762,0.45310044288635254,0.0006868557538837194,-2.5466510123806074e-05
55.5,0.043999504297971725,-7.587834261357784e-06,1.1270470849922276e-06,0.4532550573348999,0.4532368779182434,0.0006890824297443032,6.731468602083623e-06
55.516666666666666,0.04401297867298126,-7.639697287231684e-06,1.907588284666417e-06,0.4533909261226654,0.45337340235710144,0.0006846285541541874,1.964501461770851e-05
55.53333333333333,0.04402618855237961,-7.623748388141394e-06,4.123048427118192e-07,0.45352670550346375,0.4535084664821625,0.0006838919944129884,-2.9725468266406097e-05
55.55,0.04403967782855034,-7.574621122330427e-06,1.4623503830080153e-06,0.4536629915237427,0.45364615321159363,0.0006902687600813806,-1.696975050435867e-05
55.56666666666666,0.04405313357710838,-7.631955668330193e-06,1.4739937341801124e-06,0.4538010358810425,0.4537833333015442,0.00069556845119223,-1.693603007879574e-05
55.583333333333336,0.04406653344631195,-7.6080323196947575e-06,2.2738051086435007e-07,0.4539382755756378,0.45392045378685,0.0006910618394613266,-2.989304812217597e-05
55.6,0.044079944491386414,-7.707392796874046e-06,1.7605168523004977e-06,0.45407575368881226,0.45405635237693787,0.0006865244940854609,3.224171814508736e-05
55.61666666666667,0.04409320652484894,-7.577415090054274e-06,1.8180351446517307e-08,0.45421093702316284,0.45419248938560486,0.0006852817605249584,1.1555223863979336e-05
55.63333333333333,0.0441066175699234,-7.781607564538717e-06,2.3755283109494485e-06,0.45434659719467163,0.45432958006858826,0.0006799326511099935,-7.642011769348755e-05
55.65,0.04411977529525757,-7.646740414202213e-06,1.7321362122402206e-07,0.4544820785522461,0.45446348190307617,0.0006809759070165455,6.2845106185704935e-06
55.666666666666664,0.04413304105401039,-7.655122317373753e-06,2.006299837375991e-06,0.4546169936656952,0.4545985758304596,0.0006783330463804305,2.7858097382704727e-05
55.68333333333333,0.044146157801151276,-7.589929737150669e-06,2.475377698374359e-07,0.45475080609321594,0.45473384857177734,0.0006787279853597283,-3.085249772993848e-05
55.699999999999996,0.04415939748287201,-7.67270103096962e-06,1.8250669882036163e-06,0.45488613843917847,0.4548678398132324,0.0006770936306566,-1.3977680282550864e-05
55.71666666666667,0.04417257755994797,-7.5685675255954266e-06,2.7823929826809035e-07,0.45501986145973206,0.45500293374061584,0.0006773400236852467,-8.25279585114913e-06
55.733333333333334,0.044185902923345566,-7.5801508501172066e-06,1.560123564559035e-06,0.45515522360801697,0.45513835549354553,0.0006860792636871338,-1.3721282812184654e-05
55.75,0.04419923573732376,-7.5902207754552364e-06,1.024576249619713e-06,0.4552919268608093,0.45527446269989014,0.0006884490721859038,-4.8260539188049734e-05
55.766666666666666,0.04421250522136688,-7.5802672654390335e-06,2.867965065433964e-08,0.45542794466018677,0.4554098844528198,0.0006859928253106773,-2.7002171918866225e-05
55.78333333333333,0.044226013123989105,-7.5115240179002285e-06,1.0742676295194542e-06,0.45556509494781494,0.4555482864379883,0.0006939003360457718,-1.1592138434934895e-05
55.8,0.044239602982997894,-7.56996450945735e-06,1.015698899209383e-06,0.4557035565376282,0.455686092376709,0.0006972593255341053,-3.5485700209392235e-05
55.81666666666666,0.04425320774316788,-7.539405487477779e-06,1.0417281828267733e-06,0.45584216713905334,0.45582523941993713,0.000701305631082505,-3.841342913801782e-05
55.833333333333336,0.04426687955856323,-7.574097253382206e-06,1.0961692851196858e-06,0.4559825360774994,0.45596519112586975,0.000705445243511349,-1.86608247076947e-06
55.85,0.04428064823150635,-7.603259291499853e-06,1.4264314813772216e-06,0.4561232328414917,0.45610493421554565,0.000709282816387713,-9.392588253831491e-06
55.86666666666667,0.044294312596321106,-7.654831279069185e-06,2.0332965959823923e-06,0.4562629163265228,0.45624497532844543,0.0007006754749454558,2.3786513338563964e-05
55.88333333333333,0.04430775344371796,-7.56426015868783e-06,-2.279766242452297e-08,0.456400066614151,0.456382155418396,0.0006949918461032212,-2.917264100688044e-05
55.9,0.04432137683033943,-7.558672223240137e-06,1.4159837746774429e-06,0.4565381705760956,0.45652133226394653,0.0006979740574024618,-4.156458817305975e-05
55.916666666666664,0.04433487728238106,-7.706170435994864e-06,2.0883594515908044e-06,0.4566766917705536,0.4566585421562195,0.0006910879747010767,-2.380186015216168e-05
55.93333333333333,0.04434822499752045,-7.547438144683838e-06,4.431438185292791e-07,0.4568118453025818,0.456795334815979,0.000688734115101397,-2.8178837965242565e-05
55.949999999999996,0.044361621141433716,-7.675960659980774e-06,1.854022229963448e-06,0.4569494128227234,0.4569304585456848,0.0006844448507763445,7.491489668609574e-05
55.96666666666667,0.044374871999025345,-7.599592208862305e-06,-7.671350488180906e-08,0.4570854604244232,0.45706555247306824,0.0006843038136139512,-1.7593662050785497e-05
55.983333333333334,0.04438822343945503,-7.692258805036545e-06,1.9233484636060894e-06,0.457221120595932,0.457202285528183,0.0006806994206272066,1.6270006426566397e-06
56.0,0.04440142214298248,-7.553782779723406e-06,3.1800547617422126e-07,0.4573545753955841,0.4573376774787903,0.0006805609446018934,3.249887868150836e-06
56.016666666666666,0.04441462829709053,-7.712573278695345e-06,1.9986559891549405e-06,0.4574906826019287,0.4574728310108185,0.0006788976606912911,4.089512913196813e-06
56.03333333333333,0.04442784562706947,-7.661990821361542e-06,2.9165033765821136e-07,0.45762506127357483,0.45760655403137207,0.0006785196019336581,-3.0884784791851416e-05
56.05,0.04444105923175812,-7.74336513131857e-06,2.3400314148602774e-06,0.457759827375412,0.4577418565750122,0.0006763876299373806,-2.491254053893499e-05
56.06666666666666,0.044454142451286316,-7.5887655839324e-06,1.754256828689904e-07,0.4578936994075775,0.45787620544433594,0.0006762664415873587,-2.8970367566216737e-05
56.083333333333336,0.04446740448474884,-7.729860953986645e-06,2.1122648377058795e-06,0.4580283463001251,0.45801007747650146,0.0006756094517186284,5.036902803112753e-05
56.1,0.04448046535253525,-7.596914656460285e-06,-1.7210716407589643e-08,0.45816266536712646,0.4581446051597595,0.0006764383870176971,-2.9043934773653746e-05
56.11666666666667,0.04449372738599777,-7.688009645789862e-06,1.8430291675031185e-06,0.45829764008522034,0.4582783579826355,0.0006760446121916175,3.4604614484123886e-05
56.13333333333333,0.04450684040784836,-7.588707376271486e-06,7.828968762169097e-08,0.45843154191970825,0.45841267704963684,0.0006764477584511042,-3.837552867480554e-06
56.15,0.044520068913698196,-7.711409125477076e-06,2.1385376385296695e-06,0.4585660696029663,0.4585479497909546,0.0006756316870450974,1.275031354452949e-05
56.166666666666664,0.04453315585851669,-7.5793941505253315e-06,3.7093167293278384e-07,0.45869916677474976,0.45868217945098877,0.0006749731255695224,-3.110772740910761e-05
56.18333333333333,0.04454644396901131,-7.649301551282406e-06,1.3156327440810855e-06,0.4588356018066406,0.45881763100624084,0.0006843347218818963,-1.7177108020405285e-05
56.199999999999996,0.04455966874957085,-7.601105608046055e-06,1.8240092458654544e-07,0.458970308303833,0.4589524269104004,0.0006826721946708858,-3.005378857778851e-05
56.21666666666667,0.0445731058716774,-7.576891221106052e-06,1.0209438414676697e-06,0.45910778641700745,0.45908913016319275,0.0006902553723193705,4.7324800107162446e-05
56.233333333333334,0.044586628675460815,-7.54394568502903e-06,1.0036436606242205e-06,0.4592459797859192,0.45922762155532837,0.0006977637531235814,5.63697676625452e-06
56.25,0.04460028186440468,-7.595110218971968e-06,1.5957677987898933e-06,0.4593835175037384,0.4593673646450043,0.0006999096367508173,-1.6819203665363602e-05
56.266666666666666,0.04461383819580078,-7.712806109338999e-06,1.4860163446428487e-06,0.4595225751399994,0.4595053791999817,0.0006936066201888025,-3.558977186912671e-05
56.28333333333333,0.04462715983390808,-7.569382432848215e-06,4.4335337179290946e-07,0.4596583843231201,0.4596424102783203,0.0006898946012370288,-5.605986370937899e-05
56.3,0.044640541076660156,-7.67741585150361e-06,1.8873262206398067e-06,0.4597958028316498,0.45977771282196045,0.0006858135457150638,4.118651122553274e-05
56.31666666666666,0.044653866440057755,-7.613503839820623e-06,2.764763280538318e-07,0.45993104577064514,0.4599137008190155,0.0006848908960819244,-4.2232957639498636e-05
56.333333333333336,0.04466717317700386,-7.704889867454767e-06,2.1675471089110943e-06,0.4600662589073181,0.4600497782230377,0.0006799153634347022,-5.3419753385242075e-05
56.35,0.04468035697937012,-7.586553692817688e-06,2.7098244004264416e-07,0.4602013826370239,0.4601839780807495,0.0006796822417527437,-2.873464472941123e-05
56.36666666666667,0.04469356685876846,-7.729220669716597e-06,1.9642600364022655e-06,0.46033692359924316,0.46031901240348816,0.0006773939821869135,4.218471758576925e-07
56.38333333333333,0.044706717133522034,-7.673748768866062e-06,1.225504036028724e-07,0.4604717493057251,0.4604526162147522,0.0006778349634259939,-2.925776243500877e-07
56.4,0.0447201132774353,-7.572525646537542e-06,1.3052103895461187e-06,0.46060678362846375,0.46059003472328186,0.0006851486978121102,-1.828932363423519e-05
56.416666666666664,0.044733401387929916,-7.668102625757456e-06,9.259143212148047e-07,0.4607446491718292,0.4607246518135071,0.0006864347960799932,-1.1068272215197794e-05
56.43333333333333,0.044746749103069305,-7.640570402145386e-06,1.5350752846643445e-06,0.4608798623085022,0.46086129546165466,0.0006828852347098291,-3.1793945254321443e-06
56.449999999999996,0.0447600856423378,-7.72054772824049e-06,1.9059292526435456e-06,0.46101561188697815,0.46099653840065,0.0006807817262597382,5.0266546168131754e-05
56.46666666666667,0.04477328807115555,-7.585447747260332e-06,5.207600395351619e-08,0.4611499011516571,0.46113112568855286,0.0006807747413404286,1.5544428606517613e-05
56.483333333333334,0.04478653147816658,-7.661932613700628e-06,1.990435066545615e-06,0.4612853527069092,0.4612674117088318,0.0006788197788409889,1.611924744793214e-05
56.5,0.04479972645640373,-7.563910912722349e-06,1.1091444207522727e-08,0.4614201486110687,0.46140164136886597,0.0006795281660743058,-6.114854841143824e-06
56.516666666666666,0.04481314495205879,-7.567985448986292e-06,1.1501059589136275e-06,0.4615561068058014,0.4615388810634613,0.000687182298861444,-1.8396245650365017e-05
56.53333333333333,0.044826582074165344,-7.560360245406628e-06,9.127809903475281e-07,0.46169447898864746,0.46167609095573425,0.0006937233847565949,2.968174840134452e-06
56.55,0.04484014958143234,-7.5973221100866795e-06,1.1234174053242896e-06,0.4618331789970398,0.4618144929409027,0.0006975278374738991,3.693487087730318e-05
56.56666666666666,0.04485371708869934,-7.665890734642744e-06,1.1309315368634998e-06,0.4619714915752411,0.461954265832901,0.0006971845868974924,-2.3025415885058464e-06
56.583333333333336,0.04486718028783798,-7.667054887861013e-06,1.3767122482022387e-06,0.4621087610721588,0.46209070086479187,0.0006884644972160459,-1.5767510603836854e-06
56.6,0.04488058015704155,-7.653317879885435e-06,1.3249989478936186e-06,0.46224480867385864,0.46222779154777527,0.0006864459719508886,-3.0565884117095266e-06
56.61666666666667,0.044893838465213776,-7.635971996933222e-06,1.851862236890156e-07,0.4623807370662689,0.46236252784729004,0.0006841716822236776,-2.929819493147079e-05
56.63333333333333,0.04490720108151436,-7.648312021046877e-06,7.232632128761907e-07,0.46251770853996277,0.46249938011169434,0.0006864734459668398,1.4228888176148757e-05
56.65,0.04492055997252464,-7.672177162021399e-06,1.4394712479770533e-06,0.4626525342464447,0.4626343250274658,0.0006802997086197138,1.8564122001407668e-05
56.666666666666664,0.0449337512254715,-7.619382813572884e-06,-1.887942069345172e-08,0.4627881944179535,0.4627690315246582,0.000680414610542357,-1.2330140634730924e-05
56.68333333333333,0.04494708031415939,-7.5534917414188385e-06,1.1780496151914122e-06,0.4629237651824951,0.4629060626029968,0.0006879669963382185,-3.4841066280932864e-06
56.699999999999996,0.04496061056852341,-7.621070835739374e-06,1.4037517530596233e-06,0.46306112408638,0.4630435109138489,0.0006940465536899865,7.648675818927586e-06
56.71666666666667,0.0449741929769516,-7.5695570558309555e-06,1.1667544868032564e-06,0.46319982409477234,0.46318182349205017,0.0007007236126810312,-1.065811920852866e-05
56.733333333333334,0.04498777166008949,-7.665716111660004e-06,1.2080270153091988e-06,0.463339626789093,0.4633224308490753,0.0006987906526774168,9.795324331207667e-06
56.75,0.04500129446387291,-7.656228262931108e-06,1.3108415259921458e-06,0.46347710490226746,0.4634588062763214,0.0006894800462760031,-1.2266432349861134e-05
56.766666666666666,0.04501461237668991,-7.5676944106817245e-06,-1.5316228285655598e-09,0.4636133909225464,0.46359509229660034,0.000687215244397521,-6.884709819132695e-06
56.78333333333333,0.04502793401479721,-7.714086677879095e-06,1.8785848396873916e-06,0.4637489914894104,0.463731050491333,0.0006842099246568978,1.0715416465245653e-05
56.8,0.04504116624593735,-7.597787771373987e-06,1.1832020163637935e-06,0.4638838768005371,0.46386584639549255,0.0006777013186365366,4.8282479838235304e-05
56.81666666666666,0.04505442455410957,-7.702677976340055e-06,1.4189331523084547e-06,0.4640204906463623,0.4639996886253357,0.0006774552166461945,2.8539843697217293e-05
56.833333333333336,0.045067477971315384,-7.614435162395239e-06,3.944715274428745e-07,0.4641527533531189,0.4641355574131012,0.0006774194771423936,-2.9941573302494362e-05
56.85,0.04508073627948761,-7.658964022994041e-06,1.7673057755018817e-06,0.4642884135246277,0.46426960825920105,0.0006758669042028487,2.124636921507772e-06
56.86666666666667,0.04509387165307999,-7.594353519380093e-06,2.573362856139738e-08,0.464422345161438,0.4644036889076233,0.0006767562590539455,-6.377988938766066e-06
56.88333333333333,0.04510706290602684,-7.714552339166403e-06,2.145000507880468e-06,0.4645567834377289,0.46453869342803955,0.0006762996781617403,4.940883081872016e-05
56.9,0.045120179653167725,-7.603142876178026e-06,2.523815396671125e-07,0.46469026803970337,0.4646724760532379,0.0006764674908481538,-9.174073056783527e-06
56.916666666666664,0.04513335973024368,-7.711525540798903e-06,2.301935410287115e-06,0.4648236334323883,0.4648076295852661,0.0006736508803442121,-5.715481165680103e-05
56.93333333333333,0.04514643922448158,-7.592258043587208e-06,5.048387947681476e-07,0.46495771408081055,0.46494194865226746,0.0006718805525451899,-8.666243957122788e-05
56.949999999999996,0.045159611850976944,-7.633352652192116e-06,1.281530671803921e-06,0.46509259939193726,0.46507492661476135,0.0006762738339602947,2.3922513719298877e-05
56.96666666666667,0.04517278075218201,-7.706461474299431e-06,1.9613394215411972e-06,0.4652271568775177,0.46520864963531494,0.0006752033950760961,-1.4978942090237979e-05
56.983333333333334,0.0451858788728714,-7.593946065753698e-06,2.8656455697273486e-07,0.4653608500957489,0.4653436243534088,0.000674164853990078,-5.648508158628829e-05
57.0,0.04519905149936676,-7.687718607485294e-06,1.909060074467561e-06,0.4654954969882965,0.46547770500183105,0.0006722690886817873,-6.702246537315659e-06
57.016666666666666,0.04521212726831436,-7.609371095895767e-06,-5.443288486617348e-08,0.4656290113925934,0.46560975909233093,0.0006745430873706937,-1.4950417607906274e-05
57.03333333333333,0.04522547498345375,-7.644121069461107e-06,1.6308227941408404e-06,0.4657636880874634,0.4657469391822815,0.0006812725914642215,-9.216601029038429e-05
57.05,0.045238737016916275,-7.509428542107344e-06,7.555108254564402e-07,0.4659000039100647,0.46588343381881714,0.0006875867838971317,-1.937431306942017e-06
57.06666666666666,0.04525226727128029,-7.6035503298044205e-06,1.2226797707626247e-06,0.46603867411613464,0.46602028608322144,0.0006948857917450368,-4.477073616726557e-06
57.083333333333336,0.045265644788742065,-7.661932613700628e-06,1.5162594309003907e-06,0.46617478132247925,0.4661564826965332,0.0006869523203931749,6.4128489611903206e-06
57.1,0.04527897760272026,-7.6132710091769695e-06,1.1098360346295522e-06,0.46631091833114624,0.46629369258880615,0.0006861999281682074,-7.504158929805271e-06
57.11666666666667,0.04529232159256935,-7.741327863186598e-06,2.210113279943471e-06,0.46644678711891174,0.46642959117889404,0.0006811986095272005,-1.0511299478821456e-05
57.13333333333333,0.045305509120225906,-7.591908797621727e-06,3.1638172970360756e-08,0.46658220887184143,0.46656376123428345,0.0006798026734031737,-1.9722374418051913e-05
57.15,0.04531870037317276,-7.6266005635261536e-06,1.216121063407627e-06,0.4667164981365204,0.4666968584060669,0.0006753118359483778,7.926026592031121e-05
57.166666666666664,0.04533182084560394,-7.5688003562390804e-06,1.0781064929688e-06,0.46685001254081726,0.4668313264846802,0.0006727572181262076,9.260712977265939e-05
57.18333333333333,0.04534510523080826,-7.62502895668149e-06,1.4038480458111735e-06,0.46698516607284546,0.4669678509235382,0.0006835350068286061,-2.326380490558222e-05
57.199999999999996,0.04535839334130287,-7.5891148298978806e-06,1.319873149441264e-06,0.4671204686164856,0.4671042561531067,0.0006797823589295149,-1.5218780390569009e-05
57.21666666666667,0.045371558517217636,-7.649825420230627e-06,4.688358217208588e-07,0.46725520491600037,0.4672379493713379,0.0006793822394683957,-3.098989691352472e-05
57.233333333333334,0.04538479074835777,-7.631257176399231e-06,1.7795929352359963e-06,0.4673912525177002,0.4673731029033661,0.00067662209039554,8.940919542510528e-06
57.25,0.04539792612195015,-7.603899575769901e-06,3.4103672419405484e-07,0.4675240218639374,0.46750691533088684,0.0006777392700314522,-3.7110387438588077e-06
57.266666666666666,0.04541108012199402,-7.655355148017406e-06,1.5329139841924189e-06,0.46765846014022827,0.46764057874679565,0.0006736672949045897,3.9626571378903463e-05
57.28333333333333,0.045424140989780426,-7.617170922458172e-06,1.4104469983067247e-06,0.4677920937538147,0.46777430176734924,0.0006708419532515109,7.407624252664391e-06
57.3,0.04543724283576012,-7.654889486730099e-06,1.9165897811035393e-06,0.4679263234138489,0.46790799498558044,0.000671656453050673,2.9355011065490544e-05
57.31666666666666,0.04545033350586891,-7.588532753288746e-06,3.75094657556474e-08,0.46806031465530396,0.46804147958755493,0.0006742096156813204,9.185911039821804e-06
57.333333333333336,0.045463498681783676,-7.629510946571827e-06,1.6004187273210846e-06,0.468193918466568,0.46817588806152344,0.0006732915062457323,-1.626005905563943e-05
57.35,0.04547667130827904,-7.615075446665287e-06,1.014624444906076e-06,0.46832922101020813,0.4683118164539337,0.000678319891449064,3.13562159135472e-05
57.36666666666667,0.04548998177051544,-7.699301932007074e-06,1.7016558331306442e-06,0.4684638977050781,0.4684463441371918,0.0006756926886737347,1.9017870727111585e-05
57.38333333333333,0.04550299793481827,-7.5873686000704765e-06,4.3933971483056666e-07,0.4685971736907959,0.468580424785614,0.000676193565595895,-2.8598606149898842e-05
57.4,0.045516237616539,-7.731316145509481e-06,2.2035821984900394e-06,0.46873176097869873,0.4687150716781616,0.0006747648003511131,-3.188497430528514e-05
57.416666666666664,0.04552935063838959,-7.608439773321152e-06,-3.911589274707694e-08,0.46886685490608215,0.4688471853733063,0.0006759671377949417,-2.0659876099671237e-05
57.43333333333333,0.045542530715465546,-7.696158718317747e-06,1.953142827915144e-06,0.46900036931037903,0.46898341178894043,0.0006715476047247648,-7.800898310961202e-05
57.449999999999996,0.04555560275912285,-7.631664630025625e-06,4.335342680406029e-07,0.4691338539123535,0.4691165089607239,0.0006739932578057051,-4.300520595279522e-05
57.46666666666667,0.04556874930858612,-7.642374839633703e-06,1.970618768609711e-06,0.46926772594451904,0.46925055980682373,0.0006734243361279368,-6.5724170781322755e-06
57.483333333333334,0.045581839978694916,-7.620954420417547e-06,3.240999717490922e-07,0.46940210461616516,0.46938440203666687,0.000674141279887408,-2.8313308575889096e-05
57.5,0.04559498652815819,-7.644528523087502e-06,1.8301581121704658e-06,0.46953585743904114,0.4695180356502533,0.0006733757327310741,3.092796396231279e-05
57.516666666666666,0.04560817405581474,-7.692025974392891e-06,1.9983017409686e-06,0.4696703851222992,0.4696524739265442,0.0006724062259308994,-7.846391781640705e-06
57.53333333333333,0.04562123492360115,-7.631839253008366e-06,4.2965729107891093e-07,0.46980369091033936,0.46978601813316345,0.0006729440647177398,-3.398526678211056e-05
57.55,0.04563428834080696,-7.688358891755342e-06,1.0491916100363596e-06,0.46993860602378845,0.46991801261901855,0.000669828848913312,4.54826295026578e-05
57.56666666666666,0.045647334307432175,-7.617403753101826e-06,3.4770496881719737e-07,0.47007012367248535,0.47005242109298706,0.0006723073893226683,7.516440291510662e-06
57.583333333333336,0.04566038399934769,-7.603259291499853e-06,1.695452965577715e-06,0.47020241618156433,0.47018590569496155,0.0006692826864309609,3.6206558888807194e-06
57.6,0.04567356035113335,-7.636204827576876e-06,1.0103574368258705e-06,0.4703373908996582,0.4703204035758972,0.0006756165530532598,1.8540598830441013e-05
57.61666666666667,0.045686669647693634,-7.638533134013414e-06,3.605854317356716e-07,0.470472127199173,0.47045350074768066,0.0006753267371095717,-2.5696217562654056e-05
57.63333333333333,0.0456998310983181,-7.686787284910679e-06,2.064429736492457e-06,0.4706059992313385,0.4705893099308014,0.0006728797452524304,-2.8815116820624098e-05
57.65,0.045712925493717194,-7.562106475234032e-06,2.387312463270064e-07,0.47073933482170105,0.4707223176956177,0.0006742726545780897,-2.8973177904845215e-05
57.666666666666664,0.04572608321905136,-7.628754246979952e-06,1.9306464764667908e-06,0.47087353467941284,0.4708566963672638,0.0006730410386808217,-1.49632551256218e-05
57.68333333333333,0.04573911055922508,-7.589522283524275e-06,9.960125453289947e-07,0.47100743651390076,0.4709894061088562,0.0006709105800837278,1.533199792902451e-05
57.699999999999996,0.04575221985578537,-7.681839633733034e-06,1.848619263000728e-06,0.47114065289497375,0.47112298011779785,0.0006707141874358058,-1.4108540199231356e-05
57.71666666666667,0.04576525837182999,-7.552560418844223e-06,2.173290525320226e-08,0.47127434611320496,0.47125619649887085,0.0006722786347381771,-1.6849600797286257e-05
57.733333333333334,0.0457783117890358,-7.689115591347218e-06,1.3161208016754244e-06,0.47140786051750183,0.47138848900794983,0.0006699665682390332,1.1357848961779382e-05
57.75,0.04579134285449982,-7.657217793166637e-06,1.5598545815009857e-06,0.4715394675731659,0.4715220630168915,0.0006670964066870511,-2.1020923668402247e-05
57.766666666666666,0.04580431059002876,-7.604190614074469e-06,5.146977173353662e-07,0.4716723561286926,0.471655011177063,0.0006700012600049376,1.3818708794133272e-05
57.78333333333333,0.04581737890839577,-7.73329520598054e-06,1.7957868294615764e-06,0.4718065559864044,0.47178778052330017,0.000670313136652112,5.8720870583783835e-05
57.8,0.045830413699150085,-7.65675213187933e-06,2.7392491119826445e-07,0.47193920612335205,0.4719209671020508,0.0006717249052599072,-2.2118931610748405e-06
57.81666666666666,0.04584356024861336,-7.63777643442154e-06,2.0609236344171222e-06,0.4720722436904907,0.472055047750473,0.0006715499912388623,3.982182079198537e-06
57.833333333333336,0.04585660248994827,-7.5837597250938416e-06,7.630907106204177e-08,0.4722064137458801,0.47218766808509827,0.0006720144883729517,-2.9101733161951415e-05
57.85,0.04586976394057274,-7.60488910600543e-06,1.7409078054697602e-06,0.4723399579524994,0.47232216596603394,0.000672154244966805,2.342685911571607e-05
57.86666666666667,0.04588279128074646,-7.620430551469326e-06,2.062177628658901e-07,0.4724736213684082,0.47245532274246216,0.0006742888945154846,-2.7786965802079067e-05
57.88333333333333,0.04589599370956421,-7.67741585150361e-06,1.921643615787616e-06,0.4726080596446991,0.4725901782512665,0.0006736814975738525,8.592315907662851e-07
57.9,0.04590906947851181,-7.63946445658803e-06,-1.1005909072991926e-07,0.4727424085140228,0.47272250056266785,0.0006743958219885826,-1.6068368495325558e-05
57.916666666666664,0.045922234654426575,-7.635389920324087e-06,1.8333162188355345e-06,0.47287583351135254,0.4728580415248871,0.0006735976785421371,-3.4235856674058596e-06
57.93333333333333,0.045935314148664474,-7.618684321641922e-06,1.0209539169636628e-07,0.4730096161365509,0.4729909300804138,0.0006750213215127587,-2.8955093512195162e-05
57.949999999999996,0.04594840854406357,-7.70023325458169e-06,1.333016939497611e-06,0.47314342856407166,0.4731244742870331,0.000671369198244065,5.227137808105908e-05
57.96666666666667,0.04596143960952759,-7.631315384060144e-06,1.6485945764088683e-07,0.47327664494514465,0.47325873374938965,0.0006733315531164408,3.564390453902888e-06
57.983333333333334,0.045974522829055786,-7.643888238817453e-06,4.6453195068352215e-08,0.47341009974479675,0.47339144349098206,0.0006746041472069919,-4.2758638301165774e-06
58.0,0.045987751334905624,-7.66530865803361e-06,1.6820057453514892e-06,0.47354498505592346,0.4735255241394043,0.0006739145028404891,7.550961163360626e-05
58.016666666666666,0.04600087180733681,-7.649243343621492e-06,8.867200449458323e-07,0.473677396774292,0.47366201877593994,0.0006741576362401247,-6.555316940648481e-05
58.03333333333333,0.046013981103897095,-7.585855200886726e-06,6.673458301520441e-07,0.4738112986087799,0.4737953841686249,0.0006745767896063626,-2.9374237783486024e-05
58.05,0.04602697491645813,-7.657974492758512e-06,8.529306683158211e-07,0.47394639253616333,0.47392717003822327,0.0006712499307468534,-2.8314205337665044e-05
58.06666666666666,0.04604014754295349,-7.666181772947311e-06,1.6435691350125126e-06,0.4740804135799408,0.4740607440471649,0.0006718428339809179,6.845280586276203e-05
58.083333333333336,0.046053238213062286,-7.590919267386198e-06,5.236378797235375e-07,0.47421231865882874,0.47419649362564087,0.0006716526695527136,-5.2396164392121136e-05
58.1,0.04606637358665466,-7.622933480888605e-06,1.4148862419460784e-06,0.4743470847606659,0.47433024644851685,0.0006744563579559326,-3.142754940199666e-05
58.11666666666667,0.04607943445444107,-7.609953172504902e-06,1.068230631062761e-06,0.4744811952114105,0.4744623005390167,0.0006708975415676832,-5.528433575818781e-06
58.13333333333333,0.04609256237745285,-7.642433047294617e-06,2.041668949459563e-06,0.4746140241622925,0.4745965003967285,0.0006716958596371114,5.62290551897604e-06
58.15,0.04610563814640045,-7.633818313479424e-06,3.2053682730293076e-07,0.4747479259967804,0.47473055124282837,0.0006741448305547237,5.07846380060073e-06
58.166666666666664,0.04611881449818611,-7.601163815706968e-06,1.460077101000934e-06,0.4748828411102295,0.4748637080192566,0.000672548427246511,7.650085899513215e-05
58.18333333333333,0.04613201692700386,-7.686554454267025e-06,1.2583373063534964e-06,0.4750172197818756,0.4750003218650818,0.0006793164648115635,2.4312843379448168e-05
58.199999999999996,0.046145327389240265,-7.63963907957077e-06,1.4579815115212114e-06,0.4751521348953247,0.47513583302497864,0.0006746659055352211,-9.517033504380379e-06
58.21666666666667,0.04615847021341324,-7.624039426445961e-06,9.566406333760824e-07,0.47528794407844543,0.475269615650177,0.0006794860237278044,1.034312299452722e-05
58.233333333333334,0.04617168381810188,-7.642374839633703e-06,1.629784037504578e-06,0.47542160749435425,0.4754047095775604,0.0006742984987795353,2.1265418581606355e-06
58.25,0.04618477076292038,-7.592083420604467e-06,1.6351559395388904e-07,0.4755558967590332,0.4755381643772125,0.0006748587475158274,3.896930138580501e-06
58.266666666666666,0.046197887510061264,-7.628230378031731e-06,1.0059527539851842e-06,0.47569066286087036,0.47567230463027954,0.0006765007856301963,1.3561537343775854e-05
58.28333333333333,0.04621107131242752,-7.661525160074234e-06,1.902419057842053e-06,0.4758237302303314,0.47580695152282715,0.0006723052938468754,-8.214860281441361e-05
58.3,0.04622418060898781,-7.6196156442165375e-06,6.054471555216878e-07,0.47595709562301636,0.47594085335731506,0.0006723001133650541,-7.906789687694982e-05
58.31666666666666,0.046237263828516006,-7.643015123903751e-06,1.3912808753957506e-06,0.47609126567840576,0.4760728180408478,0.0006698164506815374,5.002350371796638e-05
58.333333333333336,0.04625026136636734,-7.565424311906099e-06,-2.0908551334741787e-08,0.47622501850128174,0.4762067496776581,0.0006724204286001623,3.595869566197507e-05
58.35,0.04626338556408882,-7.673457730561495e-06,1.4228390909920563e-06,0.47635921835899353,0.47633984684944153,0.00067211186978966,1.6379926819354296e-05
58.36666666666667,0.0462765172123909,-7.708440534770489e-06,2.5358122002216987e-06,0.4764905869960785,0.47647565603256226,0.0006678872159682214,-0.0001526126725366339
58.38333333333333,0.046289537101984024,-7.574970368295908e-06,1.19889861593947e-07,0.4766252040863037,0.47660717368125916,0.0006719519151374698,2.5343710149172693e-05
58.4,0.04630257561802864,-7.612048648297787e-06,1.316039742960129e-06,0.47675856947898865,0.47673964500427246,0.0006691461894661188,3.9501177525380626e-05
58.416666666666664,0.046315696090459824,-7.68259633332491e-06,1.1658546554826899e-06,0.47689148783683777,0.4768747091293335,0.0006701723905280232,-5.750646596425213e-05
58.43333333333333,0.04632866382598877,-7.645401638001204e-06,-1.3547519017720333e-07,0.47702574729919434,0.4770060181617737,0.000673080503474921,-1.9620327293523587e-05
58.449999999999996,0.04634184390306473,-7.64551805332303e-06,1.3596105645774514e-06,0.4771597385406494,0.4771400988101959,0.0006724174018017948,7.44879653211683e-05
58.46666666666667,0.04635503143072128,-7.713213562965393e-06,2.098208597089979e-06,0.4772931933403015,0.47727593779563904,0.0006706031854264438,-5.324794619809836e-05
58.483333333333334,0.04636802524328232,-7.619964890182018e-06,2.174743514160582e-07,0.47742676734924316,0.47740882635116577,0.0006722334073856473,-1.3841949112247676e-05
58.5,0.046381086111068726,-7.663853466510773e-06,1.375940314574109e-06,0.47756004333496094,0.47754135727882385,0.0006698317592963576,4.23502606281545e-05
58.516666666666666,0.046394117176532745,-7.620954420417547e-06,1.457506755286886e-07,0.47769349813461304,0.477674275636673,0.0006715445779263973,9.835292075877078e-06
58.53333333333333,0.04640715941786766,-7.68696190789342e-06,1.4210814924808801e-06,0.4778258204460144,0.4778073728084564,0.0006687325076200068,6.766087153664557e-06
58.55,0.04642019048333168,-7.632304914295673e-06,2.2194902271621686e-07,0.4779592752456665,0.47794029116630554,0.0006712931790389121,1.3081488759780768e-05
58.56666666666666,0.04643319919705391,-7.61495903134346e-06,2.5774161827030184e-07,0.47809189558029175,0.47807446122169495,0.000671094749122858,-7.928097147669178e-06
58.583333333333336,0.04644634947180748,-7.640919648110867e-06,1.8518489923735615e-06,0.4782247245311737,0.47820761799812317,0.0006716541829518974,7.977882887644228e-06
58.6,0.04645940661430359,-7.6248543336987495e-06,-7.8110701906553e-08,0.4783599376678467,0.4783402979373932,0.0006737944204360247,1.3190214303904213e-05
58.61666666666667,0.04647253826260567,-7.684691809117794e-06,1.581592982802249e-06,0.4784935712814331,0.478475421667099,0.0006726902211084962,2.4705212126718834e-05
58.63333333333333,0.04648561403155327,-7.651571650058031e-06,6.94882999141555e-07,0.47862598299980164,0.4786096215248108,0.0006717474898323417,-6.564260547747836e-05
58.65,0.046498678624629974,-7.6160067692399025e-06,9.54757553017771e-08,0.4787602126598358,0.4787422716617584,0.0006732198526151478,-1.5807183444849215e-05
58.666666666666664,0.04651177302002907,-7.644586730748415e-06,4.831779847336293e-07,0.4788937568664551,0.47887498140335083,0.0006745021091774106,3.2601172279100865e-05
58.68333333333333,0.046524930745363235,-7.652794010937214e-06,1.484060931034037e-06,0.4790289103984833,0.4790092408657074,0.0006752685294486582,4.2265670344932005e-05
58.699999999999996,0.046538062393665314,-7.614609785377979e-06,4.597390841354354e-07,0.47916170954704285,0.47914430499076843,0.000675799383316189,-5.8943087424268015e-06
58.71666666666667,0.04655130207538605,-7.674272637814283e-06,1.1567516366994823e-06,0.47929659485816956,0.47927916049957275,0.0006775688380002975,7.2505936259403825e-06
58.733333333333334,0.04656440019607544,-7.587193977087736e-06,2.978890734084416e-07,0.4794306755065918,0.47941267490386963,0.0006772129563614726,-2.1451629436342046e-05
58.75,0.046577632427215576,-7.650523912161589e-06,1.3935516562924022e-06,0.4795653223991394,0.47954845428466797,0.0006769127212464809,-1.755788252921775e-05
58.766666666666666,0.04659077525138855,-7.624446880072355e-06,4.896155019196158e-07,0.47969940304756165,0.4796823561191559,0.0006762826233170927,-3.8967318687355146e-05
58.78333333333333,0.046603843569755554,-7.592025212943554e-06,5.96795928231586e-08,0.4798336625099182,0.47981613874435425,0.0006764439167454839,-2.7054775273427367e-05
58.8,0.046617086976766586,-7.696507964283228e-06,1.9260003227827838e-06,0.47996819019317627,0.47995099425315857,0.00067397381644696,-4.899100895272568e-05
58.81666666666666,0.04663018137216568,-7.62217678129673e-06,5.529237796508824e-07,0.4801017642021179,0.4800850450992584,0.0006739677046425641,-4.5404492993839085e-05
58.833333333333336,0.046643227338790894,-7.606577128171921e-06,2.0044957693698962e-07,0.4802354574203491,0.4802187383174896,0.0006745595601387322,-3.9417282096110284e-05
58.85,0.046656422317028046,-7.61059345677495e-06,1.413879317624378e-06,0.48037007451057434,0.48035183548927307,0.0006739551317878067,8.731796697247773e-06
58.86666666666667,0.04666956514120102,-7.715192623436451e-06,2.1170633317524334e-06,0.48050400614738464,0.48048728704452515,0.0006723349215462804,-2.232955739600584e-05
58.88333333333333,0.04668259993195534,-7.636554073542356e-06,4.373553394998453e-07,0.48063749074935913,0.4806208312511444,0.0006733004120178521,-1.1650846317934338e-05
58.9,0.0466957688331604,-7.64784635975957e-06,1.6263375073322095e-06,0.48077136278152466,0.4807538092136383,0.0006733790505677462,-5.381058144848794e-06
58.916666666666664,0.04670903831720352,-7.602269761264324e-06,1.3675814898306271e-06,0.4809061288833618,0.48088937997817993,0.0006813784711994231,-4.6752240450587124e-05
58.93333333333333,0.04672233760356903,-7.574853952974081e-06,6.761802069377154e-07,0.48104381561279297,0.48102623224258423,0.0006839586421847343,3.5419982395978877e-06
58.949999999999996,0.046735670417547226,-7.642840500921011e-06,1.5212654034257866e-06,0.4811793863773346,0.48116061091423035,0.0006813015788793564,6.811688945163041e-05
58.96666666666667,0.046748965978622437,-7.65291042625904e-06,1.671740733399929e-06,0.48131468892097473,0.4812968373298645,0.0006802243296988308,1.0476331226527691e-05
58.983333333333334,0.04676208645105362,-7.551454473286867e-06,6.708801834065525e-07,0.48144906759262085,0.48143112659454346,0.0006751192850060761,4.595545760821551e-05
59.0,0.046775463968515396,-7.583526894450188e-06,1.2983316537429346e-06,0.48158493638038635,0.4815669059753418,0.0006844141171313822,-1.747545502439607e-05
59.016666666666666,0.04678888991475105,-7.5685675255954266e-06,1.2631685422093142e-06,0.4817222058773041,0.48170486092567444,0.0006919013685546815,-1.9503524526953697e-05
59.03333333333333,0.04680248349905014,-7.59883550927043e-06,1.4373887324836687e-06,0.48186102509498596,0.48184311389923096,0.0006987604429014027,-8.44417172629619e-06
59.05,0.04681612551212311,-7.546448614448309e-06,9.506966875960643e-07,0.48200052976608276,0.48198196291923523,0.0007036294555291533,-1.4358969565364532e-05
59.06666666666666,0.04682992398738861,-7.579626981168985e-06,1.2993596101296134e-06,0.482140451669693,0.48212262988090515,0.0007076003821566701,-1.4816201883149915e-06
59.083333333333336,0.04684368893504143,-7.534516043961048e-06,8.325432077072037e-07,0.4822823107242584,0.4822635352611542,0.0007105286931619048,3.861965069518192e-06
59.1,0.04685761034488678,-7.616938091814518e-06,1.55094357978669e-06,0.4824228882789612,0.48240578174591064,0.000712339417077601,-2.0826380932703614e-05
59.11666666666667,0.04687134921550751,-7.627764716744423e-06,1.4539748462993884e-06,0.4825637638568878,0.48254600167274475,0.0007107041892595589,2.2956069756219222e-07
59.13333333333333,0.04688505828380585,-7.647380698472261e-06,1.338678316642472e-06,0.48270416259765625,0.48268625140190125,0.0007046928512863815,2.3211156076285988e-05
59.15,0.04689862206578255,-7.660069968551397e-06,1.0671104746506899e-06,0.4828435778617859,0.4828253984451294,0.0006991800619289279,2.8093594664824195e-05
59.166666666666664,0.046912115067243576,-7.61798582971096e-06,4.93989603000955e-07,0.4829804599285126,0.48296210169792175,0.0006938636070117354,-1.8422351786284707e-05
59.18333333333333,0.046925537288188934,-7.664202712476254e-06,1.4893603292875923e-06,0.4831176996231079,0.4830996096134186,0.0006887975032441318,-1.3775890693068504e-05
59.199999999999996,0.046938903629779816,-7.660768460482359e-06,1.7643218370722025e-06,0.4832540452480316,0.4832363426685333,0.0006832268554717302,-1.4765027117391583e-05
59.21666666666667,0.04695209860801697,-7.5963325798511505e-06,-3.4551369765267737e-08,0.48338985443115234,0.4833706319332123,0.0006825290038250387,-1.0631016266415827e-05
59.233333333333334,0.046965476125478745,-7.629860192537308e-06,1.7363746565024485e-06,0.48352473974227905,0.48350659012794495,0.0006789752515032887,-6.083113021304598e-06
59.25,0.04697859287261963,-7.55570363253355e-06,4.998593681193597e-07,0.48365849256515503,0.4836415648460388,0.0006782329292036593,-2.9293396437424235e-05
59.266666666666666,0.04699176549911499,-7.614435162395239e-06,1.659602389736392e-06,0.48379307985305786,0.483776718378067,0.000675227667670697,-4.791757237398997e-05
59.28333333333333,0.04700496047735214,-7.647089660167694e-06,1.7340088334094617e-06,0.4839279353618622,0.48390984535217285,0.0006749921594746411,3.7098823668202385e-05
59.3,0.047018036246299744,-7.609371095895767e-06,-4.4034919710611575e-08,0.48406291007995605,0.48404431343078613,0.0006751858745701611,7.506434940296458e-07
59.31666666666666,0.04703127220273018,-7.663737051188946e-06,1.8511879034122103e-06,0.4841960370540619,0.48417842388153076,0.000674521317705512,9.333631169283763e-06
59.333333333333336,0.04704432934522629,-7.5766583904623985e-06,4.13792861309048e-07,0.48433002829551697,0.48431307077407837,0.0006753531633876264,-2.904884058807511e-05
59.35,0.04705753177404404,-7.618684321641922e-06,1.625284880901745e-06,0.48446476459503174,0.4844469726085663,0.0006743075209669769,-1.4175084288581274e-05
59.36666666666667,0.047070592641830444,-7.597904186695814e-06,2.844929554157716e-07,0.4845987856388092,0.4845803380012512,0.000675348739605397,-1.96962046175031e-05
59.38333333333333,0.04708372801542282,-7.689232006669044e-06,1.5317825727834133e-06,0.4847331643104553,0.48471468687057495,0.0006731047760695219,-2.9893852115492336e-05
59.4,0.0470968596637249,-7.645983714610338e-06,1.525324137219286e-06,0.48486629128456116,0.4848479926586151,0.0006700475350953639,2.5721717975102365e-05
59.416666666666664,0.04710985720157623,-7.563678082078695e-06,5.603601582748752e-09,0.48500052094459534,0.48498183488845825,0.0006725763669237494,3.809763438766822e-05
59.43333333333333,0.04712303355336189,-7.694237865507603e-06,1.631412260394427e-06,0.4851337671279907,0.4851151704788208,0.0006711583118885756,-1.4126504538580775e-05
59.449999999999996,0.04713604599237442,-7.609487511217594e-06,3.3251507147724624e-07,0.48526713252067566,0.48524901270866394,0.0006719852099195123,-3.446743721724488e-05
59.46666666666667,0.04714921489357948,-7.635506335645914e-06,1.900266852317145e-06,0.4853999614715576,0.48538365960121155,0.0006709308363497257,-2.7108817448606715e-05
59.483333333333334,0.047162216156721115,-7.569789886474609e-06,4.1125974803435383e-07,0.4855336844921112,0.4855159521102905,0.0006718368385918438,-3.1141022191150114e-05
59.5,0.04717528074979782,-7.622060365974903e-06,1.6673374148012954e-06,0.48566681146621704,0.4856489598751068,0.0006692354800179601,4.295106919016689e-05
59.516666666666666,0.04718831181526184,-7.617229130119085e-06,4.3984542230646184e-07,0.4857999086380005,0.4857828915119171,0.000671261572279036,-2.7852300263475627e-05
59.53333333333333,0.047201354056596756,-7.652852218598127e-06,7.9460443203061e-07,0.4859331250190735,0.48591580986976624,0.0006712457397952676,-4.709489076049067e-05
59.55,0.047214407473802567,-7.618102245032787e-06,1.5401509472212638e-06,0.48606643080711365,0.4860486686229706,0.0006689593428745866,-1.548740874568466e-05
59.56666666666666,0.04722737520933151,-7.600872777402401e-06,3.092306997132255e-07,0.4861990809440613,0.48618221282958984,0.0006706637796014547,-4.283268208382651e-05
59.583333333333336,0.04724051058292389,-7.628405001014471e-06,1.4866715218886384e-06,0.4863334596157074,0.48631551861763,0.0006712284521199763,6.523284810100449e-06
59.6,0.0472535565495491,-7.646100129932165e-06,2.9035041393399297e-07,0.4864663779735565,0.48644864559173584,0.0006725169369019568,-1.7367565305903554e-05
59.61666666666667,0.04726674035191536,-7.679394911974669e-06,1.9487301869958173e-06,0.48660022020339966,0.4865834712982178,0.0006715082563459873,-1.1954882211284712e-05
59.63333333333333,0.047279730439186096,-7.622642442584038e-06,7.888266395639221e-08,0.48673415184020996,0.48671528697013855,0.000673072412610054,1.3044214028923307e-05
59.65,0.04729294031858444,-7.688591722398996e-06,1.8875836076404084e-06,0.4868679940700531,0.48685023188591003,0.000673303788062185,-7.771085392960231e-07
59.666666666666664,0.04730604216456413,-7.618975359946489e-06,1.336267700935423e-06,0.4870024025440216,0.48698511719703674,0.0006745955324731767,-3.162588200211758e-06
59.68333333333333,0.04731912538409233,-7.65122240409255e-06,6.671635901511763e-07,0.4871380925178528,0.4871164858341217,0.0006703722756356001,6.35294709354639e-05
59.699999999999996,0.047332245856523514,-7.604772690683603e-06,1.2954350268046255e-06,0.48727068305015564,0.48725128173828125,0.0006724514532834291,5.617196802631952e-05
59.71666666666667,0.04734541475772858,-7.6212454587221146e-06,1.5043124221847393e-06,0.48740506172180176,0.48738619685173035,0.0006733137997798622,1.971996607608162e-05
59.733333333333334,0.04735848680138588,-7.633876521140337e-06,1.5508956607845903e-07,0.48753848671913147,0.48751911520957947,0.0006744884303770959,3.5519748053047806e-05
59.75,0.047371722757816315,-7.659546099603176e-06,1.5169284779403824e-06,0.48767325282096863,0.48765382170677185,0.0006741366232745349,3.468892100499943e-05
59.766666666666666,0.047385044395923615,-7.6221185736358166e-06,1.4815794884270872e-06,0.4878092110157013,0.48779037594795227,0.0006853407830931246,-4.145588263781974e-06
59.78333333333333,0.047398265451192856,-7.632886990904808e-06,1.206341949000489e-06,0.48794448375701904,0.48792484402656555,0.0006790292682126164,6.051635500625707e-05
59.8,0.04741143807768822,-7.67136225476861e-06,1.5376339206341072e-06,0.48807820677757263,0.4880600869655609,0.0006752065964974463,-2.0450133888516575e-05
59.81666666666666,0.04742449149489403,-7.588416337966919e-06,2.9946885859999384e-08,0.4882122278213501,0.48819398880004883,0.0006753806374035776,-3.194783130311407e-05
59.833333333333336,0.047437720000743866,-7.678987458348274e-06,1.504861415924097e-06,0.48834720253944397,0.48832830786705017,0.000674086157232523,5.633860837406246e-06
59.85,0.047450777143239975,-7.589929737150669e-06,2.0160904057320295e-07,0.48848021030426025,0.4884626269340515,0.000674830109346658,-9.982251867768355e-06
59.86666666666667,0.04746389389038086,-7.606693543493748e-06,1.09199061171239e-06,0.4886150360107422,0.4885950982570648,0.0006717094220221043,6.776536611141637e-05
59.88333333333333,0.047477055341005325,-7.663620635867119e-06,1.2239845545991557e-06,0.488747775554657,0.48873037099838257,0.0006749684107489884,-1.8971819372382015e-05
59.9,0.047490112483501434,-7.609429303556681e-06,5.926992230342876e-07,0.48888176679611206,0.4888647198677063,0.0006736349896527827,-2.974641029140912e-05
59.916666666666664,0.04750321805477142,-7.602968253195286e-06,1.1771412573580164e-06,0.4890155494213104,0.4889969825744629,0.0006709506851620972,6.372128700604662e-05
59.93333333333333,0.0475163459777832,-7.668102625757456e-06,1.69576458119991e-06,0.48914989829063416,0.4891316294670105,0.0006723557016812265,1.2807346138288267e-05
59.949999999999996,0.04752928763628006,-7.548602297902107e-06,5.996830623189453e-07,0.4892827868461609,0.4892651438713074,0.000669540255330503,-8.856208296492696e-06
59.96666666666667,0.04754249006509781,-7.708149496465921e-06,2.061723307633656e-06,0.48941540718078613,0.4893987774848938,0.0006688844878226519,-3.966565418522805e-05
59.983333333333334,0.047555435448884964,-7.59749673306942e-06,-2.0932814592811155e-08,0.4895496666431427,0.4895302951335907,0.0006714100018143654,5.184298515814589e-06
