host_time_s,phase,seq,mcu_time_ms,dt_us,mode,flags,left_setpoint_rps,right_setpoint_rps,left_wheel_rps,right_wheel_rps,left_encoder_delta,right_encoder_delta,left_encoder_total,right_encoder_total,left_pwm,right_pwm,odom_x_m,odom_y_m,odom_heading_rad,current_linear_mps,current_angular_rps,sonar_distance_cm,left_setpoint_dbg,left_measured_dbg,left_error,left_p,left_i,left_ff,left_pid_out,left_out,right_setpoint_dbg,right_measured_dbg,right_error,right_p,right_i,right_ff,right_pid_out,right_out
0.597278,monitor,22887,572301,25012,0,2,0.000000,0.000000,0.000000,0.000000,0,0,125208,148458,0,0,-0.015445,0.096970,-0.344039,0.000000,0.000000,-1,,,,,,,,,,,,,,,,
0.597278,monitor,22888,572325,24996,0,2,0.000000,0.000000,0.000000,0.000000,0,0,125208,148458,0,0,-0.015445,0.096970,-0.344039,0.000000,0.000000,-1,,,,,,,,,,,,,,,,
0.597278,monitor,22889,572350,24992,0,2,0.000000,0.000000,0.000000,0.000000,0,0,125208,148458,0,0,-0.015445,0.096970,-0.344039,0.000000,0.000000,-1,,,,,,,,,,,,,,,,
0.597278,monitor,22890,572376,25016,0,2,0.000000,0.000000,0.000000,0.000000,0,0,125208,148458,0,0,-0.015445,0.096970,-0.344039,0.000000,0.000000,-1,,,,,,,,,,,,,,,,
0.597278,monitor,22891,572400,25016,0,2,0.000000,0.000000,0.000000,0.000000,0,0,125208,148458,0,0,-0.015445,0.096970,-0.344039,0.000000,0.000000,-1,,,,,,,,,,,,,,,,
0.597278,monitor,22892,572426,24988,0,2,0.000000,0.000000,0.000000,0.000000,0,0,125208,148458,0,0,-0.015445,0.096970,-0.344039,0.000000,0.000000,-1,,,,,,,,,,,,,,,,
0.597278,monitor,22893,572450,24984,0,2,0.000000,0.000000,0.000000,0.000000,0,0,125208,148458,0,0,-0.015445,0.096970,-0.344039,0.000000,0.000000,-1,,,,,,,,,,,,,,,,
0.597278,monitor,22894,572475,25020,0,2,0.000000,0.000000,0.000000,0.000000,0,0,125208,148458,0,0,-0.015445,0.096970,-0.344039,0.000000,0.000000,-1,,,,,,,,,,,,,,,,
0.597278,monitor,22895,572500,24984,0,2,0.000000,0.000000,0.000000,0.000000,0,0,125208,148458,0,0,-0.015445,0.096970,-0.344039,0.000000,0.000000,-1,,,,,,,,,,,,,,,,
0.597278,monitor,22896,572525,25020,0,2,0.000000,0.000000,0.000000,0.000000,0,0,125208,148458,0,0,-0.015445,0.096970,-0.344039,0.000000,0.000000,-1,,,,,,,,,,,,,,,,
0.597278,monitor,22897,572551,24980,0,2,0.000000,0.000000,0.000000,0.000000,0,0,125208,148458,0,0,-0.015445,0.096970,-0.344039,0.000000,0.000000,-1,,,,,,,,,,,,,,,,
0.597278,monitor,22898,572575,24996,0,2,0.000000,0.000000,0.000000,0.000000,0,0,125208,148458,0,0,-0.015445,0.096970,-0.344039,0.000000,0.000000,-1,,,,,,,,,,,,,,,,
0.806695,monitor,22899,572601,25020,1,0,0.000000,0.000000,0.000000,0.000000,0,0,125208,148458,0,0,-0.015445,0.096970,-0.344039,0.000000,0.000000,-1,,,,,,,,,,,,,,,,
0.806695,monitor,22900,572625,25000,1,0,0.000000,0.000000,0.000000,0.000000,0,0,125208,148458,0,0,-0.015445,0.096970,-0.344039,0.000000,0.000000,-1,,,,,,,,,,,,,,,,
0.806695,monitor,22901,572651,25000,1,0,0.000000,0.000000,0.000000,0.000000,0,0,125208,148458,0,0,-0.015445,0.096970,-0.344039,0.000000,0.000000,-1,,,,,,,,,,,,,,,,
0.806695,monitor,22902,572676,24984,1,0,0.000000,0.000000,0.000000,0.000000,0,0,125208,148458,0,0,-0.015445,0.096970,-0.344039,0.000000,0.000000,-1,,,,,,,,,,,,,,,,
0.806695,monitor,22903,572700,25008,1,0,0.000000,0.000000,0.000000,0.000000,0,0,125208,148458,0,0,-0.015445,0.096970,-0.344039,0.000000,0.000000,-1,,,,,,,,,,,,,,,,
0.806695,monitor,22904,572726,25008,1,0,0.000000,0.000000,0.000000,0.000000,0,0,125208,148458,0,0,-0.015445,0.096970,-0.344039,0.000000,0.000000,-1,,,,,,,,,,,,,,,,
0.806695,monitor,22905,572750,24984,1,0,0.000000,0.000000,0.000000,0.000000,0,0,125208,148458,0,0,-0.015445,0.096970,-0.344039,0.000000,0.000000,-1,,,,,,,,,,,,,,,,
0.806695,monitor,22906,572776,25008,1,0,0.000000,0.000000,0.000000,0.000000,0,0,125208,148458,0,0,-0.015445,0.096970,-0.344039,0.000000,0.000000,-1,,,,,,,,,,,,,,,,
0.831127,monitor,22907,572801,25004,1,0,0.000000,0.000000,0.000000,0.000000,0,0,125208,148458,0,0,-0.015445,0.096970,-0.344039,0.000000,0.000000,-1,,,,,,,,,,,,,,,,
0.842679,monitor,22908,572825,24992,1,0,0.000000,0.000000,0.000000,0.000000,0,0,125208,148458,0,0,-0.015445,0.096970,-0.344039,0.000000,0.000000,-1,,,,,,,,,,,,,,,,
0.870310,monitor,22909,572851,25004,1,0,0.000000,0.000000,0.000000,0.000000,0,0,125208,148458,0,0,-0.015445,0.096970,-0.344039,0.000000,0.000000,-1,,,,,,,,,,,,,,,,
0.904711,monitor,22910,572875,25004,1,0,0.000000,0.000000,0.000000,0.000000,0,0,125208,148458,0,0,-0.015445,0.096970,-0.344039,0.000000,0.000000,-1,,,,,,,,,,,,,,,,
0.925863,monitor,22911,572901,24980,1,0,0.000000,0.000000,0.000000,0.000000,0,0,125208,148458,0,0,-0.015445,0.096970,-0.344039,0.000000,0.000000,-1,,,,,,,,,,,,,,,,
0.948037,monitor,22912,572925,25024,1,0,0.000000,0.000000,0.000000,0.000000,0,0,125208,148458,0,0,-0.015445,0.096970,-0.344039,0.000000,0.000000,-1,,,,,,,,,,,,,,,,
0.977507,monitor,22913,572951,24992,1,0,0.000000,0.000000,0.000000,0.000000,0,0,125208,148458,0,0,-0.015445,0.096970,-0.344039,0.000000,0.000000,-1,,,,,,,,,,,,,,,,
0.999020,monitor,22914,572976,24984,1,0,0.000000,0.000000,0.000000,0.000000,0,0,125208,148458,0,0,-0.015445,0.096970,-0.344039,0.000000,0.000000,-1,,,,,,,,,,,,,,,,
1.026074,monitor,22915,573000,25008,1,0,0.000000,0.000000,0.000000,0.000000,0,0,125208,148458,0,0,-0.015445,0.096970,-0.344039,0.000000,0.000000,-1,,,,,,,,,,,,,,,,
1.042218,monitor,22916,573026,25008,1,0,0.000000,0.000000,0.000000,0.000000,0,0,125208,148458,0,0,-0.015445,0.096970,-0.344039,0.000000,0.000000,-1,,,,,,,,,,,,,,,,
1.069747,monitor,22917,573050,24992,1,0,0.000000,0.000000,0.000000,0.000000,0,0,125208,148458,0,0,-0.015445,0.096970,-0.344039,0.000000,0.000000,-1,,,,,,,,,,,,,,,,
1.095428,monitor,22918,573076,25000,1,0,0.000000,0.000000,0.000000,0.000000,0,0,125208,148458,0,0,-0.015445,0.096970,-0.344039,0.000000,0.000000,-1,,,,,,,,,,,,,,,,
1.123203,monitor,22919,573101,25016,1,0,0.000000,0.000000,0.000000,0.000000,0,0,125208,148458,0,0,-0.015445,0.096970,-0.344039,0.000000,0.000000,-1,,,,,,,,,,,,,,,,
1.145919,monitor,22920,573125,25008,1,0,0.000000,0.000000,0.000000,0.000000,0,0,125208,148458,0,0,-0.015445,0.096970,-0.344039,0.000000,0.000000,-1,,,,,,,,,,,,,,,,
1.173340,monitor,22921,573151,24980,1,0,0.000000,0.000000,0.000000,0.000000,0,0,125208,148458,0,0,-0.015445,0.096970,-0.344039,0.000000,0.000000,-1,,,,,,,,,,,,,,,,
1.196510,monitor,22922,573175,25020,1,0,0.000000,0.000000,0.000000,0.000000,0,0,125208,148458,0,0,-0.015445,0.096970,-0.344039,0.000000,0.000000,-1,,,,,,,,,,,,,,,,
1.224575,monitor,22923,573201,24980,1,0,0.000000,0.000000,0.000000,0.000000,0,0,125208,148458,0,0,-0.015445,0.096970,-0.344039,0.000000,0.000000,-1,,,,,,,,,,,,,,,,
1.251775,monitor,22924,573225,24992,1,0,0.000000,0.000000,0.000000,0.000000,0,0,125208,148458,0,0,-0.015445,0.096970,-0.344039,0.000000,0.000000,-1,,,,,,,,,,,,,,,,
1.274681,monitor,22925,573251,25012,1,0,0.000000,0.000000,0.000000,0.000000,0,0,125208,148458,0,0,-0.015445,0.096970,-0.344039,0.000000,0.000000,-1,,,,,,,,,,,,,,,,
1.295643,monitor,22926,573276,25008,1,0,0.000000,0.000000,0.000000,0.000000,0,0,125208,148458,0,0,-0.015445,0.096970,-0.344039,0.000000,0.000000,-1,,,,,,,,,,,,,,,,
1.323580,monitor,22927,573300,25004,1,0,0.000000,0.000000,0.000000,0.000000,0,0,125208,148458,0,0,-0.015445,0.096970,-0.344039,0.000000,0.000000,-1,,,,,,,,,,,,,,,,
1.350989,monitor,22928,573326,24984,1,0,0.000000,0.000000,0.000000,0.000000,0,0,125208,148458,0,0,-0.015445,0.096970,-0.344039,0.000000,0.000000,-1,,,,,,,,,,,,,,,,
1.373719,monitor,22929,573350,24988,1,0,0.000000,0.000000,0.000000,0.000000,0,0,125208,148458,0,0,-0.015445,0.096970,-0.344039,0.000000,0.000000,-1,,,,,,,,,,,,,,,,
1.401259,monitor,22930,573376,25004,1,0,0.000000,0.000000,0.000000,0.000000,0,0,125208,148458,0,0,-0.015445,0.096970,-0.344039,0.000000,0.000000,-1,,,,,,,,,,,,,,,,
1.423525,monitor,22931,573401,24996,1,0,0.000000,0.000000,0.000000,0.000000,0,0,125208,148458,0,0,-0.015445,0.096970,-0.344039,0.000000,0.000000,-1,,,,,,,,,,,,,,,,
1.450237,monitor,22932,573425,25012,1,0,0.000000,0.000000,0.000000,0.000000,0,0,125208,148458,0,0,-0.015445,0.096970,-0.344039,0.000000,0.000000,-1,,,,,,,,,,,,,,,,
1.472810,monitor,22933,573451,24988,1,0,0.000000,0.000000,0.000000,0.000000,0,0,125208,148458,0,0,-0.015445,0.096970,-0.344039,0.000000,0.000000,-1,,,,,,,,,,,,,,,,
1.501882,monitor,22934,573475,25012,1,0,0.000000,0.000000,0.000000,0.000000,0,0,125208,148458,0,0,-0.015445,0.096970,-0.344039,0.000000,0.000000,-1,,,,,,,,,,,,,,,,
1.524575,monitor,22935,573501,25008,1,0,0.000000,0.000000,0.000000,0.000000,0,0,125208,148458,0,0,-0.015445,0.096970,-0.344039,0.000000,0.000000,-1,,,,,,,,,,,,,,,,
1.552640,monitor,22936,573526,25000,1,0,0.000000,0.000000,0.000000,0.000000,0,0,125208,148458,0,0,-0.015445,0.096970,-0.344039,0.000000,0.000000,-1,,,,,,,,,,,,,,,,
1.575542,monitor,22937,573550,25000,1,0,0.000000,0.000000,0.000000,0.000000,0,0,125208,148458,0,0,-0.015445,0.096970,-0.344039,0.000000,0.000000,-1,,,,,,,,,,,,,,,,
1.607370,monitor,22938,573576,24988,1,0,0.000000,0.000000,0.000000,0.000000,0,0,125208,148458,0,0,-0.015445,0.096970,-0.344039,0.000000,0.000000,-1,,,,,,,,,,,,,,,,
1.624580,monitor,22939,573600,25016,1,0,0.000000,0.000000,0.000000,0.000000,0,0,125208,148458,0,0,-0.015445,0.096970,-0.344039,0.000000,0.000000,-1,,,,,,,,,,,,,,,,
1.657000,monitor,22940,573626,24988,1,0,0.000000,0.000000,0.000000,0.000000,0,0,125208,148458,0,0,-0.015445,0.096970,-0.344039,0.000000,0.000000,-1,,,,,,,,,,,,,,,,
1.674120,monitor,22941,573650,24992,1,0,0.000000,0.000000,0.000000,0.000000,0,0,125208,148458,0,0,-0.015445,0.096970,-0.344039,0.000000,0.000000,-1,,,,,,,,,,,,,,,,
1.702115,monitor,22942,573676,25008,1,0,0.000000,0.000000,0.000000,0.000000,0,0,125208,148458,0,0,-0.015445,0.096970,-0.344039,0.000000,0.000000,-1,,,,,,,,,,,,,,,,
1.729985,monitor,22943,573701,24996,1,0,0.000000,0.000000,0.000000,0.000000,0,0,125208,148458,0,0,-0.015445,0.096970,-0.344039,0.000000,0.000000,-1,,,,,,,,,,,,,,,,
1.752855,monitor,22944,573725,24996,1,0,0.000000,0.000000,0.000000,0.000000,0,0,125208,148458,0,0,-0.015445,0.096970,-0.344039,0.000000,0.000000,-1,,,,,,,,,,,,,,,,
1.780164,monitor,22945,573751,25000,1,0,0.000000,0.000000,0.000000,0.000000,0,0,125208,148458,0,0,-0.015445,0.096970,-0.344039,0.000000,0.000000,-1,,,,,,,,,,,,,,,,
1.802777,monitor,22946,573775,25004,1,0,0.000000,0.000000,0.000000,0.000000,0,0,125208,148458,0,0,-0.015445,0.096970,-0.344039,0.000000,0.000000,-1,,,,,,,,,,,,,,,,
1.828814,monitor,22947,573801,25016,1,0,0.000000,0.000000,0.000000,0.000000,0,0,125208,148458,0,0,-0.015445,0.096970,-0.344039,0.000000,0.000000,-1,,,,,,,,,,,,,,,,
1.851677,monitor,22948,573826,24992,1,0,0.000000,0.000000,0.000000,0.000000,0,0,125208,148458,0,0,-0.015445,0.096970,-0.344039,0.000000,0.000000,-1,,,,,,,,,,,,,,,,
1.878487,monitor,22949,573850,24992,1,0,0.000000,0.000000,0.000000,0.000000,0,0,125208,148458,0,0,-0.015445,0.096970,-0.344039,0.000000,0.000000,-1,,,,,,,,,,,,,,,,
1.907031,monitor,22950,573876,24992,1,0,0.000000,0.000000,0.000000,0.000000,0,0,125208,148458,0,0,-0.015445,0.096970,-0.344039,0.000000,0.000000,-1,,,,,,,,,,,,,,,,
1.927510,monitor,22951,573900,25000,1,0,0.000000,0.000000,0.000000,0.000000,0,0,125208,148458,0,0,-0.015445,0.096970,-0.344039,0.000000,0.000000,-1,,,,,,,,,,,,,,,,
1.956026,monitor,22952,573926,25020,1,0,0.000000,0.000000,0.000000,0.000000,0,0,125208,148458,0,0,-0.015445,0.096970,-0.344039,0.000000,0.000000,-1,,,,,,,,,,,,,,,,
1.980718,monitor,22953,573950,24980,1,0,0.000000,0.000000,0.000000,0.000000,0,0,125208,148458,0,0,-0.015445,0.096970,-0.344039,0.000000,0.000000,-1,,,,,,,,,,,,,,,,
2.003579,monitor,22954,573976,25020,1,0,0.000000,0.000000,0.000000,0.000000,0,0,125208,148458,0,0,-0.015445,0.096970,-0.344039,0.000000,0.000000,-1,,,,,,,,,,,,,,,,
2.035657,monitor,22955,574001,24988,1,0,0.000000,0.000000,0.000000,0.000000,0,0,125208,148458,0,0,-0.015445,0.096970,-0.344039,0.000000,0.000000,-1,,,,,,,,,,,,,,,,
2.058078,monitor,22956,574025,24996,1,0,0.000000,0.000000,0.000000,0.000000,0,0,125208,148458,0,0,-0.015445,0.096970,-0.344039,0.000000,0.000000,-1,,,,,,,,,,,,,,,,
2.088362,monitor,22957,574051,25008,1,0,0.000000,0.000000,0.000000,0.000000,0,0,125208,148458,0,0,-0.015445,0.096970,-0.344039,0.000000,0.000000,-1,,,,,,,,,,,,,,,,
2.105360,monitor,22958,574075,25008,1,0,0.000000,0.000000,0.000000,0.000000,0,0,125208,148458,0,0,-0.015445,0.096970,-0.344039,0.000000,0.000000,-1,,,,,,,,,,,,,,,,
2.144560,monitor,22959,574101,24992,1,0,0.000000,0.000000,0.000000,0.000000,0,0,125208,148458,0,0,-0.015445,0.096970,-0.344039,0.000000,0.000000,-1,,,,,,,,,,,,,,,,
2.156129,monitor,22960,574126,24988,1,0,0.000000,0.000000,0.000000,0.000000,0,0,125208,148458,0,0,-0.015445,0.096970,-0.344039,0.000000,0.000000,-1,,,,,,,,,,,,,,,,
2.192205,monitor,22961,574150,25008,1,0,0.000000,0.000000,0.000000,0.000000,0,0,125208,148458,0,0,-0.015445,0.096970,-0.344039,0.000000,0.000000,-1,,,,,,,,,,,,,,,,
2.209283,monitor,22962,574176,25032,1,0,0.000000,0.000000,0.000000,0.000000,0,0,125208,148458,0,0,-0.015445,0.096970,-0.344039,0.000000,0.000000,-1,,,,,,,,,,,,,,,,
2.231640,monitor,22963,574200,25060,1,0,0.000000,0.000000,0.000000,0.000000,0,0,125208,148458,0,0,-0.015445,0.096970,-0.344039,0.000000,0.000000,-1,,,,,,,,,,,,,,,,
2.257244,monitor,22964,574226,24904,1,0,0.000000,0.000000,0.000000,0.000000,0,0,125208,148458,0,0,-0.015445,0.096970,-0.344039,0.000000,0.000000,-1,,,,,,,,,,,,,,,,
2.285752,monitor,22965,574251,25004,1,0,0.000000,0.000000,0.000000,0.000000,0,0,125208,148458,0,0,-0.015445,0.096970,-0.344039,0.000000,0.000000,-1,,,,,,,,,,,,,,,,
2.311373,monitor,22966,574275,24996,1,0,0.000000,0.000000,0.000000,0.000000,0,0,125208,148458,0,0,-0.015445,0.096970,-0.344039,0.000000,0.000000,-1,,,,,,,,,,,,,,,,
2.334204,monitor,22967,574301,24996,1,0,0.000000,0.000000,0.000000,0.000000,0,0,125208,148458,0,0,-0.015445,0.096970,-0.344039,0.000000,0.000000,-1,,,,,,,,,,,,,,,,
2.360188,monitor,22968,574325,25012,1,0,0.000000,0.000000,0.000000,0.000000,0,0,125208,148458,0,0,-0.015445,0.096970,-0.344039,0.000000,0.000000,-1,,,,,,,,,,,,,,,,
2.383039,monitor,22969,574351,25000,1,0,0.000000,0.000000,0.000000,0.000000,0,0,125208,148458,0,0,-0.015445,0.096970,-0.344039,0.000000,0.000000,-1,,,,,,,,,,,,,,,,
2.410432,monitor,22970,574375,25000,1,0,0.000000,0.000000,0.000000,0.000000,0,0,125208,148458,0,0,-0.015445,0.096970,-0.344039,0.000000,0.000000,-1,,,,,,,,,,,,,,,,
2.433234,monitor,22971,574401,25004,1,0,0.000000,0.000000,0.000000,0.000000,0,0,125208,148458,0,0,-0.015445,0.096970,-0.344039,0.000000,0.000000,-1,,,,,,,,,,,,,,,,
2.459003,monitor,22972,574426,24988,1,0,0.000000,0.000000,0.000000,0.000000,0,0,125208,148458,0,0,-0.015445,0.096970,-0.344039,0.000000,0.000000,-1,,,,,,,,,,,,,,,,
2.487402,monitor,22973,574450,25028,1,0,0.000000,0.000000,0.000000,0.000000,0,0,125208,148458,0,0,-0.015445,0.096970,-0.344039,0.000000,0.000000,-1,,,,,,,,,,,,,,,,
2.516111,monitor,22974,574476,24968,1,0,0.000000,0.000000,0.000000,0.000000,0,0,125208,148458,0,0,-0.015445,0.096970,-0.344039,0.000000,0.000000,-1,,,,,,,,,,,,,,,,
2.539240,monitor,22975,574500,25024,1,0,0.000000,0.000000,0.000000,0.000000,0,0,125208,148458,0,0,-0.015445,0.096970,-0.344039,0.000000,0.000000,-1,,,,,,,,,,,,,,,,
2.565774,monitor,22976,574526,24976,1,0,0.000000,0.000000,0.000000,0.000000,0,0,125208,148458,0,0,-0.015445,0.096970,-0.344039,0.000000,0.000000,-1,,,,,,,,,,,,,,,,
2.588751,monitor,22977,574551,25028,1,0,0.000000,0.000000,0.000000,0.000000,0,0,125208,148458,0,0,-0.015445,0.096970,-0.344039,0.000000,0.000000,-1,,,,,,,,,,,,,,,,
2.617683,monitor,22978,574575,24992,1,0,0.000000,0.000000,0.000000,0.000000,0,0,125208,148458,0,0,-0.015445,0.096970,-0.344039,0.000000,0.000000,-1,,,,,,,,,,,,,,,,
2.640212,monitor,22979,574601,24996,1,0,0.000000,0.000000,0.000000,0.000000,0,0,125208,148458,0,0,-0.015445,0.096970,-0.344039,0.000000,0.000000,-1,,,,,,,,,,,,,,,,
2.668758,monitor,22980,574625,25012,1,0,0.000000,0.000000,0.000000,0.000000,0,0,125208,148458,0,0,-0.015445,0.096970,-0.344039,0.000000,0.000000,-1,,,,,,,,,,,,,,,,
2.685874,monitor,22981,574651,24972,1,0,0.000000,0.000000,0.000000,0.000000,0,0,125208,148458,0,0,-0.015445,0.096970,-0.344039,0.000000,0.000000,-1,,,,,,,,,,,,,,,,
2.718190,monitor,22982,574675,25028,1,0,0.000000,0.000000,0.000000,0.000000,0,0,125208,148458,0,0,-0.015445,0.096970,-0.344039,0.000000,0.000000,-1,,,,,,,,,,,,,,,,
2.740709,monitor,22983,574700,24972,1,0,0.000000,0.000000,0.000000,0.000000,0,0,125208,148458,0,0,-0.015445,0.096970,-0.344039,0.000000,0.000000,-1,,,,,,,,,,,,,,,,
2.763531,monitor,22984,574726,25020,1,0,0.000000,0.000000,0.000000,0.000000,0,0,125208,148458,0,0,-0.015445,0.096970,-0.344039,0.000000,0.000000,-1,,,,,,,,,,,,,,,,
2.787734,monitor,22985,574750,24988,1,0,0.000000,0.000000,0.000000,0.000000,0,0,125208,148458,0,0,-0.015445,0.096970,-0.344039,0.000000,0.000000,-1,,,,,,,,,,,,,,,,
2.816065,monitor,22986,574776,25000,1,0,0.000000,0.000000,0.000000,0.000000,0,0,125208,148458,0,0,-0.015445,0.096970,-0.344039,0.000000,0.000000,-1,,,,,,,,,,,,,,,,
2.845676,monitor,22987,574800,25016,1,0,0.000000,0.000000,0.000000,0.000000,0,0,125208,148458,0,0,-0.015445,0.096970,-0.344039,0.000000,0.000000,-1,,,,,,,,,,,,,,,,
2.862879,monitor,22988,574826,24984,1,0,0.000000,0.000000,0.000000,0.000000,0,0,125208,148458,0,0,-0.015445,0.096970,-0.344039,0.000000,0.000000,-1,,,,,,,,,,,,,,,,
2.892671,monitor,22989,574851,25008,1,0,0.000000,0.000000,0.000000,0.000000,0,0,125208,148458,0,0,-0.015445,0.096970,-0.344039,0.000000,0.000000,-1,,,,,,,,,,,,,,,,
2.915569,monitor,22990,574875,24984,1,0,0.000000,0.000000,0.000000,0.000000,0,0,125208,148458,0,0,-0.015445,0.096970,-0.344039,0.000000,0.000000,-1,,,,,,,,,,,,,,,,
2.942210,monitor,22991,574901,25024,1,0,0.000000,0.000000,0.000000,0.000000,0,0,125208,148458,0,0,-0.015445,0.096970,-0.344039,0.000000,0.000000,-1,,,,,,,,,,,,,,,,
2.964890,monitor,22992,574925,24984,1,0,0.000000,0.000000,0.000000,0.000000,0,0,125208,148458,0,0,-0.015445,0.096970,-0.344039,0.000000,0.000000,-1,,,,,,,,,,,,,,,,
2.991385,monitor,22993,574951,25032,1,0,0.000000,0.000000,0.000000,0.000000,0,0,125208,148458,0,0,-0.015445,0.096970,-0.344039,0.000000,0.000000,-1,,,,,,,,,,,,,,,,
3.019492,monitor,22994,574976,24964,1,0,0.000000,0.000000,0.000000,0.000000,0,0,125208,148458,0,0,-0.015445,0.096970,-0.344039,0.000000,0.000000,-1,,,,,,,,,,,,,,,,
3.042645,monitor,22995,575000,25020,1,0,0.000000,0.000000,0.000000,0.000000,0,0,125208,148458,0,0,-0.015445,0.096970,-0.344039,0.000000,0.000000,-1,,,,,,,,,,,,,,,,
3.071208,monitor,22996,575026,24988,1,0,0.000000,0.000000,0.000000,0.000000,0,0,125208,148458,0,0,-0.015445,0.096970,-0.344039,0.000000,0.000000,-1,,,,,,,,,,,,,,,,
3.095144,monitor,22997,575050,25016,1,0,0.000000,0.000000,0.000000,0.000000,0,0,125208,148458,0,0,-0.015445,0.096970,-0.344039,0.000000,0.000000,-1,,,,,,,,,,,,,,,,
3.118132,monitor,22998,575076,24976,1,0,0.000000,0.000000,0.000000,0.000000,0,0,125208,148458,0,0,-0.015445,0.096970,-0.344039,0.000000,0.000000,-1,,,,,,,,,,,,,,,,
3.147918,monitor,22999,575100,25008,1,0,0.000000,0.000000,0.000000,0.000000,0,0,125208,148458,0,0,-0.015445,0.096970,-0.344039,0.000000,0.000000,-1,,,,,,,,,,,,,,,,
3.170197,monitor,23000,575126,25008,1,0,0.000000,0.000000,0.000000,0.000000,0,0,125208,148458,0,0,-0.015445,0.096970,-0.344039,0.000000,0.000000,-1,,,,,,,,,,,,,,,,
3.203994,monitor,23001,575151,25012,1,0,0.000000,0.000000,0.000000,0.000000,0,0,125208,148458,0,0,-0.015445,0.096970,-0.344039,0.000000,0.000000,-1,,,,,,,,,,,,,,,,
3.221212,monitor,23002,575175,24992,1,0,0.000000,0.000000,0.000000,0.000000,0,0,125208,148458,0,0,-0.015445,0.096970,-0.344039,0.000000,0.000000,-1,,,,,,,,,,,,,,,,
3.251009,monitor,23003,575201,24988,1,0,0.000000,0.000000,0.000000,0.000000,0,0,125208,148458,0,0,-0.015445,0.096970,-0.344039,0.000000,0.000000,-1,,,,,,,,,,,,,,,,
3.268136,monitor,23004,575225,25004,1,0,0.000000,0.000000,0.000000,0.000000,0,0,125208,148458,0,0,-0.015445,0.096970,-0.344039,0.000000,0.000000,-1,,,,,,,,,,,,,,,,
3.306137,monitor,23005,575251,25000,1,0,0.000000,0.000000,0.000000,0.000000,0,0,125208,148458,0,0,-0.015445,0.096970,-0.344039,0.000000,0.000000,-1,,,,,,,,,,,,,,,,
3.323266,monitor,23006,575276,24988,1,0,0.000000,0.000000,0.000000,0.000000,0,0,125208,148458,0,0,-0.015445,0.096970,-0.344039,0.000000,0.000000,-1,,,,,,,,,,,,,,,,
3.346243,monitor,23007,575300,25004,1,0,0.000000,0.000000,0.000000,0.000000,0,0,125208,148458,0,0,-0.015445,0.096970,-0.344039,0.000000,0.000000,-1,,,,,,,,,,,,,,,,
3.368980,monitor,23008,575326,25000,1,0,0.000000,0.000000,0.000000,0.000000,0,0,125208,148458,0,0,-0.015445,0.096970,-0.344039,0.000000,0.000000,-1,,,,,,,,,,,,,,,,
3.397755,monitor,23009,575350,24996,1,0,0.000000,0.000000,0.000000,0.000000,0,0,125208,148458,0,0,-0.015445,0.096970,-0.344039,0.000000,0.000000,-1,,,,,,,,,,,,,,,,
3.423615,monitor,23010,575376,25020,1,0,0.000000,0.000000,0.000000,0.000000,0,0,125208,148458,0,0,-0.015445,0.096970,-0.344039,0.000000,0.000000,-1,,,,,,,,,,,,,,,,
3.446385,monitor,23011,575400,25000,1,0,0.000000,0.000000,0.000000,0.000000,0,0,125208,148458,0,0,-0.015445,0.096970,-0.344039,0.000000,0.000000,-1,,,,,,,,,,,,,,,,
3.472497,monitor,23012,575426,25000,1,0,0.000000,0.000000,0.000000,0.000000,0,0,125208,148458,0,0,-0.015445,0.096970,-0.344039,0.000000,0.000000,-1,,,,,,,,,,,,,,,,
3.500473,monitor,23013,575451,25004,1,0,0.000000,0.000000,0.000000,0.000000,0,0,125208,148458,0,0,-0.015445,0.096970,-0.344039,0.000000,0.000000,-1,,,,,,,,,,,,,,,,
3.522286,monitor,23014,575475,24988,1,0,0.000000,0.000000,0.000000,0.000000,0,0,125208,148458,0,0,-0.015445,0.096970,-0.344039,0.000000,0.000000,-1,,,,,,,,,,,,,,,,
3.545377,monitor,23015,575501,25000,1,0,0.000000,0.000000,0.000000,0.000000,0,0,125208,148458,0,0,-0.015445,0.096970,-0.344039,0.000000,0.000000,-1,,,,,,,,,,,,,,,,
3.570651,monitor,23016,575525,25000,1,0,0.000000,0.000000,0.000000,0.000000,0,0,125208,148458,0,0,-0.015445,0.096970,-0.344039,0.000000,0.000000,-1,,,,,,,,,,,,,,,,
3.599091,monitor,23017,575551,24992,1,0,0.000000,0.000000,0.000000,0.000000,0,0,125208,148458,0,0,-0.015445,0.096970,-0.344039,0.000000,0.000000,-1,,,,,,,,,,,,,,,,
3.625257,monitor,23018,575576,25004,1,0,0.000000,0.000000,0.000000,0.000000,0,0,125208,148458,0,0,-0.015445,0.096970,-0.344039,0.000000,0.000000,-1,,,,,,,,,,,,,,,,
3.648111,monitor,23019,575600,25012,1,0,0.000000,0.000000,0.000000,0.000000,0,0,125208,148458,0,0,-0.015445,0.096970,-0.344039,0.000000,0.000000,-1,,,,,,,,,,,,,,,,
3.680846,monitor,23020,575626,25000,1,0,0.000000,0.000000,0.000000,0.000000,0,0,125208,148458,0,0,-0.015445,0.096970,-0.344039,0.000000,0.000000,-1,,,,,,,,,,,,,,,,
3.697927,monitor,23021,575650,25000,1,0,0.000000,0.000000,0.000000,0.000000,0,0,125208,148458,0,0,-0.015445,0.096970,-0.344039,0.000000,0.000000,-1,,,,,,,,,,,,,,,,
3.735251,monitor,23022,575676,25048,1,0,0.000000,0.000000,0.000000,0.000000,0,0,125208,148458,0,0,-0.015445,0.096970,-0.344039,0.000000,0.000000,-1,,,,,,,,,,,,,,,,
3.752456,monitor,23023,575700,24928,1,0,0.000000,0.000000,0.000000,0.000000,0,0,125208,148458,0,0,-0.015445,0.096970,-0.344039,0.000000,0.000000,-1,,,,,,,,,,,,,,,,
3.775290,monitor,23024,575725,25016,1,0,0.000000,0.000000,0.000000,0.000000,0,0,125208,148458,0,0,-0.015445,0.096970,-0.344039,0.000000,0.000000,-1,,,,,,,,,,,,,,,,
3.802579,monitor,23025,575751,25004,1,0,0.000000,0.000000,0.000000,0.000000,0,0,125208,148458,0,0,-0.015445,0.096970,-0.344039,0.000000,0.000000,-1,,,,,,,,,,,,,,,,
3.825707,monitor,23026,575775,24992,1,0,0.000000,0.000000,0.000000,0.000000,0,0,125208,148458,0,0,-0.015445,0.096970,-0.344039,0.000000,0.000000,-1,,,,,,,,,,,,,,,,
3.849541,monitor,23027,575801,24996,1,0,0.000000,0.000000,0.000000,0.000000,0,0,125208,148458,0,0,-0.015445,0.096970,-0.344039,0.000000,0.000000,-1,,,,,,,,,,,,,,,,
3.877812,monitor,23028,575825,25016,1,0,0.000000,0.000000,0.000000,0.000000,0,0,125208,148458,0,0,-0.015445,0.096970,-0.344039,0.000000,0.000000,-1,,,,,,,,,,,,,,,,
3.903515,monitor,23029,575851,24976,1,0,0.000000,0.000000,0.000000,0.000000,0,0,125208,148458,0,0,-0.015445,0.096970,-0.344039,0.000000,0.000000,-1,,,,,,,,,,,,,,,,
3.926326,monitor,23030,575876,25032,1,0,0.000000,0.000000,0.000000,0.000000,0,0,125208,148458,0,0,-0.015445,0.096970,-0.344039,0.000000,0.000000,-1,,,,,,,,,,,,,,,,
3.952455,monitor,23031,575900,24968,1,0,0.000000,0.000000,0.000000,0.000000,0,0,125208,148458,0,0,-0.015445,0.096970,-0.344039,0.000000,0.000000,-1,,,,,,,,,,,,,,,,
3.980666,monitor,23032,575926,25016,1,0,3.000000,3.000000,0.000000,0.000000,0,0,125208,148458,126,122,-0.015445,0.096970,-0.344039,0.000000,0.000000,-1,,,,,,,,,,,,,,,,
4.001490,monitor,23033,575951,25008,1,0,3.000000,3.000000,0.918468,0.628426,19,13,125229,148472,118,118,-0.012702,0.095979,-0.349648,0.116633,-0.224294,-1,,,,,,,,,,,,,,,,
4.030112,monitor,23034,575976,25000,1,0,3.000000,3.000000,2.079304,1.595745,43,33,125272,148506,105,108,-0.006205,0.093575,-0.358997,0.277092,-0.373944,-1,,,,,,,,,,,,,,,,
4.055257,monitor,23035,576002,24992,1,0,3.000000,3.000000,2.225083,2.128341,46,44,125319,148550,104,103,0.001473,0.090686,-0.360866,0.328240,-0.074813,-1,,,,,,,,,,,,,,,,
4.078153,monitor,23036,576026,24992,1,0,3.000000,3.000000,2.418569,2.321826,50,48,125369,148599,103,102,0.009827,0.087524,-0.362736,0.357417,-0.074813,-1,,,,,,,,,,,,,,,,
4.119269,monitor,23037,576051,25008,1,0,3.000000,3.000000,2.610383,2.658724,54,55,125423,148654,101,98,0.019117,0.084003,-0.361801,0.397281,0.037383,-1,,,,,,,,,,,,,,,,
4.130716,monitor,23038,576076,24984,1,0,3.000000,3.000000,2.903212,2.903212,60,60,125483,148714,98,95,0.029347,0.080132,-0.361801,0.437794,0.000000,-1,,,,,,,,,,,,,,,,
4.159557,monitor,23039,576101,25000,1,0,3.000000,3.000000,2.998066,3.094778,62,64,125546,148779,96,93,0.040092,0.076077,-0.359932,0.459390,0.074789,-1,,,,,,,,,,,,,,,,
4.181981,monitor,23040,576126,25024,1,0,3.000000,3.000000,3.091810,3.140119,64,65,125610,148843,95,92,0.051099,0.071940,-0.358997,0.469876,0.037358,-1,,,,,,,,,,,,,,,,
4.212758,monitor,23041,576151,24984,1,0,3.000000,3.000000,3.193533,3.145146,66,65,125675,148909,93,91,0.062276,0.067740,-0.359932,0.477925,-0.037418,-1,,,,,,,,,,,,,,,,
4.229419,monitor,23042,576176,25016,1,0,3.000000,3.000000,3.141123,3.237773,65,67,125741,148975,94,90,0.073541,0.063513,-0.358062,0.480958,0.074741,-1,,,,,,,,,,,,,,,,
4.268064,monitor,23043,576201,25000,1,0,3.000000,3.000000,3.191489,3.191489,66,66,125807,149042,93,90,0.084809,0.059296,-0.358062,0.481265,0.000000,-1,,,,,,,,,,,,,,,,
4.285234,monitor,23044,576226,24996,1,0,3.000000,3.000000,3.192000,3.192000,66,66,125873,149107,92,90,0.096078,0.055080,-0.358062,0.481342,0.000000,-1,,,,,,,,,,,,,,,,
4.315732,monitor,23045,576251,25012,1,0,3.000000,3.000000,3.189959,3.189959,66,66,125938,149174,92,89,0.107346,0.050863,-0.358062,0.481034,0.000000,-1,,,,,,,,,,,,,,,,
4.332461,monitor,23046,576276,24972,1,0,3.000000,3.000000,3.098248,3.195068,64,66,126003,149240,93,89,0.118448,0.046721,-0.356192,0.474505,0.074872,-1,,,,,,,,,,,,,,,,
4.368276,monitor,23047,576302,25020,1,0,3.000000,3.000000,3.140621,3.188938,65,66,126068,149306,92,88,0.129641,0.042562,-0.355257,0.477238,0.037364,-1,,,,,,,,,,,,,,,,
4.385337,monitor,23048,576326,24996,1,0,3.000000,3.000000,3.095273,3.192000,64,66,126131,149372,92,88,0.140754,0.038451,-0.353388,0.474049,0.074801,-1,,,,,,,,,,,,,,,,
4.408197,monitor,23049,576351,25016,1,0,3.000000,3.000000,3.092798,3.189448,64,66,126195,149438,92,88,0.151875,0.034361,-0.351518,0.473670,0.074741,-1,,,,,,,,,,,,,,,,
4.431703,monitor,23050,576376,24984,1,0,3.000000,3.000000,3.096760,3.193533,64,66,126259,149503,92,87,0.163004,0.030291,-0.349648,0.474277,0.074837,-1,,,,,,,,,,,,,,,,
4.460129,monitor,23051,576401,24992,1,0,3.000000,3.000000,3.144140,3.192511,65,66,126324,149570,91,87,0.174224,0.026206,-0.348713,0.477772,0.037406,-1,,,,,,,,,,,,,,,,
4.481897,monitor,23052,576427,25000,1,0,3.000000,3.000000,3.046422,3.143133,63,65,126388,149635,92,87,0.185192,0.022230,-0.346844,0.466682,0.074789,-1,,,,,,,,,,,,,,,,
4.510397,monitor,23053,576451,24992,1,0,3.000000,3.000000,3.095768,3.192511,64,66,126452,149701,91,86,0.196340,0.018212,-0.344974,0.474125,0.074813,-1,,,,,,,,,,,,,,,,
4.534245,monitor,23054,576476,24996,1,0,3.000000,3.000000,3.095273,3.192000,64,66,126516,149767,91,86,0.207495,0.014215,-0.343104,0.474049,0.074801,-1,,,,,,,,,,,,,,,,
4.562816,monitor,23055,576501,25016,1,0,3.000000,3.000000,3.092798,3.189448,64,66,126580,149833,91,85,0.218657,0.010240,-0.341234,0.473670,0.074741,-1,,,,,,,,,,,,,,,,
4.588131,monitor,23056,576526,25008,1,0,3.000000,3.000000,3.093788,3.190469,64,66,126644,149898,91,85,0.229827,0.006285,-0.339365,0.473822,0.074765,-1,,,,,,,,,,,,,,,,
4.610663,monitor,23057,576551,24980,1,0,3.000000,3.000000,3.097256,3.097256,64,64,126707,149963,91,86,0.240829,0.002401,-0.339365,0.467055,0.000000,-1,,,,,,,,,,,,,,,,
4.636357,monitor,23058,576576,25004,1,0,3.000000,3.000000,2.997586,3.142631,62,65,126770,150027,92,85,0.251750,-0.001437,-0.336560,0.462961,0.112165,-1,,,,,,,,,,,,,,,,
4.659176,monitor,23059,576601,24996,1,0,3.000000,3.000000,3.095273,3.095273,64,64,126834,150092,91,86,0.262762,-0.005290,-0.336560,0.466756,0.000000,-1,,,,,,,,,,,,,,,,
4.689338,monitor,23060,576626,25004,1,0,3.000000,3.000000,3.094283,3.142631,64,65,126898,150156,90,85,0.273862,-0.009168,-0.335625,0.470252,0.037388,-1,,,,,,,,,,,,,,,,
4.712214,monitor,23061,576651,25048,1,0,3.000000,3.000000,3.088847,3.088847,64,64,126961,150220,90,85,0.284878,-0.013011,-0.335625,0.465787,0.000000,-1,,,,,,,,,,,,,,,,
4.734831,monitor,23062,576676,24964,1,0,3.000000,3.000000,3.002389,3.050815,62,63,127024,150283,91,86,0.295638,-0.016758,-0.334690,0.456401,0.037448,-1,,,,,,,,,,,,,,,,
4.763343,monitor,23063,576701,24992,1,0,3.000000,3.000000,3.047397,3.095768,63,64,127086,150347,91,85,0.306573,-0.020556,-0.333756,0.463184,0.037406,-1,,,,,,,,,,,,,,,,
4.786804,monitor,23064,576727,24988,1,0,3.000000,3.000000,2.999506,3.096264,62,64,127148,150411,91,85,0.317428,-0.024308,-0.331886,0.459610,0.074825,-1,,,,,,,,,,,,,,,,
4.815256,monitor,23065,576751,25008,1,0,3.000000,3.000000,2.997107,3.045447,62,63,127210,150475,91,85,0.328202,-0.028015,-0.330951,0.455598,0.037382,-1,,,,,,,,,,,,,,,,
4.841104,monitor,23066,576776,25004,1,0,3.000000,3.000000,2.997586,3.094283,62,64,127272,150538,91,84,0.339067,-0.031737,-0.329081,0.459316,0.074777,-1,,,,,,,,,,,,,,,,
4.863702,monitor,23067,576801,25012,1,0,3.000000,3.000000,2.996628,3.044960,62,63,127334,150601,91,85,0.349850,-0.035414,-0.328146,0.455525,0.037376,-1,,,,,,,,,,,,,,,,
4.894591,monitor,23068,576826,24980,1,0,3.000000,3.000000,2.952072,3.048861,61,63,127396,150665,92,85,0.360553,-0.039047,-0.326277,0.452460,0.074849,-1,,,,,,,,,,,,,,,,
4.911774,monitor,23069,576851,25020,1,0,3.000000,3.000000,3.043987,3.092304,63,64,127458,150729,91,84,0.371520,-0.042752,-0.325342,0.462665,0.037364,-1,,,,,,,,,,,,,,,,
4.950038,monitor,23070,576876,24976,1,0,3.000000,3.000000,3.000947,3.146154,62,65,127520,150793,91,83,0.382494,-0.046436,-0.322537,0.463480,0.112291,-1,,,,,,,,,,,,,,,,
4.967372,monitor,23071,576902,25044,1,0,3.000000,3.000000,3.041070,3.089340,63,64,127584,150857,91,84,0.393475,-0.050100,-0.321602,0.462222,0.037329,-1,,,,,,,,,,,,,,,,
4.990328,monitor,23072,576926,24956,1,0,3.000000,3.000000,3.051793,3.051793,63,63,127647,150920,90,84,0.404371,-0.053731,-0.321602,0.460200,0.000000,-1,,,,,,,,,,,,,,,,
5.018079,monitor,23073,576951,25004,1,0,3.000000,3.000000,3.094283,3.094283,64,64,127710,150984,90,83,0.415439,-0.057418,-0.321602,0.466607,0.000000,-1,,,,,,,,,,,,,,,,
5.040624,monitor,23074,576976,24996,1,0,3.000000,3.000000,3.046909,3.095273,63,64,127774,151049,90,83,0.426423,-0.061072,-0.320668,0.463110,0.037400,-1,,,,,,,,,,,,,,,,
5.066937,monitor,23075,577001,25012,1,0,3.000000,3.000000,3.044960,3.141626,63,65,127836,151113,90,82,0.437499,-0.064739,-0.318798,0.466458,0.074753,-1,,,,,,,,,,,,,,,,
5.089806,monitor,23076,577027,25016,1,0,3.000000,3.000000,3.044473,3.044473,63,63,127899,151176,90,83,0.448405,-0.068339,-0.318798,0.459096,0.000000,-1,,,,,,,,,,,,,,,,
5.118802,monitor,23077,577051,24996,1,0,3.000000,3.000000,3.095273,3.095273,64,64,127963,151241,89,83,0.459484,-0.071996,-0.318798,0.466756,0.000000,-1,,,,,,,,,,,,,,,,
5.141428,monitor,23078,577076,24992,1,0,3.000000,3.000000,3.047397,3.047397,63,63,128027,151304,90,83,0.470391,-0.075595,-0.318798,0.459537,0.000000,-1,,,,,,,,,,,,,,,,
5.167079,monitor,23079,577101,25000,1,0,3.000000,3.000000,3.046422,3.046422,63,63,128089,151366,90,83,0.481297,-0.079195,-0.318798,0.459390,0.000000,-1,,,,,,,,,,,,,,,,
5.195647,monitor,23080,577126,24988,1,0,3.000000,3.000000,2.999506,3.047885,62,63,128152,151430,90,83,0.492118,-0.082761,-0.317863,0.455963,0.037412,-1,,,,,,,,,,,,,,,,
5.215811,monitor,23081,577152,25024,1,0,3.000000,3.000000,3.091810,3.043500,64,63,128215,151492,89,83,0.503112,-0.086384,-0.318798,0.462591,-0.037359,-1,,,,,,,,,,,,,,,,
5.244395,monitor,23082,577176,24976,1,0,3.000000,3.000000,3.000947,3.049349,62,63,128278,151555,90,83,0.513933,-0.089950,-0.317863,0.456182,0.037430,-1,,,,,,,,,,,,,,,,
5.270414,monitor,23083,577201,25012,1,0,3.000000,3.000000,3.044960,2.996628,63,62,128340,151618,89,83,0.524754,-0.093516,-0.318798,0.455525,-0.037376,-1,,,,,,,,,,,,,,,,
5.293182,monitor,23084,577226,25000,1,0,0.000000,0.000000,2.998066,2.998066,62,62,128402,151679,-35,-38,0.535487,-0.097058,-0.318798,0.452098,0.000000,-1,,,,,,,,,,,,,,,,
5.328381,monitor,23085,577251,25012,1,0,0.000000,0.000000,2.029974,2.223304,42,46,128442,151723,-27,-32,0.543109,-0.099558,-0.315058,0.320690,0.149506,-1,,,,,,,,,,,,,,,,
5.345481,monitor,23086,577275,24984,1,0,0.000000,0.000000,0.580642,0.822577,12,17,128453,151739,-9,-16,0.545624,-0.100371,-0.310384,0.105800,0.187091,-1,,,,,,,,,,,,,,,,
5.379188,monitor,23087,577301,24992,1,0,0.000000,0.000000,0.048371,0.096743,1,2,128454,151741,-2,-6,0.545884,-0.100455,-0.309449,0.010941,0.037406,-1,,,,,,,,,,,,,,,,
5.396374,monitor,23088,577326,24996,1,0,0.000000,0.000000,0.048364,0.000000,1,0,128455,151741,-2,-5,0.545971,-0.100483,-0.310384,0.003647,-0.037400,-1,,,,,,,,,,,,,,,,
5.434030,monitor,23089,577351,25008,1,0,0.000000,0.000000,0.048340,0.000000,1,0,128456,151741,-2,-5,0.546058,-0.100510,-0.311319,0.003645,-0.037382,-1,,,,,,,,,,,,,,,,
5.445500,monitor,23090,577376,25024,1,0,0.000000,0.000000,0.000000,0.000000,0,0,128456,151741,-2,-5,0.546058,-0.100510,-0.311319,0.000000,0.000000,-1,,,,,,,,,,,,,,,,
5.468344,monitor,23091,577400,24972,1,0,0.000000,0.000000,0.000000,-0.048410,0,-1,128456,151740,-2,-4,0.545971,-0.100482,-0.312254,-0.003650,-0.037436,-1,,,,,,,,,,,,,,,,
5.496553,monitor,23092,577426,25004,1,0,0.000000,0.000000,0.000000,-0.048348,0,-1,128456,151738,-2,-4,0.545885,-0.100454,-0.313189,-0.003645,-0.037388,-1,,,,,,,,,,,,,,,,
5.519550,monitor,23093,577451,25004,1,0,0.000000,0.000000,0.000000,-0.096696,0,-2,128456,151737,-2,-3,0.545711,-0.100398,-0.315058,-0.007291,-0.074777,-1,,,,,,,,,,,,,,,,
5.548731,monitor,23094,577475,24996,1,0,0.000000,0.000000,0.000000,0.000000,0,0,128456,151737,-2,-5,0.545711,-0.100398,-0.315058,0.000000,0.000000,-1,,,,,,,,,,,,,,,,
5.571589,monitor,23095,577501,25008,1,0,0.000000,0.000000,0.000000,-0.048340,0,-1,128456,151736,-2,-4,0.545625,-0.100370,-0.315993,-0.003645,-0.037382,-1,,,,,,,,,,,,,,,,
5.597648,monitor,23096,577525,25004,1,0,0.000000,0.000000,0.000000,-0.048348,0,-1,128456,151735,-2,-4,0.545538,-0.100341,-0.316928,-0.003645,-0.037388,-1,,,,,,,,,,,,,,,,
5.620547,monitor,23097,577551,24988,1,0,0.000000,0.000000,0.000000,0.000000,0,0,128456,151735,-2,-4,0.545538,-0.100341,-0.316928,0.000000,0.000000,-1,,,,,,,,,,,,,,,,
5.648037,monitor,23098,577575,25000,1,0,0.000000,0.000000,0.000000,0.000000,0,0,128456,151735,-2,-4,0.545538,-0.100341,-0.316928,0.000000,0.000000,-1,,,,,,,,,,,,,,,,
5.670882,monitor,23099,577601,24992,1,0,0.000000,0.000000,0.000000,0.000000,0,0,128456,151735,-2,-4,0.545538,-0.100341,-0.316928,0.000000,0.000000,-1,,,,,,,,,,,,,,,,
5.696155,monitor,23100,577626,25028,1,0,0.000000,0.000000,0.000000,0.000000,0,0,128456,151735,-2,-4,0.545538,-0.100341,-0.316928,0.000000,0.000000,-1,,,,,,,,,,,,,,,,
5.724867,monitor,23101,577650,24988,1,0,0.000000,0.000000,0.000000,0.000000,0,0,128456,151735,-2,-4,0.545538,-0.100341,-0.316928,0.000000,0.000000,-1,,,,,,,,,,,,,,,,
5.748321,monitor,23102,577676,25008,1,0,0.000000,0.000000,0.000000,0.000000,0,0,128456,151735,-2,-4,0.545538,-0.100341,-0.316928,0.000000,0.000000,-1,,,,,,,,,,,,,,,,
5.770753,monitor,23103,577700,24980,1,0,0.000000,0.000000,0.000000,0.000000,0,0,128456,151735,-2,-4,0.545538,-0.100341,-0.316928,0.000000,0.000000,-1,,,,,,,,,,,,,,,,
5.796707,monitor,23104,577726,25016,1,0,0.000000,0.000000,0.000000,0.000000,0,0,128456,151735,-2,-4,0.545538,-0.100341,-0.316928,0.000000,0.000000,-1,,,,,,,,,,,,,,,,
5.825268,monitor,23105,577751,24980,1,0,0.000000,0.000000,0.000000,0.000000,0,0,128456,151735,-2,-4,0.545538,-0.100341,-0.316928,0.000000,0.000000,-1,,,,,,,,,,,,,,,,
5.852539,monitor,23106,577775,25016,1,0,0.000000,0.000000,0.000000,0.000000,0,0,128456,151735,-2,-4,0.545538,-0.100341,-0.316928,0.000000,0.000000,-1,,,,,,,,,,,,,,,,
5.874811,monitor,23107,577801,25000,1,0,0.000000,0.000000,0.000000,0.000000,0,0,128456,151735,-2,-4,0.545538,-0.100341,-0.316928,0.000000,0.000000,-1,,,,,,,,,,,,,,,,
5.907958,monitor,23108,577825,25008,1,0,0.000000,0.000000,-0.048340,0.000000,-1,0,128455,151735,-1,-4,0.545451,-0.100313,-0.315993,-0.003645,0.037382,-1,,,,,,,,,,,,,,,,
5.925115,monitor,23109,577851,24976,1,0,0.000000,0.000000,0.000000,0.000000,0,0,128455,151735,-2,-4,0.545451,-0.100313,-0.315993,0.000000,0.000000,-1,,,,,,,,,,,,,,,,
5.957589,monitor,23110,577875,25012,1,0,0.000000,0.000000,0.000000,0.000000,0,0,128455,151735,-2,-4,0.545451,-0.100313,-0.315993,0.000000,0.000000,-1,,,,,,,,,,,,,,,,
5.973810,monitor,23111,577901,24992,1,0,0.000000,0.000000,0.000000,0.000000,0,0,128455,151735,-2,-4,0.545451,-0.100313,-0.315993,0.000000,0.000000,-1,,,,,,,,,,,,,,,,
6.009474,monitor,23112,577926,25024,1,0,0.000000,0.000000,0.000000,0.000000,0,0,128455,151735,-2,-4,0.545451,-0.100313,-0.315993,0.000000,0.000000,-1,,,,,,,,,,,,,,,,
6.026650,monitor,23113,577950,24984,1,0,0.000000,0.000000,0.000000,0.000000,0,0,128455,151735,-2,-4,0.545451,-0.100313,-0.315993,0.000000,0.000000,-1,,,,,,,,,,,,,,,,
6.049575,monitor,23114,577976,25012,1,0,0.000000,0.000000,0.000000,0.000000,0,0,128455,151735,-2,-4,0.545451,-0.100313,-0.315993,0.000000,0.000000,-1,,,,,,,,,,,,,,,,
6.079203,monitor,23115,578000,24996,1,0,0.000000,0.000000,0.000000,0.000000,0,0,128455,151735,-2,-4,0.545451,-0.100313,-0.315993,0.000000,0.000000,-1,,,,,,,,,,,,,,,,
6.102136,monitor,23116,578026,25120,1,0,0.000000,0.000000,0.000000,0.000000,0,0,128455,151735,-2,-4,0.545451,-0.100313,-0.315993,0.000000,0.000000,-1,,,,,,,,,,,,,,,,
6.126727,monitor,23117,578051,24864,1,0,0.000000,0.000000,0.000000,0.000000,0,0,128455,151735,-2,-4,0.545451,-0.100313,-0.315993,0.000000,0.000000,-1,,,,,,,,,,,,,,,,
6.155185,monitor,23118,578075,25012,1,0,0.000000,0.000000,0.000000,0.000000,0,0,128455,151735,-2,-4,0.545451,-0.100313,-0.315993,0.000000,0.000000,-1,,,,,,,,,,,,,,,,
6.180867,monitor,23119,578101,25000,1,0,0.000000,0.000000,0.000000,0.000000,0,0,128455,151735,-2,-4,0.545451,-0.100313,-0.315993,0.000000,0.000000,-1,,,,,,,,,,,,,,,,
6.203123,monitor,23120,578125,24988,1,0,0.000000,0.000000,0.000000,0.000000,0,0,128455,151735,-2,-4,0.545451,-0.100313,-0.315993,0.000000,0.000000,-1,,,,,,,,,,,,,,,,
6.229263,monitor,23121,578151,25012,1,0,0.000000,0.000000,0.000000,0.000000,0,0,128455,151735,-2,-4,0.545451,-0.100313,-0.315993,0.000000,0.000000,-1,,,,,,,,,,,,,,,,
6.252181,monitor,23122,578176,24984,1,0,0.000000,0.000000,0.000000,0.000000,0,0,128455,151735,-2,-4,0.545451,-0.100313,-0.315993,0.000000,0.000000,-1,,,,,,,,,,,,,,,,
6.277669,monitor,23123,578200,25008,1,0,0.000000,0.000000,0.000000,0.000000,0,0,128455,151735,-2,-4,0.545451,-0.100313,-0.315993,0.000000,0.000000,-1,,,,,,,,,,,,,,,,
6.306268,monitor,23124,578226,24996,1,0,0.000000,0.000000,0.000000,0.000000,0,0,128455,151735,-2,-4,0.545451,-0.100313,-0.315993,0.000000,0.000000,-1,,,,,,,,,,,,,,,,
6.332560,monitor,23125,578250,25020,1,0,0.000000,0.000000,0.000000,0.000000,0,0,128455,151735,-2,-4,0.545451,-0.100313,-0.315993,0.000000,0.000000,-1,,,,,,,,,,,,,,,,
6.355405,monitor,23126,578276,25004,1,0,0.000000,0.000000,0.000000,0.000000,0,0,128455,151735,-2,-4,0.545451,-0.100313,-0.315993,0.000000,0.000000,-1,,,,,,,,,,,,,,,,
6.386735,monitor,23127,578300,24996,1,0,0.000000,0.000000,0.000000,0.000000,0,0,128455,151735,-2,-4,0.545451,-0.100313,-0.315993,0.000000,0.000000,-1,,,,,,,,,,,,,,,,
6.403864,monitor,23128,578326,24984,1,0,0.000000,0.000000,0.000000,0.000000,0,0,128455,151735,-2,-4,0.545451,-0.100313,-0.315993,0.000000,0.000000,-1,,,,,,,,,,,,,,,,
6.441947,monitor,23129,578351,25000,1,0,0.000000,0.000000,0.000000,0.000000,0,0,128455,151735,-2,-4,0.545451,-0.100313,-0.315993,0.000000,0.000000,-1,,,,,,,,,,,,,,,,
6.458606,monitor,23130,578375,25000,1,0,0.000000,0.000000,0.000000,0.000000,0,0,128455,151735,-2,-4,0.545451,-0.100313,-0.315993,0.000000,0.000000,-1,,,,,,,,,,,,,,,,
6.481537,monitor,23131,578401,25012,1,0,0.000000,0.000000,0.000000,0.000000,0,0,128455,151735,-2,-4,0.545451,-0.100313,-0.315993,0.000000,0.000000,-1,,,,,,,,,,,,,,,,
6.509601,monitor,23132,578425,24992,1,0,0.000000,0.000000,0.000000,0.000000,0,0,128455,151735,-2,-4,0.545451,-0.100313,-0.315993,0.000000,0.000000,-1,,,,,,,,,,,,,,,,
6.547987,monitor,23133,578451,25004,1,0,-3.000000,3.000000,0.000000,0.000000,0,0,128455,151735,-128,117,0.545451,-0.100313,-0.315993,0.000000,0.000000,-1,,,,,,,,,,,,,,,,
6.559527,monitor,23134,578476,24996,1,0,-3.000000,3.000000,-0.822182,0.870546,-17,18,128436,151754,-121,110,0.545538,-0.100340,-0.283273,0.003647,1.309012,-1,,,,,,,,,,,,,,,,
6.582357,monitor,23135,578501,25004,1,0,-3.000000,3.000000,-1.933927,1.740534,-40,36,128396,151791,-109,101,0.545185,-0.100251,-0.212224,-0.014581,2.841516,-1,,,,,,,,,,,,,,,,
6.607862,monitor,23136,578526,25012,1,0,-3.000000,3.000000,-2.223304,2.078306,-46,43,128350,151835,-107,98,0.544915,-0.100204,-0.129022,-0.010933,3.326501,-1,,,,,,,,,,,,,,,,
6.636537,monitor,23137,578551,24988,1,0,-3.000000,3.000000,-2.225440,2.225440,-46,46,128304,151881,-108,98,0.544915,-0.100204,-0.043014,0.000000,3.441933,-1,,,,,,,,,,,,,,,,
6.660057,monitor,23138,578576,24992,1,0,-3.000000,3.000000,-2.370198,2.370198,-49,49,128254,151930,-108,97,0.544915,-0.100204,0.048602,0.000000,3.665820,-1,,,,,,,,,,,,,,,,
6.682955,monitor,23139,578601,25016,1,0,-3.000000,3.000000,-2.512899,2.609549,-52,54,128202,151984,-107,95,0.545097,-0.100186,0.147697,0.007287,3.961266,-1,,,,,,,,,,,,,,,,
6.708139,monitor,23140,578626,24992,1,0,-3.000000,3.000000,-2.708797,2.660426,-56,55,128146,152039,-105,95,0.545008,-0.100204,0.251466,-0.003647,4.152102,-1,,,,,,,,,,,,,,,,
6.736706,monitor,23141,578651,25004,1,0,-3.000000,3.000000,-2.707497,2.707497,-56,56,128090,152095,-105,95,0.545008,-0.100204,0.356170,0.000000,4.187498,-1,,,,,,,,,,,,,,,,
6.760924,monitor,23142,578676,24988,1,0,-3.000000,3.000000,-2.757610,2.805989,-57,58,128033,152154,-105,94,0.545091,-0.100168,0.463679,0.003648,4.302416,-1,,,,,,,,,,,,,,,,
6.783858,monitor,23143,578701,25024,1,0,-3.000000,3.000000,-2.801952,2.850262,-58,59,127975,152213,-105,94,0.545170,-0.100123,0.573057,0.003642,4.370943,-1,,,,,,,,,,,,,,,,
6.813847,monitor,23144,578726,24992,1,0,-3.000000,3.000000,-2.853912,2.853912,-59,59,127916,152272,-105,94,0.545170,-0.100123,0.683371,0.000000,4.413947,-1,,,,,,,,,,,,,,,,
6.836681,monitor,23145,578751,25020,1,0,-3.000000,3.000000,-2.995669,2.995669,-62,62,127854,152333,-103,92,0.545170,-0.100123,0.799293,0.000000,4.633193,-1,,,,,,,,,,,,,,,,
6.862897,monitor,23146,578777,24976,1,0,-3.000000,3.000000,-3.049349,2.952544,-63,61,127791,152394,-102,93,0.545051,-0.100261,0.915216,-0.007299,4.641355,-1,,,,,,,,,,,,,,,,
6.885808,monitor,23147,578801,25000,1,0,-3.000000,3.000000,-3.046422,2.949710,-63,61,127728,152455,-102,93,0.544948,-0.100411,1.031138,-0.007292,4.636900,-1,,,,,,,,,,,,,,,,
6.920401,monitor,23148,578826,24988,1,0,-3.000000,3.000000,-3.096264,2.999506,-64,62,127663,152518,-101,92,0.544864,-0.100573,1.148931,-0.007295,4.713952,-1,,,,,,,,,,,,,,,,
6.937572,monitor,23149,578851,24996,1,0,-3.000000,3.000000,-3.095273,2.901819,-64,60,127599,152577,-101,94,0.544734,-0.100914,1.264853,-0.014586,4.637642,-1,,,,,,,,,,,,,,,,
6.971941,monitor,23150,578876,25016,1,0,-3.000000,3.000000,-3.044473,2.851174,-63,59,127536,152636,-102,95,0.544645,-0.101267,1.378906,-0.014574,4.559194,-1,,,,,,,,,,,,,,,,
6.989153,monitor,23151,578902,24980,1,0,-3.000000,3.000000,-3.097256,2.806888,-64,58,127472,152694,-101,96,0.544571,-0.101809,1.492959,-0.021893,4.565764,-1,,,,,,,,,,,,,,,,
7.024230,monitor,23152,578926,25024,1,0,-3.000000,3.000000,-3.091810,2.850262,-64,59,127408,152753,-101,95,0.544562,-0.102265,1.607946,-0.018212,4.595094,-1,,,,,,,,,,,,,,,,
7.040999,monitor,23153,578951,24992,1,0,-3.000000,3.000000,-3.095768,2.902283,-64,60,127345,152813,-100,95,0.544596,-0.102628,1.723869,-0.014588,4.638384,-1,,,,,,,,,,,,,,,,
7.073826,monitor,23154,578976,24992,1,0,-3.000000,3.000000,-2.999026,2.853912,-62,59,127283,152872,-102,96,0.544653,-0.102895,1.836987,-0.010941,4.526165,-1,,,,,,,,,,,,,,,,
7.091015,monitor,23155,579001,24992,1,0,-3.000000,3.000000,-2.902283,2.853912,-60,59,127222,152932,-103,96,0.544682,-0.102982,1.948235,-0.003647,4.451353,-1,,,,,,,,,,,,,,,,
7.122575,monitor,23156,579026,25016,1,0,-3.000000,3.000000,-2.947823,2.947823,-61,61,127162,152992,-103,95,0.544682,-0.102982,2.062288,0.000000,4.559193,-1,,,,,,,,,,,,,,,,
7.139700,monitor,23157,579051,24988,1,0,-3.000000,3.000000,-2.854368,2.951127,-59,61,127103,153053,-104,95,0.544587,-0.102826,2.174471,0.007295,4.489478,-1,,,,,,,,,,,,,,,,
7.162638,monitor,23158,579076,25024,1,0,-3.000000,3.000000,-2.850262,2.850262,-59,59,127044,153112,-104,97,0.544587,-0.102826,2.284784,0.000000,4.408302,-1,,,,,,,,,,,,,,,,
7.189574,monitor,23159,579101,24988,1,0,-3.000000,3.000000,-2.854368,2.805989,-59,58,126984,153170,-105,98,0.544651,-0.102891,2.394163,-0.003648,4.377241,-1,,,,,,,,,,,,,,,,
7.217889,monitor,23160,579126,25012,1,0,-3.000000,3.000000,-2.899962,2.851630,-60,59,126925,153229,-104,97,0.544721,-0.102950,2.505411,-0.003644,4.447793,-1,,,,,,,,,,,,,,,,
7.239044,monitor,23161,579151,24976,1,0,-3.000000,3.000000,-2.904142,2.758935,-60,57,126865,153287,-104,99,0.544949,-0.103100,2.614789,-0.010948,4.379344,-1,,,,,,,,,,,,,,,,
7.267711,monitor,23162,579176,25012,1,0,0.000000,0.000000,-2.899962,2.899962,-60,60,126806,153346,20,-24,0.544949,-0.103100,2.726973,0.000000,4.485169,-1,,,,,,,,,,,,,,,,
7.289088,monitor,23163,579201,24984,1,0,0.000000,0.000000,-2.129022,2.129022,-44,44,126763,153388,15,-18,0.544949,-0.103100,2.809240,0.000000,3.292811,-1,,,,,,,,,,,,,,,,
7.317387,monitor,23164,579226,25016,1,0,0.000000,0.000000,-0.918175,0.821525,-19,17,126745,153405,1,-3,0.545123,-0.103156,2.842895,-0.007287,1.345336,-1,,,,,,,,,,,,,,,,
7.344749,monitor,23165,579251,25008,1,0,0.000000,0.000000,-0.435064,0.435064,-9,9,126735,153413,-4,1,0.545123,-0.103156,2.859722,0.000000,0.672883,-1,,,,,,,,,,,,,,,,
7.366941,monitor,23166,579276,25000,1,0,0.000000,0.000000,-0.483559,0.338491,-10,7,126726,153420,-2,1,0.545386,-0.103230,2.875615,-0.010938,0.635704,-1,,,,,,,,,,,,,,,,
7.400306,monitor,23167,579301,24988,1,0,0.000000,0.000000,-0.338654,0.241896,-7,5,126719,153425,-3,2,0.545562,-0.103277,2.886833,-0.007295,0.448948,-1,,,,,,,,,,,,,,,,
7.417461,monitor,23168,579325,25028,1,0,0.000000,0.000000,-0.193207,0.096604,-4,2,126715,153427,-5,4,0.545739,-0.103323,2.892442,-0.007284,0.224115,-1,,,,,,,,,,,,,,,,
7.450435,monitor,23169,579351,24976,1,0,0.000000,0.000000,-0.096805,0.096805,-2,2,126713,153429,-6,3,0.545739,-0.103323,2.896182,0.000000,0.149721,-1,,,,,,,,,,,,,,,,
7.467405,monitor,23170,579376,24992,1,0,0.000000,0.000000,-0.048371,0.048371,-1,1,126712,153430,-6,4,0.545739,-0.103323,2.898051,0.000000,0.074813,-1,,,,,,,,,,,,,,,,
7.507718,monitor,23171,579401,25004,1,0,0.000000,0.000000,0.000000,0.048348,0,1,126712,153431,-7,4,0.545650,-0.103301,2.898986,0.003645,0.037388,-1,,,,,,,,,,,,,,,,
7.518676,monitor,23172,579426,25016,1,0,0.000000,0.000000,0.000000,0.048325,0,1,126712,153432,-7,4,0.545562,-0.103279,2.899921,0.003644,0.037370,-1,,,,,,,,,,,,,,,,
7.575923,monitor,23173,579450,24972,1,0,0.000000,0.000000,0.000000,0.000000,0,0,126712,153432,-7,4,0.545562,-0.103279,2.899921,0.000000,0.000000,-1,,,,,,,,,,,,,,,,
7.575923,monitor,23174,579476,25016,1,0,0.000000,0.000000,0.000000,0.000000,0,0,126712,153432,-7,4,0.545562,-0.103279,2.899921,0.000000,0.000000,-1,,,,,,,,,,,,,,,,
7.592857,monitor,23175,579501,24984,1,0,-3.000000,3.000000,0.000000,0.000000,0,0,126712,153432,-133,126,0.545562,-0.103279,2.899921,0.000000,0.000000,-1,,,,,,,,,,,,,,,,
7.617689,monitor,23176,579526,25008,1,0,-3.000000,3.000000,-0.870128,0.773447,-18,16,126693,153450,-126,121,0.545739,-0.103320,2.931706,-0.007290,1.271001,-1,,,,,,,,,,,,,,,,
7.644511,monitor,23177,579551,24992,1,0,-3.000000,3.000000,-1.886484,1.692998,-39,35,126652,153486,-115,112,0.546098,-0.103383,3.000886,-0.014588,2.768068,-1,,,,,,,,,,,,,,,,
7.671377,monitor,23178,579576,25012,1,0,-3.000000,3.000000,-2.319970,2.174972,-48,45,126605,153530,-111,107,0.546370,-0.103410,3.087828,-0.010933,3.476007,-1,,,,,,,,,,,,,,,,
7.693602,monitor,23179,579601,25000,1,0,-3.000000,3.000000,-2.369439,2.369439,-49,49,126555,153580,-111,106,0.546370,-0.103410,-3.103742,0.000000,3.664647,-1,,,,,,,,,,,,,,,,
7.719129,monitor,23180,579627,25004,1,0,-3.000000,3.000000,-2.610801,2.610801,-54,54,126500,153634,-109,103,0.546370,-0.103410,-3.002777,0.000000,4.037944,-1,,,,,,,,,,,,,,,,
7.747687,monitor,23181,579651,24984,1,0,0.000000,0.000000,-2.758052,2.709665,-57,56,126444,153690,18,-18,0.546460,-0.103393,-2.897138,-0.003648,4.228268,-1,,,,,,,,,,,,,,,,
7.772560,monitor,23182,579676,25004,1,0,0.000000,0.000000,-2.030623,2.030623,-42,42,126404,153730,12,-14,0.546460,-0.103393,-2.818610,0.000000,3.140624,-1,,,,,,,,,,,,,,,,
7.795294,monitor,23183,579701,25020,1,0,0.000000,0.000000,-0.869711,0.821393,-18,17,126386,153747,0,0,0.546546,-0.103362,-2.785890,-0.003643,1.307756,-1,,,,,,,,,,,,,,,,
7.822588,monitor,23184,579726,25008,1,0,0.000000,0.000000,-0.531745,0.435064,-11,9,126376,153755,-4,4,0.546716,-0.103297,-2.767192,-0.007290,0.747648,-1,,,,,,,,,,,,,,,,
7.845386,monitor,23185,579750,24992,1,0,0.000000,0.000000,-0.386971,0.483714,-8,10,126367,153766,-5,2,0.546547,-0.103365,-2.750365,0.007294,0.673314,-1,,,,,,,,,,,,,,,,
7.873492,monitor,23186,579776,24996,1,0,0.000000,0.000000,-0.386909,0.386909,-8,8,126360,153773,-4,2,0.546547,-0.103365,-2.735407,0.000000,0.598405,-1,,,,,,,,,,,,,,,,
7.896346,monitor,23187,579801,24984,1,0,0.000000,0.000000,-0.193547,0.145161,-4,3,126355,153777,-6,5,0.546631,-0.103329,-2.728863,-0.003648,0.261928,-1,,,,,,,,,,,,,,,,
7.925707,monitor,23188,579826,25004,1,0,0.000000,0.000000,-0.145045,0.096696,-3,2,126353,153778,-6,6,0.546714,-0.103292,-2.724189,-0.003645,0.186942,-1,,,,,,,,,,,,,,,,
7.948560,monitor,23189,579851,25020,1,0,0.000000,0.000000,-0.048317,0.000000,-1,0,126352,153778,-8,7,0.546797,-0.103255,-2.723254,-0.003643,0.037364,-1,,,,,,,,,,,,,,,,
7.972712,monitor,23190,579875,24980,1,0,0.000000,0.000000,0.000000,0.048395,0,1,126352,153779,-8,6,0.546714,-0.103292,-2.722319,0.003649,0.037424,-1,,,,,,,,,,,,,,,,
8.001210,monitor,23191,579901,24992,1,0,0.000000,0.000000,0.000000,0.048371,0,1,126352,153780,-8,6,0.546631,-0.103329,-2.721385,0.003647,0.037406,-1,,,,,,,,,,,,,,,,
8.027563,monitor,23192,579926,25004,1,0,0.000000,0.000000,0.000000,0.000000,0,0,126352,153780,-8,7,0.546631,-0.103329,-2.721385,0.000000,0.000000,-1,,,,,,,,,,,,,,,,
8.050503,monitor,23193,579950,25024,1,0,0.000000,0.000000,0.000000,0.000000,0,0,126352,153780,-8,7,0.546631,-0.103329,-2.721385,0.000000,0.000000,-1,,,,,,,,,,,,,,,,
8.081090,monitor,23194,579976,24988,1,0,0.000000,0.000000,0.000000,0.000000,0,0,126352,153780,-8,7,0.546631,-0.103329,-2.721385,0.000000,0.000000,-1,,,,,,,,,,,,,,,,
8.098324,monitor,23195,580000,24988,1,0,0.000000,0.000000,0.000000,0.000000,0,0,126352,153780,-8,7,0.546631,-0.103329,-2.721385,0.000000,0.000000,-1,,,,,,,,,,,,,,,,
8.132579,monitor,23196,580026,25008,1,0,0.000000,0.000000,0.000000,0.000000,0,0,126352,153780,-8,7,0.546631,-0.103329,-2.721385,0.000000,0.000000,-1,,,,,,,,,,,,,,,,
8.149703,monitor,23197,580050,25000,1,0,0.000000,0.000000,0.000000,0.000000,0,0,126352,153780,-8,7,0.546631,-0.103329,-2.721385,0.000000,0.000000,-1,,,,,,,,,,,,,,,,
8.186945,monitor,23198,580076,25004,1,0,0.000000,0.000000,0.000000,0.000000,0,0,126352,153780,-8,7,0.546631,-0.103329,-2.721385,0.000000,0.000000,-1,,,,,,,,,,,,,,,,
8.204088,monitor,23199,580101,25004,1,0,0.000000,0.000000,0.000000,0.000000,0,0,126352,153780,-8,7,0.546631,-0.103329,-2.721385,0.000000,0.000000,-1,,,,,,,,,,,,,,,,
8.226989,monitor,23200,580125,25052,1,0,0.000000,0.000000,0.000000,0.000000,0,0,126352,153780,-8,7,0.546631,-0.103329,-2.721385,0.000000,0.000000,-1,,,,,,,,,,,,,,,,
8.252746,monitor,23201,580151,24932,1,0,0.000000,0.000000,0.000000,0.000000,0,0,126352,153780,-8,7,0.546631,-0.103329,-2.721385,0.000000,0.000000,-1,,,,,,,,,,,,,,,,
8.275634,monitor,23202,580175,25020,1,0,0.000000,0.000000,0.000000,0.000000,0,0,126352,153780,-8,7,0.546631,-0.103329,-2.721385,0.000000,0.000000,-1,,,,,,,,,,,,,,,,
8.303539,monitor,23203,580201,25000,1,0,0.000000,0.000000,0.000000,0.000000,0,0,126352,153780,-8,7,0.546631,-0.103329,-2.721385,0.000000,0.000000,-1,,,,,,,,,,,,,,,,
8.326407,monitor,23204,580226,24980,1,0,0.000000,0.000000,0.000000,0.000000,0,0,126352,153780,-8,7,0.546631,-0.103329,-2.721385,0.000000,0.000000,-1,,,,,,,,,,,,,,,,
8.354072,monitor,23205,580250,25012,1,0,0.000000,0.000000,0.000000,0.000000,0,0,126352,153780,-8,7,0.546631,-0.103329,-2.721385,0.000000,0.000000,-1,,,,,,,,,,,,,,,,
8.377040,monitor,23206,580276,24996,1,0,0.000000,0.000000,0.000000,0.000000,0,0,126352,153780,-8,7,0.546631,-0.103329,-2.721385,0.000000,0.000000,-1,,,,,,,,,,,,,,,,
8.405434,monitor,23207,580300,25012,1,0,0.000000,0.000000,0.000000,0.000000,0,0,126352,153780,-8,7,0.546631,-0.103329,-2.721385,0.000000,0.000000,-1,,,,,,,,,,,,,,,,
8.428266,monitor,23208,580326,25000,1,0,0.000000,0.000000,0.000000,0.000000,0,0,126352,153780,-8,7,0.546631,-0.103329,-2.721385,0.000000,0.000000,-1,,,,,,,,,,,,,,,,
8.455666,monitor,23209,580350,25000,1,0,0.000000,0.000000,0.000000,0.000000,0,0,126352,153780,-8,7,0.546631,-0.103329,-2.721385,0.000000,0.000000,-1,,,,,,,,,,,,,,,,
8.478518,monitor,23210,580376,25008,1,0,0.000000,0.000000,0.000000,0.000000,0,0,126352,153780,-8,7,0.546631,-0.103329,-2.721385,0.000000,0.000000,-1,,,,,,,,,,,,,,,,
8.506218,monitor,23211,580401,24976,1,0,0.000000,0.000000,0.000000,0.000000,0,0,126352,153780,-8,7,0.546631,-0.103329,-2.721385,0.000000,0.000000,-1,,,,,,,,,,,,,,,,
8.529124,monitor,23212,580425,25016,1,0,0.000000,0.000000,0.000000,0.000000,0,0,126352,153780,-8,7,0.546631,-0.103329,-2.721385,0.000000,0.000000,-1,,,,,,,,,,,,,,,,
8.553099,monitor,23213,580451,24984,1,0,0.000000,0.000000,0.000000,0.000000,0,0,126352,153780,-8,7,0.546631,-0.103329,-2.721385,0.000000,0.000000,-1,,,,,,,,,,,,,,,,
8.581604,monitor,23214,580475,25000,1,0,0.000000,0.000000,0.000000,0.000000,0,0,126352,153780,-8,7,0.546631,-0.103329,-2.721385,0.000000,0.000000,-1,,,,,,,,,,,,,,,,
8.608471,monitor,23215,580501,25020,1,0,0.000000,0.000000,0.000000,0.000000,0,0,126352,153780,-8,7,0.546631,-0.103329,-2.721385,0.000000,0.000000,-1,,,,,,,,,,,,,,,,
8.630446,monitor,23216,580526,24980,1,0,0.000000,0.000000,0.000000,0.000000,0,0,126352,153780,-8,7,0.546631,-0.103329,-2.721385,0.000000,0.000000,-1,,,,,,,,,,,,,,,,
8.659856,monitor,23217,580550,24996,1,0,0.000000,0.000000,0.000000,0.000000,0,0,126352,153780,-8,7,0.546631,-0.103329,-2.721385,0.000000,0.000000,-1,,,,,,,,,,,,,,,,
8.682770,monitor,23218,580576,25008,1,0,0.000000,0.000000,0.000000,0.000000,0,0,126352,153780,-8,7,0.546631,-0.103329,-2.721385,0.000000,0.000000,-1,,,,,,,,,,,,,,,,
8.711435,monitor,23219,580600,24996,1,0,0.000000,0.000000,0.000000,0.000000,0,0,126352,153780,-8,7,0.546631,-0.103329,-2.721385,0.000000,0.000000,-1,,,,,,,,,,,,,,,,
8.734454,monitor,23220,580626,25024,1,0,0.000000,0.000000,0.000000,0.000000,0,0,126352,153780,-8,7,0.546631,-0.103329,-2.721385,0.000000,0.000000,-1,,,,,,,,,,,,,,,,
8.764028,monitor,23221,580651,24984,1,0,0.000000,0.000000,0.000000,0.000000,0,0,126352,153780,-8,7,0.546631,-0.103329,-2.721385,0.000000,0.000000,-1,,,,,,,,,,,,,,,,
8.780871,monitor,23222,580675,25000,1,0,0.000000,0.000000,0.000000,0.000000,0,0,126352,153780,-8,7,0.546631,-0.103329,-2.721385,0.000000,0.000000,-1,,,,,,,,,,,,,,,,
8.816126,monitor,23223,580701,25008,1,0,0.000000,0.000000,0.000000,0.000000,0,0,126352,153780,-8,7,0.546631,-0.103329,-2.721385,0.000000,0.000000,-1,,,,,,,,,,,,,,,,
8.832959,monitor,23224,580725,24988,1,0,3.000000,3.000000,0.000000,0.000000,0,0,126352,153780,117,129,0.546631,-0.103329,-2.721385,0.000000,0.000000,-1,,,,,,,,,,,,,,,,
8.867719,monitor,23225,580751,25004,1,0,3.000000,3.000000,0.870267,0.725223,18,15,126372,153797,110,124,0.543883,-0.104553,-2.724189,0.120297,-0.112165,-1,,,,,,,,,,,,,,,,
8.884946,monitor,23226,580776,24984,1,0,3.000000,3.000000,1.741927,1.790314,36,37,126408,153834,101,113,0.537802,-0.107253,-2.723254,0.266325,0.037418,-1,,,,,,,,,,,,,,,,
8.918036,monitor,23227,580801,25048,1,0,3.000000,3.000000,2.027056,2.364898,42,49,126451,153883,99,106,0.530233,-0.110647,-2.716710,0.331146,0.261259,-1,,,,,,,,,,,,,,,,
8.946621,monitor,23228,580827,25048,1,0,3.000000,3.000000,2.268372,2.654478,47,55,126498,153939,98,103,0.521777,-0.114511,-2.709231,0.371174,0.298582,-1,,,,,,,,,,,,,,,,
8.970971,monitor,23229,580851,24916,1,0,3.000000,3.000000,2.571503,2.862617,53,59,126551,153998,95,101,0.512520,-0.118815,-2.703622,0.409723,0.225123,-1,,,,,,,,,,,,,,,,
8.988158,monitor,23230,580876,25032,1,0,3.000000,3.000000,2.704469,3.139115,56,65,126607,154063,93,97,0.502552,-0.123534,-2.695208,0.440596,0.336119,-1,,,,,,,,,,,,,,,,
9.022183,monitor,23231,580901,24980,1,0,3.000000,3.000000,2.855283,3.194045,59,66,126666,154129,92,96,0.492291,-0.128487,-2.688664,0.456109,0.261970,-1,,,,,,,,,,,,,,,,
9.033736,monitor,23232,580926,24984,1,0,3.000000,3.000000,2.999986,3.241920,62,67,126728,154197,90,95,0.481730,-0.133657,-2.683990,0.470629,0.187091,-1,,,,,,,,,,,,,,,,
9.074688,monitor,23233,580952,25012,1,0,3.000000,3.000000,3.044960,3.286624,63,68,126791,154265,89,94,0.471031,-0.138957,-2.679316,0.477390,0.186882,-1,,,,,,,,,,,,,,,,
9.086259,monitor,23234,580976,24980,1,0,3.000000,3.000000,3.048861,3.387623,63,70,126854,154334,89,91,0.460198,-0.144399,-2.672771,0.485300,0.261970,-1,,,,,,,,,,,,,,,,
9.127088,monitor,23235,581001,25020,1,0,3.000000,3.000000,3.043987,3.333890,63,69,126917,154403,89,92,0.449480,-0.149865,-2.667162,0.480881,0.224187,-1,,,,,,,,,,,,,,,,
9.138622,monitor,23236,581026,25008,1,0,3.000000,3.000000,2.997107,3.287149,62,68,126980,154471,90,92,0.438955,-0.155308,-2.661553,0.473822,0.224294,-1,,,,,,,,,,,,,,,,
9.177938,monitor,23237,581051,24972,1,0,3.000000,3.000000,3.049838,3.243478,63,67,127042,154539,89,92,0.428455,-0.160800,-2.657814,0.474505,0.149745,-1,,,,,,,,,,,,,,,,
9.189380,monitor,23238,581076,25020,1,0,3.000000,3.000000,3.043987,3.285573,63,68,127106,154606,89,90,0.417897,-0.166378,-2.653140,0.477238,0.186822,-1,,,,,,,,,,,,,,,,
9.228844,monitor,23239,581101,25020,1,0,3.000000,3.000000,3.043987,3.237256,63,67,127169,154673,89,91,0.407444,-0.171958,-2.649400,0.473595,0.149458,-1,,,,,,,,,,,,,,,,
9.240399,monitor,23240,581126,24964,1,0,3.000000,3.000000,3.099241,3.244518,64,67,127232,154740,88,90,0.396929,-0.177616,-2.646596,0.478308,0.112345,-1,,,,,,,,,,,,,,,,
9.263353,monitor,23241,581151,25060,1,0,3.000000,3.000000,2.990888,3.232088,62,67,127294,154807,89,90,0.386595,-0.183225,-2.641922,0.469201,0.186524,-1,,,,,,,,,,,,,,,,
9.291272,monitor,23242,581176,24960,1,0,3.000000,3.000000,3.002871,3.196604,62,66,127357,154874,89,90,0.376365,-0.188835,-2.638182,0.467429,0.149817,-1,,,,,,,,,,,,,,,,
9.313945,monitor,23243,581201,24976,1,0,3.000000,3.000000,3.097752,3.242959,64,67,127420,154941,88,89,0.365914,-0.194610,-2.635378,0.478078,0.112291,-1,,,,,,,,,,,,,,,,
9.337961,monitor,23244,581226,25060,1,0,3.000000,3.000000,3.039128,3.280329,63,68,127484,155008,88,88,0.355485,-0.200424,-2.630703,0.476476,0.186524,-1,,,,,,,,,,,,,,,,
9.366465,monitor,23245,581252,24944,1,0,3.000000,3.000000,3.053261,3.247119,63,67,127546,155076,88,88,0.345159,-0.206237,-2.626964,0.475037,0.149913,-1,,,,,,,,,,,,,,,,
9.391185,monitor,23246,581276,25048,1,0,3.000000,3.000000,2.992321,3.281900,62,68,127608,155143,89,87,0.334861,-0.212098,-2.621355,0.473065,0.223936,-1,,,,,,,,,,,,,,,,
9.413850,monitor,23247,581301,25000,1,0,3.000000,3.000000,2.998066,3.239845,62,67,127670,155211,89,87,0.324672,-0.217967,-2.616681,0.470327,0.186972,-1,,,,,,,,,,,,,,,,
9.442532,monitor,23248,581326,24956,1,0,3.000000,3.000000,3.003352,3.245558,62,67,127732,155278,89,86,0.314511,-0.223883,-2.612007,0.471157,0.187301,-1,,,,,,,,,,,,,,,,
9.465416,monitor,23249,581351,25020,1,0,3.000000,3.000000,3.043987,3.237256,63,67,127795,155345,88,86,0.304296,-0.229888,-2.608267,0.473595,0.149458,-1,,,,,,,,,,,,,,,,
9.489985,monitor,23250,581377,24996,1,0,3.000000,3.000000,2.950182,3.192000,61,66,127856,155410,89,86,0.294341,-0.235796,-2.603593,0.463110,0.187002,-1,,,,,,,,,,,,,,,,
9.517848,monitor,23251,581401,25004,1,0,3.000000,3.000000,2.949238,3.142631,61,65,127918,155476,90,86,0.284490,-0.241700,-2.599854,0.459316,0.149554,-1,,,,,,,,,,,,,,,,
9.541341,monitor,23252,581426,24976,1,0,3.000000,3.000000,3.000947,3.194556,62,66,127980,155541,89,85,0.274505,-0.247734,-2.596114,0.467130,0.149721,-1,,,,,,,,,,,,,,,,
9.569844,monitor,23253,581451,25024,1,0,3.000000,3.000000,2.995190,3.140119,62,65,128042,155607,89,86,0.264617,-0.253754,-2.593310,0.462591,0.112075,-1,,,,,,,,,,,,,,,,
9.593839,monitor,23254,581476,24992,1,0,3.000000,3.000000,2.950654,3.144140,61,65,128103,155671,90,85,0.254827,-0.259759,-2.589571,0.459537,0.149625,-1,,,,,,,,,,,,,,,,
9.616437,monitor,23255,581501,24988,1,0,3.000000,3.000000,2.999506,3.047885,62,63,128165,155735,89,86,0.245129,-0.265738,-2.588636,0.455963,0.037412,-1,,,,,,,,,,,,,,,,
9.645480,monitor,23256,581526,25028,1,0,3.000000,3.000000,3.043014,3.091316,63,64,128227,155798,88,86,0.235281,-0.271822,-2.587701,0.462518,0.037353,-1,,,,,,,,,,,,,,,,
9.668370,monitor,23257,581551,24972,1,0,3.000000,3.000000,3.001428,3.049838,62,63,128289,155862,89,86,0.225593,-0.277820,-2.586766,0.456255,0.037436,-1,,,,,,,,,,,,,,,,
9.698190,monitor,23258,581576,25020,1,0,3.000000,3.000000,2.995669,3.043987,62,63,128351,155925,89,86,0.215912,-0.283827,-2.585831,0.455379,0.037364,-1,,,,,,,,,,,,,,,,
9.721125,monitor,23259,581601,24996,1,0,3.000000,3.000000,2.998546,3.095273,62,64,128413,155988,89,85,0.206161,-0.289895,-2.583961,0.459463,0.074800,-1,,,,,,,,,,,,,,,,
9.750308,monitor,23260,581626,24988,1,0,3.000000,3.000000,2.999506,3.047885,62,63,128476,156052,89,86,0.196496,-0.295929,-2.583027,0.455963,0.037412,-1,,,,,,,,,,,,,,,,
9.767423,monitor,23261,581651,25012,1,0,3.000000,3.000000,3.044960,3.044960,63,63,128538,156114,88,86,0.186757,-0.302015,-2.583027,0.459169,0.000000,-1,,,,,,,,,,,,,,,,
9.803210,monitor,23262,581677,24976,1,0,3.000000,3.000000,3.049349,3.049349,63,63,128602,156178,88,86,0.177018,-0.308102,-2.583027,0.459831,0.000000,-1,,,,,,,,,,,,,,,,
9.820404,monitor,23263,581701,25000,1,0,3.000000,3.000000,3.046422,3.094778,63,64,128665,156242,88,85,0.167204,-0.314241,-2.582092,0.463036,0.037394,-1,,,,,,,,,,,,,,,,
9.855112,monitor,23264,581726,25024,1,0,3.000000,3.000000,3.043500,3.140119,63,65,128728,156306,88,84,0.157322,-0.320443,-2.580222,0.466234,0.074717,-1,,,,,,,,,,,,,,,,
9.872268,monitor,23265,581751,25000,1,0,3.000000,3.000000,3.046422,3.094778,63,64,128791,156370,88,84,0.147526,-0.326610,-2.579287,0.463036,0.037394,-1,,,,,,,,,,,,,,,,
9.907087,monitor,23266,581776,24984,1,0,3.000000,3.000000,3.048373,3.096760,63,64,128853,156434,88,84,0.137735,-0.332786,-2.578352,0.463332,0.037418,-1,,,,,,,,,,,,,,,,
9.918605,monitor,23267,581801,25000,1,0,3.000000,3.000000,3.046422,3.094778,63,64,128916,156498,88,84,0.127950,-0.338971,-2.577418,0.463036,0.037394,-1,,,,,,,,,,,,,,,,
9.959370,monitor,23268,581826,24996,1,0,3.000000,3.000000,3.046909,3.095273,63,64,128979,156563,88,84,0.118171,-0.345166,-2.576483,0.463110,0.037400,-1,,,,,,,,,,,,,,,,
9.970856,monitor,23269,581851,25008,1,0,3.000000,3.000000,2.997107,3.093788,62,64,129042,156627,88,84,0.108477,-0.351325,-2.574613,0.459243,0.074765,-1,,,,,,,,,,,,,,,,
10.011167,monitor,23270,581876,25048,1,0,3.000000,3.000000,2.992321,3.137110,62,65,129104,156691,88,83,0.098722,-0.357556,-2.571809,0.462148,0.111968,-1,,,,,,,,,,,,,,,,
10.022674,monitor,23271,581901,24992,1,0,3.000000,3.000000,2.999026,3.047397,62,63,129165,156755,88,84,0.089131,-0.363707,-2.570874,0.455890,0.037406,-1,,,,,,,,,,,,,,,,
10.045664,monitor,23272,581926,24964,1,0,3.000000,3.000000,2.905538,3.050815,60,63,129226,156817,90,84,0.079705,-0.369777,-2.568069,0.449098,0.112345,-1,,,,,,,,,,,,,,,,
10.075058,monitor,23273,581951,24984,1,0,3.000000,3.000000,2.999986,2.999986,62,62,129287,156879,88,84,0.070211,-0.375909,-2.568069,0.452387,0.000000,-1,,,,,,,,,,,,,,,,
10.097936,monitor,23274,581977,25004,1,0,3.000000,3.000000,2.949238,3.045934,61,63,129348,156943,89,84,0.060723,-0.382051,-2.566200,0.452025,0.074777,-1,,,,,,,,,,,,,,,,
10.121823,monitor,23275,582001,25000,1,0,3.000000,3.000000,2.901354,3.046422,60,63,129408,157005,90,84,0.051325,-0.388165,-2.563395,0.448452,0.112183,-1,,,,,,,,,,,,,,,,
10.150411,monitor,23276,582026,25004,1,0,3.000000,3.000000,2.900890,2.997586,60,62,129468,157067,90,84,0.042018,-0.394251,-2.561525,0.444735,0.074777,-1,,,,,,,,,,,,,,,,
10.174171,monitor,23277,582051,25024,1,0,3.000000,3.000000,2.898571,2.995190,60,62,129528,157130,90,84,0.032723,-0.400354,-2.559656,0.444379,0.074717,-1,,,,,,,,,,,,,,,,
10.197114,monitor,23278,582076,24980,1,0,3.000000,3.000000,2.952072,3.048861,61,63,129590,157193,90,83,0.023287,-0.406575,-2.557786,0.452460,0.074849,-1,,,,,,,,,,,,,,,,
10.226499,monitor,23279,582102,24988,1,0,3.000000,3.000000,2.999506,3.047885,62,63,129651,157256,89,83,0.013783,-0.412860,-2.556851,0.455963,0.037412,-1,,,,,,,,,,,,,,,,
10.249592,monitor,23280,582126,25020,1,0,3.000000,3.000000,2.947352,3.043987,61,63,129713,157319,90,83,0.004364,-0.419108,-2.554981,0.451736,0.074729,-1,,,,,,,,,,,,,,,,
10.276820,monitor,23281,582151,25004,1,0,3.000000,3.000000,2.997586,3.094283,62,64,129774,157382,89,83,-0.005194,-0.425474,-2.553112,0.459316,0.074777,-1,,,,,,,,,,,,,,,,
10.299467,monitor,23282,582176,25024,1,0,3.000000,3.000000,3.043500,3.091810,63,64,129837,157446,89,82,-0.014820,-0.431904,-2.552177,0.462591,0.037359,-1,,,,,,,,,,,,,,,,
10.328471,monitor,23283,582201,24976,1,0,3.000000,3.000000,3.000947,3.097752,62,64,129900,157510,89,82,-0.024361,-0.438297,-2.550307,0.459831,0.074861,-1,,,,,,,,,,,,,,,,
10.351454,monitor,23284,582226,25012,1,0,3.000000,3.000000,3.093293,3.093293,64,64,129963,157574,88,82,-0.034047,-0.444801,-2.550307,0.466458,0.000000,-1,,,,,,,,,,,,,,,,
10.381117,monitor,23285,582251,24976,1,0,3.000000,3.000000,3.000947,3.049349,62,63,130026,157637,89,82,-0.043503,-0.451156,-2.549372,0.456182,0.037430,-1,,,,,,,,,,,,,,,,
10.404037,monitor,23286,582276,25000,1,0,3.000000,3.000000,2.998066,3.094778,62,64,130088,157701,89,82,-0.053026,-0.457576,-2.547503,0.459390,0.074789,-1,,,,,,,,,,,,,,,,
10.432152,monitor,23287,582301,25000,1,0,3.000000,3.000000,3.046422,3.046422,63,63,130150,157764,88,82,-0.062543,-0.464005,-2.547503,0.459390,0.000000,-1,,,,,,,,,,,,,,,,
10.454907,monitor,23288,582326,25012,1,0,3.000000,3.000000,3.044960,2.996628,63,62,130213,157826,88,83,-0.071988,-0.470378,-2.548438,0.455525,-0.037376,-1,,,,,,,,,,,,,,,,
10.484151,monitor,23289,582351,24988,1,0,3.000000,3.000000,2.951127,2.902748,61,60,130274,157886,90,84,-0.081136,-0.476538,-2.549372,0.441372,-0.037412,-1,,,,,,,,,,,,,,,,
10.501372,monitor,23290,582376,24992,1,0,3.000000,3.000000,2.999026,2.950654,62,61,130336,157947,89,84,-0.090441,-0.482792,-2.550307,0.448595,-0.037407,-1,,,,,,,,,,,,,,,,
10.537617,monitor,23291,582402,25020,1,0,3.000000,3.000000,2.947352,2.947352,61,61,130397,158009,90,84,-0.099673,-0.488991,-2.550307,0.444450,0.000000,-1,,,,,,,,,,,,,,,,
10.554902,monitor,23292,582426,24984,1,0,3.000000,3.000000,2.951599,2.951599,61,61,130459,158069,90,84,-0.108905,-0.495190,-2.550307,0.445091,0.000000,-1,,,,,,,,,,,,,,,,
10.593324,monitor,23293,582451,25032,1,0,3.000000,3.000000,3.042527,2.945939,63,61,130521,158130,89,84,-0.118295,-0.501481,-2.552177,0.451520,-0.074693,-1,,,,,,,,,,,,,,,,
10.604926,monitor,23294,582476,24984,1,0,3.000000,3.000000,2.951599,2.999986,61,62,130582,158192,90,83,-0.127611,-0.507718,-2.551242,0.448739,0.037418,-1,,,,,,,,,,,,,,,,
10.637904,monitor,23295,582501,24984,1,0,3.000000,3.000000,2.903212,2.951599,60,61,130642,158253,91,84,-0.136771,-0.513861,-2.550307,0.441442,0.037418,-1,,,,,,,,,,,,,,,,
10.655008,monitor,23296,582526,25024,1,0,3.000000,3.000000,2.995190,2.995190,62,62,130704,158315,89,84,-0.146154,-0.520162,-2.550307,0.451664,0.000000,-1,,,,,,,,,,,,,,,,
10.677818,monitor,23297,582551,25004,1,0,3.000000,3.000000,3.045934,2.997586,63,62,130767,158378,89,84,-0.155616,-0.526508,-2.551242,0.455671,-0.037388,-1,,,,,,,,,,,,,,,,
10.703953,monitor,23298,582577,24984,1,0,3.000000,3.000000,2.951599,3.048373,61,63,130828,158441,90,83,-0.165000,-0.532809,-2.549372,0.452387,0.074837,-1,,,,,,,,,,,,,,,,
10.732560,monitor,23299,582601,24992,1,0,3.000000,3.000000,2.999026,3.047397,62,63,130891,158504,89,83,-0.174450,-0.539173,-2.548438,0.455890,0.037406,-1,,,,,,,,,,,,,,,,
10.755275,monitor,23300,582626,25012,1,0,3.000000,3.000000,2.996628,2.996628,62,62,130953,158566,89,83,-0.183822,-0.545491,-2.548438,0.451881,0.000000,-1,,,,,,,,,,,,,,,,
10.783678,monitor,23301,582651,25020,1,0,3.000000,3.000000,3.043987,3.043987,63,63,131015,158628,89,83,-0.193345,-0.551910,-2.548438,0.459022,0.000000,-1,,,,,,,,,,,,,,,,
10.807088,monitor,23302,582676,24956,1,0,3.000000,3.000000,3.003352,2.954911,62,61,131078,158690,89,84,-0.202644,-0.558173,-2.549372,0.449242,-0.037460,-1,,,,,,,,,,,,,,,,
10.829899,monitor,23303,582702,25024,1,0,3.000000,3.000000,2.995190,2.946881,62,61,131140,158751,89,84,-0.211949,-0.564427,-2.550307,0.448022,-0.037359,-1,,,,,,,,,,,,,,,,
10.859093,monitor,23304,582726,24980,1,0,3.000000,3.000000,3.000466,3.000466,62,62,131202,158812,89,83,-0.221333,-0.570727,-2.550307,0.452460,0.000000,-1,,,,,,,,,,,,,,,,
10.881609,monitor,23305,582751,25020,1,0,3.000000,3.000000,2.995669,2.947352,62,61,131264,158874,89,84,-0.230643,-0.576972,-2.551242,0.448093,-0.037364,-1,,,,,,,,,,,,,,,,
10.905949,monitor,23306,582776,25000,1,0,3.000000,3.000000,2.998066,2.998066,62,62,131325,158935,89,84,-0.240033,-0.583264,-2.551242,0.452098,0.000000,-1,,,,,,,,,,,,,,,,
10.934222,monitor,23307,582801,24980,1,0,3.000000,3.000000,2.952072,2.952072,61,61,131386,158996,90,84,-0.249271,-0.589454,-2.551242,0.445162,0.000000,-1,,,,,,,,,,,,,,,,
10.958510,monitor,23308,582827,25004,1,0,3.000000,3.000000,2.949238,2.949238,61,61,131448,159057,90,84,-0.258509,-0.595644,-2.551242,0.444735,0.000000,-1,,,,,,,,,,,,,,,,
10.981387,monitor,23309,582851,25024,1,0,3.000000,3.000000,2.995190,2.946881,62,61,131509,159118,90,85,-0.267826,-0.601880,-2.552177,0.448022,-0.037359,-1,,,,,,,,,,,,,,,,
11.012224,monitor,23310,582876,24968,1,0,3.000000,3.000000,2.953490,2.953490,61,61,131570,159179,90,85,-0.277069,-0.608062,-2.552177,0.445376,0.000000,-1,,,,,,,,,,,,,,,,
11.034785,monitor,23311,582901,25004,1,0,3.000000,3.000000,2.997586,2.997586,62,62,131632,159242,90,84,-0.286465,-0.614345,-2.552177,0.452025,0.000000,-1,,,,,,,,,,,,,,,,
11.064884,monitor,23312,582926,25000,1,0,3.000000,3.000000,3.046422,2.998066,63,62,131695,159303,89,84,-0.295939,-0.620674,-2.553112,0.455744,-0.037394,-1,,,,,,,,,,,,,,,,
11.082037,monitor,23313,582951,25008,1,0,3.000000,3.000000,2.997107,2.948766,62,61,131757,159365,90,85,-0.305267,-0.626893,-2.554047,0.448308,-0.037383,-1,,,,,,,,,,,,,,,,
11.117544,monitor,23314,582976,24988,1,0,3.000000,3.000000,2.999506,2.999506,62,62,131820,159427,90,84,-0.314674,-0.633158,-2.554047,0.452315,0.000000,-1,,,,,,,,,,,,,,,,
11.134646,monitor,23315,583002,25024,1,0,3.000000,3.000000,3.043500,3.043500,63,63,131882,159489,89,83,-0.324233,-0.639524,-2.554047,0.458949,0.000000,-1,,,,,,,,,,,,,,,,
11.170287,monitor,23316,583026,24976,1,0,3.000000,3.000000,3.000947,3.000947,62,62,131945,159551,89,84,-0.333640,-0.645789,-2.554047,0.452532,0.000000,-1,,,,,,,,,,,,,,,,
11.187552,monitor,23317,583051,25020,1,0,3.000000,3.000000,3.043987,2.995669,63,62,132008,159614,89,84,-0.343126,-0.652100,-2.554981,0.455379,-0.037364,-1,,,,,,,,,,,,,,,,
11.226112,monitor,23318,583076,25056,1,0,3.000000,3.000000,3.039613,3.039613,63,63,132070,159677,89,83,-0.352691,-0.658458,-2.554981,0.458363,0.000000,-1,,,,,,,,,,,,,,,,
11.237659,monitor,23319,583101,24936,1,0,3.000000,3.000000,3.005761,3.005761,62,62,132132,159738,89,84,-0.362104,-0.664714,-2.554981,0.453258,0.000000,-1,,,,,,,,,,,,,,,,
11.260492,monitor,23320,583127,24992,1,0,3.000000,3.000000,2.950654,3.047397,61,63,132194,159801,90,83,-0.371511,-0.670979,-2.553112,0.452242,0.074813,-1,,,,,,,,,,,,,,,,
11.285233,monitor,23321,583151,24996,1,0,3.000000,3.000000,2.998546,2.998546,62,62,132255,159864,89,84,-0.380912,-0.677253,-2.553112,0.452170,0.000000,-1,,,,,,,,,,,,,,,,
11.313836,monitor,23322,583176,25000,1,0,3.000000,3.000000,2.998066,3.046422,62,63,132317,159927,89,83,-0.390386,-0.683582,-2.552177,0.455744,0.037394,-1,,,,,,,,,,,,,,,,
11.337940,monitor,23323,583201,25012,1,0,3.000000,3.000000,2.948295,3.044960,61,63,132378,159990,90,83,-0.399775,-0.689874,-2.550307,0.451881,0.074753,-1,,,,,,,,,,,,,,,,
11.360750,monitor,23324,583226,24992,1,0,3.000000,3.000000,2.950654,2.999026,61,62,132439,160051,90,84,-0.409080,-0.696128,-2.549372,0.448595,0.037407,-1,,,,,,,,,,,,,,,,
11.385075,monitor,23325,583251,25000,1,0,3.000000,3.000000,2.901354,2.998066,60,62,132499,160113,91,84,-0.418301,-0.702344,-2.547503,0.444806,0.074789,-1,,,,,,,,,,,,,,,,
11.413271,monitor,23326,583276,25008,1,0,3.000000,3.000000,2.900426,3.045447,60,63,132560,160176,91,83,-0.427582,-0.708632,-2.544698,0.448308,0.112147,-1,,,,,,,,,,,,,,,,
11.438585,monitor,23327,583301,24988,1,0,3.000000,3.000000,2.999506,2.999506,62,62,132622,160239,90,84,-0.436931,-0.714985,-2.544698,0.452315,0.000000,-1,,,,,,,,,,,,,,,,
11.467092,monitor,23328,583326,25020,1,0,3.000000,3.000000,3.043987,3.043987,63,63,132684,160301,89,83,-0.446429,-0.721440,-2.544698,0.459022,0.000000,-1,,,,,,,,,,,,,,,,
11.499509,monitor,23329,583351,24992,1,0,3.000000,3.000000,2.999026,3.047397,62,63,132747,160364,90,83,-0.455850,-0.727849,-2.543763,0.455890,0.037406,-1,,,,,,,,,,,,,,,,
11.516719,monitor,23330,583376,24992,1,0,3.000000,3.000000,2.950654,2.999026,61,62,132808,160426,91,83,-0.465114,-0.734163,-2.542829,0.448595,0.037407,-1,,,,,,,,,,,,,,,,
11.546247,monitor,23331,583401,25008,1,0,3.000000,3.000000,3.045447,2.997107,63,62,132871,160489,89,83,-0.474528,-0.740581,-2.543763,0.455598,-0.037382,-1,,,,,,,,,,,,,,,,
11.562765,monitor,23332,583427,24996,1,0,3.000000,3.000000,3.046909,3.046909,63,63,132934,160551,89,83,-0.484021,-0.747045,-2.543763,0.459463,0.000000,-1,,,,,,,,,,,,,,,,
11.598990,monitor,23333,583451,25008,1,0,3.000000,3.000000,3.045447,3.045447,63,63,132997,160614,89,83,-0.493514,-0.753509,-2.543763,0.459243,0.000000,-1,,,,,,,,,,,,,,,,
11.621922,monitor,23334,583476,25016,1,0,3.000000,3.000000,3.044473,2.996148,63,62,133060,160677,89,83,-0.502934,-0.759917,-2.544698,0.455452,-0.037370,-1,,,,,,,,,,,,,,,,
11.651167,monitor,23335,583501,24972,1,0,3.000000,3.000000,3.001428,3.049838,62,63,133121,160740,90,82,-0.512355,-0.766326,-2.543763,0.456255,0.037436,-1,,,,,,,,,,,,,,,,
11.668262,monitor,23336,583526,25028,1,0,3.000000,3.000000,2.994712,3.043014,62,63,133184,160802,90,82,-0.521769,-0.772743,-2.542829,0.455234,0.037352,-1,,,,,,,,,,,,,,,,
11.704240,monitor,23337,583552,24968,1,0,3.000000,3.000000,3.001908,2.953490,62,61,133246,160864,90,84,-0.531033,-0.779058,-2.543763,0.449026,-0.037442,-1,,,,,,,,,,,,,,,,
11.715732,monitor,23338,583576,25008,1,0,3.000000,3.000000,2.997107,2.997107,62,62,133308,160926,90,83,-0.540375,-0.785419,-2.543763,0.451953,0.000000,-1,,,,,,,,,,,,,,,,
11.757883,monitor,23339,583601,25040,1,0,3.000000,3.000000,2.993277,3.041555,62,63,133370,160988,90,82,-0.549790,-0.791837,-2.542829,0.455016,0.037335,-1,,,,,,,,,,,,,,,,
11.769387,monitor,23340,583626,24964,1,0,3.000000,3.000000,3.002389,2.953964,62,61,133432,161050,90,84,-0.559054,-0.798151,-2.543763,0.449098,-0.037448,-1,,,,,,,,,,,,,,,,
11.792314,monitor,23341,583651,25000,1,0,3.000000,3.000000,2.998066,3.046422,62,63,133494,161112,90,82,-0.568468,-0.804568,-2.542829,0.455744,0.037394,-1,,,,,,,,,,,,,,,,
11.817303,monitor,23342,583676,25012,1,0,3.000000,3.000000,2.996628,2.948295,62,61,133555,161174,90,84,-0.577732,-0.810883,-2.543763,0.448237,-0.037376,-1,,,,,,,,,,,,,,,,
11.845768,monitor,23343,583701,24992,1,0,3.000000,3.000000,2.999026,2.999026,62,62,133617,161235,90,83,-0.587074,-0.817245,-2.543763,0.452242,0.000000,-1,,,,,,,,,,,,,,,,
11.869907,monitor,23344,583727,24992,1,0,3.000000,3.000000,2.999026,2.950654,62,61,133679,161296,90,84,-0.596344,-0.823551,-2.544698,0.448595,-0.037407,-1,,,,,,,,,,,,,,,,
11.892821,monitor,23345,583751,25004,1,0,3.000000,3.000000,2.997586,2.949238,62,61,133741,161358,90,84,-0.605620,-0.829848,-2.545633,0.448380,-0.037388,-1,,,,,,,,,,,,,,,,
11.919611,monitor,23346,583776,25004,1,0,3.000000,3.000000,2.997586,2.997586,62,62,133803,161419,90,83,-0.614974,-0.836192,-2.545633,0.452025,0.000000,-1,,,,,,,,,,,,,,,,
11.942369,monitor,23347,583801,24996,1,0,3.000000,3.000000,2.998546,2.950182,62,61,133866,161480,90,84,-0.624255,-0.842480,-2.546568,0.448524,-0.037401,-1,,,,,,,,,,,,,,,,
11.973990,monitor,23348,583826,24996,1,0,3.000000,3.000000,3.046909,2.950182,63,61,133928,161542,89,84,-0.633621,-0.848807,-2.548438,0.452170,-0.074801,-1,,,,,,,,,,,,,,,,
11.996839,monitor,23349,583852,25020,1,0,3.000000,3.000000,2.995669,2.995669,62,62,133990,161604,90,84,-0.642993,-0.855125,-2.548438,0.451736,0.000000,-1,,,,,,,,,,,,,,,,
12.026894,monitor,23350,583876,24996,1,0,3.000000,3.000000,3.046909,3.046909,63,63,134053,161666,89,83,-0.652516,-0.861545,-2.548438,0.459463,0.000000,-1,,,,,,,,,,,,,,,,
12.044067,monitor,23351,583901,24976,1,0,3.000000,3.000000,3.000947,3.049349,62,63,134116,161729,89,83,-0.661960,-0.867918,-2.547503,0.456182,0.037430,-1,,,,,,,,,,,,,,,,
12.080607,monitor,23352,583926,25032,1,0,3.000000,3.000000,2.994233,2.994233,62,62,134178,161792,90,83,-0.671326,-0.874245,-2.547503,0.451520,0.000000,-1,,,,,,,,,,,,,,,,
12.097899,monitor,23353,583951,24972,1,0,3.000000,3.000000,3.049838,3.049838,63,63,134241,161855,89,83,-0.680843,-0.880673,-2.547503,0.459905,0.000000,-1,,,,,,,,,,,,,,,,
12.135124,monitor,23354,583976,25016,1,0,3.000000,-3.000000,3.044473,3.044473,63,63,134304,161918,89,-167,-0.690360,-0.887102,-2.547503,0.459096,0.000000,-1,,,,,,,,,,,,,,,,
12.146614,monitor,23355,584001,24996,1,0,3.000000,-3.000000,3.046909,1.596000,63,33,134366,161947,89,-158,-0.697679,-0.891898,-2.575548,0.350067,-1.122010,-1,,,,,,,,,,,,,,,,
12.169517,monitor,23356,584026,25036,1,0,3.000000,-3.000000,2.993755,-0.724296,62,-15,134428,161930,89,-132,-0.701375,-0.894064,-2.647532,0.171113,-2.875225,-1,,,,,,,,,,,,,,,,
12.197650,monitor,23357,584051,24984,1,0,3.000000,-3.000000,2.903212,-2.129022,60,-44,134488,161886,91,-115,-0.702691,-0.894692,-2.744758,0.058373,-3.891503,-1,,,,,,,,,,,,,,,,
12.220541,monitor,23358,584076,24964,1,0,3.000000,-3.000000,2.905538,-2.614984,60,-54,134548,161832,91,-110,-0.703206,-0.894876,-2.851332,0.021907,-4.269104,-1,,,,,,,,,,,,,,,,
12.248032,monitor,23359,584101,25028,1,0,3.000000,-3.000000,2.801505,-2.704901,58,-56,134606,161775,93,-109,-0.703383,-0.894919,-2.957906,0.007284,-4.258187,-1,,,,,,,,,,,,,,,,
12.271107,monitor,23360,584126,24984,1,0,3.000000,-3.000000,2.758052,-2.661278,57,-55,134664,161720,94,-111,-0.703564,-0.894943,-3.062610,0.007297,-4.190850,-1,,,,,,,,,,,,,,,,
12.299905,monitor,23361,584152,25016,1,0,3.000000,-3.000000,2.851174,-2.851174,59,-59,134722,161660,93,-108,-0.703564,-0.894943,3.110262,0.000000,-4.409712,-1,,,,,,,,,,,,,,,,
12.322744,monitor,23362,584176,24984,1,0,3.000000,-3.000000,2.806438,-2.951599,58,-61,134780,161600,94,-107,-0.703291,-0.894967,2.999014,-0.010945,-4.452778,-1,,,,,,,,,,,,,,,,
12.349556,monitor,23363,584201,25012,1,0,3.000000,-3.000000,2.754964,-2.899962,57,-60,134838,161539,95,-108,-0.703023,-0.895020,2.889636,-0.010933,-4.373040,-1,,,,,,,,,,,,,,,,
12.372627,monitor,23364,584226,24976,1,0,3.000000,-3.000000,2.758935,-2.904142,57,-60,134894,161480,95,-108,-0.702762,-0.895103,2.780257,-0.010948,-4.379344,-1,,,,,,,,,,,,,,,,
12.403904,monitor,23365,584251,25036,1,0,3.000000,-3.000000,2.752323,-2.897182,57,-60,134950,161420,96,-108,-0.702512,-0.895213,2.670878,-0.010922,-4.368848,-1,,,,,,,,,,,,,,,,
12.426923,monitor,23366,584276,24968,1,0,3.000000,-3.000000,2.759819,-2.953490,57,-61,135008,161359,96,-108,-0.702197,-0.895396,2.560565,-0.014602,-4.418189,-1,,,,,,,,,,,,,,,,
12.453823,monitor,23367,584301,25004,1,0,3.000000,-3.000000,2.755846,-2.949238,57,-61,135065,161298,97,-108,-0.701904,-0.895613,2.450252,-0.014581,-4.411828,-1,,,,,,,,,,,,,,,,
12.476770,monitor,23368,584326,25004,1,0,3.000000,-3.000000,2.804194,-2.900890,58,-60,135123,161237,97,-109,-0.701770,-0.895737,2.339938,-0.007291,-4.411828,-1,,,,,,,,,,,,,,,,
12.507593,monitor,23369,584351,24992,1,0,3.000000,-3.000000,2.805540,-2.999026,58,-62,135181,161175,97,-108,-0.701531,-0.896012,2.227755,-0.014588,-4.488759,-1,,,,,,,,,,,,,,,,
12.524672,monitor,23370,584376,25008,1,0,3.000000,-3.000000,2.852086,-3.045447,59,-63,135240,161113,97,-107,-0.701326,-0.896313,2.113702,-0.014579,-4.560652,-1,,,,,,,,,,,,,,,,
12.560453,monitor,23371,584401,24996,1,0,3.000000,-3.000000,2.805091,-2.950182,58,-61,135299,161051,98,-108,-0.701198,-0.896555,2.002454,-0.010940,-4.450640,-1,,,,,,,,,,,,,,,,
12.577571,monitor,23372,584426,25020,1,0,3.000000,-3.000000,2.850718,-2.995669,59,-62,135358,160989,97,-108,-0.701097,-0.896809,1.889336,-0.010929,-4.521100,-1,,,,,,,,,,,,,,,,
12.613972,monitor,23373,584452,24976,1,0,3.000000,-3.000000,2.855740,-3.000947,59,-62,135416,160927,98,-108,-0.701026,-0.897074,1.776218,-0.010948,-4.529065,-1,,,,,,,,,,,,,,,,
12.625482,monitor,23374,584476,25020,1,0,3.000000,-3.000000,2.850718,-3.092304,59,-64,135476,160864,98,-106,-0.700959,-0.897524,1.661231,-0.018215,-4.595829,-1,,,,,,,,,,,,,,,,
12.668464,monitor,23375,584501,24980,1,0,3.000000,-3.000000,2.903677,-3.097256,60,-64,135536,160799,97,-106,-0.700947,-0.897889,1.545308,-0.014595,-4.640613,-1,,,,,,,,,,,,,,,,
12.680026,monitor,23376,584526,25024,1,0,3.000000,-3.000000,2.946881,-3.140119,61,-65,135596,160735,97,-105,-0.700978,-0.898252,1.427516,-0.014570,-4.707169,-1,,,,,,,,,,,,,,,,
12.702802,monitor,23377,584551,24976,1,0,3.000000,-3.000000,2.952544,-3.194556,61,-66,135658,160669,97,-104,-0.701070,-0.898699,1.308789,-0.018247,-4.753646,-1,,,,,,,,,,,,,,,,
12.727925,monitor,23378,584577,25004,1,0,3.000000,-3.000000,2.997586,-3.190979,62,-66,135719,160602,96,-104,-0.701185,-0.899044,1.189127,-0.014581,-4.785711,-1,,,,,,,,,,,,,,,,
12.750690,monitor,23379,584601,24996,1,0,3.000000,-3.000000,2.950182,-3.288728,61,-68,135780,160535,97,-102,-0.701458,-0.899621,1.068530,-0.025526,-4.824644,-1,,,,,,,,,,,,,,,,
12.778492,monitor,23380,584626,25004,1,0,3.000000,-3.000000,2.997586,-3.287675,62,-68,135842,160466,97,-101,-0.701750,-0.900084,0.946998,-0.021872,-4.860488,-1,,,,,,,,,,,,,,,,
12.806942,monitor,23381,584651,25008,1,0,3.000000,-3.000000,2.997107,-3.335490,62,-69,135904,160398,97,-100,-0.702154,-0.900578,0.824532,-0.025513,-4.897093,-1,,,,,,,,,,,,,,,,
12.829126,monitor,23382,584676,24988,1,0,3.000000,-3.000000,2.999506,-3.289781,62,-68,135966,160330,96,-100,-0.702549,-0.900956,0.703000,-0.021886,-4.863601,-1,,,,,,,,,,,,,,,,
12.851964,monitor,23383,584701,25000,1,0,3.000000,-3.000000,2.998066,-3.239845,62,-67,136028,160262,97,-100,-0.702914,-0.901229,0.582403,-0.018230,-4.823871,-1,,,,,,,,,,,,,,,,
12.877377,monitor,23384,584726,25004,1,0,3.000000,-3.000000,2.997586,-3.336024,62,-69,136091,160194,97,-98,-0.703467,-0.901547,0.459937,-0.025518,-4.897877,-1,,,,,,,,,,,,,,,,
12.906011,monitor,23385,584752,25008,1,0,3.000000,-3.000000,3.045447,-3.287149,63,-68,136154,160125,96,-98,-0.703887,-0.901724,0.337470,-0.018224,-4.897093,-1,,,,,,,,,,,,,,,,
12.933018,monitor,23386,584776,25000,1,0,3.000000,-3.000000,3.046422,-3.336557,63,-69,136217,160056,96,-97,-0.704413,-0.901873,0.214069,-0.021876,-4.936055,-1,,,,,,,,,,,,,,,,
12.955423,monitor,23387,584801,24992,1,0,3.000000,-3.000000,3.095768,-3.289254,64,-68,136280,159988,95,-97,-0.704774,-0.901928,0.090668,-0.014588,-4.937635,-1,,,,,,,,,,,,,,,,
12.989395,monitor,23388,584826,25016,1,0,3.000000,-3.000000,3.044473,-3.286098,63,-68,136344,159920,95,-96,-0.705229,-0.901941,-0.031799,-0.018218,-4.895527,-1,,,,,,,,,,,,,,,,
13.017994,monitor,23389,584851,25024,1,0,3.000000,-3.000000,3.091810,-3.285048,64,-68,136407,159853,95,-96,-0.705592,-0.901907,-0.155200,-0.014570,-4.931321,-1,,,,,,,,,,,,,,,,
13.038097,monitor,23390,584877,25008,1,0,3.000000,-3.000000,2.997107,-3.238809,62,-67,136470,159785,96,-96,-0.706037,-0.901810,-0.275797,-0.018224,-4.822328,-1,,,,,,,,,,,,,,,,
13.061060,monitor,23391,584901,24964,1,0,3.000000,-3.000000,3.050815,-3.196092,63,-66,136532,159720,95,-96,-0.706295,-0.901720,-0.396394,-0.010954,-4.830828,-1,,,,,,,,,,,,,,,,
13.089649,monitor,23392,584926,25048,1,0,3.000000,-3.000000,2.992321,-3.185374,62,-66,136595,159653,96,-96,-0.706623,-0.901559,-0.516056,-0.014556,-4.777305,-1,,,,,,,,,,,,,,,,
13.106678,monitor,23393,584951,24936,1,0,3.000000,-3.000000,3.054240,-3.199681,63,-66,136657,159587,95,-95,-0.706852,-0.901410,-0.636652,-0.010966,-4.836252,-1,,,,,,,,,,,,,,,,
13.140715,monitor,23394,584976,25024,1,0,3.000000,-3.000000,2.995190,-3.188429,62,-66,136720,159521,96,-95,-0.707132,-0.901176,-0.756314,-0.014570,-4.781887,-1,,,,,,,,,,,,,,,,
13.157730,monitor,23395,585001,24980,1,0,3.000000,-3.000000,2.952072,-3.194045,61,-66,136781,159455,96,-95,-0.707444,-0.900844,-0.875041,-0.018244,-4.752885,-1,,,,,,,,,,,,,,,,
13.191673,monitor,23396,585026,25008,1,0,3.000000,-3.000000,2.948766,-3.190469,61,-66,136842,159389,97,-94,-0.707715,-0.900478,-0.993769,-0.018224,-4.747563,-1,,,,,,,,,,,,,,,,
13.208764,monitor,23397,585052,25008,1,0,3.000000,-3.000000,2.948766,-3.190469,61,-66,136903,159324,97,-94,-0.707940,-0.900082,-1.112496,-0.018224,-4.747563,-1,,,,,,,,,,,,,,,,
13.244014,monitor,23398,585076,24992,1,0,3.000000,-3.000000,2.999026,-3.095768,62,-64,136964,159259,96,-95,-0.708011,-0.899914,-1.230288,-0.007294,-4.713197,-1,,,,,,,,,,,,,,,,
13.261146,monitor,23399,585101,25020,1,0,3.000000,-3.000000,2.947352,-3.140621,61,-65,137025,159195,97,-94,-0.708113,-0.899564,-1.348080,-0.014572,-4.707922,-1,,,,,,,,,,,,,,,,
13.297234,monitor,23400,585126,24964,1,0,3.000000,-3.000000,2.953964,-3.050815,61,-63,137086,159131,97,-95,-0.708143,-0.899384,-1.464003,-0.007302,-4.643587,-1,,,,,,,,,,,,,,,,
13.308634,monitor,23401,585151,25040,1,0,3.000000,-3.000000,2.944998,-3.089834,61,-64,137147,159067,97,-94,-0.708156,-0.899111,-1.580860,-0.010920,-4.666827,-1,,,,,,,,,,,,,,,,
13.353368,monitor,23402,585177,24976,1,0,3.000000,-3.000000,2.952544,-3.097752,61,-64,137208,159003,97,-94,-0.708137,-0.898838,-1.697717,-0.010948,-4.678786,-1,,,,,,,,,,,,,,,,
13.359181,monitor,23403,585201,24996,1,0,3.000000,-3.000000,2.998546,-3.095273,62,-64,137270,158940,96,-94,-0.708103,-0.898659,-1.815510,-0.007293,-4.712443,-1,,,,,,,,,,,,,,,,
13.402684,monitor,23404,585226,25008,1,0,3.000000,-3.000000,2.948766,-3.093788,61,-64,137332,158876,97,-94,-0.708022,-0.898398,-1.932367,-0.010934,-4.672799,-1,,,,,,,,,,,,,,,,
13.414103,monitor,23405,585251,25032,1,0,3.000000,-3.000000,2.994233,-3.042527,62,-63,137393,158813,97,-94,-0.707985,-0.898314,-2.049224,-0.003641,-4.668318,-1,,,,,,,,,,,,,,,,
13.436692,monitor,23406,585276,24948,1,0,3.000000,-3.000000,3.004315,-3.052772,62,-63,137455,158750,96,-94,-0.707938,-0.898236,-2.166082,-0.003654,-4.684037,-1,,,,,,,,,,,,,,,,
13.462785,monitor,23407,585302,25008,1,0,3.000000,-3.000000,2.948766,-2.997107,61,-62,137517,158687,97,-95,-0.707883,-0.898164,-2.281069,-0.003645,-4.598034,-1,,,,,,,,,,,,,,,,
13.485142,monitor,23408,585326,25008,1,0,3.000000,-3.000000,2.997107,-2.997107,62,-62,137578,158626,97,-95,-0.707883,-0.898164,-2.396992,0.000000,-4.635417,-1,,,,,,,,,,,,,,,,
13.513098,monitor,23409,585351,25020,1,0,3.000000,-3.000000,2.947352,-2.947352,61,-61,137639,158564,97,-96,-0.707883,-0.898164,-2.511045,0.000000,-4.558465,-1,,,,,,,,,,,,,,,,
13.535934,monitor,23410,585376,24980,1,0,3.000000,-3.000000,2.903677,-2.903677,60,-60,137699,158505,98,-96,-0.707883,-0.898164,-2.623228,0.000000,-4.490915,-1,,,,,,,,,,,,,,,,
13.562711,monitor,23411,585401,24984,1,0,3.000000,-3.000000,2.903212,-2.806438,60,-58,137760,158447,98,-98,-0.708046,-0.898245,-2.733541,0.007297,-4.415359,-1,,,,,,,,,,,,,,,,
13.585507,monitor,23412,585426,25032,1,0,3.000000,-3.000000,2.897645,-2.849351,60,-59,137820,158388,99,-98,-0.708131,-0.898277,-2.844789,0.003641,-4.444239,-1,,,,,,,,,,,,,,,,
13.618593,monitor,23413,585451,24984,1,0,3.000000,-3.000000,2.951599,-2.806438,61,-58,137880,158330,98,-99,-0.708397,-0.898342,-2.956038,0.010945,-4.452778,-1,,,,,,,,,,,,,,,,
13.635761,monitor,23414,585477,25008,1,0,3.000000,-3.000000,2.852086,-2.803745,59,-58,137939,158272,100,-99,-0.708487,-0.898354,-3.065416,0.003645,-4.373740,-1,,,,,,,,,,,,,,,,
13.667273,monitor,23415,585501,24988,1,0,3.000000,-3.000000,2.854368,-2.805989,59,-58,137998,158214,100,-100,-0.708578,-0.898356,3.108391,0.003648,-4.377241,-1,,,,,,,,,,,,,,,,
13.690098,monitor,23416,585526,24996,1,0,3.000000,-3.000000,2.901819,-2.853455,60,-59,138058,158155,99,-99,-0.708669,-0.898348,2.997143,0.003647,-4.450641,-1,,,,,,,,,,,,,,,,
13.722837,monitor,23417,585551,24996,1,0,3.000000,-3.000000,2.901819,-2.853455,60,-59,138119,158096,100,-100,-0.708758,-0.898330,2.885894,0.003647,-4.450641,-1,,,,,,,,,,,,,,,,
13.739919,monitor,23418,585576,25004,1,0,3.000000,-3.000000,2.949238,-2.852542,61,-59,138180,158036,99,-100,-0.708932,-0.898274,2.773711,0.007291,-4.486605,-1,,,,,,,,,,,,,,,,
13.779955,monitor,23419,585602,25000,1,0,3.000000,-3.000000,2.901354,-2.949710,60,-61,138240,157975,100,-99,-0.708849,-0.898311,2.660593,-0.003646,-4.524716,-1,,,,,,,,,,,,,,,,
13.790963,monitor,23420,585626,25020,1,0,3.000000,-3.000000,2.995669,-2.995669,62,-62,138301,157914,99,-98,-0.708849,-0.898311,2.544671,0.000000,-4.633193,-1,,,,,,,,,,,,,,,,
13.829474,monitor,23421,585651,24980,1,0,3.000000,-3.000000,3.000466,-3.000466,62,-62,138363,157852,99,-98,-0.708849,-0.898311,2.428748,0.000000,-4.640613,-1,,,,,,,,,,,,,,,,
13.840896,monitor,23422,585676,25008,1,0,3.000000,-3.000000,3.045447,-3.045447,63,-63,138427,157788,98,-97,-0.708849,-0.898311,2.310956,0.000000,-4.710181,-1,,,,,,,,,,,,,,,,
13.885399,monitor,23423,585701,25052,1,0,3.000000,-3.000000,3.088354,-3.088354,64,-64,138490,157725,97,-97,-0.708849,-0.898311,2.191294,0.000000,-4.776543,-1,,,,,,,,,,,,,,,,
13.891196,monitor,23424,585726,24932,1,0,3.000000,-3.000000,3.054730,-3.103218,63,-64,138553,157661,98,-96,-0.708800,-0.898389,2.072567,-0.003656,-4.762035,-1,,,,,,,,,,,,,,,,
13.913968,monitor,23425,585751,25024,1,0,3.000000,-3.000000,3.091810,-3.140119,64,-65,138618,157595,97,-95,-0.708761,-0.898471,1.951970,-0.003642,-4.819245,-1,,,,,,,,,,,,,,,,
13.940792,monitor,23426,585776,24976,1,0,3.000000,-3.000000,3.146154,-3.242959,65,-67,138682,157529,96,-94,-0.708704,-0.898644,1.828569,-0.007299,-4.940798,-1,,,,,,,,,,,,,,,,
13.969240,monitor,23427,585801,25004,1,0,3.000000,-3.000000,3.094283,-3.190979,64,-66,138746,157462,96,-94,-0.708668,-0.898823,1.707037,-0.007291,-4.860488,-1,,,,,,,,,,,,,,,,
13.995528,monitor,23428,585826,25068,1,0,3.000000,-3.000000,3.134607,-3.231057,65,-67,138811,157396,96,-93,-0.708655,-0.899005,1.583636,-0.007272,-4.922665,-1,,,,,,,,,,,,,,,,
14.018330,monitor,23429,585851,24940,1,0,3.000000,-3.000000,3.102223,-3.199167,64,-66,138876,157329,96,-93,-0.708663,-0.899187,1.462104,-0.007309,-4.872961,-1,,,,,,,,,,,,,,,,
14.045623,monitor,23430,585876,25000,1,0,3.000000,-3.000000,3.094778,-3.239845,64,-67,138940,157263,96,-92,-0.708710,-0.899456,1.339638,-0.010938,-4.898660,-1,,,,,,,,,,,,,,,,
14.068474,monitor,23431,585902,25004,1,0,3.000000,-3.000000,3.094283,-3.190979,64,-66,139003,157196,96,-92,-0.708762,-0.899631,1.218106,-0.007291,-4.860488,-1,,,,,,,,,,,,,,,,
14.094954,monitor,23432,585926,25024,1,0,3.000000,-3.000000,3.091810,-3.188429,64,-66,139067,157130,95,-92,-0.708835,-0.899798,1.096575,-0.007285,-4.856604,-1,,,,,,,,,,,,,,,,
14.117763,monitor,23433,585951,24964,1,0,3.000000,-3.000000,3.050815,-3.196092,63,-66,139130,157065,96,-91,-0.708975,-0.900033,0.975978,-0.010954,-4.830828,-1,,,,,,,,,,,,,,,,
14.150816,monitor,23434,585976,25016,1,0,3.000000,-3.000000,3.044473,-3.141123,63,-65,139193,156999,96,-92,-0.709086,-0.900178,0.856316,-0.007287,-4.783416,-1,,,,,,,,,,,,,,,,
14.167973,monitor,23435,586001,25008,1,0,3.000000,-3.000000,3.045447,-3.190469,63,-66,139256,156934,96,-91,-0.709277,-0.900373,0.735719,-0.010934,-4.822328,-1,,,,,,,,,,,,,,,,
14.201627,monitor,23436,586027,24988,1,0,3.000000,-3.000000,3.047885,-3.144643,63,-65,139319,156869,96,-91,-0.709419,-0.900487,0.616057,-0.007295,-4.788776,-1,,,,,,,,,,,,,,,,
14.218736,monitor,23437,586051,24992,1,0,3.000000,-3.000000,2.999026,-3.095768,62,-64,139382,156805,96,-92,-0.709574,-0.900583,0.498265,-0.007294,-4.713197,-1,,,,,,,,,,,,,,,,
14.257029,monitor,23438,586076,24996,1,0,3.000000,-3.000000,3.046909,-3.095273,63,-64,139444,156741,96,-91,-0.709656,-0.900622,0.379538,-0.003647,-4.749843,-1,,,,,,,,,,,,,,,,
14.274131,monitor,23439,586101,25032,1,0,3.000000,-3.000000,2.994233,-3.090822,62,-64,139506,156677,96,-91,-0.709829,-0.900680,0.261746,-0.007283,-4.705665,-1,,,,,,,,,,,,,,,,
14.304286,monitor,23440,586126,24984,1,0,3.000000,-3.000000,2.951599,-3.048373,61,-63,139568,156613,97,-92,-0.710008,-0.900717,0.145823,-0.007297,-4.639869,-1,,,,,,,,,,,,,,,,
14.321154,monitor,23441,586151,25144,1,0,3.000000,-3.000000,2.980896,-3.077054,62,-64,139629,156550,97,-91,-0.710190,-0.900732,0.028031,-0.007250,-4.684705,-1,,,,,,,,,,,,,,,,
14.360244,monitor,23442,586176,24840,1,0,3.000000,-3.000000,3.017377,-3.017377,62,-62,139691,156487,96,-92,-0.710190,-0.900732,-0.087891,0.000000,-4.666768,-1,,,,,,,,,,,,,,,,
14.371747,monitor,23443,586202,25020,1,0,3.000000,-3.000000,2.995669,-3.043987,62,-63,139754,156425,96,-91,-0.710280,-0.900719,-0.204749,-0.003643,-4.670558,-1,,,,,,,,,,,,,,,,
14.409592,monitor,23444,586226,25008,1,0,3.000000,-3.000000,2.997107,-3.045447,62,-63,139816,156362,96,-91,-0.710368,-0.900695,-0.321606,-0.003645,-4.672799,-1,,,,,,,,,,,,,,,,
14.420597,monitor,23445,586251,24968,1,0,3.000000,-3.000000,3.001908,-2.953490,62,-61,139878,156300,96,-93,-0.710283,-0.900729,-0.436594,0.003651,-4.605400,-1,,,,,,,,,,,,,,,,
14.466145,monitor,23446,586276,25000,1,0,3.000000,-3.000000,2.998066,-3.046422,62,-63,139940,156238,96,-91,-0.710363,-0.900686,-0.553451,-0.003646,-4.674294,-1,,,,,,,,,,,,,,,,
14.471964,monitor,23447,586301,25012,1,0,3.000000,-3.000000,2.996628,-2.996628,62,-62,140001,156176,96,-92,-0.710363,-0.900686,-0.669374,0.000000,-4.634675,-1,,,,,,,,,,,,,,,,
14.516882,monitor,23448,586327,25000,1,0,3.000000,-3.000000,2.998066,-2.998066,62,-62,140063,156114,96,-92,-0.710363,-0.900686,-0.785296,0.000000,-4.636900,-1,,,,,,,,,,,,,,,,
14.522732,monitor,23449,586351,25000,1,0,3.000000,-3.000000,2.901354,-2.949710,60,-61,140123,156053,98,-93,-0.710424,-0.900618,-0.898414,-0.003646,-4.524716,-1,,,,,,,,,,,,,,,,
14.565216,monitor,23450,586376,25020,1,0,3.000000,-3.000000,2.899035,-2.899035,60,-60,140183,155993,98,-94,-0.710424,-0.900618,-1.010597,0.000000,-4.483736,-1,,,,,,,,,,,,,,,,
14.576766,monitor,23451,586401,24972,1,0,3.000000,-3.000000,2.856197,-2.807787,59,-58,140243,155934,99,-95,-0.710380,-0.900698,-1.119975,0.003650,-4.380045,-1,,,,,,,,,,,,,,,,
14.599114,monitor,23452,586426,25012,1,0,3.000000,-3.000000,2.899962,-2.851630,60,-59,140302,155876,98,-95,-0.710345,-0.900782,-1.231224,0.003644,-4.447793,-1,,,,,,,,,,,,,,,,
14.624504,monitor,23453,586451,25028,1,0,3.000000,-3.000000,2.849807,-2.801505,59,-58,140360,155818,99,-96,-0.710319,-0.900869,-1.340602,0.003642,-4.370245,-1,,,,,,,,,,,,,,,,
14.647288,monitor,23454,586476,24972,1,0,3.000000,-3.000000,2.759377,-2.807787,57,-58,140418,155760,101,-96,-0.710335,-0.900779,-1.448111,-0.003650,-4.305173,-1,,,,,,,,,,,,,,,,
14.678298,monitor,23455,586501,24996,1,0,3.000000,-3.000000,2.805091,-2.805091,58,-58,140476,155702,101,-97,-0.710335,-0.900779,-1.556555,0.000000,-4.338439,-1,,,,,,,,,,,,,,,,
14.700488,monitor,23456,586526,25020,1,0,3.000000,-3.000000,2.850718,-2.802400,59,-58,140535,155644,101,-97,-0.710339,-0.900871,-1.665933,0.003643,-4.371642,-1,,,,,,,,,,,,,,,,
14.726158,monitor,23457,586551,24968,1,0,3.000000,-3.000000,2.808237,-2.759819,58,-57,140593,155587,101,-98,-0.710352,-0.900961,-1.773442,0.003651,-4.305862,-1,,,,,,,,,,,,,,,,
14.748969,monitor,23458,586576,25016,1,0,3.000000,-3.000000,2.802848,-2.754524,58,-57,140651,155530,102,-99,-0.710375,-0.901049,-1.880951,0.003644,-4.297600,-1,,,,,,,,,,,,,,,,
14.779204,monitor,23459,586601,25040,1,0,3.000000,-3.000000,2.848441,-2.703605,59,-56,140710,155474,102,-100,-0.710473,-0.901304,-1.988459,0.010920,-4.293481,-1,,,,,,,,,,,,,,,,
14.802029,monitor,23460,586627,24956,1,0,3.000000,-3.000000,2.858029,-2.761146,59,-57,140770,155417,102,-100,-0.710556,-0.901467,-2.096903,0.007305,-4.345393,-1,,,,,,,,,,,,,,,,
14.834252,monitor,23461,586651,25008,1,0,3.000000,-3.000000,2.948766,-2.803745,61,-58,140831,155359,101,-99,-0.710706,-0.901695,-2.208151,0.010934,-4.448504,-1,,,,,,,,,,,,,,,,
14.851489,monitor,23462,586676,24988,1,0,3.000000,-3.000000,2.951127,-2.805989,61,-58,140892,155300,101,-100,-0.710881,-0.901906,-2.319400,0.010943,-4.452065,-1,,,,,,,,,,,,,,,,
14.890406,monitor,23463,586701,24992,1,0,3.000000,-3.000000,3.047397,-2.902283,63,-60,140954,155241,99,-99,-0.711078,-0.902095,-2.434387,0.010941,-4.600978,-1,,,,,,,,,,,,,,,,
14.901856,monitor,23464,586726,25036,1,0,3.000000,-3.000000,3.090328,-2.945468,64,-61,141018,155180,99,-98,-0.711296,-0.902260,-2.551244,0.010922,-4.667573,-1,,,,,,,,,,,,,,,,
14.945253,monitor,23465,586752,24996,1,0,3.000000,-3.000000,3.046909,-2.950182,63,-61,141082,155118,99,-98,-0.711453,-0.902353,-2.667167,0.007293,-4.637642,-1,,,,,,,,,,,,,,,,
14.951020,monitor,23466,586776,24972,1,0,3.000000,-3.000000,3.146658,-3.049838,65,-63,141146,155055,98,-97,-0.711620,-0.902426,-2.786829,0.007300,-4.791844,-1,,,,,,,,,,,,,,,,
14.979250,monitor,23467,586801,24996,1,0,3.000000,-3.000000,3.095273,-3.095273,64,-64,141210,154992,98,-96,-0.711620,-0.902426,-2.906491,0.000000,-4.787243,-1,,,,,,,,,,,,,,,,
15.002141,monitor,23468,586826,25012,1,0,3.000000,-3.000000,3.141626,-3.093293,65,-64,141275,154927,97,-96,-0.711709,-0.902442,-3.027088,0.003644,-4.821558,-1,,,,,,,,,,,,,,,,
15.030679,monitor,23469,586851,25040,1,0,3.000000,-3.000000,3.138113,-3.138113,65,-65,141340,154863,97,-95,-0.711709,-0.902442,3.134566,0.000000,-4.853500,-1,,,,,,,,,,,,,,,,
15.052184,monitor,23470,586876,24968,1,0,3.000000,-3.000000,3.098744,-3.098744,64,-64,141405,154799,97,-95,-0.711709,-0.902442,3.014904,0.000000,-4.792612,-1,,,,,,,,,,,,,,,,
15.080686,monitor,23471,586901,25004,1,0,3.000000,-3.000000,3.142631,-3.094283,65,-64,141469,154735,96,-95,-0.711799,-0.902425,2.894307,0.003645,-4.823100,-1,,,,,,,,,,,,,,,,
15.106186,monitor,23472,586927,24976,1,0,3.000000,-3.000000,3.049349,-3.146154,63,-65,141532,154669,98,-94,-0.711625,-0.902480,2.774645,-0.007299,-4.791077,-1,,,,,,,,,,,,,,,,
15.129075,monitor,23473,586951,25004,1,0,3.000000,-3.000000,3.045934,-3.190979,63,-66,141596,154603,97,-93,-0.711376,-0.902593,2.654048,-0.010936,-4.823100,-1,,,,,,,,,,,,,,,,
15.167848,monitor,23474,586976,25020,1,0,3.000000,-3.000000,3.140621,-3.140621,65,-65,141660,154538,96,-94,-0.711376,-0.902593,2.532516,0.000000,-4.857380,-1,,,,,,,,,,,,,,,,
15.179330,monitor,23475,587001,24980,1,0,3.000000,-3.000000,3.097256,-3.145650,64,-65,141724,154473,96,-93,-0.711305,-0.902650,2.411920,-0.003649,-4.827734,-1,,,,,,,,,,,,,,,,
15.211887,monitor,23476,587026,25016,1,0,3.000000,-3.000000,3.092798,-3.141123,64,-65,141788,154409,96,-93,-0.711241,-0.902715,2.291323,-0.003644,-4.820786,-1,,,,,,,,,,,,,,,,
15.234441,monitor,23477,587052,25012,1,0,3.000000,-3.000000,3.044960,-3.093293,63,-64,141852,154344,97,-94,-0.711185,-0.902787,2.172596,-0.003644,-4.746805,-1,,,,,,,,,,,,,,,,
15.268907,monitor,23478,587076,24980,1,0,3.000000,-3.000000,3.097256,-3.097256,64,-64,141916,154281,96,-93,-0.711185,-0.902787,2.052934,0.000000,-4.790310,-1,,,,,,,,,,,,,,,,
15.280342,monitor,23479,587101,25040,1,0,3.000000,-3.000000,3.089834,-3.089834,64,-64,141979,154217,96,-93,-0.711185,-0.902787,1.933272,0.000000,-4.778831,-1,,,,,,,,,,,,,,,,
15.317779,monitor,23480,587126,24968,1,0,0.000000,0.000000,3.098744,-3.098744,64,-64,142043,154153,-30,28,-0.711185,-0.902787,1.813610,0.000000,-4.792612,-1,,,,,,,,,,,,,,,,
15.334876,monitor,23481,587151,25000,1,0,0.000000,0.000000,2.224371,-2.272727,46,-47,142087,154107,-23,22,-0.711167,-0.902876,1.726668,-0.003646,-3.477675,-1,,,,,,,,,,,,,,,,
15.377345,monitor,23482,587175,24996,1,0,0.000000,0.000000,0.725455,-0.967273,15,-20,142102,154089,-5,7,-0.711103,-0.903327,1.693948,-0.018233,-1.309012,-1,,,,,,,,,,,,,,,,
15.383109,monitor,23483,587201,25004,1,0,0.000000,0.000000,0.193393,-0.386785,4,-8,142105,154081,1,0,-0.711061,-0.903689,1.682730,-0.014581,-0.448660,-1,,,,,,,,,,,,,,,,
15.405939,monitor,23484,587226,24988,1,0,0.000000,0.000000,0.145137,-0.290275,3,-6,142108,154075,1,0,-0.711031,-0.903961,1.674316,-0.010943,-0.336711,-1,,,,,,,,,,,,,,,,
15.435168,monitor,23485,587251,25004,1,0,0.000000,0.000000,0.096696,-0.193393,2,-4,142110,154071,2,-1,-0.711013,-0.904143,1.668707,-0.007291,-0.224330,-1,,,,,,,,,,,,,,,,
15.457908,monitor,23486,587276,25000,1,0,0.000000,0.000000,0.096712,-0.193424,2,-4,142112,154067,1,0,-0.710996,-0.904324,1.663098,-0.007292,-0.224366,-1,,,,,,,,,,,,,,,,
15.485073,monitor,23487,587300,25000,1,0,0.000000,0.000000,0.096712,-0.048356,2,-1,142114,154066,1,-2,-0.711004,-0.904233,1.660293,0.003646,-0.112183,-1,,,,,,,,,,,,,,,,
15.507938,monitor,23488,587326,25012,1,0,0.000000,0.000000,0.000000,0.000000,0,0,142114,154066,2,-3,-0.711004,-0.904233,1.660293,0.000000,0.000000,-1,,,,,,,,,,,,,,,,
15.536966,monitor,23489,587351,25000,1,0,0.000000,0.000000,0.000000,0.000000,0,0,142114,154066,2,-3,-0.711004,-0.904233,1.660293,0.000000,0.000000,-1,,,,,,,,,,,,,,,,
15.559806,monitor,23490,587375,24996,1,0,0.000000,0.000000,0.000000,0.000000,0,0,142114,154066,2,-3,-0.711004,-0.904233,1.660293,0.000000,0.000000,-1,,,,,,,,,,,,,,,,
15.582513,monitor,23491,587401,25000,1,0,0.000000,0.000000,0.000000,0.000000,0,0,142114,154066,2,-3,-0.711004,-0.904233,1.660293,0.000000,0.000000,-1,,,,,,,,,,,,,,,,
15.610723,monitor,23492,587425,24992,1,0,0.000000,0.000000,0.000000,0.000000,0,0,142114,154066,2,-3,-0.711004,-0.904233,1.660293,0.000000,0.000000,-1,,,,,,,,,,,,,,,,
15.633384,monitor,23493,587451,25000,1,0,0.000000,0.000000,0.000000,0.000000,0,0,142114,154066,2,-3,-0.711004,-0.904233,1.660293,0.000000,0.000000,-1,,,,,,,,,,,,,,,,
15.661929,monitor,23494,587475,24996,1,0,0.000000,0.000000,0.000000,0.000000,0,0,142114,154066,2,-3,-0.711004,-0.904233,1.660293,0.000000,0.000000,-1,,,,,,,,,,,,,,,,
15.684606,monitor,23495,587501,25004,1,0,0.000000,0.000000,0.000000,0.000000,0,0,142114,154066,2,-3,-0.711004,-0.904233,1.660293,0.000000,0.000000,-1,,,,,,,,,,,,,,,,
15.713019,monitor,23496,587526,24992,1,0,3.000000,3.000000,0.000000,0.000000,0,0,142114,154066,129,118,-0.711004,-0.904233,1.660293,0.000000,0.000000,-1,,,,,,,,,,,,,,,,
15.734832,monitor,23497,587551,25008,1,0,3.000000,3.000000,0.918468,0.773447,19,16,142134,154084,121,113,-0.711285,-0.901056,1.657488,0.127567,-0.112147,-1,,,,,,,,,,,,,,,,
15.763565,monitor,23498,587576,25004,1,0,3.000000,3.000000,1.837230,1.643838,38,34,142173,154117,111,104,-0.711841,-0.894516,1.653749,0.262466,-0.149554,-1,,,,,,,,,,,,,,,,
15.786425,monitor,23499,587601,25008,1,0,3.000000,3.000000,2.368681,2.030298,49,42,142222,154160,106,101,-0.712501,-0.886248,1.647205,0.331675,-0.261677,-1,,,,,,,,,,,,,,,,
15.814796,monitor,23500,587626,25000,1,0,3.000000,3.000000,2.417795,2.176016,50,45,142273,154206,106,101,-0.713142,-0.877613,1.642531,0.346365,-0.186972,-1,,,,,,,,,,,,,,,,
15.836892,monitor,23501,587652,24996,1,0,3.000000,3.000000,2.805091,2.708364,58,56,142331,154262,101,95,-0.713877,-0.867248,1.640661,0.415705,-0.074800,-1,,,,,,,,,,,,,,,,
15.865472,monitor,23502,587676,25008,1,0,3.000000,3.000000,2.948766,2.997107,61,62,142392,154324,100,91,-0.714665,-0.856064,1.641596,0.448308,0.037383,-1,,,,,,,,,,,,,,,,
15.887489,monitor,23503,587701,25000,1,0,3.000000,3.000000,2.949710,2.998066,61,62,142454,154387,100,91,-0.715463,-0.844881,1.642531,0.448452,0.037394,-1,,,,,,,,,,,,,,,,
15.916040,monitor,23504,587726,24996,1,0,3.000000,3.000000,3.095273,3.095273,64,64,142518,154451,98,89,-0.716299,-0.833244,1.642531,0.466756,0.000000,-1,,,,,,,,,,,,,,,,
15.939411,monitor,23505,587751,24976,1,0,3.000000,3.000000,3.194556,3.146154,66,65,142583,154516,96,88,-0.717149,-0.821334,1.641596,0.478078,-0.037430,-1,,,,,,,,,,,,,,,,
16.014772,monitor,23506,587777,25008,1,0,3.000000,3.000000,3.190469,3.142128,66,65,142649,154581,96,88,-0.717989,-0.809423,1.640661,0.477467,-0.037383,-1,,,,,,,,,,,,,,,,
16.014772,monitor,23507,587801,25000,1,0,3.000000,3.000000,3.143133,3.094778,65,64,142714,154645,96,89,-0.718804,-0.797693,1.639726,0.470327,-0.037394,-1,,,,,,,,,,,,,,,,
16.014772,monitor,23508,587826,25004,1,0,3.000000,3.000000,3.190979,3.190979,66,66,142780,154710,95,87,-0.719633,-0.785690,1.639726,0.481188,0.000000,-1,,,,,,,,,,,,,,,,
16.040541,monitor,23509,587851,25008,1,0,3.000000,3.000000,3.142128,3.190469,65,66,142846,154776,95,87,-0.720461,-0.773778,1.640661,0.477467,0.037383,-1,,,,,,,,,,,,,,,,
16.069086,monitor,23510,587876,25004,1,0,3.000000,3.000000,3.190979,3.142631,66,65,142912,154842,94,87,-0.721289,-0.761867,1.639726,0.477543,-0.037388,-1,,,,,,,,,,,,,,,,
16.096042,monitor,23511,587901,24980,1,0,3.000000,3.000000,3.194045,3.194045,66,66,142978,154908,94,86,-0.722117,-0.749864,1.639726,0.481651,0.000000,-1,,,,,,,,,,,,,,,,
16.118922,monitor,23512,587926,25012,1,0,3.000000,3.000000,3.189959,3.189959,66,66,143044,154974,94,86,-0.722946,-0.737861,1.639726,0.481034,0.000000,-1,,,,,,,,,,,,,,,,
16.151720,monitor,23513,587951,25008,1,0,3.000000,3.000000,3.190469,3.190469,66,66,143109,155040,93,85,-0.723775,-0.725858,1.639726,0.481111,0.000000,-1,,,,,,,,,,,,,,,,
16.168869,monitor,23514,587976,25004,1,0,3.000000,3.000000,3.190979,3.190979,66,66,143176,155106,93,85,-0.724603,-0.713854,1.639726,0.481188,0.000000,-1,,,,,,,,,,,,,,,,
16.207762,monitor,23515,588001,24992,1,0,5.550000,0.000000,3.192511,3.240882,66,67,143241,155172,192,-37,-0.725444,-0.701761,1.640661,0.485066,0.037406,-1,,,,,,,,,,,,,,,,
16.219264,monitor,23516,588026,24980,1,0,5.550000,0.000000,3.629596,2.371336,75,49,143318,155220,190,-31,-0.726096,-0.690477,1.616355,0.452460,-0.973032,-1,,,,,,,,,,,,,,,,
16.260197,monitor,23517,588051,25000,1,0,5.550000,0.000000,4.545455,0.967118,94,20,143412,155238,180,-15,-0.726210,-0.680087,1.547175,0.415638,-2.767182,-1,,,,,,,,,,,,,,,,
16.265998,monitor,23518,588076,25008,1,0,5.550000,0.000000,4.930724,0.193362,102,4,143514,155242,176,-5,-0.725539,-0.670448,1.455559,0.386347,-3.663475,-1,,,,,,,,,,,,,,,,
16.314095,monitor,23519,588101,25044,1,0,5.550000,0.000000,5.213262,0.000000,108,0,143622,155242,173,-2,-0.723916,-0.660739,1.354594,0.393071,-4.031495,-1,,,,,,,,,,,,,,,,
16.319866,monitor,23520,588126,24968,1,0,5.550000,0.000000,5.277549,0.096836,109,2,143732,155244,173,-4,-0.721254,-0.650978,1.254564,0.405219,-4.006324,-1,,,,,,,,,,,,,,,,
16.342648,monitor,23521,588151,25008,1,0,5.550000,0.000000,5.365788,0.145021,111,3,143843,155247,172,-5,-0.717528,-0.641278,1.153600,0.415505,-4.037298,-1,,,,,,,,,,,,,,,,
16.372347,monitor,23522,588176,24996,1,0,5.550000,0.000000,5.561819,0.145091,115,3,143958,155250,170,-5,-0.712661,-0.631687,1.048895,0.430291,-4.188838,-1,,,,,,,,,,,,,,,,
16.395143,monitor,23523,588201,24984,1,0,3.000000,-3.000000,5.661264,0.000000,117,0,144075,155250,69,-125,-0.706847,-0.622746,0.939517,0.426849,-4.377942,-1,,,,,,,,,,,,,,,,
16.418473,monitor,23524,588226,25008,1,0,3.000000,-3.000000,5.124086,-0.773447,106,-16,144180,155232,71,-120,-0.701636,-0.616411,0.825464,0.328030,-4.560652,-1,,,,,,,,,,,,,,,,
16.447082,monitor,23525,588251,25016,1,0,3.000000,-3.000000,4.155948,-1.932999,86,-40,144265,155191,82,-107,-0.698616,-0.613502,0.707672,0.167606,-4.708675,-1,,,,,,,,,,,,,,,,
16.500108,monitor,23526,588276,24976,1,0,3.000000,-3.000000,3.726982,-2.420118,77,-50,144342,155141,86,-101,-0.696655,-0.612016,0.588945,0.098535,-4.753646,-1,,,,,,,,,,,,,,,,
16.500108,monitor,23527,588301,24996,1,0,3.000000,-3.000000,3.627273,-2.708364,75,-56,144417,155085,86,-98,-0.695158,-0.611144,0.466478,0.069284,-4.899445,-1,,,,,,,,,,,,,,,,
16.525851,monitor,23528,588326,25008,1,0,3.000000,-3.000000,3.480511,-2.852086,72,-59,144488,155026,87,-97,-0.694069,-0.610677,0.344012,0.047382,-4.897093,-1,,,,,,,,,,,,,,,,
16.548919,monitor,23529,588351,25020,1,0,0.000000,0.000000,3.140621,-2.899035,65,-60,144553,154966,-34,25,-0.693632,-0.610548,0.227154,0.018215,-4.670558,-1,,,,,,,,,,,,,,,,
16.580365,monitor,23530,588376,24968,1,0,0.000000,0.000000,1.985133,-2.033551,41,-42,144592,154926,-23,18,-0.693722,-0.610566,0.149561,-0.003651,-3.107709,-1,,,,,,,,,,,,,,,,
16.597525,monitor,23531,588401,25016,1,0,0.000000,0.000000,0.579900,-0.773200,12,-16,144603,154911,-6,3,-0.694083,-0.610615,0.123385,-0.014574,-1.046372,-1,,,,,,,,,,,,,,,,
16.630683,monitor,23532,588426,24992,1,0,3.000000,3.000000,0.145114,-0.290228,3,-6,144606,154905,125,119,-0.694354,-0.610648,0.114971,-0.010941,-0.336657,-1,,,,,,,,,,,,,,,,
16.648019,monitor,23533,588451,25028,1,0,3.000000,3.000000,1.014338,0.434716,21,9,144629,154915,117,115,-0.691636,-0.610349,0.103753,0.109256,-0.448230,-1,,,,,,,,,,,,,,,,
16.684515,monitor,23534,588476,24984,1,0,3.000000,3.000000,2.177409,1.403219,45,29,144675,154945,104,105,-0.684922,-0.609701,0.088795,0.269973,-0.598693,-1,,,,,,,,,,,,,,,,
16.701669,monitor,23535,588502,24996,1,0,3.000000,3.000000,2.369818,1.886182,49,39,144724,154985,102,101,-0.676930,-0.609027,0.079447,0.320895,-0.374003,-1,,,,,,,,,,,,,,,,
16.735081,monitor,23536,588526,25012,1,0,3.000000,3.000000,2.416635,2.271637,50,47,144774,155032,103,98,-0.668115,-0.608338,0.076642,0.353487,-0.112129,-1,,,,,,,,,,,,,,,,
16.746568,monitor,23537,588551,24980,1,0,3.000000,3.000000,2.564915,2.661704,53,55,144827,155087,102,93,-0.658301,-0.607575,0.078512,0.394078,0.074849,-1,,,,,,,,,,,,,,,,
16.785475,monitor,23538,588576,25000,1,0,0.000000,0.000000,2.852998,2.901354,59,60,144886,155147,-27,-31,-0.647488,-0.606719,0.079447,0.433868,0.037394,-1,,,,,,,,,,,,,,,,
16.796923,monitor,23539,588601,25004,1,0,0.000000,0.000000,2.030623,2.175668,42,45,144926,155190,-20,-25,-0.639584,-0.606078,0.082251,0.317147,0.112165,-1,,,,,,,,,,,,,,,,
16.837248,monitor,23540,588625,25008,1,0,0.000000,0.000000,0.773447,0.918468,16,19,144942,155209,-5,-11,-0.636405,-0.605812,0.085056,0.127567,0.112147,-1,,,,,,,,,,,,,,,,
16.848402,monitor,23541,588651,24984,1,0,0.000000,0.000000,0.338708,0.338708,7,7,144948,155215,0,-4,-0.635133,-0.605703,0.085056,0.051076,0.000000,-1,,,,,,,,,,,,,,,,
16.890027,monitor,23542,588676,25008,1,0,0.000000,0.000000,0.241702,0.145021,5,3,144953,155218,0,-2,-0.634407,-0.605642,0.083186,0.029158,-0.074765,-1,,,,,,,,,,,,,,,,
16.907149,monitor,23543,588701,25008,1,0,0.000000,0.000000,0.145021,0.048340,3,1,144957,155219,1,-1,-0.634043,-0.605612,0.081316,0.014579,-0.074765,-1,,,,,,,,,,,,,,,,
16.941989,monitor,23544,588726,24992,1,0,0.000000,0.000000,0.193486,0.000000,4,0,144960,155219,0,0,-0.633680,-0.605583,0.077577,0.014588,-0.149625,-1,,,,,,,,,,,,,,,,
16.952392,monitor,23545,588750,24988,1,0,0.000000,0.000000,0.048379,0.000000,1,0,144961,155219,1,0,-0.633589,-0.605576,0.076642,0.003648,-0.037412,-1,,,,,,,,,,,,,,,,
16.992412,monitor,23546,588776,25020,1,0,0.000000,0.000000,0.000000,0.000000,0,0,144961,155219,2,0,-0.633589,-0.605576,0.076642,0.000000,0.000000,-1,,,,,,,,,,,,,,,,
17.003892,monitor,23547,588801,24984,1,0,0.000000,0.000000,0.000000,0.000000,0,0,144961,155219,2,0,-0.633589,-0.605576,0.076642,0.000000,0.000000,-1,,,,,,,,,,,,,,,,
17.045335,monitor,23548,588825,25000,1,0,0.000000,0.000000,0.000000,0.000000,0,0,144961,155219,2,0,-0.633589,-0.605576,0.076642,0.000000,0.000000,-1,,,,,,,,,,,,,,,,
17.051071,monitor,23549,588851,25024,1,0,0.000000,0.000000,0.000000,0.000000,0,0,144961,155219,2,0,-0.633589,-0.605576,0.076642,0.000000,0.000000,-1,,,,,,,,,,,,,,,,
17.097967,monitor,23550,588875,24980,1,0,0.000000,0.000000,0.000000,0.000000,0,0,144961,155219,2,0,-0.633589,-0.605576,0.076642,0.000000,0.000000,-1,,,,,,,,,,,,,,,,
17.103734,monitor,23551,588901,25020,1,0,0.000000,0.000000,0.000000,0.000000,0,0,144961,155219,2,0,-0.633589,-0.605576,0.076642,0.000000,0.000000,-1,,,,,,,,,,,,,,,,
17.126081,monitor,23552,588925,24992,1,0,0.000000,0.000000,0.000000,0.000000,0,0,144961,155219,2,0,-0.633589,-0.605576,0.076642,0.000000,0.000000,-1,,,,,,,,,,,,,,,,
17.151547,monitor,23553,588951,24992,1,0,0.000000,0.000000,0.000000,0.000000,0,0,144961,155219,2,0,-0.633589,-0.605576,0.076642,0.000000,0.000000,-1,,,,,,,,,,,,,,,,
17.179108,monitor,23554,588976,24988,1,0,3.000000,3.000000,0.000000,0.000000,0,0,144961,155219,128,121,-0.633589,-0.605576,0.076642,0.000000,0.000000,-1,,,,,,,,,,,,,,,,
17.209027,monitor,23555,589001,25032,1,0,3.000000,3.000000,0.820999,0.917588,17,19,144980,155239,122,113,-0.630317,-0.605322,0.078512,0.131086,0.074693,-1,,,,,,,,,,,,,,,,
17.231869,monitor,23556,589026,24972,1,0,3.000000,3.000000,1.887995,1.839585,39,38,145019,155279,110,103,-0.623320,-0.604775,0.077577,0.281053,-0.037436,-1,,,,,,,,,,,,,,,,
17.257500,monitor,23557,589051,25040,1,0,3.000000,3.000000,2.220818,2.317375,46,48,145065,155327,107,99,-0.614779,-0.604103,0.079447,0.342172,0.074669,-1,,,,,,,,,,,,,,,,
17.280284,monitor,23558,589076,24960,1,0,3.000000,3.000000,2.566970,2.421670,53,50,145118,155377,104,98,-0.605419,-0.603371,0.076642,0.376135,-0.112363,-1,,,,,,,,,,,,,,,,
17.309723,monitor,23559,589102,25000,1,0,3.000000,3.000000,2.804642,2.756287,58,57,145177,155434,101,95,-0.594967,-0.602573,0.075707,0.419284,-0.037394,-1,,,,,,,,,,,,,,,,
17.332596,monitor,23560,589126,25000,1,0,3.000000,3.000000,2.901354,2.949710,60,61,145238,155495,100,92,-0.583970,-0.601734,0.076642,0.441160,0.037394,-1,,,,,,,,,,,,,,,,
17.361913,monitor,23561,589151,25020,1,0,3.000000,3.000000,3.092304,3.043987,64,63,145301,155559,97,91,-0.572428,-0.600853,0.075707,0.462665,-0.037364,-1,,,,,,,,,,,,,,,,
17.379061,monitor,23562,589176,24988,1,0,3.000000,3.000000,3.144643,3.096264,65,64,145367,155623,96,90,-0.560703,-0.599969,0.074772,0.470553,-0.037412,-1,,,,,,,,,,,,,,,,
17.417861,monitor,23563,589201,25064,1,0,3.000000,3.000000,3.279805,3.183340,68,66,145434,155688,94,88,-0.548522,-0.599068,0.072903,0.487310,-0.074598,-1,,,,,,,,,,,,,,,,
17.429348,monitor,23564,589227,24936,1,0,3.000000,3.000000,3.248161,3.151201,67,65,145502,155754,94,89,-0.536522,-0.598203,0.071033,0.482500,-0.074981,-1,,,,,,,,,,,,,,,,
17.471367,monitor,23565,589251,24988,1,0,3.000000,3.000000,3.241401,3.193022,67,66,145569,155820,94,88,-0.524429,-0.597348,0.070098,0.485144,-0.037412,-1,,,,,,,,,,,,,,,,
17.482772,monitor,23566,589276,25012,1,0,3.000000,3.000000,3.238291,3.189959,67,66,145636,155886,93,87,-0.512336,-0.596505,0.069163,0.484679,-0.037376,-1,,,,,,,,,,,,,,,,
17.526184,monitor,23567,589301,25048,1,0,3.000000,3.000000,3.185374,3.233637,66,67,145702,155952,93,86,-0.500242,-0.595661,0.070098,0.483982,0.037323,-1,,,,,,,,,,,,,,,,
17.531987,monitor,23568,589326,25004,1,0,3.000000,3.000000,3.190979,3.190979,66,66,145767,156018,93,86,-0.488240,-0.594818,0.070098,0.481188,0.000000,-1,,,,,,,,,,,,,,,,
17.581020,monitor,23569,589351,24936,1,0,3.000000,3.000000,3.151201,3.151201,65,65,145832,156084,93,87,-0.476420,-0.593989,0.070098,0.475190,0.000000,-1,,,,,,,,,,,,,,,,
17.581020,monitor,23570,589376,25016,1,0,3.000000,3.000000,3.189448,3.141123,66,65,145898,156149,92,87,-0.464509,-0.593158,0.069163,0.477314,-0.037371,-1,,,,,,,,,,,,,,,,
17.609520,monitor,23571,589402,24988,1,0,3.000000,3.000000,3.144643,3.193022,65,66,145964,156215,93,85,-0.452597,-0.592327,0.070098,0.477849,0.037412,-1,,,,,,,,,,,,,,,,
17.635249,monitor,23572,589426,25016,1,0,3.000000,3.000000,3.092798,3.141123,64,65,146028,156280,93,86,-0.440868,-0.591498,0.071033,0.470027,0.037370,-1,,,,,,,,,,,,,,,,
17.658070,monitor,23573,589451,25000,1,0,3.000000,3.000000,3.143133,3.191489,65,66,146092,156345,92,85,-0.428958,-0.590645,0.071968,0.477619,0.037394,-1,,,,,,,,,,,,,,,,
17.689666,monitor,23574,589476,24980,1,0,3.000000,3.000000,3.145650,3.145650,65,65,146157,156411,92,85,-0.417140,-0.589793,0.071968,0.474353,0.000000,-1,,,,,,,,,,,,,,,,
17.712497,monitor,23575,589501,25008,1,0,3.000000,3.000000,3.093788,3.190469,64,66,146222,156477,92,84,-0.405322,-0.588930,0.073838,0.473822,0.074765,-1,,,,,,,,,,,,,,,,
17.745756,monitor,23576,589527,24996,1,0,3.000000,3.000000,3.143636,3.143636,65,65,146286,156542,91,84,-0.393505,-0.588056,0.073838,0.474049,0.000000,-1,,,,,,,,,,,,,,,,
17.762581,monitor,23577,589551,25000,1,0,3.000000,3.000000,3.094778,3.191489,64,66,146350,156607,92,83,-0.381688,-0.587171,0.075707,0.473973,0.074789,-1,,,,,,,,,,,,,,,,
17.794900,monitor,23578,589576,25040,1,0,3.000000,3.000000,3.089834,3.138113,64,65,146414,156672,92,84,-0.369964,-0.586276,0.076642,0.469576,0.037335,-1,,,,,,,,,,,,,,,,
17.812190,monitor,23579,589601,24956,1,0,3.000000,3.000000,3.051793,3.100234,63,64,146477,156737,92,84,-0.358423,-0.585384,0.077577,0.463852,0.037460,-1,,,,,,,,,,,,,,,,
17.850095,monitor,23580,589626,25064,1,0,3.000000,3.000000,3.086875,3.086875,64,64,146541,156801,91,84,-0.346791,-0.584480,0.077577,0.465490,0.000000,-1,,,,,,,,,,,,,,,,
17.861612,monitor,23581,589651,24936,1,0,3.000000,3.000000,3.054240,3.102721,63,64,146604,156864,92,84,-0.335250,-0.583577,0.078512,0.464224,0.037491,-1,,,,,,,,,,,,,,,,
17.904973,monitor,23582,589676,25028,1,0,3.000000,3.000000,3.043014,3.091316,63,64,146668,156929,92,84,-0.323710,-0.582664,0.079447,0.462518,0.037353,-1,,,,,,,,,,,,,,,,
17.910721,monitor,23583,589701,24972,1,0,3.000000,3.000000,3.049838,3.098248,63,64,146731,156993,92,83,-0.312171,-0.581740,0.080382,0.463555,0.037437,-1,,,,,,,,,,,,,,,,
17.959580,monitor,23584,589726,25008,1,0,3.000000,3.000000,3.093788,3.093788,64,64,146794,157056,91,83,-0.300542,-0.580803,0.080382,0.466532,0.000000,-1,,,,,,,,,,,,,,,,
17.965341,monitor,23585,589751,25016,1,0,3.000000,3.000000,3.092798,2.996148,64,62,146859,157119,91,85,-0.289094,-0.579892,0.078512,0.459096,-0.074741,-1,,,,,,,,,,,,,,,,
17.988054,monitor,23586,589776,24992,1,0,3.000000,3.000000,3.047397,3.047397,63,63,146922,157182,91,84,-0.277644,-0.578991,0.078512,0.459537,0.000000,-1,,,,,,,,,,,,,,,,
18.013143,monitor,23587,589801,24988,1,0,3.000000,3.000000,3.047885,3.047885,63,63,146985,157245,91,84,-0.266195,-0.578090,0.078512,0.459610,0.000000,-1,,,,,,,,,,,,,,,,
18.035995,monitor,23588,589826,25012,1,0,0.000000,0.000000,3.141626,3.093293,65,64,147049,157308,-36,-38,-0.254472,-0.577173,0.077577,0.470102,-0.037376,-1,,,,,,,,,,,,,,,,
18.068630,monitor,23589,589851,24988,1,0,0.000000,0.000000,2.128682,2.177061,44,45,147091,157351,-27,-31,-0.246385,-0.576541,0.078512,0.324645,0.037412,-1,,,,,,,,,,,,,,,,
18.085809,monitor,23590,589876,25000,1,0,0.000000,0.000000,0.676983,0.822050,14,17,147105,157367,-9,-15,-0.243568,-0.576315,0.081316,0.113024,0.112183,-1,,,,,,,,,,,,,,,,
18.116934,monitor,23591,589901,25020,1,0,0.000000,0.000000,0.193269,0.144952,4,3,147108,157370,-3,-6,-0.242932,-0.576264,0.080382,0.025501,-0.037364,-1,,,,,,,,,,,,,,,,
18.139741,monitor,23592,589926,25000,1,0,3.000000,-3.000000,0.096712,0.048356,2,1,147110,157371,123,-127,-0.242660,-0.576242,0.079447,0.010938,-0.037394,-1,,,,,,,,,,,,,,,,
18.171505,monitor,23593,589952,24984,1,0,3.000000,-3.000000,0.967737,-0.532256,20,-11,147132,157358,116,-124,-0.241841,-0.576189,0.050466,0.032835,-1.159967,-1,,,,,,,,,,,,,,,,
18.188680,monitor,23594,589976,25032,1,0,3.000000,-3.000000,2.124940,-1.641999,44,-34,147177,157324,102,-113,-0.240930,-0.576176,-0.022453,0.036413,-2.913031,-1,,,,,,,,,,,,,,,,
18.226341,monitor,23595,590001,25000,1,0,3.000000,-3.000000,2.321083,-2.272727,48,-47,147225,157277,101,-106,-0.240839,-0.576182,-0.111264,0.003646,-3.552464,-1,,,,,,,,,,,,,,,,
18.243459,monitor,23596,590026,24976,1,0,3.000000,-3.000000,2.420118,-2.468521,50,-51,147275,157225,101,-104,-0.240929,-0.576168,-0.205685,-0.003649,-3.780459,-1,,,,,,,,,,,,,,,,
18.281587,monitor,23597,590051,24984,1,0,3.000000,-3.000000,2.516117,-2.612891,52,-54,147326,157171,101,-103,-0.241105,-0.576122,-0.304780,-0.007297,-3.966340,-1,,,,,,,,,,,,,,,,
18.293029,monitor,23598,590076,25008,1,0,3.000000,-3.000000,2.562043,-2.755405,53,-57,147380,157114,101,-102,-0.241447,-0.575995,-0.407615,-0.014579,-4.112063,-1,,,,,,,,,,,,,,,,
18.335491,monitor,23599,590101,25000,1,0,3.000000,-3.000000,2.659575,-2.804642,55,-58,147435,157056,101,-102,-0.241692,-0.575873,-0.513254,-0.010938,-4.225562,-1,,,,,,,,,,,,,,,,
18.341300,monitor,23600,590126,25004,1,0,3.000000,-3.000000,2.755846,-2.804194,57,-58,147492,156998,100,-102,-0.241769,-0.575824,-0.620763,-0.003645,-4.299663,-1,,,,,,,,,,,,,,,,
18.390054,monitor,23601,590151,25048,1,0,3.000000,-3.000000,2.847531,-2.944057,59,-61,147551,156937,99,-100,-0.241911,-0.575710,-0.732946,-0.007278,-4.478723,-1,,,,,,,,,,,,,,,,
18.390054,monitor,23602,590176,24944,1,0,3.000000,-3.000000,2.907868,-2.956332,60,-61,147611,156876,98,-100,-0.241975,-0.575645,-0.846063,-0.003654,-4.534875,-1,,,,,,,,,,,,,,,,
18.418196,monitor,23603,590201,25028,1,0,3.000000,-3.000000,2.946410,-2.994712,61,-62,147672,156814,98,-100,-0.242032,-0.575574,-0.961051,-0.003642,-4.594360,-1,,,,,,,,,,,,,,,,
18.445689,monitor,23604,590226,25000,1,0,3.000000,-3.000000,2.949710,-2.998066,61,-62,147733,156752,98,-100,-0.242079,-0.575496,-1.076039,-0.003646,-4.599505,-1,,,,,,,,,,,,,,,,
18.468568,monitor,23605,590252,24984,1,0,3.000000,-3.000000,2.951599,-3.048373,61,-63,147795,156689,98,-99,-0.242156,-0.575331,-1.191961,-0.007297,-4.639869,-1,,,,,,,,,,,,,,,,
18.496348,monitor,23606,590276,25000,1,0,3.000000,-3.000000,3.046422,-3.046422,63,-63,147857,156626,97,-99,-0.242156,-0.575331,-1.309753,0.000000,-4.711689,-1,,,,,,,,,,,,,,,,
18.545176,monitor,23607,590301,24992,1,0,3.000000,-3.000000,2.999026,-3.095768,62,-64,147919,156562,97,-98,-0.242193,-0.575152,-1.427546,-0.007294,-4.713197,-1,,,,,,,,,,,,,,,,
18.545176,monitor,23608,590326,25000,1,0,3.000000,-3.000000,3.046422,-3.094778,63,-64,147982,156497,97,-98,-0.242201,-0.575061,-1.546273,-0.003646,-4.749083,-1,,,,,,,,,,,,,,,,
18.568095,monitor,23609,590351,25004,1,0,3.000000,-3.000000,2.997586,-3.190979,62,-66,148044,156431,97,-96,-0.242188,-0.574697,-1.665935,-0.014581,-4.785711,-1,,,,,,,,,,,,,,,,
18.602071,monitor,23610,590376,25020,1,0,3.000000,-3.000000,3.043987,-3.188938,63,-66,148108,156366,97,-96,-0.242145,-0.574427,-1.786531,-0.010929,-4.820015,-1,,,,,,,,,,,,,,,,
18.619147,monitor,23611,590401,24980,1,0,3.000000,-3.000000,3.048861,-3.145650,63,-65,148170,156300,96,-96,-0.242096,-0.574252,-1.906193,-0.007298,-4.790309,-1,,,,,,,,,,,,,,,,
18.651162,monitor,23612,590427,25064,1,0,3.000000,-3.000000,3.038643,-3.279805,63,-68,148233,156233,96,-94,-0.241920,-0.573831,-2.028660,-0.018183,-4.886152,-1,,,,,,,,,,,,,,,,
18.668265,monitor,23613,590451,24924,1,0,3.000000,-3.000000,3.007208,-3.201221,62,-66,148296,156166,97,-94,-0.241739,-0.573514,-2.148322,-0.014628,-4.801073,-1,,,,,,,,,,,,,,,,
18.706852,monitor,23614,590476,25024,1,0,3.000000,-3.000000,3.043500,-3.188429,63,-66,148359,156100,96,-94,-0.241577,-0.573295,-2.268919,-0.010927,-4.819245,-1,,,,,,,,,,,,,,,,
18.724229,monitor,23615,590501,25016,1,0,3.000000,-3.000000,3.092798,-3.189448,64,-66,148422,156034,95,-94,-0.241451,-0.573162,-2.390450,-0.007287,-4.858157,-1,,,,,,,,,,,,,,,,
18.762491,monitor,23616,590526,24972,1,0,3.000000,-3.000000,3.049838,-3.243478,63,-67,148486,155967,96,-93,-0.241170,-0.572930,-2.511982,-0.014600,-4.866717,-1,,,,,,,,,,,,,,,,
18.773847,monitor,23617,590552,25004,1,0,3.000000,-3.000000,3.045934,-3.190979,63,-66,148549,155901,96,-93,-0.240940,-0.572783,-2.632579,-0.010936,-4.823100,-1,,,,,,,,,,,,,,,,
18.817336,monitor,23618,590576,25012,1,0,3.000000,-3.000000,3.093293,-3.189959,64,-66,148612,155836,95,-93,-0.240775,-0.572704,-2.754111,-0.007288,-4.858934,-1,,,,,,,,,,,,,,,,
18.823086,monitor,23619,590601,24972,1,0,3.000000,-3.000000,3.049838,-3.146658,63,-65,148676,155770,96,-93,-0.240603,-0.572645,-2.873773,-0.007300,-4.791844,-1,,,,,,,,,,,,,,,,
18.845886,monitor,23620,590626,25000,1,0,3.000000,-3.000000,3.094778,-3.143133,64,-65,148740,155706,95,-93,-0.240514,-0.572626,-2.994370,-0.003646,-4.823872,-1,,,,,,,,,,,,,,,,
18.872720,monitor,23621,590651,25016,1,0,3.000000,-3.000000,3.044473,-3.092798,63,-64,148803,155641,95,-93,-0.240423,-0.572618,-3.113096,-0.003644,-4.746046,-1,,,,,,,,,,,,,,,,
18.901285,monitor,23622,590676,24996,1,0,3.000000,-3.000000,3.046909,-3.095273,63,-64,148866,155577,95,-93,-0.240332,-0.572621,3.051362,-0.003647,-4.749843,-1,,,,,,,,,,,,,,,,
18.927898,monitor,23623,590701,24992,1,0,3.000000,-3.000000,3.047397,-3.095768,63,-64,148928,155513,95,-93,-0.240242,-0.572635,2.932635,-0.003647,-4.750603,-1,,,,,,,,,,,,,,,,
18.950694,monitor,23624,590726,25020,1,0,3.000000,-3.000000,3.043987,-3.140621,63,-65,148991,155449,95,-92,-0.240066,-0.572683,2.812973,-0.007286,-4.782651,-1,,,,,,,,,,,,,,,,
18.983263,monitor,23625,590751,24984,1,0,3.000000,-3.000000,2.999986,-3.145146,62,-65,149054,155384,96,-91,-0.239813,-0.572787,2.694246,-0.010945,-4.752124,-1,,,,,,,,,,,,,,,,
19.000445,monitor,23626,590776,25020,1,0,3.000000,-3.000000,2.995669,-3.140621,62,-65,149116,155318,96,-91,-0.239574,-0.572919,2.575519,-0.010929,-4.745287,-1,,,,,,,,,,,,,,,,
19.038446,monitor,23627,590801,24996,1,0,0.000000,0.000000,2.998546,-3.095273,62,-64,149177,155255,-29,29,-0.239426,-0.573026,2.457727,-0.007293,-4.712443,-1,,,,,,,,,,,,,,,,
19.049940,monitor,23628,590826,24992,1,0,0.000000,0.000000,2.128341,-2.176712,44,-45,149219,155212,-22,22,-0.239358,-0.573087,2.374525,-0.003647,-3.329163,-1,,,,,,,,,,,,,,,,
19.093906,monitor,23629,590851,24992,1,0,0.000000,0.000000,0.628828,-0.822313,13,-17,149232,155196,-4,6,-0.239099,-0.573343,2.346479,-0.014588,-1.122190,-1,,,,,,,,,,,,,,,,
19.099712,monitor,23630,590876,25016,1,0,0.000000,0.000000,0.193300,-0.289950,4,-6,149235,155190,0,0,-0.238972,-0.573474,2.337130,-0.007287,-0.373704,-1,,,,,,,,,,,,,,,,
19.143231,monitor,23631,590901,24980,1,0,0.000000,0.000000,0.096789,-0.193578,2,-4,149237,155186,1,0,-0.238846,-0.573606,2.331521,-0.007298,-0.224546,-1,,,,,,,,,,,,,,,,
19.149011,monitor,23632,590926,25004,1,0,0.000000,0.000000,0.193393,-0.096696,4,-2,149242,155184,0,-1,-0.238971,-0.573473,2.325912,0.007291,-0.224330,-1,,,,,,,,,,,,,,,,
19.197899,monitor,23633,590951,25004,1,0,0.000000,0.000000,0.145045,0.000000,3,0,149244,155184,0,-3,-0.239158,-0.573274,2.323108,0.010936,-0.112165,-1,,,,,,,,,,,,,,,,
19.203686,monitor,23634,590976,24988,1,0,0.000000,0.000000,0.000000,0.000000,0,0,149244,155184,2,-3,-0.239158,-0.573274,2.323108,0.000000,0.000000,-1,,,,,,,,,,,,,,,,
19.226545,monitor,23635,591001,25020,1,0,0.000000,0.000000,0.000000,0.000000,0,0,149244,155184,2,-3,-0.239158,-0.573274,2.323108,0.000000,0.000000,-1,,,,,,,,,,,,,,,,
19.253872,monitor,23636,591026,24980,1,0,0.000000,0.000000,0.000000,0.000000,0,0,149244,155184,2,-3,-0.239158,-0.573274,2.323108,0.000000,0.000000,-1,,,,,,,,,,,,,,,,
19.276642,monitor,23637,591050,25016,1,0,0.000000,0.000000,0.000000,0.000000,0,0,149244,155184,2,-3,-0.239158,-0.573274,2.323108,0.000000,0.000000,-1,,,,,,,,,,,,,,,,
19.302707,monitor,23638,591076,24996,1,0,0.000000,0.000000,0.000000,0.000000,0,0,149244,155184,2,-3,-0.239158,-0.573274,2.323108,0.000000,0.000000,-1,,,,,,,,,,,,,,,,
19.325471,monitor,23639,591100,24996,1,0,3.000000,-3.000000,0.000000,0.000000,0,0,149244,155184,128,-125,-0.239158,-0.573274,2.323108,0.000000,0.000000,-1,,,,,,,,,,,,,,,,
19.357708,monitor,23640,591126,25016,1,0,3.000000,-3.000000,0.773200,-0.821525,16,-17,149262,155165,122,-118,-0.239097,-0.573341,2.292257,-0.003644,-1.233224,-1,,,,,,,,,,,,,,,,
19.380535,monitor,23641,591151,24996,1,0,3.000000,-3.000000,2.031273,-2.031273,42,-42,149304,155122,108,-105,-0.239097,-0.573341,2.213729,0.000000,-3.141628,-1,,,,,,,,,,,,,,,,
19.413337,monitor,23642,591176,24992,1,0,3.000000,-3.000000,2.225083,-2.466940,46,-51,149351,155072,107,-100,-0.238840,-0.573718,2.123048,-0.018236,-3.628413,-1,,,,,,,,,,,,,,,,
19.430405,monitor,23643,591201,25004,1,0,3.000000,-3.000000,2.465756,-2.610801,51,-54,149402,155017,105,-99,-0.238708,-0.573958,2.024888,-0.010936,-3.925779,-1,,,,,,,,,,,,,,,,
19.463045,monitor,23644,591226,25008,1,0,0.000000,0.000000,2.658724,-2.610383,55,-54,149457,154964,-22,21,-0.238744,-0.573874,1.922988,0.003645,-4.074681,-1,,,,,,,,,,,,,,,,
19.480095,monitor,23645,591251,25000,1,0,0.000000,0.000000,1.885880,-1.885880,39,-39,149494,154926,-16,16,-0.238744,-0.573874,1.850069,0.000000,-2.916760,-1,,,,,,,,,,,,,,,,
19.519318,monitor,23646,591276,25004,1,0,0.000000,0.000000,0.628526,-0.676874,13,-14,149506,154913,-1,1,-0.238720,-0.573962,1.824828,-0.003645,-1.009486,-1,,,,,,,,,,,,,,,,
19.530758,monitor,23647,591301,24992,1,0,0.000000,0.000000,0.145114,-0.290228,3,-6,149509,154907,4,-2,-0.238653,-0.574227,1.816414,-0.010941,-0.336657,-1,,,,,,,,,,,,,,,,
19.569673,monitor,23648,591326,25008,1,0,0.000000,0.000000,0.241702,-0.290043,5,-6,149514,154901,2,-2,-0.238631,-0.574315,1.806131,-0.003645,-0.411206,-1,,,,,,,,,,,,,,,,
19.581140,monitor,23649,591351,24988,1,0,0.000000,0.000000,0.096758,-0.145137,2,-3,149516,154898,4,-3,-0.238610,-0.574404,1.801456,-0.003648,-0.187062,-1,,,,,,,,,,,,,,,,
19.622776,monitor,23650,591376,24996,1,0,0.000000,0.000000,0.048364,-0.048364,1,-1,149517,154897,5,-4,-0.238610,-0.574404,1.799587,0.000000,-0.074801,-1,,,,,,,,,,,,,,,,
19.628544,monitor,23651,591400,25004,1,0,0.000000,0.000000,0.000000,0.000000,0,0,149517,154897,5,-5,-0.238610,-0.574404,1.799587,0.000000,0.000000,-1,,,,,,,,,,,,,,,,
19.673056,monitor,23652,591426,24996,1,0,0.000000,0.000000,0.048364,0.000000,1,0,149518,154897,5,-5,-0.238631,-0.574315,1.798652,0.003647,-0.037400,-1,,,,,,,,,,,,,,,,
19.684576,monitor,23653,591451,24988,1,0,0.000000,0.000000,0.000000,-0.048379,0,-1,149518,154896,5,-4,-0.238610,-0.574404,1.797717,-0.003648,-0.037412,-1,,,,,,,,,,,,,,,,
19.724467,monitor,23654,591475,25020,1,0,0.000000,0.000000,0.000000,0.000000,0,0,149518,154896,5,-5,-0.238610,-0.574404,1.797717,0.000000,0.000000,-1,,,,,,,,,,,,,,,,
19.730250,monitor,23655,591501,25008,1,0,0.000000,0.000000,0.000000,0.000000,0,0,149518,154896,5,-5,-0.238610,-0.574404,1.797717,0.000000,0.000000,-1,,,,,,,,,,,,,,,,
19.776829,monitor,23656,591525,24988,1,0,0.000000,0.000000,0.000000,0.000000,0,0,149518,154896,5,-5,-0.238610,-0.574404,1.797717,0.000000,0.000000,-1,,,,,,,,,,,,,,,,
19.782615,monitor,23657,591551,24988,1,0,0.000000,0.000000,0.000000,0.000000,0,0,149518,154896,5,-5,-0.238610,-0.574404,1.797717,0.000000,0.000000,-1,,,,,,,,,,,,,,,,
19.828456,monitor,23658,591576,25016,1,0,0.000000,0.000000,0.000000,0.000000,0,0,149518,154896,5,-5,-0.238610,-0.574404,1.797717,0.000000,0.000000,-1,,,,,,,,,,,,,,,,
19.834279,monitor,23659,591600,25004,1,0,0.000000,0.000000,0.000000,0.000000,0,0,149518,154896,5,-5,-0.238610,-0.574404,1.797717,0.000000,0.000000,-1,,,,,,,,,,,,,,,,
19.880671,monitor,23660,591626,24984,1,0,0.000000,0.000000,0.000000,0.000000,0,0,149518,154896,5,-5,-0.238610,-0.574404,1.797717,0.000000,0.000000,-1,,,,,,,,,,,,,,,,
19.886419,monitor,23661,591650,25004,1,0,0.000000,0.000000,0.000000,0.000000,0,0,149518,154896,5,-5,-0.238610,-0.574404,1.797717,0.000000,0.000000,-1,,,,,,,,,,,,,,,,
19.932089,monitor,23662,591676,25012,1,0,3.000000,-3.000000,0.000000,0.000000,0,0,149518,154896,131,-127,-0.238610,-0.574404,1.797717,0.000000,0.000000,-1,,,,,,,,,,,,,,,,
19.932089,monitor,23663,591702,25000,1,0,3.000000,-3.000000,0.773694,-0.725339,16,-15,149536,154879,126,-122,-0.238629,-0.574315,1.768736,0.003646,-1.159225,-1,,,,,,,,,,,,,,,,
19.984676,monitor,23664,591726,25000,1,0,0.000000,0.000000,1.885880,-1.934236,39,-40,149575,154839,-12,13,-0.238615,-0.574405,1.694883,-0.003646,-2.954154,-1,,,,,,,,,,,,,,,,
19.984676,monitor,23665,591751,24988,1,0,0.000000,0.000000,1.499753,-1.644890,31,-34,149605,154806,-10,12,-0.238589,-0.574677,1.634117,-0.010943,-2.431800,-1,,,,,,,,,,,,,,,,
20.036041,monitor,23666,591776,25000,1,0,0.000000,0.000000,0.338491,-0.338491,7,-7,149611,154800,4,-3,-0.238589,-0.574677,1.621029,0.000000,-0.523521,-1,,,,,,,,,,,,,,,,
20.036041,monitor,23667,591801,25008,1,0,0.000000,0.000000,0.241702,-0.193362,5,-4,149616,154796,5,-5,-0.238593,-0.574586,1.612615,0.003645,-0.336442,-1,,,,,,,,,,,,,,,,
20.058809,monitor,23668,591825,24980,1,0,0.000000,0.000000,0.096789,-0.048395,2,-1,149618,154795,6,-6,-0.238597,-0.574495,1.609810,0.003649,-0.112273,-1,,,,,,,,,,,,,,,,
20.088526,monitor,23669,591851,25000,1,0,0.000000,0.000000,0.000000,0.000000,0,0,149618,154795,8,-7,-0.238597,-0.574495,1.609810,0.000000,0.000000,-1,,,,,,,,,,,,,,,,
20.111142,monitor,23670,591876,25004,1,0,0.000000,0.000000,0.000000,0.000000,0,0,149618,154795,8,-7,-0.238597,-0.574495,1.609810,0.000000,0.000000,-1,,,,,,,,,,,,,,,,
20.140154,monitor,23671,591900,25004,1,0,0.000000,0.000000,0.000000,0.000000,0,0,149618,154795,8,-7,-0.238597,-0.574495,1.609810,0.000000,0.000000,-1,,,,,,,,,,,,,,,,
20.162984,monitor,23672,591926,24992,1,0,0.000000,0.000000,0.000000,0.000000,0,0,149618,154795,8,-7,-0.238597,-0.574495,1.609810,0.000000,0.000000,-1,,,,,,,,,,,,,,,,
20.192650,monitor,23673,591950,25008,1,0,0.000000,0.000000,0.000000,0.000000,0,0,149618,154795,8,-7,-0.238597,-0.574495,1.609810,0.000000,0.000000,-1,,,,,,,,,,,,,,,,
20.215004,monitor,23674,591976,24996,1,0,0.000000,0.000000,0.000000,0.000000,0,0,149618,154795,8,-7,-0.238597,-0.574495,1.609810,0.000000,0.000000,-1,,,,,,,,,,,,,,,,
20.244633,monitor,23675,592001,24996,1,0,0.000000,0.000000,0.000000,0.000000,0,0,149618,154795,8,-7,-0.238597,-0.574495,1.609810,0.000000,0.000000,-1,,,,,,,,,,,,,,,,
20.261397,monitor,23676,592026,25028,1,0,0.000000,0.000000,0.000000,0.000000,0,0,149618,154795,8,-7,-0.238597,-0.574495,1.609810,0.000000,0.000000,-1,,,,,,,,,,,,,,,,
20.297067,monitor,23677,592051,25000,1,0,0.000000,0.000000,0.000000,0.000000,0,0,149618,154795,8,-7,-0.238597,-0.574495,1.609810,0.000000,0.000000,-1,,,,,,,,,,,,,,,,
20.314179,monitor,23678,592075,24980,1,0,0.000000,0.000000,0.000000,0.000000,0,0,149618,154795,8,-7,-0.238597,-0.574495,1.609810,0.000000,0.000000,-1,,,,,,,,,,,,,,,,
20.348287,monitor,23679,592101,25012,1,0,0.000000,0.000000,0.000000,0.000000,0,0,149618,154795,8,-7,-0.238597,-0.574495,1.609810,0.000000,0.000000,-1,,,,,,,,,,,,,,,,
20.365398,monitor,23680,592125,25012,1,0,0.000000,0.000000,0.000000,0.000000,0,0,149618,154795,8,-7,-0.238597,-0.574495,1.609810,0.000000,0.000000,-1,,,,,,,,,,,,,,,,
20.399971,monitor,23681,592151,24984,1,0,0.000000,0.000000,0.000000,0.000000,0,0,149618,154795,8,-7,-0.238597,-0.574495,1.609810,0.000000,0.000000,-1,,,,,,,,,,,,,,,,
20.417023,monitor,23682,592176,24984,1,0,0.000000,0.000000,0.000000,0.000000,0,0,149618,154795,8,-7,-0.238597,-0.574495,1.609810,0.000000,0.000000,-1,,,,,,,,,,,,,,,,
20.451401,monitor,23683,592200,25008,1,0,0.000000,0.000000,0.000000,0.000000,0,0,149618,154795,8,-7,-0.238597,-0.574495,1.609810,0.000000,0.000000,-1,,,,,,,,,,,,,,,,
20.462846,monitor,23684,592226,24992,1,0,0.000000,0.000000,0.000000,0.000000,0,0,149618,154795,8,-7,-0.238597,-0.574495,1.609810,0.000000,0.000000,-1,,,,,,,,,,,,,,,,
20.503305,monitor,23685,592250,25004,1,0,0.000000,0.000000,0.000000,0.000000,0,0,149618,154795,8,-7,-0.238597,-0.574495,1.609810,0.000000,0.000000,-1,,,,,,,,,,,,,,,,
20.514712,monitor,23686,592276,25016,1,0,0.000000,0.000000,0.000000,0.000000,0,0,149618,154795,8,-7,-0.238597,-0.574495,1.609810,0.000000,0.000000,-1,,,,,,,,,,,,,,,,
20.555058,monitor,23687,592301,24996,1,0,0.000000,0.000000,0.000000,0.000000,0,0,149618,154795,8,-7,-0.238597,-0.574495,1.609810,0.000000,0.000000,-1,,,,,,,,,,,,,,,,
20.566431,monitor,23688,592325,24984,1,0,0.000000,0.000000,0.000000,0.000000,0,0,149618,154795,8,-7,-0.238597,-0.574495,1.609810,0.000000,0.000000,-1,,,,,,,,,,,,,,,,
20.606972,monitor,23689,592351,25012,1,0,0.000000,0.000000,0.000000,0.000000,0,0,149618,154795,8,-7,-0.238597,-0.574495,1.609810,0.000000,0.000000,-1,,,,,,,,,,,,,,,,
20.618365,monitor,23690,592375,24996,1,0,0.000000,0.000000,0.000000,0.000000,0,0,149618,154795,8,-7,-0.238597,-0.574495,1.609810,0.000000,0.000000,-1,,,,,,,,,,,,,,,,
20.663267,monitor,23691,592401,25004,1,0,0.000000,0.000000,0.000000,0.000000,0,0,149618,154795,8,-7,-0.238597,-0.574495,1.609810,0.000000,0.000000,-1,,,,,,,,,,,,,,,,
20.669010,monitor,23692,592425,25000,1,0,0.000000,0.000000,0.000000,0.000000,0,0,149618,154795,8,-7,-0.238597,-0.574495,1.609810,0.000000,0.000000,-1,,,,,,,,,,,,,,,,
20.714165,monitor,23693,592451,24992,1,0,0.000000,0.000000,0.000000,0.000000,0,0,149618,154795,8,-7,-0.238597,-0.574495,1.609810,0.000000,0.000000,-1,,,,,,,,,,,,,,,,
20.719886,monitor,23694,592476,25016,1,0,0.000000,0.000000,0.000000,0.000000,0,0,149618,154795,8,-7,-0.238597,-0.574495,1.609810,0.000000,0.000000,-1,,,,,,,,,,,,,,,,
20.766499,monitor,23695,592500,24984,1,0,0.000000,0.000000,0.000000,0.000000,0,0,149618,154795,8,-7,-0.238597,-0.574495,1.609810,0.000000,0.000000,-1,,,,,,,,,,,,,,,,
20.766499,monitor,23696,592526,25020,1,0,0.000000,0.000000,0.000000,0.000000,0,0,149618,154795,8,-7,-0.238597,-0.574495,1.609810,0.000000,0.000000,-1,,,,,,,,,,,,,,,,
20.818222,monitor,23697,592550,24984,1,0,0.000000,0.000000,0.000000,0.000000,0,0,149618,154795,8,-7,-0.238597,-0.574495,1.609810,0.000000,0.000000,-1,,,,,,,,,,,,,,,,
20.818222,monitor,23698,592576,25012,1,0,0.000000,0.000000,0.000000,0.000000,0,0,149618,154795,8,-7,-0.238597,-0.574495,1.609810,0.000000,0.000000,-1,,,,,,,,,,,,,,,,
20.875099,monitor,23699,592601,24996,1,0,3.000000,3.000000,0.000000,0.000000,0,0,149618,154795,134,114,-0.238597,-0.574495,1.609810,0.000000,0.000000,-1,,,,,,,,,,,,,,,,
20.875099,monitor,23700,592626,25012,1,0,3.000000,3.000000,0.676658,0.773323,14,16,149634,154813,130,108,-0.238706,-0.571763,1.611680,0.109326,0.074753,-1,,,,,,,,,,,,,,,,
20.922490,monitor,23701,592651,24992,1,0,3.000000,3.000000,1.934855,1.838112,40,38,149674,154851,115,97,-0.238990,-0.564659,1.609810,0.284475,-0.074813,-1,,,,,,,,,,,,,,,,
20.922490,monitor,23702,592676,24996,1,0,3.000000,3.000000,2.321455,2.079637,48,43,149723,154894,112,95,-0.239294,-0.556370,1.605136,0.331834,-0.187002,-1,,,,,,,,,,,,,,,,
20.976339,monitor,23703,592701,24996,1,0,3.000000,3.000000,2.611637,2.224727,54,46,149777,154941,109,95,-0.239573,-0.547259,1.597657,0.364653,-0.299203,-1,,,,,,,,,,,,,,,,
20.976339,monitor,23704,592727,25012,1,0,3.000000,3.000000,2.851630,2.658299,59,55,149836,154996,106,90,-0.239833,-0.536871,1.593918,0.415439,-0.149506,-1,,,,,,,,,,,,,,,,
21.028296,monitor,23705,592751,24996,1,0,3.000000,3.000000,3.046909,2.853455,63,59,149900,155055,103,88,-0.240069,-0.525754,1.590178,0.444877,-0.149601,-1,,,,,,,,,,,,,,,,
21.028296,monitor,23706,592776,24980,1,0,3.000000,3.000000,3.097256,3.000466,64,62,149964,155118,102,86,-0.240281,-0.514271,1.588309,0.459757,-0.074849,-1,,,,,,,,,,,,,,,,
21.079302,monitor,23707,592801,25028,1,0,3.000000,3.000000,3.236221,3.091316,67,64,150031,155181,100,85,-0.240473,-0.502332,1.585504,0.477085,-0.112057,-1,,,,,,,,,,,,,,,,
21.079302,monitor,23708,592826,24976,1,0,3.000000,3.000000,3.339763,3.146154,69,65,150100,155247,98,84,-0.240630,-0.490119,1.581765,0.489027,-0.149721,-1,,,,,,,,,,,,,,,,
21.129639,monitor,23709,592851,25000,1,0,3.000000,3.000000,3.288201,3.191489,68,66,150168,155312,98,83,-0.240753,-0.477906,1.579895,0.488557,-0.074789,-1,,,,,,,,,,,,,,,,
21.129639,monitor,23710,592876,25020,1,0,3.000000,3.000000,3.237256,3.188938,67,66,150235,155378,98,82,-0.240857,-0.465783,1.578960,0.484524,-0.037364,-1,,,,,,,,,,,,,,,,
21.181692,monitor,23711,592902,25000,1,0,3.000000,3.000000,3.239845,3.143133,67,65,150302,155443,98,83,-0.240944,-0.453752,1.577091,0.481265,-0.074789,-1,,,,,,,,,,,,,,,,
21.181692,monitor,23712,592926,25012,1,0,3.000000,3.000000,3.286624,3.141626,68,65,150370,155509,97,82,-0.241003,-0.441629,1.574286,0.484679,-0.112129,-1,,,,,,,,,,,,,,,,
21.198757,monitor,23713,592951,25008,1,0,3.000000,3.000000,3.238809,3.142128,67,65,150437,155573,97,82,-0.241034,-0.429598,1.572416,0.481111,-0.074765,-1,,,,,,,,,,,,,,,,
21.232564,monitor,23714,592976,24972,1,0,3.000000,3.000000,3.195068,3.098248,66,64,150502,155637,97,82,-0.241042,-0.417749,1.570547,0.474505,-0.074872,-1,,,,,,,,,,,,,,,,
21.249635,monitor,23715,593001,25004,1,0,3.000000,3.000000,3.239327,3.045934,67,63,150569,155701,96,83,-0.241017,-0.405899,1.566807,0.473898,-0.149554,-1,,,,,,,,,,,,,,,,
21.284422,monitor,23716,593027,25020,1,0,3.000000,3.000000,3.237256,3.092304,67,64,150636,155764,95,82,-0.240953,-0.393959,1.564003,0.477238,-0.112093,-1,,,,,,,,,,,,,,,,
21.301096,monitor,23717,593051,24984,1,0,3.000000,3.000000,3.193533,3.096760,66,64,150703,155828,96,82,-0.240861,-0.382110,1.562133,0.474277,-0.074837,-1,,,,,,,,,,,,,,,,
21.334052,monitor,23718,593076,24992,1,0,3.000000,3.000000,3.144140,3.047397,65,63,150768,155892,96,83,-0.240749,-0.370443,1.560263,0.466831,-0.074813,-1,,,,,,,,,,,,,,,,
21.351128,monitor,23719,593101,25024,1,0,3.000000,3.000000,3.236738,3.091810,67,64,150834,155956,94,82,-0.240607,-0.358504,1.557459,0.477161,-0.112075,-1,,,,,,,,,,,,,,,,
21.384867,monitor,23720,593126,24976,1,0,3.000000,3.000000,3.194556,3.049349,66,63,150900,156018,94,82,-0.240433,-0.346747,1.554654,0.470779,-0.112291,-1,,,,,,,,,,,,,,,,
21.402029,monitor,23721,593152,25120,1,0,0.000000,0.000000,3.128119,3.031869,65,63,150965,156081,-30,-39,-0.240234,-0.335082,1.552784,0.464452,-0.074431,-1,,,,,,,,,,,,,,,,
21.434215,monitor,23722,593176,24880,1,0,0.000000,0.000000,2.283689,2.137922,47,44,151010,156123,-24,-31,-0.240073,-0.326789,1.549980,0.333382,-0.112724,-1,,,,,,,,,,,,,,,,
21.451058,monitor,23723,593201,25000,1,0,0.000000,0.000000,0.870406,0.822050,18,17,151027,156139,-7,-16,-0.240005,-0.323599,1.549045,0.127608,-0.037394,-1,,,,,,,,,,,,,,,,
21.490217,monitor,23724,593226,24992,1,0,0.000000,0.000000,0.290228,0.145114,6,3,151033,156142,0,-7,-0.239986,-0.322779,1.546240,0.032824,-0.112219,-1,,,,,,,,,,,,,,,,
21.501671,monitor,23725,593251,25004,1,0,0.000000,0.000000,0.193393,0.048348,4,1,151037,156143,0,-6,-0.239974,-0.322323,1.543436,0.018227,-0.112165,-1,,,,,,,,,,,,,,,,
21.540314,monitor,23726,593275,25016,1,0,0.000000,0.000000,0.144975,0.000000,3,0,151040,156143,0,-5,-0.239967,-0.322050,1.540631,0.010931,-0.112111,-1,,,,,,,,,,,,,,,,
21.551475,monitor,23727,593301,24976,1,0,0.000000,0.000000,0.096805,0.000000,2,0,151042,156143,1,-5,-0.239961,-0.321868,1.538762,0.007299,-0.074861,-1,,,,,,,,,,,,,,,,
21.596848,monitor,23728,593326,25004,1,0,0.000000,0.000000,0.000000,-0.048348,0,-1,151042,156142,2,-5,-0.239964,-0.321959,1.537827,-0.003645,-0.037388,-1,,,,,,,,,,,,,,,,
21.602612,monitor,23729,593351,25000,1,0,0.000000,0.000000,0.000000,-0.048356,0,-1,151042,156141,2,-5,-0.239967,-0.322050,1.536892,-0.003646,-0.037394,-1,,,,,,,,,,,,,,,,
21.647764,monitor,23730,593376,25000,1,0,0.000000,0.000000,0.000000,0.000000,0,0,151042,156141,2,-5,-0.239967,-0.322050,1.536892,0.000000,0.000000,-1,,,,,,,,,,,,,,,,
21.653485,monitor,23731,593400,24996,1,0,0.000000,0.000000,0.000000,0.000000,0,0,151042,156141,2,-5,-0.239967,-0.322050,1.536892,0.000000,0.000000,-1,,,,,,,,,,,,,,,,
21.699016,monitor,23732,593426,25000,1,0,0.000000,0.000000,0.000000,0.000000,0,0,151042,156141,2,-5,-0.239967,-0.322050,1.536892,0.000000,0.000000,-1,,,,,,,,,,,,,,,,
21.704772,monitor,23733,593451,25012,1,0,0.000000,0.000000,0.000000,0.000000,0,0,151042,156141,2,-5,-0.239967,-0.322050,1.536892,0.000000,0.000000,-1,,,,,,,,,,,,,,,,
21.751398,monitor,23734,593476,25012,1,0,0.000000,0.000000,0.000000,0.000000,0,0,151042,156141,2,-5,-0.239967,-0.322050,1.536892,0.000000,0.000000,-1,,,,,,,,,,,,,,,,
21.756665,monitor,23735,593501,24972,1,0,0.000000,0.000000,0.000000,0.000000,0,0,151042,156141,2,-5,-0.239967,-0.322050,1.536892,0.000000,0.000000,-1,,,,,,,,,,,,,,,,
21.802740,monitor,23736,593525,25024,1,0,0.000000,0.000000,0.000000,0.000000,0,0,151042,156141,2,-5,-0.239967,-0.322050,1.536892,0.000000,0.000000,-1,,,,,,,,,,,,,,,,
21.808457,monitor,23737,593551,25000,1,0,0.000000,0.000000,0.000000,0.000000,0,0,151042,156141,2,-5,-0.239967,-0.322050,1.536892,0.000000,0.000000,-1,,,,,,,,,,,,,,,,
21.853891,monitor,23738,593575,24996,1,0,0.000000,0.000000,0.000000,0.000000,0,0,151042,156141,2,-5,-0.239967,-0.322050,1.536892,0.000000,0.000000,-1,,,,,,,,,,,,,,,,
21.853891,monitor,23739,593601,25004,1,0,0.000000,0.000000,0.000000,0.000000,0,0,151042,156141,2,-5,-0.239967,-0.322050,1.536892,0.000000,0.000000,-1,,,,,,,,,,,,,,,,
21.905269,monitor,23740,593626,24996,1,0,0.000000,0.000000,0.000000,0.000000,0,0,151042,156141,2,-5,-0.239967,-0.322050,1.536892,0.000000,0.000000,-1,,,,,,,,,,,,,,,,
21.905269,monitor,23741,593650,25004,1,0,0.000000,0.000000,0.000000,0.000000,0,0,151042,156141,2,-5,-0.239967,-0.322050,1.536892,0.000000,0.000000,-1,,,,,,,,,,,,,,,,
21.957719,monitor,23742,593676,24992,1,0,0.000000,0.000000,0.000000,0.000000,0,0,151042,156141,2,-5,-0.239967,-0.322050,1.536892,0.000000,0.000000,-1,,,,,,,,,,,,,,,,
21.957719,monitor,23743,593700,24992,1,0,0.000000,0.000000,0.000000,0.000000,0,0,151042,156141,2,-5,-0.239967,-0.322050,1.536892,0.000000,0.000000,-1,,,,,,,,,,,,,,,,
22.009529,monitor,23744,593726,25000,1,0,0.000000,0.000000,0.000000,0.000000,0,0,151042,156141,2,-5,-0.239967,-0.322050,1.536892,0.000000,0.000000,-1,,,,,,,,,,,,,,,,
22.009529,monitor,23745,593751,25008,1,0,0.000000,0.000000,0.000000,0.000000,0,0,151042,156141,2,-5,-0.239967,-0.322050,1.536892,0.000000,0.000000,-1,,,,,,,,,,,,,,,,
22.060962,monitor,23746,593775,24992,1,0,0.000000,0.000000,0.000000,0.000000,0,0,151042,156141,2,-5,-0.239967,-0.322050,1.536892,0.000000,0.000000,-1,,,,,,,,,,,,,,,,
22.060962,monitor,23747,593801,24992,1,0,0.000000,0.000000,0.000000,0.000000,0,0,151042,156141,2,-5,-0.239967,-0.322050,1.536892,0.000000,0.000000,-1,,,,,,,,,,,,,,,,
22.112148,monitor,23748,593825,25020,1,0,0.000000,0.000000,0.000000,0.000000,0,0,151042,156141,2,-5,-0.239967,-0.322050,1.536892,0.000000,0.000000,-1,,,,,,,,,,,,,,,,
22.112148,monitor,23749,593851,25000,1,0,0.000000,0.000000,0.000000,0.000000,0,0,151042,156141,2,-5,-0.239967,-0.322050,1.536892,0.000000,0.000000,-1,,,,,,,,,,,,,,,,
22.163384,monitor,23750,593875,24992,1,0,0.000000,0.000000,0.000000,0.000000,0,0,151042,156141,2,-5,-0.239967,-0.322050,1.536892,0.000000,0.000000,-1,,,,,,,,,,,,,,,,
22.163384,monitor,23751,593901,25012,1,0,0.000000,0.000000,0.000000,0.000000,0,0,151042,156141,2,-5,-0.239967,-0.322050,1.536892,0.000000,0.000000,-1,,,,,,,,,,,,,,,,
22.216087,monitor,23752,593926,24992,1,0,0.000000,0.000000,0.000000,0.000000,0,0,151042,156141,2,-5,-0.239967,-0.322050,1.536892,0.000000,0.000000,-1,,,,,,,,,,,,,,,,
22.216087,monitor,23753,593950,25016,1,0,0.000000,0.000000,0.000000,0.000000,0,0,151042,156141,2,-5,-0.239967,-0.322050,1.536892,0.000000,0.000000,-1,,,,,,,,,,,,,,,,
22.268315,monitor,23754,593976,24976,1,0,0.000000,0.000000,0.000000,0.000000,0,0,151042,156141,2,-5,-0.239967,-0.322050,1.536892,0.000000,0.000000,-1,,,,,,,,,,,,,,,,
22.268315,monitor,23755,594000,25020,1,0,0.000000,0.000000,0.000000,0.000000,0,0,151042,156141,2,-5,-0.239967,-0.322050,1.536892,0.000000,0.000000,-1,,,,,,,,,,,,,,,,
22.285450,monitor,23756,594026,24976,1,0,0.000000,0.000000,0.000000,0.000000,0,0,151042,156141,2,-5,-0.239967,-0.322050,1.536892,0.000000,0.000000,-1,,,,,,,,,,,,,,,,
22.319834,monitor,23757,594051,24996,1,0,0.000000,0.000000,0.000000,0.000000,0,0,151042,156141,2,-5,-0.239967,-0.322050,1.536892,0.000000,0.000000,-1,,,,,,,,,,,,,,,,
22.336855,monitor,23758,594075,25008,1,0,0.000000,0.000000,0.000000,0.000000,0,0,151042,156141,2,-5,-0.239967,-0.322050,1.536892,0.000000,0.000000,-1,,,,,,,,,,,,,,,,
22.369446,monitor,23759,594101,24996,1,0,0.000000,0.000000,0.000000,0.000000,0,0,151042,156141,2,-5,-0.239967,-0.322050,1.536892,0.000000,0.000000,-1,,,,,,,,,,,,,,,,
22.386579,monitor,23760,594125,25012,1,0,-3.000000,-3.000000,0.000000,0.000000,0,0,151042,156141,-123,-127,-0.239967,-0.322050,1.536892,0.000000,0.000000,-1,,,,,,,,,,,,,,,,
22.426234,monitor,23761,594151,24984,1,0,-3.000000,-3.000000,-0.870964,-0.629029,-18,-13,151022,156126,-116,-124,-0.240056,-0.324874,1.541566,-0.113097,0.187092,-1,,,,,,,,,,,,,,,,
22.437570,monitor,23762,594176,25004,1,0,-3.000000,-3.000000,-1.788882,-1.788882,-37,-37,150985,156089,-107,-111,-0.240253,-0.331616,1.541566,-0.269757,0.000000,-1,,,,,,,,,,,,,,,,
22.476599,monitor,23763,594201,25016,1,0,-3.000000,-3.000000,-2.077974,-2.367924,-43,-49,150942,156039,-105,-105,-0.240522,-0.339998,1.535957,-0.335213,-0.224223,-1,,,,,,,,,,,,,,,,
22.488030,monitor,23764,594226,24992,1,0,-3.000000,-3.000000,-2.321826,-2.612055,-48,-54,150894,155986,-103,-103,-0.240872,-0.349288,1.530348,-0.372006,-0.224438,-1,,,,,,,,,,,,,,,,
22.528317,monitor,23765,594251,25020,1,0,-3.000000,-3.000000,-2.609131,-2.754083,-54,-57,150840,155928,-100,-101,-0.241295,-0.359397,1.527543,-0.404377,-0.112094,-1,,,,,,,,,,,,,,,,
22.539649,monitor,23766,594276,24976,1,0,-3.000000,-3.000000,-2.758935,-2.904142,-57,-60,150782,155868,-99,-99,-0.241771,-0.370051,1.524739,-0.426986,-0.112291,-1,,,,,,,,,,,,,,,,
22.579104,monitor,23767,594301,25048,1,0,-3.000000,-3.000000,-2.944057,-3.088847,-61,-64,150720,155804,-96,-97,-0.242312,-0.381431,1.521934,-0.454870,-0.111968,-1,,,,,,,,,,,,,,,,
22.590484,monitor,23768,594326,24948,1,0,-3.000000,-3.000000,-3.052772,-3.149685,-63,-65,150657,155738,-95,-96,-0.242892,-0.393084,1.520065,-0.467654,-0.074945,-1,,,,,,,,,,,,,,,,
22.630889,monitor,23769,594352,25060,1,0,-3.000000,-3.000000,-3.183848,-3.280329,-66,-68,150592,155671,-93,-93,-0.243523,-0.405282,1.518195,-0.487387,-0.074610,-1,,,,,,,,,,,,,,,,
22.642389,monitor,23770,594376,24952,1,0,-3.000000,-3.000000,-3.197629,-3.246078,-66,-67,150526,155604,-92,-93,-0.244166,-0.417387,1.517260,-0.485844,-0.037466,-1,,,,,,,,,,,,,,,,
22.681786,monitor,23771,594401,24996,1,0,-3.000000,-3.000000,-3.143636,-3.192000,-65,-66,150461,155538,-93,-94,-0.244811,-0.429310,1.516325,-0.477696,-0.037401,-1,,,,,,,,,,,,,,,,
22.693273,monitor,23772,594426,25020,1,0,-3.000000,-3.000000,-3.092304,-3.188938,-64,-66,150396,155471,-93,-93,-0.245467,-0.441142,1.514456,-0.473595,-0.074729,-1,,,,,,,,,,,,,,,,
22.735037,monitor,23773,594451,24980,1,0,-3.000000,-3.000000,-3.145650,-3.242439,-65,-67,150332,155404,-92,-92,-0.246156,-0.453154,1.512586,-0.481651,-0.074848,-1,,,,,,,,,,,,,,,,
22.740820,monitor,23774,594477,24992,1,0,-3.000000,-3.000000,-3.047397,-3.192511,-63,-66,150268,155338,-93,-92,-0.246856,-0.464891,1.509781,-0.470478,-0.112219,-1,,,,,,,,,,,,,,,,
22.787551,monitor,23775,594501,25004,1,0,-3.000000,-3.000000,-3.094283,-3.239327,-64,-67,150205,155271,-92,-91,-0.247601,-0.476808,1.506977,-0.477543,-0.112165,-1,,,,,,,,,,,,,,,,
22.793298,monitor,23776,594526,25016,1,0,-3.000000,-3.000000,-3.044473,-3.189448,-63,-66,150141,155205,-93,-92,-0.248367,-0.488541,1.504172,-0.470027,-0.112111,-1,,,,,,,,,,,,,,,,
22.840957,monitor,23777,594551,25016,1,0,-3.000000,-3.000000,-3.092798,-3.189448,-64,-66,150078,155140,-92,-91,-0.249167,-0.500364,1.502302,-0.473670,-0.074741,-1,,,,,,,,,,,,,,,,
22.840957,monitor,23778,594576,24988,1,0,-3.000000,-3.000000,-3.096264,-3.144643,-64,-65,150013,155074,-92,-92,-0.249977,-0.512094,1.501368,-0.470553,-0.037412,-1,,,,,,,,,,,,,,,,
22.893086,monitor,23779,594601,24972,1,0,-3.000000,-3.000000,-3.049838,-3.098248,-63,-64,149950,155010,-92,-92,-0.250786,-0.523641,1.500433,-0.463555,-0.037437,-1,,,,,,,,,,,,,,,,
22.893086,monitor,23780,594626,25012,1,0,-3.000000,-3.000000,-2.996628,-3.141626,-62,-65,149888,154946,-93,-91,-0.251616,-0.535187,1.497628,-0.462813,-0.112129,-1,,,,,,,,,,,,,,,,
22.945815,monitor,23781,594651,24992,1,0,-3.000000,-3.000000,-2.999026,-3.095768,-62,-64,149827,154881,-93,-92,-0.252466,-0.546641,1.495758,-0.459537,-0.074813,-1,,,,,,,,,,,,,,,,
22.945815,monitor,23782,594676,25000,1,0,-3.000000,-3.000000,-2.949710,-3.094778,-61,-64,149766,154817,-94,-91,-0.253336,-0.558001,1.492954,-0.455744,-0.112183,-1,,,,,,,,,,,,,,,,
23.001060,monitor,23783,594701,24996,1,0,-3.000000,-3.000000,-2.998546,-3.192000,-62,-66,149703,154752,-93,-90,-0.254265,-0.569631,1.489214,-0.466756,-0.149601,-1,,,,,,,,,,,,,,,,
23.001060,monitor,23784,594726,25028,1,0,-3.000000,-3.000000,-3.043014,-3.139617,-63,-65,149640,154687,-93,-90,-0.255227,-0.581258,1.487345,-0.466159,-0.074705,-1,,,,,,,,,,,,,,,,
23.018171,monitor,23785,594751,24988,1,0,-3.000000,-3.000000,-3.047885,-3.096264,-63,-64,149577,154622,-92,-91,-0.256197,-0.592794,1.486410,-0.463258,-0.037412,-1,,,,,,,,,,,,,,,,
23.056505,monitor,23786,594777,24988,1,0,-3.000000,-3.000000,-2.999506,-3.144643,-62,-65,149515,154557,-93,-90,-0.257189,-0.604327,1.483605,-0.463258,-0.112237,-1,,,,,,,,,,,,,,,,
23.073662,monitor,23787,594801,25068,1,0,-3.000000,-3.000000,-3.038158,-3.134607,-63,-65,149453,154493,-92,-89,-0.258216,-0.615949,1.481736,-0.465416,-0.074586,-1,,,,,,,,,,,,,,,,
23.109270,monitor,23788,594826,24932,1,0,-3.000000,-3.000000,-3.006243,-3.054730,-62,-63,149391,154429,-93,-90,-0.259235,-0.627297,1.480801,-0.456987,-0.037496,-1,,,,,,,,,,,,,,,,
23.120411,monitor,23789,594851,25016,1,0,-3.000000,-3.000000,-3.044473,-3.092798,-63,-64,149327,154365,-92,-90,-0.260280,-0.638825,1.479866,-0.462739,-0.037370,-1,,,,,,,,,,,,,,,,
23.161856,monitor,23790,594876,25004,1,0,-3.000000,-3.000000,-3.094283,-3.142631,-64,-65,149263,154300,-91,-89,-0.261354,-0.650534,1.478931,-0.470252,-0.037388,-1,,,,,,,,,,,,,,,,
23.173295,monitor,23791,594902,25008,1,0,-3.000000,-3.000000,-3.093788,-3.142128,-64,-65,149200,154235,-91,-88,-0.262438,-0.662242,1.477996,-0.470177,-0.037382,-1,,,,,,,,,,,,,,,,
23.215245,monitor,23792,594926,24980,1,0,-3.000000,-3.000000,-3.048861,-3.145650,-63,-65,149136,154171,-92,-88,-0.263530,-0.673858,1.476127,-0.467055,-0.074849,-1,,,,,,,,,,,,,,,,
23.221003,monitor,23793,594951,25004,1,0,-3.000000,-3.000000,-3.045934,-3.045934,-63,-63,149074,154107,-92,-89,-0.264615,-0.685291,1.476127,-0.459316,0.000000,-1,,,,,,,,,,,,,,,,
23.267972,monitor,23794,594976,25008,1,0,-3.000000,-3.000000,-3.045447,-3.142128,-63,-65,149010,154042,-92,-88,-0.265729,-0.696905,1.474257,-0.466532,-0.074765,-1,,,,,,,,,,,,,,,,
23.273764,monitor,23795,595001,24980,1,0,-3.000000,-3.000000,-3.097256,-3.145650,-64,-65,148947,153978,-91,-87,-0.266868,-0.708608,1.473322,-0.470704,-0.037424,-1,,,,,,,,,,,,,,,,
23.320434,monitor,23796,595026,25020,1,0,-3.000000,-3.000000,-2.947352,-3.140621,-61,-65,148885,153912,-93,-87,-0.268007,-0.720036,1.469583,-0.459022,-0.149458,-1,,,,,,,,,,,,,,,,
23.326153,monitor,23797,595051,24992,1,0,-3.000000,-3.000000,-2.950654,-3.144140,-61,-65,148824,153847,-93,-87,-0.269189,-0.731460,1.465843,-0.459537,-0.149625,-1,,,,,,,,,,,,,,,,
23.372637,monitor,23798,595076,25008,1,0,-3.000000,-3.000000,-2.997107,-3.142128,-62,-65,148763,153783,-92,-87,-0.270418,-0.742970,1.463039,-0.462887,-0.112147,-1,,,,,,,,,,,,,,,,
23.372637,monitor,23799,595101,24980,1,0,-3.000000,-3.000000,-2.952072,-3.097256,-61,-64,148702,153718,-93,-87,-0.271659,-0.754296,1.460234,-0.456109,-0.112273,-1,,,,,,,,,,,,,,,,
23.422829,monitor,23800,595126,24996,1,0,-3.000000,-3.000000,-2.950182,-3.095273,-61,-64,148640,153654,-93,-87,-0.272932,-0.765619,1.457429,-0.455817,-0.112201,-1,,,,,,,,,,,,,,,,
23.422829,monitor,23801,595151,25008,1,0,-3.000000,-3.000000,-2.948766,-3.142128,-61,-65,148580,153590,-93,-86,-0.274252,-0.777027,1.453690,-0.459243,-0.149530,-1,,,,,,,,,,,,,,,,
23.474997,monitor,23802,595176,25012,1,0,-3.000000,-3.000000,-2.948295,-3.093293,-61,-64,148518,153526,-93,-86,-0.275600,-0.788341,1.450885,-0.455525,-0.112129,-1,,,,,,,,,,,,,,,,
23.474997,monitor,23803,595202,25008,1,0,-3.000000,-3.000000,-3.045447,-3.093788,-63,-64,148456,153461,-92,-86,-0.276990,-0.799833,1.449950,-0.462887,-0.037383,-1,,,,,,,,,,,,,,,,
23.526042,monitor,23804,595226,24988,1,0,-3.000000,-3.000000,-3.047885,-3.096264,-63,-64,148393,153398,-92,-86,-0.278391,-0.811324,1.449016,-0.463258,-0.037412,-1,,,,,,,,,,,,,,,,
23.526042,monitor,23805,595251,25028,1,0,-3.000000,-3.000000,-2.994712,-3.139617,-62,-65,148331,153333,-92,-85,-0.279813,-0.822812,1.446211,-0.462518,-0.112057,-1,,,,,,,,,,,,,,,,
23.577073,monitor,23806,595276,24956,1,0,-3.000000,-3.000000,-3.003352,-3.100234,-62,-64,148268,153269,-92,-86,-0.281251,-0.834206,1.444341,-0.460200,-0.074921,-1,,,,,,,,,,,,,,,,
23.577073,monitor,23807,595301,25012,1,0,-3.000000,-3.000000,-3.044960,-3.093293,-63,-64,148205,153204,-92,-85,-0.282716,-0.845689,1.443407,-0.462813,-0.037377,-1,,,,,,,,,,,,,,,,
23.629702,monitor,23808,595326,25012,1,0,-3.000000,-3.000000,-3.044960,-3.141626,-63,-65,148142,153139,-92,-84,-0.284209,-0.857260,1.441537,-0.466458,-0.074753,-1,,,,,,,,,,,,,,,,
23.629702,monitor,23809,595351,24976,1,0,-3.000000,-3.000000,-3.049349,-3.097752,-63,-64,148080,153076,-91,-85,-0.285707,-0.868739,1.440602,-0.463481,-0.037430,-1,,,,,,,,,,,,,,,,
23.682851,monitor,23810,595376,25032,1,0,-3.000000,-3.000000,-2.994233,-3.090822,-62,-64,148017,153012,-92,-85,-0.287208,-0.880125,1.438732,-0.458802,-0.074693,-1,,,,,,,,,,,,,,,,
23.682851,monitor,23811,595401,24984,1,0,-3.000000,-3.000000,-3.048373,-3.048373,-63,-63,147955,152948,-91,-85,-0.288721,-0.891510,1.438732,-0.459684,0.000000,-1,,,,,,,,,,,,,,,,
23.734877,monitor,23812,595426,25008,1,0,-3.000000,-3.000000,-3.045447,-3.093788,-63,-64,147892,152885,-91,-84,-0.290250,-0.902984,1.437798,-0.462887,-0.037383,-1,,,,,,,,,,,,,,,,
23.734877,monitor,23813,595451,24992,1,0,-3.000000,-3.000000,-2.999026,-3.047397,-62,-63,147830,152821,-92,-85,-0.291766,-0.914276,1.436863,-0.455890,-0.037406,-1,,,,,,,,,,,,,,,,
23.751470,monitor,23814,595476,25016,1,0,-3.000000,-3.000000,-2.947823,-3.092798,-61,-64,147768,152757,-93,-84,-0.293304,-0.925566,1.434058,-0.455452,-0.112111,-1,,,,,,,,,,,,,,,,
23.788990,monitor,23815,595502,24976,1,0,-3.000000,-3.000000,-2.952544,-3.097752,-61,-64,147708,152694,-93,-84,-0.294873,-0.936851,1.431254,-0.456182,-0.112291,-1,,,,,,,,,,,,,,,,
23.806096,monitor,23816,595526,25036,1,0,-3.000000,-3.000000,-2.993755,-3.042041,-62,-63,147646,152630,-92,-85,-0.296463,-0.948133,1.430319,-0.455088,-0.037341,-1,,,,,,,,,,,,,,,,
23.841164,monitor,23817,595551,24984,1,0,-3.000000,-3.000000,-2.999986,-3.048373,-62,-63,147584,152567,-92,-84,-0.298063,-0.959413,1.429384,-0.456036,-0.037418,-1,,,,,,,,,,,,,,,,
23.852629,monitor,23818,595576,24984,1,0,-3.000000,-3.000000,-2.951599,-3.048373,-61,-63,147522,152504,-93,-84,-0.299667,-0.970602,1.427514,-0.452387,-0.074837,-1,,,,,,,,,,,,,,,,
23.895079,monitor,23819,595601,24992,1,0,-3.000000,-3.000000,-2.950654,-3.047397,-61,-63,147462,152441,-93,-84,-0.301291,-0.981787,1.425645,-0.452242,-0.074813,-1,,,,,,,,,,,,,,,,
23.906541,monitor,23820,595627,25000,1,0,-3.000000,-3.000000,-2.949710,-3.046422,-61,-63,147401,152378,-93,-84,-0.302936,-0.992969,1.423775,-0.452098,-0.074789,-1,,,,,,,,,,,,,,,,
23.947618,monitor,23821,595651,25040,1,0,-3.000000,-3.000000,-2.993277,-3.041555,-62,-63,147339,152316,-93,-84,-0.304611,-1.004239,1.422840,-0.455016,-0.037335,-1,,,,,,,,,,,,,,,,
23.953353,monitor,23822,595676,24960,1,0,-3.000000,-3.000000,-2.954437,-3.002871,-61,-62,147277,152254,-93,-85,-0.306268,-1.015327,1.421905,-0.449170,-0.037454,-1,,,,,,,,,,,,,,,,
24.002179,monitor,23823,595701,25056,1,0,-3.000000,-3.000000,-2.943117,-3.039613,-61,-63,147216,152191,-93,-84,-0.307956,-1.026503,1.420035,-0.451087,-0.074622,-1,,,,,,,,,,,,,,,,
24.007953,monitor,23824,595726,24964,1,0,-3.000000,-3.000000,-3.002389,-3.050815,-62,-63,147155,152127,-93,-84,-0.309672,-1.037766,1.419101,-0.456401,-0.037448,-1,,,,,,,,,,,,,,,,
24.056223,monitor,23825,595751,25008,1,0,-3.000000,-3.000000,-2.948766,-3.142128,-61,-65,147094,152063,-93,-82,-0.311429,-1.049116,1.415361,-0.459243,-0.149530,-1,,,,,,,,,,,,,,,,
24.056223,monitor,23826,595776,24972,1,0,-3.000000,-3.000000,-2.953017,-3.098248,-61,-64,147032,151999,-93,-83,-0.313208,-1.060369,1.412557,-0.456255,-0.112309,-1,,,,,,,,,,,,,,,,
24.109653,monitor,23827,595802,25008,1,0,-3.000000,-3.000000,-2.997107,-3.045447,-62,-63,146971,151935,-93,-83,-0.315009,-1.071620,1.411622,-0.455598,-0.037382,-1,,,,,,,,,,,,,,,,
24.109653,monitor,23828,595826,25012,1,0,-3.000000,-3.000000,-2.948295,-3.044960,-61,-63,146909,151872,-94,-83,-0.316811,-1.082778,1.409752,-0.451881,-0.074753,-1,,,,,,,,,,,,,,,,
24.162318,monitor,23829,595851,25004,1,0,-3.000000,-3.000000,-2.949238,-3.045934,-61,-63,146848,151809,-94,-83,-0.318634,-1.093932,1.407882,-0.452025,-0.074777,-1,,,,,,,,,,,,,,,,
24.162318,monitor,23830,595876,24984,1,0,-3.000000,-3.000000,-2.903212,-3.048373,-60,-63,146788,151746,-95,-83,-0.320468,-1.104993,1.405078,-0.448739,-0.112255,-1,,,,,,,,,,,,,,,,
24.215499,monitor,23831,595901,24996,1,0,-3.000000,-3.000000,-2.950182,-3.046909,-61,-63,146728,151684,-94,-83,-0.322343,-1.116138,1.403208,-0.452170,-0.074801,-1,,,,,,,,,,,,,,,,
24.215499,monitor,23832,595927,25012,1,0,-3.000000,-3.000000,-2.948295,-3.044960,-61,-63,146666,151621,-94,-83,-0.324238,-1.127281,1.401338,-0.451881,-0.074753,-1,,,,,,,,,,,,,,,,
24.232649,monitor,23833,595951,25000,1,0,-3.000000,-3.000000,-2.998066,-2.998066,-62,-62,146605,151559,-93,-83,-0.326144,-1.138421,1.401338,-0.452098,0.000000,-1,,,,,,,,,,,,,,,,
24.269093,monitor,23834,595976,25004,1,0,-3.000000,-3.000000,-2.900890,-2.949238,-60,-61,146545,151498,-95,-84,-0.328009,-1.149291,1.400403,-0.441089,-0.037388,-1,,,,,,,,,,,,,,,,
24.286241,monitor,23835,596001,24996,1,0,-3.000000,-3.000000,-2.853455,-2.998546,-59,-62,146486,151436,-96,-84,-0.329895,-1.160158,1.397599,-0.441231,-0.112201,-1,,,,,,,,,,,,,,,,
24.321259,monitor,23836,596026,24992,1,0,0.000000,0.000000,-2.950654,-2.999026,-61,-62,146424,151374,30,37,-0.331832,-1.171201,1.396664,-0.448595,-0.037407,-1,,,,,,,,,,,,,,,,
24.332708,monitor,23837,596050,25012,1,0,0.000000,0.000000,-2.174972,-2.223304,-45,-46,146382,151330,25,32,-0.333273,-1.179369,1.395729,-0.331622,-0.037376,-1,,,,,,,,,,,,,,,,
24.373685,monitor,23838,596076,24976,1,0,0.000000,0.000000,-0.774438,-0.774438,-16,-16,146367,151315,8,15,-0.333781,-1.182241,1.395729,-0.116782,0.000000,-1,,,,,,,,,,,,,,,,
24.385090,monitor,23839,596101,25032,1,0,0.000000,0.000000,-0.241470,-0.096588,-5,-2,146362,151313,2,6,-0.333891,-1.182870,1.398534,-0.025489,0.112040,-1,,,,,,,,,,,,,,,,
24.426459,monitor,23840,596126,24996,1,0,0.000000,0.000000,-0.241818,0.000000,-5,0,146357,151313,2,5,-0.333968,-1.183319,1.403208,-0.018233,0.187002,-1,,,,,,,,,,,,,,,,
24.437863,monitor,23841,596151,24984,1,0,0.000000,0.000000,-0.193547,0.000000,-4,0,146353,151313,2,5,-0.334028,-1.183679,1.406948,-0.014593,0.149673,-1,,,,,,,,,,,,,,,,
24.478324,monitor,23842,596175,24992,1,0,0.000000,0.000000,0.000000,0.000000,0,0,146353,151313,0,5,-0.334028,-1.183679,1.406948,0.000000,0.000000,-1,,,,,,,,,,,,,,,,
24.484096,monitor,23843,596201,24996,1,0,0.000000,0.000000,0.000000,0.000000,0,0,146353,151313,0,5,-0.334028,-1.183679,1.406948,0.000000,0.000000,-1,,,,,,,,,,,,,,,,
24.529802,monitor,23844,596226,25012,1,0,0.000000,0.000000,0.000000,0.000000,0,0,146353,151313,0,5,-0.334028,-1.183679,1.406948,0.000000,0.000000,-1,,,,,,,,,,,,,,,,
24.535556,monitor,23845,596250,25012,1,0,0.000000,0.000000,0.000000,0.000000,0,0,146353,151313,0,5,-0.334028,-1.183679,1.406948,0.000000,0.000000,-1,,,,,,,,,,,,,,,,
24.581207,monitor,23846,596276,24988,1,0,0.000000,0.000000,0.000000,0.000000,0,0,146353,151313,0,5,-0.334028,-1.183679,1.406948,0.000000,0.000000,-1,,,,,,,,,,,,,,,,
24.586938,monitor,23847,596300,25008,1,0,0.000000,0.000000,0.000000,0.000000,0,0,146353,151313,0,5,-0.334028,-1.183679,1.406948,0.000000,0.000000,-1,,,,,,,,,,,,,,,,
24.635238,monitor,23848,596326,24992,1,0,0.000000,0.000000,0.000000,0.000000,0,0,146353,151313,0,5,-0.334028,-1.183679,1.406948,0.000000,0.000000,-1,,,,,,,,,,,,,,,,
24.635238,monitor,23849,596350,25000,1,0,0.000000,0.000000,0.000000,0.000000,0,0,146353,151313,0,5,-0.334028,-1.183679,1.406948,0.000000,0.000000,-1,,,,,,,,,,,,,,,,
24.688464,monitor,23850,596376,24996,1,0,0.000000,0.000000,0.000000,0.000000,0,0,146353,151313,0,5,-0.334028,-1.183679,1.406948,0.000000,0.000000,-1,,,,,,,,,,,,,,,,
24.688464,monitor,23851,596401,24992,1,0,0.000000,0.000000,0.000000,0.000000,0,0,146353,151313,0,5,-0.334028,-1.183679,1.406948,0.000000,0.000000,-1,,,,,,,,,,,,,,,,
24.742823,monitor,23852,596425,25004,1,0,0.000000,0.000000,0.000000,0.000000,0,0,146353,151313,0,5,-0.334028,-1.183679,1.406948,0.000000,0.000000,-1,,,,,,,,,,,,,,,,
24.742823,monitor,23853,596451,25012,1,0,0.000000,0.000000,0.000000,0.000000,0,0,146353,151313,0,5,-0.334028,-1.183679,1.406948,0.000000,0.000000,-1,,,,,,,,,,,,,,,,
24.794860,monitor,23854,596475,24992,1,0,0.000000,0.000000,0.000000,0.000000,0,0,146353,151313,0,5,-0.334028,-1.183679,1.406948,0.000000,0.000000,-1,,,,,,,,,,,,,,,,
24.794860,monitor,23855,596501,24996,1,0,0.000000,0.000000,0.000000,0.000000,0,0,146353,151313,0,5,-0.334028,-1.183679,1.406948,0.000000,0.000000,-1,,,,,,,,,,,,,,,,
24.811958,monitor,23856,596526,25016,1,0,0.000000,0.000000,0.000000,0.000000,0,0,146353,151313,0,5,-0.334028,-1.183679,1.406948,0.000000,0.000000,-1,,,,,,,,,,,,,,,,
24.847427,monitor,23857,596550,25000,1,0,0.000000,0.000000,0.000000,0.000000,0,0,146353,151313,0,5,-0.334028,-1.183679,1.406948,0.000000,0.000000,-1,,,,,,,,,,,,,,,,
24.864485,monitor,23858,596576,24980,1,0,0.000000,0.000000,0.000000,0.000000,0,0,146353,151313,0,5,-0.334028,-1.183679,1.406948,0.000000,0.000000,-1,,,,,,,,,,,,,,,,
24.899394,monitor,23859,596600,25024,1,0,0.000000,0.000000,0.000000,0.000000,0,0,146353,151313,0,5,-0.334028,-1.183679,1.406948,0.000000,0.000000,-1,,,,,,,,,,,,,,,,
24.916364,monitor,23860,596626,25040,1,0,0.000000,0.000000,0.000000,0.000000,0,0,146353,151313,0,5,-0.334028,-1.183679,1.406948,0.000000,0.000000,-1,,,,,,,,,,,,,,,,
24.952747,monitor,23861,596651,24936,1,0,0.000000,0.000000,0.000000,0.000000,0,0,146353,151313,0,5,-0.334028,-1.183679,1.406948,0.000000,0.000000,-1,,,,,,,,,,,,,,,,
24.964210,monitor,23862,596676,25024,1,0,0.000000,0.000000,0.000000,0.000000,0,0,146353,151313,0,5,-0.334028,-1.183679,1.406948,0.000000,0.000000,-1,,,,,,,,,,,,,,,,
25.006604,monitor,23863,596701,24988,1,0,0.000000,0.000000,0.000000,0.000000,0,0,146353,151313,0,5,-0.334028,-1.183679,1.406948,0.000000,0.000000,-1,,,,,,,,,,,,,,,,
25.017715,monitor,23864,596725,24992,1,0,0.000000,0.000000,0.000000,0.000000,0,0,146353,151313,0,5,-0.334028,-1.183679,1.406948,0.000000,0.000000,-1,,,,,,,,,,,,,,,,
25.059518,monitor,23865,596751,25024,1,0,0.000000,0.000000,0.000000,0.000000,0,0,146353,151313,0,5,-0.334028,-1.183679,1.406948,0.000000,0.000000,-1,,,,,,,,,,,,,,,,
25.065269,monitor,23866,596775,24980,1,0,0.000000,0.000000,0.000000,0.000000,0,0,146353,151313,0,5,-0.334028,-1.183679,1.406948,0.000000,0.000000,-1,,,,,,,,,,,,,,,,
25.115354,monitor,23867,596801,25016,1,0,0.000000,0.000000,0.000000,0.000000,0,0,146353,151313,0,5,-0.334028,-1.183679,1.406948,0.000000,0.000000,-1,,,,,,,,,,,,,,,,
25.115354,monitor,23868,596826,24988,1,0,0.000000,0.000000,0.000000,0.000000,0,0,146353,151313,0,5,-0.334028,-1.183679,1.406948,0.000000,0.000000,-1,,,,,,,,,,,,,,,,
25.163808,monitor,23869,596850,24988,1,0,0.000000,0.000000,0.000000,0.000000,0,0,146353,151313,0,5,-0.334028,-1.183679,1.406948,0.000000,0.000000,-1,,,,,,,,,,,,,,,,
25.169552,monitor,23870,596876,25028,1,0,0.000000,0.000000,0.000000,0.000000,0,0,146353,151313,0,5,-0.334028,-1.183679,1.406948,0.000000,0.000000,-1,,,,,,,,,,,,,,,,
25.220072,monitor,23871,596900,24980,1,0,0.000000,0.000000,0.000000,0.000000,0,0,146353,151313,0,5,-0.334028,-1.183679,1.406948,0.000000,0.000000,-1,,,,,,,,,,,,,,,,
25.225827,monitor,23872,596926,24992,1,0,0.000000,0.000000,0.000000,0.000000,0,0,146353,151313,0,5,-0.334028,-1.183679,1.406948,0.000000,0.000000,-1,,,,,,,,,,,,,,,,
25.269332,monitor,23873,596951,25020,1,0,0.000000,0.000000,0.000000,0.000000,0,0,146353,151313,0,5,-0.334028,-1.183679,1.406948,0.000000,0.000000,-1,,,,,,,,,,,,,,,,
25.269332,monitor,23874,596975,24996,1,0,0.000000,0.000000,0.000000,0.000000,0,0,146353,151313,0,5,-0.334028,-1.183679,1.406948,0.000000,0.000000,-1,,,,,,,,,,,,,,,,
25.321895,monitor,23875,597001,25016,1,0,0.000000,0.000000,0.000000,0.000000,0,0,146353,151313,0,5,-0.334028,-1.183679,1.406948,0.000000,0.000000,-1,,,,,,,,,,,,,,,,
25.321895,monitor,23876,597025,24988,1,0,0.000000,0.000000,0.000000,0.000000,0,0,146353,151313,0,5,-0.334028,-1.183679,1.406948,0.000000,0.000000,-1,,,,,,,,,,,,,,,,
25.373916,monitor,23877,597051,24988,1,0,0.000000,0.000000,0.000000,0.000000,0,0,146353,151313,0,5,-0.334028,-1.183679,1.406948,0.000000,0.000000,-1,,,,,,,,,,,,,,,,
25.373916,monitor,23878,597075,25016,1,0,0.000000,0.000000,0.000000,0.000000,0,0,146353,151313,0,5,-0.334028,-1.183679,1.406948,0.000000,0.000000,-1,,,,,,,,,,,,,,,,
25.425099,monitor,23879,597101,24992,1,0,0.000000,0.000000,0.000000,0.000000,0,0,146353,151313,0,5,-0.334028,-1.183679,1.406948,0.000000,0.000000,-1,,,,,,,,,,,,,,,,
25.425099,monitor,23880,597126,24984,1,0,0.000000,0.000000,0.000000,0.000000,0,0,146353,151313,0,5,-0.334028,-1.183679,1.406948,0.000000,0.000000,-1,,,,,,,,,,,,,,,,
25.476447,monitor,23881,597150,25004,1,0,0.000000,0.000000,0.000000,0.000000,0,0,146353,151313,0,5,-0.334028,-1.183679,1.406948,0.000000,0.000000,-1,,,,,,,,,,,,,,,,
25.476447,monitor,23882,597176,25004,1,0,0.000000,0.000000,0.000000,0.000000,0,0,146353,151313,0,5,-0.334028,-1.183679,1.406948,0.000000,0.000000,-1,,,,,,,,,,,,,,,,
25.527552,monitor,23883,597200,24992,1,0,0.000000,0.000000,0.000000,0.000000,0,0,146353,151313,0,5,-0.334028,-1.183679,1.406948,0.000000,0.000000,-1,,,,,,,,,,,,,,,,
25.527552,monitor,23884,597226,25004,1,0,0.000000,0.000000,0.000000,0.000000,0,0,146353,151313,0,5,-0.334028,-1.183679,1.406948,0.000000,0.000000,-1,,,,,,,,,,,,,,,,
25.577865,monitor,23885,597251,25016,1,0,0.000000,0.000000,0.000000,0.000000,0,0,146353,151313,0,5,-0.334028,-1.183679,1.406948,0.000000,0.000000,-1,,,,,,,,,,,,,,,,
25.577865,monitor,23886,597275,25000,1,0,0.000000,0.000000,0.000000,0.000000,0,0,146353,151313,0,5,-0.334028,-1.183679,1.406948,0.000000,0.000000,-1,,,,,,,,,,,,,,,,
25.629032,monitor,23887,597301,25008,1,0,0.000000,0.000000,0.000000,0.000000,0,0,146353,151313,0,5,-0.334028,-1.183679,1.406948,0.000000,0.000000,-1,,,,,,,,,,,,,,,,
25.629032,monitor,23888,597325,24996,1,0,0.000000,0.000000,0.000000,0.000000,0,0,146353,151313,0,5,-0.334028,-1.183679,1.406948,0.000000,0.000000,-1,,,,,,,,,,,,,,,,
25.680333,monitor,23889,597351,24984,1,0,0.000000,0.000000,0.000000,0.000000,0,0,146353,151313,0,5,-0.334028,-1.183679,1.406948,0.000000,0.000000,-1,,,,,,,,,,,,,,,,
25.680333,monitor,23890,597376,24996,1,0,0.000000,0.000000,0.000000,0.000000,0,0,146353,151313,0,5,-0.334028,-1.183679,1.406948,0.000000,0.000000,-1,,,,,,,,,,,,,,,,
25.732870,monitor,23891,597400,24996,1,0,0.000000,0.000000,0.000000,0.000000,0,0,146353,151313,0,5,-0.334028,-1.183679,1.406948,0.000000,0.000000,-1,,,,,,,,,,,,,,,,
25.732870,monitor,23892,597426,25032,1,0,0.000000,0.000000,0.000000,0.000000,0,0,146353,151313,0,5,-0.334028,-1.183679,1.406948,0.000000,0.000000,-1,,,,,,,,,,,,,,,,
25.749960,monitor,23893,597450,24996,1,0,0.000000,0.000000,0.000000,0.000000,0,0,146353,151313,0,5,-0.334028,-1.183679,1.406948,0.000000,0.000000,-1,,,,,,,,,,,,,,,,
25.785702,monitor,23894,597476,24976,1,0,0.000000,0.000000,0.000000,0.000000,0,0,146353,151313,0,5,-0.334028,-1.183679,1.406948,0.000000,0.000000,-1,,,,,,,,,,,,,,,,
25.802900,monitor,23895,597500,25020,1,0,0.000000,0.000000,0.000000,0.000000,0,0,146353,151313,0,5,-0.334028,-1.183679,1.406948,0.000000,0.000000,-1,,,,,,,,,,,,,,,,
25.837559,monitor,23896,597526,25000,1,0,0.000000,0.000000,0.000000,0.000000,0,0,146353,151313,0,5,-0.334028,-1.183679,1.406948,0.000000,0.000000,-1,,,,,,,,,,,,,,,,
25.854721,monitor,23897,597551,25004,1,0,0.000000,0.000000,0.000000,0.000000,0,0,146353,151313,0,5,-0.334028,-1.183679,1.406948,0.000000,0.000000,-1,,,,,,,,,,,,,,,,
25.889949,monitor,23898,597575,24996,1,0,0.000000,0.000000,0.000000,0.000000,0,0,146353,151313,0,5,-0.334028,-1.183679,1.406948,0.000000,0.000000,-1,,,,,,,,,,,,,,,,
25.900896,monitor,23899,597601,24976,1,0,0.000000,0.000000,0.000000,0.000000,0,0,146353,151313,0,5,-0.334028,-1.183679,1.406948,0.000000,0.000000,-1,,,,,,,,,,,,,,,,
25.941240,monitor,23900,597625,25028,1,0,0.000000,0.000000,0.000000,0.000000,0,0,146353,151313,0,5,-0.334028,-1.183679,1.406948,0.000000,0.000000,-1,,,,,,,,,,,,,,,,
25.952089,monitor,23901,597651,24980,1,0,0.000000,0.000000,0.000000,0.000000,0,0,146353,151313,0,5,-0.334028,-1.183679,1.406948,0.000000,0.000000,-1,,,,,,,,,,,,,,,,
25.992863,monitor,23902,597676,24992,1,0,0.000000,0.000000,0.000000,0.000000,0,0,146353,151313,0,5,-0.334028,-1.183679,1.406948,0.000000,0.000000,-1,,,,,,,,,,,,,,,,
26.003886,monitor,23903,597700,25028,1,0,0.000000,0.000000,0.000000,0.000000,0,0,146353,151313,0,5,-0.334028,-1.183679,1.406948,0.000000,0.000000,-1,,,,,,,,,,,,,,,,
26.044001,monitor,23904,597726,24988,1,0,0.000000,0.000000,0.000000,0.000000,0,0,146353,151313,0,5,-0.334028,-1.183679,1.406948,0.000000,0.000000,-1,,,,,,,,,,,,,,,,
26.055479,monitor,23905,597750,24984,1,0,0.000000,0.000000,0.000000,0.000000,0,0,146353,151313,0,5,-0.334028,-1.183679,1.406948,0.000000,0.000000,-1,,,,,,,,,,,,,,,,
26.096456,monitor,23906,597776,25000,1,0,0.000000,0.000000,0.000000,0.000000,0,0,146353,151313,0,5,-0.334028,-1.183679,1.406948,0.000000,0.000000,-1,,,,,,,,,,,,,,,,
26.102202,monitor,23907,597800,25012,1,0,0.000000,0.000000,0.000000,0.000000,0,0,146353,151313,0,5,-0.334028,-1.183679,1.406948,0.000000,0.000000,-1,,,,,,,,,,,,,,,,
26.147972,monitor,23908,597826,24988,1,0,0.000000,0.000000,0.000000,0.000000,0,0,146353,151313,0,5,-0.334028,-1.183679,1.406948,0.000000,0.000000,-1,,,,,,,,,,,,,,,,
26.159376,monitor,23909,597851,25008,1,0,0.000000,0.000000,0.000000,0.000000,0,0,146353,151313,0,5,-0.334028,-1.183679,1.406948,0.000000,0.000000,-1,,,,,,,,,,,,,,,,
26.200526,monitor,23910,597875,24992,1,0,0.000000,0.000000,0.000000,0.000000,0,0,146353,151313,0,5,-0.334028,-1.183679,1.406948,0.000000,0.000000,-1,,,,,,,,,,,,,,,,
26.206268,monitor,23911,597901,25000,1,0,0.000000,0.000000,0.000000,0.000000,0,0,146353,151313,0,5,-0.334028,-1.183679,1.406948,0.000000,0.000000,-1,,,,,,,,,,,,,,,,
26.252477,monitor,23912,597925,25012,1,0,0.000000,0.000000,0.000000,0.000000,0,0,146353,151313,0,5,-0.334028,-1.183679,1.406948,0.000000,0.000000,-1,,,,,,,,,,,,,,,,
26.258260,monitor,23913,597951,25004,1,0,0.000000,0.000000,0.000000,0.000000,0,0,146353,151313,0,5,-0.334028,-1.183679,1.406948,0.000000,0.000000,-1,,,,,,,,,,,,,,,,
26.304593,monitor,23914,597976,25004,1,0,0.000000,0.000000,0.000000,0.000000,0,0,146353,151313,0,5,-0.334028,-1.183679,1.406948,0.000000,0.000000,-1,,,,,,,,,,,,,,,,
26.304593,monitor,23915,598000,25004,1,0,0.000000,0.000000,0.000000,0.000000,0,0,146353,151313,0,5,-0.334028,-1.183679,1.406948,0.000000,0.000000,-1,,,,,,,,,,,,,,,,
26.355095,monitor,23916,598026,24996,1,0,0.000000,0.000000,0.000000,0.000000,0,0,146353,151313,0,5,-0.334028,-1.183679,1.406948,0.000000,0.000000,-1,,,,,,,,,,,,,,,,
26.355095,monitor,23917,598050,25004,1,0,0.000000,0.000000,0.000000,0.000000,0,0,146353,151313,0,5,-0.334028,-1.183679,1.406948,0.000000,0.000000,-1,,,,,,,,,,,,,,,,
26.407001,monitor,23918,598076,24996,1,0,0.000000,0.000000,0.000000,0.000000,0,0,146353,151313,0,5,-0.334028,-1.183679,1.406948,0.000000,0.000000,-1,,,,,,,,,,,,,,,,
26.407001,monitor,23919,598100,24980,1,0,0.000000,0.000000,0.000000,0.000000,0,0,146353,151313,0,5,-0.334028,-1.183679,1.406948,0.000000,0.000000,-1,,,,,,,,,,,,,,,,
26.458985,monitor,23920,598126,25024,1,0,0.000000,0.000000,0.000000,0.000000,0,0,146353,151313,0,5,-0.334028,-1.183679,1.406948,0.000000,0.000000,-1,,,,,,,,,,,,,,,,
26.458985,monitor,23921,598151,24996,1,0,0.000000,0.000000,0.000000,0.000000,0,0,146353,151313,0,5,-0.334028,-1.183679,1.406948,0.000000,0.000000,-1,,,,,,,,,,,,,,,,
26.510030,monitor,23922,598175,24992,1,0,0.000000,0.000000,0.000000,0.000000,0,0,146353,151313,0,5,-0.334028,-1.183679,1.406948,0.000000,0.000000,-1,,,,,,,,,,,,,,,,
26.510030,monitor,23923,598201,24996,1,0,0.000000,0.000000,0.000000,0.000000,0,0,146353,151313,0,5,-0.334028,-1.183679,1.406948,0.000000,0.000000,-1,,,,,,,,,,,,,,,,
26.560230,monitor,23924,598225,25008,1,0,0.000000,0.000000,0.000000,0.000000,0,0,146353,151313,0,5,-0.334028,-1.183679,1.406948,0.000000,0.000000,-1,,,,,,,,,,,,,,,,
26.560230,monitor,23925,598251,25004,1,0,0.000000,0.000000,0.000000,0.000000,0,0,146353,151313,0,5,-0.334028,-1.183679,1.406948,0.000000,0.000000,-1,,,,,,,,,,,,,,,,
26.610845,monitor,23926,598276,24984,1,0,0.000000,0.000000,0.000000,0.000000,0,0,146353,151313,0,5,-0.334028,-1.183679,1.406948,0.000000,0.000000,-1,,,,,,,,,,,,,,,,
26.610845,monitor,23927,598300,25000,1,0,0.000000,0.000000,0.000000,0.000000,0,0,146353,151313,0,5,-0.334028,-1.183679,1.406948,0.000000,0.000000,-1,,,,,,,,,,,,,,,,
26.661713,monitor,23928,598326,25020,1,0,0.000000,0.000000,0.000000,0.000000,0,0,146353,151313,0,5,-0.334028,-1.183679,1.406948,0.000000,0.000000,-1,,,,,,,,,,,,,,,,
26.661713,monitor,23929,598350,24984,1,0,0.000000,0.000000,0.000000,0.000000,0,0,146353,151313,0,5,-0.334028,-1.183679,1.406948,0.000000,0.000000,-1,,,,,,,,,,,,,,,,
26.713389,monitor,23930,598376,25016,1,0,0.000000,0.000000,0.000000,0.000000,0,0,146353,151313,0,5,-0.334028,-1.183679,1.406948,0.000000,0.000000,-1,,,,,,,,,,,,,,,,
26.713389,monitor,23931,598401,24988,1,0,0.000000,0.000000,0.000000,0.000000,0,0,146353,151313,0,5,-0.334028,-1.183679,1.406948,0.000000,0.000000,-1,,,,,,,,,,,,,,,,
26.765089,monitor,23932,598425,25012,1,0,0.000000,0.000000,0.000000,0.000000,0,0,146353,151313,0,5,-0.334028,-1.183679,1.406948,0.000000,0.000000,-1,,,,,,,,,,,,,,,,
26.765089,monitor,23933,598451,25004,1,0,0.000000,0.000000,0.000000,0.000000,0,0,146353,151313,0,5,-0.334028,-1.183679,1.406948,0.000000,0.000000,-1,,,,,,,,,,,,,,,,
26.817797,monitor,23934,598475,24992,1,0,0.000000,0.000000,0.000000,0.000000,0,0,146353,151313,0,5,-0.334028,-1.183679,1.406948,0.000000,0.000000,-1,,,,,,,,,,,,,,,,
26.817797,monitor,23935,598501,25004,1,0,0.000000,0.000000,0.000000,0.000000,0,0,146353,151313,0,5,-0.334028,-1.183679,1.406948,0.000000,0.000000,-1,,,,,,,,,,,,,,,,
26.869807,monitor,23936,598525,24984,1,0,0.000000,0.000000,0.000000,0.000000,0,0,146353,151313,0,5,-0.334028,-1.183679,1.406948,0.000000,0.000000,-1,,,,,,,,,,,,,,,,
26.869807,monitor,23937,598551,24996,1,0,0.000000,0.000000,0.000000,0.000000,0,0,146353,151313,0,5,-0.334028,-1.183679,1.406948,0.000000,0.000000,-1,,,,,,,,,,,,,,,,
26.886900,monitor,23938,598576,25000,1,0,0.000000,0.000000,0.000000,0.000000,0,0,146353,151313,0,5,-0.334028,-1.183679,1.406948,0.000000,0.000000,-1,,,,,,,,,,,,,,,,
26.920581,monitor,23939,598600,24996,1,0,0.000000,0.000000,0.000000,0.000000,0,0,146353,151313,0,5,-0.334028,-1.183679,1.406948,0.000000,0.000000,-1,,,,,,,,,,,,,,,,
26.972579,monitor,23940,598626,25024,1,0,0.000000,0.000000,0.000000,0.000000,0,0,146353,151313,0,5,-0.334028,-1.183679,1.406948,0.000000,0.000000,-1,,,,,,,,,,,,,,,,
26.972579,monitor,23941,598650,24984,1,0,0.000000,0.000000,0.000000,0.000000,0,0,146353,151313,0,5,-0.334028,-1.183679,1.406948,0.000000,0.000000,-1,,,,,,,,,,,,,,,,
26.989773,monitor,23942,598676,25016,1,0,0.000000,0.000000,0.000000,0.000000,0,0,146353,151313,0,5,-0.334028,-1.183679,1.406948,0.000000,0.000000,-1,,,,,,,,,,,,,,,,
27.024981,monitor,23943,598701,25000,1,0,0.000000,0.000000,0.000000,0.000000,0,0,146353,151313,0,5,-0.334028,-1.183679,1.406948,0.000000,0.000000,-1,,,,,,,,,,,,,,,,
27.042061,monitor,23944,598726,24980,1,0,0.000000,0.000000,0.000000,0.000000,0,0,146353,151313,0,5,-0.334028,-1.183679,1.406948,0.000000,0.000000,-1,,,,,,,,,,,,,,,,
27.076454,monitor,23945,598751,24996,1,0,0.000000,0.000000,0.000000,0.000000,0,0,146353,151313,0,5,-0.334028,-1.183679,1.406948,0.000000,0.000000,-1,,,,,,,,,,,,,,,,
27.093316,monitor,23946,598775,25016,1,0,0.000000,0.000000,0.000000,0.000000,0,0,146353,151313,0,5,-0.334028,-1.183679,1.406948,0.000000,0.000000,-1,,,,,,,,,,,,,,,,
27.127213,monitor,23947,598801,25004,1,0,0.000000,0.000000,0.000000,0.000000,0,0,146353,151313,0,5,-0.334028,-1.183679,1.406948,0.000000,0.000000,-1,,,,,,,,,,,,,,,,
27.138623,monitor,23948,598825,24992,1,0,0.000000,0.000000,0.000000,0.000000,0,0,146353,151313,0,5,-0.334028,-1.183679,1.406948,0.000000,0.000000,-1,,,,,,,,,,,,,,,,
27.178080,monitor,23949,598851,24988,1,0,0.000000,0.000000,0.000000,0.000000,0,0,146353,151313,0,5,-0.334028,-1.183679,1.406948,0.000000,0.000000,-1,,,,,,,,,,,,,,,,
27.189464,monitor,23950,598876,25020,1,0,0.000000,0.000000,0.000000,0.000000,0,0,146353,151313,0,5,-0.334028,-1.183679,1.406948,0.000000,0.000000,-1,,,,,,,,,,,,,,,,
27.231911,monitor,23951,598900,24988,1,0,0.000000,0.000000,0.000000,0.000000,0,0,146353,151313,0,5,-0.334028,-1.183679,1.406948,0.000000,0.000000,-1,,,,,,,,,,,,,,,,
27.243463,monitor,23952,598926,25024,1,0,0.000000,0.000000,0.000000,0.000000,0,0,146353,151313,0,5,-0.334028,-1.183679,1.406948,0.000000,0.000000,-1,,,,,,,,,,,,,,,,
27.283291,monitor,23953,598950,24992,1,0,0.000000,0.000000,0.000000,0.000000,0,0,146353,151313,0,5,-0.334028,-1.183679,1.406948,0.000000,0.000000,-1,,,,,,,,,,,,,,,,
27.294800,monitor,23954,598976,24980,1,0,0.000000,0.000000,0.000000,0.000000,0,0,146353,151313,0,5,-0.334028,-1.183679,1.406948,0.000000,0.000000,-1,,,,,,,,,,,,,,,,
27.334402,monitor,23955,599001,25004,1,0,0.000000,0.000000,0.000000,0.000000,0,0,146353,151313,0,5,-0.334028,-1.183679,1.406948,0.000000,0.000000,-1,,,,,,,,,,,,,,,,
27.345787,monitor,23956,599025,25004,1,0,0.000000,0.000000,0.000000,0.000000,0,0,146353,151313,0,5,-0.334028,-1.183679,1.406948,0.000000,0.000000,-1,,,,,,,,,,,,,,,,
27.384041,monitor,23957,599051,25016,1,0,0.000000,0.000000,0.000000,0.000000,0,0,146353,151313,0,5,-0.334028,-1.183679,1.406948,0.000000,0.000000,-1,,,,,,,,,,,,,,,,
27.395538,monitor,23958,599075,24984,1,0,0.000000,0.000000,0.000000,0.000000,0,0,146353,151313,0,5,-0.334028,-1.183679,1.406948,0.000000,0.000000,-1,,,,,,,,,,,,,,,,
27.440408,monitor,23959,599101,24996,1,0,0.000000,0.000000,0.000000,0.000000,0,0,146353,151313,0,5,-0.334028,-1.183679,1.406948,0.000000,0.000000,-1,,,,,,,,,,,,,,,,
27.445625,monitor,23960,599126,25012,1,0,0.000000,0.000000,0.000000,0.000000,0,0,146353,151313,0,5,-0.334028,-1.183679,1.406948,0.000000,0.000000,-1,,,,,,,,,,,,,,,,
27.495596,monitor,23961,599150,24980,1,0,0.000000,0.000000,0.000000,0.000000,0,0,146353,151313,0,5,-0.334028,-1.183679,1.406948,0.000000,0.000000,-1,,,,,,,,,,,,,,,,
27.495596,monitor,23962,599176,25020,1,0,0.000000,0.000000,0.000000,0.000000,0,0,146353,151313,0,5,-0.334028,-1.183679,1.406948,0.000000,0.000000,-1,,,,,,,,,,,,,,,,
27.548024,monitor,23963,599200,24992,1,0,0.000000,0.000000,0.000000,0.000000,0,0,146353,151313,0,5,-0.334028,-1.183679,1.406948,0.000000,0.000000,-1,,,,,,,,,,,,,,,,
27.548024,monitor,23964,599226,25020,1,0,0.000000,0.000000,0.000000,0.000000,0,0,146353,151313,0,5,-0.334028,-1.183679,1.406948,0.000000,0.000000,-1,,,,,,,,,,,,,,,,
27.597497,monitor,23965,599250,24992,1,0,0.000000,0.000000,0.000000,0.000000,0,0,146353,151313,0,5,-0.334028,-1.183679,1.406948,0.000000,0.000000,-1,,,,,,,,,,,,,,,,
27.597497,monitor,23966,599276,24984,1,0,0.000000,0.000000,0.000000,0.000000,0,0,146353,151313,0,5,-0.334028,-1.183679,1.406948,0.000000,0.000000,-1,,,,,,,,,,,,,,,,
27.620338,monitor,23967,599301,25000,1,0,0.000000,0.000000,0.000000,0.000000,0,0,146353,151313,0,5,-0.334028,-1.183679,1.406948,0.000000,0.000000,-1,,,,,,,,,,,,,,,,
27.655096,monitor,23968,599325,24996,1,0,0.000000,0.000000,0.000000,0.000000,0,0,146353,151313,0,5,-0.334028,-1.183679,1.406948,0.000000,0.000000,-1,,,,,,,,,,,,,,,,
27.672202,monitor,23969,599351,25008,1,0,0.000000,0.000000,0.000000,0.000000,0,0,146353,151313,0,5,-0.334028,-1.183679,1.406948,0.000000,0.000000,-1,,,,,,,,,,,,,,,,
27.705917,monitor,23970,599375,24992,1,0,0.000000,0.000000,0.000000,0.000000,0,0,146353,151313,0,5,-0.334028,-1.183679,1.406948,0.000000,0.000000,-1,,,,,,,,,,,,,,,,
27.722979,monitor,23971,599401,25004,1,0,0.000000,0.000000,0.000000,0.000000,0,0,146353,151313,0,5,-0.334028,-1.183679,1.406948,0.000000,0.000000,-1,,,,,,,,,,,,,,,,
27.756794,monitor,23972,599426,25012,1,0,0.000000,0.000000,0.000000,0.000000,0,0,146353,151313,0,5,-0.334028,-1.183679,1.406948,0.000000,0.000000,-1,,,,,,,,,,,,,,,,
27.773921,monitor,23973,599450,25008,1,0,0.000000,0.000000,0.000000,0.000000,0,0,146353,151313,0,5,-0.334028,-1.183679,1.406948,0.000000,0.000000,-1,,,,,,,,,,,,,,,,
27.808698,monitor,23974,599476,25000,1,0,0.000000,0.000000,0.000000,0.000000,0,0,146353,151313,0,5,-0.334028,-1.183679,1.406948,0.000000,0.000000,-1,,,,,,,,,,,,,,,,
27.858783,monitor,23975,599500,24976,1,0,0.000000,0.000000,0.000000,0.000000,0,0,146353,151313,0,5,-0.334028,-1.183679,1.406948,0.000000,0.000000,-1,,,,,,,,,,,,,,,,
27.858783,monitor,23976,599526,25012,1,0,0.000000,0.000000,0.000000,0.000000,0,0,146353,151313,0,5,-0.334028,-1.183679,1.406948,0.000000,0.000000,-1,,,,,,,,,,,,,,,,
27.908439,monitor,23977,599550,25012,1,0,0.000000,0.000000,0.000000,0.000000,0,0,146353,151313,0,5,-0.334028,-1.183679,1.406948,0.000000,0.000000,-1,,,,,,,,,,,,,,,,
27.908439,monitor,23978,599576,24976,1,0,0.000000,0.000000,0.000000,0.000000,0,0,146353,151313,0,5,-0.334028,-1.183679,1.406948,0.000000,0.000000,-1,,,,,,,,,,,,,,,,
27.925075,monitor,23979,599601,25004,1,0,0.000000,0.000000,0.000000,0.000000,0,0,146353,151313,0,5,-0.334028,-1.183679,1.406948,0.000000,0.000000,-1,,,,,,,,,,,,,,,,
27.964563,monitor,23980,599625,24996,1,0,0.000000,0.000000,0.000000,0.000000,0,0,146353,151313,0,5,-0.334028,-1.183679,1.406948,0.000000,0.000000,-1,,,,,,,,,,,,,,,,
27.976099,monitor,23981,599651,25008,1,0,0.000000,0.000000,0.000000,0.000000,0,0,146353,151313,0,5,-0.334028,-1.183679,1.406948,0.000000,0.000000,-1,,,,,,,,,,,,,,,,
28.014572,monitor,23982,599675,24988,1,0,0.000000,0.000000,0.000000,0.000000,0,0,146353,151313,0,5,-0.334028,-1.183679,1.406948,0.000000,0.000000,-1,,,,,,,,,,,,,,,,
28.025911,monitor,23983,599701,25028,1,0,0.000000,0.000000,0.000000,0.000000,0,0,146353,151313,0,5,-0.334028,-1.183679,1.406948,0.000000,0.000000,-1,,,,,,,,,,,,,,,,
28.072089,monitor,23984,599726,24984,1,0,0.000000,0.000000,0.000000,0.000000,0,0,146353,151313,0,5,-0.334028,-1.183679,1.406948,0.000000,0.000000,-1,,,,,,,,,,,,,,,,
28.077818,monitor,23985,599750,25004,1,0,0.000000,0.000000,0.000000,0.000000,0,0,146353,151313,0,5,-0.334028,-1.183679,1.406948,0.000000,0.000000,-1,,,,,,,,,,,,,,,,
28.122333,monitor,23986,599776,25008,1,0,0.000000,0.000000,0.000000,0.000000,0,0,146353,151313,0,5,-0.334028,-1.183679,1.406948,0.000000,0.000000,-1,,,,,,,,,,,,,,,,
28.128047,monitor,23987,599800,24984,1,0,0.000000,0.000000,0.000000,0.000000,0,0,146353,151313,0,5,-0.334028,-1.183679,1.406948,0.000000,0.000000,-1,,,,,,,,,,,,,,,,
28.179006,monitor,23988,599826,25020,1,0,0.000000,0.000000,0.000000,0.000000,0,0,146353,151313,0,5,-0.334028,-1.183679,1.406948,0.000000,0.000000,-1,,,,,,,,,,,,,,,,
28.179006,monitor,23989,599851,24992,1,0,0.000000,0.000000,0.000000,0.000000,0,0,146353,151313,0,5,-0.334028,-1.183679,1.406948,0.000000,0.000000,-1,,,,,,,,,,,,,,,,
28.223633,monitor,23990,599875,24988,1,0,0.000000,0.000000,0.000000,0.000000,0,0,146353,151313,0,5,-0.334028,-1.183679,1.406948,0.000000,0.000000,-1,,,,,,,,,,,,,,,,
28.229363,monitor,23991,599901,25016,1,0,0.000000,0.000000,0.000000,0.000000,0,0,146353,151313,0,5,-0.334028,-1.183679,1.406948,0.000000,0.000000,-1,,,,,,,,,,,,,,,,
28.274323,monitor,23992,599925,24980,1,0,0.000000,0.000000,0.000000,0.000000,0,0,146353,151313,0,5,-0.334028,-1.183679,1.406948,0.000000,0.000000,-1,,,,,,,,,,,,,,,,
28.322924,monitor,23993,599951,25012,1,0,0.000000,0.000000,0.000000,0.000000,0,0,146353,151313,0,5,-0.334028,-1.183679,1.406948,0.000000,0.000000,-1,,,,,,,,,,,,,,,,
28.322924,monitor,23994,599975,25004,1,0,0.000000,0.000000,0.000000,0.000000,0,0,146353,151313,0,5,-0.334028,-1.183679,1.406948,0.000000,0.000000,-1,,,,,,,,,,,,,,,,
28.328722,monitor,23995,600001,24988,1,0,0.000000,0.000000,0.000000,0.000000,0,0,146353,151313,0,5,-0.334028,-1.183679,1.406948,0.000000,0.000000,-1,,,,,,,,,,,,,,,,
28.376307,monitor,23996,600026,24992,1,0,0.000000,0.000000,0.000000,0.000000,0,0,146353,151313,0,5,-0.334028,-1.183679,1.406948,0.000000,0.000000,-1,,,,,,,,,,,,,,,,
28.387725,monitor,23997,600050,25024,1,0,0.000000,0.000000,0.000000,0.000000,0,0,146353,151313,0,5,-0.334028,-1.183679,1.406948,0.000000,0.000000,-1,,,,,,,,,,,,,,,,
28.430429,monitor,23998,600076,24976,1,0,0.000000,0.000000,0.000000,0.000000,0,0,146353,151313,0,5,-0.334028,-1.183679,1.406948,0.000000,0.000000,-1,,,,,,,,,,,,,,,,
28.430429,monitor,23999,600100,25012,1,0,0.000000,0.000000,0.000000,0.000000,0,0,146353,151313,0,5,-0.334028,-1.183679,1.406948,0.000000,0.000000,-1,,,,,,,,,,,,,,,,
28.453302,monitor,24000,600126,25008,1,0,0.000000,0.000000,0.000000,0.000000,0,0,146353,151313,0,5,-0.334028,-1.183679,1.406948,0.000000,0.000000,-1,,,,,,,,,,,,,,,,
28.485193,monitor,24001,600151,24996,1,0,0.000000,0.000000,0.000000,0.000000,0,0,146353,151313,0,5,-0.334028,-1.183679,1.406948,0.000000,0.000000,-1,,,,,,,,,,,,,,,,
28.507137,monitor,24002,600175,24992,1,0,0.000000,0.000000,0.000000,0.000000,0,0,146353,151313,0,5,-0.334028,-1.183679,1.406948,0.000000,0.000000,-1,,,,,,,,,,,,,,,,
28.539496,monitor,24003,600201,25016,1,0,0.000000,0.000000,0.000000,0.000000,0,0,146353,151313,0,5,-0.334028,-1.183679,1.406948,0.000000,0.000000,-1,,,,,,,,,,,,,,,,
28.556506,monitor,24004,600225,24988,1,0,0.000000,0.000000,0.000000,0.000000,0,0,146353,151313,0,5,-0.334028,-1.183679,1.406948,0.000000,0.000000,-1,,,,,,,,,,,,,,,,
28.593688,monitor,24005,600251,24996,1,0,0.000000,0.000000,0.000000,0.000000,0,0,146353,151313,0,5,-0.334028,-1.183679,1.406948,0.000000,0.000000,-1,,,,,,,,,,,,,,,,
28.605149,monitor,24006,600275,25008,1,0,0.000000,0.000000,0.000000,0.000000,0,0,146353,151313,0,5,-0.334028,-1.183679,1.406948,0.000000,0.000000,-1,,,,,,,,,,,,,,,,
28.649491,monitor,24007,600301,25000,1,0,0.000000,0.000000,0.000000,0.000000,0,0,146353,151313,0,5,-0.334028,-1.183679,1.406948,0.000000,0.000000,-1,,,,,,,,,,,,,,,,
28.660700,monitor,24008,600326,25004,1,0,0.000000,0.000000,0.000000,0.000000,0,0,146353,151313,0,5,-0.334028,-1.183679,1.406948,0.000000,0.000000,-1,,,,,,,,,,,,,,,,
28.704613,monitor,24009,600350,24988,1,0,0.000000,0.000000,0.000000,0.000000,0,0,146353,151313,0,5,-0.334028,-1.183679,1.406948,0.000000,0.000000,-1,,,,,,,,,,,,,,,,
28.710357,monitor,24010,600376,25020,1,0,0.000000,0.000000,0.000000,0.000000,0,0,146353,151313,0,5,-0.334028,-1.183679,1.406948,0.000000,0.000000,-1,,,,,,,,,,,,,,,,
28.759681,monitor,24011,600400,24980,1,0,0.000000,0.000000,0.000000,0.000000,0,0,146353,151313,0,5,-0.334028,-1.183679,1.406948,0.000000,0.000000,-1,,,,,,,,,,,,,,,,
28.759681,monitor,24012,600426,25008,1,0,0.000000,0.000000,0.000000,0.000000,0,0,146353,151313,0,5,-0.334028,-1.183679,1.406948,0.000000,0.000000,-1,,,,,,,,,,,,,,,,
28.782329,monitor,24013,600451,25000,1,0,0.000000,0.000000,0.000000,0.000000,0,0,146353,151313,0,5,-0.334028,-1.183679,1.406948,0.000000,0.000000,-1,,,,,,,,,,,,,,,,
28.815902,monitor,24014,600475,25016,1,0,0.000000,0.000000,0.000000,0.000000,0,0,146353,151313,0,5,-0.334028,-1.183679,1.406948,0.000000,0.000000,-1,,,,,,,,,,,,,,,,
28.832992,monitor,24015,600501,24984,1,0,0.000000,0.000000,0.000000,0.000000,0,0,146353,151313,0,5,-0.334028,-1.183679,1.406948,0.000000,0.000000,-1,,,,,,,,,,,,,,,,
28.932964,monitor,24016,600525,24992,1,0,0.000000,0.000000,0.000000,0.000000,0,0,146353,151313,0,5,-0.334028,-1.183679,1.406948,0.000000,0.000000,-1,,,,,,,,,,,,,,,,
28.932964,monitor,24017,600551,25000,1,0,0.000000,0.000000,0.000000,0.000000,0,0,146353,151313,0,5,-0.334028,-1.183679,1.406948,0.000000,0.000000,-1,,,,,,,,,,,,,,,,
28.932964,monitor,24018,600576,24992,1,0,0.000000,0.000000,0.000000,0.000000,0,0,146353,151313,0,5,-0.334028,-1.183679,1.406948,0.000000,0.000000,-1,,,,,,,,,,,,,,,,
28.938890,monitor,24019,600600,25012,1,0,0.000000,0.000000,0.000000,0.000000,0,0,146353,151313,0,5,-0.334028,-1.183679,1.406948,0.000000,0.000000,-1,,,,,,,,,,,,,,,,
28.971899,monitor,24020,600626,24992,1,0,0.000000,0.000000,0.000000,0.000000,0,0,146353,151313,0,5,-0.334028,-1.183679,1.406948,0.000000,0.000000,-1,,,,,,,,,,,,,,,,
28.989005,monitor,24021,600650,25016,1,0,0.000000,0.000000,0.000000,0.000000,0,0,146353,151313,0,5,-0.334028,-1.183679,1.406948,0.000000,0.000000,-1,,,,,,,,,,,,,,,,
29.021901,monitor,24022,600676,24992,1,0,0.000000,0.000000,0.000000,0.000000,0,0,146353,151313,0,5,-0.334028,-1.183679,1.406948,0.000000,0.000000,-1,,,,,,,,,,,,,,,,
29.039000,monitor,24023,600700,24988,1,0,0.000000,0.000000,0.000000,0.000000,0,0,146353,151313,0,5,-0.334028,-1.183679,1.406948,0.000000,0.000000,-1,,,,,,,,,,,,,,,,
29.077307,monitor,24024,600726,25020,1,0,0.000000,0.000000,0.000000,0.000000,0,0,146353,151313,0,5,-0.334028,-1.183679,1.406948,0.000000,0.000000,-1,,,,,,,,,,,,,,,,
29.088751,monitor,24025,600751,24980,1,0,0.000000,0.000000,0.000000,0.000000,0,0,146353,151313,0,5,-0.334028,-1.183679,1.406948,0.000000,0.000000,-1,,,,,,,,,,,,,,,,
29.132668,monitor,24026,600775,25004,1,0,0.000000,0.000000,0.000000,0.000000,0,0,146353,151313,0,5,-0.334028,-1.183679,1.406948,0.000000,0.000000,-1,,,,,,,,,,,,,,,,
29.138429,monitor,24027,600801,25000,1,0,0.000000,0.000000,0.000000,0.000000,0,0,146353,151313,0,5,-0.334028,-1.183679,1.406948,0.000000,0.000000,-1,,,,,,,,,,,,,,,,
29.189474,monitor,24028,600825,25016,1,0,0.000000,0.000000,0.000000,0.000000,0,0,146353,151313,0,5,-0.334028,-1.183679,1.406948,0.000000,0.000000,-1,,,,,,,,,,,,,,,,
29.189474,monitor,24029,600851,24992,1,0,0.000000,0.000000,0.000000,0.000000,0,0,146353,151313,0,5,-0.334028,-1.183679,1.406948,0.000000,0.000000,-1,,,,,,,,,,,,,,,,
29.237990,monitor,24030,600876,25004,1,0,0.000000,0.000000,0.000000,0.000000,0,0,146353,151313,0,5,-0.334028,-1.183679,1.406948,0.000000,0.000000,-1,,,,,,,,,,,,,,,,
29.237990,monitor,24031,600900,25012,1,0,0.000000,0.000000,0.000000,0.000000,0,0,146353,151313,0,5,-0.334028,-1.183679,1.406948,0.000000,0.000000,-1,,,,,,,,,,,,,,,,
29.292340,monitor,24032,600926,24992,1,0,0.000000,0.000000,0.000000,0.000000,0,0,146353,151313,0,5,-0.334028,-1.183679,1.406948,0.000000,0.000000,-1,,,,,,,,,,,,,,,,
29.292340,monitor,24033,600950,25012,1,0,0.000000,0.000000,0.000000,0.000000,0,0,146353,151313,0,5,-0.334028,-1.183679,1.406948,0.000000,0.000000,-1,,,,,,,,,,,,,,,,
29.315010,monitor,24034,600976,24968,1,0,0.000000,0.000000,0.000000,0.000000,0,0,146353,151313,0,5,-0.334028,-1.183679,1.406948,0.000000,0.000000,-1,,,,,,,,,,,,,,,,
29.347289,monitor,24035,601000,25012,1,0,0.000000,0.000000,0.000000,0.000000,0,0,146353,151313,0,5,-0.334028,-1.183679,1.406948,0.000000,0.000000,-1,,,,,,,,,,,,,,,,
29.364388,monitor,24036,601026,24988,1,0,0.000000,0.000000,0.000000,0.000000,0,0,146353,151313,0,5,-0.334028,-1.183679,1.406948,0.000000,0.000000,-1,,,,,,,,,,,,,,,,
29.402482,monitor,24037,601051,25020,1,0,0.000000,0.000000,0.000000,0.000000,0,0,146353,151313,0,5,-0.334028,-1.183679,1.406948,0.000000,0.000000,-1,,,,,,,,,,,,,,,,
29.419348,monitor,24038,601075,25004,1,0,0.000000,0.000000,0.000000,0.000000,0,0,146353,151313,0,5,-0.334028,-1.183679,1.406948,0.000000,0.000000,-1,,,,,,,,,,,,,,,,
29.455811,monitor,24039,601101,24996,1,0,0.000000,0.000000,0.000000,0.000000,0,0,146353,151313,0,5,-0.334028,-1.183679,1.406948,0.000000,0.000000,-1,,,,,,,,,,,,,,,,
29.467081,monitor,24040,601125,24996,1,0,0.000000,0.000000,0.000000,0.000000,0,0,146353,151313,0,5,-0.334028,-1.183679,1.406948,0.000000,0.000000,-1,,,,,,,,,,,,,,,,
29.509357,monitor,24041,601151,24996,1,0,0.000000,0.000000,0.000000,0.000000,0,0,146353,151313,0,5,-0.334028,-1.183679,1.406948,0.000000,0.000000,-1,,,,,,,,,,,,,,,,
29.520741,monitor,24042,601176,24992,1,0,0.000000,0.000000,0.000000,0.000000,0,0,146353,151313,0,5,-0.334028,-1.183679,1.406948,0.000000,0.000000,-1,,,,,,,,,,,,,,,,
29.562851,monitor,24043,601200,24996,1,0,0.000000,0.000000,0.000000,0.000000,0,0,146353,151313,0,5,-0.334028,-1.183679,1.406948,0.000000,0.000000,-1,,,,,,,,,,,,,,,,
29.568605,monitor,24044,601226,25012,1,0,0.000000,0.000000,0.000000,0.000000,0,0,146353,151313,0,5,-0.334028,-1.183679,1.406948,0.000000,0.000000,-1,,,,,,,,,,,,,,,,
29.617392,monitor,24045,601250,24992,1,0,0.000000,0.000000,0.000000,0.000000,0,0,146353,151313,0,5,-0.334028,-1.183679,1.406948,0.000000,0.000000,-1,,,,,,,,,,,,,,,,
29.617392,monitor,24046,601276,25004,1,0,0.000000,0.000000,0.000000,0.000000,0,0,146353,151313,0,5,-0.334028,-1.183679,1.406948,0.000000,0.000000,-1,,,,,,,,,,,,,,,,
29.671653,monitor,24047,601300,25016,1,0,0.000000,0.000000,0.000000,0.000000,0,0,146353,151313,0,5,-0.334028,-1.183679,1.406948,0.000000,0.000000,-1,,,,,,,,,,,,,,,,
29.671653,monitor,24048,601326,24988,1,0,0.000000,0.000000,0.000000,0.000000,0,0,146353,151313,0,5,-0.334028,-1.183679,1.406948,0.000000,0.000000,-1,,,,,,,,,,,,,,,,
29.694492,monitor,24049,601351,25008,1,0,0.000000,0.000000,0.000000,0.000000,0,0,146353,151313,0,5,-0.334028,-1.183679,1.406948,0.000000,0.000000,-1,,,,,,,,,,,,,,,,
29.723127,monitor,24050,601375,24992,1,0,0.000000,0.000000,0.000000,0.000000,0,0,146353,151313,0,5,-0.334028,-1.183679,1.406948,0.000000,0.000000,-1,,,,,,,,,,,,,,,,
29.745891,monitor,24051,601401,25012,1,0,0.000000,0.000000,0.000000,0.000000,0,0,146353,151313,0,5,-0.334028,-1.183679,1.406948,0.000000,0.000000,-1,,,,,,,,,,,,,,,,
29.774966,monitor,24052,601425,24976,1,0,0.000000,0.000000,0.000000,0.000000,0,0,146353,151313,0,5,-0.334028,-1.183679,1.406948,0.000000,0.000000,-1,,,,,,,,,,,,,,,,
29.797479,monitor,24053,601451,25008,1,0,0.000000,0.000000,0.000000,0.000000,0,0,146353,151313,0,5,-0.334028,-1.183679,1.406948,0.000000,0.000000,-1,,,,,,,,,,,,,,,,
29.828935,monitor,24054,601476,25020,1,0,0.000000,0.000000,0.000000,0.000000,0,0,146353,151313,0,5,-0.334028,-1.183679,1.406948,0.000000,0.000000,-1,,,,,,,,,,,,,,,,
29.846080,monitor,24055,601500,24984,1,0,0.000000,0.000000,0.000000,0.000000,0,0,146353,151313,0,5,-0.334028,-1.183679,1.406948,0.000000,0.000000,-1,,,,,,,,,,,,,,,,
29.881916,monitor,24056,601526,25012,1,0,0.000000,0.000000,0.000000,0.000000,0,0,146353,151313,0,5,-0.334028,-1.183679,1.406948,0.000000,0.000000,-1,,,,,,,,,,,,,,,,
29.983035,monitor,24057,601550,25004,1,0,0.000000,0.000000,0.000000,0.000000,0,0,146353,151313,0,5,-0.334028,-1.183679,1.406948,0.000000,0.000000,-1,,,,,,,,,,,,,,,,
29.983035,monitor,24058,601576,24972,1,0,0.000000,0.000000,0.000000,0.000000,0,0,146353,151313,0,5,-0.334028,-1.183679,1.406948,0.000000,0.000000,-1,,,,,,,,,,,,,,,,
29.983035,monitor,24059,601601,25024,1,0,0.000000,0.000000,0.000000,0.000000,0,0,146353,151313,0,5,-0.334028,-1.183679,1.406948,0.000000,0.000000,-1,,,,,,,,,,,,,,,,
29.983035,monitor,24060,601625,24992,1,0,0.000000,0.000000,0.000000,0.000000,0,0,146353,151313,0,5,-0.334028,-1.183679,1.406948,0.000000,0.000000,-1,,,,,,,,,,,,,,,,
30.005932,monitor,24061,601651,24996,1,0,0.000000,0.000000,0.000000,0.000000,0,0,146353,151313,0,5,-0.334028,-1.183679,1.406948,0.000000,0.000000,-1,,,,,,,,,,,,,,,,
30.040800,monitor,24062,601675,25016,1,0,0.000000,0.000000,0.000000,0.000000,0,0,146353,151313,0,5,-0.334028,-1.183679,1.406948,0.000000,0.000000,-1,,,,,,,,,,,,,,,,
30.057615,monitor,24063,601701,24996,1,0,0.000000,0.000000,0.000000,0.000000,0,0,146353,151313,0,5,-0.334028,-1.183679,1.406948,0.000000,0.000000,-1,,,,,,,,,,,,,,,,
30.092402,monitor,24064,601725,24984,1,0,0.000000,0.000000,0.000000,0.000000,0,0,146353,151313,0,5,-0.334028,-1.183679,1.406948,0.000000,0.000000,-1,,,,,,,,,,,,,,,,
30.098136,monitor,24065,601751,25016,1,0,0.000000,0.000000,0.000000,0.000000,0,0,146353,151313,0,5,-0.334028,-1.183679,1.406948,0.000000,0.000000,-1,,,,,,,,,,,,,,,,
30.145873,monitor,24066,601776,24984,1,0,0.000000,0.000000,0.000000,0.000000,0,0,146353,151313,0,5,-0.334028,-1.183679,1.406948,0.000000,0.000000,-1,,,,,,,,,,,,,,,,
30.168608,monitor,24067,601800,25020,1,0,0.000000,0.000000,0.000000,0.000000,0,0,146353,151313,0,5,-0.334028,-1.183679,1.406948,0.000000,0.000000,-1,,,,,,,,,,,,,,,,
30.197607,monitor,24068,601826,24992,1,0,0.000000,0.000000,0.000000,0.000000,0,0,146353,151313,0,5,-0.334028,-1.183679,1.406948,0.000000,0.000000,-1,,,,,,,,,,,,,,,,
30.203326,monitor,24069,601850,25008,1,0,0.000000,0.000000,0.000000,0.000000,0,0,146353,151313,0,5,-0.334028,-1.183679,1.406948,0.000000,0.000000,-1,,,,,,,,,,,,,,,,
30.249116,monitor,24070,601876,24980,1,0,0.000000,0.000000,0.000000,0.000000,0,0,146353,151313,0,5,-0.334028,-1.183679,1.406948,0.000000,0.000000,-1,,,,,,,,,,,,,,,,
30.254860,monitor,24071,601901,25008,1,0,0.000000,0.000000,0.000000,0.000000,0,0,146353,151313,0,5,-0.334028,-1.183679,1.406948,0.000000,0.000000,-1,,,,,,,,,,,,,,,,
30.300998,monitor,24072,601925,25008,1,0,0.000000,0.000000,0.000000,0.000000,0,0,146353,151313,0,5,-0.334028,-1.183679,1.406948,0.000000,0.000000,-1,,,,,,,,,,,,,,,,
30.300998,monitor,24073,601951,24992,1,0,0.000000,0.000000,0.000000,0.000000,0,0,146353,151313,0,5,-0.334028,-1.183679,1.406948,0.000000,0.000000,-1,,,,,,,,,,,,,,,,
30.352106,monitor,24074,601975,25004,1,0,0.000000,0.000000,0.000000,0.000000,0,0,146353,151313,0,5,-0.334028,-1.183679,1.406948,0.000000,0.000000,-1,,,,,,,,,,,,,,,,
30.357851,monitor,24075,602001,24992,1,0,0.000000,0.000000,0.000000,0.000000,0,0,146353,151313,0,5,-0.334028,-1.183679,1.406948,0.000000,0.000000,-1,,,,,,,,,,,,,,,,
30.402230,monitor,24076,602025,25008,1,0,0.000000,0.000000,0.000000,0.000000,0,0,146353,151313,0,5,-0.334028,-1.183679,1.406948,0.000000,0.000000,-1,,,,,,,,,,,,,,,,
30.402230,monitor,24077,602051,24980,1,0,0.000000,0.000000,0.000000,0.000000,0,0,146353,151313,0,5,-0.334028,-1.183679,1.406948,0.000000,0.000000,-1,,,,,,,,,,,,,,,,
30.453403,monitor,24078,602076,25024,1,0,0.000000,0.000000,0.000000,0.000000,0,0,146353,151313,0,5,-0.334028,-1.183679,1.406948,0.000000,0.000000,-1,,,,,,,,,,,,,,,,
30.464755,monitor,24079,602100,25000,1,0,0.000000,0.000000,0.000000,0.000000,0,0,146353,151313,0,5,-0.334028,-1.183679,1.406948,0.000000,0.000000,-1,,,,,,,,,,,,,,,,
30.504062,monitor,24080,602126,24996,1,0,0.000000,0.000000,0.000000,0.000000,0,0,146353,151313,0,5,-0.334028,-1.183679,1.406948,0.000000,0.000000,-1,,,,,,,,,,,,,,,,
30.504062,monitor,24081,602150,25012,1,0,0.000000,0.000000,0.000000,0.000000,0,0,146353,151313,0,5,-0.334028,-1.183679,1.406948,0.000000,0.000000,-1,,,,,,,,,,,,,,,,
30.555881,monitor,24082,602176,24988,1,0,0.000000,0.000000,0.000000,0.000000,0,0,146353,151313,0,5,-0.334028,-1.183679,1.406948,0.000000,0.000000,-1,,,,,,,,,,,,,,,,
30.572955,monitor,24083,602201,24984,1,0,0.000000,0.000000,0.000000,0.000000,0,0,146353,151313,0,5,-0.334028,-1.183679,1.406948,0.000000,0.000000,-1,,,,,,,,,,,,,,,,
30.578808,monitor,24084,602225,25012,1,0,0.000000,0.000000,0.000000,0.000000,0,0,146353,151313,0,5,-0.334028,-1.183679,1.406948,0.000000,0.000000,-1,,,,,,,,,,,,,,,,
30.624606,monitor,24085,602251,24996,1,0,0.000000,0.000000,0.000000,0.000000,0,0,146353,151313,0,5,-0.334028,-1.183679,1.406948,0.000000,0.000000,-1,,,,,,,,,,,,,,,,
30.630415,monitor,24086,602275,25008,1,0,0.000000,0.000000,0.000000,0.000000,0,0,146353,151313,0,5,-0.334028,-1.183679,1.406948,0.000000,0.000000,-1,,,,,,,,,,,,,,,,
30.659275,monitor,24087,602301,24992,1,0,0.000000,0.000000,0.000000,0.000000,0,0,146353,151313,0,5,-0.334028,-1.183679,1.406948,0.000000,0.000000,-1,,,,,,,,,,,,,,,,
30.682065,monitor,24088,602326,25012,1,0,0.000000,0.000000,0.000000,0.000000,0,0,146353,151313,0,5,-0.334028,-1.183679,1.406948,0.000000,0.000000,-1,,,,,,,,,,,,,,,,
30.710782,monitor,24089,602350,25000,1,0,0.000000,0.000000,0.000000,0.000000,0,0,146353,151313,0,5,-0.334028,-1.183679,1.406948,0.000000,0.000000,-1,,,,,,,,,,,,,,,,
30.733540,monitor,24090,602376,24976,1,0,0.000000,0.000000,0.000000,0.000000,0,0,146353,151313,0,5,-0.334028,-1.183679,1.406948,0.000000,0.000000,-1,,,,,,,,,,,,,,,,
30.762821,monitor,24091,602400,25032,1,0,0.000000,0.000000,0.000000,0.000000,0,0,146353,151313,0,5,-0.334028,-1.183679,1.406948,0.000000,0.000000,-1,,,,,,,,,,,,,,,,
30.785619,monitor,24092,602426,24992,1,0,0.000000,0.000000,0.000000,0.000000,0,0,146353,151313,0,5,-0.334028,-1.183679,1.406948,0.000000,0.000000,-1,,,,,,,,,,,,,,,,
30.813739,monitor,24093,602450,24976,1,0,0.000000,0.000000,0.000000,0.000000,0,0,146353,151313,0,5,-0.334028,-1.183679,1.406948,0.000000,0.000000,-1,,,,,,,,,,,,,,,,
30.836516,monitor,24094,602476,25004,1,0,0.000000,0.000000,0.000000,0.000000,0,0,146353,151313,0,5,-0.334028,-1.183679,1.406948,0.000000,0.000000,-1,,,,,,,,,,,,,,,,
30.864293,monitor,24095,602501,25008,1,0,0.000000,0.000000,0.000000,0.000000,0,0,146353,151313,0,5,-0.334028,-1.183679,1.406948,0.000000,0.000000,-1,,,,,,,,,,,,,,,,
30.918058,monitor,24096,602525,24992,1,0,0.000000,0.000000,0.000000,0.000000,0,0,146353,151313,0,5,-0.334028,-1.183679,1.406948,0.000000,0.000000,-1,,,,,,,,,,,,,,,,
30.918058,monitor,24097,602551,25004,1,0,0.000000,0.000000,0.000000,0.000000,0,0,146353,151313,0,5,-0.334028,-1.183679,1.406948,0.000000,0.000000,-1,,,,,,,,,,,,,,,,
30.935227,monitor,24098,602575,25000,1,0,0.000000,0.000000,0.000000,0.000000,0,0,146353,151313,0,5,-0.334028,-1.183679,1.406948,0.000000,0.000000,-1,,,,,,,,,,,,,,,,
31.019902,monitor,24099,602601,25008,1,0,0.000000,0.000000,0.000000,0.000000,0,0,146353,151313,0,5,-0.334028,-1.183679,1.406948,0.000000,0.000000,-1,,,,,,,,,,,,,,,,
31.019902,monitor,24100,602626,24992,1,0,0.000000,0.000000,0.000000,0.000000,0,0,146353,151313,0,5,-0.334028,-1.183679,1.406948,0.000000,0.000000,-1,,,,,,,,,,,,,,,,
31.019902,monitor,24101,602650,25004,1,0,0.000000,0.000000,0.000000,0.000000,0,0,146353,151313,0,5,-0.334028,-1.183679,1.406948,0.000000,0.000000,-1,,,,,,,,,,,,,,,,
31.037174,monitor,24102,602676,25004,1,0,0.000000,0.000000,0.000000,0.000000,0,0,146353,151313,0,5,-0.334028,-1.183679,1.406948,0.000000,0.000000,-1,,,,,,,,,,,,,,,,
31.080550,monitor,24103,602700,24996,1,0,0.000000,0.000000,0.000000,0.000000,0,0,146353,151313,0,5,-0.334028,-1.183679,1.406948,0.000000,0.000000,-1,,,,,,,,,,,,,,,,
31.086295,monitor,24104,602726,24988,1,0,0.000000,0.000000,0.000000,0.000000,0,0,146353,151313,0,5,-0.334028,-1.183679,1.406948,0.000000,0.000000,-1,,,,,,,,,,,,,,,,
31.132138,monitor,24105,602750,25024,1,0,0.000000,0.000000,0.000000,0.000000,0,0,146353,151313,0,5,-0.334028,-1.183679,1.406948,0.000000,0.000000,-1,,,,,,,,,,,,,,,,
31.137870,monitor,24106,602776,24996,1,0,0.000000,0.000000,0.000000,0.000000,0,0,146353,151313,0,5,-0.334028,-1.183679,1.406948,0.000000,0.000000,-1,,,,,,,,,,,,,,,,
31.185047,monitor,24107,602801,24984,1,0,0.000000,0.000000,0.000000,0.000000,0,0,146353,151313,0,5,-0.334028,-1.183679,1.406948,0.000000,0.000000,-1,,,,,,,,,,,,,,,,
31.185047,monitor,24108,602825,25020,1,0,0.000000,0.000000,0.000000,0.000000,0,0,146353,151313,0,5,-0.334028,-1.183679,1.406948,0.000000,0.000000,-1,,,,,,,,,,,,,,,,
31.236493,monitor,24109,602851,24984,1,0,0.000000,0.000000,0.000000,0.000000,0,0,146353,151313,0,5,-0.334028,-1.183679,1.406948,0.000000,0.000000,-1,,,,,,,,,,,,,,,,
31.236493,monitor,24110,602875,25016,1,0,0.000000,0.000000,0.000000,0.000000,0,0,146353,151313,0,5,-0.334028,-1.183679,1.406948,0.000000,0.000000,-1,,,,,,,,,,,,,,,,
31.287466,monitor,24111,602901,24980,1,0,0.000000,0.000000,0.000000,0.000000,0,0,146353,151313,0,5,-0.334028,-1.183679,1.406948,0.000000,0.000000,-1,,,,,,,,,,,,,,,,
31.287466,monitor,24112,602926,25016,1,0,0.000000,0.000000,0.000000,0.000000,0,0,146353,151313,0,5,-0.334028,-1.183679,1.406948,0.000000,0.000000,-1,,,,,,,,,,,,,,,,
31.336455,monitor,24113,602950,24984,1,0,0.000000,0.000000,0.000000,0.000000,0,0,146353,151313,0,5,-0.334028,-1.183679,1.406948,0.000000,0.000000,-1,,,,,,,,,,,,,,,,
31.336455,monitor,24114,602976,25008,1,0,0.000000,0.000000,0.000000,0.000000,0,0,146353,151313,0,5,-0.334028,-1.183679,1.406948,0.000000,0.000000,-1,,,,,,,,,,,,,,,,
31.364943,monitor,24115,603000,24992,1,0,0.000000,0.000000,0.000000,0.000000,0,0,146353,151313,0,5,-0.334028,-1.183679,1.406948,0.000000,0.000000,-1,,,,,,,,,,,,,,,,
31.392262,monitor,24116,603026,25024,1,0,0.000000,0.000000,0.000000,0.000000,0,0,146353,151313,0,5,-0.334028,-1.183679,1.406948,0.000000,0.000000,-1,,,,,,,,,,,,,,,,
31.414290,monitor,24117,603051,24996,1,0,0.000000,0.000000,0.000000,0.000000,0,0,146353,151313,0,5,-0.334028,-1.183679,1.406948,0.000000,0.000000,-1,,,,,,,,,,,,,,,,
31.447608,monitor,24118,603075,24980,1,0,0.000000,0.000000,0.000000,0.000000,0,0,146353,151313,0,5,-0.334028,-1.183679,1.406948,0.000000,0.000000,-1,,,,,,,,,,,,,,,,
31.464485,monitor,24119,603101,25012,1,0,0.000000,0.000000,0.000000,0.000000,0,0,146353,151313,0,5,-0.334028,-1.183679,1.406948,0.000000,0.000000,-1,,,,,,,,,,,,,,,,
31.497609,monitor,24120,603125,25008,1,0,0.000000,0.000000,0.000000,0.000000,0,0,146353,151313,0,5,-0.334028,-1.183679,1.406948,0.000000,0.000000,-1,,,,,,,,,,,,,,,,
31.514800,monitor,24121,603151,24992,1,0,0.000000,0.000000,0.000000,0.000000,0,0,146353,151313,0,5,-0.334028,-1.183679,1.406948,0.000000,0.000000,-1,,,,,,,,,,,,,,,,
31.546148,monitor,24122,603175,24984,1,0,0.000000,0.000000,0.000000,0.000000,0,0,146353,151313,0,5,-0.334028,-1.183679,1.406948,0.000000,0.000000,-1,,,,,,,,,,,,,,,,
31.568908,monitor,24123,603201,25012,1,0,0.000000,0.000000,0.000000,0.000000,0,0,146353,151313,0,5,-0.334028,-1.183679,1.406948,0.000000,0.000000,-1,,,,,,,,,,,,,,,,
31.602813,monitor,24124,603226,25012,1,0,0.000000,0.000000,0.000000,0.000000,0,0,146353,151313,0,5,-0.334028,-1.183679,1.406948,0.000000,0.000000,-1,,,,,,,,,,,,,,,,
31.619883,monitor,24125,603250,25000,1,0,0.000000,0.000000,0.000000,0.000000,0,0,146353,151313,0,5,-0.334028,-1.183679,1.406948,0.000000,0.000000,-1,,,,,,,,,,,,,,,,
31.651990,monitor,24126,603276,24976,1,0,0.000000,0.000000,0.000000,0.000000,0,0,146353,151313,0,5,-0.334028,-1.183679,1.406948,0.000000,0.000000,-1,,,,,,,,,,,,,,,,
31.669207,monitor,24127,603300,25024,1,0,0.000000,0.000000,0.000000,0.000000,0,0,146353,151313,0,5,-0.334028,-1.183679,1.406948,0.000000,0.000000,-1,,,,,,,,,,,,,,,,
31.709290,monitor,24128,603326,25000,1,0,0.000000,0.000000,0.000000,0.000000,0,0,146353,151313,0,5,-0.334028,-1.183679,1.406948,0.000000,0.000000,-1,,,,,,,,,,,,,,,,
31.720704,monitor,24129,603351,25008,1,0,0.000000,0.000000,0.000000,0.000000,0,0,146353,151313,0,5,-0.334028,-1.183679,1.406948,0.000000,0.000000,-1,,,,,,,,,,,,,,,,
31.760610,monitor,24130,603375,24980,1,0,0.000000,0.000000,0.000000,0.000000,0,0,146353,151313,0,5,-0.334028,-1.183679,1.406948,0.000000,0.000000,-1,,,,,,,,,,,,,,,,
31.766350,monitor,24131,603401,25012,1,0,0.000000,0.000000,0.000000,0.000000,0,0,146353,151313,0,5,-0.334028,-1.183679,1.406948,0.000000,0.000000,-1,,,,,,,,,,,,,,,,
31.811872,monitor,24132,603425,25008,1,0,0.000000,0.000000,0.000000,0.000000,0,0,146353,151313,0,5,-0.334028,-1.183679,1.406948,0.000000,0.000000,-1,,,,,,,,,,,,,,,,
31.817635,monitor,24133,603451,24972,1,0,0.000000,0.000000,0.000000,0.000000,0,0,146353,151313,0,5,-0.334028,-1.183679,1.406948,0.000000,0.000000,-1,,,,,,,,,,,,,,,,
31.862546,monitor,24134,603475,25008,1,0,0.000000,0.000000,0.000000,0.000000,0,0,146353,151313,0,5,-0.334028,-1.183679,1.406948,0.000000,0.000000,-1,,,,,,,,,,,,,,,,
31.868306,monitor,24135,603501,24992,1,0,0.000000,0.000000,0.000000,0.000000,0,0,146353,151313,0,5,-0.334028,-1.183679,1.406948,0.000000,0.000000,-1,,,,,,,,,,,,,,,,
31.913376,monitor,24136,603526,25012,1,0,0.000000,0.000000,0.000000,0.000000,0,0,146353,151313,0,5,-0.334028,-1.183679,1.406948,0.000000,0.000000,-1,,,,,,,,,,,,,,,,
31.919124,monitor,24137,603550,25008,1,0,0.000000,0.000000,0.000000,0.000000,0,0,146353,151313,0,5,-0.334028,-1.183679,1.406948,0.000000,0.000000,-1,,,,,,,,,,,,,,,,
31.964476,monitor,24138,603576,24992,1,0,0.000000,0.000000,0.000000,0.000000,0,0,146353,151313,0,5,-0.334028,-1.183679,1.406948,0.000000,0.000000,-1,,,,,,,,,,,,,,,,
31.970251,monitor,24139,603600,25000,1,0,0.000000,0.000000,0.000000,0.000000,0,0,146353,151313,0,5,-0.334028,-1.183679,1.406948,0.000000,0.000000,-1,,,,,,,,,,,,,,,,
32.015476,monitor,24140,603626,25000,1,0,0.000000,0.000000,0.000000,0.000000,0,0,146353,151313,0,5,-0.334028,-1.183679,1.406948,0.000000,0.000000,-1,,,,,,,,,,,,,,,,
32.021227,monitor,24141,603651,25004,1,0,0.000000,0.000000,0.000000,0.000000,0,0,146353,151313,0,5,-0.334028,-1.183679,1.406948,0.000000,0.000000,-1,,,,,,,,,,,,,,,,
32.066453,monitor,24142,603675,25000,1,0,0.000000,0.000000,0.000000,0.000000,0,0,146353,151313,0,5,-0.334028,-1.183679,1.406948,0.000000,0.000000,-1,,,,,,,,,,,,,,,,
32.072266,monitor,24143,603701,24984,1,0,0.000000,0.000000,0.000000,0.000000,0,0,146353,151313,0,5,-0.334028,-1.183679,1.406948,0.000000,0.000000,-1,,,,,,,,,,,,,,,,
32.116957,monitor,24144,603725,25028,1,0,0.000000,0.000000,0.000000,0.000000,0,0,146353,151313,0,5,-0.334028,-1.183679,1.406948,0.000000,0.000000,-1,,,,,,,,,,,,,,,,
32.122732,monitor,24145,603751,24984,1,0,0.000000,0.000000,0.000000,0.000000,0,0,146353,151313,0,5,-0.334028,-1.183679,1.406948,0.000000,0.000000,-1,,,,,,,,,,,,,,,,
32.167275,monitor,24146,603776,25008,1,0,0.000000,0.000000,0.000000,0.000000,0,0,146353,151313,0,5,-0.334028,-1.183679,1.406948,0.000000,0.000000,-1,,,,,,,,,,,,,,,,
32.173059,monitor,24147,603801,24996,1,0,0.000000,0.000000,0.000000,0.000000,0,0,146353,151313,0,5,-0.334028,-1.183679,1.406948,0.000000,0.000000,-1,,,,,,,,,,,,,,,,
32.218270,monitor,24148,603826,24984,1,0,0.000000,0.000000,0.000000,0.000000,0,0,146353,151313,0,5,-0.334028,-1.183679,1.406948,0.000000,0.000000,-1,,,,,,,,,,,,,,,,
32.224120,monitor,24149,603850,25004,1,0,0.000000,0.000000,0.000000,0.000000,0,0,146353,151313,0,5,-0.334028,-1.183679,1.406948,0.000000,0.000000,-1,,,,,,,,,,,,,,,,
32.268255,monitor,24150,603876,25004,1,0,0.000000,0.000000,0.000000,0.000000,0,0,146353,151313,0,5,-0.334028,-1.183679,1.406948,0.000000,0.000000,-1,,,,,,,,,,,,,,,,
32.274001,monitor,24151,603900,25004,1,0,0.000000,0.000000,0.000000,0.000000,0,0,146353,151313,0,5,-0.334028,-1.183679,1.406948,0.000000,0.000000,-1,,,,,,,,,,,,,,,,
32.323070,monitor,24152,603926,24996,1,0,0.000000,0.000000,0.000000,0.000000,0,0,146353,151313,0,5,-0.334028,-1.183679,1.406948,0.000000,0.000000,-1,,,,,,,,,,,,,,,,
32.328801,monitor,24153,603951,24992,1,0,0.000000,0.000000,0.000000,0.000000,0,0,146353,151313,0,5,-0.334028,-1.183679,1.406948,0.000000,0.000000,-1,,,,,,,,,,,,,,,,
32.351591,monitor,24154,603975,25000,1,0,0.000000,0.000000,0.000000,0.000000,0,0,146353,151313,0,5,-0.334028,-1.183679,1.406948,0.000000,0.000000,-1,,,,,,,,,,,,,,,,
32.379319,monitor,24155,604001,25016,1,0,0.000000,0.000000,0.000000,0.000000,0,0,146353,151313,0,5,-0.334028,-1.183679,1.406948,0.000000,0.000000,-1,,,,,,,,,,,,,,,,
32.402006,monitor,24156,604025,24996,1,0,0.000000,0.000000,0.000000,0.000000,0,0,146353,151313,0,5,-0.334028,-1.183679,1.406948,0.000000,0.000000,-1,,,,,,,,,,,,,,,,
32.431104,monitor,24157,604051,25008,1,0,0.000000,0.000000,0.000000,0.000000,0,0,146353,151313,0,5,-0.334028,-1.183679,1.406948,0.000000,0.000000,-1,,,,,,,,,,,,,,,,
32.453927,monitor,24158,604076,25000,1,0,0.000000,0.000000,0.000000,0.000000,0,0,146353,151313,0,5,-0.334028,-1.183679,1.406948,0.000000,0.000000,-1,,,,,,,,,,,,,,,,
32.481802,monitor,24159,604100,24984,1,0,0.000000,0.000000,0.000000,0.000000,0,0,146353,151313,0,5,-0.334028,-1.183679,1.406948,0.000000,0.000000,-1,,,,,,,,,,,,,,,,
32.504051,monitor,24160,604126,24996,1,0,0.000000,0.000000,0.000000,0.000000,0,0,146353,151313,0,5,-0.334028,-1.183679,1.406948,0.000000,0.000000,-1,,,,,,,,,,,,,,,,
32.533101,monitor,24161,604150,24996,1,0,0.000000,0.000000,0.000000,0.000000,0,0,146353,151313,0,5,-0.334028,-1.183679,1.406948,0.000000,0.000000,-1,,,,,,,,,,,,,,,,
32.555398,monitor,24162,604176,25000,1,0,0.000000,0.000000,0.000000,0.000000,0,0,146353,151313,0,5,-0.334028,-1.183679,1.406948,0.000000,0.000000,-1,,,,,,,,,,,,,,,,
32.582409,monitor,24163,604200,25032,1,0,0.000000,0.000000,0.000000,0.000000,0,0,146353,151313,0,5,-0.334028,-1.183679,1.406948,0.000000,0.000000,-1,,,,,,,,,,,,,,,,
32.605164,monitor,24164,604226,24968,1,0,0.000000,0.000000,0.000000,0.000000,0,0,146353,151313,0,5,-0.334028,-1.183679,1.406948,0.000000,0.000000,-1,,,,,,,,,,,,,,,,
32.661297,monitor,24165,604251,25028,1,0,0.000000,0.000000,0.000000,0.000000,0,0,146353,151313,0,5,-0.334028,-1.183679,1.406948,0.000000,0.000000,-1,,,,,,,,,,,,,,,,
32.661297,monitor,24166,604275,24972,1,0,0.000000,0.000000,0.000000,0.000000,0,0,146353,151313,0,5,-0.334028,-1.183679,1.406948,0.000000,0.000000,-1,,,,,,,,,,,,,,,,
32.689213,monitor,24167,604301,25000,1,0,0.000000,0.000000,0.000000,0.000000,0,0,146353,151313,0,5,-0.334028,-1.183679,1.406948,0.000000,0.000000,-1,,,,,,,,,,,,,,,,
32.706337,monitor,24168,604325,25016,1,0,0.000000,0.000000,0.000000,0.000000,0,0,146353,151313,0,5,-0.334028,-1.183679,1.406948,0.000000,0.000000,-1,,,,,,,,,,,,,,,,
32.740186,monitor,24169,604351,24984,1,0,0.000000,0.000000,0.000000,0.000000,0,0,146353,151313,0,5,-0.334028,-1.183679,1.406948,0.000000,0.000000,-1,,,,,,,,,,,,,,,,
32.757350,monitor,24170,604376,25000,1,0,0.000000,0.000000,0.000000,0.000000,0,0,146353,151313,0,5,-0.334028,-1.183679,1.406948,0.000000,0.000000,-1,,,,,,,,,,,,,,,,
32.789955,monitor,24171,604400,25004,1,0,0.000000,0.000000,0.000000,0.000000,0,0,146353,151313,0,5,-0.334028,-1.183679,1.406948,0.000000,0.000000,-1,,,,,,,,,,,,,,,,
32.807076,monitor,24172,604426,25020,1,0,0.000000,0.000000,0.000000,0.000000,0,0,146353,151313,0,5,-0.334028,-1.183679,1.406948,0.000000,0.000000,-1,,,,,,,,,,,,,,,,
32.846359,monitor,24173,604450,24980,1,0,0.000000,0.000000,0.000000,0.000000,0,0,146353,151313,0,5,-0.334028,-1.183679,1.406948,0.000000,0.000000,-1,,,,,,,,,,,,,,,,
32.857791,monitor,24174,604476,25000,1,0,0.000000,0.000000,0.000000,0.000000,0,0,146353,151313,0,5,-0.334028,-1.183679,1.406948,0.000000,0.000000,-1,,,,,,,,,,,,,,,,
32.896963,monitor,24175,604500,25016,1,0,0.000000,0.000000,0.000000,0.000000,0,0,146353,151313,0,5,-0.334028,-1.183679,1.406948,0.000000,0.000000,-1,,,,,,,,,,,,,,,,
32.908385,monitor,24176,604525,24980,1,0,0.000000,0.000000,0.000000,0.000000,0,0,146353,151313,0,5,-0.334028,-1.183679,1.406948,0.000000,0.000000,-1,,,,,,,,,,,,,,,,
32.947190,monitor,24177,604551,25024,1,0,0.000000,0.000000,0.000000,0.000000,0,0,146353,151313,0,5,-0.334028,-1.183679,1.406948,0.000000,0.000000,-1,,,,,,,,,,,,,,,,
32.958721,monitor,24178,604575,25000,1,0,0.000000,0.000000,0.000000,0.000000,0,0,146353,151313,0,5,-0.334028,-1.183679,1.406948,0.000000,0.000000,-1,,,,,,,,,,,,,,,,
32.997499,monitor,24179,604601,24992,1,0,0.000000,0.000000,0.000000,0.000000,0,0,146353,151313,0,5,-0.334028,-1.183679,1.406948,0.000000,0.000000,-1,,,,,,,,,,,,,,,,
33.009007,monitor,24180,604625,25016,1,0,0.000000,0.000000,0.000000,0.000000,0,0,146353,151313,0,5,-0.334028,-1.183679,1.406948,0.000000,0.000000,-1,,,,,,,,,,,,,,,,
33.047928,monitor,24181,604651,24992,1,0,0.000000,0.000000,0.000000,0.000000,0,0,146353,151313,0,5,-0.334028,-1.183679,1.406948,0.000000,0.000000,-1,,,,,,,,,,,,,,,,
33.059428,monitor,24182,604676,24992,1,0,0.000000,0.000000,0.000000,0.000000,0,0,146353,151313,0,5,-0.334028,-1.183679,1.406948,0.000000,0.000000,-1,,,,,,,,,,,,,,,,
33.098420,monitor,24183,604700,24988,1,0,0.000000,0.000000,0.000000,0.000000,0,0,146353,151313,0,5,-0.334028,-1.183679,1.406948,0.000000,0.000000,-1,,,,,,,,,,,,,,,,
33.109878,monitor,24184,604726,25008,1,0,0.000000,0.000000,0.000000,0.000000,0,0,146353,151313,0,5,-0.334028,-1.183679,1.406948,0.000000,0.000000,-1,,,,,,,,,,,,,,,,
33.148517,monitor,24185,604750,25000,1,0,0.000000,0.000000,0.000000,0.000000,0,0,146353,151313,0,5,-0.334028,-1.183679,1.406948,0.000000,0.000000,-1,,,,,,,,,,,,,,,,
33.159578,monitor,24186,604776,25012,1,0,0.000000,0.000000,0.000000,0.000000,0,0,146353,151313,0,5,-0.334028,-1.183679,1.406948,0.000000,0.000000,-1,,,,,,,,,,,,,,,,
33.206110,monitor,24187,604801,24976,1,0,0.000000,0.000000,0.000000,0.000000,0,0,146353,151313,0,5,-0.334028,-1.183679,1.406948,0.000000,0.000000,-1,,,,,,,,,,,,,,,,
33.211891,monitor,24188,604825,25020,1,0,0.000000,0.000000,0.000000,0.000000,0,0,146353,151313,0,5,-0.334028,-1.183679,1.406948,0.000000,0.000000,-1,,,,,,,,,,,,,,,,
33.256653,monitor,24189,604851,24980,1,0,0.000000,0.000000,0.000000,0.000000,0,0,146353,151313,0,5,-0.334028,-1.183679,1.406948,0.000000,0.000000,-1,,,,,,,,,,,,,,,,
33.262384,monitor,24190,604875,25012,1,0,0.000000,0.000000,0.000000,0.000000,0,0,146353,151313,0,5,-0.334028,-1.183679,1.406948,0.000000,0.000000,-1,,,,,,,,,,,,,,,,
33.306942,monitor,24191,604901,24992,1,0,0.000000,0.000000,0.000000,0.000000,0,0,146353,151313,0,5,-0.334028,-1.183679,1.406948,0.000000,0.000000,-1,,,,,,,,,,,,,,,,
33.312682,monitor,24192,604925,25008,1,0,0.000000,0.000000,0.000000,0.000000,0,0,146353,151313,0,5,-0.334028,-1.183679,1.406948,0.000000,0.000000,-1,,,,,,,,,,,,,,,,
33.355694,monitor,24193,604951,25000,1,0,0.000000,0.000000,0.000000,0.000000,0,0,146353,151313,0,5,-0.334028,-1.183679,1.406948,0.000000,0.000000,-1,,,,,,,,,,,,,,,,
33.361334,monitor,24194,604976,25016,1,0,0.000000,0.000000,0.000000,0.000000,0,0,146353,151313,0,5,-0.334028,-1.183679,1.406948,0.000000,0.000000,-1,,,,,,,,,,,,,,,,
33.409982,monitor,24195,605000,24976,1,0,0.000000,0.000000,0.000000,0.000000,0,0,146353,151313,0,5,-0.334028,-1.183679,1.406948,0.000000,0.000000,-1,,,,,,,,,,,,,,,,
33.409982,monitor,24196,605026,25020,1,0,0.000000,0.000000,0.000000,0.000000,0,0,146353,151313,0,5,-0.334028,-1.183679,1.406948,0.000000,0.000000,-1,,,,,,,,,,,,,,,,
33.438385,monitor,24197,605050,24984,1,0,0.000000,0.000000,0.000000,0.000000,0,0,146353,151313,0,5,-0.334028,-1.183679,1.406948,0.000000,0.000000,-1,,,,,,,,,,,,,,,,
33.465381,monitor,24198,605076,25012,1,0,0.000000,0.000000,0.000000,0.000000,0,0,146353,151313,0,5,-0.334028,-1.183679,1.406948,0.000000,0.000000,-1,,,,,,,,,,,,,,,,
33.493770,monitor,24199,605101,25012,1,0,0.000000,0.000000,0.000000,0.000000,0,0,146353,151313,0,5,-0.334028,-1.183679,1.406948,0.000000,0.000000,-1,,,,,,,,,,,,,,,,
33.519989,monitor,24200,605125,24984,1,0,0.000000,0.000000,0.000000,0.000000,0,0,146353,151313,0,5,-0.334028,-1.183679,1.406948,0.000000,0.000000,-1,,,,,,,,,,,,,,,,
33.536999,monitor,24201,605151,24988,1,0,0.000000,0.000000,0.000000,0.000000,0,0,146353,151313,0,5,-0.334028,-1.183679,1.406948,0.000000,0.000000,-1,,,,,,,,,,,,,,,,
33.577845,monitor,24202,605175,25020,1,0,0.000000,0.000000,0.000000,0.000000,0,0,146353,151313,0,5,-0.334028,-1.183679,1.406948,0.000000,0.000000,-1,,,,,,,,,,,,,,,,
33.589245,monitor,24203,605201,25000,1,0,0.000000,0.000000,0.000000,0.000000,0,0,146353,151313,0,5,-0.334028,-1.183679,1.406948,0.000000,0.000000,-1,,,,,,,,,,,,,,,,
33.627734,monitor,24204,605225,24996,1,0,0.000000,0.000000,0.000000,0.000000,0,0,146353,151313,0,5,-0.334028,-1.183679,1.406948,0.000000,0.000000,-1,,,,,,,,,,,,,,,,
33.639161,monitor,24205,605251,24996,1,0,0.000000,0.000000,0.000000,0.000000,0,0,146353,151313,0,5,-0.334028,-1.183679,1.406948,0.000000,0.000000,-1,,,,,,,,,,,,,,,,
33.684265,monitor,24206,605276,25012,1,0,0.000000,0.000000,0.000000,0.000000,0,0,146353,151313,0,5,-0.334028,-1.183679,1.406948,0.000000,0.000000,-1,,,,,,,,,,,,,,,,
33.690063,monitor,24207,605300,24984,1,0,0.000000,0.000000,0.000000,0.000000,0,0,146353,151313,0,5,-0.334028,-1.183679,1.406948,0.000000,0.000000,-1,,,,,,,,,,,,,,,,
33.734839,monitor,24208,605326,24992,1,0,0.000000,0.000000,0.000000,0.000000,0,0,146353,151313,0,5,-0.334028,-1.183679,1.406948,0.000000,0.000000,-1,,,,,,,,,,,,,,,,
33.740628,monitor,24209,605350,25004,1,0,0.000000,0.000000,0.000000,0.000000,0,0,146353,151313,0,5,-0.334028,-1.183679,1.406948,0.000000,0.000000,-1,,,,,,,,,,,,,,,,
33.785591,monitor,24210,605376,25020,1,0,0.000000,0.000000,0.000000,0.000000,0,0,146353,151313,0,5,-0.334028,-1.183679,1.406948,0.000000,0.000000,-1,,,,,,,,,,,,,,,,
33.797042,monitor,24211,605401,24972,1,0,0.000000,0.000000,0.000000,0.000000,0,0,146353,151313,0,5,-0.334028,-1.183679,1.406948,0.000000,0.000000,-1,,,,,,,,,,,,,,,,
33.835082,monitor,24212,605425,25000,1,0,0.000000,0.000000,0.000000,0.000000,0,0,146353,151313,0,5,-0.334028,-1.183679,1.406948,0.000000,0.000000,-1,,,,,,,,,,,,,,,,
33.840840,monitor,24213,605451,25000,1,0,0.000000,0.000000,0.000000,0.000000,0,0,146353,151313,0,5,-0.334028,-1.183679,1.406948,0.000000,0.000000,-1,,,,,,,,,,,,,,,,
33.891220,monitor,24214,605475,25028,1,0,0.000000,0.000000,0.000000,0.000000,0,0,146353,151313,0,5,-0.334028,-1.183679,1.406948,0.000000,0.000000,-1,,,,,,,,,,,,,,,,
33.891220,monitor,24215,605501,24984,1,0,0.000000,0.000000,0.000000,0.000000,0,0,146353,151313,0,5,-0.334028,-1.183679,1.406948,0.000000,0.000000,-1,,,,,,,,,,,,,,,,
33.919345,monitor,24216,605526,25004,1,0,0.000000,0.000000,0.000000,0.000000,0,0,146353,151313,0,5,-0.334028,-1.183679,1.406948,0.000000,0.000000,-1,,,,,,,,,,,,,,,,
33.947505,monitor,24217,605550,25000,1,0,0.000000,0.000000,0.000000,0.000000,0,0,146353,151313,0,5,-0.334028,-1.183679,1.406948,0.000000,0.000000,-1,,,,,,,,,,,,,,,,
33.970371,monitor,24218,605576,24996,1,0,0.000000,0.000000,0.000000,0.000000,0,0,146353,151313,0,5,-0.334028,-1.183679,1.406948,0.000000,0.000000,-1,,,,,,,,,,,,,,,,
33.999371,monitor,24219,605600,25000,1,0,0.000000,0.000000,0.000000,0.000000,0,0,146353,151313,0,5,-0.334028,-1.183679,1.406948,0.000000,0.000000,-1,,,,,,,,,,,,,,,,
34.016513,monitor,24220,605626,24992,1,0,0.000000,0.000000,0.000000,0.000000,0,0,146353,151313,0,5,-0.334028,-1.183679,1.406948,0.000000,0.000000,-1,,,,,,,,,,,,,,,,
34.049523,monitor,24221,605650,25004,1,0,0.000000,0.000000,0.000000,0.000000,0,0,146353,151313,0,5,-0.334028,-1.183679,1.406948,0.000000,0.000000,-1,,,,,,,,,,,,,,,,
34.072326,monitor,24222,605676,25000,1,0,0.000000,0.000000,0.000000,0.000000,0,0,146353,151313,0,5,-0.334028,-1.183679,1.406948,0.000000,0.000000,-1,,,,,,,,,,,,,,,,
34.099551,monitor,24223,605701,25000,1,0,0.000000,0.000000,0.000000,0.000000,0,0,146353,151313,0,5,-0.334028,-1.183679,1.406948,0.000000,0.000000,-1,,,,,,,,,,,,,,,,
34.122305,monitor,24224,605725,25000,1,0,0.000000,0.000000,0.000000,0.000000,0,0,146353,151313,0,5,-0.334028,-1.183679,1.406948,0.000000,0.000000,-1,,,,,,,,,,,,,,,,
34.153763,monitor,24225,605751,24996,1,0,0.000000,0.000000,0.000000,0.000000,0,0,146353,151313,0,5,-0.334028,-1.183679,1.406948,0.000000,0.000000,-1,,,,,,,,,,,,,,,,
34.176466,monitor,24226,605775,25004,1,0,0.000000,0.000000,0.000000,0.000000,0,0,146353,151313,0,5,-0.334028,-1.183679,1.406948,0.000000,0.000000,-1,,,,,,,,,,,,,,,,
34.208956,monitor,24227,605801,25016,1,0,0.000000,0.000000,0.000000,0.000000,0,0,146353,151313,0,5,-0.334028,-1.183679,1.406948,0.000000,0.000000,-1,,,,,,,,,,,,,,,,
34.226061,monitor,24228,605826,25000,1,0,0.000000,0.000000,0.000000,0.000000,0,0,146353,151313,0,5,-0.334028,-1.183679,1.406948,0.000000,0.000000,-1,,,,,,,,,,,,,,,,
34.263985,monitor,24229,605850,24976,1,0,0.000000,0.000000,0.000000,0.000000,0,0,146353,151313,0,5,-0.334028,-1.183679,1.406948,0.000000,0.000000,-1,,,,,,,,,,,,,,,,
34.269734,monitor,24230,605876,25028,1,0,0.000000,0.000000,0.000000,0.000000,0,0,146353,151313,0,5,-0.334028,-1.183679,1.406948,0.000000,0.000000,-1,,,,,,,,,,,,,,,,
34.318744,monitor,24231,605900,25000,1,0,0.000000,0.000000,0.000000,0.000000,0,0,146353,151313,0,5,-0.334028,-1.183679,1.406948,0.000000,0.000000,-1,,,,,,,,,,,,,,,,
34.324484,monitor,24232,605926,24992,1,0,0.000000,0.000000,0.000000,0.000000,0,0,146353,151313,0,5,-0.334028,-1.183679,1.406948,0.000000,0.000000,-1,,,,,,,,,,,,,,,,
34.347092,monitor,24233,605950,24996,1,0,0.000000,0.000000,0.000000,0.000000,0,0,146353,151313,0,5,-0.334028,-1.183679,1.406948,0.000000,0.000000,-1,,,,,,,,,,,,,,,,
34.373570,monitor,24234,605976,25008,1,0,0.000000,0.000000,0.000000,0.000000,0,0,146353,151313,0,5,-0.334028,-1.183679,1.406948,0.000000,0.000000,-1,,,,,,,,,,,,,,,,
34.401352,monitor,24235,606001,25000,1,0,0.000000,0.000000,0.000000,0.000000,0,0,146353,151313,0,5,-0.334028,-1.183679,1.406948,0.000000,0.000000,-1,,,,,,,,,,,,,,,,
34.429090,monitor,24236,606025,24992,1,0,0.000000,0.000000,0.000000,0.000000,0,0,146353,151313,0,5,-0.334028,-1.183679,1.406948,0.000000,0.000000,-1,,,,,,,,,,,,,,,,
34.451940,monitor,24237,606051,25000,1,0,0.000000,0.000000,0.000000,0.000000,0,0,146353,151313,0,5,-0.334028,-1.183679,1.406948,0.000000,0.000000,-1,,,,,,,,,,,,,,,,
34.478098,monitor,24238,606075,25000,1,0,0.000000,0.000000,0.000000,0.000000,0,0,146353,151313,0,5,-0.334028,-1.183679,1.406948,0.000000,0.000000,-1,,,,,,,,,,,,,,,,
34.500918,monitor,24239,606101,24988,1,0,0.000000,0.000000,0.000000,0.000000,0,0,146353,151313,0,5,-0.334028,-1.183679,1.406948,0.000000,0.000000,-1,,,,,,,,,,,,,,,,
34.533742,monitor,24240,606126,25024,1,0,0.000000,0.000000,0.000000,0.000000,0,0,146353,151313,0,5,-0.334028,-1.183679,1.406948,0.000000,0.000000,-1,,,,,,,,,,,,,,,,
34.550832,monitor,24241,606150,24984,1,0,0.000000,0.000000,0.000000,0.000000,0,0,146353,151313,0,5,-0.334028,-1.183679,1.406948,0.000000,0.000000,-1,,,,,,,,,,,,,,,,
34.590226,monitor,24242,606176,25016,1,0,0.000000,0.000000,0.000000,0.000000,0,0,146353,151313,0,5,-0.334028,-1.183679,1.406948,0.000000,0.000000,-1,,,,,,,,,,,,,,,,
34.601681,monitor,24243,606200,24984,1,0,0.000000,0.000000,0.000000,0.000000,0,0,146353,151313,0,5,-0.334028,-1.183679,1.406948,0.000000,0.000000,-1,,,,,,,,,,,,,,,,
34.640736,monitor,24244,606226,24992,1,0,0.000000,0.000000,0.000000,0.000000,0,0,146353,151313,0,5,-0.334028,-1.183679,1.406948,0.000000,0.000000,-1,,,,,,,,,,,,,,,,
34.652199,monitor,24245,606251,25024,1,0,0.000000,0.000000,0.000000,0.000000,0,0,146353,151313,0,5,-0.334028,-1.183679,1.406948,0.000000,0.000000,-1,,,,,,,,,,,,,,,,
34.691607,monitor,24246,606275,24980,1,0,0.000000,0.000000,0.000000,0.000000,0,0,146353,151313,0,5,-0.334028,-1.183679,1.406948,0.000000,0.000000,-1,,,,,,,,,,,,,,,,
34.703090,monitor,24247,606301,25016,1,0,0.000000,0.000000,0.000000,0.000000,0,0,146353,151313,0,5,-0.334028,-1.183679,1.406948,0.000000,0.000000,-1,,,,,,,,,,,,,,,,
34.743173,monitor,24248,606325,25000,1,0,0.000000,0.000000,0.000000,0.000000,0,0,146353,151313,0,5,-0.334028,-1.183679,1.406948,0.000000,0.000000,-1,,,,,,,,,,,,,,,,
34.754620,monitor,24249,606351,24988,1,0,0.000000,0.000000,0.000000,0.000000,0,0,146353,151313,0,5,-0.334028,-1.183679,1.406948,0.000000,0.000000,-1,,,,,,,,,,,,,,,,
34.792712,monitor,24250,606375,25004,1,0,0.000000,0.000000,0.000000,0.000000,0,0,146353,151313,0,5,-0.334028,-1.183679,1.406948,0.000000,0.000000,-1,,,,,,,,,,,,,,,,
34.804103,monitor,24251,606401,24996,1,0,0.000000,0.000000,0.000000,0.000000,0,0,146353,151313,0,5,-0.334028,-1.183679,1.406948,0.000000,0.000000,-1,,,,,,,,,,,,,,,,
34.848126,monitor,24252,606426,25004,1,0,0.000000,0.000000,0.000000,0.000000,0,0,146353,151313,0,5,-0.334028,-1.183679,1.406948,0.000000,0.000000,-1,,,,,,,,,,,,,,,,
34.853480,monitor,24253,606450,24996,1,0,0.000000,0.000000,0.000000,0.000000,0,0,146353,151313,0,5,-0.334028,-1.183679,1.406948,0.000000,0.000000,-1,,,,,,,,,,,,,,,,
34.902304,monitor,24254,606476,25008,1,0,0.000000,0.000000,0.000000,0.000000,0,0,146353,151313,0,5,-0.334028,-1.183679,1.406948,0.000000,0.000000,-1,,,,,,,,,,,,,,,,
34.902304,monitor,24255,606500,24984,1,0,0.000000,0.000000,0.000000,0.000000,0,0,146353,151313,0,5,-0.334028,-1.183679,1.406948,0.000000,0.000000,-1,,,,,,,,,,,,,,,,
34.930722,monitor,24256,606526,25016,1,0,0.000000,0.000000,0.000000,0.000000,0,0,146353,151313,0,5,-0.334028,-1.183679,1.406948,0.000000,0.000000,-1,,,,,,,,,,,,,,,,
34.958285,monitor,24257,606551,25000,1,0,0.000000,0.000000,0.000000,0.000000,0,0,146353,151313,0,5,-0.334028,-1.183679,1.406948,0.000000,0.000000,-1,,,,,,,,,,,,,,,,
34.981050,monitor,24258,606575,25004,1,0,0.000000,0.000000,0.000000,0.000000,0,0,146353,151313,0,5,-0.334028,-1.183679,1.406948,0.000000,0.000000,-1,,,,,,,,,,,,,,,,
35.008682,monitor,24259,606601,24984,1,0,0.000000,0.000000,0.000000,0.000000,0,0,146353,151313,0,5,-0.334028,-1.183679,1.406948,0.000000,0.000000,-1,,,,,,,,,,,,,,,,
35.031462,monitor,24260,606625,25008,1,0,0.000000,0.000000,0.000000,0.000000,0,0,146353,151313,0,5,-0.334028,-1.183679,1.406948,0.000000,0.000000,-1,,,,,,,,,,,,,,,,
35.059232,monitor,24261,606651,24988,1,0,0.000000,0.000000,0.000000,0.000000,0,0,146353,151313,0,5,-0.334028,-1.183679,1.406948,0.000000,0.000000,-1,,,,,,,,,,,,,,,,
35.082051,monitor,24262,606675,25012,1,0,0.000000,0.000000,0.000000,0.000000,0,0,146353,151313,0,5,-0.334028,-1.183679,1.406948,0.000000,0.000000,-1,,,,,,,,,,,,,,,,
35.108648,monitor,24263,606701,24992,1,0,0.000000,0.000000,0.000000,0.000000,0,0,146353,151313,0,5,-0.334028,-1.183679,1.406948,0.000000,0.000000,-1,,,,,,,,,,,,,,,,
35.131438,monitor,24264,606726,25008,1,0,0.000000,0.000000,0.000000,0.000000,0,0,146353,151313,0,5,-0.334028,-1.183679,1.406948,0.000000,0.000000,-1,,,,,,,,,,,,,,,,
35.163586,monitor,24265,606750,24988,1,0,0.000000,0.000000,0.000000,0.000000,0,0,146353,151313,0,5,-0.334028,-1.183679,1.406948,0.000000,0.000000,-1,,,,,,,,,,,,,,,,
35.180621,monitor,24266,606776,25008,1,0,0.000000,0.000000,0.000000,0.000000,0,0,146353,151313,0,5,-0.334028,-1.183679,1.406948,0.000000,0.000000,-1,,,,,,,,,,,,,,,,
35.217841,monitor,24267,606800,24992,1,0,0.000000,0.000000,0.000000,0.000000,0,0,146353,151313,0,5,-0.334028,-1.183679,1.406948,0.000000,0.000000,-1,,,,,,,,,,,,,,,,
35.234952,monitor,24268,606826,25008,1,0,0.000000,0.000000,0.000000,0.000000,0,0,146353,151313,0,5,-0.334028,-1.183679,1.406948,0.000000,0.000000,-1,,,,,,,,,,,,,,,,
35.272915,monitor,24269,606851,25016,1,0,0.000000,0.000000,0.000000,0.000000,0,0,146353,151313,0,5,-0.334028,-1.183679,1.406948,0.000000,0.000000,-1,,,,,,,,,,,,,,,,
35.284441,monitor,24270,606875,24996,1,0,0.000000,0.000000,0.000000,0.000000,0,0,146353,151313,0,5,-0.334028,-1.183679,1.406948,0.000000,0.000000,-1,,,,,,,,,,,,,,,,
35.326891,monitor,24271,606901,24976,1,0,0.000000,0.000000,0.000000,0.000000,0,0,146353,151313,0,5,-0.334028,-1.183679,1.406948,0.000000,0.000000,-1,,,,,,,,,,,,,,,,
35.332681,monitor,24272,606925,25020,1,0,0.000000,0.000000,0.000000,0.000000,0,0,146353,151313,0,5,-0.334028,-1.183679,1.406948,0.000000,0.000000,-1,,,,,,,,,,,,,,,,
35.381383,monitor,24273,606951,24984,1,0,0.000000,0.000000,0.000000,0.000000,0,0,146353,151313,0,5,-0.334028,-1.183679,1.406948,0.000000,0.000000,-1,,,,,,,,,,,,,,,,
35.387110,monitor,24274,606976,25012,1,0,0.000000,0.000000,0.000000,0.000000,0,0,146353,151313,0,5,-0.334028,-1.183679,1.406948,0.000000,0.000000,-1,,,,,,,,,,,,,,,,
35.409856,monitor,24275,607000,24988,1,0,0.000000,0.000000,0.000000,0.000000,0,0,146353,151313,0,5,-0.334028,-1.183679,1.406948,0.000000,0.000000,-1,,,,,,,,,,,,,,,,
35.435674,monitor,24276,607026,25000,1,0,0.000000,0.000000,0.000000,0.000000,0,0,146353,151313,0,5,-0.334028,-1.183679,1.406948,0.000000,0.000000,-1,,,,,,,,,,,,,,,,
35.458406,monitor,24277,607050,24996,1,0,0.000000,0.000000,0.000000,0.000000,0,0,146353,151313,0,5,-0.334028,-1.183679,1.406948,0.000000,0.000000,-1,,,,,,,,,,,,,,,,
35.491129,monitor,24278,607076,25032,1,0,0.000000,0.000000,0.000000,0.000000,0,0,146353,151313,0,5,-0.334028,-1.183679,1.406948,0.000000,0.000000,-1,,,,,,,,,,,,,,,,
35.513540,monitor,24279,607100,24992,1,0,0.000000,0.000000,0.000000,0.000000,0,0,146353,151313,0,5,-0.334028,-1.183679,1.406948,0.000000,0.000000,-1,,,,,,,,,,,,,,,,
35.544102,monitor,24280,607126,24996,1,0,0.000000,0.000000,0.000000,0.000000,0,0,146353,151313,0,5,-0.334028,-1.183679,1.406948,0.000000,0.000000,-1,,,,,,,,,,,,,,,,
35.561179,monitor,24281,607151,24988,1,0,0.000000,0.000000,0.000000,0.000000,0,0,146353,151313,0,5,-0.334028,-1.183679,1.406948,0.000000,0.000000,-1,,,,,,,,,,,,,,,,
35.596815,monitor,24282,607175,25016,1,0,0.000000,0.000000,0.000000,0.000000,0,0,146353,151313,0,5,-0.334028,-1.183679,1.406948,0.000000,0.000000,-1,,,,,,,,,,,,,,,,
35.613923,monitor,24283,607201,24976,1,0,0.000000,0.000000,0.000000,0.000000,0,0,146353,151313,0,5,-0.334028,-1.183679,1.406948,0.000000,0.000000,-1,,,,,,,,,,,,,,,,
35.650088,monitor,24284,607225,25020,1,0,0.000000,0.000000,0.000000,0.000000,0,0,146353,151313,0,5,-0.334028,-1.183679,1.406948,0.000000,0.000000,-1,,,,,,,,,,,,,,,,
35.661547,monitor,24285,607251,24984,1,0,0.000000,0.000000,0.000000,0.000000,0,0,146353,151313,0,5,-0.334028,-1.183679,1.406948,0.000000,0.000000,-1,,,,,,,,,,,,,,,,
35.706904,monitor,24286,607276,25008,1,0,0.000000,0.000000,0.000000,0.000000,0,0,146353,151313,0,5,-0.334028,-1.183679,1.406948,0.000000,0.000000,-1,,,,,,,,,,,,,,,,
35.712076,monitor,24287,607300,25000,1,0,0.000000,0.000000,0.000000,0.000000,0,0,146353,151313,0,5,-0.334028,-1.183679,1.406948,0.000000,0.000000,-1,,,,,,,,,,,,,,,,
35.754468,monitor,24288,607326,24988,1,0,0.000000,0.000000,0.000000,0.000000,0,0,146353,151313,0,5,-0.334028,-1.183679,1.406948,0.000000,0.000000,-1,,,,,,,,,,,,,,,,
35.765901,monitor,24289,607350,25008,1,0,0.000000,0.000000,0.000000,0.000000,0,0,146353,151313,0,5,-0.334028,-1.183679,1.406948,0.000000,0.000000,-1,,,,,,,,,,,,,,,,
35.811150,monitor,24290,607376,24992,1,0,0.000000,0.000000,0.000000,0.000000,0,0,146353,151313,0,5,-0.334028,-1.183679,1.406948,0.000000,0.000000,-1,,,,,,,,,,,,,,,,
35.816888,monitor,24291,607400,25004,1,0,0.000000,0.000000,0.000000,0.000000,0,0,146353,151313,0,5,-0.334028,-1.183679,1.406948,0.000000,0.000000,-1,,,,,,,,,,,,,,,,
35.859836,monitor,24292,607426,25020,1,0,0.000000,0.000000,0.000000,0.000000,0,0,146353,151313,0,5,-0.334028,-1.183679,1.406948,0.000000,0.000000,-1,,,,,,,,,,,,,,,,
35.865588,monitor,24293,607451,24980,1,0,0.000000,0.000000,0.000000,0.000000,0,0,146353,151313,0,5,-0.334028,-1.183679,1.406948,0.000000,0.000000,-1,,,,,,,,,,,,,,,,
35.888445,monitor,24294,607475,25020,1,0,0.000000,0.000000,0.000000,0.000000,0,0,146353,151313,0,5,-0.334028,-1.183679,1.406948,0.000000,0.000000,-1,,,,,,,,,,,,,,,,
35.914218,monitor,24295,607501,24988,1,0,0.000000,0.000000,0.000000,0.000000,0,0,146353,151313,0,5,-0.334028,-1.183679,1.406948,0.000000,0.000000,-1,,,,,,,,,,,,,,,,
35.942643,monitor,24296,607525,25008,1,0,0.000000,0.000000,0.000000,0.000000,0,0,146353,151313,0,5,-0.334028,-1.183679,1.406948,0.000000,0.000000,-1,,,,,,,,,,,,,,,,
35.967504,monitor,24297,607551,25008,1,0,0.000000,0.000000,0.000000,0.000000,0,0,146353,151313,0,5,-0.334028,-1.183679,1.406948,0.000000,0.000000,-1,,,,,,,,,,,,,,,,
35.990304,monitor,24298,607576,25000,1,0,0.000000,0.000000,0.000000,0.000000,0,0,146353,151313,0,5,-0.334028,-1.183679,1.406948,0.000000,0.000000,-1,,,,,,,,,,,,,,,,
36.020809,monitor,24299,607600,24992,1,0,0.000000,0.000000,0.000000,0.000000,0,0,146353,151313,0,5,-0.334028,-1.183679,1.406948,0.000000,0.000000,-1,,,,,,,,,,,,,,,,
36.043145,monitor,24300,607626,24996,1,0,0.000000,0.000000,0.000000,0.000000,0,0,146353,151313,0,5,-0.334028,-1.183679,1.406948,0.000000,0.000000,-1,,,,,,,,,,,,,,,,
36.074580,monitor,24301,607650,24996,1,0,0.000000,0.000000,0.000000,0.000000,0,0,146353,151313,0,5,-0.334028,-1.183679,1.406948,0.000000,0.000000,-1,,,,,,,,,,,,,,,,
36.091737,monitor,24302,607676,25000,1,0,0.000000,0.000000,0.000000,0.000000,0,0,146353,151313,0,5,-0.334028,-1.183679,1.406948,0.000000,0.000000,-1,,,,,,,,,,,,,,,,
36.128711,monitor,24303,607700,25004,1,0,0.000000,0.000000,0.000000,0.000000,0,0,146353,151313,0,5,-0.334028,-1.183679,1.406948,0.000000,0.000000,-1,,,,,,,,,,,,,,,,
36.145813,monitor,24304,607726,25000,1,0,0.000000,0.000000,0.000000,0.000000,0,0,146353,151313,0,5,-0.334028,-1.183679,1.406948,0.000000,0.000000,-1,,,,,,,,,,,,,,,,
36.182537,monitor,24305,607751,25008,1,0,0.000000,0.000000,0.000000,0.000000,0,0,146353,151313,0,5,-0.334028,-1.183679,1.406948,0.000000,0.000000,-1,,,,,,,,,,,,,,,,
36.193997,monitor,24306,607775,25000,1,0,0.000000,0.000000,0.000000,0.000000,0,0,146353,151313,0,5,-0.334028,-1.183679,1.406948,0.000000,0.000000,-1,,,,,,,,,,,,,,,,
36.236975,monitor,24307,607801,24984,1,0,0.000000,0.000000,0.000000,0.000000,0,0,146353,151313,0,5,-0.334028,-1.183679,1.406948,0.000000,0.000000,-1,,,,,,,,,,,,,,,,
36.242746,monitor,24308,607825,25012,1,0,0.000000,0.000000,0.000000,0.000000,0,0,146353,151313,0,5,-0.334028,-1.183679,1.406948,0.000000,0.000000,-1,,,,,,,,,,,,,,,,
36.291348,monitor,24309,607851,24992,1,0,0.000000,0.000000,0.000000,0.000000,0,0,146353,151313,0,5,-0.334028,-1.183679,1.406948,0.000000,0.000000,-1,,,,,,,,,,,,,,,,
36.297103,monitor,24310,607876,25008,1,0,0.000000,0.000000,0.000000,0.000000,0,0,146353,151313,0,5,-0.334028,-1.183679,1.406948,0.000000,0.000000,-1,,,,,,,,,,,,,,,,
36.319892,monitor,24311,607900,24992,1,0,0.000000,0.000000,0.000000,0.000000,0,0,146353,151313,0,5,-0.334028,-1.183679,1.406948,0.000000,0.000000,-1,,,,,,,,,,,,,,,,
36.344237,monitor,24312,607926,25016,1,0,0.000000,0.000000,0.000000,0.000000,0,0,146353,151313,0,5,-0.334028,-1.183679,1.406948,0.000000,0.000000,-1,,,,,,,,,,,,,,,,
36.372242,monitor,24313,607950,24972,1,0,0.000000,0.000000,0.000000,0.000000,0,0,146353,151313,0,5,-0.334028,-1.183679,1.406948,0.000000,0.000000,-1,,,,,,,,,,,,,,,,
36.397135,monitor,24314,607976,25020,1,0,0.000000,0.000000,0.000000,0.000000,0,0,146353,151313,0,5,-0.334028,-1.183679,1.406948,0.000000,0.000000,-1,,,,,,,,,,,,,,,,
36.425070,monitor,24315,608001,24992,1,0,0.000000,0.000000,0.000000,0.000000,0,0,146353,151313,0,5,-0.334028,-1.183679,1.406948,0.000000,0.000000,-1,,,,,,,,,,,,,,,,
36.451450,monitor,24316,608025,24988,1,0,0.000000,0.000000,0.000000,0.000000,0,0,146353,151313,0,5,-0.334028,-1.183679,1.406948,0.000000,0.000000,-1,,,,,,,,,,,,,,,,
36.474285,monitor,24317,608051,25024,1,0,0.000000,0.000000,0.000000,0.000000,0,0,146353,151313,0,5,-0.334028,-1.183679,1.406948,0.000000,0.000000,-1,,,,,,,,,,,,,,,,
36.504969,monitor,24318,608075,24992,1,0,0.000000,0.000000,0.000000,0.000000,0,0,146353,151313,0,5,-0.334028,-1.183679,1.406948,0.000000,0.000000,-1,,,,,,,,,,,,,,,,
36.522082,monitor,24319,608101,25016,1,0,0.000000,0.000000,0.000000,0.000000,0,0,146353,151313,0,5,-0.334028,-1.183679,1.406948,0.000000,0.000000,-1,,,,,,,,,,,,,,,,
36.560861,monitor,24320,608125,24988,1,0,0.000000,0.000000,0.000000,0.000000,0,0,146353,151313,0,5,-0.334028,-1.183679,1.406948,0.000000,0.000000,-1,,,,,,,,,,,,,,,,
36.572266,monitor,24321,608151,24996,1,0,0.000000,0.000000,0.000000,0.000000,0,0,146353,151313,0,5,-0.334028,-1.183679,1.406948,0.000000,0.000000,-1,,,,,,,,,,,,,,,,
36.614583,monitor,24322,608176,25004,1,0,0.000000,0.000000,0.000000,0.000000,0,0,146353,151313,0,5,-0.334028,-1.183679,1.406948,0.000000,0.000000,-1,,,,,,,,,,,,,,,,
36.626034,monitor,24323,608200,24992,1,0,0.000000,0.000000,0.000000,0.000000,0,0,146353,151313,0,5,-0.334028,-1.183679,1.406948,0.000000,0.000000,-1,,,,,,,,,,,,,,,,
36.669229,monitor,24324,608226,24992,1,0,0.000000,0.000000,0.000000,0.000000,0,0,146353,151313,0,5,-0.334028,-1.183679,1.406948,0.000000,0.000000,-1,,,,,,,,,,,,,,,,
36.675008,monitor,24325,608250,25012,1,0,0.000000,0.000000,0.000000,0.000000,0,0,146353,151313,0,5,-0.334028,-1.183679,1.406948,0.000000,0.000000,-1,,,,,,,,,,,,,,,,
36.723072,monitor,24326,608276,25016,1,0,0.000000,0.000000,0.000000,0.000000,0,0,146353,151313,0,5,-0.334028,-1.183679,1.406948,0.000000,0.000000,-1,,,,,,,,,,,,,,,,
36.723072,monitor,24327,608301,24992,1,0,0.000000,0.000000,0.000000,0.000000,0,0,146353,151313,0,5,-0.334028,-1.183679,1.406948,0.000000,0.000000,-1,,,,,,,,,,,,,,,,
36.751363,monitor,24328,608325,24988,1,0,0.000000,0.000000,0.000000,0.000000,0,0,146353,151313,0,5,-0.334028,-1.183679,1.406948,0.000000,0.000000,-1,,,,,,,,,,,,,,,,
36.777526,monitor,24329,608351,25020,1,0,0.000000,0.000000,0.000000,0.000000,0,0,146353,151313,0,5,-0.334028,-1.183679,1.406948,0.000000,0.000000,-1,,,,,,,,,,,,,,,,
36.800297,monitor,24330,608375,24968,1,0,0.000000,0.000000,0.000000,0.000000,0,0,146353,151313,0,5,-0.334028,-1.183679,1.406948,0.000000,0.000000,-1,,,,,,,,,,,,,,,,
36.829885,monitor,24331,608401,25004,1,0,0.000000,0.000000,0.000000,0.000000,0,0,146353,151313,0,5,-0.334028,-1.183679,1.406948,0.000000,0.000000,-1,,,,,,,,,,,,,,,,
36.852594,monitor,24332,608425,25020,1,0,0.000000,0.000000,0.000000,0.000000,0,0,146353,151313,0,5,-0.334028,-1.183679,1.406948,0.000000,0.000000,-1,,,,,,,,,,,,,,,,
36.885355,monitor,24333,608451,24984,1,0,0.000000,0.000000,0.000000,0.000000,0,0,146353,151313,0,5,-0.334028,-1.183679,1.406948,0.000000,0.000000,-1,,,,,,,,,,,,,,,,
36.902504,monitor,24334,608476,25020,1,0,0.000000,0.000000,0.000000,0.000000,0,0,146353,151313,0,5,-0.334028,-1.183679,1.406948,0.000000,0.000000,-1,,,,,,,,,,,,,,,,
36.938484,monitor,24335,608500,24972,1,0,0.000000,0.000000,0.000000,0.000000,0,0,146353,151313,0,5,-0.334028,-1.183679,1.406948,0.000000,0.000000,-1,,,,,,,,,,,,,,,,
36.955584,monitor,24336,608526,25024,1,0,0.000000,0.000000,0.000000,0.000000,0,0,146353,151313,0,5,-0.334028,-1.183679,1.406948,0.000000,0.000000,-1,,,,,,,,,,,,,,,,
36.990334,monitor,24337,608550,24988,1,0,0.000000,0.000000,0.000000,0.000000,0,0,146353,151313,0,5,-0.334028,-1.183679,1.406948,0.000000,0.000000,-1,,,,,,,,,,,,,,,,
37.001788,monitor,24338,608576,25012,1,0,0.000000,0.000000,0.000000,0.000000,0,0,146353,151313,0,5,-0.334028,-1.183679,1.406948,0.000000,0.000000,-1,,,,,,,,,,,,,,,,
37.043789,monitor,24339,608601,25004,1,0,0.000000,0.000000,0.000000,0.000000,0,0,146353,151313,0,5,-0.334028,-1.183679,1.406948,0.000000,0.000000,-1,,,,,,,,,,,,,,,,
37.054793,monitor,24340,608625,24984,1,0,0.000000,0.000000,0.000000,0.000000,0,0,146353,151313,0,5,-0.334028,-1.183679,1.406948,0.000000,0.000000,-1,,,,,,,,,,,,,,,,
37.098394,monitor,24341,608651,25016,1,0,0.000000,0.000000,0.000000,0.000000,0,0,146353,151313,0,5,-0.334028,-1.183679,1.406948,0.000000,0.000000,-1,,,,,,,,,,,,,,,,
37.104268,monitor,24342,608675,24980,1,0,0.000000,0.000000,0.000000,0.000000,0,0,146353,151313,0,5,-0.334028,-1.183679,1.406948,0.000000,0.000000,-1,,,,,,,,,,,,,,,,
37.127383,monitor,24343,608701,25000,1,0,0.000000,0.000000,0.000000,0.000000,0,0,146353,151313,0,5,-0.334028,-1.183679,1.406948,0.000000,0.000000,-1,,,,,,,,,,,,,,,,
37.152717,monitor,24344,608726,25000,1,0,0.000000,0.000000,0.000000,0.000000,0,0,146353,151313,0,5,-0.334028,-1.183679,1.406948,0.000000,0.000000,-1,,,,,,,,,,,,,,,,
37.180910,monitor,24345,608750,25000,1,0,0.000000,0.000000,0.000000,0.000000,0,0,146353,151313,0,5,-0.334028,-1.183679,1.406948,0.000000,0.000000,-1,,,,,,,,,,,,,,,,
37.206574,monitor,24346,608776,24996,1,0,0.000000,0.000000,0.000000,0.000000,0,0,146353,151313,0,5,-0.334028,-1.183679,1.406948,0.000000,0.000000,-1,,,,,,,,,,,,,,,,
37.229477,monitor,24347,608800,25008,1,0,3.000000,3.000000,0.000000,0.000000,0,0,146353,151313,125,127,-0.334028,-1.183679,1.406948,0.000000,0.000000,-1,,,,,,,,,,,,,,,,
37.258313,monitor,24348,608826,25016,1,0,3.000000,3.000000,0.821525,0.724875,17,15,146371,151329,119,122,-0.333550,-1.180802,1.405078,0.116596,-0.074741,-1,,,,,,,,,,,,,,,,
37.281185,monitor,24349,608851,25024,1,0,3.000000,3.000000,1.884071,1.787452,39,37,146411,151367,108,110,-0.332401,-1.173970,1.403208,0.276826,-0.074717,-1,,,,,,,,,,,,,,,,
37.309183,monitor,24350,608876,24952,1,0,3.000000,3.000000,2.083304,2.277099,43,47,146455,151414,107,105,-0.331048,-1.165879,1.406948,0.328767,0.149865,-1,,,,,,,,,,,,,,,,
37.331548,monitor,24351,608901,25028,1,0,3.000000,3.000000,2.415090,2.559996,50,53,146505,151467,104,103,-0.329529,-1.156615,1.409752,0.375113,0.112058,-1,,,,,,,,,,,,,,,,
37.361115,monitor,24352,608926,25000,1,0,3.000000,3.000000,2.659575,2.804642,55,58,146560,151526,101,100,-0.327892,-1.146446,1.412557,0.411992,0.112183,-1,,,,,,,,,,,,,,,,
37.383229,monitor,24353,608951,24992,1,0,3.000000,3.000000,2.902283,2.999026,60,62,146620,151588,98,97,-0.326150,-1.135463,1.414427,0.444948,0.074813,-1,,,,,,,,,,,,,,,,
37.414437,monitor,24354,608976,25000,1,0,3.000000,3.000000,3.046422,3.143133,63,65,146683,151653,96,95,-0.324344,-1.123937,1.416296,0.466682,0.074789,-1,,,,,,,,,,,,,,,,
37.431601,monitor,24355,609001,24984,1,0,3.000000,3.000000,3.096760,3.193533,64,66,146748,151720,95,94,-0.322531,-1.112227,1.418166,0.474277,0.074837,-1,,,,,,,,,,,,,,,,
37.467686,monitor,24356,609027,25004,1,0,3.000000,3.000000,3.190979,3.239327,66,67,146813,151786,94,93,-0.320694,-1.100244,1.419101,0.484834,0.037388,-1,,,,,,,,,,,,,,,,
37.484844,monitor,24357,609051,25016,1,0,3.000000,3.000000,3.189448,3.237773,66,67,146880,151854,93,93,-0.318867,-1.088259,1.420036,0.484601,0.037370,-1,,,,,,,,,,,,,,,,
37.521556,monitor,24358,609076,24984,1,0,3.000000,3.000000,3.145146,3.338694,65,69,146944,151922,94,91,-0.317056,-1.076181,1.423775,0.488870,0.149673,-1,,,,,,,,,,,,,,,,
37.538694,monitor,24359,609101,25016,1,0,3.000000,3.000000,3.141123,3.286098,65,68,147010,151991,93,91,-0.315296,-1.064186,1.426580,0.484601,0.112111,-1,,,,,,,,,,,,,,,,
37.574266,monitor,24360,609126,24972,1,0,3.000000,3.000000,3.195068,3.340298,66,69,147076,152060,92,89,-0.313545,-1.052006,1.429384,0.492755,0.112309,-1,,,,,,,,,,,,,,,,
37.585717,monitor,24361,609152,25028,1,0,3.000000,3.000000,3.187919,3.332824,66,69,147142,152129,92,89,-0.311828,-1.039822,1.432189,0.491653,0.112057,-1,,,,,,,,,,,,,,,,
37.627640,monitor,24362,609176,24980,1,0,3.000000,3.000000,3.242439,3.290834,67,68,147208,152197,91,89,-0.310133,-1.027634,1.433124,0.492597,0.037425,-1,,,,,,,,,,,,,,,,
37.639088,monitor,24363,609201,25004,1,0,3.000000,3.000000,3.190979,3.287675,66,68,147275,152265,91,88,-0.308469,-1.015534,1.434993,0.488479,0.074777,-1,,,,,,,,,,,,,,,,
37.680878,monitor,24364,609226,25008,1,0,3.000000,3.000000,3.190469,3.287149,66,68,147341,152332,91,88,-0.306826,-1.003431,1.436863,0.488401,0.074765,-1,,,,,,,,,,,,,,,,
37.686617,monitor,24365,609251,24988,1,0,3.000000,3.000000,3.144643,3.193022,65,66,147406,152399,91,89,-0.305237,-0.991597,1.437798,0.477849,0.037412,-1,,,,,,,,,,,,,,,,
37.732802,monitor,24366,609276,25016,1,0,3.000000,3.000000,3.189448,3.189448,66,66,147471,152464,90,88,-0.303642,-0.979671,1.437798,0.480958,0.000000,-1,,,,,,,,,,,,,,,,
37.738535,monitor,24367,609301,24984,1,0,3.000000,3.000000,3.145146,3.193533,65,66,147536,152530,90,88,-0.302064,-0.967836,1.438733,0.477925,0.037418,-1,,,,,,,,,,,,,,,,
37.760833,monitor,24368,609327,24996,1,0,3.000000,3.000000,3.095273,3.143636,64,65,147600,152595,91,88,-0.300521,-0.956179,1.439667,0.470403,0.037400,-1,,,,,,,,,,,,,,,,
37.789729,monitor,24369,609351,25020,1,0,3.000000,3.000000,3.043987,3.140621,63,65,147664,152660,91,88,-0.299006,-0.944611,1.441537,0.466308,0.074729,-1,,,,,,,,,,,,,,,,
37.812453,monitor,24370,609376,24992,1,0,3.000000,3.000000,3.047397,3.095768,63,64,147727,152725,91,88,-0.297520,-0.933131,1.442472,0.463184,0.037406,-1,,,,,,,,,,,,,,,,
37.837765,monitor,24371,609401,24988,1,0,3.000000,3.000000,3.047885,3.144643,63,65,147790,152790,91,87,-0.296037,-0.921558,1.444342,0.466906,0.074825,-1,,,,,,,,,,,,,,,,
37.866042,monitor,24372,609426,25000,1,0,3.000000,3.000000,3.046422,3.143133,63,65,147852,152854,91,87,-0.294577,-0.909983,1.446211,0.466682,0.074789,-1,,,,,,,,,,,,,,,,
37.889943,monitor,24373,609452,25044,1,0,3.000000,3.000000,2.992799,3.137611,62,65,147915,152919,92,87,-0.293155,-0.898495,1.449016,0.462222,0.111986,-1,,,,,,,,,,,,,,,,
37.912819,monitor,24374,609476,25004,1,0,3.000000,3.000000,3.045934,3.142631,63,65,147978,152984,91,86,-0.291748,-0.886913,1.450886,0.466607,0.074777,-1,,,,,,,,,,,,,,,,
37.940878,monitor,24375,609501,24948,1,0,3.000000,3.000000,3.052772,3.149685,63,65,148040,153049,91,86,-0.290363,-0.875328,1.452755,0.467654,0.074945,-1,,,,,,,,,,,,,,,,
37.963429,monitor,24376,609526,25012,1,0,3.000000,3.000000,3.044960,3.093293,63,64,148103,153114,91,87,-0.289005,-0.863832,1.453690,0.462813,0.037377,-1,,,,,,,,,,,,,,,,
37.992485,monitor,24377,609551,25040,1,0,3.000000,3.000000,2.993277,3.138113,62,65,148166,153178,92,86,-0.287669,-0.852334,1.456495,0.462296,0.112004,-1,,,,,,,,,,,,,,,,
38.015083,monitor,24378,609576,24964,1,0,3.000000,3.000000,3.099241,3.099241,64,64,148229,153243,90,86,-0.286338,-0.840743,1.456495,0.467355,0.000000,-1,,,,,,,,,,,,,,,,
38.045076,monitor,24379,609601,25000,1,0,3.000000,3.000000,3.094778,3.143133,64,65,148293,153308,90,85,-0.285003,-0.829061,1.457429,0.470327,0.037394,-1,,,,,,,,,,,,,,,,
38.067860,monitor,24380,609627,24996,1,0,3.000000,3.000000,2.998546,3.095273,62,64,148356,153371,91,86,-0.283714,-0.817649,1.459299,0.459463,0.074800,-1,,,,,,,,,,,,,,,,
38.098776,monitor,24381,609651,24988,1,0,3.000000,3.000000,2.999506,3.096264,62,64,148418,153435,91,85,-0.282447,-0.806234,1.461169,0.459610,0.074825,-1,,,,,,,,,,,,,,,,
38.115890,monitor,24382,609676,25024,1,0,3.000000,3.000000,2.995190,3.091810,62,64,148480,153499,91,85,-0.281201,-0.794817,1.463038,0.458949,0.074717,-1,,,,,,,,,,,,,,,,
38.150722,monitor,24383,609701,24984,1,0,3.000000,3.000000,3.048373,3.096760,63,64,148542,153563,90,85,-0.279961,-0.783308,1.463973,0.463332,0.037418,-1,,,,,,,,,,,,,,,,
38.167813,monitor,24384,609726,25000,1,0,3.000000,3.000000,2.998066,3.046422,62,63,148604,153627,91,86,-0.278752,-0.771978,1.464908,0.455744,0.037394,-1,,,,,,,,,,,,,,,,
38.203223,monitor,24385,609752,25008,1,0,3.000000,3.000000,2.997107,3.093788,62,64,148666,153691,91,85,-0.277549,-0.760557,1.466778,0.459243,0.074765,-1,,,,,,,,,,,,,,,,
38.220400,monitor,24386,609776,25024,1,0,3.000000,3.000000,2.946881,3.140119,61,65,148727,153755,92,84,-0.276378,-0.749132,1.470517,0.458949,0.149434,-1,,,,,,,,,,,,,,,,
38.255393,monitor,24387,609801,24992,1,0,3.000000,3.000000,2.950654,3.047397,61,63,148788,153819,92,85,-0.275257,-0.737885,1.472387,0.452242,0.074813,-1,,,,,,,,,,,,,,,,
38.266609,monitor,24388,609826,24976,1,0,3.000000,3.000000,2.952544,3.097752,61,64,148850,153883,92,84,-0.274153,-0.726545,1.475192,0.456182,0.112291,-1,,,,,,,,,,,,,,,,
38.307388,monitor,24389,609851,25004,1,0,3.000000,3.000000,2.997586,3.045934,62,63,148912,153946,91,85,-0.273071,-0.715203,1.476126,0.455671,0.037388,-1,,,,,,,,,,,,,,,,
38.318842,monitor,24390,609876,25004,1,0,3.000000,3.000000,3.094283,3.142631,64,65,148976,154011,90,83,-0.271965,-0.703497,1.477061,0.470252,0.037388,-1,,,,,,,,,,,,,,,,
38.359383,monitor,24391,609901,25004,1,0,3.000000,3.000000,3.045934,3.142631,63,65,149038,154075,90,83,-0.270884,-0.691880,1.478931,0.466607,0.074777,-1,,,,,,,,,,,,,,,,
38.370865,monitor,24392,609926,25000,1,0,3.000000,3.000000,3.046422,3.046422,63,63,149101,154138,90,84,-0.269830,-0.680444,1.478931,0.459390,0.000000,-1,,,,,,,,,,,,,,,,
38.412764,monitor,24393,609951,24996,1,0,3.000000,3.000000,3.046909,3.046909,63,63,149164,154201,90,84,-0.268777,-0.669008,1.478931,0.459463,0.000000,-1,,,,,,,,,,,,,,,,
38.424146,monitor,24394,609976,24984,1,0,3.000000,3.000000,3.048373,3.048373,63,63,149228,154264,90,84,-0.267723,-0.657571,1.478931,0.459684,0.000000,-1,,,,,,,,,,,,,,,,
38.465862,monitor,24395,610001,25000,1,0,3.000000,3.000000,3.094778,2.998066,64,62,149292,154327,89,85,-0.266659,-0.646136,1.477061,0.459390,-0.074789,-1,,,,,,,,,,,,,,,,
38.471702,monitor,24396,610026,25028,1,0,3.000000,3.000000,3.043014,2.994712,63,62,149355,154389,90,85,-0.265587,-0.634793,1.476126,0.455234,-0.037352,-1,,,,,,,,,,,,,,,,
38.494516,monitor,24397,610052,25004,1,0,3.000000,3.000000,3.045934,2.997586,63,62,149418,154450,90,85,-0.264505,-0.623451,1.475192,0.455671,-0.037388,-1,,,,,,,,,,,,,,,,
38.523912,monitor,24398,610076,25000,1,0,3.000000,3.000000,3.046422,2.949710,63,61,149480,154511,90,85,-0.263415,-0.612201,1.473322,0.452098,-0.074789,-1,,,,,,,,,,,,,,,,
38.546721,monitor,24399,610101,24972,1,0,3.000000,3.000000,3.049838,2.953017,63,61,149543,154572,90,85,-0.262305,-0.600953,1.471452,0.452605,-0.074872,-1,,,,,,,,,,,,,,,,
38.571078,monitor,24400,610126,25000,1,0,3.000000,3.000000,2.949710,2.949710,61,61,149604,154634,91,86,-0.261202,-0.589888,1.471452,0.444806,0.000000,-1,,,,,,,,,,,,,,,,
38.599602,monitor,24401,610151,24996,1,0,3.000000,3.000000,2.950182,2.998546,61,62,149665,154696,91,85,-0.260095,-0.578732,1.472387,0.448524,0.037401,-1,,,,,,,,,,,,,,,,
38.624760,monitor,24402,610177,25016,1,0,3.000000,3.000000,2.947823,3.044473,61,63,149727,154758,91,84,-0.258995,-0.567483,1.474257,0.451809,0.074741,-1,,,,,,,,,,,,,,,,
38.647814,monitor,24403,610201,24992,1,0,3.000000,3.000000,2.999026,2.999026,62,62,149788,154820,91,85,-0.257906,-0.556233,1.474257,0.452242,0.000000,-1,,,,,,,,,,,,,,,,
38.676239,monitor,24404,610226,25012,1,0,3.000000,3.000000,2.948295,2.948295,61,61,149849,154881,91,86,-0.256834,-0.545165,1.474257,0.444592,0.000000,-1,,,,,,,,,,,,,,,,
38.699099,monitor,24405,610251,25036,1,0,3.000000,3.000000,2.945468,2.993755,61,62,149910,154943,91,85,-0.255758,-0.534005,1.475192,0.447807,0.037341,-1,,,,,,,,,,,,,,,,
38.725224,monitor,24406,610276,24952,1,0,3.000000,3.000000,2.955384,2.955384,61,61,149972,155004,91,86,-0.254697,-0.522936,1.475192,0.445661,0.000000,-1,,,,,,,,,,,,,,,,
38.747463,monitor,24407,610301,25004,1,0,3.000000,3.000000,3.045934,3.045934,63,63,150034,155067,90,84,-0.253601,-0.511503,1.475192,0.459316,0.000000,-1,,,,,,,,,,,,,,,,
38.781907,monitor,24408,610326,25012,1,0,3.000000,3.000000,2.996628,2.948295,62,61,150096,155128,91,86,-0.252525,-0.500344,1.474257,0.448237,-0.037376,-1,,,,,,,,,,,,,,,,
38.799067,monitor,24409,610352,24984,1,0,3.000000,3.000000,2.999986,2.951599,62,61,150159,155190,91,86,-0.251439,-0.489185,1.473322,0.448739,-0.037418,-1,,,,,,,,,,,,,,,,
38.833146,monitor,24410,610376,24992,1,0,3.000000,3.000000,3.047397,3.047397,63,63,150222,155252,90,84,-0.250322,-0.477755,1.473322,0.459537,0.000000,-1,,,,,,,,,,,,,,,,
38.850259,monitor,24411,610401,25016,1,0,3.000000,3.000000,3.092798,3.044473,64,63,150286,155315,89,84,-0.249190,-0.466235,1.472387,0.462739,-0.037370,-1,,,,,,,,,,,,,,,,
38.885151,monitor,24412,610426,24996,1,0,3.000000,3.000000,3.046909,3.046909,63,63,150348,155378,90,84,-0.248061,-0.454805,1.472387,0.459463,0.000000,-1,,,,,,,,,,,,,,,,
38.901886,monitor,24413,610451,25028,1,0,3.000000,3.000000,3.091316,3.043014,64,63,150412,155441,89,84,-0.246918,-0.443286,1.471452,0.462518,-0.037353,-1,,,,,,,,,,,,,,,,
38.937938,monitor,24414,610477,24976,1,0,3.000000,3.000000,3.049349,3.049349,63,63,150476,155504,89,84,-0.245779,-0.431858,1.471452,0.459831,0.000000,-1,,,,,,,,,,,,,,,,
38.949414,monitor,24415,610501,24992,1,0,3.000000,3.000000,3.047397,3.047397,63,63,150538,155567,89,84,-0.244640,-0.420430,1.471452,0.459537,0.000000,-1,,,,,,,,,,,,,,,,
38.989531,monitor,24416,610526,25012,1,0,3.000000,-3.000000,3.044960,3.044960,63,63,150602,155631,89,-167,-0.243501,-0.409002,1.471452,0.459169,0.000000,-1,,,,,,,,,,,,,,,,
39.001032,monitor,24417,610551,25040,1,0,3.000000,-3.000000,3.041555,1.593196,63,33,150664,155660,89,-157,-0.242511,-0.400308,1.443406,0.349452,-1.120038,-1,,,,,,,,,,,,,,,,
39.042500,monitor,24418,610576,24968,1,0,3.000000,-3.000000,3.001908,-1.065193,62,-22,150726,155636,90,-127,-0.241907,-0.396712,1.364878,0.146025,-3.145151,-1,,,,,,,,,,,,,,,,
39.053380,monitor,24419,610601,24972,1,0,3.000000,-3.000000,2.953017,-2.226866,61,-46,150787,155589,91,-113,-0.241561,-0.395389,1.264848,0.054751,-4.005682,-1,,,,,,,,,,,,,,,,
39.094279,monitor,24420,610626,25032,1,0,3.000000,-3.000000,2.897645,-2.656175,60,-55,150847,155534,91,-108,-0.241400,-0.394963,1.157340,0.018206,-4.294853,-1,,,,,,,,,,,,,,,,
39.100076,monitor,24421,610651,24968,1,0,3.000000,-3.000000,2.856655,-2.759819,59,-57,150906,155477,92,-107,-0.241318,-0.394800,1.048896,0.007301,-4.343305,-1,,,,,,,,,,,,,,,,
39.147537,monitor,24422,610676,25036,1,0,3.000000,-3.000000,2.800610,-2.752323,58,-57,150964,155420,93,-108,-0.241268,-0.394724,0.941387,0.003641,-4.294167,-1,,,,,,,,,,,,,,,,
39.153292,monitor,24423,610701,24976,1,0,3.000000,-3.000000,2.855740,-2.758935,59,-57,151023,155363,93,-108,-0.241153,-0.394582,0.832944,0.007299,-4.341914,-1,,,,,,,,,,,,,,,,
39.199068,monitor,24424,610726,24996,1,0,3.000000,-3.000000,2.853455,-2.901819,59,-60,151082,155303,93,-107,-0.241218,-0.394646,0.721695,-0.003647,-4.450641,-1,,,,,,,,,,,,,,,,
39.204795,monitor,24425,610751,25012,1,0,3.000000,-3.000000,2.851630,-2.899962,59,-60,151141,155242,94,-107,-0.241290,-0.394703,0.610447,-0.003644,-4.447793,-1,,,,,,,,,,,,,,,,
39.227631,monitor,24426,610777,24980,1,0,3.000000,-3.000000,2.758493,-3.048861,57,-63,151198,155179,95,-105,-0.241755,-0.394990,0.498264,-0.021893,-4.490915,-1,,,,,,,,,,,,,,,,
39.255082,monitor,24427,610801,25008,1,0,3.000000,-3.000000,2.755405,-2.997107,57,-62,151255,155118,96,-106,-0.242167,-0.395186,0.387016,-0.018224,-4.448504,-1,,,,,,,,,,,,,,,,
39.277935,monitor,24428,610826,25012,1,0,3.000000,-3.000000,2.803297,-3.044960,58,-63,151314,155055,96,-105,-0.242598,-0.395334,0.273898,-0.018221,-4.522546,-1,,,,,,,,,,,,,,,,
39.304895,monitor,24429,610851,25012,1,0,3.000000,-3.000000,2.851630,-3.044960,59,-63,151372,154992,95,-105,-0.242954,-0.395412,0.159845,-0.014577,-4.559922,-1,,,,,,,,,,,,,,,,
39.327688,monitor,24430,610876,24972,1,0,3.000000,-3.000000,2.807787,-3.001428,58,-62,151430,154930,96,-105,-0.243316,-0.395450,0.047662,-0.014600,-4.492354,-1,,,,,,,,,,,,,,,,
39.357715,monitor,24431,610902,25008,1,0,3.000000,-3.000000,2.852086,-3.093788,59,-64,151489,154866,96,-104,-0.243772,-0.395445,-0.067325,-0.018224,-4.598034,-1,,,,,,,,,,,,,,,,
39.380542,monitor,24432,610926,25000,1,0,3.000000,-3.000000,2.901354,-3.046422,60,-63,151549,154803,96,-105,-0.244043,-0.395411,-0.182313,-0.010938,-4.599505,-1,,,,,,,,,,,,,,,,
39.409504,monitor,24433,610952,25004,1,0,3.000000,-3.000000,2.852542,-3.142631,59,-65,151609,154737,96,-103,-0.244575,-0.395281,-0.298236,-0.021872,-4.636158,-1,,,,,,,,,,,,,,,,
39.432322,monitor,24434,610976,25020,1,0,3.000000,-3.000000,2.947352,-3.188938,61,-66,151669,154671,95,-102,-0.245002,-0.395122,-0.416963,-0.018215,-4.745287,-1,,,,,,,,,,,,,,,,
39.461525,monitor,24435,611001,24984,1,0,3.000000,-3.000000,2.903212,-3.241920,60,-67,151729,154605,96,-101,-0.245569,-0.394829,-0.535690,-0.025538,-4.752124,-1,,,,,,,,,,,,,,,,
39.484372,monitor,24436,611026,24992,1,0,3.000000,-3.000000,2.902283,-3.192511,60,-66,151789,154539,96,-101,-0.246022,-0.394523,-0.653482,-0.021883,-4.713197,-1,,,,,,,,,,,,,,,,
39.514559,monitor,24437,611051,24992,1,0,3.000000,-3.000000,2.999026,-3.192511,62,-66,151851,154473,95,-101,-0.246297,-0.394284,-0.773144,-0.014588,-4.788010,-1,,,,,,,,,,,,,,,,
39.531605,monitor,24438,611077,25016,1,0,3.000000,-3.000000,2.899498,-3.189448,60,-66,151912,154406,97,-100,-0.246666,-0.393880,-0.890936,-0.021862,-4.708675,-1,,,,,,,,,,,,,,,,
39.567212,monitor,24439,611101,24984,1,0,3.000000,-3.000000,2.951599,-3.290307,61,-68,151972,154338,96,-99,-0.247036,-0.393360,-1.011533,-0.025538,-4.826961,-1,,,,,,,,,,,,,,,,
39.584405,monitor,24440,611126,25032,1,0,3.000000,-3.000000,2.994233,-3.283998,62,-68,152034,154270,95,-98,-0.247298,-0.392880,-1.133065,-0.021848,-4.855052,-1,,,,,,,,,,,,,,,,
39.619460,monitor,24441,611151,24984,1,0,3.000000,-3.000000,2.951599,-3.290307,61,-68,152096,154202,96,-97,-0.247533,-0.392287,-1.253661,-0.025538,-4.826961,-1,,,,,,,,,,,,,,,,
39.636565,monitor,24442,611176,24996,1,0,3.000000,-3.000000,2.998546,-3.288728,62,-68,152158,154134,95,-97,-0.247671,-0.391758,-1.375193,-0.021879,-4.862044,-1,,,,,,,,,,,,,,,,
39.669902,monitor,24443,611202,24984,1,0,3.000000,-3.000000,2.999986,-3.338694,62,-69,152220,154065,95,-96,-0.247757,-0.391126,-1.497659,-0.025538,-4.901797,-1,,,,,,,,,,,,,,,,
39.687016,monitor,24444,611226,25000,1,0,3.000000,-3.000000,2.998066,-3.336557,62,-69,152282,153996,95,-95,-0.247764,-0.390488,-1.620126,-0.025522,-4.898660,-1,,,,,,,,,,,,,,,,
39.720612,monitor,24445,611251,25032,1,0,3.000000,-3.000000,2.994233,-3.283998,62,-68,152343,153929,96,-95,-0.247704,-0.389944,-1.741658,-0.021848,-4.855052,-1,,,,,,,,,,,,,,,,
39.737703,monitor,24446,611276,24988,1,0,3.000000,-3.000000,2.902748,-3.241401,60,-67,152404,153862,97,-95,-0.247559,-0.389323,-1.860385,-0.025534,-4.751364,-1,,,,,,,,,,,,,,,,
39.772259,monitor,24447,611301,24984,1,0,3.000000,-3.000000,3.048373,-3.145146,63,-65,152466,153796,95,-96,-0.247496,-0.389151,-1.980047,-0.007297,-4.789542,-1,,,,,,,,,,,,,,,,
39.783687,monitor,24448,611326,25008,1,0,3.000000,-3.000000,2.997107,-3.190469,62,-66,152529,153730,96,-95,-0.247331,-0.388826,-2.099709,-0.014579,-4.784946,-1,,,,,,,,,,,,,,,,
39.823357,monitor,24449,611351,25020,1,0,3.000000,-3.000000,3.043987,-3.188938,63,-66,152591,153665,95,-95,-0.247180,-0.388599,-2.220305,-0.010929,-4.820015,-1,,,,,,,,,,,,,,,,
39.834778,monitor,24450,611376,24968,1,0,3.000000,-3.000000,3.001908,-3.195580,62,-66,152654,153599,95,-94,-0.246942,-0.388322,-2.339967,-0.014603,-4.792612,-1,,,,,,,,,,,,,,,,
39.874283,monitor,24451,611401,25000,1,0,3.000000,-3.000000,3.046422,-3.143133,63,-65,152717,153533,95,-95,-0.246808,-0.388199,-2.459630,-0.007292,-4.786477,-1,,,,,,,,,,,,,,,,
39.885700,monitor,24452,611426,25024,1,0,3.000000,-3.000000,3.043500,-3.140119,63,-65,152780,153469,95,-94,-0.246660,-0.388093,-2.579292,-0.007285,-4.781887,-1,,,,,,,,,,,,,,,,
39.924945,monitor,24453,611451,25000,1,0,3.000000,-3.000000,3.046422,-3.143133,63,-65,152842,153404,95,-94,-0.246500,-0.388005,-2.698954,-0.007292,-4.786477,-1,,,,,,,,,,,,,,,,
39.936383,monitor,24454,611476,25020,1,0,3.000000,-3.000000,3.043987,-3.092304,63,-64,152905,153339,95,-95,-0.246415,-0.387971,-2.817681,-0.003643,-4.745287,-1,,,,,,,,,,,,,,,,
39.977407,monitor,24455,611502,24980,1,0,3.000000,-3.000000,3.000466,-3.145650,62,-65,152968,153274,95,-94,-0.246151,-0.387899,-2.936408,-0.010947,-4.752885,-1,,,,,,,,,,,,,,,,
39.988986,monitor,24456,611526,24980,1,0,3.000000,-3.000000,3.048861,-3.194045,63,-66,153030,153208,94,-93,-0.245881,-0.387860,-3.057004,-0.010947,-4.827734,-1,,,,,,,,,,,,,,,,
40.028962,monitor,24457,611551,25008,1,0,3.000000,-3.000000,2.997107,-3.190469,62,-66,153092,153143,95,-92,-0.245516,-0.387851,3.106519,-0.014579,-4.784946,-1,,,,,,,,,,,,,,,,
40.040471,monitor,24458,611576,25004,1,0,3.000000,-3.000000,2.949238,-3.094283,61,-64,153153,153079,96,-93,-0.245244,-0.387877,2.989662,-0.010936,-4.673547,-1,,,,,,,,,,,,,,,,
40.081506,monitor,24459,611601,24984,1,0,3.000000,-3.000000,2.951599,-3.096760,61,-64,153214,153014,96,-93,-0.244977,-0.387934,2.872805,-0.010945,-4.677287,-1,,,,,,,,,,,,,,,,
40.087261,monitor,24460,611627,25028,1,0,3.000000,-3.000000,2.946410,-3.139617,61,-65,153276,152950,96,-92,-0.244631,-0.388051,2.755013,-0.014567,-4.706417,-1,,,,,,,,,,,,,,,,
40.130214,monitor,24461,611651,24996,1,0,3.000000,-3.000000,2.998546,-3.095273,62,-64,153338,152885,95,-93,-0.244467,-0.388130,2.637220,-0.007293,-4.712443,-1,,,,,,,,,,,,,,,,
40.141658,monitor,24462,611676,24992,1,0,3.000000,-3.000000,2.999026,-3.095768,62,-64,153399,152822,95,-92,-0.244313,-0.388227,2.519428,-0.007294,-4.713197,-1,,,,,,,,,,,,,,,,
40.164531,monitor,24463,611701,25004,1,0,3.000000,-3.000000,2.997586,-3.094283,62,-64,153461,152758,95,-92,-0.244171,-0.388342,2.401636,-0.007291,-4.710935,-1,,,,,,,,,,,,,,,,
40.193030,monitor,24464,611726,25032,1,0,3.000000,-3.000000,2.945939,-3.090822,61,-64,153522,152694,96,-92,-0.243980,-0.388537,2.284779,-0.010924,-4.668318,-1,,,,,,,,,,,,,,,,
40.215836,monitor,24465,611751,24972,1,0,3.000000,-3.000000,2.953017,-3.001428,61,-62,153583,152632,96,-93,-0.243925,-0.388610,2.169791,-0.003650,-4.604663,-1,,,,,,,,,,,,,,,,
40.242880,monitor,24466,611776,24996,1,0,3.000000,-3.000000,2.950182,-2.950182,61,-61,153644,152571,96,-94,-0.243925,-0.388610,2.055738,0.000000,-4.562841,-1,,,,,,,,,,,,,,,,
40.265738,monitor,24467,611802,25008,1,0,3.000000,-3.000000,2.948766,-2.900426,61,-60,153705,152510,96,-95,-0.243962,-0.388527,1.942621,0.003645,-4.523269,-1,,,,,,,,,,,,,,,,
40.295051,monitor,24468,611826,24972,1,0,3.000000,-3.000000,2.904607,-2.904607,60,-60,153765,152451,97,-95,-0.243962,-0.388527,1.830437,0.000000,-4.492354,-1,,,,,,,,,,,,,,,,
40.317984,monitor,24469,611851,25020,1,0,3.000000,-3.000000,2.899035,-2.850718,60,-59,153825,152392,97,-96,-0.243981,-0.388438,1.719189,0.003643,-4.446371,-1,,,,,,,,,,,,,,,,
40.345258,monitor,24470,611876,24984,1,0,3.000000,-3.000000,2.903212,-2.806438,60,-58,153885,152334,98,-97,-0.243998,-0.388256,1.608876,0.007297,-4.415359,-1,,,,,,,,,,,,,,,,
40.368053,monitor,24471,611901,25016,1,0,3.000000,-3.000000,2.899498,-2.851174,60,-59,153946,152275,98,-97,-0.243996,-0.388165,1.497628,0.003644,-4.447082,-1,,,,,,,,,,,,,,,,
40.395886,monitor,24472,611927,24984,1,0,3.000000,-3.000000,2.903212,-2.806438,60,-58,154006,152216,98,-98,-0.243973,-0.387984,1.387314,0.007297,-4.415359,-1,,,,,,,,,,,,,,,,
40.418656,monitor,24473,611951,24996,1,0,3.000000,-3.000000,2.901819,-2.901819,60,-60,154065,152156,98,-97,-0.243973,-0.387984,1.275131,0.000000,-4.488041,-1,,,,,,,,,,,,,,,,
40.446235,monitor,24474,611976,25052,1,0,3.000000,-3.000000,2.943587,-2.943587,61,-61,154126,152095,98,-96,-0.243973,-0.387984,1.161078,0.000000,-4.552641,-1,,,,,,,,,,,,,,,,
40.469063,monitor,24475,612001,24980,1,0,3.000000,-3.000000,2.952072,-3.000466,61,-62,154187,152034,98,-95,-0.244014,-0.388065,1.046091,-0.003649,-4.603188,-1,,,,,,,,,,,,,,,,
40.498371,monitor,24476,612026,24980,1,0,3.000000,-3.000000,2.903677,-2.952072,60,-61,154248,151972,99,-96,-0.244064,-0.388142,0.932973,-0.003649,-4.528339,-1,,,,,,,,,,,,,,,,
40.521150,monitor,24477,612051,25004,1,0,3.000000,-3.000000,2.949238,-3.045934,61,-63,154308,151909,98,-95,-0.244181,-0.388282,0.817050,-0.007291,-4.636158,-1,,,,,,,,,,,,,,,,
40.549021,monitor,24478,612076,25008,1,0,3.000000,-3.000000,2.948766,-3.045447,61,-63,154370,151847,98,-95,-0.244313,-0.388407,0.701128,-0.007290,-4.635416,-1,,,,,,,,,,,,,,,,
40.571827,monitor,24479,612101,24980,1,0,3.000000,-3.000000,3.048861,-3.048861,63,-63,154432,151784,97,-95,-0.244313,-0.388407,0.583336,0.000000,-4.715461,-1,,,,,,,,,,,,,,,,
40.600659,monitor,24480,612126,24996,1,0,3.000000,-3.000000,2.998546,-3.095273,62,-64,154494,151720,97,-94,-0.244471,-0.388498,0.465543,-0.007293,-4.712443,-1,,,,,,,,,,,,,,,,
40.617889,monitor,24481,612151,25024,1,0,3.000000,-3.000000,2.946881,-3.091810,61,-64,154556,151655,98,-94,-0.244722,-0.388607,0.348686,-0.010927,-4.669811,-1,,,,,,,,,,,,,,,,
40.649227,monitor,24482,612176,25004,1,0,3.000000,-3.000000,2.997586,-3.045934,62,-63,154618,151592,98,-94,-0.244809,-0.388633,0.231829,-0.003645,-4.673547,-1,,,,,,,,,,,,,,,,
40.671686,monitor,24483,612201,24980,1,0,3.000000,-3.000000,3.048861,-3.097256,63,-64,154680,151529,97,-93,-0.244899,-0.388648,0.113102,-0.003649,-4.752885,-1,,,,,,,,,,,,,,,,
40.705653,monitor,24484,612227,24996,1,0,3.000000,-3.000000,2.998546,-3.046909,62,-63,154743,151465,97,-94,-0.244990,-0.388653,-0.003756,-0.003647,-4.675043,-1,,,,,,,,,,,,,,,,
40.722748,monitor,24485,612251,25004,1,0,3.000000,-3.000000,3.045934,-3.094283,63,-64,154805,151401,97,-93,-0.245081,-0.388648,-0.122483,-0.003645,-4.748323,-1,,,,,,,,,,,,,,,,
40.755609,monitor,24486,612276,25008,1,0,3.000000,-3.000000,2.900426,-3.045447,60,-63,154866,151338,99,-94,-0.245350,-0.388599,-0.237470,-0.010934,-4.598034,-1,,,,,,,,,,,,,,,,
40.772717,monitor,24487,612301,25012,1,0,3.000000,-3.000000,2.996628,-3.093293,62,-64,154928,151275,98,-93,-0.245525,-0.388545,-0.355263,-0.007288,-4.709428,-1,,,,,,,,,,,,,,,,
40.805581,monitor,24488,612326,24992,1,0,3.000000,-3.000000,2.999026,-3.047397,62,-63,154989,151211,98,-93,-0.245608,-0.388509,-0.472120,-0.003647,-4.675790,-1,,,,,,,,,,,,,,,,
40.822715,monitor,24489,612352,25072,1,0,3.000000,-3.000000,2.989456,-3.037673,62,-63,155052,151148,98,-93,-0.245687,-0.388463,-0.588977,-0.003635,-4.660871,-1,,,,,,,,,,,,,,,,
40.856644,monitor,24490,612376,24916,1,0,3.000000,-3.000000,3.008173,-3.056692,62,-63,155114,151085,97,-93,-0.245759,-0.388408,-0.705835,-0.003658,-4.690053,-1,,,,,,,,,,,,,,,,
40.873807,monitor,24491,612402,25016,1,0,3.000000,-3.000000,2.996148,-3.092798,62,-64,155176,151021,98,-92,-0.245891,-0.388281,-0.823627,-0.007287,-4.708675,-1,,,,,,,,,,,,,,,,
40.906935,monitor,24492,612426,24988,1,0,3.000000,-3.000000,2.999506,-3.096264,62,-64,155237,150957,98,-92,-0.246007,-0.388141,-0.941419,-0.007295,-4.713952,-1,,,,,,,,,,,,,,,,
40.929698,monitor,24493,612451,25020,1,0,3.000000,-3.000000,2.995669,-3.092304,62,-64,155299,150893,98,-92,-0.246105,-0.387987,-1.059211,-0.007286,-4.707922,-1,,,,,,,,,,,,,,,,
40.957874,monitor,24494,612476,24972,1,0,3.000000,-3.000000,3.001428,-3.098248,62,-64,155361,150829,98,-92,-0.246185,-0.387823,-1.177004,-0.007300,-4.716972,-1,,,,,,,,,,,,,,,,
40.974976,monitor,24495,612501,25012,1,0,3.000000,-3.000000,2.996628,-3.044960,62,-63,155424,150766,98,-92,-0.246215,-0.387737,-1.293861,-0.003644,-4.672051,-1,,,,,,,,,,,,,,,,
41.009090,monitor,24496,612527,24992,1,0,3.000000,-3.000000,2.999026,-3.095768,62,-64,155485,150702,98,-91,-0.246254,-0.387559,-1.411653,-0.007294,-4.713197,-1,,,,,,,,,,,,,,,,
41.026392,monitor,24497,612551,25028,1,0,3.000000,-3.000000,2.994712,-3.091316,62,-64,155547,150638,98,-91,-0.246273,-0.387378,-1.529445,-0.007284,-4.706418,-1,,,,,,,,,,,,,,,,
41.061093,monitor,24498,612576,24980,1,0,3.000000,-3.000000,2.952072,-3.048861,61,-63,155609,150576,98,-92,-0.246270,-0.387196,-1.645368,-0.007298,-4.640613,-1,,,,,,,,,,,,,,,,
41.077857,monitor,24499,612601,24996,1,0,3.000000,-3.000000,3.046909,-3.046909,63,-63,155671,150513,97,-92,-0.246270,-0.387196,-1.763160,0.000000,-4.712443,-1,,,,,,,,,,,,,,,,
41.113429,monitor,24500,612626,25020,1,0,3.000000,-3.000000,2.947352,-2.995669,61,-62,155733,150450,98,-92,-0.246247,-0.387107,-1.878148,-0.003643,-4.595829,-1,,,,,,,,,,,,,,,,
41.124860,monitor,24501,612652,24984,1,0,3.000000,-3.000000,2.999986,-2.999986,62,-62,155795,150389,98,-92,-0.246247,-0.387107,-1.994070,0.000000,-4.639869,-1,,,,,,,,,,,,,,,,
41.164247,monitor,24502,612676,24984,1,0,3.000000,-3.000000,3.048373,-2.999986,63,-62,155858,150327,97,-92,-0.246289,-0.387188,-2.110928,0.003648,-4.677288,-1,,,,,,,,,,,,,,,,
41.175704,monitor,24503,612701,25016,1,0,3.000000,-3.000000,2.996148,-2.996148,62,-62,155919,150264,98,-92,-0.246289,-0.387188,-2.226850,0.000000,-4.633934,-1,,,,,,,,,,,,,,,,
41.217823,monitor,24504,612726,25004,1,0,3.000000,-3.000000,2.997586,-3.045934,62,-63,155982,150202,98,-92,-0.246229,-0.387119,-2.343707,-0.003645,-4.673547,-1,,,,,,,,,,,,,,,,
41.229014,monitor,24505,612751,24984,1,0,3.000000,-3.000000,3.048373,-2.999986,63,-62,156045,150140,97,-92,-0.246297,-0.387181,-2.460565,0.003648,-4.677288,-1,,,,,,,,,,,,,,,,
41.268826,monitor,24506,612776,25012,1,0,3.000000,-3.000000,2.996628,-2.996628,62,-62,156107,150078,98,-92,-0.246297,-0.387181,-2.576487,0.000000,-4.634675,-1,,,,,,,,,,,,,,,,
41.280315,monitor,24507,612801,25016,1,0,3.000000,-3.000000,3.044473,-2.996148,63,-62,156169,150015,97,-92,-0.246377,-0.387225,-2.693344,0.003644,-4.671305,-1,,,,,,,,,,,,,,,,
41.316260,monitor,24508,612826,24980,1,0,3.000000,-3.000000,2.952072,-3.048861,61,-63,156231,149953,98,-91,-0.246208,-0.387155,-2.809267,-0.007298,-4.640613,-1,,,,,,,,,,,,,,,,
41.327720,monitor,24509,612851,25016,1,0,3.000000,-3.000000,2.996148,-2.947823,62,-61,156292,149891,98,-93,-0.246296,-0.387180,-2.924254,0.003644,-4.596564,-1,,,,,,,,,,,,,,,,
41.373614,monitor,24510,612876,24988,1,0,3.000000,-3.000000,2.951127,-2.951127,61,-61,156353,149831,98,-93,-0.246296,-0.387180,-3.038307,0.000000,-4.564302,-1,,,,,,,,,,,,,,,,
41.379372,monitor,24511,612901,24992,1,0,3.000000,-3.000000,2.853912,-2.902283,59,-60,156412,149771,100,-94,-0.246205,-0.387176,3.133630,-0.003647,-4.451353,-1,,,,,,,,,,,,,,,,
41.402176,monitor,24512,612926,25012,1,0,3.000000,-3.000000,2.899962,-2.899962,60,-60,156472,149711,99,-94,-0.246205,-0.387176,3.021447,0.000000,-4.485169,-1,,,,,,,,,,,,,,,,
41.431817,monitor,24513,612952,24984,1,0,3.000000,-3.000000,2.854825,-2.903212,59,-60,156531,149651,100,-94,-0.246115,-0.387192,2.910199,-0.003648,-4.452778,-1,,,,,,,,,,,,,,,,
41.454606,monitor,24514,612976,25004,1,0,3.000000,-3.000000,2.852542,-2.804194,59,-58,156590,149593,101,-96,-0.246202,-0.387166,2.800820,0.003645,-4.374439,-1,,,,,,,,,,,,,,,,
41.478914,monitor,24515,613001,25000,1,0,3.000000,-3.000000,2.804642,-2.804642,58,-58,156648,149535,102,-96,-0.246202,-0.387166,2.692376,0.000000,-4.337745,-1,,,,,,,,,,,,,,,,
41.507619,monitor,24516,613026,24992,1,0,3.000000,-3.000000,2.853912,-2.805540,59,-58,156707,149477,101,-97,-0.246282,-0.387122,2.582998,0.003647,-4.376540,-1,,,,,,,,,,,,,,,,
41.530964,monitor,24517,613051,25012,1,0,3.000000,-3.000000,2.899962,-2.803297,60,-58,156768,149419,101,-97,-0.246431,-0.387017,2.472684,0.007288,-4.410417,-1,,,,,,,,,,,,,,,,
41.559440,monitor,24518,613076,25028,1,0,3.000000,-3.000000,2.898108,-2.849807,60,-59,156828,149360,101,-97,-0.246499,-0.386957,2.361436,0.003642,-4.444950,-1,,,,,,,,,,,,,,,,
41.581037,monitor,24519,613101,24972,1,0,3.000000,-3.000000,2.904607,-2.856197,60,-59,156887,149301,101,-97,-0.246561,-0.386889,2.250188,0.003650,-4.454918,-1,,,,,,,,,,,,,,,,
41.604012,monitor,24520,613126,25024,1,0,3.000000,-3.000000,2.946881,-2.898571,61,-60,156949,149241,101,-97,-0.246614,-0.386815,2.137070,0.003642,-4.520377,-1,,,,,,,,,,,,,,,,
41.631469,monitor,24521,613151,24988,1,0,3.000000,-3.000000,2.999506,-2.902748,62,-60,157011,149181,100,-97,-0.246703,-0.386656,2.023017,0.007295,-4.564302,-1,,,,,,,,,,,,,,,,
41.660007,monitor,24522,613176,24980,1,0,3.000000,-3.000000,3.048861,-2.952072,63,-61,157074,149119,99,-96,-0.246773,-0.386488,1.907095,0.007298,-4.640613,-1,,,,,,,,,,,,,,,,
41.681133,monitor,24523,613201,25008,1,0,3.000000,-3.000000,3.093788,-3.045447,64,-63,157138,149057,99,-95,-0.246798,-0.386400,1.788368,0.003645,-4.747564,-1,,,,,,,,,,,,,,,,
41.709660,monitor,24524,613226,25012,1,0,3.000000,-3.000000,3.093293,-3.044960,64,-63,157201,148994,98,-95,-0.246812,-0.386310,1.669641,0.003644,-4.746805,-1,,,,,,,,,,,,,,,,
41.737550,monitor,24525,613251,24992,1,0,3.000000,-3.000000,3.095768,-3.095768,64,-64,157265,148930,98,-94,-0.246812,-0.386310,1.549979,0.000000,-4.788010,-1,,,,,,,,,,,,,,,,
41.760429,monitor,24526,613276,24984,1,0,3.000000,-3.000000,3.048373,-3.096760,63,-64,157329,148866,99,-94,-0.246819,-0.386401,1.431252,-0.003648,-4.752124,-1,,,,,,,,,,,,,,,,
41.788281,monitor,24527,613301,25000,1,0,3.000000,-3.000000,3.094778,-3.094778,64,-64,157392,148802,98,-94,-0.246819,-0.386401,1.311590,0.000000,-4.786478,-1,,,,,,,,,,,,,,,,
41.810946,monitor,24528,613326,25012,1,0,3.000000,-3.000000,3.093293,-3.093293,64,-64,157456,148738,98,-93,-0.246819,-0.386401,1.191928,0.000000,-4.784181,-1,,,,,,,,,,,,,,,,
41.839040,monitor,24529,613351,25004,1,0,3.000000,-3.000000,2.997586,-3.094283,62,-64,157518,148674,99,-93,-0.246896,-0.386566,1.074135,-0.007291,-4.710935,-1,,,,,,,,,,,,,,,,
41.861926,monitor,24530,613377,24984,1,0,3.000000,-3.000000,3.048373,-3.096760,63,-64,157581,148610,98,-93,-0.246945,-0.386643,0.955408,-0.003648,-4.752124,-1,,,,,,,,,,,,,,,,
41.889774,monitor,24531,613401,25024,1,0,3.000000,-3.000000,2.995190,-3.043500,62,-63,157644,148546,99,-94,-0.247001,-0.386714,0.838551,-0.003642,-4.669811,-1,,,,,,,,,,,,,,,,
41.906943,monitor,24532,613426,25000,1,0,0.000000,0.000000,2.998066,-3.143133,62,-65,157706,148482,-26,29,-0.247196,-0.386907,0.719824,-0.010938,-4.749083,-1,,,,,,,,,,,,,,,,
41.940791,monitor,24533,613451,24980,1,0,0.000000,0.000000,2.177758,-2.226152,45,-46,157748,148438,-20,22,-0.247267,-0.386964,0.634752,-0.003649,-3.405611,-1,,,,,,,,,,,,,,,,
41.957891,monitor,24534,613476,25008,1,0,0.000000,0.000000,0.773447,-0.821787,16,-17,157763,148421,-3,5,-0.247341,-0.387017,0.603901,-0.003645,-1.233619,-1,,,,,,,,,,,,,,,,
41.991702,monitor,24535,613500,25012,1,0,0.000000,0.000000,0.241664,-0.386662,5,-8,157768,148414,2,0,-0.247567,-0.387171,0.591748,-0.010933,-0.485893,-1,,,,,,,,,,,,,,,,
42.008521,monitor,24536,613526,24980,1,0,0.000000,0.000000,0.145184,-0.290368,3,-6,157771,148408,3,0,-0.247795,-0.387322,0.583335,-0.010947,-0.336819,-1,,,,,,,,,,,,,,,,
42.044188,monitor,24537,613551,25012,1,0,0.000000,0.000000,0.144998,-0.193331,3,-4,157774,148404,3,-1,-0.247871,-0.387372,0.576791,-0.003644,-0.261635,-1,,,,,,,,,,,,,,,,
42.061297,monitor,24538,613576,24988,1,0,0.000000,0.000000,0.096758,-0.193517,2,-4,157776,148400,3,0,-0.248024,-0.387471,0.571181,-0.007295,-0.224474,-1,,,,,,,,,,,,,,,,
42.097898,monitor,24539,613601,25012,1,0,3.000000,3.000000,0.096665,-0.048333,2,-1,157778,148399,129,119,-0.247947,-0.387422,0.568377,0.003644,-0.112129,-1,,,,,,,,,,,,,,,,
42.109363,monitor,24540,613626,24992,1,0,3.000000,3.000000,0.919056,0.822313,19,17,157798,148417,123,112,-0.245180,-0.385658,0.566507,0.131296,-0.074813,-1,,,,,,,,,,,,,,,,
42.149048,monitor,24541,613651,25024,1,0,3.000000,3.000000,1.884071,1.642524,39,34,157839,148452,112,104,-0.239558,-0.382100,0.561833,0.265899,-0.186792,-1,,,,,,,,,,,,,,,,
42.160469,monitor,24542,613676,24988,1,0,3.000000,3.000000,2.273819,2.128682,47,44,157885,148496,109,100,-0.232532,-0.377691,0.559028,0.331941,-0.112237,-1,,,,,,,,,,,,,,,,
42.199171,monitor,24543,613701,24984,1,0,3.000000,3.000000,2.516117,2.322570,52,48,157938,148545,107,98,-0.224796,-0.372872,0.555289,0.364828,-0.149673,-1,,,,,,,,,,,,,,,,
42.216331,monitor,24544,613726,24996,1,0,3.000000,3.000000,2.805091,2.708364,58,56,157996,148602,103,94,-0.215961,-0.367402,0.553419,0.415705,-0.074800,-1,,,,,,,,,,,,,,,,
42.249512,monitor,24545,613751,25024,1,0,3.000000,3.000000,2.995190,2.898571,62,60,158058,148662,101,92,-0.206495,-0.361566,0.551549,0.444379,-0.074717,-1,,,,,,,,,,,,,,,,
42.261088,monitor,24546,613776,25020,1,0,3.000000,3.000000,3.140621,3.092304,65,64,158123,148726,99,89,-0.196478,-0.355409,0.550614,0.469952,-0.037364,-1,,,,,,,,,,,,,,,,
42.299797,monitor,24547,613801,24996,1,0,0.000000,0.000000,3.192000,3.192000,66,66,158190,148791,-28,-34,-0.186224,-0.349114,0.550614,0.481342,0.000000,-1,,,,,,,,,,,,,,,,
42.316899,monitor,24548,613826,24984,1,0,0.000000,0.000000,2.467730,2.322570,51,48,158238,148837,-23,-27,-0.178527,-0.344404,0.547810,0.361180,-0.112255,-1,,,,,,,,,,,,,,,,
42.352508,monitor,24549,613851,25008,1,0,0.000000,0.000000,0.966809,0.966809,20,20,158258,148857,-5,-11,-0.175415,-0.342505,0.547810,0.145791,0.000000,-1,,,,,,,,,,,,,,,,
42.363967,monitor,24550,613876,24984,1,0,0.000000,0.000000,0.338708,0.338708,7,7,158264,148863,1,-4,-0.174326,-0.341840,0.547810,0.051076,0.000000,-1,,,,,,,,,,,,,,,,
42.406219,monitor,24551,613901,24984,1,0,0.000000,0.000000,0.241934,0.193547,5,4,158270,148867,2,-2,-0.173625,-0.341413,0.546875,0.032835,-0.037418,-1,,,,,,,,,,,,,,,,
42.417698,monitor,24552,613925,25032,1,0,0.000000,0.000000,0.241470,0.193176,5,4,158275,148871,1,-3,-0.172924,-0.340987,0.545940,0.032772,-0.037347,-1,,,,,,,,,,,,,,,,
42.458750,monitor,24553,613951,24988,1,0,0.000000,0.000000,0.193517,0.096758,4,2,158278,148873,2,-2,-0.172457,-0.340704,0.544070,0.021886,-0.074825,-1,,,,,,,,,,,,,,,,
42.464501,monitor,24554,613976,25008,1,0,0.000000,0.000000,0.048340,0.000000,1,0,158279,148873,3,0,-0.172379,-0.340656,0.543136,0.003645,-0.037382,-1,,,,,,,,,,,,,,,,
42.511508,monitor,24555,614001,24972,1,0,0.000000,0.000000,0.048410,0.000000,1,0,158280,148873,3,0,-0.172301,-0.340609,0.542201,0.003650,-0.037436,-1,,,,,,,,,,,,,,,,
42.517270,monitor,24556,614026,25012,1,0,0.000000,0.000000,0.000000,0.000000,0,0,158280,148873,4,0,-0.172301,-0.340609,0.542201,0.000000,0.000000,-1,,,,,,,,,,,,,,,,
42.539439,monitor,24557,614050,24992,1,0,0.000000,0.000000,0.000000,0.000000,0,0,158280,148873,4,0,-0.172301,-0.340609,0.542201,0.000000,0.000000,-1,,,,,,,,,,,,,,,,
42.565788,monitor,24558,614076,25008,1,0,0.000000,0.000000,0.000000,0.000000,0,0,158280,148873,4,0,-0.172301,-0.340609,0.542201,0.000000,0.000000,-1,,,,,,,,,,,,,,,,
42.594167,monitor,24559,614100,24996,1,0,0.000000,0.000000,0.000000,0.000000,0,0,158280,148873,4,0,-0.172301,-0.340609,0.542201,0.000000,0.000000,-1,,,,,,,,,,,,,,,,
42.617592,monitor,24560,614126,25016,1,0,0.000000,0.000000,0.000000,0.000000,0,0,158280,148873,4,0,-0.172301,-0.340609,0.542201,0.000000,0.000000,-1,,,,,,,,,,,,,,,,
42.640440,monitor,24561,614151,24996,1,0,0.000000,0.000000,0.000000,0.000000,0,0,158280,148873,4,0,-0.172301,-0.340609,0.542201,0.000000,0.000000,-1,,,,,,,,,,,,,,,,
42.670267,monitor,24562,614175,25008,1,0,0.000000,0.000000,0.000000,0.000000,0,0,158280,148873,4,0,-0.172301,-0.340609,0.542201,0.000000,0.000000,-1,,,,,,,,,,,,,,,,
42.693148,monitor,24563,614201,24996,1,0,0.000000,0.000000,0.000000,0.000000,0,0,158280,148873,4,0,-0.172301,-0.340609,0.542201,0.000000,0.000000,-1,,,,,,,,,,,,,,,,
42.721918,monitor,24564,614225,24988,1,0,0.000000,0.000000,0.000000,0.000000,0,0,158280,148873,4,0,-0.172301,-0.340609,0.542201,0.000000,0.000000,-1,,,,,,,,,,,,,,,,
42.744789,monitor,24565,614251,25012,1,0,0.000000,0.000000,0.000000,0.000000,0,0,158280,148873,4,0,-0.172301,-0.340609,0.542201,0.000000,0.000000,-1,,,,,,,,,,,,,,,,
42.779249,monitor,24566,614276,24996,1,0,0.000000,0.000000,0.000000,0.000000,0,0,158280,148873,4,0,-0.172301,-0.340609,0.542201,0.000000,0.000000,-1,,,,,,,,,,,,,,,,
42.796342,monitor,24567,614300,25000,1,0,0.000000,0.000000,0.000000,0.000000,0,0,158280,148873,4,0,-0.172301,-0.340609,0.542201,0.000000,0.000000,-1,,,,,,,,,,,,,,,,
42.824796,monitor,24568,614326,24984,1,0,0.000000,0.000000,0.000000,0.000000,0,0,158280,148873,4,0,-0.172301,-0.340609,0.542201,0.000000,0.000000,-1,,,,,,,,,,,,,,,,
42.847736,monitor,24569,614350,25020,1,0,0.000000,0.000000,0.000000,0.000000,0,0,158280,148873,4,0,-0.172301,-0.340609,0.542201,0.000000,0.000000,-1,,,,,,,,,,,,,,,,
42.876054,monitor,24570,614376,24980,1,0,0.000000,0.000000,0.000000,0.000000,0,0,158280,148873,4,0,-0.172301,-0.340609,0.542201,0.000000,0.000000,-1,,,,,,,,,,,,,,,,
42.892785,monitor,24571,614401,25024,1,0,0.000000,0.000000,0.000000,0.000000,0,0,158280,148873,4,0,-0.172301,-0.340609,0.542201,0.000000,0.000000,-1,,,,,,,,,,,,,,,,
42.928725,monitor,24572,614425,24992,1,0,0.000000,0.000000,0.000000,0.000000,0,0,158280,148873,4,0,-0.172301,-0.340609,0.542201,0.000000,0.000000,-1,,,,,,,,,,,,,,,,
42.945519,monitor,24573,614451,24984,1,0,0.000000,0.000000,0.000000,0.000000,0,0,158280,148873,4,0,-0.172301,-0.340609,0.542201,0.000000,0.000000,-1,,,,,,,,,,,,,,,,
42.982028,monitor,24574,614475,25020,1,0,0.000000,0.000000,0.000000,0.000000,0,0,158280,148873,4,0,-0.172301,-0.340609,0.542201,0.000000,0.000000,-1,,,,,,,,,,,,,,,,
42.999219,monitor,24575,614501,24996,1,0,0.000000,0.000000,0.000000,0.000000,0,0,158280,148873,4,0,-0.172301,-0.340609,0.542201,0.000000,0.000000,-1,,,,,,,,,,,,,,,,
43.033629,monitor,24576,614525,25004,1,0,0.000000,0.000000,0.000000,0.000000,0,0,158280,148873,4,0,-0.172301,-0.340609,0.542201,0.000000,0.000000,-1,,,,,,,,,,,,,,,,
43.045109,monitor,24577,614551,25000,1,0,0.000000,0.000000,0.000000,0.000000,0,0,158280,148873,4,0,-0.172301,-0.340609,0.542201,0.000000,0.000000,-1,,,,,,,,,,,,,,,,
43.085470,monitor,24578,614576,24980,1,0,0.000000,0.000000,0.000000,0.000000,0,0,158280,148873,4,0,-0.172301,-0.340609,0.542201,0.000000,0.000000,-1,,,,,,,,,,,,,,,,
43.096934,monitor,24579,614600,25012,1,0,0.000000,0.000000,0.000000,0.000000,0,0,158280,148873,4,0,-0.172301,-0.340609,0.542201,0.000000,0.000000,-1,,,,,,,,,,,,,,,,
43.136260,monitor,24580,614626,24992,1,0,0.000000,0.000000,0.000000,0.000000,0,0,158280,148873,4,0,-0.172301,-0.340609,0.542201,0.000000,0.000000,-1,,,,,,,,,,,,,,,,
43.147689,monitor,24581,614650,25012,1,0,0.000000,0.000000,0.000000,0.000000,0,0,158280,148873,4,0,-0.172301,-0.340609,0.542201,0.000000,0.000000,-1,,,,,,,,,,,,,,,,
43.188203,monitor,24582,614676,24988,1,0,0.000000,0.000000,0.000000,0.000000,0,0,158280,148873,4,0,-0.172301,-0.340609,0.542201,0.000000,0.000000,-1,,,,,,,,,,,,,,,,
43.199711,monitor,24583,614701,25004,1,0,0.000000,0.000000,0.000000,0.000000,0,0,158280,148873,4,0,-0.172301,-0.340609,0.542201,0.000000,0.000000,-1,,,,,,,,,,,,,,,,
43.239132,monitor,24584,614725,24996,1,0,0.000000,0.000000,0.000000,0.000000,0,0,158280,148873,4,0,-0.172301,-0.340609,0.542201,0.000000,0.000000,-1,,,,,,,,,,,,,,,,
43.250575,monitor,24585,614751,25012,1,0,0.000000,0.000000,0.000000,0.000000,0,0,158280,148873,4,0,-0.172301,-0.340609,0.542201,0.000000,0.000000,-1,,,,,,,,,,,,,,,,
43.290136,monitor,24586,614775,24984,1,0,0.000000,0.000000,0.000000,0.000000,0,0,158280,148873,4,0,-0.172301,-0.340609,0.542201,0.000000,0.000000,-1,,,,,,,,,,,,,,,,
43.301430,monitor,24587,614801,24996,1,0,0.000000,0.000000,0.000000,0.000000,0,0,158280,148873,4,0,-0.172301,-0.340609,0.542201,0.000000,0.000000,-1,,,,,,,,,,,,,,,,
43.341284,monitor,24588,614825,25028,1,0,0.000000,0.000000,0.000000,0.000000,0,0,158280,148873,4,0,-0.172301,-0.340609,0.542201,0.000000,0.000000,-1,,,,,,,,,,,,,,,,
43.352815,monitor,24589,614851,24980,1,0,0.000000,0.000000,0.000000,0.000000,0,0,158280,148873,4,0,-0.172301,-0.340609,0.542201,0.000000,0.000000,-1,,,,,,,,,,,,,,,,
43.392781,monitor,24590,614876,25016,1,0,0.000000,0.000000,0.000000,0.000000,0,0,158280,148873,4,0,-0.172301,-0.340609,0.542201,0.000000,0.000000,-1,,,,,,,,,,,,,,,,
43.403667,monitor,24591,614900,24988,1,0,0.000000,0.000000,0.000000,0.000000,0,0,158280,148873,4,0,-0.172301,-0.340609,0.542201,0.000000,0.000000,-1,,,,,,,,,,,,,,,,
43.445748,monitor,24592,614926,24988,1,0,0.000000,0.000000,0.000000,0.000000,0,0,158280,148873,4,0,-0.172301,-0.340609,0.542201,0.000000,0.000000,-1,,,,,,,,,,,,,,,,
43.451494,monitor,24593,614950,25012,1,0,0.000000,0.000000,0.000000,0.000000,0,0,158280,148873,4,0,-0.172301,-0.340609,0.542201,0.000000,0.000000,-1,,,,,,,,,,,,,,,,
43.497802,monitor,24594,614976,24992,1,0,0.000000,0.000000,0.000000,0.000000,0,0,158280,148873,4,0,-0.172301,-0.340609,0.542201,0.000000,0.000000,-1,,,,,,,,,,,,,,,,
43.503541,monitor,24595,615001,25000,1,0,0.000000,0.000000,0.000000,0.000000,0,0,158280,148873,4,0,-0.172301,-0.340609,0.542201,0.000000,0.000000,-1,,,,,,,,,,,,,,,,
43.526165,monitor,24596,615025,25000,1,0,0.000000,0.000000,0.000000,0.000000,0,0,158280,148873,4,0,-0.172301,-0.340609,0.542201,0.000000,0.000000,-1,,,,,,,,,,,,,,,,
43.555303,monitor,24597,615051,24996,1,0,0.000000,0.000000,0.000000,0.000000,0,0,158280,148873,4,0,-0.172301,-0.340609,0.542201,0.000000,0.000000,-1,,,,,,,,,,,,,,,,
43.578143,monitor,24598,615075,25000,1,0,0.000000,0.000000,0.000000,0.000000,0,0,158280,148873,4,0,-0.172301,-0.340609,0.542201,0.000000,0.000000,-1,,,,,,,,,,,,,,,,
43.603080,monitor,24599,615101,25016,1,0,0.000000,0.000000,0.000000,0.000000,0,0,158280,148873,4,0,-0.172301,-0.340609,0.542201,0.000000,0.000000,-1,,,,,,,,,,,,,,,,
43.625993,monitor,24600,615126,25012,1,0,0.000000,0.000000,0.000000,0.000000,0,0,158280,148873,4,0,-0.172301,-0.340609,0.542201,0.000000,0.000000,-1,,,,,,,,,,,,,,,,
43.653702,monitor,24601,615150,24992,1,0,0.000000,0.000000,0.000000,0.000000,0,0,158280,148873,4,0,-0.172301,-0.340609,0.542201,0.000000,0.000000,-1,,,,,,,,,,,,,,,,
43.682331,monitor,24602,615176,25000,1,0,0.000000,0.000000,0.000000,0.000000,0,0,158280,148873,4,0,-0.172301,-0.340609,0.542201,0.000000,0.000000,-1,,,,,,,,,,,,,,,,
43.703022,monitor,24603,615200,25000,1,0,0.000000,0.000000,0.000000,0.000000,0,0,158280,148873,4,0,-0.172301,-0.340609,0.542201,0.000000,0.000000,-1,,,,,,,,,,,,,,,,
43.731496,monitor,24604,615226,24992,1,0,0.000000,0.000000,0.000000,0.000000,0,0,158280,148873,4,0,-0.172301,-0.340609,0.542201,0.000000,0.000000,-1,,,,,,,,,,,,,,,,
43.759332,monitor,24605,615250,25000,1,0,0.000000,0.000000,0.000000,0.000000,0,0,158280,148873,4,0,-0.172301,-0.340609,0.542201,0.000000,0.000000,-1,,,,,,,,,,,,,,,,
43.782250,monitor,24606,615276,25000,1,0,0.000000,0.000000,0.000000,0.000000,0,0,158280,148873,4,0,-0.172301,-0.340609,0.542201,0.000000,0.000000,-1,,,,,,,,,,,,,,,,
43.809886,monitor,24607,615301,24996,1,0,0.000000,0.000000,0.000000,0.000000,0,0,158280,148873,4,0,-0.172301,-0.340609,0.542201,0.000000,0.000000,-1,,,,,,,,,,,,,,,,
43.832721,monitor,24608,615325,25000,1,0,3.000000,3.000000,0.000000,0.000000,0,0,158280,148873,130,121,-0.172301,-0.340609,0.542201,0.000000,0.000000,-1,,,,,,,,,,,,,,,,
43.861537,monitor,24609,615351,25020,1,0,3.000000,3.000000,0.773076,0.821393,16,17,158298,148891,124,114,-0.169725,-0.339056,0.543136,0.120220,0.037364,-1,,,,,,,,,,,,,,,,
43.884371,monitor,24610,615376,24972,1,0,3.000000,3.000000,1.839585,1.694354,38,35,158336,148927,113,106,-0.164024,-0.335625,0.540331,0.266453,-0.112309,-1,,,,,,,,,,,,,,,,
43.913405,monitor,24611,615401,25016,1,0,3.000000,3.000000,2.319599,2.174624,48,45,158384,148972,108,101,-0.156748,-0.331275,0.537526,0.338856,-0.112111,-1,,,,,,,,,,,,,,,,
43.930518,monitor,24612,615427,25008,1,0,3.000000,3.000000,2.513702,2.417022,52,50,158437,149023,106,99,-0.148758,-0.326522,0.535657,0.371768,-0.074765,-1,,,,,,,,,,,,,,,,
43.965202,monitor,24613,615451,24992,1,0,3.000000,3.000000,2.757169,2.757169,57,57,158494,149080,104,95,-0.139822,-0.321218,0.535657,0.415771,0.000000,-1,,,,,,,,,,,,,,,,
43.982100,monitor,24614,615476,25028,1,0,3.000000,3.000000,2.994712,2.946410,62,61,158556,149141,101,93,-0.130179,-0.315500,0.534722,0.447950,-0.037353,-1,,,,,,,,,,,,,,,,
44.016430,monitor,24615,615501,24964,1,0,3.000000,3.000000,3.050815,3.002389,63,62,158620,149204,100,92,-0.120373,-0.309699,0.533787,0.456401,-0.037448,-1,,,,,,,,,,,,,,,,
44.033596,monitor,24616,615526,24996,1,0,3.000000,3.000000,3.143636,3.095273,65,64,158685,149268,98,91,-0.110248,-0.303721,0.532852,0.470403,-0.037400,-1,,,,,,,,,,,,,,,,
44.068139,monitor,24617,615552,25024,1,0,3.000000,3.000000,3.188429,3.188429,66,66,158750,149333,97,89,-0.099884,-0.297609,0.532852,0.480804,0.000000,-1,,,,,,,,,,,,,,,,
44.085451,monitor,24618,615576,24992,1,0,3.000000,3.000000,3.144140,3.192511,65,66,158816,149399,98,89,-0.089602,-0.291539,0.533787,0.477772,0.037406,-1,,,,,,,,,,,,,,,,
44.121317,monitor,24619,615601,24996,1,0,3.000000,3.000000,3.192000,3.192000,66,66,158882,149465,97,88,-0.079244,-0.285417,0.533787,0.481342,0.000000,-1,,,,,,,,,,,,,,,,
44.132768,monitor,24620,615626,25000,1,0,3.000000,3.000000,3.191489,3.191489,66,66,158948,149531,96,88,-0.068886,-0.279295,0.533787,0.481265,0.000000,-1,,,,,,,,,,,,,,,,
44.171572,monitor,24621,615651,25008,1,0,3.000000,3.000000,3.238809,3.190469,67,66,159015,149598,95,87,-0.058447,-0.273132,0.532852,0.484756,-0.037382,-1,,,,,,,,,,,,,,,,
44.188673,monitor,24622,615676,24984,1,0,3.000000,3.000000,3.193533,3.241920,66,67,159080,149664,95,86,-0.048008,-0.266969,0.533787,0.485222,0.037418,-1,,,,,,,,,,,,,,,,
44.225292,monitor,24623,615701,24992,1,0,3.000000,3.000000,3.192511,3.192511,66,66,159147,149731,95,87,-0.037650,-0.260847,0.533787,0.481419,0.000000,-1,,,,,,,,,,,,,,,,
44.236341,monitor,24624,615726,25004,1,0,3.000000,3.000000,3.239327,3.287675,67,68,159214,149798,94,85,-0.027059,-0.254582,0.534722,0.492124,0.037388,-1,,,,,,,,,,,,,,,,
44.274979,monitor,24625,615751,25020,1,0,3.000000,3.000000,3.285573,3.237256,68,67,159281,149865,93,85,-0.016469,-0.248316,0.533787,0.491810,-0.037365,-1,,,,,,,,,,,,,,,,
44.286462,monitor,24626,615776,24992,1,0,3.000000,3.000000,3.192511,3.192511,66,66,159348,149932,94,85,-0.006111,-0.242194,0.533787,0.481419,0.000000,-1,,,,,,,,,,,,,,,,
44.326656,monitor,24627,615801,25064,1,0,3.000000,3.000000,3.231572,3.231572,67,67,159414,149998,93,84,0.004404,-0.235980,0.533787,0.487310,0.000000,-1,,,,,,,,,,,,,,,,
44.338204,monitor,24628,615826,24936,1,0,3.000000,3.000000,3.248161,3.199681,67,66,159481,150065,92,84,0.014843,-0.229817,0.532852,0.486156,-0.037490,-1,,,,,,,,,,,,,,,,
44.377991,monitor,24629,615852,24984,1,0,3.000000,3.000000,3.193533,3.241920,66,67,159547,150131,92,83,0.025282,-0.223653,0.533787,0.485222,0.037418,-1,,,,,,,,,,,,,,,,
44.389464,monitor,24630,615876,25004,1,0,3.000000,3.000000,3.094283,3.142631,64,65,159612,150197,93,84,0.035402,-0.217666,0.534722,0.470252,0.037388,-1,,,,,,,,,,,,,,,,
44.430190,monitor,24631,615901,25016,1,0,3.000000,3.000000,3.141123,3.092798,65,64,159676,150261,92,85,0.045521,-0.211679,0.533787,0.470027,-0.037370,-1,,,,,,,,,,,,,,,,
44.435946,monitor,24632,615926,25024,1,0,3.000000,3.000000,3.091810,3.091810,64,64,159740,150324,93,84,0.055565,-0.205743,0.533787,0.466234,0.000000,-1,,,,,,,,,,,,,,,,
44.481177,monitor,24633,615951,24976,1,0,3.000000,3.000000,3.097752,3.097752,64,64,159804,150388,93,84,0.065609,-0.199807,0.533787,0.467130,0.000000,-1,,,,,,,,,,,,,,,,
44.486950,monitor,24634,615976,25032,1,0,3.000000,3.000000,3.090822,3.042527,64,63,159869,150451,93,85,0.075578,-0.193921,0.532852,0.462444,-0.037347,-1,,,,,,,,,,,,,,,,
44.532896,monitor,24635,616001,24956,1,0,3.000000,3.000000,3.100234,3.003352,64,62,159932,150514,92,85,0.085476,-0.188096,0.530982,0.460200,-0.074921,-1,,,,,,,,,,,,,,,,
44.538684,monitor,24636,616026,24992,1,0,3.000000,3.000000,3.047397,3.047397,63,63,159995,150577,93,85,0.095379,-0.182281,0.530982,0.459537,0.000000,-1,,,,,,,,,,,,,,,,
44.583820,monitor,24637,616051,25000,1,0,3.000000,3.000000,3.046422,3.046422,63,63,160059,150640,93,85,0.105283,-0.176465,0.530982,0.459390,0.000000,-1,,,,,,,,,,,,,,,,
44.589629,monitor,24638,616076,25028,1,0,3.000000,3.000000,3.091316,3.043014,64,63,160123,150703,92,84,0.115267,-0.170608,0.530048,0.462518,-0.037353,-1,,,,,,,,,,,,,,,,
44.612497,monitor,24639,616101,24984,1,0,3.000000,3.000000,3.096760,3.096760,64,64,160187,150767,92,84,0.125333,-0.164709,0.530048,0.466980,0.000000,-1,,,,,,,,,,,,,,,,
44.642922,monitor,24640,616126,25044,1,0,3.000000,3.000000,3.137611,3.089340,65,64,160251,150830,91,83,0.135481,-0.158770,0.529113,0.469501,-0.037329,-1,,,,,,,,,,,,,,,,
44.665357,monitor,24641,616151,24948,1,0,0.000000,0.000000,3.052772,3.052772,63,63,160314,150893,-33,-37,0.145395,-0.152972,0.529113,0.460347,0.000000,-1,,,,,,,,,,,,,,,,
44.692352,monitor,24642,616176,25020,1,0,0.000000,0.000000,2.174276,2.319228,45,48,160358,150939,-26,-32,0.152707,-0.148683,0.531917,0.338802,0.112093,-1,,,,,,,,,,,,,,,,
44.715240,monitor,24643,616201,24980,1,0,0.000000,0.000000,0.822709,0.822709,17,17,160373,150956,-10,-14,0.155378,-0.147112,0.531917,0.124062,0.000000,-1,,,,,,,,,,,,,,,,
44.745541,monitor,24644,616225,25020,1,0,0.000000,0.000000,0.144952,0.144952,3,3,160376,150958,-2,-6,0.155849,-0.146834,0.531917,0.021858,0.000000,-1,,,,,,,,,,,,,,,,
44.768249,monitor,24645,616251,24984,1,0,0.000000,0.000000,0.145161,0.048387,3,1,160379,150959,-2,-5,0.156163,-0.146650,0.530048,0.014593,-0.074837,-1,,,,,,,,,,,,,,,,
44.798652,monitor,24646,616275,25012,1,0,0.000000,0.000000,0.096665,0.000000,2,0,160381,150959,-2,-4,0.156321,-0.146558,0.528178,0.007288,-0.074753,-1,,,,,,,,,,,,,,,,
44.815713,monitor,24647,616301,24984,1,0,0.000000,0.000000,0.000000,0.000000,0,0,160381,150959,0,-4,0.156321,-0.146558,0.528178,0.000000,0.000000,-1,,,,,,,,,,,,,,,,
44.849561,monitor,24648,616326,25004,1,0,0.000000,0.000000,0.000000,-0.048348,0,-1,160381,150958,0,-3,0.156242,-0.146603,0.527243,-0.003645,-0.037388,-1,,,,,,,,,,,,,,,,
44.866624,monitor,24649,616350,25016,1,0,0.000000,0.000000,0.000000,0.000000,0,0,160381,150957,0,-4,0.156242,-0.146603,0.527243,0.000000,0.000000,-1,,,,,,,,,,,,,,,,
44.900582,monitor,24650,616376,24992,1,0,-3.000000,-3.000000,0.000000,-0.048371,0,-1,160381,150956,-126,-125,0.156163,-0.146649,0.526308,-0.003647,-0.037406,-1,,,,,,,,,,,,,,,,
44.917849,monitor,24651,616401,24992,1,0,-3.000000,-3.000000,-0.870685,-0.773942,-18,-16,160361,150940,-119,-120,0.153485,-0.148209,0.528178,-0.124002,0.074813,-1,,,,,,,,,,,,,,,,
44.952548,monitor,24652,616426,24992,1,0,-3.000000,-3.000000,-1.789741,-1.838112,-37,-38,160324,150900,-110,-109,0.147579,-0.151651,0.527243,-0.273534,-0.037406,-1,,,,,,,,,,,,,,,,
44.969660,monitor,24653,616452,25048,1,0,-3.000000,-3.000000,-1.978793,-2.364898,-41,-49,160283,150851,-109,-103,0.140474,-0.155752,0.519764,-0.327507,-0.298582,-1,,,,,,,,,,,,,,,,
45.001786,monitor,24654,616476,24976,1,0,-3.000000,-3.000000,-2.226509,-2.516923,-46,-52,160236,150799,-108,-102,0.132709,-0.160167,0.514155,-0.357646,-0.224582,-1,,,,,,,,,,,,,,,,
45.018957,monitor,24655,616501,24980,1,0,-3.000000,-3.000000,-2.516520,-2.758493,-52,-57,160184,150742,-105,-100,0.124047,-0.165033,0.509481,-0.397727,-0.187122,-1,,,,,,,,,,,,,,,,
45.057159,monitor,24656,616526,25036,1,0,-3.000000,-3.000000,-2.800610,-3.090328,-58,-64,160126,150678,-102,-95,0.114324,-0.170429,0.503872,-0.444166,-0.224043,-1,,,,,,,,,,,,,,,,
45.068707,monitor,24657,616551,24960,1,0,-3.000000,-3.000000,-2.857570,-3.148170,-59,-65,160067,150612,-101,-94,0.104411,-0.175858,0.498262,-0.452822,-0.224725,-1,,,,,,,,,,,,,,,,
45.116558,monitor,24658,616577,25016,1,0,-3.000000,-3.000000,-2.899498,-3.141123,-60,-65,160006,150548,-101,-94,0.094390,-0.181280,0.493588,-0.455452,-0.186852,-1,,,,,,,,,,,,,,,,
45.122307,monitor,24659,616601,24992,1,0,-3.000000,-3.000000,-3.095768,-3.095768,-64,-64,159943,150483,-98,-94,0.084115,-0.186808,0.493588,-0.466831,0.000000,-1,,,,,,,,,,,,,,,,
45.145236,monitor,24660,616626,24996,1,0,-3.000000,-3.000000,-3.095273,-3.240364,-64,-67,159878,150416,-98,-92,0.073592,-0.192450,0.490784,-0.477696,-0.112201,-1,,,,,,,,,,,,,,,,
45.172766,monitor,24661,616651,25000,1,0,-3.000000,-3.000000,-3.143133,-3.288201,-65,-68,159814,150349,-97,-91,0.062892,-0.198149,0.487979,-0.484911,-0.112183,-1,,,,,,,,,,,,,,,,
45.195570,monitor,24662,616676,25036,1,0,-3.000000,-3.000000,-3.138614,-3.235187,-65,-67,159749,150282,-97,-91,0.052260,-0.203780,0.486109,-0.480573,-0.074681,-1,,,,,,,,,,,,,,,,
45.224428,monitor,24663,616701,24980,1,0,-3.000000,-3.000000,-3.048861,-3.242439,-63,-67,159685,150214,-98,-90,0.041773,-0.209296,0.482370,-0.474353,-0.149697,-1,,,,,,,,,,,,,,,,
45.247353,monitor,24664,616726,24984,1,0,-3.000000,-3.000000,-3.096760,-3.241920,-64,-67,159622,150148,-97,-90,0.031187,-0.214820,0.479565,-0.477925,-0.112255,-1,,,,,,,,,,,,,,,,
45.270321,monitor,24665,616751,25008,1,0,-3.000000,-3.000000,-3.045447,-3.238809,-63,-67,159559,150081,-98,-89,0.020664,-0.220268,0.475826,-0.473822,-0.149530,-1,,,,,,,,,,,,,,,,
45.298792,monitor,24666,616776,24996,1,0,-3.000000,-3.000000,-2.998546,-3.240364,-62,-67,159497,150014,-98,-89,0.010199,-0.225629,0.471152,-0.470403,-0.187001,-1,,,,,,,,,,,,,,,,
45.323557,monitor,24667,616801,25012,1,0,-3.000000,-3.000000,-2.948295,-3.238291,-61,-67,159436,149947,-99,-88,-0.000211,-0.230896,0.465542,-0.466458,-0.224259,-1,,,,,,,,,,,,,,,,
45.346317,monitor,24668,616826,24984,1,0,-3.000000,-3.000000,-2.999986,-3.193533,-62,-66,159374,149880,-98,-89,-0.010646,-0.236114,0.461803,-0.466980,-0.149673,-1,,,,,,,,,,,,,,,,
45.374684,monitor,24669,616851,25044,1,0,-3.000000,-3.000000,-3.089340,-3.234153,-64,-67,159310,149814,-97,-88,-0.021344,-0.241419,0.458998,-0.476780,-0.111986,-1,,,,,,,,,,,,,,,,
45.397533,monitor,24670,616877,25020,1,0,-3.000000,-3.000000,-3.092304,-3.188938,-64,-66,159246,149748,-97,-88,-0.031971,-0.246659,0.457129,-0.473595,-0.074729,-1,,,,,,,,,,,,,,,,
45.427375,monitor,24671,616901,24956,1,0,-3.000000,-3.000000,-3.100234,-3.197117,-64,-66,159181,149681,-96,-87,-0.042609,-0.251879,0.455259,-0.474809,-0.074921,-1,,,,,,,,,,,,,,,,
45.450243,monitor,24672,616926,24988,1,0,-3.000000,-3.000000,-3.144643,-3.193022,-65,-66,159116,149615,-96,-87,-0.053336,-0.257124,0.454324,-0.477849,-0.037412,-1,,,,,,,,,,,,,,,,
45.480450,monitor,24673,616951,25000,1,0,-3.000000,-3.000000,-3.143133,-3.239845,-65,-67,159052,149548,-95,-86,-0.064152,-0.262394,0.452454,-0.481265,-0.074789,-1,,,,,,,,,,,,,,,,
45.503318,monitor,24674,616976,25004,1,0,-3.000000,-3.000000,-3.142631,-3.190979,-65,-66,158987,149483,-95,-86,-0.074893,-0.267609,0.451519,-0.477543,-0.037388,-1,,,,,,,,,,,,,,,,
45.533494,monitor,24675,617001,25048,1,0,-3.000000,-3.000000,-3.088847,-3.137110,-64,-65,158923,149418,-96,-87,-0.085476,-0.272735,0.450585,-0.469426,-0.037323,-1,,,,,,,,,,,,,,,,
45.550633,monitor,24676,617026,24956,1,0,-3.000000,-3.000000,-3.100234,-3.148675,-64,-65,158859,149353,-95,-86,-0.096063,-0.277851,0.449650,-0.471157,-0.037460,-1,,,,,,,,,,,,,,,,
45.585568,monitor,24677,617051,24980,1,0,-3.000000,-3.000000,-3.097256,-3.097256,-64,-64,158795,149288,-95,-87,-0.106570,-0.282922,0.449650,-0.467055,0.000000,-1,,,,,,,,,,,,,,,,
45.602729,monitor,24678,617076,25024,1,0,-3.000000,-3.000000,-3.043500,-3.140119,-63,-65,158732,149223,-96,-86,-0.117082,-0.287983,0.447780,-0.466234,-0.074717,-1,,,,,,,,,,,,,,,,
45.638281,monitor,24679,617101,24980,1,0,-3.000000,-3.000000,-3.048861,-3.097256,-63,-64,158669,149160,-96,-86,-0.127519,-0.292990,0.446845,-0.463406,-0.037425,-1,,,,,,,,,,,,,,,,
45.655442,monitor,24680,617126,25016,1,0,-3.000000,-3.000000,-2.899498,-3.092798,-60,-64,158608,149095,-98,-86,-0.137721,-0.297855,0.443106,-0.451809,-0.149482,-1,,,,,,,,,,,,,,,,
45.689146,monitor,24681,617151,25044,1,0,-3.000000,-3.000000,-3.041070,-3.137611,-63,-65,158546,149031,-96,-85,-0.148266,-0.302847,0.441236,-0.465862,-0.074657,-1,,,,,,,,,,,,,,,,
45.700538,monitor,24682,617176,24952,1,0,-3.000000,-3.000000,-3.052282,-3.052282,-63,-63,158483,148967,-96,-86,-0.158650,-0.307752,0.441236,-0.460273,0.000000,-1,,,,,,,,,,,,,,,,
45.740307,monitor,24683,617201,25004,1,0,-3.000000,-3.000000,-3.045934,-3.094283,-63,-64,158419,148904,-96,-85,-0.169120,-0.312691,0.440301,-0.462961,-0.037388,-1,,,,,,,,,,,,,,,,
45.751741,monitor,24684,617226,24996,1,0,-3.000000,-3.000000,-2.998546,-3.046909,-62,-63,158358,148840,-96,-86,-0.179429,-0.317542,0.439366,-0.455817,-0.037400,-1,,,,,,,,,,,,,,,,
45.791304,monitor,24685,617251,25000,1,0,-3.000000,-3.000000,-2.998066,-3.094778,-62,-64,158295,148776,-96,-85,-0.189828,-0.322417,0.437497,-0.459390,-0.074789,-1,,,,,,,,,,,,,,,,
45.802735,monitor,24686,617276,24992,1,0,-3.000000,-3.000000,-3.047397,-3.144140,-63,-65,158233,148711,-95,-84,-0.200400,-0.327351,0.435627,-0.466831,-0.074813,-1,,,,,,,,,,,,,,,,
45.842684,monitor,24687,617302,24996,1,0,-3.000000,-3.000000,-3.046909,-3.143636,-63,-65,158169,148646,-95,-84,-0.210982,-0.332264,0.433757,-0.466756,-0.074800,-1,,,,,,,,,,,,,,,,
45.854204,monitor,24688,617326,25044,1,0,-3.000000,-3.000000,-3.089340,-3.089340,-64,-64,158106,148583,-95,-84,-0.221569,-0.337167,0.433757,-0.465862,0.000000,-1,,,,,,,,,,,,,,,,
45.894422,monitor,24689,617351,24968,1,0,-3.000000,-3.000000,-3.050326,-3.098744,-63,-64,158042,148519,-95,-84,-0.232075,-0.342028,0.432822,-0.463629,-0.037442,-1,,,,,,,,,,,,,,,,
45.905878,monitor,24690,617376,25024,1,0,-3.000000,-3.000000,-3.140119,-3.091810,-65,-64,157978,148455,-94,-84,-0.242747,-0.346964,0.433757,-0.469876,0.037358,-1,,,,,,,,,,,,,,,,
45.946712,monitor,24691,617401,25012,1,0,-3.000000,-3.000000,-3.044960,-3.044960,-63,-63,157914,148392,-95,-85,-0.253168,-0.351791,0.433757,-0.459169,0.000000,-1,,,,,,,,,,,,,,,,
45.963791,monitor,24692,617426,24952,1,0,-3.000000,-3.000000,-3.100731,-3.003833,-64,-62,157850,148329,-94,-85,-0.263585,-0.356628,0.435627,-0.460273,0.074933,-1,,,,,,,,,,,,,,,,
45.998461,monitor,24693,617451,25064,1,0,-3.000000,-3.000000,-3.135108,-3.086875,-65,-64,157786,148266,-93,-84,-0.274242,-0.361595,0.436562,-0.469126,0.037299,-1,,,,,,,,,,,,,,,,
46.004251,monitor,24694,617477,24988,1,0,-3.000000,-3.000000,-3.096264,-2.999506,-64,-62,157722,148203,-93,-85,-0.284645,-0.366460,0.438431,-0.459610,0.074825,-1,,,,,,,,,,,,,,,,
46.050229,monitor,24695,617501,24960,1,0,-3.000000,-3.000000,-3.051304,-3.051304,-63,-63,157659,148141,-94,-84,-0.295044,-0.371336,0.438431,-0.460126,0.000000,-1,,,,,,,,,,,,,,,,
46.056001,monitor,24696,617526,25012,1,0,-3.000000,-3.000000,-3.044960,-3.044960,-63,-63,157595,148078,-94,-84,-0.305442,-0.376211,0.438431,-0.459169,0.000000,-1,,,,,,,,,,,,,,,,
46.103844,monitor,24697,617551,24996,1,0,-3.000000,-3.000000,-3.095273,-3.046909,-64,-63,157532,148015,-93,-84,-0.315921,-0.381130,0.439366,-0.463110,0.037400,-1,,,,,,,,,,,,,,,,
46.109588,monitor,24698,617576,24992,1,0,-3.000000,-3.000000,-3.047397,-2.999026,-63,-62,157468,147952,-94,-85,-0.326230,-0.385982,0.440301,-0.455890,0.037406,-1,,,,,,,,,,,,,,,,
46.131792,monitor,24699,617602,24992,1,0,-3.000000,-3.000000,-3.047397,-2.999026,-63,-62,157406,147890,-93,-85,-0.336535,-0.390843,0.441236,-0.455890,0.037406,-1,,,,,,,,,,,,,,,,
46.155929,monitor,24700,617626,24996,1,0,-3.000000,-3.000000,-2.998546,-2.998546,-62,-62,157344,147829,-94,-85,-0.346755,-0.395669,0.441236,-0.452170,0.000000,-1,,,,,,,,,,,,,,,,
46.184466,monitor,24701,617651,25020,1,0,-3.000000,-3.000000,-2.995669,-2.995669,-62,-62,157282,147767,-94,-85,-0.356975,-0.400496,0.441236,-0.451736,0.000000,-1,,,,,,,,,,,,,,,,
46.207315,monitor,24702,617676,24996,1,0,-3.000000,-3.000000,-3.046909,-3.046909,-63,-63,157219,147704,-93,-84,-0.367360,-0.405401,0.441236,-0.459463,0.000000,-1,,,,,,,,,,,,,,,,
46.235867,monitor,24703,617701,25020,1,0,-3.000000,-3.000000,-3.043987,-3.043987,-63,-63,157156,147641,-93,-84,-0.377744,-0.410305,0.441236,-0.459022,0.000000,-1,,,,,,,,,,,,,,,,
46.259328,monitor,24704,617726,24972,1,0,-3.000000,-3.000000,-3.049838,-3.001428,-63,-62,157093,147578,-93,-85,-0.388045,-0.415176,0.442171,-0.456255,0.037436,-1,,,,,,,,,,,,,,,,
46.282241,monitor,24705,617751,25008,1,0,-3.000000,-3.000000,-2.997107,-3.045447,-62,-63,157030,147515,-94,-84,-0.398345,-0.420047,0.441236,-0.455598,-0.037382,-1,,,,,,,,,,,,,,,,
46.310996,monitor,24706,617776,25000,1,0,-3.000000,-3.000000,-3.094778,-3.046422,-64,-63,156967,147452,-92,-84,-0.408810,-0.424995,0.442171,-0.463036,0.037394,-1,,,,,,,,,,,,,,,,
46.333892,monitor,24707,617801,24984,1,0,-3.000000,-3.000000,-3.096760,-3.096760,-64,-64,156903,147389,-92,-83,-0.419354,-0.429987,0.442171,-0.466980,0.000000,-1,,,,,,,,,,,,,,,,
46.364711,monitor,24708,617826,25012,1,0,-3.000000,-3.000000,-3.044960,-3.044960,-63,-63,156840,147326,-93,-83,-0.429735,-0.434902,0.442171,-0.459169,0.000000,-1,,,,,,,,,,,,,,,,
46.387417,monitor,24709,617851,24996,1,0,-3.000000,-3.000000,-3.046909,-3.095273,-63,-64,156776,147262,-93,-83,-0.440200,-0.439850,0.441236,-0.463110,-0.037400,-1,,,,,,,,,,,,,,,,
46.413769,monitor,24710,617876,25016,1,0,-3.000000,-3.000000,-3.141123,-2.996148,-65,-62,156712,147199,-91,-84,-0.450660,-0.444808,0.444041,-0.462739,0.112111,-1,,,,,,,,,,,,,,,,
46.436333,monitor,24711,617902,25012,1,0,-3.000000,-3.000000,-3.093293,-3.044960,-64,-63,156648,147137,-92,-83,-0.461111,-0.449786,0.444975,-0.462813,0.037377,-1,,,,,,,,,,,,,,,,
46.472588,monitor,24712,617926,24988,1,0,-3.000000,-3.000000,-3.047885,-3.047885,-63,-63,156585,147074,-92,-83,-0.471477,-0.454730,0.444975,-0.459610,0.000000,-1,,,,,,,,,,,,,,,,
46.489695,monitor,24713,617951,24996,1,0,-3.000000,-3.000000,-3.095273,-2.998546,-64,-62,156521,147011,-91,-84,-0.481839,-0.459683,0.446845,-0.459463,0.074800,-1,,,,,,,,,,,,,,,,
46.525873,monitor,24714,617976,25020,1,0,-3.000000,-3.000000,-3.043987,-3.043987,-63,-63,156458,146949,-92,-83,-0.492196,-0.464646,0.446845,-0.459022,0.000000,-1,,,,,,,,,,,,,,,,
46.543136,monitor,24715,618001,24964,1,0,-3.000000,-3.000000,-3.050815,-2.953964,-63,-61,156395,146887,-92,-84,-0.502384,-0.469539,0.448715,-0.452750,0.074896,-1,,,,,,,,,,,,,,,,
46.581964,monitor,24716,618027,25012,1,0,-3.000000,-3.000000,-2.996628,-2.948295,-62,-61,156333,146827,-92,-84,-0.512483,-0.474407,0.449650,-0.448237,0.037376,-1,,,,,,,,,,,,,,,,
46.587732,monitor,24717,618051,24988,1,0,-3.000000,-3.000000,-2.999506,-2.902748,-62,-60,156271,146767,-92,-85,-0.522494,-0.479250,0.451519,-0.445019,0.074825,-1,,,,,,,,,,,,,,,,
46.628405,monitor,24718,618076,25004,1,0,-3.000000,-3.000000,-3.045934,-2.949238,-63,-61,156208,146706,-92,-85,-0.532659,-0.484191,0.453389,-0.452025,0.074777,-1,,,,,,,,,,,,,,,,
46.639894,monitor,24719,618101,24988,1,0,-3.000000,-3.000000,-3.047885,-2.951127,-63,-61,156144,146644,-91,-85,-0.542815,-0.489151,0.455259,-0.452315,0.074825,-1,,,,,,,,,,,,,,,,
46.679876,monitor,24720,618126,25004,1,0,-3.000000,-3.000000,-2.997586,-2.949238,-62,-61,156082,146584,-92,-85,-0.552882,-0.494086,0.456194,-0.448380,0.037388,-1,,,,,,,,,,,,,,,,
46.691300,monitor,24721,618151,25020,1,0,-3.000000,-3.000000,-2.995669,-2.947352,-62,-61,156020,146522,-92,-85,-0.562944,-0.499029,0.457129,-0.448093,0.037364,-1,,,,,,,,,,,,,,,,
46.730060,monitor,24722,618176,24988,1,0,0.000000,0.000000,-2.999506,-2.999506,-62,-62,155959,146461,33,37,-0.573086,-0.504018,0.457129,-0.452315,0.000000,-1,,,,,,,,,,,,,,,,
46.741594,monitor,24723,618201,24988,1,0,0.000000,0.000000,-2.225440,-2.177061,-46,-45,155915,146418,27,30,-0.580527,-0.507682,0.458064,-0.331941,0.037412,-1,,,,,,,,,,,,,,,,
46.782027,monitor,24724,618226,25012,1,0,0.000000,0.000000,-0.869989,-0.821656,-18,-17,155898,146402,12,14,-0.583388,-0.509094,0.458998,-0.127547,0.037376,-1,,,,,,,,,,,,,,,,
46.787854,monitor,24725,618251,25000,1,0,0.000000,0.000000,-0.386847,-0.193424,-8,-4,155890,146398,6,6,-0.584368,-0.509581,0.462738,-0.043751,0.149577,-1,,,,,,,,,,,,,,,,
46.833937,monitor,24726,618276,24988,1,0,3.000000,-3.000000,-0.241896,-0.096758,-5,-2,155884,146396,131,-116,-0.584938,-0.509867,0.465542,-0.025534,0.112237,-1,,,,,,,,,,,,,,,,
46.839701,monitor,24727,618301,25004,1,0,3.000000,-3.000000,0.531830,-0.870267,11,-18,155898,146376,126,-110,-0.585512,-0.510145,0.438432,-0.025518,-1.084263,-1,,,,,,,,,,,,,,,,
46.887578,monitor,24728,618326,24996,1,0,3.000000,-3.000000,1.596000,-1.982909,33,-41,155931,146335,115,-97,-0.586183,-0.510432,0.369252,-0.029172,-2.767625,-1,,,,,,,,,,,,,,,,
46.893304,monitor,24729,618351,25012,1,0,3.000000,-3.000000,2.174972,-2.174972,45,-45,155977,146290,109,-97,-0.586183,-0.510432,0.285115,0.000000,-3.363878,-1,,,,,,,,,,,,,,,,
46.916132,monitor,24730,618376,25000,1,0,3.000000,-3.000000,2.514507,-2.321083,52,-48,156028,146241,105,-96,-0.585828,-0.510346,0.191629,0.014584,-3.739435,-1,,,,,,,,,,,,,,,,
46.943413,monitor,24731,618401,24996,1,0,3.000000,-3.000000,2.660000,-2.418182,55,-50,156084,146191,104,-96,-0.585377,-0.510281,0.093469,0.018233,-3.927036,-1,,,,,,,,,,,,,,,,
46.966262,monitor,24732,618426,25012,1,0,3.000000,-3.000000,2.851630,-2.561633,59,-53,156143,146138,102,-95,-0.584831,-0.510258,-0.011236,0.021865,-4.186159,-1,,,,,,,,,,,,,,,,
46.992490,monitor,24733,618451,24988,1,0,3.000000,-3.000000,2.902748,-2.709231,60,-56,156203,146082,101,-94,-0.584467,-0.510282,-0.119679,0.014591,-4.339828,-1,,,,,,,,,,,,,,,,
47.015363,monitor,24734,618476,25032,1,0,3.000000,-3.000000,2.994233,-2.752763,62,-57,156265,146025,100,-93,-0.584018,-0.510362,-0.230927,0.018206,-4.444240,-1,,,,,,,,,,,,,,,,
47.044286,monitor,24735,618501,24984,1,0,3.000000,-3.000000,2.951599,-2.758052,61,-57,156326,145968,101,-94,-0.583669,-0.510465,-0.341241,0.014593,-4.415359,-1,,,,,,,,,,,,,,,,
47.067079,monitor,24736,618526,25032,1,0,3.000000,-3.000000,3.042527,-2.849351,63,-59,156389,145909,100,-93,-0.583332,-0.510606,-0.455294,0.014565,-4.556279,-1,,,,,,,,,,,,,,,,
47.096640,monitor,24737,618551,24956,1,0,3.000000,-3.000000,3.051793,-2.858029,63,-59,156452,145850,99,-93,-0.583015,-0.510785,-0.569346,0.014609,-4.570155,-1,,,,,,,,,,,,,,,,
47.118940,monitor,24738,618576,25008,1,0,3.000000,-3.000000,3.045447,-2.852086,63,-59,156516,145790,99,-94,-0.582719,-0.510998,-0.683399,0.014579,-4.560652,-1,,,,,,,,,,,,,,,,
47.147292,monitor,24739,618601,25028,1,0,3.000000,-3.000000,3.043014,-2.898108,63,-60,156579,145731,99,-93,-0.582518,-0.511183,-0.798387,0.010926,-4.594360,-1,,,,,,,,,,,,,,,,
47.170110,monitor,24740,618627,24952,1,0,3.000000,-3.000000,3.052282,-2.858487,63,-59,156641,145672,99,-94,-0.582278,-0.511458,-0.912440,0.014612,-4.570887,-1,,,,,,,,,,,,,,,,
47.200231,monitor,24741,618651,25004,1,0,3.000000,-3.000000,2.997586,-2.852542,62,-59,156704,145613,100,-94,-0.582124,-0.511684,-1.025558,0.010936,-4.523993,-1,,,,,,,,,,,,,,,,
47.223031,monitor,24742,618676,24996,1,0,3.000000,-3.000000,3.095273,-2.853455,64,-59,156767,145554,98,-95,-0.581910,-0.512086,-1.140545,0.018233,-4.600242,-1,,,,,,,,,,,,,,,,
47.254136,monitor,24743,618701,25028,1,0,3.000000,-3.000000,3.043014,-2.849807,63,-59,156830,145495,99,-95,-0.581777,-0.512426,-1.254598,0.014567,-4.557007,-1,,,,,,,,,,,,,,,,
47.271231,monitor,24744,618726,25076,1,0,3.000000,-3.000000,2.988979,-2.892561,62,-60,156892,145435,100,-95,-0.581730,-0.512602,-1.368651,0.007270,-4.548285,-1,,,,,,,,,,,,,,,,
47.306598,monitor,24745,618752,24944,1,0,0.000000,0.000000,2.956332,-2.907868,61,-60,156954,145375,-25,26,-0.581717,-0.512692,-1.481769,0.003654,-4.534875,-1,,,,,,,,,,,,,,,,
47.323144,monitor,24746,618776,24952,1,0,0.000000,0.000000,2.131753,-2.083304,44,-43,156995,145334,-18,20,-0.581713,-0.512783,-1.563101,0.003653,-3.259567,-1,,,,,,,,,,,,,,,,
47.357892,monitor,24747,618801,25028,1,0,0.000000,0.000000,0.772829,-0.821131,16,-17,157010,145318,-2,5,-0.581712,-0.512692,-1.593952,-0.003642,-1.232633,-1,,,,,,,,,,,,,,,,
47.369392,monitor,24748,618826,24984,1,0,0.000000,0.000000,0.241934,-0.338708,5,-7,157015,145311,3,0,-0.581707,-0.512510,-1.605170,-0.007297,-0.449020,-1,,,,,,,,,,,,,,,,
47.409212,monitor,24749,618851,25016,1,0,0.000000,0.000000,0.241625,-0.193300,5,-4,157020,145306,3,-1,-0.581710,-0.512601,-1.613584,0.003644,-0.336334,-1,,,,,,,,,,,,,,,,
47.420652,monitor,24750,618875,24988,1,0,0.000000,0.000000,0.193517,-0.290275,4,-6,157024,145301,3,0,-0.581702,-0.512419,-1.622932,-0.007295,-0.374123,-1,,,,,,,,,,,,,,,,
47.462967,monitor,24751,618901,25004,1,0,0.000000,0.000000,0.096696,-0.096696,2,-2,157026,145299,4,-1,-0.581702,-0.512419,-1.626672,0.000000,-0.149553,-1,,,,,,,,,,,,,,,,
47.474426,monitor,24752,618926,24980,1,0,0.000000,0.000000,0.048395,0.000000,1,0,157027,145299,4,-3,-0.581707,-0.512510,-1.627607,0.003649,-0.037424,-1,,,,,,,,,,,,,,,,
47.518263,monitor,24753,618951,25008,1,0,0.000000,0.000000,0.048340,0.000000,1,0,157028,145299,4,-3,-0.581712,-0.512601,-1.628541,0.003645,-0.037382,-1,,,,,,,,,,,,,,,,
47.524047,monitor,24754,618976,24992,1,0,0.000000,0.000000,0.096743,0.000000,2,0,157030,145299,3,-3,-0.581723,-0.512783,-1.630411,0.007294,-0.074813,-1,,,,,,,,,,,,,,,,
47.546794,monitor,24755,619000,25016,1,0,3.000000,3.000000,0.000000,0.000000,0,0,157030,145299,131,118,-0.581723,-0.512783,-1.630411,0.000000,0.000000,-1,,,,,,,,,,,,,,,,
47.573953,monitor,24756,619026,25004,1,0,3.000000,3.000000,0.870267,0.773571,18,16,157050,145316,124,113,-0.581910,-0.515876,-1.632281,0.123942,-0.074777,-1,,,,,,,,,,,,,,,,
47.602424,monitor,24757,619052,24980,1,0,3.000000,3.000000,1.790601,1.693812,37,35,157087,145352,114,103,-0.582320,-0.522426,-1.634150,0.262719,-0.074849,-1,,,,,,,,,,,,,,,,
47.629986,monitor,24758,619076,25016,1,0,3.000000,3.000000,2.271274,2.174624,47,45,157135,145398,109,99,-0.582858,-0.530795,-1.636020,0.335213,-0.074741,-1,,,,,,,,,,,,,,,,
47.652858,monitor,24759,619101,24992,1,0,3.000000,3.000000,2.466940,2.370198,51,49,157186,145447,108,97,-0.583461,-0.539889,-1.637890,0.364712,-0.074813,-1,,,,,,,,,,,,,,,,
47.677341,monitor,24760,619126,25028,1,0,3.000000,3.000000,2.753203,2.656599,57,55,157244,145502,105,94,-0.584155,-0.550075,-1.639759,0.407890,-0.074705,-1,,,,,,,,,,,,,,,,
47.700177,monitor,24761,619151,25012,1,0,3.000000,3.000000,3.044960,2.948295,63,61,157306,145563,101,91,-0.584944,-0.561349,-1.641629,0.451881,-0.074753,-1,,,,,,,,,,,,,,,,
47.732475,monitor,24762,619176,24968,1,0,3.000000,3.000000,3.147162,3.050326,65,63,157371,145627,99,89,-0.585781,-0.572986,-1.643499,0.467280,-0.074885,-1,,,,,,,,,,,,,,,,
47.755327,monitor,24763,619201,24984,1,0,3.000000,3.000000,3.145146,3.096760,65,64,157437,145690,99,88,-0.586640,-0.584713,-1.644434,0.470629,-0.037418,-1,,,,,,,,,,,,,,,,
47.786826,monitor,24764,619227,25020,1,0,3.000000,3.000000,3.237256,3.092304,67,64,157503,145755,97,88,-0.587536,-0.596620,-1.647238,0.477238,-0.112093,-1,,,,,,,,,,,,,,,,
47.803959,monitor,24765,619251,25008,1,0,3.000000,3.000000,3.190469,3.190469,66,66,157570,145820,98,87,-0.588454,-0.608616,-1.647238,0.481111,0.000000,-1,,,,,,,,,,,,,,,,
47.840419,monitor,24766,619276,24980,1,0,3.000000,3.000000,3.290834,3.145650,68,65,157638,145886,96,87,-0.589397,-0.620703,-1.650043,0.485300,-0.112273,-1,,,,,,,,,,,,,,,,
47.851852,monitor,24767,619301,25012,1,0,3.000000,3.000000,3.286624,3.093293,68,64,157706,145950,95,87,-0.590372,-0.632695,-1.653782,0.481034,-0.149506,-1,,,,,,,,,,,,,,,,
47.894139,monitor,24768,619326,25008,1,0,3.000000,3.000000,3.238809,3.142128,67,65,157772,146015,95,87,-0.591380,-0.644684,-1.655652,0.481111,-0.074765,-1,,,,,,,,,,,,,,,,
47.905207,monitor,24769,619352,24980,1,0,3.000000,3.000000,3.145650,3.097256,65,64,157838,146079,96,87,-0.592382,-0.656399,-1.656587,0.470704,-0.037424,-1,,,,,,,,,,,,,,,,
47.946388,monitor,24770,619376,25020,1,0,3.000000,3.000000,3.188938,3.188938,66,66,157904,146145,95,85,-0.593413,-0.668387,-1.656587,0.480881,0.000000,-1,,,,,,,,,,,,,,,,
47.952130,monitor,24771,619401,24988,1,0,3.000000,3.000000,3.193022,3.096264,66,64,157970,146209,95,86,-0.594440,-0.680192,-1.658456,0.474201,-0.074825,-1,,,,,,,,,,,,,,,,
48.000447,monitor,24772,619426,25016,1,0,3.000000,3.000000,3.141123,3.141123,65,65,158035,146273,95,86,-0.595477,-0.691995,-1.658456,0.473670,0.000000,-1,,,,,,,,,,,,,,,,
48.005588,monitor,24773,619451,24976,1,0,3.000000,3.000000,3.146154,3.097752,65,64,158100,146338,95,86,-0.596512,-0.703708,-1.659391,0.470779,-0.037430,-1,,,,,,,,,,,,,,,,
48.028396,monitor,24774,619476,24996,1,0,3.000000,3.000000,3.143636,3.192000,65,66,158165,146404,95,84,-0.597563,-0.715602,-1.658456,0.477696,0.037401,-1,,,,,,,,,,,,,,,,
48.054130,monitor,24775,619501,25076,1,0,3.000000,3.000000,3.181817,3.133607,66,65,158230,146468,94,85,-0.598614,-0.727496,-1.659391,0.476172,-0.037281,-1,,,,,,,,,,,,,,,,
48.082638,monitor,24776,619526,24956,1,0,3.000000,3.000000,3.100234,3.100234,64,64,158294,146532,95,85,-0.599646,-0.739118,-1.659391,0.467504,0.000000,-1,,,,,,,,,,,,,,,,
48.109070,monitor,24777,619551,24992,1,0,3.000000,3.000000,3.047397,3.095768,63,64,158358,146597,95,85,-0.600665,-0.750649,-1.658456,0.463184,0.037406,-1,,,,,,,,,,,,,,,,
48.131903,monitor,24778,619576,25000,1,0,3.000000,3.000000,3.143133,3.143133,65,65,158422,146661,94,84,-0.601702,-0.762452,-1.658456,0.473973,0.000000,-1,,,,,,,,,,,,,,,,
48.162899,monitor,24779,619601,24996,1,0,3.000000,3.000000,3.095273,3.095273,64,64,158486,146725,94,84,-0.602724,-0.774075,-1.658456,0.466756,0.000000,-1,,,,,,,,,,,,,,,,
48.180021,monitor,24780,619626,25012,1,0,3.000000,3.000000,3.093293,3.044960,64,63,158550,146789,94,85,-0.603743,-0.785606,-1.659391,0.462813,-0.037377,-1,,,,,,,,,,,,,,,,
48.215915,monitor,24781,619651,24964,1,0,3.000000,3.000000,3.099241,3.099241,64,64,158614,146852,94,84,-0.604775,-0.797227,-1.659391,0.467355,0.000000,-1,,,,,,,,,,,,,,,,
48.233012,monitor,24782,619676,25016,1,0,3.000000,3.000000,3.092798,3.044473,64,63,158678,146916,94,85,-0.605804,-0.808757,-1.660326,0.462739,-0.037370,-1,,,,,,,,,,,,,,,,
48.270083,monitor,24783,619701,24996,1,0,3.000000,3.000000,3.095273,2.998546,64,62,158742,146977,93,85,-0.606842,-0.820195,-1.662196,0.459463,-0.074800,-1,,,,,,,,,,,,,,,,
48.281511,monitor,24784,619726,25012,1,0,3.000000,3.000000,3.093293,2.996628,64,62,158806,147040,93,85,-0.607901,-0.831631,-1.664065,0.459169,-0.074753,-1,,,,,,,,,,,,,,,,
48.323221,monitor,24785,619751,25004,1,0,3.000000,3.000000,3.094283,3.094283,64,64,158871,147103,93,84,-0.608988,-0.843247,-1.664065,0.466607,0.000000,-1,,,,,,,,,,,,,,,,
48.334658,monitor,24786,619777,24992,1,0,3.000000,3.000000,3.144140,3.095768,65,64,158935,147167,92,84,-0.610088,-0.854954,-1.665000,0.470478,-0.037406,-1,,,,,,,,,,,,,,,,
48.377639,monitor,24787,619801,25000,1,0,3.000000,3.000000,3.094778,3.094778,64,64,158999,147231,93,83,-0.611185,-0.866569,-1.665000,0.466682,0.000000,-1,,,,,,,,,,,,,,,,
48.383431,monitor,24788,619826,25000,1,0,3.000000,3.000000,3.046422,3.094778,63,64,159063,147295,93,83,-0.612269,-0.878094,-1.664065,0.463036,0.037394,-1,,,,,,,,,,,,,,,,
48.406202,monitor,24789,619851,25028,1,0,3.000000,3.000000,3.091316,3.091316,64,64,159126,147359,92,83,-0.613356,-0.889710,-1.664065,0.466159,0.000000,-1,,,,,,,,,,,,,,,,
48.433761,monitor,24790,619876,24976,1,0,3.000000,3.000000,3.097752,3.049349,64,63,159190,147423,92,84,-0.614439,-0.901235,-1.665000,0.463481,-0.037430,-1,,,,,,,,,,,,,,,,
48.456599,monitor,24791,619901,24984,1,0,3.000000,3.000000,3.048373,3.096760,63,64,159253,147487,93,83,-0.615523,-0.912760,-1.664065,0.463332,0.037418,-1,,,,,,,,,,,,,,,,
48.487885,monitor,24792,619926,25016,1,0,3.000000,3.000000,3.044473,3.092798,63,64,159316,147551,93,83,-0.616595,-0.924287,-1.663131,0.462739,0.037370,-1,,,,,,,,,,,,,,,,
48.537967,monitor,24793,619952,25008,1,0,3.000000,3.000000,2.997107,3.142128,62,65,159379,147615,93,82,-0.617646,-0.935815,-1.660326,0.462887,0.112147,-1,,,,,,,,,,,,,,,,
48.537967,monitor,24794,619976,24992,1,0,3.000000,3.000000,3.047397,3.095768,63,64,159441,147679,92,82,-0.618676,-0.947345,-1.659391,0.463184,0.037406,-1,,,,,,,,,,,,,,,,
48.560842,monitor,24795,620001,24992,1,0,3.000000,3.000000,3.047397,3.047397,63,63,159504,147742,92,83,-0.619692,-0.958784,-1.659391,0.459537,0.000000,-1,,,,,,,,,,,,,,,,
48.586821,monitor,24796,620026,25036,1,0,3.000000,3.000000,3.042041,3.042041,63,63,159567,147805,92,83,-0.620708,-0.970224,-1.659391,0.458729,0.000000,-1,,,,,,,,,,,,,,,,
48.609235,monitor,24797,620051,24948,1,0,3.000000,3.000000,3.004315,3.004315,62,62,159630,147867,93,83,-0.621708,-0.981482,-1.659391,0.453040,0.000000,-1,,,,,,,,,,,,,,,,
48.640440,monitor,24798,620077,25000,1,0,3.000000,3.000000,3.046422,2.998066,63,62,159693,147930,92,83,-0.622722,-0.992831,-1.660326,0.455744,-0.037394,-1,,,,,,,,,,,,,,,,
48.663220,monitor,24799,620101,25020,1,0,3.000000,3.000000,2.995669,2.995669,62,62,159755,147992,93,83,-0.623732,-1.004088,-1.660326,0.451736,0.000000,-1,,,,,,,,,,,,,,,,
48.693884,monitor,24800,620126,25028,1,0,3.000000,3.000000,3.091316,3.043014,64,63,159818,148054,91,83,-0.624773,-1.015617,-1.661261,0.462518,-0.037353,-1,,,,,,,,,,,,,,,,
48.710965,monitor,24801,620151,24952,1,0,3.000000,3.000000,3.100731,2.955384,64,61,159882,148116,91,84,-0.625818,-1.026962,-1.664066,0.456620,-0.112399,-1,,,,,,,,,,,,,,,,
48.747119,monitor,24802,620176,25024,1,0,3.000000,3.000000,3.043500,2.995190,63,62,159945,148178,92,83,-0.626884,-1.038306,-1.665000,0.455307,-0.037359,-1,,,,,,,,,,,,,,,,
48.764207,monitor,24803,620201,24980,1,0,3.000000,3.000000,3.000466,3.048861,62,63,160008,148241,92,82,-0.627951,-1.049649,-1.664066,0.456109,0.037424,-1,,,,,,,,,,,,,,,,
48.799732,monitor,24804,620226,25020,1,0,3.000000,3.000000,3.092304,3.043987,64,63,160071,148303,91,82,-0.629034,-1.061175,-1.665000,0.462665,-0.037364,-1,,,,,,,,,,,,,,,,
48.811258,monitor,24805,620251,24988,1,0,3.000000,3.000000,2.999506,2.999506,62,62,160134,148366,92,83,-0.630098,-1.072427,-1.665000,0.452315,0.000000,-1,,,,,,,,,,,,,,,,
48.853770,monitor,24806,620276,25004,1,0,3.000000,3.000000,3.045934,3.094283,63,64,160197,148430,91,82,-0.631181,-1.083952,-1.664066,0.462961,0.037388,-1,,,,,,,,,,,,,,,,
48.865250,monitor,24807,620301,25028,1,0,3.000000,3.000000,3.043014,3.091316,63,64,160260,148493,91,81,-0.632254,-1.095478,-1.663131,0.462518,0.037353,-1,,,,,,,,,,,,,,,,
48.908144,monitor,24808,620326,24972,1,0,3.000000,3.000000,3.049838,3.098248,63,64,160322,148557,91,81,-0.633316,-1.107005,-1.662196,0.463555,0.037437,-1,,,,,,,,,,,,,,,,
48.913883,monitor,24809,620351,25016,1,0,3.000000,3.000000,2.947823,3.044473,61,63,160384,148621,93,82,-0.634337,-1.118261,-1.660326,0.451809,0.074741,-1,,,,,,,,,,,,,,,,
48.962428,monitor,24810,620377,24996,1,0,3.000000,3.000000,2.950182,3.046909,61,63,160445,148684,93,82,-0.635337,-1.129519,-1.658457,0.452170,0.074801,-1,,,,,,,,,,,,,,,,
48.968153,monitor,24811,620401,24984,1,0,3.000000,3.000000,2.999986,3.096760,62,64,160506,148747,92,81,-0.636332,-1.140961,-1.656587,0.459684,0.074837,-1,,,,,,,,,,,,,,,,
48.990901,monitor,24812,620426,24992,1,0,3.000000,3.000000,2.950654,3.047397,61,63,160568,148811,93,81,-0.637289,-1.152223,-1.654717,0.452242,0.074813,-1,,,,,,,,,,,,,,,,
49.015904,monitor,24813,620451,25020,1,0,3.000000,3.000000,3.043987,3.043987,63,63,160631,148873,91,81,-0.638252,-1.163667,-1.654717,0.459022,0.000000,-1,,,,,,,,,,,,,,,,
49.038688,monitor,24814,620476,24984,1,0,3.000000,3.000000,2.999986,2.951599,62,61,160692,148935,92,83,-0.639197,-1.174838,-1.655652,0.448739,-0.037418,-1,,,,,,,,,,,,,,,,
49.070416,monitor,24815,620502,25000,1,0,3.000000,3.000000,2.998066,2.949710,62,61,160754,148996,92,83,-0.640153,-1.186009,-1.656587,0.448452,-0.037394,-1,,,,,,,,,,,,,,,,
49.092919,monitor,24816,620526,25012,1,0,3.000000,3.000000,2.996628,2.899962,62,60,160817,149056,92,84,-0.641116,-1.197087,-1.658457,0.444592,-0.074753,-1,,,,,,,,,,,,,,,,
49.123402,monitor,24817,620551,25004,1,0,3.000000,3.000000,3.045934,2.900890,63,60,160879,149116,91,84,-0.642113,-1.208254,-1.661261,0.448380,-0.112165,-1,,,,,,,,,,,,,,,,
49.140556,monitor,24818,620576,25028,1,0,3.000000,3.000000,2.994712,2.898108,62,60,160941,149175,92,84,-0.643128,-1.219328,-1.663131,0.444308,-0.074705,-1,,,,,,,,,,,,,,,,
49.179015,monitor,24819,620601,24968,1,0,3.000000,3.000000,3.001908,2.856655,62,59,161003,149234,92,85,-0.644160,-1.230308,-1.665935,0.441725,-0.112327,-1,,,,,,,,,,,,,,,,
49.190487,monitor,24820,620626,25028,1,0,3.000000,3.000000,2.994712,2.946410,62,61,161065,149295,92,84,-0.645230,-1.241469,-1.666870,0.447950,-0.037353,-1,,,,,,,,,,,,,,,,
49.235296,monitor,24821,620651,24972,1,0,3.000000,3.000000,3.001428,2.904607,62,60,161128,149355,92,85,-0.646307,-1.252536,-1.668740,0.445305,-0.074873,-1,,,,,,,,,,,,,,,,
49.283158,monitor,24822,620677,24996,1,0,3.000000,3.000000,3.046909,2.853455,63,59,161190,149415,91,85,-0.647416,-1.263601,-1.672479,0.444877,-0.149601,-1,,,,,,,,,,,,,,,,
49.283158,monitor,24823,620701,25028,1,0,3.000000,3.000000,3.043014,2.946410,63,61,161253,149476,91,84,-0.648573,-1.274844,-1.674349,0.451592,-0.074705,-1,,,,,,,,,,,,,,,,
49.294669,monitor,24824,620726,24968,1,0,3.000000,3.000000,3.001908,2.953490,62,61,161315,149537,92,84,-0.649737,-1.285995,-1.675284,0.449026,-0.037442,-1,,,,,,,,,,,,,,,,
49.335998,monitor,24825,620751,25044,1,0,3.000000,3.000000,2.992799,3.041070,62,63,161378,149599,92,83,-0.650921,-1.297327,-1.674349,0.454943,0.037329,-1,,,,,,,,,,,,,,,,
49.346989,monitor,24826,620776,24964,1,0,3.000000,3.000000,3.099241,3.002389,64,62,161441,149661,90,84,-0.652118,-1.308749,-1.676219,0.460052,-0.074897,-1,,,,,,,,,,,,,,,,
49.388499,monitor,24827,620802,24992,1,0,3.000000,3.000000,3.047397,2.999026,63,62,161505,149723,91,84,-0.653323,-1.320079,-1.677153,0.455890,-0.037406,-1,,,,,,,,,,,,,,,,
49.394239,monitor,24828,620826,25004,1,0,3.000000,3.000000,3.094283,3.045934,64,63,161568,149786,90,83,-0.654557,-1.331589,-1.678088,0.462961,-0.037388,-1,,,,,,,,,,,,,,,,
49.441491,monitor,24829,620851,25036,1,0,3.000000,3.000000,3.042041,3.042041,63,63,161631,149849,91,83,-0.655787,-1.343007,-1.678088,0.458729,0.000000,-1,,,,,,,,,,,,,,,,
49.447210,monitor,24830,620876,24956,1,0,3.000000,3.000000,3.003352,3.051793,62,63,161694,149912,91,83,-0.657001,-1.354336,-1.677153,0.456547,0.037460,-1,,,,,,,,,,,,,,,,
49.470063,monitor,24831,620901,25024,1,0,3.000000,3.000000,3.091810,3.043500,64,63,161757,149975,90,83,-0.658236,-1.365846,-1.678088,0.462591,-0.037359,-1,,,,,,,,,,,,,,,,
49.496151,monitor,24832,620926,24984,1,0,3.000000,3.000000,2.999986,2.999986,62,62,161820,150038,91,83,-0.659446,-1.377084,-1.678088,0.452387,0.000000,-1,,,,,,,,,,,,,,,,
49.518926,monitor,24833,620951,25024,1,0,3.000000,3.000000,3.043500,3.043500,63,63,161882,150100,90,83,-0.660676,-1.388502,-1.678088,0.458949,0.000000,-1,,,,,,,,,,,,,,,,
49.549893,monitor,24834,620976,24972,1,0,3.000000,3.000000,3.049838,3.001428,63,62,161945,150162,90,83,-0.661901,-1.399830,-1.679023,0.456255,-0.037436,-1,,,,,,,,,,,,,,,,
49.572722,monitor,24835,621001,25016,1,0,3.000000,3.000000,2.996148,2.947823,62,61,162008,150224,91,84,-0.663118,-1.410975,-1.679958,0.448165,-0.037371,-1,,,,,,,,,,,,,,,,
49.605810,monitor,24836,621026,24996,1,0,3.000000,3.000000,2.998546,2.950182,62,61,162070,150285,91,84,-0.664344,-1.422119,-1.680893,0.448524,-0.037401,-1,,,,,,,,,,,,,,,,
49.623015,monitor,24837,621051,24988,1,0,3.000000,3.000000,3.047885,2.999506,63,62,162133,150347,90,83,-0.665601,-1.433443,-1.681828,0.455963,-0.037412,-1,,,,,,,,,,,,,,,,
49.655159,monitor,24838,621076,25000,1,0,3.000000,3.000000,3.046422,2.998066,63,62,162196,150408,90,83,-0.666869,-1.444766,-1.682763,0.455744,-0.037394,-1,,,,,,,,,,,,,,,,
49.672247,monitor,24839,621102,24996,1,0,3.000000,3.000000,3.046909,2.901819,63,60,162259,150469,90,85,-0.668137,-1.455905,-1.685567,0.448524,-0.112201,-1,,,,,,,,,,,,,,,,
49.710082,monitor,24840,621126,25000,1,0,3.000000,3.000000,2.998066,2.998066,62,62,162321,150531,91,84,-0.669432,-1.467133,-1.685567,0.452098,0.000000,-1,,,,,,,,,,,,,,,,
49.720995,monitor,24841,621151,25016,1,0,3.000000,3.000000,3.044473,2.996148,63,62,162383,150593,90,84,-0.670742,-1.478451,-1.686502,0.455452,-0.037370,-1,,,,,,,,,,,,,,,,
49.828523,monitor,24842,621176,24996,1,0,3.000000,3.000000,3.046909,2.950182,63,61,162446,150654,90,84,-0.672057,-1.489677,-1.688372,0.452170,-0.074801,-1,,,,,,,,,,,,,,,,
49.828523,monitor,24843,621201,25008,1,0,3.000000,3.000000,2.997107,3.045447,62,63,162509,150717,90,83,-0.673388,-1.500992,-1.687437,0.455598,0.037382,-1,,,,,,,,,,,,,,,,
49.828523,monitor,24844,621227,24996,1,0,3.000000,3.000000,3.046909,3.046909,63,63,162571,150780,90,83,-0.674725,-1.512399,-1.687437,0.459463,0.000000,-1,,,,,,,,,,,,,,,,
49.828523,monitor,24845,621251,24992,1,0,3.000000,3.000000,2.950654,2.999026,61,62,162633,150842,91,84,-0.676024,-1.523535,-1.686502,0.448595,0.037407,-1,,,,,,,,,,,,,,,,
49.872320,monitor,24846,621276,25008,1,0,3.000000,3.000000,2.997107,3.045447,62,63,162694,150905,90,83,-0.677334,-1.534853,-1.685567,0.455598,0.037382,-1,,,,,,,,,,,,,,,,
49.878048,monitor,24847,621301,25020,1,0,3.000000,3.000000,3.043987,3.043987,63,63,162757,150968,90,83,-0.678650,-1.546262,-1.685567,0.459022,0.000000,-1,,,,,,,,,,,,,,,,
49.900903,monitor,24848,621326,24968,1,0,3.000000,3.000000,3.001908,3.050326,62,63,162819,151031,90,83,-0.679949,-1.557581,-1.684632,0.456328,0.037442,-1,,,,,,,,,,,,,,,,
49.929197,monitor,24849,621351,25036,1,0,3.000000,3.000000,2.993755,3.090328,62,64,162881,151094,90,82,-0.681243,-1.568993,-1.682763,0.458729,0.074681,-1,,,,,,,,,,,,,,,,
49.951678,monitor,24850,621376,24956,1,0,3.000000,3.000000,3.003352,3.051793,62,63,162944,151157,90,82,-0.682511,-1.580316,-1.681828,0.456547,0.037460,-1,,,,,,,,,,,,,,,,
49.977396,monitor,24851,621401,25024,1,0,3.000000,3.000000,2.995190,2.995190,62,62,163006,151219,90,83,-0.683763,-1.591549,-1.681828,0.451664,0.000000,-1,,,,,,,,,,,,,,,,
50.000040,monitor,24852,621426,24996,1,0,3.000000,3.000000,3.095273,2.998546,64,62,163069,151282,89,83,-0.685046,-1.602961,-1.683697,0.459463,-0.074800,-1,,,,,,,,,,,,,,,,
50.032341,monitor,24853,621451,24980,1,0,3.000000,3.000000,3.048861,3.000466,63,62,163133,151343,89,83,-0.686335,-1.614282,-1.684632,0.456109,-0.037424,-1,,,,,,,,,,,,,,,,
50.055194,monitor,24854,621476,25028,1,0,3.000000,3.000000,3.043014,2.946410,63,61,163196,151404,89,84,-0.687630,-1.625510,-1.686502,0.451592,-0.074705,-1,,,,,,,,,,,,,,,,
50.087066,monitor,24855,621501,24972,1,0,3.000000,3.000000,2.953017,2.953017,61,61,163256,151465,91,84,-0.688913,-1.636556,-1.686502,0.445305,0.000000,-1,,,,,,,,,,,,,,,,
50.104297,monitor,24856,621527,25012,1,0,3.000000,3.000000,3.044960,2.996628,63,62,163320,151528,89,83,-0.690234,-1.647873,-1.687437,0.455525,-0.037376,-1,,,,,,,,,,,,,,,,
50.143619,monitor,24857,621551,25016,1,0,3.000000,3.000000,3.044473,2.996148,63,62,163382,151589,89,83,-0.691565,-1.659188,-1.688372,0.455452,-0.037370,-1,,,,,,,,,,,,,,,,
50.154779,monitor,24858,621576,24976,1,0,3.000000,3.000000,3.049349,2.952544,63,61,163445,151650,89,84,-0.692901,-1.670411,-1.690241,0.452532,-0.074861,-1,,,,,,,,,,,,,,,,
50.193686,monitor,24859,621601,25012,1,0,3.000000,3.000000,2.996628,2.899962,62,60,163507,151710,90,85,-0.694237,-1.681451,-1.692111,0.444592,-0.074753,-1,,,,,,,,,,,,,,,,
50.205143,monitor,24860,621626,24984,1,0,3.000000,3.000000,2.999986,2.999986,62,62,163569,151772,90,84,-0.695605,-1.692670,-1.692111,0.452387,0.000000,-1,,,,,,,,,,,,,,,,
50.243807,monitor,24861,621651,25036,1,0,3.000000,3.000000,2.993755,3.042041,62,63,163631,151835,90,83,-0.696978,-1.703981,-1.691176,0.455088,0.037341,-1,,,,,,,,,,,,,,,,
50.255320,monitor,24862,621676,24972,1,0,3.000000,3.000000,2.953017,3.001428,61,62,163692,151897,90,83,-0.698319,-1.715112,-1.690241,0.448955,0.037436,-1,,,,,,,,,,,,,,,,
50.293386,monitor,24863,621701,24992,1,0,3.000000,3.000000,2.950654,2.999026,61,62,163753,151959,91,83,-0.699650,-1.726244,-1.689306,0.448595,0.037407,-1,,,,,,,,,,,,,,,,
50.304785,monitor,24864,621726,24996,1,0,3.000000,3.000000,2.950182,2.998546,61,62,163814,152022,91,83,-0.700970,-1.737377,-1.688372,0.448524,0.037401,-1,,,,,,,,,,,,,,,,
50.348049,monitor,24865,621751,25008,1,0,3.000000,3.000000,2.948766,3.045447,61,63,163875,152085,91,83,-0.702286,-1.748603,-1.686502,0.451953,0.074765,-1,,,,,,,,,,,,,,,,
50.353776,monitor,24866,621776,25004,1,0,3.000000,3.000000,2.949238,3.045934,61,63,163936,152147,91,83,-0.703580,-1.759831,-1.684632,0.452025,0.074777,-1,,,,,,,,,,,,,,,,
50.402245,monitor,24867,621801,25012,1,0,3.000000,3.000000,2.996628,3.044960,62,63,163998,152210,90,83,-0.704869,-1.771151,-1.683697,0.455525,0.037376,-1,,,,,,,,,,,,,,,,
50.407973,monitor,24868,621826,24996,1,0,3.000000,3.000000,2.998546,2.998546,62,62,164060,152272,90,83,-0.706142,-1.782382,-1.683697,0.452170,0.000000,-1,,,,,,,,,,,,,,,,
50.430729,monitor,24869,621851,24992,1,0,3.000000,3.000000,2.950654,2.999026,61,62,164122,152334,91,83,-0.707400,-1.793522,-1.682763,0.448595,0.037407,-1,,,,,,,,,,,,,,,,
50.457752,monitor,24870,621876,25004,1,0,3.000000,3.000000,2.997586,2.997586,62,62,164183,152396,90,83,-0.708663,-1.804754,-1.682763,0.452025,0.000000,-1,,,,,,,,,,,,,,,,
50.480534,monitor,24871,621901,25004,1,0,0.000000,5.550000,2.997586,2.949238,62,61,164246,152457,-35,181,-0.709921,-1.815894,-1.683697,0.448380,-0.037388,-1,,,,,,,,,,,,,,,,
50.514599,monitor,24872,621926,25000,1,0,0.000000,5.550000,2.224371,3.529981,46,73,164289,152531,-29,178,-0.711007,-1.826687,-1.658456,0.433868,1.009647,-1,,,,,,,,,,,,,,,,
50.531702,monitor,24873,621952,25048,1,0,0.000000,5.550000,0.723949,4.247165,15,88,164303,152619,-11,171,-0.711509,-1.836061,-1.590212,0.374813,2.724556,-1,,,,,,,,,,,,,,,,
50.564870,monitor,24874,621976,24948,1,0,0.000000,5.550000,0.096913,4.458016,2,92,164305,152712,-3,170,-0.711315,-1.844627,-1.506074,0.343434,3.372507,-1,,,,,,,,,,,,,,,,
50.581929,monitor,24875,622001,25004,1,0,0.000000,5.550000,0.096696,4.834816,2,100,164307,152812,-3,167,-0.710290,-1.853868,-1.414458,0.371827,3.664061,-1,,,,,,,,,,,,,,,,
50.619557,monitor,24876,622026,25020,1,0,0.000000,5.550000,0.096634,5.169945,2,107,164309,152919,-3,163,-0.708263,-1.863594,-1.316298,0.397091,3.923268,-1,,,,,,,,,,,,,,,,
50.636714,monitor,24877,622051,24984,1,0,0.000000,5.550000,0.048387,5.322556,1,110,164310,153029,-3,162,-0.705221,-1.873243,-1.214398,0.404960,4.078595,-1,,,,,,,,,,,,,,,,
50.670592,monitor,24878,622076,25008,1,0,0.000000,5.550000,0.048340,5.414128,1,112,164311,153142,-3,161,-0.701131,-1.882696,-1.110629,0.411860,4.149445,-1,,,,,,,,,,,,,,,,
50.687200,monitor,24879,622101,24980,1,0,0.000000,5.550000,0.000000,5.420197,0,112,164311,153254,-2,161,-0.696125,-1.891593,-1.005925,0.408673,4.191521,-1,,,,,,,,,,,,,,,,
50.719942,monitor,24880,622127,25152,1,0,0.000000,5.550000,0.000000,5.527323,0,115,164311,153368,-2,160,-0.690046,-1.900133,-0.898416,0.416750,4.274363,-1,,,,,,,,,,,,,,,,
50.737068,monitor,24881,622151,24868,1,0,0.000000,5.550000,0.000000,5.493221,0,113,164311,153482,-2,160,-0.683215,-1.907841,-0.792777,0.414179,4.247992,-1,,,,,,,,,,,,,,,,
50.775631,monitor,24882,622176,24992,1,0,0.000000,5.550000,0.000000,5.514338,0,114,164311,153596,-2,160,-0.675538,-1.914843,-0.686203,0.415771,4.264321,-1,,,,,,,,,,,,,,,,
50.787167,monitor,24883,622201,25024,1,0,0.000000,5.550000,0.000000,5.555595,0,115,164311,153710,-2,160,-0.667083,-1.921039,-0.578694,0.418882,4.296226,-1,,,,,,,,,,,,,,,,
50.825720,monitor,24884,622226,24952,1,0,0.000000,5.550000,0.000000,5.523178,0,114,164311,153825,-2,160,-0.658094,-1.926251,-0.472120,0.416438,4.271157,-1,,,,,,,,,,,,,,,,
50.837185,monitor,24885,622251,25012,1,0,0.000000,5.550000,0.000000,5.558261,0,115,164311,153940,-2,160,-0.648516,-1.930510,-0.364612,0.419083,4.298288,-1,,,,,,,,,,,,,,,,
50.880534,monitor,24886,622276,25008,1,0,0.000000,5.550000,0.000000,5.607490,0,116,164311,154056,-2,159,-0.638448,-1.933739,-0.256168,0.422795,4.336357,-1,,,,,,,,,,,,,,,,
50.886269,monitor,24887,622301,24996,1,0,0.000000,5.550000,0.000000,5.561819,0,115,164311,154171,-2,159,-0.628180,-1.935846,-0.148659,0.419351,4.301039,-1,,,,,,,,,,,,,,,,
50.935615,monitor,24888,622326,25008,1,0,0.000000,5.550000,0.000000,5.559150,0,115,164311,154286,-2,159,-0.617745,-1.936840,-0.041151,0.419150,4.298975,-1,,,,,,,,,,,,,,,,
50.935615,monitor,24889,622351,24976,1,0,0.000000,5.550000,0.000000,5.517870,0,114,164311,154399,-2,160,-0.607355,-1.936713,0.065423,0.416038,4.267053,-1,,,,,,,,,,,,,,,,
50.964186,monitor,24890,622375,25012,1,0,0.000000,5.550000,0.000000,5.461596,0,113,164311,154512,-2,161,-0.597127,-1.935498,0.171062,0.411795,4.223535,-1,,,,,,,,,,,,,,,,
50.993562,monitor,24891,622401,24996,1,0,0.000000,5.550000,0.000000,5.465092,0,113,164311,154625,-2,161,-0.587084,-1.933212,0.276702,0.412058,4.226238,-1,,,,,,,,,,,,,,,,
51.010697,monitor,24892,622426,24996,1,0,-3.000000,3.000000,0.000000,5.416728,0,112,164311,154738,-129,65,-0.577423,-1.929913,0.381406,0.408412,4.188838,-1,,,,,,,,,,,,,,,,
51.042847,monitor,24893,622451,25012,1,0,-3.000000,3.000000,-0.773323,4.881603,-16,101,164293,154838,-123,68,-0.570400,-1.926640,0.490784,0.309757,4.373040,-1,,,,,,,,,,,,,,,,
51.065668,monitor,24894,622476,25012,1,0,-3.000000,3.000000,-1.691645,4.011614,-35,83,164258,154920,-114,77,-0.566661,-1.924369,0.601098,0.174922,4.410417,-1,,,,,,,,,,,,,,,,
51.097139,monitor,24895,622501,24996,1,0,-3.000000,3.000000,-2.224727,3.627273,-46,75,164212,154994,-108,81,-0.564569,-1.922753,0.714215,0.105749,4.525441,-1,,,,,,,,,,,,,,,,
51.114240,monitor,24896,622526,25028,1,0,-3.000000,3.000000,-2.270185,3.477730,-47,72,164164,155067,-109,82,-0.562933,-1.921167,0.825464,0.091047,4.444950,-1,,,,,,,,,,,,,,,,
51.152408,monitor,24897,622552,24968,1,0,-3.000000,3.000000,-2.420894,3.340833,-50,69,164114,155135,-108,83,-0.561831,-1.919831,0.936712,0.069362,4.455631,-1,,,,,,,,,,,,,,,,
51.163824,monitor,24898,622576,24980,1,0,-3.000000,3.000000,-2.468126,3.000466,-51,62,164063,155197,-109,87,-0.561281,-1.918993,1.042351,0.040138,4.228945,-1,,,,,,,,,,,,,,,,
51.207840,monitor,24899,622601,25008,1,0,-3.000000,3.000000,-2.513702,2.852086,-52,59,164010,155256,-109,90,-0.560988,-1.918426,1.146120,0.025513,4.149446,-1,,,,,,,,,,,,,,,,
51.213623,monitor,24900,622626,25052,1,0,-3.000000,3.000000,-2.847076,2.943587,-59,61,163952,155317,-105,89,-0.560922,-1.918256,1.258303,0.007277,4.478008,-1,,,,,,,,,,,,,,,,
51.262664,monitor,24901,622651,24964,1,0,-3.000000,3.000000,-2.953964,2.857113,-61,59,163891,155376,-104,90,-0.560969,-1.918432,1.370486,-0.007302,4.493793,-1,,,,,,,,,,,,,,,,
51.268408,monitor,24902,622676,25000,1,0,-3.000000,3.000000,-2.949710,2.804642,-61,58,163830,155434,-104,91,-0.561008,-1.918703,1.481735,-0.010938,4.449928,-1,,,,,,,,,,,,,,,,
51.291300,monitor,24903,622701,24984,1,0,-3.000000,3.000000,-2.951599,2.806438,-61,58,163768,155492,-104,91,-0.561017,-1.918976,1.592983,-0.010945,4.452778,-1,,,,,,,,,,,,,,,,
51.316828,monitor,24904,622726,25008,1,0,-3.000000,3.000000,-2.997107,2.803745,-62,58,163707,155550,-103,92,-0.560989,-1.919339,1.705166,-0.014579,4.485887,-1,,,,,,,,,,,,,,,,
51.339438,monitor,24905,622751,25008,1,0,-3.000000,3.000000,-2.948766,2.755405,-61,57,163645,155607,-104,93,-0.560920,-1.919698,1.815479,-0.014579,4.411122,-1,,,,,,,,,,,,,,,,
51.371187,monitor,24906,622776,24980,1,0,-3.000000,3.000000,-3.000466,2.758493,-62,57,163583,155664,-103,93,-0.560785,-1.920133,1.926727,-0.018244,4.453491,-1,,,,,,,,,,,,,,,,
51.393962,monitor,24907,622801,25020,1,0,-3.000000,3.000000,-2.995669,2.754083,-62,57,163521,155721,-104,94,-0.560603,-1.920551,2.037976,-0.018215,4.446371,-1,,,,,,,,,,,,,,,,
51.426411,monitor,24908,622826,25000,1,0,-3.000000,3.000000,-2.998066,2.707931,-62,56,163460,155777,-104,95,-0.560330,-1.921025,2.148289,-0.021876,4.412534,-1,,,,,,,,,,,,,,,,
51.449222,monitor,24909,622852,25000,1,0,-3.000000,3.000000,-2.949710,2.707931,-61,56,163398,155833,-104,96,-0.560061,-1.921392,2.257668,-0.018230,4.375139,-1,,,,,,,,,,,,,,,,
51.483317,monitor,24910,622876,24996,1,0,-3.000000,3.000000,-2.998546,2.756728,-62,57,163337,155890,-104,96,-0.559752,-1.921728,2.368916,-0.018233,4.450641,-1,,,,,,,,,,,,,,,,
51.494724,monitor,24911,622901,24996,1,0,-3.000000,3.000000,-2.950182,2.756728,-61,57,163275,155948,-104,96,-0.559478,-1.921968,2.479229,-0.014586,4.413240,-1,,,,,,,,,,,,,,,,
51.532637,monitor,24912,622926,25008,1,0,-3.000000,3.000000,-2.948766,2.803745,-61,58,163214,156005,-104,96,-0.559253,-1.922124,2.590477,-0.010934,4.448504,-1,,,,,,,,,,,,,,,,
51.544105,monitor,24913,622951,25004,1,0,-3.000000,3.000000,-2.900890,2.804194,-60,58,163154,156063,-105,96,-0.559093,-1.922210,2.700791,-0.007291,4.411828,-1,,,,,,,,,,,,,,,,
51.589656,monitor,24914,622977,24988,1,0,-3.000000,3.000000,-2.902748,2.854368,-60,59,163094,156122,-105,96,-0.559008,-1.922245,2.812039,-0.003648,4.452065,-1,,,,,,,,,,,,,,,,
51.595388,monitor,24915,623001,25000,1,0,-3.000000,3.000000,-2.901354,2.852998,-60,59,163034,156181,-106,96,-0.558921,-1.922269,2.923287,-0.003646,4.449928,-1,,,,,,,,,,,,,,,,
51.641608,monitor,24916,623026,25000,1,0,-3.000000,3.000000,-2.901354,2.852998,-60,59,162974,156240,-106,96,-0.558831,-1.922284,3.034536,-0.003646,4.449928,-1,,,,,,,,,,,,,,,,
51.647338,monitor,24917,623051,25016,1,0,-3.000000,3.000000,-2.899498,2.899498,-60,60,162915,156300,-106,96,-0.558831,-1.922284,-3.136467,0.000000,4.484453,-1,,,,,,,,,,,,,,,,
51.693369,monitor,24918,623076,24984,1,0,-3.000000,3.000000,-2.903212,2.903212,-60,60,162855,156360,-106,96,-0.558831,-1.922284,-3.024284,0.000000,4.490196,-1,,,,,,,,,,,,,,,,
51.693369,monitor,24919,623101,24984,1,0,-3.000000,3.000000,-2.951599,2.951599,-61,61,162794,156421,-106,96,-0.558831,-1.922284,-2.910231,0.000000,4.565032,-1,,,,,,,,,,,,,,,,
51.742400,monitor,24920,623126,25032,1,0,-3.000000,3.000000,-2.945939,2.945939,-61,61,162733,156482,-106,96,-0.558831,-1.922284,-2.796178,0.000000,4.556279,-1,,,,,,,,,,,,,,,,
51.748151,monitor,24921,623151,24968,1,0,-3.000000,3.000000,-2.953490,3.001908,-61,62,162672,156544,-106,95,-0.558914,-1.922320,-2.681190,0.003651,4.605400,-1,,,,,,,,,,,,,,,,
51.770874,monitor,24922,623176,25004,1,0,-3.000000,3.000000,-3.045934,3.045934,-63,63,162608,156607,-105,94,-0.558914,-1.922320,-2.563398,0.000000,4.710935,-1,,,,,,,,,,,,,,,,
51.799719,monitor,24923,623201,25012,1,0,-3.000000,3.000000,-3.189959,3.044960,-66,63,162542,156670,-102,94,-0.558695,-1.922157,-2.442801,-0.010933,4.821558,-1,,,,,,,,,,,,,,,,
51.822521,monitor,24924,623226,25004,1,0,-3.000000,3.000000,-3.190979,2.949238,-66,61,162476,156732,-102,96,-0.558364,-1.921844,-2.324075,-0.018227,4.748323,-1,,,,,,,,,,,,,,,,
51.851336,monitor,24925,623251,25004,1,0,-3.000000,3.000000,-3.094283,2.949238,-64,61,162412,156792,-103,96,-0.558189,-1.921633,-2.207217,-0.010936,4.673547,-1,,,,,,,,,,,,,,,,
51.873657,monitor,24926,623277,24988,1,0,3.000000,3.000000,-3.047885,2.902748,-63,60,162350,156852,171,97,-0.558039,-1.921405,-2.092230,-0.010943,4.601715,-1,,,,,,,,,,,,,,,,
51.902638,monitor,24927,623301,25004,1,0,3.000000,3.000000,-1.402097,2.852542,-29,59,162324,156911,159,98,-0.559303,-1.923830,-2.009962,0.109361,3.290177,-1,,,,,,,,,,,,,,,,
51.925462,monitor,24928,623326,24992,1,0,3.000000,3.000000,1.306027,2.902283,27,60,162353,156971,127,97,-0.562563,-1.931058,-1.979112,0.317299,1.234409,-1,,,,,,,,,,,,,,,,
51.953035,monitor,24929,623351,25008,1,0,3.000000,3.000000,2.272000,2.900426,47,60,162401,157031,116,97,-0.566381,-1.940033,-1.966959,0.389992,0.485971,-1,,,,,,,,,,,,,,,,
51.975783,monitor,24930,623376,24992,1,0,3.000000,3.000000,2.515312,2.902283,52,60,162453,157092,114,98,-0.570285,-1.949466,-1.959480,0.408477,0.299251,-1,,,,,,,,,,,,,,,,
52.003667,monitor,24931,623401,25040,1,0,3.000000,3.000000,2.703605,2.993277,56,62,162508,157153,112,96,-0.574334,-1.959430,-1.953871,0.429535,0.224008,-1,,,,,,,,,,,,,,,,
52.026427,monitor,24932,623426,24968,1,0,3.000000,3.000000,2.662983,2.953490,55,61,162564,157214,113,97,-0.578258,-1.969248,-1.948261,0.423472,0.224653,-1,,,,,,,,,,,,,,,,
52.054178,monitor,24933,623451,25008,1,0,3.000000,3.000000,2.852086,2.948766,59,61,162623,157275,111,97,-0.582280,-1.979420,-1.946392,0.437374,0.074765,-1,,,,,,,,,,,,,,,,
52.076961,monitor,24934,623476,25000,1,0,3.000000,3.000000,3.143133,3.094778,65,64,162688,157340,107,95,-0.586598,-1.990356,-1.947327,0.470327,-0.037394,-1,,,,,,,,,,,,,,,,
52.104643,monitor,24935,623501,24988,1,0,3.000000,3.000000,3.241401,3.241401,67,67,162756,157407,105,93,-0.591089,-2.001715,-1.947327,0.488792,0.000000,-1,,,,,,,,,,,,,,,,
52.127478,monitor,24936,623526,24992,1,0,3.000000,3.000000,3.337625,3.289254,69,68,162825,157475,103,91,-0.595686,-2.013325,-1.948261,0.499655,-0.037406,-1,,,,,,,,,,,,,,,,
52.155973,monitor,24937,623551,25020,1,0,3.000000,3.000000,3.333890,3.333890,69,69,162894,157544,102,90,-0.600322,-2.025018,-1.948261,0.502739,0.000000,-1,,,,,,,,,,,,,,,,
52.178503,monitor,24938,623577,25004,1,0,3.000000,3.000000,3.384372,3.336024,70,69,162964,157613,101,89,-0.604997,-2.036794,-1.949196,0.506706,-0.037389,-1,,,,,,,,,,,,,,,,
52.208705,monitor,24939,623601,24972,1,0,3.000000,3.000000,3.388709,3.340298,70,69,163034,157682,100,89,-0.609684,-2.048565,-1.950131,0.507355,-0.037437,-1,,,,,,,,,,,,,,,,
52.225797,monitor,24940,623626,25024,1,0,3.000000,3.000000,3.381667,3.381667,70,70,163104,157752,100,87,-0.614409,-2.060419,-1.950131,0.509943,0.000000,-1,,,,,,,,,,,,,,,,
52.260091,monitor,24941,623651,24984,1,0,3.000000,3.000000,3.387081,3.338694,70,69,163174,157821,99,87,-0.619106,-2.072186,-1.951066,0.507112,-0.037419,-1,,,,,,,,,,,,,,,,
52.277238,monitor,24942,623676,24992,1,0,3.000000,3.000000,3.337625,3.240882,69,67,163243,157888,99,88,-0.623718,-2.083692,-1.952936,0.496008,-0.074813,-1,,,,,,,,,,,,,,,,
52.311024,monitor,24943,623702,25000,1,0,3.000000,3.000000,3.336557,3.239845,69,67,163312,157955,98,88,-0.628351,-2.095190,-1.954805,0.495849,-0.074789,-1,,,,,,,,,,,,,,,,
52.328174,monitor,24944,623726,25012,1,0,3.000000,3.000000,3.383289,3.334956,70,69,163382,158024,97,86,-0.633103,-2.106934,-1.955740,0.506544,-0.037377,-1,,,,,,,,,,,,,,,,
52.360786,monitor,24945,623751,24996,1,0,3.000000,3.000000,3.337091,3.240364,69,67,163450,158090,97,86,-0.637769,-2.118419,-1.957610,0.495928,-0.074801,-1,,,,,,,,,,,,,,,,
52.377900,monitor,24946,623776,25036,1,0,3.000000,3.000000,3.283473,3.186900,68,66,163518,158156,97,87,-0.642387,-2.129726,-1.959480,0.487855,-0.074681,-1,,,,,,,,,,,,,,,,
52.417258,monitor,24947,623801,24984,1,0,3.000000,3.000000,3.290307,3.145146,68,65,163586,158222,96,87,-0.646997,-2.140938,-1.962284,0.485222,-0.112255,-1,,,,,,,,,,,,,,,,
52.428629,monitor,24948,623826,24992,1,0,3.000000,3.000000,3.337625,3.192511,69,66,163656,158288,95,86,-0.651708,-2.152306,-1.965089,0.492361,-0.112219,-1,,,,,,,,,,,,,,,,
52.467029,monitor,24949,623851,25004,1,0,5.550000,0.000000,3.239327,3.190979,67,66,163723,158353,195,-35,-0.656370,-2.163496,-1.966024,0.484834,-0.037388,-1,,,,,,,,,,,,,,,,
52.478516,monitor,24950,623876,24976,1,0,5.550000,0.000000,3.726982,2.323314,77,48,163801,158400,192,-29,-0.660899,-2.173951,-1.993135,0.456182,-1.085478,-1,,,,,,,,,,,,,,,,
52.525159,monitor,24951,623901,25008,1,0,3.000000,-3.000000,4.447320,0.966809,92,20,163893,158419,86,-135,-0.665395,-2.183117,-2.060444,0.408216,-2.691532,-1,,,,,,,,,,,,,,,,
52.530907,monitor,24952,623926,24992,1,0,3.000000,-3.000000,4.353425,-0.193486,90,-4,163982,158413,84,-126,-0.669382,-2.189866,-2.148321,0.313652,-3.516195,-1,,,,,,,,,,,,,,,,
52.578000,monitor,24953,623951,25020,1,0,3.000000,-3.000000,3.768745,-1.449517,78,-30,164060,158381,90,-112,-0.671952,-2.193406,-2.249286,0.174866,-4.035362,-1,,,,,,,,,,,,,,,,
52.583709,monitor,24954,623976,25008,1,0,3.000000,-3.000000,3.577192,-2.078639,74,-43,164134,158338,92,-106,-0.673843,-2.195506,-2.358665,0.112988,-4.373739,-1,,,,,,,,,,,,,,,,
52.631063,monitor,24955,624002,25000,1,0,3.000000,-3.000000,3.578337,-2.466151,74,-51,164208,158287,90,-102,-0.675413,-2.196895,-2.475522,0.083857,-4.674294,-1,,,,,,,,,,,,,,,,
52.631063,monitor,24956,624026,25016,1,0,3.000000,-3.000000,3.286098,-2.464574,68,-51,164276,158236,94,-103,-0.676683,-2.197783,-2.586770,0.061942,-4.447082,-1,,,,,,,,,,,,,,,,
52.683534,monitor,24957,624051,25012,1,0,3.000000,-3.000000,3.189959,-2.561633,66,-53,164342,158184,94,-103,-0.677723,-2.198351,-2.698018,0.047375,-4.447793,-1,,,,,,,,,,,,,,,,
52.683534,monitor,24958,624076,24948,1,0,3.000000,-3.000000,3.101228,-2.616662,64,-54,164406,158129,95,-103,-0.678567,-2.198696,-2.808332,0.036535,-4.421731,-1,,,,,,,,,,,,,,,,
52.706246,monitor,24959,624101,25016,1,0,3.000000,-3.000000,3.092798,-2.851174,64,-59,164469,158070,95,-100,-0.679005,-2.198820,-2.923319,0.018218,-4.596564,-1,,,,,,,,,,,,,,,,
52.739324,monitor,24960,624126,25012,1,0,3.000000,-3.000000,2.948295,-2.948295,61,-61,164530,158009,97,-99,-0.679005,-2.198820,-3.037372,0.000000,-4.559922,-1,,,,,,,,,,,,,,,,
52.756500,monitor,24961,624151,24992,1,0,3.000000,-3.000000,2.999026,-2.902283,62,-60,164592,157948,97,-100,-0.679187,-2.198828,3.131761,0.007294,-4.563571,-1,,,,,,,,,,,,,,,,
52.786837,monitor,24962,624176,25004,1,0,3.000000,-3.000000,2.949238,-3.045934,61,-63,164654,157886,97,-98,-0.679005,-2.198841,3.015838,-0.007291,-4.636158,-1,,,,,,,,,,,,,,,,
52.809645,monitor,24963,624201,25004,1,0,3.000000,-3.000000,2.949238,-3.094283,61,-64,164714,157822,98,-97,-0.678737,-2.198891,2.898981,-0.010936,-4.673547,-1,,,,,,,,,,,,,,,,
52.840051,monitor,24964,624226,25008,1,0,3.000000,-3.000000,2.900426,-3.093788,60,-64,164775,157758,98,-97,-0.678388,-2.198999,2.783058,-0.014579,-4.635417,-1,,,,,,,,,,,,,,,,
52.857235,monitor,24965,624251,24976,1,0,3.000000,-3.000000,2.952544,-3.049349,61,-63,164836,157694,98,-97,-0.678222,-2.199073,2.667136,-0.007299,-4.641355,-1,,,,,,,,,,,,,,,,
52.893631,monitor,24966,624276,24992,1,0,3.000000,-3.000000,2.950654,-3.144140,61,-65,164897,157630,98,-96,-0.677908,-2.199258,2.549344,-0.014588,-4.713196,-1,,,,,,,,,,,,,,,,
52.910731,monitor,24967,624302,24992,1,0,3.000000,-3.000000,2.950654,-3.144140,61,-65,164958,157564,98,-95,-0.677618,-2.199479,2.431552,-0.014588,-4.713196,-1,,,,,,,,,,,,,,,,
52.946814,monitor,24968,624326,25000,1,0,0.000000,0.000000,2.949710,-3.191489,61,-66,165018,157499,-27,27,-0.677290,-2.199796,2.312825,-0.018230,-4.749083,-1,,,,,,,,,,,,,,,,
52.958251,monitor,24969,624351,25016,1,0,0.000000,0.000000,2.174624,-2.319599,45,-48,165061,157453,-21,20,-0.677115,-2.200005,2.225883,-0.010931,-3.475451,-1,,,,,,,,,,,,,,,,
52.999429,monitor,24970,624376,24988,1,0,3.000000,3.000000,0.725687,-0.967583,15,-20,165075,157433,121,126,-0.676843,-2.200371,2.193163,-0.018238,-1.309431,-1,,,,,,,,,,,,,,,,
53.010859,monitor,24971,624401,25004,1,0,3.000000,3.000000,1.063660,0.290089,22,6,165100,157441,121,115,-0.678315,-2.198287,2.178205,0.102070,-0.598214,-1,,,,,,,,,,,,,,,,
53.052676,monitor,24972,624427,25004,1,0,3.000000,3.000000,2.417408,1.402097,50,29,165149,157471,104,104,-0.682367,-2.192334,2.158573,0.287984,-0.785156,-1,,,,,,,,,,,,,,,,
53.064148,monitor,24973,624451,25028,1,0,3.000000,3.000000,2.511694,1.932072,52,40,165201,157511,104,99,-0.686977,-2.185329,2.147355,0.335052,-0.448230,-1,,,,,,,,,,,,,,,,
53.105410,monitor,24974,624476,24972,1,0,3.000000,3.000000,2.468916,2.033225,51,42,165252,157554,106,100,-0.691569,-2.178204,2.138941,0.339453,-0.336926,-1,,,,,,,,,,,,,,,,
53.111146,monitor,24975,624501,24988,1,0,3.000000,3.000000,2.709231,2.418956,56,50,165309,157604,103,96,-0.696744,-2.170045,2.133332,0.386656,-0.224474,-1,,,,,,,,,,,,,,,,
53.158078,monitor,24976,624526,25012,1,0,3.000000,3.000000,2.899962,2.754964,60,57,165370,157662,101,92,-0.702419,-2.161016,2.130527,0.426371,-0.112129,-1,,,,,,,,,,,,,,,,
53.163796,monitor,24977,624551,25004,1,0,3.000000,3.000000,3.045934,3.094283,63,64,165432,157725,99,88,-0.708570,-2.151210,2.131462,0.462961,0.037388,-1,,,,,,,,,,,,,,,,
53.210360,monitor,24978,624576,25008,1,0,3.000000,3.000000,3.045447,2.997107,63,62,165496,157787,99,89,-0.714624,-2.141557,2.130527,0.455598,-0.037382,-1,,,,,,,,,,,,,,,,
53.216087,monitor,24979,624602,25032,1,0,3.000000,3.000000,3.139115,3.090822,65,64,165561,157851,97,88,-0.720863,-2.131591,2.129592,0.469726,-0.037346,-1,,,,,,,,,,,,,,,,
53.264140,monitor,24980,624626,24944,1,0,3.000000,3.000000,3.150190,3.101726,65,64,165625,157916,97,87,-0.727092,-2.121618,2.128658,0.471383,-0.037478,-1,,,,,,,,,,,,,,,,
53.264140,monitor,24981,624651,25032,1,0,3.000000,3.000000,3.090822,3.187410,64,66,165690,157981,97,86,-0.733374,-2.111571,2.130527,0.473368,0.074693,-1,,,,,,,,,,,,,,,,
53.286974,monitor,24982,624676,24984,1,0,3.000000,3.000000,3.145146,3.145146,65,65,165754,158046,96,86,-0.739666,-2.101530,2.130527,0.474277,0.000000,-1,,,,,,,,,,,,,,,,
53.317107,monitor,24983,624701,25000,1,0,3.000000,3.000000,3.094778,3.094778,64,64,165818,158111,97,86,-0.745860,-2.091643,2.130527,0.466682,0.000000,-1,,,,,,,,,,,,,,,,
53.339279,monitor,24984,624727,25024,1,0,3.000000,3.000000,3.091810,3.091810,64,64,165882,158175,97,86,-0.752055,-2.081757,2.130527,0.466234,0.000000,-1,,,,,,,,,,,,,,,,
53.369232,monitor,24985,624751,24964,1,0,3.000000,3.000000,3.099241,3.099241,64,64,165946,158239,96,86,-0.758250,-2.071870,2.130527,0.467355,0.000000,-1,,,,,,,,,,,,,,,,
53.391935,monitor,24986,624776,25004,1,0,3.000000,3.000000,3.142631,3.094283,65,64,166011,158303,96,86,-0.764488,-2.061903,2.129592,0.470252,-0.037388,-1,,,,,,,,,,,,,,,,
53.420995,monitor,24987,624801,25020,1,0,3.000000,3.000000,3.140621,3.140621,65,65,166076,158367,95,85,-0.770770,-2.051856,2.129592,0.473595,0.000000,-1,,,,,,,,,,,,,,,,
53.438100,monitor,24988,624826,24984,1,0,3.000000,3.000000,3.096760,3.096760,64,64,166141,158431,96,85,-0.776956,-2.041964,2.129592,0.466980,0.000000,-1,,,,,,,,,,,,,,,,
53.472908,monitor,24989,624851,24988,1,0,3.000000,3.000000,3.096264,3.047885,64,63,166205,158495,96,86,-0.783088,-2.032146,2.128658,0.463258,-0.037412,-1,,,,,,,,,,,,,,,,
53.489926,monitor,24990,624876,25016,1,0,3.000000,3.000000,3.189448,3.092798,66,64,166270,158558,94,85,-0.789352,-2.022087,2.126788,0.473670,-0.074741,-1,,,,,,,,,,,,,,,,
53.524661,monitor,24991,624901,24984,1,0,3.000000,3.000000,3.145146,3.048373,65,63,166335,158621,94,86,-0.795500,-2.012171,2.124918,0.466980,-0.074837,-1,,,,,,,,,,,,,,,,
53.541730,monitor,24992,624926,25032,1,0,3.000000,3.000000,3.139115,3.042527,65,63,166401,158685,94,86,-0.801630,-2.002244,2.123049,0.466085,-0.074693,-1,,,,,,,,,,,,,,,,
53.576896,monitor,24993,624951,24984,1,0,3.000000,3.000000,3.145146,3.096760,65,64,166466,158748,94,85,-0.807794,-1.992231,2.122114,0.470629,-0.037418,-1,,,,,,,,,,,,,,,,
53.594005,monitor,24994,624976,24984,1,0,3.000000,3.000000,3.145146,3.048373,65,63,166531,158812,93,85,-0.813896,-1.982287,2.120244,0.466980,-0.074837,-1,,,,,,,,,,,,,,,,
53.630452,monitor,24995,625001,25004,1,0,3.000000,3.000000,3.094283,3.094283,64,64,166594,158876,94,84,-0.819988,-1.972337,2.120244,0.466607,0.000000,-1,,,,,,,,,,,,,,,,
53.641872,monitor,24996,625027,25024,1,0,3.000000,3.000000,3.140119,3.091810,65,64,166660,158940,93,84,-0.826124,-1.962307,2.119309,0.469876,-0.037358,-1,,,,,,,,,,,,,,,,
53.684544,monitor,24997,625051,24972,1,0,3.000000,3.000000,3.146658,3.098248,65,64,166724,159004,93,84,-0.832250,-1.952271,2.118374,0.470855,-0.037436,-1,,,,,,,,,,,,,,,,
53.696100,monitor,24998,625076,25024,1,0,3.000000,3.000000,3.043500,3.091810,63,64,166788,159067,94,84,-0.838281,-1.942390,2.119309,0.462591,0.037359,-1,,,,,,,,,,,,,,,,
53.736632,monitor,24999,625101,25024,1,0,3.000000,3.000000,3.091810,3.091810,64,64,166851,159131,93,84,-0.844365,-1.932435,2.119309,0.466234,0.000000,-1,,,,,,,,,,,,,,,,
53.742417,monitor,25000,625126,25028,1,0,3.000000,3.000000,3.043014,3.091316,63,64,166914,159195,94,84,-0.850405,-1.922560,2.120244,0.462518,0.037353,-1,,,,,,,,,,,,,,,,
53.791247,monitor,25001,625152,24944,1,0,3.000000,3.000000,3.053261,3.053261,63,63,166977,159259,93,84,-0.856403,-1.912765,2.120244,0.460421,0.000000,-1,,,,,,,,,,,,,,,,
53.797018,monitor,25002,625176,24988,1,0,3.000000,3.000000,2.999506,3.096264,62,64,167040,159322,94,83,-0.862410,-1.902977,2.122114,0.459610,0.074825,-1,,,,,,,,,,,,,,,,
53.845135,monitor,25003,625201,25024,1,0,3.000000,3.000000,3.043500,3.043500,63,63,167102,159385,93,84,-0.868425,-1.893193,2.122114,0.458949,0.000000,-1,,,,,,,,,,,,,,,,
53.845135,monitor,25004,625226,24976,1,0,3.000000,3.000000,3.049349,3.000947,63,62,167166,159448,93,84,-0.874389,-1.883485,2.121179,0.456182,-0.037430,-1,,,,,,,,,,,,,,,,
53.900258,monitor,25005,625251,25020,1,0,3.000000,3.000000,3.043987,3.092304,63,64,167229,159511,93,83,-0.880448,-1.873622,2.122114,0.462665,0.037364,-1,,,,,,,,,,,,,,,,
53.900258,monitor,25006,625276,25024,1,0,3.000000,3.000000,3.043500,2.995190,63,62,167291,159573,93,84,-0.886411,-1.863913,2.121179,0.455307,-0.037359,-1,,,,,,,,,,,,,,,,
53.923146,monitor,25007,625301,24956,1,0,3.000000,3.000000,3.051793,3.003352,63,62,167355,159635,93,84,-0.892366,-1.854200,2.120244,0.456547,-0.037460,-1,,,,,,,,,,,,,,,,
53.954766,monitor,25008,625326,25012,1,0,3.000000,3.000000,3.141626,2.996628,65,62,167419,159697,91,84,-0.898397,-1.844319,2.117440,0.462813,-0.112129,-1,,,,,,,,,,,,,,,,
53.971859,monitor,25009,625351,25076,1,0,3.000000,3.000000,3.085398,2.940770,64,61,167483,159758,92,85,-0.904306,-1.834577,2.114635,0.454362,-0.111843,-1,,,,,,,,,,,,,,,,
54.008953,monitor,25010,625376,24908,1,0,3.000000,3.000000,3.009140,2.960605,62,61,167546,159819,93,85,-0.910103,-1.824981,2.113700,0.450108,-0.037533,-1,,,,,,,,,,,,,,,,
54.020450,monitor,25011,625401,24996,1,0,3.000000,3.000000,3.095273,2.901819,64,60,167610,159879,92,86,-0.915924,-1.815293,2.109961,0.452170,-0.149601,-1,,,,,,,,,,,,,,,,
54.062659,monitor,25012,625426,25024,1,0,3.000000,3.000000,3.091810,2.946881,64,61,167674,159941,92,85,-0.921760,-1.805507,2.107156,0.455307,-0.112076,-1,,,,,,,,,,,,,,,,
54.074177,monitor,25013,625452,24992,1,0,3.000000,3.000000,3.095768,2.950654,64,61,167737,160002,91,85,-0.927568,-1.795706,2.104352,0.455890,-0.112219,-1,,,,,,,,,,,,,,,,
54.118888,monitor,25014,625476,25000,1,0,3.000000,3.000000,3.046422,2.998066,63,62,167800,160063,92,85,-0.933358,-1.785893,2.103417,0.455744,-0.037394,-1,,,,,,,,,,,,,,,,
54.124611,monitor,25015,625501,24988,1,0,3.000000,3.000000,3.047885,2.951127,63,61,167864,160124,92,86,-0.939089,-1.776151,2.101547,0.452315,-0.074825,-1,,,,,,,,,,,,,,,,
54.167557,monitor,25016,625526,25044,1,0,3.000000,3.000000,3.089340,3.041070,64,63,167927,160188,91,84,-0.944943,-1.766165,2.100612,0.462222,-0.037329,-1,,,,,,,,,,,,,,,,
54.173338,monitor,25017,625551,24984,1,0,3.000000,3.000000,2.999986,2.999986,62,62,167989,160250,92,85,-0.950655,-1.756412,2.100612,0.452387,0.000000,-1,,,,,,,,,,,,,,,,
54.221560,monitor,25018,625576,24976,1,0,3.000000,3.000000,3.000947,3.049349,62,63,168051,160312,92,84,-0.956418,-1.746583,2.101547,0.456182,0.037430,-1,,,,,,,,,,,,,,,,
54.227292,monitor,25019,625601,25004,1,0,3.000000,3.000000,3.045934,2.997586,63,62,168114,160375,91,85,-0.962181,-1.736754,2.100612,0.455671,-0.037388,-1,,,,,,,,,,,,,,,,
54.276309,monitor,25020,625627,24996,1,0,3.000000,3.000000,2.998546,3.046909,62,63,168177,160438,92,84,-0.967943,-1.726925,2.101547,0.455817,0.037400,-1,,,,,,,,,,,,,,,,
54.282097,monitor,25021,625651,25008,1,0,3.000000,3.000000,3.045447,2.997107,63,62,168239,160499,91,85,-0.973706,-1.717097,2.100612,0.455598,-0.037382,-1,,,,,,,,,,,,,,,,
54.299206,monitor,25022,625676,25016,1,0,3.000000,3.000000,2.996148,2.996148,62,62,168302,160562,92,85,-0.979418,-1.707344,2.100612,0.451809,0.000000,-1,,,,,,,,,,,,,,,,
54.330616,monitor,25023,625701,25016,1,0,3.000000,3.000000,3.044473,3.044473,63,63,168364,160624,91,84,-0.985222,-1.697434,2.100612,0.459096,0.000000,-1,,,,,,,,,,,,,,,,
54.353313,monitor,25024,625726,24964,1,0,3.000000,3.000000,3.050815,3.002389,63,62,168427,160686,91,85,-0.990975,-1.687599,2.099678,0.456401,-0.037448,-1,,,,,,,,,,,,,,,,
54.383397,monitor,25025,625751,25000,1,0,3.000000,3.000000,3.046422,3.046422,63,63,168490,160749,91,84,-0.996770,-1.677684,2.099678,0.459390,0.000000,-1,,,,,,,,,,,,,,,,
54.400486,monitor,25026,625776,25000,1,0,3.000000,3.000000,3.094778,2.998066,64,62,168555,160812,90,84,-1.002556,-1.667763,2.097808,0.459390,-0.074789,-1,,,,,,,,,,,,,,,,
54.436789,monitor,25027,625801,25004,1,0,3.000000,3.000000,3.045934,2.949238,63,61,168618,160872,91,85,-1.008231,-1.657989,2.095938,0.452025,-0.074777,-1,,,,,,,,,,,,,,,,
54.453854,monitor,25028,625826,24996,1,0,3.000000,3.000000,2.998546,2.950182,62,61,168680,160933,91,85,-1.013847,-1.648285,2.095003,0.448524,-0.037401,-1,,,,,,,,,,,,,,,,
54.489793,monitor,25029,625851,25028,1,0,3.000000,3.000000,3.091316,2.946410,64,61,168743,160994,90,85,-1.019536,-1.638414,2.092199,0.455234,-0.112058,-1,,,,,,,,,,,,,,,,
54.506840,monitor,25030,625876,24976,1,0,3.000000,3.000000,3.049349,3.000947,63,62,168806,161056,90,85,-1.025207,-1.628531,2.091264,0.456182,-0.037430,-1,,,,,,,,,,,,,,,,
54.545162,monitor,25031,625901,25000,1,0,3.000000,3.000000,3.046422,2.998066,63,62,168869,161119,90,85,-1.030868,-1.618644,2.090329,0.455744,-0.037394,-1,,,,,,,,,,,,,,,,
54.550941,monitor,25032,625926,24996,1,0,3.000000,3.000000,2.950182,2.950182,61,61,168930,161179,92,86,-1.036389,-1.608991,2.090329,0.444877,0.000000,-1,,,,,,,,,,,,,,,,
54.600404,monitor,25033,625951,24988,1,0,3.000000,3.000000,2.999506,2.999506,62,62,168993,161241,91,85,-1.042000,-1.599180,2.090329,0.452315,0.000000,-1,,,,,,,,,,,,,,,,
54.606158,monitor,25034,625976,25020,1,0,3.000000,3.000000,3.043987,2.947352,63,61,169056,161303,90,86,-1.047603,-1.589364,2.088459,0.451736,-0.074729,-1,,,,,,,,,,,,,,,,
54.657998,monitor,25035,626001,24984,1,0,3.000000,3.000000,2.999986,3.048373,62,63,169117,161365,91,84,-1.053245,-1.579465,2.089394,0.456036,0.037418,-1,,,,,,,,,,,,,,,,
54.657998,monitor,25036,626026,25036,1,0,3.000000,3.000000,2.945468,2.945468,61,61,169178,161427,92,86,-1.058757,-1.569807,2.089394,0.444166,0.000000,-1,,,,,,,,,,,,,,,,
54.710015,monitor,25037,626052,24988,1,0,3.000000,3.000000,2.951127,3.047885,61,63,169240,161489,92,84,-1.064369,-1.559996,2.091264,0.452315,0.074825,-1,,,,,,,,,,,,,,,,
54.710015,monitor,25038,626076,24980,1,0,3.000000,3.000000,3.000466,3.000466,62,62,169301,161551,91,85,-1.069989,-1.550191,2.091264,0.452460,0.000000,-1,,,,,,,,,,,,,,,,
54.760328,monitor,25039,626101,25000,1,0,3.000000,3.000000,2.998066,2.949710,62,61,169363,161613,91,86,-1.075560,-1.540461,2.090329,0.448452,-0.037394,-1,,,,,,,,,,,,,,,,
54.760328,monitor,25040,626126,25000,1,0,3.000000,3.000000,2.998066,3.046422,62,63,169425,161675,91,84,-1.081221,-1.530574,2.091264,0.455744,0.037394,-1,,,,,,,,,,,,,,,,
54.811848,monitor,25041,626151,25004,1,0,3.000000,3.000000,2.997586,2.997586,62,62,169488,161737,91,85,-1.086842,-1.520768,2.091264,0.452025,0.000000,-1,,,,,,,,,,,,,,,,
54.811848,monitor,25042,626177,25004,1,0,3.000000,3.000000,2.997586,2.997586,62,62,169550,161799,91,85,-1.092462,-1.510962,2.091264,0.452025,0.000000,-1,,,,,,,,,,,,,,,,
54.866152,monitor,25043,626201,24984,1,0,3.000000,3.000000,2.999986,2.999986,62,62,169612,161861,91,85,-1.098083,-1.501156,2.091264,0.452387,0.000000,-1,,,,,,,,,,,,,,,,
54.866152,monitor,25044,626226,25020,1,0,3.000000,3.000000,3.092304,3.043987,64,63,169675,161924,90,84,-1.103835,-1.491110,2.090329,0.462665,-0.037364,-1,,,,,,,,,,,,,,,,
54.883328,monitor,25045,626251,25004,1,0,3.000000,3.000000,3.045934,3.045934,63,63,169739,161988,90,84,-1.109537,-1.481141,2.090329,0.459316,0.000000,-1,,,,,,,,,,,,,,,,
54.920269,monitor,25046,626276,25004,1,0,3.000000,3.000000,3.045934,3.045934,63,63,169802,162050,90,84,-1.115239,-1.471172,2.090329,0.459316,0.000000,-1,,,,,,,,,,,,,,,,
54.931727,monitor,25047,626301,25004,1,0,3.000000,3.000000,3.045934,3.045934,63,63,169865,162113,90,84,-1.120940,-1.461202,2.090329,0.459316,0.000000,-1,,,,,,,,,,,,,,,,
54.975480,monitor,25048,626326,24988,1,0,3.000000,3.000000,3.047885,2.999506,63,62,169928,162175,90,85,-1.126592,-1.451310,2.089394,0.455963,-0.037412,-1,,,,,,,,,,,,,,,,
54.981271,monitor,25049,626351,25008,1,0,3.000000,3.000000,3.045447,2.997107,63,62,169990,162237,90,85,-1.132235,-1.441411,2.088459,0.455598,-0.037382,-1,,,,,,,,,,,,,,,,
55.028510,monitor,25050,626376,25008,1,0,3.000000,3.000000,3.045447,2.997107,63,62,170053,162299,90,85,-1.137869,-1.431508,2.087525,0.455598,-0.037382,-1,,,,,,,,,,,,,,,,
55.034238,monitor,25051,626401,25012,1,0,3.000000,3.000000,3.044960,2.948295,63,61,170116,162360,90,85,-1.143443,-1.421676,2.085655,0.451881,-0.074753,-1,,,,,,,,,,,,,,,,
55.081280,monitor,25052,626426,25016,1,0,3.000000,3.000000,2.996148,2.947823,62,61,170178,162421,91,85,-1.148959,-1.411915,2.084720,0.448165,-0.037371,-1,,,,,,,,,,,,,,,,
55.087039,monitor,25053,626451,24940,1,0,3.000000,3.000000,2.956806,2.908334,61,60,170240,162481,91,86,-1.154377,-1.402309,2.083785,0.442221,-0.037484,-1,,,,,,,,,,,,,,,,
55.135227,monitor,25054,626477,25020,1,0,3.000000,3.000000,3.043987,2.947352,63,61,170302,162542,90,86,-1.159915,-1.392456,2.081916,0.451736,-0.074729,-1,,,,,,,,,,,,,,,,
55.135227,monitor,25055,626501,25000,1,0,3.000000,3.000000,2.998066,2.949710,62,61,170364,162603,90,86,-1.165394,-1.382675,2.080981,0.448452,-0.037394,-1,,,,,,,,,,,,,,,,
55.189427,monitor,25056,626526,25004,1,0,3.000000,3.000000,2.997586,2.900890,62,60,170426,162663,90,87,-1.170815,-1.372966,2.079111,0.444735,-0.074777,-1,,,,,,,,,,,,,,,,
55.189427,monitor,25057,626551,25008,1,0,3.000000,3.000000,3.045447,2.997107,63,62,170489,162725,90,85,-1.176356,-1.363010,2.078176,0.455598,-0.037382,-1,,,,,,,,,,,,,,,,
55.243891,monitor,25058,626576,24992,1,0,3.000000,3.000000,2.999026,2.950654,62,61,170552,162786,90,86,-1.181799,-1.353209,2.077241,0.448595,-0.037407,-1,,,,,,,,,,,,,,,,
55.243891,monitor,25059,626601,24972,1,0,3.000000,3.000000,3.049838,3.001428,63,62,170614,162848,90,85,-1.187321,-1.343243,2.076307,0.456255,-0.037436,-1,,,,,,,,,,,,,,,,
55.261006,monitor,25060,626626,25000,1,0,3.000000,3.000000,3.046422,2.998066,63,62,170678,162910,90,85,-1.192834,-1.333272,2.075372,0.455744,-0.037394,-1,,,,,,,,,,,,,,,,
55.296948,monitor,25061,626651,25020,1,0,3.000000,3.000000,3.092304,2.995669,64,62,170741,162973,89,86,-1.198376,-1.323213,2.073502,0.459022,-0.074729,-1,,,,,,,,,,,,,,,,
55.313802,monitor,25062,626676,24984,1,0,3.000000,3.000000,3.048373,3.048373,63,63,170804,163035,89,85,-1.203910,-1.313149,2.073502,0.459684,0.000000,-1,,,,,,,,,,,,,,,,
55.350496,monitor,25063,626701,25004,1,0,3.000000,3.000000,2.997586,3.045934,62,63,170867,163098,90,85,-1.209404,-1.303168,2.074437,0.455671,0.037388,-1,,,,,,,,,,,,,,,,
55.361881,monitor,25064,626726,25012,1,0,3.000000,3.000000,3.093293,3.044960,64,63,170931,163162,89,85,-1.214986,-1.293026,2.073502,0.462813,-0.037377,-1,,,,,,,,,,,,,,,,
55.402374,monitor,25065,626751,25020,1,0,3.000000,3.000000,3.140621,3.092304,65,64,170995,163225,88,84,-1.220646,-1.282720,2.072567,0.469952,-0.037364,-1,,,,,,,,,,,,,,,,
55.413800,monitor,25066,626777,24976,1,0,3.000000,3.000000,3.000947,3.049349,62,63,171058,163289,89,84,-1.226131,-1.272734,2.073502,0.456182,0.037430,-1,,,,,,,,,,,,,,,,
55.455117,monitor,25067,626801,24992,1,0,3.000000,3.000000,3.047397,2.999026,63,62,171121,163351,89,85,-1.231616,-1.262747,2.072567,0.455890,-0.037406,-1,,,,,,,,,,,,,,,,
55.466570,monitor,25068,626826,25048,1,0,3.000000,3.000000,3.040584,3.088847,63,64,171183,163414,89,84,-1.237188,-1.252601,2.073502,0.462148,0.037323,-1,,,,,,,,,,,,,,,,
55.507969,monitor,25069,626851,24944,1,0,3.000000,3.000000,3.004797,3.053261,62,63,171245,163477,89,84,-1.242682,-1.242620,2.074437,0.456767,0.037478,-1,,,,,,,,,,,,,,,,
55.513705,monitor,25070,626876,25024,1,0,3.000000,3.000000,2.946881,2.995190,61,62,171306,163540,90,85,-1.248098,-1.232803,2.075372,0.448022,0.037359,-1,,,,,,,,,,,,,,,,
55.560746,monitor,25071,626902,24996,1,0,3.000000,3.000000,2.998546,3.046909,62,63,171368,163602,89,84,-1.253610,-1.222832,2.076307,0.455817,0.037400,-1,,,,,,,,,,,,,,,,
55.566472,monitor,25072,626926,24980,1,0,3.000000,3.000000,3.000466,3.048861,62,63,171430,163665,89,84,-1.259132,-1.212866,2.077241,0.456109,0.037424,-1,,,,,,,,,,,,,,,,
55.614142,monitor,25073,626951,25020,1,0,3.000000,3.000000,2.947352,2.995669,61,62,171492,163728,90,85,-1.264575,-1.203064,2.078176,0.448093,0.037364,-1,,,,,,,,,,,,,,,,
55.614142,monitor,25074,626976,24984,1,0,3.000000,3.000000,2.999986,3.048373,62,63,171553,163790,89,84,-1.270116,-1.193109,2.079111,0.456036,0.037418,-1,,,,,,,,,,,,,,,,
55.670782,monitor,25075,627001,25000,1,0,3.000000,3.000000,2.949710,3.046422,61,63,171615,163853,90,84,-1.275626,-1.183240,2.080981,0.452098,0.074789,-1,,,,,,,,,,,,,,,,
55.670782,monitor,25076,627026,25016,1,0,3.000000,3.000000,2.996148,2.996148,62,62,171676,163915,90,84,-1.281145,-1.173377,2.080981,0.451809,0.000000,-1,,,,,,,,,,,,,,,,
55.719150,monitor,25077,627051,24996,1,0,3.000000,3.000000,3.046909,2.998546,63,62,171739,163978,89,84,-1.286705,-1.163432,2.080046,0.455817,-0.037400,-1,,,,,,,,,,,,,,,,
55.719150,monitor,25078,627076,25000,1,0,3.000000,3.000000,2.998066,2.998066,62,62,171801,164040,90,84,-1.292215,-1.153564,2.080046,0.452098,0.000000,-1,,,,,,,,,,,,,,,,
55.773882,monitor,25079,627101,25012,1,0,3.000000,3.000000,2.996628,2.996628,62,62,171864,164101,90,84,-1.297725,-1.143695,2.080046,0.451881,0.000000,-1,,,,,,,,,,,,,,,,
55.773882,monitor,25080,627126,25000,1,0,3.000000,3.000000,3.046422,3.046422,63,63,171926,164164,89,84,-1.303324,-1.133668,2.080046,0.459390,0.000000,-1,,,,,,,,,,,,,,,,
55.791121,monitor,25081,627151,25024,1,0,0.000000,0.000000,3.043500,3.043500,63,63,171990,164227,-36,-37,-1.308923,-1.123641,2.080046,0.458949,0.000000,-1,,,,,,,,,,,,,,,,
55.827842,monitor,25082,627176,24952,1,0,0.000000,0.000000,2.228650,2.180202,46,45,172033,164270,-30,-31,-1.312964,-1.116397,2.079111,0.332420,-0.037466,-1,,,,,,,,,,,,,,,,
55.844943,monitor,25083,627201,25024,1,0,0.000000,0.000000,0.724643,0.821262,15,17,172047,164286,-12,-15,-1.314386,-1.113850,2.080981,0.116558,0.074717,-1,,,,,,,,,,,,,,,,
55.884042,monitor,25084,627226,24972,1,0,0.000000,0.000000,0.145230,0.193641,3,4,172050,164290,-5,-7,-1.314697,-1.113293,2.081916,0.025550,0.037436,-1,,,,,,,,,,,,,,,,
55.895331,monitor,25085,627251,25004,1,0,0.000000,0.000000,0.048348,0.048348,1,1,172051,164291,-4,-5,-1.314787,-1.113134,2.081916,0.007291,0.000000,-1,,,,,,,,,,,,,,,,
55.933730,monitor,25086,627275,25012,1,0,0.000000,0.000000,0.048333,0.000000,1,0,172052,164291,-4,-4,-1.314831,-1.113055,2.080981,0.003644,-0.037376,-1,,,,,,,,,,,,,,,,
55.945168,monitor,25087,627301,25012,1,0,0.000000,0.000000,0.000000,0.000000,0,0,172052,164291,-3,-4,-1.314831,-1.113055,2.080981,0.000000,0.000000,-1,,,,,,,,,,,,,,,,
55.990630,monitor,25088,627325,24996,1,0,0.000000,0.000000,0.000000,-0.048364,0,-1,172052,164290,-3,-4,-1.314787,-1.113134,2.080046,-0.003647,-0.037400,-1,,,,,,,,,,,,,,,,
55.996377,monitor,25089,627351,25004,1,0,0.000000,0.000000,0.000000,0.000000,0,0,172052,164290,-3,-4,-1.314787,-1.113134,2.080046,0.000000,0.000000,-1,,,,,,,,,,,,,,,,
56.040044,monitor,25090,627376,24980,1,0,0.000000,0.000000,0.000000,-0.048395,0,-1,172052,164289,-3,-4,-1.314742,-1.113214,2.079111,-0.003649,-0.037424,-1,,,,,,,,,,,,,,,,
56.045798,monitor,25091,627400,24996,1,0,0.000000,0.000000,0.000000,0.000000,0,0,172052,164289,-3,-4,-1.314742,-1.113214,2.079111,0.000000,0.000000,-1,,,,,,,,,,,,,,,,
56.096703,monitor,25092,627426,24996,1,0,0.000000,0.000000,0.000000,0.000000,0,0,172052,164289,-3,-4,-1.314742,-1.113214,2.079111,0.000000,0.000000,-1,,,,,,,,,,,,,,,,
56.096703,monitor,25093,627450,25004,1,0,0.000000,0.000000,0.000000,0.000000,0,0,172052,164289,-3,-4,-1.314742,-1.113214,2.079111,0.000000,0.000000,-1,,,,,,,,,,,,,,,,
56.145228,monitor,25094,627476,25020,1,0,0.000000,0.000000,0.000000,0.000000,0,0,172052,164289,-3,-4,-1.314742,-1.113214,2.079111,0.000000,0.000000,-1,,,,,,,,,,,,,,,,
56.145228,monitor,25095,627501,24996,1,0,0.000000,0.000000,0.000000,0.000000,0,0,172052,164289,-3,-4,-1.314742,-1.113214,2.079111,0.000000,0.000000,-1,,,,,,,,,,,,,,,,
56.199989,monitor,25096,627525,25000,1,0,0.000000,0.000000,0.000000,0.000000,0,0,172052,164289,-3,-4,-1.314742,-1.113214,2.079111,0.000000,0.000000,-1,,,,,,,,,,,,,,,,
56.199989,monitor,25097,627551,25012,1,0,0.000000,0.000000,0.000000,0.000000,0,0,172052,164289,-3,-4,-1.314742,-1.113214,2.079111,0.000000,0.000000,-1,,,,,,,,,,,,,,,,
56.254345,monitor,25098,627575,24984,1,0,0.000000,0.000000,0.000000,0.000000,0,0,172052,164289,-3,-4,-1.314742,-1.113214,2.079111,0.000000,0.000000,-1,,,,,,,,,,,,,,,,
56.254345,monitor,25099,627601,24992,1,0,0.000000,0.000000,0.000000,0.000000,0,0,172052,164289,-3,-4,-1.314742,-1.113214,2.079111,0.000000,0.000000,-1,,,,,,,,,,,,,,,,
56.271521,monitor,25100,627625,25008,1,0,0.000000,0.000000,0.000000,0.000000,0,0,172052,164289,-3,-4,-1.314742,-1.113214,2.079111,0.000000,0.000000,-1,,,,,,,,,,,,,,,,
56.308669,monitor,25101,627651,25008,1,0,0.000000,0.000000,0.000000,0.000000,0,0,172052,164289,-3,-4,-1.314742,-1.113214,2.079111,0.000000,0.000000,-1,,,,,,,,,,,,,,,,
56.325769,monitor,25102,627676,24976,1,0,0.000000,0.000000,0.000000,0.000000,0,0,172052,164289,-3,-4,-1.314742,-1.113214,2.079111,0.000000,0.000000,-1,,,,,,,,,,,,,,,,
56.361636,monitor,25103,627700,25020,1,0,0.000000,0.000000,0.000000,0.000000,0,0,172052,164289,-3,-4,-1.314742,-1.113214,2.079111,0.000000,0.000000,-1,,,,,,,,,,,,,,,,
56.373061,monitor,25104,627726,25004,1,0,0.000000,0.000000,0.000000,0.000000,0,0,172052,164289,-3,-4,-1.314742,-1.113214,2.079111,0.000000,0.000000,-1,,,,,,,,,,,,,,,,
56.413965,monitor,25105,627750,24976,1,0,0.000000,0.000000,0.000000,0.000000,0,0,172052,164289,-3,-4,-1.314742,-1.113214,2.079111,0.000000,0.000000,-1,,,,,,,,,,,,,,,,
56.424990,monitor,25106,627776,25028,1,0,0.000000,0.000000,0.000000,0.000000,0,0,172052,164289,-3,-4,-1.314742,-1.113214,2.079111,0.000000,0.000000,-1,,,,,,,,,,,,,,,,
56.467399,monitor,25107,627801,24976,1,0,0.000000,0.000000,0.000000,0.000000,0,0,172052,164289,-3,-4,-1.314742,-1.113214,2.079111,0.000000,0.000000,-1,,,,,,,,,,,,,,,,
56.473123,monitor,25108,627825,25016,1,0,0.000000,0.000000,0.000000,0.000000,0,0,172052,164289,-3,-4,-1.314742,-1.113214,2.079111,0.000000,0.000000,-1,,,,,,,,,,,,,,,,
56.522086,monitor,25109,627851,24996,1,0,0.000000,0.000000,0.000000,0.000000,0,0,172052,164289,-3,-4,-1.314742,-1.113214,2.079111,0.000000,0.000000,-1,,,,,,,,,,,,,,,,
56.527804,monitor,25110,627875,25000,1,0,0.000000,0.000000,0.000000,0.000000,0,0,172052,164289,-3,-4,-1.314742,-1.113214,2.079111,0.000000,0.000000,-1,,,,,,,,,,,,,,,,
56.575206,monitor,25111,627901,24988,1,0,0.000000,0.000000,0.000000,0.000000,0,0,172052,164289,-3,-4,-1.314742,-1.113214,2.079111,0.000000,0.000000,-1,,,,,,,,,,,,,,,,
56.575206,monitor,25112,627926,25012,1,0,0.000000,0.000000,0.000000,0.000000,0,0,172052,164289,-3,-4,-1.314742,-1.113214,2.079111,0.000000,0.000000,-1,,,,,,,,,,,,,,,,
56.629223,monitor,25113,627950,24984,1,0,0.000000,0.000000,0.000000,0.000000,0,0,172052,164289,-3,-4,-1.314742,-1.113214,2.079111,0.000000,0.000000,-1,,,,,,,,,,,,,,,,
56.629223,monitor,25114,627976,25004,1,0,0.000000,0.000000,0.000000,0.000000,0,0,172052,164289,-3,-4,-1.314742,-1.113214,2.079111,0.000000,0.000000,-1,,,,,,,,,,,,,,,,
56.683050,monitor,25115,628000,25000,1,0,0.000000,0.000000,0.000000,0.000000,0,0,172052,164289,-3,-4,-1.314742,-1.113214,2.079111,0.000000,0.000000,-1,,,,,,,,,,,,,,,,
56.683050,monitor,25116,628026,25024,1,0,0.000000,0.000000,0.000000,0.000000,0,0,172052,164289,-3,-4,-1.314742,-1.113214,2.079111,0.000000,0.000000,-1,,,,,,,,,,,,,,,,
56.700493,monitor,25117,628050,24976,1,0,0.000000,0.000000,0.000000,0.000000,0,0,172052,164289,-3,-4,-1.314742,-1.113214,2.079111,0.000000,0.000000,-1,,,,,,,,,,,,,,,,
56.739363,monitor,25118,628076,25020,1,0,0.000000,0.000000,0.000000,0.000000,0,0,172052,164289,-3,-4,-1.314742,-1.113214,2.079111,0.000000,0.000000,-1,,,,,,,,,,,,,,,,
56.750805,monitor,25119,628101,24988,1,0,0.000000,0.000000,0.000000,0.000000,0,0,172052,164289,-3,-4,-1.314742,-1.113214,2.079111,0.000000,0.000000,-1,,,,,,,,,,,,,,,,
56.788402,monitor,25120,628125,24996,1,0,0.000000,0.000000,0.000000,0.000000,0,0,172052,164289,-3,-4,-1.314742,-1.113214,2.079111,0.000000,0.000000,-1,,,,,,,,,,,,,,,,
56.805454,monitor,25121,628151,25008,1,0,0.000000,0.000000,0.000000,0.000000,0,0,172052,164289,-3,-4,-1.314742,-1.113214,2.079111,0.000000,0.000000,-1,,,,,,,,,,,,,,,,
56.842680,monitor,25122,628175,24992,1,0,0.000000,0.000000,0.000000,0.000000,0,0,172052,164289,-3,-4,-1.314742,-1.113214,2.079111,0.000000,0.000000,-1,,,,,,,,,,,,,,,,
56.854091,monitor,25123,628201,25008,1,0,0.000000,0.000000,0.000000,0.000000,0,0,172052,164289,-3,-4,-1.314742,-1.113214,2.079111,0.000000,0.000000,-1,,,,,,,,,,,,,,,,
56.897241,monitor,25124,628226,24988,1,0,0.000000,0.000000,0.000000,0.000000,0,0,172052,164289,-3,-4,-1.314742,-1.113214,2.079111,0.000000,0.000000,-1,,,,,,,,,,,,,,,,
56.902765,monitor,25125,628250,25024,1,0,0.000000,0.000000,0.000000,0.000000,0,0,172052,164289,-3,-4,-1.314742,-1.113214,2.079111,0.000000,0.000000,-1,,,,,,,,,,,,,,,,
56.951456,monitor,25126,628276,24972,1,0,0.000000,0.000000,0.000000,0.000000,0,0,172052,164289,-3,-4,-1.314742,-1.113214,2.079111,0.000000,0.000000,-1,,,,,,,,,,,,,,,,
56.957225,monitor,25127,628300,25008,1,0,0.000000,0.000000,0.000000,0.000000,0,0,172052,164289,-3,-4,-1.314742,-1.113214,2.079111,0.000000,0.000000,-1,,,,,,,,,,,,,,,,
57.010578,monitor,25128,628326,25020,1,0,0.000000,0.000000,0.000000,0.000000,0,0,172052,164289,-3,-4,-1.314742,-1.113214,2.079111,0.000000,0.000000,-1,,,,,,,,,,,,,,,,
57.010578,monitor,25129,628350,24988,1,0,0.000000,0.000000,0.000000,0.000000,0,0,172052,164289,-3,-4,-1.314742,-1.113214,2.079111,0.000000,0.000000,-1,,,,,,,,,,,,,,,,
57.061228,monitor,25130,628376,25012,1,0,0.000000,0.000000,0.000000,0.000000,0,0,172052,164289,-3,-4,-1.314742,-1.113214,2.079111,0.000000,0.000000,-1,,,,,,,,,,,,,,,,
57.061228,monitor,25131,628401,24980,1,0,0.000000,0.000000,0.000000,0.000000,0,0,172052,164289,-3,-4,-1.314742,-1.113214,2.079111,0.000000,0.000000,-1,,,,,,,,,,,,,,,,
57.110461,monitor,25132,628425,24992,1,0,0.000000,0.000000,0.000000,0.000000,0,0,172052,164289,-3,-4,-1.314742,-1.113214,2.079111,0.000000,0.000000,-1,,,,,,,,,,,,,,,,
57.110461,monitor,25133,628451,25024,1,0,0.000000,0.000000,0.000000,0.000000,0,0,172052,164289,-3,-4,-1.314742,-1.113214,2.079111,0.000000,0.000000,-1,,,,,,,,,,,,,,,,
57.165033,monitor,25134,628475,25004,1,0,0.000000,0.000000,0.000000,0.000000,0,0,172052,164289,-3,-4,-1.314742,-1.113214,2.079111,0.000000,0.000000,-1,,,,,,,,,,,,,,,,
57.165033,monitor,25135,628501,24972,1,0,0.000000,0.000000,0.000000,0.000000,0,0,172052,164289,-3,-4,-1.314742,-1.113214,2.079111,0.000000,0.000000,-1,,,,,,,,,,,,,,,,
57.182196,monitor,25136,628526,25024,1,0,0.000000,0.000000,0.000000,0.000000,0,0,172052,164289,-3,-4,-1.314742,-1.113214,2.079111,0.000000,0.000000,-1,,,,,,,,,,,,,,,,
57.222450,monitor,25137,628550,24980,1,0,0.000000,0.000000,0.000000,0.000000,0,0,172052,164289,-3,-4,-1.314742,-1.113214,2.079111,0.000000,0.000000,-1,,,,,,,,,,,,,,,,
57.233862,monitor,25138,628576,24996,1,0,0.000000,0.000000,0.000000,0.000000,0,0,172052,164289,-3,-4,-1.314742,-1.113214,2.079111,0.000000,0.000000,-1,,,,,,,,,,,,,,,,
57.273526,monitor,25139,628600,25020,1,0,0.000000,0.000000,0.000000,0.000000,0,0,172052,164289,-3,-4,-1.314742,-1.113214,2.079111,0.000000,0.000000,-1,,,,,,,,,,,,,,,,
57.284994,monitor,25140,628626,25008,1,0,0.000000,0.000000,0.000000,0.000000,0,0,172052,164289,-3,-4,-1.314742,-1.113214,2.079111,0.000000,0.000000,-1,,,,,,,,,,,,,,,,
57.322219,monitor,25141,628651,24980,1,0,0.000000,0.000000,0.000000,0.000000,0,0,172052,164289,-3,-4,-1.314742,-1.113214,2.079111,0.000000,0.000000,-1,,,,,,,,,,,,,,,,
57.333409,monitor,25142,628676,25008,1,0,0.000000,0.000000,0.000000,0.000000,0,0,172052,164289,-3,-4,-1.314742,-1.113214,2.079111,0.000000,0.000000,-1,,,,,,,,,,,,,,,,
57.377430,monitor,25143,628701,24996,1,0,0.000000,0.000000,0.000000,0.000000,0,0,172052,164289,-3,-4,-1.314742,-1.113214,2.079111,0.000000,0.000000,-1,,,,,,,,,,,,,,,,
57.383148,monitor,25144,628725,25000,1,0,0.000000,0.000000,0.000000,0.000000,0,0,172052,164289,-3,-4,-1.314742,-1.113214,2.079111,0.000000,0.000000,-1,,,,,,,,,,,,,,,,
57.430163,monitor,25145,628751,24988,1,0,0.000000,0.000000,0.000000,0.000000,0,0,172052,164289,-3,-4,-1.314742,-1.113214,2.079111,0.000000,0.000000,-1,,,,,,,,,,,,,,,,
57.435891,monitor,25146,628775,25012,1,0,0.000000,0.000000,0.000000,0.000000,0,0,172052,164289,-3,-4,-1.314742,-1.113214,2.079111,0.000000,0.000000,-1,,,,,,,,,,,,,,,,
57.483114,monitor,25147,628801,25020,1,0,0.000000,0.000000,0.000000,0.000000,0,0,172052,164289,-3,-4,-1.314742,-1.113214,2.079111,0.000000,0.000000,-1,,,,,,,,,,,,,,,,
57.488837,monitor,25148,628826,24968,1,0,0.000000,0.000000,0.000000,0.000000,0,0,172052,164289,-3,-4,-1.314742,-1.113214,2.079111,0.000000,0.000000,-1,,,,,,,,,,,,,,,,
57.536265,monitor,25149,628850,25036,1,0,0.000000,0.000000,0.000000,0.000000,0,0,172052,164289,-3,-4,-1.314742,-1.113214,2.079111,0.000000,0.000000,-1,,,,,,,,,,,,,,,,
57.536265,monitor,25150,628876,24988,1,0,0.000000,0.000000,0.000000,0.000000,0,0,172052,164289,-3,-4,-1.314742,-1.113214,2.079111,0.000000,0.000000,-1,,,,,,,,,,,,,,,,
57.588347,monitor,25151,628900,25000,1,0,0.000000,0.000000,0.000000,0.000000,0,0,172052,164289,-3,-4,-1.314742,-1.113214,2.079111,0.000000,0.000000,-1,,,,,,,,,,,,,,,,
57.588347,monitor,25152,628926,24992,1,0,0.000000,0.000000,0.000000,0.000000,0,0,172052,164289,-3,-4,-1.314742,-1.113214,2.079111,0.000000,0.000000,-1,,,,,,,,,,,,,,,,
57.642557,monitor,25153,628951,25004,1,0,0.000000,0.000000,0.000000,0.000000,0,0,172052,164289,-3,-4,-1.314742,-1.113214,2.079111,0.000000,0.000000,-1,,,,,,,,,,,,,,,,
57.642557,monitor,25154,628975,25012,1,0,0.000000,0.000000,0.000000,0.000000,0,0,172052,164289,-3,-4,-1.314742,-1.113214,2.079111,0.000000,0.000000,-1,,,,,,,,,,,,,,,,
57.696220,monitor,25155,629001,24984,1,0,0.000000,0.000000,0.000000,0.000000,0,0,172052,164289,-3,-4,-1.314742,-1.113214,2.079111,0.000000,0.000000,-1,,,,,,,,,,,,,,,,
57.696220,monitor,25156,629025,25008,1,0,0.000000,0.000000,0.000000,0.000000,0,0,172052,164289,-3,-4,-1.314742,-1.113214,2.079111,0.000000,0.000000,-1,,,,,,,,,,,,,,,,
57.713302,monitor,25157,629051,24984,1,0,0.000000,0.000000,0.000000,0.000000,0,0,172052,164289,-3,-4,-1.314742,-1.113214,2.079111,0.000000,0.000000,-1,,,,,,,,,,,,,,,,
57.749696,monitor,25158,629075,24996,1,0,0.000000,0.000000,0.000000,0.000000,0,0,172052,164289,-3,-4,-1.314742,-1.113214,2.079111,0.000000,0.000000,-1,,,,,,,,,,,,,,,,
57.766760,monitor,25159,629101,25028,1,0,0.000000,0.000000,0.000000,0.000000,0,0,172052,164289,-3,-4,-1.314742,-1.113214,2.079111,0.000000,0.000000,-1,,,,,,,,,,,,,,,,
57.804502,monitor,25160,629126,24984,1,0,0.000000,0.000000,0.000000,0.000000,0,0,172052,164289,-3,-4,-1.314742,-1.113214,2.079111,0.000000,0.000000,-1,,,,,,,,,,,,,,,,
57.815945,monitor,25161,629150,25004,1,0,0.000000,0.000000,0.000000,0.000000,0,0,172052,164289,-3,-4,-1.314742,-1.113214,2.079111,0.000000,0.000000,-1,,,,,,,,,,,,,,,,
57.856929,monitor,25162,629176,24996,1,0,0.000000,0.000000,0.000000,0.000000,0,0,172052,164289,-3,-4,-1.314742,-1.113214,2.079111,0.000000,0.000000,-1,,,,,,,,,,,,,,,,
57.862694,monitor,25163,629200,25000,1,0,0.000000,0.000000,0.000000,0.000000,0,0,172052,164289,-3,-4,-1.314742,-1.113214,2.079111,0.000000,0.000000,-1,,,,,,,,,,,,,,,,
57.910582,monitor,25164,629226,25012,1,0,0.000000,0.000000,0.000000,0.000000,0,0,172052,164289,-3,-4,-1.314742,-1.113214,2.079111,0.000000,0.000000,-1,,,,,,,,,,,,,,,,
57.916299,monitor,25165,629251,24992,1,0,0.000000,0.000000,0.000000,0.000000,0,0,172052,164289,-3,-4,-1.314742,-1.113214,2.079111,0.000000,0.000000,-1,,,,,,,,,,,,,,,,
57.962535,monitor,25166,629275,24988,1,0,0.000000,0.000000,0.000000,0.000000,0,0,172052,164289,-3,-4,-1.314742,-1.113214,2.079111,0.000000,0.000000,-1,,,,,,,,,,,,,,,,
57.968264,monitor,25167,629301,25008,1,0,0.000000,0.000000,0.000000,0.000000,0,0,172052,164289,-3,-4,-1.314742,-1.113214,2.079111,0.000000,0.000000,-1,,,,,,,,,,,,,,,,
58.015960,monitor,25168,629325,25008,1,0,0.000000,0.000000,0.000000,0.000000,0,0,172052,164289,-3,-4,-1.314742,-1.113214,2.079111,0.000000,0.000000,-1,,,,,,,,,,,,,,,,
58.015960,monitor,25169,629351,24980,1,0,0.000000,0.000000,0.000000,0.000000,0,0,172052,164289,-3,-4,-1.314742,-1.113214,2.079111,0.000000,0.000000,-1,,,,,,,,,,,,,,,,
58.069300,monitor,25170,629376,25008,1,0,0.000000,0.000000,0.000000,0.000000,0,0,172052,164289,-3,-4,-1.314742,-1.113214,2.079111,0.000000,0.000000,-1,,,,,,,,,,,,,,,,
58.069300,monitor,25171,629401,24996,1,0,0.000000,0.000000,0.000000,0.000000,0,0,172052,164289,-3,-4,-1.314742,-1.113214,2.079111,0.000000,0.000000,-1,,,,,,,,,,,,,,,,
58.122517,monitor,25172,629426,25008,1,0,0.000000,0.000000,0.000000,0.000000,0,0,172052,164289,-3,-4,-1.314742,-1.113214,2.079111,0.000000,0.000000,-1,,,,,,,,,,,,,,,,
58.122517,monitor,25173,629450,24992,1,0,0.000000,0.000000,0.000000,0.000000,0,0,172052,164289,-3,-4,-1.314742,-1.113214,2.079111,0.000000,0.000000,-1,,,,,,,,,,,,,,,,
58.175569,monitor,25174,629476,25000,1,0,0.000000,0.000000,0.000000,0.000000,0,0,172052,164289,-3,-4,-1.314742,-1.113214,2.079111,0.000000,0.000000,-1,,,,,,,,,,,,,,,,
58.175569,monitor,25175,629500,25004,1,0,0.000000,0.000000,0.000000,0.000000,0,0,172052,164289,-3,-4,-1.314742,-1.113214,2.079111,0.000000,0.000000,-1,,,,,,,,,,,,,,,,
58.192305,monitor,25176,629526,25008,1,0,0.000000,0.000000,0.000000,0.000000,0,0,172052,164289,-3,-4,-1.314742,-1.113214,2.079111,0.000000,0.000000,-1,,,,,,,,,,,,,,,,
58.228388,monitor,25177,629551,24988,1,0,0.000000,0.000000,0.000000,0.000000,0,0,172052,164289,-3,-4,-1.314742,-1.113214,2.079111,0.000000,0.000000,-1,,,,,,,,,,,,,,,,
58.245483,monitor,25178,629575,25028,1,0,0.000000,0.000000,0.000000,0.000000,0,0,172052,164289,-3,-4,-1.314742,-1.113214,2.079111,0.000000,0.000000,-1,,,,,,,,,,,,,,,,
58.280301,monitor,25179,629601,24972,1,0,0.000000,0.000000,0.000000,0.000000,0,0,172052,164289,-3,-4,-1.314742,-1.113214,2.079111,0.000000,0.000000,-1,,,,,,,,,,,,,,,,
58.297438,monitor,25180,629625,24992,1,0,0.000000,0.000000,0.000000,0.000000,0,0,172052,164289,-3,-4,-1.314742,-1.113214,2.079111,0.000000,0.000000,-1,,,,,,,,,,,,,,,,
58.332379,monitor,25181,629651,25012,1,0,0.000000,0.000000,0.000000,0.000000,0,0,172052,164289,-3,-4,-1.314742,-1.113214,2.079111,0.000000,0.000000,-1,,,,,,,,,,,,,,,,
58.343818,monitor,25182,629676,25000,1,0,0.000000,0.000000,0.000000,0.000000,0,0,172052,164289,-3,-4,-1.314742,-1.113214,2.079111,0.000000,0.000000,-1,,,,,,,,,,,,,,,,
58.384347,monitor,25183,629700,25012,1,0,0.000000,0.000000,0.000000,0.000000,0,0,172052,164289,-3,-4,-1.314742,-1.113214,2.079111,0.000000,0.000000,-1,,,,,,,,,,,,,,,,
58.395748,monitor,25184,629726,24992,1,0,0.000000,0.000000,0.000000,0.000000,0,0,172052,164289,-3,-4,-1.314742,-1.113214,2.079111,0.000000,0.000000,-1,,,,,,,,,,,,,,,,
58.435030,monitor,25185,629750,24984,1,0,0.000000,0.000000,0.000000,0.000000,0,0,172052,164289,-3,-4,-1.314742,-1.113214,2.079111,0.000000,0.000000,-1,,,,,,,,,,,,,,,,
58.446463,monitor,25186,629776,25016,1,0,0.000000,0.000000,0.000000,0.000000,0,0,172052,164289,-3,-4,-1.314742,-1.113214,2.079111,0.000000,0.000000,-1,,,,,,,,,,,,,,,,
58.485481,monitor,25187,629800,24996,1,0,0.000000,0.000000,0.000000,0.000000,0,0,172052,164289,-3,-4,-1.314742,-1.113214,2.079111,0.000000,0.000000,-1,,,,,,,,,,,,,,,,
58.502542,monitor,25188,629826,25016,1,0,0.000000,0.000000,0.000000,0.000000,0,0,172052,164289,-3,-4,-1.314742,-1.113214,2.079111,0.000000,0.000000,-1,,,,,,,,,,,,,,,,
58.535857,monitor,25189,629851,24992,1,0,0.000000,0.000000,0.000000,0.000000,0,0,172052,164289,-3,-4,-1.314742,-1.113214,2.079111,0.000000,0.000000,-1,,,,,,,,,,,,,,,,
58.547339,monitor,25190,629875,24984,1,0,0.000000,0.000000,0.000000,0.000000,0,0,172052,164289,-3,-4,-1.314742,-1.113214,2.079111,0.000000,0.000000,-1,,,,,,,,,,,,,,,,
58.586281,monitor,25191,629901,25016,1,0,0.000000,0.000000,0.000000,0.000000,0,0,172052,164289,-3,-4,-1.314742,-1.113214,2.079111,0.000000,0.000000,-1,,,,,,,,,,,,,,,,
58.597433,monitor,25192,629925,25000,1,0,0.000000,0.000000,0.000000,0.000000,0,0,172052,164289,-3,-4,-1.314742,-1.113214,2.079111,0.000000,0.000000,-1,,,,,,,,,,,,,,,,
58.637736,monitor,25193,629951,24996,1,0,0.000000,0.000000,0.000000,0.000000,0,0,172052,164289,-3,-4,-1.314742,-1.113214,2.079111,0.000000,0.000000,-1,,,,,,,,,,,,,,,,
58.649161,monitor,25194,629976,25004,1,0,0.000000,0.000000,0.000000,0.000000,0,0,172052,164289,-3,-4,-1.314742,-1.113214,2.079111,0.000000,0.000000,-1,,,,,,,,,,,,,,,,
58.690375,monitor,25195,630000,24996,1,0,0.000000,0.000000,0.000000,0.000000,0,0,172052,164289,-3,-4,-1.314742,-1.113214,2.079111,0.000000,0.000000,-1,,,,,,,,,,,,,,,,
58.701225,monitor,25196,630026,24992,1,0,0.000000,0.000000,0.000000,0.000000,0,0,172052,164289,-3,-4,-1.314742,-1.113214,2.079111,0.000000,0.000000,-1,,,,,,,,,,,,,,,,
58.741909,monitor,25197,630050,25008,1,0,0.000000,0.000000,0.000000,0.000000,0,0,172052,164289,-3,-4,-1.314742,-1.113214,2.079111,0.000000,0.000000,-1,,,,,,,,,,,,,,,,
58.747650,monitor,25198,630076,24988,1,0,0.000000,0.000000,0.000000,0.000000,0,0,172052,164289,-3,-4,-1.314742,-1.113214,2.079111,0.000000,0.000000,-1,,,,,,,,,,,,,,,,
58.793535,monitor,25199,630100,24996,1,0,0.000000,0.000000,0.000000,0.000000,0,0,172052,164289,-3,-4,-1.314742,-1.113214,2.079111,0.000000,0.000000,-1,,,,,,,,,,,,,,,,
58.799327,monitor,25200,630126,25028,1,0,0.000000,0.000000,0.000000,0.000000,0,0,172052,164289,-3,-4,-1.314742,-1.113214,2.079111,0.000000,0.000000,-1,,,,,,,,,,,,,,,,
58.845652,monitor,25201,630151,24988,1,0,0.000000,0.000000,0.000000,0.000000,0,0,172052,164289,-3,-4,-1.314742,-1.113214,2.079111,0.000000,0.000000,-1,,,,,,,,,,,,,,,,
58.851412,monitor,25202,630175,25008,1,0,0.000000,0.000000,0.000000,0.000000,0,0,172052,164289,-3,-4,-1.314742,-1.113214,2.079111,0.000000,0.000000,-1,,,,,,,,,,,,,,,,
58.897829,monitor,25203,630201,24992,1,0,0.000000,0.000000,0.000000,0.000000,0,0,172052,164289,-3,-4,-1.314742,-1.113214,2.079111,0.000000,0.000000,-1,,,,,,,,,,,,,,,,
58.903577,monitor,25204,630225,25000,1,0,0.000000,0.000000,0.000000,0.000000,0,0,172052,164289,-3,-4,-1.314742,-1.113214,2.079111,0.000000,0.000000,-1,,,,,,,,,,,,,,,,
58.950030,monitor,25205,630251,24992,1,0,0.000000,0.000000,0.000000,0.000000,0,0,172052,164289,-3,-4,-1.314742,-1.113214,2.079111,0.000000,0.000000,-1,,,,,,,,,,,,,,,,
58.955745,monitor,25206,630276,25004,1,0,0.000000,0.000000,0.000000,0.000000,0,0,172052,164289,-3,-4,-1.314742,-1.113214,2.079111,0.000000,0.000000,-1,,,,,,,,,,,,,,,,
59.001963,monitor,25207,630300,24996,1,0,0.000000,0.000000,0.000000,0.000000,0,0,172052,164289,-3,-4,-1.314742,-1.113214,2.079111,0.000000,0.000000,-1,,,,,,,,,,,,,,,,
59.001963,monitor,25208,630326,25000,1,0,0.000000,0.000000,0.000000,0.000000,0,0,172052,164289,-3,-4,-1.314742,-1.113214,2.079111,0.000000,0.000000,-1,,,,,,,,,,,,,,,,
59.054056,monitor,25209,630350,25004,1,0,0.000000,0.000000,0.000000,0.000000,0,0,172052,164289,-3,-4,-1.314742,-1.113214,2.079111,0.000000,0.000000,-1,,,,,,,,,,,,,,,,
59.054056,monitor,25210,630376,25016,1,0,0.000000,0.000000,0.000000,0.000000,0,0,172052,164289,-3,-4,-1.314742,-1.113214,2.079111,0.000000,0.000000,-1,,,,,,,,,,,,,,,,
59.108575,monitor,25211,630401,24996,1,0,0.000000,0.000000,0.000000,0.000000,0,0,172052,164289,-3,-4,-1.314742,-1.113214,2.079111,0.000000,0.000000,-1,,,,,,,,,,,,,,,,
59.108575,monitor,25212,630425,25000,1,0,0.000000,0.000000,0.000000,0.000000,0,0,172052,164289,-3,-4,-1.314742,-1.113214,2.079111,0.000000,0.000000,-1,,,,,,,,,,,,,,,,
59.162259,monitor,25213,630451,25000,1,0,0.000000,0.000000,0.000000,0.000000,0,0,172052,164289,-3,-4,-1.314742,-1.113214,2.079111,0.000000,0.000000,-1,,,,,,,,,,,,,,,,
59.162259,monitor,25214,630475,25004,1,0,0.000000,0.000000,0.000000,0.000000,0,0,172052,164289,-3,-4,-1.314742,-1.113214,2.079111,0.000000,0.000000,-1,,,,,,,,,,,,,,,,
59.179459,monitor,25215,630501,24992,1,0,0.000000,0.000000,0.000000,0.000000,0,0,172052,164289,-3,-4,-1.314742,-1.113214,2.079111,0.000000,0.000000,-1,,,,,,,,,,,,,,,,
59.213934,monitor,25216,630525,25004,1,0,0.000000,0.000000,0.000000,0.000000,0,0,172052,164289,-3,-4,-1.314742,-1.113214,2.079111,0.000000,0.000000,-1,,,,,,,,,,,,,,,,
59.230988,monitor,25217,630551,24992,1,0,0.000000,0.000000,0.000000,0.000000,0,0,172052,164289,-3,-4,-1.314742,-1.113214,2.079111,0.000000,0.000000,-1,,,,,,,,,,,,,,,,
59.266331,monitor,25218,630576,25004,1,0,0.000000,0.000000,0.000000,0.000000,0,0,172052,164289,-3,-4,-1.314742,-1.113214,2.079111,0.000000,0.000000,-1,,,,,,,,,,,,,,,,
59.283443,monitor,25219,630600,25020,1,0,0.000000,0.000000,0.000000,0.000000,0,0,172052,164289,-3,-4,-1.314742,-1.113214,2.079111,0.000000,0.000000,-1,,,,,,,,,,,,,,,,
59.313990,monitor,25220,630626,24960,1,0,0.000000,0.000000,0.000000,0.000000,0,0,172052,164289,-3,-4,-1.314742,-1.113214,2.079111,0.000000,0.000000,-1,,,,,,,,,,,,,,,,
59.331054,monitor,25221,630650,25020,1,0,0.000000,0.000000,0.000000,0.000000,0,0,172052,164289,-3,-4,-1.314742,-1.113214,2.079111,0.000000,0.000000,-1,,,,,,,,,,,,,,,,
59.369304,monitor,25222,630676,24996,1,0,0.000000,0.000000,0.000000,0.000000,0,0,172052,164289,-3,-4,-1.314742,-1.113214,2.079111,0.000000,0.000000,-1,,,,,,,,,,,,,,,,
59.380723,monitor,25223,630701,25004,1,0,0.000000,0.000000,0.000000,0.000000,0,0,172052,164289,-3,-4,-1.314742,-1.113214,2.079111,0.000000,0.000000,-1,,,,,,,,,,,,,,,,
59.426074,monitor,25224,630725,24996,1,0,0.000000,0.000000,0.000000,0.000000,0,0,172052,164289,-3,-4,-1.314742,-1.113214,2.079111,0.000000,0.000000,-1,,,,,,,,,,,,,,,,
59.431870,monitor,25225,630751,25000,1,0,0.000000,0.000000,0.000000,0.000000,0,0,172052,164289,-3,-4,-1.314742,-1.113214,2.079111,0.000000,0.000000,-1,,,,,,,,,,,,,,,,
59.475647,monitor,25226,630775,24988,1,0,0.000000,0.000000,0.000000,0.000000,0,0,172052,164289,-3,-4,-1.314742,-1.113214,2.079111,0.000000,0.000000,-1,,,,,,,,,,,,,,,,
59.487129,monitor,25227,630801,25012,1,0,0.000000,0.000000,0.000000,0.000000,0,0,172052,164289,-3,-4,-1.314742,-1.113214,2.079111,0.000000,0.000000,-1,,,,,,,,,,,,,,,,
59.532582,monitor,25228,630825,24992,1,0,0.000000,0.000000,0.000000,0.000000,0,0,172052,164289,-3,-4,-1.314742,-1.113214,2.079111,0.000000,0.000000,-1,,,,,,,,,,,,,,,,
59.532582,monitor,25229,630851,25008,1,0,0.000000,0.000000,0.000000,0.000000,0,0,172052,164289,-3,-4,-1.314742,-1.113214,2.079111,0.000000,0.000000,-1,,,,,,,,,,,,,,,,
59.583061,monitor,25230,630876,25008,1,0,0.000000,0.000000,0.000000,0.000000,0,0,172052,164289,-3,-4,-1.314742,-1.113214,2.079111,0.000000,0.000000,-1,,,,,,,,,,,,,,,,
59.583061,monitor,25231,630900,25000,1,0,0.000000,0.000000,0.000000,0.000000,0,0,172052,164289,-3,-4,-1.314742,-1.113214,2.079111,0.000000,0.000000,-1,,,,,,,,,,,,,,,,
59.630424,monitor,25232,630926,24976,1,0,0.000000,0.000000,0.000000,0.000000,0,0,172052,164289,-3,-4,-1.314742,-1.113214,2.079111,0.000000,0.000000,-1,,,,,,,,,,,,,,,,
59.636186,monitor,25233,630950,25000,1,0,0.000000,0.000000,0.000000,0.000000,0,0,172052,164289,-3,-4,-1.314742,-1.113214,2.079111,0.000000,0.000000,-1,,,,,,,,,,,,,,,,
59.687578,monitor,25234,630976,25000,1,0,0.000000,0.000000,0.000000,0.000000,0,0,172052,164289,-3,-4,-1.314742,-1.113214,2.079111,0.000000,0.000000,-1,,,,,,,,,,,,,,,,
59.687578,monitor,25235,631001,25020,1,0,0.000000,0.000000,0.000000,0.000000,0,0,172052,164289,-3,-4,-1.314742,-1.113214,2.079111,0.000000,0.000000,-1,,,,,,,,,,,,,,,,
59.736310,monitor,25236,631025,24984,1,0,0.000000,0.000000,0.000000,0.000000,0,0,172052,164289,-3,-4,-1.314742,-1.113214,2.079111,0.000000,0.000000,-1,,,,,,,,,,,,,,,,
59.736310,monitor,25237,631051,25016,1,0,0.000000,0.000000,0.000000,0.000000,0,0,172052,164289,-3,-4,-1.314742,-1.113214,2.079111,0.000000,0.000000,-1,,,,,,,,,,,,,,,,
59.791767,monitor,25238,631075,24988,1,0,0.000000,0.000000,0.000000,0.000000,0,0,172052,164289,-3,-4,-1.314742,-1.113214,2.079111,0.000000,0.000000,-1,,,,,,,,,,,,,,,,
59.791767,monitor,25239,631101,25008,1,0,0.000000,0.000000,0.000000,0.000000,0,0,172052,164289,-3,-4,-1.314742,-1.113214,2.079111,0.000000,0.000000,-1,,,,,,,,,,,,,,,,
59.813857,monitor,25240,631126,24984,1,0,0.000000,0.000000,0.000000,0.000000,0,0,172052,164289,-3,-4,-1.314742,-1.113214,2.079111,0.000000,0.000000,-1,,,,,,,,,,,,,,,,
59.843854,monitor,25241,631150,25008,1,0,0.000000,0.000000,0.000000,0.000000,0,0,172052,164289,-3,-4,-1.314742,-1.113214,2.079111,0.000000,0.000000,-1,,,,,,,,,,,,,,,,
59.866196,monitor,25242,631176,25012,1,0,0.000000,0.000000,0.000000,0.000000,0,0,172052,164289,-3,-4,-1.314742,-1.113214,2.079111,0.000000,0.000000,-1,,,,,,,,,,,,,,,,
59.897735,monitor,25243,631200,25012,1,0,0.000000,0.000000,0.000000,0.000000,0,0,172052,164289,-3,-4,-1.314742,-1.113214,2.079111,0.000000,0.000000,-1,,,,,,,,,,,,,,,,
59.914807,monitor,25244,631226,24988,1,0,0.000000,0.000000,0.000000,0.000000,0,0,172052,164289,-3,-4,-1.314742,-1.113214,2.079111,0.000000,0.000000,-1,,,,,,,,,,,,,,,,
59.951725,monitor,25245,631250,25004,1,0,0.000000,0.000000,0.000000,0.000000,0,0,172052,164289,-3,-4,-1.314742,-1.113214,2.079111,0.000000,0.000000,-1,,,,,,,,,,,,,,,,
59.963124,monitor,25246,631276,24980,1,0,0.000000,0.000000,0.000000,0.000000,0,0,172052,164289,-3,-4,-1.314742,-1.113214,2.079111,0.000000,0.000000,-1,,,,,,,,,,,,,,,,
60.004458,monitor,25247,631301,25000,1,0,0.000000,0.000000,0.000000,0.000000,0,0,172052,164289,-3,-4,-1.314742,-1.113214,2.079111,0.000000,0.000000,-1,,,,,,,,,,,,,,,,
60.015908,monitor,25248,631325,25000,1,0,0.000000,0.000000,0.000000,0.000000,0,0,172052,164289,-3,-4,-1.314742,-1.113214,2.079111,0.000000,0.000000,-1,,,,,,,,,,,,,,,,
60.057096,monitor,25249,631351,25012,1,0,0.000000,0.000000,0.000000,0.000000,0,0,172052,164289,-3,-4,-1.314742,-1.113214,2.079111,0.000000,0.000000,-1,,,,,,,,,,,,,,,,
60.062894,monitor,25250,631375,25008,1,0,0.000000,0.000000,0.000000,0.000000,0,0,172052,164289,-3,-4,-1.314742,-1.113214,2.079111,0.000000,0.000000,-1,,,,,,,,,,,,,,,,
60.110969,monitor,25251,631401,24984,1,0,0.000000,0.000000,0.000000,0.000000,0,0,172052,164289,-3,-4,-1.314742,-1.113214,2.079111,0.000000,0.000000,-1,,,,,,,,,,,,,,,,
60.116680,monitor,25252,631426,25016,1,0,0.000000,0.000000,0.000000,0.000000,0,0,172052,164289,-3,-4,-1.314742,-1.113214,2.079111,0.000000,0.000000,-1,,,,,,,,,,,,,,,,
60.164162,monitor,25253,631450,24980,1,0,0.000000,0.000000,0.000000,0.000000,0,0,172052,164289,-3,-4,-1.314742,-1.113214,2.079111,0.000000,0.000000,-1,,,,,,,,,,,,,,,,
60.169947,monitor,25254,631476,25020,1,0,0.000000,0.000000,0.000000,0.000000,0,0,172052,164289,-3,-4,-1.314742,-1.113214,2.079111,0.000000,0.000000,-1,,,,,,,,,,,,,,,,
60.216614,monitor,25255,631500,24976,1,0,0.000000,0.000000,0.000000,0.000000,0,0,172052,164289,-3,-4,-1.314742,-1.113214,2.079111,0.000000,0.000000,-1,,,,,,,,,,,,,,,,
60.216614,monitor,25256,631526,25028,1,0,0.000000,0.000000,0.000000,0.000000,0,0,172052,164289,-3,-4,-1.314742,-1.113214,2.079111,0.000000,0.000000,-1,,,,,,,,,,,,,,,,
60.268758,monitor,25257,631550,24980,1,0,0.000000,0.000000,0.000000,0.000000,0,0,172052,164289,-3,-4,-1.314742,-1.113214,2.079111,0.000000,0.000000,-1,,,,,,,,,,,,,,,,
60.268758,monitor,25258,631576,25012,1,0,0.000000,0.000000,0.000000,0.000000,0,0,172052,164289,-3,-4,-1.314742,-1.113214,2.079111,0.000000,0.000000,-1,,,,,,,,,,,,,,,,
60.291587,monitor,25259,631601,24996,1,0,0.000000,0.000000,0.000000,0.000000,0,0,172052,164289,-3,-4,-1.314742,-1.113214,2.079111,0.000000,0.000000,-1,,,,,,,,,,,,,,,,
60.320457,monitor,25260,631625,24988,1,0,0.000000,0.000000,0.000000,0.000000,0,0,172052,164289,-3,-4,-1.314742,-1.113214,2.079111,0.000000,0.000000,-1,,,,,,,,,,,,,,,,
60.342568,monitor,25261,631651,24996,1,0,0.000000,0.000000,0.000000,0.000000,0,0,172052,164289,-3,-4,-1.314742,-1.113214,2.079111,0.000000,0.000000,-1,,,,,,,,,,,,,,,,
60.371622,monitor,25262,631675,25000,1,0,0.000000,0.000000,0.000000,0.000000,0,0,172052,164289,-3,-4,-1.314742,-1.113214,2.079111,0.000000,0.000000,-1,,,,,,,,,,,,,,,,
60.394464,monitor,25263,631701,25008,1,0,0.000000,0.000000,0.000000,0.000000,0,0,172052,164289,-3,-4,-1.314742,-1.113214,2.079111,0.000000,0.000000,-1,,,,,,,,,,,,,,,,
60.423688,monitor,25264,631726,25000,1,0,0.000000,0.000000,0.000000,0.000000,0,0,172052,164289,-3,-4,-1.314742,-1.113214,2.079111,0.000000,0.000000,-1,,,,,,,,,,,,,,,,
60.446527,monitor,25265,631750,24996,1,0,0.000000,0.000000,0.000000,0.000000,0,0,172052,164289,-3,-4,-1.314742,-1.113214,2.079111,0.000000,0.000000,-1,,,,,,,,,,,,,,,,
60.476788,monitor,25266,631776,25020,1,0,0.000000,0.000000,0.000000,0.000000,0,0,172052,164289,-3,-4,-1.314742,-1.113214,2.079111,0.000000,0.000000,-1,,,,,,,,,,,,,,,,
60.493845,monitor,25267,631800,25100,1,0,0.000000,0.000000,0.000000,0.000000,0,0,172052,164289,-3,-4,-1.314742,-1.113214,2.079111,0.000000,0.000000,-1,,,,,,,,,,,,,,,,
60.530473,monitor,25268,631826,24896,1,0,0.000000,0.000000,0.000000,0.000000,0,0,172052,164289,-3,-4,-1.314742,-1.113214,2.079111,0.000000,0.000000,-1,,,,,,,,,,,,,,,,
60.546889,monitor,25269,631851,24988,1,0,0.000000,0.000000,0.000000,0.000000,0,0,172052,164289,-3,-4,-1.314742,-1.113214,2.079111,0.000000,0.000000,-1,,,,,,,,,,,,,,,,
60.581433,monitor,25270,631875,25000,1,0,0.000000,0.000000,0.000000,0.000000,0,0,172052,164289,-3,-4,-1.314742,-1.113214,2.079111,0.000000,0.000000,-1,,,,,,,,,,,,,,,,
60.597458,monitor,25271,631901,25008,1,0,0.000000,0.000000,0.000000,0.000000,0,0,172052,164289,-3,-4,-1.314742,-1.113214,2.079111,0.000000,0.000000,-1,,,,,,,,,,,,,,,,
60.633879,monitor,25272,631925,24984,1,0,0.000000,0.000000,0.000000,0.000000,0,0,172052,164289,-3,-4,-1.314742,-1.113214,2.079111,0.000000,0.000000,-1,,,,,,,,,,,,,,,,
60.645302,monitor,25273,631951,25008,1,0,0.000000,0.000000,0.000000,0.000000,0,0,172052,164289,-3,-4,-1.314742,-1.113214,2.079111,0.000000,0.000000,-1,,,,,,,,,,,,,,,,
60.686874,monitor,25274,631975,25008,1,0,0.000000,0.000000,0.000000,0.000000,0,0,172052,164289,-3,-4,-1.314742,-1.113214,2.079111,0.000000,0.000000,-1,,,,,,,,,,,,,,,,
60.698326,monitor,25275,632001,25008,1,0,0.000000,0.000000,0.000000,0.000000,0,0,172052,164289,-3,-4,-1.314742,-1.113214,2.079111,0.000000,0.000000,-1,,,,,,,,,,,,,,,,
60.742404,monitor,25276,632026,24992,1,0,0.000000,0.000000,0.000000,0.000000,0,0,172052,164289,-3,-4,-1.314742,-1.113214,2.079111,0.000000,0.000000,-1,,,,,,,,,,,,,,,,
60.748196,monitor,25277,632050,25016,1,0,0.000000,0.000000,0.000000,0.000000,0,0,172052,164289,-3,-4,-1.314742,-1.113214,2.079111,0.000000,0.000000,-1,,,,,,,,,,,,,,,,
60.797423,monitor,25278,632076,24968,1,0,0.000000,0.000000,0.000000,0.000000,0,0,172052,164289,-3,-4,-1.314742,-1.113214,2.079111,0.000000,0.000000,-1,,,,,,,,,,,,,,,,
60.797423,monitor,25279,632100,25020,1,0,0.000000,0.000000,0.000000,0.000000,0,0,172052,164289,-3,-4,-1.314742,-1.113214,2.079111,0.000000,0.000000,-1,,,,,,,,,,,,,,,,
60.850613,monitor,25280,632126,24980,1,0,0.000000,0.000000,0.000000,0.000000,0,0,172052,164289,-3,-4,-1.314742,-1.113214,2.079111,0.000000,0.000000,-1,,,,,,,,,,,,,,,,
60.850613,monitor,25281,632151,25032,1,0,0.000000,0.000000,0.000000,0.000000,0,0,172052,164289,-3,-4,-1.314742,-1.113214,2.079111,0.000000,0.000000,-1,,,,,,,,,,,,,,,,
60.873468,monitor,25282,632175,24988,1,0,0.000000,0.000000,0.000000,0.000000,0,0,172052,164289,-3,-4,-1.314742,-1.113214,2.079111,0.000000,0.000000,-1,,,,,,,,,,,,,,,,
60.904032,monitor,25283,632201,24988,1,0,0.000000,0.000000,0.000000,0.000000,0,0,172052,164289,-3,-4,-1.314742,-1.113214,2.079111,0.000000,0.000000,-1,,,,,,,,,,,,,,,,
60.926923,monitor,25284,632225,25016,1,0,0.000000,0.000000,0.000000,0.000000,0,0,172052,164289,-3,-4,-1.314742,-1.113214,2.079111,0.000000,0.000000,-1,,,,,,,,,,,,,,,,
60.956591,monitor,25285,632251,24976,1,0,0.000000,0.000000,0.000000,0.000000,0,0,172052,164289,-3,-4,-1.314742,-1.113214,2.079111,0.000000,0.000000,-1,,,,,,,,,,,,,,,,
60.973670,monitor,25286,632275,25024,1,0,0.000000,0.000000,0.000000,0.000000,0,0,172052,164289,-3,-4,-1.314742,-1.113214,2.079111,0.000000,0.000000,-1,,,,,,,,,,,,,,,,
61.008528,monitor,25287,632301,24992,1,0,0.000000,0.000000,0.000000,0.000000,0,0,172052,164289,-3,-4,-1.314742,-1.113214,2.079111,0.000000,0.000000,-1,,,,,,,,,,,,,,,,
61.025593,monitor,25288,632326,24992,1,0,0.000000,0.000000,0.000000,0.000000,0,0,172052,164289,-3,-4,-1.314742,-1.113214,2.079111,0.000000,0.000000,-1,,,,,,,,,,,,,,,,
61.060571,monitor,25289,632350,25016,1,0,0.000000,0.000000,0.000000,0.000000,0,0,172052,164289,-3,-4,-1.314742,-1.113214,2.079111,0.000000,0.000000,-1,,,,,,,,,,,,,,,,
61.077553,monitor,25290,632376,25004,1,0,0.000000,0.000000,0.000000,0.000000,0,0,172052,164289,-3,-4,-1.314742,-1.113214,2.079111,0.000000,0.000000,-1,,,,,,,,,,,,,,,,
61.111674,monitor,25291,632400,24996,1,0,0.000000,0.000000,0.000000,0.000000,0,0,172052,164289,-3,-4,-1.314742,-1.113214,2.079111,0.000000,0.000000,-1,,,,,,,,,,,,,,,,
61.128220,monitor,25292,632426,24976,1,0,0.000000,0.000000,0.000000,0.000000,0,0,172052,164289,-3,-4,-1.314742,-1.113214,2.079111,0.000000,0.000000,-1,,,,,,,,,,,,,,,,
61.163982,monitor,25293,632451,25032,1,0,0.000000,0.000000,0.000000,0.000000,0,0,172052,164289,-3,-4,-1.314742,-1.113214,2.079111,0.000000,0.000000,-1,,,,,,,,,,,,,,,,
61.175400,monitor,25294,632475,24980,1,0,0.000000,0.000000,0.000000,0.000000,0,0,172052,164289,-3,-4,-1.314742,-1.113214,2.079111,0.000000,0.000000,-1,,,,,,,,,,,,,,,,
61.219539,monitor,25295,632501,24988,1,0,0.000000,0.000000,0.000000,0.000000,0,0,172052,164289,-3,-4,-1.314742,-1.113214,2.079111,0.000000,0.000000,-1,,,,,,,,,,,,,,,,
61.231002,monitor,25296,632525,25008,1,0,0.000000,0.000000,0.000000,0.000000,0,0,172052,164289,-3,-4,-1.314742,-1.113214,2.079111,0.000000,0.000000,-1,,,,,,,,,,,,,,,,
61.270961,monitor,25297,632551,25012,1,0,0.000000,0.000000,0.000000,0.000000,0,0,172052,164289,-3,-4,-1.314742,-1.113214,2.079111,0.000000,0.000000,-1,,,,,,,,,,,,,,,,
61.276703,monitor,25298,632576,24988,1,0,0.000000,0.000000,0.000000,0.000000,0,0,172052,164289,-3,-4,-1.314742,-1.113214,2.079111,0.000000,0.000000,-1,,,,,,,,,,,,,,,,
61.322228,monitor,25299,632601,25004,1,0,0.000000,0.000000,0.000000,0.000000,0,0,172052,164289,-3,-4,-1.314742,-1.113214,2.079111,0.000000,0.000000,-1,,,,,,,,,,,,,,,,
61.328032,monitor,25300,632626,24992,1,0,0.000000,0.000000,0.000000,0.000000,0,0,172052,164289,-3,-4,-1.314742,-1.113214,2.079111,0.000000,0.000000,-1,,,,,,,,,,,,,,,,
61.372578,monitor,25301,632650,25012,1,0,0.000000,0.000000,0.000000,0.000000,0,0,172052,164289,-3,-4,-1.314742,-1.113214,2.079111,0.000000,0.000000,-1,,,,,,,,,,,,,,,,
61.378359,monitor,25302,632676,25012,1,0,0.000000,0.000000,0.000000,0.000000,0,0,172052,164289,-3,-4,-1.314742,-1.113214,2.079111,0.000000,0.000000,-1,,,,,,,,,,,,,,,,
61.423162,monitor,25303,632700,25004,1,0,0.000000,0.000000,0.000000,0.000000,0,0,172052,164289,-3,-4,-1.314742,-1.113214,2.079111,0.000000,0.000000,-1,,,,,,,,,,,,,,,,
61.428918,monitor,25304,632726,24984,1,0,0.000000,0.000000,0.000000,0.000000,0,0,172052,164289,-3,-4,-1.314742,-1.113214,2.079111,0.000000,0.000000,-1,,,,,,,,,,,,,,,,
61.472966,monitor,25305,632751,25012,1,0,0.000000,0.000000,0.000000,0.000000,0,0,172052,164289,-3,-4,-1.314742,-1.113214,2.079111,0.000000,0.000000,-1,,,,,,,,,,,,,,,,
61.484393,monitor,25306,632775,24976,1,0,0.000000,0.000000,0.000000,0.000000,0,0,172052,164289,-3,-4,-1.314742,-1.113214,2.079111,0.000000,0.000000,-1,,,,,,,,,,,,,,,,
61.529428,monitor,25307,632801,25004,1,0,0.000000,0.000000,0.000000,0.000000,0,0,172052,164289,-3,-4,-1.314742,-1.113214,2.079111,0.000000,0.000000,-1,,,,,,,,,,,,,,,,
61.529428,monitor,25308,632825,25012,1,0,0.000000,0.000000,0.000000,0.000000,0,0,172052,164289,-3,-4,-1.314742,-1.113214,2.079111,0.000000,0.000000,-1,,,,,,,,,,,,,,,,
61.578986,monitor,25309,632851,24984,1,0,0.000000,0.000000,0.000000,0.000000,0,0,172052,164289,-3,-4,-1.314742,-1.113214,2.079111,0.000000,0.000000,-1,,,,,,,,,,,,,,,,
61.584707,monitor,25310,632876,25024,1,0,0.000000,0.000000,0.000000,0.000000,0,0,172052,164289,-3,-4,-1.314742,-1.113214,2.079111,0.000000,0.000000,-1,,,,,,,,,,,,,,,,
61.606965,monitor,25311,632900,24972,1,0,0.000000,0.000000,0.000000,0.000000,0,0,172052,164289,-3,-4,-1.314742,-1.113214,2.079111,0.000000,0.000000,-1,,,,,,,,,,,,,,,,
61.637296,monitor,25312,632926,25024,1,0,0.000000,0.000000,0.000000,0.000000,0,0,172052,164289,-3,-4,-1.314742,-1.113214,2.079111,0.000000,0.000000,-1,,,,,,,,,,,,,,,,
61.660156,monitor,25313,632950,25004,1,0,0.000000,0.000000,0.000000,0.000000,0,0,172052,164289,-3,-4,-1.314742,-1.113214,2.079111,0.000000,0.000000,-1,,,,,,,,,,,,,,,,
61.691603,monitor,25314,632976,24984,1,0,0.000000,0.000000,0.000000,0.000000,0,0,172052,164289,-3,-4,-1.314742,-1.113214,2.079111,0.000000,0.000000,-1,,,,,,,,,,,,,,,,
61.708622,monitor,25315,633000,25008,1,0,0.000000,0.000000,0.000000,0.000000,0,0,172052,164289,-3,-4,-1.314742,-1.113214,2.079111,0.000000,0.000000,-1,,,,,,,,,,,,,,,,
61.741153,monitor,25316,633026,24980,1,0,0.000000,0.000000,0.000000,0.000000,0,0,172052,164289,-3,-4,-1.314742,-1.113214,2.079111,0.000000,0.000000,-1,,,,,,,,,,,,,,,,
61.758233,monitor,25317,633051,25008,1,0,0.000000,0.000000,0.000000,0.000000,0,0,172052,164289,-3,-4,-1.314742,-1.113214,2.079111,0.000000,0.000000,-1,,,,,,,,,,,,,,,,
61.799122,monitor,25318,633075,25012,1,0,0.000000,0.000000,0.000000,0.000000,0,0,172052,164289,-3,-4,-1.314742,-1.113214,2.079111,0.000000,0.000000,-1,,,,,,,,,,,,,,,,
61.810586,monitor,25319,633101,24984,1,0,0.000000,0.000000,0.000000,0.000000,0,0,172052,164289,-3,-4,-1.314742,-1.113214,2.079111,0.000000,0.000000,-1,,,,,,,,,,,,,,,,
61.848573,monitor,25320,633125,24996,1,0,0.000000,0.000000,0.000000,0.000000,0,0,172052,164289,-3,-4,-1.314742,-1.113214,2.079111,0.000000,0.000000,-1,,,,,,,,,,,,,,,,
61.860051,monitor,25321,633151,25000,1,0,0.000000,0.000000,0.000000,0.000000,0,0,172052,164289,-3,-4,-1.314742,-1.113214,2.079111,0.000000,0.000000,-1,,,,,,,,,,,,,,,,
61.906906,monitor,25322,633176,25008,1,0,0.000000,0.000000,0.000000,0.000000,0,0,172052,164289,-3,-4,-1.314742,-1.113214,2.079111,0.000000,0.000000,-1,,,,,,,,,,,,,,,,
61.912634,monitor,25323,633200,24992,1,0,0.000000,0.000000,0.000000,0.000000,0,0,172052,164289,-3,-4,-1.314742,-1.113214,2.079111,0.000000,0.000000,-1,,,,,,,,,,,,,,,,
61.955816,monitor,25324,633226,25000,1,0,0.000000,0.000000,0.000000,0.000000,0,0,172052,164289,-3,-4,-1.314742,-1.113214,2.079111,0.000000,0.000000,-1,,,,,,,,,,,,,,,,
61.961562,monitor,25325,633250,25004,1,0,0.000000,0.000000,0.000000,0.000000,0,0,172052,164289,-3,-4,-1.314742,-1.113214,2.079111,0.000000,0.000000,-1,,,,,,,,,,,,,,,,
62.012167,monitor,25326,633276,25024,1,0,0.000000,0.000000,0.000000,0.000000,0,0,172052,164289,-3,-4,-1.314742,-1.113214,2.079111,0.000000,0.000000,-1,,,,,,,,,,,,,,,,
62.012167,monitor,25327,633300,25000,1,0,0.000000,0.000000,0.000000,0.000000,0,0,172052,164289,-3,-4,-1.314742,-1.113214,2.079111,0.000000,0.000000,-1,,,,,,,,,,,,,,,,
62.062171,monitor,25328,633326,24988,1,0,0.000000,0.000000,0.000000,0.000000,0,0,172052,164289,-3,-4,-1.314742,-1.113214,2.079111,0.000000,0.000000,-1,,,,,,,,,,,,,,,,
62.062171,monitor,25329,633351,24996,1,0,0.000000,0.000000,0.000000,0.000000,0,0,172052,164289,-3,-4,-1.314742,-1.113214,2.079111,0.000000,0.000000,-1,,,,,,,,,,,,,,,,
62.112397,monitor,25330,633375,24996,1,0,0.000000,0.000000,0.000000,0.000000,0,0,172052,164289,-3,-4,-1.314742,-1.113214,2.079111,0.000000,0.000000,-1,,,,,,,,,,,,,,,,
62.112397,monitor,25331,633401,25000,1,0,0.000000,0.000000,0.000000,0.000000,0,0,172052,164289,-3,-4,-1.314742,-1.113214,2.079111,0.000000,0.000000,-1,,,,,,,,,,,,,,,,
62.161881,monitor,25332,633425,25020,1,0,0.000000,0.000000,0.000000,0.000000,0,0,172052,164289,-3,-4,-1.314742,-1.113214,2.079111,0.000000,0.000000,-1,,,,,,,,,,,,,,,,
62.161881,monitor,25333,633451,24996,1,0,0.000000,0.000000,0.000000,0.000000,0,0,172052,164289,-3,-4,-1.314742,-1.113214,2.079111,0.000000,0.000000,-1,,,,,,,,,,,,,,,,
62.190437,monitor,25334,633476,25008,1,0,0.000000,0.000000,0.000000,0.000000,0,0,172052,164289,-3,-4,-1.314742,-1.113214,2.079111,0.000000,0.000000,-1,,,,,,,,,,,,,,,,
62.217642,monitor,25335,633500,24988,1,0,0.000000,0.000000,0.000000,0.000000,0,0,172052,164289,-3,-4,-1.314742,-1.113214,2.079111,0.000000,0.000000,-1,,,,,,,,,,,,,,,,
62.240119,monitor,25336,633526,24988,1,0,0.000000,0.000000,0.000000,0.000000,0,0,172052,164289,-3,-4,-1.314742,-1.113214,2.079111,0.000000,0.000000,-1,,,,,,,,,,,,,,,,
62.272888,monitor,25337,633550,25000,1,0,0.000000,0.000000,0.000000,0.000000,0,0,172052,164289,-3,-4,-1.314742,-1.113214,2.079111,0.000000,0.000000,-1,,,,,,,,,,,,,,,,
62.289968,monitor,25338,633576,24992,1,0,0.000000,0.000000,0.000000,0.000000,0,0,172052,164289,-3,-4,-1.314742,-1.113214,2.079111,0.000000,0.000000,-1,,,,,,,,,,,,,,,,
62.327771,monitor,25339,633601,25016,1,0,0.000000,0.000000,0.000000,0.000000,0,0,172052,164289,-3,-4,-1.314742,-1.113214,2.079111,0.000000,0.000000,-1,,,,,,,,,,,,,,,,
62.339241,monitor,25340,633625,25008,1,0,0.000000,0.000000,0.000000,0.000000,0,0,172052,164289,-3,-4,-1.314742,-1.113214,2.079111,0.000000,0.000000,-1,,,,,,,,,,,,,,,,
62.382696,monitor,25341,633651,24976,1,0,0.000000,0.000000,0.000000,0.000000,0,0,172052,164289,-3,-4,-1.314742,-1.113214,2.079111,0.000000,0.000000,-1,,,,,,,,,,,,,,,,
62.394196,monitor,25342,633675,25004,1,0,0.000000,0.000000,0.000000,0.000000,0,0,172052,164289,-3,-4,-1.314742,-1.113214,2.079111,0.000000,0.000000,-1,,,,,,,,,,,,,,,,
62.437721,monitor,25343,633701,25000,1,0,0.000000,0.000000,0.000000,0.000000,0,0,172052,164289,-3,-4,-1.314742,-1.113214,2.079111,0.000000,0.000000,-1,,,,,,,,,,,,,,,,
62.443458,monitor,25344,633725,25016,1,0,0.000000,0.000000,0.000000,0.000000,0,0,172052,164289,-3,-4,-1.314742,-1.113214,2.079111,0.000000,0.000000,-1,,,,,,,,,,,,,,,,
62.466193,monitor,25345,633751,24980,1,0,0.000000,0.000000,0.000000,0.000000,0,0,172052,164289,-3,-4,-1.314742,-1.113214,2.079111,0.000000,0.000000,-1,,,,,,,,,,,,,,,,
62.498562,monitor,25346,633776,25024,1,0,0.000000,0.000000,0.000000,0.000000,0,0,172052,164289,-3,-4,-1.314742,-1.113214,2.079111,0.000000,0.000000,-1,,,,,,,,,,,,,,,,
62.548563,monitor,25347,633800,24984,1,0,0.000000,0.000000,0.000000,0.000000,0,0,172052,164289,-3,-4,-1.314742,-1.113214,2.079111,0.000000,0.000000,-1,,,,,,,,,,,,,,,,
62.548563,monitor,25348,633826,24992,1,0,0.000000,0.000000,0.000000,0.000000,0,0,172052,164289,-3,-4,-1.314742,-1.113214,2.079111,0.000000,0.000000,-1,,,,,,,,,,,,,,,,
62.571461,monitor,25349,633850,25028,1,0,0.000000,0.000000,0.000000,0.000000,0,0,172052,164289,-3,-4,-1.314742,-1.113214,2.079111,0.000000,0.000000,-1,,,,,,,,,,,,,,,,
62.597569,monitor,25350,633876,24988,1,0,0.000000,0.000000,0.000000,0.000000,0,0,172052,164289,-3,-4,-1.314742,-1.113214,2.079111,0.000000,0.000000,-1,,,,,,,,,,,,,,,,
62.619833,monitor,25351,633901,24988,1,0,0.000000,0.000000,0.000000,0.000000,0,0,172052,164289,-3,-4,-1.314742,-1.113214,2.079111,0.000000,0.000000,-1,,,,,,,,,,,,,,,,
62.651230,monitor,25352,633925,25004,1,0,0.000000,0.000000,0.000000,0.000000,0,0,172052,164289,-3,-4,-1.314742,-1.113214,2.079111,0.000000,0.000000,-1,,,,,,,,,,,,,,,,
62.668365,monitor,25353,633951,25024,1,0,0.000000,0.000000,0.000000,0.000000,0,0,172052,164289,-3,-4,-1.314742,-1.113214,2.079111,0.000000,0.000000,-1,,,,,,,,,,,,,,,,
62.707209,monitor,25354,633975,24968,1,0,0.000000,0.000000,0.000000,0.000000,0,0,172052,164289,-3,-4,-1.314742,-1.113214,2.079111,0.000000,0.000000,-1,,,,,,,,,,,,,,,,
62.718680,monitor,25355,634001,25004,1,0,0.000000,0.000000,0.000000,0.000000,0,0,172052,164289,-3,-4,-1.314742,-1.113214,2.079111,0.000000,0.000000,-1,,,,,,,,,,,,,,,,
62.755926,monitor,25356,634025,25012,1,0,0.000000,0.000000,0.000000,0.000000,0,0,172052,164289,-3,-4,-1.314742,-1.113214,2.079111,0.000000,0.000000,-1,,,,,,,,,,,,,,,,
62.773065,monitor,25357,634051,24992,1,0,0.000000,0.000000,0.000000,0.000000,0,0,172052,164289,-3,-4,-1.314742,-1.113214,2.079111,0.000000,0.000000,-1,,,,,,,,,,,,,,,,
62.810919,monitor,25358,634076,25000,1,0,0.000000,0.000000,0.000000,0.000000,0,0,172052,164289,-3,-4,-1.314742,-1.113214,2.079111,0.000000,0.000000,-1,,,,,,,,,,,,,,,,
62.822339,monitor,25359,634100,24996,1,0,0.000000,0.000000,0.000000,0.000000,0,0,172052,164289,-3,-4,-1.314742,-1.113214,2.079111,0.000000,0.000000,-1,,,,,,,,,,,,,,,,
62.866110,monitor,25360,634126,25012,1,0,0.000000,0.000000,0.000000,0.000000,0,0,172052,164289,-3,-4,-1.314742,-1.113214,2.079111,0.000000,0.000000,-1,,,,,,,,,,,,,,,,
62.871879,monitor,25361,634150,24984,1,0,0.000000,0.000000,0.000000,0.000000,0,0,172052,164289,-3,-4,-1.314742,-1.113214,2.079111,0.000000,0.000000,-1,,,,,,,,,,,,,,,,
62.920381,monitor,25362,634176,25004,1,0,0.000000,0.000000,0.000000,0.000000,0,0,172052,164289,-3,-4,-1.314742,-1.113214,2.079111,0.000000,0.000000,-1,,,,,,,,,,,,,,,,
62.926098,monitor,25363,634201,25012,1,0,0.000000,0.000000,0.000000,0.000000,0,0,172052,164289,-3,-4,-1.314742,-1.113214,2.079111,0.000000,0.000000,-1,,,,,,,,,,,,,,,,
62.948855,monitor,25364,634225,24996,1,0,0.000000,0.000000,0.000000,0.000000,0,0,172052,164289,-3,-4,-1.314742,-1.113214,2.079111,0.000000,0.000000,-1,,,,,,,,,,,,,,,,
62.974026,monitor,25365,634251,25012,1,0,0.000000,0.000000,0.000000,0.000000,0,0,172052,164289,-3,-4,-1.314742,-1.113214,2.079111,0.000000,0.000000,-1,,,,,,,,,,,,,,,,
62.996865,monitor,25366,634275,24996,1,0,0.000000,0.000000,0.000000,0.000000,0,0,172052,164289,-3,-4,-1.314742,-1.113214,2.079111,0.000000,0.000000,-1,,,,,,,,,,,,,,,,
63.027641,monitor,25367,634301,25000,1,0,0.000000,0.000000,0.000000,0.000000,0,0,172052,164289,-3,-4,-1.314742,-1.113214,2.079111,0.000000,0.000000,-1,,,,,,,,,,,,,,,,
63.050416,monitor,25368,634326,25008,1,0,0.000000,0.000000,0.000000,0.000000,0,0,172052,164289,-3,-4,-1.314742,-1.113214,2.079111,0.000000,0.000000,-1,,,,,,,,,,,,,,,,
63.081973,monitor,25369,634350,24984,1,0,0.000000,0.000000,0.000000,0.000000,0,0,172052,164289,-3,-4,-1.314742,-1.113214,2.079111,0.000000,0.000000,-1,,,,,,,,,,,,,,,,
63.099066,monitor,25370,634376,25016,1,0,0.000000,0.000000,0.000000,0.000000,0,0,172052,164289,-3,-4,-1.314742,-1.113214,2.079111,0.000000,0.000000,-1,,,,,,,,,,,,,,,,
63.135264,monitor,25371,634400,24988,1,0,0.000000,0.000000,0.000000,0.000000,0,0,172052,164289,-3,-4,-1.314742,-1.113214,2.079111,0.000000,0.000000,-1,,,,,,,,,,,,,,,,
63.152373,monitor,25372,634426,24992,1,0,0.000000,0.000000,0.000000,0.000000,0,0,172052,164289,-3,-4,-1.314742,-1.113214,2.079111,0.000000,0.000000,-1,,,,,,,,,,,,,,,,
63.191764,monitor,25373,634450,25004,1,0,0.000000,0.000000,0.000000,0.000000,0,0,172052,164289,-3,-4,-1.314742,-1.113214,2.079111,0.000000,0.000000,-1,,,,,,,,,,,,,,,,
63.203080,monitor,25374,634476,24988,1,0,0.000000,0.000000,0.000000,0.000000,0,0,172052,164289,-3,-4,-1.314742,-1.113214,2.079111,0.000000,0.000000,-1,,,,,,,,,,,,,,,,
63.239477,monitor,25375,634501,25004,1,0,0.000000,0.000000,0.000000,0.000000,0,0,172052,164289,-3,-4,-1.314742,-1.113214,2.079111,0.000000,0.000000,-1,,,,,,,,,,,,,,,,
63.250917,monitor,25376,634525,25004,1,0,0.000000,0.000000,0.000000,0.000000,0,0,172052,164289,-3,-4,-1.314742,-1.113214,2.079111,0.000000,0.000000,-1,,,,,,,,,,,,,,,,
63.294536,monitor,25377,634551,25008,1,0,0.000000,0.000000,0.000000,0.000000,0,0,172052,164289,-3,-4,-1.314742,-1.113214,2.079111,0.000000,0.000000,-1,,,,,,,,,,,,,,,,
63.300346,monitor,25378,634575,25008,1,0,0.000000,0.000000,0.000000,0.000000,0,0,172052,164289,-3,-4,-1.314742,-1.113214,2.079111,0.000000,0.000000,-1,,,,,,,,,,,,,,,,
63.350850,monitor,25379,634601,24976,1,0,0.000000,0.000000,0.000000,0.000000,0,0,172052,164289,-3,-4,-1.314742,-1.113214,2.079111,0.000000,0.000000,-1,,,,,,,,,,,,,,,,
63.356611,monitor,25380,634626,25032,1,0,0.000000,0.000000,0.000000,0.000000,0,0,172052,164289,-3,-4,-1.314742,-1.113214,2.079111,0.000000,0.000000,-1,,,,,,,,,,,,,,,,
63.399005,monitor,25381,634650,24968,1,0,0.000000,0.000000,0.000000,0.000000,0,0,172052,164289,-3,-4,-1.314742,-1.113214,2.079111,0.000000,0.000000,-1,,,,,,,,,,,,,,,,
63.404733,monitor,25382,634676,25000,1,0,0.000000,0.000000,0.000000,0.000000,0,0,172052,164289,-3,-4,-1.314742,-1.113214,2.079111,0.000000,0.000000,-1,,,,,,,,,,,,,,,,
63.427554,monitor,25383,634700,25016,1,0,0.000000,0.000000,0.000000,0.000000,0,0,172052,164289,-3,-4,-1.314742,-1.113214,2.079111,0.000000,0.000000,-1,,,,,,,,,,,,,,,,
63.452679,monitor,25384,634726,25000,1,0,0.000000,0.000000,0.000000,0.000000,0,0,172052,164289,-3,-4,-1.314742,-1.113214,2.079111,0.000000,0.000000,-1,,,,,,,,,,,,,,,,
63.480612,monitor,25385,634750,24984,1,0,0.000000,0.000000,0.000000,0.000000,0,0,172052,164289,-3,-4,-1.314742,-1.113214,2.079111,0.000000,0.000000,-1,,,,,,,,,,,,,,,,
63.506593,monitor,25386,634776,25016,1,0,0.000000,0.000000,0.000000,0.000000,0,0,172052,164289,-3,-4,-1.314742,-1.113214,2.079111,0.000000,0.000000,-1,,,,,,,,,,,,,,,,
63.529421,monitor,25387,634801,25008,1,0,0.000000,0.000000,0.000000,0.000000,0,0,172052,164289,-3,-4,-1.314742,-1.113214,2.079111,0.000000,0.000000,-1,,,,,,,,,,,,,,,,
63.560972,monitor,25388,634825,24980,1,0,0.000000,0.000000,0.000000,0.000000,0,0,172052,164289,-3,-4,-1.314742,-1.113214,2.079111,0.000000,0.000000,-1,,,,,,,,,,,,,,,,
63.578018,monitor,25389,634851,24996,1,0,0.000000,0.000000,0.000000,0.000000,0,0,172052,164289,-3,-4,-1.314742,-1.113214,2.079111,0.000000,0.000000,-1,,,,,,,,,,,,,,,,
63.617254,monitor,25390,634875,25024,1,0,0.000000,0.000000,0.000000,0.000000,0,0,172052,164289,-3,-4,-1.314742,-1.113214,2.079111,0.000000,0.000000,-1,,,,,,,,,,,,,,,,
63.628730,monitor,25391,634901,25000,1,0,0.000000,0.000000,0.000000,0.000000,0,0,172052,164289,-3,-4,-1.314742,-1.113214,2.079111,0.000000,0.000000,-1,,,,,,,,,,,,,,,,
63.666233,monitor,25392,634926,25012,1,0,0.000000,0.000000,0.000000,0.000000,0,0,172052,164289,-3,-4,-1.314742,-1.113214,2.079111,0.000000,0.000000,-1,,,,,,,,,,,,,,,,
63.683397,monitor,25393,634951,24988,1,0,0.000000,0.000000,0.000000,0.000000,0,0,172052,164289,-3,-4,-1.314742,-1.113214,2.079111,0.000000,0.000000,-1,,,,,,,,,,,,,,,,
63.720360,monitor,25394,634976,24996,1,0,0.000000,0.000000,0.000000,0.000000,0,0,172052,164289,-3,-4,-1.314742,-1.113214,2.079111,0.000000,0.000000,-1,,,,,,,,,,,,,,,,
63.731823,monitor,25395,635000,24984,1,0,0.000000,0.000000,0.000000,0.000000,0,0,172052,164289,-3,-4,-1.314742,-1.113214,2.079111,0.000000,0.000000,-1,,,,,,,,,,,,,,,,
63.775499,monitor,25396,635026,24996,1,0,0.000000,0.000000,0.000000,0.000000,0,0,172052,164289,-3,-4,-1.314742,-1.113214,2.079111,0.000000,0.000000,-1,,,,,,,,,,,,,,,,
63.781298,monitor,25397,635051,25012,1,0,0.000000,0.000000,0.000000,0.000000,0,0,172052,164289,-3,-4,-1.314742,-1.113214,2.079111,0.000000,0.000000,-1,,,,,,,,,,,,,,,,
63.829850,monitor,25398,635076,25016,1,0,0.000000,0.000000,0.000000,0.000000,0,0,172052,164289,-3,-4,-1.314742,-1.113214,2.079111,0.000000,0.000000,-1,,,,,,,,,,,,,,,,
63.835575,monitor,25399,635101,25004,1,0,0.000000,0.000000,0.000000,0.000000,0,0,172052,164289,-3,-4,-1.314742,-1.113214,2.079111,0.000000,0.000000,-1,,,,,,,,,,,,,,,,
63.857775,monitor,25400,635125,24972,1,0,0.000000,0.000000,0.000000,0.000000,0,0,172052,164289,-3,-4,-1.314742,-1.113214,2.079111,0.000000,0.000000,-1,,,,,,,,,,,,,,,,
63.883705,monitor,25401,635151,25004,1,0,0.000000,0.000000,0.000000,0.000000,0,0,172052,164289,-3,-4,-1.314742,-1.113214,2.079111,0.000000,0.000000,-1,,,,,,,,,,,,,,,,
63.912170,monitor,25402,635175,25016,1,0,0.000000,0.000000,0.000000,0.000000,0,0,172052,164289,-3,-4,-1.314742,-1.113214,2.079111,0.000000,0.000000,-1,,,,,,,,,,,,,,,,
63.939871,monitor,25403,635201,24976,1,0,0.000000,0.000000,0.000000,0.000000,0,0,172052,164289,-3,-4,-1.314742,-1.113214,2.079111,0.000000,0.000000,-1,,,,,,,,,,,,,,,,
63.956979,monitor,25404,635226,25028,1,0,0.000000,0.000000,0.000000,0.000000,0,0,172052,164289,-3,-4,-1.314742,-1.113214,2.079111,0.000000,0.000000,-1,,,,,,,,,,,,,,,,
63.988064,monitor,25405,635250,24996,1,0,0.000000,0.000000,0.000000,0.000000,0,0,172052,164289,-3,-4,-1.314742,-1.113214,2.079111,0.000000,0.000000,-1,,,,,,,,,,,,,,,,
64.010902,monitor,25406,635276,24980,1,0,0.000000,0.000000,0.000000,0.000000,0,0,172052,164289,-3,-4,-1.314742,-1.113214,2.079111,0.000000,0.000000,-1,,,,,,,,,,,,,,,,
64.042377,monitor,25407,635300,24996,1,0,0.000000,0.000000,0.000000,0.000000,0,0,172052,164289,-3,-4,-1.314742,-1.113214,2.079111,0.000000,0.000000,-1,,,,,,,,,,,,,,,,
64.059433,monitor,25408,635326,25004,1,0,0.000000,0.000000,0.000000,0.000000,0,0,172052,164289,-3,-4,-1.314742,-1.113214,2.079111,0.000000,0.000000,-1,,,,,,,,,,,,,,,,
64.096476,monitor,25409,635351,25028,1,0,0.000000,0.000000,0.000000,0.000000,0,0,172052,164289,-3,-4,-1.314742,-1.113214,2.079111,0.000000,0.000000,-1,,,,,,,,,,,,,,,,
64.113554,monitor,25410,635375,24968,1,0,0.000000,0.000000,0.000000,0.000000,0,0,172052,164289,-3,-4,-1.314742,-1.113214,2.079111,0.000000,0.000000,-1,,,,,,,,,,,,,,,,
64.152107,monitor,25411,635401,25020,1,0,0.000000,0.000000,0.000000,0.000000,0,0,172052,164289,-3,-4,-1.314742,-1.113214,2.079111,0.000000,0.000000,-1,,,,,,,,,,,,,,,,
64.163533,monitor,25412,635425,24996,1,0,0.000000,0.000000,0.000000,0.000000,0,0,172052,164289,-3,-4,-1.314742,-1.113214,2.079111,0.000000,0.000000,-1,,,,,,,,,,,,,,,,
64.207396,monitor,25413,635451,24996,1,0,0.000000,0.000000,0.000000,0.000000,0,0,172052,164289,-3,-4,-1.314742,-1.113214,2.079111,0.000000,0.000000,-1,,,,,,,,,,,,,,,,
64.213177,monitor,25414,635475,25016,1,0,0.000000,0.000000,0.000000,0.000000,0,0,172052,164289,-3,-4,-1.314742,-1.113214,2.079111,0.000000,0.000000,-1,,,,,,,,,,,,,,,,
64.235785,monitor,25415,635501,24972,1,0,0.000000,0.000000,0.000000,0.000000,0,0,172052,164289,-3,-4,-1.314742,-1.113214,2.079111,0.000000,0.000000,-1,,,,,,,,,,,,,,,,
64.261886,monitor,25416,635526,25020,1,0,0.000000,0.000000,0.000000,0.000000,0,0,172052,164289,-3,-4,-1.314742,-1.113214,2.079111,0.000000,0.000000,-1,,,,,,,,,,,,,,,,
64.290406,monitor,25417,635550,24988,1,0,0.000000,0.000000,0.000000,0.000000,0,0,172052,164289,-3,-4,-1.314742,-1.113214,2.079111,0.000000,0.000000,-1,,,,,,,,,,,,,,,,
64.316705,monitor,25418,635576,25020,1,0,0.000000,0.000000,0.000000,0.000000,0,0,172052,164289,-3,-4,-1.314742,-1.113214,2.079111,0.000000,0.000000,-1,,,,,,,,,,,,,,,,
64.339604,monitor,25419,635600,24972,1,0,0.000000,0.000000,0.000000,0.000000,0,0,172052,164289,-3,-4,-1.314742,-1.113214,2.079111,0.000000,0.000000,-1,,,,,,,,,,,,,,,,
64.369987,monitor,25420,635626,25024,1,0,0.000000,0.000000,0.000000,0.000000,0,0,172052,164289,-3,-4,-1.314742,-1.113214,2.079111,0.000000,0.000000,-1,,,,,,,,,,,,,,,,
64.387056,monitor,25421,635651,25004,1,0,0.000000,0.000000,0.000000,0.000000,0,0,172052,164289,-3,-4,-1.314742,-1.113214,2.079111,0.000000,0.000000,-1,,,,,,,,,,,,,,,,
64.424173,monitor,25422,635675,24992,1,0,0.000000,0.000000,0.000000,0.000000,0,0,172052,164289,-3,-4,-1.314742,-1.113214,2.079111,0.000000,0.000000,-1,,,,,,,,,,,,,,,,
64.441283,monitor,25423,635701,24996,1,0,0.000000,0.000000,0.000000,0.000000,0,0,172052,164289,-3,-4,-1.314742,-1.113214,2.079111,0.000000,0.000000,-1,,,,,,,,,,,,,,,,
64.476637,monitor,25424,635725,24988,1,0,0.000000,0.000000,0.000000,0.000000,0,0,172052,164289,-3,-4,-1.314742,-1.113214,2.079111,0.000000,0.000000,-1,,,,,,,,,,,,,,,,
64.493649,monitor,25425,635751,25000,1,0,0.000000,0.000000,0.000000,0.000000,0,0,172052,164289,-3,-4,-1.314742,-1.113214,2.079111,0.000000,0.000000,-1,,,,,,,,,,,,,,,,
64.528169,monitor,25426,635776,25020,1,0,0.000000,0.000000,0.000000,0.000000,0,0,172052,164289,-3,-4,-1.314742,-1.113214,2.079111,0.000000,0.000000,-1,,,,,,,,,,,,,,,,
64.539578,monitor,25427,635801,24980,1,0,0.000000,0.000000,0.000000,0.000000,0,0,172052,164289,-3,-4,-1.314742,-1.113214,2.079111,0.000000,0.000000,-1,,,,,,,,,,,,,,,,
64.581507,monitor,25428,635826,25012,1,0,0.000000,0.000000,0.000000,0.000000,0,0,172052,164289,-3,-4,-1.314742,-1.113214,2.079111,0.000000,0.000000,-1,,,,,,,,,,,,,,,,
64.592913,monitor,25429,635850,25008,1,0,0.000000,0.000000,0.000000,0.000000,0,0,172052,164289,-3,-4,-1.314742,-1.113214,2.079111,0.000000,0.000000,-1,,,,,,,,,,,,,,,,
64.633461,monitor,25430,635876,24980,1,0,0.000000,0.000000,0.000000,0.000000,0,0,172052,164289,-3,-4,-1.314742,-1.113214,2.079111,0.000000,0.000000,-1,,,,,,,,,,,,,,,,
64.644905,monitor,25431,635900,25012,1,0,0.000000,0.000000,0.000000,0.000000,0,0,172052,164289,-3,-4,-1.314742,-1.113214,2.079111,0.000000,0.000000,-1,,,,,,,,,,,,,,,,
64.685895,monitor,25432,635926,25000,1,0,0.000000,0.000000,0.000000,0.000000,0,0,172052,164289,-3,-4,-1.314742,-1.113214,2.079111,0.000000,0.000000,-1,,,,,,,,,,,,,,,,
64.691625,monitor,25433,635951,24984,1,0,0.000000,0.000000,0.000000,0.000000,0,0,172052,164289,-3,-4,-1.314742,-1.113214,2.079111,0.000000,0.000000,-1,,,,,,,,,,,,,,,,
64.737693,monitor,25434,635975,25000,1,0,0.000000,0.000000,0.000000,0.000000,0,0,172052,164289,-3,-4,-1.314742,-1.113214,2.079111,0.000000,0.000000,-1,,,,,,,,,,,,,,,,
64.743413,monitor,25435,636001,25016,1,0,0.000000,0.000000,0.000000,0.000000,0,0,172052,164289,-3,-4,-1.314742,-1.113214,2.079111,0.000000,0.000000,-1,,,,,,,,,,,,,,,,
64.791661,monitor,25436,636025,25008,1,0,0.000000,0.000000,0.000000,0.000000,0,0,172052,164289,-3,-4,-1.314742,-1.113214,2.079111,0.000000,0.000000,-1,,,,,,,,,,,,,,,,
64.791661,monitor,25437,636051,24988,1,0,0.000000,0.000000,0.000000,0.000000,0,0,172052,164289,-3,-4,-1.314742,-1.113214,2.079111,0.000000,0.000000,-1,,,,,,,,,,,,,,,,
64.820211,monitor,25438,636076,25000,1,0,0.000000,0.000000,0.000000,0.000000,0,0,172052,164289,-3,-4,-1.314742,-1.113214,2.079111,0.000000,0.000000,-1,,,,,,,,,,,,,,,,
64.844808,monitor,25439,636100,25004,1,0,0.000000,0.000000,0.000000,0.000000,0,0,172052,164289,-3,-4,-1.314742,-1.113214,2.079111,0.000000,0.000000,-1,,,,,,,,,,,,,,,,
64.873057,monitor,25440,636126,25008,1,0,0.000000,0.000000,0.000000,0.000000,0,0,172052,164289,-3,-4,-1.314742,-1.113214,2.079111,0.000000,0.000000,-1,,,,,,,,,,,,,,,,
64.898909,monitor,25441,636150,24984,1,0,0.000000,0.000000,0.000000,0.000000,0,0,172052,164289,-3,-4,-1.314742,-1.113214,2.079111,0.000000,0.000000,-1,,,,,,,,,,,,,,,,
64.953268,monitor,25442,636176,25016,1,0,0.000000,0.000000,0.000000,0.000000,0,0,172052,164289,-3,-4,-1.314742,-1.113214,2.079111,0.000000,0.000000,-1,,,,,,,,,,,,,,,,
64.953268,monitor,25443,636200,24976,1,0,0.000000,0.000000,0.000000,0.000000,0,0,172052,164289,-3,-4,-1.314742,-1.113214,2.079111,0.000000,0.000000,-1,,,,,,,,,,,,,,,,
64.970263,monitor,25444,636226,25008,1,0,0.000000,0.000000,0.000000,0.000000,0,0,172052,164289,-3,-4,-1.314742,-1.113214,2.079111,0.000000,0.000000,-1,,,,,,,,,,,,,,,,
65.007938,monitor,25445,636251,25020,1,0,0.000000,0.000000,0.000000,0.000000,0,0,172052,164289,-3,-4,-1.314742,-1.113214,2.079111,0.000000,0.000000,-1,,,,,,,,,,,,,,,,
65.024466,monitor,25446,636275,24980,1,0,0.000000,0.000000,0.000000,0.000000,0,0,172052,164289,-3,-4,-1.314742,-1.113214,2.079111,0.000000,0.000000,-1,,,,,,,,,,,,,,,,
65.058560,monitor,25447,636301,25000,1,0,0.000000,0.000000,0.000000,0.000000,0,0,172052,164289,-3,-4,-1.314742,-1.113214,2.079111,0.000000,0.000000,-1,,,,,,,,,,,,,,,,
65.075500,monitor,25448,636325,25000,1,0,0.000000,0.000000,0.000000,0.000000,0,0,172052,164289,-3,-4,-1.314742,-1.113214,2.079111,0.000000,0.000000,-1,,,,,,,,,,,,,,,,
65.111456,monitor,25449,636351,25004,1,0,0.000000,0.000000,0.000000,0.000000,0,0,172052,164289,-3,-4,-1.314742,-1.113214,2.079111,0.000000,0.000000,-1,,,,,,,,,,,,,,,,
65.122904,monitor,25450,636376,24988,1,0,0.000000,0.000000,0.000000,0.000000,0,0,172052,164289,-3,-4,-1.314742,-1.113214,2.079111,0.000000,0.000000,-1,,,,,,,,,,,,,,,,
65.164597,monitor,25451,636400,25024,1,0,0.000000,0.000000,0.000000,0.000000,0,0,172052,164289,-3,-4,-1.314742,-1.113214,2.079111,0.000000,0.000000,-1,,,,,,,,,,,,,,,,
65.176078,monitor,25452,636426,24992,1,0,0.000000,0.000000,0.000000,0.000000,0,0,172052,164289,-3,-4,-1.314742,-1.113214,2.079111,0.000000,0.000000,-1,,,,,,,,,,,,,,,,
65.220544,monitor,25453,636450,24992,1,0,0.000000,0.000000,0.000000,0.000000,0,0,172052,164289,-3,-4,-1.314742,-1.113214,2.079111,0.000000,0.000000,-1,,,,,,,,,,,,,,,,
65.226308,monitor,25454,636476,25008,1,0,0.000000,0.000000,0.000000,0.000000,0,0,172052,164289,-3,-4,-1.314742,-1.113214,2.079111,0.000000,0.000000,-1,,,,,,,,,,,,,,,,
65.248487,monitor,25455,636500,24984,1,0,0.000000,0.000000,0.000000,0.000000,0,0,172052,164289,-3,-4,-1.314742,-1.113214,2.079111,0.000000,0.000000,-1,,,,,,,,,,,,,,,,
65.273008,monitor,25456,636526,25024,1,0,0.000000,0.000000,0.000000,0.000000,0,0,172052,164289,-3,-4,-1.314742,-1.113214,2.079111,0.000000,0.000000,-1,,,,,,,,,,,,,,,,
65.301111,monitor,25457,636551,25008,1,0,0.000000,0.000000,0.000000,0.000000,0,0,172052,164289,-3,-4,-1.314742,-1.113214,2.079111,0.000000,0.000000,-1,,,,,,,,,,,,,,,,
65.325301,monitor,25458,636575,24972,1,0,0.000000,0.000000,0.000000,0.000000,0,0,172052,164289,-3,-4,-1.314742,-1.113214,2.079111,0.000000,0.000000,-1,,,,,,,,,,,,,,,,
65.353199,monitor,25459,636601,24996,1,0,0.000000,0.000000,0.000000,0.000000,0,0,172052,164289,-3,-4,-1.314742,-1.113214,2.079111,0.000000,0.000000,-1,,,,,,,,,,,,,,,,
65.377824,monitor,25460,636625,25004,1,0,0.000000,0.000000,0.000000,0.000000,0,0,172052,164289,-3,-4,-1.314742,-1.113214,2.079111,0.000000,0.000000,-1,,,,,,,,,,,,,,,,
65.405762,monitor,25461,636651,25004,1,0,0.000000,0.000000,0.000000,0.000000,0,0,172052,164289,-3,-4,-1.314742,-1.113214,2.079111,0.000000,0.000000,-1,,,,,,,,,,,,,,,,
65.432747,monitor,25462,636676,24992,1,0,0.000000,0.000000,0.000000,0.000000,0,0,172052,164289,-3,-4,-1.314742,-1.113214,2.079111,0.000000,0.000000,-1,,,,,,,,,,,,,,,,
65.455385,monitor,25463,636700,25004,1,0,0.000000,0.000000,0.000000,0.000000,0,0,172052,164289,-3,-4,-1.314742,-1.113214,2.079111,0.000000,0.000000,-1,,,,,,,,,,,,,,,,
65.487486,monitor,25464,636726,25024,1,0,0.000000,0.000000,0.000000,0.000000,0,0,172052,164289,-3,-4,-1.314742,-1.113214,2.079111,0.000000,0.000000,-1,,,,,,,,,,,,,,,,
65.504572,monitor,25465,636750,24972,1,0,0.000000,0.000000,0.000000,0.000000,0,0,172052,164289,-3,-4,-1.314742,-1.113214,2.079111,0.000000,0.000000,-1,,,,,,,,,,,,,,,,
65.540542,monitor,25466,636776,25016,1,0,0.000000,0.000000,0.000000,0.000000,0,0,172052,164289,-3,-4,-1.314742,-1.113214,2.079111,0.000000,0.000000,-1,,,,,,,,,,,,,,,,
65.551987,monitor,25467,636801,25004,1,0,0.000000,0.000000,0.000000,0.000000,0,0,172052,164289,-3,-4,-1.314742,-1.113214,2.079111,0.000000,0.000000,-1,,,,,,,,,,,,,,,,
65.592448,monitor,25468,636826,25004,1,0,0.000000,0.000000,0.000000,0.000000,0,0,172052,164289,-3,-4,-1.314742,-1.113214,2.079111,0.000000,0.000000,-1,,,,,,,,,,,,,,,,
65.603910,monitor,25469,636851,25000,1,0,0.000000,0.000000,0.000000,0.000000,0,0,172052,164289,-3,-4,-1.314742,-1.113214,2.079111,0.000000,0.000000,-1,,,,,,,,,,,,,,,,
65.645308,monitor,25470,636875,24984,1,0,0.000000,0.000000,0.000000,0.000000,0,0,172052,164289,-3,-4,-1.314742,-1.113214,2.079111,0.000000,0.000000,-1,,,,,,,,,,,,,,,,
65.656771,monitor,25471,636901,24992,1,0,0.000000,0.000000,0.000000,0.000000,0,0,172052,164289,-3,-4,-1.314742,-1.113214,2.079111,0.000000,0.000000,-1,,,,,,,,,,,,,,,,
65.697449,monitor,25472,636925,25000,1,0,0.000000,0.000000,0.000000,0.000000,0,0,172052,164289,-3,-4,-1.314742,-1.113214,2.079111,0.000000,0.000000,-1,,,,,,,,,,,,,,,,
65.703214,monitor,25473,636951,25000,1,0,0.000000,0.000000,0.000000,0.000000,0,0,172052,164289,-3,-4,-1.314742,-1.113214,2.079111,0.000000,0.000000,-1,,,,,,,,,,,,,,,,
65.750702,monitor,25474,636976,25024,1,0,0.000000,0.000000,0.000000,0.000000,0,0,172052,164289,-3,-4,-1.314742,-1.113214,2.079111,0.000000,0.000000,-1,,,,,,,,,,,,,,,,
65.756440,monitor,25475,637000,25004,1,0,0.000000,0.000000,0.000000,0.000000,0,0,172052,164289,-3,-4,-1.314742,-1.113214,2.079111,0.000000,0.000000,-1,,,,,,,,,,,,,,,,
65.779197,monitor,25476,637026,24996,1,0,0.000000,0.000000,0.000000,0.000000,0,0,172052,164289,-3,-4,-1.314742,-1.113214,2.079111,0.000000,0.000000,-1,,,,,,,,,,,,,,,,
65.803934,monitor,25477,637050,24988,1,0,0.000000,0.000000,0.000000,0.000000,0,0,172052,164289,-3,-4,-1.314742,-1.113214,2.079111,0.000000,0.000000,-1,,,,,,,,,,,,,,,,
65.832425,monitor,25478,637076,24992,1,0,0.000000,0.000000,0.000000,0.000000,0,0,172052,164289,-3,-4,-1.314742,-1.113214,2.079111,0.000000,0.000000,-1,,,,,,,,,,,,,,,,
65.857886,monitor,25479,637101,25004,1,0,0.000000,0.000000,0.000000,0.000000,0,0,172052,164289,-3,-4,-1.314742,-1.113214,2.079111,0.000000,0.000000,-1,,,,,,,,,,,,,,,,
65.880761,monitor,25480,637125,25008,1,0,0.000000,0.000000,0.000000,0.000000,0,0,172052,164289,-3,-4,-1.314742,-1.113214,2.079111,0.000000,0.000000,-1,,,,,,,,,,,,,,,,
65.911038,monitor,25481,637151,25012,1,0,0.000000,0.000000,0.000000,0.000000,0,0,172052,164289,-3,-4,-1.314742,-1.113214,2.079111,0.000000,0.000000,-1,,,,,,,,,,,,,,,,
65.933860,monitor,25482,637175,24984,1,0,0.000000,0.000000,0.000000,0.000000,0,0,172052,164289,-3,-4,-1.314742,-1.113214,2.079111,0.000000,0.000000,-1,,,,,,,,,,,,,,,,
65.966567,monitor,25483,637201,24988,1,0,0.000000,0.000000,0.000000,0.000000,0,0,172052,164289,-3,-4,-1.314742,-1.113214,2.079111,0.000000,0.000000,-1,,,,,,,,,,,,,,,,
65.983674,monitor,25484,637225,25068,1,0,0.000000,0.000000,0.000000,0.000000,0,0,172052,164289,-3,-4,-1.314742,-1.113214,2.079111,0.000000,0.000000,-1,,,,,,,,,,,,,,,,
66.020236,monitor,25485,637251,24932,1,0,0.000000,0.000000,0.000000,0.000000,0,0,172052,164289,-3,-4,-1.314742,-1.113214,2.079111,0.000000,0.000000,-1,,,,,,,,,,,,,,,,
66.031650,monitor,25486,637276,25004,1,0,0.000000,0.000000,0.000000,0.000000,0,0,172052,164289,-3,-4,-1.314742,-1.113214,2.079111,0.000000,0.000000,-1,,,,,,,,,,,,,,,,
66.074453,monitor,25487,637300,25028,1,0,0.000000,0.000000,0.000000,0.000000,0,0,172052,164289,-3,-4,-1.314742,-1.113214,2.079111,0.000000,0.000000,-1,,,,,,,,,,,,,,,,
66.085988,monitor,25488,637326,24992,1,0,0.000000,0.000000,0.000000,0.000000,0,0,172052,164289,-3,-4,-1.314742,-1.113214,2.079111,0.000000,0.000000,-1,,,,,,,,,,,,,,,,
66.128379,monitor,25489,637350,25000,1,0,0.000000,0.000000,0.000000,0.000000,0,0,172052,164289,-3,-4,-1.314742,-1.113214,2.079111,0.000000,0.000000,-1,,,,,,,,,,,,,,,,
66.134124,monitor,25490,637376,24992,1,0,0.000000,0.000000,0.000000,0.000000,0,0,172052,164289,-3,-4,-1.314742,-1.113214,2.079111,0.000000,0.000000,-1,,,,,,,,,,,,,,,,
66.182563,monitor,25491,637401,25000,1,0,0.000000,0.000000,0.000000,0.000000,0,0,172052,164289,-3,-4,-1.314742,-1.113214,2.079111,0.000000,0.000000,-1,,,,,,,,,,,,,,,,
66.182563,monitor,25492,637425,25004,1,0,0.000000,0.000000,0.000000,0.000000,0,0,172052,164289,-3,-4,-1.314742,-1.113214,2.079111,0.000000,0.000000,-1,,,,,,,,,,,,,,,,
66.211101,monitor,25493,637451,24996,1,0,0.000000,0.000000,0.000000,0.000000,0,0,172052,164289,-3,-4,-1.314742,-1.113214,2.079111,0.000000,0.000000,-1,,,,,,,,,,,,,,,,
66.235549,monitor,25494,637475,24988,1,0,0.000000,0.000000,0.000000,0.000000,0,0,172052,164289,-3,-4,-1.314742,-1.113214,2.079111,0.000000,0.000000,-1,,,,,,,,,,,,,,,,
66.258268,monitor,25495,637501,25012,1,0,0.000000,0.000000,0.000000,0.000000,0,0,172052,164289,-3,-4,-1.314742,-1.113214,2.079111,0.000000,0.000000,-1,,,,,,,,,,,,,,,,
66.289780,monitor,25496,637526,24996,1,0,0.000000,0.000000,0.000000,0.000000,0,0,172052,164289,-3,-4,-1.314742,-1.113214,2.079111,0.000000,0.000000,-1,,,,,,,,,,,,,,,,
66.312597,monitor,25497,637550,24988,1,0,0.000000,0.000000,0.000000,0.000000,0,0,172052,164289,-3,-4,-1.314742,-1.113214,2.079111,0.000000,0.000000,-1,,,,,,,,,,,,,,,,
66.343043,monitor,25498,637576,25020,1,0,0.000000,0.000000,0.000000,0.000000,0,0,172052,164289,-3,-4,-1.314742,-1.113214,2.079111,0.000000,0.000000,-1,,,,,,,,,,,,,,,,
66.360132,monitor,25499,637600,24992,1,0,0.000000,0.000000,0.000000,0.000000,0,0,172052,164289,-3,-4,-1.314742,-1.113214,2.079111,0.000000,0.000000,-1,,,,,,,,,,,,,,,,
66.396806,monitor,25500,637626,25020,1,0,0.000000,0.000000,0.000000,0.000000,0,0,172052,164289,-3,-4,-1.314742,-1.113214,2.079111,0.000000,0.000000,-1,,,,,,,,,,,,,,,,
66.413944,monitor,25501,637650,24984,1,0,0.000000,0.000000,0.000000,0.000000,0,0,172052,164289,-3,-4,-1.314742,-1.113214,2.079111,0.000000,0.000000,-1,,,,,,,,,,,,,,,,
66.449614,monitor,25502,637676,25004,1,0,0.000000,0.000000,0.000000,0.000000,0,0,172052,164289,-3,-4,-1.314742,-1.113214,2.079111,0.000000,0.000000,-1,,,,,,,,,,,,,,,,
66.461047,monitor,25503,637701,24988,1,0,0.000000,0.000000,0.000000,0.000000,0,0,172052,164289,-3,-4,-1.314742,-1.113214,2.079111,0.000000,0.000000,-1,,,,,,,,,,,,,,,,
66.502446,monitor,25504,637725,24992,1,0,0.000000,0.000000,0.000000,0.000000,0,0,172052,164289,-3,-4,-1.314742,-1.113214,2.079111,0.000000,0.000000,-1,,,,,,,,,,,,,,,,
66.513839,monitor,25505,637751,25028,1,0,0.000000,0.000000,0.000000,0.000000,0,0,172052,164289,-3,-4,-1.314742,-1.113214,2.079111,0.000000,0.000000,-1,,,,,,,,,,,,,,,,
66.555370,monitor,25506,637775,24996,1,0,0.000000,0.000000,0.000000,0.000000,0,0,172052,164289,-3,-4,-1.314742,-1.113214,2.079111,0.000000,0.000000,-1,,,,,,,,,,,,,,,,
66.566773,monitor,25507,637801,25004,1,0,0.000000,0.000000,0.000000,0.000000,0,0,172052,164289,-3,-4,-1.314742,-1.113214,2.079111,0.000000,0.000000,-1,,,,,,,,,,,,,,,,
66.609807,monitor,25508,637826,24992,1,0,0.000000,0.000000,0.000000,0.000000,0,0,172052,164289,-3,-4,-1.314742,-1.113214,2.079111,0.000000,0.000000,-1,,,,,,,,,,,,,,,,
66.615601,monitor,25509,637850,24988,1,0,0.000000,0.000000,0.000000,0.000000,0,0,172052,164289,-3,-4,-1.314742,-1.113214,2.079111,0.000000,0.000000,-1,,,,,,,,,,,,,,,,
66.638484,monitor,25510,637876,24992,1,0,0.000000,0.000000,0.000000,0.000000,0,0,172052,164289,-3,-4,-1.314742,-1.113214,2.079111,0.000000,0.000000,-1,,,,,,,,,,,,,,,,
66.663609,monitor,25511,637900,25020,1,0,0.000000,0.000000,0.000000,0.000000,0,0,172052,164289,-3,-4,-1.314742,-1.113214,2.079111,0.000000,0.000000,-1,,,,,,,,,,,,,,,,
66.692117,monitor,25512,637926,25012,1,0,0.000000,0.000000,0.000000,0.000000,0,0,172052,164289,-3,-4,-1.314742,-1.113214,2.079111,0.000000,0.000000,-1,,,,,,,,,,,,,,,,
66.718832,monitor,25513,637950,24976,1,0,0.000000,0.000000,0.000000,0.000000,0,0,172052,164289,-3,-4,-1.314742,-1.113214,2.079111,0.000000,0.000000,-1,,,,,,,,,,,,,,,,
66.741567,monitor,25514,637976,25004,1,0,0.000000,0.000000,0.000000,0.000000,0,0,172052,164289,-3,-4,-1.314742,-1.113214,2.079111,0.000000,0.000000,-1,,,,,,,,,,,,,,,,
66.772335,monitor,25515,638001,24988,1,0,0.000000,0.000000,0.000000,0.000000,0,0,172052,164289,-3,-4,-1.314742,-1.113214,2.079111,0.000000,0.000000,-1,,,,,,,,,,,,,,,,
66.795148,monitor,25516,638025,25000,1,0,0.000000,0.000000,0.000000,0.000000,0,0,172052,164289,-3,-4,-1.314742,-1.113214,2.079111,0.000000,0.000000,-1,,,,,,,,,,,,,,,,
66.825404,monitor,25517,638051,25020,1,0,0.000000,0.000000,0.000000,0.000000,0,0,172052,164289,-3,-4,-1.314742,-1.113214,2.079111,0.000000,0.000000,-1,,,,,,,,,,,,,,,,
66.842537,monitor,25518,638075,25004,1,0,0.000000,0.000000,0.000000,0.000000,0,0,172052,164289,-3,-4,-1.314742,-1.113214,2.079111,0.000000,0.000000,-1,,,,,,,,,,,,,,,,
66.879401,monitor,25519,638101,25000,1,0,0.000000,0.000000,0.000000,0.000000,0,0,172052,164289,-3,-4,-1.314742,-1.113214,2.079111,0.000000,0.000000,-1,,,,,,,,,,,,,,,,
66.890883,monitor,25520,638126,24980,1,0,0.000000,0.000000,0.000000,0.000000,0,0,172052,164289,-3,-4,-1.314742,-1.113214,2.079111,0.000000,0.000000,-1,,,,,,,,,,,,,,,,
66.932595,monitor,25521,638150,25024,1,0,0.000000,0.000000,0.000000,0.000000,0,0,172052,164289,-3,-4,-1.314742,-1.113214,2.079111,0.000000,0.000000,-1,,,,,,,,,,,,,,,,
66.944096,monitor,25522,638176,24996,1,0,0.000000,0.000000,0.000000,0.000000,0,0,172052,164289,-3,-4,-1.314742,-1.113214,2.079111,0.000000,0.000000,-1,,,,,,,,,,,,,,,,
66.984868,monitor,25523,638200,24996,1,0,0.000000,0.000000,0.000000,0.000000,0,0,172052,164289,-3,-4,-1.314742,-1.113214,2.079111,0.000000,0.000000,-1,,,,,,,,,,,,,,,,
66.996313,monitor,25524,638226,24996,1,0,0.000000,0.000000,0.000000,0.000000,0,0,172052,164289,-3,-4,-1.314742,-1.113214,2.079111,0.000000,0.000000,-1,,,,,,,,,,,,,,,,
67.042735,monitor,25525,638251,25000,1,0,0.000000,0.000000,0.000000,0.000000,0,0,172052,164289,-3,-4,-1.314742,-1.113214,2.079111,0.000000,0.000000,-1,,,,,,,,,,,,,,,,
67.048479,monitor,25526,638276,24996,1,0,0.000000,0.000000,0.000000,0.000000,0,0,172052,164289,-3,-4,-1.314742,-1.113214,2.079111,0.000000,0.000000,-1,,,,,,,,,,,,,,,,
67.090274,monitor,25527,638301,24996,1,0,0.000000,0.000000,0.000000,0.000000,0,0,172052,164289,-3,-4,-1.314742,-1.113214,2.079111,0.000000,0.000000,-1,,,,,,,,,,,,,,,,
67.096044,monitor,25528,638325,24996,1,0,0.000000,0.000000,0.000000,0.000000,0,0,172052,164289,-3,-4,-1.314742,-1.113214,2.079111,0.000000,0.000000,-1,,,,,,,,,,,,,,,,
67.118946,monitor,25529,638351,25020,1,0,0.000000,0.000000,0.000000,0.000000,0,0,172052,164289,-3,-4,-1.314742,-1.113214,2.079111,0.000000,0.000000,-1,,,,,,,,,,,,,,,,
67.148657,monitor,25530,638375,24984,1,0,0.000000,0.000000,0.000000,0.000000,0,0,172052,164289,-3,-4,-1.314742,-1.113214,2.079111,0.000000,0.000000,-1,,,,,,,,,,,,,,,,
67.171404,monitor,25531,638401,25000,1,0,0.000000,0.000000,0.000000,0.000000,0,0,172052,164289,-3,-4,-1.314742,-1.113214,2.079111,0.000000,0.000000,-1,,,,,,,,,,,,,,,,
67.195359,monitor,25532,638426,25000,1,0,0.000000,0.000000,0.000000,0.000000,0,0,172052,164289,-3,-4,-1.314742,-1.113214,2.079111,0.000000,0.000000,-1,,,,,,,,,,,,,,,,
67.224156,monitor,25533,638450,25004,1,0,0.000000,0.000000,0.000000,0.000000,0,0,172052,164289,-3,-4,-1.314742,-1.113214,2.079111,0.000000,0.000000,-1,,,,,,,,,,,,,,,,
67.250477,monitor,25534,638476,25012,1,0,0.000000,0.000000,0.000000,0.000000,0,0,172052,164289,-3,-4,-1.314742,-1.113214,2.079111,0.000000,0.000000,-1,,,,,,,,,,,,,,,,
67.273276,monitor,25535,638500,25000,1,0,0.000000,0.000000,0.000000,0.000000,0,0,172052,164289,-3,-4,-1.314742,-1.113214,2.079111,0.000000,0.000000,-1,,,,,,,,,,,,,,,,
67.303098,monitor,25536,638526,24988,1,0,0.000000,0.000000,0.000000,0.000000,0,0,172052,164289,-3,-4,-1.314742,-1.113214,2.079111,0.000000,0.000000,-1,,,,,,,,,,,,,,,,
67.325910,monitor,25537,638551,25000,1,0,0.000000,0.000000,0.000000,0.000000,0,0,172052,164289,-3,-4,-1.314742,-1.113214,2.079111,0.000000,0.000000,-1,,,,,,,,,,,,,,,,
67.356146,monitor,25538,638575,24996,1,0,0.000000,0.000000,0.000000,0.000000,0,0,172052,164289,-3,-4,-1.314742,-1.113214,2.079111,0.000000,0.000000,-1,,,,,,,,,,,,,,,,
67.373302,monitor,25539,638601,24996,1,0,0.000000,0.000000,0.000000,0.000000,0,0,172052,164289,-3,-4,-1.314742,-1.113214,2.079111,0.000000,0.000000,-1,,,,,,,,,,,,,,,,
67.410131,monitor,25540,638625,25020,1,0,0.000000,0.000000,0.000000,0.000000,0,0,172052,164289,-3,-4,-1.314742,-1.113214,2.079111,0.000000,0.000000,-1,,,,,,,,,,,,,,,,
67.427316,monitor,25541,638651,24992,1,0,0.000000,0.000000,0.000000,0.000000,0,0,172052,164289,-3,-4,-1.314742,-1.113214,2.079111,0.000000,0.000000,-1,,,,,,,,,,,,,,,,
67.464458,monitor,25542,638675,25004,1,0,0.000000,0.000000,0.000000,0.000000,0,0,172052,164289,-3,-4,-1.314742,-1.113214,2.079111,0.000000,0.000000,-1,,,,,,,,,,,,,,,,
67.475895,monitor,25543,638701,25000,1,0,0.000000,0.000000,0.000000,0.000000,0,0,172052,164289,-3,-4,-1.314742,-1.113214,2.079111,0.000000,0.000000,-1,,,,,,,,,,,,,,,,
67.516858,monitor,25544,638726,24980,1,0,0.000000,0.000000,0.000000,0.000000,0,0,172052,164289,-3,-4,-1.314742,-1.113214,2.079111,0.000000,0.000000,-1,,,,,,,,,,,,,,,,
67.528359,monitor,25545,638750,25020,1,0,0.000000,0.000000,0.000000,0.000000,0,0,172052,164289,-3,-4,-1.314742,-1.113214,2.079111,0.000000,0.000000,-1,,,,,,,,,,,,,,,,
67.573731,monitor,25546,638776,24996,1,0,0.000000,0.000000,0.000000,0.000000,0,0,172052,164289,-3,-4,-1.314742,-1.113214,2.079111,0.000000,0.000000,-1,,,,,,,,,,,,,,,,
67.573731,monitor,25547,638800,24988,1,0,0.000000,0.000000,0.000000,0.000000,0,0,172052,164289,-3,-4,-1.314742,-1.113214,2.079111,0.000000,0.000000,-1,,,,,,,,,,,,,,,,
67.624375,monitor,25548,638826,25012,1,0,0.000000,0.000000,0.000000,0.000000,0,0,172052,164289,-3,-4,-1.314742,-1.113214,2.079111,0.000000,0.000000,-1,,,,,,,,,,,,,,,,
67.624375,monitor,25549,638851,25008,1,0,0.000000,0.000000,0.000000,0.000000,0,0,172052,164289,-3,-4,-1.314742,-1.113214,2.079111,0.000000,0.000000,-1,,,,,,,,,,,,,,,,
67.671146,monitor,25550,638875,24988,1,0,0.000000,0.000000,0.000000,0.000000,0,0,172052,164289,-3,-4,-1.314742,-1.113214,2.079111,0.000000,0.000000,-1,,,,,,,,,,,,,,,,
67.676925,monitor,25551,638901,25004,1,0,0.000000,0.000000,0.000000,0.000000,0,0,172052,164289,-3,-4,-1.314742,-1.113214,2.079111,0.000000,0.000000,-1,,,,,,,,,,,,,,,,
67.699725,monitor,25552,638925,24996,1,0,0.000000,0.000000,0.000000,0.000000,0,0,172052,164289,-3,-4,-1.314742,-1.113214,2.079111,0.000000,0.000000,-1,,,,,,,,,,,,,,,,
67.728160,monitor,25553,638951,25012,1,0,0.000000,0.000000,0.000000,0.000000,0,0,172052,164289,-3,-4,-1.314742,-1.113214,2.079111,0.000000,0.000000,-1,,,,,,,,,,,,,,,,
67.750546,monitor,25554,638976,24980,1,0,0.000000,0.000000,0.000000,0.000000,0,0,172052,164289,-3,-4,-1.314742,-1.113214,2.079111,0.000000,0.000000,-1,,,,,,,,,,,,,,,,
67.778593,monitor,25555,639001,25012,1,0,0.000000,0.000000,0.000000,0.000000,0,0,172052,164289,-3,-4,-1.314742,-1.113214,2.079111,0.000000,0.000000,-1,,,,,,,,,,,,,,,,
67.800901,monitor,25556,639026,25008,1,0,0.000000,0.000000,0.000000,0.000000,0,0,172052,164289,-3,-4,-1.314742,-1.113214,2.079111,0.000000,0.000000,-1,,,,,,,,,,,,,,,,
67.829349,monitor,25557,639050,24988,1,0,0.000000,0.000000,0.000000,0.000000,0,0,172052,164289,-3,-4,-1.314742,-1.113214,2.079111,0.000000,0.000000,-1,,,,,,,,,,,,,,,,
67.852117,monitor,25558,639076,25004,1,0,0.000000,0.000000,0.000000,0.000000,0,0,172052,164289,-3,-4,-1.314742,-1.113214,2.079111,0.000000,0.000000,-1,,,,,,,,,,,,,,,,
67.881225,monitor,25559,639100,25000,1,0,0.000000,0.000000,0.000000,0.000000,0,0,172052,164289,-3,-4,-1.314742,-1.113214,2.079111,0.000000,0.000000,-1,,,,,,,,,,,,,,,,
67.904152,monitor,25560,639126,25004,1,0,0.000000,0.000000,0.000000,0.000000,0,0,172052,164289,-3,-4,-1.314742,-1.113214,2.079111,0.000000,0.000000,-1,,,,,,,,,,,,,,,,
67.932274,monitor,25561,639151,24984,1,0,0.000000,0.000000,0.000000,0.000000,0,0,172052,164289,-3,-4,-1.314742,-1.113214,2.079111,0.000000,0.000000,-1,,,,,,,,,,,,,,,,
67.955207,monitor,25562,639175,25020,1,0,0.000000,0.000000,0.000000,0.000000,0,0,172052,164289,-3,-4,-1.314742,-1.113214,2.079111,0.000000,0.000000,-1,,,,,,,,,,,,,,,,
67.981268,monitor,25563,639201,24976,1,0,0.000000,0.000000,0.000000,0.000000,0,0,172052,164289,-3,-4,-1.314742,-1.113214,2.079111,0.000000,0.000000,-1,,,,,,,,,,,,,,,,
68.004041,monitor,25564,639225,25024,1,0,0.000000,0.000000,0.000000,0.000000,0,0,172052,164289,-3,-4,-1.314742,-1.113214,2.079111,0.000000,0.000000,-1,,,,,,,,,,,,,,,,
68.032840,monitor,25565,639251,25008,1,0,0.000000,0.000000,0.000000,0.000000,0,0,172052,164289,-3,-4,-1.314742,-1.113214,2.079111,0.000000,0.000000,-1,,,,,,,,,,,,,,,,
68.055729,monitor,25566,639276,24988,1,0,0.000000,0.000000,0.000000,0.000000,0,0,172052,164289,-3,-4,-1.314742,-1.113214,2.079111,0.000000,0.000000,-1,,,,,,,,,,,,,,,,
68.085688,monitor,25567,639300,24984,1,0,0.000000,0.000000,0.000000,0.000000,0,0,172052,164289,-3,-4,-1.314742,-1.113214,2.079111,0.000000,0.000000,-1,,,,,,,,,,,,,,,,
68.108409,monitor,25568,639326,25008,1,0,0.000000,0.000000,0.000000,0.000000,0,0,172052,164289,-3,-4,-1.314742,-1.113214,2.079111,0.000000,0.000000,-1,,,,,,,,,,,,,,,,
68.138994,monitor,25569,639350,25012,1,0,0.000000,0.000000,0.000000,0.000000,0,0,172052,164289,-3,-4,-1.314742,-1.113214,2.079111,0.000000,0.000000,-1,,,,,,,,,,,,,,,,
68.156069,monitor,25570,639376,24984,1,0,0.000000,0.000000,0.000000,0.000000,0,0,172052,164289,-3,-4,-1.314742,-1.113214,2.079111,0.000000,0.000000,-1,,,,,,,,,,,,,,,,
68.193690,monitor,25571,639400,25000,1,0,0.000000,0.000000,0.000000,0.000000,0,0,172052,164289,-3,-4,-1.314742,-1.113214,2.079111,0.000000,0.000000,-1,,,,,,,,,,,,,,,,
68.210825,monitor,25572,639426,25008,1,0,0.000000,0.000000,0.000000,0.000000,0,0,172052,164289,-3,-4,-1.314742,-1.113214,2.079111,0.000000,0.000000,-1,,,,,,,,,,,,,,,,
68.246175,monitor,25573,639451,25012,1,0,0.000000,0.000000,0.000000,0.000000,0,0,172052,164289,-3,-4,-1.314742,-1.113214,2.079111,0.000000,0.000000,-1,,,,,,,,,,,,,,,,
68.257601,monitor,25574,639475,24984,1,0,0.000000,0.000000,0.000000,0.000000,0,0,172052,164289,-3,-4,-1.314742,-1.113214,2.079111,0.000000,0.000000,-1,,,,,,,,,,,,,,,,
68.299040,monitor,25575,639501,25012,1,0,0.000000,0.000000,0.000000,0.000000,0,0,172052,164289,-3,-4,-1.314742,-1.113214,2.079111,0.000000,0.000000,-1,,,,,,,,,,,,,,,,
68.310524,monitor,25576,639525,24996,1,0,0.000000,0.000000,0.000000,0.000000,0,0,172052,164289,-3,-4,-1.314742,-1.113214,2.079111,0.000000,0.000000,-1,,,,,,,,,,,,,,,,
68.349168,monitor,25577,639551,25000,1,0,0.000000,0.000000,0.000000,0.000000,0,0,172052,164289,-3,-4,-1.314742,-1.113214,2.079111,0.000000,0.000000,-1,,,,,,,,,,,,,,,,
68.360626,monitor,25578,639576,24980,1,0,0.000000,0.000000,0.000000,0.000000,0,0,172052,164289,-3,-4,-1.314742,-1.113214,2.079111,0.000000,0.000000,-1,,,,,,,,,,,,,,,,
68.400804,monitor,25579,639600,25004,1,0,0.000000,0.000000,0.000000,0.000000,0,0,172052,164289,-3,-4,-1.314742,-1.113214,2.079111,0.000000,0.000000,-1,,,,,,,,,,,,,,,,
68.412387,monitor,25580,639626,25020,1,0,0.000000,0.000000,0.000000,0.000000,0,0,172052,164289,-3,-4,-1.314742,-1.113214,2.079111,0.000000,0.000000,-1,,,,,,,,,,,,,,,,
68.452224,monitor,25581,639650,24980,1,0,0.000000,0.000000,0.000000,0.000000,0,0,172052,164289,-3,-4,-1.314742,-1.113214,2.079111,0.000000,0.000000,-1,,,,,,,,,,,,,,,,
68.463673,monitor,25582,639676,25020,1,0,0.000000,0.000000,0.000000,0.000000,0,0,172052,164289,-3,-4,-1.314742,-1.113214,2.079111,0.000000,0.000000,-1,,,,,,,,,,,,,,,,
68.505398,monitor,25583,639700,25000,1,0,0.000000,0.000000,0.000000,0.000000,0,0,172052,164289,-3,-4,-1.314742,-1.113214,2.079111,0.000000,0.000000,-1,,,,,,,,,,,,,,,,
68.511176,monitor,25584,639726,24992,1,0,0.000000,0.000000,0.000000,0.000000,0,0,172052,164289,-3,-4,-1.314742,-1.113214,2.079111,0.000000,0.000000,-1,,,,,,,,,,,,,,,,
68.533898,monitor,25585,639751,24996,1,0,0.000000,0.000000,0.000000,0.000000,0,0,172052,164289,-3,-4,-1.314742,-1.113214,2.079111,0.000000,0.000000,-1,,,,,,,,,,,,,,,,
68.564944,monitor,25586,639775,24992,1,0,0.000000,0.000000,0.000000,0.000000,0,0,172052,164289,-3,-4,-1.314742,-1.113214,2.079111,0.000000,0.000000,-1,,,,,,,,,,,,,,,,
68.587805,monitor,25587,639801,25020,1,0,0.000000,0.000000,0.000000,0.000000,0,0,172052,164289,-3,-4,-1.314742,-1.113214,2.079111,0.000000,0.000000,-1,,,,,,,,,,,,,,,,
68.611465,monitor,25588,639825,24996,1,0,0.000000,0.000000,0.000000,0.000000,0,0,172052,164289,-3,-4,-1.314742,-1.113214,2.079111,0.000000,0.000000,-1,,,,,,,,,,,,,,,,
68.639903,monitor,25589,639851,24996,1,0,0.000000,0.000000,0.000000,0.000000,0,0,172052,164289,-3,-4,-1.314742,-1.113214,2.079111,0.000000,0.000000,-1,,,,,,,,,,,,,,,,
68.664850,monitor,25590,639876,24996,1,0,0.000000,0.000000,0.000000,0.000000,0,0,172052,164289,-3,-4,-1.314742,-1.113214,2.079111,0.000000,0.000000,-1,,,,,,,,,,,,,,,,
68.687662,monitor,25591,639901,25036,1,0,0.000000,0.000000,0.000000,0.000000,0,0,172052,164289,-3,-4,-1.314742,-1.113214,2.079111,0.000000,0.000000,-1,,,,,,,,,,,,,,,,
68.717450,monitor,25592,639926,24956,1,0,0.000000,0.000000,0.000000,0.000000,0,0,172052,164289,-3,-4,-1.314742,-1.113214,2.079111,0.000000,0.000000,-1,,,,,,,,,,,,,,,,
68.740323,monitor,25593,639950,25000,1,0,0.000000,0.000000,0.000000,0.000000,0,0,172052,164289,-3,-4,-1.314742,-1.113214,2.079111,0.000000,0.000000,-1,,,,,,,,,,,,,,,,
68.770117,monitor,25594,639976,25016,1,0,0.000000,0.000000,0.000000,0.000000,0,0,172052,164289,-3,-4,-1.314742,-1.113214,2.079111,0.000000,0.000000,-1,,,,,,,,,,,,,,,,
68.787141,monitor,25595,640001,25008,1,0,0.000000,0.000000,0.000000,0.000000,0,0,172052,164289,-3,-4,-1.314742,-1.113214,2.079111,0.000000,0.000000,-1,,,,,,,,,,,,,,,,
68.821980,monitor,25596,640025,24984,1,0,0.000000,0.000000,0.000000,0.000000,0,0,172052,164289,-3,-4,-1.314742,-1.113214,2.079111,0.000000,0.000000,-1,,,,,,,,,,,,,,,,
68.839051,monitor,25597,640051,24996,1,0,0.000000,0.000000,0.000000,0.000000,0,0,172052,164289,-3,-4,-1.314742,-1.113214,2.079111,0.000000,0.000000,-1,,,,,,,,,,,,,,,,
68.873025,monitor,25598,640075,25000,1,0,0.000000,0.000000,0.000000,0.000000,0,0,172052,164289,-3,-4,-1.314742,-1.113214,2.079111,0.000000,0.000000,-1,,,,,,,,,,,,,,,,
68.890178,monitor,25599,640101,25008,1,0,0.000000,0.000000,0.000000,0.000000,0,0,172052,164289,-3,-4,-1.314742,-1.113214,2.079111,0.000000,0.000000,-1,,,,,,,,,,,,,,,,
68.925548,monitor,25600,640125,25004,1,0,0.000000,0.000000,0.000000,0.000000,0,0,172052,164289,-3,-4,-1.314742,-1.113214,2.079111,0.000000,0.000000,-1,,,,,,,,,,,,,,,,
68.942705,monitor,25601,640151,25012,1,0,0.000000,0.000000,0.000000,0.000000,0,0,172052,164289,-3,-4,-1.314742,-1.113214,2.079111,0.000000,0.000000,-1,,,,,,,,,,,,,,,,
68.976923,monitor,25602,640176,24972,1,0,0.000000,0.000000,0.000000,0.000000,0,0,172052,164289,-3,-4,-1.314742,-1.113214,2.079111,0.000000,0.000000,-1,,,,,,,,,,,,,,,,
68.994057,monitor,25603,640200,25032,1,0,0.000000,0.000000,0.000000,0.000000,0,0,172052,164289,-3,-4,-1.314742,-1.113214,2.079111,0.000000,0.000000,-1,,,,,,,,,,,,,,,,
69.029175,monitor,25604,640226,24984,1,0,0.000000,0.000000,0.000000,0.000000,0,0,172052,164289,-3,-4,-1.314742,-1.113214,2.079111,0.000000,0.000000,-1,,,,,,,,,,,,,,,,
69.040603,monitor,25605,640250,24996,1,0,0.000000,0.000000,0.000000,0.000000,0,0,172052,164289,-3,-4,-1.314742,-1.113214,2.079111,0.000000,0.000000,-1,,,,,,,,,,,,,,,,
69.081441,monitor,25606,640276,24992,1,0,0.000000,0.000000,0.000000,0.000000,0,0,172052,164289,-3,-4,-1.314742,-1.113214,2.079111,0.000000,0.000000,-1,,,,,,,,,,,,,,,,
69.092923,monitor,25607,640301,25004,1,0,0.000000,0.000000,0.000000,0.000000,0,0,172052,164289,-3,-4,-1.314742,-1.113214,2.079111,0.000000,0.000000,-1,,,,,,,,,,,,,,,,
69.129871,monitor,25608,640325,24996,1,0,0.000000,0.000000,0.000000,0.000000,0,0,172052,164289,-3,-4,-1.314742,-1.113214,2.079111,0.000000,0.000000,-1,,,,,,,,,,,,,,,,
69.141334,monitor,25609,640351,25000,1,0,0.000000,0.000000,0.000000,0.000000,0,0,172052,164289,-3,-4,-1.314742,-1.113214,2.079111,0.000000,0.000000,-1,,,,,,,,,,,,,,,,
69.186705,monitor,25610,640375,25020,1,0,0.000000,0.000000,0.000000,0.000000,0,0,172052,164289,-3,-4,-1.314742,-1.113214,2.079111,0.000000,0.000000,-1,,,,,,,,,,,,,,,,
69.192521,monitor,25611,640401,24976,1,0,0.000000,0.000000,0.000000,0.000000,0,0,172052,164289,-3,-4,-1.314742,-1.113214,2.079111,0.000000,0.000000,-1,,,,,,,,,,,,,,,,
69.238937,monitor,25612,640425,25020,1,0,0.000000,0.000000,0.000000,0.000000,0,0,172052,164289,-3,-4,-1.314742,-1.113214,2.079111,0.000000,0.000000,-1,,,,,,,,,,,,,,,,
69.244702,monitor,25613,640451,24996,1,0,0.000000,0.000000,0.000000,0.000000,0,0,172052,164289,-3,-4,-1.314742,-1.113214,2.079111,0.000000,0.000000,-1,,,,,,,,,,,,,,,,
69.289340,monitor,25614,640476,25004,1,0,0.000000,0.000000,0.000000,0.000000,0,0,172052,164289,-3,-4,-1.314742,-1.113214,2.079111,0.000000,0.000000,-1,,,,,,,,,,,,,,,,
69.294843,monitor,25615,640500,24976,1,0,0.000000,0.000000,0.000000,0.000000,0,0,172052,164289,-3,-4,-1.314742,-1.113214,2.079111,0.000000,0.000000,-1,,,,,,,,,,,,,,,,
69.339413,monitor,25616,640526,25008,1,0,0.000000,0.000000,0.000000,0.000000,0,0,172052,164289,-3,-4,-1.314742,-1.113214,2.079111,0.000000,0.000000,-1,,,,,,,,,,,,,,,,
69.344573,monitor,25617,640550,25020,1,0,0.000000,0.000000,0.000000,0.000000,0,0,172052,164289,-3,-4,-1.314742,-1.113214,2.079111,0.000000,0.000000,-1,,,,,,,,,,,,,,,,
69.373032,monitor,25618,640576,24996,1,0,0.000000,0.000000,0.000000,0.000000,0,0,172052,164289,-3,-4,-1.314742,-1.113214,2.079111,0.000000,0.000000,-1,,,,,,,,,,,,,,,,
69.393774,monitor,25619,640601,24996,1,0,0.000000,0.000000,0.000000,0.000000,0,0,172052,164289,-3,-4,-1.314742,-1.113214,2.079111,0.000000,0.000000,-1,,,,,,,,,,,,,,,,
69.422289,monitor,25620,640625,24992,1,0,0.000000,0.000000,0.000000,0.000000,0,0,172052,164289,-3,-4,-1.314742,-1.113214,2.079111,0.000000,0.000000,-1,,,,,,,,,,,,,,,,
69.448865,monitor,25621,640651,25004,1,0,0.000000,0.000000,0.000000,0.000000,0,0,172052,164289,-3,-4,-1.314742,-1.113214,2.079111,0.000000,0.000000,-1,,,,,,,,,,,,,,,,
69.471838,monitor,25622,640675,24984,1,0,0.000000,0.000000,0.000000,0.000000,0,0,172052,164289,-3,-4,-1.314742,-1.113214,2.079111,0.000000,0.000000,-1,,,,,,,,,,,,,,,,
69.505169,monitor,25623,640701,25008,1,0,0.000000,0.000000,0.000000,0.000000,0,0,172052,164289,-3,-4,-1.314742,-1.113214,2.079111,0.000000,0.000000,-1,,,,,,,,,,,,,,,,
69.522282,monitor,25624,640726,25016,1,0,0.000000,0.000000,0.000000,0.000000,0,0,172052,164289,-3,-4,-1.314742,-1.113214,2.079111,0.000000,0.000000,-1,,,,,,,,,,,,,,,,
69.562814,monitor,25625,640750,24980,1,0,0.000000,0.000000,0.000000,0.000000,0,0,172052,164289,-3,-4,-1.314742,-1.113214,2.079111,0.000000,0.000000,-1,,,,,,,,,,,,,,,,
69.574310,monitor,25626,640776,25020,1,0,0.000000,0.000000,0.000000,0.000000,0,0,172052,164289,-3,-4,-1.314742,-1.113214,2.079111,0.000000,0.000000,-1,,,,,,,,,,,,,,,,
69.614836,monitor,25627,640800,25008,1,0,0.000000,0.000000,0.000000,0.000000,0,0,172052,164289,-3,-4,-1.314742,-1.113214,2.079111,0.000000,0.000000,-1,,,,,,,,,,,,,,,,
69.626289,monitor,25628,640826,24980,1,0,0.000000,0.000000,0.000000,0.000000,0,0,172052,164289,-3,-4,-1.314742,-1.113214,2.079111,0.000000,0.000000,-1,,,,,,,,,,,,,,,,
69.664411,monitor,25629,640850,25016,1,0,0.000000,0.000000,0.000000,0.000000,0,0,172052,164289,-3,-4,-1.314742,-1.113214,2.079111,0.000000,0.000000,-1,,,,,,,,,,,,,,,,
69.675837,monitor,25630,640876,24980,1,0,0.000000,0.000000,0.000000,0.000000,0,0,172052,164289,-3,-4,-1.314742,-1.113214,2.079111,0.000000,0.000000,-1,,,,,,,,,,,,,,,,
69.698445,monitor,25631,640901,25020,1,0,0.000000,0.000000,0.000000,0.000000,0,0,172052,164289,-3,-4,-1.314742,-1.113214,2.079111,0.000000,0.000000,-1,,,,,,,,,,,,,,,,
69.725224,monitor,25632,640925,25000,1,0,0.000000,0.000000,0.000000,0.000000,0,0,172052,164289,-3,-4,-1.314742,-1.113214,2.079111,0.000000,0.000000,-1,,,,,,,,,,,,,,,,
69.748019,monitor,25633,640951,24980,1,0,0.000000,0.000000,0.000000,0.000000,0,0,172052,164289,-3,-4,-1.314742,-1.113214,2.079111,0.000000,0.000000,-1,,,,,,,,,,,,,,,,
69.773248,monitor,25634,640975,25016,1,0,0.000000,0.000000,0.000000,0.000000,0,0,172052,164289,-3,-4,-1.314742,-1.113214,2.079111,0.000000,0.000000,-1,,,,,,,,,,,,,,,,
69.801712,monitor,25635,641001,24976,1,0,0.000000,0.000000,0.000000,0.000000,0,0,172052,164289,-3,-4,-1.314742,-1.113214,2.079111,0.000000,0.000000,-1,,,,,,,,,,,,,,,,
69.828563,monitor,25636,641026,25000,1,0,0.000000,0.000000,0.000000,0.000000,0,0,172052,164289,-3,-4,-1.314742,-1.113214,2.079111,0.000000,0.000000,-1,,,,,,,,,,,,,,,,
69.851182,monitor,25637,641050,25004,1,0,0.000000,0.000000,0.000000,0.000000,0,0,172052,164289,-3,-4,-1.314742,-1.113214,2.079111,0.000000,0.000000,-1,,,,,,,,,,,,,,,,
69.884433,monitor,25638,641076,25020,1,0,0.000000,0.000000,0.000000,0.000000,0,0,172052,164289,-3,-4,-1.314742,-1.113214,2.079111,0.000000,0.000000,-1,,,,,,,,,,,,,,,,
69.901595,monitor,25639,641100,25000,1,0,0.000000,0.000000,0.000000,0.000000,0,0,172052,164289,-3,-4,-1.314742,-1.113214,2.079111,0.000000,0.000000,-1,,,,,,,,,,,,,,,,
69.933756,monitor,25640,641126,24992,1,0,0.000000,0.000000,0.000000,0.000000,0,0,172052,164289,-3,-4,-1.314742,-1.113214,2.079111,0.000000,0.000000,-1,,,,,,,,,,,,,,,,
69.950524,monitor,25641,641150,24984,1,0,0.000000,0.000000,0.000000,0.000000,0,0,172052,164289,-3,-4,-1.314742,-1.113214,2.079111,0.000000,0.000000,-1,,,,,,,,,,,,,,,,
69.989142,monitor,25642,641176,25016,1,0,0.000000,0.000000,0.000000,0.000000,0,0,172052,164289,-3,-4,-1.314742,-1.113214,2.079111,0.000000,0.000000,-1,,,,,,,,,,,,,,,,
70.006273,monitor,25643,641201,25008,1,0,0.000000,0.000000,0.000000,0.000000,0,0,172052,164289,-3,-4,-1.314742,-1.113214,2.079111,0.000000,0.000000,-1,,,,,,,,,,,,,,,,
70.039915,monitor,25644,641225,24980,1,0,0.000000,0.000000,0.000000,0.000000,0,0,172052,164289,-3,-4,-1.314742,-1.113214,2.079111,0.000000,0.000000,-1,,,,,,,,,,,,,,,,
70.051328,monitor,25645,641251,25008,1,0,0.000000,0.000000,0.000000,0.000000,0,0,172052,164289,-3,-4,-1.314742,-1.113214,2.079111,0.000000,0.000000,-1,,,,,,,,,,,,,,,,
70.090584,monitor,25646,641275,24996,1,0,0.000000,0.000000,0.000000,0.000000,0,0,172052,164289,-3,-4,-1.314742,-1.113214,2.079111,0.000000,0.000000,-1,,,,,,,,,,,,,,,,
70.107742,monitor,25647,641301,24992,1,0,0.000000,0.000000,0.000000,0.000000,0,0,172052,164289,-3,-4,-1.314742,-1.113214,2.079111,0.000000,0.000000,-1,,,,,,,,,,,,,,,,
70.140822,monitor,25648,641326,25012,1,0,0.000000,0.000000,0.000000,0.000000,0,0,172052,164289,-3,-4,-1.314742,-1.113214,2.079111,0.000000,0.000000,-1,,,,,,,,,,,,,,,,
70.158009,monitor,25649,641350,25012,1,0,0.000000,0.000000,0.000000,0.000000,0,0,172052,164289,-3,-4,-1.314742,-1.113214,2.079111,0.000000,0.000000,-1,,,,,,,,,,,,,,,,
70.192789,monitor,25650,641376,24980,1,0,0.000000,0.000000,0.000000,0.000000,0,0,172052,164289,-3,-4,-1.314742,-1.113214,2.079111,0.000000,0.000000,-1,,,,,,,,,,,,,,,,
70.209577,monitor,25651,641400,25012,1,0,0.000000,0.000000,0.000000,0.000000,0,0,172052,164289,-3,-4,-1.314742,-1.113214,2.079111,0.000000,0.000000,-1,,,,,,,,,,,,,,,,
70.243037,monitor,25652,641426,25008,1,0,0.000000,0.000000,0.000000,0.000000,0,0,172052,164289,-3,-4,-1.314742,-1.113214,2.079111,0.000000,0.000000,-1,,,,,,,,,,,,,,,,
70.260218,monitor,25653,641451,24984,1,0,0.000000,0.000000,0.000000,0.000000,0,0,172052,164289,-3,-4,-1.314742,-1.113214,2.079111,0.000000,0.000000,-1,,,,,,,,,,,,,,,,
70.293699,monitor,25654,641476,24996,1,0,0.000000,0.000000,0.000000,0.000000,0,0,172052,164289,-3,-4,-1.314742,-1.113214,2.079111,0.000000,0.000000,-1,,,,,,,,,,,,,,,,
70.305159,monitor,25655,641501,25020,1,0,0.000000,0.000000,0.000000,0.000000,0,0,172052,164289,-3,-4,-1.314742,-1.113214,2.079111,0.000000,0.000000,-1,,,,,,,,,,,,,,,,
70.343130,monitor,25656,641525,24984,1,0,0.000000,0.000000,0.000000,0.000000,0,0,172052,164289,-3,-4,-1.314742,-1.113214,2.079111,0.000000,0.000000,-1,,,,,,,,,,,,,,,,
70.360239,monitor,25657,641551,25012,1,0,0.000000,0.000000,0.000000,0.000000,0,0,172052,164289,-3,-4,-1.314742,-1.113214,2.079111,0.000000,0.000000,-1,,,,,,,,,,,,,,,,
70.399448,monitor,25658,641575,24988,1,0,0.000000,0.000000,0.000000,0.000000,0,0,172052,164289,-3,-4,-1.314742,-1.113214,2.079111,0.000000,0.000000,-1,,,,,,,,,,,,,,,,
70.410905,monitor,25659,641601,24996,1,0,0.000000,0.000000,0.000000,0.000000,0,0,172052,164289,-3,-4,-1.314742,-1.113214,2.079111,0.000000,0.000000,-1,,,,,,,,,,,,,,,,
70.432845,monitor,25660,641626,25024,1,0,0.000000,0.000000,0.000000,0.000000,0,0,172052,164289,-3,-4,-1.314742,-1.113214,2.079111,0.000000,0.000000,-1,,,,,,,,,,,,,,,,
70.461088,monitor,25661,641650,24988,1,0,0.000000,0.000000,0.000000,0.000000,0,0,172052,164289,-3,-4,-1.314742,-1.113214,2.079111,0.000000,0.000000,-1,,,,,,,,,,,,,,,,
70.483694,monitor,25662,641676,25000,1,0,0.000000,0.000000,0.000000,0.000000,0,0,172052,164289,-3,-4,-1.314742,-1.113214,2.079111,0.000000,0.000000,-1,,,,,,,,,,,,,,,,
70.516859,monitor,25663,641700,24988,1,0,0.000000,0.000000,0.000000,0.000000,0,0,172052,164289,-3,-4,-1.314742,-1.113214,2.079111,0.000000,0.000000,-1,,,,,,,,,,,,,,,,
70.533509,monitor,25664,641726,25012,1,0,0.000000,0.000000,0.000000,0.000000,0,0,172052,164289,-3,-4,-1.314742,-1.113214,2.079111,0.000000,0.000000,-1,,,,,,,,,,,,,,,,
70.562363,monitor,25665,641751,24988,1,0,0.000000,0.000000,0.000000,0.000000,0,0,172052,164289,-3,-4,-1.314742,-1.113214,2.079111,0.000000,0.000000,-1,,,,,,,,,,,,,,,,
70.585205,monitor,25666,641775,24996,1,0,0.000000,0.000000,0.000000,0.000000,0,0,172052,164289,-3,-4,-1.314742,-1.113214,2.079111,0.000000,0.000000,-1,,,,,,,,,,,,,,,,
70.612571,monitor,25667,641801,25000,1,0,0.000000,0.000000,0.000000,0.000000,0,0,172052,164289,-3,-4,-1.314742,-1.113214,2.079111,0.000000,0.000000,-1,,,,,,,,,,,,,,,,
70.635378,monitor,25668,641825,25024,1,0,0.000000,0.000000,0.000000,0.000000,0,0,172052,164289,-3,-4,-1.314742,-1.113214,2.079111,0.000000,0.000000,-1,,,,,,,,,,,,,,,,
70.662833,monitor,25669,641851,24992,1,0,0.000000,0.000000,0.000000,0.000000,0,0,172052,164289,-3,-4,-1.314742,-1.113214,2.079111,0.000000,0.000000,-1,,,,,,,,,,,,,,,,
70.685623,monitor,25670,641875,24992,1,0,0.000000,0.000000,0.000000,0.000000,0,0,172052,164289,-3,-4,-1.314742,-1.113214,2.079111,0.000000,0.000000,-1,,,,,,,,,,,,,,,,
70.713629,monitor,25671,641901,25000,1,0,0.000000,0.000000,0.000000,0.000000,0,0,172052,164289,-3,-4,-1.314742,-1.113214,2.079111,0.000000,0.000000,-1,,,,,,,,,,,,,,,,
70.736080,monitor,25672,641926,24996,1,0,0.000000,0.000000,0.000000,0.000000,0,0,172052,164289,-3,-4,-1.314742,-1.113214,2.079111,0.000000,0.000000,-1,,,,,,,,,,,,,,,,
70.763620,monitor,25673,641950,25004,1,0,0.000000,0.000000,0.000000,0.000000,0,0,172052,164289,-3,-4,-1.314742,-1.113214,2.079111,0.000000,0.000000,-1,,,,,,,,,,,,,,,,
70.786404,monitor,25674,641976,25004,1,0,0.000000,0.000000,0.000000,0.000000,0,0,172052,164289,-3,-4,-1.314742,-1.113214,2.079111,0.000000,0.000000,-1,,,,,,,,,,,,,,,,
70.814460,monitor,25675,642000,25016,1,0,0.000000,0.000000,0.000000,0.000000,0,0,172052,164289,-3,-4,-1.314742,-1.113214,2.079111,0.000000,0.000000,-1,,,,,,,,,,,,,,,,
70.836873,monitor,25676,642026,24988,1,0,0.000000,0.000000,0.000000,0.000000,0,0,172052,164289,-3,-4,-1.314742,-1.113214,2.079111,0.000000,0.000000,-1,,,,,,,,,,,,,,,,
70.864034,monitor,25677,642051,24996,1,0,0.000000,0.000000,0.000000,0.000000,0,0,172052,164289,-3,-4,-1.314742,-1.113214,2.079111,0.000000,0.000000,-1,,,,,,,,,,,,,,,,
70.886903,monitor,25678,642075,25008,1,0,0.000000,0.000000,0.000000,0.000000,0,0,172052,164289,-3,-4,-1.314742,-1.113214,2.079111,0.000000,0.000000,-1,,,,,,,,,,,,,,,,
70.919586,monitor,25679,642101,24988,1,0,0.000000,0.000000,0.000000,0.000000,0,0,172052,164289,-3,-4,-1.314742,-1.113214,2.079111,0.000000,0.000000,-1,,,,,,,,,,,,,,,,
70.936712,monitor,25680,642125,25004,1,0,0.000000,0.000000,0.000000,0.000000,0,0,172052,164289,-3,-4,-1.314742,-1.113214,2.079111,0.000000,0.000000,-1,,,,,,,,,,,,,,,,
70.969651,monitor,25681,642151,25012,1,0,0.000000,0.000000,0.000000,0.000000,0,0,172052,164289,-3,-4,-1.314742,-1.113214,2.079111,0.000000,0.000000,-1,,,,,,,,,,,,,,,,
70.992508,monitor,25682,642176,24992,1,0,0.000000,0.000000,0.000000,0.000000,0,0,172052,164289,-3,-4,-1.314742,-1.113214,2.079111,0.000000,0.000000,-1,,,,,,,,,,,,,,,,
71.019488,monitor,25683,642201,25004,1,0,0.000000,0.000000,0.000000,0.000000,0,0,172052,164289,-3,-4,-1.314742,-1.113214,2.079111,0.000000,0.000000,-1,,,,,,,,,,,,,,,,
71.042353,monitor,25684,642226,25000,1,0,0.000000,0.000000,0.000000,0.000000,0,0,172052,164289,-3,-4,-1.314742,-1.113214,2.079111,0.000000,0.000000,-1,,,,,,,,,,,,,,,,
71.075817,monitor,25685,642250,25008,1,0,0.000000,0.000000,0.000000,0.000000,0,0,172052,164289,-3,-4,-1.314742,-1.113214,2.079111,0.000000,0.000000,-1,,,,,,,,,,,,,,,,
71.092971,monitor,25686,642276,24996,1,0,0.000000,0.000000,0.000000,0.000000,0,0,172052,164289,-3,-4,-1.314742,-1.113214,2.079111,0.000000,0.000000,-1,,,,,,,,,,,,,,,,
71.127200,monitor,25687,642300,25000,1,0,0.000000,0.000000,0.000000,0.000000,0,0,172052,164289,-3,-4,-1.314742,-1.113214,2.079111,0.000000,0.000000,-1,,,,,,,,,,,,,,,,
71.144355,monitor,25688,642326,24984,1,0,0.000000,0.000000,0.000000,0.000000,0,0,172052,164289,-3,-4,-1.314742,-1.113214,2.079111,0.000000,0.000000,-1,,,,,,,,,,,,,,,,
71.178796,monitor,25689,642351,25036,1,0,0.000000,0.000000,0.000000,0.000000,0,0,172052,164289,-3,-4,-1.314742,-1.113214,2.079111,0.000000,0.000000,-1,,,,,,,,,,,,,,,,
71.195886,monitor,25690,642375,24984,1,0,0.000000,0.000000,0.000000,0.000000,0,0,172052,164289,-3,-4,-1.314742,-1.113214,2.079111,0.000000,0.000000,-1,,,,,,,,,,,,,,,,
71.228982,monitor,25691,642401,24996,1,0,0.000000,0.000000,0.000000,0.000000,0,0,172052,164289,-3,-4,-1.314742,-1.113214,2.079111,0.000000,0.000000,-1,,,,,,,,,,,,,,,,
71.246212,monitor,25692,642425,25000,1,0,0.000000,0.000000,0.000000,0.000000,0,0,172052,164289,-3,-4,-1.314742,-1.113214,2.079111,0.000000,0.000000,-1,,,,,,,,,,,,,,,,
71.279128,monitor,25693,642451,24984,1,0,0.000000,0.000000,0.000000,0.000000,0,0,172052,164289,-3,-4,-1.314742,-1.113214,2.079111,0.000000,0.000000,-1,,,,,,,,,,,,,,,,
71.290552,monitor,25694,642476,25016,1,0,0.000000,0.000000,0.000000,0.000000,0,0,172052,164289,-3,-4,-1.314742,-1.113214,2.079111,0.000000,0.000000,-1,,,,,,,,,,,,,,,,
71.336037,monitor,25695,642500,24976,1,0,0.000000,0.000000,0.000000,0.000000,0,0,172052,164289,-3,-4,-1.314742,-1.113214,2.079111,0.000000,0.000000,-1,,,,,,,,,,,,,,,,
71.341840,monitor,25696,642526,25024,1,0,0.000000,0.000000,0.000000,0.000000,0,0,172052,164289,-3,-4,-1.314742,-1.113214,2.079111,0.000000,0.000000,-1,,,,,,,,,,,,,,,,
71.386367,monitor,25697,642550,25008,1,0,0.000000,0.000000,0.000000,0.000000,0,0,172052,164289,-3,-4,-1.314742,-1.113214,2.079111,0.000000,0.000000,-1,,,,,,,,,,,,,,,,
71.392115,monitor,25698,642576,24980,1,0,0.000000,0.000000,0.000000,0.000000,0,0,172052,164289,-3,-4,-1.314742,-1.113214,2.079111,0.000000,0.000000,-1,,,,,,,,,,,,,,,,
71.419909,monitor,25699,642600,25000,1,0,0.000000,0.000000,0.000000,0.000000,0,0,172052,164289,-3,-4,-1.314742,-1.113214,2.079111,0.000000,0.000000,-1,,,,,,,,,,,,,,,,
71.442557,monitor,25700,642626,25012,1,0,0.000000,0.000000,0.000000,0.000000,0,0,172052,164289,-3,-4,-1.314742,-1.113214,2.079111,0.000000,0.000000,-1,,,,,,,,,,,,,,,,
71.471057,monitor,25701,642651,25008,1,0,0.000000,0.000000,0.000000,0.000000,0,0,172052,164289,-3,-4,-1.314742,-1.113214,2.079111,0.000000,0.000000,-1,,,,,,,,,,,,,,,,
71.497926,monitor,25702,642675,24976,1,0,0.000000,0.000000,0.000000,0.000000,0,0,172052,164289,-3,-4,-1.314742,-1.113214,2.079111,0.000000,0.000000,-1,,,,,,,,,,,,,,,,
71.520803,monitor,25703,642701,25012,1,0,0.000000,0.000000,0.000000,0.000000,0,0,172052,164289,-3,-4,-1.314742,-1.113214,2.079111,0.000000,0.000000,-1,,,,,,,,,,,,,,,,
71.547228,monitor,25704,642725,25008,1,0,0.000000,0.000000,0.000000,0.000000,0,0,172052,164289,-3,-4,-1.314742,-1.113214,2.079111,0.000000,0.000000,-1,,,,,,,,,,,,,,,,
71.570024,monitor,25705,642751,24988,1,0,0.000000,0.000000,0.000000,0.000000,0,0,172052,164289,-3,-4,-1.314742,-1.113214,2.079111,0.000000,0.000000,-1,,,,,,,,,,,,,,,,
71.603779,monitor,25706,642776,25008,1,0,0.000000,0.000000,0.000000,0.000000,0,0,172052,164289,-3,-4,-1.314742,-1.113214,2.079111,0.000000,0.000000,-1,,,,,,,,,,,,,,,,
71.620610,monitor,25707,642800,24980,1,0,0.000000,0.000000,0.000000,0.000000,0,0,172052,164289,-3,-4,-1.314742,-1.113214,2.079111,0.000000,0.000000,-1,,,,,,,,,,,,,,,,
71.654238,monitor,25708,642826,25000,1,0,0.000000,0.000000,0.000000,0.000000,0,0,172052,164289,-3,-4,-1.314742,-1.113214,2.079111,0.000000,0.000000,-1,,,,,,,,,,,,,,,,
71.670989,monitor,25709,642850,24996,1,0,0.000000,0.000000,0.000000,0.000000,0,0,172052,164289,-3,-4,-1.314742,-1.113214,2.079111,0.000000,0.000000,-1,,,,,,,,,,,,,,,,
71.705225,monitor,25710,642876,25020,1,0,0.000000,0.000000,0.000000,0.000000,0,0,172052,164289,-3,-4,-1.314742,-1.113214,2.079111,0.000000,0.000000,-1,,,,,,,,,,,,,,,,
71.722336,monitor,25711,642900,25008,1,0,0.000000,0.000000,0.000000,0.000000,0,0,172052,164289,-3,-4,-1.314742,-1.113214,2.079111,0.000000,0.000000,-1,,,,,,,,,,,,,,,,
71.754481,monitor,25712,642926,24984,1,0,0.000000,0.000000,0.000000,0.000000,0,0,172052,164289,-3,-4,-1.314742,-1.113214,2.079111,0.000000,0.000000,-1,,,,,,,,,,,,,,,,
71.771583,monitor,25713,642951,25000,1,0,0.000000,0.000000,0.000000,0.000000,0,0,172052,164289,-3,-4,-1.314742,-1.113214,2.079111,0.000000,0.000000,-1,,,,,,,,,,,,,,,,
71.810667,monitor,25714,642975,24992,1,0,0.000000,0.000000,0.000000,0.000000,0,0,172052,164289,-3,-4,-1.314742,-1.113214,2.079111,0.000000,0.000000,-1,,,,,,,,,,,,,,,,
71.822202,monitor,25715,643001,25004,1,0,0.000000,0.000000,0.000000,0.000000,0,0,172052,164289,-3,-4,-1.314742,-1.113214,2.079111,0.000000,0.000000,-1,,,,,,,,,,,,,,,,
71.858795,monitor,25716,643025,25028,1,0,0.000000,0.000000,0.000000,0.000000,0,0,172052,164289,-3,-4,-1.314742,-1.113214,2.079111,0.000000,0.000000,-1,,,,,,,,,,,,,,,,
71.875028,monitor,25717,643051,24972,1,0,0.000000,0.000000,0.000000,0.000000,0,0,172052,164289,-3,-4,-1.314742,-1.113214,2.079111,0.000000,0.000000,-1,,,,,,,,,,,,,,,,
71.911202,monitor,25718,643076,25024,1,0,0.000000,0.000000,0.000000,0.000000,0,0,172052,164289,-3,-4,-1.314742,-1.113214,2.079111,0.000000,0.000000,-1,,,,,,,,,,,,,,,,
71.928312,monitor,25719,643100,24992,1,0,0.000000,0.000000,0.000000,0.000000,0,0,172052,164289,-3,-4,-1.314742,-1.113214,2.079111,0.000000,0.000000,-1,,,,,,,,,,,,,,,,
71.968575,monitor,25720,643126,24984,1,0,0.000000,0.000000,0.000000,0.000000,0,0,172052,164289,-3,-4,-1.314742,-1.113214,2.079111,0.000000,0.000000,-1,,,,,,,,,,,,,,,,
71.974370,monitor,25721,643150,25024,1,0,0.000000,0.000000,0.000000,0.000000,0,0,172052,164289,-3,-4,-1.314742,-1.113214,2.079111,0.000000,0.000000,-1,,,,,,,,,,,,,,,,
72.017014,monitor,25722,643176,24992,1,0,0.000000,0.000000,0.000000,0.000000,0,0,172052,164289,-3,-4,-1.314742,-1.113214,2.079111,0.000000,0.000000,-1,,,,,,,,,,,,,,,,
72.028346,monitor,25723,643201,24992,1,0,0.000000,0.000000,0.000000,0.000000,0,0,172052,164289,-3,-4,-1.314742,-1.113214,2.079111,0.000000,0.000000,-1,,,,,,,,,,,,,,,,
72.051335,monitor,25724,643225,24992,1,0,0.000000,0.000000,0.000000,0.000000,0,0,172052,164289,-3,-4,-1.314742,-1.113214,2.079111,0.000000,0.000000,-1,,,,,,,,,,,,,,,,
72.076604,monitor,25725,643251,24992,1,0,0.000000,0.000000,0.000000,0.000000,0,0,172052,164289,-3,-4,-1.314742,-1.113214,2.079111,0.000000,0.000000,-1,,,,,,,,,,,,,,,,
72.099533,monitor,25726,643275,25000,1,0,0.000000,0.000000,0.000000,0.000000,0,0,172052,164289,-3,-4,-1.314742,-1.113214,2.079111,0.000000,0.000000,-1,,,,,,,,,,,,,,,,
72.126734,monitor,25727,643301,25028,1,0,0.000000,0.000000,0.000000,0.000000,0,0,172052,164289,-3,-4,-1.314742,-1.113214,2.079111,0.000000,0.000000,-1,,,,,,,,,,,,,,,,
72.155198,monitor,25728,643325,24988,1,0,0.000000,0.000000,0.000000,0.000000,0,0,172052,164289,-3,-4,-1.314742,-1.113214,2.079111,0.000000,0.000000,-1,,,,,,,,,,,,,,,,
72.184608,monitor,25729,643351,25000,1,0,0.000000,0.000000,0.000000,0.000000,0,0,172052,164289,-3,-4,-1.314742,-1.113214,2.079111,0.000000,0.000000,-1,,,,,,,,,,,,,,,,
72.201765,monitor,25730,643376,24996,1,0,0.000000,0.000000,0.000000,0.000000,0,0,172052,164289,-3,-4,-1.314742,-1.113214,2.079111,0.000000,0.000000,-1,,,,,,,,,,,,,,,,
72.236012,monitor,25731,643400,24988,1,0,0.000000,0.000000,0.000000,0.000000,0,0,172052,164289,-3,-4,-1.314742,-1.113214,2.079111,0.000000,0.000000,-1,,,,,,,,,,,,,,,,
72.253152,monitor,25732,643426,25008,1,0,0.000000,0.000000,0.000000,0.000000,0,0,172052,164289,-3,-4,-1.314742,-1.113214,2.079111,0.000000,0.000000,-1,,,,,,,,,,,,,,,,
72.285393,monitor,25733,643450,24992,1,0,0.000000,0.000000,0.000000,0.000000,0,0,172052,164289,-3,-4,-1.314742,-1.113214,2.079111,0.000000,0.000000,-1,,,,,,,,,,,,,,,,
72.302519,monitor,25734,643476,25012,1,0,0.000000,0.000000,0.000000,0.000000,0,0,172052,164289,-3,-4,-1.314742,-1.113214,2.079111,0.000000,0.000000,-1,,,,,,,,,,,,,,,,
72.339389,monitor,25735,643501,25020,1,0,0.000000,0.000000,0.000000,0.000000,0,0,172052,164289,-3,-4,-1.314742,-1.113214,2.079111,0.000000,0.000000,-1,,,,,,,,,,,,,,,,
72.356507,monitor,25736,643526,24976,1,0,0.000000,0.000000,0.000000,0.000000,0,0,172052,164289,-3,-4,-1.314742,-1.113214,2.079111,0.000000,0.000000,-1,,,,,,,,,,,,,,,,
72.396663,monitor,25737,643551,25016,1,0,0.000000,0.000000,0.000000,0.000000,0,0,172052,164289,-3,-4,-1.314742,-1.113214,2.079111,0.000000,0.000000,-1,,,,,,,,,,,,,,,,
72.408160,monitor,25738,643575,24980,1,0,0.000000,0.000000,0.000000,0.000000,0,0,172052,164289,-3,-4,-1.314742,-1.113214,2.079111,0.000000,0.000000,-1,,,,,,,,,,,,,,,,
72.446859,monitor,25739,643601,25020,1,0,0.000000,0.000000,0.000000,0.000000,0,0,172052,164289,-3,-4,-1.314742,-1.113214,2.079111,0.000000,0.000000,-1,,,,,,,,,,,,,,,,
72.458310,monitor,25740,643625,24988,1,0,0.000000,0.000000,0.000000,0.000000,0,0,172052,164289,-3,-4,-1.314742,-1.113214,2.079111,0.000000,0.000000,-1,,,,,,,,,,,,,,,,
72.497587,monitor,25741,643651,25004,1,0,0.000000,0.000000,0.000000,0.000000,0,0,172052,164289,-3,-4,-1.314742,-1.113214,2.079111,0.000000,0.000000,-1,,,,,,,,,,,,,,,,
72.509055,monitor,25742,643676,24996,1,0,0.000000,0.000000,0.000000,0.000000,0,0,172052,164289,-3,-4,-1.314742,-1.113214,2.079111,0.000000,0.000000,-1,,,,,,,,,,,,,,,,
72.547010,monitor,25743,643700,24992,1,0,0.000000,0.000000,0.000000,0.000000,0,0,172052,164289,-3,-4,-1.314742,-1.113214,2.079111,0.000000,0.000000,-1,,,,,,,,,,,,,,,,
72.558516,monitor,25744,643726,25004,1,0,0.000000,0.000000,0.000000,0.000000,0,0,172052,164289,-3,-4,-1.314742,-1.113214,2.079111,0.000000,0.000000,-1,,,,,,,,,,,,,,,,
72.581364,monitor,25745,643750,25016,1,0,0.000000,0.000000,0.000000,0.000000,0,0,172052,164289,-3,-4,-1.314742,-1.113214,2.079111,0.000000,0.000000,-1,,,,,,,,,,,,,,,,
72.608646,monitor,25746,643776,24980,1,0,0.000000,0.000000,0.000000,0.000000,0,0,172052,164289,-3,-4,-1.314742,-1.113214,2.079111,0.000000,0.000000,-1,,,,,,,,,,,,,,,,
72.631449,monitor,25747,643801,25012,1,0,0.000000,0.000000,0.000000,0.000000,0,0,172052,164289,-3,-4,-1.314742,-1.113214,2.079111,0.000000,0.000000,-1,,,,,,,,,,,,,,,,
72.659426,monitor,25748,643825,25012,1,0,0.000000,0.000000,0.000000,0.000000,0,0,172052,164289,-3,-4,-1.314742,-1.113214,2.079111,0.000000,0.000000,-1,,,,,,,,,,,,,,,,
72.682306,monitor,25749,643851,24976,1,0,0.000000,0.000000,0.000000,0.000000,0,0,172052,164289,-3,-4,-1.314742,-1.113214,2.079111,0.000000,0.000000,-1,,,,,,,,,,,,,,,,
72.710116,monitor,25750,643875,25008,1,0,0.000000,0.000000,0.000000,0.000000,0,0,172052,164289,-3,-4,-1.314742,-1.113214,2.079111,0.000000,0.000000,-1,,,,,,,,,,,,,,,,
72.732987,monitor,25751,643901,25004,1,0,0.000000,0.000000,0.000000,0.000000,0,0,172052,164289,-3,-4,-1.314742,-1.113214,2.079111,0.000000,0.000000,-1,,,,,,,,,,,,,,,,
72.760569,monitor,25752,643926,25016,1,0,0.000000,0.000000,0.000000,0.000000,0,0,172052,164289,-3,-4,-1.314742,-1.113214,2.079111,0.000000,0.000000,-1,,,,,,,,,,,,,,,,
72.783332,monitor,25753,643950,24984,1,0,0.000000,0.000000,0.000000,0.000000,0,0,172052,164289,-3,-4,-1.314742,-1.113214,2.079111,0.000000,0.000000,-1,,,,,,,,,,,,,,,,
72.810606,monitor,25754,643976,25000,1,0,0.000000,0.000000,0.000000,0.000000,0,0,172052,164289,-3,-4,-1.314742,-1.113214,2.079111,0.000000,0.000000,-1,,,,,,,,,,,,,,,,
72.854779,monitor,25755,644000,24988,1,0,0.000000,0.000000,0.000000,0.000000,0,0,172052,164289,-3,-4,-1.314742,-1.113214,2.079111,0.000000,0.000000,-1,,,,,,,,,,,,,,,,
72.860545,monitor,25756,644026,25024,1,0,0.000000,0.000000,0.000000,0.000000,0,0,172052,164289,-3,-4,-1.314742,-1.113214,2.079111,0.000000,0.000000,-1,,,,,,,,,,,,,,,,
72.889130,monitor,25757,644050,24976,1,0,0.000000,0.000000,0.000000,0.000000,0,0,172052,164289,-3,-4,-1.314742,-1.113214,2.079111,0.000000,0.000000,-1,,,,,,,,,,,,,,,,
72.911968,monitor,25758,644076,25004,1,0,0.000000,0.000000,0.000000,0.000000,0,0,172052,164289,-3,-4,-1.314742,-1.113214,2.079111,0.000000,0.000000,-1,,,,,,,,,,,,,,,,
72.934816,monitor,25759,644101,25012,1,0,0.000000,0.000000,0.000000,0.000000,0,0,172052,164289,-3,-4,-1.314742,-1.113214,2.079111,0.000000,0.000000,-1,,,,,,,,,,,,,,,,
72.960522,monitor,25760,644125,24988,1,0,0.000000,0.000000,0.000000,0.000000,0,0,172052,164289,-3,-4,-1.314742,-1.113214,2.079111,0.000000,0.000000,-1,,,,,,,,,,,,,,,,
72.989073,monitor,25761,644151,25016,1,0,0.000000,0.000000,0.000000,0.000000,0,0,172052,164289,-3,-4,-1.314742,-1.113214,2.079111,0.000000,0.000000,-1,,,,,,,,,,,,,,,,
73.016060,monitor,25762,644175,24976,1,0,0.000000,0.000000,0.000000,0.000000,0,0,172052,164289,-3,-4,-1.314742,-1.113214,2.079111,0.000000,0.000000,-1,,,,,,,,,,,,,,,,
73.038873,monitor,25763,644201,25004,1,0,0.000000,0.000000,0.000000,0.000000,0,0,172052,164289,-3,-4,-1.314742,-1.113214,2.079111,0.000000,0.000000,-1,,,,,,,,,,,,,,,,
73.071726,monitor,25764,644226,24996,1,0,0.000000,0.000000,0.000000,0.000000,0,0,172052,164289,-3,-4,-1.314742,-1.113214,2.079111,0.000000,0.000000,-1,,,,,,,,,,,,,,,,
73.088302,monitor,25765,644250,25004,1,0,0.000000,0.000000,0.000000,0.000000,0,0,172052,164289,-3,-4,-1.314742,-1.113214,2.079111,0.000000,0.000000,-1,,,,,,,,,,,,,,,,
73.127040,monitor,25766,644276,25020,1,0,0.000000,0.000000,0.000000,0.000000,0,0,172052,164289,-3,-4,-1.314742,-1.113214,2.079111,0.000000,0.000000,-1,,,,,,,,,,,,,,,,
73.138550,monitor,25767,644300,24988,1,0,0.000000,0.000000,0.000000,0.000000,0,0,172052,164289,-3,-4,-1.314742,-1.113214,2.079111,0.000000,0.000000,-1,,,,,,,,,,,,,,,,
73.178678,monitor,25768,644326,24996,1,0,0.000000,0.000000,0.000000,0.000000,0,0,172052,164289,-3,-4,-1.314742,-1.113214,2.079111,0.000000,0.000000,-1,,,,,,,,,,,,,,,,
73.201570,monitor,25769,644350,25008,1,0,0.000000,0.000000,0.000000,0.000000,0,0,172052,164289,-3,-4,-1.314742,-1.113214,2.079111,0.000000,0.000000,-1,,,,,,,,,,,,,,,,
73.229455,monitor,25770,644376,25008,1,0,0.000000,0.000000,0.000000,0.000000,0,0,172052,164289,-3,-4,-1.314742,-1.113214,2.079111,0.000000,0.000000,-1,,,,,,,,,,,,,,,,
73.240857,monitor,25771,644401,25004,1,0,0.000000,0.000000,0.000000,0.000000,0,0,172052,164289,-3,-4,-1.314742,-1.113214,2.079111,0.000000,0.000000,-1,,,,,,,,,,,,,,,,
73.279797,monitor,25772,644425,24980,1,0,0.000000,0.000000,0.000000,0.000000,0,0,172052,164289,-3,-4,-1.314742,-1.113214,2.079111,0.000000,0.000000,-1,,,,,,,,,,,,,,,,
73.290762,monitor,25773,644451,25012,1,0,0.000000,0.000000,0.000000,0.000000,0,0,172052,164289,-3,-4,-1.314742,-1.113214,2.079111,0.000000,0.000000,-1,,,,,,,,,,,,,,,,
73.313623,monitor,25774,644475,24984,1,0,0.000000,0.000000,0.000000,0.000000,0,0,172052,164289,-3,-4,-1.314742,-1.113214,2.079111,0.000000,0.000000,-1,,,,,,,,,,,,,,,,
73.341660,monitor,25775,644501,25000,1,0,0.000000,0.000000,0.000000,0.000000,0,0,172052,164289,-3,-4,-1.314742,-1.113214,2.079111,0.000000,0.000000,-1,,,,,,,,,,,,,,,,
73.364271,monitor,25776,644526,25000,1,0,0.000000,0.000000,0.000000,0.000000,0,0,172052,164289,-3,-4,-1.314742,-1.113214,2.079111,0.000000,0.000000,-1,,,,,,,,,,,,,,,,
73.391070,monitor,25777,644550,25008,1,0,0.000000,0.000000,0.000000,0.000000,0,0,172052,164289,-3,-4,-1.314742,-1.113214,2.079111,0.000000,0.000000,-1,,,,,,,,,,,,,,,,
73.419515,monitor,25778,644576,24996,1,0,0.000000,0.000000,0.000000,0.000000,0,0,172052,164289,-3,-4,-1.314742,-1.113214,2.079111,0.000000,0.000000,-1,,,,,,,,,,,,,,,,
73.440245,monitor,25779,644600,24992,1,0,0.000000,0.000000,0.000000,0.000000,0,0,172052,164289,-3,-4,-1.314742,-1.113214,2.079111,0.000000,0.000000,-1,,,,,,,,,,,,,,,,
73.468609,monitor,25780,644626,25000,1,0,0.000000,0.000000,0.000000,0.000000,0,0,172052,164289,-3,-4,-1.314742,-1.113214,2.079111,0.000000,0.000000,-1,,,,,,,,,,,,,,,,
73.495907,monitor,25781,644651,25000,1,0,0.000000,0.000000,0.000000,0.000000,0,0,172052,164289,-3,-4,-1.314742,-1.113214,2.079111,0.000000,0.000000,-1,,,,,,,,,,,,,,,,
73.518759,monitor,25782,644676,25020,1,0,0.000000,0.000000,0.000000,0.000000,0,0,172052,164289,-3,-4,-1.314742,-1.113214,2.079111,0.000000,0.000000,-1,,,,,,,,,,,,,,,,
73.545102,monitor,25783,644701,25004,1,0,0.000000,0.000000,0.000000,0.000000,0,0,172052,164289,-3,-4,-1.314742,-1.113214,2.079111,0.000000,0.000000,-1,,,,,,,,,,,,,,,,
73.568048,monitor,25784,644725,24984,1,0,0.000000,0.000000,0.000000,0.000000,0,0,172052,164289,-3,-4,-1.314742,-1.113214,2.079111,0.000000,0.000000,-1,,,,,,,,,,,,,,,,
73.600654,monitor,25785,644751,25008,1,0,0.000000,0.000000,0.000000,0.000000,0,0,172052,164289,-3,-4,-1.314742,-1.113214,2.079111,0.000000,0.000000,-1,,,,,,,,,,,,,,,,
73.617762,monitor,25786,644775,24988,1,0,0.000000,0.000000,0.000000,0.000000,0,0,172052,164289,-3,-4,-1.314742,-1.113214,2.079111,0.000000,0.000000,-1,,,,,,,,,,,,,,,,
73.657240,monitor,25787,644801,25000,1,0,0.000000,0.000000,0.000000,0.000000,0,0,172052,164289,-3,-4,-1.314742,-1.113214,2.079111,0.000000,0.000000,-1,,,,,,,,,,,,,,,,
73.668729,monitor,25788,644826,24996,1,0,0.000000,0.000000,0.000000,0.000000,0,0,172052,164289,-3,-4,-1.314742,-1.113214,2.079111,0.000000,0.000000,-1,,,,,,,,,,,,,,,,
73.704682,monitor,25789,644850,25000,1,0,0.000000,0.000000,0.000000,0.000000,0,0,172052,164289,-3,-4,-1.314742,-1.113214,2.079111,0.000000,0.000000,-1,,,,,,,,,,,,,,,,
73.721997,monitor,25790,644876,25040,1,0,0.000000,0.000000,0.000000,0.000000,0,0,172052,164289,-3,-4,-1.314742,-1.113214,2.079111,0.000000,0.000000,-1,,,,,,,,,,,,,,,,
73.762077,monitor,25791,644900,24980,1,0,0.000000,0.000000,0.000000,0.000000,0,0,172052,164289,-3,-4,-1.314742,-1.113214,2.079111,0.000000,0.000000,-1,,,,,,,,,,,,,,,,
73.773614,monitor,25792,644926,24980,1,0,0.000000,0.000000,0.000000,0.000000,0,0,172052,164289,-3,-4,-1.314742,-1.113214,2.079111,0.000000,0.000000,-1,,,,,,,,,,,,,,,,
73.811612,monitor,25793,644951,25028,1,0,0.000000,0.000000,0.000000,0.000000,0,0,172052,164289,-3,-4,-1.314742,-1.113214,2.079111,0.000000,0.000000,-1,,,,,,,,,,,,,,,,
73.823146,monitor,25794,644975,24992,1,0,0.000000,0.000000,0.000000,0.000000,0,0,172052,164289,-3,-4,-1.314742,-1.113214,2.079111,0.000000,0.000000,-1,,,,,,,,,,,,,,,,
73.845467,monitor,25795,645001,24988,1,0,0.000000,0.000000,0.000000,0.000000,0,0,172052,164289,-3,-4,-1.314742,-1.113214,2.079111,0.000000,0.000000,-1,,,,,,,,,,,,,,,,
73.873287,monitor,25796,645025,25000,1,0,0.000000,0.000000,0.000000,0.000000,0,0,172052,164289,-3,-4,-1.314742,-1.113214,2.079111,0.000000,0.000000,-1,,,,,,,,,,,,,,,,
73.896129,monitor,25797,645051,25020,1,0,0.000000,0.000000,0.000000,0.000000,0,0,172052,164289,-3,-4,-1.314742,-1.113214,2.079111,0.000000,0.000000,-1,,,,,,,,,,,,,,,,
73.923617,monitor,25798,645075,24996,1,0,0.000000,0.000000,0.000000,0.000000,0,0,172052,164289,-3,-4,-1.314742,-1.113214,2.079111,0.000000,0.000000,-1,,,,,,,,,,,,,,,,
73.946638,monitor,25799,645101,25000,1,0,0.000000,0.000000,0.000000,0.000000,0,0,172052,164289,-3,-4,-1.314742,-1.113214,2.079111,0.000000,0.000000,-1,,,,,,,,,,,,,,,,
73.971190,monitor,25800,645126,24992,1,0,0.000000,0.000000,0.000000,0.000000,0,0,172052,164289,-3,-4,-1.314742,-1.113214,2.079111,0.000000,0.000000,-1,,,,,,,,,,,,,,,,
73.999744,monitor,25801,645150,25004,1,0,0.000000,0.000000,0.000000,0.000000,0,0,172052,164289,-3,-4,-1.314742,-1.113214,2.079111,0.000000,0.000000,-1,,,,,,,,,,,,,,,,
74.023255,monitor,25802,645176,24980,1,0,0.000000,0.000000,0.000000,0.000000,0,0,172052,164289,-3,-4,-1.314742,-1.113214,2.079111,0.000000,0.000000,-1,,,,,,,,,,,,,,,,
74.051833,monitor,25803,645200,25008,1,0,0.000000,0.000000,0.000000,0.000000,0,0,172052,164289,-3,-4,-1.314742,-1.113214,2.079111,0.000000,0.000000,-1,,,,,,,,,,,,,,,,
74.075779,monitor,25804,645226,25004,1,0,0.000000,0.000000,0.000000,0.000000,0,0,172052,164289,-3,-4,-1.314742,-1.113214,2.079111,0.000000,0.000000,-1,,,,,,,,,,,,,,,,
74.098694,monitor,25805,645251,25020,1,0,0.000000,0.000000,0.000000,0.000000,0,0,172052,164289,-3,-4,-1.314742,-1.113214,2.079111,0.000000,0.000000,-1,,,,,,,,,,,,,,,,
74.123044,monitor,25806,645275,24992,1,0,0.000000,0.000000,0.000000,0.000000,0,0,172052,164289,-3,-4,-1.314742,-1.113214,2.079111,0.000000,0.000000,-1,,,,,,,,,,,,,,,,
74.151618,monitor,25807,645301,24992,1,0,0.000000,0.000000,0.000000,0.000000,0,0,172052,164289,-3,-4,-1.314742,-1.113214,2.079111,0.000000,0.000000,-1,,,,,,,,,,,,,,,,
74.178676,monitor,25808,645325,25004,1,0,0.000000,0.000000,0.000000,0.000000,0,0,172052,164289,-3,-4,-1.314742,-1.113214,2.079111,0.000000,0.000000,-1,,,,,,,,,,,,,,,,
74.201549,monitor,25809,645351,24992,1,0,0.000000,0.000000,0.000000,0.000000,0,0,172052,164289,-3,-4,-1.314742,-1.113214,2.079111,0.000000,0.000000,-1,,,,,,,,,,,,,,,,
74.233833,monitor,25810,645376,24996,1,0,0.000000,0.000000,0.000000,0.000000,0,0,172052,164289,-3,-4,-1.314742,-1.113214,2.079111,0.000000,0.000000,-1,,,,,,,,,,,,,,,,
74.250816,monitor,25811,645401,25004,1,0,0.000000,0.000000,0.000000,0.000000,0,0,172052,164289,-3,-4,-1.314742,-1.113214,2.079111,0.000000,0.000000,-1,,,,,,,,,,,,,,,,
74.286574,monitor,25812,645426,25016,1,0,0.000000,0.000000,0.000000,0.000000,0,0,172052,164289,-3,-4,-1.314742,-1.113214,2.079111,0.000000,0.000000,-1,,,,,,,,,,,,,,,,
74.304032,monitor,25813,645450,25004,1,0,0.000000,0.000000,0.000000,0.000000,0,0,172052,164289,-3,-4,-1.314742,-1.113214,2.079111,0.000000,0.000000,-1,,,,,,,,,,,,,,,,
74.339196,monitor,25814,645476,24976,1,0,0.000000,0.000000,0.000000,0.000000,0,0,172052,164289,-3,-4,-1.314742,-1.113214,2.079111,0.000000,0.000000,-1,,,,,,,,,,,,,,,,
74.350644,monitor,25815,645500,25008,1,0,0.000000,0.000000,0.000000,0.000000,0,0,172052,164289,-3,-4,-1.314742,-1.113214,2.079111,0.000000,0.000000,-1,,,,,,,,,,,,,,,,
74.394436,monitor,25816,645526,24984,1,0,0.000000,0.000000,0.000000,0.000000,0,0,172052,164289,-3,-4,-1.314742,-1.113214,2.079111,0.000000,0.000000,-1,,,,,,,,,,,,,,,,
74.405866,monitor,25817,645551,25000,1,0,0.000000,0.000000,0.000000,0.000000,0,0,172052,164289,-3,-4,-1.314742,-1.113214,2.079111,0.000000,0.000000,-1,,,,,,,,,,,,,,,,
74.428465,monitor,25818,645575,25004,1,0,0.000000,0.000000,0.000000,0.000000,0,0,172052,164289,-3,-4,-1.314742,-1.113214,2.079111,0.000000,0.000000,-1,,,,,,,,,,,,,,,,
74.454413,monitor,25819,645601,25012,1,0,0.000000,0.000000,0.000000,0.000000,0,0,172052,164289,-3,-4,-1.314742,-1.113214,2.079111,0.000000,0.000000,-1,,,,,,,,,,,,,,,,
74.477193,monitor,25820,645625,25008,1,0,0.000000,0.000000,0.000000,0.000000,0,0,172052,164289,-3,-4,-1.314742,-1.113214,2.079111,0.000000,0.000000,-1,,,,,,,,,,,,,,,,
74.504001,monitor,25821,645651,24984,1,0,0.000000,0.000000,0.000000,0.000000,0,0,172052,164289,-3,-4,-1.314742,-1.113214,2.079111,0.000000,0.000000,-1,,,,,,,,,,,,,,,,
74.532722,monitor,25822,645676,25000,1,0,0.000000,0.000000,0.000000,0.000000,0,0,172052,164289,-3,-4,-1.314742,-1.113214,2.079111,0.000000,0.000000,-1,,,,,,,,,,,,,,,,
74.557580,monitor,25823,645700,25008,1,0,0.000000,0.000000,0.000000,0.000000,0,0,172052,164289,-3,-4,-1.314742,-1.113214,2.079111,0.000000,0.000000,-1,,,,,,,,,,,,,,,,
74.580489,monitor,25824,645726,25008,1,0,0.000000,0.000000,0.000000,0.000000,0,0,172052,164289,-3,-4,-1.314742,-1.113214,2.079111,0.000000,0.000000,-1,,,,,,,,,,,,,,,,
74.612577,monitor,25825,645750,24980,1,0,0.000000,0.000000,0.000000,0.000000,0,0,172052,164289,-3,-4,-1.314742,-1.113214,2.079111,0.000000,0.000000,-1,,,,,,,,,,,,,,,,
74.629708,monitor,25826,645776,25016,1,0,0.000000,0.000000,0.000000,0.000000,0,0,172052,164289,-3,-4,-1.314742,-1.113214,2.079111,0.000000,0.000000,-1,,,,,,,,,,,,,,,,
74.667518,monitor,25827,645800,25008,1,0,0.000000,0.000000,0.000000,0.000000,0,0,172052,164289,-3,-4,-1.314742,-1.113214,2.079111,0.000000,0.000000,-1,,,,,,,,,,,,,,,,
74.683671,monitor,25828,645826,24980,1,0,0.000000,0.000000,0.000000,0.000000,0,0,172052,164289,-3,-4,-1.314742,-1.113214,2.079111,0.000000,0.000000,-1,,,,,,,,,,,,,,,,
74.720659,monitor,25829,645851,25000,1,0,0.000000,0.000000,0.000000,0.000000,0,0,172052,164289,-3,-4,-1.314742,-1.113214,2.079111,0.000000,0.000000,-1,,,,,,,,,,,,,,,,
74.732062,monitor,25830,645875,25012,1,0,0.000000,0.000000,0.000000,0.000000,0,0,172052,164289,-3,-4,-1.314742,-1.113214,2.079111,0.000000,0.000000,-1,,,,,,,,,,,,,,,,
74.774034,monitor,25831,645901,25008,1,0,0.000000,0.000000,0.000000,0.000000,0,0,172052,164289,-3,-4,-1.314742,-1.113214,2.079111,0.000000,0.000000,-1,,,,,,,,,,,,,,,,
74.785465,monitor,25832,645925,24988,1,0,0.000000,0.000000,0.000000,0.000000,0,0,172052,164289,-3,-4,-1.314742,-1.113214,2.079111,0.000000,0.000000,-1,,,,,,,,,,,,,,,,
74.808341,monitor,25833,645951,25008,1,0,0.000000,0.000000,0.000000,0.000000,0,0,172052,164289,-3,-4,-1.314742,-1.113214,2.079111,0.000000,0.000000,-1,,,,,,,,,,,,,,,,
74.834647,monitor,25834,645976,24980,1,0,0.000000,0.000000,0.000000,0.000000,0,0,172052,164289,-3,-4,-1.314742,-1.113214,2.079111,0.000000,0.000000,-1,,,,,,,,,,,,,,,,
74.857527,monitor,25835,646000,25004,1,0,0.000000,0.000000,0.000000,0.000000,0,0,172052,164289,-3,-4,-1.314742,-1.113214,2.079111,0.000000,0.000000,-1,,,,,,,,,,,,,,,,
74.884679,monitor,25836,646026,25000,1,0,0.000000,0.000000,0.000000,0.000000,0,0,172052,164289,-3,-4,-1.314742,-1.113214,2.079111,0.000000,0.000000,-1,,,,,,,,,,,,,,,,
74.912901,monitor,25837,646050,24996,1,0,0.000000,0.000000,0.000000,0.000000,0,0,172052,164289,-3,-4,-1.314742,-1.113214,2.079111,0.000000,0.000000,-1,,,,,,,,,,,,,,,,
74.938220,monitor,25838,646076,25016,1,0,0.000000,0.000000,0.000000,0.000000,0,0,172052,164289,-3,-4,-1.314742,-1.113214,2.079111,0.000000,0.000000,-1,,,,,,,,,,,,,,,,
74.960520,monitor,25839,646100,24996,1,0,0.000000,0.000000,0.000000,0.000000,0,0,172052,164289,-3,-4,-1.314742,-1.113214,2.079111,0.000000,0.000000,-1,,,,,,,,,,,,,,,,
74.991339,monitor,25840,646126,24984,1,0,0.000000,0.000000,0.000000,0.000000,0,0,172052,164289,-3,-4,-1.314742,-1.113214,2.079111,0.000000,0.000000,-1,,,,,,,,,,,,,,,,
75.008473,monitor,25841,646151,25008,1,0,0.000000,0.000000,0.000000,0.000000,0,0,172052,164289,-3,-4,-1.314742,-1.113214,2.079111,0.000000,0.000000,-1,,,,,,,,,,,,,,,,
75.050930,monitor,25842,646175,25016,1,0,0.000000,0.000000,0.000000,0.000000,0,0,172052,164289,-3,-4,-1.314742,-1.113214,2.079111,0.000000,0.000000,-1,,,,,,,,,,,,,,,,
75.062633,monitor,25843,646201,25004,1,0,0.000000,0.000000,0.000000,0.000000,0,0,172052,164289,-3,-4,-1.314742,-1.113214,2.079111,0.000000,0.000000,-1,,,,,,,,,,,,,,,,
75.100137,monitor,25844,646225,24992,1,0,0.000000,0.000000,0.000000,0.000000,0,0,172052,164289,-3,-4,-1.314742,-1.113214,2.079111,0.000000,0.000000,-1,,,,,,,,,,,,,,,,
75.111471,monitor,25845,646251,24980,1,0,0.000000,0.000000,0.000000,0.000000,0,0,172052,164289,-3,-4,-1.314742,-1.113214,2.079111,0.000000,0.000000,-1,,,,,,,,,,,,,,,,
75.134482,monitor,25846,646276,25012,1,0,0.000000,0.000000,0.000000,0.000000,0,0,172052,164289,-3,-4,-1.314742,-1.113214,2.079111,0.000000,0.000000,-1,,,,,,,,,,,,,,,,
75.160467,monitor,25847,646300,25000,1,0,0.000000,0.000000,0.000000,0.000000,0,0,172052,164289,-3,-4,-1.314742,-1.113214,2.079111,0.000000,0.000000,-1,,,,,,,,,,,,,,,,
75.189170,monitor,25848,646326,24988,1,0,0.000000,0.000000,0.000000,0.000000,0,0,172052,164289,-3,-4,-1.314742,-1.113214,2.079111,0.000000,0.000000,-1,,,,,,,,,,,,,,,,
75.215099,monitor,25849,646350,25020,1,0,0.000000,0.000000,0.000000,0.000000,0,0,172052,164289,-3,-4,-1.314742,-1.113214,2.079111,0.000000,0.000000,-1,,,,,,,,,,,,,,,,
75.237901,monitor,25850,646376,25000,1,0,0.000000,0.000000,0.000000,0.000000,0,0,172052,164289,-3,-4,-1.314742,-1.113214,2.079111,0.000000,0.000000,-1,,,,,,,,,,,,,,,,
75.267172,monitor,25851,646401,24996,1,0,0.000000,0.000000,0.000000,0.000000,0,0,172052,164289,-3,-4,-1.314742,-1.113214,2.079111,0.000000,0.000000,-1,,,,,,,,,,,,,,,,
75.289620,monitor,25852,646425,25000,1,0,0.000000,0.000000,0.000000,0.000000,0,0,172052,164289,-3,-4,-1.314742,-1.113214,2.079111,0.000000,0.000000,-1,,,,,,,,,,,,,,,,
75.314207,monitor,25853,646451,25004,1,0,0.000000,0.000000,0.000000,0.000000,0,0,172052,164289,-3,-4,-1.314742,-1.113214,2.079111,0.000000,0.000000,-1,,,,,,,,,,,,,,,,
75.337025,monitor,25854,646475,24980,1,0,0.000000,0.000000,0.000000,0.000000,0,0,172052,164289,-3,-4,-1.314742,-1.113214,2.079111,0.000000,0.000000,-1,,,,,,,,,,,,,,,,
75.369234,monitor,25855,646501,25020,1,0,0.000000,0.000000,0.000000,0.000000,0,0,172052,164289,-3,-4,-1.314742,-1.113214,2.079111,0.000000,0.000000,-1,,,,,,,,,,,,,,,,
75.392096,monitor,25856,646525,24992,1,0,0.000000,0.000000,0.000000,0.000000,0,0,172052,164289,-3,-4,-1.314742,-1.113214,2.079111,0.000000,0.000000,-1,,,,,,,,,,,,,,,,
75.423855,monitor,25857,646551,25000,1,0,0.000000,0.000000,0.000000,0.000000,0,0,172052,164289,-3,-4,-1.314742,-1.113214,2.079111,0.000000,0.000000,-1,,,,,,,,,,,,,,,,
75.440974,monitor,25858,646576,25000,1,0,0.000000,0.000000,0.000000,0.000000,0,0,172052,164289,-3,-4,-1.314742,-1.113214,2.079111,0.000000,0.000000,-1,,,,,,,,,,,,,,,,
75.479526,monitor,25859,646600,25016,1,0,0.000000,0.000000,0.000000,0.000000,0,0,172052,164289,-3,-4,-1.314742,-1.113214,2.079111,0.000000,0.000000,-1,,,,,,,,,,,,,,,,
75.491050,monitor,25860,646626,24972,1,0,0.000000,0.000000,0.000000,0.000000,0,0,172052,164289,-3,-4,-1.314742,-1.113214,2.079111,0.000000,0.000000,-1,,,,,,,,,,,,,,,,
75.526966,monitor,25861,646650,25004,1,0,0.000000,0.000000,0.000000,0.000000,0,0,172052,164289,-3,-4,-1.314742,-1.113214,2.079111,0.000000,0.000000,-1,,,,,,,,,,,,,,,,
75.544183,monitor,25862,646676,25024,1,0,0.000000,0.000000,0.000000,0.000000,0,0,172052,164289,-3,-4,-1.314742,-1.113214,2.079111,0.000000,0.000000,-1,,,,,,,,,,,,,,,,
75.580984,monitor,25863,646701,24976,1,0,0.000000,0.000000,0.000000,0.000000,0,0,172052,164289,-3,-4,-1.314742,-1.113214,2.079111,0.000000,0.000000,-1,,,,,,,,,,,,,,,,
75.592169,monitor,25864,646725,25024,1,0,0.000000,0.000000,0.000000,0.000000,0,0,172052,164289,-3,-4,-1.314742,-1.113214,2.079111,0.000000,0.000000,-1,,,,,,,,,,,,,,,,
75.634576,monitor,25865,646751,24972,1,0,0.000000,0.000000,0.000000,0.000000,0,0,172052,164289,-3,-4,-1.314742,-1.113214,2.079111,0.000000,0.000000,-1,,,,,,,,,,,,,,,,
75.640355,monitor,25866,646775,25016,1,0,0.000000,0.000000,0.000000,0.000000,0,0,172052,164289,-3,-4,-1.314742,-1.113214,2.079111,0.000000,0.000000,-1,,,,,,,,,,,,,,,,
75.669019,monitor,25867,646801,25004,1,0,0.000000,0.000000,0.000000,0.000000,0,0,172052,164289,-3,-4,-1.314742,-1.113214,2.079111,0.000000,0.000000,-1,,,,,,,,,,,,,,,,
75.695475,monitor,25868,646825,25004,1,0,0.000000,0.000000,0.000000,0.000000,0,0,172052,164289,-3,-4,-1.314742,-1.113214,2.079111,0.000000,0.000000,-1,,,,,,,,,,,,,,,,
75.718374,monitor,25869,646851,25004,1,0,0.000000,0.000000,0.000000,0.000000,0,0,172052,164289,-3,-4,-1.314742,-1.113214,2.079111,0.000000,0.000000,-1,,,,,,,,,,,,,,,,
75.746334,monitor,25870,646876,24992,1,0,0.000000,0.000000,0.000000,0.000000,0,0,172052,164289,-3,-4,-1.314742,-1.113214,2.079111,0.000000,0.000000,-1,,,,,,,,,,,,,,,,
75.769257,monitor,25871,646900,24996,1,0,0.000000,0.000000,0.000000,0.000000,0,0,172052,164289,-3,-4,-1.314742,-1.113214,2.079111,0.000000,0.000000,-1,,,,,,,,,,,,,,,,
75.796581,monitor,25872,646926,24996,1,0,0.000000,0.000000,0.000000,0.000000,0,0,172052,164289,-3,-4,-1.314742,-1.113214,2.079111,0.000000,0.000000,-1,,,,,,,,,,,,,,,,
75.819232,monitor,25873,646950,24996,1,0,0.000000,0.000000,0.000000,0.000000,0,0,172052,164289,-3,-4,-1.314742,-1.113214,2.079111,0.000000,0.000000,-1,,,,,,,,,,,,,,,,
75.850459,monitor,25874,646976,25012,1,0,0.000000,0.000000,0.000000,0.000000,0,0,172052,164289,-3,-4,-1.314742,-1.113214,2.079111,0.000000,0.000000,-1,,,,,,,,,,,,,,,,
75.867574,monitor,25875,647001,25000,1,0,0.000000,0.000000,0.000000,0.000000,0,0,172052,164289,-3,-4,-1.314742,-1.113214,2.079111,0.000000,0.000000,-1,,,,,,,,,,,,,,,,
75.904641,monitor,25876,647025,25000,1,0,0.000000,0.000000,0.000000,0.000000,0,0,172052,164289,-3,-4,-1.314742,-1.113214,2.079111,0.000000,0.000000,-1,,,,,,,,,,,,,,,,
75.921809,monitor,25877,647051,25000,1,0,0.000000,0.000000,0.000000,0.000000,0,0,172052,164289,-3,-4,-1.314742,-1.113214,2.079111,0.000000,0.000000,-1,,,,,,,,,,,,,,,,
75.958638,monitor,25878,647075,24992,1,0,0.000000,0.000000,0.000000,0.000000,0,0,172052,164289,-3,-4,-1.314742,-1.113214,2.079111,0.000000,0.000000,-1,,,,,,,,,,,,,,,,
75.970124,monitor,25879,647101,25020,1,0,0.000000,0.000000,0.000000,0.000000,0,0,172052,164289,-3,-4,-1.314742,-1.113214,2.079111,0.000000,0.000000,-1,,,,,,,,,,,,,,,,
76.014041,monitor,25880,647126,24988,1,0,0.000000,0.000000,0.000000,0.000000,0,0,172052,164289,-3,-4,-1.314742,-1.113214,2.079111,0.000000,0.000000,-1,,,,,,,,,,,,,,,,
76.019801,monitor,25881,647150,24988,1,0,0.000000,0.000000,0.000000,0.000000,0,0,172052,164289,-3,-4,-1.314742,-1.113214,2.079111,0.000000,0.000000,-1,,,,,,,,,,,,,,,,
76.048188,monitor,25882,647176,25000,1,0,0.000000,0.000000,0.000000,0.000000,0,0,172052,164289,-3,-4,-1.314742,-1.113214,2.079111,0.000000,0.000000,-1,,,,,,,,,,,,,,,,
76.071230,monitor,25883,647200,24992,1,0,0.000000,0.000000,0.000000,0.000000,0,0,172052,164289,-3,-4,-1.314742,-1.113214,2.079111,0.000000,0.000000,-1,,,,,,,,,,,,,,,,
76.099867,monitor,25884,647226,25008,1,0,0.000000,0.000000,0.000000,0.000000,0,0,172052,164289,-3,-4,-1.314742,-1.113214,2.079111,0.000000,0.000000,-1,,,,,,,,,,,,,,,,
76.120223,monitor,25885,647250,25008,1,0,0.000000,0.000000,0.000000,0.000000,0,0,172052,164289,-3,-4,-1.314742,-1.113214,2.079111,0.000000,0.000000,-1,,,,,,,,,,,,,,,,
76.148684,monitor,25886,647276,25008,1,0,0.000000,0.000000,0.000000,0.000000,0,0,172052,164289,-3,-4,-1.314742,-1.113214,2.079111,0.000000,0.000000,-1,,,,,,,,,,,,,,,,
76.174823,monitor,25887,647301,24976,1,0,0.000000,0.000000,0.000000,0.000000,0,0,172052,164289,-3,-4,-1.314742,-1.113214,2.079111,0.000000,0.000000,-1,,,,,,,,,,,,,,,,
76.197590,monitor,25888,647325,25024,1,0,0.000000,0.000000,0.000000,0.000000,0,0,172052,164289,-3,-4,-1.314742,-1.113214,2.079111,0.000000,0.000000,-1,,,,,,,,,,,,,,,,
76.228835,monitor,25889,647351,24988,1,0,0.000000,0.000000,0.000000,0.000000,0,0,172052,164289,-3,-4,-1.314742,-1.113214,2.079111,0.000000,0.000000,-1,,,,,,,,,,,,,,,,
76.251676,monitor,25890,647375,24992,1,0,0.000000,0.000000,0.000000,0.000000,0,0,172052,164289,-3,-4,-1.314742,-1.113214,2.079111,0.000000,0.000000,-1,,,,,,,,,,,,,,,,
76.282376,monitor,25891,647401,25008,1,0,0.000000,0.000000,0.000000,0.000000,0,0,172052,164289,-3,-4,-1.314742,-1.113214,2.079111,0.000000,0.000000,-1,,,,,,,,,,,,,,,,
76.299450,monitor,25892,647426,24992,1,0,0.000000,0.000000,0.000000,0.000000,0,0,172052,164289,-3,-4,-1.314742,-1.113214,2.079111,0.000000,0.000000,-1,,,,,,,,,,,,,,,,
76.335396,monitor,25893,647450,25004,1,0,0.000000,0.000000,0.000000,0.000000,0,0,172052,164289,-3,-4,-1.314742,-1.113214,2.079111,0.000000,0.000000,-1,,,,,,,,,,,,,,,,
76.351641,monitor,25894,647476,25004,1,0,0.000000,0.000000,0.000000,0.000000,0,0,172052,164289,-3,-4,-1.314742,-1.113214,2.079111,0.000000,0.000000,-1,,,,,,,,,,,,,,,,
76.386435,monitor,25895,647500,25000,1,0,0.000000,0.000000,0.000000,0.000000,0,0,172052,164289,-3,-4,-1.314742,-1.113214,2.079111,0.000000,0.000000,-1,,,,,,,,,,,,,,,,
76.403105,monitor,25896,647526,25020,1,0,0.000000,0.000000,0.000000,0.000000,0,0,172052,164289,-3,-4,-1.314742,-1.113214,2.079111,0.000000,0.000000,-1,,,,,,,,,,,,,,,,
76.438682,monitor,25897,647550,24972,1,0,0.000000,0.000000,0.000000,0.000000,0,0,172052,164289,-3,-4,-1.314742,-1.113214,2.079111,0.000000,0.000000,-1,,,,,,,,,,,,,,,,
76.450089,monitor,25898,647576,25016,1,0,0.000000,0.000000,0.000000,0.000000,0,0,172052,164289,-3,-4,-1.314742,-1.113214,2.079111,0.000000,0.000000,-1,,,,,,,,,,,,,,,,
76.491310,monitor,25899,647601,24988,1,0,0.000000,0.000000,0.000000,0.000000,0,0,172052,164289,-3,-4,-1.314742,-1.113214,2.079111,0.000000,0.000000,-1,,,,,,,,,,,,,,,,
76.502776,monitor,25900,647625,24992,1,0,0.000000,0.000000,0.000000,0.000000,0,0,172052,164289,-3,-4,-1.314742,-1.113214,2.079111,0.000000,0.000000,-1,,,,,,,,,,,,,,,,
76.525682,monitor,25901,647651,25024,1,0,0.000000,0.000000,0.000000,0.000000,0,0,172052,164289,-3,-4,-1.314742,-1.113214,2.079111,0.000000,0.000000,-1,,,,,,,,,,,,,,,,
76.555579,monitor,25902,647675,24988,1,0,0.000000,0.000000,0.000000,0.000000,0,0,172052,164289,-3,-4,-1.314742,-1.113214,2.079111,0.000000,0.000000,-1,,,,,,,,,,,,,,,,
76.578501,monitor,25903,647701,24988,1,0,0.000000,0.000000,0.000000,0.000000,0,0,172052,164289,-3,-4,-1.314742,-1.113214,2.079111,0.000000,0.000000,-1,,,,,,,,,,,,,,,,
76.602657,monitor,25904,647726,25024,1,0,0.000000,0.000000,0.000000,0.000000,0,0,172052,164289,-3,-4,-1.314742,-1.113214,2.079111,0.000000,0.000000,-1,,,,,,,,,,,,,,,,
76.631238,monitor,25905,647750,24976,1,0,0.000000,0.000000,0.000000,0.000000,0,0,172052,164289,-3,-4,-1.314742,-1.113214,2.079111,0.000000,0.000000,-1,,,,,,,,,,,,,,,,
76.656256,monitor,25906,647776,25016,1,0,0.000000,0.000000,0.000000,0.000000,0,0,172052,164289,-3,-4,-1.314742,-1.113214,2.079111,0.000000,0.000000,-1,,,,,,,,,,,,,,,,
76.679074,monitor,25907,647800,24992,1,0,0.000000,0.000000,0.000000,0.000000,0,0,172052,164289,-3,-4,-1.314742,-1.113214,2.079111,0.000000,0.000000,-1,,,,,,,,,,,,,,,,
76.702503,monitor,25908,647826,24996,1,0,0.000000,0.000000,0.000000,0.000000,0,0,172052,164289,-3,-4,-1.314742,-1.113214,2.079111,0.000000,0.000000,-1,,,,,,,,,,,,,,,,
76.731063,monitor,25909,647851,25000,1,0,0.000000,0.000000,0.000000,0.000000,0,0,172052,164289,-3,-4,-1.314742,-1.113214,2.079111,0.000000,0.000000,-1,,,,,,,,,,,,,,,,
76.755842,monitor,25910,647875,25000,1,0,0.000000,0.000000,0.000000,0.000000,0,0,172052,164289,-3,-4,-1.314742,-1.113214,2.079111,0.000000,0.000000,-1,,,,,,,,,,,,,,,,
76.778696,monitor,25911,647901,25020,1,0,0.000000,0.000000,0.000000,0.000000,0,0,172052,164289,-3,-4,-1.314742,-1.113214,2.079111,0.000000,0.000000,-1,,,,,,,,,,,,,,,,
76.808502,monitor,25912,647925,24996,1,0,0.000000,0.000000,0.000000,0.000000,0,0,172052,164289,-3,-4,-1.314742,-1.113214,2.079111,0.000000,0.000000,-1,,,,,,,,,,,,,,,,
76.831439,monitor,25913,647951,24988,1,0,0.000000,0.000000,0.000000,0.000000,0,0,172052,164289,-3,-4,-1.314742,-1.113214,2.079111,0.000000,0.000000,-1,,,,,,,,,,,,,,,,
76.860728,monitor,25914,647975,25008,1,0,0.000000,0.000000,0.000000,0.000000,0,0,172052,164289,-3,-4,-1.314742,-1.113214,2.079111,0.000000,0.000000,-1,,,,,,,,,,,,,,,,
76.883103,monitor,25915,648001,25000,1,0,0.000000,0.000000,0.000000,0.000000,0,0,172052,164289,-3,-4,-1.314742,-1.113214,2.079111,0.000000,0.000000,-1,,,,,,,,,,,,,,,,
76.914159,monitor,25916,648026,24988,1,0,0.000000,0.000000,0.000000,0.000000,0,0,172052,164289,-3,-4,-1.314742,-1.113214,2.079111,0.000000,0.000000,-1,,,,,,,,,,,,,,,,
76.931282,monitor,25917,648050,25040,1,0,0.000000,0.000000,0.000000,0.000000,0,0,172052,164289,-3,-4,-1.314742,-1.113214,2.079111,0.000000,0.000000,-1,,,,,,,,,,,,,,,,
76.965601,monitor,25918,648076,24968,1,0,0.000000,0.000000,0.000000,0.000000,0,0,172052,164289,-3,-4,-1.314742,-1.113214,2.079111,0.000000,0.000000,-1,,,,,,,,,,,,,,,,
76.982731,monitor,25919,648100,25004,1,0,0.000000,0.000000,0.000000,0.000000,0,0,172052,164289,-3,-4,-1.314742,-1.113214,2.079111,0.000000,0.000000,-1,,,,,,,,,,,,,,,,
77.017655,monitor,25920,648126,25004,1,0,0.000000,0.000000,0.000000,0.000000,0,0,172052,164289,-3,-4,-1.314742,-1.113214,2.079111,0.000000,0.000000,-1,,,,,,,,,,,,,,,,
77.034820,monitor,25921,648151,24984,1,0,0.000000,0.000000,0.000000,0.000000,0,0,172052,164289,-3,-4,-1.314742,-1.113214,2.079111,0.000000,0.000000,-1,,,,,,,,,,,,,,,,
77.070000,monitor,25922,648175,25024,1,0,0.000000,0.000000,0.000000,0.000000,0,0,172052,164289,-3,-4,-1.314742,-1.113214,2.079111,0.000000,0.000000,-1,,,,,,,,,,,,,,,,
77.081460,monitor,25923,648201,24972,1,0,0.000000,0.000000,0.000000,0.000000,0,0,172052,164289,-3,-4,-1.314742,-1.113214,2.079111,0.000000,0.000000,-1,,,,,,,,,,,,,,,,
77.122087,monitor,25924,648225,25000,1,0,0.000000,0.000000,0.000000,0.000000,0,0,172052,164289,-3,-4,-1.314742,-1.113214,2.079111,0.000000,0.000000,-1,,,,,,,,,,,,,,,,
77.133503,monitor,25925,648251,25000,1,0,0.000000,0.000000,0.000000,0.000000,0,0,172052,164289,-3,-4,-1.314742,-1.113214,2.079111,0.000000,0.000000,-1,,,,,,,,,,,,,,,,
77.175492,monitor,25926,648275,25004,1,0,0.000000,0.000000,0.000000,0.000000,0,0,172052,164289,-3,-4,-1.314742,-1.113214,2.079111,0.000000,0.000000,-1,,,,,,,,,,,,,,,,
77.187001,monitor,25927,648301,25020,1,0,0.000000,0.000000,0.000000,0.000000,0,0,172052,164289,-3,-4,-1.314742,-1.113214,2.079111,0.000000,0.000000,-1,,,,,,,,,,,,,,,,
77.209858,monitor,25928,648326,25004,1,0,0.000000,0.000000,0.000000,0.000000,0,0,172052,164289,-3,-4,-1.314742,-1.113214,2.079111,0.000000,0.000000,-1,,,,,,,,,,,,,,,,
77.233858,monitor,25929,648350,24992,1,0,0.000000,0.000000,0.000000,0.000000,0,0,172052,164289,-3,-4,-1.314742,-1.113214,2.079111,0.000000,0.000000,-1,,,,,,,,,,,,,,,,
77.262175,monitor,25930,648376,24996,1,0,0.000000,0.000000,0.000000,0.000000,0,0,172052,164289,-3,-4,-1.314742,-1.113214,2.079111,0.000000,0.000000,-1,,,,,,,,,,,,,,,,
77.286294,monitor,25931,648400,24992,1,0,0.000000,0.000000,0.000000,0.000000,0,0,172052,164289,-3,-4,-1.314742,-1.113214,2.079111,0.000000,0.000000,-1,,,,,,,,,,,,,,,,
77.314313,monitor,25932,648426,25016,1,0,0.000000,0.000000,0.000000,0.000000,0,0,172052,164289,-3,-4,-1.314742,-1.113214,2.079111,0.000000,0.000000,-1,,,,,,,,,,,,,,,,
77.337795,monitor,25933,648451,24988,1,0,0.000000,0.000000,0.000000,0.000000,0,0,172052,164289,-3,-4,-1.314742,-1.113214,2.079111,0.000000,0.000000,-1,,,,,,,,,,,,,,,,
77.360720,monitor,25934,648475,24988,1,0,0.000000,0.000000,0.000000,0.000000,0,0,172052,164289,-3,-4,-1.314742,-1.113214,2.079111,0.000000,0.000000,-1,,,,,,,,,,,,,,,,
77.385448,monitor,25935,648501,25024,1,0,0.000000,0.000000,0.000000,0.000000,0,0,172052,164289,-3,-4,-1.314742,-1.113214,2.079111,0.000000,0.000000,-1,,,,,,,,,,,,,,,,
77.414046,monitor,25936,648525,24996,1,0,0.000000,0.000000,0.000000,0.000000,0,0,172052,164289,-3,-4,-1.314742,-1.113214,2.079111,0.000000,0.000000,-1,,,,,,,,,,,,,,,,
77.437799,monitor,25937,648551,25008,1,0,0.000000,0.000000,0.000000,0.000000,0,0,172052,164289,-3,-4,-1.314742,-1.113214,2.079111,0.000000,0.000000,-1,,,,,,,,,,,,,,,,
77.460730,monitor,25938,648576,24980,1,0,0.000000,0.000000,0.000000,0.000000,0,0,172052,164289,-3,-4,-1.314742,-1.113214,2.079111,0.000000,0.000000,-1,,,,,,,,,,,,,,,,
77.490263,monitor,25939,648601,25012,1,0,0.000000,0.000000,0.000000,0.000000,0,0,172052,164289,-3,-4,-1.314742,-1.113214,2.079111,0.000000,0.000000,-1,,,,,,,,,,,,,,,,
77.513084,monitor,25940,648626,25000,1,0,0.000000,0.000000,0.000000,0.000000,0,0,172052,164289,-3,-4,-1.314742,-1.113214,2.079111,0.000000,0.000000,-1,,,,,,,,,,,,,,,,
77.542645,monitor,25941,648650,24984,1,0,0.000000,0.000000,0.000000,0.000000,0,0,172052,164289,-3,-4,-1.314742,-1.113214,2.079111,0.000000,0.000000,-1,,,,,,,,,,,,,,,,
77.565577,monitor,25942,648676,25008,1,0,0.000000,0.000000,0.000000,0.000000,0,0,172052,164289,-3,-4,-1.314742,-1.113214,2.079111,0.000000,0.000000,-1,,,,,,,,,,,,,,,,
77.595518,monitor,25943,648700,25000,1,0,0.000000,0.000000,0.000000,0.000000,0,0,172052,164289,-3,-4,-1.314742,-1.113214,2.079111,0.000000,0.000000,-1,,,,,,,,,,,,,,,,
77.612698,monitor,25944,648726,25008,1,0,0.000000,0.000000,0.000000,0.000000,0,0,172052,164289,-3,-4,-1.314742,-1.113214,2.079111,0.000000,0.000000,-1,,,,,,,,,,,,,,,,
77.647850,monitor,25945,648751,24980,1,0,0.000000,0.000000,0.000000,0.000000,0,0,172052,164289,-3,-4,-1.314742,-1.113214,2.079111,0.000000,0.000000,-1,,,,,,,,,,,,,,,,
77.664808,monitor,25946,648775,25024,1,0,0.000000,0.000000,0.000000,0.000000,0,0,172052,164289,-3,-4,-1.314742,-1.113214,2.079111,0.000000,0.000000,-1,,,,,,,,,,,,,,,,
77.701331,monitor,25947,648801,24996,1,0,0.000000,0.000000,0.000000,0.000000,0,0,172052,164289,-3,-4,-1.314742,-1.113214,2.079111,0.000000,0.000000,-1,,,,,,,,,,,,,,,,
77.718555,monitor,25948,648825,25004,1,0,0.000000,0.000000,0.000000,0.000000,0,0,172052,164289,-3,-4,-1.314742,-1.113214,2.079111,0.000000,0.000000,-1,,,,,,,,,,,,,,,,
77.753628,monitor,25949,648851,24988,1,0,0.000000,0.000000,0.000000,0.000000,0,0,172052,164289,-3,-4,-1.314742,-1.113214,2.079111,0.000000,0.000000,-1,,,,,,,,,,,,,,,,
77.765072,monitor,25950,648876,25000,1,0,0.000000,0.000000,0.000000,0.000000,0,0,172052,164289,-3,-4,-1.314742,-1.113214,2.079111,0.000000,0.000000,-1,,,,,,,,,,,,,,,,
77.806128,monitor,25951,648901,25016,1,0,0.000000,0.000000,0.000000,0.000000,0,0,172052,164289,-3,-4,-1.314742,-1.113214,2.079111,0.000000,0.000000,-1,,,,,,,,,,,,,,,,
77.817600,monitor,25952,648926,24980,1,0,0.000000,0.000000,0.000000,0.000000,0,0,172052,164289,-3,-4,-1.314742,-1.113214,2.079111,0.000000,0.000000,-1,,,,,,,,,,,,,,,,
77.840483,monitor,25953,648950,25012,1,0,0.000000,0.000000,0.000000,0.000000,0,0,172052,164289,-3,-4,-1.314742,-1.113214,2.079111,0.000000,0.000000,-1,,,,,,,,,,,,,,,,
77.870727,monitor,25954,648976,24980,1,0,0.000000,0.000000,0.000000,0.000000,0,0,172052,164289,-3,-4,-1.314742,-1.113214,2.079111,0.000000,0.000000,-1,,,,,,,,,,,,,,,,
77.893763,monitor,25955,649000,25020,1,0,0.000000,0.000000,0.000000,0.000000,0,0,172052,164289,-3,-4,-1.314742,-1.113214,2.079111,0.000000,0.000000,-1,,,,,,,,,,,,,,,,
77.918147,monitor,25956,649026,25000,1,0,0.000000,0.000000,0.000000,0.000000,0,0,172052,164289,-3,-4,-1.314742,-1.113214,2.079111,0.000000,0.000000,-1,,,,,,,,,,,,,,,,
77.946725,monitor,25957,649051,24988,1,0,0.000000,0.000000,0.000000,0.000000,0,0,172052,164289,-3,-4,-1.314742,-1.113214,2.079111,0.000000,0.000000,-1,,,,,,,,,,,,,,,,
77.971299,monitor,25958,649075,25008,1,0,0.000000,0.000000,0.000000,0.000000,0,0,172052,164289,-3,-4,-1.314742,-1.113214,2.079111,0.000000,0.000000,-1,,,,,,,,,,,,,,,,
77.993881,monitor,25959,649101,25004,1,0,0.000000,0.000000,0.000000,0.000000,0,0,172052,164289,-3,-4,-1.314742,-1.113214,2.079111,0.000000,0.000000,-1,,,,,,,,,,,,,,,,
78.018472,monitor,25960,649125,25004,1,0,0.000000,0.000000,0.000000,0.000000,0,0,172052,164289,-3,-4,-1.314742,-1.113214,2.079111,0.000000,0.000000,-1,,,,,,,,,,,,,,,,
78.047007,monitor,25961,649151,24996,1,0,0.000000,0.000000,0.000000,0.000000,0,0,172052,164289,-3,-4,-1.314742,-1.113214,2.079111,0.000000,0.000000,-1,,,,,,,,,,,,,,,,
78.070181,monitor,25962,649176,24992,1,0,0.000000,0.000000,0.000000,0.000000,0,0,172052,164289,-3,-4,-1.314742,-1.113214,2.079111,0.000000,0.000000,-1,,,,,,,,,,,,,,,,
78.098734,monitor,25963,649200,25016,1,0,0.000000,0.000000,0.000000,0.000000,0,0,172052,164289,-3,-4,-1.314742,-1.113214,2.079111,0.000000,0.000000,-1,,,,,,,,,,,,,,,,
78.121327,monitor,25964,649226,24984,1,0,0.000000,0.000000,0.000000,0.000000,0,0,172052,164289,-3,-4,-1.314742,-1.113214,2.079111,0.000000,0.000000,-1,,,,,,,,,,,,,,,,
78.144193,monitor,25965,649250,25000,1,0,0.000000,0.000000,0.000000,0.000000,0,0,172052,164289,-3,-4,-1.314742,-1.113214,2.079111,0.000000,0.000000,-1,,,,,,,,,,,,,,,,
78.174253,monitor,25966,649276,25012,1,0,0.000000,0.000000,0.000000,0.000000,0,0,172052,164289,-3,-4,-1.314742,-1.113214,2.079111,0.000000,0.000000,-1,,,,,,,,,,,,,,,,
78.197267,monitor,25967,649300,24992,1,0,0.000000,0.000000,0.000000,0.000000,0,0,172052,164289,-3,-4,-1.314742,-1.113214,2.079111,0.000000,0.000000,-1,,,,,,,,,,,,,,,,
78.226898,monitor,25968,649326,24996,1,0,0.000000,0.000000,0.000000,0.000000,0,0,172052,164289,-3,-4,-1.314742,-1.113214,2.079111,0.000000,0.000000,-1,,,,,,,,,,,,,,,,
78.249281,monitor,25969,649351,24996,1,0,0.000000,0.000000,0.000000,0.000000,0,0,172052,164289,-3,-4,-1.314742,-1.113214,2.079111,0.000000,0.000000,-1,,,,,,,,,,,,,,,,
78.277893,monitor,25970,649375,25016,1,0,0.000000,0.000000,0.000000,0.000000,0,0,172052,164289,-3,-4,-1.314742,-1.113214,2.079111,0.000000,0.000000,-1,,,,,,,,,,,,,,,,
78.300746,monitor,25971,649401,24988,1,0,0.000000,0.000000,0.000000,0.000000,0,0,172052,164289,-3,-4,-1.314742,-1.113214,2.079111,0.000000,0.000000,-1,,,,,,,,,,,,,,,,
78.329171,monitor,25972,649425,25012,1,0,0.000000,0.000000,0.000000,0.000000,0,0,172052,164289,-3,-4,-1.314742,-1.113214,2.079111,0.000000,0.000000,-1,,,,,,,,,,,,,,,,
78.346038,monitor,25973,649451,24996,1,0,0.000000,0.000000,0.000000,0.000000,0,0,172052,164289,-3,-4,-1.314742,-1.113214,2.079111,0.000000,0.000000,-1,,,,,,,,,,,,,,,,
78.379632,monitor,25974,649476,24992,1,0,0.000000,0.000000,0.000000,0.000000,0,0,172052,164289,-3,-4,-1.314742,-1.113214,2.079111,0.000000,0.000000,-1,,,,,,,,,,,,,,,,
78.402510,monitor,25975,649500,24996,1,0,0.000000,0.000000,0.000000,0.000000,0,0,172052,164289,-3,-4,-1.314742,-1.113214,2.079111,0.000000,0.000000,-1,,,,,,,,,,,,,,,,
78.432960,monitor,25976,649526,25016,1,0,0.000000,0.000000,0.000000,0.000000,0,0,172052,164289,-3,-4,-1.314742,-1.113214,2.079111,0.000000,0.000000,-1,,,,,,,,,,,,,,,,
78.450172,monitor,25977,649550,24976,1,0,0.000000,0.000000,0.000000,0.000000,0,0,172052,164289,-3,-4,-1.314742,-1.113214,2.079111,0.000000,0.000000,-1,,,,,,,,,,,,,,,,
78.484856,monitor,25978,649576,25012,1,0,0.000000,0.000000,0.000000,0.000000,0,0,172052,164289,-3,-4,-1.314742,-1.113214,2.079111,0.000000,0.000000,-1,,,,,,,,,,,,,,,,
78.501746,monitor,25979,649601,25004,1,0,0.000000,0.000000,0.000000,0.000000,0,0,172052,164289,-3,-4,-1.314742,-1.113214,2.079111,0.000000,0.000000,-1,,,,,,,,,,,,,,,,
78.535680,monitor,25980,649625,25012,1,0,0.000000,0.000000,0.000000,0.000000,0,0,172052,164289,-3,-4,-1.314742,-1.113214,2.079111,0.000000,0.000000,-1,,,,,,,,,,,,,,,,
78.552391,monitor,25981,649651,24976,1,0,0.000000,0.000000,0.000000,0.000000,0,0,172052,164289,-3,-4,-1.314742,-1.113214,2.079111,0.000000,0.000000,-1,,,,,,,,,,,,,,,,
78.587384,monitor,25982,649675,25012,1,0,0.000000,0.000000,0.000000,0.000000,0,0,172052,164289,-3,-4,-1.314742,-1.113214,2.079111,0.000000,0.000000,-1,,,,,,,,,,,,,,,,
78.598819,monitor,25983,649701,25008,1,0,0.000000,0.000000,0.000000,0.000000,0,0,172052,164289,-3,-4,-1.314742,-1.113214,2.079111,0.000000,0.000000,-1,,,,,,,,,,,,,,,,
78.639153,monitor,25984,649725,24996,1,0,0.000000,0.000000,0.000000,0.000000,0,0,172052,164289,-3,-4,-1.314742,-1.113214,2.079111,0.000000,0.000000,-1,,,,,,,,,,,,,,,,
78.650648,monitor,25985,649751,25008,1,0,0.000000,0.000000,0.000000,0.000000,0,0,172052,164289,-3,-4,-1.314742,-1.113214,2.079111,0.000000,0.000000,-1,,,,,,,,,,,,,,,,
78.691447,monitor,25986,649776,24976,1,0,0.000000,0.000000,0.000000,0.000000,0,0,172052,164289,-3,-4,-1.314742,-1.113214,2.079111,0.000000,0.000000,-1,,,,,,,,,,,,,,,,
78.702961,monitor,25987,649800,25028,1,0,0.000000,0.000000,0.000000,0.000000,0,0,172052,164289,-3,-4,-1.314742,-1.113214,2.079111,0.000000,0.000000,-1,,,,,,,,,,,,,,,,
78.725809,monitor,25988,649826,24968,1,0,0.000000,0.000000,0.000000,0.000000,0,0,172052,164289,-3,-4,-1.314742,-1.113214,2.079111,0.000000,0.000000,-1,,,,,,,,,,,,,,,,
78.750151,monitor,25989,649850,25020,1,0,0.000000,0.000000,0.000000,0.000000,0,0,172052,164289,-3,-4,-1.314742,-1.113214,2.079111,0.000000,0.000000,-1,,,,,,,,,,,,,,,,
78.778715,monitor,25990,649876,25000,1,0,0.000000,0.000000,0.000000,0.000000,0,0,172052,164289,-3,-4,-1.314742,-1.113214,2.079111,0.000000,0.000000,-1,,,,,,,,,,,,,,,,
78.804140,monitor,25991,649901,24996,1,0,0.000000,0.000000,0.000000,0.000000,0,0,172052,164289,-3,-4,-1.314742,-1.113214,2.079111,0.000000,0.000000,-1,,,,,,,,,,,,,,,,
78.827098,monitor,25992,649925,24988,1,0,0.000000,0.000000,0.000000,0.000000,0,0,172052,164289,-3,-4,-1.314742,-1.113214,2.079111,0.000000,0.000000,-1,,,,,,,,,,,,,,,,
78.853006,monitor,25993,649951,25004,1,0,0.000000,0.000000,0.000000,0.000000,0,0,172052,164289,-3,-4,-1.314742,-1.113214,2.079111,0.000000,0.000000,-1,,,,,,,,,,,,,,,,
78.881561,monitor,25994,649975,25020,1,0,0.000000,0.000000,0.000000,0.000000,0,0,172052,164289,-3,-4,-1.314742,-1.113214,2.079111,0.000000,0.000000,-1,,,,,,,,,,,,,,,,
78.904781,monitor,25995,650001,24972,1,0,0.000000,0.000000,0.000000,0.000000,0,0,172052,164289,-3,-4,-1.314742,-1.113214,2.079111,0.000000,0.000000,-1,,,,,,,,,,,,,,,,
78.933154,monitor,25996,650025,25020,1,0,0.000000,0.000000,0.000000,0.000000,0,0,172052,164289,-3,-4,-1.314742,-1.113214,2.079111,0.000000,0.000000,-1,,,,,,,,,,,,,,,,
78.957553,monitor,25997,650051,24988,1,0,0.000000,0.000000,0.000000,0.000000,0,0,172052,164289,-3,-4,-1.314742,-1.113214,2.079111,0.000000,0.000000,-1,,,,,,,,,,,,,,,,
78.980480,monitor,25998,650076,24996,1,0,0.000000,0.000000,0.000000,0.000000,0,0,172052,164289,-3,-4,-1.314742,-1.113214,2.079111,0.000000,0.000000,-1,,,,,,,,,,,,,,,,
79.012062,monitor,25999,650100,25024,1,0,0.000000,0.000000,0.000000,0.000000,0,0,172052,164289,-3,-4,-1.314742,-1.113214,2.079111,0.000000,0.000000,-1,,,,,,,,,,,,,,,,
79.029276,monitor,26000,650126,24996,1,0,0.000000,0.000000,0.000000,0.000000,0,0,172052,164289,-3,-4,-1.314742,-1.113214,2.079111,0.000000,0.000000,-1,,,,,,,,,,,,,,,,
79.065620,monitor,26001,650150,24984,1,0,0.000000,0.000000,0.000000,0.000000,0,0,172052,164289,-3,-4,-1.314742,-1.113214,2.079111,0.000000,0.000000,-1,,,,,,,,,,,,,,,,
79.082776,monitor,26002,650176,25012,1,0,0.000000,0.000000,0.000000,0.000000,0,0,172052,164289,-3,-4,-1.314742,-1.113214,2.079111,0.000000,0.000000,-1,,,,,,,,,,,,,,,,
79.117310,monitor,26003,650201,24984,1,0,0.000000,0.000000,0.000000,0.000000,0,0,172052,164289,-3,-4,-1.314742,-1.113214,2.079111,0.000000,0.000000,-1,,,,,,,,,,,,,,,,
79.134445,monitor,26004,650225,25024,1,0,0.000000,0.000000,0.000000,0.000000,0,0,172052,164289,-3,-4,-1.314742,-1.113214,2.079111,0.000000,0.000000,-1,,,,,,,,,,,,,,,,
79.169630,monitor,26005,650251,24976,1,0,0.000000,0.000000,0.000000,0.000000,0,0,172052,164289,-3,-4,-1.314742,-1.113214,2.079111,0.000000,0.000000,-1,,,,,,,,,,,,,,,,
79.181094,monitor,26006,650275,25016,1,0,0.000000,0.000000,0.000000,0.000000,0,0,172052,164289,-3,-4,-1.314742,-1.113214,2.079111,0.000000,0.000000,-1,,,,,,,,,,,,,,,,
79.221642,monitor,26007,650301,25000,1,0,0.000000,0.000000,0.000000,0.000000,0,0,172052,164289,-3,-4,-1.314742,-1.113214,2.079111,0.000000,0.000000,-1,,,,,,,,,,,,,,,,
79.233097,monitor,26008,650326,24980,1,0,0.000000,0.000000,0.000000,0.000000,0,0,172052,164289,-3,-4,-1.314742,-1.113214,2.079111,0.000000,0.000000,-1,,,,,,,,,,,,,,,,
79.273941,monitor,26009,650350,25016,1,0,0.000000,0.000000,0.000000,0.000000,0,0,172052,164289,-3,-4,-1.314742,-1.113214,2.079111,0.000000,0.000000,-1,,,,,,,,,,,,,,,,
79.285441,monitor,26010,650376,24984,1,0,0.000000,0.000000,0.000000,0.000000,0,0,172052,164289,-3,-4,-1.314742,-1.113214,2.079111,0.000000,0.000000,-1,,,,,,,,,,,,,,,,
79.308332,monitor,26011,650400,25008,1,0,0.000000,0.000000,0.000000,0.000000,0,0,172052,164289,-3,-4,-1.314742,-1.113214,2.079111,0.000000,0.000000,-1,,,,,,,,,,,,,,,,
79.333186,monitor,26012,650426,24992,1,0,0.000000,0.000000,0.000000,0.000000,0,0,172052,164289,-3,-4,-1.314742,-1.113214,2.079111,0.000000,0.000000,-1,,,,,,,,,,,,,,,,
79.361358,monitor,26013,650450,25012,1,0,0.000000,0.000000,0.000000,0.000000,0,0,172052,164289,-3,-4,-1.314742,-1.113214,2.079111,0.000000,0.000000,-1,,,,,,,,,,,,,,,,
79.385124,monitor,26014,650476,25008,1,0,0.000000,0.000000,0.000000,0.000000,0,0,172052,164289,-3,-4,-1.314742,-1.113214,2.079111,0.000000,0.000000,-1,,,,,,,,,,,,,,,,
79.407670,monitor,26015,650501,24992,1,0,0.000000,0.000000,0.000000,0.000000,0,0,172052,164289,-3,-4,-1.314742,-1.113214,2.079111,0.000000,0.000000,-1,,,,,,,,,,,,,,,,
79.436929,monitor,26016,650525,25016,1,0,0.000000,0.000000,0.000000,0.000000,0,0,172052,164289,-3,-4,-1.314742,-1.113214,2.079111,0.000000,0.000000,-1,,,,,,,,,,,,,,,,
79.459767,monitor,26017,650551,24980,1,0,0.000000,0.000000,0.000000,0.000000,0,0,172052,164289,-3,-4,-1.314742,-1.113214,2.079111,0.000000,0.000000,-1,,,,,,,,,,,,,,,,
79.488660,monitor,26018,650575,25012,1,0,0.000000,0.000000,0.000000,0.000000,0,0,172052,164289,-3,-4,-1.314742,-1.113214,2.079111,0.000000,0.000000,-1,,,,,,,,,,,,,,,,
79.511518,monitor,26019,650601,24988,1,0,0.000000,0.000000,0.000000,0.000000,0,0,172052,164289,-3,-4,-1.314742,-1.113214,2.079111,0.000000,0.000000,-1,,,,,,,,,,,,,,,,
79.534641,monitor,26020,650626,24996,1,0,0.000000,0.000000,0.000000,0.000000,0,0,172052,164289,-3,-4,-1.314742,-1.113214,2.079111,0.000000,0.000000,-1,,,,,,,,,,,,,,,,
79.563235,monitor,26021,650650,25004,1,0,0.000000,0.000000,0.000000,0.000000,0,0,172052,164289,-3,-4,-1.314742,-1.113214,2.079111,0.000000,0.000000,-1,,,,,,,,,,,,,,,,
79.587413,monitor,26022,650676,24992,1,0,0.000000,0.000000,0.000000,0.000000,0,0,172052,164289,-3,-4,-1.314742,-1.113214,2.079111,0.000000,0.000000,-1,,,,,,,,,,,,,,,,
79.610222,monitor,26023,650700,25000,1,0,0.000000,0.000000,0.000000,0.000000,0,0,172052,164289,-3,-4,-1.314742,-1.113214,2.079111,0.000000,0.000000,-1,,,,,,,,,,,,,,,,
79.639611,monitor,26024,650726,25020,1,0,0.000000,0.000000,0.000000,0.000000,0,0,172052,164289,-3,-4,-1.314742,-1.113214,2.079111,0.000000,0.000000,-1,,,,,,,,,,,,,,,,
79.662445,monitor,26025,650750,25008,1,0,0.000000,0.000000,0.000000,0.000000,0,0,172052,164289,-3,-4,-1.314742,-1.113214,2.079111,0.000000,0.000000,-1,,,,,,,,,,,,,,,,
79.692147,monitor,26026,650776,24988,1,0,0.000000,0.000000,0.000000,0.000000,0,0,172052,164289,-3,-4,-1.314742,-1.113214,2.079111,0.000000,0.000000,-1,,,,,,,,,,,,,,,,
79.714571,monitor,26027,650801,24996,1,0,0.000000,0.000000,0.000000,0.000000,0,0,172052,164289,-3,-4,-1.314742,-1.113214,2.079111,0.000000,0.000000,-1,,,,,,,,,,,,,,,,
79.744004,monitor,26028,650825,25000,1,0,0.000000,0.000000,0.000000,0.000000,0,0,172052,164289,-3,-4,-1.314742,-1.113214,2.079111,0.000000,0.000000,-1,,,,,,,,,,,,,,,,
79.766888,monitor,26029,650851,25000,1,0,0.000000,0.000000,0.000000,0.000000,0,0,172052,164289,-3,-4,-1.314742,-1.113214,2.079111,0.000000,0.000000,-1,,,,,,,,,,,,,,,,
79.797547,monitor,26030,650875,25004,1,0,0.000000,0.000000,0.000000,0.000000,0,0,172052,164289,-3,-4,-1.314742,-1.113214,2.079111,0.000000,0.000000,-1,,,,,,,,,,,,,,,,
79.814756,monitor,26031,650901,24984,1,0,0.000000,0.000000,0.000000,0.000000,0,0,172052,164289,-3,-4,-1.314742,-1.113214,2.079111,0.000000,0.000000,-1,,,,,,,,,,,,,,,,
79.850061,monitor,26032,650926,25016,1,0,0.000000,0.000000,0.000000,0.000000,0,0,172052,164289,-3,-4,-1.314742,-1.113214,2.079111,0.000000,0.000000,-1,,,,,,,,,,,,,,,,
79.867304,monitor,26033,650950,24984,1,0,0.000000,0.000000,0.000000,0.000000,0,0,172052,164289,-3,-4,-1.314742,-1.113214,2.079111,0.000000,0.000000,-1,,,,,,,,,,,,,,,,
79.902253,monitor,26034,650976,25016,1,0,0.000000,0.000000,0.000000,0.000000,0,0,172052,164289,-3,-4,-1.314742,-1.113214,2.079111,0.000000,0.000000,-1,,,,,,,,,,,,,,,,
79.913655,monitor,26035,651000,25008,1,0,0.000000,0.000000,0.000000,0.000000,0,0,172052,164289,-3,-4,-1.314742,-1.113214,2.079111,0.000000,0.000000,-1,,,,,,,,,,,,,,,,
79.953423,monitor,26036,651026,24992,1,0,0.000000,0.000000,0.000000,0.000000,0,0,172052,164289,-3,-4,-1.314742,-1.113214,2.079111,0.000000,0.000000,-1,,,,,,,,,,,,,,,,
79.964818,monitor,26037,651051,25016,1,0,0.000000,0.000000,0.000000,0.000000,0,0,172052,164289,-3,-4,-1.314742,-1.113214,2.079111,0.000000,0.000000,-1,,,,,,,,,,,,,,,,
80.005751,monitor,26038,651076,24984,1,0,0.000000,0.000000,0.000000,0.000000,0,0,172052,164289,-3,-4,-1.314742,-1.113214,2.079111,0.000000,0.000000,-1,,,,,,,,,,,,,,,,
80.017220,monitor,26039,651101,24992,1,0,0.000000,0.000000,0.000000,0.000000,0,0,172052,164289,-3,-4,-1.314742,-1.113214,2.079111,0.000000,0.000000,-1,,,,,,,,,,,,,,,,
80.040132,monitor,26040,651125,25020,1,0,0.000000,0.000000,0.000000,0.000000,0,0,172052,164289,-3,-4,-1.314742,-1.113214,2.079111,0.000000,0.000000,-1,,,,,,,,,,,,,,,,
80.069096,monitor,26041,651151,24972,1,0,0.000000,0.000000,0.000000,0.000000,0,0,172052,164289,-3,-4,-1.314742,-1.113214,2.079111,0.000000,0.000000,-1,,,,,,,,,,,,,,,,
80.091877,monitor,26042,651175,25000,1,0,0.000000,0.000000,0.000000,0.000000,0,0,172052,164289,-3,-4,-1.314742,-1.113214,2.079111,0.000000,0.000000,-1,,,,,,,,,,,,,,,,
80.117752,monitor,26043,651201,25028,1,0,0.000000,0.000000,0.000000,0.000000,0,0,172052,164289,-3,-4,-1.314742,-1.113214,2.079111,0.000000,0.000000,-1,,,,,,,,,,,,,,,,
80.146297,monitor,26044,651226,24992,1,0,0.000000,0.000000,0.000000,0.000000,0,0,172052,164289,-3,-4,-1.314742,-1.113214,2.079111,0.000000,0.000000,-1,,,,,,,,,,,,,,,,
80.171096,monitor,26045,651250,25012,1,0,0.000000,0.000000,0.000000,0.000000,0,0,172052,164289,-3,-4,-1.314742,-1.113214,2.079111,0.000000,0.000000,-1,,,,,,,,,,,,,,,,
80.193997,monitor,26046,651276,24996,1,0,0.000000,0.000000,0.000000,0.000000,0,0,172052,164289,-3,-4,-1.314742,-1.113214,2.079111,0.000000,0.000000,-1,,,,,,,,,,,,,,,,
80.218423,monitor,26047,651300,25000,1,0,0.000000,0.000000,0.000000,0.000000,0,0,172052,164289,-3,-4,-1.314742,-1.113214,2.079111,0.000000,0.000000,-1,,,,,,,,,,,,,,,,
80.246780,monitor,26048,651326,24992,1,0,0.000000,0.000000,0.000000,0.000000,0,0,172052,164289,-3,-4,-1.314742,-1.113214,2.079111,0.000000,0.000000,-1,,,,,,,,,,,,,,,,
80.270914,monitor,26049,651351,25000,1,0,0.000000,0.000000,0.000000,0.000000,0,0,172052,164289,-3,-4,-1.314742,-1.113214,2.079111,0.000000,0.000000,-1,,,,,,,,,,,,,,,,
80.293861,monitor,26050,651375,24980,1,0,0.000000,0.000000,0.000000,0.000000,0,0,172052,164289,-3,-4,-1.314742,-1.113214,2.079111,0.000000,0.000000,-1,,,,,,,,,,,,,,,,
80.324972,monitor,26051,651401,25024,1,0,0.000000,0.000000,0.000000,0.000000,0,0,172052,164289,-3,-4,-1.314742,-1.113214,2.079111,0.000000,0.000000,-1,,,,,,,,,,,,,,,,
80.347354,monitor,26052,651425,24984,1,0,0.000000,0.000000,0.000000,0.000000,0,0,172052,164289,-3,-4,-1.314742,-1.113214,2.079111,0.000000,0.000000,-1,,,,,,,,,,,,,,,,
80.374859,monitor,26053,651451,25004,1,0,0.000000,0.000000,0.000000,0.000000,0,0,172052,164289,-3,-4,-1.314742,-1.113214,2.079111,0.000000,0.000000,-1,,,,,,,,,,,,,,,,
80.397674,monitor,26054,651475,25000,1,0,0.000000,0.000000,0.000000,0.000000,0,0,172052,164289,-3,-4,-1.314742,-1.113214,2.079111,0.000000,0.000000,-1,,,,,,,,,,,,,,,,
80.426331,monitor,26055,651501,24988,1,0,0.000000,0.000000,0.000000,0.000000,0,0,172052,164289,-3,-4,-1.314742,-1.113214,2.079111,0.000000,0.000000,-1,,,,,,,,,,,,,,,,
80.449174,monitor,26056,651526,25024,1,0,0.000000,0.000000,0.000000,0.000000,0,0,172052,164289,-3,-4,-1.314742,-1.113214,2.079111,0.000000,0.000000,-1,,,,,,,,,,,,,,,,
80.478084,monitor,26057,651550,24988,1,0,0.000000,0.000000,0.000000,0.000000,0,0,172052,164289,-3,-4,-1.314742,-1.113214,2.079111,0.000000,0.000000,-1,,,,,,,,,,,,,,,,
80.495261,monitor,26058,651576,25004,1,0,0.000000,0.000000,0.000000,0.000000,0,0,172052,164289,-3,-4,-1.314742,-1.113214,2.079111,0.000000,0.000000,-1,,,,,,,,,,,,,,,,
80.531924,monitor,26059,651600,24984,1,0,0.000000,0.000000,0.000000,0.000000,0,0,172052,164289,-3,-4,-1.314742,-1.113214,2.079111,0.000000,0.000000,-1,,,,,,,,,,,,,,,,
80.549241,monitor,26060,651626,25004,1,0,0.000000,0.000000,0.000000,0.000000,0,0,172052,164289,-3,-4,-1.314742,-1.113214,2.079111,0.000000,0.000000,-1,,,,,,,,,,,,,,,,
80.583130,monitor,26061,651651,25016,1,0,0.000000,0.000000,0.000000,0.000000,0,0,172052,164289,-3,-4,-1.314742,-1.113214,2.079111,0.000000,0.000000,-1,,,,,,,,,,,,,,,,
80.600286,monitor,26062,651675,24992,1,0,0.000000,0.000000,0.000000,0.000000,0,0,172052,164289,-3,-4,-1.314742,-1.113214,2.079111,0.000000,0.000000,-1,,,,,,,,,,,,,,,,
80.634372,monitor,26063,651701,25008,1,0,0.000000,0.000000,0.000000,0.000000,0,0,172052,164289,-3,-4,-1.314742,-1.113214,2.079111,0.000000,0.000000,-1,,,,,,,,,,,,,,,,
80.651025,monitor,26064,651725,24988,1,0,0.000000,0.000000,0.000000,0.000000,0,0,172052,164289,-3,-4,-1.314742,-1.113214,2.079111,0.000000,0.000000,-1,,,,,,,,,,,,,,,,
80.685663,monitor,26065,651751,25004,1,0,0.000000,0.000000,0.000000,0.000000,0,0,172052,164289,-3,-4,-1.314742,-1.113214,2.079111,0.000000,0.000000,-1,,,,,,,,,,,,,,,,
80.702892,monitor,26066,651776,24988,1,0,0.000000,0.000000,0.000000,0.000000,0,0,172052,164289,-3,-4,-1.314742,-1.113214,2.079111,0.000000,0.000000,-1,,,,,,,,,,,,,,,,
80.738608,monitor,26067,651801,25024,1,0,0.000000,0.000000,0.000000,0.000000,0,0,172052,164289,-3,-4,-1.314742,-1.113214,2.079111,0.000000,0.000000,-1,,,,,,,,,,,,,,,,
80.750098,monitor,26068,651826,25000,1,0,0.000000,0.000000,0.000000,0.000000,0,0,172052,164289,-3,-4,-1.314742,-1.113214,2.079111,0.000000,0.000000,-1,,,,,,,,,,,,,,,,
80.790665,monitor,26069,651850,24984,1,0,0.000000,0.000000,0.000000,0.000000,0,0,172052,164289,-3,-4,-1.314742,-1.113214,2.079111,0.000000,0.000000,-1,,,,,,,,,,,,,,,,
80.802142,monitor,26070,651876,25008,1,0,0.000000,0.000000,0.000000,0.000000,0,0,172052,164289,-3,-4,-1.314742,-1.113214,2.079111,0.000000,0.000000,-1,,,,,,,,,,,,,,,,
80.824899,monitor,26071,651900,25004,1,0,0.000000,0.000000,0.000000,0.000000,0,0,172052,164289,-3,-4,-1.314742,-1.113214,2.079111,0.000000,0.000000,-1,,,,,,,,,,,,,,,,
80.849352,monitor,26072,651926,24980,1,0,0.000000,0.000000,0.000000,0.000000,0,0,172052,164289,-3,-4,-1.314742,-1.113214,2.079111,0.000000,0.000000,-1,,,,,,,,,,,,,,,,
80.895445,monitor,26073,651951,25012,1,0,0.000000,0.000000,0.000000,0.000000,0,0,172052,164289,-3,-4,-1.314742,-1.113214,2.079111,0.000000,0.000000,-1,,,,,,,,,,,,,,,,
80.901259,monitor,26074,651975,25012,1,0,0.000000,0.000000,0.000000,0.000000,0,0,172052,164289,-3,-4,-1.314742,-1.113214,2.079111,0.000000,0.000000,-1,,,,,,,,,,,,,,,,
80.929278,monitor,26075,652001,24992,1,0,0.000000,0.000000,0.000000,0.000000,0,0,172052,164289,-3,-4,-1.314742,-1.113214,2.079111,0.000000,0.000000,-1,,,,,,,,,,,,,,,,
80.954437,monitor,26076,652025,25004,1,0,0.000000,0.000000,0.000000,0.000000,0,0,172052,164289,-3,-4,-1.314742,-1.113214,2.079111,0.000000,0.000000,-1,,,,,,,,,,,,,,,,
80.977335,monitor,26077,652051,24984,1,0,0.000000,0.000000,0.000000,0.000000,0,0,172052,164289,-3,-4,-1.314742,-1.113214,2.079111,0.000000,0.000000,-1,,,,,,,,,,,,,,,,
81.006091,monitor,26078,652076,25012,1,0,0.000000,0.000000,0.000000,0.000000,0,0,172052,164289,-3,-4,-1.314742,-1.113214,2.079111,0.000000,0.000000,-1,,,,,,,,,,,,,,,,
81.029132,monitor,26079,652100,25008,1,0,0.000000,0.000000,0.000000,0.000000,0,0,172052,164289,-3,-4,-1.314742,-1.113214,2.079111,0.000000,0.000000,-1,,,,,,,,,,,,,,,,
81.144677,monitor,26080,652126,24984,1,0,0.000000,0.000000,0.000000,0.000000,0,0,172052,164289,-3,-4,-1.314742,-1.113214,2.079111,0.000000,0.000000,-1,,,,,,,,,,,,,,,,
81.144677,monitor,26081,652150,25024,1,0,0.000000,0.000000,0.000000,0.000000,0,0,172052,164289,-3,-4,-1.314742,-1.113214,2.079111,0.000000,0.000000,-1,,,,,,,,,,,,,,,,
81.144677,monitor,26082,652176,24968,1,0,0.000000,0.000000,0.000000,0.000000,0,0,172052,164289,-3,-4,-1.314742,-1.113214,2.079111,0.000000,0.000000,-1,,,,,,,,,,,,,,,,
81.144677,monitor,26083,652200,25016,1,0,0.000000,0.000000,0.000000,0.000000,0,0,172052,164289,-3,-4,-1.314742,-1.113214,2.079111,0.000000,0.000000,-1,,,,,,,,,,,,,,,,
81.162817,monitor,26084,652226,24996,1,0,0.000000,0.000000,0.000000,0.000000,0,0,172052,164289,-3,-4,-1.314742,-1.113214,2.079111,0.000000,0.000000,-1,,,,,,,,,,,,,,,,
81.179985,monitor,26085,652251,25004,1,0,0.000000,0.000000,0.000000,0.000000,0,0,172052,164289,-3,-4,-1.314742,-1.113214,2.079111,0.000000,0.000000,-1,,,,,,,,,,,,,,,,
81.215054,monitor,26086,652275,25000,1,0,0.000000,0.000000,0.000000,0.000000,0,0,172052,164289,-3,-4,-1.314742,-1.113214,2.079111,0.000000,0.000000,-1,,,,,,,,,,,,,,,,
81.237593,monitor,26087,652301,24988,1,0,0.000000,0.000000,0.000000,0.000000,0,0,172052,164289,-3,-4,-1.314742,-1.113214,2.079111,0.000000,0.000000,-1,,,,,,,,,,,,,,,,
81.265133,monitor,26088,652325,25020,1,0,0.000000,0.000000,0.000000,0.000000,0,0,172052,164289,-3,-4,-1.314742,-1.113214,2.079111,0.000000,0.000000,-1,,,,,,,,,,,,,,,,
81.281921,monitor,26089,652351,24976,1,0,0.000000,0.000000,0.000000,0.000000,0,0,172052,164289,-3,-4,-1.314742,-1.113214,2.079111,0.000000,0.000000,-1,,,,,,,,,,,,,,,,
81.316408,monitor,26090,652376,25000,1,0,0.000000,0.000000,0.000000,0.000000,0,0,172052,164289,-3,-4,-1.314742,-1.113214,2.079111,0.000000,0.000000,-1,,,,,,,,,,,,,,,,
81.333543,monitor,26091,652401,25000,1,0,0.000000,0.000000,0.000000,0.000000,0,0,172052,164289,-3,-4,-1.314742,-1.113214,2.079111,0.000000,0.000000,-1,,,,,,,,,,,,,,,,
81.369037,monitor,26092,652426,25008,1,0,0.000000,0.000000,0.000000,0.000000,0,0,172052,164289,-3,-4,-1.314742,-1.113214,2.079111,0.000000,0.000000,-1,,,,,,,,,,,,,,,,
81.380513,monitor,26093,652450,25004,1,0,0.000000,0.000000,0.000000,0.000000,0,0,172052,164289,-3,-4,-1.314742,-1.113214,2.079111,0.000000,0.000000,-1,,,,,,,,,,,,,,,,
81.421334,monitor,26094,652476,25008,1,0,0.000000,0.000000,0.000000,0.000000,0,0,172052,164289,-3,-4,-1.314742,-1.113214,2.079111,0.000000,0.000000,-1,,,,,,,,,,,,,,,,
81.432181,monitor,26095,652500,24992,1,0,0.000000,0.000000,0.000000,0.000000,0,0,172052,164289,-3,-4,-1.314742,-1.113214,2.079111,0.000000,0.000000,-1,,,,,,,,,,,,,,,,
81.474170,monitor,26096,652526,24988,1,0,0.000000,0.000000,0.000000,0.000000,0,0,172052,164289,-3,-4,-1.314742,-1.113214,2.079111,0.000000,0.000000,-1,,,,,,,,,,,,,,,,
81.484986,monitor,26097,652551,25000,1,0,0.000000,0.000000,0.000000,0.000000,0,0,172052,164289,-3,-4,-1.314742,-1.113214,2.079111,0.000000,0.000000,-1,,,,,,,,,,,,,,,,
81.507911,monitor,26098,652575,25020,1,0,0.000000,0.000000,0.000000,0.000000,0,0,172052,164289,-3,-4,-1.314742,-1.113214,2.079111,0.000000,0.000000,-1,,,,,,,,,,,,,,,,
81.536203,monitor,26099,652601,25000,1,0,0.000000,0.000000,0.000000,0.000000,0,0,172052,164289,-3,-4,-1.314742,-1.113214,2.079111,0.000000,0.000000,-1,,,,,,,,,,,,,,,,
81.559066,monitor,26100,652625,24996,1,0,0.000000,0.000000,0.000000,0.000000,0,0,172052,164289,-3,-4,-1.314742,-1.113214,2.079111,0.000000,0.000000,-1,,,,,,,,,,,,,,,,
81.582280,monitor,26101,652651,24988,1,0,0.000000,0.000000,0.000000,0.000000,0,0,172052,164289,-3,-4,-1.314742,-1.113214,2.079111,0.000000,0.000000,-1,,,,,,,,,,,,,,,,
81.610481,monitor,26102,652676,24996,1,0,0.000000,0.000000,0.000000,0.000000,0,0,172052,164289,-3,-4,-1.314742,-1.113214,2.079111,0.000000,0.000000,-1,,,,,,,,,,,,,,,,
81.633872,monitor,26103,652700,25024,1,0,0.000000,0.000000,0.000000,0.000000,0,0,172052,164289,-3,-4,-1.314742,-1.113214,2.079111,0.000000,0.000000,-1,,,,,,,,,,,,,,,,
81.662048,monitor,26104,652726,24992,1,0,0.000000,0.000000,0.000000,0.000000,0,0,172052,164289,-3,-4,-1.314742,-1.113214,2.079111,0.000000,0.000000,-1,,,,,,,,,,,,,,,,
81.687939,monitor,26105,652750,25004,1,0,0.000000,0.000000,0.000000,0.000000,0,0,172052,164289,-3,-4,-1.314742,-1.113214,2.079111,0.000000,0.000000,-1,,,,,,,,,,,,,,,,
81.710686,monitor,26106,652776,24996,1,0,0.000000,0.000000,0.000000,0.000000,0,0,172052,164289,-3,-4,-1.314742,-1.113214,2.079111,0.000000,0.000000,-1,,,,,,,,,,,,,,,,
81.734574,monitor,26107,652801,25016,1,0,0.000000,0.000000,0.000000,0.000000,0,0,172052,164289,-3,-4,-1.314742,-1.113214,2.079111,0.000000,0.000000,-1,,,,,,,,,,,,,,,,
81.761598,monitor,26108,652825,24976,1,0,0.000000,0.000000,0.000000,0.000000,0,0,172052,164289,-3,-4,-1.314742,-1.113214,2.079111,0.000000,0.000000,-1,,,,,,,,,,,,,,,,
81.785788,monitor,26109,652851,24996,1,0,0.000000,0.000000,0.000000,0.000000,0,0,172052,164289,-3,-4,-1.314742,-1.113214,2.079111,0.000000,0.000000,-1,,,,,,,,,,,,,,,,
81.814169,monitor,26110,652875,24996,1,0,0.000000,0.000000,0.000000,0.000000,0,0,172052,164289,-3,-4,-1.314742,-1.113214,2.079111,0.000000,0.000000,-1,,,,,,,,,,,,,,,,
81.837234,monitor,26111,652901,25004,1,0,0.000000,0.000000,0.000000,0.000000,0,0,172052,164289,-3,-4,-1.314742,-1.113214,2.079111,0.000000,0.000000,-1,,,,,,,,,,,,,,,,
81.865604,monitor,26112,652925,25020,1,0,0.000000,0.000000,0.000000,0.000000,0,0,172052,164289,-3,-4,-1.314742,-1.113214,2.079111,0.000000,0.000000,-1,,,,,,,,,,,,,,,,
81.889485,monitor,26113,652951,24976,1,0,0.000000,0.000000,0.000000,0.000000,0,0,172052,164289,-3,-4,-1.314742,-1.113214,2.079111,0.000000,0.000000,-1,,,,,,,,,,,,,,,,
81.911846,monitor,26114,652976,25028,1,0,0.000000,0.000000,0.000000,0.000000,0,0,172052,164289,-3,-4,-1.314742,-1.113214,2.079111,0.000000,0.000000,-1,,,,,,,,,,,,,,,,
81.941872,monitor,26115,653000,24984,1,0,0.000000,0.000000,0.000000,0.000000,0,0,172052,164289,-3,-4,-1.314742,-1.113214,2.079111,0.000000,0.000000,-1,,,,,,,,,,,,,,,,
81.964766,monitor,26116,653026,25004,1,0,0.000000,0.000000,0.000000,0.000000,0,0,172052,164289,-3,-4,-1.314742,-1.113214,2.079111,0.000000,0.000000,-1,,,,,,,,,,,,,,,,
81.993939,monitor,26117,653050,24988,1,0,0.000000,0.000000,0.000000,0.000000,0,0,172052,164289,-3,-4,-1.314742,-1.113214,2.079111,0.000000,0.000000,-1,,,,,,,,,,,,,,,,
82.016826,monitor,26118,653076,24996,1,0,0.000000,0.000000,0.000000,0.000000,0,0,172052,164289,-3,-4,-1.314742,-1.113214,2.079111,0.000000,0.000000,-1,,,,,,,,,,,,,,,,
82.046086,monitor,26119,653101,25028,1,0,0.000000,0.000000,0.000000,0.000000,0,0,172052,164289,-3,-4,-1.314742,-1.113214,2.079111,0.000000,0.000000,-1,,,,,,,,,,,,,,,,
82.063305,monitor,26120,653125,24976,1,0,0.000000,0.000000,0.000000,0.000000,0,0,172052,164289,-3,-4,-1.314742,-1.113214,2.079111,0.000000,0.000000,-1,,,,,,,,,,,,,,,,
82.098753,monitor,26121,653151,25024,1,0,0.000000,0.000000,0.000000,0.000000,0,0,172052,164289,-3,-4,-1.314742,-1.113214,2.079111,0.000000,0.000000,-1,,,,,,,,,,,,,,,,
82.115932,monitor,26122,653175,24996,1,0,0.000000,0.000000,0.000000,0.000000,0,0,172052,164289,-3,-4,-1.314742,-1.113214,2.079111,0.000000,0.000000,-1,,,,,,,,,,,,,,,,
82.150712,monitor,26123,653201,25000,1,0,0.000000,0.000000,0.000000,0.000000,0,0,172052,164289,-3,-4,-1.314742,-1.113214,2.079111,0.000000,0.000000,-1,,,,,,,,,,,,,,,,
82.167840,monitor,26124,653225,24980,1,0,0.000000,0.000000,0.000000,0.000000,0,0,172052,164289,-3,-4,-1.314742,-1.113214,2.079111,0.000000,0.000000,-1,,,,,,,,,,,,,,,,
82.203156,monitor,26125,653251,25020,1,0,0.000000,0.000000,0.000000,0.000000,0,0,172052,164289,-3,-4,-1.314742,-1.113214,2.079111,0.000000,0.000000,-1,,,,,,,,,,,,,,,,
82.214574,monitor,26126,653276,24976,1,0,0.000000,0.000000,0.000000,0.000000,0,0,172052,164289,-3,-4,-1.314742,-1.113214,2.079111,0.000000,0.000000,-1,,,,,,,,,,,,,,,,
82.254320,monitor,26127,653300,25016,1,0,0.000000,0.000000,0.000000,0.000000,0,0,172052,164289,-3,-4,-1.314742,-1.113214,2.079111,0.000000,0.000000,-1,,,,,,,,,,,,,,,,
82.265780,monitor,26128,653326,25008,1,0,0.000000,0.000000,0.000000,0.000000,0,0,172052,164289,-3,-4,-1.314742,-1.113214,2.079111,0.000000,0.000000,-1,,,,,,,,,,,,,,,,
82.309288,monitor,26129,653350,24976,1,0,0.000000,0.000000,0.000000,0.000000,0,0,172052,164289,-3,-4,-1.314742,-1.113214,2.079111,0.000000,0.000000,-1,,,,,,,,,,,,,,,,
82.320803,monitor,26130,653376,25012,1,0,0.000000,0.000000,0.000000,0.000000,0,0,172052,164289,-3,-4,-1.314742,-1.113214,2.079111,0.000000,0.000000,-1,,,,,,,,,,,,,,,,
82.343734,monitor,26131,653401,25016,1,0,0.000000,0.000000,0.000000,0.000000,0,0,172052,164289,-3,-4,-1.314742,-1.113214,2.079111,0.000000,0.000000,-1,,,,,,,,,,,,,,,,
82.368705,monitor,26132,653425,24972,1,0,0.000000,0.000000,0.000000,0.000000,0,0,172052,164289,-3,-4,-1.314742,-1.113214,2.079111,0.000000,0.000000,-1,,,,,,,,,,,,,,,,
82.397219,monitor,26133,653451,25020,1,0,0.000000,0.000000,0.000000,0.000000,0,0,172052,164289,-3,-4,-1.314742,-1.113214,2.079111,0.000000,0.000000,-1,,,,,,,,,,,,,,,,
82.422389,monitor,26134,653475,25004,1,0,0.000000,0.000000,0.000000,0.000000,0,0,172052,164289,-3,-4,-1.314742,-1.113214,2.079111,0.000000,0.000000,-1,,,,,,,,,,,,,,,,
82.444841,monitor,26135,653501,24976,1,0,0.000000,0.000000,0.000000,0.000000,0,0,172052,164289,-3,-4,-1.314742,-1.113214,2.079111,0.000000,0.000000,-1,,,,,,,,,,,,,,,,
82.471808,monitor,26136,653526,25008,1,0,0.000000,0.000000,0.000000,0.000000,0,0,172052,164289,-3,-4,-1.314742,-1.113214,2.079111,0.000000,0.000000,-1,,,,,,,,,,,,,,,,
82.494752,monitor,26137,653551,25012,1,0,0.000000,0.000000,0.000000,0.000000,0,0,172052,164289,-3,-4,-1.314742,-1.113214,2.079111,0.000000,0.000000,-1,,,,,,,,,,,,,,,,
82.523001,monitor,26138,653576,24996,1,0,0.000000,0.000000,0.000000,0.000000,0,0,172052,164289,-3,-4,-1.314742,-1.113214,2.079111,0.000000,0.000000,-1,,,,,,,,,,,,,,,,
82.545880,monitor,26139,653600,25004,1,0,0.000000,0.000000,0.000000,0.000000,0,0,172052,164289,-3,-4,-1.314742,-1.113214,2.079111,0.000000,0.000000,-1,,,,,,,,,,,,,,,,
82.573381,monitor,26140,653626,25004,1,0,0.000000,0.000000,0.000000,0.000000,0,0,172052,164289,-3,-4,-1.314742,-1.113214,2.079111,0.000000,0.000000,-1,,,,,,,,,,,,,,,,
82.595828,monitor,26141,653650,24988,1,0,0.000000,0.000000,0.000000,0.000000,0,0,172052,164289,-3,-4,-1.314742,-1.113214,2.079111,0.000000,0.000000,-1,,,,,,,,,,,,,,,,
82.623041,monitor,26142,653676,25008,1,0,0.000000,0.000000,0.000000,0.000000,0,0,172052,164289,-3,-4,-1.314742,-1.113214,2.079111,0.000000,0.000000,-1,,,,,,,,,,,,,,,,
82.645664,monitor,26143,653701,25004,1,0,0.000000,0.000000,0.000000,0.000000,0,0,172052,164289,-3,-4,-1.314742,-1.113214,2.079111,0.000000,0.000000,-1,,,,,,,,,,,,,,,,
82.674318,monitor,26144,653725,25008,1,0,0.000000,0.000000,0.000000,0.000000,0,0,172052,164289,-3,-4,-1.314742,-1.113214,2.079111,0.000000,0.000000,-1,,,,,,,,,,,,,,,,
82.697185,monitor,26145,653751,24984,1,0,0.000000,0.000000,0.000000,0.000000,0,0,172052,164289,-3,-4,-1.314742,-1.113214,2.079111,0.000000,0.000000,-1,,,,,,,,,,,,,,,,
82.728482,monitor,26146,653775,24984,1,0,0.000000,0.000000,0.000000,0.000000,0,0,172052,164289,-3,-4,-1.314742,-1.113214,2.079111,0.000000,0.000000,-1,,,,,,,,,,,,,,,,
82.745669,monitor,26147,653801,25000,1,0,0.000000,0.000000,0.000000,0.000000,0,0,172052,164289,-3,-4,-1.314742,-1.113214,2.079111,0.000000,0.000000,-1,,,,,,,,,,,,,,,,
82.780509,monitor,26148,653826,25000,1,0,0.000000,0.000000,0.000000,0.000000,0,0,172052,164289,-3,-4,-1.314742,-1.113214,2.079111,0.000000,0.000000,-1,,,,,,,,,,,,,,,,
82.797660,monitor,26149,653850,25020,1,0,0.000000,0.000000,0.000000,0.000000,0,0,172052,164289,-3,-4,-1.314742,-1.113214,2.079111,0.000000,0.000000,-1,,,,,,,,,,,,,,,,
82.832814,monitor,26150,653876,25004,1,0,0.000000,0.000000,0.000000,0.000000,0,0,172052,164289,-3,-4,-1.314742,-1.113214,2.079111,0.000000,0.000000,-1,,,,,,,,,,,,,,,,
82.849942,monitor,26151,653900,24976,1,0,0.000000,0.000000,0.000000,0.000000,0,0,172052,164289,-3,-4,-1.314742,-1.113214,2.079111,0.000000,0.000000,-1,,,,,,,,,,,,,,,,
82.885642,monitor,26152,653926,25000,1,0,0.000000,0.000000,0.000000,0.000000,0,0,172052,164289,-3,-4,-1.314742,-1.113214,2.079111,0.000000,0.000000,-1,,,,,,,,,,,,,,,,
82.902760,monitor,26153,653950,25008,1,0,0.000000,0.000000,0.000000,0.000000,0,0,172052,164289,-3,-4,-1.314742,-1.113214,2.079111,0.000000,0.000000,-1,,,,,,,,,,,,,,,,
82.939521,monitor,26154,653976,25008,1,0,0.000000,0.000000,0.000000,0.000000,0,0,172052,164289,-3,-4,-1.314742,-1.113214,2.079111,0.000000,0.000000,-1,,,,,,,,,,,,,,,,
82.951003,monitor,26155,654001,25016,1,0,0.000000,0.000000,0.000000,0.000000,0,0,172052,164289,-3,-4,-1.314742,-1.113214,2.079111,0.000000,0.000000,-1,,,,,,,,,,,,,,,,
82.973804,monitor,26156,654025,24984,1,0,0.000000,0.000000,0.000000,0.000000,0,0,172052,164289,-3,-4,-1.314742,-1.113214,2.079111,0.000000,0.000000,-1,,,,,,,,,,,,,,,,
83.003660,monitor,26157,654051,25012,1,0,0.000000,0.000000,0.000000,0.000000,0,0,172052,164289,-3,-4,-1.314742,-1.113214,2.079111,0.000000,0.000000,-1,,,,,,,,,,,,,,,,
83.026210,monitor,26158,654075,24984,1,0,0.000000,0.000000,0.000000,0.000000,0,0,172052,164289,-3,-4,-1.314742,-1.113214,2.079111,0.000000,0.000000,-1,,,,,,,,,,,,,,,,
83.055697,monitor,26159,654101,24996,1,0,0.000000,0.000000,0.000000,0.000000,0,0,172052,164289,-3,-4,-1.314742,-1.113214,2.079111,0.000000,0.000000,-1,,,,,,,,,,,,,,,,
83.078640,monitor,26160,654126,24996,1,0,0.000000,0.000000,0.000000,0.000000,0,0,172052,164289,-3,-4,-1.314742,-1.113214,2.079111,0.000000,0.000000,-1,,,,,,,,,,,,,,,,
83.102292,monitor,26161,654150,25008,1,0,0.000000,0.000000,0.000000,0.000000,0,0,172052,164289,-3,-4,-1.314742,-1.113214,2.079111,0.000000,0.000000,-1,,,,,,,,,,,,,,,,
83.130824,monitor,26162,654176,24992,1,0,0.000000,0.000000,0.000000,0.000000,0,0,172052,164289,-3,-4,-1.314742,-1.113214,2.079111,0.000000,0.000000,-1,,,,,,,,,,,,,,,,
83.155206,monitor,26163,654200,24996,1,0,0.000000,0.000000,0.000000,0.000000,0,0,172052,164289,-3,-4,-1.314742,-1.113214,2.079111,0.000000,0.000000,-1,,,,,,,,,,,,,,,,
83.177983,monitor,26164,654226,25000,1,0,0.000000,0.000000,0.000000,0.000000,0,0,172052,164289,-3,-4,-1.314742,-1.113214,2.079111,0.000000,0.000000,-1,,,,,,,,,,,,,,,,
83.206872,monitor,26165,654251,25000,1,0,0.000000,0.000000,0.000000,0.000000,0,0,172052,164289,-3,-4,-1.314742,-1.113214,2.079111,0.000000,0.000000,-1,,,,,,,,,,,,,,,,
83.229667,monitor,26166,654276,25016,1,0,0.000000,0.000000,0.000000,0.000000,0,0,172052,164289,-3,-4,-1.314742,-1.113214,2.079111,0.000000,0.000000,-1,,,,,,,,,,,,,,,,
83.252997,monitor,26167,654301,24996,1,0,0.000000,0.000000,0.000000,0.000000,0,0,172052,164289,-3,-4,-1.314742,-1.113214,2.079111,0.000000,0.000000,-1,,,,,,,,,,,,,,,,
83.281494,monitor,26168,654325,24988,1,0,0.000000,0.000000,0.000000,0.000000,0,0,172052,164289,-3,-4,-1.314742,-1.113214,2.079111,0.000000,0.000000,-1,,,,,,,,,,,,,,,,
83.304655,monitor,26169,654351,25028,1,0,0.000000,0.000000,0.000000,0.000000,0,0,172052,164289,-3,-4,-1.314742,-1.113214,2.079111,0.000000,0.000000,-1,,,,,,,,,,,,,,,,
83.327547,monitor,26170,654375,24988,1,0,0.000000,0.000000,0.000000,0.000000,0,0,172052,164289,-3,-4,-1.314742,-1.113214,2.079111,0.000000,0.000000,-1,,,,,,,,,,,,,,,,
83.359091,monitor,26171,654401,25004,1,0,0.000000,0.000000,0.000000,0.000000,0,0,172052,164289,-3,-4,-1.314742,-1.113214,2.079111,0.000000,0.000000,-1,,,,,,,,,,,,,,,,
83.382112,monitor,26172,654426,24996,1,0,0.000000,0.000000,0.000000,0.000000,0,0,172052,164289,-3,-4,-1.314742,-1.113214,2.079111,0.000000,0.000000,-1,,,,,,,,,,,,,,,,
83.411552,monitor,26173,654450,25004,1,0,0.000000,0.000000,0.000000,0.000000,0,0,172052,164289,-3,-4,-1.314742,-1.113214,2.079111,0.000000,0.000000,-1,,,,,,,,,,,,,,,,
83.428729,monitor,26174,654476,24984,1,0,0.000000,0.000000,0.000000,0.000000,0,0,172052,164289,-3,-4,-1.314742,-1.113214,2.079111,0.000000,0.000000,-1,,,,,,,,,,,,,,,,
83.464923,monitor,26175,654500,24996,1,0,0.000000,0.000000,0.000000,0.000000,0,0,172052,164289,-3,-4,-1.314742,-1.113214,2.079111,0.000000,0.000000,-1,,,,,,,,,,,,,,,,
83.482037,monitor,26176,654526,25004,1,0,0.000000,0.000000,0.000000,0.000000,0,0,172052,164289,-3,-4,-1.314742,-1.113214,2.079111,0.000000,0.000000,-1,,,,,,,,,,,,,,,,
83.517232,monitor,26177,654551,24996,1,0,0.000000,0.000000,0.000000,0.000000,0,0,172052,164289,-3,-4,-1.314742,-1.113214,2.079111,0.000000,0.000000,-1,,,,,,,,,,,,,,,,
83.534388,monitor,26178,654575,25012,1,0,0.000000,0.000000,0.000000,0.000000,0,0,172052,164289,-3,-4,-1.314742,-1.113214,2.079111,0.000000,0.000000,-1,,,,,,,,,,,,,,,,
83.569241,monitor,26179,654601,24992,1,0,0.000000,0.000000,0.000000,0.000000,0,0,172052,164289,-3,-4,-1.314742,-1.113214,2.079111,0.000000,0.000000,-1,,,,,,,,,,,,,,,,
83.580743,monitor,26180,654625,25004,1,0,0.000000,0.000000,0.000000,0.000000,0,0,172052,164289,-3,-4,-1.314742,-1.113214,2.079111,0.000000,0.000000,-1,,,,,,,,,,,,,,,,
83.621280,monitor,26181,654651,25024,1,0,0.000000,0.000000,0.000000,0.000000,0,0,172052,164289,-3,-4,-1.314742,-1.113214,2.079111,0.000000,0.000000,-1,,,,,,,,,,,,,,,,
83.632738,monitor,26182,654675,24992,1,0,0.000000,0.000000,0.000000,0.000000,0,0,172052,164289,-3,-4,-1.314742,-1.113214,2.079111,0.000000,0.000000,-1,,,,,,,,,,,,,,,,
83.674115,monitor,26183,654701,25004,1,0,0.000000,0.000000,0.000000,0.000000,0,0,172052,164289,-3,-4,-1.314742,-1.113214,2.079111,0.000000,0.000000,-1,,,,,,,,,,,,,,,,
83.685540,monitor,26184,654726,24980,1,0,0.000000,0.000000,0.000000,0.000000,0,0,172052,164289,-3,-4,-1.314742,-1.113214,2.079111,0.000000,0.000000,-1,,,,,,,,,,,,,,,,
83.708327,monitor,26185,654750,24996,1,0,0.000000,0.000000,0.000000,0.000000,0,0,172052,164289,-3,-4,-1.314742,-1.113214,2.079111,0.000000,0.000000,-1,,,,,,,,,,,,,,,,
83.737982,monitor,26186,654776,25024,1,0,0.000000,0.000000,0.000000,0.000000,0,0,172052,164289,-3,-4,-1.314742,-1.113214,2.079111,0.000000,0.000000,-1,,,,,,,,,,,,,,,,
83.760840,monitor,26187,654800,24996,1,0,0.000000,0.000000,0.000000,0.000000,0,0,172052,164289,-3,-4,-1.314742,-1.113214,2.079111,0.000000,0.000000,-1,,,,,,,,,,,,,,,,
83.785951,monitor,26188,654826,24976,1,0,0.000000,0.000000,0.000000,0.000000,0,0,172052,164289,-3,-4,-1.314742,-1.113214,2.079111,0.000000,0.000000,-1,,,,,,,,,,,,,,,,
83.808784,monitor,26189,654851,25024,1,0,0.000000,0.000000,0.000000,0.000000,0,0,172052,164289,-3,-4,-1.314742,-1.113214,2.079111,0.000000,0.000000,-1,,,,,,,,,,,,,,,,
83.837402,monitor,26190,654875,24996,1,0,0.000000,0.000000,0.000000,0.000000,0,0,172052,164289,-3,-4,-1.314742,-1.113214,2.079111,0.000000,0.000000,-1,,,,,,,,,,,,,,,,
83.860255,monitor,26191,654901,25012,1,0,0.000000,0.000000,0.000000,0.000000,0,0,172052,164289,-3,-4,-1.314742,-1.113214,2.079111,0.000000,0.000000,-1,,,,,,,,,,,,,,,,
83.884148,monitor,26192,654925,24992,1,0,0.000000,0.000000,0.000000,0.000000,0,0,172052,164289,-3,-4,-1.314742,-1.113214,2.079111,0.000000,0.000000,-1,,,,,,,,,,,,,,,,
83.912656,monitor,26193,654951,24992,1,0,0.000000,0.000000,0.000000,0.000000,0,0,172052,164289,-3,-4,-1.314742,-1.113214,2.079111,0.000000,0.000000,-1,,,,,,,,,,,,,,,,
83.940569,monitor,26194,654976,24996,1,0,0.000000,0.000000,0.000000,0.000000,0,0,172052,164289,-3,-4,-1.314742,-1.113214,2.079111,0.000000,0.000000,-1,,,,,,,,,,,,,,,,
83.963395,monitor,26195,655001,25000,1,0,0.000000,0.000000,0.000000,0.000000,0,0,172052,164289,-3,-4,-1.314742,-1.113214,2.079111,0.000000,0.000000,-1,,,,,,,,,,,,,,,,
83.986703,monitor,26196,655026,25016,1,0,0.000000,0.000000,0.000000,0.000000,0,0,172052,164289,-3,-4,-1.314742,-1.113214,2.079111,0.000000,0.000000,-1,,,,,,,,,,,,,,,,
84.014890,monitor,26197,655050,24996,1,0,0.000000,0.000000,0.000000,0.000000,0,0,172052,164289,-3,-4,-1.314742,-1.113214,2.079111,0.000000,0.000000,-1,,,,,,,,,,,,,,,,
84.039197,monitor,26198,655076,24976,1,0,0.000000,0.000000,0.000000,0.000000,0,0,172052,164289,-3,-4,-1.314742,-1.113214,2.079111,0.000000,0.000000,-1,,,,,,,,,,,,,,,,
84.062119,monitor,26199,655100,25008,1,0,0.000000,0.000000,0.000000,0.000000,0,0,172052,164289,-3,-4,-1.314742,-1.113214,2.079111,0.000000,0.000000,-1,,,,,,,,,,,,,,,,
84.093084,monitor,26200,655126,25012,1,0,0.000000,0.000000,0.000000,0.000000,0,0,172052,164289,-3,-4,-1.314742,-1.113214,2.079111,0.000000,0.000000,-1,,,,,,,,,,,,,,,,
84.116094,monitor,26201,655151,24992,1,0,0.000000,0.000000,0.000000,0.000000,0,0,172052,164289,-3,-4,-1.314742,-1.113214,2.079111,0.000000,0.000000,-1,,,,,,,,,,,,,,,,
84.143896,monitor,26202,655175,25000,1,0,0.000000,0.000000,0.000000,0.000000,0,0,172052,164289,-3,-4,-1.314742,-1.113214,2.079111,0.000000,0.000000,-1,,,,,,,,,,,,,,,,
84.166736,monitor,26203,655201,25016,1,0,0.000000,0.000000,0.000000,0.000000,0,0,172052,164289,-3,-4,-1.314742,-1.113214,2.079111,0.000000,0.000000,-1,,,,,,,,,,,,,,,,
84.196239,monitor,26204,655225,24972,1,0,0.000000,0.000000,0.000000,0.000000,0,0,172052,164289,-3,-4,-1.314742,-1.113214,2.079111,0.000000,0.000000,-1,,,,,,,,,,,,,,,,
84.213331,monitor,26205,655251,25008,1,0,0.000000,0.000000,0.000000,0.000000,0,0,172052,164289,-3,-4,-1.314742,-1.113214,2.079111,0.000000,0.000000,-1,,,,,,,,,,,,,,,,
84.250279,monitor,26206,655276,25012,1,0,0.000000,0.000000,0.000000,0.000000,0,0,172052,164289,-3,-4,-1.314742,-1.113214,2.079111,0.000000,0.000000,-1,,,,,,,,,,,,,,,,
84.267546,monitor,26207,655301,24984,1,0,0.000000,0.000000,0.000000,0.000000,0,0,172052,164289,-3,-4,-1.314742,-1.113214,2.079111,0.000000,0.000000,-1,,,,,,,,,,,,,,,,
84.303368,monitor,26208,655326,25028,1,0,0.000000,0.000000,0.000000,0.000000,0,0,172052,164289,-3,-4,-1.314742,-1.113214,2.079111,0.000000,0.000000,-1,,,,,,,,,,,,,,,,
84.314843,monitor,26209,655350,24980,1,0,0.000000,0.000000,0.000000,0.000000,0,0,172052,164289,-3,-4,-1.314742,-1.113214,2.079111,0.000000,0.000000,-1,,,,,,,,,,,,,,,,
84.354895,monitor,26210,655376,25016,1,0,0.000000,0.000000,0.000000,0.000000,0,0,172052,164289,-3,-4,-1.314742,-1.113214,2.079111,0.000000,0.000000,-1,,,,,,,,,,,,,,,,
84.366341,monitor,26211,655400,24988,1,0,0.000000,0.000000,0.000000,0.000000,0,0,172052,164289,-3,-4,-1.314742,-1.113214,2.079111,0.000000,0.000000,-1,,,,,,,,,,,,,,,,
84.407651,monitor,26212,655426,24996,1,0,0.000000,0.000000,0.000000,0.000000,0,0,172052,164289,-3,-4,-1.314742,-1.113214,2.079111,0.000000,0.000000,-1,,,,,,,,,,,,,,,,
84.418735,monitor,26213,655451,24988,1,0,0.000000,0.000000,0.000000,0.000000,0,0,172052,164289,-3,-4,-1.314742,-1.113214,2.079111,0.000000,0.000000,-1,,,,,,,,,,,,,,,,
84.441345,monitor,26214,655475,25012,1,0,0.000000,0.000000,0.000000,0.000000,0,0,172052,164289,-3,-4,-1.314742,-1.113214,2.079111,0.000000,0.000000,-1,,,,,,,,,,,,,,,,
84.471106,monitor,26215,655501,25004,1,0,0.000000,0.000000,0.000000,0.000000,0,0,172052,164289,-3,-4,-1.314742,-1.113214,2.079111,0.000000,0.000000,-1,,,,,,,,,,,,,,,,
84.493839,monitor,26216,655525,24992,1,0,0.000000,0.000000,0.000000,0.000000,0,0,172052,164289,-3,-4,-1.314742,-1.113214,2.079111,0.000000,0.000000,-1,,,,,,,,,,,,,,,,
84.518785,monitor,26217,655551,25012,1,0,0.000000,0.000000,0.000000,0.000000,0,0,172052,164289,-3,-4,-1.314742,-1.113214,2.079111,0.000000,0.000000,-1,,,,,,,,,,,,,,,,
84.546837,monitor,26218,655576,24980,1,0,0.000000,0.000000,0.000000,0.000000,0,0,172052,164289,-3,-4,-1.314742,-1.113214,2.079111,0.000000,0.000000,-1,,,,,,,,,,,,,,,,
84.566986,monitor,26219,655600,25024,1,0,0.000000,0.000000,0.000000,0.000000,0,0,172052,164289,-3,-4,-1.314742,-1.113214,2.079111,0.000000,0.000000,-1,,,,,,,,,,,,,,,,
84.594425,monitor,26220,655626,25004,1,0,0.000000,0.000000,0.000000,0.000000,0,0,172052,164289,-3,-4,-1.314742,-1.113214,2.079111,0.000000,0.000000,-1,,,,,,,,,,,,,,,,
84.617860,monitor,26221,655650,24976,1,0,0.000000,0.000000,0.000000,0.000000,0,0,172052,164289,-3,-4,-1.314742,-1.113214,2.079111,0.000000,0.000000,-1,,,,,,,,,,,,,,,,
84.646361,monitor,26222,655676,25028,1,0,0.000000,0.000000,0.000000,0.000000,0,0,172052,164289,-3,-4,-1.314742,-1.113214,2.079111,0.000000,0.000000,-1,,,,,,,,,,,,,,,,
84.667853,monitor,26223,655700,24984,1,0,0.000000,0.000000,0.000000,0.000000,0,0,172052,164289,-3,-4,-1.314742,-1.113214,2.079111,0.000000,0.000000,-1,,,,,,,,,,,,,,,,
84.695988,monitor,26224,655726,25000,1,0,0.000000,0.000000,0.000000,0.000000,0,0,172052,164289,-3,-4,-1.314742,-1.113214,2.079111,0.000000,0.000000,-1,,,,,,,,,,,,,,,,
84.726047,monitor,26225,655751,24984,1,0,0.000000,0.000000,0.000000,0.000000,0,0,172052,164289,-3,-4,-1.314742,-1.113214,2.079111,0.000000,0.000000,-1,,,,,,,,,,,,,,,,
84.749068,monitor,26226,655775,25008,1,0,0.000000,0.000000,0.000000,0.000000,0,0,172052,164289,-3,-4,-1.314742,-1.113214,2.079111,0.000000,0.000000,-1,,,,,,,,,,,,,,,,
84.776474,monitor,26227,655801,24996,1,0,0.000000,0.000000,0.000000,0.000000,0,0,172052,164289,-3,-4,-1.314742,-1.113214,2.079111,0.000000,0.000000,-1,,,,,,,,,,,,,,,,
84.799345,monitor,26228,655825,25016,1,0,0.000000,0.000000,0.000000,0.000000,0,0,172052,164289,-3,-4,-1.314742,-1.113214,2.079111,0.000000,0.000000,-1,,,,,,,,,,,,,,,,
84.826676,monitor,26229,655851,25012,1,0,0.000000,0.000000,0.000000,0.000000,0,0,172052,164289,-3,-4,-1.314742,-1.113214,2.079111,0.000000,0.000000,-1,,,,,,,,,,,,,,,,
84.848501,monitor,26230,655876,24984,1,0,0.000000,0.000000,0.000000,0.000000,0,0,172052,164289,-3,-4,-1.314742,-1.113214,2.079111,0.000000,0.000000,-1,,,,,,,,,,,,,,,,
84.882200,monitor,26231,655900,24984,1,0,0.000000,0.000000,0.000000,0.000000,0,0,172052,164289,-3,-4,-1.314742,-1.113214,2.079111,0.000000,0.000000,-1,,,,,,,,,,,,,,,,
84.899369,monitor,26232,655926,25024,1,0,0.000000,0.000000,0.000000,0.000000,0,0,172052,164289,-3,-4,-1.314742,-1.113214,2.079111,0.000000,0.000000,-1,,,,,,,,,,,,,,,,
84.934486,monitor,26233,655950,24984,1,0,0.000000,0.000000,0.000000,0.000000,0,0,172052,164289,-3,-4,-1.314742,-1.113214,2.079111,0.000000,0.000000,-1,,,,,,,,,,,,,,,,
84.945925,monitor,26234,655976,25004,1,0,0.000000,0.000000,0.000000,0.000000,0,0,172052,164289,-3,-4,-1.314742,-1.113214,2.079111,0.000000,0.000000,-1,,,,,,,,,,,,,,,,
84.985965,monitor,26235,656001,24988,1,0,0.000000,0.000000,0.000000,0.000000,0,0,172052,164289,-3,-4,-1.314742,-1.113214,2.079111,0.000000,0.000000,-1,,,,,,,,,,,,,,,,
84.997459,monitor,26236,656025,25004,1,0,0.000000,0.000000,0.000000,0.000000,0,0,172052,164289,-3,-4,-1.314742,-1.113214,2.079111,0.000000,0.000000,-1,,,,,,,,,,,,,,,,
85.039952,monitor,26237,656051,25012,1,0,0.000000,0.000000,0.000000,0.000000,0,0,172052,164289,-3,-4,-1.314742,-1.113214,2.079111,0.000000,0.000000,-1,,,,,,,,,,,,,,,,
85.051434,monitor,26238,656075,25012,1,0,0.000000,0.000000,0.000000,0.000000,0,0,172052,164289,-3,-4,-1.314742,-1.113214,2.079111,0.000000,0.000000,-1,,,,,,,,,,,,,,,,
85.074323,monitor,26239,656101,24984,1,0,0.000000,0.000000,0.000000,0.000000,0,0,172052,164289,-3,-4,-1.314742,-1.113214,2.079111,0.000000,0.000000,-1,,,,,,,,,,,,,,,,
85.099006,monitor,26240,656125,25012,1,0,0.000000,0.000000,0.000000,0.000000,0,0,172052,164289,-3,-4,-1.314742,-1.113214,2.079111,0.000000,0.000000,-1,,,,,,,,,,,,,,,,
85.127566,monitor,26241,656151,25004,1,0,0.000000,0.000000,0.000000,0.000000,0,0,172052,164289,-3,-4,-1.314742,-1.113214,2.079111,0.000000,0.000000,-1,,,,,,,,,,,,,,,,
85.149778,monitor,26242,656176,24988,1,0,0.000000,0.000000,0.000000,0.000000,0,0,172052,164289,-3,-4,-1.314742,-1.113214,2.079111,0.000000,0.000000,-1,,,,,,,,,,,,,,,,
85.178454,monitor,26243,656200,24992,1,0,0.000000,0.000000,0.000000,0.000000,0,0,172052,164289,-3,-4,-1.314742,-1.113214,2.079111,0.000000,0.000000,-1,,,,,,,,,,,,,,,,
85.206347,monitor,26244,656226,24992,1,0,0.000000,0.000000,0.000000,0.000000,0,0,172052,164289,-3,-4,-1.314742,-1.113214,2.079111,0.000000,0.000000,-1,,,,,,,,,,,,,,,,
85.229305,monitor,26245,656250,25000,1,0,0.000000,0.000000,0.000000,0.000000,0,0,172052,164289,-3,-4,-1.314742,-1.113214,2.079111,0.000000,0.000000,-1,,,,,,,,,,,,,,,,
85.254074,monitor,26246,656276,25024,1,0,0.000000,0.000000,0.000000,0.000000,0,0,172052,164289,-3,-4,-1.314742,-1.113214,2.079111,0.000000,0.000000,-1,,,,,,,,,,,,,,,,
85.277055,monitor,26247,656301,25000,1,0,0.000000,0.000000,0.000000,0.000000,0,0,172052,164289,-3,-4,-1.314742,-1.113214,2.079111,0.000000,0.000000,-1,,,,,,,,,,,,,,,,
85.304995,monitor,26248,656325,24976,1,0,0.000000,0.000000,0.000000,0.000000,0,0,172052,164289,-3,-4,-1.314742,-1.113214,2.079111,0.000000,0.000000,-1,,,,,,,,,,,,,,,,
85.327902,monitor,26249,656351,25000,1,0,0.000000,0.000000,0.000000,0.000000,0,0,172052,164289,-3,-4,-1.314742,-1.113214,2.079111,0.000000,0.000000,-1,,,,,,,,,,,,,,,,
85.351792,monitor,26250,656375,25016,1,0,0.000000,0.000000,0.000000,0.000000,0,0,172052,164289,-3,-4,-1.314742,-1.113214,2.079111,0.000000,0.000000,-1,,,,,,,,,,,,,,,,
85.380327,monitor,26251,656401,24984,1,0,0.000000,0.000000,0.000000,0.000000,0,0,172052,164289,-3,-4,-1.314742,-1.113214,2.079111,0.000000,0.000000,-1,,,,,,,,,,,,,,,,
85.404160,monitor,26252,656425,25008,1,0,0.000000,0.000000,0.000000,0.000000,0,0,172052,164289,-3,-4,-1.314742,-1.113214,2.079111,0.000000,0.000000,-1,,,,,,,,,,,,,,,,
85.427049,monitor,26253,656451,24992,1,0,0.000000,0.000000,0.000000,0.000000,0,0,172052,164289,-3,-4,-1.314742,-1.113214,2.079111,0.000000,0.000000,-1,,,,,,,,,,,,,,,,
85.456715,monitor,26254,656476,25000,1,0,0.000000,0.000000,0.000000,0.000000,0,0,172052,164289,-3,-4,-1.314742,-1.113214,2.079111,0.000000,0.000000,-1,,,,,,,,,,,,,,,,
85.479515,monitor,26255,656500,25024,1,0,0.000000,0.000000,0.000000,0.000000,0,0,172052,164289,-3,-4,-1.314742,-1.113214,2.079111,0.000000,0.000000,-1,,,,,,,,,,,,,,,,
85.507629,monitor,26256,656526,24988,1,0,0.000000,0.000000,0.000000,0.000000,0,0,172052,164289,-3,-4,-1.314742,-1.113214,2.079111,0.000000,0.000000,-1,,,,,,,,,,,,,,,,
85.530512,monitor,26257,656550,24996,1,0,0.000000,0.000000,0.000000,0.000000,0,0,172052,164289,-3,-4,-1.314742,-1.113214,2.079111,0.000000,0.000000,-1,,,,,,,,,,,,,,,,
85.561746,monitor,26258,656576,25016,1,0,0.000000,0.000000,0.000000,0.000000,0,0,172052,164289,-3,-4,-1.314742,-1.113214,2.079111,0.000000,0.000000,-1,,,,,,,,,,,,,,,,
85.578938,monitor,26259,656601,24996,1,0,0.000000,0.000000,0.000000,0.000000,0,0,172052,164289,-3,-4,-1.314742,-1.113214,2.079111,0.000000,0.000000,-1,,,,,,,,,,,,,,,,
85.613901,monitor,26260,656625,25000,1,0,0.000000,0.000000,0.000000,0.000000,0,0,172052,164289,-3,-4,-1.314742,-1.113214,2.079111,0.000000,0.000000,-1,,,,,,,,,,,,,,,,
85.631084,monitor,26261,656651,24996,1,0,0.000000,0.000000,0.000000,0.000000,0,0,172052,164289,-3,-4,-1.314742,-1.113214,2.079111,0.000000,0.000000,-1,,,,,,,,,,,,,,,,
85.665585,monitor,26262,656675,24988,1,0,0.000000,0.000000,0.000000,0.000000,0,0,172052,164289,-3,-4,-1.314742,-1.113214,2.079111,0.000000,0.000000,-1,,,,,,,,,,,,,,,,
85.682734,monitor,26263,656701,25012,1,0,0.000000,0.000000,0.000000,0.000000,0,0,172052,164289,-3,-4,-1.314742,-1.113214,2.079111,0.000000,0.000000,-1,,,,,,,,,,,,,,,,
85.716843,monitor,26264,656726,25004,1,0,0.000000,0.000000,0.000000,0.000000,0,0,172052,164289,-3,-4,-1.314742,-1.113214,2.079111,0.000000,0.000000,-1,,,,,,,,,,,,,,,,
85.733545,monitor,26265,656751,24980,1,0,0.000000,0.000000,0.000000,0.000000,0,0,172052,164289,-3,-4,-1.314742,-1.113214,2.079111,0.000000,0.000000,-1,,,,,,,,,,,,,,,,
85.770043,monitor,26266,656776,25004,1,0,0.000000,0.000000,0.000000,0.000000,0,0,172052,164289,-3,-4,-1.314742,-1.113214,2.079111,0.000000,0.000000,-1,,,,,,,,,,,,,,,,
85.781541,monitor,26267,656800,25020,1,0,0.000000,0.000000,0.000000,0.000000,0,0,172052,164289,-3,-4,-1.314742,-1.113214,2.079111,0.000000,0.000000,-1,,,,,,,,,,,,,,,,
85.822718,monitor,26268,656826,24992,1,0,0.000000,0.000000,0.000000,0.000000,0,0,172052,164289,-3,-4,-1.314742,-1.113214,2.079111,0.000000,0.000000,-1,,,,,,,,,,,,,,,,
85.834227,monitor,26269,656850,25004,1,0,0.000000,0.000000,0.000000,0.000000,0,0,172052,164289,-3,-4,-1.314742,-1.113214,2.079111,0.000000,0.000000,-1,,,,,,,,,,,,,,,,
85.857175,monitor,26270,656876,24992,1,0,0.000000,0.000000,0.000000,0.000000,0,0,172052,164289,-3,-4,-1.314742,-1.113214,2.079111,0.000000,0.000000,-1,,,,,,,,,,,,,,,,
85.884235,monitor,26271,656901,25008,1,0,0.000000,0.000000,0.000000,0.000000,0,0,172052,164289,-3,-4,-1.314742,-1.113214,2.079111,0.000000,0.000000,-1,,,,,,,,,,,,,,,,
85.907140,monitor,26272,656925,25004,1,0,0.000000,0.000000,0.000000,0.000000,0,0,172052,164289,-3,-4,-1.314742,-1.113214,2.079111,0.000000,0.000000,-1,,,,,,,,,,,,,,,,
85.937109,monitor,26273,656951,24996,1,0,0.000000,0.000000,0.000000,0.000000,0,0,172052,164289,-3,-4,-1.314742,-1.113214,2.079111,0.000000,0.000000,-1,,,,,,,,,,,,,,,,
85.959911,monitor,26274,656975,25000,1,0,0.000000,0.000000,0.000000,0.000000,0,0,172052,164289,-3,-4,-1.314742,-1.113214,2.079111,0.000000,0.000000,-1,,,,,,,,,,,,,,,,
85.985494,monitor,26275,657001,24988,1,0,0.000000,0.000000,0.000000,0.000000,0,0,172052,164289,-3,-4,-1.314742,-1.113214,2.079111,0.000000,0.000000,-1,,,,,,,,,,,,,,,,
86.008279,monitor,26276,657026,25012,1,0,0.000000,0.000000,0.000000,0.000000,0,0,172052,164289,-3,-4,-1.314742,-1.113214,2.079111,0.000000,0.000000,-1,,,,,,,,,,,,,,,,
86.037456,monitor,26277,657050,24988,1,0,0.000000,0.000000,0.000000,0.000000,0,0,172052,164289,-3,-4,-1.314742,-1.113214,2.079111,0.000000,0.000000,-1,,,,,,,,,,,,,,,,
86.060227,monitor,26278,657076,25016,1,0,0.000000,0.000000,0.000000,0.000000,0,0,172052,164289,-3,-4,-1.314742,-1.113214,2.079111,0.000000,0.000000,-1,,,,,,,,,,,,,,,,
86.087905,monitor,26279,657100,24992,1,0,0.000000,0.000000,0.000000,0.000000,0,0,172052,164289,-3,-4,-1.314742,-1.113214,2.079111,0.000000,0.000000,-1,,,,,,,,,,,,,,,,
86.110916,monitor,26280,657126,24992,1,0,0.000000,0.000000,0.000000,0.000000,0,0,172052,164289,-3,-4,-1.314742,-1.113214,2.079111,0.000000,0.000000,-1,,,,,,,,,,,,,,,,
86.139632,monitor,26281,657150,25016,1,0,0.000000,0.000000,0.000000,0.000000,0,0,172052,164289,-3,-4,-1.314742,-1.113214,2.079111,0.000000,0.000000,-1,,,,,,,,,,,,,,,,
86.162420,monitor,26282,657176,24976,1,0,0.000000,0.000000,0.000000,0.000000,0,0,172052,164289,-3,-4,-1.314742,-1.113214,2.079111,0.000000,0.000000,-1,,,,,,,,,,,,,,,,
86.192027,monitor,26283,657201,25020,1,0,0.000000,0.000000,0.000000,0.000000,0,0,172052,164289,-3,-4,-1.314742,-1.113214,2.079111,0.000000,0.000000,-1,,,,,,,,,,,,,,,,
86.214919,monitor,26284,657225,24996,1,0,0.000000,0.000000,0.000000,0.000000,0,0,172052,164289,-3,-4,-1.314742,-1.113214,2.079111,0.000000,0.000000,-1,,,,,,,,,,,,,,,,
86.243453,monitor,26285,657251,24992,1,0,0.000000,0.000000,0.000000,0.000000,0,0,172052,164289,-3,-4,-1.314742,-1.113214,2.079111,0.000000,0.000000,-1,,,,,,,,,,,,,,,,
86.271649,monitor,26286,657275,24996,1,0,0.000000,0.000000,0.000000,0.000000,0,0,172052,164289,-3,-4,-1.314742,-1.113214,2.079111,0.000000,0.000000,-1,,,,,,,,,,,,,,,,
86.295927,monitor,26287,657301,25028,1,0,0.000000,0.000000,0.000000,0.000000,0,0,172052,164289,-3,-4,-1.314742,-1.113214,2.079111,0.000000,0.000000,-1,,,,,,,,,,,,,,,,
86.313070,monitor,26288,657326,24980,1,0,0.000000,0.000000,0.000000,0.000000,0,0,172052,164289,-3,-4,-1.314742,-1.113214,2.079111,0.000000,0.000000,-1,,,,,,,,,,,,,,,,
86.349236,monitor,26289,657350,25004,1,0,0.000000,0.000000,0.000000,0.000000,0,0,172052,164289,-3,-4,-1.314742,-1.113214,2.079111,0.000000,0.000000,-1,,,,,,,,,,,,,,,,
86.366453,monitor,26290,657376,24984,1,0,0.000000,0.000000,0.000000,0.000000,0,0,172052,164289,-3,-4,-1.314742,-1.113214,2.079111,0.000000,0.000000,-1,,,,,,,,,,,,,,,,
86.400092,monitor,26291,657400,25012,1,0,0.000000,0.000000,0.000000,0.000000,0,0,172052,164289,-3,-4,-1.314742,-1.113214,2.079111,0.000000,0.000000,-1,,,,,,,,,,,,,,,,
86.417347,monitor,26292,657426,25012,1,0,0.000000,0.000000,0.000000,0.000000,0,0,172052,164289,-3,-4,-1.314742,-1.113214,2.079111,0.000000,0.000000,-1,,,,,,,,,,,,,,,,
86.454014,monitor,26293,657451,24976,1,0,0.000000,0.000000,0.000000,0.000000,0,0,172052,164289,-3,-4,-1.314742,-1.113214,2.079111,0.000000,0.000000,-1,,,,,,,,,,,,,,,,
86.465464,monitor,26294,657476,25012,1,0,0.000000,0.000000,0.000000,0.000000,0,0,172052,164289,-3,-4,-1.314742,-1.113214,2.079111,0.000000,0.000000,-1,,,,,,,,,,,,,,,,
86.508984,monitor,26295,657501,24992,1,0,0.000000,0.000000,0.000000,0.000000,0,0,172052,164289,-3,-4,-1.314742,-1.113214,2.079111,0.000000,0.000000,-1,,,,,,,,,,,,,,,,
86.514823,monitor,26296,657525,25000,1,0,0.000000,0.000000,0.000000,0.000000,0,0,172052,164289,-3,-4,-1.314742,-1.113214,2.079111,0.000000,0.000000,-1,,,,,,,,,,,,,,,,
86.554872,monitor,26297,657551,25008,1,0,0.000000,0.000000,0.000000,0.000000,0,0,172052,164289,-3,-4,-1.314742,-1.113214,2.079111,0.000000,0.000000,-1,,,,,,,,,,,,,,,,
86.566307,monitor,26298,657575,25004,1,0,0.000000,0.000000,0.000000,0.000000,0,0,172052,164289,-3,-4,-1.314742,-1.113214,2.079111,0.000000,0.000000,-1,,,,,,,,,,,,,,,,
86.606797,monitor,26299,657601,24996,1,0,0.000000,0.000000,0.000000,0.000000,0,0,172052,164289,-3,-4,-1.314742,-1.113214,2.079111,0.000000,0.000000,-1,,,,,,,,,,,,,,,,
86.618352,monitor,26300,657626,24996,1,0,0.000000,0.000000,0.000000,0.000000,0,0,172052,164289,-3,-4,-1.314742,-1.113214,2.079111,0.000000,0.000000,-1,,,,,,,,,,,,,,,,
86.640912,monitor,26301,657650,25008,1,0,0.000000,0.000000,0.000000,0.000000,0,0,172052,164289,-3,-4,-1.314742,-1.113214,2.079111,0.000000,0.000000,-1,,,,,,,,,,,,,,,,
86.667509,monitor,26302,657676,24988,1,0,0.000000,0.000000,0.000000,0.000000,0,0,172052,164289,-3,-4,-1.314742,-1.113214,2.079111,0.000000,0.000000,-1,,,,,,,,,,,,,,,,
86.696125,monitor,26303,657700,25024,1,0,0.000000,0.000000,0.000000,0.000000,0,0,172052,164289,-3,-4,-1.314742,-1.113214,2.079111,0.000000,0.000000,-1,,,,,,,,,,,,,,,,
86.721111,monitor,26304,657726,24972,1,0,0.000000,0.000000,0.000000,0.000000,0,0,172052,164289,-3,-4,-1.314742,-1.113214,2.079111,0.000000,0.000000,-1,,,,,,,,,,,,,,,,
86.744059,monitor,26305,657751,25012,1,0,0.000000,0.000000,0.000000,0.000000,0,0,172052,164289,-3,-4,-1.314742,-1.113214,2.079111,0.000000,0.000000,-1,,,,,,,,,,,,,,,,
86.766762,monitor,26306,657775,24992,1,0,0.000000,0.000000,0.000000,0.000000,0,0,172052,164289,-3,-4,-1.314742,-1.113214,2.079111,0.000000,0.000000,-1,,,,,,,,,,,,,,,,
86.795360,monitor,26307,657801,25020,1,0,0.000000,0.000000,0.000000,0.000000,0,0,172052,164289,-3,-4,-1.314742,-1.113214,2.079111,0.000000,0.000000,-1,,,,,,,,,,,,,,,,
86.818226,monitor,26308,657825,25004,1,0,0.000000,0.000000,0.000000,0.000000,0,0,172052,164289,-3,-4,-1.314742,-1.113214,2.079111,0.000000,0.000000,-1,,,,,,,,,,,,,,,,
86.846762,monitor,26309,657851,24976,1,0,0.000000,0.000000,0.000000,0.000000,0,0,172052,164289,-3,-4,-1.314742,-1.113214,2.079111,0.000000,0.000000,-1,,,,,,,,,,,,,,,,
86.869329,monitor,26310,657875,25012,1,0,0.000000,0.000000,0.000000,0.000000,0,0,172052,164289,-3,-4,-1.314742,-1.113214,2.079111,0.000000,0.000000,-1,,,,,,,,,,,,,,,,
86.897879,monitor,26311,657901,24988,1,0,0.000000,0.000000,0.000000,0.000000,0,0,172052,164289,-3,-4,-1.314742,-1.113214,2.079111,0.000000,0.000000,-1,,,,,,,,,,,,,,,,
86.921213,monitor,26312,657926,24996,1,0,0.000000,0.000000,0.000000,0.000000,0,0,172052,164289,-3,-4,-1.314742,-1.113214,2.079111,0.000000,0.000000,-1,,,,,,,,,,,,,,,,
86.944052,monitor,26313,657950,25028,1,0,0.000000,0.000000,0.000000,0.000000,0,0,172052,164289,-3,-4,-1.314742,-1.113214,2.079111,0.000000,0.000000,-1,,,,,,,,,,,,,,,,
86.974246,monitor,26314,657976,24976,1,0,0.000000,0.000000,0.000000,0.000000,0,0,172052,164289,-3,-4,-1.314742,-1.113214,2.079111,0.000000,0.000000,-1,,,,,,,,,,,,,,,,
86.997169,monitor,26315,658000,25012,1,0,0.000000,0.000000,0.000000,0.000000,0,0,172052,164289,-3,-4,-1.314742,-1.113214,2.079111,0.000000,0.000000,-1,,,,,,,,,,,,,,,,
87.028302,monitor,26316,658026,24984,1,0,0.000000,0.000000,0.000000,0.000000,0,0,172052,164289,-3,-4,-1.314742,-1.113214,2.079111,0.000000,0.000000,-1,,,,,,,,,,,,,,,,
87.045468,monitor,26317,658051,25012,1,0,0.000000,0.000000,0.000000,0.000000,0,0,172052,164289,-3,-4,-1.314742,-1.113214,2.079111,0.000000,0.000000,-1,,,,,,,,,,,,,,,,
87.080405,monitor,26318,658075,24996,1,0,0.000000,0.000000,0.000000,0.000000,0,0,172052,164289,-3,-4,-1.314742,-1.113214,2.079111,0.000000,0.000000,-1,,,,,,,,,,,,,,,,
87.097630,monitor,26319,658101,24996,1,0,0.000000,0.000000,0.000000,0.000000,0,0,172052,164289,-3,-4,-1.314742,-1.113214,2.079111,0.000000,0.000000,-1,,,,,,,,,,,,,,,,
87.133304,monitor,26320,658125,25016,1,0,0.000000,0.000000,0.000000,0.000000,0,0,172052,164289,-3,-4,-1.314742,-1.113214,2.079111,0.000000,0.000000,-1,,,,,,,,,,,,,,,,
87.150462,monitor,26321,658151,25012,1,0,0.000000,0.000000,0.000000,0.000000,0,0,172052,164289,-3,-4,-1.314742,-1.113214,2.079111,0.000000,0.000000,-1,,,,,,,,,,,,,,,,
87.187145,monitor,26322,658176,24976,1,0,0.000000,0.000000,0.000000,0.000000,0,0,172052,164289,-3,-4,-1.314742,-1.113214,2.079111,0.000000,0.000000,-1,,,,,,,,,,,,,,,,
87.198668,monitor,26323,658201,25024,1,0,0.000000,0.000000,0.000000,0.000000,0,0,172052,164289,-3,-4,-1.314742,-1.113214,2.079111,0.000000,0.000000,-1,,,,,,,,,,,,,,,,
87.239795,monitor,26324,658226,24980,1,0,0.000000,0.000000,0.000000,0.000000,0,0,172052,164289,-3,-4,-1.314742,-1.113214,2.079111,0.000000,0.000000,-1,,,,,,,,,,,,,,,,
87.251262,monitor,26325,658250,25012,1,0,0.000000,0.000000,0.000000,0.000000,0,0,172052,164289,-3,-4,-1.314742,-1.113214,2.079111,0.000000,0.000000,-1,,,,,,,,,,,,,,,,
87.274121,monitor,26326,658276,25004,1,0,0.000000,0.000000,0.000000,0.000000,0,0,172052,164289,-3,-4,-1.314742,-1.113214,2.079111,0.000000,0.000000,-1,,,,,,,,,,,,,,,,
87.298106,monitor,26327,658300,24996,1,0,0.000000,0.000000,0.000000,0.000000,0,0,172052,164289,-3,-4,-1.314742,-1.113214,2.079111,0.000000,0.000000,-1,,,,,,,,,,,,,,,,
87.327092,monitor,26328,658326,24984,1,0,0.000000,0.000000,0.000000,0.000000,0,0,172052,164289,-3,-4,-1.314742,-1.113214,2.079111,0.000000,0.000000,-1,,,,,,,,,,,,,,,,
87.351871,monitor,26329,658351,25016,1,0,0.000000,0.000000,0.000000,0.000000,0,0,172052,164289,-3,-4,-1.314742,-1.113214,2.079111,0.000000,0.000000,-1,,,,,,,,,,,,,,,,
87.374947,monitor,26330,658375,24984,1,0,0.000000,0.000000,0.000000,0.000000,0,0,172052,164289,-3,-4,-1.314742,-1.113214,2.079111,0.000000,0.000000,-1,,,,,,,,,,,,,,,,
87.403903,monitor,26331,658401,25008,1,0,0.000000,0.000000,0.000000,0.000000,0,0,172052,164289,-3,-4,-1.314742,-1.113214,2.079111,0.000000,0.000000,-1,,,,,,,,,,,,,,,,
87.426708,monitor,26332,658425,24992,1,0,0.000000,0.000000,0.000000,0.000000,0,0,172052,164289,-3,-4,-1.314742,-1.113214,2.079111,0.000000,0.000000,-1,,,,,,,,,,,,,,,,
87.452394,monitor,26333,658451,25004,1,0,0.000000,0.000000,0.000000,0.000000,0,0,172052,164289,-3,-4,-1.314742,-1.113214,2.079111,0.000000,0.000000,-1,,,,,,,,,,,,,,,,
87.474936,monitor,26334,658476,24992,1,0,0.000000,0.000000,0.000000,0.000000,0,0,172052,164289,-3,-4,-1.314742,-1.113214,2.079111,0.000000,0.000000,-1,,,,,,,,,,,,,,,,
87.504842,monitor,26335,658500,25008,1,0,0.000000,0.000000,0.000000,0.000000,0,0,172052,164289,-3,-4,-1.314742,-1.113214,2.079111,0.000000,0.000000,-1,,,,,,,,,,,,,,,,
87.527693,monitor,26336,658526,25008,1,0,0.000000,0.000000,0.000000,0.000000,0,0,172052,164289,-3,-4,-1.314742,-1.113214,2.079111,0.000000,0.000000,-1,,,,,,,,,,,,,,,,
87.559189,monitor,26337,658550,24984,1,0,0.000000,0.000000,0.000000,0.000000,0,0,172052,164289,-3,-4,-1.314742,-1.113214,2.079111,0.000000,0.000000,-1,,,,,,,,,,,,,,,,
87.576411,monitor,26338,658576,25012,1,0,0.000000,0.000000,0.000000,0.000000,0,0,172052,164289,-3,-4,-1.314742,-1.113214,2.079111,0.000000,0.000000,-1,,,,,,,,,,,,,,,,
87.613619,monitor,26339,658600,24992,1,0,0.000000,0.000000,0.000000,0.000000,0,0,172052,164289,-3,-4,-1.314742,-1.113214,2.079111,0.000000,0.000000,-1,,,,,,,,,,,,,,,,
87.630858,monitor,26340,658626,25016,1,0,0.000000,0.000000,0.000000,0.000000,0,0,172052,164289,-3,-4,-1.314742,-1.113214,2.079111,0.000000,0.000000,-1,,,,,,,,,,,,,,,,
87.668752,monitor,26341,658651,25004,1,0,0.000000,0.000000,0.000000,0.000000,0,0,172052,164289,-3,-4,-1.314742,-1.113214,2.079111,0.000000,0.000000,-1,,,,,,,,,,,,,,,,
87.679923,monitor,26342,658675,24984,1,0,0.000000,0.000000,0.000000,0.000000,0,0,172052,164289,-3,-4,-1.314742,-1.113214,2.079111,0.000000,0.000000,-1,,,,,,,,,,,,,,,,
87.702365,monitor,26343,658701,25008,1,0,0.000000,0.000000,0.000000,0.000000,0,0,172052,164289,-3,-4,-1.314742,-1.113214,2.079111,0.000000,0.000000,-1,,,,,,,,,,,,,,,,
87.727893,monitor,26344,658725,24996,1,0,0.000000,0.000000,0.000000,0.000000,0,0,172052,164289,-3,-4,-1.314742,-1.113214,2.079111,0.000000,0.000000,-1,,,,,,,,,,,,,,,,
87.756564,monitor,26345,658751,24996,1,0,0.000000,0.000000,0.000000,0.000000,0,0,172052,164289,-3,-4,-1.314742,-1.113214,2.079111,0.000000,0.000000,-1,,,,,,,,,,,,,,,,
87.783502,monitor,26346,658776,24992,1,0,0.000000,0.000000,0.000000,0.000000,0,0,172052,164289,-3,-4,-1.314742,-1.113214,2.079111,0.000000,0.000000,-1,,,,,,,,,,,,,,,,
87.805861,monitor,26347,658800,25008,1,0,0.000000,0.000000,0.000000,0.000000,0,0,172052,164289,-3,-4,-1.314742,-1.113214,2.079111,0.000000,0.000000,-1,,,,,,,,,,,,,,,,
87.829836,monitor,26348,658826,24992,1,0,0.000000,0.000000,0.000000,0.000000,0,0,172052,164289,-3,-4,-1.314742,-1.113214,2.079111,0.000000,0.000000,-1,,,,,,,,,,,,,,,,
87.858331,monitor,26349,658850,25016,1,0,0.000000,0.000000,0.000000,0.000000,0,0,172052,164289,-3,-4,-1.314742,-1.113214,2.079111,0.000000,0.000000,-1,,,,,,,,,,,,,,,,
87.882526,monitor,26350,658876,24988,1,0,0.000000,0.000000,0.000000,0.000000,0,0,172052,164289,-3,-4,-1.314742,-1.113214,2.079111,0.000000,0.000000,-1,,,,,,,,,,,,,,,,
87.905068,monitor,26351,658900,24996,1,0,0.000000,0.000000,0.000000,0.000000,0,0,172052,164289,-3,-4,-1.314742,-1.113214,2.079111,0.000000,0.000000,-1,,,,,,,,,,,,,,,,
87.934567,monitor,26352,658926,24996,1,0,0.000000,0.000000,0.000000,0.000000,0,0,172052,164289,-3,-4,-1.314742,-1.113214,2.079111,0.000000,0.000000,-1,,,,,,,,,,,,,,,,
87.957416,monitor,26353,658951,25028,1,0,0.000000,0.000000,0.000000,0.000000,0,0,172052,164289,-3,-4,-1.314742,-1.113214,2.079111,0.000000,0.000000,-1,,,,,,,,,,,,,,,,
87.985987,monitor,26354,658975,24992,1,0,0.000000,0.000000,0.000000,0.000000,0,0,172052,164289,-3,-4,-1.314742,-1.113214,2.079111,0.000000,0.000000,-1,,,,,,,,,,,,,,,,
88.008642,monitor,26355,659001,24988,1,0,0.000000,0.000000,0.000000,0.000000,0,0,172052,164289,-3,-4,-1.314742,-1.113214,2.079111,0.000000,0.000000,-1,,,,,,,,,,,,,,,,
88.036975,monitor,26356,659025,24992,1,0,0.000000,0.000000,0.000000,0.000000,0,0,172052,164289,-3,-4,-1.314742,-1.113214,2.079111,0.000000,0.000000,-1,,,,,,,,,,,,,,,,
88.059690,monitor,26357,659051,25020,1,0,0.000000,0.000000,0.000000,0.000000,0,0,172052,164289,-3,-4,-1.314742,-1.113214,2.079111,0.000000,0.000000,-1,,,,,,,,,,,,,,,,
88.097792,monitor,26358,659076,24996,1,0,0.000000,0.000000,0.000000,0.000000,0,0,172052,164289,-3,-4,-1.314742,-1.113214,2.079111,0.000000,0.000000,-1,,,,,,,,,,,,,,,,
88.109416,monitor,26359,659100,25008,1,0,0.000000,0.000000,0.000000,0.000000,0,0,172052,164289,-3,-4,-1.314742,-1.113214,2.079111,0.000000,0.000000,-1,,,,,,,,,,,,,,,,
88.145792,monitor,26360,659126,24988,1,0,0.000000,0.000000,0.000000,0.000000,0,0,172052,164289,-3,-4,-1.314742,-1.113214,2.079111,0.000000,0.000000,-1,,,,,,,,,,,,,,,,
88.162904,monitor,26361,659150,25004,1,0,0.000000,0.000000,0.000000,0.000000,0,0,172052,164289,-3,-4,-1.314742,-1.113214,2.079111,0.000000,0.000000,-1,,,,,,,,,,,,,,,,
88.197832,monitor,26362,659176,24996,1,0,0.000000,0.000000,0.000000,0.000000,0,0,172052,164289,-3,-4,-1.314742,-1.113214,2.079111,0.000000,0.000000,-1,,,,,,,,,,,,,,,,
88.209309,monitor,26363,659201,24996,1,0,0.000000,0.000000,0.000000,0.000000,0,0,172052,164289,-3,-4,-1.314742,-1.113214,2.079111,0.000000,0.000000,-1,,,,,,,,,,,,,,,,
88.248562,monitor,26364,659226,25016,1,0,0.000000,0.000000,0.000000,0.000000,0,0,172052,164289,-3,-4,-1.314742,-1.113214,2.079111,0.000000,0.000000,-1,,,,,,,,,,,,,,,,
88.260036,monitor,26365,659251,24976,1,0,0.000000,0.000000,0.000000,0.000000,0,0,172052,164289,-3,-4,-1.314742,-1.113214,2.079111,0.000000,0.000000,-1,,,,,,,,,,,,,,,,
88.297998,monitor,26366,659275,25032,1,0,0.000000,0.000000,0.000000,0.000000,0,0,172052,164289,-3,-4,-1.314742,-1.113214,2.079111,0.000000,0.000000,-1,,,,,,,,,,,,,,,,
88.309397,monitor,26367,659301,24996,1,0,0.000000,0.000000,0.000000,0.000000,0,0,172052,164289,-3,-4,-1.314742,-1.113214,2.079111,0.000000,0.000000,-1,,,,,,,,,,,,,,,,
88.337597,monitor,26368,659325,25004,1,0,0.000000,0.000000,0.000000,0.000000,0,0,172052,164289,-3,-4,-1.314742,-1.113214,2.079111,0.000000,0.000000,-1,,,,,,,,,,,,,,,,
88.363119,monitor,26369,659351,24976,1,0,0.000000,0.000000,0.000000,0.000000,0,0,172052,164289,-3,-4,-1.314742,-1.113214,2.079111,0.000000,0.000000,-1,,,,,,,,,,,,,,,,
88.385441,monitor,26370,659376,25004,1,0,0.000000,0.000000,0.000000,0.000000,0,0,172052,164289,-3,-4,-1.314742,-1.113214,2.079111,0.000000,0.000000,-1,,,,,,,,,,,,,,,,
88.411853,monitor,26371,659400,25024,1,0,0.000000,0.000000,0.000000,0.000000,0,0,172052,164289,-3,-4,-1.314742,-1.113214,2.079111,0.000000,0.000000,-1,,,,,,,,,,,,,,,,
88.440251,monitor,26372,659426,24968,1,0,0.000000,0.000000,0.000000,0.000000,0,0,172052,164289,-3,-4,-1.314742,-1.113214,2.079111,0.000000,0.000000,-1,,,,,,,,,,,,,,,,
88.465114,monitor,26373,659450,25024,1,0,0.000000,0.000000,0.000000,0.000000,0,0,172052,164289,-3,-4,-1.314742,-1.113214,2.079111,0.000000,0.000000,-1,,,,,,,,,,,,,,,,
88.487899,monitor,26374,659476,24988,1,0,0.000000,0.000000,0.000000,0.000000,0,0,172052,164289,-3,-4,-1.314742,-1.113214,2.079111,0.000000,0.000000,-1,,,,,,,,,,,,,,,,
88.513766,monitor,26375,659501,24992,1,0,0.000000,0.000000,0.000000,0.000000,0,0,172052,164289,-3,-4,-1.314742,-1.113214,2.079111,0.000000,0.000000,-1,,,,,,,,,,,,,,,,
88.542163,monitor,26376,659525,24996,1,0,0.000000,0.000000,0.000000,0.000000,0,0,172052,164289,-3,-4,-1.314742,-1.113214,2.079111,0.000000,0.000000,-1,,,,,,,,,,,,,,,,
88.565886,monitor,26377,659551,25000,1,0,0.000000,0.000000,0.000000,0.000000,0,0,172052,164289,-3,-4,-1.314742,-1.113214,2.079111,0.000000,0.000000,-1,,,,,,,,,,,,,,,,
88.588617,monitor,26378,659575,25020,1,0,0.000000,0.000000,0.000000,0.000000,0,0,172052,164289,-3,-4,-1.314742,-1.113214,2.079111,0.000000,0.000000,-1,,,,,,,,,,,,,,,,
88.619768,monitor,26379,659601,25000,1,0,0.000000,0.000000,0.000000,0.000000,0,0,172052,164289,-3,-4,-1.314742,-1.113214,2.079111,0.000000,0.000000,-1,,,,,,,,,,,,,,,,
88.642519,monitor,26380,659625,24992,1,0,0.000000,0.000000,0.000000,0.000000,0,0,172052,164289,-3,-4,-1.314742,-1.113214,2.079111,0.000000,0.000000,-1,,,,,,,,,,,,,,,,
88.676555,monitor,26381,659651,24984,1,0,0.000000,0.000000,0.000000,0.000000,0,0,172052,164289,-3,-4,-1.314742,-1.113214,2.079111,0.000000,0.000000,-1,,,,,,,,,,,,,,,,
88.693773,monitor,26382,659676,25008,1,0,0.000000,0.000000,0.000000,0.000000,0,0,172052,164289,-3,-4,-1.314742,-1.113214,2.079111,0.000000,0.000000,-1,,,,,,,,,,,,,,,,
88.728299,monitor,26383,659700,25004,1,0,0.000000,0.000000,0.000000,0.000000,0,0,172052,164289,-3,-4,-1.314742,-1.113214,2.079111,0.000000,0.000000,-1,,,,,,,,,,,,,,,,
88.739821,monitor,26384,659726,24988,1,0,0.000000,0.000000,0.000000,0.000000,0,0,172052,164289,-3,-4,-1.314742,-1.113214,2.079111,0.000000,0.000000,-1,,,,,,,,,,,,,,,,
88.782599,monitor,26385,659750,25040,1,0,0.000000,0.000000,0.000000,0.000000,0,0,172052,164289,-3,-4,-1.314742,-1.113214,2.079111,0.000000,0.000000,-1,,,,,,,,,,,,,,,,
88.794191,monitor,26386,659776,24984,1,0,0.000000,0.000000,0.000000,0.000000,0,0,172052,164289,-3,-4,-1.314742,-1.113214,2.079111,0.000000,0.000000,-1,,,,,,,,,,,,,,,,
88.816488,monitor,26387,659801,25000,1,0,0.000000,0.000000,0.000000,0.000000,0,0,172052,164289,-3,-4,-1.314742,-1.113214,2.079111,0.000000,0.000000,-1,,,,,,,,,,,,,,,,
88.842351,monitor,26388,659825,24976,1,0,0.000000,0.000000,0.000000,0.000000,0,0,172052,164289,-3,-4,-1.314742,-1.113214,2.079111,0.000000,0.000000,-1,,,,,,,,,,,,,,,,
88.871086,monitor,26389,659851,25012,1,0,0.000000,0.000000,0.000000,0.000000,0,0,172052,164289,-3,-4,-1.314742,-1.113214,2.079111,0.000000,0.000000,-1,,,,,,,,,,,,,,,,
88.893600,monitor,26390,659875,25016,1,0,0.000000,0.000000,0.000000,0.000000,0,0,172052,164289,-3,-4,-1.314742,-1.113214,2.079111,0.000000,0.000000,-1,,,,,,,,,,,,,,,,
88.916439,monitor,26391,659901,24976,1,0,0.000000,0.000000,0.000000,0.000000,0,0,172052,164289,-3,-4,-1.314742,-1.113214,2.079111,0.000000,0.000000,-1,,,,,,,,,,,,,,,,
88.949497,monitor,26392,659926,24996,1,0,0.000000,0.000000,0.000000,0.000000,0,0,172052,164289,-3,-4,-1.314742,-1.113214,2.079111,0.000000,0.000000,-1,,,,,,,,,,,,,,,,
88.972515,monitor,26393,659950,25012,1,0,0.000000,0.000000,0.000000,0.000000,0,0,172052,164289,-3,-4,-1.314742,-1.113214,2.079111,0.000000,0.000000,-1,,,,,,,,,,,,,,,,
88.995834,monitor,26394,659976,25008,1,0,0.000000,0.000000,0.000000,0.000000,0,0,172052,164289,-3,-4,-1.314742,-1.113214,2.079111,0.000000,0.000000,-1,,,,,,,,,,,,,,,,
89.018311,monitor,26395,660000,25012,1,0,0.000000,0.000000,0.000000,0.000000,0,0,172052,164289,-3,-4,-1.314742,-1.113214,2.079111,0.000000,0.000000,-1,,,,,,,,,,,,,,,,
89.044357,monitor,26396,660026,24984,1,0,0.000000,0.000000,0.000000,0.000000,0,0,172052,164289,-3,-4,-1.314742,-1.113214,2.079111,0.000000,0.000000,-1,,,,,,,,,,,,,,,,
89.072895,monitor,26397,660050,24984,1,0,0.000000,0.000000,0.000000,0.000000,0,0,172052,164289,-3,-4,-1.314742,-1.113214,2.079111,0.000000,0.000000,-1,,,,,,,,,,,,,,,,
89.092848,monitor,26398,660076,25008,1,0,0.000000,0.000000,0.000000,0.000000,0,0,172052,164289,-3,-4,-1.314742,-1.113214,2.079111,0.000000,0.000000,-1,,,,,,,,,,,,,,,,
89.121112,monitor,26399,660101,24996,1,0,0.000000,0.000000,0.000000,0.000000,0,0,172052,164289,-3,-4,-1.314742,-1.113214,2.079111,0.000000,0.000000,-1,,,,,,,,,,,,,,,,
89.145705,monitor,26400,660125,25032,1,0,0.000000,0.000000,0.000000,0.000000,0,0,172052,164289,-3,-4,-1.314742,-1.113214,2.079111,0.000000,0.000000,-1,,,,,,,,,,,,,,,,
89.173865,monitor,26401,660151,24980,1,0,0.000000,0.000000,0.000000,0.000000,0,0,172052,164289,-3,-4,-1.314742,-1.113214,2.079111,0.000000,0.000000,-1,,,,,,,,,,,,,,,,
89.199834,monitor,26402,660175,25012,1,0,0.000000,0.000000,0.000000,0.000000,0,0,172052,164289,-3,-4,-1.314742,-1.113214,2.079111,0.000000,0.000000,-1,,,,,,,,,,,,,,,,
89.222696,monitor,26403,660201,24980,1,0,0.000000,0.000000,0.000000,0.000000,0,0,172052,164289,-3,-4,-1.314742,-1.113214,2.079111,0.000000,0.000000,-1,,,,,,,,,,,,,,,,
89.254300,monitor,26404,660226,24996,1,0,0.000000,0.000000,0.000000,0.000000,0,0,172052,164289,-3,-4,-1.314742,-1.113214,2.079111,0.000000,0.000000,-1,,,,,,,,,,,,,,,,
89.270907,monitor,26405,660250,25004,1,0,0.000000,0.000000,0.000000,0.000000,0,0,172052,164289,-3,-4,-1.314742,-1.113214,2.079111,0.000000,0.000000,-1,,,,,,,,,,,,,,,,
89.308506,monitor,26406,660276,24992,1,0,0.000000,0.000000,0.000000,0.000000,0,0,172052,164289,-3,-4,-1.314742,-1.113214,2.079111,0.000000,0.000000,-1,,,,,,,,,,,,,,,,
89.325531,monitor,26407,660300,25000,1,0,0.000000,0.000000,0.000000,0.000000,0,0,172052,164289,-3,-4,-1.314742,-1.113214,2.079111,0.000000,0.000000,-1,,,,,,,,,,,,,,,,
89.348225,monitor,26408,660326,25024,1,0,0.000000,0.000000,0.000000,0.000000,0,0,172052,164289,-3,-4,-1.314742,-1.113214,2.079111,0.000000,0.000000,-1,,,,,,,,,,,,,,,,
89.375794,monitor,26409,660350,24980,1,0,0.000000,0.000000,0.000000,0.000000,0,0,172052,164289,-3,-4,-1.314742,-1.113214,2.079111,0.000000,0.000000,-1,,,,,,,,,,,,,,,,
89.398321,monitor,26410,660376,25020,1,0,0.000000,0.000000,0.000000,0.000000,0,0,172052,164289,-3,-4,-1.314742,-1.113214,2.079111,0.000000,0.000000,-1,,,,,,,,,,,,,,,,
89.421843,monitor,26411,660401,24996,1,0,0.000000,0.000000,0.000000,0.000000,0,0,172052,164289,-3,-4,-1.314742,-1.113214,2.079111,0.000000,0.000000,-1,,,,,,,,,,,,,,,,
89.450317,monitor,26412,660425,25000,1,0,0.000000,0.000000,0.000000,0.000000,0,0,172052,164289,-3,-4,-1.314742,-1.113214,2.079111,0.000000,0.000000,-1,,,,,,,,,,,,,,,,
89.474502,monitor,26413,660451,24992,1,0,0.000000,0.000000,0.000000,0.000000,0,0,172052,164289,-3,-4,-1.314742,-1.113214,2.079111,0.000000,0.000000,-1,,,,,,,,,,,,,,,,
89.503076,monitor,26414,660475,25008,1,0,0.000000,0.000000,0.000000,0.000000,0,0,172052,164289,-3,-4,-1.314742,-1.113214,2.079111,0.000000,0.000000,-1,,,,,,,,,,,,,,,,
89.527995,monitor,26415,660501,24984,1,0,0.000000,0.000000,0.000000,0.000000,0,0,172052,164289,-3,-4,-1.314742,-1.113214,2.079111,0.000000,0.000000,-1,,,,,,,,,,,,,,,,
89.550839,monitor,26416,660526,25020,1,0,0.000000,0.000000,0.000000,0.000000,0,0,172052,164289,-3,-4,-1.314742,-1.113214,2.079111,0.000000,0.000000,-1,,,,,,,,,,,,,,,,
89.575135,monitor,26417,660550,25000,1,0,0.000000,0.000000,0.000000,0.000000,0,0,172052,164289,-3,-4,-1.314742,-1.113214,2.079111,0.000000,0.000000,-1,,,,,,,,,,,,,,,,
89.603756,monitor,26418,660576,24988,1,0,0.000000,0.000000,0.000000,0.000000,0,0,172052,164289,-3,-4,-1.314742,-1.113214,2.079111,0.000000,0.000000,-1,,,,,,,,,,,,,,,,
89.627826,monitor,26419,660600,25008,1,0,0.000000,0.000000,0.000000,0.000000,0,0,172052,164289,-3,-4,-1.314742,-1.113214,2.079111,0.000000,0.000000,-1,,,,,,,,,,,,,,,,
89.650343,monitor,26420,660626,24992,1,0,0.000000,0.000000,0.000000,0.000000,0,0,172052,164289,-3,-4,-1.314742,-1.113214,2.079111,0.000000,0.000000,-1,,,,,,,,,,,,,,,,
89.680350,monitor,26421,660651,25008,1,0,0.000000,0.000000,0.000000,0.000000,0,0,172052,164289,-3,-4,-1.314742,-1.113214,2.079111,0.000000,0.000000,-1,,,,,,,,,,,,,,,,
89.702804,monitor,26422,660675,24984,1,0,0.000000,0.000000,0.000000,0.000000,0,0,172052,164289,-3,-4,-1.314742,-1.113214,2.079111,0.000000,0.000000,-1,,,,,,,,,,,,,,,,
89.734495,monitor,26423,660701,25020,1,0,0.000000,0.000000,0.000000,0.000000,0,0,172052,164289,-3,-4,-1.314742,-1.113214,2.079111,0.000000,0.000000,-1,,,,,,,,,,,,,,,,
89.757436,monitor,26424,660725,24984,1,0,0.000000,0.000000,0.000000,0.000000,0,0,172052,164289,-3,-4,-1.314742,-1.113214,2.079111,0.000000,0.000000,-1,,,,,,,,,,,,,,,,
89.786136,monitor,26425,660751,25000,1,0,0.000000,0.000000,0.000000,0.000000,0,0,172052,164289,-3,-4,-1.314742,-1.113214,2.079111,0.000000,0.000000,-1,,,,,,,,,,,,,,,,
89.803228,monitor,26426,660775,25000,1,0,0.000000,0.000000,0.000000,0.000000,0,0,172052,164289,-3,-4,-1.314742,-1.113214,2.079111,0.000000,0.000000,-1,,,,,,,,,,,,,,,,
89.836396,monitor,26427,660801,24996,1,0,0.000000,0.000000,0.000000,0.000000,0,0,172052,164289,-3,-4,-1.314742,-1.113214,2.079111,0.000000,0.000000,-1,,,,,,,,,,,,,,,,
89.853569,monitor,26428,660826,25000,1,0,0.000000,0.000000,0.000000,0.000000,0,0,172052,164289,-3,-4,-1.314742,-1.113214,2.079111,0.000000,0.000000,-1,,,,,,,,,,,,,,,,
89.886840,monitor,26429,660850,25028,1,0,0.000000,0.000000,0.000000,0.000000,0,0,172052,164289,-3,-4,-1.314742,-1.113214,2.079111,0.000000,0.000000,-1,,,,,,,,,,,,,,,,
89.903296,monitor,26430,660876,24968,1,0,0.000000,0.000000,0.000000,0.000000,0,0,172052,164289,-3,-4,-1.314742,-1.113214,2.079111,0.000000,0.000000,-1,,,,,,,,,,,,,,,,
89.941697,monitor,26431,660900,25024,1,0,0.000000,0.000000,0.000000,0.000000,0,0,172052,164289,-3,-4,-1.314742,-1.113214,2.079111,0.000000,0.000000,-1,,,,,,,,,,,,,,,,
89.953187,monitor,26432,660926,24976,1,0,0.000000,0.000000,0.000000,0.000000,0,0,172052,164289,-3,-4,-1.314742,-1.113214,2.079111,0.000000,0.000000,-1,,,,,,,,,,,,,,,,
89.993034,monitor,26433,660951,25016,1,0,0.000000,0.000000,0.000000,0.000000,0,0,172052,164289,-3,-4,-1.314742,-1.113214,2.079111,0.000000,0.000000,-1,,,,,,,,,,,,,,,,
90.004626,monitor,26434,660975,25008,1,0,0.000000,0.000000,0.000000,0.000000,0,0,172052,164289,-3,-4,-1.314742,-1.113214,2.079111,0.000000,0.000000,-1,,,,,,,,,,,,,,,,
90.041474,monitor,26435,661001,25000,1,0,0.000000,0.000000,0.000000,0.000000,0,0,172052,164289,-3,-4,-1.314742,-1.113214,2.079111,0.000000,0.000000,-1,,,,,,,,,,,,,,,,
90.058639,monitor,26436,661025,25008,1,0,0.000000,0.000000,0.000000,0.000000,0,0,172052,164289,-3,-4,-1.314742,-1.113214,2.079111,0.000000,0.000000,-1,,,,,,,,,,,,,,,,
90.096183,monitor,26437,661051,24988,1,0,0.000000,0.000000,0.000000,0.000000,0,0,172052,164289,-3,-4,-1.314742,-1.113214,2.079111,0.000000,0.000000,-1,,,,,,,,,,,,,,,,
90.107362,monitor,26438,661075,24988,1,0,0.000000,0.000000,0.000000,0.000000,0,0,172052,164289,-3,-4,-1.314742,-1.113214,2.079111,0.000000,0.000000,-1,,,,,,,,,,,,,,,,
90.130127,monitor,26439,661101,25000,1,0,0.000000,0.000000,0.000000,0.000000,0,0,172052,164289,-3,-4,-1.314742,-1.113214,2.079111,0.000000,0.000000,-1,,,,,,,,,,,,,,,,
90.156624,monitor,26440,661126,25016,1,0,0.000000,0.000000,0.000000,0.000000,0,0,172052,164289,-3,-4,-1.314742,-1.113214,2.079111,0.000000,0.000000,-1,,,,,,,,,,,,,,,,
90.185143,monitor,26441,661150,24988,1,0,0.000000,0.000000,0.000000,0.000000,0,0,172052,164289,-3,-4,-1.314742,-1.113214,2.079111,0.000000,0.000000,-1,,,,,,,,,,,,,,,,
90.210653,monitor,26442,661176,25004,1,0,0.000000,0.000000,0.000000,0.000000,0,0,172052,164289,-3,-4,-1.314742,-1.113214,2.079111,0.000000,0.000000,-1,,,,,,,,,,,,,,,,
90.233346,monitor,26443,661200,25016,1,0,0.000000,0.000000,0.000000,0.000000,0,0,172052,164289,-3,-4,-1.314742,-1.113214,2.079111,0.000000,0.000000,-1,,,,,,,,,,,,,,,,
90.258577,monitor,26444,661226,24976,1,0,0.000000,0.000000,0.000000,0.000000,0,0,172052,164289,-3,-4,-1.314742,-1.113214,2.079111,0.000000,0.000000,-1,,,,,,,,,,,,,,,,
90.287151,monitor,26445,661251,25020,1,0,0.000000,0.000000,0.000000,0.000000,0,0,172052,164289,-3,-4,-1.314742,-1.113214,2.079111,0.000000,0.000000,-1,,,,,,,,,,,,,,,,
90.315159,monitor,26446,661275,24976,1,0,0.000000,0.000000,0.000000,0.000000,0,0,172052,164289,-3,-4,-1.314742,-1.113214,2.079111,0.000000,0.000000,-1,,,,,,,,,,,,,,,,
90.332270,monitor,26447,661301,24996,1,0,0.000000,0.000000,0.000000,0.000000,0,0,172052,164289,-3,-4,-1.314742,-1.113214,2.079111,0.000000,0.000000,-1,,,,,,,,,,,,,,,,
90.368609,monitor,26448,661325,25016,1,0,0.000000,0.000000,0.000000,0.000000,0,0,172052,164289,-3,-4,-1.314742,-1.113214,2.079111,0.000000,0.000000,-1,,,,,,,,,,,,,,,,
90.385898,monitor,26449,661351,24992,1,0,0.000000,0.000000,0.000000,0.000000,0,0,172052,164289,-3,-4,-1.314742,-1.113214,2.079111,0.000000,0.000000,-1,,,,,,,,,,,,,,,,
90.420281,monitor,26450,661376,25008,1,0,0.000000,0.000000,0.000000,0.000000,0,0,172052,164289,-3,-4,-1.314742,-1.113214,2.079111,0.000000,0.000000,-1,,,,,,,,,,,,,,,,
90.437515,monitor,26451,661401,25008,1,0,0.000000,0.000000,0.000000,0.000000,0,0,172052,164289,-3,-4,-1.314742,-1.113214,2.079111,0.000000,0.000000,-1,,,,,,,,,,,,,,,,
90.472617,monitor,26452,661426,24984,1,0,0.000000,0.000000,0.000000,0.000000,0,0,172052,164289,-3,-4,-1.314742,-1.113214,2.079111,0.000000,0.000000,-1,,,,,,,,,,,,,,,,
90.484042,monitor,26453,661450,25020,1,0,0.000000,0.000000,0.000000,0.000000,0,0,172052,164289,-3,-4,-1.314742,-1.113214,2.079111,0.000000,0.000000,-1,,,,,,,,,,,,,,,,
90.525782,monitor,26454,661476,24988,1,0,0.000000,0.000000,0.000000,0.000000,0,0,172052,164289,-3,-4,-1.314742,-1.113214,2.079111,0.000000,0.000000,-1,,,,,,,,,,,,,,,,
90.537279,monitor,26455,661500,25004,1,0,0.000000,0.000000,0.000000,0.000000,0,0,172052,164289,-3,-4,-1.314742,-1.113214,2.079111,0.000000,0.000000,-1,,,,,,,,,,,,,,,,
90.560326,monitor,26456,661526,24980,1,0,0.000000,0.000000,0.000000,0.000000,0,0,172052,164289,-3,-4,-1.314742,-1.113214,2.079111,0.000000,0.000000,-1,,,,,,,,,,,,,,,,
90.589191,monitor,26457,661551,25004,1,0,0.000000,0.000000,0.000000,0.000000,0,0,172052,164289,-3,-4,-1.314742,-1.113214,2.079111,0.000000,0.000000,-1,,,,,,,,,,,,,,,,
90.612059,monitor,26458,661575,25016,1,0,0.000000,0.000000,0.000000,0.000000,0,0,172052,164289,-3,-4,-1.314742,-1.113214,2.079111,0.000000,0.000000,-1,,,,,,,,,,,,,,,,
90.636853,monitor,26459,661601,24992,1,0,0.000000,0.000000,0.000000,0.000000,0,0,172052,164289,-3,-4,-1.314742,-1.113214,2.079111,0.000000,0.000000,-1,,,,,,,,,,,,,,,,
90.665382,monitor,26460,661625,25012,1,0,0.000000,0.000000,0.000000,0.000000,0,0,172052,164289,-3,-4,-1.314742,-1.113214,2.079111,0.000000,0.000000,-1,,,,,,,,,,,,,,,,
90.690018,monitor,26461,661651,24984,1,0,0.000000,0.000000,0.000000,0.000000,0,0,172052,164289,-3,-4,-1.314742,-1.113214,2.079111,0.000000,0.000000,-1,,,,,,,,,,,,,,,,
90.712346,monitor,26462,661676,25008,1,0,0.000000,0.000000,0.000000,0.000000,0,0,172052,164289,-3,-4,-1.314742,-1.113214,2.079111,0.000000,0.000000,-1,,,,,,,,,,,,,,,,
90.736797,monitor,26463,661700,25008,1,0,0.000000,0.000000,0.000000,0.000000,0,0,172052,164289,-3,-4,-1.314742,-1.113214,2.079111,0.000000,0.000000,-1,,,,,,,,,,,,,,,,
90.764939,monitor,26464,661726,25000,1,0,0.000000,0.000000,0.000000,0.000000,0,0,172052,164289,-3,-4,-1.314742,-1.113214,2.079111,0.000000,0.000000,-1,,,,,,,,,,,,,,,,
90.790798,monitor,26465,661750,25008,1,0,0.000000,0.000000,0.000000,0.000000,0,0,172052,164289,-3,-4,-1.314742,-1.113214,2.079111,0.000000,0.000000,-1,,,,,,,,,,,,,,,,
90.813257,monitor,26466,661776,24984,1,0,0.000000,0.000000,0.000000,0.000000,0,0,172052,164289,-3,-4,-1.314742,-1.113214,2.079111,0.000000,0.000000,-1,,,,,,,,,,,,,,,,
90.843873,monitor,26467,661800,25012,1,0,0.000000,0.000000,0.000000,0.000000,0,0,172052,164289,-3,-4,-1.314742,-1.113214,2.079111,0.000000,0.000000,-1,,,,,,,,,,,,,,,,
90.866718,monitor,26468,661826,24980,1,0,0.000000,0.000000,0.000000,0.000000,0,0,172052,164289,-3,-4,-1.314742,-1.113214,2.079111,0.000000,0.000000,-1,,,,,,,,,,,,,,,,
90.896128,monitor,26469,661851,25004,1,0,0.000000,0.000000,0.000000,0.000000,0,0,172052,164289,-3,-4,-1.314742,-1.113214,2.079111,0.000000,0.000000,-1,,,,,,,,,,,,,,,,
90.918594,monitor,26470,661875,24996,1,0,0.000000,0.000000,0.000000,0.000000,0,0,172052,164289,-3,-4,-1.314742,-1.113214,2.079111,0.000000,0.000000,-1,,,,,,,,,,,,,,,,
90.950296,monitor,26471,661901,25004,1,0,0.000000,0.000000,0.000000,0.000000,0,0,172052,164289,-3,-4,-1.314742,-1.113214,2.079111,0.000000,0.000000,-1,,,,,,,,,,,,,,,,
90.967852,monitor,26472,661925,25000,1,0,0.000000,0.000000,0.000000,0.000000,0,0,172052,164289,-3,-4,-1.314742,-1.113214,2.079111,0.000000,0.000000,-1,,,,,,,,,,,,,,,,
91.005394,monitor,26473,661951,24988,1,0,0.000000,0.000000,0.000000,0.000000,0,0,172052,164289,-3,-4,-1.314742,-1.113214,2.079111,0.000000,0.000000,-1,,,,,,,,,,,,,,,,
91.016295,monitor,26474,661976,25008,1,0,0.000000,0.000000,0.000000,0.000000,0,0,172052,164289,-3,-4,-1.314742,-1.113214,2.079111,0.000000,0.000000,-1,,,,,,,,,,,,,,,,
91.056813,monitor,26475,662000,24996,1,0,0.000000,0.000000,0.000000,0.000000,0,0,172052,164289,-3,-4,-1.314742,-1.113214,2.079111,0.000000,0.000000,-1,,,,,,,,,,,,,,,,
91.067912,monitor,26476,662026,25020,1,0,0.000000,0.000000,0.000000,0.000000,0,0,172052,164289,-3,-4,-1.314742,-1.113214,2.079111,0.000000,0.000000,-1,,,,,,,,,,,,,,,,
91.111840,monitor,26477,662050,24976,1,0,0.000000,0.000000,0.000000,0.000000,0,0,172052,164289,-3,-4,-1.314742,-1.113214,2.079111,0.000000,0.000000,-1,,,,,,,,,,,,,,,,
91.117652,monitor,26478,662076,25028,1,0,0.000000,0.000000,0.000000,0.000000,0,0,172052,164289,-3,-4,-1.314742,-1.113214,2.079111,0.000000,0.000000,-1,,,,,,,,,,,,,,,,
91.146404,monitor,26479,662100,24992,1,0,0.000000,0.000000,0.000000,0.000000,0,0,172052,164289,-3,-4,-1.314742,-1.113214,2.079111,0.000000,0.000000,-1,,,,,,,,,,,,,,,,
91.176306,monitor,26480,662126,25000,1,0,0.000000,0.000000,0.000000,0.000000,0,0,172052,164289,-3,-4,-1.314742,-1.113214,2.079111,0.000000,0.000000,-1,,,,,,,,,,,,,,,,
91.193649,monitor,26481,662151,25004,1,0,0.000000,0.000000,0.000000,0.000000,0,0,172052,164289,-3,-4,-1.314742,-1.113214,2.079111,0.000000,0.000000,-1,,,,,,,,,,,,,,,,
91.217138,monitor,26482,662175,24988,1,0,0.000000,0.000000,0.000000,0.000000,0,0,172052,164289,-3,-4,-1.314742,-1.113214,2.079111,0.000000,0.000000,-1,,,,,,,,,,,,,,,,
91.245689,monitor,26483,662201,25004,1,0,0.000000,0.000000,0.000000,0.000000,0,0,172052,164289,-3,-4,-1.314742,-1.113214,2.079111,0.000000,0.000000,-1,,,,,,,,,,,,,,,,
91.269234,monitor,26484,662225,25016,1,0,0.000000,0.000000,0.000000,0.000000,0,0,172052,164289,-3,-4,-1.314742,-1.113214,2.079111,0.000000,0.000000,-1,,,,,,,,,,,,,,,,
91.297807,monitor,26485,662251,24996,1,0,0.000000,0.000000,0.000000,0.000000,0,0,172052,164289,-3,-4,-1.314742,-1.113214,2.079111,0.000000,0.000000,-1,,,,,,,,,,,,,,,,
91.321269,monitor,26486,662276,25004,1,0,0.000000,0.000000,0.000000,0.000000,0,0,172052,164289,-3,-4,-1.314742,-1.113214,2.079111,0.000000,0.000000,-1,,,,,,,,,,,,,,,,
91.344065,monitor,26487,662300,24988,1,0,0.000000,0.000000,0.000000,0.000000,0,0,172052,164289,-3,-4,-1.314742,-1.113214,2.079111,0.000000,0.000000,-1,,,,,,,,,,,,,,,,
91.374401,monitor,26488,662326,24996,1,0,0.000000,0.000000,0.000000,0.000000,0,0,172052,164289,-3,-4,-1.314742,-1.113214,2.079111,0.000000,0.000000,-1,,,,,,,,,,,,,,,,
91.397295,monitor,26489,662350,24996,1,0,0.000000,0.000000,0.000000,0.000000,0,0,172052,164289,-3,-4,-1.314742,-1.113214,2.079111,0.000000,0.000000,-1,,,,,,,,,,,,,,,,
91.426157,monitor,26490,662376,24996,1,0,0.000000,0.000000,0.000000,0.000000,0,0,172052,164289,-3,-4,-1.314742,-1.113214,2.079111,0.000000,0.000000,-1,,,,,,,,,,,,,,,,
91.449059,monitor,26491,662401,24996,1,0,0.000000,0.000000,0.000000,0.000000,0,0,172052,164289,-3,-4,-1.314742,-1.113214,2.079111,0.000000,0.000000,-1,,,,,,,,,,,,,,,,
91.483979,monitor,26492,662425,25020,1,0,0.000000,0.000000,0.000000,0.000000,0,0,172052,164289,-3,-4,-1.314742,-1.113214,2.079111,0.000000,0.000000,-1,,,,,,,,,,,,,,,,
91.501290,monitor,26493,662451,24996,1,0,0.000000,0.000000,0.000000,0.000000,0,0,172052,164289,-3,-4,-1.314742,-1.113214,2.079111,0.000000,0.000000,-1,,,,,,,,,,,,,,,,
91.532149,monitor,26494,662475,24992,1,0,0.000000,0.000000,0.000000,0.000000,0,0,172052,164289,-3,-4,-1.314742,-1.113214,2.079111,0.000000,0.000000,-1,,,,,,,,,,,,,,,,
91.549440,monitor,26495,662501,24992,1,0,0.000000,0.000000,0.000000,0.000000,0,0,172052,164289,-3,-4,-1.314742,-1.113214,2.079111,0.000000,0.000000,-1,,,,,,,,,,,,,,,,
91.583725,monitor,26496,662525,25020,1,0,-3.000000,-3.000000,0.000000,0.000000,0,0,172052,164289,-129,-126,-1.314742,-1.113214,2.079111,0.000000,0.000000,-1,,,,,,,,,,,,,,,,
91.600910,monitor,26497,662551,24996,1,0,-3.000000,-3.000000,-0.870546,-0.725455,-18,-15,172032,164272,-122,-121,-1.313275,-1.115840,2.081916,-0.120336,0.112201,-1,,,,,,,,,,,,,,,,
91.638978,monitor,26498,662576,24992,1,0,-3.000000,-3.000000,-1.886484,-1.789741,-39,-37,171992,164235,-111,-110,-1.309880,-1.121878,2.083785,-0.277181,0.074813,-1,,,,,,,,,,,,,,,,
91.650471,monitor,26499,662601,25032,1,0,-3.000000,-3.000000,-2.221528,-2.366410,-46,-49,171946,164186,-108,-104,-1.305641,-1.129429,2.080981,-0.345922,-0.112040,-1,,,,,,,,,,,,,,,,
91.673394,monitor,26500,662626,24956,1,0,-3.000000,-3.000000,-2.422058,-2.518940,-50,-52,171896,164133,-107,-103,-1.301109,-1.137546,2.079111,-0.372543,-0.074921,-1,,,,,,,,,,,,,,,,
91.699537,monitor,26501,662651,25012,1,0,-3.000000,-3.000000,-2.609966,-2.803297,-54,-58,171841,164075,-105,-99,-1.296157,-1.146474,2.075372,-0.408150,-0.149506,-1,,,,,,,,,,,,,,,,
91.728065,monitor,26502,662676,25012,1,0,-3.000000,-3.000000,-2.948295,-2.996628,-61,-62,171780,164012,-101,-97,-1.290741,-1.156290,2.074437,-0.448237,-0.037376,-1,,,,,,,,,,,,,,,,
91.749897,monitor,26503,662702,24988,1,0,-3.000000,-3.000000,-3.096264,-3.241401,-64,-67,171716,163945,-99,-93,-1.284993,-1.166756,2.071632,-0.477849,-0.112237,-1,,,,,,,,,,,,,,,,
91.778279,monitor,26504,662726,25004,1,0,-3.000000,-3.000000,-3.190979,-3.239327,-66,-67,171651,163879,-97,-93,-1.279178,-1.177393,2.070698,-0.484834,-0.037388,-1,,,,,,,,,,,,,,,,
91.804667,monitor,26505,662751,25004,1,0,-3.000000,-3.000000,-3.142631,-3.239327,-65,-67,171585,163811,-98,-92,-1.273420,-1.187957,2.068828,-0.481188,-0.074777,-1,,,,,,,,,,,,,,,,
91.827592,monitor,26506,662776,24988,1,0,-3.000000,-3.000000,-3.144643,-3.241401,-65,-67,171520,163744,-97,-92,-1.267683,-1.198533,2.066958,-0.481496,-0.074825,-1,,,,,,,,,,,,,,,,
91.851669,monitor,26507,662801,24992,1,0,-3.000000,-3.000000,-3.095768,-3.240882,-64,-67,171456,163677,-98,-91,-1.262013,-1.209041,2.064154,-0.477772,-0.112219,-1,,,,,,,,,,,,,,,,
91.880287,monitor,26508,662827,25024,1,0,-3.000000,-3.000000,-3.043500,-3.236738,-63,-67,171393,163610,-98,-91,-1.256421,-1.219488,2.060414,-0.473519,-0.149434,-1,,,,,,,,,,,,,,,,
91.907957,monitor,26509,662851,24984,1,0,-3.000000,-3.000000,-3.048373,-3.290307,-63,-68,171331,163543,-98,-90,-1.250830,-1.230039,2.055740,-0.477925,-0.187091,-1,,,,,,,,,,,,,,,,
91.930881,monitor,26510,662876,25012,1,0,-3.000000,-3.000000,-3.093293,-3.189959,-64,-66,171267,163476,-97,-90,-1.245316,-1.240527,2.053870,-0.473746,-0.074753,-1,,,,,,,,,,,,,,,,
91.961267,monitor,26511,662901,24980,1,0,-3.000000,-3.000000,-3.048861,-3.194045,-63,-66,171204,163411,-98,-90,-1.239869,-1.250948,2.051066,-0.470704,-0.112273,-1,,,,,,,,,,,,,,,,
91.978471,monitor,26512,662926,25024,1,0,-3.000000,-3.000000,-3.043500,-3.140119,-63,-65,171140,163345,-98,-90,-1.234488,-1.261300,2.049196,-0.466234,-0.074717,-1,,,,,,,,,,,,,,,,
92.010699,monitor,26513,662951,25024,1,0,-3.000000,-3.000000,-3.091810,-3.188429,-64,-66,171077,163280,-97,-89,-1.229043,-1.271824,2.047327,-0.473519,-0.074717,-1,,,,,,,,,,,,,,,,
92.027156,monitor,26514,662976,24972,1,0,-3.000000,-3.000000,-3.146658,-3.195068,-65,-66,171012,163214,-96,-89,-1.223571,-1.282437,2.046392,-0.478155,-0.037436,-1,,,,,,,,,,,,,,,,
92.063947,monitor,26515,663001,25012,1,0,-3.000000,-3.000000,-3.141626,-3.141626,-65,-65,170946,163149,-96,-89,-1.218146,-1.292971,2.046392,-0.473746,0.000000,-1,,,,,,,,,,,,,,,,
92.081237,monitor,26516,663026,25004,1,0,-3.000000,-3.000000,-3.142631,-3.142631,-65,-65,170882,163084,-96,-89,-1.212720,-1.303505,2.046392,-0.473898,0.000000,-1,,,,,,,,,,,,,,,,
92.119529,monitor,26517,663051,24980,1,0,-3.000000,-3.000000,-3.145650,-3.145650,-65,-65,170817,163018,-95,-89,-1.207295,-1.314039,2.046392,-0.474353,0.000000,-1,,,,,,,,,,,,,,,,
92.131035,monitor,26518,663076,25032,1,0,-3.000000,-3.000000,-3.187410,-3.235703,-66,-67,170751,162952,-94,-87,-1.201749,-1.324819,2.045457,-0.484291,-0.037346,-1,,,,,,,,,,,,,,,,
92.153937,monitor,26519,663101,24968,1,0,-3.000000,-3.000000,-3.195580,-3.147162,-66,-65,170685,162886,-94,-88,-1.196287,-1.335437,2.046392,-0.478232,0.037442,-1,,,,,,,,,,,,,,,,
92.181368,monitor,26520,663127,25008,1,0,-3.000000,-3.000000,-3.142128,-3.142128,-65,-65,170619,162821,-94,-88,-1.190862,-1.345972,2.046392,-0.473822,0.000000,-1,,,,,,,,,,,,,,,,
92.204023,monitor,26521,663151,24992,1,0,-3.000000,-3.000000,-3.144140,-3.095768,-65,-64,170554,162757,-94,-88,-1.185473,-1.356422,2.047327,-0.470478,0.037406,-1,,,,,,,,,,,,,,,,
92.233378,monitor,26522,663176,24992,1,0,-3.000000,-3.000000,-3.144140,-3.095768,-65,-64,170489,162693,-94,-88,-1.180075,-1.366868,2.048261,-0.470478,0.037406,-1,,,,,,,,,,,,,,,,
92.256292,monitor,26523,663201,25004,1,0,-3.000000,-3.000000,-3.142631,-3.094283,-65,-64,170425,162630,-93,-88,-1.174666,-1.377309,2.049196,-0.470252,0.037388,-1,,,,,,,,,,,,,,,,
92.280067,monitor,26524,663226,25004,1,0,-3.000000,-3.000000,-3.094283,-3.045934,-64,-63,170360,162566,-94,-88,-1.169333,-1.387583,2.050131,-0.462961,0.037388,-1,,,,,,,,,,,,,,,,
92.308741,monitor,26525,663251,25000,1,0,-3.000000,-3.000000,-3.046422,-3.046422,-63,-63,170297,162504,-94,-88,-1.164036,-1.397773,2.050131,-0.459390,0.000000,-1,,,,,,,,,,,,,,,,
92.333056,monitor,26526,663276,24984,1,0,-3.000000,-3.000000,-3.048373,-2.999986,-63,-62,170234,162442,-94,-89,-1.158777,-1.407880,2.051066,-0.456036,0.037418,-1,,,,,,,,,,,,,,,,
92.355918,monitor,26527,663302,25028,1,0,-3.000000,-3.000000,-3.043014,-2.994712,-63,-62,170171,162380,-94,-89,-1.153508,-1.417982,2.052001,-0.455234,0.037352,-1,,,,,,,,,,,,,,,,
92.381417,monitor,26528,663326,24972,1,0,-3.000000,-3.000000,-3.049838,-2.953017,-63,-61,170108,162318,-94,-90,-1.148267,-1.427996,2.053870,-0.452605,0.074872,-1,,,,,,,,,,,,,,,,
92.409643,monitor,26529,663351,25020,1,0,0.000000,0.000000,-3.043987,-2.995669,-63,-62,170046,162257,31,32,-1.142970,-1.438084,2.054805,-0.455379,0.037364,-1,,,,,,,,,,,,,,,,
92.437342,monitor,26530,663375,24992,1,0,0.000000,0.000000,-2.079969,-2.128341,-43,-44,170005,162215,23,25,-1.139283,-1.445104,2.053870,-0.317299,-0.037406,-1,,,,,,,,,,,,,,,,
92.460282,monitor,26531,663401,25000,1,0,0.000000,0.000000,-0.773694,-0.773694,-16,-16,169989,162200,7,9,-1.137928,-1.447688,2.053870,-0.116670,0.000000,-1,,,,,,,,,,,,,,,,
92.486522,monitor,26532,663426,24992,1,0,0.000000,0.000000,-0.290228,-0.193486,-6,-4,169984,162196,2,2,-1.137504,-1.448494,2.055740,-0.036471,0.074813,-1,,,,,,,,,,,,,,,,
92.509342,monitor,26533,663451,25008,1,0,0.000000,0.000000,-0.145021,-0.145021,-3,-3,169980,162193,0,1,-1.137249,-1.448978,2.055740,-0.021869,0.000000,-1,,,,,,,,,,,,,,,,
92.540384,monitor,26534,663476,24992,1,0,0.000000,0.000000,-0.096743,-0.048371,-2,-1,169979,162192,0,0,-1.137122,-1.449220,2.056675,-0.010941,0.037406,-1,,,,,,,,,,,,,,,,
92.557518,monitor,26535,663500,24996,1,0,0.000000,0.000000,0.000000,0.000000,0,0,169979,162192,-1,0,-1.137122,-1.449220,2.056675,0.000000,0.000000,-1,,,,,,,,,,,,,,,,
92.595557,monitor,26536,663526,25024,1,0,0.000000,0.000000,0.000000,0.000000,0,0,169979,162192,-1,0,-1.137122,-1.449220,2.056675,0.000000,0.000000,-1,,,,,,,,,,,,,,,,
92.612915,monitor,26537,663550,25004,1,0,0.000000,0.000000,0.000000,0.000000,0,0,169979,162192,-1,0,-1.137122,-1.449220,2.056675,0.000000,0.000000,-1,,,,,,,,,,,,,,,,
92.644025,monitor,26538,663576,24980,1,0,0.000000,0.000000,0.000000,0.000000,0,0,169979,162192,-1,0,-1.137122,-1.449220,2.056675,0.000000,0.000000,-1,,,,,,,,,,,,,,,,
92.661130,monitor,26539,663601,24996,1,0,0.000000,0.000000,0.000000,0.000000,0,0,169979,162192,-1,0,-1.137122,-1.449220,2.056675,0.000000,0.000000,-1,,,,,,,,,,,,,,,,
92.699230,monitor,26540,663625,25012,1,0,0.000000,0.000000,0.000000,0.000000,0,0,169979,162192,-1,0,-1.137122,-1.449220,2.056675,0.000000,0.000000,-1,,,,,,,,,,,,,,,,
92.710672,monitor,26541,663651,25016,1,0,0.000000,0.000000,0.000000,0.000000,0,0,169979,162192,-1,0,-1.137122,-1.449220,2.056675,0.000000,0.000000,-1,,,,,,,,,,,,,,,,
92.753513,monitor,26542,663675,24972,1,0,0.000000,0.000000,0.000000,0.000000,0,0,169979,162192,-1,0,-1.137122,-1.449220,2.056675,0.000000,0.000000,-1,,,,,,,,,,,,,,,,
92.764986,monitor,26543,663701,24996,1,0,0.000000,0.000000,0.000000,0.000000,0,0,169979,162192,-1,0,-1.137122,-1.449220,2.056675,0.000000,0.000000,-1,,,,,,,,,,,,,,,,
92.787852,monitor,26544,663726,25016,1,0,0.000000,0.000000,0.000000,0.000000,0,0,169979,162192,-1,0,-1.137122,-1.449220,2.056675,0.000000,0.000000,-1,,,,,,,,,,,,,,,,
92.810902,monitor,26545,663750,24996,1,0,0.000000,0.000000,0.000000,0.000000,0,0,169979,162192,-1,0,-1.137122,-1.449220,2.056675,0.000000,0.000000,-1,,,,,,,,,,,,,,,,
92.838746,monitor,26546,663776,24988,1,0,0.000000,0.000000,0.000000,0.000000,0,0,169979,162192,-1,0,-1.137122,-1.449220,2.056675,0.000000,0.000000,-1,,,,,,,,,,,,,,,,
92.863505,monitor,26547,663800,25020,1,0,0.000000,0.000000,0.000000,0.000000,0,0,169979,162192,-1,0,-1.137122,-1.449220,2.056675,0.000000,0.000000,-1,,,,,,,,,,,,,,,,
92.886364,monitor,26548,663826,24996,1,0,0.000000,0.000000,0.000000,0.000000,0,0,169979,162192,-1,0,-1.137122,-1.449220,2.056675,0.000000,0.000000,-1,,,,,,,,,,,,,,,,
92.913155,monitor,26549,663851,24988,1,0,0.000000,0.000000,0.000000,0.000000,0,0,169979,162192,-1,0,-1.137122,-1.449220,2.056675,0.000000,0.000000,-1,,,,,,,,,,,,,,,,
92.941251,monitor,26550,663875,25012,1,0,0.000000,0.000000,0.000000,0.000000,0,0,169979,162192,-1,0,-1.137122,-1.449220,2.056675,0.000000,0.000000,-1,,,,,,,,,,,,,,,,
92.970278,monitor,26551,663901,24988,1,0,0.000000,0.000000,0.000000,0.000000,0,0,169979,162192,-1,0,-1.137122,-1.449220,2.056675,0.000000,0.000000,-1,,,,,,,,,,,,,,,,
92.992572,monitor,26552,663925,25016,1,0,3.000000,3.000000,0.000000,0.000000,0,0,169979,162192,124,122,-1.137122,-1.449220,2.056675,0.000000,0.000000,-1,,,,,,,,,,,,,,,,
93.021925,monitor,26553,663951,25012,1,0,3.000000,3.000000,0.773323,0.724991,16,15,169996,162208,119,117,-1.138440,-1.446721,2.055740,0.112970,-0.037376,-1,,,,,,,,,,,,,,,,
93.039041,monitor,26554,663976,24980,1,0,3.000000,3.000000,1.693812,1.693812,35,35,170032,162243,109,107,-1.141414,-1.441076,2.055740,0.255421,0.000000,-1,,,,,,,,,,,,,,,,
93.070684,monitor,26555,664001,25012,1,0,3.000000,3.000000,2.029974,2.078306,42,43,170075,162287,107,104,-1.145029,-1.434223,2.056675,0.309757,0.037376,-1,,,,,,,,,,,,,,,,
93.093630,monitor,26556,664026,24984,1,0,3.000000,3.000000,2.419343,2.370957,50,49,170125,162337,103,101,-1.149239,-1.426242,2.055740,0.361180,-0.037418,-1,,,,,,,,,,,,,,,,
93.129769,monitor,26557,664051,25036,1,0,3.000000,3.000000,2.704037,2.752323,56,57,170181,162394,100,97,-1.154045,-1.417132,2.056675,0.411400,0.037341,-1,,,,,,,,,,,,,,,,
93.140496,monitor,26558,664076,24956,1,0,3.000000,3.000000,2.906470,2.954911,60,61,170241,162455,98,94,-1.159200,-1.407382,2.057610,0.441938,0.037460,-1,,,,,,,,,,,,,,,,
93.176643,monitor,26559,664101,25052,1,0,3.000000,3.000000,3.040098,3.040098,63,63,170305,162518,96,93,-1.164573,-1.397231,2.057610,0.458436,0.000000,-1,,,,,,,,,,,,,,,,
93.199266,monitor,26560,664126,25000,1,0,3.000000,3.000000,3.191489,3.094778,66,64,170370,162583,93,92,-1.170106,-1.386754,2.055740,0.473973,-0.074789,-1,,,,,,,,,,,,,,,,
93.230629,monitor,26561,664152,24960,1,0,3.000000,3.000000,3.148170,3.196604,65,66,170436,162649,94,90,-1.175677,-1.376192,2.056675,0.478385,0.037454,-1,,,,,,,,,,,,,,,,
93.242121,monitor,26562,664176,24992,1,0,3.000000,3.000000,3.192511,3.240882,66,67,170502,162715,93,89,-1.181343,-1.365475,2.057610,0.485066,0.037406,-1,,,,,,,,,,,,,,,,
93.284601,monitor,26563,664201,25008,1,0,3.000000,3.000000,3.190469,3.190469,66,66,170568,162781,92,89,-1.186972,-1.354841,2.057610,0.481111,0.000000,-1,,,,,,,,,,,,,,,,
93.296133,monitor,26564,664226,25044,1,0,3.000000,3.000000,3.185883,3.234153,66,67,170634,162848,92,88,-1.192648,-1.344130,2.058545,0.484059,0.037328,-1,,,,,,,,,,,,,,,,
93.318976,monitor,26565,664251,24948,1,0,3.000000,3.000000,3.198142,3.246598,66,67,170700,162915,91,88,-1.198334,-1.333423,2.059479,0.485922,0.037472,-1,,,,,,,,,,,,,,,,
93.345686,monitor,26566,664276,25040,1,0,3.000000,3.000000,3.186391,3.234670,66,67,170765,162983,91,87,-1.204030,-1.322722,2.060414,0.484137,0.037334,-1,,,,,,,,,,,,,,,,
93.368596,monitor,26567,664301,24988,1,0,3.000000,3.000000,3.096264,3.241401,64,67,170829,163050,92,87,-1.209661,-1.312192,2.063219,0.477849,0.112237,-1,,,,,,,,,,,,,,,,
93.393736,monitor,26568,664326,25016,1,0,3.000000,3.000000,3.092798,3.286098,64,68,170894,163117,92,86,-1.215369,-1.301601,2.066958,0.480958,0.149482,-1,,,,,,,,,,,,,,,,
93.421947,monitor,26569,664351,24968,1,0,3.000000,3.000000,3.147162,3.195580,65,66,170958,163184,91,87,-1.221058,-1.291103,2.067893,0.478232,0.037442,-1,,,,,,,,,,,,,,,,
93.447968,monitor,26570,664376,24996,1,0,3.000000,3.000000,3.095273,3.240364,64,67,171023,163251,92,85,-1.226767,-1.280615,2.070698,0.477696,0.112201,-1,,,,,,,,,,,,,,,,
93.470825,monitor,26571,664401,25012,1,0,3.000000,3.000000,3.044960,3.141626,63,65,171086,163315,92,86,-1.232369,-1.270381,2.072567,0.466458,0.074753,-1,,,,,,,,,,,,,,,,
93.501220,monitor,26572,664426,24996,1,0,3.000000,3.000000,3.095273,3.095273,64,64,171149,163379,91,87,-1.237980,-1.260152,2.072567,0.466756,0.000000,-1,,,,,,,,,,,,,,,,
93.518283,monitor,26573,664452,24992,1,0,3.000000,3.000000,2.999026,3.144140,62,65,171212,163445,93,86,-1.243562,-1.250011,2.075372,0.463184,0.112219,-1,,,,,,,,,,,,,,,,
93.556293,monitor,26574,664476,25000,1,0,3.000000,3.000000,3.094778,3.094778,64,64,171275,163509,91,86,-1.249202,-1.239798,2.075372,0.466682,0.000000,-1,,,,,,,,,,,,,,,,
93.573393,monitor,26575,664501,24992,1,0,3.000000,3.000000,3.047397,3.095768,63,64,171338,163572,92,86,-1.254803,-1.229667,2.076307,0.463184,0.037406,-1,,,,,,,,,,,,,,,,
93.612795,monitor,26576,664526,25036,1,0,3.000000,3.000000,3.042041,3.090328,63,64,171402,163636,92,86,-1.260414,-1.219542,2.077241,0.462370,0.037341,-1,,,,,,,,,,,,,,,,
93.624552,monitor,26577,664551,25004,1,0,3.000000,3.000000,3.094283,3.094283,64,64,171466,163700,91,86,-1.266073,-1.209339,2.077241,0.466607,0.000000,-1,,,,,,,,,,,,,,,,
93.661610,monitor,26578,664577,24976,1,0,3.000000,3.000000,3.097752,3.049349,64,63,171530,163763,91,86,-1.271683,-1.199214,2.076307,0.463481,-0.037430,-1,,,,,,,,,,,,,,,,
93.673119,monitor,26579,664601,24996,1,0,3.000000,3.000000,3.095273,3.046909,64,63,171594,163827,90,86,-1.277284,-1.189083,2.075372,0.463110,-0.037400,-1,,,,,,,,,,,,,,,,
93.695988,monitor,26580,664626,25012,1,0,3.000000,3.000000,3.093293,3.093293,64,64,171657,163890,90,85,-1.282925,-1.178870,2.075372,0.466458,0.000000,-1,,,,,,,,,,,,,,,,
93.723009,monitor,26581,664651,24976,1,0,3.000000,3.000000,3.049349,3.097752,63,64,171721,163955,91,85,-1.288526,-1.168740,2.076307,0.463481,0.037430,-1,,,,,,,,,,,,,,,,
93.751623,monitor,26582,664676,25008,1,0,3.000000,3.000000,3.093788,3.093788,64,64,171784,164018,90,85,-1.294175,-1.158532,2.076307,0.466532,0.000000,-1,,,,,,,,,,,,,,,,
93.777110,monitor,26583,664701,24996,1,0,3.000000,3.000000,3.046909,3.046909,63,63,171847,164081,90,86,-1.299737,-1.148484,2.076307,0.459463,0.000000,-1,,,,,,,,,,,,,,,,
93.801056,monitor,26584,664726,25012,1,0,3.000000,3.000000,3.044960,3.093293,63,64,171911,164145,90,85,-1.305347,-1.138358,2.077241,0.462813,0.037377,-1,,,,,,,,,,,,,,,,
93.830097,monitor,26585,664752,25000,1,0,3.000000,3.000000,3.046422,3.094778,63,64,171974,164210,90,85,-1.310967,-1.128238,2.078176,0.463036,0.037394,-1,,,,,,,,,,,,,,,,
93.852968,monitor,26586,664776,25032,1,0,3.000000,3.000000,3.042527,3.090822,63,64,172037,164273,90,84,-1.316597,-1.118123,2.079111,0.462444,0.037347,-1,,,,,,,,,,,,,,,,
93.879529,monitor,26587,664801,24948,1,0,3.000000,3.000000,3.052772,3.052772,63,63,172099,164336,90,85,-1.322186,-1.108090,2.079111,0.460347,0.000000,-1,,,,,,,,,,,,,,,,
93.902429,monitor,26588,664826,25004,1,0,3.000000,3.000000,3.045934,3.094283,63,64,172162,164401,90,84,-1.327825,-1.097981,2.080046,0.462961,0.037388,-1,,,,,,,,,,,,,,,,
93.936735,monitor,26589,664851,25012,1,0,3.000000,3.000000,3.044960,3.093293,63,64,172225,164464,90,84,-1.333473,-1.087876,2.080981,0.462813,0.037377,-1,,,,,,,,,,,,,,,,
93.953513,monitor,26590,664877,24984,1,0,3.000000,3.000000,3.048373,2.999986,63,62,172288,164527,90,85,-1.339033,-1.077931,2.080046,0.456036,-0.037418,-1,,,,,,,,,,,,,,,,
93.987679,monitor,26591,664901,25020,1,0,3.000000,3.000000,3.043987,3.043987,63,63,172352,164589,90,85,-1.344632,-1.067904,2.080046,0.459022,0.000000,-1,,,,,,,,,,,,,,,,
93.999140,monitor,26592,664926,24984,1,0,3.000000,3.000000,3.048373,2.999986,63,62,172414,164651,90,85,-1.350182,-1.057953,2.079111,0.456036,-0.037418,-1,,,,,,,,,,,,,,,,
94.036850,monitor,26593,664951,25008,1,0,3.000000,3.000000,3.045447,2.997107,63,62,172478,164714,90,85,-1.355722,-1.047997,2.078176,0.455598,-0.037382,-1,,,,,,,,,,,,,,,,
94.053940,monitor,26594,664976,25008,1,0,3.000000,3.000000,3.093788,2.997107,64,62,172541,164775,89,85,-1.361293,-1.037954,2.076307,0.459243,-0.074765,-1,,,,,,,,,,,,,,,,
94.090564,monitor,26595,665001,25012,1,0,0.000000,0.000000,3.044960,2.948295,63,61,172605,164837,-36,-35,-1.366757,-1.028060,2.074437,0.451881,-0.074753,-1,,,,,,,,,,,,,,,,
94.102078,monitor,26596,665026,24976,1,0,0.000000,0.000000,2.226509,2.178107,46,45,172648,164880,-30,-29,-1.370757,-1.020794,2.073502,0.332100,-0.037430,-1,,,,,,,,,,,,,,,,
94.146324,monitor,26597,665051,24996,1,0,0.000000,0.000000,0.725455,0.822182,15,17,172662,164896,-12,-13,-1.372165,-1.018239,2.075372,0.116689,0.074801,-1,,,,,,,,,,,,,,,,
94.152176,monitor,26598,665076,25004,1,0,0.000000,0.000000,0.096696,0.241741,2,5,172664,164900,-4,-6,-1.372474,-1.017681,2.078176,0.025518,0.112165,-1,,,,,,,,,,,,,,,,
94.180749,monitor,26599,665101,25000,1,0,0.000000,0.000000,0.000000,0.096712,0,2,172664,164902,-2,-5,-1.372563,-1.017522,2.080046,0.007292,0.074789,-1,,,,,,,,,,,,,,,,
94.202924,monitor,26600,665125,24996,1,0,0.000000,0.000000,0.000000,0.000000,0,0,172664,164902,-2,-3,-1.372563,-1.017522,2.080046,0.000000,0.000000,-1,,,,,,,,,,,,,,,,
94.231398,monitor,26601,665151,25024,1,0,0.000000,0.000000,0.000000,0.000000,0,0,172664,164902,-2,-3,-1.372563,-1.017522,2.080046,0.000000,0.000000,-1,,,,,,,,,,,,,,,,
94.258049,monitor,26602,665176,24984,1,0,0.000000,0.000000,0.000000,0.000000,0,0,172664,164902,-2,-3,-1.372563,-1.017522,2.080046,0.000000,0.000000,-1,,,,,,,,,,,,,,,,
94.281036,monitor,26603,665200,25008,1,0,0.000000,0.000000,0.000000,0.000000,0,0,172664,164902,-2,-3,-1.372563,-1.017522,2.080046,0.000000,0.000000,-1,,,,,,,,,,,,,,,,
94.306873,monitor,26604,665226,25000,1,0,0.000000,0.000000,0.000000,0.000000,0,0,172664,164902,-2,-3,-1.372563,-1.017522,2.080046,0.000000,0.000000,-1,,,,,,,,,,,,,,,,
94.329743,monitor,26605,665250,24988,1,0,0.000000,0.000000,0.000000,0.000000,0,0,172664,164902,-2,-3,-1.372563,-1.017522,2.080046,0.000000,0.000000,-1,,,,,,,,,,,,,,,,
94.361535,monitor,26606,665276,25000,1,0,0.000000,0.000000,0.000000,0.000000,0,0,172664,164902,-2,-3,-1.372563,-1.017522,2.080046,0.000000,0.000000,-1,,,,,,,,,,,,,,,,
94.378687,monitor,26607,665300,24992,1,0,0.000000,0.000000,0.000000,0.000000,0,0,172664,164902,-2,-3,-1.372563,-1.017522,2.080046,0.000000,0.000000,-1,,,,,,,,,,,,,,,,
94.416775,monitor,26608,665326,25024,1,0,0.000000,0.000000,0.000000,0.000000,0,0,172664,164902,-2,-3,-1.372563,-1.017522,2.080046,0.000000,0.000000,-1,,,,,,,,,,,,,,,,
94.439693,monitor,26609,665351,24984,1,0,0.000000,0.000000,0.000000,0.000000,0,0,172664,164902,-2,-3,-1.372563,-1.017522,2.080046,0.000000,0.000000,-1,,,,,,,,,,,,,,,,
94.466921,monitor,26610,665375,24996,1,0,0.000000,0.000000,0.000000,0.000000,0,0,172664,164902,-2,-3,-1.372563,-1.017522,2.080046,0.000000,0.000000,-1,,,,,,,,,,,,,,,,
94.484043,monitor,26611,665401,25020,1,0,0.000000,0.000000,0.000000,0.000000,0,0,172664,164902,-2,-3,-1.372563,-1.017522,2.080046,0.000000,0.000000,-1,,,,,,,,,,,,,,,,
94.516086,monitor,26612,665425,24984,1,0,0.000000,0.000000,0.000000,0.000000,0,0,172664,164902,-2,-3,-1.372563,-1.017522,2.080046,0.000000,0.000000,-1,,,,,,,,,,,,,,,,
94.533201,monitor,26613,665451,25012,1,0,0.000000,0.000000,0.000000,0.000000,0,0,172664,164902,-2,-3,-1.372563,-1.017522,2.080046,0.000000,0.000000,-1,,,,,,,,,,,,,,,,
94.570276,monitor,26614,665476,25000,1,0,0.000000,0.000000,0.000000,0.000000,0,0,172664,164902,-2,-3,-1.372563,-1.017522,2.080046,0.000000,0.000000,-1,,,,,,,,,,,,,,,,
94.581774,monitor,26615,665500,25004,1,0,0.000000,0.000000,0.000000,0.000000,0,0,172664,164902,-2,-3,-1.372563,-1.017522,2.080046,0.000000,0.000000,-1,,,,,,,,,,,,,,,,
94.624692,monitor,26616,665526,24988,1,0,0.000000,0.000000,0.000000,0.000000,0,0,172664,164902,-2,-3,-1.372563,-1.017522,2.080046,0.000000,0.000000,-1,,,,,,,,,,,,,,,,
94.636152,monitor,26617,665550,24996,1,0,0.000000,0.000000,0.000000,0.000000,0,0,172664,164902,-2,-3,-1.372563,-1.017522,2.080046,0.000000,0.000000,-1,,,,,,,,,,,,,,,,
94.658900,monitor,26618,665576,25000,1,0,0.000000,0.000000,0.000000,0.000000,0,0,172664,164902,-2,-3,-1.372563,-1.017522,2.080046,0.000000,0.000000,-1,,,,,,,,,,,,,,,,
94.686291,monitor,26619,665601,24996,1,0,0.000000,0.000000,0.000000,0.000000,0,0,172664,164902,-2,-3,-1.372563,-1.017522,2.080046,0.000000,0.000000,-1,,,,,,,,,,,,,,,,
94.709209,monitor,26620,665625,25004,1,0,0.000000,0.000000,0.000000,0.000000,0,0,172664,164902,-2,-3,-1.372563,-1.017522,2.080046,0.000000,0.000000,-1,,,,,,,,,,,,,,,,
94.735753,monitor,26621,665651,25000,1,0,0.000000,0.000000,0.000000,0.000000,0,0,172664,164902,-2,-3,-1.372563,-1.017522,2.080046,0.000000,0.000000,-1,,,,,,,,,,,,,,,,
94.758485,monitor,26622,665675,25012,1,0,0.000000,0.000000,0.000000,0.000000,0,0,172664,164902,-2,-3,-1.372563,-1.017522,2.080046,0.000000,0.000000,-1,,,,,,,,,,,,,,,,
94.785251,monitor,26623,665701,24996,1,0,0.000000,0.000000,0.000000,0.000000,0,0,172664,164902,-2,-3,-1.372563,-1.017522,2.080046,0.000000,0.000000,-1,,,,,,,,,,,,,,,,
94.807980,monitor,26624,665725,25004,1,0,0.000000,0.000000,0.000000,0.000000,0,0,172664,164902,-2,-3,-1.372563,-1.017522,2.080046,0.000000,0.000000,-1,,,,,,,,,,,,,,,,
94.839802,monitor,26625,665751,24996,1,0,0.000000,0.000000,0.000000,0.000000,0,0,172664,164902,-2,-3,-1.372563,-1.017522,2.080046,0.000000,0.000000,-1,,,,,,,,,,,,,,,,
94.862711,monitor,26626,665776,24992,1,0,0.000000,0.000000,0.000000,0.000000,0,0,172664,164902,-2,-3,-1.372563,-1.017522,2.080046,0.000000,0.000000,-1,,,,,,,,,,,,,,,,
94.895905,monitor,26627,665800,24992,1,0,0.000000,0.000000,0.000000,0.000000,0,0,172664,164902,-2,-3,-1.372563,-1.017522,2.080046,0.000000,0.000000,-1,,,,,,,,,,,,,,,,
94.912540,monitor,26628,665826,25032,1,0,0.000000,0.000000,0.000000,0.000000,0,0,172664,164902,-2,-3,-1.372563,-1.017522,2.080046,0.000000,0.000000,-1,,,,,,,,,,,,,,,,
94.951845,monitor,26629,665850,24992,1,0,0.000000,0.000000,0.000000,0.000000,0,0,172664,164902,-2,-3,-1.372563,-1.017522,2.080046,0.000000,0.000000,-1,,,,,,,,,,,,,,,,
94.963300,monitor,26630,665876,25008,1,0,0.000000,0.000000,0.000000,0.000000,0,0,172664,164902,-2,-3,-1.372563,-1.017522,2.080046,0.000000,0.000000,-1,,,,,,,,,,,,,,,,
95.000785,monitor,26631,665901,24968,1,0,0.000000,0.000000,0.000000,0.000000,0,0,172664,164902,-2,-3,-1.372563,-1.017522,2.080046,0.000000,0.000000,-1,,,,,,,,,,,,,,,,
95.012243,monitor,26632,665925,25008,1,0,0.000000,0.000000,0.000000,0.000000,0,0,172664,164902,-2,-3,-1.372563,-1.017522,2.080046,0.000000,0.000000,-1,,,,,,,,,,,,,,,,
95.056851,monitor,26633,665951,24992,1,0,0.000000,0.000000,0.000000,0.000000,0,0,172664,164902,-2,-3,-1.372563,-1.017522,2.080046,0.000000,0.000000,-1,,,,,,,,,,,,,,,,
95.062550,monitor,26634,665975,25020,1,0,0.000000,0.000000,0.000000,0.000000,0,0,172664,164902,-2,-3,-1.372563,-1.017522,2.080046,0.000000,0.000000,-1,,,,,,,,,,,,,,,,
95.106534,monitor,26635,666001,24988,1,0,0.000000,0.000000,0.000000,0.000000,0,0,172664,164902,-2,-3,-1.372563,-1.017522,2.080046,0.000000,0.000000,-1,,,,,,,,,,,,,,,,
95.112396,monitor,26636,666025,25004,1,0,0.000000,0.000000,0.000000,0.000000,0,0,172664,164902,-2,-3,-1.372563,-1.017522,2.080046,0.000000,0.000000,-1,,,,,,,,,,,,,,,,
95.141113,monitor,26637,666051,24992,1,0,0.000000,0.000000,0.000000,0.000000,0,0,172664,164902,-2,-3,-1.372563,-1.017522,2.080046,0.000000,0.000000,-1,,,,,,,,,,,,,,,,
95.167157,monitor,26638,666076,24996,1,0,0.000000,0.000000,0.000000,0.000000,0,0,172664,164902,-2,-3,-1.372563,-1.017522,2.080046,0.000000,0.000000,-1,,,,,,,,,,,,,,,,
95.190159,monitor,26639,666100,25000,1,0,0.000000,0.000000,0.000000,0.000000,0,0,172664,164902,-2,-3,-1.372563,-1.017522,2.080046,0.000000,0.000000,-1,,,,,,,,,,,,,,,,
95.218406,monitor,26640,666126,25024,1,0,0.000000,0.000000,0.000000,0.000000,0,0,172664,164902,-2,-3,-1.372563,-1.017522,2.080046,0.000000,0.000000,-1,,,,,,,,,,,,,,,,
95.241310,monitor,26641,666150,24996,1,0,3.000000,-3.000000,0.000000,0.000000,0,0,172664,164902,123,-125,-1.372563,-1.017522,2.080046,0.000000,0.000000,-1,,,,,,,,,,,,,,,,
95.271738,monitor,26642,666176,25004,1,0,3.000000,-3.000000,0.870267,-0.676874,18,-14,172683,164887,116,-121,-1.372736,-1.017201,2.050130,0.014581,-1.196428,-1,,,,,,,,,,,,,,,,
95.294009,monitor,26643,666201,24992,1,0,3.000000,-3.000000,1.983227,-1.692998,41,-35,172725,164850,103,-111,-1.372970,-1.016707,1.979081,0.021883,-2.842881,-1,,,,,,,,,,,,,,,,
95.321148,monitor,26644,666226,24996,1,0,3.000000,-3.000000,2.224727,-2.321455,46,-48,172771,164802,102,-104,-1.372905,-1.016878,1.891204,-0.007293,-3.515632,-1,,,,,,,,,,,,,,,,
95.344078,monitor,26645,666251,25000,1,0,3.000000,-3.000000,2.417795,-2.514507,50,-52,172822,164750,100,-102,-1.372856,-1.017053,1.795849,-0.007292,-3.814224,-1,,,,,,,,,,,,,,,,
95.377078,monitor,26646,666276,25012,1,0,3.000000,-3.000000,2.561633,-2.658299,53,-55,172875,164695,99,-101,-1.372825,-1.017233,1.694884,-0.007288,-4.036653,-1,,,,,,,,,,,,,,,,
95.394256,monitor,26647,666301,25000,1,0,3.000000,-3.000000,2.611219,-2.756287,54,-57,172930,164638,99,-100,-1.372805,-1.017505,1.591115,-0.010938,-4.150774,-1,,,,,,,,,,,,,,,,
95.425191,monitor,26648,666327,24996,1,0,3.000000,-3.000000,2.708364,-2.756728,56,-57,172985,164581,99,-101,-1.372808,-1.017596,1.485476,-0.003647,-4.226238,-1,,,,,,,,,,,,,,,,
95.442325,monitor,26649,666351,24988,1,0,3.000000,-3.000000,2.805989,-2.854368,58,-59,173043,164521,98,-100,-1.372821,-1.017687,1.376097,-0.003648,-4.377241,-1,,,,,,,,,,,,,,,,
95.479677,monitor,26650,666376,25012,1,0,3.000000,-3.000000,2.803297,-2.948295,58,-61,173101,164460,98,-99,-1.372888,-1.017952,1.264849,-0.010933,-4.447793,-1,,,,,,,,,,,,,,,,
95.496766,monitor,26651,666401,25012,1,0,3.000000,-3.000000,2.851630,-2.996628,59,-62,173160,164398,98,-98,-1.372985,-1.018207,1.151731,-0.010933,-4.522546,-1,,,,,,,,,,,,,,,,
95.533525,monitor,26652,666426,25032,1,0,3.000000,-3.000000,2.897645,-3.090822,60,-64,173220,164334,98,-97,-1.373153,-1.018531,1.035809,-0.014565,-4.630972,-1,,,,,,,,,,,,,,,,
95.545158,monitor,26653,666451,24960,1,0,3.000000,-3.000000,2.906004,-3.148170,60,-65,173280,164270,98,-96,-1.373407,-1.018909,0.918951,-0.018259,-4.681785,-1,,,,,,,,,,,,,,,,
95.568034,monitor,26654,666476,24996,1,0,3.000000,-3.000000,2.950182,-3.095273,61,-64,173342,164205,97,-96,-1.373586,-1.019116,0.802094,-0.010940,-4.675042,-1,,,,,,,,,,,,,,,,
95.595296,monitor,26655,666501,25020,1,0,3.000000,-3.000000,2.995669,-3.140621,62,-65,173403,164141,97,-95,-1.373787,-1.019301,0.683367,-0.010929,-4.745287,-1,,,,,,,,,,,,,,,,
95.623296,monitor,26656,666526,24984,1,0,3.000000,-3.000000,2.999986,-3.096760,62,-64,173465,164077,97,-96,-1.373935,-1.019408,0.565575,-0.007297,-4.714706,-1,,,,,,,,,,,,,,,,
95.643956,monitor,26657,666551,24980,1,0,3.000000,-3.000000,3.000466,-3.048861,62,-63,173528,164013,97,-96,-1.374015,-1.019452,0.448717,-0.003649,-4.678037,-1,,,,,,,,,,,,,,,,
95.672503,monitor,26658,666576,25048,1,0,3.000000,-3.000000,3.088847,-3.137110,64,-65,173591,163949,95,-95,-1.374099,-1.019487,0.328120,-0.003639,-4.814627,-1,,,,,,,,,,,,,,,,
95.701221,monitor,26659,666601,24964,1,0,3.000000,-3.000000,3.050815,-3.050815,63,-63,173655,163885,96,-96,-1.374099,-1.019487,0.210328,0.000000,-4.718483,-1,,,,,,,,,,,,,,,,
95.724281,monitor,26660,666626,24984,1,0,0.000000,0.000000,3.096760,-3.145146,64,-65,173718,163821,-30,27,-1.374189,-1.019500,0.089731,-0.003648,-4.826961,-1,,,,,,,,,,,,,,,,
95.755205,monitor,26661,666651,25020,1,0,0.000000,0.000000,2.174276,-2.319228,45,-48,173762,163774,-23,21,-1.374462,-1.019513,0.002790,-0.010929,-3.474895,-1,,,,,,,,,,,,,,,,
95.772378,monitor,26662,666676,25004,1,0,0.000000,0.000000,0.773571,-1.015312,16,-21,173777,163755,-6,6,-1.374918,-1.019506,-0.031800,-0.018227,-1.383370,-1,,,,,,,,,,,,,,,,
95.804631,monitor,26663,666701,25000,1,0,0.000000,0.000000,0.290135,-0.338491,6,-7,173782,163748,0,-1,-1.375009,-1.019503,-0.043953,-0.003646,-0.486127,-1,,,,,,,,,,,,,,,,
95.821789,monitor,26664,666726,24988,1,0,0.000000,0.000000,0.145137,-0.387033,3,-8,173785,163739,0,0,-1.375464,-1.019480,-0.054237,-0.018239,-0.411535,-1,,,,,,,,,,,,,,,,
95.861125,monitor,26665,666750,24992,1,0,0.000000,0.000000,0.145114,-0.241857,3,-5,173788,163735,0,-1,-1.375646,-1.019470,-0.061716,-0.007294,-0.299251,-1,,,,,,,,,,,,,,,,
95.878325,monitor,26666,666776,25004,1,0,0.000000,0.000000,0.096696,-0.048348,2,-1,173790,163733,0,-4,-1.375556,-1.019475,-0.064520,0.003645,-0.112165,-1,,,,,,,,,,,,,,,,
95.911959,monitor,26667,666801,25016,1,0,0.000000,0.000000,0.000000,-0.048325,0,-1,173790,163733,2,-4,-1.375646,-1.019469,-0.065455,-0.003644,-0.037370,-1,,,,,,,,,,,,,,,,
95.923533,monitor,26668,666826,24996,1,0,0.000000,0.000000,0.193455,-0.048364,4,-1,173795,163732,0,-4,-1.375374,-1.019488,-0.070129,0.010940,-0.187002,-1,,,,,,,,,,,,,,,,
95.963815,monitor,26669,666851,24980,1,0,0.000000,0.000000,0.145184,0.000000,3,0,173797,163732,0,-4,-1.375101,-1.019508,-0.072934,0.010947,-0.112273,-1,,,,,,,,,,,,,,,,
95.975276,monitor,26670,666875,25020,1,0,0.000000,0.000000,0.000000,0.000000,0,0,173797,163732,1,-4,-1.375101,-1.019508,-0.072934,0.000000,0.000000,-1,,,,,,,,,,,,,,,,
96.014823,monitor,26671,666901,25000,1,0,3.000000,-3.000000,0.000000,0.000000,0,0,173797,163732,127,-126,-1.375101,-1.019508,-0.072934,0.000000,0.000000,-1,,,,,,,,,,,,,,,,
96.026252,monitor,26672,666926,24996,1,0,3.000000,-3.000000,0.725455,-0.725455,15,-15,173814,163716,122,-121,-1.375101,-1.019508,-0.100980,0.000000,-1.122010,-1,,,,,,,,,,,,,,,,
96.066367,monitor,26673,666951,24992,1,0,3.000000,-3.000000,1.838112,-1.789741,38,-37,173852,163678,110,-110,-1.375010,-1.019520,-0.171094,0.003647,-2.805474,-1,,,,,,,,,,,,,,,,
96.077910,monitor,26674,666976,25008,1,0,3.000000,-3.000000,2.272000,-2.320341,47,-48,173899,163629,106,-104,-1.375100,-1.019500,-0.259906,-0.003645,-3.551327,-1,,,,,,,,,,,,,,,,
96.116440,monitor,26675,667001,24988,1,0,3.000000,-3.000000,2.515714,-2.515714,52,-52,173952,163577,104,-103,-1.375100,-1.019500,-0.357131,0.000000,-3.890880,-1,,,,,,,,,,,,,,,,
96.127970,monitor,26676,667026,25024,1,0,3.000000,-3.000000,2.705333,-2.657024,56,-55,174008,163522,102,-102,-1.375016,-1.019537,-0.460900,0.003642,-4.146792,-1,,,,,,,,,,,,,,,,
96.167550,monitor,26677,667052,24996,1,0,3.000000,-3.000000,2.853455,-2.853455,59,-59,174067,163463,100,-100,-1.375016,-1.019537,-0.571214,0.000000,-4.413240,-1,,,,,,,,,,,,,,,,
96.179029,monitor,26678,667076,24992,1,0,3.000000,-3.000000,2.902283,-2.999026,60,-62,174127,163400,100,-98,-1.375163,-1.019429,-0.685266,-0.007294,-4.563571,-1,,,,,,,,,,,,,,,,
96.215340,monitor,26679,667101,25008,1,0,3.000000,-3.000000,2.900426,-3.093788,60,-64,174188,163336,100,-96,-1.375432,-1.019183,-0.801189,-0.014579,-4.635417,-1,,,,,,,,,,,,,,,,
96.226443,monitor,26680,667126,24984,1,0,3.000000,-3.000000,2.999986,-3.145146,62,-65,174250,163271,99,-95,-1.375610,-1.018975,-0.919916,-0.010945,-4.752124,-1,,,,,,,,,,,,,,,,
96.271603,monitor,26681,667151,25016,1,0,3.000000,-3.000000,2.996148,-3.092798,62,-64,174312,163207,99,-96,-1.375712,-1.018824,-1.037708,-0.007287,-4.708675,-1,,,,,,,,,,,,,,,,
96.277428,monitor,26682,667176,24988,1,0,3.000000,-3.000000,3.047885,-3.144643,63,-65,174374,163143,98,-95,-1.375795,-1.018662,-1.157370,-0.007295,-4.788776,-1,,,,,,,,,,,,,,,,
96.321661,monitor,26683,667201,24992,1,0,3.000000,-3.000000,3.047397,-3.095768,63,-64,174437,163078,98,-95,-1.375826,-1.018576,-1.276097,-0.003647,-4.750603,-1,,,,,,,,,,,,,,,,
96.327469,monitor,26684,667226,25012,1,0,3.000000,-3.000000,2.996628,-3.141626,62,-65,174499,163014,99,-94,-1.375890,-1.018310,-1.394824,-0.010933,-4.746805,-1,,,,,,,,,,,,,,,,
96.355938,monitor,26685,667251,24996,1,0,3.000000,-3.000000,2.950182,-3.095273,61,-64,174561,162949,99,-95,-1.375922,-1.018039,-1.511682,-0.010940,-4.675042,-1,,,,,,,,,,,,,,,,
96.378325,monitor,26686,667276,24992,1,0,3.000000,-3.000000,3.047397,-3.144140,63,-65,174623,162885,98,-94,-1.375922,-1.017857,-1.631344,-0.007294,-4.788010,-1,,,,,,,,,,,,,,,,
96.406873,monitor,26687,667301,25020,1,0,3.000000,-3.000000,2.995669,-3.092304,62,-64,174686,162821,99,-94,-1.375901,-1.017676,-1.749136,-0.007286,-4.707922,-1,,,,,,,,,,,,,,,,
96.429386,monitor,26688,667326,24992,1,0,3.000000,-3.000000,2.999026,-3.047397,62,-63,174748,162757,99,-95,-1.375879,-1.017587,-1.865993,-0.003647,-4.675790,-1,,,,,,,,,,,,,,,,
96.452278,monitor,26689,667352,25004,1,0,3.000000,-3.000000,2.997586,-3.045934,62,-63,174810,162694,99,-95,-1.375848,-1.017502,-1.982851,-0.003645,-4.673547,-1,,,,,,,,,,,,,,,,
96.480164,monitor,26690,667376,24996,1,0,3.000000,-3.000000,2.950182,-2.998546,61,-62,174871,162632,99,-95,-1.375806,-1.017420,-2.097838,-0.003647,-4.600242,-1,,,,,,,,,,,,,,,,
96.508720,monitor,26691,667401,24996,1,0,3.000000,-3.000000,2.998546,-2.998546,62,-62,174932,162571,99,-95,-1.375806,-1.017420,-2.213761,0.000000,-4.637642,-1,,,,,,,,,,,,,,,,
96.531875,monitor,26692,667426,24992,1,0,3.000000,-3.000000,2.950654,-2.902283,61,-60,174993,162511,99,-97,-1.375865,-1.017490,-2.326879,0.003647,-4.526165,-1,,,,,,,,,,,,,,,,
96.554830,monitor,26693,667451,25024,1,0,3.000000,-3.000000,2.946881,-2.898571,61,-60,175054,162450,100,-97,-1.375931,-1.017553,-2.439997,0.003642,-4.520377,-1,,,,,,,,,,,,,,,,
96.582627,monitor,26694,667476,24992,1,0,3.000000,-3.000000,2.950654,-2.950654,61,-61,175115,162390,100,-96,-1.375931,-1.017553,-2.554049,0.000000,-4.563571,-1,,,,,,,,,,,,,,,,
96.605455,monitor,26695,667501,24992,1,0,3.000000,-3.000000,2.950654,-2.902283,61,-60,175176,162330,100,-97,-1.376010,-1.017599,-2.667167,0.003647,-4.526165,-1,,,,,,,,,,,,,,,,
96.633258,monitor,26696,667526,25032,1,0,3.000000,-3.000000,2.994233,-2.897645,62,-60,175238,162270,99,-98,-1.376176,-1.017673,-2.781220,0.007283,-4.556279,-1,,,,,,,,,,,,,,,,
96.656104,monitor,26697,667551,24984,1,0,3.000000,-3.000000,2.951599,-2.951599,61,-61,175299,162209,100,-97,-1.376176,-1.017673,-2.895273,0.000000,-4.565032,-1,,,,,,,,,,,,,,,,
96.686679,monitor,26698,667576,24996,1,0,3.000000,-3.000000,2.901819,-2.998546,60,-62,175360,162147,101,-96,-1.375997,-1.017638,-3.009326,-0.007293,-4.562841,-1,,,,,,,,,,,,,,,,
96.709528,monitor,26699,667601,24976,1,0,3.000000,-3.000000,2.952544,-2.952544,61,-61,175420,162085,100,-97,-1.375997,-1.017638,-3.123379,0.000000,-4.566494,-1,,,,,,,,,,,,,,,,
96.736847,monitor,26700,667626,25032,1,0,3.000000,-3.000000,2.945939,-3.042527,61,-63,175481,162023,100,-96,-1.375815,-1.017646,3.043885,-0.007283,-4.630972,-1,,,,,,,,,,,,,,,,
96.759304,monitor,26701,667652,24976,1,0,3.000000,-3.000000,3.000947,-3.049349,62,-63,175544,161960,100,-96,-1.375725,-1.017660,2.927027,-0.003649,-4.678786,-1,,,,,,,,,,,,,,,,
96.792749,monitor,26702,667676,24996,1,0,3.000000,-3.000000,2.950182,-3.046909,61,-63,175604,161896,100,-96,-1.375550,-1.017709,2.811105,-0.007293,-4.637642,-1,,,,,,,,,,,,,,,,
96.809884,monitor,26703,667702,25064,1,0,3.000000,-3.000000,2.990410,-3.038643,62,-63,175666,161833,100,-96,-1.375465,-1.017744,2.694247,-0.003637,-4.662358,-1,,,,,,,,,,,,,,,,
96.841576,monitor,26704,667726,24956,1,0,3.000000,-3.000000,3.051793,-3.051793,63,-63,175729,161771,99,-95,-1.375465,-1.017744,2.576455,0.000000,-4.719995,-1,,,,,,,,,,,,,,,,
96.858689,monitor,26705,667751,25004,1,0,3.000000,-3.000000,3.045934,-3.045934,63,-63,175792,161708,99,-95,-1.375465,-1.017744,2.458663,0.000000,-4.710935,-1,,,,,,,,,,,,,,,,
96.896973,monitor,26706,667777,24980,1,0,3.000000,-3.000000,3.048861,-3.000466,63,-62,175856,161646,99,-96,-1.375532,-1.017682,2.341806,0.003649,-4.678037,-1,,,,,,,,,,,,,,,,
96.914161,monitor,26707,667801,24992,1,0,3.000000,-3.000000,2.999026,-2.999026,62,-62,175918,161583,99,-96,-1.375532,-1.017682,2.225883,0.000000,-4.638384,-1,,,,,,,,,,,,,,,,
96.953952,monitor,26708,667826,25020,1,0,3.000000,-3.000000,3.043987,-3.043987,63,-63,175981,161520,99,-95,-1.375532,-1.017682,2.108091,0.000000,-4.707922,-1,,,,,,,,,,,,,,,,
96.959684,monitor,26709,667851,24984,1,0,3.000000,-3.000000,3.048373,-2.999986,63,-62,176043,161458,99,-96,-1.375574,-1.017601,1.991234,0.003648,-4.677288,-1,,,,,,,,,,,,,,,,
97.002276,monitor,26710,667876,25020,1,0,3.000000,-3.000000,2.995669,-3.092304,62,-64,176106,161395,99,-94,-1.375510,-1.017772,1.873442,-0.007286,-4.707922,-1,,,,,,,,,,,,,,,,
97.013457,monitor,26711,667901,24984,1,0,3.000000,-3.000000,3.096760,-3.048373,64,-63,176169,161331,98,-95,-1.375532,-1.017683,1.754715,0.003648,-4.752124,-1,,,,,,,,,,,,,,,,
97.058942,monitor,26712,667926,25004,1,0,3.000000,-3.000000,3.045934,-3.094283,63,-64,176232,161268,98,-94,-1.375520,-1.017774,1.635988,-0.003645,-4.748323,-1,,,,,,,,,,,,,,,,
97.064703,monitor,26713,667952,24992,1,0,3.000000,-3.000000,3.047397,-3.095768,63,-64,176296,161203,98,-94,-1.375520,-1.017865,1.517260,-0.003647,-4.750603,-1,,,,,,,,,,,,,,,,
97.087728,monitor,26714,667976,25016,1,0,3.000000,-3.000000,3.044473,-3.092798,63,-64,176359,161139,98,-94,-1.375530,-1.017955,1.398533,-0.003644,-4.746046,-1,,,,,,,,,,,,,,,,
97.110084,monitor,26715,668001,25012,1,0,3.000000,-3.000000,3.093293,-3.141626,64,-65,176422,161075,97,-93,-1.375551,-1.018044,1.277937,-0.003644,-4.821558,-1,,,,,,,,,,,,,,,,
97.138464,monitor,26716,668026,24992,1,0,3.000000,-3.000000,3.047397,-3.095768,63,-64,176486,161011,98,-93,-1.375583,-1.018130,1.159209,-0.003647,-4.750603,-1,,,,,,,,,,,,,,,,
97.164984,monitor,26717,668051,25004,1,0,3.000000,-3.000000,3.045934,-3.142631,63,-65,176549,160946,98,-92,-1.375665,-1.018292,1.039548,-0.007291,-4.785711,-1,,,,,,,,,,,,,,,,
97.187870,monitor,26718,668077,24996,1,0,3.000000,-3.000000,2.998546,-3.095273,62,-64,176611,160881,98,-93,-1.375767,-1.018444,0.921755,-0.007293,-4.712443,-1,,,,,,,,,,,,,,,,
97.213320,monitor,26719,668101,24996,1,0,3.000000,-3.000000,3.046909,-3.143636,63,-65,176673,160816,98,-92,-1.375885,-1.018582,0.802093,-0.007293,-4.787243,-1,,,,,,,,,,,,,,,,
97.241635,monitor,26720,668126,25000,1,0,3.000000,-3.000000,2.998066,-3.143133,62,-65,176735,160752,98,-92,-1.376087,-1.018767,0.683366,-0.010938,-4.749083,-1,,,,,,,,,,,,,,,,
97.265959,monitor,26721,668151,24980,1,0,3.000000,-3.000000,2.952072,-3.097256,61,-64,176796,160687,99,-92,-1.376309,-1.018927,0.566509,-0.010947,-4.678037,-1,,,,,,,,,,,,,,,,
97.288674,monitor,26722,668176,25020,1,0,3.000000,-3.000000,2.995669,-3.092304,62,-64,176858,160623,98,-92,-1.376468,-1.019015,0.448717,-0.007286,-4.707922,-1,,,,,,,,,,,,,,,,
97.318477,monitor,26723,668201,24980,1,0,3.000000,-3.000000,2.952072,-3.097256,61,-64,176920,160560,99,-92,-1.376721,-1.019120,0.331859,-0.010947,-4.678037,-1,,,,,,,,,,,,,,,,
97.340582,monitor,26724,668226,25032,1,0,3.000000,-3.000000,2.994233,-3.042527,62,-63,176981,160497,99,-92,-1.376809,-1.019144,0.215002,-0.003641,-4.668318,-1,,,,,,,,,,,,,,,,
97.370408,monitor,26725,668251,24992,1,0,3.000000,-3.000000,2.999026,-2.950654,62,-61,177043,160436,99,-94,-1.376719,-1.019130,0.100014,0.003647,-4.600977,-1,,,,,,,,,,,,,,,,
97.393187,monitor,26726,668276,25000,1,0,3.000000,-3.000000,2.998066,-2.949710,62,-61,177106,160375,99,-94,-1.376627,-1.019126,-0.014973,0.003646,-4.599505,-1,,,,,,,,,,,,,,,,
97.426912,monitor,26727,668301,25000,1,0,3.000000,-3.000000,2.998066,-2.949710,62,-61,177167,160314,99,-94,-1.376536,-1.019132,-0.129961,0.003646,-4.599505,-1,,,,,,,,,,,,,,,,
97.437952,monitor,26728,668326,24992,1,0,3.000000,-3.000000,2.999026,-2.950654,62,-61,177229,160253,99,-94,-1.376447,-1.019149,-0.244948,0.003647,-4.600977,-1,,,,,,,,,,,,,,,,
97.474126,monitor,26729,668351,25080,1,0,3.000000,-3.000000,2.988503,-2.892100,62,-60,177291,160193,99,-95,-1.376273,-1.019204,-0.359001,0.007269,-4.547559,-1,,,,,,,,,,,,,,,,
97.491221,monitor,26730,668377,24912,1,0,3.000000,-3.000000,2.960129,-2.911603,61,-60,177353,160133,99,-95,-1.376189,-1.019240,-0.472119,0.003659,-4.540700,-1,,,,,,,,,,,,,,,,
97.529507,monitor,26731,668401,25020,1,0,3.000000,-3.000000,2.995669,-2.899035,62,-60,177414,160073,99,-95,-1.376032,-1.019332,-0.586172,0.007286,-4.558465,-1,,,,,,,,,,,,,,,,
97.540970,monitor,26732,668426,24996,1,0,3.000000,-3.000000,2.950182,-2.853455,61,-59,177475,160014,99,-96,-1.375886,-1.019442,-0.698355,0.007293,-4.488041,-1,,,,,,,,,,,,,,,,
97.584485,monitor,26733,668451,25004,1,0,3.000000,-3.000000,2.900890,-2.900890,60,-60,177535,159954,100,-96,-1.375886,-1.019442,-0.810538,0.000000,-4.486605,-1,,,,,,,,,,,,,,,,
97.590212,monitor,26734,668476,24992,1,0,3.000000,-3.000000,2.853912,-2.902283,59,-60,177594,159894,101,-96,-1.375945,-1.019372,-0.921786,-0.003647,-4.451353,-1,,,,,,,,,,,,,,,,
97.618673,monitor,26735,668502,25000,1,0,3.000000,-3.000000,2.852998,-2.901354,59,-60,177653,159833,101,-96,-1.375996,-1.019297,-1.033035,-0.003646,-4.449928,-1,,,,,,,,,,,,,,,,
97.645127,monitor,26736,668526,24992,1,0,3.000000,-3.000000,2.853912,-2.950654,59,-61,177713,159773,102,-95,-1.376081,-1.019135,-1.145218,-0.007294,-4.488759,-1,,,,,,,,,,,,,,,,
97.668035,monitor,26737,668551,25008,1,0,3.000000,-3.000000,2.948766,-2.852086,61,-59,177773,159714,101,-97,-1.376015,-1.019305,-1.257401,0.007290,-4.485887,-1,,,,,,,,,,,,,,,,
97.695173,monitor,26738,668576,24992,1,0,3.000000,-3.000000,2.902283,-2.902283,60,-60,177833,159654,101,-96,-1.376015,-1.019305,-1.369584,0.000000,-4.488759,-1,,,,,,,,,,,,,,,,
97.718045,monitor,26739,668601,24988,1,0,3.000000,-3.000000,2.951127,-2.902748,61,-60,177894,159594,101,-97,-1.376002,-1.019395,-1.482702,0.003648,-4.526890,-1,,,,,,,,,,,,,,,,
97.744772,monitor,26740,668626,25008,1,0,3.000000,-3.000000,2.997107,-2.900426,62,-60,177957,159534,100,-97,-1.375996,-1.019577,-1.596755,0.007290,-4.560652,-1,,,,,,,,,,,,,,,,
97.767594,monitor,26741,668651,25000,1,0,3.000000,-3.000000,2.998066,-2.901354,62,-60,178019,159473,100,-97,-1.376011,-1.019759,-1.710807,0.007292,-4.562111,-1,,,,,,,,,,,,,,,,
97.800684,monitor,26742,668677,25040,1,0,3.000000,-3.000000,3.041555,-2.944998,63,-61,178081,159413,100,-97,-1.376047,-1.019938,-1.826730,0.007280,-4.629492,-1,,,,,,,,,,,,,,,,
97.817806,monitor,26743,668701,24964,1,0,3.000000,-3.000000,2.953964,-2.905538,61,-60,178142,159352,101,-97,-1.376075,-1.020025,-1.939848,0.003651,-4.531242,-1,,,,,,,,,,,,,,,,
97.850792,monitor,26744,668726,25024,1,0,3.000000,-3.000000,3.043500,-2.995190,63,-62,178205,159291,100,-96,-1.376113,-1.020108,-2.056705,0.003642,-4.669811,-1,,,,,,,,,,,,,,,,
97.873608,monitor,26745,668751,24984,1,0,3.000000,-3.000000,2.999986,-2.903212,62,-60,178268,159230,100,-98,-1.376207,-1.020264,-2.170758,0.007297,-4.565032,-1,,,,,,,,,,,,,,,,
97.901764,monitor,26746,668776,25004,1,0,3.000000,-3.000000,3.045934,-2.997586,63,-62,178330,159169,99,-96,-1.376263,-1.020336,-2.287615,0.003645,-4.673547,-1,,,,,,,,,,,,,,,,
97.924601,monitor,26747,668802,25052,1,0,3.000000,-3.000000,3.040098,-2.991843,63,-62,178393,159107,99,-96,-1.376326,-1.020401,-2.404472,0.003638,-4.664592,-1,,,,,,,,,,,,,,,,
97.953447,monitor,26748,668826,24956,1,0,3.000000,-3.000000,3.003352,-2.954911,62,-61,178455,159045,100,-97,-1.376397,-1.020458,-2.519460,0.003652,-4.607615,-1,,,,,,,,,,,,,,,,
97.970635,monitor,26749,668851,24968,1,0,3.000000,-3.000000,3.001908,-3.001908,62,-62,178518,158984,100,-96,-1.376397,-1.020458,-2.635382,0.000000,-4.642843,-1,,,,,,,,,,,,,,,,
98.004648,monitor,26750,668876,25012,1,0,0.000000,0.000000,3.093293,-2.996628,64,-62,178581,158922,-27,25,-1.376562,-1.020537,-2.753175,0.007288,-4.709428,-1,,,,,,,,,,,,,,,,
98.021738,monitor,26751,668901,24988,1,0,0.000000,0.000000,2.080302,-2.128682,43,-44,178622,158880,-18,17,-1.376476,-1.020506,-2.834507,-0.003648,-3.254872,-1,,,,,,,,,,,,,,,,
98.055619,monitor,26752,668925,25004,1,0,0.000000,0.000000,0.773571,-0.870267,16,-18,178637,158863,-2,3,-1.376301,-1.020453,-2.866292,-0.007291,-1.271205,-1,,,,,,,,,,,,,,,,
98.072641,monitor,26753,668951,24996,1,0,0.000000,0.000000,0.241818,-0.338546,5,-7,178642,158856,3,-2,-1.376126,-1.020405,-2.877511,-0.007293,-0.448804,-1,,,,,,,,,,,,,,,,
98.106418,monitor,26754,668976,25016,1,0,0.000000,0.000000,0.434925,-0.434925,9,-9,178651,158846,0,0,-1.376126,-1.020405,-2.894338,0.000000,-0.672668,-1,,,,,,,,,,,,,,,,
98.123175,monitor,26755,669001,25000,1,0,0.000000,0.000000,0.241780,-0.241780,5,-5,178656,158842,2,-2,-1.376126,-1.020405,-2.903687,0.000000,-0.373944,-1,,,,,,,,,,,,,,,,
98.155931,monitor,26756,669026,25000,1,0,0.000000,0.000000,0.096712,-0.048356,2,-1,178658,158841,4,-5,-1.376214,-1.020426,-2.906491,0.003646,-0.112183,-1,,,,,,,,,,,,,,,,
98.173051,monitor,26757,669050,25112,1,0,0.000000,0.000000,0.000000,0.000000,0,0,178658,158841,5,-5,-1.376214,-1.020426,-2.906491,0.000000,0.000000,-1,,,,,,,,,,,,,,,,
98.213189,monitor,26758,669076,24876,1,0,0.000000,0.000000,0.000000,0.000000,0,0,178658,158841,5,-5,-1.376214,-1.020426,-2.906491,0.000000,0.000000,-1,,,,,,,,,,,,,,,,
98.224668,monitor,26759,669101,25000,1,0,0.000000,0.000000,0.000000,0.000000,0,0,178658,158841,5,-5,-1.376214,-1.020426,-2.906491,0.000000,0.000000,-1,,,,,,,,,,,,,,,,
98.265413,monitor,26760,669125,25012,1,0,0.000000,0.000000,0.000000,0.000000,0,0,178658,158841,5,-5,-1.376214,-1.020426,-2.906491,0.000000,0.000000,-1,,,,,,,,,,,,,,,,
98.276922,monitor,26761,669151,25000,1,0,0.000000,0.000000,0.000000,-0.048356,0,-1,178658,158840,5,-5,-1.376126,-1.020405,-2.907426,-0.003646,-0.037394,-1,,,,,,,,,,,,,,,,
98.316960,monitor,26762,669175,25000,1,0,0.000000,0.000000,0.000000,0.000000,0,0,178658,158840,5,-5,-1.376126,-1.020405,-2.907426,0.000000,0.000000,-1,,,,,,,,,,,,,,,,
98.328470,monitor,26763,669201,25004,1,0,0.000000,0.000000,0.000000,0.000000,0,0,178658,158840,5,-5,-1.376126,-1.020405,-2.907426,0.000000,0.000000,-1,,,,,,,,,,,,,,,,
98.368784,monitor,26764,669225,24988,1,0,0.000000,0.000000,0.000000,0.000000,0,0,178658,158840,5,-5,-1.376126,-1.020405,-2.907426,0.000000,0.000000,-1,,,,,,,,,,,,,,,,
98.374624,monitor,26765,669251,25004,1,0,0.000000,0.000000,0.000000,0.000000,0,0,178658,158840,5,-5,-1.376126,-1.020405,-2.907426,0.000000,0.000000,-1,,,,,,,,,,,,,,,,
98.420893,monitor,26766,669276,24996,1,0,0.000000,0.000000,0.000000,0.000000,0,0,178658,158840,5,-5,-1.376126,-1.020405,-2.907426,0.000000,0.000000,-1,,,,,,,,,,,,,,,,
98.432301,monitor,26767,669300,24996,1,0,0.000000,0.000000,0.000000,0.000000,0,0,178658,158840,5,-5,-1.376126,-1.020405,-2.907426,0.000000,0.000000,-1,,,,,,,,,,,,,,,,
98.449413,monitor,26768,669326,25004,1,0,0.000000,0.000000,0.000000,0.000000,0,0,178658,158840,5,-5,-1.376126,-1.020405,-2.907426,0.000000,0.000000,-1,,,,,,,,,,,,,,,,
98.478557,monitor,26769,669350,25008,1,0,0.000000,0.000000,0.000000,0.000000,0,0,178658,158840,5,-5,-1.376126,-1.020405,-2.907426,0.000000,0.000000,-1,,,,,,,,,,,,,,,,
98.501451,monitor,26770,669376,24996,1,0,3.000000,-3.000000,0.000000,0.000000,0,0,178658,158840,131,-127,-1.376126,-1.020405,-2.907426,0.000000,0.000000,-1,,,,,,,,,,,,,,,,
98.525892,monitor,26771,669401,24996,1,0,3.000000,-3.000000,0.725455,-0.725455,15,-15,178675,158823,126,-122,-1.376126,-1.020405,-2.935472,0.000000,-1.122010,-1,,,,,,,,,,,,,,,,
98.554382,monitor,26772,669426,24992,1,0,3.000000,-3.000000,1.886484,-1.886484,39,-39,178715,158784,113,-109,-1.376126,-1.020405,-3.008391,0.000000,-2.917693,-1,,,,,,,,,,,,,,,,
98.579172,monitor,26773,669451,25024,1,0,3.000000,-3.000000,2.270548,-2.367167,47,-49,178762,158735,110,-104,-1.375944,-1.020389,-3.098137,-0.007285,-3.586415,-1,,,,,,,,,,,,,,,,
98.601968,monitor,26774,669476,24992,1,0,3.000000,-3.000000,2.563683,-2.466940,53,-51,178815,158683,107,-104,-1.376126,-1.020388,3.087823,0.007294,-3.890258,-1,,,,,,,,,,,,,,,,
98.630118,monitor,26775,669501,24996,1,0,3.000000,-3.000000,2.805091,-2.708364,58,-56,178873,158627,104,-102,-1.376307,-1.020369,2.981249,0.007293,-4.263638,-1,,,,,,,,,,,,,,,,
98.652919,monitor,26776,669527,25040,1,0,3.000000,-3.000000,2.848441,-2.848441,59,-59,178932,158568,104,-100,-1.376307,-1.020369,2.870936,0.000000,-4.405485,-1,,,,,,,,,,,,,,,,
98.682409,monitor,26777,669551,24968,1,0,3.000000,-3.000000,2.905073,-2.856655,60,-59,178992,158509,103,-100,-1.376394,-1.020339,2.759687,0.003651,-4.455631,-1,,,,,,,,,,,,,,,,
98.705253,monitor,26778,669576,24980,1,0,3.000000,-3.000000,3.145650,-2.903677,65,-60,179057,158448,100,-100,-1.376806,-1.020145,2.642830,0.018244,-4.678037,-1,,,,,,,,,,,,,,,,
98.732466,monitor,26779,669601,25012,1,0,3.000000,-3.000000,3.141626,-3.093293,65,-64,179122,158384,100,-97,-1.376883,-1.020097,2.522233,0.003644,-4.821558,-1,,,,,,,,,,,,,,,,
98.755349,monitor,26780,669626,24992,1,0,3.000000,-3.000000,3.095768,-3.192511,64,-66,179186,158319,100,-96,-1.376742,-1.020211,2.400702,-0.007294,-4.862822,-1,,,,,,,,,,,,,,,,
98.783428,monitor,26781,669651,25052,1,0,3.000000,-3.000000,3.136609,-3.136609,65,-65,179252,158254,99,-96,-1.376742,-1.020211,2.279170,0.000000,-4.851175,-1,,,,,,,,,,,,,,,,
98.806301,monitor,26782,669676,24960,1,0,3.000000,-3.000000,3.196604,-3.148170,66,-65,179317,158189,98,-96,-1.376796,-1.020139,2.156703,0.003652,-4.906511,-1,,,,,,,,,,,,,,,,
98.834326,monitor,26783,669701,25036,1,0,3.000000,-3.000000,3.186900,-3.186900,66,-66,179384,158123,98,-95,-1.376796,-1.020139,2.033302,0.000000,-4.928957,-1,,,,,,,,,,,,,,,,
98.856596,monitor,26784,669726,24980,1,0,3.000000,-3.000000,3.194045,-3.097256,66,-64,179449,158058,97,-96,-1.376868,-1.019971,1.911770,0.007298,-4.865159,-1,,,,,,,,,,,,,,,,
98.888066,monitor,26785,669751,24992,1,0,3.000000,-3.000000,3.095768,-3.144140,64,-65,179514,157993,98,-95,-1.376842,-1.020059,1.791173,-0.003647,-4.825416,-1,,,,,,,,,,,,,,,,
98.905155,monitor,26786,669776,25004,1,0,3.000000,-3.000000,3.094283,-3.142631,64,-65,179578,157928,98,-95,-1.376828,-1.020149,1.670577,-0.003645,-4.823100,-1,,,,,,,,,,,,,,,,
98.939595,monitor,26787,669801,25032,1,0,3.000000,-3.000000,3.090822,-3.139115,64,-65,179641,157864,98,-94,-1.376824,-1.020240,1.549980,-0.003641,-4.817705,-1,,,,,,,,,,,,,,,,
98.956971,monitor,26788,669827,24988,1,0,3.000000,-3.000000,3.047885,-3.047885,63,-63,179704,157801,99,-95,-1.376824,-1.020240,1.432188,0.000000,-4.713951,-1,,,,,,,,,,,,,,,,
98.991032,monitor,26789,669851,24956,1,0,3.000000,-3.000000,2.954911,-3.051793,61,-63,179766,157738,100,-95,-1.376860,-1.020418,1.316265,-0.007305,-4.645075,-1,,,,,,,,,,,,,,,,
99.008200,monitor,26790,669876,25020,1,0,3.000000,-3.000000,3.043987,-3.043987,63,-63,179828,157674,99,-95,-1.376860,-1.020418,1.198473,0.000000,-4.707922,-1,,,,,,,,,,,,,,,,
99.041824,monitor,26791,669901,25028,1,0,3.000000,-3.000000,2.994712,-3.091316,62,-64,179890,157610,99,-94,-1.376936,-1.020584,1.080681,-0.007284,-4.706418,-1,,,,,,,,,,,,,,,,
99.058951,monitor,26792,669926,24972,1,0,3.000000,-3.000000,2.953017,-3.098248,61,-64,179952,157547,100,-94,-1.377079,-1.020817,0.963823,-0.010950,-4.679536,-1,,,,,,,,,,,,,,,,
99.094552,monitor,26793,669952,25000,1,0,3.000000,-3.000000,2.949710,-2.998066,61,-62,180012,157484,100,-95,-1.377135,-1.020889,0.848836,-0.003646,-4.599505,-1,,,,,,,,,,,,,,,,
99.111740,monitor,26794,669976,25000,1,0,3.000000,-3.000000,2.949710,-3.094778,61,-64,180073,157421,100,-94,-1.377327,-1.021083,0.731978,-0.010938,-4.674294,-1,,,,,,,,,,,,,,,,
99.146460,monitor,26795,670001,25000,1,0,3.000000,-3.000000,2.998066,-3.046422,62,-63,180135,157358,100,-95,-1.377399,-1.021140,0.615121,-0.003646,-4.674294,-1,,,,,,,,,,,,,,,,
99.163605,monitor,26796,670026,25000,1,0,3.000000,-3.000000,2.901354,-2.949710,60,-61,180196,157296,101,-96,-1.377476,-1.021188,0.502003,-0.003646,-4.524716,-1,,,,,,,,,,,,,,,,
99.197761,monitor,26797,670051,24988,1,0,3.000000,-3.000000,2.902748,-2.951127,60,-61,180256,157236,101,-96,-1.377558,-1.021228,0.388885,-0.003648,-4.526890,-1,,,,,,,,,,,,,,,,
99.209227,monitor,26798,670076,25000,1,0,3.000000,-3.000000,2.949710,-2.901354,61,-60,180316,157176,101,-97,-1.377472,-1.021198,0.275767,0.003646,-4.524716,-1,,,,,,,,,,,,,,,,
99.249744,monitor,26799,670101,24996,1,0,3.000000,-3.000000,2.950182,-2.901819,61,-60,180377,157116,101,-97,-1.377383,-1.021178,0.162649,0.003647,-4.525441,-1,,,,,,,,,,,,,,,,
99.261237,monitor,26800,670127,25012,1,0,3.000000,-3.000000,2.948295,-2.899962,61,-60,180438,157056,101,-97,-1.377292,-1.021169,0.049531,0.003644,-4.522546,-1,,,,,,,,,,,,,,,,
99.302624,monitor,26801,670151,24988,1,0,3.000000,-3.000000,2.951127,-2.854368,61,-59,180499,156997,101,-98,-1.377110,-1.021170,-0.062652,0.007295,-4.489478,-1,,,,,,,,,,,,,,,,
99.314155,monitor,26802,670176,25004,1,0,3.000000,-3.000000,2.997586,-2.949238,62,-61,180561,156936,100,-97,-1.377020,-1.021181,-0.177639,0.003645,-4.598770,-1,,,,,,,,,,,,,,,,
99.354806,monitor,26803,670201,25044,1,0,3.000000,-3.000000,2.992799,-2.944528,62,-61,180623,156875,100,-97,-1.376931,-1.021202,-0.292627,0.003640,-4.591424,-1,,,,,,,,,,,,,,,,
99.365828,monitor,26804,670226,24944,1,0,3.000000,-3.000000,3.004797,-2.956332,62,-61,180685,156814,100,-97,-1.376845,-1.021233,-0.407615,0.003654,-4.609831,-1,,,,,,,,,,,,,,,,
99.408237,monitor,26805,670252,25032,1,0,3.000000,-3.000000,2.994233,-2.945939,62,-61,180747,156753,100,-97,-1.376764,-1.021274,-0.522602,0.003641,-4.593626,-1,,,,,,,,,,,,,,,,
99.413980,monitor,26806,670276,24976,1,0,3.000000,-3.000000,2.904142,-2.952544,60,-61,180807,156692,102,-97,-1.376840,-1.021224,-0.635720,-0.003649,-4.529064,-1,,,,,,,,,,,,,,,,
99.436464,monitor,26807,670301,25000,1,0,3.000000,-3.000000,2.949710,-2.998066,61,-62,180869,156629,101,-97,-1.376910,-1.021166,-0.750708,-0.003646,-4.599505,-1,,,,,,,,,,,,,,,,
99.461489,monitor,26808,670326,25012,1,0,3.000000,-3.000000,2.996628,-2.996628,62,-62,180931,156568,101,-97,-1.376910,-1.021166,-0.866630,0.000000,-4.634675,-1,,,,,,,,,,,,,,,,
99.489542,monitor,26809,670351,25004,1,0,3.000000,-3.000000,2.997586,-3.045934,62,-63,180992,156505,101,-96,-1.376965,-1.021093,-0.983488,-0.003645,-4.673547,-1,,,,,,,,,,,,,,,,
99.516715,monitor,26810,670376,24992,1,0,3.000000,-3.000000,3.047397,-3.047397,63,-63,181055,156442,100,-96,-1.376965,-1.021093,-1.101280,0.000000,-4.713197,-1,,,,,,,,,,,,,,,,
99.539342,monitor,26811,670401,25008,1,0,3.000000,-3.000000,2.948766,-3.045447,61,-63,181117,156378,101,-96,-1.377038,-1.020926,-1.217202,-0.007290,-4.635416,-1,,,,,,,,,,,,,,,,
99.572934,monitor,26812,670426,25004,1,0,3.000000,-3.000000,3.045934,-3.045934,63,-63,181179,156316,100,-96,-1.377038,-1.020926,-1.334994,0.000000,-4.710935,-1,,,,,,,,,,,,,,,,
99.590060,monitor,26813,670451,24988,1,0,3.000000,-3.000000,2.999506,-3.047885,62,-63,181242,156253,101,-96,-1.377054,-1.020836,-1.451852,-0.003648,-4.676539,-1,,,,,,,,,,,,,,,,
99.620654,monitor,26814,670476,25032,1,0,3.000000,-3.000000,3.042527,-3.042527,63,-63,181304,156190,100,-96,-1.377054,-1.020836,-1.569644,0.000000,-4.705665,-1,,,,,,,,,,,,,,,,
99.643466,monitor,26815,670501,24968,1,0,0.000000,0.000000,3.050326,-3.050326,63,-63,181368,156126,-25,26,-1.377054,-1.020836,-1.687436,0.000000,-4.717727,-1,,,,,,,,,,,,,,,,
99.671417,monitor,26816,670526,25008,1,0,0.000000,0.000000,2.175319,-2.320341,45,-48,181411,156081,-18,21,-1.377011,-1.020566,-1.774378,-0.010934,-3.476562,-1,,,,,,,,,,,,,,,,
99.694292,monitor,26817,670551,24988,1,0,0.000000,0.000000,0.822445,-0.967583,17,-20,181426,156062,-2,5,-1.376951,-1.020300,-1.808968,-0.010943,-1.384256,-1,,,,,,,,,,,,,,,,
99.724717,monitor,26818,670576,25012,1,0,0.000000,0.000000,0.289996,-0.338329,6,-7,181432,156055,3,-1,-1.376929,-1.020211,-1.821121,-0.003644,-0.485893,-1,,,,,,,,,,,,,,,,
99.741856,monitor,26819,670601,24992,1,0,0.000000,0.000000,0.241857,-0.193486,5,-4,181437,156051,3,-3,-1.376952,-1.020299,-1.829535,0.003647,-0.336657,-1,,,,,,,,,,,,,,,,
99.776559,monitor,26820,670626,25000,1,0,0.000000,0.000000,0.145068,-0.145068,3,-3,181441,156048,4,-3,-1.376952,-1.020299,-1.835144,0.000000,-0.224366,-1,,,,,,,,,,,,,,,,
99.793651,monitor,26821,670651,24996,1,0,0.000000,0.000000,0.145091,-0.048364,3,-1,181443,156047,4,-4,-1.376999,-1.020475,-1.838883,0.007293,-0.149601,-1,,,,,,,,,,,,,,,,
99.829675,monitor,26822,670675,24996,1,0,0.000000,0.000000,0.048364,-0.048364,1,-1,181444,156046,5,-4,-1.376999,-1.020475,-1.840753,0.000000,-0.074801,-1,,,,,,,,,,,,,,,,
99.841107,monitor,26823,670701,25004,1,0,0.000000,0.000000,0.048348,-0.048348,1,-1,181445,156045,5,-4,-1.376999,-1.020475,-1.842623,0.000000,-0.074777,-1,,,,,,,,,,,,,,,,
99.883083,monitor,26824,670726,24992,1,0,0.000000,0.000000,0.000000,0.000000,0,0,181445,156045,5,-5,-1.376999,-1.020475,-1.842623,0.000000,0.000000,-1,,,,,,,,,,,,,,,,
99.894588,monitor,26825,670750,25004,1,0,0.000000,0.000000,0.000000,-0.048348,0,-1,181445,156044,5,-4,-1.376975,-1.020387,-1.843558,-0.003645,-0.037388,-1,,,,,,,,,,,,,,,,
99.936055,monitor,26826,670776,25000,1,0,3.000000,-3.000000,0.000000,0.000000,0,0,181445,156044,131,-127,-1.376975,-1.020387,-1.843558,0.000000,0.000000,-1,,,,,,,,,,,,,,,,
99.947547,monitor,26827,670801,24992,1,0,3.000000,-3.000000,0.773942,-0.773942,16,-16,181463,156027,126,-121,-1.376975,-1.020387,-1.873473,0.000000,-1.197002,-1,,,,,,,,,,,,,,,,
99.991383,monitor,26828,670826,25000,1,0,3.000000,-3.000000,1.982592,-1.885880,41,-39,181505,155987,112,-109,-1.377036,-1.020559,-1.948262,0.007292,-2.991548,-1,,,,,,,,,,,,,,,,
99.997145,monitor,26829,670851,25024,1,0,3.000000,-3.000000,2.415476,-2.367167,50,-49,181555,155937,108,-104,-1.377073,-1.020642,-2.040813,0.003642,-3.698490,-1,,,,,,,,,,,,,,,,
100.020057,monitor,26830,670876,24988,1,0,3.000000,-3.000000,2.612473,-2.612473,54,-54,181609,155883,106,-102,-1.377073,-1.020642,-2.141778,0.000000,-4.040530,-1,,,,,,,,,,,,,,,,
100.044558,monitor,26831,670901,25004,1,0,3.000000,-3.000000,2.804194,-2.659149,58,-55,181667,155828,104,-102,-1.377233,-1.020864,-2.247416,0.010936,-4.224886,-1,,,,,,,,,,,,,,,,
100.073029,monitor,26832,670926,25012,1,0,0.000000,0.000000,2.899962,-2.803297,60,-58,181727,155770,-22,21,-1.377355,-1.021000,-2.357730,0.007288,-4.410417,-1,,,,,,,,,,,,,,,,
100.098819,monitor,26833,670951,24976,1,0,0.000000,0.000000,2.081302,-2.129704,43,-44,181768,155727,-16,16,-1.377288,-1.020938,-2.439063,-0.003649,-3.256435,-1,,,,,,,,,,,,,,,,
100.121581,monitor,26834,670976,25016,1,0,0.000000,0.000000,0.773200,-0.966500,16,-20,181783,155708,0,3,-1.377005,-1.020707,-2.472718,-0.014574,-1.345336,-1,,,,,,,,,,,,,,,,
100.150684,monitor,26835,671001,25004,1,0,0.000000,0.000000,0.338437,-0.531830,7,-11,181790,155698,4,0,-1.376718,-1.020484,-2.489545,-0.014581,-0.672991,-1,,,,,,,,,,,,,,,,
100.173575,monitor,26836,671026,25000,1,0,0.000000,0.000000,0.241780,-0.338491,5,-7,181796,155690,4,-2,-1.376572,-1.020374,-2.500763,-0.007292,-0.448732,-1,,,,,,,,,,,,,,,,
100.204045,monitor,26837,671051,24988,1,0,0.000000,0.000000,0.241896,-0.338654,5,-7,181800,155683,4,-2,-1.376425,-1.020266,-2.511981,-0.007295,-0.448948,-1,,,,,,,,,,,,,,,,
100.220606,monitor,26838,671076,24992,1,0,0.000000,0.000000,0.193486,-0.145114,4,-3,181804,155681,4,-4,-1.376499,-1.020319,-2.518526,0.003647,-0.261844,-1,,,,,,,,,,,,,,,,
100.258070,monitor,26839,671100,25000,1,0,0.000000,0.000000,0.096712,0.000000,2,0,181806,155681,5,-6,-1.376647,-1.020426,-2.520395,0.007292,-0.074789,-1,,,,,,,,,,,,,,,,
100.275271,monitor,26840,671126,25020,1,0,0.000000,0.000000,0.048317,0.000000,1,0,181807,155681,6,-6,-1.376721,-1.020479,-2.521330,0.003643,-0.037364,-1,,,,,,,,,,,,,,,,
100.310045,monitor,26841,671151,25004,1,0,3.000000,-3.000000,0.048348,0.000000,1,0,181808,155681,132,-128,-1.376796,-1.020532,-2.522265,0.003645,-0.037388,-1,,,,,,,,,,,,,,,,
100.321442,monitor,26842,671176,24988,1,0,3.000000,-3.000000,0.822445,-0.774066,17,-16,181827,155663,126,-122,-1.376871,-1.020583,-2.553115,0.003648,-1.234606,-1,,,,,,,,,,,,,,,,
100.367114,monitor,26843,671201,25008,1,0,3.000000,-3.000000,1.836936,-1.885277,38,-39,181865,155623,115,-110,-1.376793,-1.020535,-2.625099,-0.003645,-2.878444,-1,,,,,,,,,,,,,,,,
100.372903,monitor,26844,671226,25004,1,0,3.000000,-3.000000,2.320712,-2.417408,48,-50,181914,155573,110,-104,-1.376630,-1.020453,-2.716716,-0.007291,-3.664061,-1,,,,,,,,,,,,,,,,
100.416459,monitor,26845,671251,25000,1,0,3.000000,-3.000000,2.562863,-2.611219,53,-54,181967,155518,108,-102,-1.376546,-1.020419,-2.816746,-0.003646,-4.001196,-1,,,,,,,,,,,,,,,,
100.422212,monitor,26846,671277,25028,1,0,3.000000,-3.000000,2.656599,-2.898108,55,-60,182022,155459,107,-99,-1.376107,-1.020297,-2.924254,-0.018209,-4.295540,-1,,,,,,,,,,,,,,,,
100.472265,monitor,26847,671301,24944,1,0,0.000000,0.000000,2.859403,-2.907868,59,-60,182081,155399,-20,22,-1.376016,-1.020283,-3.035502,-0.003654,-4.459918,-1,,,,,,,,,,,,,,,,
100.472265,monitor,26848,671326,25000,1,0,0.000000,0.000000,2.127660,-2.127660,44,-44,182123,155357,-15,16,-1.376016,-1.020283,-3.117770,0.000000,-3.290703,-1,,,,,,,,,,,,,,,,
100.523962,monitor,26849,671351,25020,1,0,0.000000,0.000000,0.773076,-0.869711,16,-18,182139,155339,0,2,-1.375834,-1.020281,3.133630,-0.007286,-1.270392,-1,,,,,,,,,,,,,,,,
100.523962,monitor,26850,671376,25000,1,0,0.000000,0.000000,0.290135,-0.483559,6,-10,182144,155330,6,-1,-1.375470,-1.020287,3.118673,-0.014584,-0.598310,-1,,,,,,,,,,,,,,,,
100.575677,monitor,26851,671400,24996,1,0,0.000000,0.000000,0.241818,-0.338546,5,-7,182149,155322,6,-3,-1.375287,-1.020292,3.107454,-0.007293,-0.448804,-1,,,,,,,,,,,,,,,,
100.575677,monitor,26852,671426,24984,1,0,0.000000,0.000000,0.241934,-0.193547,5,-4,182154,155318,6,-4,-1.375378,-1.020289,3.099041,0.003648,-0.336765,-1,,,,,,,,,,,,,,,,
100.624784,monitor,26853,671451,25004,1,0,0.000000,0.000000,0.145045,-0.145045,3,-3,182157,155316,7,-5,-1.375378,-1.020289,3.093431,0.000000,-0.224330,-1,,,,,,,,,,,,,,,,
100.624784,monitor,26854,671476,25008,1,0,0.000000,0.000000,0.096681,-0.048340,2,-1,182159,155315,7,-6,-1.375470,-1.020284,3.090627,0.003645,-0.112147,-1,,,,,,,,,,,,,,,,
100.652948,monitor,26855,671501,24996,1,0,0.000000,0.000000,0.000000,-0.096727,0,-2,182159,155313,8,-5,-1.375288,-1.020294,3.088757,-0.007293,-0.074801,-1,,,,,,,,,,,,,,,,
100.677894,monitor,26856,671525,25024,1,0,0.000000,0.000000,0.000000,-0.048310,0,-1,182159,155312,8,-5,-1.375196,-1.020298,3.087822,-0.003642,-0.037358,-1,,,,,,,,,,,,,,,,
100.700641,monitor,26857,671551,24992,1,0,0.000000,0.000000,0.000000,0.000000,0,0,182159,155312,8,-6,-1.375196,-1.020298,3.087822,0.000000,0.000000,-1,,,,,,,,,,,,,,,,
100.730625,monitor,26858,671576,24976,1,0,0.000000,0.000000,0.000000,0.000000,0,0,182159,155312,8,-6,-1.375196,-1.020298,3.087822,0.000000,0.000000,-1,,,,,,,,,,,,,,,,
100.753356,monitor,26859,671600,25024,1,0,0.000000,0.000000,0.000000,0.000000,0,0,182159,155312,8,-6,-1.375196,-1.020298,3.087822,0.000000,0.000000,-1,,,,,,,,,,,,,,,,
100.784594,monitor,26860,671626,25000,1,0,0.000000,0.000000,0.000000,0.000000,0,0,182159,155312,8,-6,-1.375196,-1.020298,3.087822,0.000000,0.000000,-1,,,,,,,,,,,,,,,,
100.801786,monitor,26861,671650,25004,1,0,0.000000,0.000000,0.000000,0.000000,0,0,182159,155312,8,-6,-1.375196,-1.020298,3.087822,0.000000,0.000000,-1,,,,,,,,,,,,,,,,
100.838901,monitor,26862,671676,24992,1,0,0.000000,0.000000,0.000000,0.000000,0,0,182159,155312,8,-6,-1.375196,-1.020298,3.087822,0.000000,0.000000,-1,,,,,,,,,,,,,,,,
100.856023,monitor,26863,671700,25000,1,0,0.000000,0.000000,0.000000,0.000000,0,0,182159,155312,8,-6,-1.375196,-1.020298,3.087822,0.000000,0.000000,-1,,,,,,,,,,,,,,,,
100.895624,monitor,26864,671726,24988,1,0,0.000000,0.000000,0.000000,0.000000,0,0,182159,155312,8,-6,-1.375196,-1.020298,3.087822,0.000000,0.000000,-1,,,,,,,,,,,,,,,,
100.907092,monitor,26865,671751,25012,1,0,0.000000,0.000000,0.000000,0.000000,0,0,182159,155312,8,-6,-1.375196,-1.020298,3.087822,0.000000,0.000000,-1,,,,,,,,,,,,,,,,
100.945164,monitor,26866,671775,24988,1,0,0.000000,0.000000,0.000000,0.000000,0,0,182159,155312,8,-6,-1.375196,-1.020298,3.087822,0.000000,0.000000,-1,,,,,,,,,,,,,,,,
100.956628,monitor,26867,671801,25004,1,0,0.000000,0.000000,0.000000,0.000000,0,0,182159,155312,8,-6,-1.375196,-1.020298,3.087822,0.000000,0.000000,-1,,,,,,,,,,,,,,,,
100.998945,monitor,26868,671825,24992,1,0,0.000000,0.000000,0.000000,0.000000,0,0,182159,155312,8,-6,-1.375196,-1.020298,3.087822,0.000000,0.000000,-1,,,,,,,,,,,,,,,,
101.004735,monitor,26869,671851,25008,1,0,0.000000,0.000000,0.000000,0.000000,0,0,182159,155312,8,-6,-1.375196,-1.020298,3.087822,0.000000,0.000000,-1,,,,,,,,,,,,,,,,
101.053384,monitor,26870,671876,25008,1,0,0.000000,0.000000,0.000000,0.000000,0,0,182159,155312,8,-6,-1.375196,-1.020298,3.087822,0.000000,0.000000,-1,,,,,,,,,,,,,,,,
101.059164,monitor,26871,671900,24980,1,0,0.000000,0.000000,0.000000,0.000000,0,0,182159,155312,8,-6,-1.375196,-1.020298,3.087822,0.000000,0.000000,-1,,,,,,,,,,,,,,,,
101.081447,monitor,26872,671926,25004,1,0,0.000000,0.000000,0.000000,0.000000,0,0,182159,155312,8,-6,-1.375196,-1.020298,3.087822,0.000000,0.000000,-1,,,,,,,,,,,,,,,,
101.109161,monitor,26873,671950,25000,1,0,0.000000,0.000000,0.000000,0.000000,0,0,182159,155312,8,-6,-1.375196,-1.020298,3.087822,0.000000,0.000000,-1,,,,,,,,,,,,,,,,
101.157952,monitor,26874,671976,25000,1,0,0.000000,0.000000,0.000000,0.000000,0,0,182159,155312,8,-6,-1.375196,-1.020298,3.087822,0.000000,0.000000,-1,,,,,,,,,,,,,,,,
101.157952,monitor,26875,672001,24996,1,0,0.000000,0.000000,0.000000,0.000000,0,0,182159,155312,8,-6,-1.375196,-1.020298,3.087822,0.000000,0.000000,-1,,,,,,,,,,,,,,,,
101.180896,monitor,26876,672026,25024,1,0,0.000000,0.000000,0.000000,0.000000,0,0,182159,155312,8,-6,-1.375196,-1.020298,3.087822,0.000000,0.000000,-1,,,,,,,,,,,,,,,,
101.212737,monitor,26877,672051,25000,1,0,0.000000,0.000000,0.000000,0.000000,0,0,182159,155312,8,-6,-1.375196,-1.020298,3.087822,0.000000,0.000000,-1,,,,,,,,,,,,,,,,
101.235574,monitor,26878,672075,24992,1,0,0.000000,0.000000,0.000000,0.000000,0,0,182159,155312,8,-6,-1.375196,-1.020298,3.087822,0.000000,0.000000,-1,,,,,,,,,,,,,,,,
101.266015,monitor,26879,672101,24992,1,0,0.000000,0.000000,0.000000,0.000000,0,0,182159,155312,8,-6,-1.375196,-1.020298,3.087822,0.000000,0.000000,-1,,,,,,,,,,,,,,,,
101.283104,monitor,26880,672125,24996,1,0,0.000000,0.000000,0.000000,0.000000,0,0,182159,155312,8,-6,-1.375196,-1.020298,3.087822,0.000000,0.000000,-1,,,,,,,,,,,,,,,,
101.318333,monitor,26881,672151,25012,1,0,0.000000,0.000000,0.000000,0.000000,0,0,182159,155312,8,-6,-1.375196,-1.020298,3.087822,0.000000,0.000000,-1,,,,,,,,,,,,,,,,
101.335377,monitor,26882,672176,25024,1,0,0.000000,0.000000,0.000000,0.000000,0,0,182159,155312,8,-6,-1.375196,-1.020298,3.087822,0.000000,0.000000,-1,,,,,,,,,,,,,,,,
101.372329,monitor,26883,672200,24992,1,0,0.000000,0.000000,0.000000,0.000000,0,0,182159,155312,8,-6,-1.375196,-1.020298,3.087822,0.000000,0.000000,-1,,,,,,,,,,,,,,,,
101.383715,monitor,26884,672226,24984,1,0,0.000000,0.000000,0.000000,0.000000,0,0,182159,155312,8,-6,-1.375196,-1.020298,3.087822,0.000000,0.000000,-1,,,,,,,,,,,,,,,,
101.426699,monitor,26885,672250,25004,1,0,0.000000,0.000000,0.000000,0.000000,0,0,182159,155312,8,-6,-1.375196,-1.020298,3.087822,0.000000,0.000000,-1,,,,,,,,,,,,,,,,
101.438121,monitor,26886,672276,24980,1,0,0.000000,0.000000,0.000000,0.000000,0,0,182159,155312,8,-6,-1.375196,-1.020298,3.087822,0.000000,0.000000,-1,,,,,,,,,,,,,,,,
101.480298,monitor,26887,672301,25028,1,0,0.000000,0.000000,0.000000,0.000000,0,0,182159,155312,8,-6,-1.375196,-1.020298,3.087822,0.000000,0.000000,-1,,,,,,,,,,,,,,,,
101.486021,monitor,26888,672325,25000,1,0,0.000000,0.000000,0.000000,0.000000,0,0,182159,155312,8,-6,-1.375196,-1.020298,3.087822,0.000000,0.000000,-1,,,,,,,,,,,,,,,,
101.534411,monitor,26889,672351,24992,1,0,0.000000,0.000000,0.000000,0.000000,0,0,182159,155312,8,-6,-1.375196,-1.020298,3.087822,0.000000,0.000000,-1,,,,,,,,,,,,,,,,
101.534411,monitor,26890,672375,24992,1,0,0.000000,0.000000,0.000000,0.000000,0,0,182159,155312,8,-6,-1.375196,-1.020298,3.087822,0.000000,0.000000,-1,,,,,,,,,,,,,,,,
101.562874,monitor,26891,672401,25008,1,0,0.000000,0.000000,0.000000,0.000000,0,0,182159,155312,8,-6,-1.375196,-1.020298,3.087822,0.000000,0.000000,-1,,,,,,,,,,,,,,,,
101.588268,monitor,26892,672425,24984,1,0,0.000000,0.000000,0.000000,0.000000,0,0,182159,155312,8,-6,-1.375196,-1.020298,3.087822,0.000000,0.000000,-1,,,,,,,,,,,,,,,,
101.611181,monitor,26893,672451,25008,1,0,0.000000,0.000000,0.000000,0.000000,0,0,182159,155312,8,-6,-1.375196,-1.020298,3.087822,0.000000,0.000000,-1,,,,,,,,,,,,,,,,
101.644363,monitor,26894,672476,25020,1,0,0.000000,0.000000,0.000000,0.000000,0,0,182159,155312,8,-6,-1.375196,-1.020298,3.087822,0.000000,0.000000,-1,,,,,,,,,,,,,,,,
101.661127,monitor,26895,672500,24992,1,0,0.000000,0.000000,0.000000,0.000000,0,0,182159,155312,8,-6,-1.375196,-1.020298,3.087822,0.000000,0.000000,-1,,,,,,,,,,,,,,,,
101.694407,monitor,26896,672526,24976,1,0,0.000000,0.000000,0.000000,0.000000,0,0,182159,155312,8,-6,-1.375196,-1.020298,3.087822,0.000000,0.000000,-1,,,,,,,,,,,,,,,,
101.717275,monitor,26897,672550,25020,1,0,0.000000,0.000000,0.000000,0.000000,0,0,182159,155312,8,-6,-1.375196,-1.020298,3.087822,0.000000,0.000000,-1,,,,,,,,,,,,,,,,
101.741910,monitor,26898,672576,24980,1,0,0.000000,0.000000,0.000000,0.000000,0,0,182159,155312,8,-6,-1.375196,-1.020298,3.087822,0.000000,0.000000,-1,,,,,,,,,,,,,,,,
101.764701,monitor,26899,672601,25024,1,0,0.000000,0.000000,0.000000,0.000000,0,0,182159,155312,8,-6,-1.375196,-1.020298,3.087822,0.000000,0.000000,-1,,,,,,,,,,,,,,,,
101.794426,monitor,26900,672625,24976,1,0,0.000000,0.000000,0.000000,0.000000,0,0,182159,155312,8,-6,-1.375196,-1.020298,3.087822,0.000000,0.000000,-1,,,,,,,,,,,,,,,,
101.817201,monitor,26901,672651,25004,1,0,0.000000,0.000000,0.000000,0.000000,0,0,182159,155312,8,-6,-1.375196,-1.020298,3.087822,0.000000,0.000000,-1,,,,,,,,,,,,,,,,
101.847618,monitor,26902,672675,25004,1,0,0.000000,0.000000,0.000000,0.000000,0,0,182159,155312,8,-6,-1.375196,-1.020298,3.087822,0.000000,0.000000,-1,,,,,,,,,,,,,,,,
101.864754,monitor,26903,672701,25012,1,0,0.000000,0.000000,0.000000,0.000000,0,0,182159,155312,8,-6,-1.375196,-1.020298,3.087822,0.000000,0.000000,-1,,,,,,,,,,,,,,,,
101.899389,monitor,26904,672726,25000,1,0,0.000000,0.000000,0.000000,0.000000,0,0,182159,155312,8,-6,-1.375196,-1.020298,3.087822,0.000000,0.000000,-1,,,,,,,,,,,,,,,,
101.916501,monitor,26905,672750,24984,1,0,0.000000,0.000000,0.000000,0.000000,0,0,182159,155312,8,-6,-1.375196,-1.020298,3.087822,0.000000,0.000000,-1,,,,,,,,,,,,,,,,
101.952327,monitor,26906,672776,25008,1,0,0.000000,0.000000,0.000000,0.000000,0,0,182159,155312,8,-6,-1.375196,-1.020298,3.087822,0.000000,0.000000,-1,,,,,,,,,,,,,,,,
101.969485,monitor,26907,672800,25012,1,0,0.000000,0.000000,0.000000,0.000000,0,0,182159,155312,8,-6,-1.375196,-1.020298,3.087822,0.000000,0.000000,-1,,,,,,,,,,,,,,,,
102.006193,monitor,26908,672826,24980,1,0,0.000000,0.000000,0.000000,0.000000,0,0,182159,155312,8,-6,-1.375196,-1.020298,3.087822,0.000000,0.000000,-1,,,,,,,,,,,,,,,,
102.017626,monitor,26909,672850,25000,1,0,0.000000,0.000000,0.000000,0.000000,0,0,182159,155312,8,-6,-1.375196,-1.020298,3.087822,0.000000,0.000000,-1,,,,,,,,,,,,,,,,
102.061320,monitor,26910,672876,24996,1,0,0.000000,0.000000,0.000000,0.000000,0,0,182159,155312,8,-6,-1.375196,-1.020298,3.087822,0.000000,0.000000,-1,,,,,,,,,,,,,,,,
102.067086,monitor,26911,672901,25008,1,0,0.000000,0.000000,0.000000,0.000000,0,0,182159,155312,8,-6,-1.375196,-1.020298,3.087822,0.000000,0.000000,-1,,,,,,,,,,,,,,,,
102.115625,monitor,26912,672925,25020,1,0,0.000000,0.000000,0.000000,0.000000,0,0,182159,155312,8,-6,-1.375196,-1.020298,3.087822,0.000000,0.000000,-1,,,,,,,,,,,,,,,,
102.121354,monitor,26913,672951,24984,1,0,0.000000,0.000000,0.000000,0.000000,0,0,182159,155312,8,-6,-1.375196,-1.020298,3.087822,0.000000,0.000000,-1,,,,,,,,,,,,,,,,
102.144042,monitor,26914,672975,25012,1,0,0.000000,0.000000,0.000000,0.000000,0,0,182159,155312,8,-6,-1.375196,-1.020298,3.087822,0.000000,0.000000,-1,,,,,,,,,,,,,,,,
102.168981,monitor,26915,673001,24996,1,0,0.000000,0.000000,0.000000,0.000000,0,0,182159,155312,8,-6,-1.375196,-1.020298,3.087822,0.000000,0.000000,-1,,,,,,,,,,,,,,,,
102.197457,monitor,26916,673026,25000,1,0,0.000000,0.000000,0.000000,0.000000,0,0,182159,155312,8,-6,-1.375196,-1.020298,3.087822,0.000000,0.000000,-1,,,,,,,,,,,,,,,,
102.223958,monitor,26917,673050,24984,1,0,0.000000,0.000000,0.000000,0.000000,0,0,182159,155312,8,-6,-1.375196,-1.020298,3.087822,0.000000,0.000000,-1,,,,,,,,,,,,,,,,
102.246671,monitor,26918,673076,25004,1,0,0.000000,0.000000,0.000000,0.000000,0,0,182159,155312,8,-6,-1.375196,-1.020298,3.087822,0.000000,0.000000,-1,,,,,,,,,,,,,,,,
102.278559,monitor,26919,673100,25012,1,0,0.000000,0.000000,0.000000,0.000000,0,0,182159,155312,8,-6,-1.375196,-1.020298,3.087822,0.000000,0.000000,-1,,,,,,,,,,,,,,,,
102.295709,monitor,26920,673126,25008,1,0,0.000000,0.000000,0.000000,0.000000,0,0,182159,155312,8,-6,-1.375196,-1.020298,3.087822,0.000000,0.000000,-1,,,,,,,,,,,,,,,,
102.332156,monitor,26921,673150,24976,1,0,0.000000,0.000000,0.000000,0.000000,0,0,182159,155312,8,-6,-1.375196,-1.020298,3.087822,0.000000,0.000000,-1,,,,,,,,,,,,,,,,
102.343585,monitor,26922,673176,24996,1,0,0.000000,0.000000,0.000000,0.000000,0,0,182159,155312,8,-6,-1.375196,-1.020298,3.087822,0.000000,0.000000,-1,,,,,,,,,,,,,,,,
102.385069,monitor,26923,673201,25012,1,0,0.000000,0.000000,0.000000,0.000000,0,0,182159,155312,8,-6,-1.375196,-1.020298,3.087822,0.000000,0.000000,-1,,,,,,,,,,,,,,,,
102.396515,monitor,26924,673225,25012,1,0,0.000000,0.000000,0.000000,0.000000,0,0,182159,155312,8,-6,-1.375196,-1.020298,3.087822,0.000000,0.000000,-1,,,,,,,,,,,,,,,,
102.439083,monitor,26925,673251,25008,1,0,0.000000,0.000000,0.000000,0.000000,0,0,182159,155312,8,-6,-1.375196,-1.020298,3.087822,0.000000,0.000000,-1,,,,,,,,,,,,,,,,
102.450528,monitor,26926,673275,24984,1,0,0.000000,0.000000,0.000000,0.000000,0,0,182159,155312,8,-6,-1.375196,-1.020298,3.087822,0.000000,0.000000,-1,,,,,,,,,,,,,,,,
102.494862,monitor,26927,673301,24984,1,0,0.000000,0.000000,0.000000,0.000000,0,0,182159,155312,8,-6,-1.375196,-1.020298,3.087822,0.000000,0.000000,-1,,,,,,,,,,,,,,,,
102.500609,monitor,26928,673326,25000,1,0,0.000000,0.000000,0.000000,0.000000,0,0,182159,155312,8,-6,-1.375196,-1.020298,3.087822,0.000000,0.000000,-1,,,,,,,,,,,,,,,,
102.545398,monitor,26929,673350,25024,1,0,0.000000,0.000000,0.000000,0.000000,0,0,182159,155312,8,-6,-1.375196,-1.020298,3.087822,0.000000,0.000000,-1,,,,,,,,,,,,,,,,
102.551047,monitor,26930,673376,25000,1,0,0.000000,0.000000,0.000000,0.000000,0,0,182159,155312,8,-6,-1.375196,-1.020298,3.087822,0.000000,0.000000,-1,,,,,,,,,,,,,,,,
102.592059,monitor,26931,673400,24992,1,0,0.000000,0.000000,0.000000,0.000000,0,0,182159,155312,8,-6,-1.375196,-1.020298,3.087822,0.000000,0.000000,-1,,,,,,,,,,,,,,,,
102.597824,monitor,26932,673426,25008,1,0,0.000000,0.000000,0.000000,0.000000,0,0,182159,155312,8,-6,-1.375196,-1.020298,3.087822,0.000000,0.000000,-1,,,,,,,,,,,,,,,,
102.645523,monitor,26933,673451,24976,1,0,0.000000,0.000000,0.000000,0.000000,0,0,182159,155312,8,-6,-1.375196,-1.020298,3.087822,0.000000,0.000000,-1,,,,,,,,,,,,,,,,
102.650777,monitor,26934,673476,25020,1,0,0.000000,0.000000,0.000000,0.000000,0,0,182159,155312,8,-6,-1.375196,-1.020298,3.087822,0.000000,0.000000,-1,,,,,,,,,,,,,,,,
102.673579,monitor,26935,673501,25004,1,0,0.000000,0.000000,0.000000,0.000000,0,0,182159,155312,8,-6,-1.375196,-1.020298,3.087822,0.000000,0.000000,-1,,,,,,,,,,,,,,,,
102.698301,monitor,26936,673525,24988,1,0,0.000000,0.000000,0.000000,0.000000,0,0,182159,155312,8,-6,-1.375196,-1.020298,3.087822,0.000000,0.000000,-1,,,,,,,,,,,,,,,,
102.726219,monitor,26937,673551,25008,1,0,0.000000,0.000000,0.000000,0.000000,0,0,182159,155312,8,-6,-1.375196,-1.020298,3.087822,0.000000,0.000000,-1,,,,,,,,,,,,,,,,
102.749624,monitor,26938,673575,24988,1,0,0.000000,0.000000,0.000000,0.000000,0,0,182159,155312,8,-6,-1.375196,-1.020298,3.087822,0.000000,0.000000,-1,,,,,,,,,,,,,,,,
102.778117,monitor,26939,673601,25000,1,0,0.000000,0.000000,0.000000,0.000000,0,0,182159,155312,8,-6,-1.375196,-1.020298,3.087822,0.000000,0.000000,-1,,,,,,,,,,,,,,,,
102.802814,monitor,26940,673626,24996,1,0,0.000000,0.000000,0.000000,0.000000,0,0,182159,155312,8,-6,-1.375196,-1.020298,3.087822,0.000000,0.000000,-1,,,,,,,,,,,,,,,,
102.825191,monitor,26941,673650,25004,1,0,0.000000,0.000000,0.000000,0.000000,0,0,182159,155312,8,-6,-1.375196,-1.020298,3.087822,0.000000,0.000000,-1,,,,,,,,,,,,,,,,
102.855386,monitor,26942,673676,25024,1,0,0.000000,0.000000,0.000000,0.000000,0,0,182159,155312,8,-6,-1.375196,-1.020298,3.087822,0.000000,0.000000,-1,,,,,,,,,,,,,,,,
102.878284,monitor,26943,673700,24996,1,0,0.000000,0.000000,0.000000,0.000000,0,0,182159,155312,8,-6,-1.375196,-1.020298,3.087822,0.000000,0.000000,-1,,,,,,,,,,,,,,,,
102.911098,monitor,26944,673726,24984,1,0,0.000000,0.000000,0.000000,0.000000,0,0,182159,155312,8,-6,-1.375196,-1.020298,3.087822,0.000000,0.000000,-1,,,,,,,,,,,,,,,,
102.928251,monitor,26945,673751,25000,1,0,0.000000,0.000000,0.000000,0.000000,0,0,182159,155312,8,-6,-1.375196,-1.020298,3.087822,0.000000,0.000000,-1,,,,,,,,,,,,,,,,
102.959886,monitor,26946,673775,24992,1,0,0.000000,0.000000,0.000000,0.000000,0,0,182159,155312,8,-6,-1.375196,-1.020298,3.087822,0.000000,0.000000,-1,,,,,,,,,,,,,,,,
102.976441,monitor,26947,673801,25028,1,0,0.000000,0.000000,0.000000,0.000000,0,0,182159,155312,8,-6,-1.375196,-1.020298,3.087822,0.000000,0.000000,-1,,,,,,,,,,,,,,,,
103.012951,monitor,26948,673825,24988,1,0,0.000000,0.000000,0.000000,0.000000,0,0,182159,155312,8,-6,-1.375196,-1.020298,3.087822,0.000000,0.000000,-1,,,,,,,,,,,,,,,,
103.029452,monitor,26949,673851,24992,1,0,0.000000,0.000000,0.000000,0.000000,0,0,182159,155312,8,-6,-1.375196,-1.020298,3.087822,0.000000,0.000000,-1,,,,,,,,,,,,,,,,
103.065847,monitor,26950,673875,25004,1,0,0.000000,0.000000,0.000000,0.000000,0,0,182159,155312,8,-6,-1.375196,-1.020298,3.087822,0.000000,0.000000,-1,,,,,,,,,,,,,,,,
103.082908,monitor,26951,673901,25012,1,0,0.000000,0.000000,0.000000,0.000000,0,0,182159,155312,8,-6,-1.375196,-1.020298,3.087822,0.000000,0.000000,-1,,,,,,,,,,,,,,,,
103.119155,monitor,26952,673926,24976,1,0,0.000000,0.000000,0.000000,0.000000,0,0,182159,155312,8,-6,-1.375196,-1.020298,3.087822,0.000000,0.000000,-1,,,,,,,,,,,,,,,,
103.130026,monitor,26953,673950,25012,1,0,0.000000,0.000000,0.000000,0.000000,0,0,182159,155312,8,-6,-1.375196,-1.020298,3.087822,0.000000,0.000000,-1,,,,,,,,,,,,,,,,
103.171774,monitor,26954,673976,24988,1,0,0.000000,0.000000,0.000000,0.000000,0,0,182159,155312,8,-6,-1.375196,-1.020298,3.087822,0.000000,0.000000,-1,,,,,,,,,,,,,,,,
103.182935,monitor,26955,674000,25004,1,0,0.000000,0.000000,0.000000,0.000000,0,0,182159,155312,8,-6,-1.375196,-1.020298,3.087822,0.000000,0.000000,-1,,,,,,,,,,,,,,,,
103.226350,monitor,26956,674026,25012,1,0,3.000000,3.000000,0.000000,0.000000,0,0,182159,155312,134,115,-1.375196,-1.020298,3.087822,0.000000,0.000000,-1,,,,,,,,,,,,,,,,
103.232096,monitor,26957,674051,24992,1,0,3.000000,3.000000,0.822313,0.822313,17,17,182177,155331,128,109,-1.378291,-1.020132,3.087822,0.124002,0.000000,-1,,,,,,,,,,,,,,,,
103.255045,monitor,26958,674076,25008,1,0,3.000000,3.000000,1.885277,1.691915,39,35,182217,155366,117,100,-1.385026,-1.019757,3.084083,0.269714,-0.149530,-1,,,,,,,,,,,,,,,,
103.282668,monitor,26959,674101,24984,1,0,3.000000,3.000000,2.322570,2.032248,48,42,182266,155408,112,97,-1.393214,-1.019262,3.078474,0.328346,-0.224510,-1,,,,,,,,,,,,,,,,
103.305683,monitor,26960,674126,25004,1,0,3.000000,3.000000,2.659149,2.127319,55,44,182321,155452,108,98,-1.402217,-1.018647,3.068191,0.360891,-0.411272,-1,,,,,,,,,,,,,,,,
103.333394,monitor,26961,674151,25020,1,0,3.000000,3.000000,2.850718,2.512497,59,52,182380,155505,106,94,-1.412305,-1.017872,3.061646,0.404377,-0.261551,-1,,,,,,,,,,,,,,,,
103.360711,monitor,26962,674177,24996,1,0,3.000000,3.000000,2.950182,2.805091,61,58,182442,155563,105,91,-1.423115,-1.016990,3.058842,0.433937,-0.112201,-1,,,,,,,,,,,,,,,,
103.385469,monitor,26963,674201,24988,1,0,3.000000,3.000000,3.144643,2.951127,65,61,182506,155624,102,89,-1.434559,-1.016020,3.055103,0.459610,-0.149649,-1,,,,,,,,,,,,,,,,
103.408169,monitor,26964,674226,25008,1,0,3.000000,3.000000,3.238809,2.997107,67,62,182574,155687,101,88,-1.446271,-1.014977,3.050428,0.470177,-0.186912,-1,,,,,,,,,,,,,,,,
103.437396,monitor,26965,674251,24984,1,0,3.000000,3.000000,3.290307,3.096760,68,64,182642,155750,99,87,-1.458250,-1.013859,3.046689,0.481574,-0.149673,-1,,,,,,,,,,,,,,,,
103.460185,monitor,26966,674276,25000,1,0,3.000000,3.000000,3.288201,3.046422,68,63,182710,155814,99,87,-1.470134,-1.012700,3.042015,0.477619,-0.186972,-1,,,,,,,,,,,,,,,,
103.490313,monitor,26967,674301,25024,1,0,3.000000,3.000000,3.285048,3.140119,68,65,182778,155878,98,86,-1.482195,-1.011477,3.039210,0.484446,-0.112076,-1,,,,,,,,,,,,,,,,
103.507396,monitor,26968,674326,24988,1,0,3.000000,3.000000,3.338160,3.144643,69,65,182846,155943,97,85,-1.494343,-1.010206,3.035471,0.488792,-0.149649,-1,,,,,,,,,,,,,,,,
103.544627,monitor,26969,674352,25008,1,0,3.000000,3.000000,3.238809,3.093788,67,64,182913,156007,98,86,-1.506215,-1.008925,3.032666,0.477467,-0.112147,-1,,,,,,,,,,,,,,,,
103.561793,monitor,26970,674376,24980,1,0,3.000000,3.000000,3.194045,3.145650,66,65,182980,156072,98,85,-1.518084,-1.007622,3.031732,0.478002,-0.037424,-1,,,,,,,,,,,,,,,,
103.597718,monitor,26971,674401,25028,1,0,3.000000,3.000000,3.236221,3.139617,67,65,183047,156137,97,85,-1.530042,-1.006291,3.029862,0.480727,-0.074705,-1,,,,,,,,,,,,,,,,
103.614850,monitor,26972,674426,24968,1,0,3.000000,3.000000,3.147162,3.098744,65,64,183112,156202,98,85,-1.541726,-1.004975,3.028927,0.470930,-0.037442,-1,,,,,,,,,,,,,,,,
103.652460,monitor,26973,674451,25004,1,0,3.000000,3.000000,3.142631,3.142631,65,65,183177,156267,98,84,-1.553500,-1.003643,3.028927,0.473898,0.000000,-1,,,,,,,,,,,,,,,,
103.663929,monitor,26974,674477,24996,1,0,3.000000,3.000000,3.240364,3.143636,67,65,183243,156332,96,84,-1.565454,-1.002279,3.027057,0.481342,-0.074801,-1,,,,,,,,,,,,,,,,
103.707780,monitor,26975,674501,25044,1,0,3.000000,3.000000,3.185883,3.185883,66,66,183309,156398,96,83,-1.577407,-1.000904,3.027057,0.480420,0.000000,-1,,,,,,,,,,,,,,,,
103.713498,monitor,26976,674526,24984,1,0,3.000000,3.000000,3.096760,3.145146,64,65,183374,156463,97,83,-1.589089,-0.999565,3.027992,0.470629,0.037418,-1,,,,,,,,,,,,,,,,
103.736210,monitor,26977,674551,24984,1,0,3.000000,3.000000,3.096760,3.145146,64,65,183438,156528,97,83,-1.600772,-0.998238,3.028927,0.470629,0.037418,-1,,,,,,,,,,,,,,,,
103.762964,monitor,26978,674576,24988,1,0,3.000000,3.000000,3.144643,3.144643,65,65,183502,156592,96,83,-1.612546,-0.996906,3.028927,0.474201,0.000000,-1,,,,,,,,,,,,,,,,
103.785238,monitor,26979,674601,25016,1,0,3.000000,3.000000,3.141123,3.141123,65,65,183567,156658,96,82,-1.624320,-0.995574,3.028927,0.473670,0.000000,-1,,,,,,,,,,,,,,,,
103.818008,monitor,26980,674626,25000,1,0,3.000000,3.000000,3.143133,3.143133,65,65,183632,156722,95,82,-1.636094,-0.994241,3.028927,0.473973,0.000000,-1,,,,,,,,,,,,,,,,
103.840946,monitor,26981,674651,25008,1,0,3.000000,3.000000,3.142128,3.093788,65,64,183698,156786,95,83,-1.647777,-0.992914,3.027992,0.470177,-0.037382,-1,,,,,,,,,,,,,,,,
103.871003,monitor,26982,674676,24976,1,0,3.000000,3.000000,3.097752,3.000947,64,62,183762,156849,96,84,-1.659187,-0.991601,3.026123,0.459831,-0.074861,-1,,,,,,,,,,,,,,,,
103.888100,monitor,26983,674701,25000,1,0,3.000000,3.000000,3.094778,3.094778,64,64,183826,156912,95,82,-1.670776,-0.990257,3.026123,0.466682,0.000000,-1,,,,,,,,,,,,,,,,
103.924216,monitor,26984,674726,25008,1,0,3.000000,3.000000,3.142128,2.997107,65,62,183890,156975,94,84,-1.682273,-0.988907,3.023318,0.462887,-0.112147,-1,,,,,,,,,,,,,,,,
103.941310,monitor,26985,674751,25020,1,0,3.000000,3.000000,3.140621,3.043987,65,63,183955,157038,94,83,-1.693857,-0.987520,3.021448,0.466308,-0.074729,-1,,,,,,,,,,,,,,,,
103.978064,monitor,26986,674777,24996,1,0,3.000000,3.000000,3.095273,2.998546,64,62,184019,157099,95,83,-1.705258,-0.986133,3.019579,0.459463,-0.074800,-1,,,,,,,,,,,,,,,,
103.989448,monitor,26987,674801,25008,1,0,3.000000,3.000000,3.093788,2.997107,64,62,184083,157161,94,84,-1.716656,-0.984724,3.017709,0.459243,-0.074765,-1,,,,,,,,,,,,,,,,
104.033170,monitor,26988,674826,24980,1,0,3.000000,3.000000,3.048861,3.000466,63,62,184147,157224,95,83,-1.727962,-0.983311,3.016774,0.456109,-0.037424,-1,,,,,,,,,,,,,,,,
104.038976,monitor,26989,674851,25008,1,0,3.000000,3.000000,3.093788,3.045447,64,63,184210,157286,94,83,-1.739447,-0.981865,3.015839,0.462887,-0.037383,-1,,,,,,,,,,,,,,,,
104.090149,monitor,26990,674876,25004,1,0,3.000000,3.000000,3.045934,3.045934,63,63,184274,157349,95,83,-1.750841,-0.980424,3.015839,0.459316,0.000000,-1,,,,,,,,,,,,,,,,
104.090149,monitor,26991,674902,24992,1,0,3.000000,3.000000,3.095768,2.999026,64,62,184337,157411,94,83,-1.762233,-0.978973,3.013970,0.459537,-0.074813,-1,,,,,,,,,,,,,,,,
104.140229,monitor,26992,674926,25032,1,0,3.000000,3.000000,3.090822,2.994233,64,62,184401,157474,94,83,-1.773623,-0.977501,3.012100,0.458802,-0.074693,-1,,,,,,,,,,,,,,,,
104.140229,monitor,26993,674951,24980,1,0,3.000000,3.000000,3.048861,3.000466,63,62,184465,157536,94,83,-1.784921,-0.976024,3.011165,0.456109,-0.037424,-1,,,,,,,,,,,,,,,,
104.189550,monitor,26994,674976,24996,1,0,3.000000,3.000000,3.143636,2.998546,65,62,184529,157597,93,83,-1.796396,-0.974503,3.008361,0.463110,-0.112201,-1,,,,,,,,,,,,,,,,
104.195315,monitor,26995,675001,24984,1,0,3.000000,3.000000,3.096760,2.951599,64,61,184593,157659,93,84,-1.807687,-0.972973,3.005556,0.456035,-0.112255,-1,,,,,,,,,,,,,,,,
104.217545,monitor,26996,675026,24996,1,0,3.000000,3.000000,3.095273,2.998546,64,62,184657,157721,93,83,-1.819064,-0.971405,3.003686,0.459463,-0.074800,-1,,,,,,,,,,,,,,,,
104.243647,monitor,26997,675051,25044,1,0,3.000000,3.000000,3.089340,3.041070,64,63,184722,157783,93,83,-1.830529,-0.969808,3.002752,0.462222,-0.037329,-1,,,,,,,,,,,,,,,,
104.266437,monitor,26998,675077,24956,1,0,3.000000,3.000000,3.100234,2.954911,64,61,184786,157845,92,84,-1.841811,-0.968216,2.999947,0.456547,-0.112381,-1,,,,,,,,,,,,,,,,
104.297961,monitor,26999,675101,25020,1,0,3.000000,3.000000,3.140621,2.947352,65,61,184850,157905,92,84,-1.853178,-0.966573,2.996208,0.459022,-0.149458,-1,,,,,,,,,,,,,,,,
104.320723,monitor,27000,675126,25000,1,0,3.000000,3.000000,3.094778,2.998066,64,62,184914,157967,92,84,-1.864540,-0.964899,2.994338,0.459390,-0.074789,-1,,,,,,,,,,,,,,,,
104.352014,monitor,27001,675151,24980,1,0,3.000000,3.000000,3.000466,2.952072,62,61,184976,158028,93,84,-1.875629,-0.963248,2.993403,0.448811,-0.037424,-1,,,,,,,,,,,,,,,,
104.369054,monitor,27002,675176,25004,1,0,3.000000,3.000000,3.045934,2.949238,63,61,185039,158089,93,84,-1.886806,-0.961569,2.991534,0.452025,-0.074777,-1,,,,,,,,,,,,,,,,
104.407017,monitor,27003,675202,25000,1,0,3.000000,3.000000,3.094778,2.949710,64,61,185103,158150,92,84,-1.898069,-0.959850,2.988729,0.455744,-0.112183,-1,,,,,,,,,,,,,,,,
104.418444,monitor,27004,675226,25056,1,0,3.000000,3.000000,3.039613,2.991365,63,62,185166,158212,92,84,-1.909329,-0.958110,2.987794,0.454725,-0.037311,-1,,,,,,,,,,,,,,,,
104.461981,monitor,27005,675252,24976,1,0,3.000000,3.000000,2.952544,2.904142,61,60,185228,158272,94,85,-1.920227,-0.956415,2.986859,0.441584,-0.037430,-1,,,,,,,,,,,,,,,,
104.473476,monitor,27006,675276,24980,1,0,3.000000,3.000000,3.048861,2.952072,63,61,185291,158334,92,85,-1.931393,-0.954663,2.984990,0.452460,-0.074849,-1,,,,,,,,,,,,,,,,
104.517565,monitor,27007,675301,24980,1,0,3.000000,3.000000,3.048861,3.000466,63,62,185353,158395,92,84,-1.942646,-0.952881,2.984055,0.456109,-0.037424,-1,,,,,,,,,,,,,,,,
104.523305,monitor,27008,675326,25012,1,0,3.000000,3.000000,3.044960,2.996628,63,62,185416,158457,92,84,-1.953898,-0.951088,2.983120,0.455525,-0.037376,-1,,,,,,,,,,,,,,,,
104.545149,monitor,27009,675351,25032,1,0,3.000000,3.000000,2.994233,2.945939,62,61,185478,158518,93,85,-1.964968,-0.949314,2.982185,0.447878,-0.037347,-1,,,,,,,,,,,,,,,,
104.571567,monitor,27010,675376,24968,1,0,3.000000,3.000000,3.050326,3.001908,63,62,185541,158580,92,84,-1.976216,-0.947500,2.981250,0.456328,-0.037442,-1,,,,,,,,,,,,,,,,
104.600006,monitor,27011,675401,24988,1,0,3.000000,3.000000,2.999506,2.999506,62,62,185604,158642,93,84,-1.987374,-0.945695,2.981250,0.452315,0.000000,-1,,,,,,,,,,,,,,,,
104.630350,monitor,27012,675426,25000,1,0,3.000000,3.000000,3.046422,2.998066,63,62,185666,158704,92,84,-1.998620,-0.943871,2.980315,0.455744,-0.037394,-1,,,,,,,,,,,,,,,,
104.647136,monitor,27013,675451,25004,1,0,3.000000,3.000000,3.045934,2.997586,63,62,185730,158767,92,84,-2.009865,-0.942036,2.979381,0.455671,-0.037388,-1,,,,,,,,,,,,,,,,
104.681340,monitor,27014,675476,25028,1,0,3.000000,3.000000,3.091316,3.043014,64,63,185793,158829,91,84,-2.021288,-0.940161,2.978446,0.462518,-0.037353,-1,,,,,,,,,,,,,,,,
104.698529,monitor,27015,675502,24984,1,0,3.000000,3.000000,3.048373,2.999986,63,62,185856,158892,92,84,-2.032530,-0.938305,2.977511,0.456036,-0.037418,-1,,,,,,,,,,,,,,,,
104.733071,monitor,27016,675526,25008,1,0,3.000000,3.000000,3.045447,3.045447,63,63,185919,158954,92,83,-2.043860,-0.936429,2.977511,0.459243,0.000000,-1,,,,,,,,,,,,,,,,
104.750268,monitor,27017,675551,24996,1,0,3.000000,3.000000,3.046909,3.046909,63,63,185983,159018,91,83,-2.055191,-0.934553,2.977511,0.459463,0.000000,-1,,,,,,,,,,,,,,,,
104.783656,monitor,27018,675576,24984,1,0,3.000000,3.000000,3.096760,3.048373,64,63,186046,159080,91,83,-2.066610,-0.932657,2.976576,0.463332,-0.037418,-1,,,,,,,,,,,,,,,,
104.800269,monitor,27019,675601,25008,1,0,3.000000,3.000000,3.045447,2.997107,63,62,186110,159142,91,84,-2.077848,-0.930780,2.975641,0.455598,-0.037382,-1,,,,,,,,,,,,,,,,
104.839731,monitor,27020,675625,25040,1,0,0.000000,0.000000,3.041555,3.041555,63,63,186172,159204,-34,-38,-2.089175,-0.928883,2.975641,0.458656,0.000000,-1,,,,,,,,,,,,,,,,
104.850587,monitor,27021,675651,24952,1,0,0.000000,0.000000,2.034855,2.180202,42,45,186212,159248,-25,-31,-2.096998,-0.927584,2.978446,0.317808,0.112399,-1,,,,,,,,,,,,,,,,
104.888873,monitor,27022,675676,24996,1,0,0.000000,0.000000,0.677091,0.822182,14,17,186225,159264,-9,-15,-2.099787,-0.927129,2.981250,0.113043,0.112201,-1,,,,,,,,,,,,,,,,
104.900312,monitor,27023,675701,25000,1,0,0.000000,0.000000,0.096712,0.096712,2,2,186227,159266,-1,-6,-2.100147,-0.927071,2.981250,0.014584,0.000000,-1,,,,,,,,,,,,,,,,
104.945742,monitor,27024,675726,25004,1,0,0.000000,0.000000,0.000000,0.000000,0,0,186227,159266,0,-4,-2.100147,-0.927071,2.981250,0.000000,0.000000,-1,,,,,,,,,,,,,,,,
104.951513,monitor,27025,675750,25024,1,0,0.000000,0.000000,0.096619,0.000000,2,0,186229,159266,-2,-4,-2.100327,-0.927042,2.979381,0.007285,-0.074717,-1,,,,,,,,,,,,,,,,
104.995596,monitor,27026,675776,25000,1,0,0.000000,0.000000,0.048356,0.000000,1,0,186230,159266,-1,-4,-2.100417,-0.927027,2.978446,0.003646,-0.037394,-1,,,,,,,,,,,,,,,,
105.001367,monitor,27027,675801,24996,1,0,0.000000,0.000000,0.000000,0.000000,0,0,186230,159266,0,-4,-2.100417,-0.927027,2.978446,0.000000,0.000000,-1,,,,,,,,,,,,,,,,
105.024183,monitor,27028,675826,24988,1,0,0.000000,0.000000,0.000000,-0.096758,0,-2,186230,159264,0,-3,-2.100237,-0.927057,2.976576,-0.007295,-0.074825,-1,,,,,,,,,,,,,,,,
105.052319,monitor,27029,675851,25004,1,0,0.000000,0.000000,0.000000,-0.048348,0,-1,186230,159263,0,-3,-2.100147,-0.927072,2.975641,-0.003645,-0.037388,-1,,,,,,,,,,,,,,,,
105.075075,monitor,27030,675875,24984,1,0,0.000000,0.000000,0.000000,0.000000,0,0,186230,159263,0,-4,-2.100147,-0.927072,2.975641,0.000000,0.000000,-1,,,,,,,,,,,,,,,,
105.102336,monitor,27031,675901,25032,1,0,0.000000,0.000000,0.000000,-0.048294,0,-1,186230,159262,0,-3,-2.100057,-0.927087,2.974706,-0.003641,-0.037347,-1,,,,,,,,,,,,,,,,
105.130733,monitor,27032,675926,24992,1,0,-3.000000,-3.000000,0.000000,0.000000,0,0,186230,159262,-127,-126,-2.100057,-0.927087,2.974706,0.000000,0.000000,-1,,,,,,,,,,,,,,,,
105.159548,monitor,27033,675951,24980,1,0,-3.000000,-3.000000,-0.871103,-0.725919,-18,-15,186210,159245,-119,-121,-2.097090,-0.927582,2.977511,-0.120413,0.112273,-1,,,,,,,,,,,,,,,,
105.182374,monitor,27034,675976,25000,1,0,-3.000000,-3.000000,-1.837524,-1.885880,-38,-39,186172,159205,-109,-108,-2.090167,-0.928732,2.976576,-0.280738,-0.037394,-1,,,,,,,,,,,,,,,,
105.212030,monitor,27035,676001,25012,1,0,-3.000000,-3.000000,-1.981641,-2.319970,-41,-48,186131,159157,-109,-104,-2.082169,-0.930091,2.970032,-0.324334,-0.261635,-1,,,,,,,,,,,,,,,,
105.228619,monitor,27036,676026,24988,1,0,-3.000000,-3.000000,-2.225440,-2.515714,-46,-52,186084,159105,-108,-102,-2.073372,-0.931640,2.964423,-0.357475,-0.224474,-1,,,,,,,,,,,,,,,,
105.262819,monitor,27037,676051,25008,1,0,-3.000000,-3.000000,-2.417022,-2.755405,-50,-57,186034,159047,-106,-100,-2.063777,-0.933391,2.957879,-0.389992,-0.261677,-1,,,,,,,,,,,,,,,,
105.279734,monitor,27038,676076,24988,1,0,-3.000000,-3.000000,-2.612473,-2.951127,-54,-61,185980,158987,-105,-97,-2.053478,-0.935339,2.951335,-0.419486,-0.261886,-1,,,,,,,,,,,,,,,,
105.312855,monitor,27039,676101,25004,1,0,-3.000000,-3.000000,-2.852542,-3.045934,-59,-63,185921,158923,-102,-96,-2.042562,-0.937463,2.947595,-0.444735,-0.149553,-1,,,,,,,,,,,,,,,,
105.328814,monitor,27040,676126,25028,1,0,-3.000000,-3.000000,-3.043014,-3.187919,-63,-66,185858,158858,-99,-94,-2.031028,-0.939745,2.944791,-0.469801,-0.112058,-1,,,,,,,,,,,,,,,,
105.368192,monitor,27041,676151,24980,1,0,-3.000000,-3.000000,-3.048861,-3.242439,-63,-67,185795,158790,-99,-93,-2.019411,-0.942084,2.941051,-0.474353,-0.149697,-1,,,,,,,,,,,,,,,,
105.379645,monitor,27042,676176,25044,1,0,-3.000000,-3.000000,-3.137611,-3.282424,-65,-68,185730,158723,-98,-92,-2.007535,-0.944516,2.938247,-0.484059,-0.111986,-1,,,,,,,,,,,,,,,,
105.418324,monitor,27043,676201,24964,1,0,-3.000000,-3.000000,-3.196092,-3.292943,-66,-68,185664,158654,-97,-91,-1.995575,-0.946993,2.936377,-0.489262,-0.074896,-1,,,,,,,,,,,,,,,,
105.429453,monitor,27044,676227,25000,1,0,-3.000000,-3.000000,-3.239845,-3.336557,-67,-69,185596,158585,-95,-90,-1.983441,-0.949531,2.934508,-0.495849,-0.074789,-1,,,,,,,,,,,,,,,,
105.475644,monitor,27045,676251,25056,1,0,-3.000000,-3.000000,-3.280852,-3.329100,-68,-69,185529,158516,-94,-89,-1.971222,-0.952104,2.933573,-0.498379,-0.037311,-1,,,,,,,,,,,,,,,,
105.481422,monitor,27046,676276,24936,1,0,-3.000000,-3.000000,-3.199681,-3.248161,-66,-67,185462,158449,-95,-90,-1.959362,-0.954613,2.932638,-0.486156,-0.037490,-1,,,,,,,,,,,,,,,,
105.525418,monitor,27047,676301,25012,1,0,-3.000000,-3.000000,-3.189959,-3.286624,-66,-68,185396,158382,-95,-88,-1.947416,-0.957158,2.930768,-0.488323,-0.074753,-1,,,,,,,,,,,,,,,,
105.531190,monitor,27048,676326,24984,1,0,-3.000000,-3.000000,-3.193533,-3.241920,-66,-67,185330,158315,-94,-89,-1.935563,-0.959700,2.929833,-0.485222,-0.037418,-1,,,,,,,,,,,,,,,,
105.582534,monitor,27049,676352,25008,1,0,-3.000000,-3.000000,-3.142128,-3.190469,-65,-66,185265,158248,-95,-89,-1.923890,-0.962216,2.928899,-0.477467,-0.037383,-1,,,,,,,,,,,,,,,,
105.582534,monitor,27050,676376,24992,1,0,-3.000000,-3.000000,-3.144140,-3.192511,-65,-66,185201,158182,-94,-88,-1.912220,-0.964742,2.927964,-0.477772,-0.037406,-1,,,,,,,,,,,,,,,,
105.634396,monitor,27051,676401,24992,1,0,-3.000000,-3.000000,-3.047397,-3.192511,-63,-66,185137,158116,-96,-88,-1.900732,-0.967251,2.925159,-0.470478,-0.112219,-1,,,,,,,,,,,,,,,,
105.634396,monitor,27052,676426,25028,1,0,-3.000000,-3.000000,-3.043014,-3.187919,-63,-66,185075,158051,-96,-88,-1.889252,-0.969792,2.922355,-0.469801,-0.112058,-1,,,,,,,,,,,,,,,,
105.657368,monitor,27053,676451,25052,1,0,-3.000000,-3.000000,-3.040098,-3.136609,-63,-65,185012,157986,-96,-88,-1.877867,-0.972340,2.920485,-0.465713,-0.074633,-1,,,,,,,,,,,,,,,,
105.685952,monitor,27054,676476,24928,1,0,-3.000000,-3.000000,-3.055221,-3.103716,-63,-64,184949,157921,-95,-88,-1.866574,-0.974884,2.919550,-0.464373,-0.037502,-1,,,,,,,,,,,,,,,,
105.708209,monitor,27055,676501,24996,1,0,-3.000000,-3.000000,-3.046909,-3.095273,-63,-64,184885,157857,-95,-88,-1.855283,-0.977438,2.918615,-0.463110,-0.037400,-1,,,,,,,,,,,,,,,,
105.737207,monitor,27056,676527,25044,1,0,-3.000000,-3.000000,-3.041070,-3.089340,-63,-64,184822,157794,-95,-88,-1.843995,-0.980003,2.917681,-0.462222,-0.037329,-1,,,,,,,,,,,,,,,,
105.760001,monitor,27057,676551,24956,1,0,-3.000000,-3.000000,-3.051793,-3.003352,-63,-62,184760,157731,-95,-89,-1.832885,-0.982528,2.918615,-0.456547,0.037460,-1,,,,,,,,,,,,,,,,
105.790015,monitor,27058,676576,25000,1,0,-3.000000,-3.000000,-2.998066,-3.046422,-62,-63,184698,157669,-96,-89,-1.821774,-0.985053,2.917681,-0.455744,-0.037394,-1,,,,,,,,,,,,,,,,
105.812258,monitor,27059,676601,24996,1,0,-3.000000,-3.000000,-3.046909,-3.095273,-63,-64,184634,157605,-95,-88,-1.810489,-0.987628,2.916746,-0.463110,-0.037400,-1,,,,,,,,,,,,,,,,
105.840795,monitor,27060,676626,25028,1,0,-3.000000,-3.000000,-3.091316,-3.091316,-64,-64,184571,157540,-94,-88,-1.799115,-0.990230,2.916746,-0.466159,0.000000,-1,,,,,,,,,,,,,,,,
105.863501,monitor,27061,676652,24980,1,0,-3.000000,-3.000000,-3.048861,-3.097256,-63,-64,184507,157476,-95,-87,-1.787832,-0.992816,2.915811,-0.463406,-0.037425,-1,,,,,,,,,,,,,,,,
105.893710,monitor,27062,676676,24992,1,0,-3.000000,-3.000000,-3.095768,-3.095768,-64,-64,184444,157413,-94,-87,-1.776461,-0.995428,2.915811,-0.466831,0.000000,-1,,,,,,,,,,,,,,,,
105.910852,monitor,27063,676701,25000,1,0,-3.000000,-3.000000,-3.143133,-3.046422,-65,-63,184379,157349,-93,-88,-1.765088,-0.998029,2.917681,-0.466682,0.074789,-1,,,,,,,,,,,,,,,,
105.945057,monitor,27064,676726,25012,1,0,-3.000000,-3.000000,-3.093293,-3.141626,-64,-65,184315,157285,-93,-86,-1.753624,-1.000645,2.916746,-0.470102,-0.037376,-1,,,,,,,,,,,,,,,,
105.961853,monitor,27065,676751,25016,1,0,-3.000000,-3.000000,-3.092798,-3.044473,-64,-63,184250,157221,-93,-87,-1.742339,-1.003221,2.917681,-0.462739,0.037370,-1,,,,,,,,,,,,,,,,
105.998681,monitor,27066,676776,24988,1,0,-3.000000,-3.000000,-3.144643,-3.047885,-65,-63,184185,157158,-92,-87,-1.730960,-1.005801,2.919550,-0.466906,0.074825,-1,,,,,,,,,,,,,,,,
106.015777,monitor,27067,676801,24988,1,0,-3.000000,-3.000000,-3.144643,-3.047885,-65,-63,184121,157096,-92,-87,-1.719577,-1.008360,2.921420,-0.466906,0.074825,-1,,,,,,,,,,,,,,,,
106.050363,monitor,27068,676826,25012,1,0,-3.000000,-3.000000,-3.044960,-2.996628,-63,-62,184058,157033,-93,-88,-1.708458,-1.010843,2.922355,-0.455525,0.037376,-1,,,,,,,,,,,,,,,,
106.061735,monitor,27069,676851,24984,1,0,-3.000000,-3.000000,-2.951599,-3.048373,-61,-63,183996,156970,-94,-87,-1.697428,-1.013311,2.920485,-0.452387,-0.074837,-1,,,,,,,,,,,,,,,,
106.101049,monitor,27070,676876,25016,1,0,-3.000000,-3.000000,-2.947823,-3.044473,-61,-63,183935,156907,-95,-87,-1.686403,-1.015800,2.918615,-0.451809,-0.074741,-1,,,,,,,,,,,,,,,,
106.112444,monitor,27071,676901,24992,1,0,-3.000000,-3.000000,-2.950654,-3.047397,-61,-63,183874,156845,-95,-87,-1.675383,-1.018310,2.916746,-0.452242,-0.074813,-1,,,,,,,,,,,,,,,,
106.151706,monitor,27072,676926,25024,1,0,-3.000000,-3.000000,-2.995190,-3.043500,-62,-63,183812,156782,-94,-87,-1.664277,-1.020855,2.915811,-0.455307,-0.037359,-1,,,,,,,,,,,,,,,,
106.163162,monitor,27073,676952,24980,1,0,-3.000000,-3.000000,-2.952072,-3.048861,-61,-63,183752,156718,-95,-87,-1.653264,-1.023396,2.913941,-0.452460,-0.074849,-1,,,,,,,,,,,,,,,,
106.202954,monitor,27074,676976,25020,1,0,-3.000000,-3.000000,-2.899035,-3.092304,-60,-64,183691,156654,-96,-86,-1.642258,-1.025967,2.910202,-0.451736,-0.149458,-1,,,,,,,,,,,,,,,,
106.214369,monitor,27075,677001,24976,1,0,-3.000000,-3.000000,-2.952544,-3.097752,-61,-64,183630,156591,-95,-86,-1.631172,-1.028596,2.907397,-0.456182,-0.112291,-1,,,,,,,,,,,,,,,,
106.253814,monitor,27076,677026,25016,1,0,-3.000000,-3.000000,-2.996148,-3.044473,-62,-63,183568,156527,-95,-86,-1.620090,-1.031245,2.906462,-0.455452,-0.037370,-1,,,,,,,,,,,,,,,,
106.265296,monitor,27077,677051,25008,1,0,-3.000000,-3.000000,-2.997107,-3.093788,-62,-64,183507,156463,-94,-86,-1.608924,-1.033931,2.904593,-0.459243,-0.074765,-1,,,,,,,,,,,,,,,,
106.304034,monitor,27078,677076,24972,1,0,-3.000000,-3.000000,-3.001428,-3.098248,-62,-64,183445,156399,-94,-85,-1.597763,-1.036638,2.902723,-0.459905,-0.074873,-1,,,,,,,,,,,,,,,,
106.315459,monitor,27079,677101,25008,1,0,-3.000000,-3.000000,-2.997107,-3.142128,-62,-65,183382,156334,-95,-84,-1.586520,-1.039393,2.899919,-0.462887,-0.112147,-1,,,,,,,,,,,,,,,,
106.353886,monitor,27080,677127,25004,1,0,-3.000000,-3.000000,-3.094283,-3.142631,-64,-65,183319,156269,-93,-84,-1.575105,-1.042212,2.898984,-0.470252,-0.037388,-1,,,,,,,,,,,,,,,,
106.365276,monitor,27081,677151,25044,1,0,-3.000000,-3.000000,-3.041070,-3.089340,-63,-64,183256,156206,-94,-85,-1.563869,-1.044998,2.898049,-0.462222,-0.037329,-1,,,,,,,,,,,,,,,,
106.409808,monitor,27082,677176,24964,1,0,-3.000000,-3.000000,-3.002389,-3.099241,-62,-64,183193,156141,-94,-84,-1.552726,-1.047778,2.896179,-0.460052,-0.074897,-1,,,,,,,,,,,,,,,,
106.415556,monitor,27083,677201,24984,1,0,-3.000000,-3.000000,-3.048373,-3.048373,-63,-63,183130,156079,-93,-85,-1.541585,-1.050568,2.896179,-0.459684,0.000000,-1,,,,,,,,,,,,,,,,
106.459830,monitor,27084,677226,25008,1,0,-3.000000,-3.000000,-3.045447,-3.045447,-63,-63,183068,156016,-93,-85,-1.530445,-1.053359,2.896179,-0.459243,0.000000,-1,,,,,,,,,,,,,,,,
106.471241,monitor,27085,677252,24996,1,0,-3.000000,-3.000000,-2.950182,-2.998546,-61,-62,183007,155954,-95,-85,-1.519570,-1.056088,2.895244,-0.448524,-0.037401,-1,,,,,,,,,,,,,,,,
106.510816,monitor,27086,677276,24992,1,0,-3.000000,-3.000000,-2.950654,-2.950654,-61,-61,182946,155893,-95,-86,-1.508786,-1.058800,2.895244,-0.444948,0.000000,-1,,,,,,,,,,,,,,,,
106.516576,monitor,27087,677301,25016,1,0,-3.000000,-3.000000,-3.044473,-2.947823,-63,-61,182883,155831,-94,-86,-1.497822,-1.061545,2.897114,-0.451809,0.074741,-1,,,,,,,,,,,,,,,,
106.560766,monitor,27088,677326,24984,1,0,-3.000000,-3.000000,-2.999986,-2.999986,-62,-62,182821,155770,-94,-86,-1.486856,-1.064281,2.897114,-0.452387,0.000000,-1,,,,,,,,,,,,,,,,
106.572164,monitor,27089,677351,24996,1,0,-3.000000,-3.000000,-2.950182,-2.950182,-61,-61,182760,155709,-95,-86,-1.476066,-1.066973,2.897114,-0.444877,0.000000,-1,,,,,,,,,,,,,,,,
106.617990,monitor,27090,677377,25000,1,0,-3.000000,-3.000000,-2.949710,-2.998066,-61,-62,182699,155647,-95,-86,-1.465190,-1.069692,2.896179,-0.448452,-0.037394,-1,,,,,,,,,,,,,,,,
106.617990,monitor,27091,677401,25048,1,0,-3.000000,-3.000000,-2.944057,-2.992321,-61,-62,182637,155585,-95,-86,-1.454316,-1.072421,2.895244,-0.447592,-0.037323,-1,,,,,,,,,,,,,,,,
106.668215,monitor,27092,677426,24972,1,0,-3.000000,-3.000000,-3.001428,-3.001428,-62,-62,182576,155523,-94,-86,-1.443354,-1.075177,2.895244,-0.452605,0.000000,-1,,,,,,,,,,,,,,,,
106.668215,monitor,27093,677451,24980,1,0,-3.000000,-3.000000,-3.000466,-3.000466,-62,-62,182514,155461,-94,-86,-1.432393,-1.077933,2.895244,-0.452460,0.000000,-1,,,,,,,,,,,,,,,,
106.719547,monitor,27094,677476,25012,1,0,-3.000000,-3.000000,-2.996628,-3.044960,-62,-63,182451,155397,-94,-85,-1.421345,-1.080717,2.894310,-0.455525,-0.037376,-1,,,,,,,,,,,,,,,,
106.719547,monitor,27095,677501,24988,1,0,-3.000000,-3.000000,-3.047885,-3.096264,-63,-64,182388,155334,-94,-84,-1.410123,-1.083555,2.893375,-0.463258,-0.037412,-1,,,,,,,,,,,,,,,,
106.770407,monitor,27096,677526,25012,1,0,-3.000000,-3.000000,-3.044960,-3.044960,-63,-63,182325,155270,-94,-85,-1.398990,-1.086377,2.893375,-0.459169,0.000000,-1,,,,,,,,,,,,,,,,
106.770407,monitor,27097,677552,25012,1,0,-3.000000,-3.000000,-3.044960,-3.093293,-63,-64,182262,155206,-94,-84,-1.387770,-1.089226,2.892440,-0.462813,-0.037377,-1,,,,,,,,,,,,,,,,
106.821479,monitor,27098,677576,25020,1,0,-3.000000,-3.000000,-3.092304,-3.092304,-64,-64,182199,155142,-93,-84,-1.376463,-1.092103,2.892440,-0.466308,0.000000,-1,,,,,,,,,,,,,,,,
106.821479,monitor,27099,677601,24976,1,0,-3.000000,-3.000000,-3.049349,-3.097752,-63,-64,182136,155078,-93,-84,-1.365246,-1.094963,2.891505,-0.463481,-0.037430,-1,,,,,,,,,,,,,,,,
106.873271,monitor,27100,677626,24984,1,0,-3.000000,-3.000000,-3.048373,-3.096760,-63,-64,182072,155014,-93,-83,-1.354032,-1.097833,2.890570,-0.463332,-0.037418,-1,,,,,,,,,,,,,,,,
106.879011,monitor,27101,677651,25004,1,0,-3.000000,-3.000000,-3.094283,-3.094283,-64,-64,182009,154951,-92,-83,-1.342730,-1.100731,2.890570,-0.466607,0.000000,-1,,,,,,,,,,,,,,,,
106.896124,monitor,27102,677677,25016,1,0,-3.000000,-3.000000,-3.044473,-2.996148,-63,-62,181945,154888,-93,-84,-1.331693,-1.103556,2.891505,-0.455452,0.037370,-1,,,,,,,,,,,,,,,,
106.926046,monitor,27103,677701,24980,1,0,-3.000000,-3.000000,-3.097256,-2.952072,-64,-61,181882,154828,-92,-85,-1.320650,-1.106360,2.894310,-0.456109,0.112273,-1,,,,,,,,,,,,,,,,
106.948829,monitor,27104,677726,25016,1,0,-3.000000,-3.000000,-3.044473,-2.899498,-63,-60,181819,154767,-93,-86,-1.309775,-1.109089,2.897114,-0.448165,0.112111,-1,,,,,,,,,,,,,,,,
106.978525,monitor,27105,677751,25040,1,0,-3.000000,-3.000000,-2.993277,-2.944998,-62,-61,181757,154706,-93,-86,-1.298896,-1.111798,2.898049,-0.447735,0.037335,-1,,,,,,,,,,,,,,,,
107.001369,monitor,27106,677776,24948,1,0,-3.000000,-3.000000,-2.955858,-2.955858,-61,-61,181696,154646,-94,-85,-1.288104,-1.114479,2.898049,-0.445733,0.000000,-1,,,,,,,,,,,,,,,,
107.030121,monitor,27107,677801,24996,1,0,-3.000000,-3.000000,-2.998546,-2.901819,-62,-60,181634,154586,-93,-86,-1.277310,-1.117151,2.899919,-0.444877,0.074801,-1,,,,,,,,,,,,,,,,
107.052286,monitor,27108,677826,25016,1,0,-3.000000,-3.000000,-2.996148,-2.899498,-62,-60,181572,154526,-93,-87,-1.266510,-1.119802,2.901788,-0.444521,0.074741,-1,,,,,,,,,,,,,,,,
107.081717,monitor,27109,677851,25004,1,0,-3.000000,-3.000000,-2.949238,-2.900890,-61,-60,181511,154466,-94,-87,-1.255796,-1.122416,2.902723,-0.441089,0.037388,-1,,,,,,,,,,,,,,,,
107.098867,monitor,27110,677876,24980,1,0,-3.000000,-3.000000,-2.903677,-2.903677,-60,-60,181450,154406,-95,-87,-1.245168,-1.125004,2.902723,-0.437864,0.000000,-1,,,,,,,,,,,,,,,,
107.135105,monitor,27111,677901,25012,1,0,-3.000000,-3.000000,-2.996628,-2.948295,-62,-61,181389,154345,-94,-86,-1.234274,-1.127652,2.903658,-0.448237,0.037376,-1,,,,,,,,,,,,,,,,
107.152103,monitor,27112,677926,25008,1,0,-3.000000,-3.000000,-2.948766,-2.948766,-61,-61,181328,154284,-94,-87,-1.223467,-1.130273,2.903658,-0.444663,0.000000,-1,,,,,,,,,,,,,,,,
107.187487,monitor,27113,677951,24984,1,0,-3.000000,-3.000000,-2.854825,-2.951599,-59,-61,181269,154223,-96,-87,-1.212840,-1.132861,2.901788,-0.437794,-0.074836,-1,,,,,,,,,,,,,,,,
107.204280,monitor,27114,677977,25000,1,0,-3.000000,-3.000000,-2.901354,-2.949710,-60,-61,181209,154161,-95,-87,-1.202128,-1.135485,2.900853,-0.441160,-0.037394,-1,,,,,,,,,,,,,,,,
107.237849,monitor,27115,678001,25020,1,0,-3.000000,-3.000000,-2.947352,-2.995669,-61,-62,181147,154099,-95,-86,-1.191241,-1.138163,2.899919,-0.448093,-0.037364,-1,,,,,,,,,,,,,,,,
107.254934,monitor,27116,678026,24976,1,0,-3.000000,-3.000000,-3.000947,-3.000947,-62,-62,181086,154037,-94,-86,-1.180267,-1.140868,2.899919,-0.452532,0.000000,-1,,,,,,,,,,,,,,,,
107.290168,monitor,27117,678051,25020,1,0,-3.000000,-3.000000,-2.947352,-3.043987,-61,-63,181025,153975,-95,-85,-1.169296,-1.143583,2.898049,-0.451736,-0.074729,-1,,,,,,,,,,,,,,,,
107.301586,monitor,27118,678076,24984,1,0,-3.000000,-3.000000,-2.999986,-2.999986,-62,-62,180963,153912,-94,-86,-1.158327,-1.146309,2.898049,-0.452387,0.000000,-1,,,,,,,,,,,,,,,,
107.341280,monitor,27119,678102,25016,1,0,-3.000000,-3.000000,-2.996148,-2.996148,-62,-62,180901,153850,-94,-86,-1.147358,-1.149034,2.898049,-0.451809,0.000000,-1,,,,,,,,,,,,,,,,
107.352202,monitor,27120,678126,24992,1,0,-3.000000,-3.000000,-2.902283,-2.999026,-60,-62,180841,153789,-96,-86,-1.136568,-1.151726,2.896179,-0.444948,-0.074813,-1,,,,,,,,,,,,,,,,
107.391711,monitor,27121,678151,24988,1,0,-3.000000,-3.000000,-2.951127,-2.951127,-61,-61,180779,153728,-95,-87,-1.125781,-1.154428,2.896179,-0.445019,0.000000,-1,,,,,,,,,,,,,,,,
107.402551,monitor,27122,678176,25016,1,0,-3.000000,-3.000000,-2.996148,-2.996148,-62,-62,180718,153666,-95,-86,-1.114818,-1.157174,2.896179,-0.451809,0.000000,-1,,,,,,,,,,,,,,,,
107.442889,monitor,27123,678201,24984,1,0,-3.000000,-3.000000,-2.951599,-2.951599,-61,-61,180657,153604,-95,-87,-1.104031,-1.159876,2.896179,-0.445091,0.000000,-1,,,,,,,,,,,,,,,,
107.454390,monitor,27124,678226,25000,1,0,-3.000000,-3.000000,-2.949710,-2.949710,-61,-61,180596,153544,-96,-87,-1.093244,-1.162577,2.896179,-0.444806,0.000000,-1,,,,,,,,,,,,,,,,
107.494488,monitor,27125,678251,25024,1,0,-3.000000,-3.000000,-2.946881,-2.898571,-61,-60,180535,153483,-96,-88,-1.082544,-1.165252,2.897114,-0.440737,0.037358,-1,,,,,,,,,,,,,,,,
107.505904,monitor,27126,678276,25020,1,0,-3.000000,-3.000000,-2.995669,-2.995669,-62,-62,180473,153422,-95,-87,-1.071578,-1.167988,2.897114,-0.451736,0.000000,-1,,,,,,,,,,,,,,,,
107.546001,monitor,27127,678301,24960,1,0,-3.000000,-3.000000,-2.954437,-2.954437,-61,-61,180412,153360,-96,-87,-1.060788,-1.170679,2.897114,-0.445519,0.000000,-1,,,,,,,,,,,,,,,,
107.557428,monitor,27128,678326,24992,1,0,-3.000000,-3.000000,-2.950654,-2.950654,-61,-61,180350,153299,-96,-87,-1.049999,-1.173371,2.897114,-0.444948,0.000000,-1,,,,,,,,,,,,,,,,
107.597735,monitor,27129,678351,25052,1,0,-3.000000,-3.000000,-2.991843,-2.991843,-62,-62,180288,153238,-95,-87,-1.039032,-1.176107,2.897114,-0.451159,0.000000,-1,,,,,,,,,,,,,,,,
107.609097,monitor,27130,678376,24952,1,0,-3.000000,-3.000000,-3.003833,-2.955384,-62,-61,180226,153177,-95,-87,-1.028153,-1.178815,2.898049,-0.449314,0.037466,-1,,,,,,,,,,,,,,,,
107.649752,monitor,27131,678402,25044,1,0,-3.000000,-3.000000,-3.041070,-2.992799,-63,-62,180164,153115,-95,-87,-1.017094,-1.181557,2.898984,-0.454943,0.037329,-1,,,,,,,,,,,,,,,,
107.655548,monitor,27132,678426,24980,1,0,-3.000000,-3.000000,-2.952072,-3.000466,-61,-62,180103,153053,-96,-87,-1.006213,-1.184256,2.898049,-0.448811,-0.037424,-1,,,,,,,,,,,,,,,,
107.702221,monitor,27133,678451,24972,1,0,-3.000000,-3.000000,-2.953017,-3.001428,-61,-62,180041,152991,-96,-87,-0.995334,-1.186965,2.897114,-0.448955,-0.037436,-1,,,,,,,,,,,,,,,,
107.707971,monitor,27134,678476,25052,1,0,-3.000000,-3.000000,-3.136609,-2.991843,-65,-62,179977,152928,-93,-87,-0.984098,-1.189751,2.899919,-0.462074,0.111950,-1,,,,,,,,,,,,,,,,
107.755346,monitor,27135,678501,24948,1,0,-3.000000,-3.000000,-3.052772,-3.004315,-63,-62,179913,152866,-94,-87,-0.973034,-1.192472,2.900853,-0.456694,0.037472,-1,,,,,,,,,,,,,,,,
107.755346,monitor,27136,678526,25020,1,0,-3.000000,-3.000000,-3.092304,-2.995669,-64,-62,179850,152805,-94,-87,-0.961878,-1.195200,2.902723,-0.459022,0.074729,-1,,,,,,,,,,,,,,,,
107.808643,monitor,27137,678551,25004,1,0,-3.000000,-3.000000,-3.045934,-2.997586,-63,-62,179786,152743,-94,-87,-0.950807,-1.197891,2.903658,-0.455671,0.037388,-1,,,,,,,,,,,,,,,,
107.808643,monitor,27138,678576,24980,1,0,-3.000000,-3.000000,-3.048861,-2.952072,-63,-61,179724,152681,-94,-88,-0.939820,-1.200544,2.905528,-0.452460,0.074849,-1,,,,,,,,,,,,,,,,
107.831449,monitor,27139,678601,25016,1,0,-3.000000,-3.000000,-3.044473,-2.996148,-63,-62,179661,152620,-94,-87,-0.928741,-1.203204,2.906462,-0.455452,0.037370,-1,,,,,,,,,,,,,,,,
107.863473,monitor,27140,678626,25008,1,0,-3.000000,-3.000000,-3.045447,-2.948766,-63,-61,179598,152558,-94,-88,-0.917748,-1.205827,2.908332,-0.451953,0.074765,-1,,,,,,,,,,,,,,,,
107.886339,monitor,27141,678651,24972,1,0,-3.000000,-3.000000,-3.049838,-3.001428,-63,-62,179535,152496,-94,-87,-0.906661,-1.208455,2.909267,-0.456255,0.037436,-1,,,,,,,,,,,,,,,,
107.915837,monitor,27142,678676,25052,1,0,-3.000000,-3.000000,-2.991843,-2.991843,-62,-62,179472,152435,-94,-87,-0.895662,-1.211058,2.909267,-0.451159,0.000000,-1,,,,,,,,,,,,,,,,
107.932922,monitor,27143,678702,24952,1,0,-3.000000,-3.000000,-3.003833,-2.955384,-62,-61,179410,152374,-94,-88,-0.884751,-1.213634,2.910202,-0.449314,0.037466,-1,,,,,,,,,,,,,,,,
107.969436,monitor,27144,678726,25012,1,0,-3.000000,-3.000000,-2.996628,-2.899962,-62,-60,179348,152313,-94,-89,-0.873925,-1.216174,2.912071,-0.444592,0.074753,-1,,,,,,,,,,,,,,,,
107.986587,monitor,27145,678751,24996,1,0,-3.000000,-3.000000,-2.998546,-2.901819,-62,-60,179287,152253,-94,-89,-0.863094,-1.218694,2.913941,-0.444877,0.074801,-1,,,,,,,,,,,,,,,,
108.023201,monitor,27146,678776,24996,1,0,-3.000000,-3.000000,-2.950182,-2.950182,-61,-61,179225,152192,-95,-88,-0.852261,-1.221203,2.913941,-0.444877,0.000000,-1,,,,,,,,,,,,,,,,
108.034214,monitor,27147,678801,25008,1,0,-3.000000,-3.000000,-2.997107,-2.997107,-62,-62,179164,152130,-94,-88,-0.841250,-1.223754,2.913941,-0.451953,0.000000,-1,,,,,,,,,,,,,,,,
108.077055,monitor,27148,678827,25004,1,0,0.000000,0.000000,-2.949238,-3.045934,-61,-63,179103,152068,30,34,-0.830242,-1.226315,2.912071,-0.452025,-0.074777,-1,,,,,,,,,,,,,,,,
108.088537,monitor,27149,678851,25012,1,0,0.000000,0.000000,-2.126639,-2.223304,-44,-46,179061,152024,23,28,-0.822255,-1.228189,2.910202,-0.327978,-0.074753,-1,,,,,,,,,,,,,,,,
108.131533,monitor,27150,678876,24992,1,0,0.000000,0.000000,-0.822313,-0.870685,-17,-18,179045,152007,8,12,-0.819150,-1.228922,2.909267,-0.127649,-0.037406,-1,,,,,,,,,,,,,,,,
108.136870,monitor,27151,678901,24984,1,0,0.000000,0.000000,-0.338708,-0.193547,-7,-4,179038,152003,3,4,-0.818174,-1.229152,2.912071,-0.040131,0.112255,-1,,,,,,,,,,,,,,,,
108.186318,monitor,27152,678926,25016,1,0,0.000000,0.000000,-0.338275,-0.096650,-7,-2,179031,152001,3,2,-0.817375,-1.229337,2.916746,-0.032793,0.186852,-1,,,,,,,,,,,,,,,,
108.186318,monitor,27153,678950,24988,1,0,0.000000,0.000000,-0.193517,-0.048379,-4,-1,179027,152000,2,2,-0.816931,-1.229437,2.919550,-0.018239,0.112237,-1,,,,,,,,,,,,,,,,
108.238961,monitor,27154,678976,25004,1,0,0.000000,0.000000,0.000000,0.000000,0,0,179027,152000,0,1,-0.816931,-1.229437,2.919550,0.000000,0.000000,-1,,,,,,,,,,,,,,,,
108.238961,monitor,27155,679001,24996,1,0,0.000000,0.000000,0.000000,0.000000,0,0,179027,152000,0,1,-0.816931,-1.229437,2.919550,0.000000,0.000000,-1,,,,,,,,,,,,,,,,
108.261771,monitor,27156,679025,25000,1,0,0.000000,0.000000,0.000000,0.000000,0,0,179027,152000,0,1,-0.816931,-1.229437,2.919550,0.000000,0.000000,-1,,,,,,,,,,,,,,,,
108.293890,monitor,27157,679051,25004,1,0,0.000000,0.000000,0.000000,0.000000,0,0,179027,152000,0,1,-0.816931,-1.229437,2.919550,0.000000,0.000000,-1,,,,,,,,,,,,,,,,
108.316620,monitor,27158,679075,25004,1,0,0.000000,0.000000,0.000000,0.000000,0,0,179027,152000,0,1,-0.816931,-1.229437,2.919550,0.000000,0.000000,-1,,,,,,,,,,,,,,,,
108.346955,monitor,27159,679101,24988,1,0,0.000000,0.000000,0.000000,0.000000,0,0,179027,152000,0,1,-0.816931,-1.229437,2.919550,0.000000,0.000000,-1,,,,,,,,,,,,,,,,
108.364002,monitor,27160,679126,24996,1,0,0.000000,0.000000,0.000000,0.000000,0,0,179027,152000,0,1,-0.816931,-1.229437,2.919550,0.000000,0.000000,-1,,,,,,,,,,,,,,,,
108.399569,monitor,27161,679150,25000,1,0,0.000000,0.000000,0.000000,0.000000,0,0,179027,152000,0,1,-0.816931,-1.229437,2.919550,0.000000,0.000000,-1,,,,,,,,,,,,,,,,
108.416680,monitor,27162,679176,25012,1,0,0.000000,0.000000,0.000000,0.000000,0,0,179027,152000,0,1,-0.816931,-1.229437,2.919550,0.000000,0.000000,-1,,,,,,,,,,,,,,,,
108.453176,monitor,27163,679200,25016,1,0,0.000000,0.000000,0.000000,0.000000,0,0,179027,152000,0,1,-0.816931,-1.229437,2.919550,0.000000,0.000000,-1,,,,,,,,,,,,,,,,
108.464551,monitor,27164,679226,24980,1,0,0.000000,0.000000,0.000000,0.000000,0,0,179027,152000,0,1,-0.816931,-1.229437,2.919550,0.000000,0.000000,-1,,,,,,,,,,,,,,,,
108.506559,monitor,27165,679250,25008,1,0,-3.000000,3.000000,0.000000,0.000000,0,0,179027,152000,-126,123,-0.816931,-1.229437,2.919550,0.000000,0.000000,-1,,,,,,,,,,,,,,,,
108.517949,monitor,27166,679276,24984,1,0,-3.000000,3.000000,-0.870964,0.580642,-18,12,179007,152014,-119,121,-0.816395,-1.229550,2.947596,-0.021890,1.122549,-1,,,,,,,,,,,,,,,,
108.560083,monitor,27167,679301,25012,1,0,-3.000000,3.000000,-1.981641,1.643312,-41,34,178966,152048,-106,109,-0.815765,-1.229651,3.017710,-0.025509,2.803231,-1,,,,,,,,,,,,,,,,
108.565830,monitor,27168,679326,25040,1,0,-3.000000,3.000000,-1.979425,2.220818,-41,46,178924,152094,-109,104,-0.816220,-1.229613,3.099043,0.018201,3.248112,-1,,,,,,,,,,,,,,,,
108.613502,monitor,27169,679351,24944,1,0,-3.000000,3.000000,-2.180901,2.423223,-45,50,178880,152145,-108,102,-0.816675,-1.229614,-3.095331,0.018271,3.560439,-1,,,,,,,,,,,,,,,,
108.619244,monitor,27170,679376,25016,1,0,-3.000000,3.000000,-2.271274,2.609549,-47,54,178832,152198,-108,100,-0.817311,-1.229674,-3.000910,0.025505,3.774414,-1,,,,,,,,,,,,,,,,
108.669149,monitor,27171,679401,24992,1,0,-3.000000,3.000000,-2.466940,2.660426,-51,55,178781,152254,-106,100,-0.817669,-1.229743,-2.901815,0.014588,3.965070,-1,,,,,,,,,,,,,,,,
108.669149,monitor,27172,679427,24996,1,0,-3.000000,3.000000,-2.563273,2.756728,-53,57,178728,152311,-106,100,-0.818018,-1.229847,-2.798981,0.014586,4.114038,-1,,,,,,,,,,,,,,,,
108.691980,monitor,27173,679451,25000,1,0,-3.000000,3.000000,-2.659575,2.756287,-55,57,178673,152368,-105,100,-0.818186,-1.229918,-2.694277,0.007292,4.188168,-1,,,,,,,,,,,,,,,,
108.722507,monitor,27174,679476,25012,1,0,-3.000000,3.000000,-2.754964,2.803297,-57,58,178616,152426,-105,100,-0.818266,-1.229961,-2.586768,0.003644,4.298288,-1,,,,,,,,,,,,,,,,
108.745322,monitor,27175,679501,24984,1,0,-3.000000,3.000000,-2.854825,2.806438,-59,58,178557,152484,-104,100,-0.818191,-1.229909,-2.477389,-0.003648,4.377942,-1,,,,,,,,,,,,,,,,
108.777720,monitor,27176,679526,25020,1,0,-3.000000,3.000000,-2.899035,2.850718,-60,59,178497,152544,-103,100,-0.818123,-1.229849,-2.366141,-0.003643,4.446371,-1,,,,,,,,,,,,,,,,
108.794822,monitor,27177,679552,24988,1,0,-3.000000,3.000000,-2.902748,2.951127,-60,61,178436,152604,-103,99,-0.818184,-1.229916,-2.253023,0.003648,4.526890,-1,,,,,,,,,,,,,,,,
108.833869,monitor,27178,679576,25012,1,0,-3.000000,3.000000,-2.899962,2.899962,-60,60,178376,152664,-104,100,-0.818184,-1.229916,-2.140840,0.000000,4.485169,-1,,,,,,,,,,,,,,,,
108.845334,monitor,27179,679601,24984,1,0,-3.000000,3.000000,-2.999986,2.903212,-62,60,178315,152724,-102,100,-0.818095,-1.229758,-2.026787,-0.007297,4.565032,-1,,,,,,,,,,,,,,,,
108.882565,monitor,27180,679626,25056,1,0,-3.000000,3.000000,-2.991365,2.943117,-62,61,178253,152785,-102,99,-0.818059,-1.229674,-1.911800,-0.003638,4.589225,-1,,,,,,,,,,,,,,,,
108.894001,monitor,27181,679651,24948,1,0,-3.000000,3.000000,-2.907402,2.907402,-60,60,178192,152846,-104,100,-0.818059,-1.229674,-1.799617,0.000000,4.496676,-1,,,,,,,,,,,,,,,,
108.937879,monitor,27182,679676,24996,1,0,-3.000000,3.000000,-2.950182,2.998546,-61,62,178131,152907,-103,99,-0.818075,-1.229763,-1.684629,0.003647,4.600242,-1,,,,,,,,,,,,,,,,
108.949306,monitor,27183,679701,25016,1,0,-3.000000,3.000000,-2.996148,2.947823,-62,61,178070,152969,-103,100,-0.818070,-1.229672,-1.569641,-0.003644,4.596564,-1,,,,,,,,,,,,,,,,
108.993763,monitor,27184,679726,24988,1,0,-3.000000,3.000000,-2.951127,2.999506,-61,62,178009,153030,-103,99,-0.818064,-1.229763,-1.454654,0.003648,4.601715,-1,,,,,,,,,,,,,,,,
108.999503,monitor,27185,679751,25000,1,0,-3.000000,3.000000,-2.901354,2.998066,-60,62,177949,153092,-104,99,-0.818033,-1.229943,-1.340601,0.007292,4.562111,-1,,,,,,,,,,,,,,,,
109.044671,monitor,27186,679776,25020,1,0,-3.000000,3.000000,-2.802400,2.947352,-58,61,177891,153153,-106,100,-0.817956,-1.230205,-1.229353,0.010929,4.446371,-1,,,,,,,,,,,,,,,,
109.050460,monitor,27187,679801,24988,1,0,-3.000000,3.000000,-2.902748,2.951127,-60,61,177831,153214,-105,100,-0.817921,-1.230289,-1.116235,0.003648,4.526890,-1,,,,,,,,,,,,,,,,
109.094133,monitor,27188,679826,25008,1,0,-3.000000,3.000000,-2.900426,2.997107,-60,62,177770,153276,-105,99,-0.817831,-1.230448,-1.002182,0.007290,4.560652,-1,,,,,,,,,,,,,,,,
109.099864,monitor,27189,679852,25012,1,0,-3.000000,3.000000,-2.948295,2.996628,-61,62,177710,153338,-104,99,-0.817778,-1.230522,-0.887194,0.003644,4.597299,-1,,,,,,,,,,,,,,,,
109.150984,monitor,27190,679876,24992,1,0,-3.000000,3.000000,-2.950654,2.999026,-61,62,177649,153400,-105,99,-0.817716,-1.230589,-0.772207,0.003647,4.600977,-1,,,,,,,,,,,,,,,,
109.150984,monitor,27191,679901,25008,1,0,-3.000000,3.000000,-2.948766,3.045447,-61,63,177588,153463,-105,99,-0.817579,-1.230709,-0.656284,0.007290,4.635416,-1,,,,,,,,,,,,,,,,
109.201115,monitor,27192,679926,24984,1,0,-3.000000,3.000000,-2.999986,3.048373,-62,63,177525,153526,-104,98,-0.817503,-1.230760,-0.539427,0.003648,4.677288,-1,,,,,,,,,,,,,,,,
109.201115,monitor,27193,679951,25004,1,0,-3.000000,3.000000,-3.045934,3.045934,-63,63,177462,153589,-103,98,-0.817503,-1.230760,-0.421635,0.000000,4.710935,-1,,,,,,,,,,,,,,,,
109.251939,monitor,27194,679976,25028,1,0,-3.000000,3.000000,-3.091316,3.043014,-64,63,177399,153653,-103,98,-0.817589,-1.230728,-0.302908,-0.003642,4.743770,-1,,,,,,,,,,,,,,,,
109.251939,monitor,27195,680001,25000,1,0,-3.000000,3.000000,-3.094778,3.046422,-64,63,177335,153716,-102,98,-0.817677,-1.230706,-0.184181,-0.003646,4.749083,-1,,,,,,,,,,,,,,,,
109.303283,monitor,27196,680027,24956,1,0,-3.000000,3.000000,-3.100234,3.051793,-64,63,177270,153779,-102,98,-0.817768,-1.230694,-0.065453,-0.003652,4.757456,-1,,,,,,,,,,,,,,,,
109.303283,monitor,27197,680051,24992,1,0,-3.000000,3.000000,-3.192511,3.095768,-66,64,177205,153843,-100,97,-0.817950,-1.230694,0.056078,-0.007294,4.862822,-1,,,,,,,,,,,,,,,,
109.352827,monitor,27198,680076,25016,1,0,-3.000000,3.000000,-3.141123,3.092798,-65,64,177139,153906,-101,97,-0.818040,-1.230704,0.176675,-0.003644,4.820786,-1,,,,,,,,,,,,,,,,
109.352827,monitor,27199,680101,24992,1,0,-3.000000,3.000000,-3.144140,3.047397,-65,63,177074,153970,-101,98,-0.818218,-1.230747,0.296337,-0.007294,4.788010,-1,,,,,,,,,,,,,,,,
109.375773,monitor,27200,680126,25000,1,0,-3.000000,3.000000,-3.143133,3.094778,-65,64,177010,154033,-100,97,-0.818303,-1.230779,0.416934,-0.003646,4.823872,-1,,,,,,,,,,,,,,,,
109.408409,monitor,27201,680152,25024,1,0,-3.000000,3.000000,-3.091810,3.043500,-64,63,176946,154097,-101,97,-0.818384,-1.230821,0.535661,-0.003642,4.744528,-1,,,,,,,,,,,,,,,,
109.463536,monitor,27202,680176,25012,1,0,-3.000000,3.000000,-3.044960,2.996628,-63,62,176883,154159,-101,98,-0.818459,-1.230872,0.652518,-0.003644,4.672051,-1,,,,,,,,,,,,,,,,
109.463536,monitor,27203,680201,24968,1,0,-3.000000,3.000000,-2.905073,3.050326,-60,63,176822,154221,-103,97,-0.818252,-1.230693,0.767506,0.010952,4.605401,-1,,,,,,,,,,,,,,,,
109.480651,monitor,27204,680226,24996,1,0,-3.000000,3.000000,-2.950182,2.998546,-61,62,176761,154284,-103,98,-0.818190,-1.230626,0.882493,0.003647,4.600242,-1,,,,,,,,,,,,,,,,
109.517116,monitor,27205,680251,25036,1,0,-3.000000,3.000000,-2.945468,3.042041,-61,63,176700,154346,-103,97,-0.818083,-1.230479,0.998416,0.007281,4.630232,-1,,,,,,,,,,,,,,,,
109.528599,monitor,27206,680276,24972,1,0,-3.000000,3.000000,-3.001428,2.953017,-62,61,176639,154408,-102,98,-0.818128,-1.230558,1.113404,-0.003650,4.604663,-1,,,,,,,,,,,,,,,,
109.572875,monitor,27207,680301,25000,1,0,-3.000000,3.000000,-2.949710,2.998066,-61,62,176578,154470,-103,98,-0.818092,-1.230474,1.228391,0.003646,4.599505,-1,,,,,,,,,,,,,,,,
109.578627,monitor,27208,680326,25032,1,0,-3.000000,3.000000,-2.945939,3.042527,-61,63,176517,154533,-103,97,-0.818041,-1.230299,1.344314,0.007283,4.630972,-1,,,,,,,,,,,,,,,,
109.628306,monitor,27209,680351,24968,1,0,-3.000000,3.000000,-2.953490,3.001908,-61,62,176456,154595,-103,98,-0.818026,-1.230210,1.459301,0.003651,4.605400,-1,,,,,,,,,,,,,,,,
109.628306,monitor,27210,680376,25012,1,0,-3.000000,3.000000,-2.996628,2.996628,-62,62,176394,154657,-103,98,-0.818026,-1.230210,1.575224,0.000000,4.634675,-1,,,,,,,,,,,,,,,,
109.679365,monitor,27211,680401,24976,1,0,-3.000000,3.000000,-3.000947,3.049349,-62,63,176331,154719,-103,97,-0.818031,-1.230119,1.692081,0.003649,4.678786,-1,,,,,,,,,,,,,,,,
109.684844,monitor,27212,680426,25004,1,0,-3.000000,3.000000,-2.997586,2.900890,-62,60,176269,154780,-103,99,-0.817999,-1.230298,1.806134,-0.007291,4.561382,-1,,,,,,,,,,,,,,,,
109.730677,monitor,27213,680452,25016,1,0,-3.000000,3.000000,-2.996148,2.947823,-62,61,176207,154841,-103,99,-0.817973,-1.230385,1.921121,-0.003644,4.596564,-1,,,,,,,,,,,,,,,,
109.730677,monitor,27214,680476,24980,1,0,-3.000000,3.000000,-3.000466,3.000466,-62,62,176146,154903,-103,98,-0.817973,-1.230385,2.037044,0.000000,4.640613,-1,,,,,,,,,,,,,,,,
109.780435,monitor,27215,680501,25040,1,0,-3.000000,3.000000,-2.993277,3.041555,-62,63,176084,154965,-103,97,-0.818018,-1.230306,2.153901,0.003640,4.666827,-1,,,,,,,,,,,,,,,,
109.780435,monitor,27216,680526,24968,1,0,-3.000000,3.000000,-3.050326,3.001908,-63,62,176021,155027,-102,98,-0.817964,-1.230379,2.270759,-0.003651,4.680285,-1,,,,,,,,,,,,,,,,
109.837232,monitor,27217,680551,25008,1,0,-3.000000,3.000000,-3.045447,3.045447,-63,63,175958,155090,-102,97,-0.817964,-1.230379,2.388551,0.000000,4.710181,-1,,,,,,,,,,,,,,,,
109.837232,monitor,27218,680577,24984,1,0,-3.000000,3.000000,-2.999986,2.999986,-62,62,175895,155153,-102,98,-0.817964,-1.230379,2.504473,0.000000,4.639869,-1,,,,,,,,,,,,,,,,
109.854384,monitor,27219,680601,25008,1,0,-3.000000,3.000000,-2.997107,3.045447,-62,63,175833,155215,-102,97,-0.818040,-1.230330,2.621330,0.003645,4.672799,-1,,,,,,,,,,,,,,,,
109.889363,monitor,27220,680626,25004,1,0,-3.000000,3.000000,-2.900890,2.949238,-60,61,175774,155276,-104,98,-0.818122,-1.230289,2.734448,0.003645,4.523993,-1,,,,,,,,,,,,,,,,
109.905443,monitor,27221,680651,25012,1,0,-3.000000,3.000000,-2.851630,2.948295,-59,61,175714,155338,-105,99,-0.818293,-1.230226,2.846632,0.007288,4.485169,-1,,,,,,,,,,,,,,,,
109.938384,monitor,27222,680676,24984,1,0,-3.000000,3.000000,-2.903212,2.951599,-60,61,175655,155399,-104,99,-0.818382,-1.230205,2.959749,0.003648,4.527614,-1,,,,,,,,,,,,,,,,
109.955433,monitor,27223,680701,25012,1,0,-3.000000,3.000000,-2.803297,2.948295,-58,61,175596,155460,-106,99,-0.818653,-1.230170,3.070998,0.010933,4.447793,-1,,,,,,,,,,,,,,,,
109.995092,monitor,27224,680726,24996,1,0,-3.000000,3.000000,-2.853455,2.998546,-59,62,175537,155521,-106,98,-0.818926,-1.230166,-3.099070,0.010940,4.525441,-1,,,,,,,,,,,,,,,,
110.006512,monitor,27225,680752,24984,1,0,-3.000000,3.000000,-2.903212,2.999986,-60,62,175478,155583,-105,98,-0.819108,-1.230184,-2.985017,0.007297,4.565032,-1,,,,,,,,,,,,,,,,
110.045971,monitor,27226,680776,24996,1,0,-3.000000,3.000000,-2.901819,2.998546,-60,62,175417,155645,-105,98,-0.819286,-1.230223,-2.870964,0.007293,4.562841,-1,,,,,,,,,,,,,,,,
110.057389,monitor,27227,680801,25012,1,0,-3.000000,3.000000,-3.044960,3.044960,-63,63,175355,155708,-103,97,-0.819286,-1.230223,-2.753172,0.000000,4.709428,-1,,,,,,,,,,,,,,,,
110.095445,monitor,27228,680826,25044,1,0,-3.000000,3.000000,-2.992799,2.992799,-62,62,175292,155770,-104,98,-0.819286,-1.230223,-2.637250,0.000000,4.628753,-1,,,,,,,,,,,,,,,,
110.112567,monitor,27229,680851,24980,1,0,-3.000000,3.000000,-3.048861,2.952072,-63,61,175230,155832,-103,99,-0.819131,-1.230126,-2.521327,-0.007298,4.640613,-1,,,,,,,,,,,,,,,,
110.154508,monitor,27230,680877,24972,1,0,-3.000000,3.000000,-3.049838,3.001428,-63,62,175167,155894,-103,98,-0.819061,-1.230069,-2.404470,-0.003650,4.679535,-1,,,,,,,,,,,,,,,,
110.160288,monitor,27231,680901,24992,1,0,-3.000000,3.000000,-2.999026,2.999026,-62,62,175104,155955,-104,98,-0.819061,-1.230069,-2.288548,0.000000,4.638384,-1,,,,,,,,,,,,,,,,
110.207857,monitor,27232,680926,25012,1,0,-3.000000,3.000000,-3.044960,2.948295,-63,61,175041,156017,-103,99,-0.818949,-1.229925,-2.172625,-0.007288,4.634675,-1,,,,,,,,,,,,,,,,
110.213600,monitor,27233,680951,25020,1,0,-3.000000,3.000000,-3.092304,3.043987,-64,63,174977,156079,-102,98,-0.818902,-1.229847,-2.053898,-0.003643,4.745287,-1,,,,,,,,,,,,,,,,
110.259836,monitor,27234,680976,24972,1,0,-3.000000,3.000000,-3.049838,2.953017,-63,61,174914,156140,-103,99,-0.818827,-1.229681,-1.937976,-0.007300,4.642099,-1,,,,,,,,,,,,,,,,
110.265628,monitor,27235,681001,25028,1,0,-3.000000,3.000000,-2.994712,2.994712,-62,62,174853,156202,-104,98,-0.818827,-1.229681,-1.822053,0.000000,4.631712,-1,,,,,,,,,,,,,,,,
110.310659,monitor,27236,681026,24988,1,0,-3.000000,3.000000,-2.999506,2.999506,-62,62,174790,156264,-104,98,-0.818827,-1.229681,-1.706131,0.000000,4.639127,-1,,,,,,,,,,,,,,,,
110.310659,monitor,27237,681051,25012,1,0,-3.000000,3.000000,-2.996628,3.044960,-62,63,174729,156328,-104,98,-0.818834,-1.229771,-1.589273,0.003644,4.672051,-1,,,,,,,,,,,,,,,,
110.360556,monitor,27238,681076,24976,1,0,-3.000000,3.000000,-2.952544,3.097752,-61,64,174668,156391,-104,97,-0.818823,-1.230045,-1.472416,0.010948,4.678786,-1,,,,,,,,,,,,,,,,
110.360556,monitor,27239,681101,25008,1,0,-3.000000,3.000000,-2.948766,3.093788,-61,64,174607,156456,-104,97,-0.818780,-1.230315,-1.355559,0.010934,4.672799,-1,,,,,,,,,,,,,,,,
110.416182,monitor,27240,681126,24988,1,0,-3.000000,3.000000,-2.951127,3.144643,-61,65,174545,156521,-104,96,-0.818681,-1.230666,-1.237766,0.014591,4.713951,-1,,,,,,,,,,,,,,,,
110.416182,monitor,27241,681151,24996,1,0,-3.000000,3.000000,-3.046909,3.143636,-63,65,174482,156586,-103,95,-0.818612,-1.230834,-1.118104,0.007293,4.787243,-1,,,,,,,,,,,,,,,,
110.438342,monitor,27242,681176,25000,1,0,0.000000,0.000000,-3.046422,3.143133,-63,65,174420,156650,22,-26,-0.818522,-1.230993,-0.998443,0.007292,4.786477,-1,,,,,,,,,,,,,,,,
110.471329,monitor,27243,681201,25004,1,0,0.000000,0.000000,-2.224016,2.369060,-46,49,174376,156698,16,-21,-0.818364,-1.231216,-0.909631,0.010936,3.551895,-1,,,,,,,,,,,,,,,,
110.488346,monitor,27244,681226,25012,1,0,0.000000,0.000000,-0.966654,0.966654,-20,20,174356,156717,1,-4,-0.818364,-1.231216,-0.872237,0.000000,1.495057,-1,,,,,,,,,,,,,,,,
110.526588,monitor,27245,681251,25012,1,0,0.000000,0.000000,-0.483327,0.434994,-10,9,174346,156725,-3,1,-0.818423,-1.231147,-0.854474,-0.003644,0.710152,-1,,,,,,,,,,,,,,,,
110.543728,monitor,27246,681276,24992,1,0,0.000000,0.000000,-0.386971,0.338600,-8,7,174338,156732,-3,1,-0.818484,-1.231079,-0.840451,-0.003647,0.561095,-1,,,,,,,,,,,,,,,,
110.577245,monitor,27247,681300,25000,1,0,0.000000,0.000000,-0.338491,0.241780,-7,5,174332,156737,-3,2,-0.818606,-1.230943,-0.829233,-0.007292,0.448732,-1,,,,,,,,,,,,,,,,
110.588639,monitor,27248,681326,24980,1,0,0.000000,0.000000,-0.145184,0.096789,-3,2,174328,156739,-6,4,-0.818668,-1.230876,-0.824559,-0.003649,0.187121,-1,,,,,,,,,,,,,,,,
110.629426,monitor,27249,681351,25032,1,0,0.000000,0.000000,-0.144882,0.000000,-3,0,174326,156739,-5,5,-0.818854,-1.230676,-0.821754,-0.010924,0.112040,-1,,,,,,,,,,,,,,,,
110.640851,monitor,27250,681376,24988,1,0,0.000000,0.000000,0.000000,0.048379,0,1,174325,156740,-7,4,-0.818791,-1.230743,-0.820819,0.003648,0.037412,-1,,,,,,,,,,,,,,,,
110.683784,monitor,27251,681401,24984,1,0,0.000000,0.000000,-0.048387,0.048387,-1,1,174325,156741,-6,4,-0.818791,-1.230743,-0.818950,0.000000,0.074837,-1,,,,,,,,,,,,,,,,
110.689512,monitor,27252,681425,25020,1,0,0.000000,0.000000,0.000000,0.000000,0,0,174325,156741,-7,5,-0.818791,-1.230743,-0.818950,0.000000,0.000000,-1,,,,,,,,,,,,,,,,
110.736412,monitor,27253,681451,24984,1,0,0.000000,0.000000,0.000000,0.000000,0,0,174325,156741,-7,5,-0.818791,-1.230743,-0.818950,0.000000,0.000000,-1,,,,,,,,,,,,,,,,
110.742173,monitor,27254,681476,25012,1,0,0.000000,0.000000,0.000000,0.048333,0,1,174325,156742,-7,4,-0.818729,-1.230809,-0.818015,0.003644,0.037376,-1,,,,,,,,,,,,,,,,
110.788099,monitor,27255,681500,24984,1,0,0.000000,0.000000,0.000000,0.000000,0,0,174325,156742,-7,5,-0.818729,-1.230809,-0.818015,0.000000,0.000000,-1,,,,,,,,,,,,,,,,
110.793855,monitor,27256,681526,24996,1,0,0.000000,0.000000,0.000000,0.000000,0,0,174325,156742,-7,5,-0.818729,-1.230809,-0.818015,0.000000,0.000000,-1,,,,,,,,,,,,,,,,
110.839666,monitor,27257,681550,25024,1,0,3.000000,-3.000000,0.000000,0.000000,0,0,174325,156742,118,-116,-0.818729,-1.230809,-0.818015,0.000000,0.000000,-1,,,,,,,,,,,,,,,,
110.845399,monitor,27258,681576,24996,1,0,3.000000,-3.000000,0.773818,-0.725455,16,-15,174342,156726,112,-111,-0.818668,-1.230877,-0.846995,0.003647,-1.159410,-1,,,,,,,,,,,,,,,,
110.891993,monitor,27259,681601,24992,1,0,3.000000,-3.000000,1.741370,-1.692998,36,-35,174379,156690,102,-101,-0.818610,-1.230947,-0.913370,0.003647,-2.655849,-1,,,,,,,,,,,,,,,,
110.891993,monitor,27260,681626,24988,1,0,3.000000,-3.000000,1.983544,-2.177061,41,-45,174421,156645,101,-97,-0.818821,-1.230649,-0.993768,-0.014591,-3.217459,-1,,,,,,,,,,,,,,,,
110.943311,monitor,27261,681651,25020,1,0,3.000000,-3.000000,2.319228,-2.270911,48,-47,174468,156597,98,-97,-0.818774,-1.230728,-1.082580,0.003643,-3.549624,-1,,,,,,,,,,,,,,,,
110.943311,monitor,27262,681676,25000,1,0,3.000000,-3.000000,2.417795,-2.514507,50,-52,174519,156546,98,-95,-0.818852,-1.230563,-1.177935,-0.007292,-3.814224,-1,,,,,,,,,,,,,,,,
110.994131,monitor,27263,681701,24996,1,0,3.000000,-3.000000,2.563273,-2.611637,53,-54,174572,156491,97,-94,-0.818883,-1.230477,-1.277965,-0.003647,-4.001836,-1,,,,,,,,,,,,,,,,
110.994131,monitor,27264,681726,24984,1,0,3.000000,-3.000000,2.709665,-2.709665,56,-56,174628,156435,96,-94,-0.818883,-1.230477,-1.382670,0.000000,-4.190849,-1,,,,,,,,,,,,,,,,
111.046555,monitor,27265,681751,25004,1,0,3.000000,-3.000000,2.755846,-2.900890,57,-60,174685,156375,96,-91,-0.818919,-1.230206,-1.492048,-0.010936,-4.374440,-1,,,,,,,,,,,,,,,,
111.046555,monitor,27266,681776,25016,1,0,3.000000,-3.000000,2.802848,-2.947823,58,-61,174743,156313,96,-91,-0.818925,-1.229933,-1.603296,-0.010931,-4.447082,-1,,,,,,,,,,,,,,,,
111.100436,monitor,27267,681801,24996,1,0,3.000000,-3.000000,2.805091,-2.950182,58,-61,174801,156253,96,-91,-0.818901,-1.229661,-1.714545,-0.010940,-4.450640,-1,,,,,,,,,,,,,,,,
111.100436,monitor,27268,681826,25008,1,0,3.000000,-3.000000,2.852086,-2.852086,59,-59,174860,156194,96,-93,-0.818901,-1.229661,-1.824858,0.000000,-4.411122,-1,,,,,,,,,,,,,,,,
111.154250,monitor,27269,681851,25024,1,0,3.000000,-3.000000,2.850262,-2.946881,59,-61,174919,156132,96,-91,-0.818846,-1.229487,-1.937041,-0.007285,-4.483019,-1,,,,,,,,,,,,,,,,
111.154250,monitor,27270,681876,25000,1,0,3.000000,-3.000000,2.852998,-2.998066,59,-62,174978,156071,96,-91,-0.818734,-1.229238,-2.050159,-0.010938,-4.524717,-1,,,,,,,,,,,,,,,,
111.171412,monitor,27271,681902,24964,1,0,3.000000,-3.000000,2.857113,-2.905538,59,-60,175037,156011,96,-92,-0.818687,-1.229159,-2.161407,-0.003651,-4.456346,-1,,,,,,,,,,,,,,,,
111.207105,monitor,27272,681926,25008,1,0,3.000000,-3.000000,2.803745,-2.852086,58,-59,175096,155952,97,-93,-0.818632,-1.229086,-2.270786,-0.003645,-4.373740,-1,,,,,,,,,,,,,,,,
111.223790,monitor,27273,681951,24984,1,0,3.000000,-3.000000,2.903212,-2.806438,60,-58,175155,155894,96,-94,-0.818757,-1.229219,-2.381099,0.007297,-4.415359,-1,,,,,,,,,,,,,,,,
111.259093,monitor,27274,681976,25012,1,0,3.000000,-3.000000,2.803297,-2.803297,58,-58,175214,155836,98,-95,-0.818757,-1.229219,-2.489542,0.000000,-4.335664,-1,,,,,,,,,,,,,,,,
111.270550,monitor,27275,682001,24996,1,0,3.000000,-3.000000,2.853455,-2.805091,59,-58,175272,155778,98,-95,-0.818833,-1.229270,-2.598921,0.003647,-4.375840,-1,,,,,,,,,,,,,,,,
111.312532,monitor,27276,682027,24996,1,0,3.000000,-3.000000,2.901819,-2.853455,60,-59,175332,155719,97,-95,-0.818913,-1.229313,-2.710169,0.003647,-4.450641,-1,,,,,,,,,,,,,,,,
111.323933,monitor,27277,682051,25040,1,0,3.000000,-3.000000,2.896719,-2.800162,60,-58,175392,155660,98,-96,-0.819083,-1.229380,-2.820483,0.007280,-4.405485,-1,,,,,,,,,,,,,,,,
111.364631,monitor,27278,682076,24968,1,0,3.000000,-3.000000,2.856655,-2.856655,59,-59,175451,155602,98,-95,-0.819083,-1.229380,-2.930796,0.000000,-4.418189,-1,,,,,,,,,,,,,,,,
111.381675,monitor,27279,682101,24984,1,0,3.000000,-3.000000,2.854825,-2.806438,59,-58,175511,155544,99,-96,-0.819173,-1.229394,-3.040175,0.003648,-4.377942,-1,,,,,,,,,,,,,,,,
111.416822,monitor,27280,682126,25016,1,0,3.000000,-3.000000,2.947823,-2.851174,61,-59,175571,155485,98,-96,-0.819355,-1.229403,3.130828,0.007287,-4.484453,-1,,,,,,,,,,,,,,,,
111.422550,monitor,27281,682151,24984,1,0,3.000000,-3.000000,2.903212,-2.854825,60,-59,175631,155425,98,-96,-0.819446,-1.229396,3.019579,0.003648,-4.452778,-1,,,,,,,,,,,,,,,,
111.468984,monitor,27282,682176,25008,1,0,3.000000,-3.000000,2.900426,-2.948766,60,-61,175692,155365,99,-95,-0.819356,-1.229413,2.906461,-0.003645,-4.523269,-1,,,,,,,,,,,,,,,,
111.474707,monitor,27283,682201,24996,1,0,3.000000,-3.000000,2.950182,-2.901819,61,-60,175752,155305,98,-96,-0.819443,-1.229386,2.793344,0.003647,-4.525441,-1,,,,,,,,,,,,,,,,
111.520922,monitor,27284,682226,25024,1,0,3.000000,-3.000000,2.946881,-2.898571,61,-60,175813,155244,98,-96,-0.819527,-1.229351,2.680226,0.003642,-4.520377,-1,,,,,,,,,,,,,,,,
111.526631,monitor,27285,682251,24972,1,0,3.000000,-3.000000,2.904607,-3.001428,60,-62,175874,155182,99,-95,-0.819369,-1.229441,2.566173,-0.007300,-4.567226,-1,,,,,,,,,,,,,,,,
111.573186,monitor,27286,682276,25012,1,0,3.000000,-3.000000,2.948295,-3.044960,61,-63,175934,155120,98,-94,-0.819222,-1.229549,2.450250,-0.007288,-4.634675,-1,,,,,,,,,,,,,,,,
111.578909,monitor,27287,682301,24996,1,0,3.000000,-3.000000,2.901819,-2.950182,60,-61,175994,155059,99,-95,-0.819155,-1.229611,2.337132,-0.003647,-4.525441,-1,,,,,,,,,,,,,,,,
111.627654,monitor,27288,682327,25012,1,0,3.000000,-3.000000,2.851630,-2.948295,59,-61,176053,154998,100,-96,-0.819036,-1.229749,2.224949,-0.007288,-4.485169,-1,,,,,,,,,,,,,,,,
111.627654,monitor,27289,682351,24996,1,0,3.000000,-3.000000,2.901819,-2.950182,60,-61,176113,154936,100,-96,-0.818985,-1.229824,2.111831,-0.003647,-4.525441,-1,,,,,,,,,,,,,,,,
111.682273,monitor,27290,682376,24996,1,0,3.000000,-3.000000,2.901819,-2.950182,60,-61,176173,154876,100,-96,-0.818942,-1.229905,1.998713,-0.003647,-4.525441,-1,,,,,,,,,,,,,,,,
111.682273,monitor,27291,682401,24996,1,0,3.000000,-3.000000,2.901819,-2.853455,60,-59,176233,154816,100,-97,-0.818976,-1.229820,1.887465,0.003647,-4.450641,-1,,,,,,,,,,,,,,,,
111.736230,monitor,27292,682426,25016,1,0,3.000000,-3.000000,2.899498,-2.899498,60,-60,176293,154757,100,-97,-0.818976,-1.229820,1.775282,0.000000,-4.484453,-1,,,,,,,,,,,,,,,,
111.736230,monitor,27293,682451,25000,1,0,3.000000,-3.000000,2.901354,-2.901354,60,-60,176354,154697,101,-97,-0.818976,-1.229820,1.663099,0.000000,-4.487322,-1,,,,,,,,,,,,,,,,
111.753408,monitor,27294,682476,24980,1,0,3.000000,-3.000000,2.952072,-2.758493,61,-57,176415,154640,100,-99,-0.818989,-1.229456,1.552786,0.014595,-4.416067,-1,,,,,,,,,,,,,,,,
111.790910,monitor,27295,682501,25004,1,0,3.000000,-3.000000,2.997586,-2.755846,62,-57,176476,154582,99,-100,-0.818956,-1.229001,1.441537,0.018227,-4.449217,-1,,,,,,,,,,,,,,,,
111.802330,monitor,27296,682526,24992,1,0,3.000000,-3.000000,2.950654,-2.853912,61,-59,176537,154524,100,-99,-0.818922,-1.228822,1.329354,0.007294,-4.488759,-1,,,,,,,,,,,,,,,,
111.845417,monitor,27297,682551,25060,1,0,3.000000,-3.000000,2.894408,-2.846168,60,-59,176598,154465,101,-99,-0.818895,-1.228735,1.218106,0.003637,-4.439274,-1,,,,,,,,,,,,,,,,
111.856815,monitor,27298,682576,24952,1,0,3.000000,-3.000000,2.955384,-2.858487,61,-59,176658,154406,100,-100,-0.818823,-1.228568,1.105923,0.007306,-4.495955,-1,,,,,,,,,,,,,,,,
111.897843,monitor,27299,682601,25008,1,0,3.000000,-3.000000,2.948766,-2.852086,61,-59,176719,154346,101,-100,-0.818732,-1.228410,0.993740,0.007290,-4.485887,-1,,,,,,,,,,,,,,,,
111.903614,monitor,27300,682627,24980,1,0,3.000000,-3.000000,2.952072,-2.952072,61,-61,176780,154285,101,-99,-0.818732,-1.228410,0.879687,0.000000,-4.565763,-1,,,,,,,,,,,,,,,,
111.951345,monitor,27301,682651,25012,1,0,3.000000,-3.000000,2.948295,-2.996628,61,-62,176842,154223,101,-98,-0.818794,-1.228476,0.764700,-0.003644,-4.597299,-1,,,,,,,,,,,,,,,,
111.957100,monitor,27302,682676,25052,1,0,3.000000,-3.000000,2.991843,-3.040098,62,-63,176903,154161,100,-97,-0.818863,-1.228536,0.647842,-0.003638,-4.664592,-1,,,,,,,,,,,,,,,,
112.005114,monitor,27303,682701,24952,1,0,3.000000,-3.000000,2.955384,-3.003833,61,-62,176964,154098,101,-98,-0.818939,-1.228586,0.532855,-0.003653,-4.608354,-1,,,,,,,,,,,,,,,,
112.005114,monitor,27304,682726,24996,1,0,3.000000,-3.000000,2.950182,-3.143636,61,-65,177025,154034,101,-96,-0.819264,-1.228753,0.415062,-0.014586,-4.712442,-1,,,,,,,,,,,,,,,,
112.059400,monitor,27305,682752,25016,1,0,3.000000,-3.000000,2.947823,-3.092798,61,-64,177087,153969,101,-96,-0.819520,-1.228848,0.298205,-0.010931,-4.671304,-1,,,,,,,,,,,,,,,,
112.059400,monitor,27306,682776,24984,1,0,3.000000,-3.000000,2.951599,-3.096760,61,-64,177148,153906,101,-96,-0.819785,-1.228913,0.181348,-0.010945,-4.677287,-1,,,,,,,,,,,,,,,,
112.112383,monitor,27307,682801,25000,1,0,3.000000,-3.000000,2.998066,-3.094778,62,-64,177209,153842,100,-96,-0.819966,-1.228935,0.063556,-0.007292,-4.711689,-1,,,,,,,,,,,,,,,,
112.112383,monitor,27308,682826,24992,1,0,3.000000,-3.000000,2.999026,-3.095768,62,-64,177272,153777,100,-96,-0.820149,-1.228936,-0.054237,-0.007294,-4.713197,-1,,,,,,,,,,,,,,,,
112.166232,monitor,27309,682851,25008,1,0,3.000000,-3.000000,2.997107,-3.093788,62,-64,177334,153713,100,-96,-0.820330,-1.228916,-0.172029,-0.007290,-4.710181,-1,,,,,,,,,,,,,,,,
112.166232,monitor,27310,682876,24996,1,0,3.000000,-3.000000,3.046909,-3.095273,63,-64,177397,153649,100,-95,-0.820418,-1.228895,-0.290756,-0.003647,-4.749843,-1,,,,,,,,,,,,,,,,
112.182979,monitor,27311,682901,25020,1,0,3.000000,-3.000000,3.043987,-3.092304,63,-64,177460,153586,100,-95,-0.820504,-1.228864,-0.409483,-0.003643,-4.745287,-1,,,,,,,,,,,,,,,,
112.219314,monitor,27312,682926,24972,1,0,3.000000,-3.000000,3.049838,-3.049838,63,-63,177522,153523,100,-96,-0.820504,-1.228864,-0.527275,0.000000,-4.716971,-1,,,,,,,,,,,,,,,,
112.236479,monitor,27313,682951,25044,1,0,3.000000,-3.000000,3.089340,-3.089340,64,-64,177586,153459,99,-95,-0.820504,-1.228864,-0.646937,0.000000,-4.778068,-1,,,,,,,,,,,,,,,,
112.275962,monitor,27314,682976,24968,1,0,3.000000,-3.000000,3.050326,-3.050326,63,-63,177650,153395,99,-95,-0.820504,-1.228864,-0.764729,0.000000,-4.717727,-1,,,,,,,,,,,,,,,,
112.287426,monitor,27315,683001,25012,1,0,3.000000,-3.000000,3.044960,-3.093293,63,-64,177713,153332,99,-95,-0.820566,-1.228797,-0.883456,-0.003644,-4.746805,-1,,,,,,,,,,,,,,,,
112.324642,monitor,27316,683026,24976,1,0,3.000000,-3.000000,3.049349,-3.049349,63,-63,177775,153269,99,-95,-0.820566,-1.228797,-1.001249,0.000000,-4.716216,-1,,,,,,,,,,,,,,,,
112.335511,monitor,27317,683052,25076,1,0,3.000000,-3.000000,3.037189,-3.037189,63,-63,177838,153206,99,-95,-0.820566,-1.228797,-1.119041,0.000000,-4.697409,-1,,,,,,,,,,,,,,,,
112.376864,monitor,27318,683076,24956,1,0,3.000000,-3.000000,3.003352,-3.051793,62,-63,177900,153143,100,-95,-0.820601,-1.228713,-1.235898,-0.003652,-4.682536,-1,,,,,,,,,,,,,,,,
112.388314,monitor,27319,683101,25012,1,0,3.000000,-3.000000,2.996628,-2.996628,62,-62,177962,153081,100,-96,-0.820601,-1.228713,-1.351821,0.000000,-4.634675,-1,,,,,,,,,,,,,,,,
112.429036,monitor,27320,683126,24984,1,0,3.000000,-3.000000,2.951599,-2.999986,61,-62,178023,153019,100,-96,-0.820616,-1.228623,-1.466808,-0.003648,-4.602451,-1,,,,,,,,,,,,,,,,
112.434816,monitor,27321,683151,24984,1,0,3.000000,-3.000000,2.903212,-2.999986,60,-62,178084,152956,101,-96,-0.820624,-1.228440,-1.580861,-0.007297,-4.565032,-1,,,,,,,,,,,,,,,,
112.481829,monitor,27322,683176,24996,1,0,3.000000,-3.000000,2.901819,-2.998546,60,-62,178144,152894,101,-96,-0.820612,-1.228258,-1.694914,-0.007293,-4.562841,-1,,,,,,,,,,,,,,,,
112.487559,monitor,27323,683201,25004,1,0,3.000000,-3.000000,2.900890,-3.045934,60,-63,178203,152832,102,-95,-0.820563,-1.227990,-1.809901,-0.010936,-4.598770,-1,,,,,,,,,,,,,,,,
112.534665,monitor,27324,683226,25000,1,0,3.000000,-3.000000,2.901354,-2.949710,60,-61,178263,152770,102,-96,-0.820536,-1.227902,-1.923019,-0.003646,-4.524716,-1,,,,,,,,,,,,,,,,
112.540390,monitor,27325,683251,25040,1,0,3.000000,-3.000000,2.896719,-3.041555,60,-63,178324,152708,102,-95,-0.820427,-1.227652,-2.038007,-0.010920,-4.592158,-1,,,,,,,,,,,,,,,,
112.586668,monitor,27326,683276,24972,1,0,0.000000,0.000000,2.904607,-2.953017,60,-61,178383,152647,-23,25,-0.820381,-1.227573,-2.151125,-0.003650,-4.529790,-1,,,,,,,,,,,,,,,,
112.586668,monitor,27327,683300,24992,1,0,0.000000,0.000000,2.128341,-2.176712,44,-45,178425,152604,-17,19,-0.820328,-1.227499,-2.234327,-0.003647,-3.329163,-1,,,,,,,,,,,,,,,,
112.639472,monitor,27328,683326,25000,1,0,0.000000,0.000000,0.725339,-0.870406,15,-18,178440,152587,0,4,-0.820157,-1.227286,-2.265178,-0.010938,-1.234014,-1,,,,,,,,,,,,,,,,
112.639472,monitor,27329,683351,25000,1,0,0.000000,0.000000,0.338491,-0.338491,7,-7,178446,152580,3,-1,-0.820157,-1.227286,-2.278266,0.000000,-0.523521,-1,,,,,,,,,,,,,,,,
112.692888,monitor,27330,683376,24996,1,0,0.000000,0.000000,0.290182,-0.193455,6,-4,178452,152576,3,-3,-0.820276,-1.227424,-2.287614,0.007293,-0.374003,-1,,,,,,,,,,,,,,,,
112.692888,monitor,27331,683401,25000,1,0,0.000000,0.000000,0.145068,-0.096712,3,-2,178455,152574,5,-4,-0.820336,-1.227492,-2.292289,0.003646,-0.186972,-1,,,,,,,,,,,,,,,,
112.744177,monitor,27332,683426,25008,1,0,0.000000,0.000000,0.145021,-0.048340,3,-1,178458,152573,4,-4,-0.820456,-1.227629,-2.296028,0.007290,-0.149530,-1,,,,,,,,,,,,,,,,
112.744177,monitor,27333,683451,24992,1,0,0.000000,0.000000,0.145114,-0.048371,3,-1,178461,152572,4,-4,-0.820578,-1.227765,-2.299767,0.007294,-0.149625,-1,,,,,,,,,,,,,,,,
112.796352,monitor,27334,683475,25012,1,0,0.000000,0.000000,0.048333,0.000000,1,0,178462,152572,5,-5,-0.820638,-1.227833,-2.300702,0.003644,-0.037376,-1,,,,,,,,,,,,,,,,
112.796352,monitor,27335,683501,24980,1,0,0.000000,0.000000,0.048395,-0.048395,1,-1,178463,152571,5,-4,-0.820638,-1.227833,-2.302572,0.000000,-0.074849,-1,,,,,,,,,,,,,,,,
112.813519,monitor,27336,683526,25008,1,0,3.000000,-3.000000,0.048340,0.000000,1,0,178464,152571,131,-127,-0.820699,-1.227901,-2.303507,0.003645,-0.037382,-1,,,,,,,,,,,,,,,,
112.850918,monitor,27337,683551,25012,1,0,3.000000,-3.000000,0.869989,-0.773323,18,-16,178483,152554,125,-121,-0.820823,-1.228034,-2.335292,0.007288,-1.270798,-1,,,,,,,,,,,,,,,,
112.868131,monitor,27338,683576,24996,1,0,3.000000,-3.000000,1.789455,-1.886182,37,-39,178522,152513,115,-109,-0.820693,-1.227908,-2.406341,-0.007293,-2.842426,-1,,,,,,,,,,,,,,,,
112.907231,monitor,27339,683601,24984,1,0,3.000000,-3.000000,2.370957,-2.274183,49,-47,178570,152466,109,-106,-0.820833,-1.228024,-2.496088,0.007297,-3.592157,-1,,,,,,,,,,,,,,,,
112.918232,monitor,27340,683626,24996,1,0,3.000000,-3.000000,2.563273,-2.369818,53,-49,178624,152417,107,-106,-0.821135,-1.228229,-2.591443,0.014586,-3.814835,-1,,,,,,,,,,,,,,,,
112.955158,monitor,27341,683651,25004,1,0,0.000000,0.000000,2.755846,-2.610801,57,-54,178681,152363,-20,18,-0.821375,-1.228359,-2.695212,0.010936,-4.150110,-1,,,,,,,,,,,,,,,,
112.966572,monitor,27342,683676,25012,1,0,0.000000,0.000000,2.029974,-1.836643,42,-38,178721,152327,-14,11,-0.821709,-1.228504,-2.770001,0.014577,-2.990113,-1,,,,,,,,,,,,,,,,
113.011142,monitor,27343,683701,24988,1,0,0.000000,0.000000,0.725687,-0.628929,15,-13,178735,152315,0,-2,-0.821880,-1.228568,-2.796177,0.007295,-1.047545,-1,,,,,,,,,,,,,,,,
113.016932,monitor,27344,683725,25004,1,0,0.000000,0.000000,0.290089,-0.386785,6,-8,178741,152307,5,-4,-0.821708,-1.228508,-2.809265,-0.007291,-0.523437,-1,,,,,,,,,,,,,,,,
113.061816,monitor,27345,683751,25012,1,0,0.000000,0.000000,0.241664,-0.289996,5,-6,178746,152301,5,-5,-0.821622,-1.228479,-2.819549,-0.003644,-0.411141,-1,,,,,,,,,,,,,,,,
113.067542,monitor,27346,683776,24996,1,0,0.000000,0.000000,0.193455,-0.193455,4,-4,178750,152297,5,-6,-0.821622,-1.228479,-2.827028,0.000000,-0.299203,-1,,,,,,,,,,,,,,,,
113.112680,monitor,27347,683801,25000,1,0,0.000000,0.000000,0.096712,-0.096712,2,-2,178752,152295,7,-7,-0.821622,-1.228479,-2.830767,0.000000,-0.149577,-1,,,,,,,,,,,,,,,,
113.118433,monitor,27348,683826,25008,1,0,0.000000,0.000000,0.096681,-0.096681,2,-2,178754,152293,6,-7,-0.821622,-1.228479,-2.834506,0.000000,-0.149530,-1,,,,,,,,,,,,,,,,
113.162168,monitor,27349,683850,24988,1,0,0.000000,0.000000,0.000000,0.000000,0,0,178754,152293,8,-8,-0.821622,-1.228479,-2.834506,0.000000,0.000000,-1,,,,,,,,,,,,,,,,
113.167936,monitor,27350,683876,25008,1,0,0.000000,0.000000,0.000000,-0.048340,0,-1,178754,152292,8,-7,-0.821535,-1.228451,-2.835441,-0.003645,-0.037382,-1,,,,,,,,,,,,,,,,
113.221199,monitor,27351,683900,25000,1,0,3.000000,-3.000000,0.048356,0.000000,1,0,178755,152292,133,-130,-0.821622,-1.228478,-2.836376,0.003646,-0.037394,-1,,,,,,,,,,,,,,,,
113.221199,monitor,27352,683926,24996,1,0,3.000000,-3.000000,0.725455,-0.725455,15,-15,178772,152275,129,-125,-0.821622,-1.228478,-2.864422,0.000000,-1.122010,-1,,,,,,,,,,,,,,,,
113.272887,monitor,27353,683951,24992,1,0,3.000000,-3.000000,1.838112,-1.934855,38,-40,178810,152235,117,-111,-0.821445,-1.228435,-2.937340,-0.007294,-2.917693,-1,,,,,,,,,,,,,,,,
113.272887,monitor,27354,683976,24996,1,0,3.000000,-3.000000,2.321455,-2.273091,48,-47,178859,152187,112,-109,-0.821535,-1.228449,-3.026152,0.003647,-3.553032,-1,,,,,,,,,,,,,,,,
113.324166,monitor,27355,684001,25020,1,0,0.000000,0.000000,2.609131,-2.609131,54,-54,178912,152133,-16,16,-0.821535,-1.228449,-3.127117,0.000000,-4.035362,-1,,,,,,,,,,,,,,,,
113.324166,monitor,27356,684026,24996,1,0,0.000000,0.000000,1.934546,-1.886182,40,-39,178951,152096,-11,10,-0.821626,-1.228447,3.082215,0.003647,-2.954627,-1,,,,,,,,,,,,,,,,
113.373249,monitor,27357,684051,24988,1,0,0.000000,0.000000,0.677308,-0.677308,14,-14,178964,152083,3,-3,-0.821626,-1.228447,3.056039,0.000000,-1.047545,-1,,,,,,,,,,,,,,,,
113.373249,monitor,27358,684076,25004,1,0,0.000000,0.000000,0.241741,-0.338437,5,-7,178969,152076,8,-7,-0.821444,-1.228464,3.044821,-0.007291,-0.448660,-1,,,,,,,,,,,,,,,,
113.427893,monitor,27359,684101,25000,1,0,0.000000,0.000000,0.193424,-0.290135,4,-6,178973,152070,8,-7,-0.821263,-1.228482,3.035472,-0.007292,-0.373944,-1,,,,,,,,,,,,,,,,
113.427893,monitor,27360,684126,24992,1,0,0.000000,0.000000,0.193486,-0.193486,4,-4,178977,152066,8,-8,-0.821263,-1.228482,3.027993,0.000000,-0.299251,-1,,,,,,,,,,,,,,,,
113.445033,monitor,27361,684151,25020,1,0,0.000000,0.000000,0.096634,-0.048317,2,-1,178979,152065,9,-9,-0.821353,-1.228472,3.025188,0.003643,-0.112093,-1,,,,,,,,,,,,,,,,
113.481954,monitor,27362,684176,25000,1,0,0.000000,0.000000,0.048356,0.000000,1,0,178980,152065,9,-10,-0.821444,-1.228461,3.024254,0.003646,-0.037394,-1,,,,,,,,,,,,,,,,
113.499076,monitor,27363,684200,24976,1,0,0.000000,0.000000,0.000000,0.000000,0,0,178980,152065,10,-10,-0.821444,-1.228461,3.024254,0.000000,0.000000,-1,,,,,,,,,,,,,,,,
113.536060,monitor,27364,684226,25008,1,0,0.000000,0.000000,0.000000,0.000000,0,0,178980,152065,10,-10,-0.821444,-1.228461,3.024254,0.000000,0.000000,-1,,,,,,,,,,,,,,,,
113.547458,monitor,27365,684251,25012,1,0,0.000000,0.000000,0.000000,0.000000,0,0,178980,152065,10,-10,-0.821444,-1.228461,3.024254,0.000000,0.000000,-1,,,,,,,,,,,,,,,,
113.590198,monitor,27366,684275,24984,1,0,0.000000,0.000000,0.000000,0.000000,0,0,178980,152065,10,-10,-0.821444,-1.228461,3.024254,0.000000,0.000000,-1,,,,,,,,,,,,,,,,
113.601645,monitor,27367,684301,25008,1,0,0.000000,0.000000,0.000000,0.000000,0,0,178980,152065,10,-10,-0.821444,-1.228461,3.024254,0.000000,0.000000,-1,,,,,,,,,,,,,,,,
113.645990,monitor,27368,684325,24992,1,0,0.000000,0.000000,0.000000,0.000000,0,0,178980,152065,10,-10,-0.821444,-1.228461,3.024254,0.000000,0.000000,-1,,,,,,,,,,,,,,,,
113.651713,monitor,27369,684351,25016,1,0,0.000000,0.000000,0.000000,0.000000,0,0,178980,152065,10,-10,-0.821444,-1.228461,3.024254,0.000000,0.000000,-1,,,,,,,,,,,,,,,,
113.696545,monitor,27370,684376,25004,1,0,3.000000,-3.000000,0.000000,0.000000,0,0,178980,152065,136,-132,-0.821444,-1.228461,3.024254,0.000000,0.000000,-1,,,,,,,,,,,,,,,,
113.702269,monitor,27371,684401,24984,1,0,3.000000,-3.000000,0.677416,-0.725803,14,-15,178996,152048,132,-127,-0.821354,-1.228473,2.997143,-0.003648,-1.085131,-1,,,,,,,,,,,,,,,,
113.749129,monitor,27372,684426,24996,1,0,0.000000,0.000000,1.886182,-1.886182,39,-39,179035,152009,-7,7,-0.821354,-1.228473,2.924224,0.000000,-2.917227,-1,,,,,,,,,,,,,,,,
113.749129,monitor,27373,684451,25000,1,0,0.000000,0.000000,1.499033,-1.450677,31,-30,179065,151980,-5,4,-0.821442,-1.228451,2.867198,0.003646,-2.281055,-1,,,,,,,,,,,,,,,,
113.801888,monitor,27374,684476,25004,1,0,0.000000,0.000000,0.531830,-0.338437,11,-7,179075,151974,6,-9,-0.821792,-1.228349,2.850370,0.014581,-0.672991,-1,,,,,,,,,,,,,,,,
113.801888,monitor,27375,684500,24996,1,0,0.000000,0.000000,0.241818,-0.193455,5,-4,179080,151969,9,-10,-0.821879,-1.228323,2.841956,0.003647,-0.336603,-1,,,,,,,,,,,,,,,,
113.856235,monitor,27376,684526,25000,1,0,0.000000,0.000000,0.193424,-0.290135,4,-6,179084,151964,9,-8,-0.821705,-1.228377,2.832608,-0.007292,-0.373944,-1,,,,,,,,,,,,,,,,
113.856235,monitor,27377,684551,25004,1,0,0.000000,0.000000,0.193393,-0.241741,4,-5,179088,151959,9,-9,-0.821619,-1.228406,2.824194,-0.003645,-0.336495,-1,,,,,,,,,,,,,,,,
113.909095,monitor,27378,684576,25004,1,0,0.000000,0.000000,0.096696,-0.096696,2,-2,179090,151957,10,-10,-0.821619,-1.228406,2.820455,0.000000,-0.149553,-1,,,,,,,,,,,,,,,,
113.909095,monitor,27379,684601,25016,1,0,0.000000,0.000000,0.000000,0.000000,0,0,179090,151957,11,-12,-0.821619,-1.228406,2.820455,0.000000,0.000000,-1,,,,,,,,,,,,,,,,
113.962480,monitor,27380,684625,24980,1,0,0.000000,0.000000,0.000000,0.000000,0,0,179090,151957,11,-12,-0.821619,-1.228406,2.820455,0.000000,0.000000,-1,,,,,,,,,,,,,,,,
113.962480,monitor,27381,684651,25000,1,0,0.000000,0.000000,0.000000,0.000000,0,0,179090,151957,11,-12,-0.821619,-1.228406,2.820455,0.000000,0.000000,-1,,,,,,,,,,,,,,,,
114.014864,monitor,27382,684676,25024,1,0,0.000000,0.000000,0.000000,0.000000,0,0,179090,151957,11,-12,-0.821619,-1.228406,2.820455,0.000000,0.000000,-1,,,,,,,,,,,,,,,,
114.014864,monitor,27383,684700,24972,1,0,0.000000,0.000000,0.000000,0.000000,0,0,179090,151957,11,-12,-0.821619,-1.228406,2.820455,0.000000,0.000000,-1,,,,,,,,,,,,,,,,
114.067539,monitor,27384,684726,25020,1,0,0.000000,0.000000,0.000000,0.000000,0,0,179090,151957,11,-12,-0.821619,-1.228406,2.820455,0.000000,0.000000,-1,,,,,,,,,,,,,,,,
114.067539,monitor,27385,684750,24976,1,0,0.000000,0.000000,0.000000,0.000000,0,0,179090,151957,11,-12,-0.821619,-1.228406,2.820455,0.000000,0.000000,-1,,,,,,,,,,,,,,,,
114.079064,monitor,27386,684776,25024,1,0,0.000000,0.000000,0.000000,0.000000,0,0,179090,151957,11,-12,-0.821619,-1.228406,2.820455,0.000000,0.000000,-1,,,,,,,,,,,,,,,,
114.119838,monitor,27387,684801,24988,1,0,3.000000,-3.000000,0.000000,0.000000,0,0,179090,151957,137,-134,-0.821619,-1.228406,2.820455,0.000000,0.000000,-1,,,,,,,,,,,,,,,,
114.131296,monitor,27388,684826,25008,1,0,3.000000,-3.000000,0.676766,-0.773447,14,-16,179106,151939,133,-128,-0.821446,-1.228466,2.792409,-0.007290,-1.121472,-1,,,,,,,,,,,,,,,,
114.175263,monitor,27389,684851,25012,1,0,3.000000,-3.000000,1.739977,-1.884975,36,-39,179142,151900,122,-116,-0.821193,-1.228568,2.722295,-0.010933,-2.803231,-1,,,,,,,,,,,,,,,,
114.181024,monitor,27390,684876,24988,1,0,3.000000,-3.000000,2.418956,-2.418956,50,-50,179193,151849,114,-110,-0.821193,-1.228568,2.628809,0.000000,-3.741231,-1,,,,,,,,,,,,,,,,
114.229858,monitor,27391,684901,24980,1,0,0.000000,0.000000,2.661704,-2.564915,55,-53,179248,151796,-13,12,-0.821347,-1.228471,2.527844,0.007298,-4.041824,-1,,,,,,,,,,,,,,,,
114.229858,monitor,27392,684925,25012,1,0,0.000000,0.000000,1.981641,-1.981641,41,-41,179287,151757,-9,8,-0.821347,-1.228471,2.451185,0.000000,-3.064866,-1,,,,,,,,,,,,,,,,
114.284353,monitor,27393,684951,24988,1,0,0.000000,0.000000,0.677308,-0.774066,14,-16,179301,151742,6,-5,-0.821208,-1.228589,2.423140,-0.007295,-1.122369,-1,,,,,,,,,,,,,,,,
114.284353,monitor,27394,684976,25020,1,0,0.000000,0.000000,0.579807,-0.483173,12,-10,179312,151732,6,-8,-0.821344,-1.228467,2.402573,0.007286,-0.822018,-1,,,,,,,,,,,,,,,,
114.337035,monitor,27395,685001,25004,1,0,0.000000,0.000000,0.386785,-0.338437,8,-7,179320,151725,8,-9,-0.821411,-1.228405,2.388550,0.003645,-0.560826,-1,,,,,,,,,,,,,,,,
114.337035,monitor,27396,685026,24976,1,0,0.000000,0.000000,0.290414,-0.193609,6,-4,179326,151721,9,-10,-0.821544,-1.228280,2.379201,0.007299,-0.374303,-1,,,,,,,,,,,,,,,,
114.391512,monitor,27397,685050,25012,1,0,0.000000,0.000000,0.193331,-0.048333,4,-1,179330,151720,9,-12,-0.821741,-1.228091,2.374527,0.010933,-0.186882,-1,,,,,,,,,,,,,,,,
114.391512,monitor,27398,685076,25020,1,0,0.000000,0.000000,0.000000,0.000000,0,0,179330,151720,12,-13,-0.821741,-1.228091,2.374527,0.000000,0.000000,-1,,,,,,,,,,,,,,,,
114.446070,monitor,27399,685101,25112,1,0,0.000000,0.000000,0.000000,0.000000,0,0,179330,151720,12,-13,-0.821741,-1.228091,2.374527,0.000000,0.000000,-1,,,,,,,,,,,,,,,,
114.446070,monitor,27400,685125,24872,1,0,0.000000,0.000000,0.000000,0.000000,0,0,179330,151720,12,-13,-0.821741,-1.228091,2.374527,0.000000,0.000000,-1,,,,,,,,,,,,,,,,
114.457586,monitor,27401,685151,25008,1,0,0.000000,0.000000,0.000000,0.000000,0,0,179330,151720,12,-13,-0.821741,-1.228091,2.374527,0.000000,0.000000,-1,,,,,,,,,,,,,,,,
114.499412,monitor,27402,685175,24988,1,0,0.000000,0.000000,0.000000,0.000000,0,0,179330,151720,12,-13,-0.821741,-1.228091,2.374527,0.000000,0.000000,-1,,,,,,,,,,,,,,,,
114.510935,monitor,27403,685201,24992,1,0,0.000000,0.000000,0.000000,0.000000,0,0,179330,151720,12,-13,-0.821741,-1.228091,2.374527,0.000000,0.000000,-1,,,,,,,,,,,,,,,,
114.552295,monitor,27404,685225,25016,1,0,0.000000,0.000000,0.000000,0.000000,0,0,179330,151720,12,-13,-0.821741,-1.228091,2.374527,0.000000,0.000000,-1,,,,,,,,,,,,,,,,
114.557679,monitor,27405,685251,25004,1,0,0.000000,0.000000,0.000000,0.000000,0,0,179330,151720,12,-13,-0.821741,-1.228091,2.374527,0.000000,0.000000,-1,,,,,,,,,,,,,,,,
114.606142,monitor,27406,685276,24996,1,0,0.000000,0.000000,0.000000,0.000000,0,0,179330,151720,12,-13,-0.821741,-1.228091,2.374527,0.000000,0.000000,-1,,,,,,,,,,,,,,,,
114.611866,monitor,27407,685300,24980,1,0,0.000000,0.000000,0.000000,0.000000,0,0,179330,151720,12,-13,-0.821741,-1.228091,2.374527,0.000000,0.000000,-1,,,,,,,,,,,,,,,,
114.659859,monitor,27408,685326,25020,1,0,0.000000,0.000000,0.000000,0.000000,0,0,179330,151720,12,-13,-0.821741,-1.228091,2.374527,0.000000,0.000000,-1,,,,,,,,,,,,,,,,
114.659859,monitor,27409,685350,24980,1,0,0.000000,0.000000,0.000000,0.000000,0,0,179330,151720,12,-13,-0.821741,-1.228091,2.374527,0.000000,0.000000,-1,,,,,,,,,,,,,,,,
114.714387,monitor,27410,685376,25012,1,0,0.000000,0.000000,0.000000,0.000000,0,0,179330,151720,12,-13,-0.821741,-1.228091,2.374527,0.000000,0.000000,-1,,,,,,,,,,,,,,,,
114.714387,monitor,27411,685401,25012,1,0,0.000000,0.000000,0.000000,0.000000,0,0,179330,151720,12,-13,-0.821741,-1.228091,2.374527,0.000000,0.000000,-1,,,,,,,,,,,,,,,,
114.767810,monitor,27412,685425,25000,1,0,0.000000,0.000000,0.000000,0.000000,0,0,179330,151720,12,-13,-0.821741,-1.228091,2.374527,0.000000,0.000000,-1,,,,,,,,,,,,,,,,
114.767810,monitor,27413,685451,25008,1,0,0.000000,0.000000,0.000000,0.000000,0,0,179330,151720,12,-13,-0.821741,-1.228091,2.374527,0.000000,0.000000,-1,,,,,,,,,,,,,,,,
114.821792,monitor,27414,685475,24992,1,0,0.000000,0.000000,0.000000,0.000000,0,0,179330,151720,12,-13,-0.821741,-1.228091,2.374527,0.000000,0.000000,-1,,,,,,,,,,,,,,,,
114.821792,monitor,27415,685501,24996,1,0,0.000000,0.000000,0.000000,0.000000,0,0,179330,151720,12,-13,-0.821741,-1.228091,2.374527,0.000000,0.000000,-1,,,,,,,,,,,,,,,,
114.876058,monitor,27416,685526,25008,1,0,0.000000,0.000000,0.000000,0.000000,0,0,179330,151720,12,-13,-0.821741,-1.228091,2.374527,0.000000,0.000000,-1,,,,,,,,,,,,,,,,
114.876058,monitor,27417,685551,24996,1,0,0.000000,0.000000,0.000000,0.000000,0,0,179330,151720,12,-13,-0.821741,-1.228091,2.374527,0.000000,0.000000,-1,,,,,,,,,,,,,,,,
114.887522,monitor,27418,685576,24980,1,0,0.000000,0.000000,0.000000,0.000000,0,0,179330,151720,12,-13,-0.821741,-1.228091,2.374527,0.000000,0.000000,-1,,,,,,,,,,,,,,,,
114.930430,monitor,27419,685600,25024,1,0,-3.000000,-3.000000,0.000000,0.000000,0,0,179330,151720,-113,-135,-0.821741,-1.228091,2.374527,0.000000,0.000000,-1,,,,,,,,,,,,,,,,
114.941865,monitor,27420,685626,25000,1,0,-3.000000,-3.000000,-0.870406,-0.773694,-18,-16,179311,151703,-106,-129,-0.819508,-1.230240,2.376397,-0.123962,0.074789,-1,,,,,,,,,,,,,,,,
114.984428,monitor,27421,685651,24996,1,0,-3.000000,-3.000000,-1.837818,-1.837818,-38,-38,179272,151664,-96,-118,-0.814511,-1.235038,2.376397,-0.277137,0.000000,-1,,,,,,,,,,,,,,,,
114.990226,monitor,27422,685676,24992,1,0,-3.000000,-3.000000,-1.789741,-2.418569,-37,-50,179235,151613,-99,-111,-0.808825,-1.240566,2.364244,-0.317299,-0.486282,-1,,,,,,,,,,,,,,,,
115.038338,monitor,27423,685701,25000,1,0,-3.000000,-3.000000,-2.030948,-2.562863,-42,-53,179193,151560,-98,-110,-0.802685,-1.246671,2.353960,-0.346365,-0.411338,-1,,,,,,,,,,,,,,,,
115.044096,monitor,27424,685726,24984,1,0,-3.000000,-3.000000,-2.274183,-2.903212,-47,-60,179145,151500,-96,-106,-0.795846,-1.253624,2.341807,-0.390366,-0.486438,-1,,,,,,,,,,,,,,,,
115.092576,monitor,27425,685751,25004,1,0,-3.000000,-3.000000,-2.514105,-2.997586,-52,-62,179092,151438,-94,-105,-0.788640,-1.261110,2.332458,-0.415572,-0.373884,-1,,,,,,,,,,,,,,,,
115.092576,monitor,27426,685776,25008,1,0,-3.000000,-3.000000,-2.755405,-3.045447,-57,-63,179036,151375,-91,-104,-0.781114,-1.269047,2.326849,-0.437374,-0.224294,-1,,,,,,,,,,,,,,,,
115.146824,monitor,27427,685801,25004,1,0,-3.000000,-3.000000,-2.852542,-3.190979,-59,-66,178977,151309,-90,-102,-0.773324,-1.277362,2.320305,-0.455671,-0.261719,-1,,,,,,,,,,,,,,,,
115.146824,monitor,27428,685827,25020,1,0,-3.000000,-3.000000,-2.899035,-3.237256,-60,-67,178917,151242,-90,-101,-0.765465,-1.285862,2.313761,-0.462665,-0.261551,-1,,,,,,,,,,,,,,,,
115.200279,monitor,27429,685851,24988,1,0,-3.000000,-3.000000,-2.902748,-3.241401,-60,-67,178857,151175,-90,-100,-0.757663,-1.294412,2.307217,-0.463258,-0.261886,-1,,,,,,,,,,,,,,,,
115.200279,monitor,27430,685876,24984,1,0,-3.000000,-3.000000,-2.903212,-3.241920,-60,-67,178797,151107,-90,-100,-0.749916,-1.303014,2.300673,-0.463332,-0.261928,-1,,,,,,,,,,,,,,,,
115.255076,monitor,27431,685901,25004,1,0,-3.000000,-3.000000,-2.949238,-3.287675,-61,-68,178736,151039,-90,-98,-0.742104,-1.311803,2.294129,-0.470252,-0.261719,-1,,,,,,,,,,,,,,,,
115.255076,monitor,27432,685926,25008,1,0,-3.000000,-3.000000,-2.997107,-3.287149,-62,-68,178674,150971,-89,-98,-0.734286,-1.320707,2.288520,-0.473822,-0.224294,-1,,,,,,,,,,,,,,,,
115.266552,monitor,27433,685952,25000,1,0,-3.000000,-3.000000,-3.046422,-3.336557,-63,-69,178610,150903,-88,-97,-0.726399,-1.329792,2.282911,-0.481265,-0.224366,-1,,,,,,,,,,,,,,,,
115.308724,monitor,27434,685976,24996,1,0,0.000000,0.000000,-3.046909,-3.240364,-63,-67,178548,150835,37,24,-0.718673,-1.338777,2.279171,-0.474049,-0.149601,-1,,,,,,,,,,,,,,,,
115.319886,monitor,27435,686001,25016,1,0,0.000000,0.000000,-2.222949,-2.561224,-46,-53,178504,150785,31,20,-0.712825,-1.345649,2.272627,-0.360718,-0.261593,-1,,,,,,,,,,,,,,,,
115.362647,monitor,27436,686026,24984,1,0,0.000000,0.000000,-0.967737,-1.161285,-20,-24,178484,150761,16,4,-0.710241,-1.348716,2.268888,-0.160525,-0.149673,-1,,,,,,,,,,,,,,,,
115.368425,monitor,27437,686051,24996,1,0,0.000000,0.000000,-0.386909,-0.580364,-8,-12,178477,150750,9,-1,-0.709072,-1.350115,2.265148,-0.072931,-0.149601,-1,,,,,,,,,,,,,,,,
115.415698,monitor,27438,686075,24992,1,0,0.000000,0.000000,-0.193486,-0.386971,-4,-8,178472,150742,7,-3,-0.708374,-1.350957,2.261409,-0.043765,-0.149625,-1,,,,,,,,,,,,,,,,
115.421410,monitor,27439,686101,25004,1,0,0.000000,0.000000,-0.048348,-0.193393,-1,-4,178472,150737,6,-5,-0.708084,-1.351308,2.258605,-0.018227,-0.112165,-1,,,,,,,,,,,,,,,,
115.470181,monitor,27440,686126,25008,1,0,0.000000,0.000000,0.000000,-0.145021,0,-3,178472,150734,5,-5,-0.707911,-1.351520,2.255800,-0.010934,-0.112147,-1,,,,,,,,,,,,,,,,
115.475892,monitor,27441,686151,25016,1,0,0.000000,0.000000,0.000000,-0.096650,0,-2,178472,150732,5,-6,-0.707795,-1.351661,2.253930,-0.007287,-0.074741,-1,,,,,,,,,,,,,,,,
115.523301,monitor,27442,686176,24976,1,0,0.000000,0.000000,0.000000,-0.048402,0,-1,178472,150732,5,-6,-0.707738,-1.351732,2.252995,-0.003649,-0.037430,-1,,,,,,,,,,,,,,,,
115.523301,monitor,27443,686200,25000,1,0,0.000000,0.000000,0.000000,0.000000,0,0,178472,150732,5,-7,-0.707738,-1.351732,2.252995,0.000000,0.000000,-1,,,,,,,,,,,,,,,,
115.576217,monitor,27444,686226,25020,1,0,0.000000,0.000000,0.000000,0.000000,0,0,178472,150732,5,-7,-0.707738,-1.351732,2.252995,0.000000,0.000000,-1,,,,,,,,,,,,,,,,
115.576217,monitor,27445,686251,24976,1,0,0.000000,0.000000,0.000000,0.000000,0,0,178472,150732,5,-7,-0.707738,-1.351732,2.252995,0.000000,0.000000,-1,,,,,,,,,,,,,,,,
115.630492,monitor,27446,686275,25000,1,0,0.000000,0.000000,0.000000,0.000000,0,0,178472,150732,5,-7,-0.707738,-1.351732,2.252995,0.000000,0.000000,-1,,,,,,,,,,,,,,,,
115.630492,monitor,27447,686301,25020,1,0,0.000000,0.000000,0.000000,0.000000,0,0,178472,150732,5,-7,-0.707738,-1.351732,2.252995,0.000000,0.000000,-1,,,,,,,,,,,,,,,,
115.685881,monitor,27448,686325,25088,1,0,0.000000,0.000000,0.000000,0.000000,0,0,178472,150732,5,-7,-0.707738,-1.351732,2.252995,0.000000,0.000000,-1,,,,,,,,,,,,,,,,
115.685881,monitor,27449,686351,24888,1,0,0.000000,0.000000,0.000000,0.000000,0,0,178472,150732,5,-7,-0.707738,-1.351732,2.252995,0.000000,0.000000,-1,,,,,,,,,,,,,,,,
115.697332,monitor,27450,686375,25020,1,0,0.000000,0.000000,0.000000,0.000000,0,0,178472,150732,5,-7,-0.707738,-1.351732,2.252995,0.000000,0.000000,-1,,,,,,,,,,,,,,,,
115.740564,monitor,27451,686401,24992,1,0,0.000000,0.000000,0.000000,0.000000,0,0,178472,150732,5,-7,-0.707738,-1.351732,2.252995,0.000000,0.000000,-1,,,,,,,,,,,,,,,,
115.746300,monitor,27452,686426,24996,1,0,0.000000,0.000000,0.000000,0.000000,0,0,178472,150732,5,-7,-0.707738,-1.351732,2.252995,0.000000,0.000000,-1,,,,,,,,,,,,,,,,
115.796042,monitor,27453,686450,25008,1,0,0.000000,0.000000,0.000000,0.000000,0,0,178472,150732,5,-7,-0.707738,-1.351732,2.252995,0.000000,0.000000,-1,,,,,,,,,,,,,,,,
115.801772,monitor,27454,686476,24984,1,0,0.000000,0.000000,0.000000,0.000000,0,0,178472,150732,5,-7,-0.707738,-1.351732,2.252995,0.000000,0.000000,-1,,,,,,,,,,,,,,,,
115.851019,monitor,27455,686500,25024,1,0,0.000000,0.000000,0.000000,0.000000,0,0,178472,150732,5,-7,-0.707738,-1.351732,2.252995,0.000000,0.000000,-1,,,,,,,,,,,,,,,,
115.851019,monitor,27456,686526,24988,1,0,0.000000,0.000000,0.000000,0.000000,0,0,178472,150732,5,-7,-0.707738,-1.351732,2.252995,0.000000,0.000000,-1,,,,,,,,,,,,,,,,
115.905909,monitor,27457,686551,24996,1,0,0.000000,0.000000,0.000000,0.000000,0,0,178472,150732,5,-7,-0.707738,-1.351732,2.252995,0.000000,0.000000,-1,,,,,,,,,,,,,,,,
115.905909,monitor,27458,686575,25000,1,0,0.000000,0.000000,0.000000,0.000000,0,0,178472,150732,5,-7,-0.707738,-1.351732,2.252995,0.000000,0.000000,-1,,,,,,,,,,,,,,,,
115.961075,monitor,27459,686601,25016,1,0,0.000000,0.000000,0.000000,0.000000,0,0,178472,150732,5,-7,-0.707738,-1.351732,2.252995,0.000000,0.000000,-1,,,,,,,,,,,,,,,,
115.961075,monitor,27460,686625,25004,1,0,0.000000,0.000000,0.000000,0.000000,0,0,178472,150732,5,-7,-0.707738,-1.351732,2.252995,0.000000,0.000000,-1,,,,,,,,,,,,,,,,
116.016798,monitor,27461,686651,24988,1,0,0.000000,0.000000,0.000000,0.000000,0,0,178472,150732,5,-7,-0.707738,-1.351732,2.252995,0.000000,0.000000,-1,,,,,,,,,,,,,,,,
116.016798,monitor,27462,686675,24984,1,0,0.000000,0.000000,0.000000,0.000000,0,0,178472,150732,5,-7,-0.707738,-1.351732,2.252995,0.000000,0.000000,-1,,,,,,,,,,,,,,,,
116.064858,monitor,27463,686701,25024,1,0,0.000000,0.000000,0.000000,0.000000,0,0,178472,150732,5,-7,-0.707738,-1.351732,2.252995,0.000000,0.000000,-1,,,,,,,,,,,,,,,,
116.064858,monitor,27464,686726,24976,1,0,-3.000000,-3.000000,0.000000,0.000000,0,0,178472,150732,-120,-129,-0.707738,-1.351732,2.252995,0.000000,0.000000,-1,,,,,,,,,,,,,,,,
116.076293,monitor,27465,686751,25020,1,0,-3.000000,-3.000000,-0.869711,-0.821393,-18,-17,178452,150714,-113,-123,-0.705725,-1.354207,2.253930,-0.127506,0.037364,-1,,,,,,,,,,,,,,,,
116.119246,monitor,27466,686776,24984,1,0,-3.000000,-3.000000,-1.887088,-1.887088,-39,-39,178413,150674,-102,-111,-0.701237,-1.359721,2.253930,-0.284566,0.000000,-1,,,,,,,,,,,,,,,,
116.130758,monitor,27467,686801,25012,1,0,-3.000000,-3.000000,-1.884975,-2.319970,-39,-48,178374,150625,-104,-107,-0.696258,-1.365893,2.245517,-0.317045,-0.336388,-1,,,,,,,,,,,,,,,,
116.173499,monitor,27468,686826,25016,1,0,-3.000000,-3.000000,-2.126299,-2.706198,-44,-56,178329,150569,-103,-102,-0.690604,-1.373042,2.234298,-0.364362,-0.448445,-1,,,,,,,,,,,,,,,,
116.184909,monitor,27469,686852,24984,1,0,-3.000000,-3.000000,-2.467730,-2.806438,-51,-58,178278,150511,-100,-102,-0.684511,-1.380889,2.227754,-0.397663,-0.261928,-1,,,,,,,,,,,,,,,,
116.227779,monitor,27470,686876,25012,1,0,-3.000000,-3.000000,-2.658299,-2.851630,-55,-59,178223,150451,-98,-101,-0.678180,-1.389129,2.224015,-0.415439,-0.149506,-1,,,,,,,,,,,,,,,,
116.227779,monitor,27471,686901,24980,1,0,-3.000000,-3.000000,-2.855283,-3.048861,-59,-63,178164,150389,-96,-99,-0.671438,-1.397973,2.220275,-0.445162,-0.149697,-1,,,,,,,,,,,,,,,,
116.281556,monitor,27472,686926,25016,1,0,-3.000000,-3.000000,-2.947823,-3.141123,-61,-65,178102,150324,-95,-97,-0.664510,-1.407132,2.216536,-0.459096,-0.149482,-1,,,,,,,,,,,,,,,,
116.281556,monitor,27473,686951,24996,1,0,-3.000000,-3.000000,-3.095273,-3.143636,-64,-65,178039,150258,-92,-97,-0.657438,-1.416526,2.215601,-0.470403,-0.037400,-1,,,,,,,,,,,,,,,,
116.334268,monitor,27474,686977,25008,1,0,-3.000000,-3.000000,-3.093788,-3.190469,-64,-66,177975,150193,-92,-96,-0.650325,-1.426003,2.213732,-0.473822,-0.074765,-1,,,,,,,,,,,,,,,,
116.334268,monitor,27475,687001,24980,1,0,-3.000000,-3.000000,-3.097256,-3.145650,-64,-65,177910,150127,-92,-96,-0.643280,-1.435417,2.212797,-0.470704,-0.037424,-1,,,,,,,,,,,,,,,,
116.386446,monitor,27476,687026,25024,1,0,-3.000000,-3.000000,-3.140119,-3.188429,-65,-66,177846,150062,-91,-95,-0.636135,-1.444984,2.211862,-0.477161,-0.037359,-1,,,,,,,,,,,,,,,,
116.386446,monitor,27477,687051,24968,1,0,-3.000000,-3.000000,-3.050326,-3.147162,-63,-65,177782,149996,-92,-95,-0.629166,-1.454341,2.209992,-0.467280,-0.074885,-1,,,,,,,,,,,,,,,,
116.439369,monitor,27478,687076,25012,1,0,-3.000000,-3.000000,-3.093293,-3.189959,-64,-66,177718,149930,-91,-94,-0.622106,-1.463857,2.208122,-0.473746,-0.074753,-1,,,,,,,,,,,,,,,,
116.439369,monitor,27479,687101,25024,1,0,-3.000000,-3.000000,-3.091810,-3.188429,-64,-66,177655,149864,-91,-94,-0.615064,-1.473387,2.206253,-0.473519,-0.074717,-1,,,,,,,,,,,,,,,,
116.492194,monitor,27480,687126,24992,1,0,-3.000000,-3.000000,-2.999026,-3.192511,-62,-66,177593,149798,-93,-94,-0.608157,-1.482790,2.202513,-0.466831,-0.149625,-1,,,,,,,,,,,,,,,,
116.492194,monitor,27481,687151,24976,1,0,-3.000000,-3.000000,-2.904142,-3.242959,-60,-67,177532,149732,-94,-92,-0.601351,-1.492154,2.195969,-0.463481,-0.262012,-1,,,,,,,,,,,,,,,,
116.548232,monitor,27482,687176,25012,1,0,-3.000000,-3.000000,-2.996628,-3.189959,-62,-66,177471,149666,-93,-93,-0.594541,-1.501627,2.192230,-0.466458,-0.149506,-1,,,,,,,,,,,,,,,,
116.548232,monitor,27483,687201,24996,1,0,0.000000,0.000000,-2.998546,-3.143636,-62,-65,177409,149600,32,28,-0.587815,-1.511048,2.189425,-0.463110,-0.112201,-1,,,,,,,,,,,,,,,,
116.595993,monitor,27484,687226,25008,1,0,0.000000,0.000000,-2.223660,-2.368681,-46,-49,177365,149554,27,23,-0.582803,-1.518110,2.186621,-0.346254,-0.112147,-1,,,,,,,,,,,,,,,,
116.595993,monitor,27485,687251,24980,1,0,0.000000,0.000000,-0.871103,-1.016287,-18,-21,177348,149533,11,7,-0.580754,-1.521014,2.183816,-0.142306,-0.112273,-1,,,,,,,,,,,,,,,,
116.607530,monitor,27486,687276,25024,1,0,0.000000,0.000000,-0.289857,-0.338167,-6,-7,177342,149527,4,0,-0.580073,-1.521984,2.182882,-0.047352,-0.037358,-1,,,,,,,,,,,,,,,,
116.653097,monitor,27487,687301,24992,1,0,0.000000,0.000000,-0.193486,-0.241857,-4,-5,177338,149522,3,-1,-0.579602,-1.522655,2.181947,-0.032824,-0.037406,-1,,,,,,,,,,,,,,,,
116.658850,monitor,27488,687326,24992,1,0,0.000000,0.000000,-0.145114,-0.290228,-3,-6,177335,149515,3,0,-0.579132,-1.523328,2.179142,-0.032824,-0.112219,-1,,,,,,,,,,,,,,,,
116.701633,monitor,27489,687350,25016,1,0,0.000000,0.000000,0.000000,-0.144975,0,-3,177335,149512,1,-1,-0.578976,-1.523552,2.176338,-0.010931,-0.112111,-1,,,,,,,,,,,,,,,,
116.707369,monitor,27490,687376,24976,1,0,0.000000,0.000000,0.000000,-0.048402,0,-1,177335,149512,1,-2,-0.578924,-1.523627,2.175403,-0.003649,-0.037430,-1,,,,,,,,,,,,,,,,
116.759079,monitor,27491,687400,25020,1,0,0.000000,0.000000,0.000000,0.000000,0,0,177335,149512,1,-3,-0.578924,-1.523627,2.175403,0.000000,0.000000,-1,,,,,,,,,,,,,,,,
116.759079,monitor,27492,687426,25012,1,0,0.000000,0.000000,0.000000,0.000000,0,0,177335,149512,1,-3,-0.578924,-1.523627,2.175403,0.000000,0.000000,-1,,,,,,,,,,,,,,,,
116.807613,monitor,27493,687451,24988,1,0,0.000000,0.000000,0.000000,0.000000,0,0,177335,149512,1,-3,-0.578924,-1.523627,2.175403,0.000000,0.000000,-1,,,,,,,,,,,,,,,,
116.807613,monitor,27494,687475,25016,1,0,0.000000,0.000000,0.000000,0.000000,0,0,177335,149512,1,-3,-0.578924,-1.523627,2.175403,0.000000,0.000000,-1,,,,,,,,,,,,,,,,
116.864337,monitor,27495,687501,24980,1,0,0.000000,0.000000,0.000000,0.000000,0,0,177335,149512,1,-3,-0.578924,-1.523627,2.175403,0.000000,0.000000,-1,,,,,,,,,,,,,,,,
116.864337,monitor,27496,687525,25000,1,0,0.000000,0.000000,0.000000,0.000000,0,0,177335,149512,1,-3,-0.578924,-1.523627,2.175403,0.000000,0.000000,-1,,,,,,,,,,,,,,,,
116.912006,monitor,27497,687551,25000,1,0,0.000000,0.000000,0.000000,0.000000,0,0,177335,149512,1,-3,-0.578924,-1.523627,2.175403,0.000000,0.000000,-1,,,,,,,,,,,,,,,,
116.912006,monitor,27498,687576,25004,1,0,0.000000,0.000000,0.000000,0.000000,0,0,177335,149512,1,-3,-0.578924,-1.523627,2.175403,0.000000,0.000000,-1,,,,,,,,,,,,,,,,
116.967925,monitor,27499,687601,25012,1,0,3.000000,3.000000,0.000000,0.000000,0,0,177335,149512,127,118,-0.578924,-1.523627,2.175403,0.000000,0.000000,-1,,,,,,,,,,,,,,,,
116.967925,monitor,27500,687626,24976,1,0,3.000000,3.000000,0.726036,0.774438,15,16,177351,149530,122,112,-0.580531,-1.521303,2.176338,0.113133,0.037430,-1,,,,,,,,,,,,,,,,
117.017880,monitor,27501,687651,25012,1,0,3.000000,3.000000,1.739977,1.643312,36,34,177388,149565,111,104,-0.584158,-1.516054,2.174468,0.255094,-0.074753,-1,,,,,,,,,,,,,,,,
117.017880,monitor,27502,687676,24992,1,0,3.000000,3.000000,2.031598,2.079969,42,43,177430,149607,110,100,-0.588559,-1.509678,2.175403,0.310005,0.037406,-1,,,,,,,,,,,,,,,,
117.072692,monitor,27503,687702,24988,1,0,3.000000,3.000000,2.418956,2.370577,50,49,177481,149657,106,97,-0.593685,-1.502251,2.174468,0.361122,-0.037412,-1,,,,,,,,,,,,,,,,
117.072692,monitor,27504,687726,25024,1,0,3.000000,3.000000,2.705333,2.657024,56,55,177537,149712,103,94,-0.599425,-1.493919,2.173533,0.404312,-0.037358,-1,,,,,,,,,,,,,,,,
117.127297,monitor,27505,687751,24976,1,0,3.000000,3.000000,2.904142,2.952544,60,61,177598,149773,100,91,-0.605681,-1.484837,2.174468,0.441584,0.037430,-1,,,,,,,,,,,,,,,,
117.127297,monitor,27506,687776,25056,1,0,3.000000,3.000000,2.991365,3.039613,62,63,177660,149836,99,89,-0.612153,-1.475460,2.175403,0.454725,0.037311,-1,,,,,,,,,,,,,,,,
117.138499,monitor,27507,687801,24996,1,0,3.000000,3.000000,3.095273,3.046909,64,63,177723,149900,98,89,-0.618729,-1.465933,2.174468,0.463110,-0.037400,-1,,,,,,,,,,,,,,,,
117.185463,monitor,27508,687826,24964,1,0,3.000000,3.000000,3.147666,3.196092,65,66,177788,149965,97,87,-0.625512,-1.456106,2.175403,0.478308,0.037449,-1,,,,,,,,,,,,,,,,
117.191206,monitor,27509,687851,25012,1,0,3.000000,3.000000,3.093293,3.141626,64,65,177853,150031,97,87,-0.632200,-1.446435,2.176338,0.470102,0.037376,-1,,,,,,,,,,,,,,,,
117.234200,monitor,27510,687876,24988,1,0,3.000000,3.000000,3.144643,3.144643,65,65,177917,150096,96,87,-0.638945,-1.436693,2.176338,0.474201,0.000000,-1,,,,,,,,,,,,,,,,
117.239963,monitor,27511,687901,25064,1,0,3.000000,3.000000,3.183340,3.135108,66,65,177983,150160,95,87,-0.645737,-1.426872,2.175403,0.476400,-0.037299,-1,,,,,,,,,,,,,,,,
117.290522,monitor,27512,687926,24924,1,0,3.000000,3.000000,3.152718,3.055711,65,63,178049,150224,95,88,-0.652360,-1.417267,2.173533,0.468105,-0.075017,-1,,,,,,,,,,,,,,,,
117.290522,monitor,27513,687951,25020,1,0,3.000000,3.000000,3.140621,3.092304,65,64,178114,150288,95,87,-0.659021,-1.407578,2.172598,0.469952,-0.037364,-1,,,,,,,,,,,,,,,,
117.336920,monitor,27514,687976,24992,1,0,3.000000,3.000000,3.095768,3.095768,64,64,178178,150352,96,87,-0.665626,-1.397961,2.172598,0.466831,0.000000,-1,,,,,,,,,,,,,,,,
117.342648,monitor,27515,688002,25004,1,0,3.000000,3.000000,3.142631,3.094283,65,64,178243,150416,95,87,-0.672278,-1.388265,2.171664,0.470252,-0.037388,-1,,,,,,,,,,,,,,,,
117.391270,monitor,27516,688026,24992,1,0,3.000000,3.000000,3.144140,3.095768,65,64,178308,150479,94,86,-0.678921,-1.378563,2.170729,0.470478,-0.037406,-1,,,,,,,,,,,,,,,,
117.391270,monitor,27517,688051,25012,1,0,3.000000,3.000000,3.141626,3.093293,65,64,178372,150543,94,86,-0.685555,-1.368855,2.169794,0.470102,-0.037376,-1,,,,,,,,,,,,,,,,
117.444514,monitor,27518,688076,25000,1,0,3.000000,3.000000,3.094778,3.046422,64,63,178436,150607,95,87,-0.692078,-1.359292,2.168859,0.463036,-0.037394,-1,,,,,,,,,,,,,,,,
117.444514,monitor,27519,688101,24992,1,0,3.000000,3.000000,3.144140,3.095768,65,64,178501,150670,94,86,-0.698693,-1.349571,2.167924,0.470478,-0.037406,-1,,,,,,,,,,,,,,,,
117.497397,monitor,27520,688126,25028,1,0,3.000000,3.000000,3.139617,3.091316,65,64,178566,150734,93,86,-0.705300,-1.339845,2.166989,0.469801,-0.037352,-1,,,,,,,,,,,,,,,,
117.497397,monitor,27521,688151,24956,1,0,3.000000,3.000000,3.051793,3.100234,63,64,178629,150799,94,86,-0.711804,-1.330269,2.167924,0.463852,0.037460,-1,,,,,,,,,,,,,,,,
117.550939,monitor,27522,688177,25044,1,0,3.000000,3.000000,3.089340,3.137611,64,65,178693,150863,94,85,-0.718420,-1.320549,2.168859,0.469501,0.037329,-1,,,,,,,,,,,,,,,,
117.550939,monitor,27523,688201,24960,1,0,3.000000,3.000000,3.051304,3.099737,63,64,178757,150927,94,85,-0.724942,-1.310985,2.169794,0.463778,0.037454,-1,,,,,,,,,,,,,,,,
117.605427,monitor,27524,688226,24996,1,0,3.000000,3.000000,3.095273,3.095273,64,64,178820,150991,93,85,-0.731520,-1.301349,2.169794,0.466756,0.000000,-1,,,,,,,,,,,,,,,,
117.605427,monitor,27525,688251,25024,1,0,3.000000,3.000000,3.091810,3.091810,64,64,178885,151056,93,85,-0.738098,-1.291713,2.169794,0.466234,0.000000,-1,,,,,,,,,,,,,,,,
117.658774,monitor,27526,688276,24996,1,0,3.000000,3.000000,3.095273,3.095273,64,64,178948,151120,93,85,-0.744676,-1.282078,2.169794,0.466756,0.000000,-1,,,,,,,,,,,,,,,,
117.658774,monitor,27527,688302,25000,1,0,3.000000,3.000000,2.998066,3.094778,62,64,179011,151184,94,84,-0.751161,-1.272598,2.171664,0.459390,0.074789,-1,,,,,,,,,,,,,,,,
117.670205,monitor,27528,688326,24980,1,0,3.000000,3.000000,3.097256,3.097256,64,64,179074,151248,93,84,-0.757757,-1.262975,2.171664,0.467055,0.000000,-1,,,,,,,,,,,,,,,,
117.712852,monitor,27529,688351,25036,1,0,3.000000,3.000000,3.090328,3.042041,64,63,179138,151311,93,85,-0.764297,-1.253423,2.170729,0.462370,-0.037341,-1,,,,,,,,,,,,,,,,
117.718610,monitor,27530,688376,24976,1,0,3.000000,3.000000,3.049349,3.049349,63,63,179202,151373,93,85,-0.770781,-1.243944,2.170729,0.459831,0.000000,-1,,,,,,,,,,,,,,,,
117.767469,monitor,27531,688401,24996,1,0,3.000000,3.000000,3.046909,2.998546,63,62,179265,151435,93,85,-0.777209,-1.234537,2.169794,0.455817,-0.037400,-1,,,,,,,,,,,,,,,,
117.773187,monitor,27532,688427,25048,1,0,3.000000,3.000000,3.088847,2.992321,64,62,179328,151498,92,85,-0.783676,-1.225046,2.167924,0.458509,-0.074645,-1,,,,,,,,,,,,,,,,
117.823408,monitor,27533,688451,24956,1,0,3.000000,3.000000,3.051793,3.003352,63,62,179392,151560,93,85,-0.790077,-1.215621,2.166989,0.456547,-0.037460,-1,,,,,,,,,,,,,,,,
117.823408,monitor,27534,688476,24992,1,0,3.000000,3.000000,3.095768,2.999026,64,62,179456,151622,92,85,-0.796517,-1.206112,2.165120,0.459537,-0.074813,-1,,,,,,,,,,,,,,,,
117.871778,monitor,27535,688501,25036,1,0,3.000000,3.000000,3.090328,2.993755,64,62,179519,151684,92,85,-0.802939,-1.196590,2.163250,0.458729,-0.074681,-1,,,,,,,,,,,,,,,,
117.871778,monitor,27536,688526,24984,1,0,3.000000,3.000000,2.999986,2.999986,62,62,179581,151745,93,85,-0.809250,-1.187214,2.163250,0.452387,0.000000,-1,,,,,,,,,,,,,,,,
117.927772,monitor,27537,688551,24996,1,0,3.000000,3.000000,3.046909,3.046909,63,63,179645,151808,92,85,-0.815663,-1.177687,2.163250,0.459463,0.000000,-1,,,,,,,,,,,,,,,,
117.927772,monitor,27538,688576,25020,1,0,3.000000,3.000000,3.043987,3.043987,63,63,179708,151871,92,85,-0.822076,-1.168159,2.163250,0.459022,0.000000,-1,,,,,,,,,,,,,,,,
117.976661,monitor,27539,688602,24976,1,0,3.000000,3.000000,3.049349,3.000947,63,62,179771,151934,92,85,-0.828434,-1.158704,2.162315,0.456182,-0.037430,-1,,,,,,,,,,,,,,,,
117.976661,monitor,27540,688626,25008,1,0,3.000000,3.000000,3.045447,3.093788,63,64,179834,151997,92,84,-0.834894,-1.149098,2.163250,0.462887,0.037383,-1,,,,,,,,,,,,,,,,
118.031007,monitor,27541,688651,25060,1,0,3.000000,3.000000,3.087368,3.039128,64,63,179897,152060,91,84,-0.841353,-1.139492,2.162315,0.461927,-0.037305,-1,,,,,,,,,,,,,,,,
118.031007,monitor,27542,688676,24936,1,0,3.000000,3.000000,3.005761,3.054240,62,63,179960,152123,92,84,-0.847711,-1.130037,2.163250,0.456913,0.037490,-1,,,,,,,,,,,,,,,,
118.085367,monitor,27543,688701,24996,1,0,3.000000,3.000000,2.998546,2.998546,62,62,180021,152185,93,85,-0.854022,-1.120661,2.163250,0.452170,0.000000,-1,,,,,,,,,,,,,,,,
118.085367,monitor,27544,688727,25008,1,0,3.000000,3.000000,2.997107,3.045447,62,63,180083,152249,93,84,-0.860389,-1.111212,2.164185,0.455598,0.037382,-1,,,,,,,,,,,,,,,,
118.142078,monitor,27545,688751,24992,1,0,3.000000,3.000000,3.047397,3.047397,63,63,180147,152312,92,84,-0.866811,-1.101691,2.164185,0.459537,0.000000,-1,,,,,,,,,,,,,,,,
118.142078,monitor,27546,688776,24988,1,0,3.000000,3.000000,3.047885,2.999506,63,62,180210,152374,92,85,-0.873177,-1.092242,2.163250,0.455963,-0.037412,-1,,,,,,,,,,,,,,,,
118.190656,monitor,27547,688801,25016,1,0,3.000000,3.000000,2.996148,2.996148,62,62,180272,152436,92,85,-0.879488,-1.082866,2.163250,0.451809,0.000000,-1,,,,,,,,,,,,,,,,
118.190656,monitor,27548,688826,24980,1,0,3.000000,3.000000,3.048861,3.000466,63,62,180334,152498,92,85,-0.885846,-1.073411,2.162315,0.456109,-0.037424,-1,,,,,,,,,,,,,,,,
118.202162,monitor,27549,688851,25016,1,0,3.000000,3.000000,2.996148,3.044473,62,63,180397,152560,92,84,-0.892204,-1.063956,2.163250,0.455452,0.037370,-1,,,,,,,,,,,,,,,,
118.245180,monitor,27550,688876,25004,1,0,3.000000,3.000000,3.045934,2.949238,63,61,180459,152622,92,85,-0.898506,-1.054574,2.161380,0.452025,-0.074777,-1,,,,,,,,,,,,,,,,
118.250957,monitor,27551,688901,24996,1,0,3.000000,3.000000,3.046909,2.998546,63,62,180522,152684,91,85,-0.904846,-1.045107,2.160445,0.455817,-0.037400,-1,,,,,,,,,,,,,,,,
118.299026,monitor,27552,688926,24992,1,0,3.000000,3.000000,3.047397,2.999026,63,62,180585,152746,91,85,-0.911178,-1.035635,2.159511,0.455890,-0.037406,-1,,,,,,,,,,,,,,,,
118.304766,monitor,27553,688951,24992,1,0,3.000000,3.000000,3.047397,2.999026,63,62,180648,152807,91,85,-0.917500,-1.026156,2.158576,0.455890,-0.037406,-1,,,,,,,,,,,,,,,,
118.351765,monitor,27554,688976,25016,1,0,3.000000,3.000000,2.996148,2.996148,62,62,180710,152869,92,85,-0.923767,-1.016750,2.158576,0.451809,0.000000,-1,,,,,,,,,,,,,,,,
118.351765,monitor,27555,689001,24992,1,0,3.000000,3.000000,3.047397,2.999026,63,62,180774,152932,91,85,-0.930081,-1.007266,2.157641,0.455890,-0.037406,-1,,,,,,,,,,,,,,,,
118.403400,monitor,27556,689026,24992,1,0,3.000000,3.000000,3.047397,3.047397,63,63,180837,152994,91,84,-0.936440,-0.997703,2.157641,0.459537,0.000000,-1,,,,,,,,,,,,,,,,
118.403400,monitor,27557,689051,25024,1,0,3.000000,3.000000,2.995190,2.995190,62,62,180898,153056,92,85,-0.942699,-0.988291,2.157641,0.451664,0.000000,-1,,,,,,,,,,,,,,,,
118.454841,monitor,27558,689076,24992,1,0,3.000000,3.000000,2.999026,2.999026,62,62,180961,153119,92,84,-0.948957,-0.978880,2.157641,0.452242,0.000000,-1,,,,,,,,,,,,,,,,
118.454841,monitor,27559,689101,25008,1,0,3.000000,3.000000,2.997107,3.045447,62,63,181023,153181,92,84,-0.955271,-0.969395,2.158576,0.455598,0.037382,-1,,,,,,,,,,,,,,,,
118.505465,monitor,27560,689126,25020,1,0,3.000000,3.000000,2.995669,2.995669,62,62,181084,153243,92,84,-0.961538,-0.959990,2.158576,0.451736,0.000000,-1,,,,,,,,,,,,,,,,
118.505465,monitor,27561,689152,24968,1,0,3.000000,3.000000,3.001908,3.001908,62,62,181146,153306,92,84,-0.967806,-0.950584,2.158576,0.452677,0.000000,-1,,,,,,,,,,,,,,,,
118.558690,monitor,27562,689176,25000,1,0,3.000000,3.000000,2.998066,3.046422,62,63,181208,153368,92,84,-0.974128,-0.941106,2.159511,0.455744,0.037394,-1,,,,,,,,,,,,,,,,
118.558690,monitor,27563,689201,25000,1,0,3.000000,3.000000,2.998066,2.998066,62,62,181270,153430,92,84,-0.980404,-0.931706,2.159511,0.452098,0.000000,-1,,,,,,,,,,,,,,,,
118.612797,monitor,27564,689226,25012,1,0,3.000000,3.000000,2.948295,2.996628,61,62,181332,153492,92,84,-0.986634,-0.922385,2.160445,0.448237,0.037376,-1,,,,,,,,,,,,,,,,
118.612797,monitor,27565,689251,24988,1,0,3.000000,3.000000,3.047885,2.951127,63,61,181394,153553,91,85,-0.992910,-0.912985,2.158576,0.452315,-0.074825,-1,,,,,,,,,,,,,,,,
118.671971,monitor,27566,689276,24988,1,0,3.000000,3.000000,3.047885,2.999506,63,62,181458,153615,91,84,-0.999224,-0.903501,2.157641,0.455963,-0.037412,-1,,,,,,,,,,,,,,,,
118.671971,monitor,27567,689301,25028,1,0,3.000000,3.000000,3.043014,2.946410,63,61,181520,153677,91,85,-1.005473,-0.894084,2.155771,0.451592,-0.074705,-1,,,,,,,,,,,,,,,,
118.719990,monitor,27568,689327,24992,1,0,3.000000,3.000000,3.047397,2.999026,63,62,181584,153739,91,85,-1.011760,-0.884582,2.154836,0.455890,-0.037406,-1,,,,,,,,,,,,,,,,
118.719990,monitor,27569,689351,25016,1,0,3.000000,3.000000,3.044473,3.044473,63,63,181646,153801,91,84,-1.018093,-0.875000,2.154836,0.459096,0.000000,-1,,,,,,,,,,,,,,,,
118.731448,monitor,27570,689376,24980,1,0,3.000000,3.000000,3.048861,3.000466,63,62,181710,153864,91,84,-1.024371,-0.865493,2.153902,0.456109,-0.037424,-1,,,,,,,,,,,,,,,,
118.775778,monitor,27571,689401,24992,1,0,0.000000,0.000000,3.047397,3.047397,63,63,181772,153926,-35,-37,-1.030694,-0.855906,2.153902,0.459537,0.000000,-1,,,,,,,,,,,,,,,,
118.781528,monitor,27572,689426,24992,1,0,0.000000,0.000000,2.176712,2.225083,45,46,181816,153970,-28,-31,-1.035265,-0.848984,2.154836,0.331888,0.037406,-1,,,,,,,,,,,,,,,,
118.823026,monitor,27573,689451,25032,1,0,0.000000,0.000000,0.772705,0.820999,16,17,181831,153987,-11,-14,-1.036925,-0.846475,2.155771,0.120163,0.037347,-1,,,,,,,,,,,,,,,,
118.834441,monitor,27574,689476,24980,1,0,0.000000,0.000000,0.145184,0.193578,3,4,181833,153990,-3,-7,-1.037277,-0.845943,2.156706,0.025542,0.037424,-1,,,,,,,,,,,,,,,,
118.877412,monitor,27575,689501,25016,1,0,0.000000,0.000000,0.096650,0.096650,2,2,181835,153992,-3,-6,-1.037479,-0.845640,2.156706,0.014574,0.000000,-1,,,,,,,,,,,,,,,,
118.883146,monitor,27576,689525,24972,1,0,0.000000,0.000000,0.048410,0.048410,1,1,181836,153993,-2,-5,-1.037580,-0.845488,2.156706,0.007300,0.000000,-1,,,,,,,,,,,,,,,,
118.929186,monitor,27577,689551,25028,1,0,0.000000,0.000000,0.048302,0.000000,1,0,181837,153993,-2,-4,-1.037630,-0.845412,2.155771,0.003642,-0.037353,-1,,,,,,,,,,,,,,,,
118.934929,monitor,27578,689575,24972,1,0,0.000000,0.000000,0.000000,-0.048410,0,-1,181837,153992,-2,-4,-1.037580,-0.845488,2.154836,-0.003650,-0.037436,-1,,,,,,,,,,,,,,,,
118.982813,monitor,27579,689601,25012,1,0,0.000000,0.000000,-0.048333,-0.048333,-1,-1,181836,153991,-1,-4,-1.037479,-0.845640,2.154836,-0.007288,0.000000,-1,,,,,,,,,,,,,,,,
118.982813,monitor,27580,689626,25008,1,0,0.000000,0.000000,0.000000,-0.048340,0,-1,181836,153990,-1,-4,-1.037429,-0.845716,2.153902,-0.003645,-0.037382,-1,,,,,,,,,,,,,,,,
119.036924,monitor,27581,689650,24988,1,0,0.000000,0.000000,0.000000,0.000000,0,0,181836,153990,-1,-4,-1.037429,-0.845716,2.153902,0.000000,0.000000,-1,,,,,,,,,,,,,,,,
119.036924,monitor,27582,689676,25000,1,0,0.000000,0.000000,0.000000,-0.048356,0,-1,181836,153989,-1,-3,-1.037379,-0.845792,2.152967,-0.003646,-0.037394,-1,,,,,,,,,,,,,,,,
119.090629,monitor,27583,689700,25008,1,0,-3.000000,3.000000,0.000000,0.000000,0,0,181836,153989,-128,117,-1.037379,-0.845792,2.152967,0.000000,0.000000,-1,,,,,,,,,,,,,,,,
119.090629,monitor,27584,689726,24996,1,0,-3.000000,3.000000,-0.870546,0.822182,-18,17,181816,154008,-121,111,-1.037327,-0.845867,2.185687,-0.003647,1.309012,-1,,,,,,,,,,,,,,,,
119.145172,monitor,27585,689751,24988,1,0,-3.000000,3.000000,-1.935165,1.741649,-40,36,181775,154044,-109,101,-1.037107,-0.846157,2.256736,-0.014591,2.843336,-1,,,,,,,,,,,,,,,,
119.145172,monitor,27586,689776,25004,1,0,-3.000000,3.000000,-2.224016,2.127319,-46,44,181730,154089,-107,98,-1.036985,-0.846294,2.340873,-0.007291,3.364954,-1,,,,,,,,,,,,,,,,
119.199951,monitor,27587,689801,25004,1,0,-3.000000,3.000000,-2.272364,2.320712,-47,48,181682,154137,-107,97,-1.037051,-0.846231,2.429685,0.003645,3.551895,-1,,,,,,,,,,,,,,,,
119.199951,monitor,27588,689826,24992,1,0,-3.000000,3.000000,-2.370198,2.466940,-49,51,181634,154188,-107,96,-1.037195,-0.846118,2.523171,0.007294,3.740632,-1,,,,,,,,,,,,,,,,
119.211439,monitor,27589,689851,25008,1,0,-3.000000,3.000000,-2.513702,2.610383,-52,54,181582,154242,-107,95,-1.037348,-0.846020,2.622266,0.007290,3.962533,-1,,,,,,,,,,,,,,,,
119.254009,monitor,27590,689876,24992,1,0,-3.000000,3.000000,-2.612055,2.660426,-54,55,181527,154297,-106,95,-1.037430,-0.845979,2.724165,0.003647,4.077290,-1,,,,,,,,,,,,,,,,
119.265441,monitor,27591,689901,25024,1,0,-3.000000,3.000000,-2.657024,2.705333,-55,56,181472,154353,-106,95,-1.037515,-0.845946,2.827935,0.003642,4.146792,-1,,,,,,,,,,,,,,,,
119.308447,monitor,27592,689926,24996,1,0,-3.000000,3.000000,-2.756728,2.756728,-57,57,181414,154410,-105,95,-1.037515,-0.845946,2.934509,0.000000,4.263639,-1,,,,,,,,,,,,,,,,
119.314237,monitor,27593,689951,24988,1,0,-3.000000,3.000000,-2.854368,2.709231,-59,56,181356,154467,-104,96,-1.037245,-0.845988,3.042017,-0.010943,4.302416,-1,,,,,,,,,,,,,,,,
119.359719,monitor,27594,689976,25004,1,0,-3.000000,3.000000,-2.852542,2.804194,-59,58,181297,154524,-105,95,-1.037153,-0.845992,-3.131790,-0.003645,4.374439,-1,,,,,,,,,,,,,,,,
119.365480,monitor,27595,690001,25000,1,0,-3.000000,3.000000,-2.804642,2.804642,-58,58,181239,154582,-106,95,-1.037153,-0.845992,-3.023346,0.000000,4.337745,-1,,,,,,,,,,,,,,,,
119.413009,monitor,27596,690026,24988,1,0,-3.000000,3.000000,-2.805989,2.805989,-58,58,181181,154640,-106,96,-1.037153,-0.845992,-2.914902,0.000000,4.339828,-1,,,,,,,,,,,,,,,,
119.413009,monitor,27597,690052,25000,1,0,-3.000000,3.000000,-2.852998,2.756287,-59,57,181121,154697,-106,97,-1.036978,-0.845942,-2.806458,-0.007292,4.337745,-1,,,,,,,,,,,,,,,,
119.465984,monitor,27598,690076,25000,1,0,-3.000000,3.000000,-2.852998,2.756287,-59,57,181062,154754,-106,97,-1.036810,-0.845873,-2.698015,-0.007292,4.337745,-1,,,,,,,,,,,,,,,,
119.465984,monitor,27599,690101,25040,1,0,-3.000000,3.000000,-2.848441,2.800162,-59,58,181003,154812,-106,97,-1.036730,-0.845829,-2.588636,-0.003640,4.368151,-1,,,,,,,,,,,,,,,,
119.519013,monitor,27600,690126,24980,1,0,-3.000000,3.000000,-2.903677,2.710099,-60,56,180944,154868,-106,99,-1.036430,-0.845621,-2.480192,-0.014595,4.341218,-1,,,,,,,,,,,,,,,,
119.519013,monitor,27601,690151,24996,1,0,-3.000000,3.000000,-2.853455,2.708364,-59,56,180885,154924,-107,100,-1.036224,-0.845442,-2.372684,-0.010940,4.301039,-1,,,,,,,,,,,,,,,,
119.572006,monitor,27602,690177,25004,1,0,-3.000000,3.000000,-2.852542,2.804194,-59,58,180826,154982,-107,99,-1.036162,-0.845375,-2.263305,-0.003645,4.374439,-1,,,,,,,,,,,,,,,,
119.577753,monitor,27603,690201,24984,1,0,-3.000000,3.000000,-2.903212,2.854825,-60,59,180765,155041,-107,98,-1.036107,-0.845302,-2.152057,-0.003648,4.452778,-1,,,,,,,,,,,,,,,,
119.625082,monitor,27604,690226,25000,1,0,-3.000000,3.000000,-2.901354,2.804642,-60,58,180706,155100,-107,99,-1.036016,-0.845144,-2.041744,-0.007292,4.412534,-1,,,,,,,,,,,,,,,,
119.625082,monitor,27605,690251,25004,1,0,-3.000000,3.000000,-2.852542,2.852542,-59,59,180646,155158,-108,99,-1.036016,-0.845144,-1.931430,0.000000,4.411828,-1,,,,,,,,,,,,,,,,
119.678966,monitor,27606,690276,25000,1,0,-3.000000,3.000000,-2.901354,2.852998,-60,59,180587,155217,-107,99,-1.035988,-0.845057,-1.820182,-0.003646,4.449928,-1,,,,,,,,,,,,,,,,
119.678966,monitor,27607,690301,25020,1,0,-3.000000,3.000000,-2.899035,2.850718,-60,59,180527,155276,-108,100,-1.035971,-0.844968,-1.708934,-0.003643,4.446371,-1,,,,,,,,,,,,,,,,
119.732261,monitor,27608,690326,24976,1,0,-3.000000,3.000000,-2.904142,2.904142,-60,60,180467,155336,-108,99,-1.035971,-0.844968,-1.596751,0.000000,4.491634,-1,,,,,,,,,,,,,,,,
119.732261,monitor,27609,690351,25016,1,0,-3.000000,3.000000,-2.899498,2.899498,-60,60,180407,155396,-108,99,-1.035971,-0.844968,-1.484568,0.000000,4.484453,-1,,,,,,,,,,,,,,,,
119.743726,monitor,27610,690376,25008,1,0,-3.000000,3.000000,-2.948766,2.900426,-61,60,180346,155456,-107,100,-1.035984,-0.844877,-1.371450,-0.003645,4.523269,-1,,,,,,,,,,,,,,,,
119.787672,monitor,27611,690401,25000,1,0,-3.000000,3.000000,-3.046422,2.949710,-63,61,180283,155517,-106,99,-1.036030,-0.844701,-1.255527,-0.007292,4.636900,-1,,,,,,,,,,,,,,,,
119.793432,monitor,27612,690426,24980,1,0,-3.000000,3.000000,-3.048861,3.000466,-63,62,180219,155580,-106,98,-1.036064,-0.844616,-1.138670,-0.003649,4.678037,-1,,,,,,,,,,,,,,,,
119.842405,monitor,27613,690451,25000,1,0,-3.000000,3.000000,-3.094778,3.046422,-64,63,180155,155642,-105,98,-1.036107,-0.844536,-1.019943,-0.003646,4.749083,-1,,,,,,,,,,,,,,,,
119.848163,monitor,27614,690477,25008,1,0,-3.000000,3.000000,-3.142128,2.997107,-65,62,180091,155704,-104,98,-1.036263,-0.844312,-0.901216,-0.010934,4.747563,-1,,,,,,,,,,,,,,,,
119.897016,monitor,27615,690501,25004,1,0,-3.000000,3.000000,-3.190979,2.997586,-66,62,180025,155766,-103,98,-1.036506,-0.844040,-0.781554,-0.014581,4.785711,-1,,,,,,,,,,,,,,,,
119.897016,monitor,27616,690526,25004,1,0,-3.000000,3.000000,-3.190979,2.949238,-66,61,179959,155827,-103,99,-1.036848,-0.843739,-0.662827,-0.018227,4.748323,-1,,,,,,,,,,,,,,,,
119.950947,monitor,27617,690551,25004,1,0,-3.000000,3.000000,-3.142631,2.997586,-65,62,179893,155889,-103,99,-1.037073,-0.843583,-0.544099,-0.010936,4.748323,-1,,,,,,,,,,,,,,,,
119.950947,monitor,27618,690576,24992,1,0,-3.000000,3.000000,-3.144140,2.999026,-65,62,179828,155951,-103,98,-1.037315,-0.843456,-0.425372,-0.010941,4.750603,-1,,,,,,,,,,,,,,,,
120.003661,monitor,27619,690601,24984,1,0,-3.000000,3.000000,-3.145146,2.951599,-65,61,179764,156012,-103,99,-1.037656,-0.843325,-0.307580,-0.014593,4.714705,-1,,,,,,,,,,,,,,,,
120.003661,monitor,27620,690626,25016,1,0,-3.000000,3.000000,-3.141123,2.996148,-65,62,179699,156075,-102,99,-1.037921,-0.843258,-0.188853,-0.010931,4.746046,-1,,,,,,,,,,,,,,,,
120.057556,monitor,27621,690652,25012,1,0,-3.000000,3.000000,-3.093293,2.996628,-64,62,179634,156137,-103,99,-1.038102,-0.843235,-0.071061,-0.007288,4.709428,-1,,,,,,,,,,,,,,,,
120.057556,monitor,27622,690676,25012,1,0,-3.000000,3.000000,-3.093293,3.044960,-64,63,179571,156199,-103,98,-1.038193,-0.843233,0.047666,-0.003644,4.746805,-1,,,,,,,,,,,,,,,,
120.109710,monitor,27623,690701,24972,1,0,-3.000000,3.000000,-3.001428,3.001428,-62,62,179509,156261,-104,98,-1.038193,-0.843233,0.163589,0.000000,4.642099,-1,,,,,,,,,,,,,,,,
120.109710,monitor,27624,690726,24992,1,0,-3.000000,3.000000,-2.902283,3.047397,-60,63,179448,156325,-105,98,-1.037926,-0.843174,0.278576,0.010941,4.600978,-1,,,,,,,,,,,,,,,,
120.121173,monitor,27625,690751,25000,1,0,-3.000000,3.000000,-2.901354,3.046422,-60,63,179389,156387,-105,98,-1.037668,-0.843083,0.393564,0.010938,4.599505,-1,,,,,,,,,,,,,,,,
120.163335,monitor,27626,690777,25004,1,0,-3.000000,3.000000,-2.852542,3.045934,-59,63,179329,156450,-106,98,-1.037340,-0.842925,0.507617,0.014581,4.561382,-1,,,,,,,,,,,,,,,,
120.174562,monitor,27627,690801,24996,1,0,-3.000000,3.000000,-2.901819,3.046909,-60,63,179270,156514,-106,98,-1.037109,-0.842778,0.622604,0.010940,4.600242,-1,,,,,,,,,,,,,,,,
120.216810,monitor,27628,690826,25028,1,0,-3.000000,3.000000,-2.946410,3.091316,-61,64,179209,156577,-105,97,-1.036896,-0.842606,0.739462,0.010926,4.669065,-1,,,,,,,,,,,,,,,,
120.222608,monitor,27629,690851,24964,1,0,-3.000000,3.000000,-2.905538,3.099241,-60,64,179148,156641,-106,96,-1.036642,-0.842345,0.855384,0.014605,4.643587,-1,,,,,,,,,,,,,,,,
120.269579,monitor,27630,690876,25020,1,0,-3.000000,3.000000,-2.995669,3.043987,-62,63,179086,156705,-105,97,-1.036586,-0.842273,0.972242,0.003643,4.670558,-1,,,,,,,,,,,,,,,,
120.275359,monitor,27631,690902,25004,1,0,-3.000000,3.000000,-2.997586,2.997586,-62,62,179025,156766,-105,98,-1.036586,-0.842273,1.088164,0.000000,4.636158,-1,,,,,,,,,,,,,,,,
120.321206,monitor,27632,690926,25004,1,0,-3.000000,3.000000,-2.997586,3.045934,-62,63,178962,156829,-105,97,-1.036548,-0.842190,1.205022,0.003645,4.673547,-1,,,,,,,,,,,,,,,,
120.326953,monitor,27633,690951,24980,1,0,-3.000000,3.000000,-3.000466,2.952072,-62,61,178900,156891,-105,98,-1.036576,-0.842277,1.320009,-0.003649,4.603188,-1,,,,,,,,,,,,,,,,
120.371722,monitor,27634,690976,25000,1,0,-3.000000,3.000000,-3.046422,2.998066,-63,62,178837,156953,-104,98,-1.036593,-0.842366,1.436867,-0.003646,4.674294,-1,,,,,,,,,,,,,,,,
120.377445,monitor,27635,691001,25012,1,0,-3.000000,3.000000,-3.044960,2.996628,-63,62,178774,157014,-104,98,-1.036600,-0.842457,1.553724,-0.003644,4.672051,-1,,,,,,,,,,,,,,,,
120.421192,monitor,27636,691026,24984,1,0,-3.000000,3.000000,-3.096760,2.903212,-64,60,178710,157075,-103,99,-1.036585,-0.842821,1.669646,-0.014593,4.639869,-1,,,,,,,,,,,,,,,,
120.432576,monitor,27637,691051,25048,1,0,-3.000000,3.000000,-3.088847,2.992321,-64,62,178647,157136,-103,98,-1.036557,-0.843001,1.787439,-0.007278,4.702659,-1,,,,,,,,,,,,,,,,
120.476796,monitor,27638,691077,24964,1,0,-3.000000,3.000000,-3.002389,2.905538,-62,60,178584,157196,-104,99,-1.036508,-0.843177,1.901491,-0.007302,4.568690,-1,,,,,,,,,,,,,,,,
120.476796,monitor,27639,691101,24988,1,0,-3.000000,3.000000,-2.999506,2.902748,-62,60,178523,157256,-104,100,-1.036439,-0.843346,2.015544,-0.007295,4.564302,-1,,,,,,,,,,,,,,,,
120.531369,monitor,27640,691126,25000,1,0,-3.000000,3.000000,-2.998066,2.901354,-62,60,178461,157316,-104,100,-1.036351,-0.843505,2.129597,-0.007292,4.562111,-1,,,,,,,,,,,,,,,,
120.531369,monitor,27641,691151,25028,1,0,-3.000000,3.000000,-2.946410,2.898108,-61,60,178400,157376,-105,100,-1.036298,-0.843580,2.242715,-0.003642,4.519655,-1,,,,,,,,,,,,,,,,
120.586685,monitor,27642,691176,24968,1,0,-3.000000,3.000000,-2.856655,2.856655,-59,59,178341,157435,-107,101,-1.036298,-0.843580,2.353028,0.000000,4.418189,-1,,,,,,,,,,,,,,,,
120.586685,monitor,27643,691202,25028,1,0,-3.000000,3.000000,-2.849807,2.801505,-59,58,178282,157493,-107,102,-1.036231,-0.843641,2.462407,-0.003642,4.370245,-1,,,,,,,,,,,,,,,,
120.603792,monitor,27644,691226,24972,1,0,-3.000000,3.000000,-2.953017,2.856197,-61,59,178221,157552,-106,102,-1.036083,-0.843747,2.574590,-0.007300,4.492354,-1,,,,,,,,,,,,,,,,
120.641772,monitor,27645,691251,25064,1,0,-3.000000,3.000000,-2.893945,2.893945,-60,60,178162,157612,-107,101,-1.036083,-0.843747,2.686773,0.000000,4.475864,-1,,,,,,,,,,,,,,,,
120.653214,monitor,27646,691276,24956,1,0,-3.000000,3.000000,-2.712705,2.858029,-56,59,178105,157671,-110,102,-1.036334,-0.843641,2.794282,0.010957,4.307933,-1,,,,,,,,,,,,,,,,
120.699613,monitor,27647,691301,24980,1,0,-3.000000,3.000000,-2.758493,2.855283,-57,59,178048,157730,-110,102,-1.036509,-0.843588,2.902725,0.007298,4.341218,-1,,,,,,,,,,,,,,,,
120.705383,monitor,27648,691326,25008,1,0,-3.000000,3.000000,-2.803745,2.900426,-58,60,177990,157790,-109,102,-1.036688,-0.843554,3.013039,0.007290,4.411122,-1,,,,,,,,,,,,,,,,
120.750823,monitor,27649,691351,25000,1,0,-3.000000,3.000000,-2.804642,2.901354,-58,60,177932,157850,-110,102,-1.036870,-0.843541,3.123352,0.007292,4.412534,-1,,,,,,,,,,,,,,,,
120.756597,monitor,27650,691377,25016,1,0,-3.000000,3.000000,-2.802848,2.899498,-58,60,177874,157910,-110,102,-1.037052,-0.843548,-3.049520,0.007287,4.409711,-1,,,,,,,,,,,,,,,,
120.801812,monitor,27651,691401,24984,1,0,-3.000000,3.000000,-2.709665,2.903212,-56,60,177818,157971,-112,102,-1.037413,-0.843601,-2.941076,0.014593,4.340523,-1,,,,,,,,,,,,,,,,
120.807534,monitor,27652,691426,25016,1,0,-3.000000,3.000000,-2.754524,2.899498,-57,60,177761,158030,-112,103,-1.037677,-0.843670,-2.831697,0.010931,4.372341,-1,,,,,,,,,,,,,,,,
120.852616,monitor,27653,691451,25008,1,0,-3.000000,3.000000,-2.803745,2.900426,-58,60,177703,158090,-112,103,-1.037848,-0.843735,-2.721384,0.007290,4.411122,-1,,,,,,,,,,,,,,,,
120.858399,monitor,27654,691476,24968,1,0,-3.000000,3.000000,-2.808237,2.905073,-58,60,177645,158150,-112,103,-1.038010,-0.843819,-2.611071,0.007301,4.418189,-1,,,,,,,,,,,,,,,,
120.903688,monitor,27655,691502,25024,1,0,-3.000000,3.000000,-2.801952,2.946881,-58,61,177587,158211,-113,103,-1.038238,-0.843970,-2.499822,0.010927,4.445660,-1,,,,,,,,,,,,,,,,
120.909430,monitor,27656,691526,24996,1,0,-3.000000,3.000000,-2.853455,2.901819,-59,60,177528,158271,-112,103,-1.038307,-0.844028,-2.388574,0.003647,4.450641,-1,,,,,,,,,,,,,,,,
120.953119,monitor,27657,691551,25028,1,0,-3.000000,3.000000,-2.946410,2.898108,-61,60,177467,158331,-111,104,-1.038245,-0.843962,-2.275456,-0.003642,4.519655,-1,,,,,,,,,,,,,,,,
120.958872,monitor,27658,691576,24956,1,0,-3.000000,3.000000,-2.906470,2.858029,-60,59,177407,158391,-112,104,-1.038190,-0.843890,-2.164208,-0.003652,4.457774,-1,,,,,,,,,,,,,,,,
121.008005,monitor,27659,691601,25000,1,0,-3.000000,3.000000,-2.949710,2.949710,-61,61,177346,158451,-111,103,-1.038190,-0.843890,-2.050155,0.000000,4.562111,-1,,,,,,,,,,,,,,,,
121.008005,monitor,27660,691627,25016,1,0,-3.000000,3.000000,-2.996148,2.899498,-62,60,177284,158512,-111,104,-1.038115,-0.843724,-1.936102,-0.007287,4.559194,-1,,,,,,,,,,,,,,,,
121.062530,monitor,27661,691651,24996,1,0,-3.000000,3.000000,-2.998546,2.950182,-62,61,177222,158573,-111,104,-1.038087,-0.843637,-1.821115,-0.003647,4.600242,-1,,,,,,,,,,,,,,,,
121.062530,monitor,27662,691676,24988,1,0,-3.000000,3.000000,-2.951127,2.999506,-61,62,177160,158635,-111,103,-1.038105,-0.843726,-1.706127,0.003648,4.601715,-1,,,,,,,,,,,,,,,,
121.117899,monitor,27663,691701,25028,1,0,-3.000000,3.000000,-2.994712,3.043014,-62,63,177099,158698,-111,102,-1.038112,-0.843817,-1.589270,0.003642,4.669065,-1,,,,,,,,,,,,,,,,
121.117899,monitor,27664,691726,24988,1,0,-3.000000,3.000000,-2.854368,3.096264,-59,64,177039,158762,-113,101,-1.038094,-0.844272,-1.474282,0.018238,4.601715,-1,,,,,,,,,,,,,,,,
121.135065,monitor,27665,691751,25000,1,0,-3.000000,3.000000,-2.949710,3.094778,-61,64,176979,158826,-112,101,-1.038052,-0.844543,-1.357425,0.010938,4.674294,-1,,,,,,,,,,,,,,,,
121.172720,monitor,27666,691776,25000,1,0,-3.000000,3.000000,-2.901354,3.143133,-60,65,176919,158891,-113,100,-1.037929,-0.844982,-1.240567,0.018230,4.674294,-1,,,,,,,,,,,,,,,,
121.184079,monitor,27667,691801,24996,1,0,-3.000000,3.000000,-2.998546,3.192000,-62,66,176857,158956,-111,99,-1.037791,-0.845319,-1.120906,0.014586,4.787243,-1,,,,,,,,,,,,,,,,
121.232553,monitor,27668,691826,25004,1,0,-3.000000,3.000000,-2.997586,3.142631,-62,65,176794,159021,-111,100,-1.037657,-0.845558,-1.002178,0.010936,4.748323,-1,,,,,,,,,,,,,,,,
121.238308,monitor,27669,691851,25028,1,0,-3.000000,3.000000,-3.091316,3.139617,-64,65,176731,159086,-110,99,-1.037604,-0.845631,-0.881582,0.003642,4.818475,-1,,,,,,,,,,,,,,,,
121.281621,monitor,27670,691876,24952,1,0,-3.000000,3.000000,-3.100731,3.052282,-64,63,176666,159150,-110,101,-1.037666,-0.845565,-0.762855,-0.003653,4.758219,-1,,,,,,,,,,,,,,,,
121.293024,monitor,27671,691901,25012,1,0,-3.000000,3.000000,-3.189959,3.141626,-66,65,176600,159215,-108,99,-1.037735,-0.845506,-0.640388,-0.003644,4.896310,-1,,,,,,,,,,,,,,,,
121.338462,monitor,27672,691927,25008,1,0,-3.000000,3.000000,-3.190469,3.142128,-66,65,176534,159280,-108,99,-1.037812,-0.845456,-0.517922,-0.003645,4.897093,-1,,,,,,,,,,,,,,,,
121.338462,monitor,27673,691951,24980,1,0,-3.000000,3.000000,-3.242439,3.145650,-67,65,176467,159344,-107,98,-1.037975,-0.845376,-0.394520,-0.007298,4.940007,-1,,,,,,,,,,,,,,,,
121.387374,monitor,27674,691976,25056,1,0,-3.000000,3.000000,-3.280852,3.136109,-68,65,176399,159409,-105,98,-1.038234,-0.845286,-0.270184,-0.010913,4.962333,-1,,,,,,,,,,,,,,,,
121.387374,monitor,27675,692001,24976,1,0,-3.000000,3.000000,-3.291361,3.097752,-68,64,176332,159473,-105,99,-1.038591,-0.845211,-0.146783,-0.014598,4.940798,-1,,,,,,,,,,,,,,,,
121.443960,monitor,27676,692026,24992,1,0,-3.000000,3.000000,-3.192511,3.095768,-66,64,176265,159538,-106,98,-1.038772,-0.845195,-0.025251,-0.007294,4.862822,-1,,,,,,,,,,,,,,,,
121.443960,monitor,27677,692051,25024,1,0,-3.000000,3.000000,-3.236738,3.140119,-67,65,176198,159602,-105,98,-1.038954,-0.845202,0.098150,-0.007285,4.931320,-1,,,,,,,,,,,,,,,,
121.491423,monitor,27678,692076,24956,1,0,-3.000000,3.000000,-3.197117,3.100234,-66,64,176133,159666,-105,98,-1.039134,-0.845231,0.219682,-0.007305,4.869837,-1,,,,,,,,,,,,,,,,
121.491423,monitor,27679,692101,25024,1,0,-3.000000,3.000000,-3.188429,3.043500,-66,63,176066,159729,-104,99,-1.039397,-0.845306,0.340279,-0.010927,4.819245,-1,,,,,,,,,,,,,,,,
121.544122,monitor,27680,692126,25004,1,0,0.000000,0.000000,-3.190979,3.045934,-66,63,176001,159792,21,-23,-1.039649,-0.845413,0.460876,-0.010936,4.823100,-1,,,,,,,,,,,,,,,,
121.544122,monitor,27681,692151,24984,1,0,0.000000,0.000000,-2.225796,2.274183,-46,47,175956,159837,13,-17,-1.039569,-0.845369,0.547818,0.003648,3.479902,-1,,,,,,,,,,,,,,,,
121.597221,monitor,27682,692175,24992,1,0,0.000000,0.000000,-0.967428,1.015799,-20,21,175937,159857,0,-3,-1.039492,-0.845320,0.586147,0.003647,1.533659,-1,,,,,,,,,,,,,,,,
121.597221,monitor,27683,692201,25016,1,0,0.000000,0.000000,-0.531575,0.531575,-11,11,175927,159868,-5,1,-1.039492,-0.845320,0.606714,0.000000,0.822150,-1,,,,,,,,,,,,,,,,
121.653306,monitor,27684,692226,24984,1,0,0.000000,0.000000,-0.387095,0.580642,-8,12,175918,159881,-6,0,-1.039195,-0.845109,0.625411,0.014593,0.748366,-1,,,,,,,,,,,,,,,,
121.653306,monitor,27685,692251,24996,1,0,0.000000,0.000000,-0.338546,0.338546,-7,7,175912,159887,-6,2,-1.039195,-0.845109,0.638499,0.000000,0.523605,-1,,,,,,,,,,,,,,,,
121.664771,monitor,27686,692276,25016,1,0,0.000000,0.000000,-0.193300,0.048325,-4,1,175908,159888,-8,6,-1.039414,-0.845273,0.643173,-0.010931,0.186852,-1,,,,,,,,,,,,,,,,
121.703255,monitor,27687,692300,24980,1,0,0.000000,0.000000,-0.145184,0.000000,-3,0,175905,159888,-8,6,-1.039633,-0.845437,0.645978,-0.010947,0.112273,-1,,,,,,,,,,,,,,,,
121.714679,monitor,27688,692326,25024,1,0,0.000000,0.000000,0.000000,0.000000,0,0,175905,159888,-10,6,-1.039633,-0.845437,0.645978,0.000000,0.000000,-1,,,,,,,,,,,,,,,,
121.759170,monitor,27689,692350,24992,1,0,0.000000,0.000000,0.000000,0.000000,0,0,175905,159888,-10,6,-1.039633,-0.845437,0.645978,0.000000,0.000000,-1,,,,,,,,,,,,,,,,
121.764921,monitor,27690,692376,24984,1,0,0.000000,0.000000,0.000000,0.000000,0,0,175905,159888,-10,6,-1.039633,-0.845437,0.645978,0.000000,0.000000,-1,,,,,,,,,,,,,,,,
121.811162,monitor,27691,692401,25024,1,0,0.000000,0.000000,0.000000,0.000000,0,0,175905,159888,-10,6,-1.039633,-0.845437,0.645978,0.000000,0.000000,-1,,,,,,,,,,,,,,,,
121.816891,monitor,27692,692425,24980,1,0,0.000000,0.000000,0.000000,0.000000,0,0,175905,159888,-10,6,-1.039633,-0.845437,0.645978,0.000000,0.000000,-1,,,,,,,,,,,,,,,,
121.863263,monitor,27693,692451,24996,1,0,0.000000,0.000000,0.000000,0.000000,0,0,175905,159888,-10,6,-1.039633,-0.845437,0.645978,0.000000,0.000000,-1,,,,,,,,,,,,,,,,
121.869005,monitor,27694,692475,25012,1,0,0.000000,0.000000,0.000000,0.000000,0,0,175905,159888,-10,6,-1.039633,-0.845437,0.645978,0.000000,0.000000,-1,,,,,,,,,,,,,,,,
121.911675,monitor,27695,692501,24996,1,0,0.000000,0.000000,0.000000,0.000000,0,0,175905,159888,-10,6,-1.039633,-0.845437,0.645978,0.000000,0.000000,-1,,,,,,,,,,,,,,,,
121.917436,monitor,27696,692526,25004,1,0,0.000000,0.000000,0.000000,0.000000,0,0,175905,159888,-10,6,-1.039633,-0.845437,0.645978,0.000000,0.000000,-1,,,,,,,,,,,,,,,,
121.969740,monitor,27697,692550,24988,1,0,0.000000,0.000000,0.000000,0.000000,0,0,175905,159888,-10,6,-1.039633,-0.845437,0.645978,0.000000,0.000000,-1,,,,,,,,,,,,,,,,
121.969740,monitor,27698,692576,25016,1,0,0.000000,0.000000,0.000000,0.000000,0,0,175905,159888,-10,6,-1.039633,-0.845437,0.645978,0.000000,0.000000,-1,,,,,,,,,,,,,,,,
122.019658,monitor,27699,692600,24984,1,0,0.000000,0.000000,0.000000,0.000000,0,0,175905,159888,-10,6,-1.039633,-0.845437,0.645978,0.000000,0.000000,-1,,,,,,,,,,,,,,,,
122.019658,monitor,27700,692626,25028,1,0,0.000000,0.000000,0.000000,0.000000,0,0,175905,159888,-10,6,-1.039633,-0.845437,0.645978,0.000000,0.000000,-1,,,,,,,,,,,,,,,,
122.078445,monitor,27701,692651,24996,1,0,0.000000,0.000000,0.000000,0.000000,0,0,175905,159888,-10,6,-1.039633,-0.845437,0.645978,0.000000,0.000000,-1,,,,,,,,,,,,,,,,
122.078445,monitor,27702,692675,24988,1,0,0.000000,0.000000,0.000000,0.000000,0,0,175905,159888,-10,6,-1.039633,-0.845437,0.645978,0.000000,0.000000,-1,,,,,,,,,,,,,,,,
122.127854,monitor,27703,692701,24988,1,0,0.000000,0.000000,0.000000,0.000000,0,0,175905,159888,-10,6,-1.039633,-0.845437,0.645978,0.000000,0.000000,-1,,,,,,,,,,,,,,,,
122.127854,monitor,27704,692725,25028,1,0,0.000000,0.000000,0.000000,0.000000,0,0,175905,159888,-10,6,-1.039633,-0.845437,0.645978,0.000000,0.000000,-1,,,,,,,,,,,,,,,,
122.144998,monitor,27705,692751,24996,1,0,0.000000,0.000000,0.000000,0.000000,0,0,175905,159888,-10,6,-1.039633,-0.845437,0.645978,0.000000,0.000000,-1,,,,,,,,,,,,,,,,
122.184022,monitor,27706,692775,24992,1,0,0.000000,0.000000,0.000000,0.000000,0,0,175905,159888,-10,6,-1.039633,-0.845437,0.645978,0.000000,0.000000,-1,,,,,,,,,,,,,,,,
122.195476,monitor,27707,692801,25000,1,0,0.000000,0.000000,0.000000,0.000000,0,0,175905,159888,-10,6,-1.039633,-0.845437,0.645978,0.000000,0.000000,-1,,,,,,,,,,,,,,,,
122.233760,monitor,27708,692826,25008,1,0,0.000000,0.000000,0.000000,0.000000,0,0,175905,159888,-10,6,-1.039633,-0.845437,0.645978,0.000000,0.000000,-1,,,,,,,,,,,,,,,,
122.245172,monitor,27709,692850,25000,1,0,0.000000,0.000000,0.000000,0.000000,0,0,175905,159888,-10,6,-1.039633,-0.845437,0.645978,0.000000,0.000000,-1,,,,,,,,,,,,,,,,
122.291597,monitor,27710,692876,24980,1,0,0.000000,0.000000,0.000000,0.000000,0,0,175905,159888,-10,6,-1.039633,-0.845437,0.645978,0.000000,0.000000,-1,,,,,,,,,,,,,,,,
122.297385,monitor,27711,692900,25004,1,0,0.000000,0.000000,0.000000,0.000000,0,0,175905,159888,-10,6,-1.039633,-0.845437,0.645978,0.000000,0.000000,-1,,,,,,,,,,,,,,,,
122.342005,monitor,27712,692926,25020,1,0,0.000000,0.000000,0.000000,0.000000,0,0,175905,159888,-10,6,-1.039633,-0.845437,0.645978,0.000000,0.000000,-1,,,,,,,,,,,,,,,,
122.347738,monitor,27713,692951,25000,1,0,0.000000,0.000000,0.000000,0.000000,0,0,175905,159888,-10,6,-1.039633,-0.845437,0.645978,0.000000,0.000000,-1,,,,,,,,,,,,,,,,
122.390837,monitor,27714,692976,24984,1,0,-3.000000,-3.000000,0.000000,0.000000,0,0,175905,159888,-136,-115,-1.039633,-0.845437,0.645978,0.000000,0.000000,-1,,,,,,,,,,,,,,,,
122.402274,monitor,27715,693001,25020,1,0,-3.000000,-3.000000,-0.869711,-0.773076,-18,-16,175885,159870,-129,-109,-1.042106,-0.847305,0.647847,-0.123863,0.074729,-1,,,,,,,,,,,,,,,,
122.446656,monitor,27716,693026,24988,1,0,-3.000000,-3.000000,-1.886786,-1.838407,-39,-38,175846,159832,-118,-97,-1.047700,-0.851543,0.648782,-0.280873,0.037412,-1,,,,,,,,,,,,,,,,
122.452405,monitor,27717,693051,25012,1,0,-3.000000,-3.000000,-2.174972,-2.078306,-45,-43,175800,159788,-116,-96,-1.054087,-0.856395,0.650652,-0.320690,0.074753,-1,,,,,,,,,,,,,,,,
122.498711,monitor,27718,693076,24980,1,0,-3.000000,-3.000000,-2.468126,-2.371336,-51,-49,175749,159740,-113,-94,-1.061334,-0.861923,0.652522,-0.364887,0.074849,-1,,,,,,,,,,,,,,,,
122.498711,monitor,27719,693101,24992,1,0,-3.000000,-3.000000,-2.660426,-2.466940,-55,-51,175694,159688,-111,-93,-1.069000,-0.867804,0.656261,-0.386594,0.149625,-1,,,,,,,,,,,,,,,,
122.549985,monitor,27720,693126,25000,1,0,-3.000000,-3.000000,-2.901354,-2.707931,-60,-56,175633,159632,-108,-91,-1.077365,-0.874271,0.660001,-0.422930,0.149577,-1,,,,,,,,,,,,,,,,
122.549985,monitor,27721,693151,25024,1,0,-3.000000,-3.000000,-3.043500,-2.898571,-63,-60,175571,159571,-106,-89,-1.086212,-0.881157,0.662805,-0.448022,0.112075,-1,,,,,,,,,,,,,,,,
122.601748,monitor,27722,693176,25000,1,0,-3.000000,-3.000000,-3.046422,-3.046422,-63,-63,175507,159508,-106,-87,-1.095265,-0.888224,0.662805,-0.459390,0.000000,-1,,,,,,,,,,,,,,,,
122.601748,monitor,27723,693201,24988,1,0,-3.000000,-3.000000,-3.193022,-3.096264,-66,-64,175442,159445,-104,-86,-1.104599,-0.895524,0.664675,-0.474201,0.074825,-1,,,,,,,,,,,,,,,,
122.653772,monitor,27724,693226,24984,1,0,-3.000000,-3.000000,-3.241920,-3.048373,-67,-63,175374,159381,-103,-86,-1.113912,-0.902850,0.668414,-0.474277,0.149673,-1,,,,,,,,,,,,,,,,
122.653772,monitor,27725,693252,25016,1,0,-3.000000,-3.000000,-3.189448,-3.092798,-66,-64,175308,159317,-103,-86,-1.123205,-0.910203,0.670284,-0.473670,0.074741,-1,,,,,,,,,,,,,,,,
122.708355,monitor,27726,693276,24996,1,0,0.000000,0.000000,-3.192000,-3.095273,-66,-64,175242,159254,22,36,-1.132483,-0.917572,0.672154,-0.474049,0.074801,-1,,,,,,,,,,,,,,,,
122.708355,monitor,27727,693301,25012,1,0,0.000000,0.000000,-2.319970,-2.271637,-48,-47,175196,159209,16,30,-1.139257,-0.922967,0.673089,-0.346199,0.037376,-1,,,,,,,,,,,,,,,,
122.762470,monitor,27728,693325,24980,1,0,0.000000,0.000000,-1.064682,-0.822709,-22,-17,175175,159193,1,12,-1.142031,-0.925190,0.677763,-0.142306,0.187121,-1,,,,,,,,,,,,,,,,
122.762470,monitor,27729,693351,25016,1,0,0.000000,0.000000,-0.579900,-0.048325,-12,-1,175164,159192,-3,2,-1.142950,-0.925937,0.688046,-0.047367,0.411075,-1,,,,,,,,,,,,,,,,
122.818187,monitor,27730,693376,24992,1,0,0.000000,0.000000,-0.532085,0.000000,-11,0,175153,159192,-2,2,-1.143721,-0.926578,0.698330,-0.040118,0.411470,-1,,,,,,,,,,,,,,,,
122.818187,monitor,27731,693401,25012,1,0,0.000000,0.000000,-0.338329,0.000000,-7,0,175146,159192,-4,2,-1.144209,-0.926990,0.704874,-0.025509,0.261635,-1,,,,,,,,,,,,,,,,
122.868431,monitor,27732,693426,24980,1,0,0.000000,0.000000,-0.193578,0.000000,-4,0,175142,159192,-6,2,-1.144486,-0.927227,0.708613,-0.014595,0.149697,-1,,,,,,,,,,,,,,,,
122.868431,monitor,27733,693451,24996,1,0,-3.000000,-3.000000,-0.048364,0.000000,-1,0,175141,159192,-133,-119,-1.144555,-0.927286,0.709548,-0.003647,0.037400,-1,,,,,,,,,,,,,,,,
122.921173,monitor,27734,693476,25024,1,0,-3.000000,-3.000000,-0.821262,-0.821262,-17,-17,175122,159173,-128,-113,-1.146906,-0.929305,0.709548,-0.123843,0.000000,-1,,,,,,,,,,,,,,,,
122.921173,monitor,27735,693501,24992,1,0,-3.000000,-3.000000,-1.934855,-1.983227,-40,-41,175081,159132,-115,-100,-1.152510,-0.934112,0.708613,-0.295416,-0.037406,-1,,,,,,,,,,,,,,,,
122.969799,monitor,27736,693526,25000,1,0,-3.000000,-3.000000,-2.224371,-2.176016,-46,-45,175036,159086,-113,-99,-1.158805,-0.939513,0.709548,-0.331781,0.037394,-1,,,,,,,,,,,,,,,,
122.969799,monitor,27737,693551,24988,1,0,-3.000000,-3.000000,-2.564094,-2.370577,-53,-49,174982,159038,-110,-98,-1.165847,-0.945584,0.713288,-0.372065,0.149649,-1,,,,,,,,,,,,,,,,
122.980761,monitor,27738,693576,25020,1,0,-3.000000,-3.000000,-2.705766,-2.464180,-56,-51,174926,158986,-108,-98,-1.173207,-0.951982,0.717962,-0.389805,0.186822,-1,,,,,,,,,,,,,,,,
123.026134,monitor,27739,693601,25008,1,0,-3.000000,-3.000000,-2.852086,-2.707064,-59,-56,174867,158930,-107,-95,-1.181092,-0.958889,0.720766,-0.419150,0.112147,-1,,,,,,,,,,,,,,,,
123.031934,monitor,27740,693626,24996,1,0,-3.000000,-3.000000,-2.998546,-2.950182,-62,-61,174804,158869,-105,-92,-1.189512,-0.966292,0.721701,-0.448524,0.037401,-1,,,,,,,,,,,,,,,,
123.074928,monitor,27741,693651,24996,1,0,-3.000000,-3.000000,-3.095273,-2.998546,-64,-62,174740,158807,-103,-91,-1.198126,-0.973888,0.723571,-0.459463,0.074800,-1,,,,,,,,,,,,,,,,
123.080682,monitor,27742,693677,24988,1,0,-3.000000,-3.000000,-3.193022,-3.047885,-66,-63,174674,158744,-102,-91,-1.206927,-0.981685,0.726376,-0.470553,0.112237,-1,,,,,,,,,,,,,,,,
123.129475,monitor,27743,693701,24996,1,0,-3.000000,-3.000000,-3.192000,-3.095273,-66,-64,174608,158679,-101,-90,-1.215778,-0.989563,0.728245,-0.474049,0.074801,-1,,,,,,,,,,,,,,,,
123.135243,monitor,27744,693726,25012,1,0,-3.000000,-3.000000,-3.286624,-3.189959,-68,-66,174541,158613,-100,-88,-1.224887,-0.997701,0.730115,-0.488323,0.074753,-1,,,,,,,,,,,,,,,,
123.185151,monitor,27745,693751,24980,1,0,-3.000000,-3.000000,-3.194045,-3.194045,-66,-66,174474,158548,-100,-88,-1.233851,-1.005725,0.730115,-0.481651,0.000000,-1,,,,,,,,,,,,,,,,
123.185151,monitor,27746,693776,25024,1,0,-3.000000,-3.000000,-3.140119,-3.043500,-65,-63,174409,158484,-101,-90,-1.242537,-1.013515,0.731985,-0.466234,0.074717,-1,,,,,,,,,,,,,,,,
123.242363,monitor,27747,693801,24992,1,0,-3.000000,-3.000000,-3.144140,-3.095768,-65,-64,174344,158420,-101,-89,-1.251280,-1.021377,0.732920,-0.470478,0.037406,-1,,,,,,,,,,,,,,,,
123.242363,monitor,27748,693826,25000,1,0,-3.000000,-3.000000,-3.143133,-3.143133,-65,-65,174280,158356,-100,-88,-1.260087,-1.029305,0.732920,-0.473973,0.000000,-1,,,,,,,,,,,,,,,,
123.291955,monitor,27749,693851,25008,1,0,-3.000000,-3.000000,-3.093788,-3.093788,-64,-64,174216,158292,-101,-88,-1.268758,-1.037111,0.732920,-0.466532,0.000000,-1,,,,,,,,,,,,,,,,
123.291955,monitor,27750,693876,24976,1,0,-3.000000,-3.000000,-3.097752,-3.049349,-64,-63,174152,158228,-100,-89,-1.277358,-1.044859,0.733855,-0.463481,0.037430,-1,,,,,,,,,,,,,,,,
123.345266,monitor,27751,693901,25016,1,0,-3.000000,-3.000000,-3.141123,-3.092798,-65,-64,174086,158164,-100,-88,-1.286086,-1.052738,0.734789,-0.470027,0.037370,-1,,,,,,,,,,,,,,,,
123.345266,monitor,27752,693926,24984,1,0,-3.000000,-3.000000,-3.193533,-3.096760,-66,-64,174021,158100,-99,-88,-1.294870,-1.060691,0.736659,-0.474277,0.074837,-1,,,,,,,,,,,,,,,,
123.399273,monitor,27753,693951,25020,1,0,-3.000000,-3.000000,-3.140621,-3.140621,-65,-65,173955,158035,-99,-87,-1.303647,-1.068651,0.736659,-0.473595,0.000000,-1,,,,,,,,,,,,,,,,
123.399273,monitor,27754,693977,25008,1,0,-3.000000,-3.000000,-3.190469,-3.093788,-66,-64,173890,157971,-98,-87,-1.312417,-1.076620,0.738529,-0.473822,0.074765,-1,,,,,,,,,,,,,,,,
123.410767,monitor,27755,694001,24996,1,0,-3.000000,-3.000000,-3.143636,-3.143636,-65,-65,173825,157907,-98,-86,-1.321179,-1.084597,0.738529,-0.474049,0.000000,-1,,,,,,,,,,,,,,,,
123.453619,monitor,27756,694026,24980,1,0,0.000000,0.000000,-3.145650,-3.048861,-65,-63,173760,157844,27,33,-1.329799,-1.092459,0.740399,-0.467055,0.074849,-1,,,,,,,,,,,,,,,,
123.459366,monitor,27757,694051,25012,1,0,0.000000,0.000000,-2.271637,-2.319970,-47,-48,173714,157797,20,29,-1.336193,-1.098298,0.739464,-0.346199,-0.037376,-1,,,,,,,,,,,,,,,,
123.506583,monitor,27758,694076,25012,1,0,0.000000,0.000000,-0.966654,-0.966654,-20,-20,173696,157778,5,13,-1.338887,-1.100755,0.739464,-0.145768,0.000000,-1,,,,,,,,,,,,,,,,
123.512323,monitor,27759,694100,24984,1,0,0.000000,0.000000,-0.435482,-0.241934,-9,-5,173686,157773,0,4,-1.339828,-1.101616,0.743203,-0.051076,0.149673,-1,,,,,,,,,,,,,,,,
123.560353,monitor,27760,694126,25008,1,0,0.000000,0.000000,-0.386723,-0.096681,-8,-2,173679,157771,0,2,-1.340498,-1.102235,0.748812,-0.036448,0.224294,-1,,,,,,,,,,,,,,,,
123.560353,monitor,27761,694151,25000,1,0,0.000000,0.000000,-0.241780,-0.048356,-5,-1,173674,157771,-1,2,-1.340898,-1.102608,0.752552,-0.021876,0.149577,-1,,,,,,,,,,,,,,,,
123.614480,monitor,27762,694175,24984,1,0,0.000000,0.000000,-0.048387,0.000000,-1,0,173673,157771,-3,1,-1.340964,-1.102670,0.753487,-0.003648,0.037418,-1,,,,,,,,,,,,,,,,
123.614480,monitor,27763,694201,24996,1,0,0.000000,0.000000,0.000000,0.000000,0,0,173673,157771,-4,1,-1.340964,-1.102670,0.753487,0.000000,0.000000,-1,,,,,,,,,,,,,,,,
123.669028,monitor,27764,694225,25016,1,0,-3.000000,-3.000000,0.000000,0.000000,0,0,173673,157771,-130,-120,-1.340964,-1.102670,0.753487,0.000000,0.000000,-1,,,,,,,,,,,,,,,,
123.669028,monitor,27765,694251,25004,1,0,-3.000000,-3.000000,-0.870267,-0.870267,-18,-18,173653,157751,-123,-113,-1.343357,-1.104915,0.753487,-0.131233,0.000000,-1,,,,,,,,,,,,,,,,
123.724703,monitor,27766,694276,24992,1,0,-3.000000,-3.000000,-1.983227,-1.934855,-41,-40,173612,157711,-111,-101,-1.348740,-1.109969,0.754421,-0.295416,0.037406,-1,,,,,,,,,,,,,,,,
123.724703,monitor,27767,694301,24996,1,0,-3.000000,-3.000000,-2.128000,-2.176364,-44,-45,173568,157665,-110,-100,-1.354653,-1.115522,0.753487,-0.324541,-0.037400,-1,,,,,,,,,,,,,,,,
123.776137,monitor,27768,694326,25000,1,0,-3.000000,-3.000000,-2.369439,-2.321083,-49,-48,173518,157617,-109,-99,-1.361099,-1.121574,0.754421,-0.353657,0.037394,-1,,,,,,,,,,,,,,,,
123.776137,monitor,27769,694351,25008,1,0,-3.000000,-3.000000,-2.562043,-2.562043,-53,-53,173466,157564,-107,-97,-1.368139,-1.128191,0.754421,-0.386347,0.000000,-1,,,,,,,,,,,,,,,,
123.828690,monitor,27770,694376,25024,1,0,-3.000000,-3.000000,-2.753643,-2.850262,-57,-59,173408,157505,-105,-93,-1.375850,-1.135426,0.752552,-0.422525,-0.074717,-1,,,,,,,,,,,,,,,,
123.828690,monitor,27771,694402,24968,1,0,-3.000000,-3.000000,-2.953490,-2.953490,-61,-61,173346,157443,-102,-92,-1.383967,-1.143026,0.752552,-0.445376,0.000000,-1,,,,,,,,,,,,,,,,
123.880752,monitor,27772,694426,25012,1,0,-3.000000,-3.000000,-3.141626,-3.044960,-65,-63,173282,157380,-100,-91,-1.392476,-1.151009,0.754421,-0.466458,0.074753,-1,,,,,,,,,,,,,,,,
123.880752,monitor,27773,694451,24996,1,0,-3.000000,-3.000000,-3.046909,-3.046909,-63,-63,173219,157318,-101,-91,-1.400845,-1.158874,0.754421,-0.459463,0.000000,-1,,,,,,,,,,,,,,,,
123.931157,monitor,27774,694476,24996,1,0,-3.000000,-3.000000,-3.046909,-3.046909,-63,-63,173156,157254,-101,-91,-1.409213,-1.166740,0.754421,-0.459463,0.000000,-1,,,,,,,,,,,,,,,,
123.931157,monitor,27775,694501,25016,1,0,-3.000000,-3.000000,-3.092798,-3.092798,-64,-64,173092,157191,-100,-90,-1.417715,-1.174730,0.754421,-0.466383,0.000000,-1,,,,,,,,,,,,,,,,
123.983057,monitor,27776,694526,24992,1,0,-3.000000,-3.000000,-3.144140,-2.999026,-65,-62,173027,157128,-99,-91,-1.426138,-1.182670,0.757226,-0.463184,0.112219,-1,,,,,,,,,,,,,,,,
123.983057,monitor,27777,694551,24980,1,0,-3.000000,-3.000000,-3.097256,-3.000466,-64,-62,172962,157066,-99,-91,-1.434477,-1.190567,0.759096,-0.459757,0.074849,-1,,,,,,,,,,,,,,,,
124.034239,monitor,27778,694577,25024,1,0,-3.000000,-3.000000,-3.091810,-3.043500,-64,-63,172898,157004,-99,-90,-1.442872,-1.198538,0.760031,-0.462591,0.037359,-1,,,,,,,,,,,,,,,,
124.034239,monitor,27779,694601,24992,1,0,-3.000000,-3.000000,-3.095768,-3.095768,-64,-64,172834,156940,-99,-90,-1.451328,-1.206576,0.760031,-0.466831,0.000000,-1,,,,,,,,,,,,,,,,
124.085941,monitor,27780,694626,25016,1,0,-3.000000,-3.000000,-3.092798,-3.044473,-64,-63,172770,156876,-99,-90,-1.459715,-1.214555,0.760965,-0.462739,0.037370,-1,,,,,,,,,,,,,,,,
124.085941,monitor,27781,694651,24976,1,0,-3.000000,-3.000000,-3.097752,-3.049349,-64,-63,172706,156814,-99,-90,-1.468094,-1.222542,0.761900,-0.463481,0.037430,-1,,,,,,,,,,,,,,,,
124.091748,monitor,27782,694676,24996,1,0,-3.000000,-3.000000,-3.143636,-3.046909,-65,-63,172642,156751,-98,-90,-1.476528,-1.230603,0.763770,-0.466756,0.074800,-1,,,,,,,,,,,,,,,,
124.136396,monitor,27783,694701,25012,1,0,0.000000,0.000000,-3.044960,-3.093293,-63,-64,172578,156687,26,32,-1.484892,-1.238606,0.762835,-0.462813,-0.037377,-1,,,,,,,,,,,,,,,,
124.142131,monitor,27784,694726,24992,1,0,0.000000,0.000000,-2.321826,-2.321826,-48,-48,172532,156640,21,27,-1.491217,-1.244652,0.762835,-0.350123,0.000000,-1,,,,,,,,,,,,,,,,
124.188911,monitor,27785,694751,25012,1,0,0.000000,0.000000,-1.063320,-0.966654,-22,-20,172511,156622,7,11,-1.493982,-1.247300,0.764705,-0.153056,0.074753,-1,,,,,,,,,,,,,,,,
124.194700,monitor,27786,694776,25000,1,0,0.000000,0.000000,-0.580271,-0.241780,-12,-5,172499,156617,2,2,-1.495097,-1.248376,0.771249,-0.061981,0.261760,-1,,,,,,,,,,,,,,,,
124.240005,monitor,27787,694801,24996,1,0,0.000000,0.000000,-0.435273,0.000000,-9,0,172491,156617,1,0,-1.495683,-1.248950,0.779663,-0.032819,0.336603,-1,,,,,,,,,,,,,,,,
124.245725,monitor,27788,694825,24996,1,0,0.000000,0.000000,-0.193455,0.000000,-4,0,172487,156617,-1,0,-1.495941,-1.249207,0.783402,-0.014586,0.149601,-1,,,,,,,,,,,,,,,,
124.292027,monitor,27789,694851,25012,1,0,0.000000,0.000000,-0.048333,0.000000,-1,0,172486,156617,-3,0,-1.496006,-1.249272,0.784337,-0.003644,0.037376,-1,,,,,,,,,,,,,,,,
124.297767,monitor,27790,694876,24996,1,0,0.000000,0.000000,0.000000,0.000000,0,0,172486,156617,-3,0,-1.496006,-1.249272,0.784337,0.000000,0.000000,-1,,,,,,,,,,,,,,,,
124.341349,monitor,27791,694900,24988,1,0,0.000000,0.000000,0.000000,0.000000,0,0,172486,156617,-3,0,-1.496006,-1.249272,0.784337,0.000000,0.000000,-1,,,,,,,,,,,,,,,,
124.347065,monitor,27792,694926,24992,1,0,0.000000,0.000000,0.000000,0.000000,0,0,172486,156617,-3,0,-1.496006,-1.249272,0.784337,0.000000,0.000000,-1,,,,,,,,,,,,,,,,
124.396701,monitor,27793,694950,25024,1,0,0.000000,0.000000,0.000000,0.000000,0,0,172486,156617,-3,0,-1.496006,-1.249272,0.784337,0.000000,0.000000,-1,,,,,,,,,,,,,,,,
124.396701,monitor,27794,694976,24996,1,0,0.000000,0.000000,0.000000,0.000000,0,0,172486,156617,-3,0,-1.496006,-1.249272,0.784337,0.000000,0.000000,-1,,,,,,,,,,,,,,,,
124.452989,monitor,27795,695001,24996,1,0,0.000000,0.000000,0.000000,0.000000,0,0,172486,156617,-3,0,-1.496006,-1.249272,0.784337,0.000000,0.000000,-1,,,,,,,,,,,,,,,,
124.452989,monitor,27796,695025,25004,1,0,0.000000,0.000000,0.000000,0.000000,0,0,172486,156617,-3,0,-1.496006,-1.249272,0.784337,0.000000,0.000000,-1,,,,,,,,,,,,,,,,
124.503151,monitor,27797,695051,24988,1,0,0.000000,0.000000,0.000000,0.000000,0,0,172486,156617,-3,0,-1.496006,-1.249272,0.784337,0.000000,0.000000,-1,,,,,,,,,,,,,,,,
124.503151,monitor,27798,695075,24992,1,0,0.000000,0.000000,0.000000,0.000000,0,0,172486,156617,-3,0,-1.496006,-1.249272,0.784337,0.000000,0.000000,-1,,,,,,,,,,,,,,,,
124.553640,monitor,27799,695101,25008,1,0,0.000000,0.000000,0.000000,0.000000,0,0,172486,156617,-3,0,-1.496006,-1.249272,0.784337,0.000000,0.000000,-1,,,,,,,,,,,,,,,,
124.553640,monitor,27800,695126,24992,1,0,0.000000,0.000000,0.000000,0.000000,0,0,172486,156617,-3,0,-1.496006,-1.249272,0.784337,0.000000,0.000000,-1,,,,,,,,,,,,,,,,
124.603604,monitor,27801,695151,25028,1,0,0.000000,0.000000,0.000000,0.000000,0,0,172486,156617,-3,0,-1.496006,-1.249272,0.784337,0.000000,0.000000,-1,,,,,,,,,,,,,,,,
124.603604,monitor,27802,695176,24992,1,0,0.000000,0.000000,0.000000,0.000000,0,0,172486,156617,-3,0,-1.496006,-1.249272,0.784337,0.000000,0.000000,-1,,,,,,,,,,,,,,,,
124.662156,monitor,27803,695200,24992,1,0,0.000000,0.000000,0.000000,0.000000,0,0,172486,156617,-3,0,-1.496006,-1.249272,0.784337,0.000000,0.000000,-1,,,,,,,,,,,,,,,,
124.662156,monitor,27804,695226,24992,1,0,0.000000,0.000000,0.000000,0.000000,0,0,172486,156617,-3,0,-1.496006,-1.249272,0.784337,0.000000,0.000000,-1,,,,,,,,,,,,,,,,
124.715412,monitor,27805,695250,25012,1,0,0.000000,0.000000,0.000000,0.000000,0,0,172486,156617,-3,0,-1.496006,-1.249272,0.784337,0.000000,0.000000,-1,,,,,,,,,,,,,,,,
124.715412,monitor,27806,695276,25008,1,0,0.000000,0.000000,0.000000,0.000000,0,0,172486,156617,-3,0,-1.496006,-1.249272,0.784337,0.000000,0.000000,-1,,,,,,,,,,,,,,,,
124.766559,monitor,27807,695301,24984,1,0,0.000000,0.000000,0.000000,0.000000,0,0,172486,156617,-3,0,-1.496006,-1.249272,0.784337,0.000000,0.000000,-1,,,,,,,,,,,,,,,,
124.766559,monitor,27808,695325,24996,1,0,0.000000,0.000000,0.000000,0.000000,0,0,172486,156617,-3,0,-1.496006,-1.249272,0.784337,0.000000,0.000000,-1,,,,,,,,,,,,,,,,
124.818641,monitor,27809,695351,25008,1,0,0.000000,0.000000,0.000000,0.000000,0,0,172486,156617,-3,0,-1.496006,-1.249272,0.784337,0.000000,0.000000,-1,,,,,,,,,,,,,,,,
124.818641,monitor,27810,695375,24996,1,0,0.000000,0.000000,0.000000,0.000000,0,0,172486,156617,-3,0,-1.496006,-1.249272,0.784337,0.000000,0.000000,-1,,,,,,,,,,,,,,,,
124.824444,monitor,27811,695401,25012,1,0,0.000000,0.000000,0.000000,0.000000,0,0,172486,156617,-3,0,-1.496006,-1.249272,0.784337,0.000000,0.000000,-1,,,,,,,,,,,,,,,,
124.869130,monitor,27812,695426,25004,1,0,0.000000,0.000000,0.000000,0.000000,0,0,172486,156617,-3,0,-1.496006,-1.249272,0.784337,0.000000,0.000000,-1,,,,,,,,,,,,,,,,
124.874875,monitor,27813,695450,24984,1,0,0.000000,0.000000,0.000000,0.000000,0,0,172486,156617,-3,0,-1.496006,-1.249272,0.784337,0.000000,0.000000,-1,,,,,,,,,,,,,,,,
124.920009,monitor,27814,695476,25008,1,0,0.000000,0.000000,0.000000,0.000000,0,0,172486,156617,-3,0,-1.496006,-1.249272,0.784337,0.000000,0.000000,-1,,,,,,,,,,,,,,,,
124.925782,monitor,27815,695500,25000,1,0,0.000000,0.000000,0.000000,0.000000,0,0,172486,156617,-3,0,-1.496006,-1.249272,0.784337,0.000000,0.000000,-1,,,,,,,,,,,,,,,,
124.971458,monitor,27816,695526,25004,1,0,0.000000,0.000000,0.000000,0.000000,0,0,172486,156617,-3,0,-1.496006,-1.249272,0.784337,0.000000,0.000000,-1,,,,,,,,,,,,,,,,
124.977337,monitor,27817,695550,24988,1,0,0.000000,0.000000,0.000000,0.000000,0,0,172486,156617,-3,0,-1.496006,-1.249272,0.784337,0.000000,0.000000,-1,,,,,,,,,,,,,,,,
125.023895,monitor,27818,695576,25000,1,0,0.000000,0.000000,0.000000,0.000000,0,0,172486,156617,-3,0,-1.496006,-1.249272,0.784337,0.000000,0.000000,-1,,,,,,,,,,,,,,,,
125.029690,monitor,27819,695601,25008,1,0,0.000000,0.000000,0.000000,0.000000,0,0,172486,156617,-3,0,-1.496006,-1.249272,0.784337,0.000000,0.000000,-1,,,,,,,,,,,,,,,,
125.073839,monitor,27820,695625,25000,1,0,0.000000,0.000000,0.000000,0.000000,0,0,172486,156617,-3,0,-1.496006,-1.249272,0.784337,0.000000,0.000000,-1,,,,,,,,,,,,,,,,
125.079627,monitor,27821,695651,24996,1,0,0.000000,0.000000,0.000000,0.000000,0,0,172486,156617,-3,0,-1.496006,-1.249272,0.784337,0.000000,0.000000,-1,,,,,,,,,,,,,,,,
125.131751,monitor,27822,695675,24992,1,0,0.000000,0.000000,0.000000,0.000000,0,0,172486,156617,-3,0,-1.496006,-1.249272,0.784337,0.000000,0.000000,-1,,,,,,,,,,,,,,,,
125.131751,monitor,27823,695701,25008,1,0,0.000000,0.000000,0.000000,0.000000,0,0,172486,156617,-3,0,-1.496006,-1.249272,0.784337,0.000000,0.000000,-1,,,,,,,,,,,,,,,,
125.180359,monitor,27824,695726,25016,1,0,0.000000,0.000000,0.000000,0.000000,0,0,172486,156617,-3,0,-1.496006,-1.249272,0.784337,0.000000,0.000000,-1,,,,,,,,,,,,,,,,
125.180359,monitor,27825,695750,24980,1,0,0.000000,0.000000,0.000000,0.000000,0,0,172486,156617,-3,0,-1.496006,-1.249272,0.784337,0.000000,0.000000,-1,,,,,,,,,,,,,,,,
125.235383,monitor,27826,695776,25012,1,0,0.000000,0.000000,0.000000,0.000000,0,0,172486,156617,-3,0,-1.496006,-1.249272,0.784337,0.000000,0.000000,-1,,,,,,,,,,,,,,,,
125.235383,monitor,27827,695800,25004,1,0,0.000000,0.000000,0.000000,0.000000,0,0,172486,156617,-3,0,-1.496006,-1.249272,0.784337,0.000000,0.000000,-1,,,,,,,,,,,,,,,,
125.290314,monitor,27828,695826,24984,1,0,0.000000,0.000000,0.000000,0.000000,0,0,172486,156617,-3,0,-1.496006,-1.249272,0.784337,0.000000,0.000000,-1,,,,,,,,,,,,,,,,
125.290314,monitor,27829,695851,24992,1,0,0.000000,0.000000,0.000000,0.000000,0,0,172486,156617,-3,0,-1.496006,-1.249272,0.784337,0.000000,0.000000,-1,,,,,,,,,,,,,,,,
125.343088,monitor,27830,695876,25032,1,0,0.000000,0.000000,0.000000,0.000000,0,0,172486,156617,-3,0,-1.496006,-1.249272,0.784337,0.000000,0.000000,-1,,,,,,,,,,,,,,,,
125.343088,monitor,27831,695901,24988,1,0,0.000000,0.000000,0.000000,0.000000,0,0,172486,156617,-3,0,-1.496006,-1.249272,0.784337,0.000000,0.000000,-1,,,,,,,,,,,,,,,,
125.396109,monitor,27832,695925,25008,1,0,0.000000,0.000000,0.000000,0.000000,0,0,172486,156617,-3,0,-1.496006,-1.249272,0.784337,0.000000,0.000000,-1,,,,,,,,,,,,,,,,
125.396109,monitor,27833,695951,24980,1,0,0.000000,0.000000,0.000000,0.000000,0,0,172486,156617,-3,0,-1.496006,-1.249272,0.784337,0.000000,0.000000,-1,,,,,,,,,,,,,,,,
125.407536,monitor,27834,695975,25008,1,0,0.000000,0.000000,0.000000,0.000000,0,0,172486,156617,-3,0,-1.496006,-1.249272,0.784337,0.000000,0.000000,-1,,,,,,,,,,,,,,,,
125.449056,monitor,27835,696001,24988,1,0,0.000000,0.000000,0.000000,0.000000,0,0,172486,156617,-3,0,-1.496006,-1.249272,0.784337,0.000000,0.000000,-1,,,,,,,,,,,,,,,,
125.460515,monitor,27836,696026,25008,1,0,0.000000,0.000000,0.000000,0.000000,0,0,172486,156617,-3,0,-1.496006,-1.249272,0.784337,0.000000,0.000000,-1,,,,,,,,,,,,,,,,
125.501316,monitor,27837,696050,25000,1,0,0.000000,0.000000,0.000000,0.000000,0,0,172486,156617,-3,0,-1.496006,-1.249272,0.784337,0.000000,0.000000,-1,,,,,,,,,,,,,,,,
125.507116,monitor,27838,696076,24988,1,0,0.000000,0.000000,0.000000,0.000000,0,0,172486,156617,-3,0,-1.496006,-1.249272,0.784337,0.000000,0.000000,-1,,,,,,,,,,,,,,,,
125.554584,monitor,27839,696100,25016,1,0,0.000000,0.000000,0.000000,0.000000,0,0,172486,156617,-3,0,-1.496006,-1.249272,0.784337,0.000000,0.000000,-1,,,,,,,,,,,,,,,,
125.560347,monitor,27840,696126,25016,1,0,0.000000,0.000000,0.000000,0.000000,0,0,172486,156617,-3,0,-1.496006,-1.249272,0.784337,0.000000,0.000000,-1,,,,,,,,,,,,,,,,
125.607115,monitor,27841,696151,24996,1,0,0.000000,0.000000,0.000000,0.000000,0,0,172486,156617,-3,0,-1.496006,-1.249272,0.784337,0.000000,0.000000,-1,,,,,,,,,,,,,,,,
125.612843,monitor,27842,696175,25004,1,0,0.000000,0.000000,0.000000,0.000000,0,0,172486,156617,-3,0,-1.496006,-1.249272,0.784337,0.000000,0.000000,-1,,,,,,,,,,,,,,,,
125.661026,monitor,27843,696201,24980,1,0,0.000000,0.000000,0.000000,0.000000,0,0,172486,156617,-3,0,-1.496006,-1.249272,0.784337,0.000000,0.000000,-1,,,,,,,,,,,,,,,,
125.661026,monitor,27844,696225,25000,1,0,0.000000,0.000000,0.000000,0.000000,0,0,172486,156617,-3,0,-1.496006,-1.249272,0.784337,0.000000,0.000000,-1,,,,,,,,,,,,,,,,
125.714142,monitor,27845,696251,25008,1,0,0.000000,0.000000,0.000000,0.000000,0,0,172486,156617,-3,0,-1.496006,-1.249272,0.784337,0.000000,0.000000,-1,,,,,,,,,,,,,,,,
125.714142,monitor,27846,696275,24980,1,0,0.000000,0.000000,0.000000,0.000000,0,0,172486,156617,-3,0,-1.496006,-1.249272,0.784337,0.000000,0.000000,-1,,,,,,,,,,,,,,,,
125.768229,monitor,27847,696301,25016,1,0,0.000000,0.000000,0.000000,0.000000,0,0,172486,156617,-3,0,-1.496006,-1.249272,0.784337,0.000000,0.000000,-1,,,,,,,,,,,,,,,,
125.768229,monitor,27848,696326,25008,1,0,0.000000,0.000000,0.000000,0.000000,0,0,172486,156617,-3,0,-1.496006,-1.249272,0.784337,0.000000,0.000000,-1,,,,,,,,,,,,,,,,
125.821012,monitor,27849,696350,24988,1,0,0.000000,0.000000,0.000000,0.000000,0,0,172486,156617,-3,0,-1.496006,-1.249272,0.784337,0.000000,0.000000,-1,,,,,,,,,,,,,,,,
125.821012,monitor,27850,696376,25000,1,0,0.000000,0.000000,0.000000,0.000000,0,0,172486,156617,-3,0,-1.496006,-1.249272,0.784337,0.000000,0.000000,-1,,,,,,,,,,,,,,,,
125.879324,monitor,27851,696400,25012,1,0,0.000000,0.000000,0.000000,0.000000,0,0,172486,156617,-3,0,-1.496006,-1.249272,0.784337,0.000000,0.000000,-1,,,,,,,,,,,,,,,,
125.879324,monitor,27852,696426,24988,1,0,0.000000,0.000000,0.000000,0.000000,0,0,172486,156617,-3,0,-1.496006,-1.249272,0.784337,0.000000,0.000000,-1,,,,,,,,,,,,,,,,
