host_time_s,phase,seq,mcu_time_ms,dt_us,mode,flags,left_setpoint_rps,right_setpoint_rps,left_wheel_rps,right_wheel_rps,left_encoder_delta,right_encoder_delta,left_encoder_total,right_encoder_total,left_pwm,right_pwm,odom_x_m,odom_y_m,odom_heading_rad,current_linear_mps,current_angular_rps,sonar_distance_cm,left_setpoint_dbg,left_measured_dbg,left_error,left_p,left_i,left_ff,left_pid_out,left_out,right_setpoint_dbg,right_measured_dbg,right_error,right_p,right_i,right_ff,right_pid_out,right_out
1.001449,figure8_0.20_круг влево,10272,256925,25016,0,0,0.000000,0.000000,0.000000,0.000000,0,0,59861,64072,0,0,0.272160,0.280780,0.011211,0.000000,0.000000,-1,,,,,,,,,,,,,,,,
1.001449,figure8_0.20_круг влево,10273,256951,24976,0,0,0.000000,0.000000,0.000000,0.000000,0,0,59861,64072,0,0,0.000000,0.000000,0.000000,0.000000,0.000000,-1,,,,,,,,,,,,,,,,
1.001449,figure8_0.20_круг влево,10274,256975,25012,0,0,0.000000,0.000000,0.000000,0.000000,0,0,59861,64072,0,0,0.000000,0.000000,0.000000,0.000000,0.000000,-1,,,,,,,,,,,,,,,,
1.001449,figure8_0.20_круг влево,10275,257001,24996,0,0,0.000000,0.000000,0.000000,0.000000,0,0,59861,64072,0,0,0.000000,0.000000,0.000000,0.000000,0.000000,-1,,,,,,,,,,,,,,,,
1.001449,figure8_0.20_круг влево,10276,257026,24992,0,0,0.000000,0.000000,0.000000,0.000000,0,0,59861,64072,0,0,0.000000,0.000000,0.000000,0.000000,0.000000,-1,,,,,,,,,,,,,,,,
1.001449,figure8_0.20_круг влево,10277,257050,25000,0,0,0.000000,0.000000,0.000000,0.000000,0,0,59861,64072,0,0,0.000000,0.000000,0.000000,0.000000,0.000000,-1,,,,,,,,,,,,,,,,
1.001449,figure8_0.20_круг влево,10278,257076,25000,0,0,0.000000,0.000000,0.000000,0.000000,0,0,59861,64072,0,0,0.000000,0.000000,0.000000,0.000000,0.000000,-1,,,,,,,,,,,,,,,,
1.001449,figure8_0.20_круг влево,10279,257100,24996,0,0,0.000000,0.000000,0.000000,0.000000,0,0,59861,64072,0,0,0.000000,0.000000,0.000000,0.000000,0.000000,-1,,,,,,,,,,,,,,,,
1.001449,figure8_0.20_круг влево,10280,257126,25012,0,0,0.000000,0.000000,0.000000,0.000000,0,0,59861,64072,0,0,0.000000,0.000000,0.000000,0.000000,0.000000,-1,,,,,,,,,,,,,,,,
1.001449,figure8_0.20_круг влево,10281,257150,25012,0,0,0.000000,0.000000,0.000000,0.000000,0,0,59861,64072,0,0,0.000000,0.000000,0.000000,0.000000,0.000000,-1,,,,,,,,,,,,,,,,
1.001449,figure8_0.20_круг влево,10282,257175,24992,0,0,0.000000,0.000000,0.000000,0.000000,0,0,59861,64072,0,0,0.000000,0.000000,0.000000,0.000000,0.000000,-1,,,,,,,,,,,,,,,,
1.001449,figure8_0.20_круг влево,10283,257201,24992,0,0,0.000000,0.000000,0.000000,0.000000,0,0,59861,64072,0,0,0.000000,0.000000,0.000000,0.000000,0.000000,-1,,,,,,,,,,,,,,,,
1.010855,figure8_0.20_круг влево,10284,257225,25000,0,0,0.000000,0.000000,0.000000,0.000000,0,0,59861,64072,0,0,0.000000,0.000000,0.000000,0.000000,0.000000,-1,,,,,,,,,,,,,,,,
1.036481,figure8_0.20_круг влево,10285,257251,25000,0,0,1.067664,1.584918,0.000000,0.000000,0,0,59861,64072,50,68,0.000000,0.000000,0.000000,0.000000,0.000000,-1,,,,,,,,,,,,,,,,
1.061841,figure8_0.20_круг влево,10286,257276,25004,0,0,1.067664,1.584918,0.386785,0.531830,8,11,59870,64084,47,63,0.001732,0.000002,0.002805,0.069262,0.112165,-1,,,,,,,,,,,,,,,,
1.087478,figure8_0.20_круг влево,10287,257301,25012,0,0,1.067664,1.584918,0.676658,1.014987,14,21,59883,64105,44,58,0.004922,0.000022,0.009349,0.127547,0.261635,-1,,,,,,,,,,,,,,,,
1.112957,figure8_0.20_круг влево,10288,257326,25028,0,0,1.067664,1.584918,0.772829,1.062640,16,22,59900,64127,43,58,0.008385,0.000064,0.014958,0.138391,0.224115,-1,,,,,,,,,,,,,,,,
1.138455,figure8_0.20_круг влево,10289,257351,24972,0,0,1.067664,1.584918,0.919792,1.210253,19,25,59920,64153,41,57,0.012395,0.000135,0.020567,0.160602,0.224618,-1,,,,,,,,,,,,,,,,
1.163961,figure8_0.20_круг влево,10290,257376,25000,0,0,1.067664,1.584918,1.160542,1.499033,24,31,59943,64184,38,53,0.017407,0.000255,0.027111,0.200527,0.261760,-1,,,,,,,,,,,,,,,,
1.189482,figure8_0.20_круг влево,10291,257401,25028,0,0,1.067664,1.584918,1.255847,1.497356,26,31,59969,64214,37,53,0.022600,0.000408,0.031785,0.207587,0.186763,-1,,,,,,,,,,,,,,,,
1.214979,figure8_0.20_круг влево,10292,257426,24956,0,0,1.067664,1.584918,1.162588,1.453235,24,30,59993,64244,38,54,0.027519,0.000578,0.037394,0.197228,0.224762,-1,,,,,,,,,,,,,,,,
1.240645,figure8_0.20_круг влево,10293,257451,24992,0,0,1.067664,1.584918,1.160913,1.547884,24,32,60017,64277,37,53,0.032619,0.000788,0.044873,0.204239,0.299251,-1,,,,,,,,,,,,,,,,
1.263611,figure8_0.20_круг влево,10294,257476,25004,0,0,1.067664,1.584918,1.208704,1.547141,25,32,60042,64308,36,53,0.037809,0.001038,0.051417,0.207786,0.261719,-1,,,,,,,,,,,,,,,,
1.289020,figure8_0.20_круг влево,10295,257501,25000,0,0,1.067664,1.584918,1.208897,1.499033,25,31,60068,64340,36,54,0.042906,0.001314,0.057026,0.204173,0.224366,-1,,,,,,,,,,,,,,,,
1.316992,figure8_0.20_круг влево,10296,257526,25004,0,0,1.067664,1.584918,1.160356,1.547141,24,32,60091,64372,37,53,0.048001,0.001624,0.064505,0.204141,0.299107,-1,,,,,,,,,,,,,,,,
1.340018,figure8_0.20_круг влево,10297,257551,24996,0,0,1.067664,1.584918,1.112364,1.547637,23,32,60114,64403,37,54,0.053002,0.001969,0.072919,0.200559,0.336603,-1,,,,,,,,,,,,,,,,
1.365474,figure8_0.20_круг влево,10298,257576,25004,0,0,1.067664,1.584918,1.257052,1.498793,26,31,60140,64435,35,54,0.058183,0.002359,0.077593,0.207786,0.186942,-1,,,,,,,,,,,,,,,,
1.390962,figure8_0.20_круг влево,10299,257601,25000,0,0,1.067664,1.584918,1.160542,1.547389,24,32,60164,64466,36,54,0.063270,0.002774,0.085072,0.204173,0.299155,-1,,,,,,,,,,,,,,,,
1.415817,figure8_0.20_круг влево,10300,257626,24992,0,0,1.067664,1.584918,1.112542,1.547884,23,32,60188,64499,37,54,0.068263,0.003221,0.093486,0.200591,0.336657,-1,,,,,,,,,,,,,,,,
1.441511,figure8_0.20_круг влево,10301,257651,25000,0,0,1.067664,1.584918,1.257253,1.547389,26,32,60213,64531,34,54,0.073525,0.003729,0.099095,0.211465,0.224366,-1,,,,,,,,,,,,,,,,
1.467761,figure8_0.20_круг влево,10302,257676,25024,0,0,1.067664,1.584918,1.159429,1.594214,24,33,60237,64563,35,53,0.078693,0.004265,0.107509,0.207620,0.336226,-1,,,,,,,,,,,,,,,,
1.491307,figure8_0.20_круг влево,10303,257701,25008,0,0,1.067664,1.584918,1.063490,1.546894,22,32,60260,64595,37,54,0.083584,0.004816,0.116857,0.196818,0.373824,-1,,,,,,,,,,,,,,,,
1.516935,figure8_0.20_круг влево,10304,257726,24984,0,0,1.067664,1.584918,1.209672,1.451606,25,30,60284,64626,34,55,0.088562,0.005412,0.121532,0.200656,0.187091,-1,,,,,,,,,,,,,,,,
1.542486,figure8_0.20_круг влево,10305,257751,25040,0,0,1.067664,1.584918,1.255245,1.593196,26,33,60310,64658,33,54,0.093898,0.006081,0.128076,0.214767,0.261342,-1,,,,,,,,,,,,,,,,
1.568232,figure8_0.20_круг влево,10306,257776,24960,0,0,1.067664,1.584918,1.065535,1.501435,22,31,60332,64690,36,55,0.098687,0.006719,0.136489,0.193545,0.337088,-1,,,,,,,,,,,,,,,,
1.594291,figure8_0.20_круг влево,10307,257801,24984,0,0,1.067664,1.584918,1.112898,1.548380,23,32,60355,64722,35,54,0.103650,0.007422,0.144903,0.200656,0.336765,-1,,,,,,,,,,,,,,,,
1.617799,figure8_0.20_круг влево,10308,257826,25020,0,0,1.067664,1.584918,1.207931,1.594469,25,33,60380,64754,34,54,0.108879,0.008205,0.152382,0.211296,0.298916,-1,,,,,,,,,,,,,,,,
1.644216,figure8_0.20_круг влево,10309,257851,24980,0,0,1.067664,1.584918,1.064682,1.548628,22,32,60402,64787,36,55,0.113740,0.008974,0.161731,0.197039,0.374243,-1,,,,,,,,,,,,,,,,
1.670172,figure8_0.20_круг влево,10310,257875,25012,0,0,1.067664,1.584918,1.111652,1.594979,23,33,60425,64820,35,54,0.118774,0.009820,0.171079,0.204075,0.373764,-1,,,,,,,,,,,,,,,,
1.693191,figure8_0.20_круг влево,10311,257901,25000,0,0,1.067664,1.584918,1.208897,1.547389,25,32,60450,64852,33,55,0.123891,0.010721,0.177623,0.207819,0.261761,-1,,,,,,,,,,,,,,,,
1.720722,figure8_0.20_круг влево,10312,257926,24992,0,0,1.067664,1.584918,1.112542,1.644627,23,34,60473,64886,34,53,0.129000,0.011665,0.187907,0.207886,0.411470,-1,,,,,,,,,,,,,,,,
1.746301,figure8_0.20_круг влево,10313,257951,25008,0,0,1.067664,1.584918,1.063490,1.595234,22,33,60495,64918,35,54,0.133920,0.012627,0.198190,0.200463,0.411206,-1,,,,,,,,,,,,,,,,
1.769605,figure8_0.20_круг влево,10314,257976,24988,0,0,1.067664,1.584918,1.161099,1.548132,24,32,60520,64950,34,55,0.138920,0.013651,0.205669,0.204271,0.299299,-1,,,,,,,,,,,,,,,,
1.797647,figure8_0.20_круг влево,10315,258001,25020,0,0,1.067664,1.584918,1.207931,1.594469,25,33,60545,64983,33,54,0.144091,0.014750,0.213148,0.211296,0.298916,-1,,,,,,,,,,,,,,,,
1.820619,figure8_0.20_круг влево,10316,258026,25012,0,0,1.067664,1.584918,1.159985,1.546646,24,32,60568,65015,33,55,0.149076,0.015848,0.220627,0.204075,0.299011,-1,,,,,,,,,,,,,,,,
1.848410,figure8_0.20_круг влево,10317,258051,24980,0,0,1.067664,1.584918,1.113076,1.548628,23,32,60592,65048,34,55,0.153963,0.016966,0.229040,0.200688,0.336819,-1,,,,,,,,,,,,,,,,
1.871456,figure8_0.20_круг влево,10318,258076,24992,0,0,1.067664,1.584918,1.160913,1.547884,24,32,60615,65079,33,55,0.158930,0.018143,0.236519,0.204239,0.299251,-1,,,,,,,,,,,,,,,,
1.896942,figure8_0.20_круг влево,10319,258101,25016,0,0,1.067664,1.584918,1.111474,1.546399,23,32,60638,65112,34,55,0.163798,0.019339,0.244933,0.200399,0.336334,-1,,,,,,,,,,,,,,,,
1.922821,figure8_0.20_круг влево,10320,258126,24980,0,0,1.067664,1.584918,1.113076,1.548628,23,32,60661,65144,33,55,0.168657,0.020575,0.253347,0.200688,0.336819,-1,,,,,,,,,,,,,,,,
1.949564,figure8_0.20_круг влево,10321,258151,25012,0,0,1.067664,1.584918,1.208318,1.546646,25,32,60686,65175,32,55,0.173682,0.021893,0.259891,0.207719,0.261635,-1,,,,,,,,,,,,,,,,
1.972491,figure8_0.20_круг влево,10322,258177,25000,0,0,1.067664,1.584918,1.112186,1.547389,23,32,60709,65208,33,55,0.178521,0.023202,0.268305,0.200527,0.336549,-1,,,,,,,,,,,,,,,,
1.996959,figure8_0.20_круг влево,10323,258201,24988,0,0,1.067664,1.584918,1.112720,1.499753,23,31,60732,65238,33,56,0.183262,0.024525,0.275783,0.196976,0.299299,-1,,,,,,,,,,,,,,,,
2.023956,figure8_0.20_круг влево,10324,258226,25024,0,0,1.067664,1.584918,1.159429,1.545905,24,32,60756,65271,32,55,0.188169,0.025933,0.283262,0.203977,0.298868,-1,,,,,,,,,,,,,,,,
2.049436,figure8_0.20_круг влево,10325,258251,24992,0,0,1.067664,1.584918,1.160913,1.596256,24,33,60780,65303,32,55,0.193151,0.027406,0.291676,0.207886,0.336657,-1,,,,,,,,,,,,,,,,
2.074773,figure8_0.20_круг влево,10326,258276,24996,0,0,1.067664,1.584918,1.160727,1.499273,24,31,60804,65335,32,56,0.197948,0.028863,0.298220,0.200559,0.261802,-1,,,,,,,,,,,,,,,,
2.100343,figure8_0.20_круг влево,10327,258301,25016,0,0,1.067664,1.584918,1.111474,1.546399,23,32,60827,65367,32,56,0.202733,0.030356,0.306634,0.200399,0.336334,-1,,,,,,,,,,,,,,,,
2.123518,figure8_0.20_круг влево,10328,258326,24984,0,0,1.067664,1.584918,1.161285,1.499993,24,31,60851,65397,31,56,0.207508,0.031885,0.313178,0.200656,0.261928,-1,,,,,,,,,,,,,,,,
2.149166,figure8_0.20_круг влево,10329,258351,25024,0,0,1.067664,1.584918,1.062810,1.497595,22,31,60873,65429,33,56,0.212097,0.033393,0.321592,0.193050,0.336226,-1,,,,,,,,,,,,,,,,
2.174855,figure8_0.20_круг влево,10330,258376,24988,0,0,1.067664,1.584918,1.112720,1.451374,23,30,60896,65459,32,57,0.216676,0.034935,0.328136,0.193328,0.261886,-1,,,,,,,,,,,,,,,,
2.201800,figure8_0.20_круг влево,10331,258401,24988,0,0,1.067664,1.584918,1.161099,1.548132,24,32,60920,65491,31,56,0.221501,0.036598,0.335614,0.204271,0.299299,-1,,,,,,,,,,,,,,,,
2.225443,figure8_0.20_круг влево,10332,258426,25008,0,0,1.067664,1.584918,1.111830,1.595234,23,33,60942,65523,32,56,0.226313,0.038301,0.344963,0.204108,0.373824,-1,,,,,,,,,,,,,,,,
2.251345,figure8_0.20_круг влево,10333,258451,24988,0,0,1.067664,1.584918,0.967583,1.499753,20,31,60964,65555,34,57,0.230680,0.039896,0.355246,0.186033,0.411535,-1,,,,,,,,,,,,,,,,
2.277271,figure8_0.20_круг влево,10334,258476,25004,0,0,1.067664,1.584918,1.160356,1.643838,24,34,60987,65588,31,55,0.235627,0.041758,0.364595,0.211431,0.373884,-1,,,,,,,,,,,,,,,,
2.300479,figure8_0.20_круг влево,10335,258501,25012,0,0,1.067664,1.584918,1.111652,1.594979,23,33,61011,65621,32,56,0.240388,0.043600,0.373944,0.204075,0.373764,-1,,,,,,,,,,,,,,,,
2.327630,figure8_0.20_круг влево,10336,258526,24984,0,0,1.067664,1.584918,1.112898,1.548380,23,32,61033,65654,32,56,0.245047,0.045451,0.382357,0.200656,0.336765,-1,,,,,,,,,,,,,,,,
2.350555,figure8_0.20_круг влево,10337,258551,25020,0,0,1.067664,1.584918,1.062979,1.594469,22,33,61056,65686,32,56,0.249688,0.047345,0.392641,0.200367,0.411009,-1,,,,,,,,,,,,,,,,
2.375974,figure8_0.20_круг влево,10338,258576,24976,0,0,1.067664,1.584918,1.113254,1.548876,23,32,61078,65719,31,56,0.254312,0.049283,0.401055,0.200720,0.336873,-1,,,,,,,,,,,,,,,,
2.401508,figure8_0.20_круг влево,10339,258601,25024,0,0,1.067664,1.584918,1.014500,1.642524,21,34,61099,65753,33,55,0.258915,0.051268,0.413208,0.200335,0.485660,-1,,,,,,,,,,,,,,,,
2.426957,figure8_0.20_круг влево,10340,258626,24972,0,0,1.067664,1.584918,1.016613,1.549124,21,32,61120,65785,33,56,0.263329,0.053231,0.423491,0.193452,0.411799,-1,,,,,,,,,,,,,,,,
2.452390,figure8_0.20_круг влево,10341,258651,25028,0,0,1.067664,1.584918,1.110942,1.642261,23,34,61143,65818,32,55,0.268055,0.055390,0.433775,0.207587,0.410878,-1,,,,,,,,,,,,,,,,
2.478011,figure8_0.20_круг влево,10342,258676,24996,0,0,1.067664,1.584918,1.064000,1.596000,22,33,61165,65852,32,56,0.272593,0.057521,0.444058,0.200559,0.411404,-1,,,,,,,,,,,,,,,,
2.503989,figure8_0.20_круг влево,10343,258701,25004,0,0,1.067664,1.584918,0.966963,1.643838,20,34,61185,65885,34,55,0.277024,0.059664,0.457146,0.196850,0.523437,-1,,,,,,,,,,,,,,,,
2.529039,figure8_0.20_круг влево,10344,258726,24980,0,0,1.067664,1.584918,1.064682,1.548628,22,32,61208,65918,32,56,0.281430,0.061857,0.466495,0.197039,0.374243,-1,,,,,,,,,,,,,,,,
2.557168,figure8_0.20_круг влево,10345,258751,25008,0,0,1.067664,1.584918,1.160170,1.546894,24,32,61231,65950,31,56,0.285980,0.064170,0.473974,0.204108,0.299059,-1,,,,,,,,,,,,,,,,
2.586562,figure8_0.20_круг влево,10346,258776,25000,0,0,1.067664,1.584918,1.015474,1.644101,21,34,61252,65984,33,55,0.290427,0.066485,0.486127,0.200527,0.486127,-1,,,,,,,,,,,,,,,,
2.613966,figure8_0.20_круг влево,10347,258801,25000,0,0,1.067664,1.584918,1.015474,1.547389,21,32,61274,66016,33,56,0.294686,0.068764,0.496410,0.193235,0.411338,-1,,,,,,,,,,,,,,,,
2.629316,figure8_0.20_круг влево,10348,258826,24992,0,0,1.067664,1.584918,1.112542,1.644627,23,34,61296,66049,32,55,0.299242,0.071262,0.506694,0.207886,0.411470,-1,,,,,,,,,,,,,,,,
2.654793,figure8_0.20_круг влево,10349,258851,25016,0,0,1.067664,1.584918,1.063149,1.594724,22,33,61318,66082,32,55,0.303613,0.073717,0.516977,0.200399,0.411075,-1,,,,,,,,,,,,,,,,
2.680100,figure8_0.20_круг влево,10350,258876,25016,0,0,1.067664,1.584918,1.014825,1.546399,21,32,61338,66114,33,56,0.307800,0.076127,0.527261,0.193112,0.411075,-1,,,,,,,,,,,,,,,,
2.715103,figure8_0.20_круг влево,10351,258902,24992,0,0,1.067664,1.584918,1.064170,1.547884,22,32,61361,66146,33,56,0.312042,0.078623,0.536609,0.196944,0.374063,-1,,,,,,,,,,,,,,,,
2.730763,figure8_0.20_круг влево,10352,258926,25040,0,0,1.067664,1.584918,1.110409,1.496638,23,31,61384,66178,32,57,0.316263,0.081155,0.544088,0.196567,0.298677,-1,,,,,,,,,,,,,,,,
2.756790,figure8_0.20_круг влево,10353,258951,24928,0,0,1.067664,1.584918,1.018407,1.648849,21,34,61405,66211,33,55,0.320536,0.083776,0.556241,0.201106,0.487531,-1,,,,,,,,,,,,,,,,
2.782973,figure8_0.20_круг влево,10354,258976,25000,0,0,1.067664,1.584918,1.015474,1.499033,21,31,61426,66243,33,57,0.324550,0.086298,0.565590,0.189589,0.373944,-1,,,,,,,,,,,,,,,,
2.808691,figure8_0.20_круг влево,10355,259001,25004,0,0,1.067664,1.584918,1.112008,1.595490,23,33,61450,66276,32,56,0.328846,0.089053,0.574938,0.204141,0.373884,-1,,,,,,,,,,,,,,,,
2.832657,figure8_0.20_круг влево,10356,259026,25004,0,0,1.067664,1.584918,1.063660,1.547141,22,32,61472,66308,33,56,0.332964,0.091749,0.584287,0.196850,0.373884,-1,,,,,,,,,,,,,,,,
2.856247,figure8_0.20_круг влево,10357,259051,24992,0,0,1.067664,1.584918,1.015799,1.596256,21,33,61492,66340,33,56,0.337054,0.094487,0.595505,0.196944,0.448876,-1,,,,,,,,,,,,,,,,
2.882349,figure8_0.20_круг влево,10358,259076,25032,0,0,1.067664,1.584918,1.110764,1.593705,23,33,61515,66373,32,56,0.341267,0.097370,0.604854,0.203912,0.373466,-1,,,,,,,,,,,,,,,,
2.910397,figure8_0.20_круг влево,10359,259101,24972,0,0,1.067664,1.584918,1.065023,1.597534,22,33,61537,66406,33,56,0.345376,0.100242,0.615137,0.200752,0.411799,-1,,,,,,,,,,,,,,,,
2.934474,figure8_0.20_круг влево,10360,259126,25016,0,0,1.067664,1.584918,0.966500,1.594724,20,33,61558,66440,34,56,0.349304,0.103053,0.627290,0.193112,0.485816,-1,,,,,,,,,,,,,,,,
2.958463,figure8_0.20_круг влево,10361,259151,24980,0,0,1.067664,1.584918,1.064682,1.645417,22,34,61579,66474,33,55,0.353420,0.106073,0.638509,0.204337,0.449092,-1,,,,,,,,,,,,,,,,
2.985053,figure8_0.20_круг влево,10362,259176,25016,0,0,1.067664,1.584918,1.111474,1.594724,23,33,61602,66507,32,56,0.357504,0.109134,0.647857,0.204043,0.373704,-1,,,,,,,,,,,,,,,,
3.008319,figure8_0.20_круг влево,10363,259201,25016,0,0,1.067664,1.584918,1.063149,1.643049,22,34,61624,66540,33,55,0.361557,0.112237,0.659076,0.204043,0.448445,-1,,,,,,,,,,,,,,,,
3.035431,figure8_0.20_круг влево,10364,259226,24988,0,0,1.067664,1.584918,0.967583,1.596511,20,33,61644,66573,34,55,0.365358,0.115218,0.671229,0.193328,0.486360,-1,,,,,,,,,,,,,,,,
3.058662,figure8_0.20_круг влево,10365,259251,25000,0,0,1.067664,1.584918,1.063830,1.644101,22,34,61666,66607,33,55,0.369337,0.118415,0.682447,0.204173,0.448732,-1,,,,,,,,,,,,,,,,
3.086336,figure8_0.20_круг влево,10366,259276,24988,0,0,1.067664,1.584918,1.112720,1.596511,23,33,61689,66640,32,55,0.373283,0.121653,0.691796,0.204271,0.374123,-1,,,,,,,,,,,,,,,,
3.110031,figure8_0.20_круг влево,10367,259301,25008,0,0,1.067664,1.584918,1.015149,1.595234,21,33,61710,66674,34,55,0.377056,0.124814,0.703014,0.196818,0.448589,-1,,,,,,,,,,,,,,,,
3.134402,figure8_0.20_круг влево,10368,259326,25004,0,0,1.067664,1.584918,1.015312,1.643838,21,34,61731,66708,34,55,0.380861,0.128079,0.715167,0.200495,0.486049,-1,,,,,,,,,,,,,,,,
3.162052,figure8_0.20_круг влево,10369,259351,24996,0,0,1.067664,1.584918,1.112364,1.596000,23,33,61754,66741,32,55,0.384699,0.131444,0.724516,0.204206,0.374003,-1,,,,,,,,,,,,,,,,
3.185143,figure8_0.20_круг влево,10370,259376,25016,0,0,1.067664,1.584918,1.159799,1.643049,24,34,61778,66774,32,54,0.388641,0.134966,0.733864,0.211330,0.373704,-1,,,,,,,,,,,,,,,,
3.211063,figure8_0.20_круг влево,10371,259401,24976,0,0,1.067664,1.584918,1.016450,1.500473,21,31,61800,66806,33,56,0.392146,0.138157,0.743213,0.189772,0.374303,-1,,,,,,,,,,,,,,,,
3.236961,figure8_0.20_круг влево,10372,259426,25000,0,0,1.067664,1.584918,1.063830,1.644101,22,34,61822,66840,33,54,0.395885,0.141632,0.754431,0.204173,0.448732,-1,,,,,,,,,,,,,,,,
3.263885,figure8_0.20_круг влево,10373,259451,25016,0,0,1.067664,1.584918,1.159799,1.594724,24,33,61845,66873,31,55,0.399656,0.145206,0.762845,0.207686,0.336334,-1,,,,,,,,,,,,,,,,
3.288994,figure8_0.20_круг влево,10374,259476,24992,0,0,1.067664,1.584918,0.967428,1.596256,20,33,61866,66906,34,55,0.403127,0.148565,0.774998,0.193297,0.486282,-1,,,,,,,,,,,,,,,,
3.311995,figure8_0.20_круг влево,10375,259501,24988,0,0,1.067664,1.584918,1.015962,1.596511,21,33,61886,66939,34,55,0.406624,0.152029,0.786216,0.196976,0.448948,-1,,,,,,,,,,,,,,,,
3.338129,figure8_0.20_круг влево,10376,259526,25168,0,0,1.067664,1.584918,1.104762,1.585093,23,33,61910,66972,32,55,0.410214,0.155658,0.795565,0.202810,0.371448,-1,,,,,,,,,,,,,,,,
3.363670,figure8_0.20_круг влево,10377,259551,24988,0,0,1.067664,1.584918,1.112720,1.596511,23,33,61933,67004,32,55,0.413769,0.159320,0.804913,0.204271,0.374123,-1,,,,,,,,,,,,,,,,
3.389843,figure8_0.20_круг влево,10378,259576,24852,0,0,1.067664,1.584918,0.972878,1.507960,20,31,61952,67035,34,56,0.416974,0.162687,0.815197,0.187051,0.413788,-1,,,,,,,,,,,,,,,,
3.413547,figure8_0.20_круг влево,10379,259601,25004,0,0,1.067664,1.584918,0.966963,1.595490,20,33,61972,67068,34,55,0.420265,0.166224,0.827350,0.193204,0.486049,-1,,,,,,,,,,,,,,,,
3.439147,figure8_0.20_круг влево,10380,259627,25008,0,0,1.067664,1.584918,1.111830,1.546894,23,32,61996,67101,33,56,0.423643,0.169928,0.835764,0.200463,0.336442,-1,,,,,,,,,,,,,,,,
3.465359,figure8_0.20_круг влево,10381,259651,24992,0,0,1.067664,1.584918,1.064170,1.547884,22,32,62017,67133,33,56,0.426926,0.173595,0.845112,0.196944,0.374063,-1,,,,,,,,,,,,,,,,
3.491374,figure8_0.20_круг влево,10382,259676,25016,0,0,1.067664,1.584918,0.966500,1.594724,20,33,62037,67165,35,55,0.430110,0.177228,0.857265,0.193112,0.485816,-1,,,,,,,,,,,,,,,,
3.514850,figure8_0.20_круг влево,10383,259701,24992,0,0,1.067664,1.584918,1.015799,1.596256,21,33,62059,67198,34,55,0.433311,0.180967,0.868484,0.196944,0.448876,-1,,,,,,,,,,,,,,,,
3.540863,figure8_0.20_круг влево,10384,259726,24984,0,0,1.067664,1.584918,1.161285,1.548380,24,32,62082,67231,32,56,0.436594,0.184876,0.875963,0.204304,0.299346,-1,,,,,,,,,,,,,,,,
3.567121,figure8_0.20_круг влево,10385,259751,25020,0,0,1.067664,1.584918,0.918028,1.546152,19,32,62101,67262,35,56,0.439548,0.188465,0.888116,0.185795,0.485738,-1,,,,,,,,,,,,,,,,
3.600211,figure8_0.20_круг влево,10386,259776,25004,0,0,1.067664,1.584918,1.015312,1.547141,21,32,62122,67294,34,56,0.442577,0.192229,0.898399,0.193204,0.411272,-1,,,,,,,,,,,,,,,,
3.616543,figure8_0.20_круг влево,10387,259801,24976,0,0,1.067664,1.584918,1.113254,1.597278,23,33,62145,67327,33,55,0.445737,0.196237,0.907748,0.204369,0.374303,-1,,,,,,,,,,,,,,,,
3.642266,figure8_0.20_круг влево,10388,259826,25032,0,0,1.067664,1.584918,1.062470,1.545411,22,32,62167,67359,34,56,0.448749,0.200130,0.917096,0.196630,0.373466,-1,,,,,,,,,,,,,,,,
3.666375,figure8_0.20_круг влево,10389,259851,24960,0,0,1.067664,1.584918,0.968668,1.501435,20,31,62187,67391,35,57,0.451557,0.203835,0.927380,0.186241,0.411997,-1,,,,,,,,,,,,,,,,
3.692897,figure8_0.20_круг влево,10390,259876,25012,0,0,1.067664,1.584918,1.014987,1.594979,21,33,62209,67424,35,56,0.454487,0.207789,0.938598,0.196787,0.448517,-1,,,,,,,,,,,,,,,,
3.717301,figure8_0.20_круг влево,10391,259901,25004,0,0,1.067664,1.584918,1.160356,1.595490,24,33,62232,67457,32,56,0.457540,0.211994,0.947012,0.207786,0.336495,-1,,,,,,,,,,,,,,,,
3.741256,figure8_0.20_круг влево,10392,259926,25000,0,0,1.067664,1.584918,0.967118,1.595745,20,33,62252,67490,35,56,0.460338,0.215932,0.959165,0.193235,0.486127,-1,,,,,,,,,,,,,,,,
3.766920,figure8_0.20_круг влево,10393,259951,25004,0,0,1.067664,1.584918,0.966963,1.595490,20,33,62272,67523,35,56,0.463088,0.219904,0.971318,0.193204,0.486049,-1,,,,,,,,,,,,,,,,
3.793611,figure8_0.20_круг влево,10394,259976,25004,0,0,1.067664,1.584918,1.112008,1.643838,23,34,62295,67557,33,55,0.465997,0.224208,0.981602,0.207786,0.411272,-1,,,,,,,,,,,,,,,,
3.817417,figure8_0.20_круг влево,10395,260001,24996,0,0,1.067664,1.584918,1.064000,1.547637,22,32,62317,67589,34,56,0.468713,0.228313,0.990950,0.196913,0.374003,-1,,,,,,,,,,,,,,,,
3.845359,figure8_0.20_круг влево,10396,260026,25004,0,0,1.067664,1.584918,0.966963,1.595490,20,33,62337,67621,35,56,0.471335,0.232370,1.003103,0.193204,0.486049,-1,,,,,,,,,,,,,,,,
3.869211,figure8_0.20_круг влево,10397,260051,24980,0,0,1.067664,1.584918,1.016287,1.597022,21,33,62358,67655,35,55,0.473958,0.236535,1.014322,0.197039,0.449091,-1,,,,,,,,,,,,,,,,
3.893396,figure8_0.20_круг влево,10398,260076,25016,0,0,1.067664,1.584918,1.063149,1.643049,22,34,62381,67689,34,55,0.476630,0.240884,1.025540,0.204043,0.448445,-1,,,,,,,,,,,,,,,,
3.918908,figure8_0.20_круг влево,10399,260101,25004,0,0,1.067664,1.584918,1.015312,1.595490,21,33,62401,67722,35,55,0.479159,0.245107,1.036758,0.196850,0.448660,-1,,,,,,,,,,,,,,,,
3.944773,figure8_0.20_круг влево,10400,260126,24976,0,0,1.067664,1.584918,0.919645,1.645681,19,34,62420,67756,37,55,0.481589,0.249282,1.050781,0.193421,0.561454,-1,,,,,,,,,,,,,,,,
3.970824,figure8_0.20_круг влево,10401,260151,25020,0,0,1.067664,1.584918,1.014662,1.691104,21,35,62442,67790,35,54,0.484096,0.253728,1.063869,0.204010,0.523102,-1,,,,,,,,,,,,,,,,
3.996796,figure8_0.20_круг влево,10402,260176,24980,0,0,1.067664,1.584918,1.161471,1.645417,24,34,62465,67825,33,54,0.486641,0.258362,1.073218,0.211634,0.374243,-1,,,,,,,,,,,,,,,,
4.020579,figure8_0.20_круг влево,10403,260201,25040,0,0,1.067664,1.584918,1.013852,1.641474,21,34,62486,67858,35,54,0.489007,0.262782,1.085371,0.200207,0.485350,-1,,,,,,,,,,,,,,,,
4.046987,figure8_0.20_круг влево,10404,260226,24988,0,0,1.067664,1.584918,0.967583,1.596511,20,33,62506,67891,36,55,0.491235,0.267068,1.097524,0.193328,0.486360,-1,,,,,,,,,,,,,,,,
4.071341,figure8_0.20_круг влево,10405,260251,24992,0,0,1.067664,1.584918,1.112542,1.644627,23,34,62529,67925,34,54,0.493579,0.271705,1.107808,0.207886,0.411470,-1,,,,,,,,,,,,,,,,
4.095365,figure8_0.20_круг влево,10406,260276,24980,0,0,1.067664,1.584918,1.064682,1.548628,22,32,62551,67958,35,55,0.495757,0.276119,1.117156,0.197039,0.374243,-1,,,,,,,,,,,,,,,,
4.121853,figure8_0.20_круг влево,10407,260301,25020,0,0,1.067664,1.584918,1.014662,1.594469,21,33,62572,67991,36,55,0.497889,0.280555,1.128375,0.196724,0.448374,-1,,,,,,,,,,,,,,,,
4.146621,figure8_0.20_круг влево,10408,260326,25004,0,0,1.067664,1.584918,1.112008,1.595490,23,33,62595,68024,34,55,0.500053,0.285178,1.137723,0.204141,0.373884,-1,,,,,,,,,,,,,,,,
4.171911,figure8_0.20_круг влево,10409,260350,24984,0,0,1.067664,1.584918,1.112898,1.596767,23,33,62618,68056,34,55,0.502173,0.289821,1.147072,0.204304,0.374183,-1,,,,,,,,,,,,,,,,
4.197472,figure8_0.20_круг влево,10410,260376,25016,0,0,1.067664,1.584918,1.063149,1.594724,22,33,62640,68090,35,55,0.504211,0.294401,1.157355,0.200399,0.411075,-1,,,,,,,,,,,,,,,,
4.225189,figure8_0.20_круг влево,10411,260401,25008,0,0,1.067664,1.584918,0.966809,1.595234,20,33,62660,68123,36,55,0.506125,0.298837,1.169508,0.193173,0.485971,-1,,,,,,,,,,,,,,,,
4.247703,figure8_0.20_круг влево,10412,260426,24988,0,0,1.067664,1.584918,1.112720,1.644890,23,34,62683,68156,34,54,0.508130,0.303630,1.179792,0.207919,0.411535,-1,,,,,,,,,,,,,,,,
4.273635,figure8_0.20_круг влево,10413,260451,25004,0,0,1.067664,1.584918,1.063660,1.595490,22,33,62705,68189,35,54,0.510017,0.308275,1.190075,0.200495,0.411272,-1,,,,,,,,,,,,,,,,
4.298946,figure8_0.20_круг влево,10414,260476,24992,0,0,1.067664,1.584918,0.967428,1.547884,20,32,62725,68222,36,55,0.511753,0.312685,1.201294,0.189650,0.448876,-1,,,,,,,,,,,,,,,,
4.324179,figure8_0.20_круг влево,10415,260501,24992,0,0,1.067664,1.584918,1.064170,1.644627,22,34,62746,68255,35,54,0.513570,0.317455,1.212512,0.204239,0.448876,-1,,,,,,,,,,,,,,,,
4.350500,figure8_0.20_круг влево,10416,260526,24996,0,0,1.067664,1.584918,1.112364,1.596000,23,33,62770,68288,34,54,0.515337,0.322243,1.221861,0.204206,0.374003,-1,,,,,,,,,,,,,,,,
4.373592,figure8_0.20_круг влево,10417,260551,25004,0,0,1.067664,1.584918,1.015312,1.547141,21,32,62792,68320,36,55,0.516966,0.326792,1.232144,0.193204,0.411272,-1,,,,,,,,,,,,,,,,
4.401687,figure8_0.20_круг влево,10418,260576,25024,0,0,1.067664,1.584918,0.966191,1.449286,20,30,62811,68351,37,57,0.518460,0.331097,1.241493,0.182123,0.373585,-1,,,,,,,,,,,,,,,,
4.426730,figure8_0.20_круг влево,10419,260601,24992,0,0,1.067664,1.584918,1.112542,1.596256,23,33,62834,68384,35,55,0.520088,0.335935,1.250841,0.204239,0.374063,-1,,,,,,,,,,,,,,,,
4.450064,figure8_0.20_круг влево,10420,260626,25000,0,0,1.067664,1.584918,1.160542,1.547389,24,32,62858,68415,34,55,0.521675,0.340786,1.258320,0.204173,0.299155,-1,,,,,,,,,,,,,,,,
4.476041,figure8_0.20_круг влево,10421,260651,24992,0,0,1.067664,1.584918,1.015799,1.499513,21,31,62880,68447,36,56,0.523111,0.345303,1.267669,0.189650,0.374063,-1,,,,,,,,,,,,,,,,
4.501295,figure8_0.20_круг влево,10422,260676,25000,0,0,1.067664,1.584918,1.063830,1.595745,22,33,62902,68480,35,55,0.524583,0.350096,1.277952,0.200527,0.411338,-1,,,,,,,,,,,,,,,,
4.527545,figure8_0.20_круг влево,10423,260701,25008,0,0,1.067664,1.584918,1.160170,1.595234,24,33,62925,68513,34,55,0.526062,0.355076,1.286366,0.207753,0.336442,-1,,,,,,,,,,,,,,,,
4.551029,figure8_0.20_круг влево,10424,260726,24988,0,0,1.067664,1.584918,1.064341,1.596511,22,33,62947,68546,35,55,0.527444,0.359895,1.296649,0.200624,0.411535,-1,,,,,,,,,,,,,,,,
4.576106,figure8_0.20_круг влево,10425,260751,24988,0,0,1.067664,1.584918,0.967583,1.548132,20,32,62967,68578,36,56,0.528701,0.364465,1.307868,0.189680,0.448948,-1,,,,,,,,,,,,,,,,
4.602073,figure8_0.20_круг влево,10426,260776,25004,0,0,1.067664,1.584918,1.112008,1.643838,23,34,62990,68612,35,54,0.530026,0.369489,1.318151,0.207786,0.411272,-1,,,,,,,,,,,,,,,,
4.627633,figure8_0.20_круг влево,10427,260801,25004,0,0,1.067664,1.584918,1.160356,1.595490,24,33,63014,68644,34,55,0.531303,0.374525,1.326565,0.207786,0.336495,-1,,,,,,,,,,,,,,,,
4.653476,figure8_0.20_круг влево,10428,260826,25004,0,0,1.067664,1.584918,1.015312,1.498793,21,31,63034,68676,36,56,0.532428,0.379129,1.335914,0.189559,0.373884,-1,,,,,,,,,,,,,,,,
4.679199,figure8_0.20_круг влево,10429,260851,25016,0,0,1.067664,1.584918,1.014825,1.594724,21,33,63056,68708,36,55,0.533546,0.383922,1.347132,0.196755,0.448445,-1,,,,,,,,,,,,,,,,
4.702192,figure8_0.20_круг влево,10430,260876,25004,0,0,1.067664,1.584918,1.160356,1.595490,24,33,63081,68741,34,55,0.534678,0.388993,1.355546,0.207786,0.336495,-1,,,,,,,,,,,,,,,,
4.729896,figure8_0.20_круг влево,10431,260901,24972,0,0,1.067664,1.584918,1.113433,1.549124,23,32,63104,68774,34,56,0.535728,0.393895,1.363959,0.200752,0.336927,-1,,,,,,,,,,,,,,,,
4.755144,figure8_0.20_круг влево,10432,260926,25000,0,0,1.067664,1.584918,0.967118,1.547389,20,32,63123,68806,36,56,0.536675,0.398539,1.375178,0.189589,0.448732,-1,,,,,,,,,,,,,,,,
4.778039,figure8_0.20_круг влево,10433,260951,25012,0,0,1.067664,1.584918,1.111652,1.643312,23,34,63146,68840,34,54,0.537659,0.403641,1.385461,0.207719,0.411141,-1,,,,,,,,,,,,,,,,
4.804708,figure8_0.20_круг влево,10434,260976,25028,0,0,1.067664,1.584918,1.207545,1.593960,25,33,63171,68872,33,55,0.538613,0.408840,1.392940,0.211228,0.298820,-1,,,,,,,,,,,,,,,,
4.830301,figure8_0.20_круг влево,10435,261001,24960,0,0,1.067664,1.584918,1.065535,1.549869,22,32,63193,68904,35,56,0.539462,0.413689,1.402289,0.197197,0.374543,-1,,,,,,,,,,,,,,,,
4.856156,figure8_0.20_круг влево,10436,261026,24996,0,0,1.067664,1.584918,1.064000,1.596000,22,33,63215,68937,35,55,0.540277,0.418635,1.412572,0.200559,0.411404,-1,,,,,,,,,,,,,,,,
4.882429,figure8_0.20_круг влево,10437,261051,25008,0,0,1.067664,1.584918,1.160170,1.546894,24,32,63239,68970,33,56,0.541062,0.423679,1.420051,0.204108,0.299059,-1,,,,,,,,,,,,,,,,
4.905676,figure8_0.20_круг влево,10438,261075,24992,0,0,1.067664,1.584918,1.015799,1.596256,21,33,63260,69003,35,55,0.541774,0.428549,1.431269,0.196944,0.448876,-1,,,,,,,,,,,,,,,,
4.931943,figure8_0.20_круг влево,10439,261101,25008,0,0,1.067664,1.584918,1.015149,1.595234,21,33,63280,69036,35,55,0.542431,0.433427,1.442487,0.196818,0.448589,-1,,,,,,,,,,,,,,,,
4.955845,figure8_0.20_круг влево,10440,261126,24996,0,0,1.067664,1.584918,1.064000,1.644364,22,34,63304,69070,35,54,0.543056,0.438493,1.453706,0.204206,0.448804,-1,,,,,,,,,,,,,,,,
4.981864,figure8_0.20_круг влево,10441,261151,25000,0,0,1.067664,1.584918,1.160542,1.595745,24,33,63326,69103,33,55,0.543641,0.443655,1.462119,0.207819,0.336549,-1,,,,,,,,,,,,,,,,
5.005975,figure8_0.20_круг влево,10442,261176,25024,0,0,1.067664,1.584918,0.917881,1.545905,19,32,63346,69134,37,56,0.544118,0.448279,1.474273,0.185765,0.485660,-1,,,,,,,,,,,,,,,,
5.032407,figure8_0.20_круг влево,10443,261201,24976,0,0,1.067664,1.584918,1.064852,1.597278,22,33,63368,69167,35,55,0.544575,0.453272,1.484556,0.200720,0.411733,-1,,,,,,,,,,,,,,,,
5.058331,figure8_0.20_круг влево,10444,261226,25016,0,0,1.067664,1.584918,1.111474,1.546399,23,32,63391,69199,34,56,0.544986,0.458268,1.492970,0.200399,0.336334,-1,,,,,,,,,,,,,,,,
5.082042,figure8_0.20_круг влево,10445,261251,25008,0,0,1.067664,1.584918,1.063490,1.595234,22,33,63413,69232,35,55,0.545350,0.463268,1.503253,0.200463,0.411206,-1,,,,,,,,,,,,,,,,
5.108221,figure8_0.20_круг влево,10446,261276,24972,0,0,1.067664,1.584918,0.968202,1.549124,20,32,63433,69264,36,56,0.545643,0.467999,1.514472,0.189802,0.449235,-1,,,,,,,,,,,,,,,,
5.134208,figure8_0.20_круг влево,10447,261301,25000,0,0,1.067664,1.584918,1.112186,1.547389,23,32,63456,69297,34,56,0.545904,0.473005,1.522885,0.200527,0.336549,-1,,,,,,,,,,,,,,,,
5.157752,figure8_0.20_круг влево,10448,261326,25004,0,0,1.067664,1.584918,1.160356,1.595490,24,33,63480,69330,33,55,0.546131,0.478196,1.531299,0.207786,0.336495,-1,,,,,,,,,,,,,,,,
5.182699,figure8_0.20_круг влево,10449,261351,25036,0,0,1.067664,1.584918,0.965727,1.545164,20,32,63500,69361,36,56,0.546292,0.482933,1.542517,0.189317,0.448087,-1,,,,,,,,,,,,,,,,
5.208358,figure8_0.20_круг влево,10450,261376,24980,0,0,1.067664,1.584918,1.016287,1.548628,21,32,63521,69393,36,56,0.546404,0.487762,1.552801,0.193390,0.411667,-1,,,,,,,,,,,,,,,,
5.233763,figure8_0.20_круг влево,10451,261401,24980,0,0,1.067664,1.584918,1.161471,1.500233,24,31,63545,69424,34,57,0.546477,0.492775,1.559345,0.200688,0.261970,-1,,,,,,,,,,,,,,,,
5.259031,figure8_0.20_круг влево,10452,261426,25028,0,0,1.067664,1.584918,1.062640,1.545658,22,32,63567,69456,35,56,0.546511,0.497697,1.568693,0.196661,0.373525,-1,,,,,,,,,,,,,,,,
5.284264,figure8_0.20_круг влево,10453,261451,24976,0,0,1.067664,1.584918,1.016450,1.500473,21,31,63588,69487,36,57,0.546499,0.502436,1.578042,0.189772,0.374303,-1,,,,,,,,,,,,,,,,
5.309770,figure8_0.20_круг влево,10454,261476,25008,0,0,1.067664,1.584918,1.111830,1.450213,23,30,63611,69518,34,58,0.546448,0.507267,1.584586,0.193173,0.261677,-1,,,,,,,,,,,,,,,,
5.335819,figure8_0.20_круг влево,10455,261501,24992,0,0,1.067664,1.584918,1.209285,1.547884,25,32,63636,69550,33,57,0.546359,0.512462,1.591130,0.207886,0.261844,-1,,,,,,,,,,,,,,,,
5.362005,figure8_0.20_круг влево,10456,261526,25012,0,0,1.067664,1.584918,1.014987,1.449981,21,30,63657,69580,35,58,0.546245,0.517109,1.599544,0.185854,0.336388,-1,,,,,,,,,,,,,,,,
5.385992,figure8_0.20_круг влево,10457,261551,24992,0,0,1.067664,1.584918,1.015799,1.499513,21,31,63678,69611,35,58,0.546087,0.521846,1.608892,0.189650,0.374063,-1,,,,,,,,,,,,,,,,
5.411537,figure8_0.20_круг влево,10458,261576,25000,0,0,1.067664,1.584918,1.160542,1.499033,24,31,63702,69642,33,58,0.545880,0.526855,1.615436,0.200527,0.261760,-1,,,,,,,,,,,,,,,,
5.435595,figure8_0.20_круг влево,10459,261601,24996,0,0,1.067664,1.584918,1.064000,1.499273,22,31,63724,69672,35,58,0.545644,0.531680,1.623850,0.193266,0.336603,-1,,,,,,,,,,,,,,,,
5.461783,figure8_0.20_круг влево,10460,261626,24996,0,0,1.067664,1.584918,1.015636,1.547637,21,32,63745,69704,35,58,0.545363,0.536503,1.634133,0.193266,0.411404,-1,,,,,,,,,,,,,,,,
5.487686,figure8_0.20_круг влево,10461,261651,25016,0,0,1.067664,1.584918,1.111474,1.498074,23,31,63768,69735,34,58,0.545033,0.541414,1.641612,0.196755,0.298964,-1,,,,,,,,,,,,,,,,
5.513620,figure8_0.20_круг влево,10462,261676,25008,0,0,1.067664,1.584918,1.160170,1.498553,24,31,63792,69767,33,59,0.544662,0.546413,1.648156,0.200463,0.261677,-1,,,,,,,,,,,,,,,,
5.537076,figure8_0.20_круг влево,10463,261701,24984,0,0,1.067664,1.584918,1.016124,1.596767,21,33,63813,69799,35,57,0.544254,0.551318,1.659374,0.197007,0.449020,-1,,,,,,,,,,,,,,,,
5.563331,figure8_0.20_круг влево,10464,261726,25012,0,0,1.067664,1.584918,1.014987,1.498314,21,31,63834,69831,35,59,0.543812,0.556037,1.668723,0.189498,0.373764,-1,,,,,,,,,,,,,,,,
5.589190,figure8_0.20_круг влево,10465,261751,25012,0,0,1.067664,1.584918,1.159985,1.643312,24,34,63858,69865,33,57,0.543271,0.561296,1.678072,0.211364,0.373764,-1,,,,,,,,,,,,,,,,
5.614641,figure8_0.20_круг влево,10466,261776,24988,0,0,1.067664,1.584918,1.161099,1.499753,24,31,63882,69895,33,59,0.542718,0.566279,1.684616,0.200624,0.261886,-1,,,,,,,,,,,,,,,,
5.639281,figure8_0.20_круг влево,10467,261800,24984,0,0,1.067664,1.584918,1.016124,1.548380,21,32,63903,69927,35,58,0.542145,0.571075,1.694899,0.193359,0.411601,-1,,,,,,,,,,,,,,,,
5.664699,figure8_0.20_круг влево,10468,261826,24996,0,0,1.067664,1.584918,1.112364,1.547637,23,32,63926,69959,34,58,0.541503,0.576047,1.703313,0.200559,0.336603,-1,,,,,,,,,,,,,,,,
5.695454,figure8_0.20_круг влево,10469,261851,25032,0,0,1.067664,1.584918,1.159058,1.497117,24,31,63950,69991,33,59,0.540824,0.581014,1.709857,0.200271,0.261426,-1,,,,,,,,,,,,,,,,
5.716520,figure8_0.20_круг влево,10470,261876,24980,0,0,1.067664,1.584918,1.016287,1.645417,21,34,63971,70025,35,57,0.540099,0.585975,1.722010,0.200688,0.486516,-1,,,,,,,,,,,,,,,,
5.739806,figure8_0.20_круг влево,10471,261901,25008,0,0,1.067664,1.584918,1.063490,1.595234,22,33,63993,70057,34,58,0.539319,0.590927,1.732293,0.200463,0.411206,-1,,,,,,,,,,,,,,,,
5.766236,figure8_0.20_круг влево,10472,261926,24996,0,0,1.067664,1.584918,1.160727,1.596000,24,33,64017,70091,33,58,0.538462,0.596051,1.740707,0.207852,0.336603,-1,,,,,,,,,,,,,,,,
5.789955,figure8_0.20_круг влево,10473,261951,24984,0,0,1.067664,1.584918,1.112898,1.548380,23,32,64040,70123,33,58,0.537593,0.600989,1.749121,0.200656,0.336765,-1,,,,,,,,,,,,,,,,
5.816077,figure8_0.20_круг влево,10474,261976,25008,0,0,1.067664,1.584918,1.015149,1.643575,21,34,64061,70156,35,57,0.536674,0.605917,1.761274,0.200463,0.485971,-1,,,,,,,,,,,,,,,,
5.842262,figure8_0.20_круг влево,10475,262001,25000,0,0,1.067664,1.584918,1.063830,1.595745,22,33,64084,70190,34,58,0.535700,0.610834,1.771557,0.200527,0.411338,-1,,,,,,,,,,,,,,,,
5.865764,figure8_0.20_круг влево,10476,262026,24992,0,0,1.067664,1.584918,1.160913,1.547884,24,32,64107,70222,33,58,0.534663,0.615832,1.779036,0.204239,0.299251,-1,,,,,,,,,,,,,,,,
5.896000,figure8_0.20_круг влево,10477,262051,25016,0,0,1.067664,1.584918,1.014825,1.643049,21,34,64128,70256,35,57,0.533597,0.620731,1.791189,0.200399,0.485816,-1,,,,,,,,,,,,,,,,
5.916409,figure8_0.20_круг влево,10478,262076,25000,0,0,1.067664,1.584918,1.063830,1.595745,22,33,64150,70288,34,57,0.532476,0.625617,1.801473,0.200527,0.411338,-1,,,,,,,,,,,,,,,,
5.943501,figure8_0.20_круг влево,10479,262102,25004,0,0,1.067664,1.584918,1.160356,1.547141,24,32,64175,70321,33,58,0.531290,0.630582,1.808952,0.204141,0.299107,-1,,,,,,,,,,,,,,,,
5.966990,figure8_0.20_круг влево,10480,262126,24984,0,0,1.067664,1.584918,1.161285,1.548380,24,32,64198,70353,32,58,0.530067,0.635537,1.816431,0.204304,0.299346,-1,,,,,,,,,,,,,,,,
5.993516,figure8_0.20_круг влево,10481,262151,25000,0,0,1.067664,1.584918,1.063830,1.547389,22,32,64221,70385,34,58,0.528848,0.640306,1.825779,0.196881,0.373944,-1,,,,,,,,,,,,,,,,
6.019580,figure8_0.20_круг влево,10482,262176,24996,0,0,1.067664,1.584918,1.160727,1.547637,24,32,64244,70417,32,58,0.527542,0.645241,1.833258,0.204206,0.299203,-1,,,,,,,,,,,,,,,,
6.042759,figure8_0.20_круг влево,10483,262201,25032,0,0,1.067664,1.584918,1.159058,1.545411,24,32,64268,70448,32,59,0.526199,0.650165,1.840737,0.203912,0.298772,-1,,,,,,,,,,,,,,,,
6.070299,figure8_0.20_круг влево,10484,262226,25004,0,0,1.067664,1.584918,1.015312,1.595490,21,33,64289,70481,34,58,0.524860,0.654901,1.851955,0.196850,0.448660,-1,,,,,,,,,,,,,,,,
6.095439,figure8_0.20_круг влево,10485,262251,24992,0,0,1.067664,1.584918,1.064170,1.499513,22,31,64311,70512,33,59,0.523500,0.659537,1.860369,0.193297,0.336657,-1,,,,,,,,,,,,,,,,
6.120652,figure8_0.20_круг влево,10486,262276,24980,0,0,1.067664,1.584918,1.113076,1.548628,23,32,64334,70545,33,59,0.522049,0.664335,1.868783,0.200688,0.336819,-1,,,,,,,,,,,,,,,,
6.146205,figure8_0.20_круг влево,10487,262301,25000,0,0,1.067664,1.584918,1.112186,1.547389,23,32,64357,70577,33,59,0.520557,0.669121,1.877196,0.200527,0.336549,-1,,,,,,,,,,,,,,,,
6.171718,figure8_0.20_круг влево,10488,262326,25020,0,0,1.067664,1.584918,0.966345,1.546152,20,32,64377,70609,35,59,0.519102,0.673632,1.888415,0.189438,0.448374,-1,,,,,,,,,,,,,,,,
6.197028,figure8_0.20_круг влево,10489,262351,24984,0,0,1.067664,1.584918,1.064511,1.596767,22,33,64400,70642,33,58,0.517512,0.678387,1.898698,0.200656,0.411601,-1,,,,,,,,,,,,,,,,
6.220438,figure8_0.20_круг влево,10490,262376,25004,0,0,1.067664,1.584918,1.063660,1.595490,22,33,64421,70674,33,58,0.515873,0.683124,1.908981,0.200495,0.411272,-1,,,,,,,,,,,,,,,,
6.246576,figure8_0.20_круг влево,10491,262401,24984,0,0,1.067664,1.584918,0.967737,1.596767,20,33,64441,70708,35,58,0.514242,0.687672,1.921135,0.193359,0.486438,-1,,,,,,,,,,,,,,,,
6.272246,figure8_0.20_круг влево,10492,262426,25024,0,0,1.067664,1.584918,1.014500,1.545905,21,32,64462,70740,34,59,0.512561,0.692201,1.931418,0.193050,0.410943,-1,,,,,,,,,,,,,,,,
6.297009,figure8_0.20_круг влево,10493,262451,24976,0,0,1.067664,1.584918,1.113254,1.597278,23,33,64485,70773,33,58,0.510738,0.696968,1.940767,0.204369,0.374303,-1,,,,,,,,,,,,,,,,
6.322232,figure8_0.20_круг влево,10494,262476,25008,0,0,1.067664,1.584918,1.015149,1.595234,21,33,64506,70806,34,58,0.508932,0.701547,1.951985,0.196818,0.448589,-1,,,,,,,,,,,,,,,,
6.372763,figure8_0.20_круг влево,10495,262501,25000,0,0,1.067664,1.584918,0.918762,1.595745,19,33,64526,70838,36,58,0.507140,0.705935,1.965073,0.189589,0.523521,-1,,,,,,,,,,,,,,,,
6.372763,figure8_0.20_круг влево,10496,262526,25000,0,0,1.067664,1.584918,1.112186,1.547389,23,32,64548,70871,33,59,0.505195,0.710555,1.973487,0.200527,0.336549,-1,,,,,,,,,,,,,,,,
6.396645,figure8_0.20_круг влево,10497,262551,25008,0,0,1.067664,1.584918,1.160170,1.498553,24,31,64572,70902,32,60,0.503215,0.715161,1.980031,0.200463,0.261677,-1,,,,,,,,,,,,,,,,
6.422568,figure8_0.20_круг влево,10498,262576,25004,0,0,1.067664,1.584918,1.015312,1.547141,21,32,64593,70934,34,59,0.501270,0.719583,1.990314,0.193204,0.411272,-1,,,,,,,,,,,,,,,,
6.448735,figure8_0.20_круг влево,10499,262601,24988,0,0,1.067664,1.584918,1.064341,1.548132,22,32,64615,70965,34,59,0.499244,0.724069,1.999663,0.196976,0.374123,-1,,,,,,,,,,,,,,,,
6.474850,figure8_0.20_круг влево,10500,262626,25012,0,0,1.067664,1.584918,1.159985,1.594979,24,33,64639,70998,32,59,0.497064,0.728785,2.008076,0.207719,0.336388,-1,,,,,,,,,,,,,,,,
6.498432,figure8_0.20_круг влево,10501,262651,25000,0,0,1.067664,1.584918,1.015474,1.644101,21,34,64660,71033,34,58,0.494913,0.733313,2.020230,0.200527,0.486127,-1,,,,,,,,,,,,,,,,
6.525399,figure8_0.20_круг влево,10502,262676,25008,0,0,1.067664,1.584918,1.015149,1.595234,21,33,64681,71066,35,58,0.492750,0.737734,2.031448,0.196818,0.448589,-1,,,,,,,,,,,,,,,,
6.550620,figure8_0.20_круг влево,10503,262701,24984,0,0,1.067664,1.584918,1.064511,1.645154,22,34,64704,71100,34,58,0.490455,0.742294,2.042666,0.204304,0.449020,-1,,,,,,,,,,,,,,,,
6.573991,figure8_0.20_круг влево,10504,262726,25040,0,0,1.067664,1.584918,1.158688,1.689753,24,35,64728,71134,32,57,0.487986,0.747071,2.052950,0.214767,0.410681,-1,,,,,,,,,,,,,,,,
6.599674,figure8_0.20_круг влево,10505,262751,24960,0,0,1.067664,1.584918,1.017101,1.598302,21,33,64748,71168,34,58,0.485680,0.751419,2.064168,0.197197,0.449451,-1,,,,,,,,,,,,,,,,
6.624581,figure8_0.20_круг влево,10506,262776,25036,0,0,1.067664,1.584918,1.014014,1.690023,21,35,64770,71202,35,57,0.483233,0.755899,2.077256,0.203880,0.522768,-1,,,,,,,,,,,,,,,,
6.650133,figure8_0.20_круг влево,10507,262801,24976,0,0,1.067664,1.584918,1.161657,1.645681,24,34,64793,71237,32,57,0.480647,0.760510,2.086605,0.211668,0.374303,-1,,,,,,,,,,,,,,,,
6.675377,figure8_0.20_круг влево,10508,262825,24984,0,0,1.067664,1.584918,1.016124,1.645154,21,34,64814,71271,34,57,0.478148,0.764856,2.098758,0.200656,0.486438,-1,,,,,,,,,,,,,,,,
6.703277,figure8_0.20_круг влево,10509,262851,25136,0,0,1.067664,1.584918,0.913791,1.539017,19,32,64834,71302,36,58,0.475782,0.768857,2.110911,0.184937,0.483496,-1,,,,,,,,,,,,,,,,
6.727088,figure8_0.20_круг влево,10510,262876,24872,0,0,1.067664,1.584918,1.117909,1.652562,23,34,64856,71337,33,57,0.473087,0.773299,2.121194,0.208889,0.413455,-1,,,,,,,,,,,,,,,,
6.750479,figure8_0.20_круг влево,10511,262901,24996,0,0,1.067664,1.584918,1.112364,1.644364,23,34,64879,71371,33,57,0.470347,0.777713,2.131478,0.207852,0.411404,-1,,,,,,,,,,,,,,,,
6.776654,figure8_0.20_круг влево,10512,262926,24988,0,0,1.067664,1.584918,1.015962,1.596511,21,33,64900,71403,35,57,0.467706,0.781867,2.142696,0.196976,0.448948,-1,,,,,,,,,,,,,,,,
6.802221,figure8_0.20_круг влево,10513,262951,25004,0,0,1.067664,1.584918,1.015312,1.643838,21,34,64921,71437,35,57,0.464967,0.786066,2.154849,0.200495,0.486049,-1,,,,,,,,,,,,,,,,
6.828025,figure8_0.20_круг влево,10514,262976,25008,0,0,1.067664,1.584918,1.160170,1.691915,24,35,64946,71473,33,56,0.461979,0.790537,2.165133,0.215042,0.411206,-1,,,,,,,,,,,,,,,,
6.856534,figure8_0.20_круг влево,10515,263001,24992,0,0,1.067664,1.584918,1.064170,1.644627,22,34,64967,71506,34,56,0.459097,0.794750,2.176351,0.204239,0.448876,-1,,,,,,,,,,,,,,,,
6.877559,figure8_0.20_круг влево,10516,263026,25016,0,0,1.067664,1.584918,0.966500,1.449749,20,30,64987,71537,35,59,0.456485,0.798485,2.185700,0.182181,0.373704,-1,,,,,,,,,,,,,,,,
6.902467,figure8_0.20_круг влево,10517,263051,24988,0,0,1.067664,1.584918,1.112720,1.693269,23,35,65010,71572,33,56,0.453411,0.802786,2.196918,0.211567,0.448948,-1,,,,,,,,,,,,,,,,
6.929136,figure8_0.20_круг влево,10518,263076,25004,0,0,1.067664,1.584918,1.112008,1.643838,23,34,65034,71605,33,56,0.450345,0.806980,2.207201,0.207786,0.411272,-1,,,,,,,,,,,,,,,,
6.955150,figure8_0.20_круг влево,10519,263101,25008,0,0,1.067664,1.584918,0.966809,1.450213,20,30,65053,71636,35,59,0.447620,0.810633,2.216550,0.182239,0.373824,-1,,,,,,,,,,,,,,,,
6.980998,figure8_0.20_круг влево,10520,263126,24988,0,0,1.067664,1.584918,1.015962,1.644890,21,34,65074,71669,35,56,0.444578,0.814618,2.228703,0.200624,0.486360,-1,,,,,,,,,,,,,,,,
7.004573,figure8_0.20_круг влево,10521,263151,24992,0,0,1.067664,1.584918,1.160913,1.692998,24,35,65098,71705,33,56,0.441268,0.818856,2.238987,0.215180,0.411470,-1,,,,,,,,,,,,,,,,
7.030046,figure8_0.20_круг влево,10522,263176,25020,0,0,1.067664,1.584918,1.062979,1.642787,22,34,65120,71738,34,56,0.438083,0.822845,2.250205,0.204010,0.448374,-1,,,,,,,,,,,,,,,,
7.055897,figure8_0.20_круг влево,10523,263201,25008,0,0,1.067664,1.584918,0.918468,1.401873,19,29,65139,71768,36,60,0.435318,0.826236,2.259554,0.174950,0.373824,-1,,,,,,,,,,,,,,,,
7.079439,figure8_0.20_круг влево,10524,263226,24992,0,0,1.067664,1.584918,1.064170,1.644627,22,34,65162,71802,34,56,0.432052,0.830158,2.270772,0.204239,0.448876,-1,,,,,,,,,,,,,,,,
7.105485,figure8_0.20_круг влево,10525,263251,25008,0,0,1.067664,1.584918,1.208511,1.788596,25,37,65187,71839,32,54,0.428387,0.834460,2.281990,0.225977,0.448589,-1,,,,,,,,,,,,,,,,
7.134535,figure8_0.20_круг влево,10526,263276,25000,0,0,1.067664,1.584918,1.063830,1.595745,22,33,65208,71872,34,57,0.425096,0.838241,2.292274,0.200527,0.411338,-1,,,,,,,,,,,,,,,,
7.157736,figure8_0.20_круг влево,10527,263301,24984,0,0,1.067664,1.584918,1.016124,1.596767,21,33,65229,71905,35,57,0.421824,0.841918,2.303492,0.197007,0.449020,-1,,,,,,,,,,,,,,,,
7.181047,figure8_0.20_круг влево,10528,263326,25004,0,0,1.067664,1.584918,1.112008,1.788882,23,37,65252,71942,34,54,0.418140,0.845960,2.316580,0.218722,0.523437,-1,,,,,,,,,,,,,,,,
7.212029,figure8_0.20_круг влево,10529,263351,24996,0,0,1.067664,1.584918,1.112364,1.741091,23,36,65275,71977,33,54,0.414467,0.849888,2.328733,0.215145,0.486205,-1,,,,,,,,,,,,,,,,
7.232784,figure8_0.20_круг влево,10530,263376,24992,0,0,1.067664,1.584918,0.919056,1.499513,19,31,65294,72009,36,57,0.411315,0.853180,2.339952,0.182356,0.448876,-1,,,,,,,,,,,,,,,,
7.258901,figure8_0.20_круг влево,10531,263401,25016,0,0,1.067664,1.584918,1.063149,1.643049,22,34,65316,72043,34,55,0.407744,0.856828,2.351170,0.204043,0.448445,-1,,,,,,,,,,,,,,,,
7.282587,figure8_0.20_круг влево,10532,263426,24988,0,0,1.067664,1.584918,1.112720,1.790028,23,37,65340,72080,34,53,0.403871,0.860689,2.364258,0.218862,0.523772,-1,,,,,,,,,,,,,,,,
7.314708,figure8_0.20_круг влево,10533,263451,24992,0,0,1.067664,1.584918,0.967428,1.644627,20,34,65359,72114,36,55,0.400340,0.864118,2.377346,0.196944,0.523689,-1,,,,,,,,,,,,,,,,
7.332413,figure8_0.20_круг влево,10534,263476,25012,0,0,1.067664,1.584918,0.966654,1.546646,20,32,65379,72146,36,56,0.396901,0.867379,2.388564,0.189498,0.448517,-1,,,,,,,,,,,,,,,,
7.360346,figure8_0.20_круг влево,10535,263501,25000,0,0,1.067664,1.584918,1.112186,1.740813,23,36,65402,72182,34,53,0.392955,0.871032,2.400717,0.215111,0.486127,-1,,,,,,,,,,,,,,,,
7.383370,figure8_0.20_круг влево,10536,263526,24988,0,0,1.067664,1.584918,1.064341,1.838407,22,38,65424,72219,35,51,0.388892,0.874693,2.415675,0.218862,0.598597,-1,,,,,,,,,,,,,,,,
7.412075,figure8_0.20_круг влево,10537,263552,25144,0,0,1.067664,1.584918,0.865421,1.490448,18,31,65442,72251,38,56,0.385533,0.877638,2.427828,0.177628,0.483343,-1,,,,,,,,,,,,,,,,
7.435982,figure8_0.20_круг влево,10538,263576,24860,0,0,1.067664,1.584918,1.069821,1.604731,22,33,65464,72283,35,55,0.381727,0.880900,2.438112,0.201656,0.413654,-1,,,,,,,,,,,,,,,,
7.459328,figure8_0.20_круг влево,10539,263601,25044,0,0,1.067664,1.584918,1.110232,1.786025,23,37,65486,72321,34,52,0.377533,0.884411,2.451200,0.218373,0.522601,-1,,,,,,,,,,,,,,,,
7.484379,figure8_0.20_круг влево,10540,263626,24960,0,0,1.067664,1.584918,0.968668,1.695169,20,35,65507,72356,36,53,0.373646,0.887576,2.465222,0.200849,0.561814,-1,,,,,,,,,,,,,,,,
7.510346,figure8_0.20_круг влево,10541,263651,25020,0,0,1.067664,1.584918,0.869711,1.401200,18,29,65526,72385,38,57,0.370291,0.890240,2.475506,0.171223,0.411009,-1,,,,,,,,,,,,,,,,
7.535955,figure8_0.20_круг влево,10542,263676,24976,0,0,1.067664,1.584918,1.113254,1.597278,23,33,65548,72418,35,54,0.366263,0.893376,2.484854,0.204369,0.374303,-1,,,,,,,,,,,,,,,,
7.561595,figure8_0.20_круг влево,10543,263701,25024,0,0,1.067664,1.584918,1.111119,1.739143,23,36,65571,72454,35,52,0.361984,0.896633,2.497008,0.214905,0.485660,-1,,,,,,,,,,,,,,,,
7.587404,figure8_0.20_круг влево,10544,263726,24988,0,0,1.067664,1.584918,0.967583,1.548132,20,32,65591,72486,37,55,0.358180,0.899460,2.508226,0.189680,0.448948,-1,,,,,,,,,,,,,,,,
7.612525,figure8_0.20_круг влево,10545,263751,24984,0,0,1.067664,1.584918,1.016124,1.499993,21,31,65612,72516,36,56,0.354346,0.902247,2.517575,0.189711,0.374183,-1,,,,,,,,,,,,,,,,
7.635919,figure8_0.20_круг влево,10546,263776,25020,0,0,1.067664,1.584918,1.159614,1.642787,24,34,65636,72551,34,54,0.350042,0.905316,2.526923,0.211296,0.373645,-1,,,,,,,,,,,,,,,,
7.664291,figure8_0.20_круг влево,10547,263801,25036,0,0,1.067664,1.584918,1.062300,1.690023,22,35,65658,72585,36,53,0.345779,0.908286,2.539076,0.207520,0.485427,-1,,,,,,,,,,,,,,,,
7.686544,figure8_0.20_круг влево,10548,263826,24968,0,0,1.067664,1.584918,0.919940,1.404118,19,29,65677,72615,38,57,0.342163,0.910749,2.548425,0.175230,0.374423,-1,,,,,,,,,,,,,,,,
7.712405,figure8_0.20_круг влево,10549,263852,25024,0,0,1.067664,1.584918,1.062810,1.594214,22,33,65700,72647,36,54,0.337992,0.913530,2.558708,0.200335,0.410943,-1,,,,,,,,,,,,,,,,
7.738295,figure8_0.20_круг влево,10550,263876,24968,0,0,1.067664,1.584918,1.162029,1.646208,24,34,65723,72682,34,54,0.333564,0.916419,2.568057,0.211736,0.374423,-1,,,,,,,,,,,,,,,,
7.762920,figure8_0.20_круг влево,10551,263901,25076,0,0,1.067664,1.584918,1.012396,1.542699,21,32,65744,72713,36,55,0.329493,0.919019,2.578341,0.192650,0.410091,-1,,,,,,,,,,,,,,,,
7.788571,figure8_0.20_круг влево,10552,263926,24908,0,0,1.067664,1.584918,1.019225,1.456035,21,30,65765,72744,36,56,0.325552,0.921485,2.586754,0.186630,0.337792,-1,,,,,,,,,,,,,,,,
7.814245,figure8_0.20_круг влево,10553,263951,25020,0,0,1.067664,1.584918,1.111297,1.642787,23,34,65788,72778,35,54,0.321122,0.924199,2.597038,0.207653,0.411009,-1,,,,,,,,,,,,,,,,
7.840352,figure8_0.20_круг влево,10554,263976,24984,0,0,1.067664,1.584918,1.064511,1.596767,22,33,65810,72811,36,54,0.316821,0.926774,2.607321,0.200656,0.411601,-1,,,,,,,,,,,,,,,,
7.863791,figure8_0.20_круг влево,10555,264001,25000,0,0,1.067664,1.584918,0.918762,1.450677,19,30,65829,72841,38,57,0.312965,0.929029,2.617605,0.178652,0.411338,-1,,,,,,,,,,,,,,,,
7.890193,figure8_0.20_круг влево,10556,264026,25004,0,0,1.067664,1.584918,1.063660,1.498793,22,31,65851,72872,36,56,0.308772,0.931428,2.626019,0.193204,0.336495,-1,,,,,,,,,,,,,,,,
7.913873,figure8_0.20_круг влево,10557,264051,25012,0,0,1.067664,1.584918,1.159985,1.691645,24,35,65875,72907,35,53,0.304080,0.934055,2.636302,0.215008,0.411141,-1,,,,,,,,,,,,,,,,
7.938970,figure8_0.20_круг влево,10558,264076,24984,0,0,1.067664,1.584918,1.064511,1.548380,22,32,65897,72938,36,55,0.299762,0.936418,2.645651,0.197007,0.374183,-1,,,,,,,,,,,,,,,,
7.966575,figure8_0.20_круг влево,10559,264101,25000,0,0,1.067664,1.584918,1.063830,1.499033,22,31,65918,72970,36,56,0.295504,0.938699,2.654064,0.193235,0.336549,-1,,,,,,,,,,,,,,,,
7.990945,figure8_0.20_круг влево,10560,264126,25076,0,0,1.067664,1.584918,1.157024,1.639118,24,34,65943,73003,34,54,0.290821,0.941153,2.663413,0.210824,0.372810,-1,,,,,,,,,,,,,,,,
8.014796,figure8_0.20_круг влево,10561,264151,24956,0,0,1.067664,1.584918,1.162588,1.550117,24,32,65967,73035,34,56,0.286281,0.943485,2.670892,0.204533,0.299682,-1,,,,,,,,,,,,,,,,
8.040503,figure8_0.20_круг влево,10562,264176,24972,0,0,1.067664,1.584918,1.016613,1.500714,21,31,65988,73067,36,56,0.282046,0.945615,2.680241,0.189802,0.374363,-1,,,,,,,,,,,,,,,,
8.066500,figure8_0.20_круг влево,10563,264201,25004,0,0,1.067664,1.584918,1.015312,1.595490,21,33,66009,73099,36,55,0.277627,0.947781,2.691459,0.196850,0.448660,-1,,,,,,,,,,,,,,,,
8.091619,figure8_0.20_круг влево,10564,264226,24992,0,0,1.067664,1.584918,1.209285,1.644627,25,34,66034,73133,34,54,0.272775,0.950101,2.699873,0.215180,0.336657,-1,,,,,,,,,,,,,,,,
8.117089,figure8_0.20_круг влево,10565,264251,25008,0,0,1.067664,1.584918,1.063490,1.498553,22,31,66056,73164,35,56,0.268399,0.952147,2.708287,0.193173,0.336441,-1,,,,,,,,,,,,,,,,
8.142396,figure8_0.20_круг влево,10566,264276,25016,0,0,1.067664,1.584918,1.063149,1.594724,22,33,66078,73198,35,55,0.263838,0.954229,2.718570,0.200399,0.411075,-1,,,,,,,,,,,,,,,,
8.170246,figure8_0.20_круг влево,10567,264301,25000,0,0,1.067664,1.584918,1.160542,1.547389,24,32,66102,73230,34,56,0.259176,0.956307,2.726049,0.204173,0.299155,-1,,,,,,,,,,,,,,,,
8.193508,figure8_0.20_круг влево,10568,264326,24984,0,0,1.067664,1.584918,1.209672,1.548380,25,32,66127,73262,33,56,0.254416,0.958389,2.732593,0.207952,0.261928,-1,,,,,,,,,,,,,,,,
8.218840,figure8_0.20_круг влево,10569,264351,24996,0,0,1.067664,1.584918,1.112364,1.596000,23,33,66150,73294,34,55,0.249723,0.960397,2.741942,0.204206,0.374003,-1,,,,,,,,,,,,,,,,
8.245230,figure8_0.20_круг влево,10570,264376,24996,0,0,1.067664,1.584918,1.064000,1.499273,22,31,66172,73326,35,57,0.245265,0.962258,2.750355,0.193266,0.336603,-1,,,,,,,,,,,,,,,,
8.269510,figure8_0.20_круг влево,10571,264401,24996,0,0,1.067664,1.584918,1.160727,1.547637,24,32,66196,73358,33,56,0.240539,0.964186,2.757834,0.204206,0.299203,-1,,,,,,,,,,,,,,,,
8.295825,figure8_0.20_круг влево,10572,264426,25048,0,0,1.067664,1.584918,1.206581,1.592687,25,33,66221,73390,33,56,0.235630,0.966147,2.765313,0.211060,0.298582,-1,,,,,,,,,,,,,,,,
8.319175,figure8_0.20_круг влево,10573,264451,24964,0,0,1.067664,1.584918,1.113790,1.549620,23,32,66244,73423,34,56,0.230960,0.967970,2.773727,0.200816,0.337035,-1,,,,,,,,,,,,,,,,
8.344523,figure8_0.20_круг влево,10574,264476,24988,0,0,1.067664,1.584918,1.161099,1.596511,24,33,66268,73455,33,56,0.226104,0.969818,2.782141,0.207919,0.336711,-1,,,,,,,,,,,,,,,,
8.379287,figure8_0.20_круг влево,10575,264501,25012,0,0,1.067664,1.584918,1.159985,1.546646,24,32,66292,73488,33,56,0.221319,0.971596,2.789620,0.204075,0.299011,-1,,,,,,,,,,,,,,,,
8.400141,figure8_0.20_круг влево,10576,264526,24988,0,0,1.067664,1.584918,1.064341,1.596511,22,33,66314,73520,34,56,0.216605,0.973300,2.799903,0.200624,0.411535,-1,,,,,,,,,,,,,,,,
8.420595,figure8_0.20_круг влево,10577,264551,25004,0,0,1.067664,1.584918,1.160356,1.450445,24,30,66338,73551,33,58,0.211962,0.974936,2.805512,0.196850,0.224330,-1,,,,,,,,,,,,,,,,
8.444742,figure8_0.20_круг влево,10578,264576,24996,0,0,1.067664,1.584918,1.209091,1.596000,25,33,66363,73583,32,56,0.206965,0.976661,2.812991,0.211499,0.299203,-1,,,,,,,,,,,,,,,,
8.472415,figure8_0.20_круг влево,10579,264601,25016,0,0,1.067664,1.584918,1.208124,1.449749,25,30,66388,73614,31,58,0.202216,0.978267,2.817666,0.200399,0.186852,-1,,,,,,,,,,,,,,,,
8.495409,figure8_0.20_круг влево,10580,264626,24988,0,0,1.067664,1.584918,1.112720,1.548132,23,32,66412,73646,32,57,0.197457,0.979843,2.826079,0.200624,0.336711,-1,,,,,,,,,,,,,,,,
8.520898,figure8_0.20_круг влево,10581,264651,25012,0,0,1.067664,1.584918,1.208318,1.546646,25,32,66436,73678,31,57,0.192513,0.981439,2.832623,0.207719,0.261635,-1,,,,,,,,,,,,,,,,
8.545793,figure8_0.20_круг влево,10582,264676,24984,0,0,1.067664,1.584918,1.112898,1.499993,23,31,66459,73709,32,58,0.187818,0.982918,2.840102,0.197007,0.299346,-1,,,,,,,,,,,,,,,,
8.576128,figure8_0.20_круг влево,10583,264701,25024,0,0,1.067664,1.584918,1.111119,1.497595,23,31,66482,73740,32,58,0.183113,0.984362,2.847581,0.196692,0.298868,-1,,,,,,,,,,,,,,,,
8.596369,figure8_0.20_круг влево,10584,264726,24980,0,0,1.067664,1.584918,1.113076,1.451839,23,30,66505,73769,32,59,0.178485,0.985747,2.854125,0.193390,0.261970,-1,,,,,,,,,,,,,,,,
8.624545,figure8_0.20_круг влево,10585,264751,25004,0,0,1.067664,1.584918,1.112008,1.498793,23,31,66528,73800,32,58,0.173760,0.987125,2.861604,0.196850,0.299107,-1,,,,,,,,,,,,,,,,
8.655116,figure8_0.20_круг влево,10586,264776,25092,0,0,1.067664,1.584918,1.059929,1.445358,22,30,66550,73830,33,59,0.169200,0.988418,2.869083,0.188894,0.298058,-1,,,,,,,,,,,,,,,,
8.674067,figure8_0.20_круг влево,10587,264801,24940,0,0,1.067664,1.584918,1.114861,1.454167,23,30,66573,73861,32,59,0.164543,0.989703,2.875628,0.193700,0.262390,-1,,,,,,,,,,,,,,,,
8.697697,figure8_0.20_круг влево,10588,264826,24968,0,0,1.067664,1.584918,1.113611,1.549372,23,32,66596,73893,32,58,0.159700,0.991000,2.884041,0.200784,0.336981,-1,,,,,,,,,,,,,,,,
8.726546,figure8_0.20_круг влево,10589,264851,25004,0,0,1.067664,1.584918,1.015312,1.450445,21,30,66617,73923,33,60,0.155200,0.992165,2.892455,0.185914,0.336495,-1,,,,,,,,,,,,,,,,
8.749097,figure8_0.20_круг влево,10590,264876,25000,0,0,1.067664,1.584918,1.063830,1.547389,22,32,66639,73955,32,59,0.150424,0.993357,2.901804,0.196881,0.373944,-1,,,,,,,,,,,,,,,,
8.775090,figure8_0.20_круг влево,10591,264901,25024,0,0,1.067664,1.584918,1.159429,1.594214,24,33,66663,73987,31,58,0.145373,0.994569,2.910218,0.207620,0.336226,-1,,,,,,,,,,,,,,,,
8.798605,figure8_0.20_круг влево,10592,264926,24964,0,0,1.067664,1.584918,1.065364,1.501195,22,31,66685,74019,32,59,0.140666,0.995657,2.918631,0.193514,0.337035,-1,,,,,,,,,,,,,,,,
8.825375,figure8_0.20_круг влево,10593,264951,25048,0,0,1.067664,1.584918,1.013528,1.592687,21,33,66706,74051,33,58,0.135860,0.996719,2.929850,0.196504,0.447872,-1,,,,,,,,,,,,,,,,
8.849452,figure8_0.20_круг влево,10594,264976,24968,0,0,1.067664,1.584918,1.065193,1.549372,22,32,66728,74084,32,59,0.131043,0.997731,2.939198,0.197134,0.374423,-1,,,,,,,,,,,,,,,,
8.876342,figure8_0.20_круг влево,10595,265000,24984,0,0,1.067664,1.584918,1.112898,1.645154,23,34,66750,74118,32,57,0.125948,0.998749,2.949482,0.207952,0.411601,-1,,,,,,,,,,,,,,,,
8.902390,figure8_0.20_круг влево,10596,265026,25020,0,0,1.067664,1.584918,0.918028,1.594469,19,33,66770,74151,34,58,0.121290,0.999623,2.962570,0.189438,0.523102,-1,,,,,,,,,,,,,,,,
8.925714,figure8_0.20_круг влево,10597,265051,24980,0,0,1.067664,1.584918,1.016287,1.597022,21,33,66791,74184,33,58,0.116441,1.000473,2.973788,0.197039,0.449091,-1,,,,,,,,,,,,,,,,
8.952371,figure8_0.20_круг влево,10598,265076,25004,0,0,1.067664,1.584918,1.112008,1.643838,23,34,66814,74217,32,57,0.111314,1.001314,2.984071,0.207786,0.411272,-1,,,,,,,,,,,,,,,,
8.976113,figure8_0.20_круг влево,10599,265101,24996,0,0,1.067664,1.584918,1.064000,1.547637,22,32,66836,74250,33,59,0.106450,1.002063,2.993420,0.196913,0.374003,-1,,,,,,,,,,,,,,,,
9.003089,figure8_0.20_круг влево,10600,265126,25024,0,0,1.067664,1.584918,0.966191,1.642524,20,34,66856,74284,34,57,0.101577,1.002758,3.006508,0.196692,0.523019,-1,,,,,,,,,,,,,,,,
9.027068,figure8_0.20_круг влево,10601,265151,24996,0,0,1.067664,1.584918,1.112364,1.596000,23,33,66879,74316,32,58,0.096516,1.003422,3.015857,0.204206,0.374003,-1,,,,,,,,,,,,,,,,
9.053325,figure8_0.20_круг влево,10602,265176,25004,0,0,1.067664,1.584918,1.112008,1.595490,23,33,66902,74350,32,58,0.091449,1.004038,3.025205,0.204141,0.373884,-1,,,,,,,,,,,,,,,,
9.080151,figure8_0.20_круг влево,10603,265201,24976,0,0,1.067664,1.584918,0.968047,1.694083,20,35,66922,74384,34,56,0.086466,1.004585,3.039228,0.200720,0.561454,-1,,,,,,,,,,,,,,,,
9.103515,figure8_0.20_круг влево,10604,265226,25012,0,0,1.067664,1.584918,1.063320,1.594979,22,33,66944,74418,33,58,0.081476,1.005072,3.049512,0.200431,0.411141,-1,,,,,,,,,,,,,,,,
9.128002,figure8_0.20_круг влево,10605,265251,24988,0,0,1.067664,1.584918,1.161099,1.644890,24,34,66968,74452,31,57,0.076210,1.005533,3.058860,0.211567,0.374123,-1,,,,,,,,,,,,,,,,
9.153840,figure8_0.20_круг влево,10606,265276,25004,0,0,1.067664,1.584918,1.063660,1.595490,22,33,66990,74485,33,57,0.071212,1.005922,3.069144,0.200495,0.411272,-1,,,,,,,,,,,,,,,,
9.180206,figure8_0.20_круг влево,10607,265300,25008,0,0,1.067664,1.584918,1.063490,1.691915,22,35,67012,74520,33,56,0.066028,1.006267,3.081297,0.207753,0.485971,-1,,,,,,,,,,,,,,,,
9.205504,figure8_0.20_круг влево,10608,265326,25016,0,0,1.067664,1.584918,1.111474,1.594724,23,33,67035,74552,32,57,0.060931,1.006550,3.090646,0.204043,0.373704,-1,,,,,,,,,,,,,,,,
9.228687,figure8_0.20_круг влево,10609,265351,25000,0,0,1.067664,1.584918,1.160542,1.595745,24,33,67059,74586,31,57,0.055742,1.006793,3.099059,0.207819,0.336549,-1,,,,,,,,,,,,,,,,
9.254951,figure8_0.20_круг влево,10610,265376,24996,0,0,1.067664,1.584918,1.064000,1.596000,22,33,67081,74619,32,57,0.050732,1.006981,3.109343,0.200559,0.411404,-1,,,,,,,,,,,,,,,,
9.280342,figure8_0.20_круг влево,10611,265401,25076,0,0,1.067664,1.584918,1.060606,1.590908,22,33,67103,74651,32,57,0.045721,1.007116,3.119626,0.199919,0.410091,-1,,,,,,,,,,,,,,,,
9.305807,figure8_0.20_круг влево,10612,265426,24908,0,0,1.067664,1.584918,1.116294,1.601639,23,33,67126,74684,32,57,0.040617,1.007205,3.128975,0.204927,0.375325,-1,,,,,,,,,,,,,,,,
9.331574,figure8_0.20_круг влево,10613,265451,25020,0,0,1.067664,1.584918,1.159614,1.546152,24,32,67150,74716,31,58,0.035513,1.007250,3.136454,0.204010,0.298916,-1,,,,,,,,,,,,,,,,
9.357588,figure8_0.20_круг влево,10614,265476,24984,0,0,1.067664,1.584918,1.112898,1.548380,23,32,67173,74749,31,58,0.030500,1.007255,-3.138318,0.200656,0.336765,-1,,,,,,,,,,,,,,,,
9.381738,figure8_0.20_круг влево,10615,265501,25016,0,0,1.067664,1.584918,1.111474,1.498074,23,31,67196,74780,31,59,0.025578,1.007220,-3.130839,0.196755,0.298964,-1,,,,,,,,,,,,,,,,
9.405788,figure8_0.20_круг влево,10616,265526,24984,0,0,1.067664,1.584918,1.112898,1.548380,23,32,67220,74812,31,58,0.020565,1.007145,-3.122425,0.200656,0.336765,-1,,,,,,,,,,,,,,,,
9.432213,figure8_0.20_круг влево,10617,265551,25016,0,0,1.067664,1.584918,1.111474,1.546399,23,32,67242,74843,31,58,0.015553,1.007028,-3.114011,0.200399,0.336334,-1,,,,,,,,,,,,,,,,
9.457334,figure8_0.20_круг влево,10618,265576,24996,0,0,1.067664,1.584918,1.112364,1.450909,23,30,67265,74874,31,60,0.010725,1.006879,-3.107467,0.193266,0.261802,-1,,,,,,,,,,,,,,,,
9.483294,figure8_0.20_круг влево,10619,265601,25020,0,0,1.067664,1.584918,1.111297,1.594469,23,33,67288,74907,31,58,0.005624,1.006681,-3.098119,0.204010,0.373645,-1,,,,,,,,,,,,,,,,
9.506633,figure8_0.20_круг влево,10620,265626,24960,0,0,1.067664,1.584918,1.065535,1.501435,22,31,67310,74938,32,59,0.000799,1.006451,-3.089705,0.193545,0.337088,-1,,,,,,,,,,,,,,,,
9.534972,figure8_0.20_круг влево,10621,265651,25008,0,0,1.067664,1.584918,1.063490,1.498553,22,31,67332,74968,32,59,-0.004024,1.006180,-3.081291,0.193173,0.336441,-1,,,,,,,,,,,,,,,,
9.560248,figure8_0.20_круг влево,10622,265676,25016,0,0,1.067664,1.584918,1.111474,1.449749,23,30,67355,74998,31,60,-0.008846,1.005873,-3.074747,0.193112,0.261593,-1,,,,,,,,,,,,,,,,
9.583611,figure8_0.20_круг влево,10623,265701,24972,0,0,1.067664,1.584918,1.113433,1.403894,23,29,67378,75028,31,61,-0.013574,1.005543,-3.069138,0.189802,0.224618,-1,,,,,,,,,,,,,,,,
9.611579,figure8_0.20_круг влево,10624,265726,25000,0,0,1.067664,1.584918,1.112186,1.450677,23,30,67401,75058,31,61,-0.018391,1.005177,-3.062594,0.193235,0.261760,-1,,,,,,,,,,,,,,,,
9.634631,figure8_0.20_круг влево,10625,265751,25024,0,0,1.067664,1.584918,1.062810,1.449286,22,30,67424,75087,31,61,-0.023114,1.004786,-3.055115,0.189408,0.298868,-1,,,,,,,,,,,,,,,,
9.659473,figure8_0.20_круг влево,10626,265776,24984,0,0,1.067664,1.584918,1.161285,1.548380,24,32,67447,75119,30,60,-0.028198,1.004326,-3.047636,0.204304,0.299346,-1,,,,,,,,,,,,,,,,
9.684876,figure8_0.20_круг влево,10627,265801,25008,0,0,1.067664,1.584918,1.111830,1.450213,23,30,67470,75150,30,62,-0.033006,1.003857,-3.041092,0.193173,0.261677,-1,,,,,,,,,,,,,,,,
9.710125,figure8_0.20_круг влево,10628,265826,25008,0,0,1.067664,1.584918,1.063490,1.498553,22,31,67492,75180,31,61,-0.037810,1.003352,-3.032678,0.193173,0.336441,-1,,,,,,,,,,,,,,,,
9.736329,figure8_0.20_круг влево,10629,265851,25000,0,0,1.067664,1.584918,1.112186,1.499033,23,31,67515,75211,30,61,-0.042701,1.002799,-3.025199,0.196881,0.299155,-1,,,,,,,,,,,,,,,,
9.759759,figure8_0.20_круг влево,10630,265876,24996,0,0,1.067664,1.584918,1.112364,1.450909,23,30,67538,75242,30,62,-0.047498,1.002222,-3.018655,0.193266,0.261802,-1,,,,,,,,,,,,,,,,
9.785697,figure8_0.20_круг влево,10631,265901,24996,0,0,1.067664,1.584918,1.015636,1.547637,21,32,67560,75274,32,61,-0.052289,1.001605,-3.008371,0.193266,0.411404,-1,,,,,,,,,,,,,,,,
9.812216,figure8_0.20_круг влево,10632,265926,24984,0,0,1.067664,1.584918,1.112898,1.499993,23,31,67582,75304,30,62,-0.057165,1.000933,-3.000892,0.197007,0.299346,-1,,,,,,,,,,,,,,,,
9.836151,figure8_0.20_круг влево,10633,265951,25008,0,0,1.067664,1.584918,1.111830,1.450213,23,30,67605,75335,30,63,-0.061946,1.000240,-2.994348,0.193173,0.261677,-1,,,,,,,,,,,,,,,,
9.862605,figure8_0.20_круг влево,10634,265976,25008,0,0,1.067664,1.584918,1.063490,1.498553,22,31,67627,75366,31,62,-0.066721,0.999511,-2.985934,0.193173,0.336441,-1,,,,,,,,,,,,,,,,
9.886422,figure8_0.20_круг влево,10635,266001,24984,0,0,1.067664,1.584918,1.016124,1.499993,21,31,67648,75397,32,62,-0.071400,0.998754,-2.976586,0.189711,0.374183,-1,,,,,,,,,,,,,,,,
9.912078,figure8_0.20_круг влево,10636,266027,25020,0,0,1.067664,1.584918,1.062979,1.546152,22,32,67670,75429,31,62,-0.076252,0.997923,-2.967237,0.196724,0.373645,-1,,,,,,,,,,,,,,,,
9.938359,figure8_0.20_круг влево,10637,266051,25008,0,0,1.067664,1.584918,1.111830,1.546894,23,32,67693,75460,30,62,-0.081185,0.997033,-2.958823,0.200463,0.336442,-1,,,,,,,,,,,,,,,,
9.964617,figure8_0.20_круг влево,10638,266076,24984,0,0,1.067664,1.584918,1.016124,1.548380,21,32,67714,75492,32,62,-0.085931,0.996130,-2.948540,0.193359,0.411601,-1,,,,,,,,,,,,,,,,
9.987604,figure8_0.20_круг влево,10639,266101,24996,0,0,1.067664,1.584918,1.064000,1.499273,22,31,67736,75524,31,63,-0.090668,0.995183,-2.940126,0.193266,0.336603,-1,,,,,,,,,,,,,,,,
10.013467,figure8_0.20_круг влево,10640,266126,25004,0,0,1.067664,1.584918,1.112008,1.547141,23,32,67758,75555,30,62,-0.095576,0.994160,-2.931712,0.200495,0.336495,-1,,,,,,,,,,,,,,,,
10.039659,figure8_0.20_круг влево,10641,266151,25000,0,0,1.067664,1.584918,0.967118,1.547389,20,32,67780,75588,32,62,-0.100206,0.993146,-2.920494,0.189589,0.448732,-1,,,,,,,,,,,,,,,,
10.063545,figure8_0.20_круг влево,10642,266176,25008,0,0,1.067664,1.584918,1.063490,1.546894,22,32,67801,75620,31,62,-0.105003,0.992044,-2.911145,0.196818,0.373824,-1,,,,,,,,,,,,,,,,
10.089227,figure8_0.20_круг влево,10643,266201,24992,0,0,1.067664,1.584918,1.064170,1.596256,22,33,67823,75653,31,62,-0.109878,0.990874,-2.900862,0.200591,0.411470,-1,,,,,,,,,,,,,,,,
10.114999,figure8_0.20_круг влево,10644,266226,24992,0,0,1.067664,1.584918,1.015799,1.692998,21,35,67844,75687,32,60,-0.114827,0.989625,-2.887774,0.204239,0.523688,-1,,,,,,,,,,,,,,,,
10.140957,figure8_0.20_круг влево,10645,266251,24996,0,0,1.067664,1.584918,0.967273,1.547637,20,32,67864,75720,33,62,-0.119408,0.988409,-2.876556,0.189620,0.448804,-1,,,,,,,,,,,,,,,,
10.164555,figure8_0.20_круг влево,10646,266276,25024,0,0,1.067664,1.584918,1.062810,1.642524,22,34,67886,75753,31,61,-0.124326,0.987044,-2.865337,0.203977,0.448302,-1,,,,,,,,,,,,,,,,
10.190408,figure8_0.20_круг влево,10647,266301,24984,0,0,1.067664,1.584918,1.112898,1.596767,23,33,67909,75786,31,61,-0.129231,0.985629,-2.855989,0.204304,0.374183,-1,,,,,,,,,,,,,,,,
10.216757,figure8_0.20_круг влево,10648,266326,25016,0,0,1.067664,1.584918,1.014825,1.594724,21,33,67930,75820,32,61,-0.133945,0.984216,-2.844770,0.196755,0.448445,-1,,,,,,,,,,,,,,,,
10.242069,figure8_0.20_круг влево,10649,266351,25004,0,0,1.067664,1.584918,1.015312,1.595490,21,33,67951,75853,32,61,-0.138644,0.982750,-2.833552,0.196850,0.448660,-1,,,,,,,,,,,,,,,,
10.267664,figure8_0.20_круг влево,10650,266376,24980,0,0,1.067664,1.584918,1.113076,1.597022,23,33,67974,75885,31,61,-0.143501,0.981180,-2.824203,0.204337,0.374243,-1,,,,,,,,,,,,,,,,
10.291426,figure8_0.20_круг влево,10651,266401,25012,0,0,1.067664,1.584918,1.063320,1.643312,22,34,67996,75919,31,61,-0.148341,0.979559,-2.812985,0.204075,0.448517,-1,,,,,,,,,,,,,,,,
10.317101,figure8_0.20_круг влево,10652,266426,24996,0,0,1.067664,1.584918,1.015636,1.499273,21,31,68017,75951,32,63,-0.152820,0.978009,-2.803637,0.189620,0.374003,-1,,,,,,,,,,,,,,,,
10.343768,figure8_0.20_круг влево,10653,266451,25020,0,0,1.067664,1.584918,1.062979,1.594469,22,33,68038,75983,32,61,-0.157541,0.976322,-2.793353,0.200367,0.411009,-1,,,,,,,,,,,,,,,,
10.367314,figure8_0.20_круг влево,10654,266476,24964,0,0,1.067664,1.584918,1.113790,1.549620,23,32,68062,76015,31,62,-0.162246,0.974592,-2.784939,0.200816,0.337035,-1,,,,,,,,,,,,,,,,
10.393180,figure8_0.20_круг влево,10655,266501,25020,0,0,1.067664,1.584918,1.111297,1.546152,23,32,68085,76048,31,62,-0.166936,0.972822,-2.776525,0.200367,0.336280,-1,,,,,,,,,,,,,,,,
10.419341,figure8_0.20_круг влево,10656,266526,25004,0,0,1.067664,1.584918,1.015312,1.450445,21,30,68106,76078,32,64,-0.171272,0.971144,-2.768112,0.185914,0.336495,-1,,,,,,,,,,,,,,,,
10.443044,figure8_0.20_круг влево,10657,266551,25024,0,0,1.067664,1.584918,1.111119,1.545905,23,32,68129,76109,31,63,-0.175931,0.969295,-2.759698,0.200335,0.336226,-1,,,,,,,,,,,,,,,,
10.468315,figure8_0.20_круг влево,10658,266576,24968,0,0,1.067664,1.584918,1.113611,1.549372,23,32,68152,76141,31,63,-0.180576,0.967407,-2.751284,0.200784,0.336981,-1,,,,,,,,,,,,,,,,
10.494299,figure8_0.20_круг влево,10659,266601,25008,0,0,1.067664,1.584918,1.063490,1.450213,22,30,68174,76172,31,64,-0.184952,0.965588,-2.743805,0.189529,0.299059,-1,,,,,,,,,,,,,,,,
10.520924,figure8_0.20_круг влево,10660,266626,24996,0,0,1.067664,1.584918,1.064000,1.547637,22,32,68196,76204,31,63,-0.189481,0.963660,-2.734457,0.196913,0.374003,-1,,,,,,,,,,,,,,,,
10.544728,figure8_0.20_круг влево,10661,266651,24984,0,0,1.067664,1.584918,1.112898,1.499993,23,31,68219,76235,31,64,-0.193993,0.961694,-2.726978,0.197007,0.299346,-1,,,,,,,,,,,,,,,,
10.570652,figure8_0.20_круг влево,10662,266676,25012,0,0,1.067664,1.584918,1.111652,1.498314,23,31,68242,76265,31,64,-0.198491,0.959694,-2.719499,0.196787,0.299011,-1,,,,,,,,,,,,,,,,
10.596157,figure8_0.20_круг влево,10663,266701,24988,0,0,1.067664,1.584918,1.015962,1.354615,21,28,68264,76294,32,66,-0.202559,0.957851,-2.712955,0.178737,0.261886,-1,,,,,,,,,,,,,,,,
10.621787,figure8_0.20_круг влево,10664,266726,25004,0,0,1.067664,1.584918,1.112008,1.402097,23,29,68286,76322,31,66,-0.206864,0.955869,-2.707345,0.189559,0.224330,-1,,,,,,,,,,,,,,,,
10.644437,figure8_0.20_круг влево,10665,266750,24996,0,0,1.067664,1.584918,1.112364,1.402546,23,29,68309,76352,30,66,-0.211159,0.953863,-2.701736,0.189620,0.224402,-1,,,,,,,,,,,,,,,,
10.672681,figure8_0.20_круг влево,10666,266776,25012,0,0,1.067664,1.584918,1.063320,1.498314,22,31,68331,76382,31,65,-0.215521,0.951787,-2.693323,0.193143,0.336388,-1,,,,,,,,,,,,,,,,
10.695751,figure8_0.20_круг влево,10667,266801,24988,0,0,1.067664,1.584918,1.064341,1.499753,22,31,68353,76413,31,65,-0.219866,0.949675,-2.684909,0.193328,0.336711,-1,,,,,,,,,,,,,,,,
10.721153,figure8_0.20_круг влево,10668,266826,25016,0,0,1.067664,1.584918,1.063149,1.546399,22,32,68375,76445,31,65,-0.224273,0.947484,-2.675560,0.196755,0.373704,-1,,,,,,,,,,,,,,,,
10.746790,figure8_0.20_круг влево,10669,266851,24984,0,0,1.067664,1.584918,1.016124,1.499993,21,31,68396,76477,32,66,-0.228497,0.945335,-2.666212,0.189711,0.374183,-1,,,,,,,,,,,,,,,,
10.772793,figure8_0.20_круг влево,10670,266876,25012,0,0,1.067664,1.584918,1.014987,1.498314,21,31,68417,76508,32,66,-0.232701,0.943146,-2.656863,0.189498,0.373764,-1,,,,,,,,,,,,,,,,
10.798950,figure8_0.20_круг влево,10671,266901,24984,0,0,1.067664,1.584918,1.112898,1.499993,23,31,68440,76539,31,66,-0.237048,0.940836,-2.649384,0.197007,0.299346,-1,,,,,,,,,,,,,,,,
10.823097,figure8_0.20_круг влево,10672,266926,25000,0,0,1.067664,1.584918,1.112186,1.499033,23,31,68464,76570,30,66,-0.241377,0.938494,-2.641905,0.196881,0.299155,-1,,,,,,,,,,,,,,,,
10.853644,figure8_0.20_круг влево,10673,266951,25020,0,0,1.067664,1.584918,1.111297,1.546152,23,32,68486,76601,30,66,-0.245767,0.936073,-2.633491,0.200367,0.336280,-1,,,,,,,,,,,,,,,,
10.876503,figure8_0.20_круг влево,10674,266976,24988,0,0,1.067664,1.584918,1.064341,1.451374,22,30,68508,76632,31,67,-0.249899,0.933752,-2.626012,0.189680,0.299298,-1,,,,,,,,,,,,,,,,
10.899254,figure8_0.20_круг влево,10675,267001,25052,0,0,1.067664,1.584918,1.109877,1.495921,23,31,68531,76662,30,67,-0.254172,0.931309,-2.618533,0.196473,0.298534,-1,,,,,,,,,,,,,,,,
10.924517,figure8_0.20_круг влево,10676,267026,24940,0,0,1.067664,1.584918,1.066389,1.502639,22,31,68554,76694,31,67,-0.258347,0.928878,-2.610120,0.193700,0.337359,-1,,,,,,,,,,,,,,,,
10.950704,figure8_0.20_круг влево,10677,267052,25004,0,0,1.067664,1.584918,1.112008,1.450445,23,30,68576,76723,30,68,-0.262504,0.926416,-2.603575,0.193204,0.261719,-1,,,,,,,,,,,,,,,,
10.974623,figure8_0.20_круг влево,10678,267076,25048,0,0,1.067664,1.584918,1.110054,1.544424,23,32,68598,76756,30,67,-0.266798,0.923829,-2.595162,0.200143,0.335904,-1,,,,,,,,,,,,,,,,
10.999719,figure8_0.20_круг влево,10679,267101,24960,0,0,1.067664,1.584918,1.065535,1.549869,22,32,68621,76788,31,67,-0.270991,0.921252,-2.585813,0.197197,0.374543,-1,,,,,,,,,,,,,,,,
11.026003,figure8_0.20_круг влево,10680,267126,25008,0,0,1.067664,1.584918,1.063490,1.546894,22,32,68643,76820,31,67,-0.275160,0.918636,-2.576464,0.196818,0.373824,-1,,,,,,,,,,,,,,,,
11.053509,figure8_0.20_круг влево,10681,267151,24996,0,0,1.067664,1.584918,1.064000,1.644364,22,34,68666,76854,31,65,-0.279455,0.915878,-2.565246,0.204206,0.448804,-1,,,,,,,,,,,,,,,,
11.076745,figure8_0.20_круг влево,10682,267176,24992,0,0,1.067664,1.584918,1.064170,1.596256,22,33,68687,76887,31,66,-0.283645,0.913125,-2.554963,0.200591,0.411470,-1,,,,,,,,,,,,,,,,
11.099654,figure8_0.20_круг влево,10683,267201,25004,0,0,1.067664,1.584918,0.966963,1.692186,20,35,68707,76922,32,65,-0.287800,0.910320,-2.540940,0.200495,0.560826,-1,,,,,,,,,,,,,,,,
11.136924,figure8_0.20_круг влево,10684,267226,25024,0,0,1.067664,1.584918,1.014500,1.642524,21,34,68728,76956,32,65,-0.291919,0.907462,-2.528787,0.200335,0.485660,-1,,,,,,,,,,,,,,,,
11.152439,figure8_0.20_круг влево,10685,267251,24984,0,0,1.067664,1.584918,1.064511,1.645154,22,34,68750,76990,31,65,-0.296078,0.904503,-2.517568,0.204304,0.449020,-1,,,,,,,,,,,,,,,,
11.177894,figure8_0.20_круг влево,10686,267276,25008,0,0,1.067664,1.584918,1.063490,1.740256,22,36,68772,77026,31,63,-0.300348,0.901386,-2.504480,0.211397,0.523353,-1,,,,,,,,,,,,,,,,
11.203349,figure8_0.20_круг влево,10687,267301,24976,0,0,1.067664,1.584918,0.919645,1.694083,19,35,68790,77060,33,64,-0.304282,0.898428,-2.489523,0.197070,0.598885,-1,,,,,,,,,,,,,,,,
11.227798,figure8_0.20_круг влево,10688,267326,25004,0,0,1.067664,1.584918,1.015312,1.692186,21,35,68812,77096,32,64,-0.308319,0.895304,-2.476435,0.204141,0.523437,-1,,,,,,,,,,,,,,,,
11.253440,figure8_0.20_круг влево,10689,267351,25020,0,0,1.067664,1.584918,1.014662,1.691104,21,35,68833,77131,32,63,-0.312314,0.892128,-2.463347,0.204010,0.523102,-1,,,,,,,,,,,,,,,,
11.277372,figure8_0.20_круг влево,10690,267376,24996,0,0,1.067664,1.584918,0.967273,1.837818,20,38,68853,77168,33,61,-0.316403,0.888776,-2.446519,0.211499,0.673206,-1,,,,,,,,,,,,,,,,
11.303323,figure8_0.20_круг влево,10691,267401,25000,0,0,1.067664,1.584918,0.918762,1.644101,19,34,68872,77203,34,63,-0.320091,0.885656,-2.432497,0.193235,0.560915,-1,,,,,,,,,,,,,,,,
11.329261,figure8_0.20_круг влево,10692,267426,24984,0,0,1.067664,1.584918,1.016124,1.741927,21,36,68894,77239,33,62,-0.324010,0.882246,-2.418474,0.207952,0.561275,-1,,,,,,,,,,,,,,,,
11.352856,figure8_0.20_круг влево,10693,267451,24996,0,0,1.067664,1.584918,1.064000,1.741091,22,36,68914,77275,32,61,-0.327951,0.878721,-2.405386,0.211499,0.523605,-1,,,,,,,,,,,,,,,,
11.378450,figure8_0.20_круг влево,10694,267476,25024,0,0,1.067664,1.584918,0.869571,1.690833,18,35,68933,77310,35,62,-0.331505,0.875449,-2.389493,0.193050,0.635094,-1,,,,,,,,,,,,,,,,
11.403934,figure8_0.20_круг влево,10695,267501,24984,0,0,1.067664,1.584918,0.967737,1.741927,20,36,68953,77346,34,61,-0.335206,0.871934,-2.374536,0.204304,0.598693,-1,,,,,,,,,,,,,,,,
11.430955,figure8_0.20_круг влево,10696,267526,25044,0,0,1.067664,1.584918,1.013690,1.786025,21,37,68975,77382,34,60,-0.338985,0.868237,-2.359578,0.211094,0.597258,-1,,,,,,,,,,,,,,,,
11.454151,figure8_0.20_круг влево,10697,267551,24960,0,0,1.067664,1.584918,1.065535,1.695169,22,35,68996,77418,33,61,-0.342649,0.864553,-2.347425,0.208152,0.486906,-1,,,,,,,,,,,,,,,,
11.480494,figure8_0.20_круг влево,10698,267576,24992,0,0,1.067664,1.584918,0.919056,1.692998,19,35,69015,77452,35,61,-0.346072,0.861017,-2.332467,0.196944,0.598501,-1,,,,,,,,,,,,,,,,
11.507077,figure8_0.20_круг влево,10699,267601,25000,0,0,1.067664,1.584918,1.015474,1.740813,21,36,69036,77488,34,60,-0.349631,0.857232,-2.318444,0.207819,0.560915,-1,,,,,,,,,,,,,,,,
11.531181,figure8_0.20_круг влево,10700,267626,25008,0,0,1.067664,1.584918,1.063490,1.740256,22,36,69058,77524,33,60,-0.353200,0.853332,-2.305356,0.211397,0.523353,-1,,,,,,,,,,,,,,,,
11.559405,figure8_0.20_круг влево,10701,267651,24988,0,0,1.067664,1.584918,1.015962,1.741649,21,36,69079,77561,34,59,-0.356655,0.849452,-2.291333,0.207919,0.561185,-1,,,,,,,,,,,,,,,,
11.583137,figure8_0.20_круг влево,10702,267676,25016,0,0,1.067664,1.584918,0.918175,1.643049,19,34,69098,77595,36,60,-0.359817,0.845799,-2.277311,0.193112,0.560557,-1,,,,,,,,,,,,,,,,
11.607282,figure8_0.20_круг влево,10703,267701,24996,0,0,1.067664,1.584918,1.064000,1.789455,22,37,69120,77631,34,58,-0.363279,0.841685,-2.263288,0.215145,0.561005,-1,,,,,,,,,,,,,,,,
11.633012,figure8_0.20_круг влево,10704,267726,24988,0,0,1.067664,1.584918,1.064341,1.693269,22,35,69142,77667,34,59,-0.366572,0.837666,-2.251135,0.207919,0.486360,-1,,,,,,,,,,,,,,,,
11.656870,figure8_0.20_круг влево,10705,267751,25004,0,0,1.067664,1.584918,1.015312,1.740534,21,36,69164,77702,35,58,-0.369812,0.833604,-2.237112,0.207786,0.560826,-1,,,,,,,,,,,,,,,,
11.682724,figure8_0.20_круг влево,10706,267776,25000,0,0,1.067664,1.584918,1.015474,1.644101,21,34,69184,77737,35,59,-0.372887,0.829644,-2.224959,0.200527,0.486127,-1,,,,,,,,,,,,,,,,
11.709011,figure8_0.20_круг влево,10707,267801,25016,0,0,1.067664,1.584918,1.111474,1.739699,23,36,69208,77773,33,58,-0.376133,0.825357,-2.212806,0.214973,0.485816,-1,,,,,,,,,,,,,,,,
11.735010,figure8_0.20_круг влево,10708,267826,24976,0,0,1.067664,1.584918,1.113254,1.694083,23,35,69230,77808,33,58,-0.379275,0.821105,-2.201587,0.211668,0.449163,-1,,,,,,,,,,,,,,,,
11.758916,figure8_0.20_круг влево,10709,267851,25032,0,0,1.067664,1.584918,0.965882,1.545411,20,32,69250,77840,35,60,-0.382049,0.817262,-2.190369,0.189347,0.448159,-1,,,,,,,,,,,,,,,,
11.782589,figure8_0.20_круг влево,10710,267876,24988,0,0,1.067664,1.584918,1.064341,1.644890,22,34,69272,77874,34,59,-0.384989,0.813090,-2.179151,0.204271,0.448948,-1,,,,,,,,,,,,,,,,
11.809132,figure8_0.20_круг влево,10711,267901,24980,0,0,1.067664,1.584918,1.161471,1.693812,24,35,69297,77909,33,58,-0.388040,0.808661,-2.168867,0.215283,0.411667,-1,,,,,,,,,,,,,,,,
11.834386,figure8_0.20_круг влево,10712,267926,25000,0,0,1.067664,1.584918,1.063830,1.595745,22,33,69318,77942,34,59,-0.390842,0.804504,-2.158584,0.200527,0.411338,-1,,,,,,,,,,,,,,,,
11.858610,figure8_0.20_круг влево,10713,267951,25028,0,0,1.067664,1.584918,1.014338,1.497356,21,31,69339,77973,35,61,-0.393451,0.800547,-2.149235,0.189377,0.373525,-1,,,,,,,,,,,,,,,,
11.884817,figure8_0.20_круг влево,10714,267976,25000,0,0,1.067664,1.584918,1.112186,1.692457,23,35,69362,78007,33,58,-0.396317,0.796105,-2.138017,0.211465,0.448732,-1,,,,,,,,,,,,,,,,
11.910846,figure8_0.20_круг влево,10715,268001,24992,0,0,1.067664,1.584918,1.112542,1.596256,23,33,69385,78040,33,59,-0.399039,0.791787,-2.128668,0.204239,0.374063,-1,,,,,,,,,,,,,,,,
11.934871,figure8_0.20_круг влево,10716,268026,24988,0,0,1.067664,1.584918,1.015962,1.548132,21,32,69406,78073,34,60,-0.401575,0.787675,-2.118385,0.193328,0.411535,-1,,,,,,,,,,,,,,,,
11.961078,figure8_0.20_круг влево,10717,268051,25052,0,0,1.067664,1.584918,1.061622,1.688944,22,35,69428,78108,34,58,-0.404253,0.783223,-2.106231,0.207388,0.485118,-1,,,,,,,,,,,,,,,,
11.985486,figure8_0.20_круг влево,10718,268076,24960,0,0,1.067664,1.584918,1.113968,1.646735,23,34,69451,78142,33,58,-0.406881,0.778741,-2.095948,0.208152,0.411997,-1,,,,,,,,,,,,,,,,
12.011659,figure8_0.20_круг влево,10719,268101,24992,0,0,1.067664,1.584918,1.015799,1.596256,21,33,69472,78175,35,59,-0.409325,0.774469,-2.084730,0.196944,0.448876,-1,,,,,,,,,,,,,,,,
12.036341,figure8_0.20_круг влево,10720,268126,25012,0,0,1.067664,1.584918,0.966654,1.546646,20,32,69492,78207,35,59,-0.411632,0.770328,-2.073511,0.189498,0.448517,-1,,,,,,,,,,,,,,,,
12.062195,figure8_0.20_круг влево,10721,268151,24980,0,0,1.067664,1.584918,1.113076,1.645417,23,34,69515,78241,33,58,-0.414111,0.765763,-2.063228,0.207986,0.411667,-1,,,,,,,,,,,,,,,,
12.088613,figure8_0.20_круг влево,10722,268176,25008,0,0,1.067664,1.584918,1.111830,1.595234,23,33,69538,78273,33,59,-0.416504,0.761254,-2.053879,0.204108,0.373824,-1,,,,,,,,,,,,,,,,
12.112312,figure8_0.20_круг влево,10723,268201,25016,0,0,1.067664,1.584918,0.966500,1.546399,20,32,69558,78306,35,59,-0.418682,0.757044,-2.042661,0.189468,0.448445,-1,,,,,,,,,,,,,,,,
12.137855,figure8_0.20_круг влево,10724,268226,24972,0,0,1.067664,1.584918,1.065023,1.645944,22,34,69580,78340,34,58,-0.420976,0.752485,-2.031443,0.204402,0.449235,-1,,,,,,,,,,,,,,,,
12.162685,figure8_0.20_круг влево,10725,268251,25008,0,0,1.067664,1.584918,1.160170,1.546894,24,32,69604,78372,33,59,-0.423228,0.747904,-2.023964,0.204108,0.299059,-1,,,,,,,,,,,,,,,,
12.188098,figure8_0.20_круг влево,10726,268276,25004,0,0,1.067664,1.584918,1.112008,1.595490,23,33,69627,78405,33,59,-0.425441,0.743304,-2.014615,0.204141,0.373884,-1,,,,,,,,,,,,,,,,
12.214243,figure8_0.20_круг влево,10727,268301,25028,0,0,1.067664,1.584918,1.062640,1.545658,22,32,69649,78437,34,59,-0.427534,0.738849,-2.005266,0.196661,0.373525,-1,,,,,,,,,,,,,,,,
12.237745,figure8_0.20_круг влево,10728,268326,24968,0,0,1.067664,1.584918,1.113611,1.597790,23,33,69672,78470,33,59,-0.429661,0.734209,-1.995918,0.204435,0.374423,-1,,,,,,,,,,,,,,,,
12.263413,figure8_0.20_круг влево,10729,268351,25036,0,0,1.067664,1.584918,1.207159,1.545164,25,32,69697,78501,32,59,-0.431788,0.729469,-1.989374,0.207520,0.261384,-1,,,,,,,,,,,,,,,,
12.289741,figure8_0.20_круг влево,10730,268376,24968,0,0,1.067664,1.584918,1.065193,1.500954,22,31,69719,78533,33,60,-0.433733,0.725047,-1.980960,0.193483,0.336980,-1,,,,,,,,,,,,,,,,
12.316154,figure8_0.20_круг влево,10731,268401,24992,0,0,1.067664,1.584918,1.064170,1.547884,22,32,69741,78565,34,60,-0.435675,0.720524,-1.971611,0.196944,0.374063,-1,,,,,,,,,,,,,,,,
12.339617,figure8_0.20_круг влево,10732,268426,25012,0,0,1.067664,1.584918,1.111652,1.498314,23,31,69764,78595,33,61,-0.437578,0.715985,-1.964133,0.196787,0.299011,-1,,,,,,,,,,,,,,,,
12.365746,figure8_0.20_круг влево,10733,268451,24984,0,0,1.067664,1.584918,1.064511,1.548380,22,32,69786,78628,33,60,-0.439444,0.711430,-1.954784,0.197007,0.374183,-1,,,,,,,,,,,,,,,,
12.391149,figure8_0.20_круг влево,10734,268476,25016,0,0,1.067664,1.584918,1.014825,1.594724,21,33,69807,78660,34,59,-0.441262,0.706856,-1.943566,0.196755,0.448445,-1,,,,,,,,,,,,,,,,
12.417120,figure8_0.20_круг влево,10735,268500,24996,0,0,1.067664,1.584918,1.064000,1.547637,22,32,69829,78692,34,60,-0.443033,0.702264,-1.934217,0.196913,0.374003,-1,,,,,,,,,,,,,,,,
12.442966,figure8_0.20_круг влево,10736,268526,25176,0,0,1.067664,1.584918,1.104411,1.584589,23,33,69852,78726,33,60,-0.444825,0.697485,-1.924868,0.202746,0.371329,-1,,,,,,,,,,,,,,,,
12.466125,figure8_0.20_круг влево,10737,268551,24844,0,0,1.067664,1.584918,0.973191,1.557105,20,32,69872,78758,35,60,-0.446444,0.693030,-1.913650,0.190780,0.451550,-1,,,,,,,,,,,,,,,,
12.493111,figure8_0.20_круг влево,10738,268576,24976,0,0,1.067664,1.584918,1.016450,1.597278,21,33,69893,78791,34,59,-0.448072,0.688385,-1.902432,0.197070,0.449163,-1,,,,,,,,,,,,,,,,
12.516623,figure8_0.20_круг влево,10739,268601,24992,0,0,1.067664,1.584918,1.112542,1.499513,23,31,69916,78822,33,61,-0.449657,0.683725,-1.894953,0.196944,0.299251,-1,,,,,,,,,,,,,,,,
12.542586,figure8_0.20_круг влево,10740,268626,25024,0,0,1.067664,1.584918,1.014500,1.594214,21,33,69937,78855,34,60,-0.451199,0.679051,-1.883735,0.196692,0.448302,-1,,,,,,,,,,,,,,,,
12.570011,figure8_0.20_круг влево,10741,268651,24996,0,0,1.067664,1.584918,0.967273,1.547637,20,32,69958,78887,35,60,-0.452633,0.674533,-1.872516,0.189620,0.448804,-1,,,,,,,,,,,,,,,,
12.592236,figure8_0.20_круг влево,10742,268676,25004,0,0,1.067664,1.584918,1.063660,1.595490,22,33,69979,78919,34,60,-0.454098,0.669739,-1.862233,0.200495,0.411272,-1,,,,,,,,,,,,,,,,
12.618067,figure8_0.20_круг влево,10743,268701,24996,0,0,1.067664,1.584918,1.160727,1.644364,24,34,70003,78953,33,59,-0.455593,0.664668,-1.852884,0.211499,0.374003,-1,,,,,,,,,,,,,,,,
12.643321,figure8_0.20_круг влево,10744,268726,24992,0,0,1.067664,1.584918,1.064170,1.547884,22,32,70025,78986,34,60,-0.456941,0.659934,-1.843536,0.196944,0.374063,-1,,,,,,,,,,,,,,,,
12.669552,figure8_0.20_круг влево,10745,268751,24988,0,0,1.067664,1.584918,1.015962,1.644890,21,34,70046,79020,35,59,-0.458262,0.655098,-1.831383,0.200624,0.486360,-1,,,,,,,,,,,,,,,,
12.695521,figure8_0.20_круг влево,10746,268776,25012,0,0,1.067664,1.584918,1.111652,1.643312,23,34,70069,79054,33,59,-0.459575,0.650071,-1.821099,0.207719,0.411141,-1,,,,,,,,,,,,,,,,
12.720540,figure8_0.20_круг влево,10747,268801,24996,0,0,1.067664,1.584918,1.064000,1.692727,22,35,70091,79089,34,58,-0.460831,0.645030,-1.808946,0.207852,0.486204,-1,,,,,,,,,,,,,,,,
12.745796,figure8_0.20_круг влево,10748,268826,24992,0,0,1.067664,1.584918,1.015799,1.644627,21,34,70112,79123,35,58,-0.461984,0.640151,-1.796793,0.200591,0.486282,-1,,,,,,,,,,,,,,,,
12.768758,figure8_0.20_круг влево,10749,268851,25020,0,0,1.067664,1.584918,1.062979,1.594469,22,33,70134,79156,34,59,-0.463082,0.635260,-1.786509,0.200367,0.411009,-1,,,,,,,,,,,,,,,,
12.799150,figure8_0.20_круг влево,10750,268876,25004,0,0,1.067664,1.584918,1.160356,1.643838,24,34,70159,79190,32,58,-0.464190,0.630091,-1.777161,0.211431,0.373884,-1,,,,,,,,,,,,,,,,
12.821509,figure8_0.20_круг влево,10751,268901,25172,0,0,1.067664,1.584918,1.008535,1.632867,21,34,70179,79223,35,58,-0.465187,0.625178,-1.765007,0.199157,0.482805,-1,,,,,,,,,,,,,,,,
12.846873,figure8_0.20_круг влево,10752,268926,24816,0,0,1.067664,1.584918,1.023003,1.607576,21,33,70200,79257,34,59,-0.466110,0.620343,-1.753789,0.198341,0.452059,-1,,,,,,,,,,,,,,,,
12.870845,figure8_0.20_круг влево,10753,268951,25008,0,0,1.067664,1.584918,1.111830,1.643575,23,34,70223,79291,33,58,-0.467029,0.615229,-1.743506,0.207753,0.411206,-1,,,,,,,,,,,,,,,,
12.896649,figure8_0.20_круг влево,10754,268976,24980,0,0,1.067664,1.584918,1.064682,1.645417,22,34,70245,79324,34,58,-0.467878,0.610196,-1.732287,0.204337,0.449092,-1,,,,,,,,,,,,,,,,
12.922814,figure8_0.20_круг влево,10755,269001,25012,0,0,1.067664,1.584918,0.966654,1.594979,20,33,70265,79357,35,58,-0.468626,0.605423,-1.720134,0.193143,0.485893,-1,,,,,,,,,,,,,,,,
12.946732,figure8_0.20_круг влево,10756,269026,25000,0,0,1.067664,1.584918,1.063830,1.595745,22,33,70287,79391,34,58,-0.469346,0.600462,-1.709851,0.200527,0.411338,-1,,,,,,,,,,,,,,,,
12.975447,figure8_0.20_круг влево,10757,269051,24992,0,0,1.067664,1.584918,1.160913,1.644627,24,34,70311,79425,33,58,-0.470055,0.595223,-1.700502,0.211533,0.374063,-1,,,,,,,,,,,,,,,,
12.998099,figure8_0.20_круг влево,10758,269076,25008,0,0,1.067664,1.584918,1.063490,1.595234,22,33,70332,79457,34,58,-0.470677,0.590249,-1.690219,0.200463,0.411206,-1,,,,,,,,,,,,,,,,
13.023724,figure8_0.20_круг влево,10759,269101,24992,0,0,1.067664,1.584918,1.015799,1.644627,21,34,70354,79491,35,58,-0.471244,0.585268,-1.678066,0.200591,0.486282,-1,,,,,,,,,,,,,,,,
13.047796,figure8_0.20_круг влево,10760,269126,25016,0,0,1.067664,1.584918,1.111474,1.643049,23,34,70378,79526,33,57,-0.471774,0.580099,-1.667782,0.207686,0.411075,-1,,,,,,,,,,,,,,,,
13.072680,figure8_0.20_круг влево,10761,269151,25004,0,0,1.067664,1.584918,1.160356,1.643838,24,34,70401,79560,32,57,-0.472261,0.574835,-1.658433,0.211431,0.373884,-1,,,,,,,,,,,,,,,,
13.099105,figure8_0.20_круг влево,10762,269176,24988,0,0,1.067664,1.584918,0.967583,1.596511,20,33,70421,79592,35,58,-0.472655,0.570021,-1.646280,0.193328,0.486360,-1,,,,,,,,,,,,,,,,
13.123012,figure8_0.20_круг влево,10763,269201,25004,0,0,1.067664,1.584918,1.112008,1.643838,23,34,70444,79626,33,57,-0.473020,0.564838,-1.635997,0.207786,0.411272,-1,,,,,,,,,,,,,,,,
13.149384,figure8_0.20_круг влево,10764,269225,24996,0,0,1.067664,1.584918,1.160727,1.596000,24,33,70468,79659,32,58,-0.473337,0.559652,-1.627583,0.207852,0.336603,-1,,,,,,,,,,,,,,,,
13.175287,figure8_0.20_круг влево,10765,269251,25012,0,0,1.067664,1.584918,1.111652,1.546646,23,32,70491,79692,33,59,-0.473600,0.554646,-1.619169,0.200431,0.336388,-1,,,,,,,,,,,,,,,,
13.200795,figure8_0.20_круг влево,10766,269276,25004,0,0,1.067664,1.584918,1.112008,1.643838,23,34,70514,79726,33,57,-0.473825,0.549455,-1.608886,0.207786,0.411272,-1,,,,,,,,,,,,,,,,
13.225337,figure8_0.20_круг влево,10767,269301,24984,0,0,1.067664,1.584918,1.112898,1.548380,23,32,70538,79758,33,58,-0.473995,0.544445,-1.600472,0.200656,0.336765,-1,,,,,,,,,,,,,,,,
13.250807,figure8_0.20_круг влево,10768,269326,25012,0,0,1.067664,1.584918,1.159985,1.643312,24,34,70561,79792,32,57,-0.474127,0.539160,-1.591124,0.211364,0.373764,-1,,,,,,,,,,,,,,,,
13.277523,figure8_0.20_круг влево,10769,269351,24980,0,0,1.067664,1.584918,1.064682,1.548628,22,32,70583,79824,33,58,-0.474204,0.534239,-1.581775,0.197039,0.374243,-1,,,,,,,,,,,,,,,,
13.301566,figure8_0.20_круг влево,10770,269376,25008,0,0,1.067664,1.584918,1.111830,1.546894,23,32,70607,79856,33,58,-0.474238,0.529225,-1.573361,0.200463,0.336442,-1,,,,,,,,,,,,,,,,
13.325048,figure8_0.20_круг влево,10771,269401,25000,0,0,1.067664,1.584918,1.208897,1.595745,25,33,70632,79888,31,58,-0.474232,0.523939,-1.565883,0.211465,0.299155,-1,,,,,,,,,,,,,,,,
13.351101,figure8_0.20_круг влево,10772,269426,25008,0,0,1.067664,1.584918,1.208511,1.498553,25,31,70656,79920,31,59,-0.474192,0.518835,-1.560273,0.204108,0.224294,-1,,,,,,,,,,,,,,,,
13.376205,figure8_0.20_круг влево,10773,269451,25004,0,0,1.067664,1.584918,1.112008,1.498793,23,31,70680,79951,32,59,-0.474122,0.513913,-1.552795,0.196850,0.299107,-1,,,,,,,,,,,,,,,,
13.412113,figure8_0.20_круг влево,10774,269476,24980,0,0,1.067664,1.584918,1.161471,1.403444,24,29,70704,79980,31,61,-0.474024,0.509083,-1.548120,0.193390,0.187121,-1,,,,,,,,,,,,,,,,
13.427716,figure8_0.20_круг влево,10775,269501,25008,0,0,1.067664,1.584918,1.160170,1.450213,24,30,70727,80010,31,61,-0.473898,0.504163,-1.542511,0.196818,0.224294,-1,,,,,,,,,,,,,,,,
13.452174,figure8_0.20_круг влево,10776,269526,25004,0,0,1.067664,1.584918,1.112008,1.450445,23,30,70750,80039,31,61,-0.473746,0.499334,-1.535967,0.193204,0.261719,-1,,,,,,,,,,,,,,,,
13.479065,figure8_0.20_круг влево,10777,269551,25012,0,0,1.067664,1.584918,1.111652,1.304983,23,27,70773,80067,31,63,-0.473579,0.494780,-1.532228,0.182210,0.149506,-1,,,,,,,,,,,,,,,,
13.504857,figure8_0.20_круг влево,10778,269576,25020,0,0,1.067664,1.584918,1.062979,1.497835,22,31,70795,80097,32,61,-0.473372,0.489953,-1.523814,0.193081,0.336280,-1,,,,,,,,,,,,,,,,
13.528595,figure8_0.20_круг влево,10779,269601,24960,0,0,1.067664,1.584918,1.065535,1.404568,22,29,70817,80126,32,63,-0.473139,0.485311,-1.517270,0.186241,0.262180,-1,,,,,,,,,,,,,,,,
13.554980,figure8_0.20_круг влево,10780,269626,25008,0,0,1.067664,1.584918,1.111830,1.353532,23,28,70840,80155,31,64,-0.472879,0.480669,-1.512596,0.185884,0.186912,-1,,,,,,,,,,,,,,,,
13.578539,figure8_0.20_круг влево,10781,269651,24996,0,0,1.067664,1.584918,1.112364,1.547637,23,32,70863,80187,31,61,-0.472567,0.475666,-1.504182,0.200559,0.336603,-1,,,,,,,,,,,,,,,,
13.614271,figure8_0.20_круг влево,10782,269676,25004,0,0,1.067664,1.584918,1.112008,1.498793,23,31,70886,80217,31,62,-0.472221,0.470756,-1.496703,0.196850,0.299107,-1,,,,,,,,,,,,,,,,
13.637964,figure8_0.20_круг влево,10783,269701,25004,0,0,1.067664,1.584918,1.015312,1.498793,21,31,70907,80249,32,62,-0.471848,0.466031,-1.487355,0.189559,0.373884,-1,,,,,,,,,,,,,,,,
13.655871,figure8_0.20_круг влево,10784,269726,24984,0,0,1.067664,1.584918,1.112898,1.499993,23,31,70930,80279,31,62,-0.471419,0.461128,-1.479876,0.197007,0.299346,-1,,,,,,,,,,,,,,,,
13.696028,figure8_0.20_круг влево,10785,269751,25020,0,0,1.067664,1.584918,1.062979,1.449517,22,30,70952,80310,32,63,-0.470971,0.456409,-1.472397,0.189438,0.298916,-1,,,,,,,,,,,,,,,,
13.704785,figure8_0.20_круг влево,10786,269776,24988,0,0,1.067664,1.584918,1.015962,1.499753,21,31,70973,80340,32,63,-0.470483,0.451695,-1.463048,0.189680,0.374123,-1,,,,,,,,,,,,,,,,
13.731707,figure8_0.20_круг влево,10787,269801,24996,0,0,1.067664,1.584918,1.064000,1.450909,22,30,70995,80370,32,64,-0.469956,0.446984,-1.455569,0.189620,0.299203,-1,,,,,,,,,,,,,,,,
13.757771,figure8_0.20_круг влево,10788,269826,25016,0,0,1.067664,1.584918,1.159799,1.498074,24,31,71019,80401,30,63,-0.469363,0.442006,-1.449025,0.200399,0.261593,-1,,,,,,,,,,,,,,,,
13.782116,figure8_0.20_круг влево,10789,269851,25000,0,0,1.067664,1.584918,1.015474,1.450677,21,30,71041,80431,32,64,-0.468779,0.437395,-1.440612,0.185943,0.336549,-1,,,,,,,,,,,,,,,,
13.806141,figure8_0.20_круг влево,10790,269876,24984,0,0,1.067664,1.584918,1.064511,1.354832,22,28,71062,80459,32,66,-0.468175,0.432877,-1.435003,0.182414,0.224510,-1,,,,,,,,,,,,,,,,
13.832643,figure8_0.20_круг влево,10791,269901,24992,0,0,1.067664,1.584918,1.112542,1.402770,23,29,71086,80488,31,66,-0.467520,0.428183,-1.429393,0.189650,0.224438,-1,,,,,,,,,,,,,,,,
13.857555,figure8_0.20_круг влево,10792,269926,25008,0,0,1.067664,1.584918,1.160170,1.401873,24,29,71109,80517,30,66,-0.466828,0.423402,-1.424719,0.193173,0.186912,-1,,,,,,,,,,,,,,,,
13.882490,figure8_0.20_круг влево,10793,269952,25012,0,0,1.067664,1.584918,1.063320,1.353316,22,28,71131,80546,31,67,-0.466152,0.418895,-1.419110,0.182210,0.224258,-1,,,,,,,,,,,,,,,,
13.908514,figure8_0.20_круг влево,10794,269976,25004,0,0,1.067664,1.584918,1.063660,1.450445,22,30,71152,80576,31,66,-0.465418,0.414212,-1.411631,0.189559,0.299107,-1,,,,,,,,,,,,,,,,
13.932988,figure8_0.20_круг влево,10795,270001,25008,0,0,1.067664,1.584918,1.063490,1.401873,22,29,71175,80605,31,67,-0.464667,0.409625,-1.405087,0.185884,0.261677,-1,,,,,,,,,,,,,,,,
13.959496,figure8_0.20_круг влево,10796,270026,24968,0,0,1.067664,1.584918,1.065193,1.452536,22,30,71197,80634,31,67,-0.463867,0.404953,-1.397608,0.189832,0.299538,-1,,,,,,,,,,,,,,,,
13.985925,figure8_0.20_круг влево,10797,270051,25020,0,0,1.067664,1.584918,1.062979,1.401200,22,29,71219,80664,32,68,-0.463051,0.400377,-1.391064,0.185795,0.261551,-1,,,,,,,,,,,,,,,,
14.009296,figure8_0.20_круг влево,10798,270076,24992,0,0,1.067664,1.584918,1.112542,1.451141,23,30,71242,80694,31,67,-0.462172,0.395627,-1.384520,0.193297,0.261844,-1,,,,,,,,,,,,,,,,
14.035459,figure8_0.20_круг влево,10799,270101,25000,0,0,1.067664,1.584918,1.063830,1.499033,22,31,71264,80724,31,67,-0.461258,0.390883,-1.376107,0.193235,0.336549,-1,,,,,,,,,,,,,,,,
14.059512,figure8_0.20_круг влево,10800,270126,25016,0,0,1.067664,1.584918,0.966500,1.449749,20,30,71284,80755,33,68,-0.460355,0.386416,-1.366758,0.182181,0.373704,-1,,,,,,,,,,,,,,,,
14.085528,figure8_0.20_круг влево,10801,270151,25000,0,0,1.067664,1.584918,1.112186,1.547389,23,32,71307,80787,31,67,-0.459318,0.381511,-1.358344,0.200527,0.336549,-1,,,,,,,,,,,,,,,,
14.111971,figure8_0.20_круг влево,10802,270176,25000,0,0,1.067664,1.584918,1.112186,1.547389,23,32,71330,80819,31,67,-0.458241,0.376615,-1.349931,0.200527,0.336549,-1,,,,,,,,,,,,,,,,
14.135897,figure8_0.20_круг влево,10803,270201,24976,0,0,1.067664,1.584918,1.016450,1.597278,21,33,71351,80852,32,66,-0.457136,0.371819,-1.338712,0.197070,0.449163,-1,,,,,,,,,,,,,,,,
14.159766,figure8_0.20_круг влево,10804,270226,24996,0,0,1.067664,1.584918,1.015636,1.596000,21,33,71372,80884,32,66,-0.455977,0.367035,-1.327494,0.196913,0.448804,-1,,,,,,,,,,,,,,,,
14.186046,figure8_0.20_круг влево,10805,270251,25012,0,0,1.067664,1.584918,1.111652,1.546646,23,32,71395,80916,31,67,-0.454748,0.362175,-1.319080,0.200431,0.336388,-1,,,,,,,,,,,,,,,,
14.212410,figure8_0.20_круг влево,10806,270276,24996,0,0,1.067664,1.584918,1.112364,1.644364,23,34,71418,80950,31,65,-0.453429,0.357150,-1.308797,0.207852,0.411404,-1,,,,,,,,,,,,,,,,
14.235790,figure8_0.20_круг влево,10807,270301,24992,0,0,1.067664,1.584918,1.064170,1.547884,22,32,71440,80983,31,67,-0.452131,0.352402,-1.299448,0.196944,0.374063,-1,,,,,,,,,,,,,,,,
14.262128,figure8_0.20_круг влево,10808,270326,25036,0,0,1.067664,1.584918,1.110587,1.641737,23,34,71462,81016,31,65,-0.450713,0.347403,-1.289165,0.207520,0.410746,-1,,,,,,,,,,,,,,,,
14.288761,figure8_0.20_круг влево,10809,270351,24996,0,0,1.067664,1.584918,1.064000,1.692727,22,35,71485,81051,31,65,-0.449239,0.342422,-1.277012,0.207852,0.486204,-1,,,,,,,,,,,,,,,,
14.313162,figure8_0.20_круг влево,10810,270376,24976,0,0,1.067664,1.584918,1.016450,1.645681,21,34,71506,81086,32,65,-0.447758,0.337632,-1.264858,0.200720,0.486594,-1,,,,,,,,,,,,,,,,
14.337712,figure8_0.20_круг влево,10811,270401,24996,0,0,1.067664,1.584918,1.112364,1.692727,23,35,71529,81121,31,64,-0.446138,0.332600,-1.253640,0.211499,0.448804,-1,,,,,,,,,,,,,,,,
14.364172,figure8_0.20_круг влево,10812,270426,25004,0,0,1.067664,1.584918,1.112008,1.643838,23,34,71552,81154,31,65,-0.444492,0.327672,-1.243357,0.207786,0.411272,-1,,,,,,,,,,,,,,,,
14.389827,figure8_0.20_круг влево,10813,270451,25008,0,0,1.067664,1.584918,1.111830,1.691915,23,35,71575,81190,31,64,-0.442764,0.322676,-1.232138,0.211397,0.448589,-1,,,,,,,,,,,,,,,,
14.413046,figure8_0.20_круг влево,10814,270476,24996,0,0,1.067664,1.584918,1.015636,1.644364,21,34,71596,81223,32,64,-0.441069,0.317958,-1.219985,0.200559,0.486205,-1,,,,,,,,,,,,,,,,
14.438852,figure8_0.20_круг влево,10815,270501,25008,0,0,1.067664,1.584918,1.063490,1.643575,22,34,71618,81258,31,64,-0.439288,0.313174,-1.208767,0.204108,0.448589,-1,,,,,,,,,,,,,,,,
14.464349,figure8_0.20_круг влево,10816,270526,24980,0,0,1.067664,1.584918,1.113076,1.742206,23,36,71642,81294,31,63,-0.437353,0.308157,-1.196614,0.215283,0.486516,-1,,,,,,,,,,,,,,,,
14.491285,figure8_0.20_круг влево,10817,270551,25020,0,0,1.067664,1.584918,1.111297,1.739421,23,36,71664,81330,31,62,-0.435357,0.303163,-1.184461,0.214939,0.485738,-1,,,,,,,,,,,,,,,,
14.515342,figure8_0.20_круг влево,10818,270576,24984,0,0,1.067664,1.584918,1.064511,1.741927,22,36,71686,81366,31,62,-0.433333,0.298279,-1.171373,0.211600,0.523856,-1,,,,,,,,,,,,,,,,
14.541483,figure8_0.20_круг влево,10819,270601,25052,0,0,1.067664,1.584918,1.109877,1.737199,23,36,71709,81401,30,62,-0.431212,0.293337,-1.159220,0.214665,0.485118,-1,,,,,,,,,,,,,,,,
14.565229,figure8_0.20_круг влево,10820,270626,24960,0,0,1.067664,1.584918,1.065535,1.792036,22,37,71730,81439,31,61,-0.429026,0.288424,-1.145197,0.215456,0.561814,-1,,,,,,,,,,,,,,,,
14.591056,figure8_0.20_круг влево,10821,270651,25024,0,0,1.067664,1.584918,0.966191,1.739143,20,36,71751,81475,33,61,-0.426884,0.283791,-1.130239,0.203977,0.597736,-1,,,,,,,,,,,,,,,,
14.615320,figure8_0.20_круг влево,10822,270676,24980,0,0,1.067664,1.584918,1.113076,1.742206,23,36,71774,81511,31,61,-0.424561,0.278941,-1.118086,0.215283,0.486516,-1,,,,,,,,,,,,,,,,
14.641531,figure8_0.20_круг влево,10823,270701,24996,0,0,1.067664,1.584918,1.112364,1.692727,23,35,71797,81546,30,61,-0.422222,0.274200,-1.106867,0.211499,0.448804,-1,,,,,,,,,,,,,,,,
14.665744,figure8_0.20_круг влево,10824,270726,25000,0,0,1.067664,1.584918,1.015474,1.789168,21,37,71818,81583,32,59,-0.419821,0.269489,-1.091910,0.211465,0.598310,-1,,,,,,,,,,,,,,,,
14.692717,figure8_0.20_круг влево,10825,270751,25008,0,0,1.067664,1.584918,1.063490,1.691915,22,35,71840,81618,31,61,-0.417399,0.264893,-1.079756,0.207753,0.485971,-1,,,,,,,,,,,,,,,,
14.716277,figure8_0.20_круг влево,10826,270776,24992,0,0,1.067664,1.584918,1.112542,1.692998,23,35,71863,81653,31,60,-0.414880,0.260245,-1.068538,0.211533,0.448876,-1,,,,,,,,,,,,,,,,
14.743159,figure8_0.20_круг влево,10827,270801,24996,0,0,1.067664,1.584918,1.064000,1.741091,22,36,71885,81689,31,59,-0.412305,0.255628,-1.055450,0.211499,0.523605,-1,,,,,,,,,,,,,,,,
14.767538,figure8_0.20_круг влево,10828,270826,25008,0,0,1.067664,1.584918,0.966809,1.691915,20,35,71905,81724,33,60,-0.409804,0.251284,-1.041427,0.200463,0.560736,-1,,,,,,,,,,,,,,,,
14.793907,figure8_0.20_круг влево,10829,270851,24984,0,0,1.067664,1.584918,1.064511,1.645154,22,34,71927,81758,31,60,-0.407201,0.246892,-1.030209,0.204304,0.449020,-1,,,,,,,,,,,,,,,,
14.819519,figure8_0.20_круг влево,10830,270876,25012,0,0,1.067664,1.584918,1.159985,1.643312,24,34,71950,81792,30,60,-0.404459,0.242372,-1.020860,0.211364,0.373764,-1,,,,,,,,,,,,,,,,
14.845355,figure8_0.20_круг влево,10831,270901,25008,0,0,1.067664,1.584918,1.015149,1.643575,21,34,71972,81825,32,60,-0.401813,0.238114,-1.008707,0.200463,0.485971,-1,,,,,,,,,,,,,,,,
14.868690,figure8_0.20_круг влево,10832,270926,24988,0,0,1.067664,1.584918,1.015962,1.596511,21,33,71993,81858,32,61,-0.399167,0.233964,-0.997489,0.196976,0.448948,-1,,,,,,,,,,,,,,,,
14.893455,figure8_0.20_круг влево,10833,270951,25004,0,0,1.067664,1.584918,1.063660,1.643838,22,34,72016,81893,31,60,-0.396374,0.229692,-0.986271,0.204141,0.448660,-1,,,,,,,,,,,,,,,,
14.918844,figure8_0.20_круг влево,10834,270976,24996,0,0,1.067664,1.584918,1.064000,1.596000,22,33,72037,81926,31,61,-0.393587,0.225525,-0.975987,0.200559,0.411404,-1,,,,,,,,,,,,,,,,
14.944431,figure8_0.20_круг влево,10835,271001,25012,0,0,1.067664,1.584918,0.918321,1.643312,19,34,72056,81959,34,60,-0.390852,0.221543,-0.961964,0.193143,0.560646,-1,,,,,,,,,,,,,,,,
14.969868,figure8_0.20_круг влево,10836,271026,25004,0,0,1.067664,1.584918,1.063660,1.595490,22,33,72078,81993,32,60,-0.387963,0.217445,-0.951681,0.200495,0.411272,-1,,,,,,,,,,,,,,,,
14.997772,figure8_0.20_круг влево,10837,271051,24996,0,0,1.067664,1.584918,1.112364,1.644364,23,34,72101,82027,31,60,-0.384927,0.213230,-0.941397,0.207852,0.411404,-1,,,,,,,,,,,,,,,,
15.020783,figure8_0.20_круг влево,10838,271076,24976,0,0,1.067664,1.584918,1.016450,1.694083,21,35,72122,82062,32,59,-0.381895,0.209123,-0.928309,0.204369,0.524024,-1,,,,,,,,,,,,,,,,
15.046729,figure8_0.20_круг влево,10839,271101,25000,0,0,1.067664,1.584918,0.967118,1.644101,20,34,72142,82096,33,59,-0.378920,0.205202,-0.915221,0.196881,0.523521,-1,,,,,,,,,,,,,,,,
15.070307,figure8_0.20_круг влево,10840,271126,25020,0,0,1.067664,1.584918,1.111297,1.691104,23,35,72165,82131,31,58,-0.375674,0.201030,-0.904003,0.211296,0.448374,-1,,,,,,,,,,,,,,,,
15.096707,figure8_0.20_круг влево,10841,271151,25096,0,0,1.067664,1.584918,1.011590,1.637812,21,34,72186,82165,33,59,-0.372549,0.197109,-0.891850,0.199760,0.484267,-1,,,,,,,,,,,,,,,,
15.123111,figure8_0.20_круг влево,10842,271176,24896,0,0,1.067664,1.584918,0.922600,1.650969,19,34,72206,82199,34,59,-0.369489,0.193371,-0.877827,0.194043,0.563258,-1,,,,,,,,,,,,,,,,
15.146162,figure8_0.20_круг влево,10843,271201,24996,0,0,1.067664,1.584918,1.064000,1.596000,22,33,72227,82232,32,59,-0.366267,0.189531,-0.867543,0.200559,0.411404,-1,,,,,,,,,,,,,,,,
15.172111,figure8_0.20_круг влево,10844,271226,25016,0,0,1.067664,1.584918,1.063149,1.643049,22,34,72250,82265,32,59,-0.362944,0.185656,-0.856325,0.204043,0.448445,-1,,,,,,,,,,,,,,,,
15.197579,figure8_0.20_круг влево,10845,271251,24996,0,0,1.067664,1.584918,1.015636,1.692727,21,35,72270,82300,33,58,-0.359575,0.181822,-0.843237,0.204206,0.523605,-1,,,,,,,,,,,,,,,,
15.223716,figure8_0.20_круг влево,10846,271276,24988,0,0,1.067664,1.584918,0.967583,1.596511,20,33,72290,82334,34,59,-0.356340,0.178234,-0.831084,0.193328,0.486360,-1,,,,,,,,,,,,,,,,
15.247815,figure8_0.20_круг влево,10847,271301,25004,0,0,1.067664,1.584918,1.063660,1.643838,22,34,72312,82368,33,58,-0.352878,0.174483,-0.819866,0.204141,0.448660,-1,,,,,,,,,,,,,,,,
15.274161,figure8_0.20_круг влево,10848,271326,25000,0,0,1.067664,1.584918,1.112186,1.595745,23,33,72335,82401,32,59,-0.349378,0.170767,-0.810517,0.204173,0.373944,-1,,,,,,,,,,,,,,,,
15.298774,figure8_0.20_круг влево,10849,271351,25000,0,0,1.067664,1.584918,1.015474,1.644101,21,34,72356,82435,33,58,-0.345901,0.167156,-0.798364,0.200527,0.486127,-1,,,,,,,,,,,,,,,,
15.323985,figure8_0.20_круг влево,10850,271376,25004,0,0,1.067664,1.584918,1.063660,1.595490,22,33,72378,82467,33,59,-0.342384,0.163583,-0.788080,0.200495,0.411272,-1,,,,,,,,,,,,,,,,
15.348666,figure8_0.20_круг влево,10851,271401,24984,0,0,1.067664,1.584918,1.112898,1.596767,23,33,72401,82500,32,59,-0.338768,0.159981,-0.778732,0.204304,0.374183,-1,,,,,,,,,,,,,,,,
15.375982,figure8_0.20_круг влево,10852,271426,25004,0,0,1.067664,1.584918,1.112008,1.643838,23,34,72424,82535,32,58,-0.335051,0.156351,-0.768448,0.207786,0.411272,-1,,,,,,,,,,,,,,,,
15.398877,figure8_0.20_круг влево,10853,271451,25004,0,0,1.067664,1.584918,1.015312,1.595490,21,33,72445,82568,33,59,-0.331493,0.152950,-0.757230,0.196850,0.448660,-1,,,,,,,,,,,,,,,,
15.424955,figure8_0.20_круг влево,10854,271476,24996,0,0,1.067664,1.584918,1.112364,1.644364,23,34,72468,82601,32,58,-0.327699,0.149401,-0.746947,0.207852,0.411404,-1,,,,,,,,,,,,,,,,
15.452095,figure8_0.20_круг влево,10855,271501,25040,0,0,1.067664,1.584918,1.158688,1.544917,24,32,72492,82633,31,59,-0.323941,0.145947,-0.739468,0.203847,0.298677,-1,,,,,,,,,,,,,,,,
15.476336,figure8_0.20_круг влево,10856,271526,24972,0,0,1.067664,1.584918,1.065023,1.549124,22,32,72514,82666,32,59,-0.320289,0.142647,-0.730119,0.197102,0.374363,-1,,,,,,,,,,,,,,,,
15.500986,figure8_0.20_круг влево,10857,271551,25012,0,0,1.067664,1.584918,1.063320,1.546646,22,32,72536,82697,32,59,-0.316606,0.139381,-0.720771,0.196787,0.373764,-1,,,,,,,,,,,,,,,,
15.525277,figure8_0.20_круг влево,10858,271576,24980,0,0,1.067664,1.584918,1.113076,1.548628,23,32,72559,82729,32,59,-0.312826,0.136089,-0.712357,0.200688,0.336819,-1,,,,,,,,,,,,,,,,
15.551723,figure8_0.20_круг влево,10859,271601,25004,0,0,1.067664,1.584918,1.112008,1.547141,23,32,72582,82762,31,60,-0.309018,0.132828,-0.703943,0.200495,0.336495,-1,,,,,,,,,,,,,,,,
15.577672,figure8_0.20_круг влево,10860,271626,25000,0,0,1.067664,1.584918,1.063830,1.547389,22,32,72604,82794,32,60,-0.305251,0.129660,-0.694595,0.196881,0.373944,-1,,,,,,,,,,,,,,,,
15.601931,figure8_0.20_круг влево,10861,271651,24988,0,0,1.067664,1.584918,1.112720,1.596511,23,33,72627,82826,31,59,-0.301314,0.126411,-0.685246,0.204271,0.374123,-1,,,,,,,,,,,,,,,,
15.628262,figure8_0.20_круг влево,10862,271676,25032,0,0,1.067664,1.584918,1.159058,1.497117,24,31,72651,82858,31,60,-0.297422,0.123251,-0.678702,0.200271,0.261426,-1,,,,,,,,,,,,,,,,
15.652589,figure8_0.20_круг влево,10863,271700,24980,0,0,1.067664,1.584918,1.064682,1.597022,22,33,72673,82890,32,59,-0.293504,0.120124,-0.668419,0.200688,0.411667,-1,,,,,,,,,,,,,,,,
15.677908,figure8_0.20_круг влево,10864,271726,25012,0,0,1.067664,1.584918,1.063320,1.546646,22,32,72695,82923,32,60,-0.289627,0.117092,-0.659070,0.196787,0.373764,-1,,,,,,,,,,,,,,,,
15.704183,figure8_0.20_круг влево,10865,271751,24996,0,0,1.067664,1.584918,1.112364,1.596000,23,33,72719,82955,31,59,-0.285577,0.113985,-0.649721,0.204206,0.374003,-1,,,,,,,,,,,,,,,,
15.728147,figure8_0.20_круг влево,10866,271776,24992,0,0,1.067664,1.584918,1.112542,1.596256,23,33,72740,82989,31,59,-0.281498,0.110916,-0.640373,0.204239,0.374063,-1,,,,,,,,,,,,,,,,
15.755083,figure8_0.20_круг влево,10867,271801,24988,0,0,1.067664,1.584918,1.015962,1.499753,21,31,72762,83020,32,61,-0.277684,0.108102,-0.631024,0.189680,0.374123,-1,,,,,,,,,,,,,,,,
15.779104,figure8_0.20_круг влево,10868,271826,25016,0,0,1.067664,1.584918,1.111474,1.594724,23,33,72785,83053,31,59,-0.273549,0.105110,-0.621676,0.204043,0.373704,-1,,,,,,,,,,,,,,,,
15.806140,figure8_0.20_круг влево,10869,271851,25008,0,0,1.067664,1.584918,1.111830,1.546894,23,32,72808,83084,31,60,-0.269461,0.102207,-0.613262,0.200463,0.336442,-1,,,,,,,,,,,,,,,,
15.829673,figure8_0.20_круг влево,10870,271876,24996,0,0,1.067664,1.584918,1.112364,1.499273,23,31,72831,83115,31,61,-0.265426,0.099389,-0.605783,0.196913,0.299203,-1,,,,,,,,,,,,,,,,
15.854775,figure8_0.20_круг влево,10871,271901,25008,0,0,1.067664,1.584918,1.111830,1.450213,23,30,72854,83145,31,62,-0.261445,0.096652,-0.599239,0.193173,0.261677,-1,,,,,,,,,,,,,,,,
15.879795,figure8_0.20_круг влево,10872,271926,24996,0,0,1.067664,1.584918,1.112364,1.450909,23,30,72878,83176,31,62,-0.257447,0.093940,-0.592695,0.193266,0.261802,-1,,,,,,,,,,,,,,,,
15.906753,figure8_0.20_круг влево,10873,271951,24992,0,0,1.067664,1.584918,1.112542,1.499513,23,31,72900,83207,31,62,-0.253355,0.091206,-0.585216,0.196944,0.299251,-1,,,,,,,,,,,,,,,,
15.930980,figure8_0.20_круг влево,10874,271976,24996,0,0,1.067664,1.584918,1.064000,1.450909,22,30,72922,83237,31,62,-0.249394,0.088602,-0.577737,0.189620,0.299203,-1,,,,,,,,,,,,,,,,
15.957318,figure8_0.20_круг влево,10875,272001,25012,0,0,1.067664,1.584918,1.111652,1.498314,23,31,72945,83268,31,62,-0.245261,0.085930,-0.570258,0.196787,0.299011,-1,,,,,,,,,,,,,,,,
15.981066,figure8_0.20_круг влево,10876,272026,24988,0,0,1.067664,1.584918,1.112720,1.548132,23,32,72968,83300,30,61,-0.241029,0.083241,-0.561845,0.200624,0.336711,-1,,,,,,,,,,,,,,,,
16.007255,figure8_0.20_круг влево,10877,272051,24996,0,0,1.067664,1.584918,1.064000,1.547637,22,32,72990,83332,31,61,-0.236852,0.080639,-0.552496,0.196913,0.374003,-1,,,,,,,,,,,,,,,,
16.032898,figure8_0.20_круг влево,10878,272076,25004,0,0,1.067664,1.584918,1.063660,1.595490,22,33,73012,83364,31,61,-0.232571,0.078030,-0.542213,0.200495,0.411272,-1,,,,,,,,,,,,,,,,
16.058559,figure8_0.20_круг влево,10879,272101,25008,0,0,1.067664,1.584918,1.111830,1.546894,23,32,73035,83396,30,62,-0.228266,0.075461,-0.533799,0.200463,0.336442,-1,,,,,,,,,,,,,,,,
16.083265,figure8_0.20_круг влево,10880,272126,25000,0,0,1.067664,1.584918,1.063830,1.547389,22,32,73057,83429,31,62,-0.224017,0.072976,-0.524450,0.196881,0.373944,-1,,,,,,,,,,,,,,,,
16.106943,figure8_0.20_круг влево,10881,272151,24980,0,0,1.067664,1.584918,1.064682,1.597022,22,33,73079,83462,31,61,-0.219665,0.070488,-0.514167,0.200688,0.411667,-1,,,,,,,,,,,,,,,,
16.132751,figure8_0.20_круг влево,10882,272176,25020,0,0,1.067664,1.584918,1.062979,1.594469,22,33,73101,83495,31,61,-0.215287,0.068045,-0.503883,0.200367,0.411009,-1,,,,,,,,,,,,,,,,
16.159487,figure8_0.20_круг влево,10883,272201,25012,0,0,1.067664,1.584918,1.063320,1.691645,22,35,73123,83530,31,59,-0.210722,0.065564,-0.491730,0.207719,0.485893,-1,,,,,,,,,,,,,,,,
16.182949,figure8_0.20_круг влево,10884,272226,24992,0,0,1.067664,1.584918,0.967428,1.596256,20,33,73143,83562,32,61,-0.206450,0.063309,-0.479577,0.193297,0.486282,-1,,,,,,,,,,,,,,,,
16.209136,figure8_0.20_круг влево,10885,272251,24976,0,0,1.067664,1.584918,1.016450,1.597278,21,33,73164,83596,32,61,-0.202071,0.061063,-0.468359,0.197070,0.449163,-1,,,,,,,,,,,,,,,,
16.235233,figure8_0.20_круг влево,10886,272276,25000,0,0,1.067664,1.584918,1.112186,1.595745,23,33,73187,83629,31,61,-0.197505,0.058780,-0.459010,0.204173,0.373944,-1,,,,,,,,,,,,,,,,
16.263496,figure8_0.20_круг влево,10887,272301,25016,0,0,1.067664,1.584918,1.014825,1.643049,21,34,73208,83663,32,60,-0.192997,0.056586,-0.446857,0.200399,0.485816,-1,,,,,,,,,,,,,,,,
16.287441,figure8_0.20_круг влево,10888,272326,24996,0,0,1.067664,1.584918,0.967273,1.596000,20,33,73228,83696,33,61,-0.188628,0.054525,-0.434704,0.193266,0.486204,-1,,,,,,,,,,,,,,,,
16.310871,figure8_0.20_круг влево,10889,272351,25012,0,0,1.067664,1.584918,1.063320,1.643312,22,34,73250,83730,32,60,-0.183987,0.052401,-0.423486,0.204075,0.448517,-1,,,,,,,,,,,,,,,,
16.337051,figure8_0.20_круг влево,10890,272376,24996,0,0,1.067664,1.584918,1.015636,1.692727,21,35,73272,83765,32,59,-0.179320,0.050334,-0.410397,0.204206,0.523605,-1,,,,,,,,,,,,,,,,
16.361833,figure8_0.20_круг влево,10891,272401,25032,0,0,1.067664,1.584918,0.917588,1.641999,19,34,73290,83798,34,59,-0.174877,0.048438,-0.396375,0.192988,0.560198,-1,,,,,,,,,,,,,,,,
16.385117,figure8_0.20_круг влево,10892,272427,24968,0,0,1.067664,1.584918,0.968358,1.597790,20,33,73310,83832,33,60,-0.170409,0.046600,-0.384221,0.193483,0.486750,-1,,,,,,,,,,,,,,,,
16.412726,figure8_0.20_круг влево,10893,272451,25004,0,0,1.067664,1.584918,1.112008,1.547141,23,32,73333,83864,31,61,-0.165753,0.044741,-0.375808,0.200495,0.336495,-1,,,,,,,,,,,,,,,,
16.436653,figure8_0.20_круг влево,10894,272476,24980,0,0,1.067664,1.584918,0.967892,1.645417,20,34,73353,83898,33,59,-0.161163,0.042964,-0.362720,0.197039,0.523940,-1,,,,,,,,,,,,,,,,
16.462701,figure8_0.20_круг влево,10895,272501,25016,0,0,1.067664,1.584918,0.966500,1.594724,20,33,73373,83930,34,60,-0.156636,0.041277,-0.350567,0.193112,0.485816,-1,,,,,,,,,,,,,,,,
16.486208,figure8_0.20_круг влево,10896,272526,24988,0,0,1.067664,1.584918,1.015962,1.548132,21,32,73394,83963,33,61,-0.152091,0.039642,-0.340283,0.193328,0.411535,-1,,,,,,,,,,,,,,,,
16.514182,figure8_0.20_круг влево,10897,272551,24992,0,0,1.067664,1.584918,1.112542,1.644627,23,34,73417,83996,32,59,-0.147184,0.037933,-0.330000,0.207886,0.411470,-1,,,,,,,,,,,,,,,,
16.537694,figure8_0.20_круг влево,10898,272576,25024,0,0,1.067664,1.584918,0.966191,1.594214,20,33,73437,84029,34,60,-0.142605,0.036395,-0.317846,0.193050,0.485660,-1,,,,,,,,,,,,,,,,
16.563634,figure8_0.20_круг влево,10899,272601,24976,0,0,1.067664,1.584918,1.016450,1.597278,21,33,73458,84063,33,60,-0.137921,0.034883,-0.306628,0.197070,0.449163,-1,,,,,,,,,,,,,,,,
16.589189,figure8_0.20_круг влево,10900,272626,25020,0,0,1.067664,1.584918,1.111297,1.594469,23,33,73481,84096,32,60,-0.133047,0.033365,-0.297280,0.204010,0.373645,-1,,,,,,,,,,,,,,,,
16.615706,figure8_0.20_круг влево,10901,272651,25008,0,0,1.067664,1.584918,1.063490,1.643575,22,34,73503,84129,33,59,-0.128158,0.031898,-0.286061,0.204108,0.448589,-1,,,,,,,,,,,,,,,,
16.639743,figure8_0.20_круг влево,10902,272676,24992,0,0,1.067664,1.584918,1.015799,1.644627,21,34,73524,84163,33,59,-0.123341,0.030512,-0.273908,0.200591,0.486282,-1,,,,,,,,,,,,,,,,
16.668564,figure8_0.20_круг влево,10903,272701,25052,0,0,1.067664,1.584918,1.061622,1.544177,22,32,73546,84195,33,60,-0.118596,0.029203,-0.264559,0.196473,0.373167,-1,,,,,,,,,,,,,,,,
16.690270,figure8_0.20_круг влево,10904,272726,24928,0,0,1.067664,1.584918,1.115398,1.600354,23,33,73569,84228,32,60,-0.113663,0.027891,-0.255211,0.204763,0.375024,-1,,,,,,,,,,,,,,,,
16.722145,figure8_0.20_пауза,10905,272751,25024,0,0,1.067664,1.584918,1.062810,1.545905,22,32,73591,84261,33,60,-0.108895,0.026671,-0.245862,0.196692,0.373585,-1,,,,,,,,,,,,,,,,
16.742678,figure8_0.20_пауза,10906,272776,25004,0,0,0.000000,0.000000,1.015312,1.595490,21,33,73612,84293,-16,-7,-0.104114,0.025500,-0.234644,0.196850,0.448660,-1,,,,,,,,,,,,,,,,
16.765886,figure8_0.20_пауза,10907,272801,24980,0,0,0.000000,0.000000,0.677525,1.113076,14,23,73626,84316,-13,-3,-0.100831,0.024730,-0.226230,0.135008,0.336819,-1,,,,,,,,,,,,,,,,
16.792125,figure8_0.20_пауза,10908,272826,24992,0,0,0.000000,0.000000,0.096743,0.386971,2,8,73627,84324,-6,4,-0.099942,0.024528,-0.220621,0.036471,0.224438,-1,,,,,,,,,,,,,,,,
16.815678,figure8_0.20_пауза,10909,272850,25004,0,0,0.000000,0.000000,0.000000,0.386785,0,8,73627,84331,-5,4,-0.099230,0.024371,-0.213142,0.029163,0.299107,-1,,,,,,,,,,,,,,,,
16.842353,figure8_0.20_пауза,10910,272876,25024,0,0,0.000000,0.000000,0.000000,0.289857,0,6,73627,84337,-5,4,-0.098695,0.024257,-0.207533,0.021855,0.224151,-1,,,,,,,,,,,,,,,,
16.866156,figure8_0.20_пауза,10911,272901,24972,0,0,0.000000,0.000000,0.000000,0.145230,0,3,73627,84340,-5,6,-0.098427,0.024201,-0.204728,0.010950,0.112309,-1,,,,,,,,,,,,,,,,
16.893216,figure8_0.20_пауза,10912,272926,25020,0,0,0.000000,0.000000,0.000000,0.096634,0,2,73627,84342,-5,6,-0.098249,0.024164,-0.202859,0.007286,0.074729,-1,,,,,,,,,,,,,,,,
16.916869,figure8_0.20_пауза,10913,272951,25004,0,0,0.000000,0.000000,0.000000,0.000000,0,0,73627,84342,-5,8,-0.098249,0.024164,-0.202859,0.000000,0.000000,-1,,,,,,,,,,,,,,,,
16.942680,figure8_0.20_пауза,10914,272975,24996,0,0,0.000000,0.000000,0.000000,0.000000,0,0,73627,84342,-5,8,-0.098249,0.024164,-0.202859,0.000000,0.000000,-1,,,,,,,,,,,,,,,,
16.965988,figure8_0.20_пауза,10915,273001,24984,0,0,0.000000,0.000000,0.000000,0.000000,0,0,73627,84342,-5,8,-0.098249,0.024164,-0.202859,0.000000,0.000000,-1,,,,,,,,,,,,,,,,
16.994785,figure8_0.20_пауза,10916,273026,25020,0,0,0.000000,0.000000,0.000000,0.000000,0,0,73627,84342,-5,8,-0.098249,0.024164,-0.202859,0.000000,0.000000,-1,,,,,,,,,,,,,,,,
17.017404,figure8_0.20_пауза,10917,273050,24980,0,0,0.000000,0.000000,0.000000,0.000000,0,0,73627,84342,-5,8,-0.098249,0.024164,-0.202859,0.000000,0.000000,-1,,,,,,,,,,,,,,,,
17.042415,figure8_0.20_пауза,10918,273076,25004,0,0,0.000000,0.000000,0.000000,0.000000,0,0,73627,84342,-5,8,-0.098249,0.024164,-0.202859,0.000000,0.000000,-1,,,,,,,,,,,,,,,,
17.067553,figure8_0.20_пауза,10919,273100,25016,0,0,0.000000,0.000000,0.000000,0.000000,0,0,73627,84342,-5,8,-0.098249,0.024164,-0.202859,0.000000,0.000000,-1,,,,,,,,,,,,,,,,
17.092789,figure8_0.20_пауза,10920,273126,25008,0,0,0.000000,0.000000,0.000000,0.000000,0,0,73627,84342,-5,8,-0.098249,0.024164,-0.202859,0.000000,0.000000,-1,,,,,,,,,,,,,,,,
17.118356,figure8_0.20_пауза,10921,273150,24980,0,0,0.000000,0.000000,0.000000,0.000000,0,0,73627,84342,-5,8,-0.098249,0.024164,-0.202859,0.000000,0.000000,-1,,,,,,,,,,,,,,,,
17.143448,figure8_0.20_пауза,10922,273176,25000,0,0,0.000000,0.000000,0.000000,0.000000,0,0,73627,84342,-5,8,-0.098249,0.024164,-0.202859,0.000000,0.000000,-1,,,,,,,,,,,,,,,,
17.168926,figure8_0.20_пауза,10923,273201,25000,0,0,0.000000,0.000000,0.000000,0.000000,0,0,73627,84342,-5,8,-0.098249,0.024164,-0.202859,0.000000,0.000000,-1,,,,,,,,,,,,,,,,
17.194323,figure8_0.20_пауза,10924,273225,25012,0,0,0.000000,0.000000,0.000000,0.000000,0,0,73627,84342,-5,8,-0.098249,0.024164,-0.202859,0.000000,0.000000,-1,,,,,,,,,,,,,,,,
17.219715,figure8_0.20_пауза,10925,273251,25016,0,0,0.000000,0.000000,0.000000,0.000000,0,0,73627,84342,-5,8,-0.098249,0.024164,-0.202859,0.000000,0.000000,-1,,,,,,,,,,,,,,,,
17.245452,figure8_0.20_пауза,10926,273275,24968,0,0,0.000000,0.000000,0.000000,0.000000,0,0,73627,84342,-5,8,-0.098249,0.024164,-0.202859,0.000000,0.000000,-1,,,,,,,,,,,,,,,,
17.271634,figure8_0.20_пауза,10927,273301,25016,0,0,0.000000,0.000000,0.000000,0.000000,0,0,73627,84342,-5,8,-0.098249,0.024164,-0.202859,0.000000,0.000000,-1,,,,,,,,,,,,,,,,
17.295415,figure8_0.20_пауза,10928,273326,24992,0,0,0.000000,0.000000,0.000000,0.000000,0,0,73627,84342,-5,8,-0.098249,0.024164,-0.202859,0.000000,0.000000,-1,,,,,,,,,,,,,,,,
17.320671,figure8_0.20_пауза,10929,273350,25004,0,0,0.000000,0.000000,0.000000,0.000000,0,0,73627,84342,-5,8,-0.098249,0.024164,-0.202859,0.000000,0.000000,-1,,,,,,,,,,,,,,,,
17.345383,figure8_0.20_круг вправо,10930,273376,24996,0,0,1.584918,1.067664,0.000000,0.000000,0,0,73627,84342,65,56,-0.098249,0.024164,-0.202859,0.000000,0.000000,-1,,,,,,,,,,,,,,,,
17.371265,figure8_0.20_круг вправо,10931,273401,25000,0,0,1.584918,1.067664,0.531915,0.338491,11,7,73639,84350,60,53,-0.096642,0.023830,-0.206598,0.065627,-0.149577,-1,,,,,,,,,,,,,,,,
17.396831,figure8_0.20_круг вправо,10932,273426,25012,0,0,1.584918,1.067664,1.063320,0.628325,22,13,73662,84363,55,50,-0.093523,0.023163,-0.215012,0.127547,-0.336388,-1,,,,,,,,,,,,,,,,
17.423008,figure8_0.20_круг вправо,10933,273452,24996,0,0,1.584918,1.067664,0.918909,0.773818,19,16,73680,84379,58,49,-0.090407,0.022478,-0.217816,0.127629,-0.112201,-1,,,,,,,,,,,,,,,,
17.448162,figure8_0.20_круг вправо,10934,273476,24984,0,0,1.584918,1.067664,1.209672,1.112898,25,23,73706,84402,55,44,-0.086136,0.021528,-0.219686,0.175118,-0.074837,-1,,,,,,,,,,,,,,,,
17.473667,figure8_0.20_круг вправо,10935,273501,25008,0,0,1.584918,1.067664,1.450213,1.256851,30,26,73735,84428,52,42,-0.081156,0.020406,-0.223426,0.204108,-0.149530,-1,,,,,,,,,,,,,,,,
17.498803,figure8_0.20_круг вправо,10936,273526,24988,0,0,1.584918,1.067664,1.257857,1.209478,26,25,73762,84453,55,42,-0.076624,0.019374,-0.224360,0.186033,-0.037412,-1,,,,,,,,,,,,,,,,
17.524036,figure8_0.20_круг вправо,10937,273551,25004,0,0,1.584918,1.067664,1.450445,1.305400,30,27,73791,84481,53,41,-0.071560,0.018211,-0.227165,0.207786,-0.112165,-1,,,,,,,,,,,,,,,,
17.549581,figure8_0.20_круг вправо,10938,273576,25000,0,0,1.584918,1.067664,1.450677,1.402321,30,29,73822,84509,53,39,-0.066321,0.016998,-0.228100,0.215111,-0.037394,-1,,,,,,,,,,,,,,,,
17.574562,figure8_0.20_круг вправо,10939,273601,25012,0,0,1.584918,1.067664,1.401648,1.304983,29,27,73850,84537,54,40,-0.061350,0.015839,-0.229970,0.204075,-0.074753,-1,,,,,,,,,,,,,,,,
17.599566,figure8_0.20_круг вправо,10940,273626,24980,0,0,1.584918,1.067664,1.451839,1.355049,30,28,73881,84564,54,38,-0.056204,0.014629,-0.231839,0.211634,-0.074849,-1,,,,,,,,,,,,,,,,
17.625590,figure8_0.20_круг вправо,10941,273651,25036,0,0,1.584918,1.067664,1.496877,1.352018,31,28,73911,84592,53,38,-0.050972,0.013386,-0.234644,0.214802,-0.112022,-1,,,,,,,,,,,,,,,,
17.650864,figure8_0.20_круг вправо,10942,273676,25000,0,0,1.584918,1.067664,1.402321,1.353965,29,28,73940,84620,55,37,-0.045919,0.012176,-0.235579,0.207819,-0.037394,-1,,,,,,,,,,,,,,,,
17.676432,figure8_0.20_круг вправо,10943,273701,24988,0,0,1.584918,1.067664,1.451374,1.306236,30,27,73971,84647,55,37,-0.040869,0.010956,-0.238383,0.207919,-0.112237,-1,,,,,,,,,,,,,,,,
17.699595,figure8_0.20_круг вправо,10944,273726,25008,0,0,1.584918,1.067664,1.450213,1.305192,30,27,74000,84674,55,37,-0.035822,0.009722,-0.241188,0.207753,-0.112147,-1,,,,,,,,,,,,,,,,
17.725465,figure8_0.20_круг вправо,10945,273751,24992,0,0,1.584918,1.067664,1.499513,1.306027,31,27,74031,84702,54,36,-0.030691,0.008450,-0.244927,0.211533,-0.149625,-1,,,,,,,,,,,,,,,,
17.751977,figure8_0.20_круг вправо,10946,273776,24996,0,0,1.584918,1.067664,1.450909,1.305818,30,27,74061,84728,55,36,-0.025652,0.007183,-0.247732,0.207852,-0.112201,-1,,,,,,,,,,,,,,,,
17.778139,figure8_0.20_круг вправо,10947,273801,24980,0,0,1.584918,1.067664,1.403444,1.306655,29,27,74091,84756,56,35,-0.020705,0.005927,-0.249602,0.204337,-0.074849,-1,,,,,,,,,,,,,,,,
17.802392,figure8_0.20_круг вправо,10948,273826,25012,0,0,1.584918,1.067664,1.498314,1.353316,31,28,74122,84783,55,34,-0.015495,0.004591,-0.252406,0.215008,-0.112129,-1,,,,,,,,,,,,,,,,
17.828631,figure8_0.20_круг вправо,10949,273851,25016,0,0,1.584918,1.067664,1.353099,1.208124,28,25,74150,84808,57,36,-0.010819,0.003378,-0.255211,0.193112,-0.112111,-1,,,,,,,,,,,,,,,,
17.852846,figure8_0.20_круг вправо,10950,273876,24980,0,0,1.584918,1.067664,1.451839,1.258260,30,26,74180,84835,56,35,-0.005883,0.002080,-0.258950,0.204337,-0.149697,-1,,,,,,,,,,,,,,,,
17.878180,figure8_0.20_круг вправо,10951,273901,25000,0,0,1.584918,1.067664,1.450677,1.257253,30,26,74210,84861,57,34,-0.000951,0.000764,-0.262690,0.204173,-0.149577,-1,,,,,,,,,,,,,,,,
17.903739,figure8_0.20_круг вправо,10952,273926,24992,0,0,1.584918,1.067664,1.354399,1.209285,28,25,74237,84885,58,35,0.003712,-0.000497,-0.265494,0.193297,-0.112219,-1,,,,,,,,,,,,,,,,
17.932178,figure8_0.20_круг вправо,10953,273951,25144,0,0,1.584918,1.067664,1.538527,1.250053,32,26,74270,84911,56,34,0.008810,-0.001899,-0.271103,0.210254,-0.223081,-1,,,,,,,,,,,,,,,,
17.952857,figure8_0.20_круг вправо,10954,273976,24880,0,0,1.584918,1.067664,1.360496,1.263317,28,26,74297,84937,59,33,0.013551,-0.003221,-0.272973,0.197831,-0.075150,-1,,,,,,,,,,,,,,,,
17.983301,figure8_0.20_круг вправо,10955,274001,24980,0,0,1.584918,1.067664,1.355049,1.209865,28,25,74326,84962,59,34,0.018201,-0.004530,-0.275778,0.193390,-0.112273,-1,,,,,,,,,,,,,,,,
18.006190,figure8_0.20_круг вправо,10956,274026,25020,0,0,1.584918,1.067664,1.594469,1.256248,33,26,74359,84988,56,33,0.023371,-0.006011,-0.282322,0.214939,-0.261551,-1,,,,,,,,,,,,,,,,
18.029925,figure8_0.20_круг вправо,10957,274051,25028,0,0,1.584918,1.067664,1.352450,1.207545,28,25,74386,85014,60,33,0.028008,-0.007364,-0.285126,0.193019,-0.112058,-1,,,,,,,,,,,,,,,,
18.055515,figure8_0.20_круг вправо,10958,274076,24952,0,0,1.584918,1.067664,1.453468,1.211223,30,25,74417,85038,59,33,0.032816,-0.008785,-0.289801,0.200913,-0.187331,-1,,,,,,,,,,,,,,,,
18.081529,figure8_0.20_круг вправо,10959,274101,25016,0,0,1.584918,1.067664,1.643049,1.208124,34,25,74451,85064,56,33,0.037963,-0.010344,-0.298214,0.214973,-0.336334,-1,,,,,,,,,,,,,,,,
18.104855,figure8_0.20_круг вправо,10960,274126,25004,0,0,1.584918,1.067664,1.450445,1.257052,30,26,74480,85089,59,31,0.042839,-0.011852,-0.301954,0.204140,-0.149554,-1,,,,,,,,,,,,,,,,
18.130784,figure8_0.20_круг вправо,10961,274151,25008,0,0,1.584918,1.067664,1.595234,1.208511,33,25,74513,85114,57,32,0.047881,-0.013443,-0.309433,0.211397,-0.299059,-1,,,,,,,,,,,,,,,,
18.157326,figure8_0.20_круг вправо,10962,274177,24992,0,0,1.584918,1.067664,1.596256,1.209285,33,25,74546,85139,57,32,0.052910,-0.015072,-0.316912,0.211533,-0.299251,-1,,,,,,,,,,,,,,,,
18.180899,figure8_0.20_круг вправо,10963,274201,24984,0,0,1.584918,1.067664,1.596767,1.161285,33,24,74580,85163,57,32,0.057840,-0.016712,-0.325325,0.207952,-0.336765,-1,,,,,,,,,,,,,,,,
18.207429,figure8_0.20_круг вправо,10964,274226,24992,0,0,1.584918,1.067664,1.596256,1.160913,33,24,74613,85187,57,32,0.062756,-0.018393,-0.333739,0.207886,-0.336657,-1,,,,,,,,,,,,,,,,
18.235576,figure8_0.20_круг вправо,10965,274251,25028,0,0,1.584918,1.067664,1.497356,1.110942,31,23,74644,85211,59,32,0.067400,-0.020023,-0.341218,0.196661,-0.298820,-1,,,,,,,,,,,,,,,,
18.258328,figure8_0.20_круг вправо,10966,274276,25000,0,0,1.584918,1.067664,1.692457,1.208897,35,25,74678,85235,56,31,0.072545,-0.021877,-0.350566,0.218757,-0.373944,-1,,,,,,,,,,,,,,,,
18.292073,figure8_0.20_круг вправо,10967,274301,24976,0,0,1.584918,1.067664,1.500473,1.161657,31,24,74710,85259,58,31,0.077248,-0.023614,-0.357111,0.200720,-0.262012,-1,,,,,,,,,,,,,,,,
18.308718,figure8_0.20_круг вправо,10968,274326,25000,0,0,1.584918,1.067664,1.595745,1.112186,33,23,74743,85282,57,32,0.082022,-0.025421,-0.366459,0.204173,-0.373944,-1,,,,,,,,,,,,,,,,
18.332794,figure8_0.20_круг вправо,10969,274351,25012,0,0,1.584918,1.067664,1.643312,1.159985,34,24,74777,85306,56,31,0.086949,-0.027338,-0.375808,0.211364,-0.373764,-1,,,,,,,,,,,,,,,,
18.358688,figure8_0.20_круг вправо,10970,274376,25024,0,0,1.584918,1.067664,1.594214,1.111119,33,23,74809,85329,57,32,0.091688,-0.029234,-0.385156,0.203977,-0.373585,-1,,,,,,,,,,,,,,,,
18.384275,figure8_0.20_круг вправо,10971,274401,24980,0,0,1.584918,1.067664,1.597022,1.113076,33,23,74842,85352,57,31,0.096409,-0.031174,-0.394505,0.204337,-0.374243,-1,,,,,,,,,,,,,,,,
18.409779,figure8_0.20_круг вправо,10972,274426,25016,0,0,1.584918,1.067664,1.546399,1.159799,32,24,74875,85376,58,31,0.101114,-0.033153,-0.401984,0.204043,-0.298963,-1,,,,,,,,,,,,,,,,
18.435143,figure8_0.20_круг вправо,10973,274451,24984,0,0,1.584918,1.067664,1.693540,1.112898,35,23,74910,85399,56,31,0.105968,-0.035249,-0.413202,0.211600,-0.449020,-1,,,,,,,,,,,,,,,,
18.459808,figure8_0.20_круг вправо,10974,274476,25000,0,0,1.584918,1.067664,1.547389,1.112186,32,23,74942,85422,58,31,0.110551,-0.037281,-0.421616,0.200527,-0.336549,-1,,,,,,,,,,,,,,,,
18.485190,figure8_0.20_круг вправо,10975,274501,24988,0,0,1.584918,1.067664,1.644890,1.112720,34,23,74976,85446,56,31,0.115280,-0.039431,-0.431899,0.207919,-0.411535,-1,,,,,,,,,,,,,,,,
18.510271,figure8_0.20_круг вправо,10976,274526,25000,0,0,1.584918,1.067664,1.595745,1.208897,33,25,75009,85470,57,29,0.120073,-0.041662,-0.439378,0.211465,-0.299155,-1,,,,,,,,,,,,,,,,
18.535572,figure8_0.20_круг вправо,10977,274551,24996,0,0,1.584918,1.067664,1.547637,1.112364,32,23,75041,85493,58,31,0.124601,-0.043814,-0.447792,0.200559,-0.336603,-1,,,,,,,,,,,,,,,,
18.560330,figure8_0.20_круг вправо,10978,274576,25004,0,0,1.584918,1.067664,1.595490,1.112008,33,23,75074,85516,57,31,0.129192,-0.046045,-0.457140,0.204141,-0.373884,-1,,,,,,,,,,,,,,,,
18.586491,figure8_0.20_круг вправо,10979,274600,24992,0,0,1.584918,1.067664,1.499513,1.160913,31,24,75104,85540,58,30,0.133683,-0.048273,-0.463684,0.200591,-0.261844,-1,,,,,,,,,,,,,,,,
18.611716,figure8_0.20_круг вправо,10980,274626,25020,0,0,1.584918,1.067664,1.594469,1.207931,33,25,75137,85565,57,29,0.138402,-0.050655,-0.471163,0.211296,-0.298916,-1,,,,,,,,,,,,,,,,
18.645389,figure8_0.20_круг вправо,10981,274651,24980,0,0,1.584918,1.067664,1.403444,1.113076,29,23,75166,85588,60,30,0.142620,-0.052818,-0.476772,0.189741,-0.224546,-1,,,,,,,,,,,,,,,,
18.663870,figure8_0.20_круг вправо,10982,274676,25036,0,0,1.584918,1.067664,1.545164,1.158873,32,24,75198,85612,58,29,0.147146,-0.055178,-0.484251,0.203880,-0.298725,-1,,,,,,,,,,,,,,,,
18.687654,figure8_0.20_круг вправо,10983,274701,24976,0,0,1.584918,1.067664,1.452071,1.113254,30,23,75228,85636,60,30,0.151414,-0.057441,-0.490795,0.193421,-0.262012,-1,,,,,,,,,,,,,,,,
18.713356,figure8_0.20_круг вправо,10984,274726,24992,0,0,1.584918,1.067664,1.402770,1.160913,29,24,75257,85659,61,29,0.155669,-0.059728,-0.495470,0.193297,-0.187032,-1,,,,,,,,,,,,,,,,
18.737785,figure8_0.20_круг вправо,10985,274751,25004,0,0,1.584918,1.067664,1.547141,1.160356,32,24,75289,85683,59,29,0.160151,-0.062171,-0.502949,0.204141,-0.299107,-1,,,,,,,,,,,,,,,,
18.763538,figure8_0.20_круг вправо,10986,274776,25008,0,0,1.584918,1.067664,1.353532,1.160170,28,24,75318,85707,62,28,0.164299,-0.064463,-0.506688,0.189529,-0.149530,-1,,,,,,,,,,,,,,,,
18.787259,figure8_0.20_круг вправо,10987,274801,24992,0,0,1.584918,1.067664,1.451141,1.112542,30,23,75348,85730,61,29,0.168515,-0.066822,-0.513232,0.193297,-0.261844,-1,,,,,,,,,,,,,,,,
18.814025,figure8_0.20_круг вправо,10988,274826,25008,0,0,1.584918,1.067664,1.498553,1.160170,31,24,75378,85754,60,28,0.172875,-0.069297,-0.519776,0.200463,-0.261677,-1,,,,,,,,,,,,,,,,
18.840477,figure8_0.20_круг вправо,10989,274851,24984,0,0,1.584918,1.067664,1.354832,1.209672,28,25,75407,85779,63,27,0.177064,-0.071703,-0.522581,0.193359,-0.112255,-1,,,,,,,,,,,,,,,,
18.864381,figure8_0.20_круг вправо,10990,274876,25008,0,0,1.584918,1.067664,1.498553,1.160170,31,24,75438,85803,61,28,0.181400,-0.074219,-0.529124,0.200463,-0.261677,-1,,,,,,,,,,,,,,,,
18.893987,figure8_0.20_круг вправо,10991,274902,24992,0,0,1.584918,1.067664,1.402770,1.160913,29,24,75467,85828,63,28,0.185565,-0.076667,-0.533799,0.193297,-0.187032,-1,,,,,,,,,,,,,,,,
18.919638,figure8_0.20_круг вправо,10992,274926,25016,0,0,1.584918,1.067664,1.401424,1.159799,29,24,75496,85851,63,27,0.189718,-0.079135,-0.538473,0.193112,-0.186852,-1,,,,,,,,,,,,,,,,
18.940915,figure8_0.20_круг вправо,10993,274951,24992,0,0,1.584918,1.067664,1.547884,1.112542,32,23,75527,85874,61,28,0.194010,-0.081724,-0.546887,0.200591,-0.336657,-1,,,,,,,,,,,,,,,,
18.964846,figure8_0.20_круг вправо,10994,274976,24992,0,0,1.584918,1.067664,1.354399,1.112542,28,23,75556,85898,64,28,0.197975,-0.084151,-0.551561,0.186003,-0.187032,-1,,,,,,,,,,,,,,,,
18.991466,figure8_0.20_круг вправо,10995,275001,25008,0,0,1.584918,1.067664,1.498553,1.160170,31,24,75587,85921,62,27,0.202237,-0.086792,-0.558105,0.200463,-0.261677,-1,,,,,,,,,,,,,,,,
19.016902,figure8_0.20_круг вправо,10996,275026,25016,0,0,1.584918,1.067664,1.449749,1.111474,30,23,75617,85944,63,28,0.206326,-0.089363,-0.564649,0.193112,-0.261593,-1,,,,,,,,,,,,,,,,
19.040239,figure8_0.20_круг вправо,10997,275051,24996,0,0,1.584918,1.067664,1.402546,1.112364,29,23,75645,85967,64,27,0.210323,-0.091911,-0.570258,0.189620,-0.224402,-1,,,,,,,,,,,,,,,,
19.066787,figure8_0.20_круг вправо,10998,275076,25004,0,0,1.584918,1.067664,1.547141,1.160356,32,24,75677,85991,63,27,0.214609,-0.094682,-0.577737,0.204141,-0.299107,-1,,,,,,,,,,,,,,,,
19.093069,figure8_0.20_круг вправо,10999,275101,24980,0,0,1.584918,1.067664,1.403444,1.064682,29,22,75707,86013,65,28,0.218495,-0.097234,-0.584281,0.186092,-0.261970,-1,,,,,,,,,,,,,,,,
19.116133,figure8_0.20_круг вправо,11000,275126,25012,0,0,1.584918,1.067664,1.498314,1.111652,31,23,75738,86036,64,27,0.222590,-0.099964,-0.591760,0.196787,-0.299011,-1,,,,,,,,,,,,,,,,
19.141243,figure8_0.20_круг вправо,11001,275151,25004,0,0,1.584918,1.067664,1.547141,1.160356,32,24,75770,86060,63,26,0.226816,-0.102827,-0.599239,0.204141,-0.299107,-1,,,,,,,,,,,,,,,,
19.168070,figure8_0.20_круг вправо,11002,275176,24988,0,0,1.584918,1.067664,1.499753,1.112720,31,23,75800,86083,64,27,0.230870,-0.105619,-0.606718,0.196976,-0.299299,-1,,,,,,,,,,,,,,,,
19.192930,figure8_0.20_круг вправо,11003,275201,24996,0,0,1.584918,1.067664,1.596000,1.112364,33,23,75834,86106,63,27,0.235050,-0.108549,-0.616066,0.204206,-0.374003,-1,,,,,,,,,,,,,,,,
19.223464,figure8_0.20_круг вправо,11004,275226,25004,0,0,1.584918,1.067664,1.547141,1.112008,32,23,75865,86129,63,27,0.239129,-0.111463,-0.624480,0.200495,-0.336495,-1,,,,,,,,,,,,,,,,
19.244023,figure8_0.20_круг вправо,11005,275251,25032,0,0,1.584918,1.067664,1.545411,1.110764,32,23,75898,86152,63,27,0.243184,-0.114411,-0.632894,0.200271,-0.336119,-1,,,,,,,,,,,,,,,,
19.269375,figure8_0.20_круг вправо,11006,275276,25020,0,0,1.584918,1.067664,1.642787,1.062979,34,22,75931,86175,62,27,0.247282,-0.117453,-0.644112,0.204010,-0.448374,-1,,,,,,,,,,,,,,,,
19.294992,figure8_0.20_круг вправо,11007,275301,24964,0,0,1.584918,1.067664,1.501195,1.065364,31,22,75962,86196,64,27,0.251133,-0.120370,-0.652526,0.193514,-0.337035,-1,,,,,,,,,,,,,,,,
19.320712,figure8_0.20_круг вправо,11008,275326,24992,0,0,1.584918,1.067664,1.644627,1.064170,34,22,75997,86219,62,27,0.255171,-0.123492,-0.663744,0.204239,-0.448876,-1,,,,,,,,,,,,,,,,
19.344377,figure8_0.20_круг вправо,11009,275351,25000,0,0,1.584918,1.067664,1.499033,1.063830,31,22,76028,86240,64,27,0.258964,-0.126484,-0.672158,0.193235,-0.336549,-1,,,,,,,,,,,,,,,,
19.370489,figure8_0.20_круг вправо,11010,275376,25012,0,0,1.584918,1.067664,1.643312,1.063320,34,22,76062,86262,62,27,0.262940,-0.129685,-0.683376,0.204075,-0.448517,-1,,,,,,,,,,,,,,,,
19.396469,figure8_0.20_круг вправо,11011,275401,24976,0,0,1.584918,1.067664,1.597278,1.064852,33,22,76095,86284,63,27,0.266811,-0.132870,-0.693660,0.200720,-0.411733,-1,,,,,,,,,,,,,,,,
19.420636,figure8_0.20_круг вправо,11012,275426,25008,0,0,1.584918,1.067664,1.595234,1.063490,33,22,76128,86306,63,27,0.270649,-0.136095,-0.703943,0.200463,-0.411206,-1,,,,,,,,,,,,,,,,
19.446823,figure8_0.20_круг вправо,11013,275451,25008,0,0,1.584918,1.067664,1.691915,1.063490,35,22,76162,86328,61,27,0.274589,-0.139482,-0.716096,0.207753,-0.485971,-1,,,,,,,,,,,,,,,,
19.471227,figure8_0.20_круг вправо,11014,275476,24996,0,0,1.584918,1.067664,1.547637,1.064000,32,22,76195,86350,63,27,0.278287,-0.142730,-0.725445,0.196913,-0.374003,-1,,,,,,,,,,,,,,,,
19.497223,figure8_0.20_круг вправо,11015,275501,25004,0,0,1.584918,1.067664,1.595490,1.015312,33,21,76228,86371,63,28,0.281952,-0.146016,-0.736663,0.196850,-0.448660,-1,,,,,,,,,,,,,,,,
19.524292,figure8_0.20_круг вправо,11016,275526,24980,0,0,1.584918,1.067664,1.548628,1.064682,32,22,76259,86393,63,27,0.285582,-0.149340,-0.746012,0.197039,-0.374243,-1,,,,,,,,,,,,,,,,
19.548548,figure8_0.20_круг вправо,11017,275551,25012,0,0,1.584918,1.067664,1.594979,0.966654,33,20,76292,86413,63,29,0.289110,-0.152640,-0.758165,0.193143,-0.485893,-1,,,,,,,,,,,,,,,,
19.571074,figure8_0.20_круг вправо,11018,275576,24996,0,0,1.584918,1.067664,1.547637,0.967273,32,20,76324,86433,63,29,0.292533,-0.155919,-0.769383,0.189620,-0.448804,-1,,,,,,,,,,,,,,,,
19.596351,figure8_0.20_круг вправо,11019,275601,25000,0,0,1.584918,1.067664,1.499033,1.015474,31,21,76356,86454,64,29,0.295922,-0.159232,-0.778732,0.189589,-0.373944,-1,,,,,,,,,,,,,,,,
19.622572,figure8_0.20_круг вправо,11020,275627,25028,0,0,1.584918,1.067664,1.642261,1.062640,34,22,76389,86477,62,28,0.299535,-0.162837,-0.789950,0.203945,-0.448230,-1,,,,,,,,,,,,,,,,
19.648156,figure8_0.20_круг вправо,11021,275651,24996,0,0,1.584918,1.067664,1.499273,1.112364,31,23,76421,86499,64,27,0.302987,-0.166347,-0.797429,0.196913,-0.299203,-1,,,,,,,,,,,,,,,,
19.671857,figure8_0.20_круг вправо,11022,275676,24980,0,0,1.584918,1.067664,1.597022,1.064682,33,22,76453,86521,63,28,0.306470,-0.169952,-0.807713,0.200688,-0.411667,-1,,,,,,,,,,,,,,,,
19.697963,figure8_0.20_круг вправо,11023,275701,25040,0,0,1.584918,1.067664,1.544917,1.013852,32,21,76485,86542,64,29,0.309791,-0.173460,-0.817996,0.192927,-0.410681,-1,,,,,,,,,,,,,,,,
19.724820,figure8_0.20_круг вправо,11024,275726,24972,0,0,1.584918,1.067664,1.597534,1.016613,33,21,76519,86563,63,29,0.313136,-0.177071,-0.829214,0.197102,-0.449235,-1,,,,,,,,,,,,,,,,
19.748461,figure8_0.20_круг вправо,11025,275751,24988,0,0,1.584918,1.067664,1.548132,0.967583,32,20,76550,86583,64,30,0.316318,-0.180584,-0.840433,0.189680,-0.448948,-1,,,,,,,,,,,,,,,,
19.775067,figure8_0.20_круг вправо,11026,275776,24996,0,0,1.584918,1.067664,1.596000,1.015636,33,21,76583,86604,63,29,0.319581,-0.184269,-0.851651,0.196913,-0.448804,-1,,,,,,,,,,,,,,,,
19.799464,figure8_0.20_круг вправо,11027,275801,25000,0,0,1.584918,1.067664,1.644101,1.112186,34,23,76617,86627,62,28,0.322983,-0.188195,-0.861934,0.207819,-0.411338,-1,,,,,,,,,,,,,,,,
19.826058,figure8_0.20_круг вправо,11028,275826,25028,0,0,1.584918,1.067664,1.545658,1.014338,32,21,76649,86648,64,29,0.326109,-0.191879,-0.872218,0.193019,-0.410878,-1,,,,,,,,,,,,,,,,
19.849853,figure8_0.20_круг вправо,11029,275851,24968,0,0,1.584918,1.067664,1.646208,1.016775,34,21,76683,86669,62,29,0.329310,-0.195737,-0.884371,0.200784,-0.486750,-1,,,,,,,,,,,,,,,,
19.876105,figure8_0.20_круг вправо,11030,275876,25004,0,0,1.584918,1.067664,1.595490,1.015312,33,21,76717,86690,63,29,0.332408,-0.199562,-0.895589,0.196850,-0.448660,-1,,,,,,,,,,,,,,,,
19.902131,figure8_0.20_круг вправо,11031,275901,25040,0,0,1.584918,1.067664,1.689753,1.062130,35,22,76752,86712,61,29,0.335631,-0.203637,-0.907743,0.207487,-0.485350,-1,,,,,,,,,,,,,,,,
19.926500,figure8_0.20_круг вправо,11032,275926,24968,0,0,1.584918,1.067664,1.646208,0.919940,34,19,76786,86731,62,31,0.338577,-0.207465,-0.921765,0.193483,-0.561634,-1,,,,,,,,,,,,,,,,
19.950433,figure8_0.20_круг вправо,11033,275951,24996,0,0,1.584918,1.067664,1.644364,0.918909,34,19,76820,86750,62,31,0.341470,-0.211334,-0.935788,0.193266,-0.561005,-1,,,,,,,,,,,,,,,,
19.976926,figure8_0.20_круг вправо,11034,275976,25044,0,0,1.584918,1.067664,1.737754,1.061961,36,22,76855,86773,60,29,0.344578,-0.215610,-0.948876,0.211094,-0.522601,-1,,,,,,,,,,,,,,,,
20.003570,figure8_0.20_круг вправо,11035,276001,24968,0,0,1.584918,1.067664,1.597790,1.113611,33,23,76889,86795,62,29,0.347533,-0.219773,-0.958225,0.204435,-0.374423,-1,,,,,,,,,,,,,,,,
20.027420,figure8_0.20_круг вправо,11036,276026,24984,0,0,1.584918,1.067664,1.693540,1.064511,35,22,76924,86817,61,29,0.350494,-0.224042,-0.970378,0.207952,-0.486438,-1,,,,,,,,,,,,,,,,
20.054227,figure8_0.20_круг вправо,11037,276051,25008,0,0,1.584918,1.067664,1.643575,1.015149,34,21,76958,86838,61,30,0.353301,-0.228195,-0.982531,0.200463,-0.485971,-1,,,,,,,,,,,,,,,,
20.078101,figure8_0.20_круг вправо,11038,276076,25060,0,0,1.584918,1.067664,1.736645,1.061283,36,22,76993,86860,60,29,0.356206,-0.232612,-0.995619,0.210959,-0.522268,-1,,,,,,,,,,,,,,,,
20.104617,figure8_0.20_круг вправо,11039,276101,24940,0,0,1.584918,1.067664,1.551111,0.969445,32,20,77026,86879,62,31,0.358762,-0.236604,-1.006837,0.190045,-0.449812,-1,,,,,,,,,,,,,,,,
20.128202,figure8_0.20_круг вправо,11040,276126,25008,0,0,1.584918,1.067664,1.643575,0.918468,34,19,77060,86899,61,32,0.361316,-0.240705,-1.020860,0.193173,-0.560736,-1,,,,,,,,,,,,,,,,
20.154075,figure8_0.20_круг вправо,11041,276151,25000,0,0,1.584918,1.067664,1.740813,1.063830,36,22,77096,86921,59,30,0.364049,-0.245230,-1.033948,0.211465,-0.523521,-1,,,,,,,,,,,,,,,,
20.180012,figure8_0.20_круг вправо,11042,276176,25008,0,0,1.584918,1.067664,1.691915,1.063490,35,22,77131,86944,60,30,0.366679,-0.249710,-1.046101,0.207753,-0.485971,-1,,,,,,,,,,,,,,,,
20.203931,figure8_0.20_круг вправо,11043,276201,24996,0,0,1.584918,1.067664,1.692727,1.015636,35,21,77166,86963,59,31,0.369207,-0.254145,-1.059189,0.204206,-0.523605,-1,,,,,,,,,,,,,,,,
20.230600,figure8_0.20_круг вправо,11044,276226,24972,0,0,1.584918,1.067664,1.597534,0.968202,33,20,77199,86984,61,31,0.371546,-0.258371,-1.071343,0.193452,-0.486672,-1,,,,,,,,,,,,,,,,
20.254887,figure8_0.20_круг вправо,11045,276251,25028,0,0,1.584918,1.067664,1.738865,1.110942,36,23,77235,87007,58,29,0.374093,-0.263108,-1.083496,0.214870,-0.485583,-1,,,,,,,,,,,,,,,,
20.279355,figure8_0.20_круг вправо,11046,276276,24972,0,0,1.584918,1.067664,1.597534,1.065023,33,22,77268,87029,60,30,0.376418,-0.267549,-1.093779,0.200752,-0.411799,-1,,,,,,,,,,,,,,,,
20.306044,figure8_0.20_круг вправо,11047,276301,25032,0,0,1.584918,1.067664,1.641999,1.062470,34,22,77302,87051,60,30,0.378736,-0.272097,-1.104998,0.203912,-0.448159,-1,,,,,,,,,,,,,,,,
20.331911,figure8_0.20_круг вправо,11048,276326,24968,0,0,1.584918,1.067664,1.646208,1.016775,34,21,77335,87072,59,31,0.380960,-0.276590,-1.117151,0.200784,-0.486750,-1,,,,,,,,,,,,,,,,
20.355816,figure8_0.20_круг вправо,11049,276350,25012,0,0,1.584918,1.067664,1.594979,1.063320,33,22,77368,87094,60,30,0.383134,-0.281107,-1.127434,0.200431,-0.411141,-1,,,,,,,,,,,,,,,,
20.382237,figure8_0.20_круг вправо,11050,276376,25008,0,0,1.584918,1.067664,1.595234,1.015149,33,21,77401,87114,60,31,0.385221,-0.285565,-1.138652,0.196818,-0.448589,-1,,,,,,,,,,,,,,,,
20.406309,figure8_0.20_круг вправо,11051,276401,25000,0,0,1.584918,1.067664,1.499033,0.967118,31,20,77433,87136,61,32,0.387146,-0.289796,-1.148936,0.185943,-0.411338,-1,,,,,,,,,,,,,,,,
20.432959,figure8_0.20_круг вправо,11052,276426,25008,0,0,1.584918,1.067664,1.595234,1.111830,33,23,77466,87158,60,30,0.389214,-0.294463,-1.158285,0.204108,-0.373824,-1,,,,,,,,,,,,,,,,
20.456469,figure8_0.20_круг вправо,11053,276451,25000,0,0,1.584918,1.067664,1.499033,1.112186,31,23,77496,87181,62,30,0.391171,-0.298979,-1.165763,0.196881,-0.299155,-1,,,,,,,,,,,,,,,,
20.482708,figure8_0.20_круг вправо,11054,276476,24984,0,0,1.584918,1.067664,1.548380,1.016124,32,21,77529,87202,61,31,0.393051,-0.303429,-1.176047,0.193359,-0.411601,-1,,,,,,,,,,,,,,,,
20.507673,figure8_0.20_круг вправо,11055,276501,25000,0,0,1.584918,1.067664,1.547389,1.112186,32,23,77560,87225,61,30,0.394960,-0.308065,-1.184461,0.200527,-0.336549,-1,,,,,,,,,,,,,,,,
20.533818,figure8_0.20_круг вправо,11056,276526,24988,0,0,1.584918,1.067664,1.499753,1.064341,31,22,77592,87247,62,30,0.396761,-0.312547,-1.192874,0.193328,-0.336711,-1,,,,,,,,,,,,,,,,
20.557936,figure8_0.20_круг вправо,11057,276551,25016,0,0,1.584918,1.067664,1.643049,1.063149,34,22,77625,87269,60,30,0.398618,-0.317302,-1.204093,0.204043,-0.448445,-1,,,,,,,,,,,,,,,,
20.584128,figure8_0.20_круг вправо,11058,276576,25012,0,0,1.584918,1.067664,1.498314,1.014987,31,21,77656,87290,62,31,0.400297,-0.321734,-1.213441,0.189498,-0.373764,-1,,,,,,,,,,,,,,,,
20.610311,figure8_0.20_круг вправо,11059,276601,25000,0,0,1.584918,1.067664,1.644101,1.112186,34,23,77691,87313,60,30,0.402089,-0.326611,-1.223725,0.207819,-0.411338,-1,,,,,,,,,,,,,,,,
20.634381,figure8_0.20_круг вправо,11060,276626,24984,0,0,1.584918,1.067664,1.499993,1.112898,31,23,77722,87336,62,30,0.403746,-0.331246,-1.231203,0.197007,-0.299346,-1,,,,,,,,,,,,,,,,
20.660999,figure8_0.20_круг вправо,11061,276651,24988,0,0,1.584918,1.067664,1.548132,1.112720,32,23,77754,87359,61,29,0.405396,-0.335979,-1.239617,0.200624,-0.336711,-1,,,,,,,,,,,,,,,,
20.685258,figure8_0.20_круг вправо,11062,276676,25004,0,0,1.584918,1.067664,1.643838,1.112008,34,23,77788,87382,60,29,0.407060,-0.340901,-1.249901,0.207786,-0.411272,-1,,,,,,,,,,,,,,,,
20.711750,figure8_0.20_круг вправо,11063,276701,24996,0,0,1.584918,1.067664,1.499273,1.015636,31,21,77819,87403,62,31,0.408534,-0.345406,-1.259249,0.189620,-0.374003,-1,,,,,,,,,,,,,,,,
20.734659,figure8_0.20_круг вправо,11064,276726,25012,0,0,1.584918,1.067664,1.691645,1.063320,35,22,77853,87425,59,30,0.410096,-0.350361,-1.271402,0.207719,-0.485893,-1,,,,,,,,,,,,,,,,
20.760587,figure8_0.20_круг вправо,11065,276751,24992,0,0,1.584918,1.067664,1.499513,1.015799,31,21,77884,87446,62,31,0.411473,-0.354896,-1.280751,0.189650,-0.374063,-1,,,,,,,,,,,,,,,,
20.787034,figure8_0.20_круг вправо,11066,276776,24996,0,0,1.584918,1.067664,1.644364,1.112364,34,23,77919,87469,60,30,0.412933,-0.359882,-1.291034,0.207852,-0.411404,-1,,,,,,,,,,,,,,,,
20.810542,figure8_0.20_круг вправо,11067,276801,25004,0,0,1.584918,1.067664,1.643838,1.112008,34,23,77953,87492,60,29,0.414342,-0.364883,-1.301318,0.207786,-0.411272,-1,,,,,,,,,,,,,,,,
20.836794,figure8_0.20_круг вправо,11068,276826,25004,0,0,1.584918,1.067664,1.595490,1.063660,33,22,77986,87514,61,30,0.415652,-0.369722,-1.311601,0.200495,-0.411272,-1,,,,,,,,,,,,,,,,
20.860695,figure8_0.20_круг вправо,11069,276851,25012,0,0,1.584918,1.067664,1.739977,1.111652,36,23,78021,87537,58,29,0.416999,-0.374929,-1.323755,0.215008,-0.485893,-1,,,,,,,,,,,,,,,,
20.886355,figure8_0.20_круг вправо,11070,276876,24992,0,0,1.584918,1.067664,1.596256,1.112542,33,23,78055,87560,60,29,0.418224,-0.379884,-1.333103,0.204239,-0.374063,-1,,,,,,,,,,,,,,,,
20.912607,figure8_0.20_круг вправо,11071,276901,25008,0,0,1.584918,1.067664,1.691915,1.063490,35,22,78090,87582,59,30,0.419417,-0.384940,-1.345256,0.207753,-0.485971,-1,,,,,,,,,,,,,,,,
20.938649,figure8_0.20_круг вправо,11072,276926,24984,0,0,1.584918,1.067664,1.548380,1.016124,32,21,78122,87603,61,31,0.420473,-0.389654,-1.355540,0.193359,-0.411601,-1,,,,,,,,,,,,,,,,
20.962961,figure8_0.20_круг вправо,11073,276951,25020,0,0,1.584918,1.067664,1.739421,1.062979,36,22,78158,87625,58,30,0.421568,-0.394826,-1.368628,0.211296,-0.523103,-1,,,,,,,,,,,,,,,,
20.989274,figure8_0.20_круг вправо,11074,276976,24996,0,0,1.584918,1.067664,1.596000,1.064000,33,22,78190,87648,60,30,0.422549,-0.399743,-1.378911,0.200559,-0.411404,-1,,,,,,,,,,,,,,,,
21.013072,figure8_0.20_круг вправо,11075,277001,24996,0,0,1.584918,1.067664,1.596000,1.064000,33,22,78224,87669,60,30,0.423480,-0.404669,-1.389195,0.200559,-0.411404,-1,,,,,,,,,,,,,,,,
21.038497,figure8_0.20_круг вправо,11076,277026,25012,0,0,1.584918,1.067664,1.691645,1.063320,35,22,78259,87692,58,30,0.424387,-0.409784,-1.401348,0.207719,-0.485893,-1,,,,,,,,,,,,,,,,
21.064199,figure8_0.20_круг вправо,11077,277051,24996,0,0,1.584918,1.067664,1.596000,1.160727,33,24,78292,87715,59,29,0.425242,-0.414909,-1.409762,0.207852,-0.336603,-1,,,,,,,,,,,,,,,,
21.089749,figure8_0.20_круг вправо,11078,277076,24980,0,0,1.584918,1.067664,1.693812,1.064682,35,22,78327,87738,58,30,0.426044,-0.420042,-1.421915,0.207986,-0.486516,-1,,,,,,,,,,,,,,,,
21.115856,figure8_0.20_круг вправо,11079,277101,25012,0,0,1.584918,1.067664,1.594979,1.111652,33,23,78359,87760,59,29,0.426777,-0.425094,-1.431263,0.204075,-0.373764,-1,,,,,,,,,,,,,,,,
21.139398,figure8_0.20_круг вправо,11080,277126,25004,0,0,1.584918,1.067664,1.643838,1.112008,34,23,78394,87783,59,29,0.427474,-0.430242,-1.441547,0.207786,-0.411272,-1,,,,,,,,,,,,,,,,
21.166113,figure8_0.20_круг вправо,11081,277151,24980,0,0,1.584918,1.067664,1.500233,1.064682,31,22,78425,87805,61,30,0.428076,-0.435035,-1.449960,0.193390,-0.336819,-1,,,,,,,,,,,,,,,,
21.192201,figure8_0.20_круг вправо,11082,277176,25020,0,0,1.584918,1.067664,1.642787,1.111297,34,23,78458,87828,59,29,0.428676,-0.440196,-1.460244,0.207653,-0.411009,-1,,,,,,,,,,,,,,,,
21.216411,figure8_0.20_круг вправо,11083,277201,25004,0,0,1.584918,1.067664,1.547141,1.160356,32,24,78490,87852,60,28,0.429220,-0.445271,-1.467723,0.204141,-0.299107,-1,,,,,,,,,,,,,,,,
21.240315,figure8_0.20_круг вправо,11084,277226,24988,0,0,1.584918,1.067664,1.499753,1.112720,31,23,78522,87876,61,29,0.429708,-0.450169,-1.475202,0.196976,-0.299299,-1,,,,,,,,,,,,,,,,
21.265370,figure8_0.20_круг вправо,11085,277251,25020,0,0,1.584918,1.067664,1.642787,1.159614,34,24,78556,87899,59,28,0.430188,-0.455434,-1.484550,0.211296,-0.373645,-1,,,,,,,,,,,,,,,,
21.302812,figure8_0.20_круг вправо,11086,277276,24988,0,0,1.584918,1.067664,1.499753,1.112720,31,23,78586,87922,61,28,0.430594,-0.460339,-1.492029,0.196976,-0.299299,-1,,,,,,,,,,,,,,,,
21.315877,figure8_0.20_круг вправо,11087,277301,24996,0,0,1.584918,1.067664,1.596000,1.112364,33,23,78620,87945,59,28,0.430972,-0.465429,-1.501378,0.204206,-0.374003,-1,,,,,,,,,,,,,,,,
21.342142,figure8_0.20_круг вправо,11088,277326,24984,0,0,1.584918,1.067664,1.499993,1.112898,31,23,78651,87968,61,28,0.431295,-0.470341,-1.508857,0.197007,-0.299346,-1,,,,,,,,,,,,,,,,
21.369354,figure8_0.20_круг вправо,11089,277351,25016,0,0,1.584918,1.067664,1.498074,1.063149,31,22,78682,87991,61,29,0.431573,-0.475164,-1.517270,0.193112,-0.336334,-1,,,,,,,,,,,,,,,,
21.392312,figure8_0.20_круг вправо,11090,277377,25016,0,0,1.584918,1.067664,1.643049,1.111474,34,23,78715,88014,59,28,0.431825,-0.480353,-1.527554,0.207686,-0.411075,-1,,,,,,,,,,,,,,,,
21.417747,figure8_0.20_круг вправо,11091,277401,24976,0,0,1.584918,1.067664,1.403669,1.113254,29,23,78744,88036,63,28,0.432016,-0.485089,-1.533163,0.189772,-0.224582,-1,,,,,,,,,,,,,,,,
21.442814,figure8_0.20_круг вправо,11092,277426,24996,0,0,1.584918,1.067664,1.596000,1.112364,33,23,78778,88059,60,28,0.432184,-0.490191,-1.542511,0.204206,-0.374003,-1,,,,,,,,,,,,,,,,
21.467916,figure8_0.20_круг вправо,11093,277451,25012,0,0,1.584918,1.067664,1.594979,1.063320,33,22,78810,88081,60,29,0.432300,-0.495202,-1.552795,0.200431,-0.411141,-1,,,,,,,,,,,,,,,,
21.493468,figure8_0.20_круг вправо,11094,277476,25008,0,0,1.584918,1.067664,1.546894,1.015149,32,21,78843,88102,61,29,0.432363,-0.500033,-1.563078,0.193173,-0.411206,-1,,,,,,,,,,,,,,,,
21.519603,figure8_0.20_круг вправо,11095,277501,24980,0,0,1.584918,1.067664,1.645417,0.967892,34,20,78877,88123,59,30,0.432368,-0.504955,-1.576166,0.197039,-0.523940,-1,,,,,,,,,,,,,,,,
21.546299,figure8_0.20_круг вправо,11096,277526,25012,0,0,1.584918,1.067664,1.498314,1.014987,31,21,78908,88143,61,30,0.432321,-0.509694,-1.585515,0.189498,-0.373764,-1,,,,,,,,,,,,,,,,
21.569521,figure8_0.20_круг вправо,11097,277551,25012,0,0,1.584918,1.067664,1.739977,1.014987,36,21,78944,88164,58,30,0.432208,-0.514889,-1.599538,0.207719,-0.560646,-1,,,,,,,,,,,,,,,,
21.594211,figure8_0.20_круг вправо,11098,277576,24988,0,0,1.584918,1.067664,1.596511,1.064341,33,22,78977,88186,60,29,0.432038,-0.519899,-1.609821,0.200624,-0.411535,-1,,,,,,,,,,,,,,,,
21.621356,figure8_0.20_круг вправо,11099,277601,24988,0,0,1.584918,1.067664,1.693269,1.015962,35,21,79012,88207,58,30,0.431805,-0.524998,-1.622909,0.204271,-0.523772,-1,,,,,,,,,,,,,,,,
21.647632,figure8_0.20_круг вправо,11100,277626,25020,0,0,1.584918,1.067664,1.594469,1.014662,33,21,79045,88228,60,30,0.431522,-0.529912,-1.634128,0.196724,-0.448374,-1,,,,,,,,,,,,,,,,
21.671222,figure8_0.20_круг вправо,11101,277651,24988,0,0,1.584918,1.067664,1.596511,1.015962,33,21,79078,88249,60,30,0.431182,-0.534822,-1.645346,0.196976,-0.448948,-1,,,,,,,,,,,,,,,,
21.697922,figure8_0.20_круг вправо,11102,277677,25020,0,0,1.584918,1.067664,1.739421,1.062979,36,22,79114,88271,57,29,0.430754,-0.540091,-1.658434,0.211296,-0.523103,-1,,,,,,,,,,,,,,,,
21.722472,figure8_0.20_круг вправо,11103,277701,24988,0,0,1.584918,1.067664,1.644890,0.967583,34,20,79148,88291,58,31,0.430291,-0.544992,-1.671522,0.196976,-0.523772,-1,,,,,,,,,,,,,,,,
21.746077,figure8_0.20_круг вправо,11104,277726,25004,0,0,1.584918,1.067664,1.692186,1.063660,35,22,79183,88314,58,30,0.429738,-0.550157,-1.683675,0.207786,-0.486049,-1,,,,,,,,,,,,,,,,
21.772690,figure8_0.20_круг вправо,11105,277751,25000,0,0,1.584918,1.067664,1.595745,1.063830,33,22,79216,88335,59,30,0.429147,-0.555136,-1.693959,0.200527,-0.411338,-1,,,,,,,,,,,,,,,,
21.798480,figure8_0.20_круг вправо,11106,277776,24980,0,0,1.584918,1.067664,1.742206,1.016287,36,21,79252,88356,57,30,0.428473,-0.560287,-1.707981,0.207986,-0.561364,-1,,,,,,,,,,,,,,,,
21.823120,figure8_0.20_круг вправо,11107,277801,25004,0,0,1.584918,1.067664,1.595490,1.063660,33,22,79285,88378,59,30,0.427762,-0.565250,-1.718265,0.200495,-0.411272,-1,,,,,,,,,,,,,,,,
21.848192,figure8_0.20_круг вправо,11108,277826,25004,0,0,1.584918,1.067664,1.643838,1.063660,34,22,79319,88400,58,30,0.426983,-0.570294,-1.729483,0.204141,-0.448660,-1,,,,,,,,,,,,,,,,
21.874215,figure8_0.20_круг вправо,11109,277851,24992,0,0,1.584918,1.067664,1.692998,1.064170,35,22,79354,88422,57,30,0.426131,-0.575420,-1.741636,0.207886,-0.486282,-1,,,,,,,,,,,,,,,,
21.899813,figure8_0.20_круг вправо,11110,277876,25016,0,0,1.584918,1.067664,1.691374,1.014825,35,21,79388,88443,57,31,0.425231,-0.580444,-1.754724,0.204043,-0.523186,-1,,,,,,,,,,,,,,,,
21.925451,figure8_0.20_круг вправо,11111,277901,25004,0,0,1.584918,1.067664,1.643838,1.112008,34,23,79423,88466,57,29,0.424254,-0.585547,-1.765008,0.207786,-0.411272,-1,,,,,,,,,,,,,,,,
21.948845,figure8_0.20_круг вправо,11112,277926,24984,0,0,1.584918,1.067664,1.596767,1.112898,33,23,79455,88489,58,29,0.423246,-0.590550,-1.774356,0.204304,-0.374183,-1,,,,,,,,,,,,,,,,
21.975500,figure8_0.20_круг вправо,11113,277951,25008,0,0,1.584918,1.067664,1.691915,1.111830,35,23,79491,88512,56,29,0.422148,-0.595722,-1.785575,0.211397,-0.448589,-1,,,,,,,,,,,,,,,,
22.001077,figure8_0.20_круг вправо,11114,277976,24992,0,0,1.584918,1.067664,1.499513,1.064170,31,22,79521,88534,59,30,0.421098,-0.600437,-1.793988,0.193297,-0.336657,-1,,,,,,,,,,,,,,,,
22.025087,figure8_0.20_круг вправо,11115,278001,25000,0,0,1.584918,1.067664,1.644101,1.112186,34,23,79555,88557,57,29,0.419922,-0.605498,-1.804272,0.207819,-0.411338,-1,,,,,,,,,,,,,,,,
22.051652,figure8_0.20_круг вправо,11116,278026,24992,0,0,1.584918,1.067664,1.451141,1.112542,30,23,79586,88580,60,29,0.418789,-0.610194,-1.810816,0.193297,-0.261844,-1,,,,,,,,,,,,,,,,
22.075503,figure8_0.20_круг вправо,11117,278051,25008,0,0,1.584918,1.067664,1.546894,1.111830,32,23,79618,88603,59,29,0.417577,-0.615058,-1.819229,0.200463,-0.336442,-1,,,,,,,,,,,,,,,,
22.102038,figure8_0.20_круг вправо,11118,278076,25000,0,0,1.584918,1.067664,1.547389,1.160542,32,24,79649,88627,59,28,0.416303,-0.620001,-1.826708,0.204173,-0.299155,-1,,,,,,,,,,,,,,,,
22.125368,figure8_0.20_круг вправо,11119,278100,25012,0,0,1.584918,1.067664,1.401648,1.111652,29,23,79679,88650,61,29,0.415091,-0.624583,-1.832317,0.189498,-0.224259,-1,,,,,,,,,,,,,,,,
22.151630,figure8_0.20_круг вправо,11120,278126,24996,0,0,1.584918,1.067664,1.596000,1.160727,33,24,79712,88674,58,28,0.413726,-0.629596,-1.840731,0.207852,-0.336603,-1,,,,,,,,,,,,,,,,
22.177657,figure8_0.20_круг вправо,11121,278151,25016,0,0,1.584918,1.067664,1.401424,1.111474,29,23,79740,88698,61,28,0.412450,-0.634161,-1.846340,0.189468,-0.224223,-1,,,,,,,,,,,,,,,,
22.201067,figure8_0.20_круг вправо,11122,278176,24980,0,0,1.584918,1.067664,1.548628,1.161471,32,24,79773,88721,60,27,0.411043,-0.639067,-1.853819,0.204337,-0.299394,-1,,,,,,,,,,,,,,,,
22.227461,figure8_0.20_круг вправо,11123,278201,24996,0,0,1.584918,1.067664,1.547637,1.160727,32,24,79804,88745,60,27,0.409599,-0.643963,-1.861298,0.204206,-0.299203,-1,,,,,,,,,,,,,,,,
22.252628,figure8_0.20_круг вправо,11124,278226,25024,0,0,1.584918,1.067664,1.400976,1.111119,29,23,79834,88768,62,28,0.408229,-0.648501,-1.866907,0.189408,-0.224151,-1,,,,,,,,,,,,,,,,
22.278542,figure8_0.20_круг вправо,11125,278251,24968,0,0,1.584918,1.067664,1.646208,1.113611,34,23,79868,88791,59,28,0.406687,-0.653462,-1.877191,0.208085,-0.411865,-1,,,,,,,,,,,,,,,,
22.304700,figure8_0.20_круг вправо,11126,278276,25012,0,0,1.584918,1.067664,1.498314,1.111652,31,23,79898,88814,61,28,0.405185,-0.658149,-1.884669,0.196787,-0.299011,-1,,,,,,,,,,,,,,,,
22.328402,figure8_0.20_круг вправо,11127,278301,25020,0,0,1.584918,1.067664,1.546152,1.062979,32,22,79931,88836,60,28,0.403643,-0.662824,-1.894018,0.196724,-0.373645,-1,,,,,,,,,,,,,,,,
22.355297,figure8_0.20_круг вправо,11128,278326,24984,0,0,1.584918,1.067664,1.596767,1.112898,33,23,79963,88859,59,27,0.401999,-0.667656,-1.903367,0.204304,-0.374183,-1,,,,,,,,,,,,,,,,
22.378724,figure8_0.20_круг вправо,11129,278351,24988,0,0,1.584918,1.067664,1.451374,1.064341,30,22,79994,88881,62,28,0.400435,-0.672130,-1.910846,0.189680,-0.299298,-1,,,,,,,,,,,,,,,,
22.405344,figure8_0.20_круг вправо,11130,278376,25004,0,0,1.584918,1.067664,1.740534,1.063660,36,22,80029,88903,58,28,0.398639,-0.677103,-1.923934,0.211431,-0.523437,-1,,,,,,,,,,,,,,,,
22.431110,figure8_0.20_круг вправо,11131,278401,25020,0,0,1.584918,1.067664,1.497835,1.111297,31,23,80060,88926,61,27,0.396920,-0.681715,-1.931412,0.196724,-0.298916,-1,,,,,,,,,,,,,,,,
22.455019,figure8_0.20_круг вправо,11132,278426,24976,0,0,1.584918,1.067664,1.645681,1.064852,34,22,80094,88948,59,28,0.395092,-0.686480,-1.942631,0.204369,-0.449163,-1,,,,,,,,,,,,,,,,
22.478978,figure8_0.20_круг вправо,11133,278451,24996,0,0,1.584918,1.067664,1.596000,1.112364,33,23,80127,88971,59,27,0.393215,-0.691227,-1.951979,0.204206,-0.374003,-1,,,,,,,,,,,,,,,,
22.505779,figure8_0.20_круг вправо,11134,278476,25008,0,0,1.584918,1.067664,1.546894,1.063490,32,22,80160,88993,60,28,0.391363,-0.695787,-1.961328,0.196818,-0.373824,-1,,,,,,,,,,,,,,,,
22.532171,figure8_0.20_круг вправо,11135,278501,25004,0,0,1.584918,1.067664,1.692186,1.112008,35,23,80194,89016,58,27,0.389323,-0.700665,-1.972546,0.211431,-0.448661,-1,,,,,,,,,,,,,,,,
22.555790,figure8_0.20_круг вправо,11136,278526,25016,0,0,1.584918,1.067664,1.498074,1.111474,31,23,80226,89039,61,27,0.387381,-0.705188,-1.980025,0.196755,-0.298964,-1,,,,,,,,,,,,,,,,
22.585772,figure8_0.20_круг вправо,11137,278551,24984,0,0,1.584918,1.067664,1.645154,1.064511,34,22,80260,89061,59,28,0.385324,-0.709859,-1.991243,0.204304,-0.449020,-1,,,,,,,,,,,,,,,,
22.606616,figure8_0.20_круг вправо,11138,278576,25016,0,0,1.584918,1.067664,1.546399,1.111474,32,23,80292,89084,60,27,0.383259,-0.714427,-1.999657,0.200399,-0.336334,-1,,,,,,,,,,,,,,,,
22.632728,figure8_0.20_круг вправо,11139,278601,24984,0,0,1.584918,1.067664,1.645154,1.112898,34,23,80326,89107,59,27,0.381074,-0.719141,-2.009940,0.207952,-0.411601,-1,,,,,,,,,,,,,,,,
22.656454,figure8_0.20_круг вправо,11140,278626,25000,0,0,1.584918,1.067664,1.547389,1.063830,32,22,80358,89129,60,28,0.378961,-0.723586,-2.019289,0.196881,-0.373944,-1,,,,,,,,,,,,,,,,
22.682925,figure8_0.20_круг вправо,11141,278651,25012,0,0,1.584918,1.067664,1.546646,1.111652,32,23,80390,89152,60,27,0.376768,-0.728094,-2.027703,0.200431,-0.336388,-1,,,,,,,,,,,,,,,,
22.709613,figure8_0.20_круг вправо,11142,278676,24992,0,0,1.584918,1.067664,1.644627,1.064170,34,22,80424,89174,59,28,0.374490,-0.732662,-2.038921,0.204239,-0.448876,-1,,,,,,,,,,,,,,,,
22.733345,figure8_0.20_круг вправо,11143,278701,25008,0,0,1.584918,1.067664,1.498553,1.063490,31,22,80454,89196,61,28,0.372292,-0.736964,-2.047335,0.193173,-0.336441,-1,,,,,,,,,,,,,,,,
22.758446,figure8_0.20_круг вправо,11144,278726,25000,0,0,1.584918,1.067664,1.595745,1.063830,33,22,80487,89218,60,28,0.369970,-0.741407,-2.057618,0.200527,-0.411338,-1,,,,,,,,,,,,,,,,
22.783509,figure8_0.20_круг вправо,11145,278751,25000,0,0,1.584918,1.067664,1.450677,1.112186,30,23,80517,89241,62,27,0.367696,-0.745669,-2.064162,0.193235,-0.261760,-1,,,,,,,,,,,,,,,,
22.808359,figure8_0.20_круг вправо,11146,278776,24996,0,0,1.584918,1.067664,1.547637,1.112364,32,23,80549,89264,60,27,0.365303,-0.750074,-2.072576,0.200559,-0.336603,-1,,,,,,,,,,,,,,,,
22.833492,figure8_0.20_круг вправо,11147,278801,25004,0,0,1.584918,1.067664,1.547141,1.112008,32,23,80581,89287,61,27,0.362873,-0.754459,-2.080990,0.200495,-0.336495,-1,,,,,,,,,,,,,,,,
22.858382,figure8_0.20_круг вправо,11148,278825,24980,0,0,1.584918,1.067664,1.451839,1.113076,30,23,80612,89310,62,27,0.360501,-0.758667,-2.087534,0.193390,-0.261970,-1,,,,,,,,,,,,,,,,
22.886364,figure8_0.20_круг вправо,11149,278851,25004,0,0,1.584918,1.067664,1.643838,1.112008,34,23,80646,89333,59,27,0.357911,-0.763171,-2.097818,0.207786,-0.411272,-1,,,,,,,,,,,,,,,,
22.909239,figure8_0.20_круг вправо,11150,278876,25020,0,0,1.584918,1.067664,1.497835,1.062979,31,22,80676,89355,62,27,0.355463,-0.767336,-2.106231,0.193081,-0.336280,-1,,,,,,,,,,,,,,,,
22.934242,figure8_0.20_круг вправо,11151,278901,24988,0,0,1.584918,1.067664,1.596511,1.064341,33,22,80710,89377,60,27,0.352883,-0.771635,-2.116515,0.200624,-0.411535,-1,,,,,,,,,,,,,,,,
22.961922,figure8_0.20_круг вправо,11152,278926,24988,0,0,1.584918,1.067664,1.548132,1.064341,32,22,80741,89399,61,27,0.350309,-0.775830,-2.125864,0.196976,-0.374123,-1,,,,,,,,,,,,,,,,
22.986950,figure8_0.20_круг вправо,11153,278951,25000,0,0,1.584918,1.067664,1.450677,1.063830,30,22,80772,89421,62,27,0.347796,-0.779849,-2.133343,0.189589,-0.299155,-1,,,,,,,,,,,,,,,,
23.011894,figure8_0.20_круг вправо,11154,278976,25000,0,0,1.584918,1.067664,1.644101,1.063830,34,22,80805,89443,60,27,0.345050,-0.784151,-2.144561,0.204173,-0.448732,-1,,,,,,,,,,,,,,,,
23.037342,figure8_0.20_круг вправо,11155,279001,25012,0,0,1.584918,1.067664,1.449981,1.063320,30,22,80836,89465,63,27,0.342462,-0.788122,-2.152040,0.189498,-0.299011,-1,,,,,,,,,,,,,,,,
23.062821,figure8_0.20_круг вправо,11156,279026,24996,0,0,1.584918,1.067664,1.644364,1.064000,34,22,80869,89487,60,27,0.339636,-0.792372,-2.163258,0.204206,-0.448804,-1,,,,,,,,,,,,,,,,
23.086330,figure8_0.20_круг вправо,11157,279051,25020,0,0,1.584918,1.067664,1.546152,1.062979,32,22,80902,89509,61,27,0.336868,-0.796443,-2.172607,0.196724,-0.373645,-1,,,,,,,,,,,,,,,,
23.111698,figure8_0.20_круг вправо,11158,279076,24968,0,0,1.584918,1.067664,1.549372,1.016775,32,21,80934,89530,61,28,0.334113,-0.800411,-2.182890,0.193483,-0.411865,-1,,,,,,,,,,,,,,,,
23.138109,figure8_0.20_круг вправо,11159,279101,25008,0,0,1.584918,1.067664,1.740256,1.015149,36,21,80969,89551,59,28,0.331098,-0.804642,-2.196913,0.207753,-0.560736,-1,,,,,,,,,,,,,,,,
23.163882,figure8_0.20_круг вправо,11160,279126,25028,0,0,1.584918,1.067664,1.545658,1.062640,32,22,81002,89573,61,27,0.328195,-0.808617,-2.206262,0.196661,-0.373525,-1,,,,,,,,,,,,,,,,
23.189944,figure8_0.20_круг вправо,11161,279151,24988,0,0,1.584918,1.067664,1.741649,0.967583,36,20,81037,89593,58,29,0.325134,-0.812702,-2.221219,0.204271,-0.598597,-1,,,,,,,,,,,,,,,,
23.213388,figure8_0.20_круг вправо,11162,279176,24976,0,0,1.584918,1.067664,1.597278,0.919645,33,19,81070,89612,60,30,0.322240,-0.816455,-2.234307,0.189772,-0.524024,-1,,,,,,,,,,,,,,,,
23.239214,figure8_0.20_круг вправо,11163,279201,25024,0,0,1.584918,1.067664,1.690833,1.014500,35,21,81105,89633,59,29,0.319070,-0.820456,-2.247395,0.203977,-0.523019,-1,,,,,,,,,,,,,,,,
23.265076,figure8_0.20_круг вправо,11164,279226,25000,0,0,1.584918,1.067664,1.692457,1.063830,35,22,81141,89655,58,28,0.315792,-0.824487,-2.259548,0.207819,-0.486127,-1,,,,,,,,,,,,,,,,
23.290343,figure8_0.20_круг вправо,11165,279251,24976,0,0,1.584918,1.067664,1.645681,0.968047,34,20,81175,89675,59,29,0.312639,-0.828266,-2.272636,0.197070,-0.524024,-1,,,,,,,,,,,,,,,,
23.314293,figure8_0.20_круг вправо,11166,279276,25004,0,0,1.584918,1.067664,1.692186,0.966963,35,20,81210,89695,58,30,0.309376,-0.832072,-2.286659,0.200495,-0.560826,-1,,,,,,,,,,,,,,,,
23.340810,figure8_0.20_круг вправо,11167,279301,25028,0,0,1.584918,1.067664,1.642261,1.014338,34,21,81244,89716,59,29,0.306063,-0.835835,-2.298812,0.200303,-0.485583,-1,,,,,,,,,,,,,,,,
23.364473,figure8_0.20_круг вправо,11168,279326,24996,0,0,1.584918,1.067664,1.741091,1.015636,36,21,81280,89737,57,29,0.302579,-0.839689,-2.312835,0.207852,-0.561005,-1,,,,,,,,,,,,,,,,
23.390367,figure8_0.20_круг вправо,11169,279351,25020,0,0,1.584918,1.067664,1.642787,0.869711,34,18,81313,89755,58,32,0.299350,-0.843158,-2.327793,0.189438,-0.597831,-1,,,,,,,,,,,,,,,,
23.416179,figure8_0.20_круг вправо,11170,279376,24976,0,0,1.584918,1.067664,1.694083,1.016450,35,21,81348,89776,57,30,0.295820,-0.846846,-2.340881,0.204369,-0.524024,-1,,,,,,,,,,,,,,,,
23.442224,figure8_0.20_круг вправо,11171,279401,24976,0,0,1.584918,1.067664,1.597278,1.113254,33,23,81382,89799,59,28,0.292249,-0.850493,-2.350230,0.204369,-0.374303,-1,,,,,,,,,,,,,,,,
23.466741,figure8_0.20_круг вправо,11172,279426,25020,0,0,1.584918,1.067664,1.642787,1.111297,34,23,81416,89822,58,28,0.288579,-0.854170,-2.360513,0.207653,-0.411009,-1,,,,,,,,,,,,,,,,
23.493338,figure8_0.20_круг вправо,11173,279451,25004,0,0,1.584918,1.067664,1.595490,1.063660,33,22,81448,89844,58,29,0.285000,-0.857681,-2.370796,0.200495,-0.411272,-1,,,,,,,,,,,,,,,,
23.518450,figure8_0.20_круг вправо,11174,279476,24988,0,0,1.584918,1.067664,1.548132,1.064341,32,22,81481,89866,59,29,0.281453,-0.861094,-2.380145,0.196976,-0.374123,-1,,,,,,,,,,,,,,,,
23.541314,figure8_0.20_круг вправо,11175,279501,25004,0,0,1.584918,1.067664,1.643838,1.112008,34,23,81514,89890,58,28,0.277674,-0.864659,-2.390429,0.207786,-0.411272,-1,,,,,,,,,,,,,,,,
23.566775,figure8_0.20_круг вправо,11176,279526,25000,0,0,1.584918,1.067664,1.499033,1.112186,31,23,81546,89913,60,28,0.274064,-0.868005,-2.397907,0.196881,-0.299155,-1,,,,,,,,,,,,,,,,
23.595465,figure8_0.20_круг вправо,11177,279552,25016,0,0,1.584918,1.067664,1.643049,1.111474,34,23,81580,89936,58,28,0.270223,-0.871502,-2.408191,0.207686,-0.411075,-1,,,,,,,,,,,,,,,,
23.617149,figure8_0.20_круг вправо,11178,279576,25004,0,0,1.584918,1.067664,1.498793,1.160356,31,24,81611,89959,60,27,0.266487,-0.874846,-2.414735,0.200495,-0.261719,-1,,,,,,,,,,,,,,,,
23.643115,figure8_0.20_круг вправо,11179,279601,24992,0,0,1.584918,1.067664,1.547884,1.064170,32,22,81643,89982,59,29,0.262794,-0.878100,-2.424084,0.196944,-0.374063,-1,,,,,,,,,,,,,,,,
23.668089,figure8_0.20_круг вправо,11180,279626,24976,0,0,1.584918,1.067664,1.403669,1.113254,29,23,81672,90004,62,28,0.259214,-0.881206,-2.429693,0.189772,-0.224582,-1,,,,,,,,,,,,,,,,
23.695208,figure8_0.20_круг вправо,11181,279651,25016,0,0,1.584918,1.067664,1.449749,1.159799,30,24,81702,90028,61,27,0.255479,-0.884411,-2.435302,0.196755,-0.224223,-1,,,,,,,,,,,,,,,,
23.719549,figure8_0.20_круг вправо,11182,279676,25004,0,0,1.584918,1.067664,1.547141,1.112008,32,23,81734,90051,60,28,0.251651,-0.887649,-2.443716,0.200495,-0.336495,-1,,,,,,,,,,,,,,,,
23.743247,figure8_0.20_круг вправо,11183,279701,24984,0,0,1.584918,1.067664,1.451606,1.161285,30,24,81763,90075,62,27,0.247871,-0.890801,-2.449325,0.197007,-0.224510,-1,,,,,,,,,,,,,,,,
23.772855,figure8_0.20_круг вправо,11184,279726,25008,0,0,1.584918,1.067664,1.450213,1.111830,30,23,81794,90098,62,27,0.244142,-0.893872,-2.455869,0.193173,-0.261677,-1,,,,,,,,,,,,,,,,
23.794571,figure8_0.20_круг вправо,11185,279751,25008,0,0,1.584918,1.067664,1.498553,1.111830,31,23,81825,90121,61,27,0.240321,-0.896975,-2.463348,0.196818,-0.299059,-1,,,,,,,,,,,,,,,,
23.820136,figure8_0.20_круг вправо,11186,279776,24976,0,0,1.584918,1.067664,1.403669,1.113254,29,23,81853,90144,63,27,0.236622,-0.899938,-2.468957,0.189772,-0.224582,-1,,,,,,,,,,,,,,,,
23.845814,figure8_0.20_круг вправо,11187,279801,25024,0,0,1.584918,1.067664,1.545905,1.111119,32,23,81885,90167,61,27,0.232688,-0.903045,-2.477371,0.200335,-0.336226,-1,,,,,,,,,,,,,,,,
23.871253,figure8_0.20_круг вправо,11188,279826,24976,0,0,1.584918,1.067664,1.403669,1.113254,29,23,81914,90190,63,27,0.228947,-0.905956,-2.482980,0.189772,-0.224582,-1,,,,,,,,,,,,,,,,
23.898709,figure8_0.20_круг вправо,11189,279851,25020,0,0,1.584918,1.067664,1.449517,1.159614,30,24,81945,90214,63,26,0.225046,-0.908958,-2.488589,0.196724,-0.224187,-1,,,,,,,,,,,,,,,,
23.921903,figure8_0.20_круг вправо,11190,279876,25000,0,0,1.584918,1.067664,1.595745,1.112186,33,23,81977,90237,61,27,0.220978,-0.912040,-2.497937,0.204173,-0.373944,-1,,,,,,,,,,,,,,,,
23.948205,figure8_0.20_круг вправо,11191,279901,24988,0,0,1.584918,1.067664,1.451374,1.161099,30,24,82007,90261,63,26,0.217032,-0.914983,-2.503546,0.196976,-0.224474,-1,,,,,,,,,,,,,,,,
23.971460,figure8_0.20_круг вправо,11192,279926,24996,0,0,1.584918,1.067664,1.596000,1.112364,33,23,82041,90284,61,26,0.212918,-0.918004,-2.512895,0.204206,-0.374003,-1,,,,,,,,,,,,,,,,
23.998211,figure8_0.20_круг вправо,11193,279951,24996,0,0,1.584918,1.067664,1.499273,1.064000,31,22,82072,90307,63,27,0.208999,-0.920829,-2.521309,0.193266,-0.336603,-1,,,,,,,,,,,,,,,,
24.021441,figure8_0.20_круг вправо,11194,279976,25016,0,0,1.584918,1.067664,1.546399,1.111474,32,23,82104,90329,62,26,0.204907,-0.923725,-2.529723,0.200399,-0.336334,-1,,,,,,,,,,,,,,,,
24.054343,figure8_0.20_круг вправо,11195,280001,24996,0,0,1.584918,1.067664,1.596000,1.112364,33,23,82137,90352,62,26,0.200715,-0.926638,-2.539071,0.204206,-0.374003,-1,,,,,,,,,,,,,,,,
24.073387,figure8_0.20_круг вправо,11196,280026,24992,0,0,1.584918,1.067664,1.499513,1.015799,31,21,82168,90373,63,28,0.196798,-0.929306,-2.548420,0.189650,-0.374063,-1,,,,,,,,,,,,,,,,
24.099899,figure8_0.20_круг вправо,11197,280051,25020,0,0,1.584918,1.067664,1.691104,1.062979,35,22,82203,90395,60,27,0.192472,-0.932184,-2.560573,0.207653,-0.485738,-1,,,,,,,,,,,,,,,,
24.123346,figure8_0.20_круг вправо,11198,280076,24976,0,0,1.584918,1.067664,1.548876,1.064852,32,22,82234,90417,62,27,0.188345,-0.934866,-2.569922,0.197070,-0.374303,-1,,,,,,,,,,,,,,,,
24.148641,figure8_0.20_круг вправо,11199,280101,25024,0,0,1.584918,1.067664,1.642524,1.111119,34,23,82269,90440,61,26,0.183962,-0.937654,-2.580205,0.207620,-0.410943,-1,,,,,,,,,,,,,,,,
24.174012,figure8_0.20_круг вправо,11200,280126,24980,0,0,1.584918,1.067664,1.597022,1.064682,33,22,82301,90462,62,27,0.179704,-0.940301,-2.590489,0.200688,-0.411667,-1,,,,,,,,,,,,,,,,
24.199524,figure8_0.20_круг вправо,11201,280151,25020,0,0,1.584918,1.067664,1.594469,1.062979,33,22,82335,90484,62,27,0.175420,-0.942904,-2.600772,0.200367,-0.411009,-1,,,,,,,,,,,,,,,,
24.224680,figure8_0.20_круг вправо,11202,280176,24996,0,0,1.584918,1.067664,1.692727,1.112364,35,23,82369,90507,60,26,0.170872,-0.945601,-2.611990,0.211499,-0.448804,-1,,,,,,,,,,,,,,,,
24.250517,figure8_0.20_круг вправо,11203,280201,25008,0,0,1.584918,1.067664,1.546894,1.063490,32,22,82402,90529,62,27,0.166613,-0.948067,-2.621339,0.196818,-0.373824,-1,,,,,,,,,,,,,,,,
24.276451,figure8_0.20_круг вправо,11204,280226,25032,0,0,1.584918,1.067664,1.690293,1.062470,35,22,82436,90551,60,27,0.162089,-0.950623,-2.633492,0.207553,-0.485505,-1,,,,,,,,,,,,,,,,
24.305214,figure8_0.20_круг вправо,11205,280251,24984,0,0,1.584918,1.067664,1.548380,1.016124,32,21,82468,90572,62,28,0.157857,-0.952951,-2.643776,0.193359,-0.411601,-1,,,,,,,,,,,,,,,,
24.328247,figure8_0.20_круг вправо,11206,280276,24960,0,0,1.584918,1.067664,1.598302,1.065535,33,22,82502,90594,61,27,0.153440,-0.955322,-2.654059,0.200849,-0.411997,-1,,,,,,,,,,,,,,,,
24.352288,figure8_0.20_круг вправо,11207,280301,25004,0,0,1.584918,1.067664,1.595490,1.063660,33,22,82534,90617,61,27,0.148999,-0.957648,-2.664343,0.200495,-0.411272,-1,,,,,,,,,,,,,,,,
24.377945,figure8_0.20_круг вправо,11208,280326,25016,0,0,1.584918,1.067664,1.498074,1.063149,31,22,82566,90638,63,27,0.144698,-0.959849,-2.672756,0.193112,-0.336334,-1,,,,,,,,,,,,,,,,
24.401542,figure8_0.20_круг вправо,11209,280351,24984,0,0,1.584918,1.067664,1.596767,1.064511,33,22,82599,90660,61,27,0.140215,-0.962091,-2.683040,0.200656,-0.411601,-1,,,,,,,,,,,,,,,,
24.428375,figure8_0.20_круг вправо,11210,280376,25012,0,0,1.584918,1.067664,1.498314,1.014987,31,21,82630,90682,63,28,0.135955,-0.964169,-2.692389,0.189498,-0.373764,-1,,,,,,,,,,,,,,,,
24.451351,figure8_0.20_круг вправо,11211,280401,24988,0,0,1.584918,1.067664,1.596511,1.064341,33,22,82663,90703,62,27,0.131428,-0.966323,-2.702672,0.200624,-0.411535,-1,,,,,,,,,,,,,,,,
24.477641,figure8_0.20_круг вправо,11212,280426,25004,0,0,1.584918,1.067664,1.547141,1.015312,32,21,82694,90724,62,28,0.127044,-0.968353,-2.712955,0.193204,-0.411272,-1,,,,,,,,,,,,,,,,
24.503436,figure8_0.20_круг вправо,11213,280451,25008,0,0,1.584918,1.067664,1.498553,1.015149,31,21,82726,90745,63,28,0.122724,-0.970303,-2.722304,0.189529,-0.373824,-1,,,,,,,,,,,,,,,,
24.527889,figure8_0.20_круг вправо,11214,280476,24984,0,0,1.584918,1.067664,1.596767,1.016124,33,21,82759,90766,62,28,0.118217,-0.972282,-2.733522,0.197007,-0.449020,-1,,,,,,,,,,,,,,,,
24.556073,figure8_0.20_круг вправо,11215,280501,25028,0,0,1.584918,1.067664,1.497356,1.014338,31,21,82790,90788,63,28,0.113858,-0.974142,-2.742871,0.189377,-0.373525,-1,,,,,,,,,,,,,,,,
24.580086,figure8_0.20_круг вправо,11216,280526,24972,0,0,1.584918,1.067664,1.549124,1.065023,32,22,82822,90810,63,27,0.109313,-0.976032,-2.752220,0.197102,-0.374363,-1,,,,,,,,,,,,,,,,
24.606231,figure8_0.20_круг вправо,11217,280551,25024,0,0,1.584918,1.067664,1.497595,1.062810,31,22,82852,90831,63,27,0.104836,-0.977847,-2.760633,0.193050,-0.336226,-1,,,,,,,,,,,,,,,,
24.629864,figure8_0.20_круг вправо,11218,280576,24988,0,0,1.584918,1.067664,1.499753,0.967583,31,20,82883,90851,64,29,0.100512,-0.979553,-2.770917,0.186033,-0.411535,-1,,,,,,,,,,,,,,,,
24.656065,figure8_0.20_круг вправо,11219,280601,25004,0,0,1.584918,1.067664,1.498793,1.063660,31,22,82915,90873,64,28,0.096002,-0.981284,-2.779331,0.193204,-0.336495,-1,,,,,,,,,,,,,,,,
24.679837,figure8_0.20_круг вправо,11220,280626,25004,0,0,1.584918,1.067664,1.450445,1.015312,30,21,82945,90895,65,28,0.091648,-0.982913,-2.787745,0.185914,-0.336495,-1,,,,,,,,,,,,,,,,
24.706111,figure8_0.20_круг вправо,11221,280651,24976,0,0,1.584918,1.067664,1.500473,1.064852,31,22,82976,90916,64,28,0.087110,-0.984568,-2.796158,0.193421,-0.336873,-1,,,,,,,,,,,,,,,,
24.732445,figure8_0.20_круг вправо,11222,280676,25000,0,0,1.584918,1.067664,1.499033,0.918762,31,19,83007,90935,64,30,0.082813,-0.986087,-2.807377,0.182297,-0.448732,-1,,,,,,,,,,,,,,,,
24.755734,figure8_0.20_круг вправо,11223,280701,25008,0,0,1.584918,1.067664,1.498553,1.063490,31,22,83037,90957,65,28,0.078243,-0.987653,-2.815790,0.193173,-0.336441,-1,,,,,,,,,,,,,,,,
24.782552,figure8_0.20_круг вправо,11224,280726,24992,0,0,1.584918,1.067664,1.499513,1.015799,31,21,83068,90978,65,29,0.073745,-0.989149,-2.825139,0.189650,-0.374063,-1,,,,,,,,,,,,,,,,
24.806135,figure8_0.20_круг вправо,11225,280751,25044,0,0,1.584918,1.067664,1.496399,1.013690,31,21,83099,90999,65,29,0.069234,-0.990603,-2.834488,0.189256,-0.373286,-1,,,,,,,,,,,,,,,,
24.832671,figure8_0.20_круг вправо,11226,280776,24964,0,0,1.584918,1.067664,1.501195,1.016938,31,21,83130,91020,65,29,0.064709,-0.992014,-2.843836,0.189863,-0.374483,-1,,,,,,,,,,,,,,,,
24.856323,figure8_0.20_круг вправо,11227,280801,25000,0,0,1.584918,1.067664,1.499033,1.015474,31,21,83162,91042,65,29,0.060172,-0.993384,-2.853185,0.189589,-0.373944,-1,,,,,,,,,,,,,,,,
24.882654,figure8_0.20_круг вправо,11228,280826,24996,0,0,1.584918,1.067664,1.499273,1.015636,31,21,83193,91062,65,29,0.055621,-0.994710,-2.862534,0.189620,-0.374003,-1,,,,,,,,,,,,,,,,
24.909798,figure8_0.20_круг вправо,11229,280851,24996,0,0,1.584918,1.067664,1.547637,0.967273,32,20,83225,91082,65,30,0.051058,-0.995990,-2.873752,0.189620,-0.448804,-1,,,,,,,,,,,,,,,,
24.932655,figure8_0.20_круг вправо,11230,280876,25012,0,0,1.584918,1.067664,1.546646,1.014987,32,21,83256,91103,65,30,0.046393,-0.997245,-2.884035,0.193143,-0.411141,-1,,,,,,,,,,,,,,,,
24.957017,figure8_0.20_круг вправо,11231,280901,25000,0,0,1.584918,1.067664,1.595745,1.063830,33,22,83290,91126,64,29,0.041538,-0.998497,-2.894319,0.200527,-0.411338,-1,,,,,,,,,,,,,,,,
24.983822,figure8_0.20_круг вправо,11232,280926,25000,0,0,1.584918,1.067664,1.547389,1.063830,32,22,83322,91147,65,29,0.036760,-0.999679,-2.903667,0.196881,-0.373944,-1,,,,,,,,,,,,,,,,
25.010038,figure8_0.20_круг вправо,11233,280951,25008,0,0,1.584918,1.067664,1.595234,1.015149,33,21,83355,91168,64,30,0.031971,-1.000813,-2.914886,0.196818,-0.448589,-1,,,,,,,,,,,,,,,,
25.033926,figure8_0.20_круг вправо,11234,280976,24980,0,0,1.584918,1.067664,1.597022,1.113076,33,23,83388,91191,64,28,0.026992,-1.001937,-2.924234,0.204337,-0.374243,-1,,,,,,,,,,,,,,,,
25.060207,figure8_0.20_круг вправо,11235,281001,25024,0,0,1.584918,1.067664,1.594214,1.062810,33,22,83420,91214,64,29,0.022091,-1.002993,-2.934518,0.200335,-0.410943,-1,,,,,,,,,,,,,,,,
25.104451,figure8_0.20_круг вправо,11236,281026,24996,0,0,1.584918,1.067664,1.644364,1.112364,34,23,83455,91236,64,28,0.017001,-1.004035,-2.944801,0.207852,-0.411404,-1,,,,,,,,,,,,,,,,
25.110454,figure8_0.20_круг вправо,11237,281051,25012,0,0,1.584918,1.067664,1.546646,1.111652,32,23,83487,91259,65,28,0.012080,-1.004994,-2.953215,0.200431,-0.336388,-1,,,,,,,,,,,,,,,,
25.135479,figure8_0.20_круг вправо,11238,281076,24988,0,0,1.584918,1.067664,1.693269,1.064341,35,22,83522,91281,63,29,0.006971,-1.005936,-2.965368,0.207919,-0.486360,-1,,,,,,,,,,,,,,,,
25.160799,figure8_0.20_круг вправо,11239,281101,24984,0,0,1.584918,1.067664,1.548380,1.016124,32,21,83554,91302,65,30,0.002211,-1.006758,-2.975652,0.193359,-0.411601,-1,,,,,,,,,,,,,,,,
25.187046,figure8_0.20_круг вправо,11240,281126,25000,0,0,1.584918,1.067664,1.692457,1.063830,35,22,83589,91324,63,29,-0.002918,-1.007585,-2.987805,0.207819,-0.486127,-1,,,,,,,,,,,,,,,,
25.210648,figure8_0.20_круг вправо,11241,281151,25000,0,0,1.584918,1.067664,1.644101,1.112186,34,23,83623,91347,63,28,-0.008057,-1.008355,-2.998088,0.207819,-0.411338,-1,,,,,,,,,,,,,,,,
25.237459,figure8_0.20_круг вправо,11242,281176,25008,0,0,1.584918,1.067664,1.643575,1.063490,34,22,83657,91369,63,29,-0.013113,-1.009057,-3.009307,0.204108,-0.448589,-1,,,,,,,,,,,,,,,,
25.263504,figure8_0.20_круг вправо,11243,281201,25008,0,0,1.584918,1.067664,1.691915,0.725106,35,15,83692,91384,62,34,-0.017636,-1.009615,-3.028004,0.182239,-0.747648,-1,,,,,,,,,,,,,,,,
25.287688,figure8_0.20_круг вправо,11244,281226,24988,0,0,1.584918,1.067664,1.499753,0.290275,31,6,83722,91389,65,41,-0.020991,-1.009959,-3.051375,0.134965,-0.935308,-1,,,,,,,,,,,,,,,,
25.311341,figure8_0.20_круг вправо,11245,281251,24992,0,0,1.584918,1.067664,1.499513,0.386971,31,8,83753,91397,65,41,-0.024534,-1.010241,-3.072877,0.142238,-0.860345,-1,,,,,,,,,,,,,,,,
25.337541,figure8_0.20_круг вправо,11246,281276,25024,0,0,1.584918,1.067664,1.352667,0.338167,28,7,83782,91404,67,43,-0.027719,-1.010428,-3.092509,0.127486,-0.784528,-1,,,,,,,,,,,,,,,,
25.363808,figure8_0.20_круг вправо,11247,281300,24976,0,0,1.584918,1.067664,1.355266,0.387219,28,8,83809,91413,68,44,-0.030998,-1.010559,-3.111207,0.131380,-0.748606,-1,,,,,,,,,,,,,,,,
25.387659,figure8_0.20_круг вправо,11248,281326,25020,0,0,1.584918,1.067664,1.352883,0.193269,28,4,83837,91416,68,48,-0.033914,-1.010615,-3.133643,0.116577,-0.896747,-1,,,,,,,,,,,,,,,,
25.414096,figure8_0.20_круг вправо,11249,281351,24996,0,0,1.584918,1.067664,1.257455,0.096727,26,2,83863,91418,70,51,-0.036466,-1.010606,3.127106,0.102103,-0.897608,-1,,,,,,,,,,,,,,,,
25.440167,figure8_0.20_круг вправо,11250,281376,25004,0,0,1.584918,1.067664,1.305400,0.193393,27,4,83891,91423,70,52,-0.039291,-1.010535,3.105604,0.113006,-0.859933,-1,,,,,,,,,,,,,,,,
25.464368,figure8_0.20_круг вправо,11251,281401,24984,0,0,1.584918,1.067664,1.354832,0.241934,28,5,83918,91428,70,53,-0.042295,-1.010394,3.084102,0.120393,-0.860621,-1,,,,,,,,,,,,,,,,
25.490832,figure8_0.20_круг вправо,11252,281426,25008,0,0,1.584918,1.067664,1.208511,0.338383,25,7,83943,91435,73,53,-0.045206,-1.010202,3.067275,0.116633,-0.672883,-1,,,,,,,,,,,,,,,,
25.514552,figure8_0.20_круг вправо,11253,281451,25000,0,0,1.584918,1.067664,1.208897,0.386847,25,8,83968,91442,73,54,-0.048203,-1.009955,3.051382,0.120316,-0.635704,-1,,,,,,,,,,,,,,,,
25.541150,figure8_0.20_круг вправо,11254,281476,25012,0,0,1.584918,1.067664,1.304983,0.193331,27,4,83995,91446,73,58,-0.051015,-1.009670,3.029881,0.112970,-0.859658,-1,,,,,,,,,,,,,,,,
25.564422,figure8_0.20_круг вправо,11255,281501,24980,0,0,1.584918,1.067664,1.161471,0.241973,24,5,84019,91452,75,59,-0.053639,-1.009352,3.012118,0.105817,-0.711062,-1,,,,,,,,,,,,,,,,
25.590388,figure8_0.20_круг вправо,11256,281526,25028,0,0,1.584918,1.067664,1.304149,0.338113,27,7,84046,91459,74,59,-0.056708,-1.008924,2.993421,0.123824,-0.747050,-1,,,,,,,,,,,,,,,,
25.615567,figure8_0.20_круг вправо,11257,281551,24980,0,0,1.584918,1.067664,1.306655,0.387157,27,8,84074,91467,75,60,-0.059859,-1.008425,2.975658,0.127710,-0.711062,-1,,,,,,,,,,,,,,,,
25.640141,figure8_0.20_круг вправо,11258,281576,25004,0,0,1.584918,1.067664,1.257052,0.483482,26,10,84100,91476,76,60,-0.063091,-1.007859,2.960701,0.131233,-0.598214,-1,,,,,,,,,,,,,,,,
25.665185,figure8_0.20_круг вправо,11259,281601,25008,0,0,1.584918,1.067664,1.353532,0.483404,28,10,84127,91487,75,61,-0.066493,-1.007207,2.943873,0.138502,-0.672883,-1,,,,,,,,,,,,,,,,
25.731596,figure8_0.20_круг вправо,11260,281626,24980,0,0,1.584918,1.067664,1.306655,0.580735,27,12,84154,91499,76,61,-0.069973,-1.006484,2.929851,0.142306,-0.561364,-1,,,,,,,,,,,,,,,,
25.731596,figure8_0.20_круг вправо,11261,281651,25016,0,0,1.584918,1.067664,1.208124,0.579900,25,12,84179,91510,78,62,-0.073266,-1.005755,2.917697,0.134814,-0.485816,-1,,,,,,,,,,,,,,,,
25.742288,figure8_0.20_круг вправо,11262,281676,25000,0,0,1.584918,1.067664,1.305609,0.531915,27,11,84207,91522,78,64,-0.076638,-1.004961,2.902740,0.138546,-0.598310,-1,,,,,,,,,,,,,,,,
25.767200,figure8_0.20_круг вправо,11263,281701,24988,0,0,1.584918,1.067664,1.306236,0.628929,27,13,84233,91534,78,63,-0.080174,-1.004075,2.889652,0.145908,-0.523772,-1,,,,,,,,,,,,,,,,
25.793364,figure8_0.20_круг вправо,11264,281725,24996,0,0,1.584918,1.067664,1.257455,0.677091,26,14,84259,91548,79,63,-0.083700,-1.003147,2.878433,0.145861,-0.448804,-1,,,,,,,,,,,,,,,,
25.817392,figure8_0.20_круг вправо,11265,281751,25016,0,0,1.584918,1.067664,1.304774,0.724875,27,15,84286,91564,79,63,-0.087391,-1.002130,2.867215,0.153032,-0.448445,-1,,,,,,,,,,,,,,,,
25.845980,figure8_0.20_круг вправо,11266,281776,24984,0,0,1.584918,1.067664,1.306445,0.822577,27,17,84313,91580,80,63,-0.091246,-1.001025,2.857867,0.160525,-0.374183,-1,,,,,,,,,,,,,,,,
25.867183,figure8_0.20_круг вправо,11267,281801,25000,0,0,1.584918,1.067664,1.257253,0.725339,26,15,84339,91595,81,65,-0.094829,-0.999961,2.847583,0.149484,-0.411338,-1,,,,,,,,,,,,,,,,
25.893700,figure8_0.20_круг вправо,11268,281826,25028,0,0,1.584918,1.067664,1.352450,0.676225,28,14,84367,91610,80,66,-0.098485,-0.998827,2.834495,0.152959,-0.522935,-1,,,,,,,,,,,,,,,,
25.920355,figure8_0.20_круг вправо,11269,281851,24984,0,0,1.584918,1.067664,1.306445,0.725803,27,15,84394,91624,82,66,-0.102128,-0.997650,2.823277,0.153228,-0.449020,-1,,,,,,,,,,,,,,,,
25.943682,figure8_0.20_круг вправо,11270,281876,25004,0,0,1.584918,1.067664,1.353749,0.773571,28,16,84422,91641,81,66,-0.105930,-0.996373,2.812058,0.160396,-0.448660,-1,,,,,,,,,,,,,,,,
25.970258,figure8_0.20_круг вправо,11271,281901,25024,0,0,1.584918,1.067664,1.400976,0.821262,29,17,84452,91657,81,66,-0.109889,-0.994994,2.800840,0.167553,-0.448302,-1,,,,,,,,,,,,,,,,
25.996410,figure8_0.20_круг вправо,11272,281926,24972,0,0,1.584918,1.067664,1.355483,0.774562,28,16,84480,91674,82,67,-0.113662,-0.993632,2.789622,0.160602,-0.449235,-1,,,,,,,,,,,,,,,,
26.019637,figure8_0.20_круг вправо,11273,281951,24984,0,0,1.584918,1.067664,1.403219,0.870964,29,18,84508,91692,82,66,-0.117675,-0.992135,2.779338,0.171469,-0.411601,-1,,,,,,,,,,,,,,,,
26.045276,figure8_0.20_круг вправо,11274,281976,25012,0,0,1.584918,1.067664,1.498314,0.869989,31,18,84539,91710,81,67,-0.121842,-0.990527,2.767185,0.178566,-0.485893,-1,,,,,,,,,,,,,,,,
26.071988,figure8_0.20_круг вправо,11275,282001,25004,0,0,1.584918,1.067664,1.450445,0.918615,30,19,84570,91729,82,66,-0.125991,-0.988872,2.756902,0.178623,-0.411272,-1,,,,,,,,,,,,,,,,
26.095313,figure8_0.20_круг вправо,11276,282025,25008,0,0,1.584918,1.067664,1.546894,0.870128,32,18,84601,91747,81,67,-0.130204,-0.987134,2.743814,0.182239,-0.523353,-1,,,,,,,,,,,,,,,,
26.121765,figure8_0.20_круг вправо,11277,282051,25004,0,0,1.584918,1.067664,1.450445,0.870267,30,18,84631,91765,82,68,-0.134228,-0.985417,2.732595,0.174978,-0.448660,-1,,,,,,,,,,,,,,,,
26.147726,figure8_0.20_круг вправо,11278,282076,24976,0,0,1.584918,1.067664,1.500473,0.968047,31,20,84662,91784,82,67,-0.138483,-0.983546,2.722312,0.186122,-0.411733,-1,,,,,,,,,,,,,,,,
26.171454,figure8_0.20_круг вправо,11279,282101,25008,0,0,1.584918,1.067664,1.546894,0.966809,32,20,84695,91805,81,67,-0.142801,-0.981592,2.711094,0.189529,-0.448589,-1,,,,,,,,,,,,,,,,
26.197269,figure8_0.20_круг вправо,11280,282126,24996,0,0,1.584918,1.067664,1.450909,0.967273,30,20,84725,91825,83,67,-0.146934,-0.979671,2.701745,0.182327,-0.374003,-1,,,,,,,,,,,,,,,,
26.221478,figure8_0.20_круг вправо,11281,282151,25016,0,0,1.584918,1.067664,1.546399,0.869850,32,18,84756,91843,82,69,-0.151045,-0.977704,2.688657,0.182181,-0.523186,-1,,,,,,,,,,,,,,,,
26.248396,figure8_0.20_круг вправо,11282,282176,25004,0,0,1.584918,1.067664,1.498793,0.870267,31,18,84788,91861,82,69,-0.155049,-0.975725,2.676504,0.178623,-0.486049,-1,,,,,,,,,,,,,,,,
26.273062,figure8_0.20_круг вправо,11283,282201,24996,0,0,1.584918,1.067664,1.547637,0.967273,32,20,84820,91881,82,68,-0.159273,-0.973575,2.665286,0.189620,-0.448804,-1,,,,,,,,,,,,,,,,
26.300009,figure8_0.20_круг вправо,11284,282226,24996,0,0,1.584918,1.067664,1.547637,0.967273,32,20,84851,91901,82,68,-0.163473,-0.971378,2.654067,0.189620,-0.448804,-1,,,,,,,,,,,,,,,,
26.329360,figure8_0.20_круг вправо,11285,282251,25140,0,0,1.584918,1.067664,1.490685,1.009819,31,21,84882,91922,83,68,-0.167650,-0.969139,2.644719,0.188534,-0.371861,-1,,,,,,,,,,,,,,,,
26.348137,figure8_0.20_круг вправо,11286,282276,24844,0,0,1.584918,1.067664,1.557105,0.973191,32,20,84914,91942,82,69,-0.171804,-0.966856,2.633500,0.190780,-0.451550,-1,,,,,,,,,,,,,,,,
26.374463,figure8_0.20_круг вправо,11287,282301,25020,0,0,1.584918,1.067664,1.497835,1.062979,31,22,84946,91964,83,67,-0.176015,-0.964488,2.625087,0.193081,-0.336280,-1,,,,,,,,,,,,,,,,
26.400657,figure8_0.20_круг вправо,11288,282326,25000,0,0,1.584918,1.067664,1.547389,1.015474,32,21,84978,91985,82,68,-0.180203,-0.962081,2.614803,0.193235,-0.411338,-1,,,,,,,,,,,,,,,,
26.424587,figure8_0.20_круг вправо,11289,282351,24996,0,0,1.584918,1.067664,1.547637,0.967273,32,20,85010,92005,82,69,-0.184287,-0.959675,2.603585,0.189620,-0.448804,-1,,,,,,,,,,,,,,,,
26.451282,figure8_0.20_круг вправо,11290,282376,25004,0,0,1.584918,1.067664,1.547141,1.063660,32,22,85042,92027,83,68,-0.188502,-0.957133,2.594236,0.196850,-0.373884,-1,,,,,,,,,,,,,,,,
26.474405,figure8_0.20_круг вправо,11291,282401,25004,0,0,1.584918,1.067664,1.595490,1.063660,33,22,85074,92048,82,68,-0.192769,-0.954502,2.583953,0.200495,-0.411272,-1,,,,,,,,,,,,,,,,
26.502714,figure8_0.20_круг вправо,11292,282426,25028,0,0,1.584918,1.067664,1.449054,0.917734,30,19,85104,92068,84,70,-0.196547,-0.952119,2.573669,0.178452,-0.410878,-1,,,,,,,,,,,,,,,,
26.525858,figure8_0.20_круг вправо,11293,282451,24964,0,0,1.584918,1.067664,1.452769,0.968513,30,20,85135,92088,84,69,-0.200377,-0.949650,2.564321,0.182560,-0.374483,-1,,,,,,,,,,,,,,,,
26.551726,figure8_0.20_круг вправо,11294,282476,25000,0,0,1.584918,1.067664,1.499033,0.967118,31,20,85165,92108,84,70,-0.204259,-0.947093,2.554037,0.185943,-0.411338,-1,,,,,,,,,,,,,,,,
26.579369,figure8_0.20_круг вправо,11295,282501,24996,0,0,1.584918,1.067664,1.450909,0.967273,30,20,85195,92128,85,70,-0.208041,-0.944549,2.544688,0.182327,-0.374003,-1,,,,,,,,,,,,,,,,
26.602292,figure8_0.20_круг вправо,11296,282526,24988,0,0,1.584918,1.067664,1.451374,0.870824,30,18,85226,92146,85,71,-0.211645,-0.942069,2.533470,0.175090,-0.448948,-1,,,,,,,,,,,,,,,,
26.627671,figure8_0.20_круг вправо,11297,282551,25024,0,0,1.584918,1.067664,1.400976,0.966191,29,20,85254,92166,86,70,-0.215300,-0.939502,2.525056,0.178480,-0.336226,-1,,,,,,,,,,,,,,,,
26.653613,figure8_0.20_круг вправо,11298,282576,24976,0,0,1.584918,1.067664,1.452071,1.064852,30,22,85284,92188,86,69,-0.219157,-0.936747,2.517577,0.189772,-0.299442,-1,,,,,,,,,,,,,,,,
26.678893,figure8_0.20_круг вправо,11299,282601,25012,0,0,1.584918,1.067664,1.498314,0.966654,31,20,85316,92208,85,71,-0.222916,-0.934012,2.507294,0.185854,-0.411140,-1,,,,,,,,,,,,,,,,
26.704566,figure8_0.20_круг вправо,11300,282626,24984,0,0,1.584918,1.067664,1.451606,0.919351,30,19,85346,92227,86,72,-0.226499,-0.931346,2.497010,0.178766,-0.411601,-1,,,,,,,,,,,,,,,,
26.727849,figure8_0.20_круг вправо,11301,282651,25024,0,0,1.584918,1.067664,1.545905,1.014500,32,21,85377,92248,85,70,-0.230346,-0.928424,2.486727,0.193050,-0.410943,-1,,,,,,,,,,,,,,,,
26.753220,figure8_0.20_круг вправо,11302,282676,24996,0,0,1.584918,1.067664,1.499273,1.112364,31,23,85409,92271,86,69,-0.234239,-0.925411,2.479248,0.196913,-0.299203,-1,,,,,,,,,,,,,,,,
26.778835,figure8_0.20_круг вправо,11303,282701,24996,0,0,1.584918,1.067664,1.596000,1.064000,33,22,85441,92293,84,70,-0.238176,-0.922308,2.468965,0.200559,-0.411404,-1,,,,,,,,,,,,,,,,
26.805134,figure8_0.20_круг вправо,11304,282726,24992,0,0,1.584918,1.067664,1.596256,0.967428,33,20,85474,92313,84,71,-0.241936,-0.919275,2.456811,0.193297,-0.486282,-1,,,,,,,,,,,,,,,,
26.829638,figure8_0.20_круг вправо,11305,282752,25016,0,0,1.584918,1.067664,1.498074,1.063149,31,22,85506,92335,86,70,-0.245665,-0.916204,2.448398,0.193112,-0.336334,-1,,,,,,,,,,,,,,,,
26.855612,figure8_0.20_круг вправо,11306,282776,24976,0,0,1.584918,1.067664,1.645681,1.064852,34,22,85540,92357,84,70,-0.249573,-0.912921,2.437179,0.204369,-0.449163,-1,,,,,,,,,,,,,,,,
26.879609,figure8_0.20_круг вправо,11307,282801,25012,0,0,1.584918,1.067664,1.546646,0.966654,32,20,85571,92378,85,71,-0.253167,-0.909831,2.425961,0.189498,-0.448517,-1,,,,,,,,,,,,,,,,
26.905366,figure8_0.20_круг вправо,11308,282826,24992,0,0,1.584918,1.067664,1.596256,1.160913,33,24,85605,92401,84,69,-0.257074,-0.906406,2.417547,0.207886,-0.336657,-1,,,,,,,,,,,,,,,,
26.930758,figure8_0.20_круг вправо,11309,282851,25012,0,0,1.584918,1.067664,1.594979,1.111652,33,23,85638,92425,84,69,-0.260882,-0.903007,2.408199,0.204075,-0.373764,-1,,,,,,,,,,,,,,,,
26.956599,figure8_0.20_круг вправо,11310,282876,25000,0,0,1.584918,1.067664,1.595745,1.160542,33,24,85670,92448,84,68,-0.264727,-0.899513,2.399785,0.207819,-0.336549,-1,,,,,,,,,,,,,,,,
26.980624,figure8_0.20_круг вправо,11311,282901,25016,0,0,1.584918,1.067664,1.546399,1.063149,32,22,85702,92470,85,70,-0.268340,-0.896170,2.390436,0.196755,-0.373704,-1,,,,,,,,,,,,,,,,
27.007534,figure8_0.20_круг вправо,11312,282926,24968,0,0,1.584918,1.067664,1.500954,1.065193,31,22,85733,92493,86,70,-0.271857,-0.892859,2.382022,0.193483,-0.336980,-1,,,,,,,,,,,,,,,,
27.033121,figure8_0.20_круг вправо,11313,282951,25028,0,0,1.584918,1.067664,1.545658,1.159243,32,24,85766,92516,85,68,-0.275545,-0.889330,2.374543,0.203945,-0.298820,-1,,,,,,,,,,,,,,,,
27.058581,figure8_0.20_круг вправо,11314,282976,24988,0,0,1.584918,1.067664,1.499753,1.015962,31,21,85796,92537,86,70,-0.278942,-0.886024,2.365195,0.189680,-0.374123,-1,,,,,,,,,,,,,,,,
27.082243,figure8_0.20_круг вправо,11315,283001,24996,0,0,1.584918,1.067664,1.499273,1.064000,31,22,85828,92559,86,70,-0.282375,-0.882625,2.356781,0.193266,-0.336603,-1,,,,,,,,,,,,,,,,
27.108293,figure8_0.20_круг вправо,11316,283026,25000,0,0,1.584918,1.067664,1.595745,1.063830,33,22,85861,92582,85,70,-0.285903,-0.879064,2.346498,0.200527,-0.411338,-1,,,,,,,,,,,,,,,,
27.134282,figure8_0.20_круг вправо,11317,283051,25008,0,0,1.584918,1.067664,1.546894,1.015149,32,21,85893,92602,86,70,-0.289268,-0.875598,2.336214,0.193173,-0.411206,-1,,,,,,,,,,,,,,,,
27.158109,figure8_0.20_круг вправо,11318,283076,24992,0,0,1.584918,1.067664,1.644627,0.822313,34,17,85926,92619,84,73,-0.292462,-0.872220,2.320322,0.186003,-0.635908,-1,,,,,,,,,,,,,,,,
27.183536,figure8_0.20_круг вправо,11319,283101,24992,0,0,1.584918,1.067664,1.499513,0.870685,31,18,85957,92637,86,73,-0.295485,-0.868932,2.308168,0.178709,-0.486282,-1,,,,,,,,,,,,,,,,
27.208640,figure8_0.20_круг вправо,11320,283126,25012,0,0,1.584918,1.067664,1.546646,0.918321,32,19,85990,92656,86,73,-0.298589,-0.865472,2.296015,0.185854,-0.485893,-1,,,,,,,,,,,,,,,,
27.234932,figure8_0.20_круг вправо,11321,283151,25000,0,0,1.584918,1.067664,1.547389,0.918762,32,19,86021,92675,86,73,-0.301652,-0.861975,2.283862,0.185943,-0.486127,-1,,,,,,,,,,,,,,,,
27.258250,figure8_0.20_круг вправо,11322,283176,24992,0,0,1.584918,1.067664,1.451141,0.919056,30,19,86052,92694,88,73,-0.304556,-0.858582,2.273579,0.178709,-0.411470,-1,,,,,,,,,,,,,,,,
27.284380,figure8_0.20_круг вправо,11323,283201,25024,0,0,1.584918,1.067664,1.545905,1.014500,32,21,86084,92715,86,72,-0.307659,-0.854880,2.263295,0.193050,-0.410943,-1,,,,,,,,,,,,,,,,
27.311017,figure8_0.20_круг вправо,11324,283226,24976,0,0,1.584918,1.067664,1.548876,1.064852,32,22,86116,92737,86,72,-0.310784,-0.851077,2.253947,0.197070,-0.374303,-1,,,,,,,,,,,,,,,,
27.334719,figure8_0.20_круг вправо,11325,283251,25016,0,0,1.584918,1.067664,1.594724,1.014825,33,21,86148,92758,86,72,-0.313870,-0.847242,2.242728,0.196755,-0.448445,-1,,,,,,,,,,,,,,,,
27.361922,figure8_0.20_круг вправо,11326,283276,25004,0,0,1.584918,1.067664,1.498793,0.821919,31,17,86180,92775,87,75,-0.316571,-0.843800,2.229640,0.174978,-0.523437,-1,,,,,,,,,,,,,,,,
27.385554,figure8_0.20_круг вправо,11327,283301,24992,0,0,1.584918,1.067664,1.547884,0.967428,32,20,86212,92795,87,74,-0.319451,-0.840036,2.218422,0.189650,-0.448876,-1,,,,,,,,,,,,,,,,
27.412086,figure8_0.20_круг вправо,11328,283326,24980,0,0,1.584918,1.067664,1.645417,0.967892,34,20,86245,92815,85,74,-0.322395,-0.836091,2.205334,0.197039,-0.523940,-1,,,,,,,,,,,,,,,,
27.435930,figure8_0.20_круг вправо,11329,283352,25024,0,0,1.584918,1.067664,1.497595,0.966191,31,20,86277,92835,87,74,-0.325131,-0.832334,2.195050,0.185765,-0.410943,-1,,,,,,,,,,,,,,,,
27.461426,figure8_0.20_круг вправо,11330,283376,25004,0,0,1.584918,1.067664,1.643838,0.966963,34,20,86311,92855,85,74,-0.327982,-0.828321,2.181962,0.196850,-0.523437,-1,,,,,,,,,,,,,,,,
27.487097,figure8_0.20_круг вправо,11331,283401,24988,0,0,1.584918,1.067664,1.596511,1.064341,33,22,86344,92877,86,73,-0.330838,-0.824201,2.171679,0.200624,-0.411535,-1,,,,,,,,,,,,,,,,
27.510743,figure8_0.20_круг вправо,11332,283426,24996,0,0,1.584918,1.067664,1.644364,1.160727,34,24,86378,92901,85,72,-0.333806,-0.819826,2.162330,0.211499,-0.374003,-1,,,,,,,,,,,,,,,,
27.536755,figure8_0.20_круг вправо,11333,283451,25004,0,0,1.584918,1.067664,1.595490,1.063660,33,22,86411,92923,86,73,-0.336580,-0.815650,2.152047,0.200495,-0.411272,-1,,,,,,,,,,,,,,,,
27.564491,figure8_0.20_круг вправо,11334,283475,24988,0,0,1.584918,1.067664,1.596511,1.015962,33,21,86443,92944,86,74,-0.339260,-0.811522,2.140829,0.196976,-0.448948,-1,,,,,,,,,,,,,,,,
27.588780,figure8_0.20_круг вправо,11335,283501,25008,0,0,1.584918,1.067664,1.643575,1.111830,34,23,86477,92967,85,72,-0.342041,-0.807133,2.130545,0.207753,-0.411206,-1,,,,,,,,,,,,,,,,
27.614774,figure8_0.20_круг вправо,11336,283526,25000,0,0,1.584918,1.067664,1.547389,1.063830,32,22,86509,92989,86,73,-0.344635,-0.802950,2.121197,0.196881,-0.373944,-1,,,,,,,,,,,,,,,,
27.638594,figure8_0.20_круг вправо,11337,283551,25016,0,0,1.584918,1.067664,1.594724,0.821525,33,17,86542,93006,86,77,-0.346989,-0.799048,2.106239,0.182181,-0.597927,-1,,,,,,,,,,,,,,,,
27.663822,figure8_0.20_круг вправо,11338,283576,24996,0,0,1.584918,1.067664,1.499273,0.822182,31,17,86574,93024,87,77,-0.349197,-0.795271,2.093151,0.175034,-0.523605,-1,,,,,,,,,,,,,,,,
27.689597,figure8_0.20_круг вправо,11339,283601,24976,0,0,1.584918,1.067664,1.597278,1.016450,33,21,86606,93044,86,75,-0.351629,-0.790991,2.081933,0.197070,-0.449163,-1,,,,,,,,,,,,,,,,
27.715167,figure8_0.20_круг вправо,11340,283626,25000,0,0,1.584918,1.067664,1.595745,1.015474,33,21,86640,93065,86,75,-0.354012,-0.786685,2.070714,0.196881,-0.448732,-1,,,,,,,,,,,,,,,,
27.741333,figure8_0.20_круг вправо,11341,283651,25016,0,0,1.584918,1.067664,1.643049,0.966500,34,20,86673,93085,85,76,-0.356343,-0.782350,2.057626,0.196755,-0.523186,-1,,,,,,,,,,,,,,,,
27.766745,figure8_0.20_круг вправо,11342,283676,25008,0,0,1.584918,1.067664,1.691915,0.966809,35,20,86709,93105,84,76,-0.358658,-0.777903,2.043603,0.200463,-0.560736,-1,,,,,,,,,,,,,,,,
27.794655,figure8_0.20_круг вправо,11343,283701,25000,0,0,1.584918,1.067664,1.692457,1.160542,35,24,86744,93130,84,73,-0.361082,-0.773103,2.033320,0.215111,-0.411338,-1,,,,,,,,,,,,,,,,
27.816803,figure8_0.20_круг вправо,11344,283726,24992,0,0,1.584918,1.067664,1.838112,1.257656,38,26,86782,93156,82,71,-0.363656,-0.767868,2.022102,0.233415,-0.448876,-1,,,,,,,,,,,,,,,,
27.841611,figure8_0.20_круг вправо,11345,283751,24988,0,0,1.584918,1.067664,1.790028,1.306236,37,27,86819,93182,82,70,-0.366175,-0.762606,2.012753,0.233453,-0.374123,-1,,,,,,,,,,,,,,,,
27.870138,figure8_0.20_круг вправо,11346,283777,25036,0,0,1.584918,1.067664,2.028028,1.545164,42,32,86861,93215,78,66,-0.369032,-0.756496,2.003404,0.269412,-0.373406,-1,,,,,,,,,,,,,,,,
27.892586,figure8_0.20_круг вправо,11347,283801,24992,0,0,1.584918,1.067664,2.128341,1.838112,44,38,86905,93253,75,61,-0.372146,-0.749702,1.997795,0.299064,-0.224438,-1,,,,,,,,,,,,,,,,
27.916252,figure8_0.20_круг вправо,11348,283826,24988,0,0,1.584918,1.067664,2.273819,1.983544,47,41,86952,93294,72,57,-0.375447,-0.742391,1.992186,0.320998,-0.224474,-1,,,,,,,,,,,,,,,,
27.943222,figure8_0.20_круг вправо,11349,283851,25008,0,0,1.584918,1.067664,2.320341,2.078639,48,43,87000,93337,70,54,-0.378822,-0.734815,1.987512,0.331675,-0.186912,-1,,,,,,,,,,,,,,,,
27.967098,figure8_0.20_круг вправо,11350,283876,24980,0,0,1.584918,1.067664,2.322942,2.032574,48,42,87049,93379,69,53,-0.382122,-0.727304,1.981903,0.328398,-0.224546,-1,,,,,,,,,,,,,,,,
27.993733,figure8_0.20_круг вправо,11351,283901,25012,0,0,1.584918,1.067664,2.368302,1.981641,49,41,87098,93420,66,51,-0.385372,-0.719772,1.974424,0.327978,-0.299011,-1,,,,,,,,,,,,,,,,
28.017534,figure8_0.20_круг вправо,11352,283926,25004,0,0,1.584918,1.067664,2.272364,1.933927,47,40,87145,93460,66,50,-0.388463,-0.712469,1.967880,0.317147,-0.261719,-1,,,,,,,,,,,,,,,,
28.043654,figure8_0.20_круг вправо,11353,283951,25004,0,0,1.584918,1.067664,2.224016,1.885579,46,39,87191,93499,66,49,-0.391435,-0.705314,1.961336,0.309856,-0.261719,-1,,,,,,,,,,,,,,,,
28.069527,figure8_0.20_круг вправо,11354,283976,24992,0,0,1.584918,1.067664,2.225083,1.789741,46,37,87236,93536,64,49,-0.394286,-0.698307,1.952922,0.302711,-0.336657,-1,,,,,,,,,,,,,,,,
28.093161,figure8_0.20_круг вправо,11355,284001,25000,0,0,1.584918,1.067664,2.127660,1.789168,44,37,87281,93573,65,48,-0.397017,-0.691447,1.946378,0.295322,-0.261761,-1,,,,,,,,,,,,,,,,
28.119366,figure8_0.20_круг вправо,11356,284026,24988,0,0,1.584918,1.067664,2.128682,1.741649,44,36,87325,93609,63,47,-0.399666,-0.684654,1.938899,0.291816,-0.299299,-1,,,,,,,,,,,,,,,,
28.145469,figure8_0.20_круг вправо,11357,284051,25028,0,0,1.584918,1.067664,2.125279,1.738865,44,36,87368,93644,62,46,-0.402265,-0.677840,1.931420,0.291350,-0.298820,-1,,,,,,,,,,,,,,,,
28.168454,figure8_0.20_круг вправо,11358,284076,24976,0,0,1.584918,1.067664,2.129704,1.645681,44,34,87412,93678,61,46,-0.404742,-0.671176,1.922072,0.284657,-0.374303,-1,,,,,,,,,,,,,,,,
28.197192,figure8_0.20_круг вправо,11359,284101,25000,0,0,1.584918,1.067664,2.030948,1.595745,42,33,87454,93712,62,45,-0.407067,-0.664748,1.913658,0.273446,-0.336549,-1,,,,,,,,,,,,,,,,
28.221095,figure8_0.20_круг вправо,11360,284126,24988,0,0,1.584918,1.067664,2.031923,1.548132,42,32,87496,93744,61,45,-0.409305,-0.658385,1.904310,0.269930,-0.374123,-1,,,,,,,,,,,,,,,,
28.244716,figure8_0.20_круг вправо,11361,284151,25008,0,0,1.584918,1.067664,2.030298,1.546894,42,32,87538,93776,60,44,-0.411483,-0.652001,1.894961,0.269714,-0.373824,-1,,,,,,,,,,,,,,,,
28.271718,figure8_0.20_круг вправо,11362,284176,25040,0,0,1.584918,1.067664,1.979425,1.544917,41,32,87580,93807,60,43,-0.413576,-0.645685,1.886547,0.265729,-0.336012,-1,,,,,,,,,,,,,,,,
28.295671,figure8_0.20_круг вправо,11363,284201,24960,0,0,1.584918,1.067664,1.985769,1.453002,41,30,87620,93837,59,43,-0.415554,-0.639523,1.876264,0.259277,-0.411997,-1,,,,,,,,,,,,,,,,
28.322791,figure8_0.20_круг вправо,11364,284226,25060,0,0,1.584918,1.067664,1.977845,1.447204,41,30,87661,93867,58,43,-0.417469,-0.633341,1.865980,0.258243,-0.410353,-1,,,,,,,,,,,,,,,,
28.346934,figure8_0.20_круг вправо,11365,284251,24932,0,0,1.584918,1.067664,1.891024,1.406146,39,29,87700,93896,59,43,-0.419244,-0.627403,1.856632,0.248601,-0.374963,-1,,,,,,,,,,,,,,,,
28.372967,figure8_0.20_круг вправо,11366,284276,25016,0,0,1.584918,1.067664,1.932999,1.401424,40,29,87740,93926,57,42,-0.420986,-0.621360,1.846348,0.251410,-0.411075,-1,,,,,,,,,,,,,,,,
28.396882,figure8_0.20_круг вправо,11367,284301,25008,0,0,1.584918,1.067664,1.885277,1.450213,39,30,87779,93956,57,41,-0.422672,-0.615301,1.837934,0.251490,-0.336442,-1,,,,,,,,,,,,,,,,
28.423407,figure8_0.20_круг вправо,11368,284326,24980,0,0,1.584918,1.067664,1.887390,1.403444,39,29,87818,93984,57,41,-0.424280,-0.609315,1.828586,0.248123,-0.374243,-1,,,,,,,,,,,,,,,,
28.447717,figure8_0.20_круг вправо,11369,284351,25024,0,0,1.584918,1.067664,1.835762,1.400976,38,29,87856,94013,57,40,-0.425812,-0.603403,1.820172,0.244044,-0.336226,-1,,,,,,,,,,,,,,,,
28.474048,figure8_0.20_круг вправо,11370,284376,24988,0,0,1.584918,1.067664,1.790028,1.354615,37,28,87893,94042,57,40,-0.427250,-0.597656,1.811758,0.237101,-0.336711,-1,,,,,,,,,,,,,,,,
28.497198,figure8_0.20_круг вправо,11371,284401,25040,0,0,1.584918,1.067664,1.882868,1.351802,39,28,87932,94070,55,39,-0.428677,-0.591718,1.801475,0.243888,-0.410681,-1,,,,,,,,,,,,,,,,
28.522663,figure8_0.20_круг вправо,11372,284426,24956,0,0,1.584918,1.067664,1.792323,1.404794,37,29,87969,94098,56,38,-0.430031,-0.585856,1.793996,0.241057,-0.299682,-1,,,,,,,,,,,,,,,,
28.548751,figure8_0.20_круг вправо,11373,284451,24996,0,0,1.584918,1.067664,1.837818,1.305818,38,27,88006,94125,55,39,-0.431312,-0.580072,1.783713,0.237025,-0.411404,-1,,,,,,,,,,,,,,,,
28.577668,figure8_0.20_круг вправо,11374,284476,25012,0,0,1.584918,1.067664,1.788310,1.304983,37,27,88044,94152,55,38,-0.432518,-0.574364,1.774364,0.233229,-0.373764,-1,,,,,,,,,,,,,,,,
28.600805,figure8_0.20_круг вправо,11375,284500,24992,0,0,1.584918,1.067664,1.789741,1.306027,37,27,88081,94179,55,38,-0.433671,-0.568646,1.765015,0.233415,-0.374063,-1,,,,,,,,,,,,,,,,
28.624915,figure8_0.20_круг вправо,11376,284526,25012,0,0,1.584918,1.067664,1.788310,1.256650,37,26,88118,94206,54,38,-0.434750,-0.563006,1.754732,0.229585,-0.411140,-1,,,,,,,,,,,,,,,,
28.651000,figure8_0.20_круг вправо,11377,284551,25000,0,0,1.584918,1.067664,1.740813,1.305609,36,27,88154,94232,55,37,-0.435777,-0.557356,1.746318,0.229695,-0.336549,-1,,,,,,,,,,,,,,,,
28.674984,figure8_0.20_круг вправо,11378,284576,24996,0,0,1.584918,1.067664,1.789455,1.257455,37,26,88191,94258,54,37,-0.436751,-0.551697,1.736035,0.229732,-0.411404,-1,,,,,,,,,,,,,,,,
28.701077,figure8_0.20_круг вправо,11379,284601,25008,0,0,1.584918,1.067664,1.788596,1.256851,37,26,88227,94284,53,37,-0.437666,-0.546028,1.725751,0.229621,-0.411206,-1,,,,,,,,,,,,,,,,
28.725395,figure8_0.20_круг вправо,11380,284626,24992,0,0,1.584918,1.067664,1.741370,1.209285,36,25,88264,94310,54,37,-0.438496,-0.540530,1.715468,0.222474,-0.411470,-1,,,,,,,,,,,,,,,,
28.751347,figure8_0.20_круг вправо,11381,284651,24980,0,0,1.584918,1.067664,1.693812,1.258260,35,26,88299,94335,54,36,-0.439274,-0.535025,1.707054,0.222581,-0.336819,-1,,,,,,,,,,,,,,,,
28.777646,figure8_0.20_круг вправо,11382,284676,25004,0,0,1.584918,1.067664,1.692186,1.257052,35,26,88334,94361,54,36,-0.440006,-0.529513,1.698640,0.222367,-0.336496,-1,,,,,,,,,,,,,,,,
28.803344,figure8_0.20_круг вправо,11383,284701,25008,0,0,1.584918,1.067664,1.691915,1.208511,35,25,88369,94386,54,36,-0.440678,-0.524085,1.689292,0.218687,-0.373824,-1,,,,,,,,,,,,,,,,
28.826865,figure8_0.20_круг вправо,11384,284726,25000,0,0,1.584918,1.067664,1.692457,1.208897,35,25,88404,94411,53,36,-0.441299,-0.518652,1.679943,0.218757,-0.373944,-1,,,,,,,,,,,,,,,,
28.852834,figure8_0.20_круг вправо,11385,284751,25020,0,0,1.584918,1.067664,1.691104,1.207931,35,25,88439,94436,53,36,-0.441870,-0.513213,1.670594,0.218582,-0.373645,-1,,,,,,,,,,,,,,,,
28.878556,figure8_0.20_круг вправо,11386,284776,24988,0,0,1.584918,1.067664,1.693269,1.209478,35,25,88474,94462,53,35,-0.442389,-0.507769,1.661246,0.218862,-0.374123,-1,,,,,,,,,,,,,,,,
28.904185,figure8_0.20_круг вправо,11387,284801,25000,0,0,1.584918,1.067664,1.692457,1.208897,35,25,88509,94487,53,35,-0.442858,-0.502320,1.651897,0.218757,-0.373944,-1,,,,,,,,,,,,,,,,
28.927389,figure8_0.20_круг вправо,11388,284826,25008,0,0,1.584918,1.067664,1.691915,1.208511,35,25,88544,94511,53,35,-0.443275,-0.496867,1.642549,0.218687,-0.373824,-1,,,,,,,,,,,,,,,,
28.953746,figure8_0.20_круг вправо,11389,284851,24992,0,0,1.584918,1.067664,1.692998,1.209285,35,25,88579,94536,52,35,-0.443642,-0.491410,1.633200,0.218827,-0.374063,-1,,,,,,,,,,,,,,,,
28.979744,figure8_0.20_круг вправо,11390,284876,24992,0,0,1.584918,1.067664,1.692998,1.209285,35,25,88614,94561,52,34,-0.443957,-0.485950,1.623851,0.218827,-0.374063,-1,,,,,,,,,,,,,,,,
29.004739,figure8_0.20_круг вправо,11391,284901,25008,0,0,1.584918,1.067664,1.691915,1.160170,35,24,88649,94585,52,35,-0.444215,-0.480579,1.613568,0.215042,-0.411206,-1,,,,,,,,,,,,,,,,
29.030168,figure8_0.20_круг вправо,11392,284926,25008,0,0,1.584918,1.067664,1.691915,1.160170,35,24,88683,94610,52,35,-0.444417,-0.475205,1.603284,0.215042,-0.411206,-1,,,,,,,,,,,,,,,,
29.055519,figure8_0.20_круг вправо,11393,284951,24972,0,0,1.584918,1.067664,1.645944,1.210253,34,25,88718,94634,52,34,-0.444569,-0.469829,1.594871,0.215352,-0.336927,-1,,,,,,,,,,,,,,,,
29.081333,figure8_0.20_круг вправо,11394,284976,25024,0,0,1.584918,1.067664,1.642524,1.159429,34,24,88752,94658,52,34,-0.444672,-0.464543,1.585522,0.211262,-0.373585,-1,,,,,,,,,,,,,,,,
29.105203,figure8_0.20_круг вправо,11395,285001,25008,0,0,1.584918,1.067664,1.691915,1.111830,35,23,88786,94682,51,35,-0.444720,-0.459257,1.574304,0.211397,-0.448589,-1,,,,,,,,,,,,,,,,
29.131621,figure8_0.20_круг вправо,11396,285026,24984,0,0,1.584918,1.067664,1.645154,1.161285,34,24,88820,94705,52,34,-0.444714,-0.453970,1.564955,0.211600,-0.374183,-1,,,,,,,,,,,,,,,,
29.157691,figure8_0.20_круг вправо,11397,285051,24984,0,0,1.584918,1.067664,1.645154,1.112898,34,23,88855,94728,52,34,-0.444657,-0.448775,1.554672,0.207952,-0.411601,-1,,,,,,,,,,,,,,,,
29.181099,figure8_0.20_круг вправо,11398,285076,25004,0,0,1.584918,1.067664,1.692186,1.112008,35,23,88889,94751,51,34,-0.444542,-0.443490,1.543453,0.211431,-0.448661,-1,,,,,,,,,,,,,,,,
29.206889,figure8_0.20_круг вправо,11399,285101,25004,0,0,1.584918,1.067664,1.643838,1.063660,34,22,88924,94773,51,35,-0.444374,-0.438388,1.532235,0.204141,-0.448660,-1,,,,,,,,,,,,,,,,
29.232713,figure8_0.20_круг вправо,11400,285126,25020,0,0,1.584918,1.067664,1.642787,1.111297,34,23,88958,94796,51,34,-0.444147,-0.433198,1.521951,0.207653,-0.411009,-1,,,,,,,,,,,,,,,,
29.258349,figure8_0.20_круг вправо,11401,285151,24980,0,0,1.584918,1.067664,1.645417,1.064682,34,22,88992,94818,51,35,-0.443869,-0.428101,1.510733,0.204337,-0.449092,-1,,,,,,,,,,,,,,,,
29.281598,figure8_0.20_круг вправо,11402,285176,25020,0,0,1.584918,1.067664,1.642787,1.062979,34,22,89026,94840,51,35,-0.443534,-0.423008,1.499515,0.204010,-0.448374,-1,,,,,,,,,,,,,,,,
29.308798,figure8_0.20_круг вправо,11403,285201,24996,0,0,1.584918,1.067664,1.644364,1.112364,34,23,89060,94863,51,34,-0.443137,-0.417827,1.489231,0.207852,-0.411404,-1,,,,,,,,,,,,,,,,
29.332693,figure8_0.20_круг вправо,11404,285227,24996,0,0,1.584918,1.067664,1.644364,1.064000,34,22,89094,94886,51,35,-0.442693,-0.412742,1.478013,0.204206,-0.448804,-1,,,,,,,,,,,,,,,,
29.361451,figure8_0.20_круг вправо,11405,285251,25012,0,0,1.584918,1.067664,1.643312,1.111652,34,23,89128,94908,51,34,-0.442185,-0.407572,1.467730,0.207719,-0.411141,-1,,,,,,,,,,,,,,,,
29.382603,figure8_0.20_круг вправо,11406,285276,24984,0,0,1.584918,1.067664,1.645154,1.064511,34,22,89162,94930,50,35,-0.441631,-0.402498,1.456511,0.204304,-0.449020,-1,,,,,,,,,,,,,,,,
29.408421,figure8_0.20_круг вправо,11407,285301,25000,0,0,1.584918,1.067664,1.644101,1.112186,34,23,89196,94953,50,34,-0.441012,-0.397339,1.446228,0.207819,-0.411338,-1,,,,,,,,,,,,,,,,
29.434345,figure8_0.20_круг вправо,11408,285326,24996,0,0,1.584918,1.067664,1.644364,1.064000,34,22,89229,94975,50,35,-0.440350,-0.392278,1.435009,0.204206,-0.448804,-1,,,,,,,,,,,,,,,,
29.460026,figure8_0.20_круг вправо,11409,285351,25000,0,0,1.584918,1.067664,1.595745,1.112186,33,23,89262,94998,51,34,-0.439635,-0.387224,1.425661,0.204173,-0.373944,-1,,,,,,,,,,,,,,,,
29.483263,figure8_0.20_круг вправо,11410,285376,24988,0,0,1.584918,1.067664,1.596511,1.064341,33,22,89296,95020,51,34,-0.438885,-0.382267,1.415377,0.200624,-0.411535,-1,,,,,,,,,,,,,,,,
29.509496,figure8_0.20_круг вправо,11411,285401,25024,0,0,1.584918,1.067664,1.642524,1.111119,34,23,89329,95043,50,34,-0.438054,-0.377139,1.405094,0.207620,-0.410943,-1,,,,,,,,,,,,,,,,
29.535966,figure8_0.20_круг вправо,11412,285426,25008,0,0,1.584918,1.067664,1.643575,1.063490,34,22,89363,95065,50,34,-0.437184,-0.372109,1.393876,0.204108,-0.448589,-1,,,,,,,,,,,,,,,,
29.562029,figure8_0.20_круг вправо,11413,285451,24968,0,0,1.584918,1.067664,1.597790,1.065193,33,22,89397,95087,51,34,-0.436276,-0.367179,1.383592,0.200784,-0.411865,-1,,,,,,,,,,,,,,,,
29.586105,figure8_0.20_круг вправо,11414,285476,25000,0,0,1.584918,1.067664,1.644101,1.063830,34,22,89431,95109,50,34,-0.435298,-0.362169,1.372374,0.204173,-0.448732,-1,,,,,,,,,,,,,,,,
29.611986,figure8_0.20_круг вправо,11415,285501,25016,0,0,1.584918,1.067664,1.643049,1.063149,34,22,89464,95131,50,34,-0.434264,-0.357171,1.361156,0.204043,-0.448445,-1,,,,,,,,,,,,,,,,
29.637532,figure8_0.20_круг вправо,11416,285526,24996,0,0,1.584918,1.067664,1.596000,1.015636,33,21,89498,95152,50,35,-0.433212,-0.352362,1.349937,0.196913,-0.448804,-1,,,,,,,,,,,,,,,,
29.670261,figure8_0.20_круг вправо,11417,285551,24992,0,0,1.584918,1.067664,1.644627,1.064170,34,22,89532,95174,50,35,-0.432066,-0.347388,1.338719,0.204239,-0.448876,-1,,,,,,,,,,,,,,,,
29.686871,figure8_0.20_круг вправо,11418,285576,24996,0,0,1.584918,1.067664,1.596000,1.064000,33,22,89565,95196,50,35,-0.430888,-0.342515,1.328435,0.200559,-0.411404,-1,,,,,,,,,,,,,,,,
29.713722,figure8_0.20_круг вправо,11419,285601,25012,0,0,1.584918,1.067664,1.594979,1.063320,33,22,89597,95218,50,35,-0.429660,-0.337655,1.318152,0.200431,-0.411141,-1,,,,,,,,,,,,,,,,
29.737864,figure8_0.20_круг вправо,11420,285626,24996,0,0,1.584918,1.067664,1.547637,1.112364,32,23,89630,95241,51,34,-0.428387,-0.332806,1.309738,0.200559,-0.336603,-1,,,,,,,,,,,,,,,,
29.764575,figure8_0.20_круг вправо,11421,285651,24996,0,0,1.584918,1.067664,1.596000,1.112364,33,23,89663,95264,50,34,-0.427046,-0.327881,1.300390,0.204206,-0.374003,-1,,,,,,,,,,,,,,,,
29.788495,figure8_0.20_круг вправо,11422,285676,25020,0,0,1.584918,1.067664,1.594469,1.062979,33,22,89696,95287,50,34,-0.425682,-0.323057,1.290106,0.200367,-0.411009,-1,,,,,,,,,,,,,,,,
29.812702,figure8_0.20_круг вправо,11423,285701,24976,0,0,1.584918,1.067664,1.548876,1.113254,32,23,89728,95309,51,34,-0.424273,-0.318246,1.281693,0.200720,-0.336873,-1,,,,,,,,,,,,,,,,
29.840117,figure8_0.20_круг вправо,11424,285726,25004,0,0,1.584918,1.067664,1.595490,1.063660,33,22,89761,95332,50,34,-0.422819,-0.313448,1.271409,0.200495,-0.411272,-1,,,,,,,,,,,,,,,,
29.869059,figure8_0.20_круг вправо,11425,285751,25016,0,0,1.584918,1.067664,1.594724,1.111474,33,23,89793,95354,50,34,-0.421291,-0.308578,1.262060,0.204043,-0.373704,-1,,,,,,,,,,,,,,,,
29.894165,figure8_0.20_круг вправо,11426,285776,25004,0,0,1.584918,1.067664,1.547141,1.063660,32,22,89826,95376,51,34,-0.419774,-0.303896,1.252712,0.196850,-0.373884,-1,,,,,,,,,,,,,,,,
29.914370,figure8_0.20_круг вправо,11427,285801,24984,0,0,1.584918,1.067664,1.596767,1.112898,33,23,89858,95399,50,33,-0.418155,-0.299055,1.243363,0.204304,-0.374183,-1,,,,,,,,,,,,,,,,
29.939500,figure8_0.20_круг вправо,11428,285827,25016,0,0,1.584918,1.067664,1.546399,1.063149,32,22,89891,95422,51,34,-0.416550,-0.294402,1.234015,0.196755,-0.373704,-1,,,,,,,,,,,,,,,,
29.964883,figure8_0.20_круг вправо,11429,285851,24996,0,0,1.584918,1.067664,1.596000,1.112364,33,23,89924,95444,50,33,-0.414841,-0.289592,1.224666,0.204206,-0.374003,-1,,,,,,,,,,,,,,,,
29.989929,figure8_0.20_круг вправо,11430,285876,24988,0,0,1.584918,1.067664,1.596511,1.064341,33,22,89956,95467,50,34,-0.413116,-0.284885,1.214382,0.200624,-0.411535,-1,,,,,,,,,,,,,,,,
30.015830,figure8_0.20_круг вправо,11431,285901,25012,0,0,1.584918,1.067664,1.546646,1.111652,32,23,89989,95489,51,33,-0.411347,-0.280194,1.205969,0.200431,-0.336388,-1,,,,,,,,,,,,,,,,
30.041533,figure8_0.20_круг вправо,11432,285926,24988,0,0,1.584918,1.067664,1.596511,1.064341,33,22,90022,95512,50,34,-0.409534,-0.275520,1.195685,0.200624,-0.411535,-1,,,,,,,,,,,,,,,,
30.067656,figure8_0.20_круг вправо,11433,285952,25000,0,0,1.584918,1.067664,1.547389,1.112186,32,23,90054,95534,51,33,-0.407678,-0.270864,1.187272,0.200527,-0.336549,-1,,,,,,,,,,,,,,,,
30.092830,figure8_0.20_круг вправо,11434,285976,25016,0,0,1.584918,1.067664,1.594724,1.111474,33,23,90086,95557,50,33,-0.405745,-0.266139,1.177923,0.204043,-0.373704,-1,,,,,,,,,,,,,,,,
30.116656,figure8_0.20_круг вправо,11435,286001,24976,0,0,1.584918,1.067664,1.548876,1.064852,32,22,90119,95579,51,34,-0.403840,-0.261601,1.168574,0.197070,-0.374303,-1,,,,,,,,,,,,,,,,
30.142025,figure8_0.20_круг вправо,11436,286026,25032,0,0,1.584918,1.067664,1.593705,1.110764,33,23,90151,95602,50,33,-0.401820,-0.256913,1.159226,0.203912,-0.373466,-1,,,,,,,,,,,,,,,,
30.168031,figure8_0.20_круг вправо,11437,286051,24968,0,0,1.584918,1.067664,1.549372,1.113611,32,23,90184,95626,51,33,-0.399795,-0.252327,1.150812,0.200784,-0.336981,-1,,,,,,,,,,,,,,,,
30.194025,figure8_0.20_круг вправо,11438,286076,25012,0,0,1.584918,1.067664,1.594979,1.111652,33,23,90217,95649,51,33,-0.397692,-0.247676,1.141463,0.204075,-0.373764,-1,,,,,,,,,,,,,,,,
30.217709,figure8_0.20_круг вправо,11439,286101,25032,0,0,1.584918,1.067664,1.641999,1.159058,34,24,90250,95672,50,32,-0.395469,-0.242880,1.132115,0.211195,-0.373466,-1,,,,,,,,,,,,,,,,
30.244030,figure8_0.20_круг вправо,11440,286126,24968,0,0,1.584918,1.067664,1.597790,1.113611,33,23,90284,95695,50,33,-0.393279,-0.238269,1.122766,0.204435,-0.374423,-1,,,,,,,,,,,,,,,,
30.267570,figure8_0.20_круг вправо,11441,286151,25008,0,0,1.584918,1.067664,1.643575,1.111830,34,23,90317,95718,50,33,-0.391005,-0.233598,1.112483,0.207753,-0.411206,-1,,,,,,,,,,,,,,,,
30.294490,figure8_0.20_круг вправо,11442,286176,24984,0,0,1.584918,1.067664,1.596767,1.064511,33,22,90351,95741,50,33,-0.388763,-0.229114,1.102199,0.200656,-0.411601,-1,,,,,,,,,,,,,,,,
30.326243,figure8_0.20_круг вправо,11443,286201,25016,0,0,1.584918,1.067664,1.643049,1.159799,34,24,90384,95764,50,32,-0.386354,-0.224408,1.092850,0.211330,-0.373704,-1,,,,,,,,,,,,,,,,
30.345299,figure8_0.20_круг вправо,11444,286226,24992,0,0,1.584918,1.067664,1.596256,1.112542,33,23,90418,95787,50,32,-0.383985,-0.219887,1.083502,0.204239,-0.374063,-1,,,,,,,,,,,,,,,,
30.373988,figure8_0.20_круг вправо,11445,286251,25000,0,0,1.584918,1.067664,1.595745,1.063830,33,22,90451,95809,50,33,-0.381615,-0.215469,1.073218,0.200527,-0.411338,-1,,,,,,,,,,,,,,,,
30.395082,figure8_0.20_круг вправо,11446,286276,25008,0,0,1.584918,1.067664,1.595234,1.063490,33,22,90483,95831,50,33,-0.379199,-0.211076,1.062935,0.200463,-0.411206,-1,,,,,,,,,,,,,,,,
30.420411,figure8_0.20_круг вправо,11447,286301,25000,0,0,1.584918,1.067664,1.547389,1.112186,32,23,90516,95854,51,32,-0.376743,-0.206706,1.054521,0.200527,-0.336549,-1,,,,,,,,,,,,,,,,
30.446117,figure8_0.20_круг вправо,11448,286326,25012,0,0,1.584918,1.067664,1.594979,1.063320,33,22,90549,95876,50,33,-0.374246,-0.202359,1.044238,0.200431,-0.411141,-1,,,,,,,,,,,,,,,,
30.471625,figure8_0.20_круг вправо,11449,286351,24968,0,0,1.584918,1.067664,1.597790,1.065193,33,22,90582,95898,50,33,-0.371704,-0.198038,1.033954,0.200784,-0.411865,-1,,,,,,,,,,,,,,,,
30.497238,figure8_0.20_круг вправо,11450,286376,25028,0,0,1.584918,1.067664,1.593960,1.062640,33,22,90614,95920,50,33,-0.369118,-0.193743,1.023671,0.200303,-0.410878,-1,,,,,,,,,,,,,,,,
30.522547,figure8_0.20_круг вправо,11451,286401,24992,0,0,1.584918,1.067664,1.547884,1.064170,32,22,90647,95942,51,33,-0.366538,-0.189552,1.014322,0.196944,-0.374063,-1,,,,,,,,,,,,,,,,
30.547443,figure8_0.20_круг вправо,11452,286427,24992,0,0,1.584918,1.067664,1.596256,1.015799,33,21,90680,95964,50,34,-0.363915,-0.185387,1.003104,0.196944,-0.448876,-1,,,,,,,,,,,,,,,,
30.572153,figure8_0.20_круг вправо,11453,286451,24996,0,0,1.584918,1.067664,1.547637,1.064000,32,22,90712,95985,51,33,-0.361249,-0.181249,0.993755,0.196913,-0.374003,-1,,,,,,,,,,,,,,,,
30.598488,figure8_0.20_круг вправо,11454,286476,24992,0,0,1.584918,1.067664,1.547884,1.064170,32,22,90744,96007,51,33,-0.358544,-0.177137,0.984407,0.196944,-0.374063,-1,,,,,,,,,,,,,,,,
30.622252,figure8_0.20_круг вправо,11455,286501,25024,0,0,1.584918,1.067664,1.594214,1.062810,33,22,90777,96029,50,33,-0.355749,-0.172976,0.974123,0.200335,-0.410943,-1,,,,,,,,,,,,,,,,
30.650567,figure8_0.20_круг вправо,11456,286526,24984,0,0,1.584918,1.067664,1.596767,1.064511,33,22,90810,96051,50,33,-0.352911,-0.168843,0.963840,0.200656,-0.411601,-1,,,,,,,,,,,,,,,,
30.674029,figure8_0.20_круг вправо,11457,286552,25028,0,0,1.584918,1.067664,1.593960,1.014338,33,21,90843,96072,50,34,-0.350081,-0.164816,0.952621,0.196661,-0.448230,-1,,,,,,,,,,,,,,,,
30.697204,figure8_0.20_круг вправо,11458,286576,24964,0,0,1.584918,1.067664,1.598046,1.065364,33,22,90876,96094,50,33,-0.347154,-0.160746,0.942338,0.200816,-0.411931,-1,,,,,,,,,,,,,,,,
30.723291,figure8_0.20_круг вправо,11459,286601,25004,0,0,1.584918,1.067664,1.547141,1.063660,32,22,90908,96116,51,33,-0.344242,-0.156778,0.932989,0.196850,-0.373884,-1,,,,,,,,,,,,,,,,
30.748841,figure8_0.20_круг вправо,11460,286626,24996,0,0,1.584918,1.067664,1.596000,1.064000,33,22,90941,96138,50,33,-0.341237,-0.152765,0.922706,0.200559,-0.411404,-1,,,,,,,,,,,,,,,,
30.775801,figure8_0.20_круг вправо,11461,286651,25048,0,0,1.584918,1.067664,1.592687,1.061791,33,22,90973,96160,50,33,-0.338190,-0.148784,0.912422,0.200143,-0.410550,-1,,,,,,,,,,,,,,,,
30.799790,figure8_0.20_круг вправо,11462,286676,24960,0,0,1.584918,1.067664,1.549869,1.017101,32,21,91006,96181,51,34,-0.335214,-0.144978,0.902139,0.193545,-0.411997,-1,,,,,,,,,,,,,,,,
30.826240,figure8_0.20_круг вправо,11463,286701,25004,0,0,1.584918,1.067664,1.547141,1.063660,32,22,91038,96203,51,33,-0.332145,-0.141131,0.892790,0.196850,-0.373884,-1,,,,,,,,,,,,,,,,
30.849653,figure8_0.20_круг вправо,11464,286726,25008,0,0,1.584918,1.067664,1.595234,1.015149,33,21,91070,96224,50,34,-0.329036,-0.137315,0.881572,0.196818,-0.448589,-1,,,,,,,,,,,,,,,,
30.875557,figure8_0.20_круг вправо,11465,286751,25004,0,0,1.584918,1.067664,1.547141,1.063660,32,22,91103,96246,51,33,-0.325889,-0.133531,0.872224,0.196850,-0.373884,-1,,,,,,,,,,,,,,,,
30.900943,figure8_0.20_круг вправо,11466,286776,24996,0,0,1.584918,1.067664,1.596000,1.015636,33,21,91135,96267,50,34,-0.322702,-0.129779,0.861005,0.196913,-0.448804,-1,,,,,,,,,,,,,,,,
30.929556,figure8_0.20_круг вправо,11467,286801,24984,0,0,1.584918,1.067664,1.548380,1.016124,32,21,91168,96289,51,34,-0.319535,-0.126131,0.850722,0.193359,-0.411601,-1,,,,,,,,,,,,,,,,
30.950937,figure8_0.20_круг вправо,11468,286826,24996,0,0,1.584918,1.067664,1.547637,1.015636,32,21,91200,96310,51,34,-0.316331,-0.122516,0.840438,0.193266,-0.411404,-1,,,,,,,,,,,,,,,,
30.977058,figure8_0.20_круг вправо,11469,286851,25048,0,0,1.584918,1.067664,1.592687,1.061791,33,22,91232,96331,51,34,-0.312967,-0.118799,0.830155,0.200143,-0.410550,-1,,,,,,,,,,,,,,,,
31.003003,figure8_0.20_круг вправо,11470,286876,24988,0,0,1.584918,1.067664,1.596511,1.064341,33,22,91265,96353,51,34,-0.309565,-0.115116,0.819871,0.200624,-0.411535,-1,,,,,,,,,,,,,,,,
31.026239,figure8_0.20_круг вправо,11471,286901,24972,0,0,1.584918,1.067664,1.549124,1.065023,32,22,91298,96375,51,34,-0.306190,-0.111534,0.810523,0.197102,-0.374363,-1,,,,,,,,,,,,,,,,
31.052066,figure8_0.20_круг вправо,11472,286926,25028,0,0,1.584918,1.067664,1.642261,1.062640,34,22,91331,96397,50,34,-0.302652,-0.107855,0.799304,0.203945,-0.448230,-1,,,,,,,,,,,,,,,,
31.078134,figure8_0.20_круг вправо,11473,286951,24976,0,0,1.584918,1.067664,1.548876,1.064852,32,22,91364,96419,51,34,-0.299204,-0.104343,0.789956,0.197070,-0.374303,-1,,,,,,,,,,,,,,,,
31.103566,figure8_0.20_круг вправо,11474,286976,25008,0,0,1.584918,1.067664,1.595234,1.015149,33,21,91396,96440,51,34,-0.295720,-0.100866,0.778738,0.196818,-0.448589,-1,,,,,,,,,,,,,,,,
31.127315,figure8_0.20_круг вправо,11475,287001,25024,0,0,1.584918,1.067664,1.594214,1.062810,33,22,91429,96462,51,34,-0.292133,-0.097363,0.768454,0.200335,-0.410943,-1,,,,,,,,,,,,,,,,
31.152834,figure8_0.20_круг вправо,11476,287026,24980,0,0,1.584918,1.067664,1.548628,1.016287,32,21,91462,96483,51,35,-0.288643,-0.094023,0.758171,0.193390,-0.411667,-1,,,,,,,,,,,,,,,,
31.179132,figure8_0.20_круг вправо,11477,287051,24996,0,0,1.584918,1.067664,1.596000,1.064000,33,22,91495,96505,51,34,-0.284985,-0.090595,0.747887,0.200559,-0.411404,-1,,,,,,,,,,,,,,,,
31.204508,figure8_0.20_круг вправо,11478,287076,25000,0,0,1.584918,1.067664,1.644101,1.063830,34,22,91528,96528,50,34,-0.281224,-0.087145,0.736669,0.204173,-0.448732,-1,,,,,,,,,,,,,,,,
31.228259,figure8_0.20_круг вправо,11479,287101,25008,0,0,1.584918,1.067664,1.595234,1.111830,33,23,91562,96550,50,33,-0.277427,-0.083733,0.727320,0.204108,-0.373824,-1,,,,,,,,,,,,,,,,
31.254589,figure8_0.20_круг вправо,11480,287126,24972,0,0,1.584918,1.067664,1.597534,1.113433,33,23,91595,96573,50,33,-0.273598,-0.080357,0.717972,0.204402,-0.374363,-1,,,,,,,,,,,,,,,,
31.281074,figure8_0.20_круг вправо,11481,287151,25024,0,0,1.584918,1.067664,1.594214,1.062810,33,22,91627,96596,50,34,-0.269806,-0.077079,0.707688,0.200335,-0.410943,-1,,,,,,,,,,,,,,,,
31.304853,figure8_0.20_круг вправо,11482,287176,24976,0,0,1.584918,1.067664,1.548876,1.064852,32,22,91660,96618,51,34,-0.266051,-0.073897,0.698340,0.197070,-0.374303,-1,,,,,,,,,,,,,,,,
31.330684,figure8_0.20_круг вправо,11483,287201,25024,0,0,1.584918,1.067664,1.545905,1.111119,32,23,91692,96640,51,33,-0.262197,-0.070690,0.689926,0.200335,-0.336226,-1,,,,,,,,,,,,,,,,
31.357700,figure8_0.20_круг вправо,11484,287226,24988,0,0,1.584918,1.067664,1.596511,1.112720,33,23,91725,96663,50,33,-0.258245,-0.067459,0.680577,0.204271,-0.374123,-1,,,,,,,,,,,,,,,,
31.386322,figure8_0.20_круг вправо,11485,287251,25008,0,0,1.584918,1.067664,1.595234,1.063490,33,22,91757,96685,50,34,-0.254333,-0.064325,0.670294,0.200463,-0.411206,-1,,,,,,,,,,,,,,,,
31.407123,figure8_0.20_круг вправо,11486,287276,24988,0,0,1.584918,1.067664,1.548132,1.112720,32,23,91790,96708,51,33,-0.250391,-0.061227,0.661880,0.200624,-0.336711,-1,,,,,,,,,,,,,,,,
31.431237,figure8_0.20_круг вправо,11487,287301,24992,0,0,1.584918,1.067664,1.596256,1.064170,33,22,91822,96731,51,33,-0.246421,-0.058166,0.651597,0.200591,-0.411470,-1,,,,,,,,,,,,,,,,
31.456990,figure8_0.20_круг вправо,11488,287326,25004,0,0,1.584918,1.067664,1.595490,1.112008,33,23,91855,96753,51,33,-0.242348,-0.055090,0.642248,0.204141,-0.373884,-1,,,,,,,,,,,,,,,,
31.482835,figure8_0.20_круг вправо,11489,287351,25024,0,0,1.584918,1.067664,1.545905,1.062810,32,22,91888,96775,51,33,-0.238393,-0.052160,0.632900,0.196692,-0.373585,-1,,,,,,,,,,,,,,,,
31.508057,figure8_0.20_круг вправо,11490,287376,24972,0,0,1.584918,1.067664,1.597534,1.065023,33,22,91920,96798,51,33,-0.234335,-0.049216,0.622616,0.200752,-0.411799,-1,,,,,,,,,,,,,,,,
31.534089,figure8_0.20_круг вправо,11491,287401,25048,0,0,1.584918,1.067664,1.592687,1.110054,33,23,91953,96820,51,33,-0.230175,-0.046258,0.613268,0.203782,-0.373227,-1,,,,,,,,,,,,,,,,
31.559423,figure8_0.20_круг вправо,11492,287426,24980,0,0,1.584918,1.067664,1.548628,1.113076,32,23,91986,96843,51,33,-0.226063,-0.043390,0.604854,0.200688,-0.336819,-1,,,,,,,,,,,,,,,,
31.582736,figure8_0.20_круг вправо,11493,287451,24976,0,0,1.584918,1.067664,1.548876,1.113254,32,23,92018,96866,51,33,-0.221928,-0.040557,0.596440,0.200720,-0.336873,-1,,,,,,,,,,,,,,,,
31.608583,figure8_0.20_круг вправо,11494,287476,25004,0,0,1.584918,1.067664,1.595490,1.112008,33,23,92050,96889,51,32,-0.217691,-0.037710,0.587092,0.204141,-0.373884,-1,,,,,,,,,,,,,,,,
31.634780,figure8_0.20_круг вправо,11495,287501,25000,0,0,1.584918,1.067664,1.595745,1.112186,33,23,92083,96912,51,32,-0.213428,-0.034902,0.577743,0.204173,-0.373944,-1,,,,,,,,,,,,,,,,
31.663157,figure8_0.20_круг вправо,11496,287526,25008,0,0,1.584918,1.067664,1.546894,1.063490,32,22,92116,96934,51,33,-0.209293,-0.032233,0.568394,0.196818,-0.373824,-1,,,,,,,,,,,,,,,,
31.684735,figure8_0.20_круг вправо,11497,287551,25008,0,0,1.584918,1.067664,1.595234,1.111830,33,23,92148,96957,51,32,-0.204978,-0.029506,0.559046,0.204108,-0.373824,-1,,,,,,,,,,,,,,,,
31.710353,figure8_0.20_круг вправо,11498,287576,24992,0,0,1.584918,1.067664,1.596256,1.064170,33,22,92181,96979,51,33,-0.200715,-0.026869,0.548762,0.200591,-0.411470,-1,,,,,,,,,,,,,,,,
31.736397,figure8_0.20_круг вправо,11499,287601,25032,0,0,1.584918,1.067664,1.593705,1.062470,33,22,92214,97001,51,33,-0.196424,-0.024276,0.538479,0.200271,-0.410812,-1,,,,,,,,,,,,,,,,
31.759318,figure8_0.20_круг вправо,11500,287626,24976,0,0,1.584918,1.067664,1.597278,1.113254,33,23,92247,97024,51,32,-0.192030,-0.021679,0.529130,0.204369,-0.374303,-1,,,,,,,,,,,,,,,,
31.784930,figure8_0.20_круг вправо,11501,287651,24992,0,0,1.584918,1.067664,1.547884,1.064170,32,22,92280,97046,51,33,-0.187769,-0.019214,0.519782,0.196944,-0.374063,-1,,,,,,,,,,,,,,,,
31.812547,figure8_0.20_круг вправо,11502,287676,24988,0,0,1.584918,1.067664,1.644890,1.112720,34,23,92313,97069,50,32,-0.183247,-0.016657,0.509498,0.207919,-0.411535,-1,,,,,,,,,,,,,,,,
31.835647,figure8_0.20_круг вправо,11503,287702,25056,0,0,1.584918,1.067664,1.592178,1.061452,33,22,92346,97091,51,33,-0.178858,-0.014234,0.499215,0.200079,-0.410419,-1,,,,,,,,,,,,,,,,
31.861305,figure8_0.20_круг вправо,11504,287726,25024,0,0,1.584918,1.067664,1.594214,1.111119,33,23,92379,97114,51,32,-0.174365,-0.011811,0.489866,0.203977,-0.373585,-1,,,,,,,,,,,,,,,,
31.887773,figure8_0.20_круг вправо,11505,287751,24924,0,0,1.584918,1.067664,1.552107,1.067074,32,22,92412,97136,51,33,-0.170011,-0.009516,0.480518,0.197482,-0.375084,-1,,,,,,,,,,,,,,,,
31.911412,figure8_0.20_круг вправо,11506,287776,24992,0,0,1.584918,1.067664,1.596256,1.112542,33,23,92445,97159,51,32,-0.165474,-0.007178,0.471169,0.204239,-0.374063,-1,,,,,,,,,,,,,,,,
31.939367,figure8_0.20_круг вправо,11507,287801,25000,0,0,1.584918,1.067664,1.595745,1.063830,33,22,92478,97181,51,33,-0.160995,-0.004925,0.460886,0.200527,-0.411338,-1,,,,,,,,,,,,,,,,
31.961894,figure8_0.20_круг вправо,11508,287826,25028,0,0,1.584918,1.067664,1.593960,1.062640,33,22,92510,97204,51,33,-0.156494,-0.002719,0.450602,0.200303,-0.410878,-1,,,,,,,,,,,,,,,,
31.987667,figure8_0.20_круг вправо,11509,287851,25032,0,0,1.584918,1.067664,1.545411,1.110764,32,23,92543,97226,51,32,-0.151972,-0.000554,0.442188,0.200271,-0.336119,-1,,,,,,,,,,,,,,,,
32.012953,figure8_0.20_круг вправо,11510,287876,24964,0,0,1.584918,1.067664,1.598046,1.113790,33,23,92575,97249,51,32,-0.147348,0.001608,0.432840,0.204468,-0.374483,-1,,,,,,,,,,,,,,,,
32.038792,figure8_0.20_круг вправо,11511,287901,25000,0,0,1.584918,1.067664,1.547389,1.063830,32,22,92608,97271,51,32,-0.142871,0.003652,0.423491,0.196881,-0.373944,-1,,,,,,,,,,,,,,,,
32.063569,figure8_0.20_круг вправо,11512,287926,24988,0,0,1.584918,1.067664,1.548132,1.064341,32,22,92640,97293,51,32,-0.138374,0.005654,0.414143,0.196976,-0.374123,-1,,,,,,,,,,,,,,,,
32.089037,figure8_0.20_круг вправо,11513,287951,24996,0,0,1.584918,1.067664,1.547637,1.015636,32,21,92672,97314,51,33,-0.133942,0.007575,0.403859,0.193266,-0.411404,-1,,,,,,,,,,,,,,,,
32.114421,figure8_0.20_круг вправо,11514,287976,25008,0,0,1.584918,1.067664,1.595234,1.015149,33,21,92704,97335,51,33,-0.129405,0.009484,0.392641,0.196818,-0.448589,-1,,,,,,,,,,,,,,,,
32.139865,figure8_0.20_круг вправо,11515,288001,25020,0,0,1.584918,1.067664,1.546152,1.014662,32,21,92736,97356,52,33,-0.124932,0.011309,0.382357,0.193081,-0.411009,-1,,,,,,,,,,,,,,,,
32.165114,figure8_0.20_круг вправо,11516,288026,24984,0,0,1.584918,1.067664,1.548380,1.016124,32,21,92769,97377,52,33,-0.120441,0.013088,0.372074,0.193359,-0.411601,-1,,,,,,,,,,,,,,,,
32.211482,figure8_0.20_круг вправо,11517,288051,24988,0,0,1.584918,1.067664,1.596511,1.015962,33,21,92802,97398,51,34,-0.115846,0.014852,0.360856,0.196976,-0.448948,-1,,,,,,,,,,,,,,,,
32.214682,figure8_0.20_круг вправо,11518,288076,25004,0,0,1.584918,1.067664,1.547141,1.063660,32,22,92834,97420,52,33,-0.111233,0.016568,0.351507,0.196850,-0.373884,-1,,,,,,,,,,,,,,,,
32.242755,figure8_0.20_круг вправо,11519,288101,25004,0,0,1.584918,1.067664,1.595490,1.015312,33,21,92867,97441,51,34,-0.106602,0.018237,0.340289,0.196850,-0.448660,-1,,,,,,,,,,,,,,,,
32.266091,figure8_0.20_круг вправо,11520,288126,24992,0,0,1.584918,1.067664,1.596256,1.064170,33,22,92900,97463,51,33,-0.101868,0.019886,0.330005,0.200591,-0.411470,-1,,,,,,,,,,,,,,,,
32.291340,figure8_0.20_круг вправо,11521,288151,24996,0,0,1.584918,1.067664,1.596000,1.064000,33,22,92932,97485,51,33,-0.097117,0.021486,0.319722,0.200559,-0.411404,-1,,,,,,,,,,,,,,,,
32.316530,figure8_0.20_круг вправо,11522,288176,25012,0,0,1.584918,1.067664,1.546646,1.063320,32,22,92965,97507,52,33,-0.092437,0.023011,0.310373,0.196787,-0.373764,-1,,,,,,,,,,,,,,,,
32.341736,figure8_0.20_круг вправо,11523,288201,25004,0,0,1.584918,1.067664,1.595490,1.063660,33,22,92998,97529,51,33,-0.087656,0.024518,0.300090,0.200495,-0.411272,-1,,,,,,,,,,,,,,,,
32.367697,figure8_0.20_круг вправо,11524,288226,24996,0,0,1.584918,1.067664,1.596000,1.064000,33,22,93030,97551,51,33,-0.082859,0.025975,0.289806,0.200559,-0.411404,-1,,,,,,,,,,,,,,,,
32.393234,figure8_0.20_круг вправо,11525,288251,25016,0,0,1.584918,1.067664,1.546399,1.014825,32,21,93063,97573,52,34,-0.078222,0.027332,0.279523,0.193112,-0.411075,-1,,,,,,,,,,,,,,,,
32.418970,figure8_0.20_круг вправо,11526,288276,24976,0,0,1.584918,1.067664,1.597278,1.113254,33,23,93096,97595,51,32,-0.073310,0.028717,0.270174,0.204369,-0.374303,-1,,,,,,,,,,,,,,,,
32.444314,figure8_0.20_круг вправо,11527,288301,25036,0,0,1.584918,1.067664,1.593450,1.062300,33,22,93128,97617,51,33,-0.068472,0.030030,0.259891,0.200239,-0.410746,-1,,,,,,,,,,,,,,,,
32.469477,figure8_0.20_круг вправо,11528,288326,24964,0,0,1.584918,1.067664,1.549620,1.065364,32,22,93161,97639,52,33,-0.063709,0.031273,0.250542,0.197165,-0.374483,-1,,,,,,,,,,,,,,,,
32.492666,figure8_0.20_круг вправо,11529,288351,25020,0,0,1.584918,1.067664,1.594469,1.062979,33,22,93193,97661,51,33,-0.058846,0.032491,0.240259,0.200367,-0.411009,-1,,,,,,,,,,,,,,,,
32.518602,figure8_0.20_круг вправо,11530,288376,24996,0,0,1.584918,1.067664,1.547637,1.064000,32,22,93226,97683,52,33,-0.054060,0.033640,0.230910,0.196913,-0.374003,-1,,,,,,,,,,,,,,,,
32.544630,figure8_0.20_круг вправо,11531,288401,25004,0,0,1.584918,1.067664,1.595490,1.015312,33,21,93258,97704,51,34,-0.049262,0.034739,0.219692,0.196850,-0.448660,-1,,,,,,,,,,,,,,,,
32.569355,figure8_0.20_круг вправо,11532,288425,24992,0,0,1.584918,1.067664,1.547884,1.064170,32,22,93291,97726,52,33,-0.044454,0.035789,0.210343,0.196944,-0.374063,-1,,,,,,,,,,,,,,,,
32.596201,figure8_0.20_круг вправо,11533,288451,24988,0,0,1.584918,1.067664,1.596511,1.064341,33,22,93323,97748,51,33,-0.039546,0.036811,0.200060,0.200624,-0.411535,-1,,,,,,,,,,,,,,,,
32.619422,figure8_0.20_круг вправо,11534,288476,25016,0,0,1.584918,1.067664,1.546399,1.014825,32,21,93356,97770,52,34,-0.034806,0.037747,0.189776,0.193112,-0.411075,-1,,,,,,,,,,,,,,,,
32.647616,figure8_0.20_круг вправо,11535,288501,24996,0,0,1.584918,1.067664,1.596000,1.064000,33,22,93388,97791,51,33,-0.029878,0.038667,0.179493,0.200559,-0.411404,-1,,,,,,,,,,,,,,,,
32.670754,figure8_0.20_круг вправо,11536,288526,25008,0,0,1.584918,1.067664,1.595234,1.111830,33,23,93421,97814,51,33,-0.024852,0.039555,0.170144,0.204108,-0.373824,-1,,,,,,,,,,,,,,,,
32.696796,figure8_0.20_круг вправо,11537,288551,24972,0,0,1.584918,1.067664,1.549124,1.065023,32,22,93454,97836,52,33,-0.019997,0.040366,0.160796,0.197102,-0.374363,-1,,,,,,,,,,,,,,,,
32.720446,figure8_0.20_круг вправо,11538,288576,25016,0,0,1.584918,1.067664,1.594724,1.063149,33,22,93487,97858,51,33,-0.015044,0.041143,0.150512,0.200399,-0.411075,-1,,,,,,,,,,,,,,,,
32.746318,figure8_0.20_круг вправо,11539,288601,25016,0,0,1.584918,1.067664,1.594724,1.063149,33,22,93519,97880,51,33,-0.010084,0.041869,0.140229,0.200399,-0.411075,-1,,,,,,,,,,,,,,,,
32.772413,figure8_0.20_круг вправо,11540,288626,24980,0,0,1.584918,1.067664,1.548628,1.064682,32,22,93552,97902,52,33,-0.005207,0.042534,0.130880,0.197039,-0.374243,-1,,,,,,,,,,,,,,,,
32.798452,figure8_0.20_круг вправо,11541,288651,24996,0,0,1.584918,1.067664,1.596000,1.064000,33,22,93585,97925,51,33,-0.000233,0.043163,0.120597,0.200559,-0.411404,-1,,,,,,,,,,,,,,,,
32.822271,figure8_0.20_круг вправо,11542,288676,24992,0,0,1.584918,1.067664,1.547884,1.112542,32,23,93617,97947,52,33,0.004746,0.043745,0.112183,0.200591,-0.336657,-1,,,,,,,,,,,,,,,,
32.847469,figure8_0.20_круг вправо,11543,288701,25000,0,0,1.584918,1.067664,1.595745,1.112186,33,23,93650,97970,51,33,0.009821,0.044293,0.102835,0.204173,-0.373944,-1,,,,,,,,,,,,,,,,
32.873455,figure8_0.20_круг вправо,11544,288726,25060,0,0,1.584918,1.067664,1.591924,1.061283,33,22,93682,97992,51,33,0.014810,0.044782,0.092551,0.200047,-0.410353,-1,,,,,,,,,,,,,,,,
32.897395,figure8_0.20_круг вправо,11545,288751,24952,0,0,1.584918,1.067664,1.550366,1.114325,32,23,93715,98015,52,32,0.019804,0.045224,0.084137,0.200913,-0.337197,-1,,,,,,,,,,,,,,,,
32.923729,figure8_0.20_круг вправо,11546,288776,24992,0,0,1.584918,1.067664,1.547884,1.064170,32,22,93747,98037,52,33,0.024710,0.045615,0.074789,0.196944,-0.374063,-1,,,,,,,,,,,,,,,,
32.949438,figure8_0.20_круг вправо,11547,288801,25012,0,0,1.584918,1.067664,1.546646,1.063320,32,22,93779,98059,52,33,0.029620,0.045959,0.065440,0.196787,-0.373764,-1,,,,,,,,,,,,,,,,
32.975414,figure8_0.20_круг вправо,11548,288826,25008,0,0,1.584918,1.067664,1.595234,1.015149,33,21,93812,98080,52,34,0.034533,0.046254,0.054222,0.196818,-0.448589,-1,,,,,,,,,,,,,,,,
33.000780,figure8_0.20_круг вправо,11549,288851,25008,0,0,1.584918,1.067664,1.595234,1.063490,33,22,93844,98102,52,33,0.039540,0.046500,0.043939,0.200463,-0.411206,-1,,,,,,,,,,,,,,,,
33.024006,figure8_0.20_круг вправо,11550,288876,24996,0,0,1.584918,1.067664,1.596000,1.064000,33,22,93878,98124,51,33,0.044550,0.046694,0.033655,0.200559,-0.411404,-1,,,,,,,,,,,,,,,,
33.049960,figure8_0.20_пауза,11551,288901,24992,0,0,1.584918,1.067664,1.596256,1.064170,33,22,93911,98146,51,33,0.049561,0.046837,0.023372,0.200591,-0.411470,-1,,,,,,,,,,,,,,,,
33.074840,figure8_0.20_пауза,11552,288926,25000,0,0,0.000000,0.000000,1.595745,1.015474,33,21,93944,98168,-19,-13,0.054482,0.046925,0.012153,0.196881,-0.448732,-1,,,,,,,,,,,,,,,,
33.100470,figure8_0.20_пауза,11553,288951,24996,0,0,0.000000,0.000000,1.015636,0.725455,21,15,93963,98181,-13,-11,0.057763,0.046955,0.006544,0.131275,-0.224402,-1,,,,,,,,,,,,,,,,
33.126243,figure8_0.20_пауза,11554,288975,25008,0,0,0.000000,0.000000,0.000000,0.000000,0,0,93963,98181,0,-2,0.057763,0.046955,0.006544,0.000000,0.000000,-1,,,,,,,,,,,,,,,,
33.152628,figure8_0.20_пауза,11555,289001,25004,0,0,0.000000,0.000000,-0.096696,-0.048348,-2,-1,93961,98180,1,-1,0.057490,0.046953,0.007479,-0.010936,0.037388,-1,,,,,,,,,,,,,,,,
33.178431,figure8_0.20_пауза,11556,289026,24972,0,0,0.000000,0.000000,0.048410,-0.048410,1,-1,93962,98179,0,-1,0.057490,0.046953,0.005609,0.000000,-0.074873,-1,,,,,,,,,,,,,,,,
33.202035,figure8_0.20_пауза,11557,289050,25008,0,0,0.000000,0.000000,0.000000,0.000000,0,0,93962,98179,0,-1,0.057490,0.046953,0.005609,0.000000,0.000000,-1,,,,,,,,,,,,,,,,
33.227163,figure8_0.20_пауза,11558,289076,24996,0,0,0.000000,0.000000,0.000000,0.000000,0,0,93962,98179,0,-1,0.057490,0.046953,0.005609,0.000000,0.000000,-1,,,,,,,,,,,,,,,,
33.253244,figure8_0.20_пауза,11559,289100,25020,0,0,0.000000,0.000000,0.000000,0.000000,0,0,93962,98179,0,-1,0.057490,0.046953,0.005609,0.000000,0.000000,-1,,,,,,,,,,,,,,,,
33.279481,figure8_0.20_пауза,11560,289126,24996,0,0,0.000000,0.000000,0.000000,0.000000,0,0,93962,98179,0,-1,0.057490,0.046953,0.005609,0.000000,0.000000,-1,,,,,,,,,,,,,,,,
33.302727,figure8_0.20_пауза,11561,289150,24988,0,0,0.000000,0.000000,0.000000,0.000000,0,0,93962,98179,0,-1,0.057490,0.046953,0.005609,0.000000,0.000000,-1,,,,,,,,,,,,,,,,
33.327969,figure8_0.20_пауза,11562,289176,24992,0,0,0.000000,0.000000,0.000000,0.000000,0,0,93962,98179,0,-1,0.057490,0.046953,0.005609,0.000000,0.000000,-1,,,,,,,,,,,,,,,,
33.353155,figure8_0.20_пауза,11563,289201,25000,0,0,0.000000,0.000000,0.000000,0.000000,0,0,93962,98179,0,-1,0.057490,0.046953,0.005609,0.000000,0.000000,-1,,,,,,,,,,,,,,,,
33.379052,figure8_0.20_пауза,11564,289225,25024,0,0,0.000000,0.000000,0.000000,0.000000,0,0,93962,98179,0,-1,0.057490,0.046953,0.005609,0.000000,0.000000,-1,,,,,,,,,,,,,,,,
33.402810,figure8_0.20_пауза,11565,289251,24988,0,0,0.000000,0.000000,0.000000,0.000000,0,0,93962,98179,0,-1,0.057490,0.046953,0.005609,0.000000,0.000000,-1,,,,,,,,,,,,,,,,
33.428679,figure8_0.20_пауза,11566,289275,25008,0,0,0.000000,0.000000,0.000000,0.000000,0,0,93962,98179,0,-1,0.057490,0.046953,0.005609,0.000000,0.000000,-1,,,,,,,,,,,,,,,,
33.454540,figure8_0.20_пауза,11567,289301,24980,0,0,0.000000,0.000000,0.000000,0.000000,0,0,93962,98179,0,-1,0.057490,0.046953,0.005609,0.000000,0.000000,-1,,,,,,,,,,,,,,,,
33.480226,figure8_0.20_пауза,11568,289326,25008,0,0,0.000000,0.000000,0.000000,0.000000,0,0,93962,98179,0,-1,0.057490,0.046953,0.005609,0.000000,0.000000,-1,,,,,,,,,,,,,,,,
33.503937,figure8_0.20_пауза,11569,289350,25004,0,0,0.000000,0.000000,0.000000,0.000000,0,0,93962,98179,0,-1,0.057490,0.046953,0.005609,0.000000,0.000000,-1,,,,,,,,,,,,,,,,
33.529710,figure8_0.20_пауза,11570,289376,25012,0,0,0.000000,0.000000,0.000000,0.000000,0,0,93962,98179,0,-1,0.057490,0.046953,0.005609,0.000000,0.000000,-1,,,,,,,,,,,,,,,,
33.554954,figure8_0.20_пауза,11571,289400,24988,0,0,0.000000,0.000000,0.000000,0.000000,0,0,93962,98179,0,-1,0.057490,0.046953,0.005609,0.000000,0.000000,-1,,,,,,,,,,,,,,,,
33.580024,figure8_0.20_пауза,11572,289426,25008,0,0,0.000000,0.000000,0.000000,0.000000,0,0,93962,98179,0,-1,0.057490,0.046953,0.005609,0.000000,0.000000,-1,,,,,,,,,,,,,,,,
33.605842,figure8_0.20_пауза,11573,289451,25012,0,0,0.000000,0.000000,0.000000,0.000000,0,0,93962,98179,0,-1,0.057490,0.046953,0.005609,0.000000,0.000000,-1,,,,,,,,,,,,,,,,
33.631412,figure8_0.20_пауза,11574,289475,24972,0,0,0.000000,0.000000,0.000000,0.000000,0,0,93962,98179,0,-1,0.057490,0.046953,0.005609,0.000000,0.000000,-1,,,,,,,,,,,,,,,,
