host_time_s,phase,seq,mcu_time_ms,dt_us,mode,flags,left_setpoint_rps,right_setpoint_rps,left_wheel_rps,right_wheel_rps,left_encoder_delta,right_encoder_delta,left_encoder_total,right_encoder_total,left_pwm,right_pwm,odom_x_m,odom_y_m,odom_heading_rad,current_linear_mps,current_angular_rps,sonar_distance_cm,left_setpoint_dbg,left_measured_dbg,left_error,left_p,left_i,left_ff,left_pid_out,left_out,right_setpoint_dbg,right_measured_dbg,right_error,right_p,right_i,right_ff,right_pid_out,right_out
0.821226,rectangle_0.15_сторона 1,19316,483025,25016,0,0,0.000000,0.000000,0.000000,0.000000,0,0,120233,137130,0,0,-0.008268,0.095387,-0.296358,0.000000,0.000000,-1,,,,,,,,,,,,,,,,
0.821226,rectangle_0.15_сторона 1,19317,483051,25000,0,0,0.000000,0.000000,0.000000,0.000000,0,0,120233,137130,0,0,0.000000,0.000000,0.000000,0.000000,0.000000,-1,,,,,,,,,,,,,,,,
0.821226,rectangle_0.15_сторона 1,19318,483076,24996,0,0,0.000000,0.000000,0.000000,0.000000,0,0,120233,137130,0,0,0.000000,0.000000,0.000000,0.000000,0.000000,-1,,,,,,,,,,,,,,,,
0.821226,rectangle_0.15_сторона 1,19319,483100,24976,0,0,0.000000,0.000000,0.000000,0.000000,0,0,120233,137130,0,0,0.000000,0.000000,0.000000,0.000000,0.000000,-1,,,,,,,,,,,,,,,,
0.821226,rectangle_0.15_сторона 1,19320,483126,25028,0,0,0.000000,0.000000,0.000000,0.000000,0,0,120233,137130,0,0,0.000000,0.000000,0.000000,0.000000,0.000000,-1,,,,,,,,,,,,,,,,
0.821226,rectangle_0.15_сторона 1,19321,483150,24976,0,0,0.000000,0.000000,0.000000,0.000000,0,0,120233,137130,0,0,0.000000,0.000000,0.000000,0.000000,0.000000,-1,,,,,,,,,,,,,,,,
0.821226,rectangle_0.15_сторона 1,19322,483176,25028,0,0,0.000000,0.000000,0.000000,0.000000,0,0,120233,137130,0,0,0.000000,0.000000,0.000000,0.000000,0.000000,-1,,,,,,,,,,,,,,,,
0.821226,rectangle_0.15_сторона 1,19323,483201,24976,0,0,0.000000,0.000000,0.000000,0.000000,0,0,120233,137130,0,0,0.000000,0.000000,0.000000,0.000000,0.000000,-1,,,,,,,,,,,,,,,,
0.821226,rectangle_0.15_сторона 1,19324,483225,25004,0,0,0.000000,0.000000,0.000000,0.000000,0,0,120233,137130,0,0,0.000000,0.000000,0.000000,0.000000,0.000000,-1,,,,,,,,,,,,,,,,
0.821226,rectangle_0.15_сторона 1,19325,483251,25008,0,0,0.000000,0.000000,0.000000,0.000000,0,0,120233,137130,0,0,0.000000,0.000000,0.000000,0.000000,0.000000,-1,,,,,,,,,,,,,,,,
0.821226,rectangle_0.15_сторона 1,19326,483275,24992,0,0,0.000000,0.000000,0.000000,0.000000,0,0,120233,137130,0,0,0.000000,0.000000,0.000000,0.000000,0.000000,-1,,,,,,,,,,,,,,,,
0.821226,rectangle_0.15_сторона 1,19327,483301,24988,0,0,0.000000,0.000000,0.000000,0.000000,0,0,120233,137130,0,0,0.000000,0.000000,0.000000,0.000000,0.000000,-1,,,,,,,,,,,,,,,,
0.835138,rectangle_0.15_сторона 1,19328,483325,25008,0,0,0.000000,0.000000,0.000000,0.000000,0,0,120233,137130,0,0,0.000000,0.000000,0.000000,0.000000,0.000000,-1,,,,,,,,,,,,,,,,
0.855835,rectangle_0.15_сторона 1,19329,483351,24992,0,0,0.994718,0.994718,0.000000,0.000000,0,0,120233,137130,48,45,0.000000,0.000000,0.000000,0.000000,0.000000,-1,,,,,,,,,,,,,,,,
0.888110,rectangle_0.15_сторона 1,19330,483376,25000,0,0,0.994718,0.994718,0.290135,0.290135,6,6,120240,137136,45,43,0.001094,0.000000,0.000000,0.043751,0.000000,-1,,,,,,,,,,,,,,,,
0.905850,rectangle_0.15_сторона 1,19331,483401,25028,0,0,0.994718,0.994718,0.579622,0.483018,12,10,120251,137146,42,41,0.003099,-0.000002,-0.001870,0.080121,-0.074705,-1,,,,,,,,,,,,,,,,
0.931174,rectangle_0.15_сторона 1,19332,483426,24996,0,0,0.994718,0.994718,0.532000,0.483636,11,10,120263,137157,44,42,0.005013,-0.000006,-0.002805,0.076577,-0.037400,-1,,,,,,,,,,,,,,,,
0.956511,rectangle_0.15_сторона 1,19333,483451,24988,0,0,0.994718,0.994718,0.822445,0.870824,17,18,120280,137175,40,37,0.008203,-0.000014,-0.001870,0.127670,0.037412,-1,,,,,,,,,,,,,,,,
0.981870,rectangle_0.15_сторона 1,19334,483476,24996,0,0,0.994718,0.994718,1.064000,0.918909,22,19,120302,137194,37,37,0.011940,-0.000026,-0.004674,0.149508,-0.112201,-1,,,,,,,,,,,,,,,,
1.007619,rectangle_0.15_сторона 1,19335,483501,25020,0,0,0.994718,0.994718,0.966345,0.918028,20,19,120322,137213,38,37,0.015495,-0.000044,-0.005609,0.142078,-0.037364,-1,,,,,,,,,,,,,,,,
1.033679,rectangle_0.15_сторона 1,19336,483526,24972,0,0,0.994718,0.994718,0.871382,0.968202,18,20,120340,137233,40,36,0.018959,-0.000060,-0.003739,0.138701,0.074873,-1,,,,,,,,,,,,,,,,
1.059231,rectangle_0.15_сторона 1,19337,483551,25020,0,0,0.994718,0.994718,1.014662,1.062979,21,22,120361,137255,38,35,0.022878,-0.000073,-0.002805,0.156651,0.037364,-1,,,,,,,,,,,,,,,,
1.084715,rectangle_0.15_сторона 1,19338,483576,24988,0,0,0.994718,0.994718,1.064341,0.967583,22,20,120383,137275,37,36,0.026706,-0.000088,-0.004674,0.153203,-0.074825,-1,,,,,,,,,,,,,,,,
1.108694,rectangle_0.15_сторона 1,19339,483601,24996,0,0,0.994718,0.994718,1.015636,1.015636,21,21,120404,137296,38,36,0.030535,-0.000106,-0.004674,0.153154,0.000000,-1,,,,,,,,,,,,,,,,
1.135473,rectangle_0.15_сторона 1,19340,483625,25012,0,0,0.994718,0.994718,0.918321,1.063320,19,22,120423,137318,39,35,0.034272,-0.000118,-0.001870,0.149412,0.112129,-1,,,,,,,,,,,,,,,,
1.159250,rectangle_0.15_сторона 1,19341,483651,24984,0,0,0.994718,0.994718,1.064511,1.064511,22,22,120445,137340,37,35,0.038282,-0.000125,-0.001870,0.160525,0.000000,-1,,,,,,,,,,,,,,,,
1.185345,rectangle_0.15_сторона 1,19342,483676,25020,0,0,0.994718,0.994718,1.111297,0.966345,23,20,120468,137360,36,36,0.042202,-0.000138,-0.004674,0.156651,-0.112093,-1,,,,,,,,,,,,,,,,
1.209162,rectangle_0.15_сторона 1,19343,483701,25000,0,0,0.994718,0.994718,0.918762,1.063830,19,22,120488,137382,39,35,0.045939,-0.000150,-0.001870,0.149484,0.112183,-1,,,,,,,,,,,,,,,,
1.234693,rectangle_0.15_сторона 1,19344,483726,25000,0,0,0.994718,0.994718,0.967118,1.015474,20,21,120508,137404,38,35,0.049676,-0.000156,-0.000935,0.149484,0.037394,-1,,,,,,,,,,,,,,,,
1.261150,rectangle_0.15_сторона 1,19345,483751,25004,0,0,0.994718,0.994718,1.063660,1.063660,22,22,120529,137425,37,35,0.053686,-0.000159,-0.000935,0.160396,0.000000,-1,,,,,,,,,,,,,,,,
1.287108,rectangle_0.15_сторона 1,19346,483776,24980,0,0,0.994718,0.994718,1.064682,0.967892,22,20,120551,137445,37,36,0.057515,-0.000166,-0.002805,0.153252,-0.074849,-1,,,,,,,,,,,,,,,,
1.312834,rectangle_0.15_сторона 1,19347,483801,25020,0,0,0.994718,0.994718,0.966345,1.062979,20,22,120571,137467,38,35,0.061343,-0.000174,-0.000935,0.153007,0.074729,-1,,,,,,,,,,,,,,,,
1.335807,rectangle_0.15_сторона 1,19348,483826,25000,0,0,0.994718,0.994718,0.967118,1.063830,20,22,120591,137489,38,34,0.065171,-0.000174,0.000935,0.153130,0.074789,-1,,,,,,,,,,,,,,,,
1.361411,rectangle_0.15_сторона 1,19349,483851,24992,0,0,0.994718,0.994718,1.064170,1.015799,22,21,120614,137510,37,35,0.069090,-0.000172,-0.000000,0.156826,-0.037406,-1,,,,,,,,,,,,,,,,
1.386850,rectangle_0.15_сторона 1,19350,483876,25008,0,0,0.994718,0.994718,1.063490,0.966809,22,20,120635,137530,37,36,0.072919,-0.000175,-0.001870,0.153081,-0.074765,-1,,,,,,,,,,,,,,,,
1.412315,rectangle_0.15_сторона 1,19351,483901,24976,0,0,0.994718,0.994718,0.919645,1.016450,19,21,120654,137551,39,35,0.076565,-0.000179,-0.000000,0.145978,0.074861,-1,,,,,,,,,,,,,,,,
1.437649,rectangle_0.15_сторона 1,19352,483926,25048,0,0,0.994718,0.994718,0.965265,1.061791,20,22,120674,137573,38,34,0.080393,-0.000175,0.001870,0.152836,0.074645,-1,,,,,,,,,,,,,,,,
1.462789,rectangle_0.15_сторона 1,19353,483951,24952,0,0,0.994718,0.994718,1.114325,0.968979,23,20,120697,137593,36,35,0.084312,-0.000173,-0.000935,0.157077,-0.112399,-1,,,,,,,,,,,,,,,,
1.488371,rectangle_0.15_сторона 1,19354,483976,25008,0,0,0.994718,0.994718,0.966809,0.966809,20,20,120717,137613,38,36,0.087958,-0.000177,-0.000935,0.145791,0.000000,-1,,,,,,,,,,,,,,,,
1.513414,rectangle_0.15_сторона 1,19355,484001,24992,0,0,0.994718,0.994718,0.919056,1.015799,19,21,120736,137634,39,35,0.091604,-0.000177,0.000935,0.145885,0.074813,-1,,,,,,,,,,,,,,,,
1.538466,rectangle_0.15_сторона 1,19356,484026,25044,0,0,0.994718,0.994718,1.061961,1.013690,22,21,120758,137655,37,35,0.095524,-0.000175,0.000000,0.156500,-0.037329,-1,,,,,,,,,,,,,,,,
1.564308,rectangle_0.15_сторона 1,19357,484051,24964,0,0,0.994718,0.994718,1.065364,0.968513,22,20,120780,137675,37,36,0.099352,-0.000179,-0.001870,0.153351,-0.074897,-1,,,,,,,,,,,,,,,,
1.589717,rectangle_0.15_сторона 1,19358,484076,25020,0,0,0.994718,0.994718,0.966345,1.014662,20,21,120800,137696,38,35,0.103089,-0.000184,-0.000935,0.149364,0.037364,-1,,,,,,,,,,,,,,,,
1.615041,rectangle_0.15_сторона 1,19359,484101,24996,0,0,0.994718,0.994718,0.967273,1.015636,20,21,120820,137717,38,35,0.106826,-0.000186,0.000000,0.149508,0.037400,-1,,,,,,,,,,,,,,,,
1.640263,rectangle_0.15_сторона 1,19360,484126,24976,0,0,0.994718,0.994718,1.016450,1.016450,21,21,120842,137738,37,35,0.110654,-0.000186,0.000000,0.153277,0.000000,-1,,,,,,,,,,,,,,,,
1.666337,rectangle_0.15_сторона 1,19361,484151,25024,0,0,0.994718,0.994718,1.111119,0.966191,23,20,120864,137758,36,35,0.114574,-0.000191,-0.002805,0.156625,-0.112075,-1,,,,,,,,,,,,,,,,
1.689438,rectangle_0.15_сторона 1,19362,484176,24984,0,0,0.994718,0.994718,0.870964,0.967737,18,20,120882,137778,39,36,0.118037,-0.000197,-0.000935,0.138635,0.074837,-1,,,,,,,,,,,,,,,,
1.715886,rectangle_0.15_сторона 1,19363,484201,25016,0,0,0.994718,0.994718,0.966500,1.063149,20,22,120902,137800,38,34,0.121866,-0.000197,0.000935,0.153032,0.074741,-1,,,,,,,,,,,,,,,,
1.741871,rectangle_0.15_сторона 1,19364,484226,24980,0,0,0.994718,0.994718,1.113076,1.016287,23,21,120925,137821,36,35,0.125876,-0.000197,-0.000935,0.160550,-0.074848,-1,,,,,,,,,,,,,,,,
1.767343,rectangle_0.15_сторона 1,19365,484251,25036,0,0,0.994718,0.994718,1.014014,1.014014,21,21,120946,137842,37,35,0.129704,-0.000201,-0.000935,0.152910,0.000000,-1,,,,,,,,,,,,,,,,
1.792753,rectangle_0.15_сторона 1,19366,484276,24972,0,0,0.994718,0.994718,0.919792,1.016613,19,21,120964,137863,39,35,0.133350,-0.000201,0.000935,0.146002,0.074873,-1,,,,,,,,,,,,,,,,
1.818357,rectangle_0.15_сторона 1,19367,484301,24988,0,0,0.994718,0.994718,0.967583,1.064341,20,22,120985,137885,38,34,0.137179,-0.000194,0.002805,0.153203,0.074825,-1,,,,,,,,,,,,,,,,
1.843442,rectangle_0.15_сторона 1,19368,484326,25004,0,0,0.994718,0.994718,1.112008,1.063660,23,22,121008,137907,36,34,0.141280,-0.000184,0.001870,0.164041,-0.037388,-1,,,,,,,,,,,,,,,,
1.868374,rectangle_0.15_сторона 1,19369,484350,25000,0,0,0.994718,0.994718,0.967118,0.967118,20,20,121028,137927,38,35,0.144926,-0.000177,0.001870,0.145838,0.000000,-1,,,,,,,,,,,,,,,,
1.893390,rectangle_0.15_сторона 1,19370,484376,25000,0,0,0.994718,0.994718,0.918762,1.015474,19,21,121047,137949,39,34,0.148572,-0.000167,0.003739,0.145838,0.074789,-1,,,,,,,,,,,,,,,,
1.918450,rectangle_0.15_сторона 1,19371,484401,25012,0,0,0.994718,0.994718,1.063320,1.063320,22,22,121069,137970,37,34,0.152583,-0.000152,0.003739,0.160345,0.000000,-1,,,,,,,,,,,,,,,,
1.943565,rectangle_0.15_сторона 1,19372,484426,24988,0,0,0.994718,0.994718,1.112720,1.015962,23,21,121092,137991,36,34,0.156593,-0.000141,0.001870,0.160499,-0.074825,-1,,,,,,,,,,,,,,,,
1.968445,rectangle_0.15_сторона 1,19373,484451,25000,0,0,0.994718,0.994718,0.918762,1.015474,19,21,121111,138012,38,34,0.160239,-0.000131,0.003739,0.145838,0.074789,-1,,,,,,,,,,,,,,,,
1.993835,rectangle_0.15_сторона 1,19374,484476,25004,0,0,0.994718,0.994718,0.918615,1.063660,19,22,121130,138034,38,33,0.163976,-0.000112,0.006544,0.149460,0.112165,-1,,,,,,,,,,,,,,,,
2.018386,rectangle_0.15_сторона 1,19375,484501,25016,0,0,0.994718,0.994718,1.063149,1.063149,22,22,121152,138056,36,33,0.167987,-0.000085,0.006544,0.160319,0.000000,-1,,,,,,,,,,,,,,,,
2.044549,rectangle_0.15_сторона 1,19376,484526,24992,0,0,0.994718,0.994718,1.112542,1.064170,23,22,121175,138078,36,33,0.172088,-0.000060,0.005609,0.164120,-0.037406,-1,,,,,,,,,,,,,,,,
2.071072,rectangle_0.15_сторона 1,19377,484551,24996,0,0,0.994718,0.994718,0.918909,1.015636,19,21,121194,138099,38,34,0.175734,-0.000037,0.007479,0.145861,0.074801,-1,,,,,,,,,,,,,,,,
2.094369,rectangle_0.15_сторона 1,19378,484576,25012,0,0,0.994718,0.994718,0.918321,1.063320,19,22,121213,138121,38,33,0.179471,-0.000003,0.010283,0.149412,0.112129,-1,,,,,,,,,,,,,,,,
2.120627,rectangle_0.15_сторона 1,19379,484601,24996,0,0,0.994718,0.994718,1.064000,1.064000,22,22,121235,138143,36,33,0.183481,0.000038,0.010283,0.160447,0.000000,-1,,,,,,,,,,,,,,,,
2.146672,rectangle_0.15_сторона 1,19380,484626,25000,0,0,0.994718,0.994718,1.063830,1.015474,22,21,121257,138164,36,33,0.187401,0.000076,0.009349,0.156776,-0.037394,-1,,,,,,,,,,,,,,,,
2.172591,rectangle_0.15_сторона 1,19381,484651,25008,0,0,0.994718,0.994718,0.918468,1.015149,19,21,121276,138185,38,33,0.191046,0.000114,0.011218,0.145791,0.074765,-1,,,,,,,,,,,,,,,,
2.196112,rectangle_0.15_сторона 1,19382,484676,25000,0,0,0.994718,0.994718,0.918762,1.063830,19,22,121296,138207,38,33,0.194783,0.000161,0.014023,0.149484,0.112183,-1,,,,,,,,,,,,,,,,
2.221871,rectangle_0.15_сторона 1,19383,484701,24972,0,0,0.994718,0.994718,1.161843,1.065023,24,22,121319,138229,35,32,0.198976,0.000216,0.012153,0.167902,-0.074873,-1,,,,,,,,,,,,,,,,
2.248174,rectangle_0.15_сторона 1,19384,484726,25020,0,0,0.994718,0.994718,0.966345,0.966345,20,20,121339,138249,38,34,0.202621,0.000260,0.012153,0.145721,0.000000,-1,,,,,,,,,,,,,,,,
2.271277,rectangle_0.15_сторона 1,19385,484751,24980,0,0,0.994718,0.994718,0.871103,1.016287,18,21,121357,138271,39,33,0.206176,0.000308,0.014958,0.142306,0.112273,-1,,,,,,,,,,,,,,,,
2.297572,rectangle_0.15_сторона 1,19386,484776,25008,0,0,0.994718,0.994718,0.966809,1.111830,20,23,121377,138293,38,32,0.210095,0.000372,0.017762,0.156726,0.112147,-1,,,,,,,,,,,,,,,,
2.321464,rectangle_0.15_сторона 1,19387,484801,24996,0,0,0.994718,0.994718,1.112364,1.015636,23,21,121400,138314,36,33,0.214105,0.000440,0.015893,0.160447,-0.074801,-1,,,,,,,,,,,,,,,,
2.347928,rectangle_0.15_сторона 1,19388,484826,25000,0,0,0.994718,0.994718,1.015474,1.015474,21,21,121421,138335,37,33,0.217932,0.000501,0.015893,0.153130,0.000000,-1,,,,,,,,,,,,,,,,
2.373252,rectangle_0.15_сторона 1,19389,484851,25012,0,0,0.994718,0.994718,0.869989,1.014987,18,21,121439,138356,39,33,0.221487,0.000562,0.018697,0.142124,0.112129,-1,,,,,,,,,,,,,,,,
2.400480,rectangle_0.15_сторона 1,19390,484876,24984,0,0,0.994718,0.994718,0.967737,1.064511,20,22,121460,138378,38,32,0.225314,0.000637,0.020567,0.153228,0.074837,-1,,,,,,,,,,,,,,,,
2.425314,rectangle_0.15_сторона 1,19391,484901,25012,0,0,0.994718,0.994718,1.159985,1.063320,24,22,121483,138399,35,32,0.229506,0.000720,0.018697,0.167633,-0.074753,-1,,,,,,,,,,,,,,,,
2.450240,rectangle_0.15_сторона 1,19392,484926,25000,0,0,0.994718,0.994718,0.967118,0.918762,20,19,121502,138419,38,34,0.233060,0.000785,0.017762,0.142192,-0.037394,-1,,,,,,,,,,,,,,,,
2.475425,rectangle_0.15_сторона 1,19393,484951,24996,0,0,0.994718,0.994718,0.870546,1.015636,18,21,121521,138440,39,33,0.236615,0.000853,0.020567,0.142215,0.112201,-1,,,,,,,,,,,,,,,,
2.498397,rectangle_0.15_сторона 1,19394,484976,25020,0,0,0.994718,0.994718,1.062979,1.062979,22,22,121543,138462,36,32,0.240624,0.000935,0.020567,0.160294,0.000000,-1,,,,,,,,,,,,,,,,
2.523585,rectangle_0.15_сторона 1,19395,485001,24984,0,0,0.994718,0.994718,1.112898,1.016124,23,21,121566,138483,36,32,0.244634,0.001014,0.018697,0.160525,-0.074837,-1,,,,,,,,,,,,,,,,
2.549232,rectangle_0.15_сторона 1,19396,485026,25052,0,0,0.994718,0.994718,0.820344,0.965111,17,20,121583,138503,40,33,0.248006,0.001082,0.021502,0.134620,0.111950,-1,,,,,,,,,,,,,,,,
2.575121,rectangle_0.15_сторона 1,19397,485051,24968,0,0,0.994718,0.994718,0.968358,1.016775,20,21,121603,138524,38,32,0.251742,0.001164,0.022437,0.149676,0.037442,-1,,,,,,,,,,,,,,,,
2.600594,rectangle_0.15_сторона 1,19398,485075,24980,0,0,0.994718,0.994718,1.113076,1.016287,23,21,121626,138545,36,32,0.255752,0.001250,0.020567,0.160550,-0.074848,-1,,,,,,,,,,,,,,,,
2.625747,rectangle_0.15_сторона 1,19399,485101,24996,0,0,0.994718,0.994718,1.015636,0.918909,21,19,121647,138564,37,34,0.259397,0.001322,0.018697,0.145861,-0.074801,-1,,,,,,,,,,,,,,,,
2.651887,rectangle_0.15_сторона 1,19400,485126,25016,0,0,0.994718,0.994718,0.821525,0.918175,17,19,121664,138583,40,34,0.262678,0.001386,0.020567,0.131170,0.074741,-1,,,,,,,,,,,,,,,,
2.680388,rectangle_0.15_сторона 1,19401,485151,24984,0,0,0.994718,0.994718,0.967737,0.967737,20,20,121684,138603,38,33,0.266323,0.001461,0.020567,0.145931,0.000000,-1,,,,,,,,,,,,,,,,
2.703445,rectangle_0.15_сторона 1,19402,485176,24992,0,0,0.994718,0.994718,1.064170,1.015799,22,21,121706,138623,37,33,0.270241,0.001540,0.019632,0.156826,-0.037406,-1,,,,,,,,,,,,,,,,
2.726622,rectangle_0.15_сторона 1,19403,485201,25004,0,0,0.994718,0.994718,0.966963,0.918615,20,19,121726,138642,38,34,0.273796,0.001608,0.018697,0.142169,-0.037388,-1,,,,,,,,,,,,,,,,
2.752474,rectangle_0.15_сторона 1,19404,485226,25004,0,0,0.994718,0.994718,0.821919,0.870267,17,18,121743,138661,40,35,0.276985,0.001669,0.019632,0.127588,0.037388,-1,,,,,,,,,,,,,,,,
2.778461,rectangle_0.15_сторона 1,19405,485251,25012,0,0,0.994718,0.994718,0.966654,0.966654,20,20,121763,138682,38,34,0.280630,0.001741,0.019632,0.145768,0.000000,-1,,,,,,,,,,,,,,,,
2.804615,rectangle_0.15_сторона 1,19406,485276,24980,0,0,0.994718,0.994718,1.064682,1.016287,22,21,121785,138702,37,33,0.284549,0.001816,0.018697,0.156901,-0.037424,-1,,,,,,,,,,,,,,,,
2.827525,rectangle_0.15_сторона 1,19407,485301,25020,0,0,0.994718,0.994718,0.966345,0.918028,20,19,121805,138721,38,34,0.288103,0.001880,0.017762,0.142078,-0.037364,-1,,,,,,,,,,,,,,,,
2.854797,rectangle_0.15_сторона 1,19408,485326,25000,0,0,0.994718,0.994718,0.822050,0.967118,17,20,121822,138741,40,34,0.291475,0.001945,0.020567,0.134900,0.112183,-1,,,,,,,,,,,,,,,,
2.878185,rectangle_0.15_сторона 1,19409,485351,24988,0,0,0.994718,0.994718,0.967583,1.015962,20,21,121842,138762,39,33,0.295211,0.002024,0.021502,0.149556,0.037412,-1,,,,,,,,,,,,,,,,
2.903635,rectangle_0.15_сторона 1,19410,485376,25000,0,0,0.994718,0.994718,1.112186,0.967118,23,20,121865,138782,37,34,0.299130,0.002102,0.018697,0.156776,-0.112183,-1,,,,,,,,,,,,,,,,
2.930111,rectangle_0.15_сторона 1,19411,485401,25004,0,0,0.994718,0.994718,0.918615,0.918615,19,19,121884,138801,39,35,0.302593,0.002167,0.018697,0.138524,0.000000,-1,,,,,,,,,,,,,,,,
2.953833,rectangle_0.15_сторона 1,19412,485426,24988,0,0,0.994718,0.994718,0.870824,0.967583,18,20,121902,138821,40,34,0.306056,0.002235,0.020567,0.138613,0.074825,-1,,,,,,,,,,,,,,,,
2.980507,rectangle_0.15_сторона 1,19413,485451,25024,0,0,0.994718,0.994718,1.014500,1.014500,21,21,121923,138842,38,33,0.309884,0.002314,0.020567,0.152983,0.000000,-1,,,,,,,,,,,,,,,,
3.006297,rectangle_0.15_сторона 1,19414,485476,24988,0,0,0.994718,0.994718,1.112720,1.015962,23,21,121946,138863,37,33,0.313893,0.002393,0.018697,0.160499,-0.074825,-1,,,,,,,,,,,,,,,,
3.029321,rectangle_0.15_сторона 1,19415,485500,25000,0,0,0.994718,0.994718,0.918762,0.967118,19,20,121964,138883,39,34,0.317447,0.002461,0.019632,0.142192,0.037394,-1,,,,,,,,,,,,,,,,
3.056927,rectangle_0.15_сторона 1,19416,485526,25020,0,0,0.994718,0.994718,0.821393,0.918028,17,19,121982,138902,41,35,0.320728,0.002528,0.021502,0.131149,0.074729,-1,,,,,,,,,,,,,,,,
3.082735,rectangle_0.15_сторона 1,19417,485551,24992,0,0,0.994718,0.994718,1.112542,1.015799,23,21,122005,138924,37,34,0.324738,0.002611,0.019632,0.160473,-0.074813,-1,,,,,,,,,,,,,,,,
3.106820,rectangle_0.15_сторона 1,19418,485576,24996,0,0,0.994718,0.994718,1.112364,1.064000,23,22,122028,138945,37,33,0.328839,0.002689,0.018697,0.164094,-0.037400,-1,,,,,,,,,,,,,,,,
3.132461,rectangle_0.15_сторона 1,19419,485601,25020,0,0,0.994718,0.994718,0.869711,0.966345,18,20,122046,138965,40,34,0.332302,0.002757,0.020567,0.138435,0.074729,-1,,,,,,,,,,,,,,,,
3.156029,rectangle_0.15_сторона 1,19420,485626,24984,0,0,0.994718,0.994718,0.919351,0.967737,19,20,122065,138985,40,34,0.335856,0.002832,0.021502,0.142283,0.037418,-1,,,,,,,,,,,,,,,,
3.182364,rectangle_0.15_сторона 1,19421,485651,24980,0,0,0.994718,0.994718,1.113076,1.064682,23,22,122089,139007,37,33,0.339957,0.002918,0.020567,0.164199,-0.037424,-1,,,,,,,,,,,,,,,,
3.206946,rectangle_0.15_сторона 1,19422,485676,25008,0,0,0.994718,0.994718,1.160170,1.015149,24,21,122112,139028,36,33,0.344057,0.002997,0.017762,0.164015,-0.112147,-1,,,,,,,,,,,,,,,,
3.232791,rectangle_0.15_сторона 1,19423,485701,24996,0,0,0.994718,0.994718,0.822182,0.918909,17,19,122129,139047,41,35,0.347338,0.003058,0.019632,0.131275,0.074801,-1,,,,,,,,,,,,,,,,
3.258487,rectangle_0.15_сторона 1,19424,485726,24992,0,0,0.994718,0.994718,0.967428,0.967428,20,20,122150,139067,39,34,0.350984,0.003130,0.019632,0.145885,0.000000,-1,,,,,,,,,,,,,,,,
3.284798,rectangle_0.15_сторона 1,19425,485751,25028,0,0,0.994718,0.994718,1.207545,1.062640,25,22,122174,139090,35,33,0.355267,0.003208,0.016827,0.171168,-0.112057,-1,,,,,,,,,,,,,,,,
3.311321,rectangle_0.15_сторона 1,19426,485776,24996,0,0,0.994718,0.994718,0.967273,1.064000,20,22,122194,139111,38,33,0.359094,0.003276,0.018697,0.153154,0.074801,-1,,,,,,,,,,,,,,,,
3.334630,rectangle_0.15_сторона 1,19427,485800,25004,0,0,0.994718,0.994718,0.821919,0.966963,17,20,122211,139131,41,34,0.362466,0.003344,0.021502,0.134879,0.112165,-1,,,,,,,,,,,,,,,,
3.358013,rectangle_0.15_сторона 1,19428,485826,24984,0,0,0.994718,0.994718,1.064511,1.064511,22,22,122234,139153,37,33,0.366476,0.003430,0.021502,0.160525,0.000000,-1,,,,,,,,,,,,,,,,
3.384348,rectangle_0.15_сторона 1,19429,485851,24992,0,0,0.994718,0.994718,1.160913,1.064170,24,22,122258,139175,36,32,0.370668,0.003516,0.019632,0.167767,-0.074813,-1,,,,,,,,,,,,,,,,
3.412965,rectangle_0.15_сторона 1,19430,485876,25000,0,0,0.994718,0.994718,0.967118,0.967118,20,20,122277,139195,38,34,0.374313,0.003588,0.019632,0.145838,0.000000,-1,,,,,,,,,,,,,,,,
3.438288,rectangle_0.15_сторона 1,19431,485901,25032,0,0,0.994718,0.994718,0.917588,0.965882,19,20,122296,139215,39,34,0.377867,0.003659,0.020567,0.142010,0.037347,-1,,,,,,,,,,,,,,,,
3.460946,rectangle_0.15_сторона 1,19432,485926,24972,0,0,0.994718,0.994718,1.113433,1.065023,23,22,122319,139237,36,32,0.381968,0.003742,0.019632,0.164252,-0.037436,-1,,,,,,,,,,,,,,,,
3.487938,rectangle_0.15_сторона 1,19433,485951,25008,0,0,0.994718,0.994718,1.063490,1.063490,22,22,122341,139259,37,32,0.385978,0.003820,0.019632,0.160370,0.000000,-1,,,,,,,,,,,,,,,,
3.511582,rectangle_0.15_сторона 1,19434,485976,25012,0,0,0.994718,0.994718,0.869989,0.966654,18,20,122359,139279,40,34,0.389441,0.003892,0.021502,0.138480,0.074753,-1,,,,,,,,,,,,,,,,
3.535562,rectangle_0.15_сторона 1,19435,486001,24980,0,0,0.994718,0.994718,0.967892,0.967892,20,20,122380,139299,38,34,0.393086,0.003970,0.021502,0.145955,0.000000,-1,,,,,,,,,,,,,,,,
3.561375,rectangle_0.15_сторона 1,19436,486026,25016,0,0,0.994718,0.994718,1.208124,1.111474,25,23,122404,139322,35,32,0.397460,0.004060,0.019632,0.174894,-0.074741,-1,,,,,,,,,,,,,,,,
3.587249,rectangle_0.15_сторона 1,19437,486051,25000,0,0,0.994718,0.994718,1.015474,1.063830,21,22,122425,139344,37,32,0.401379,0.004139,0.020567,0.156776,0.037394,-1,,,,,,,,,,,,,,,,
3.613877,rectangle_0.15_сторона 1,19438,486076,24980,0,0,0.994718,0.994718,0.871103,0.919498,18,19,122442,139363,39,34,0.404750,0.004210,0.021502,0.135008,0.037424,-1,,,,,,,,,,,,,,,,
3.637037,rectangle_0.15_сторона 1,19439,486100,25020,0,0,0.994718,0.994718,1.014662,1.014662,21,21,122464,139384,38,33,0.408578,0.004292,0.021502,0.153007,0.000000,-1,,,,,,,,,,,,,,,,
3.663890,rectangle_0.15_сторона 1,19440,486126,25000,0,0,0.994718,0.994718,1.160542,1.112186,24,23,122488,139407,35,31,0.412861,0.004382,0.020567,0.171360,-0.037394,-1,,,,,,,,,,,,,,,,
3.689582,rectangle_0.15_сторона 1,19441,486151,24976,0,0,0.994718,0.994718,0.968047,1.016450,20,21,122508,139428,38,32,0.416597,0.004461,0.021502,0.149628,0.037430,-1,,,,,,,,,,,,,,,,
3.715488,rectangle_0.15_сторона 1,19442,486176,25036,0,0,0.994718,0.994718,0.820868,0.917441,17,19,122525,139446,40,34,0.419878,0.004534,0.023371,0.131065,0.074681,-1,,,,,,,,,,,,,,,,
3.748414,rectangle_0.15_сторона 1,19443,486201,24964,0,0,0.994718,0.994718,1.113790,0.968513,23,20,122548,139467,36,33,0.423796,0.004620,0.020567,0.157002,-0.112345,-1,,,,,,,,,,,,,,,,
3.768284,rectangle_0.15_сторона 1,19444,486226,25024,0,0,0.994718,0.994718,1.159429,1.111119,24,23,122572,139490,35,31,0.428079,0.004707,0.019632,0.171195,-0.037359,-1,,,,,,,,,,,,,,,,
3.794384,rectangle_0.15_сторона 1,19445,486251,24976,0,0,0.994718,0.994718,0.822840,0.919645,17,19,122589,139509,40,34,0.431360,0.004774,0.021502,0.131380,0.074861,-1,,,,,,,,,,,,,,,,
3.814829,rectangle_0.15_сторона 1,19446,486276,25020,0,0,0.994718,0.994718,0.918028,0.966345,19,20,122608,139529,39,33,0.434914,0.004852,0.022437,0.142078,0.037364,-1,,,,,,,,,,,,,,,,
3.845501,rectangle_0.15_сторона 1,19447,486301,24980,0,0,0.994718,0.994718,1.161471,1.064682,24,22,122632,139551,35,32,0.439106,0.004942,0.020567,0.167848,-0.074849,-1,,,,,,,,,,,,,,,,
3.866588,rectangle_0.15_сторона 1,19448,486326,25004,0,0,0.994718,0.994718,1.063660,1.063660,22,22,122654,139573,36,32,0.443115,0.005025,0.020567,0.160396,0.000000,-1,,,,,,,,,,,,,,,,
3.890319,rectangle_0.15_сторона 1,19449,486351,25000,0,0,0.994718,0.994718,0.773694,0.967118,16,20,122670,139593,41,33,0.446396,0.005098,0.024306,0.131254,0.149577,-1,,,,,,,,,,,,,,,,
3.916008,rectangle_0.15_сторона 1,19450,486376,24996,0,0,0.994718,0.994718,0.967273,0.967273,20,20,122690,139614,38,33,0.450041,0.005187,0.024306,0.145861,0.000000,-1,,,,,,,,,,,,,,,,
3.941344,rectangle_0.15_сторона 1,19451,486401,25032,0,0,0.994718,0.994718,1.159058,1.110764,24,23,122714,139636,35,31,0.454323,0.005289,0.023371,0.171141,-0.037347,-1,,,,,,,,,,,,,,,,
3.967331,rectangle_0.15_сторона 1,19452,486426,24980,0,0,0.994718,0.994718,0.919498,0.967892,19,20,122733,139656,39,33,0.457877,0.005374,0.024306,0.142306,0.037424,-1,,,,,,,,,,,,,,,,
3.990643,rectangle_0.15_сторона 1,19453,486451,24992,0,0,0.994718,0.994718,0.773942,0.919056,16,19,122749,139675,41,34,0.461066,0.005456,0.027111,0.127649,0.112219,-1,,,,,,,,,,,,,,,,
4.017124,rectangle_0.15_сторона 1,19454,486476,25120,0,0,0.994718,0.994718,1.010623,1.010623,21,21,122770,139696,38,32,0.464893,0.005560,0.027111,0.152398,0.000000,-1,,,,,,,,,,,,,,,,
4.043343,rectangle_0.15_сторона 1,19455,486501,24892,0,0,0.994718,0.994718,1.117011,1.019880,23,21,122793,139717,36,32,0.468902,0.005665,0.025241,0.161118,-0.075113,-1,,,,,,,,,,,,,,,,
4.068485,rectangle_0.15_сторона 1,19456,486525,25004,0,0,0.994718,0.994718,0.918615,0.918615,19,19,122812,139736,39,34,0.472365,0.005752,0.025241,0.138524,0.000000,-1,,,,,,,,,,,,,,,,
4.091964,rectangle_0.15_сторона 1,19457,486551,25004,0,0,0.994718,0.994718,0.821919,0.966963,17,20,122829,139756,41,33,0.475736,0.005842,0.028046,0.134879,0.112165,-1,,,,,,,,,,,,,,,,
4.118437,rectangle_0.15_сторона 1,19458,486576,25008,0,0,0.994718,0.994718,0.966809,1.015149,20,21,122849,139777,39,33,0.479472,0.005948,0.028981,0.149436,0.037382,-1,,,,,,,,,,,,,,,,
4.143955,rectangle_0.15_сторона 1,19459,486601,25004,0,0,0.994718,0.994718,1.112008,0.966963,23,20,122872,139797,37,33,0.483390,0.006056,0.026176,0.156751,-0.112165,-1,,,,,,,,,,,,,,,,
4.167814,rectangle_0.15_пауза,19460,486626,24980,0,0,0.994718,0.994718,0.919498,0.919498,19,19,122890,139816,39,34,0.486852,0.006147,0.026176,0.138657,0.000000,-1,,,,,,,,,,,,,,,,
4.193260,rectangle_0.15_пауза,19461,486650,25008,0,0,0.000000,0.000000,0.773447,0.966809,16,20,122907,139836,-5,-11,0.490132,0.006239,0.029916,0.131212,0.149530,-1,,,,,,,,,,,,,,,,
4.221003,rectangle_0.15_пауза,19462,486676,24976,0,0,0.000000,0.000000,0.580828,0.726036,12,15,122918,139850,-4,-9,0.492592,0.006316,0.032720,0.098535,0.112291,-1,,,,,,,,,,,,,,,,
4.246281,rectangle_0.15_пауза,19463,486701,25008,0,0,0.000000,0.000000,0.145021,0.193362,3,4,122922,139854,0,-3,0.493230,0.006337,0.033655,0.025513,0.037382,-1,,,,,,,,,,,,,,,,
4.269328,rectangle_0.15_пауза,19464,486726,25020,0,0,0.000000,0.000000,0.096634,0.000000,2,0,122923,139854,1,0,0.493412,0.006343,0.031785,0.007286,-0.074729,-1,,,,,,,,,,,,,,,,
4.295587,rectangle_0.15_пауза,19465,486751,24976,0,0,0.000000,0.000000,0.096805,0.000000,2,0,122925,139854,0,0,0.493594,0.006349,0.029916,0.007299,-0.074861,-1,,,,,,,,,,,,,,,,
4.319251,rectangle_0.15_пауза,19466,486775,25008,0,0,0.000000,0.000000,0.000000,0.000000,0,0,122925,139854,2,0,0.493594,0.006349,0.029916,0.000000,0.000000,-1,,,,,,,,,,,,,,,,
4.349637,rectangle_0.15_пауза,19467,486801,25000,0,0,0.000000,0.000000,0.000000,0.000000,0,0,122925,139854,2,0,0.493594,0.006349,0.029916,0.000000,0.000000,-1,,,,,,,,,,,,,,,,
4.370744,rectangle_0.15_пауза,19468,486825,24992,0,0,0.000000,0.000000,0.000000,0.000000,0,0,122925,139854,2,0,0.493594,0.006349,0.029916,0.000000,0.000000,-1,,,,,,,,,,,,,,,,
4.397264,rectangle_0.15_пауза,19469,486851,25016,0,0,0.000000,0.000000,0.000000,0.000000,0,0,122925,139854,2,0,0.493594,0.006349,0.029916,0.000000,0.000000,-1,,,,,,,,,,,,,,,,
4.421465,rectangle_0.15_пауза,19470,486876,24984,0,0,0.000000,0.000000,0.000000,0.000000,0,0,122925,139854,2,0,0.493594,0.006349,0.029916,0.000000,0.000000,-1,,,,,,,,,,,,,,,,
4.447437,rectangle_0.15_пауза,19471,486900,25012,0,0,0.000000,0.000000,0.000000,0.000000,0,0,122925,139854,2,0,0.493594,0.006349,0.029916,0.000000,0.000000,-1,,,,,,,,,,,,,,,,
4.472745,rectangle_0.15_пауза,19472,486926,24984,0,0,0.000000,0.000000,0.000000,0.000000,0,0,122925,139854,2,0,0.493594,0.006349,0.029916,0.000000,0.000000,-1,,,,,,,,,,,,,,,,
4.496347,rectangle_0.15_пауза,19473,486950,25024,0,0,0.000000,0.000000,0.000000,0.000000,0,0,122925,139854,2,0,0.493594,0.006349,0.029916,0.000000,0.000000,-1,,,,,,,,,,,,,,,,
4.523844,rectangle_0.15_пауза,19474,486976,24992,0,0,0.000000,0.000000,0.000000,0.000000,0,0,122925,139854,2,0,0.493594,0.006349,0.029916,0.000000,0.000000,-1,,,,,,,,,,,,,,,,
4.546672,rectangle_0.15_пауза,19475,487001,24996,0,0,0.000000,0.000000,0.000000,0.000000,0,0,122925,139854,2,0,0.493594,0.006349,0.029916,0.000000,0.000000,-1,,,,,,,,,,,,,,,,
4.574050,rectangle_0.15_пауза,19476,487025,25008,0,0,0.000000,0.000000,0.000000,0.000000,0,0,122925,139854,2,0,0.493594,0.006349,0.029916,0.000000,0.000000,-1,,,,,,,,,,,,,,,,
4.599614,rectangle_0.15_пауза,19477,487051,25004,0,0,0.000000,0.000000,0.000000,0.000000,0,0,122925,139854,2,0,0.493594,0.006349,0.029916,0.000000,0.000000,-1,,,,,,,,,,,,,,,,
4.622565,rectangle_0.15_пауза,19478,487075,24988,0,0,0.000000,0.000000,0.000000,0.000000,0,0,122925,139854,2,0,0.493594,0.006349,0.029916,0.000000,0.000000,-1,,,,,,,,,,,,,,,,
4.651065,rectangle_0.15_пауза,19479,487101,25000,0,0,0.000000,0.000000,0.000000,0.000000,0,0,122925,139854,2,0,0.493594,0.006349,0.029916,0.000000,0.000000,-1,,,,,,,,,,,,,,,,
4.679150,rectangle_0.15_пауза,19480,487126,25012,0,0,0.000000,0.000000,0.000000,0.000000,0,0,122925,139854,2,0,0.493594,0.006349,0.029916,0.000000,0.000000,-1,,,,,,,,,,,,,,,,
4.699208,rectangle_0.15_пауза,19481,487150,24976,0,0,0.000000,0.000000,0.000000,0.000000,0,0,122925,139854,2,0,0.493594,0.006349,0.029916,0.000000,0.000000,-1,,,,,,,,,,,,,,,,
4.725013,rectangle_0.15_пауза,19482,487176,25016,0,0,0.000000,0.000000,0.000000,0.000000,0,0,122925,139854,2,0,0.493594,0.006349,0.029916,0.000000,0.000000,-1,,,,,,,,,,,,,,,,
4.748830,rectangle_0.15_пауза,19483,487200,24988,0,0,0.000000,0.000000,0.000000,0.000000,0,0,122925,139854,2,0,0.493594,0.006349,0.029916,0.000000,0.000000,-1,,,,,,,,,,,,,,,,
4.776112,rectangle_0.15_поворот 1,19484,487226,25032,0,0,0.000000,0.000000,0.000000,0.000000,0,0,122925,139854,2,0,0.493594,0.006349,0.029916,0.000000,0.000000,-1,,,,,,,,,,,,,,,,
4.799314,rectangle_0.15_поворот 1,19485,487250,24988,0,0,-0.387940,0.387940,0.000000,0.000000,0,0,122925,139854,-22,21,0.493594,0.006349,0.029916,0.000000,0.000000,-1,,,,,,,,,,,,,,,,
4.826958,rectangle_0.15_поворот 1,19486,487276,24992,0,0,-0.387940,0.387940,-0.145114,0.193486,-3,4,122921,139859,-20,19,0.493685,0.006352,0.036460,0.003647,0.261844,-1,,,,,,,,,,,,,,,,
4.851809,rectangle_0.15_поворот 1,19487,487301,25008,0,0,-0.387940,0.387940,-0.290043,0.338383,-6,7,122915,139866,-19,17,0.493776,0.006356,0.048613,0.003645,0.485971,-1,,,,,,,,,,,,,,,,
4.877236,rectangle_0.15_поворот 1,19488,487326,24980,0,0,-0.387940,0.387940,-0.241973,0.145184,-5,3,122911,139868,-20,20,0.493594,0.006346,0.056092,-0.007298,0.299394,-1,,,,,,,,,,,,,,,,
4.902487,rectangle_0.15_поворот 1,19489,487351,25000,0,0,-0.387940,0.387940,0.000000,0.048356,0,1,122911,139869,-23,22,0.493685,0.006351,0.057026,0.003646,0.037394,-1,,,,,,,,,,,,,,,,
4.927528,rectangle_0.15_поворот 1,19490,487375,25000,0,0,-0.387940,0.387940,0.000000,0.048356,0,1,122911,139870,-24,23,0.493776,0.006357,0.057961,0.003646,0.037394,-1,,,,,,,,,,,,,,,,
4.952956,rectangle_0.15_поворот 1,19491,487401,25016,0,0,-0.387940,0.387940,0.000000,0.000000,0,0,122911,139870,-25,24,0.493776,0.006357,0.057961,0.000000,0.000000,-1,,,,,,,,,,,,,,,,
4.978372,rectangle_0.15_поворот 1,19492,487426,25008,0,0,-0.387940,0.387940,0.000000,0.000000,0,0,122911,139870,-26,25,0.493776,0.006357,0.057961,0.000000,0.000000,-1,,,,,,,,,,,,,,,,
5.004223,rectangle_0.15_поворот 1,19493,487451,25004,0,0,-0.387940,0.387940,0.000000,0.000000,0,0,122911,139870,-27,26,0.493776,0.006357,0.057961,0.000000,0.000000,-1,,,,,,,,,,,,,,,,
5.030134,rectangle_0.15_поворот 1,19494,487476,24972,0,0,-0.387940,0.387940,-0.048410,0.048410,-1,1,122910,139871,-27,26,0.493776,0.006357,0.059831,0.000000,0.074873,-1,,,,,,,,,,,,,,,,
5.053403,rectangle_0.15_поворот 1,19495,487501,25028,0,0,-0.387940,0.387940,-0.048302,0.000000,-1,0,122909,139871,-27,27,0.493685,0.006351,0.060766,-0.003642,0.037353,-1,,,,,,,,,,,,,,,,
5.079312,rectangle_0.15_поворот 1,19496,487526,24992,0,0,-0.387940,0.387940,-0.096743,0.000000,-2,0,122907,139871,-27,28,0.493503,0.006340,0.062636,-0.007294,0.074813,-1,,,,,,,,,,,,,,,,
5.103719,rectangle_0.15_поворот 1,19497,487550,24976,0,0,-0.387940,0.387940,-0.048402,0.000000,-1,0,122906,139871,-29,29,0.493412,0.006334,0.063570,-0.003649,0.037430,-1,,,,,,,,,,,,,,,,
5.129501,rectangle_0.15_поворот 1,19498,487576,25004,0,0,-0.387940,0.387940,0.000000,0.000000,0,0,122906,139871,-30,29,0.493412,0.006334,0.063570,0.000000,0.000000,-1,,,,,,,,,,,,,,,,
5.154864,rectangle_0.15_поворот 1,19499,487601,25008,0,0,-0.387940,0.387940,-0.048340,0.048340,-1,1,122905,139872,-30,30,0.493412,0.006334,0.065440,0.000000,0.074765,-1,,,,,,,,,,,,,,,,
5.181241,rectangle_0.15_поворот 1,19500,487625,24988,0,0,-0.387940,0.387940,0.000000,0.000000,0,0,122905,139872,-31,31,0.493412,0.006334,0.065440,0.000000,0.000000,-1,,,,,,,,,,,,,,,,
5.204537,rectangle_0.15_поворот 1,19501,487651,25020,0,0,-0.387940,0.387940,0.000000,0.048317,0,1,122905,139873,-32,31,0.493503,0.006340,0.066375,0.003643,0.037364,-1,,,,,,,,,,,,,,,,
5.230866,rectangle_0.15_поворот 1,19502,487675,24992,0,0,-0.387940,0.387940,-0.048371,0.048371,-1,1,122904,139874,-32,32,0.493503,0.006340,0.068245,0.000000,0.074813,-1,,,,,,,,,,,,,,,,
5.257507,rectangle_0.15_поворот 1,19503,487701,25012,0,0,-0.387940,0.387940,0.000000,0.048333,0,1,122904,139875,-34,32,0.493594,0.006346,0.069180,0.003644,0.037376,-1,,,,,,,,,,,,,,,,
5.280970,rectangle_0.15_поворот 1,19504,487726,24980,0,0,-0.387940,0.387940,0.000000,0.096789,0,2,122904,139877,-34,32,0.493776,0.006359,0.071049,0.007298,0.074849,-1,,,,,,,,,,,,,,,,
5.306771,rectangle_0.15_поворот 1,19505,487751,25028,0,0,-0.387940,0.387940,0.000000,0.096604,0,2,122904,139879,-35,33,0.493958,0.006372,0.072919,0.007284,0.074705,-1,,,,,,,,,,,,,,,,
5.332017,rectangle_0.15_поворот 1,19506,487776,24980,0,0,-0.387940,0.387940,0.000000,0.145184,0,3,122904,139882,-36,33,0.494231,0.006393,0.075724,0.010947,0.112273,-1,,,,,,,,,,,,,,,,
5.357537,rectangle_0.15_поворот 1,19507,487801,25000,0,0,-0.387940,0.387940,0.000000,0.193424,0,4,122904,139886,-37,32,0.494594,0.006421,0.079463,0.014584,0.149577,-1,,,,,,,,,,,,,,,,
5.382601,rectangle_0.15_поворот 1,19508,487826,25008,0,0,-0.387940,0.387940,0.000000,0.193362,0,4,122904,139890,-37,33,0.494958,0.006451,0.083202,0.014579,0.149530,-1,,,,,,,,,,,,,,,,
5.407594,rectangle_0.15_поворот 1,19509,487851,24996,0,0,-0.387940,0.387940,0.000000,0.241818,0,5,122904,139895,-38,33,0.495412,0.006489,0.087877,0.018233,0.187002,-1,,,,,,,,,,,,,,,,
5.432780,rectangle_0.15_поворот 1,19510,487876,25012,0,0,-0.387940,0.387940,0.000000,0.289996,0,6,122904,139901,-39,32,0.495956,0.006539,0.093486,0.021865,0.224258,-1,,,,,,,,,,,,,,,,
5.458250,rectangle_0.15_поворот 1,19511,487901,24980,0,0,-0.387940,0.387940,0.000000,0.290368,0,6,122904,139908,-40,32,0.496501,0.006592,0.099095,0.021893,0.224546,-1,,,,,,,,,,,,,,,,
5.483840,rectangle_0.15_поворот 1,19512,487926,25024,0,0,-0.387940,0.387940,-0.048310,0.338167,-1,7,122903,139915,-40,32,0.497045,0.006648,0.106574,0.021855,0.298868,-1,,,,,,,,,,,,,,,,
5.509426,rectangle_0.15_поворот 1,19513,487951,24976,0,0,-0.387940,0.387940,-0.096805,0.387219,-2,8,122901,139922,-40,31,0.497588,0.006708,0.115923,0.021897,0.374303,-1,,,,,,,,,,,,,,,,
5.534412,rectangle_0.15_поворот 1,19514,487975,24996,0,0,-0.387940,0.387940,-0.145091,0.386909,-3,8,122898,139930,-40,31,0.498040,0.006763,0.126206,0.018233,0.411404,-1,,,,,,,,,,,,,,,,
5.641016,rectangle_0.15_поворот 1,19515,488001,25008,0,0,-0.387940,0.387940,-0.096681,0.338383,-2,7,122896,139938,-41,32,0.498492,0.006823,0.134620,0.018224,0.336441,-1,,,,,,,,,,,,,,,,
5.641016,rectangle_0.15_поворот 1,19516,488026,24988,0,0,-0.387940,0.387940,-0.193517,0.338654,-4,7,122892,139944,-40,32,0.498763,0.006861,0.144903,0.010943,0.411535,-1,,,,,,,,,,,,,,,,
5.641016,rectangle_0.15_поворот 1,19517,488051,25020,0,0,-0.387940,0.387940,-0.241586,0.289903,-5,6,122887,139950,-40,33,0.498853,0.006874,0.155187,0.003643,0.411009,-1,,,,,,,,,,,,,,,,
5.641016,rectangle_0.15_поворот 1,19518,488076,25000,0,0,-0.387940,0.387940,-0.241780,0.241780,-5,5,122882,139956,-40,34,0.498853,0.006874,0.164535,0.000000,0.373944,-1,,,,,,,,,,,,,,,,
5.662189,rectangle_0.15_поворот 1,19519,488101,25012,0,0,-0.387940,0.387940,-0.193331,0.289996,-4,6,122878,139961,-41,33,0.499033,0.006905,0.173884,0.007288,0.373764,-1,,,,,,,,,,,,,,,,
5.685403,rectangle_0.15_поворот 1,19520,488126,24984,0,0,-0.387940,0.387940,-0.290321,0.290321,-6,6,122872,139968,-40,33,0.499033,0.006905,0.185102,0.000000,0.449020,-1,,,,,,,,,,,,,,,,
5.711445,rectangle_0.15_поворот 1,19521,488151,25012,0,0,-0.387940,0.387940,-0.289996,0.338329,-6,7,122866,139975,-40,33,0.499122,0.006922,0.197255,0.003644,0.485893,-1,,,,,,,,,,,,,,,,
5.736381,rectangle_0.15_поворот 1,19522,488176,24992,0,0,-0.387940,0.387940,-0.290228,0.386971,-6,8,122860,139983,-40,32,0.499301,0.006959,0.210343,0.007294,0.523689,-1,,,,,,,,,,,,,,,,
5.762110,rectangle_0.15_поворот 1,19523,488201,24984,0,0,-0.387940,0.387940,-0.387095,0.435482,-8,9,122852,139991,-39,32,0.499390,0.006979,0.226236,0.003648,0.636111,-1,,,,,,,,,,,,,,,,
5.787648,rectangle_0.15_поворот 1,19524,488226,24996,0,0,-0.387940,0.387940,-0.386909,0.435273,-8,9,122844,140001,-39,32,0.499479,0.007000,0.242128,0.003647,0.635806,-1,,,,,,,,,,,,,,,,
5.813606,rectangle_0.15_поворот 1,19525,488251,25004,0,0,-0.387940,0.387940,-0.338437,0.531830,-7,11,122837,140012,-40,30,0.499832,0.007091,0.258956,0.014581,0.672991,-1,,,,,,,,,,,,,,,,
5.837212,rectangle_0.15_поворот 1,19526,488275,25008,0,0,-0.387940,0.387940,-0.338383,0.531745,-7,11,122829,140023,-40,30,0.500184,0.007187,0.275783,0.014579,0.672883,-1,,,,,,,,,,,,,,,,
5.862496,rectangle_0.15_поворот 1,19527,488301,24996,0,0,-0.387940,0.387940,-0.435273,0.435273,-9,9,122820,140032,-39,31,0.500184,0.007187,0.292611,0.000000,0.673206,-1,,,,,,,,,,,,,,,,
5.888277,rectangle_0.15_поворот 1,19528,488326,25016,0,0,-0.387940,0.387940,-0.434925,0.434925,-9,9,122812,140041,-38,31,0.500184,0.007187,0.309438,0.000000,0.672668,-1,,,,,,,,,,,,,,,,
5.913471,rectangle_0.15_поворот 1,19529,488351,24976,0,0,-0.387940,0.387940,-0.290414,0.435621,-6,9,122805,140050,-41,31,0.500443,0.007272,0.323461,0.010948,0.561454,-1,,,,,,,,,,,,,,,,
5.938701,rectangle_0.15_поворот 1,19530,488376,25000,0,0,-0.387940,0.387940,-0.386847,0.435203,-8,9,122797,140058,-39,31,0.500530,0.007302,0.339354,0.003646,0.635704,-1,,,,,,,,,,,,,,,,
5.963396,rectangle_0.15_поворот 1,19531,488401,25016,0,0,-0.387940,0.387940,-0.386600,0.434925,-8,9,122790,140067,-39,30,0.500615,0.007333,0.355246,0.003644,0.635297,-1,,,,,,,,,,,,,,,,
5.989271,rectangle_0.15_поворот 1,19532,488426,24992,0,0,-0.387940,0.387940,-0.386971,0.386971,-8,8,122782,140076,-39,31,0.500615,0.007333,0.370204,0.000000,0.598501,-1,,,,,,,,,,,,,,,,
6.014587,rectangle_0.15_поворот 1,19533,488451,25016,0,0,-0.387940,0.387940,-0.386600,0.483250,-8,10,122773,140085,-39,30,0.500785,0.007400,0.387032,0.007287,0.672668,-1,,,,,,,,,,,,,,,,
6.042128,rectangle_0.15_поворот 1,19534,488476,24996,0,0,-0.387940,0.387940,-0.386909,0.483636,-8,10,122765,140096,-39,29,0.500953,0.007470,0.403859,0.007293,0.673206,-1,,,,,,,,,,,,,,,,
6.064943,rectangle_0.15_поворот 1,19535,488501,24992,0,0,-0.387940,0.387940,-0.386971,0.483714,-8,10,122757,140105,-39,29,0.501120,0.007543,0.420687,0.007294,0.673314,-1,,,,,,,,,,,,,,,,
6.097440,rectangle_0.15_поворот 1,19536,488526,25020,0,0,-0.387940,0.387940,-0.483173,0.386538,-10,8,122748,140114,-38,31,0.500954,0.007468,0.437514,-0.007286,0.672560,-1,,,,,,,,,,,,,,,,
6.120506,rectangle_0.15_поворот 1,19537,488551,24984,0,0,-0.387940,0.387940,-0.387095,0.387095,-8,8,122740,140122,-39,31,0.500954,0.007468,0.452472,0.000000,0.598693,-1,,,,,,,,,,,,,,,,
6.166538,rectangle_0.15_поворот 1,19538,488576,25000,0,0,-0.387940,0.387940,-0.338491,0.435203,-7,9,122732,140130,-40,30,0.501118,0.007549,0.467429,0.007292,0.598310,-1,,,,,,,,,,,,,,,,
6.166538,rectangle_0.15_поворот 1,19539,488601,25004,0,0,-0.387940,0.387940,-0.338437,0.386785,-7,8,122725,140139,-40,30,0.501199,0.007590,0.481452,0.003645,0.560826,-1,,,,,,,,,,,,,,,,
6.190172,rectangle_0.15_поворот 1,19540,488626,25000,0,0,-0.387940,0.387940,-0.386847,0.386847,-8,8,122718,140147,-39,30,0.501199,0.007590,0.496410,0.000000,0.598310,-1,,,,,,,,,,,,,,,,
6.216260,rectangle_0.15_поворот 1,19541,488651,25000,0,0,-0.387940,0.387940,-0.386847,0.386847,-8,8,122710,140155,-39,30,0.501199,0.007590,0.511368,0.000000,0.598310,-1,,,,,,,,,,,,,,,,
6.241842,rectangle_0.15_поворот 1,19542,488676,25000,0,0,-0.387940,0.387940,-0.338491,0.435203,-7,9,122702,140163,-40,30,0.501357,0.007681,0.526326,0.007292,0.598310,-1,,,,,,,,,,,,,,,,
6.267015,rectangle_0.15_поворот 1,19543,488700,24988,0,0,-0.387940,0.387940,-0.435412,0.435412,-9,9,122694,140172,-39,30,0.501357,0.007681,0.543153,0.000000,0.673422,-1,,,,,,,,,,,,,,,,
6.292959,rectangle_0.15_поворот 1,19544,488726,24996,0,0,-0.387940,0.387940,-0.386909,0.386909,-8,8,122686,140180,-39,30,0.501357,0.007681,0.558111,0.000000,0.598405,-1,,,,,,,,,,,,,,,,
6.318752,rectangle_0.15_поворот 1,19545,488751,25020,0,0,-0.387940,0.387940,-0.386538,0.434855,-8,9,122678,140189,-39,30,0.501434,0.007729,0.574003,0.003643,0.635196,-1,,,,,,,,,,,,,,,,
6.344584,rectangle_0.15_поворот 1,19546,488776,24988,0,0,-0.387940,0.387940,-0.435412,0.387033,-9,8,122668,140198,-39,30,0.501358,0.007679,0.589896,-0.003648,0.636009,-1,,,,,,,,,,,,,,,,
6.367749,rectangle_0.15_поворот 1,19547,488801,24988,0,0,-0.387940,0.387940,-0.483791,0.387033,-10,8,122659,140205,-38,30,0.501207,0.007577,0.606723,-0.007295,0.673422,-1,,,,,,,,,,,,,,,,
6.397938,rectangle_0.15_поворот 1,19548,488826,25016,0,0,-0.387940,0.387940,-0.386600,0.386600,-8,8,122650,140213,-39,30,0.501207,0.007577,0.621681,0.000000,0.597927,-1,,,,,,,,,,,,,,,,
6.419137,rectangle_0.15_поворот 1,19549,488851,24984,0,0,-0.387940,0.387940,-0.435482,0.435482,-9,9,122642,140222,-38,29,0.501207,0.007577,0.638509,0.000000,0.673529,-1,,,,,,,,,,,,,,,,
6.442903,rectangle_0.15_поворот 1,19550,488876,25024,0,0,-0.387940,0.387940,-0.386476,0.386476,-8,8,122634,140230,-39,30,0.501207,0.007577,0.653466,0.000000,0.597736,-1,,,,,,,,,,,,,,,,
6.468427,rectangle_0.15_поворот 1,19551,488901,24980,0,0,-0.387940,0.387940,-0.435552,0.387157,-9,8,122625,140238,-38,30,0.501135,0.007521,0.669359,-0.003649,0.636213,-1,,,,,,,,,,,,,,,,
6.493973,rectangle_0.15_поворот 1,19552,488926,25016,0,0,-0.387940,0.387940,-0.434925,0.386600,-9,8,122616,140247,-38,30,0.501064,0.007464,0.685252,-0.003644,0.635297,-1,,,,,,,,,,,,,,,,
6.520040,rectangle_0.15_поворот 1,19553,488951,25004,0,0,-0.387940,0.387940,-0.435134,0.435134,-9,9,122607,140255,-38,29,0.501064,0.007464,0.702079,0.000000,0.672991,-1,,,,,,,,,,,,,,,,
6.545632,rectangle_0.15_поворот 1,19554,488976,24984,0,0,-0.387940,0.387940,-0.387095,0.387095,-8,8,122598,140264,-39,30,0.501064,0.007464,0.717037,0.000000,0.598693,-1,,,,,,,,,,,,,,,,
6.569647,rectangle_0.15_поворот 1,19555,489000,25008,0,0,-0.387940,0.387940,-0.531745,0.386723,-11,8,122588,140272,-36,30,0.500860,0.007282,0.734799,-0.010934,0.710265,-1,,,,,,,,,,,,,,,,
6.595512,rectangle_0.15_поворот 1,19556,489026,25008,0,0,-0.387940,0.387940,-0.435064,0.338383,-9,7,122578,140279,-38,31,0.500725,0.007159,0.749757,-0.007290,0.598118,-1,,,,,,,,,,,,,,,,
6.620981,rectangle_0.15_поворот 1,19557,489051,24988,0,0,-0.387940,0.387940,-0.387033,0.435412,-8,9,122571,140287,-38,29,0.500791,0.007221,0.765649,0.003648,0.636009,-1,,,,,,,,,,,,,,,,
6.647607,rectangle_0.15_поворот 1,19558,489076,24992,0,0,-0.387940,0.387940,-0.435342,0.386971,-9,8,122562,140295,-38,30,0.500726,0.007158,0.781542,-0.003647,0.635907,-1,,,,,,,,,,,,,,,,
6.675196,rectangle_0.15_поворот 1,19559,489101,24996,0,0,-0.387940,0.387940,-0.386909,0.435273,-8,9,122553,140304,-38,29,0.500790,0.007222,0.797435,0.003647,0.635806,-1,,,,,,,,,,,,,,,,
6.702563,rectangle_0.15_поворот 1,19560,489126,25028,0,0,-0.387940,0.387940,-0.434716,0.434716,-9,9,122544,140313,-37,29,0.500790,0.007222,0.814262,0.000000,0.672345,-1,,,,,,,,,,,,,,,,
6.722515,rectangle_0.15_поворот 1,19561,489151,24976,0,0,-0.387940,0.387940,-0.435621,0.484024,-9,10,122536,140324,-37,28,0.500852,0.007289,0.832025,0.003649,0.711175,-1,,,,,,,,,,,,,,,,
6.747390,rectangle_0.15_поворот 1,19562,489176,24996,0,0,-0.387940,0.387940,-0.386909,0.532000,-8,11,122527,140335,-38,27,0.501035,0.007493,0.849787,0.010940,0.710606,-1,,,,,,,,,,,,,,,,
6.774720,rectangle_0.15_поворот 1,19563,489201,25024,0,0,-0.387940,0.387940,-0.531405,0.434786,-11,9,122517,140344,-36,29,0.500916,0.007355,0.868484,-0.007285,0.747170,-1,,,,,,,,,,,,,,,,
6.799976,rectangle_0.15_поворот 1,19564,489226,24988,0,0,-0.387940,0.387940,-0.532170,0.387033,-11,8,122506,140351,-36,29,0.500741,0.007145,0.886246,-0.010943,0.710834,-1,,,,,,,,,,,,,,,,
6.828273,rectangle_0.15_поворот 1,19565,489251,25008,0,0,-0.387940,0.387940,-0.483404,0.338383,-10,7,122495,140359,-36,30,0.500570,0.006932,0.902139,-0.010934,0.635501,-1,,,,,,,,,,,,,,,,
6.848400,rectangle_0.15_поворот 1,19566,489276,24980,0,0,-0.387940,0.387940,-0.483946,0.435552,-10,9,122485,140367,-36,29,0.500514,0.006860,0.919901,-0.003649,0.711062,-1,,,,,,,,,,,,,,,,
6.876265,rectangle_0.15_поворот 1,19567,489300,25020,0,0,-0.387940,0.387940,-0.483173,0.386538,-10,8,122475,140375,-36,29,0.500405,0.006714,0.936729,-0.007286,0.672560,-1,,,,,,,,,,,,,,,,
6.900433,rectangle_0.15_поворот 1,19568,489326,25000,0,0,-0.387940,0.387940,-0.483559,0.435203,-10,9,122466,140384,-35,29,0.500351,0.006640,0.954491,-0.003646,0.710493,-1,,,,,,,,,,,,,,,,
6.928393,rectangle_0.15_поворот 1,19569,489351,25008,0,0,-0.387940,0.387940,-0.483404,0.483404,-10,10,122456,140395,-35,28,0.500351,0.006640,0.973188,0.000000,0.747648,-1,,,,,,,,,,,,,,,,
6.951273,rectangle_0.15_поворот 1,19570,489376,25000,0,0,-0.387940,0.387940,-0.483559,0.580271,-10,12,122446,140406,-35,26,0.500452,0.006791,0.993755,0.007292,0.822676,-1,,,,,,,,,,,,,,,,
6.974611,rectangle_0.15_поворот 1,19571,489401,24984,0,0,-0.387940,0.387940,-0.483869,0.483869,-10,10,122435,140416,-35,27,0.500452,0.006791,1.012452,0.000000,0.748366,-1,,,,,,,,,,,,,,,,
7.000537,rectangle_0.15_поворот 1,19572,489426,25008,0,0,-0.387940,0.387940,-0.531745,0.386723,-11,8,122424,140424,-34,28,0.500309,0.006558,1.030215,-0.010934,0.710265,-1,,,,,,,,,,,,,,,,
7.026598,rectangle_0.15_поворот 1,19573,489451,24984,0,0,-0.387940,0.387940,-0.580642,0.338708,-12,7,122413,140432,-33,29,0.500078,0.006165,1.047977,-0.018241,0.710948,-1,,,,,,,,,,,,,,,,
7.052540,rectangle_0.15_поворот 1,19574,489476,25028,0,0,-0.387940,0.387940,-0.531320,0.386414,-11,8,122402,140439,-33,28,0.499944,0.005927,1.065739,-0.010926,0.709698,-1,,,,,,,,,,,,,,,,
7.076548,rectangle_0.15_поворот 1,19575,489501,24980,0,0,-0.387940,0.387940,-0.435552,0.338762,-9,7,122392,140446,-34,29,0.499857,0.005767,1.080697,-0.007298,0.598789,-1,,,,,,,,,,,,,,,,
7.102639,rectangle_0.15_поворот 1,19576,489526,25008,0,0,-0.387940,0.387940,-0.483404,0.435064,-10,9,122383,140456,-34,28,0.499815,0.005686,1.098459,-0.003645,0.710265,-1,,,,,,,,,,,,,,,,
7.126359,rectangle_0.15_поворот 1,19577,489551,25000,0,0,-0.387940,0.387940,-0.435203,0.483559,-9,10,122374,140465,-34,27,0.499855,0.005768,1.116222,0.003646,0.710493,-1,,,,,,,,,,,,,,,,
7.151915,rectangle_0.15_поворот 1,19578,489576,24996,0,0,-0.387940,0.387940,-0.435273,0.435273,-9,9,122365,140475,-34,28,0.499855,0.005768,1.133049,0.000000,0.673206,-1,,,,,,,,,,,,,,,,
7.177601,rectangle_0.15_поворот 1,19579,489601,25004,0,0,-0.387940,0.387940,-0.483482,0.531830,-10,11,122354,140485,-33,26,0.499893,0.005851,1.152681,0.003645,0.785156,-1,,,,,,,,,,,,,,,,
7.204541,rectangle_0.15_поворот 1,19580,489626,24988,0,0,-0.387940,0.387940,-0.483791,0.435412,-10,9,122344,140495,-33,27,0.499857,0.005767,1.170443,-0.003648,0.710834,-1,,,,,,,,,,,,,,,,
7.228310,rectangle_0.15_поворот 1,19581,489651,25004,0,0,-0.387940,0.387940,-0.531830,0.386785,-11,8,122334,140502,-32,28,0.499753,0.005514,1.188206,-0.010936,0.710379,-1,,,,,,,,,,,,,,,,
7.254265,rectangle_0.15_поворот 1,19582,489676,24988,0,0,-0.387940,0.387940,-0.483791,0.338654,-10,7,122323,140509,-33,29,0.499653,0.005260,1.204098,-0.010943,0.636009,-1,,,,,,,,,,,,,,,,
7.277726,rectangle_0.15_поворот 1,19583,489701,25020,0,0,-0.387940,0.387940,-0.483173,0.386538,-10,8,122313,140517,-32,28,0.499589,0.005089,1.220926,-0.007286,0.672560,-1,,,,,,,,,,,,,,,,
7.303813,rectangle_0.15_поворот 1,19584,489725,24992,0,0,-0.387940,0.387940,-0.435342,0.435342,-9,9,122304,140526,-33,27,0.499589,0.005089,1.237753,0.000000,0.673314,-1,,,,,,,,,,,,,,,,
7.329367,rectangle_0.15_поворот 1,19585,489751,25012,0,0,-0.387940,0.387940,-0.434994,0.386662,-9,8,122295,140535,-33,28,0.499560,0.005003,1.253646,-0.003644,0.635399,-1,,,,,,,,,,,,,,,,
7.354873,rectangle_0.15_поворот 1,19586,489776,25000,0,0,-0.387940,0.387940,-0.483559,0.435203,-10,9,122286,140543,-32,27,0.499532,0.004916,1.271408,-0.003646,0.710493,-1,,,,,,,,,,,,,,,,
7.379531,rectangle_0.15_пауза,19587,489801,25004,0,0,-0.387940,0.387940,-0.435134,0.435134,-9,9,122276,140552,-32,27,0.499532,0.004916,1.288236,0.000000,0.672991,-1,,,,,,,,,,,,,,,,
7.405019,rectangle_0.15_пауза,19588,489826,24988,0,0,0.000000,0.000000,-0.483791,0.435412,-10,9,122266,140562,-7,5,0.499507,0.004828,1.305998,-0.003648,0.710834,-1,,,,,,,,,,,,,,,,
7.431412,rectangle_0.15_пауза,19589,489850,25012,0,0,0.000000,0.000000,-0.338329,0.241664,-7,5,122260,140566,-8,7,0.499461,0.004652,1.317216,-0.007288,0.448517,-1,,,,,,,,,,,,,,,,
7.455736,rectangle_0.15_пауза,19590,489876,24972,0,0,0.000000,0.000000,-0.096820,0.048410,-2,1,122258,140567,-11,9,0.499438,0.004564,1.320021,-0.003650,0.112309,-1,,,,,,,,,,,,,,,,
7.481712,rectangle_0.15_пауза,19591,489901,25028,0,0,0.000000,0.000000,-0.096604,0.000000,-2,0,122256,140567,-11,10,0.499393,0.004387,1.321890,-0.007284,0.074705,-1,,,,,,,,,,,,,,,,
7.505413,rectangle_0.15_пауза,19592,489926,24972,0,0,0.000000,0.000000,-0.096820,0.000000,-2,0,122254,140567,-11,10,0.499348,0.004210,1.323760,-0.007300,0.074873,-1,,,,,,,,,,,,,,,,
7.531316,rectangle_0.15_пауза,19593,489951,25008,0,0,0.000000,0.000000,0.000000,0.000000,0,0,122254,140567,-12,10,0.499348,0.004210,1.323760,0.000000,0.000000,-1,,,,,,,,,,,,,,,,
7.556704,rectangle_0.15_пауза,19594,489975,24992,0,0,0.000000,0.000000,0.000000,0.000000,0,0,122254,140567,-12,10,0.499348,0.004210,1.323760,0.000000,0.000000,-1,,,,,,,,,,,,,,,,
7.583330,rectangle_0.15_пауза,19595,490001,25000,0,0,0.000000,0.000000,0.000000,0.000000,0,0,122254,140567,-12,10,0.499348,0.004210,1.323760,0.000000,0.000000,-1,,,,,,,,,,,,,,,,
7.606669,rectangle_0.15_пауза,19596,490025,25000,0,0,0.000000,0.000000,0.000000,0.000000,0,0,122254,140567,-12,10,0.499348,0.004210,1.323760,0.000000,0.000000,-1,,,,,,,,,,,,,,,,
7.633558,rectangle_0.15_пауза,19597,490051,25004,0,0,0.000000,0.000000,0.000000,0.000000,0,0,122254,140567,-12,10,0.499348,0.004210,1.323760,0.000000,0.000000,-1,,,,,,,,,,,,,,,,
7.658140,rectangle_0.15_пауза,19598,490076,25024,0,0,0.000000,0.000000,0.000000,0.000000,0,0,122254,140567,-12,10,0.499348,0.004210,1.323760,0.000000,0.000000,-1,,,,,,,,,,,,,,,,
7.684155,rectangle_0.15_пауза,19599,490100,24980,0,0,0.000000,0.000000,0.000000,0.000000,0,0,122254,140567,-12,10,0.499348,0.004210,1.323760,0.000000,0.000000,-1,,,,,,,,,,,,,,,,
7.711759,rectangle_0.15_пауза,19600,490126,25008,0,0,0.000000,0.000000,0.000000,0.000000,0,0,122254,140567,-12,10,0.499348,0.004210,1.323760,0.000000,0.000000,-1,,,,,,,,,,,,,,,,
7.734842,rectangle_0.15_пауза,19601,490150,24992,0,0,0.000000,0.000000,0.000000,0.000000,0,0,122254,140567,-12,10,0.499348,0.004210,1.323760,0.000000,0.000000,-1,,,,,,,,,,,,,,,,
7.758693,rectangle_0.15_пауза,19602,490176,25008,0,0,0.000000,0.000000,0.000000,0.000000,0,0,122254,140567,-12,10,0.499348,0.004210,1.323760,0.000000,0.000000,-1,,,,,,,,,,,,,,,,
7.784909,rectangle_0.15_пауза,19603,490201,25012,0,0,0.000000,0.000000,0.000000,0.000000,0,0,122254,140567,-12,10,0.499348,0.004210,1.323760,0.000000,0.000000,-1,,,,,,,,,,,,,,,,
7.808382,rectangle_0.15_пауза,19604,490225,24976,0,0,0.000000,0.000000,0.000000,0.000000,0,0,122254,140567,-12,10,0.499348,0.004210,1.323760,0.000000,0.000000,-1,,,,,,,,,,,,,,,,
7.834493,rectangle_0.15_пауза,19605,490251,25012,0,0,0.000000,0.000000,0.000000,0.000000,0,0,122254,140567,-12,10,0.499348,0.004210,1.323760,0.000000,0.000000,-1,,,,,,,,,,,,,,,,
7.859887,rectangle_0.15_пауза,19606,490275,24988,0,0,0.000000,0.000000,0.000000,0.000000,0,0,122254,140567,-12,10,0.499348,0.004210,1.323760,0.000000,0.000000,-1,,,,,,,,,,,,,,,,
7.885972,rectangle_0.15_пауза,19607,490301,24996,0,0,0.000000,0.000000,0.000000,0.000000,0,0,122254,140567,-12,10,0.499348,0.004210,1.323760,0.000000,0.000000,-1,,,,,,,,,,,,,,,,
7.911540,rectangle_0.15_пауза,19608,490326,25024,0,0,0.000000,0.000000,0.000000,0.000000,0,0,122254,140567,-12,10,0.499348,0.004210,1.323760,0.000000,0.000000,-1,,,,,,,,,,,,,,,,
7.934387,rectangle_0.15_пауза,19609,490350,24980,0,0,0.000000,0.000000,0.000000,0.000000,0,0,122254,140567,-12,10,0.499348,0.004210,1.323760,0.000000,0.000000,-1,,,,,,,,,,,,,,,,
7.962777,rectangle_0.15_пауза,19610,490376,24996,0,0,0.000000,0.000000,0.000000,0.000000,0,0,122254,140567,-12,10,0.499348,0.004210,1.323760,0.000000,0.000000,-1,,,,,,,,,,,,,,,,
7.987689,rectangle_0.15_сторона 2,19611,490400,25000,0,0,0.000000,0.000000,0.000000,0.000000,0,0,122254,140567,-12,10,0.499348,0.004210,1.323760,0.000000,0.000000,-1,,,,,,,,,,,,,,,,
8.013161,rectangle_0.15_сторона 2,19612,490426,25024,0,0,0.994718,0.994718,0.000000,0.000000,0,0,122254,140567,35,55,0.499348,0.004210,1.323760,0.000000,0.000000,-1,,,,,,,,,,,,,,,,
8.038218,rectangle_0.15_сторона 2,19613,490451,24984,0,0,0.994718,0.994718,0.290321,0.241934,6,5,122260,140573,32,53,0.499594,0.005182,1.322825,0.040131,-0.037418,-1,,,,,,,,,,,,,,,,
8.063964,rectangle_0.15_сторона 2,19614,490476,25008,0,0,0.994718,0.994718,0.725106,0.483404,15,10,122276,140583,27,51,0.500158,0.007390,1.318151,0.091120,-0.186912,-1,,,,,,,,,,,,,,,,
8.089397,rectangle_0.15_сторона 2,19615,490501,24996,0,0,0.994718,0.994718,0.628727,0.580364,13,12,122289,140595,29,51,0.500729,0.009596,1.317216,0.091163,-0.037400,-1,,,,,,,,,,,,,,,,
8.114963,rectangle_0.15_сторона 2,19616,490526,25008,0,0,0.994718,0.994718,0.628426,0.870128,13,18,122302,140613,30,47,0.501431,0.012333,1.321890,0.112988,0.186912,-1,,,,,,,,,,,,,,,,
8.137639,rectangle_0.15_сторона 2,19617,490551,24980,0,0,0.994718,0.994718,0.822709,1.016287,17,21,122318,140634,28,45,0.502278,0.015692,1.325630,0.138657,0.149697,-1,,,,,,,,,,,,,,,,
8.164733,rectangle_0.15_сторона 2,19618,490576,25016,0,0,0.994718,0.994718,0.869850,1.063149,18,22,122336,140656,27,45,0.503156,0.019230,1.329369,0.145745,0.149482,-1,,,,,,,,,,,,,,,,
8.190286,rectangle_0.15_сторона 2,19619,490601,25000,0,0,0.994718,0.994718,0.773694,1.063830,16,22,122352,140678,29,45,0.503975,0.022596,1.334978,0.138546,0.224366,-1,,,,,,,,,,,,,,,,
8.213263,rectangle_0.15_сторона 2,19620,490626,25008,0,0,0.994718,0.994718,0.725106,1.015149,15,21,122368,140699,30,45,0.504733,0.025788,1.340588,0.131212,0.224294,-1,,,,,,,,,,,,,,,,
8.238941,rectangle_0.15_сторона 2,19621,490651,24988,0,0,0.994718,0.994718,0.919203,1.161099,19,24,122387,140723,28,43,0.505618,0.029606,1.345262,0.156851,0.187062,-1,,,,,,,,,,,,,,,,
8.264878,rectangle_0.15_сторона 2,19622,490676,25012,0,0,0.994718,0.994718,0.966654,1.111652,20,23,122407,140746,27,43,0.506489,0.033428,1.348066,0.156701,0.112129,-1,,,,,,,,,,,,,,,,
8.291066,rectangle_0.15_сторона 2,19623,490701,24992,0,0,0.994718,0.994718,0.870685,1.064170,18,22,122425,140768,29,44,0.507288,0.036985,1.351806,0.145885,0.149625,-1,,,,,,,,,,,,,,,,
8.316668,rectangle_0.15_сторона 2,19624,490726,25028,0,0,0.994718,0.994718,0.869433,1.014338,18,21,122442,140789,29,44,0.508056,0.040456,1.354610,0.142033,0.112057,-1,,,,,,,,,,,,,,,,
8.342475,rectangle_0.15_сторона 2,19625,490750,24964,0,0,0.994718,0.994718,0.871661,1.113790,18,23,122460,140812,29,43,0.508849,0.044108,1.359285,0.149699,0.187241,-1,,,,,,,,,,,,,,,,
8.365930,rectangle_0.15_сторона 2,19626,490776,24992,0,0,0.994718,0.994718,0.919056,1.064170,19,22,122480,140834,29,43,0.509628,0.047763,1.362089,0.149532,0.112219,-1,,,,,,,,,,,,,,,,
8.392646,rectangle_0.15_сторона 2,19627,490801,25024,0,0,0.994718,0.994718,0.917881,1.014500,19,21,122498,140855,29,44,0.510380,0.051331,1.363959,0.145698,0.074717,-1,,,,,,,,,,,,,,,,
8.415930,rectangle_0.15_сторона 2,19628,490826,24996,0,0,0.994718,0.994718,0.822182,1.015636,17,21,122516,140876,31,44,0.511085,0.054722,1.367698,0.138568,0.149601,-1,,,,,,,,,,,,,,,,
8.442109,rectangle_0.15_сторона 2,19629,490851,24988,0,0,0.994718,0.994718,0.870824,1.112720,18,23,122534,140899,30,42,0.511830,0.058384,1.372373,0.149556,0.187062,-1,,,,,,,,,,,,,,,,
8.468961,rectangle_0.15_сторона 2,19630,490876,25016,0,0,0.994718,0.994718,0.918175,0.966500,19,20,122554,140919,30,44,0.512529,0.061869,1.373308,0.142101,0.037370,-1,,,,,,,,,,,,,,,,
8.495028,rectangle_0.15_сторона 2,19631,490901,24996,0,0,0.994718,0.994718,0.967273,1.015636,20,21,122573,140940,29,44,0.513261,0.065534,1.374242,0.149508,0.037400,-1,,,,,,,,,,,,,,,,
8.517256,rectangle_0.15_сторона 2,19632,490926,25012,0,0,0.994718,0.994718,0.869989,1.063320,18,22,122591,140962,31,43,0.513966,0.069111,1.377982,0.145768,0.149506,-1,,,,,,,,,,,,,,,,
8.542540,rectangle_0.15_сторона 2,19633,490951,24972,0,0,0.994718,0.994718,0.822972,1.065023,17,22,122608,140984,32,43,0.514639,0.072602,1.382656,0.142351,0.187181,-1,,,,,,,,,,,,,,,,
8.570386,rectangle_0.15_сторона 2,19634,490976,25044,0,0,0.994718,0.994718,0.965419,1.061961,20,22,122628,141005,30,43,0.515352,0.076363,1.384526,0.152861,0.074657,-1,,,,,,,,,,,,,,,,
8.593363,rectangle_0.15_сторона 2,19635,491001,24972,0,0,0.994718,0.994718,1.016613,1.016613,21,21,122649,141027,29,43,0.516061,0.080125,1.384526,0.153302,0.000000,-1,,,,,,,,,,,,,,,,
8.618884,rectangle_0.15_сторона 2,19636,491026,24992,0,0,0.994718,0.994718,0.870685,1.112542,18,23,122667,141050,31,42,0.516744,0.083799,1.389200,0.149532,0.187032,-1,,,,,,,,,,,,,,,,
8.644105,rectangle_0.15_сторона 2,19637,491051,25004,0,0,0.994718,0.994718,0.773571,1.112008,16,23,122683,141073,33,42,0.517375,0.087297,1.395744,0.142169,0.261719,-1,,,,,,,,,,,,,,,,
8.669474,rectangle_0.15_сторона 2,19638,491076,25012,0,0,0.994718,0.994718,0.918321,1.063320,19,22,122702,141095,31,42,0.518021,0.090978,1.398549,0.149412,0.112129,-1,,,,,,,,,,,,,,,,
8.695551,rectangle_0.15_сторона 2,19639,491101,25096,0,0,0.994718,0.994718,1.011590,1.107931,21,23,122723,141118,30,41,0.518704,0.094930,1.400419,0.159808,0.074503,-1,,,,,,,,,,,,,,,,
8.721558,rectangle_0.15_сторона 2,19640,491126,24888,0,0,0.994718,0.994718,0.825750,1.068617,17,22,122739,141140,33,42,0.519299,0.098435,1.405093,0.142832,0.187813,-1,,,,,,,,,,,,,,,,
8.745305,rectangle_0.15_сторона 2,19641,491151,25012,0,0,0.994718,0.994718,0.724991,1.014987,15,21,122755,141161,35,42,0.519831,0.101673,1.410702,0.131191,0.224259,-1,,,,,,,,,,,,,,,,
8.771213,rectangle_0.15_сторона 2,19642,491176,25020,0,0,0.994718,0.994718,0.966345,1.014662,20,21,122774,141183,32,42,0.520425,0.105362,1.411637,0.149364,0.037364,-1,,,,,,,,,,,,,,,,
8.799300,rectangle_0.15_сторона 2,19643,491201,24980,0,0,0.994718,0.994718,1.016287,1.064682,21,22,122796,141204,31,41,0.521044,0.109233,1.412572,0.156901,0.037424,-1,,,,,,,,,,,,,,,,
8.826334,rectangle_0.15_сторона 2,19644,491226,24988,0,0,0.994718,0.994718,0.870824,0.967583,18,20,122814,141224,33,43,0.521587,0.112653,1.414441,0.138613,0.074825,-1,,,,,,,,,,,,,,,,
8.845985,rectangle_0.15_сторона 2,19645,491251,25012,0,0,0.994718,0.994718,0.724991,1.014987,15,21,122829,141245,36,42,0.522089,0.115896,1.420051,0.131191,0.224259,-1,,,,,,,,,,,,,,,,
8.873557,rectangle_0.15_сторона 2,19646,491276,24980,0,0,0.994718,0.994718,0.919498,1.064682,19,22,122848,141267,33,41,0.522645,0.119592,1.422855,0.149604,0.112273,-1,,,,,,,,,,,,,,,,
8.898684,rectangle_0.15_сторона 2,19647,491301,25000,0,0,0.994718,0.994718,1.063830,1.063830,22,22,122870,141288,31,41,0.523236,0.123558,1.422855,0.160422,0.000000,-1,,,,,,,,,,,,,,,,
8.924004,rectangle_0.15_сторона 2,19648,491326,25004,0,0,0.994718,0.994718,0.870267,0.966963,18,20,122888,141309,34,43,0.523743,0.126985,1.424725,0.138524,0.074777,-1,,,,,,,,,,,,,,,,
8.946707,rectangle_0.15_сторона 2,19649,491351,25020,0,0,0.994718,0.994718,0.821393,1.014662,17,21,122904,141330,35,42,0.524241,0.130412,1.428464,0.138435,0.149458,-1,,,,,,,,,,,,,,,,
8.972082,rectangle_0.15_сторона 2,19650,491376,24980,0,0,0.994718,0.994718,0.919498,1.113076,19,23,122924,141354,34,40,0.524777,0.134203,1.432204,0.153252,0.149697,-1,,,,,,,,,,,,,,,,
8.999542,rectangle_0.15_сторона 2,19651,491401,24992,0,0,0.994718,0.994718,1.015799,1.112542,21,23,122946,141376,32,40,0.525328,0.138176,1.434073,0.160473,0.074813,-1,,,,,,,,,,,,,,,,
9.024805,rectangle_0.15_сторона 2,19652,491426,25024,0,0,0.994718,0.994718,1.014500,0.966191,21,20,122966,141396,32,42,0.525839,0.141878,1.433139,0.149341,-0.037358,-1,,,,,,,,,,,,,,,,
9.047758,rectangle_0.15_сторона 2,19653,491451,24976,0,0,0.994718,0.994718,0.822840,1.064852,17,22,122983,141418,35,41,0.526318,0.145400,1.437813,0.142329,0.187151,-1,,,,,,,,,,,,,,,,
9.073614,rectangle_0.15_сторона 2,19654,491475,25020,0,0,0.994718,0.994718,0.918028,1.111297,19,23,123002,141441,34,40,0.526819,0.149195,1.441552,0.153007,0.149458,-1,,,,,,,,,,,,,,,,
9.108924,rectangle_0.15_сторона 2,19655,491501,24996,0,0,0.994718,0.994718,1.015636,1.112364,21,23,123023,141464,33,40,0.527332,0.153173,1.443422,0.160447,0.074801,-1,,,,,,,,,,,,,,,,
9.133141,rectangle_0.15_сторона 2,19656,491526,24996,0,0,0.994718,0.994718,0.967273,1.064000,20,22,123043,141486,34,40,0.527815,0.156971,1.445292,0.153154,0.074801,-1,,,,,,,,,,,,,,,,
9.151287,rectangle_0.15_сторона 2,19657,491551,25008,0,0,0.994718,0.994718,0.870128,1.111830,18,23,123061,141509,35,39,0.528274,0.160679,1.449966,0.149436,0.186912,-1,,,,,,,,,,,,,,,,
9.174737,rectangle_0.15_сторона 2,19658,491576,24984,0,0,0.994718,0.994718,0.919351,1.016124,19,21,123080,141530,35,40,0.528710,0.164299,1.451836,0.145931,0.074837,-1,,,,,,,,,,,,,,,,
9.200701,rectangle_0.15_сторона 2,19659,491601,25024,0,0,0.994718,0.994718,1.111119,1.062810,23,22,123103,141552,32,40,0.529199,0.168372,1.450901,0.163910,-0.037358,-1,,,,,,,,,,,,,,,,
9.226531,rectangle_0.15_сторона 2,19660,491626,24984,0,0,0.994718,0.994718,1.016124,1.016124,21,21,123124,141573,33,40,0.529656,0.172172,1.450901,0.153228,0.000000,-1,,,,,,,,,,,,,,,,
9.250617,rectangle_0.15_сторона 2,19661,491651,25004,0,0,0.994718,0.994718,0.870267,1.112008,18,23,123142,141596,35,39,0.530095,0.175884,1.455575,0.149460,0.186942,-1,,,,,,,,,,,,,,,,
9.276455,rectangle_0.15_сторона 2,19662,491676,24984,0,0,0.994718,0.994718,0.919351,1.112898,19,23,123161,141619,35,38,0.530528,0.179687,1.459315,0.153228,0.149673,-1,,,,,,,,,,,,,,,,
9.301926,rectangle_0.15_сторона 2,19663,491701,25004,0,0,0.994718,0.994718,1.063660,1.112008,22,23,123183,141642,33,38,0.530982,0.183764,1.460250,0.164041,0.037388,-1,,,,,,,,,,,,,,,,
9.327509,rectangle_0.15_сторона 2,19664,491726,25008,0,0,0.994718,0.994718,1.015149,1.063490,21,22,123204,141664,33,39,0.531413,0.187659,1.461184,0.156726,0.037382,-1,,,,,,,,,,,,,,,,
9.353323,rectangle_0.15_сторона 2,19665,491751,25016,0,0,0.994718,0.994718,0.773200,1.063149,16,22,123220,141686,37,39,0.531782,0.191103,1.466794,0.138457,0.224223,-1,,,,,,,,,,,,,,,,
9.378632,rectangle_0.15_сторона 2,19666,491776,24992,0,0,0.994718,0.994718,0.967428,1.112542,20,23,123240,141709,34,38,0.532183,0.195002,1.469598,0.156826,0.112219,-1,,,,,,,,,,,,,,,,
9.404243,rectangle_0.15_сторона 2,19667,491801,25004,0,0,0.994718,0.994718,1.112008,1.063660,23,22,123263,141732,32,38,0.532600,0.199083,1.468663,0.164041,-0.037388,-1,,,,,,,,,,,,,,,,
9.427573,rectangle_0.15_сторона 2,19668,491826,24984,0,0,0.994718,0.994718,1.016124,1.064511,21,22,123284,141753,33,38,0.532998,0.202982,1.469598,0.156876,0.037418,-1,,,,,,,,,,,,,,,,
9.453840,rectangle_0.15_сторона 2,19669,491851,25000,0,0,0.994718,0.994718,0.822050,1.015474,17,21,123300,141774,36,39,0.533341,0.206428,1.473338,0.138546,0.149577,-1,,,,,,,,,,,,,,,,
9.479641,rectangle_0.15_сторона 2,19670,491876,25016,0,0,0.994718,0.994718,0.966500,1.111474,20,23,123321,141797,35,37,0.533717,0.210330,1.476142,0.156676,0.112111,-1,,,,,,,,,,,,,,,,
9.531405,rectangle_0.15_сторона 2,19671,491901,24996,0,0,0.994718,0.994718,1.112364,1.160727,23,24,123344,141821,32,36,0.534120,0.214595,1.477077,0.171387,0.037400,-1,,,,,,,,,,,,,,,,
9.531405,rectangle_0.15_сторона 2,19672,491926,25008,0,0,0.994718,0.994718,0.966809,1.063490,20,22,123363,141843,34,37,0.534475,0.218406,1.478947,0.153081,0.074765,-1,,,,,,,,,,,,,,,,
9.555660,rectangle_0.15_сторона 2,19673,491951,25004,0,0,0.994718,0.994718,0.773571,1.063660,16,22,123380,141865,37,37,0.534783,0.221856,1.484556,0.138524,0.224330,-1,,,,,,,,,,,,,,,,
9.581583,rectangle_0.15_сторона 2,19674,491976,24988,0,0,0.994718,0.994718,1.015962,1.112720,21,23,123402,141888,34,36,0.535124,0.225852,1.486425,0.160499,0.074825,-1,,,,,,,,,,,,,,,,
9.604840,rectangle_0.15_сторона 2,19675,492001,24992,0,0,0.994718,0.994718,1.160913,1.160913,24,24,123425,141912,32,35,0.535493,0.230212,1.486425,0.175062,0.000000,-1,,,,,,,,,,,,,,,,
9.630849,rectangle_0.15_сторона 2,19676,492026,25012,0,0,0.994718,0.994718,0.918321,0.966654,19,20,123444,141932,35,38,0.535791,0.233754,1.487360,0.142124,0.037376,-1,,,,,,,,,,,,,,,,
9.655723,rectangle_0.15_пауза,19677,492051,24992,0,0,0.994718,0.994718,0.870685,1.015799,18,21,123462,141953,36,37,0.536082,0.237297,1.490165,0.142238,0.112219,-1,,,,,,,,,,,,,,,,
9.684063,rectangle_0.15_пауза,19678,492076,24988,0,0,0.000000,0.000000,1.015962,1.161099,21,24,123484,141977,-13,-9,0.536407,0.241386,1.492969,0.164147,0.112237,-1,,,,,,,,,,,,,,,,
9.707535,rectangle_0.15_пауза,19679,492101,25004,0,0,0.000000,0.000000,0.773571,0.773571,16,16,123498,141992,-11,-6,0.536634,0.244294,1.492969,0.116652,0.000000,-1,,,,,,,,,,,,,,,,
9.735901,rectangle_0.15_пауза,19680,492126,24996,0,0,0.000000,0.000000,0.048364,0.145091,1,3,123499,141995,-2,1,0.536662,0.244657,1.494839,0.014586,0.074801,-1,,,,,,,,,,,,,,,,
9.756586,rectangle_0.15_пауза,19681,492150,25004,0,0,0.000000,0.000000,0.000000,0.096696,0,2,123499,141997,-1,1,0.536675,0.244839,1.496709,0.007291,0.074777,-1,,,,,,,,,,,,,,,,
9.782605,rectangle_0.15_пауза,19682,492176,24996,0,0,0.000000,0.000000,0.000000,0.048364,0,1,123499,141998,-1,2,0.536682,0.244930,1.497644,0.003647,0.037400,-1,,,,,,,,,,,,,,,,
9.806415,rectangle_0.15_пауза,19683,492200,25020,0,0,0.000000,0.000000,0.000000,0.048317,0,1,123499,141999,-1,2,0.536689,0.245021,1.498578,0.003643,0.037364,-1,,,,,,,,,,,,,,,,
9.832891,rectangle_0.15_пауза,19684,492226,25148,0,0,0.000000,0.000000,0.000000,0.000000,0,0,123499,141999,-1,2,0.536689,0.245021,1.498578,0.000000,0.000000,-1,,,,,,,,,,,,,,,,
9.856805,rectangle_0.15_пауза,19685,492251,24844,0,0,0.000000,0.000000,0.000000,0.000000,0,0,123499,141999,-1,2,0.536689,0.245021,1.498578,0.000000,0.000000,-1,,,,,,,,,,,,,,,,
9.883114,rectangle_0.15_пауза,19686,492275,25008,0,0,0.000000,0.000000,0.000000,0.000000,0,0,123499,141999,-1,2,0.536689,0.245021,1.498578,0.000000,0.000000,-1,,,,,,,,,,,,,,,,
9.909543,rectangle_0.15_пауза,19687,492301,24984,0,0,0.000000,0.000000,0.000000,0.000000,0,0,123499,141999,-1,2,0.536689,0.245021,1.498578,0.000000,0.000000,-1,,,,,,,,,,,,,,,,
9.933085,rectangle_0.15_пауза,19688,492325,24992,0,0,0.000000,0.000000,0.000000,0.000000,0,0,123499,141999,-1,2,0.536689,0.245021,1.498578,0.000000,0.000000,-1,,,,,,,,,,,,,,,,
9.964337,rectangle_0.15_пауза,19689,492351,25088,0,0,0.000000,0.000000,0.000000,0.000000,0,0,123499,141999,-1,2,0.536689,0.245021,1.498578,0.000000,0.000000,-1,,,,,,,,,,,,,,,,
9.984643,rectangle_0.15_пауза,19690,492376,24916,0,0,0.000000,0.000000,0.000000,0.000000,0,0,123499,141999,-1,2,0.536689,0.245021,1.498578,0.000000,0.000000,-1,,,,,,,,,,,,,,,,
10.010760,rectangle_0.15_пауза,19691,492400,25012,0,0,0.000000,0.000000,0.000000,0.000000,0,0,123499,141999,-1,2,0.536689,0.245021,1.498578,0.000000,0.000000,-1,,,,,,,,,,,,,,,,
10.034520,rectangle_0.15_пауза,19692,492426,25008,0,0,0.000000,0.000000,0.000000,0.000000,0,0,123499,141999,-1,2,0.536689,0.245021,1.498578,0.000000,0.000000,-1,,,,,,,,,,,,,,,,
10.061254,rectangle_0.15_пауза,19693,492450,24996,0,0,0.000000,0.000000,0.000000,0.000000,0,0,123499,141999,-1,2,0.536689,0.245021,1.498578,0.000000,0.000000,-1,,,,,,,,,,,,,,,,
10.086748,rectangle_0.15_пауза,19694,492476,25000,0,0,0.000000,0.000000,0.000000,0.000000,0,0,123499,141999,-1,2,0.536689,0.245021,1.498578,0.000000,0.000000,-1,,,,,,,,,,,,,,,,
10.110164,rectangle_0.15_пауза,19695,492500,25000,0,0,0.000000,0.000000,0.000000,0.000000,0,0,123499,141999,-1,2,0.536689,0.245021,1.498578,0.000000,0.000000,-1,,,,,,,,,,,,,,,,
10.136678,rectangle_0.15_пауза,19696,492526,24980,0,0,0.000000,0.000000,0.000000,0.000000,0,0,123499,141999,-1,2,0.536689,0.245021,1.498578,0.000000,0.000000,-1,,,,,,,,,,,,,,,,
10.160633,rectangle_0.15_пауза,19697,492551,25016,0,0,0.000000,0.000000,0.000000,0.000000,0,0,123499,141999,-1,2,0.536689,0.245021,1.498578,0.000000,0.000000,-1,,,,,,,,,,,,,,,,
10.187515,rectangle_0.15_пауза,19698,492575,24988,0,0,0.000000,0.000000,0.000000,0.000000,0,0,123499,141999,-1,2,0.536689,0.245021,1.498578,0.000000,0.000000,-1,,,,,,,,,,,,,,,,
10.211594,rectangle_0.15_пауза,19699,492601,25000,0,0,0.000000,0.000000,0.000000,0.000000,0,0,123499,141999,-1,2,0.536689,0.245021,1.498578,0.000000,0.000000,-1,,,,,,,,,,,,,,,,
10.237848,rectangle_0.15_пауза,19700,492625,24996,0,0,0.000000,0.000000,0.000000,0.000000,0,0,123499,141999,-1,2,0.536689,0.245021,1.498578,0.000000,0.000000,-1,,,,,,,,,,,,,,,,
10.262056,rectangle_0.15_поворот 2,19701,492651,25020,0,0,0.000000,0.000000,0.000000,0.000000,0,0,123499,141999,-1,2,0.536689,0.245021,1.498578,0.000000,0.000000,-1,,,,,,,,,,,,,,,,
10.293624,rectangle_0.15_поворот 2,19702,492676,24980,0,0,-0.387940,0.387940,0.000000,0.000000,0,0,123499,141999,-26,25,0.536689,0.245021,1.498578,0.000000,0.000000,-1,,,,,,,,,,,,,,,,
10.314282,rectangle_0.15_поворот 2,19703,492701,25004,0,0,-0.387940,0.387940,-0.145045,0.145045,-3,3,123496,142003,-24,23,0.536689,0.245021,1.504188,0.000000,0.224330,-1,,,,,,,,,,,,,,,,
10.341729,rectangle_0.15_поворот 2,19704,492726,25004,0,0,-0.387940,0.387940,-0.290089,0.435134,-6,9,123490,142012,-23,20,0.536705,0.245294,1.518210,0.010936,0.560826,-1,,,,,,,,,,,,,,,,
10.364778,rectangle_0.15_поворот 2,19705,492751,25012,0,0,-0.387940,0.387940,-0.241664,0.289996,-5,6,123485,142018,-24,22,0.536709,0.245385,1.528494,0.003644,0.411141,-1,,,,,,,,,,,,,,,,
10.389772,rectangle_0.15_поворот 2,19706,492776,25012,0,0,-0.387940,0.387940,-0.096665,0.241664,-2,5,123483,142022,-26,23,0.536720,0.245658,1.535038,0.010933,0.261635,-1,,,,,,,,,,,,,,,,
10.417872,rectangle_0.15_поворот 2,19707,492801,24976,0,0,-0.387940,0.387940,-0.048402,0.290414,-1,6,123482,142028,-27,22,0.536735,0.246114,1.541582,0.018247,0.262012,-1,,,,,,,,,,,,,,,,
10.440706,rectangle_0.15_поворот 2,19708,492826,25020,0,0,-0.387940,0.387940,-0.193269,0.289903,-4,6,123478,142034,-26,22,0.536739,0.246296,1.550931,0.007286,0.373645,-1,,,,,,,,,,,,,,,,
10.466385,rectangle_0.15_поворот 2,19709,492851,24972,0,0,-0.387940,0.387940,-0.193641,0.193641,-4,4,123474,142038,-26,24,0.536739,0.246296,1.558409,0.000000,0.299490,-1,,,,,,,,,,,,,,,,
10.491248,rectangle_0.15_поворот 2,19710,492876,25024,0,0,-0.387940,0.387940,-0.193238,0.144929,-4,3,123470,142041,-27,25,0.536738,0.246205,1.564953,-0.003642,0.261509,-1,,,,,,,,,,,,,,,,
10.517145,rectangle_0.15_поворот 2,19711,492901,25000,0,0,-0.387940,0.387940,-0.193424,0.145068,-4,3,123466,142044,-27,26,0.536738,0.246114,1.571497,-0.003646,0.261761,-1,,,,,,,,,,,,,,,,
10.540969,rectangle_0.15_поворот 2,19712,492925,24988,0,0,-0.387940,0.387940,-0.241896,0.096758,-5,2,123460,142046,-27,27,0.536739,0.245840,1.578041,-0.010943,0.261886,-1,,,,,,,,,,,,,,,,
10.569357,rectangle_0.15_поворот 2,19713,492951,25008,0,0,-0.387940,0.387940,-0.338383,0.145021,-7,3,123454,142049,-26,27,0.536744,0.245476,1.587390,-0.014579,0.373824,-1,,,,,,,,,,,,,,,,
10.593089,rectangle_0.15_поворот 2,19714,492976,24988,0,0,-0.387940,0.387940,-0.241896,0.145137,-5,3,123449,142052,-27,27,0.536747,0.245293,1.594869,-0.007295,0.299298,-1,,,,,,,,,,,,,,,,
10.616927,rectangle_0.15_поворот 2,19715,493001,24992,0,0,-0.387940,0.387940,-0.290228,0.145114,-6,3,123443,142055,-27,28,0.536755,0.245020,1.603282,-0.010941,0.336657,-1,,,,,,,,,,,,,,,,
10.642859,rectangle_0.15_поворот 2,19716,493026,25004,0,0,-0.387940,0.387940,-0.290089,0.193393,-6,4,123436,142059,-27,27,0.536762,0.244838,1.612631,-0.007291,0.373884,-1,,,,,,,,,,,,,,,,
10.668773,rectangle_0.15_поворот 2,19717,493051,25012,0,0,-0.387940,0.387940,-0.338329,0.193331,-7,4,123430,142063,-26,28,0.536775,0.244565,1.622915,-0.010933,0.411141,-1,,,,,,,,,,,,,,,,
10.696914,rectangle_0.15_поворот 2,19718,493076,24996,0,0,-0.387940,0.387940,-0.290182,0.241818,-6,5,123424,142068,-27,27,0.536780,0.244474,1.633198,-0.003647,0.411404,-1,,,,,,,,,,,,,,,,
10.717280,rectangle_0.15_поворот 2,19719,493101,25012,0,0,-0.387940,0.387940,-0.338329,0.241664,-7,5,123417,142073,-27,28,0.536792,0.244292,1.644416,-0.007288,0.448517,-1,,,,,,,,,,,,,,,,
10.744019,rectangle_0.15_поворот 2,19720,493126,24988,0,0,-0.387940,0.387940,-0.338654,0.241896,-7,5,123410,142079,-27,28,0.536807,0.244110,1.655635,-0.007295,0.448948,-1,,,,,,,,,,,,,,,,
10.767324,rectangle_0.15_поворот 2,19721,493151,25008,0,0,-0.387940,0.387940,-0.338383,0.338383,-7,7,123403,142085,-27,27,0.536807,0.244110,1.668723,0.000000,0.523353,-1,,,,,,,,,,,,,,,,
10.792681,rectangle_0.15_поворот 2,19722,493176,25000,0,0,-0.387940,0.387940,-0.338491,0.338491,-7,7,123396,142092,-27,27,0.536807,0.244110,1.681811,0.000000,0.523521,-1,,,,,,,,,,,,,,,,
10.820650,rectangle_0.15_поворот 2,19723,493201,24988,0,0,-0.387940,0.387940,-0.241896,0.290275,-5,6,123391,142098,-29,28,0.536796,0.244201,1.692094,0.003648,0.411535,-1,,,,,,,,,,,,,,,,
10.843402,rectangle_0.15_поворот 2,19724,493225,24996,0,0,-0.387940,0.387940,-0.241818,0.338546,-5,7,123385,142105,-29,27,0.536773,0.244381,1.703312,0.007293,0.448804,-1,,,,,,,,,,,,,,,,
10.870510,rectangle_0.15_поворот 2,19725,493251,25028,0,0,-0.387940,0.387940,-0.338113,0.338113,-7,7,123379,142112,-28,27,0.536773,0.244381,1.716400,0.000000,0.522935,-1,,,,,,,,,,,,,,,,
10.896095,rectangle_0.15_поворот 2,19726,493276,24988,0,0,-0.387940,0.387940,-0.290275,0.338654,-6,7,123372,142119,-28,27,0.536759,0.244472,1.728554,0.003648,0.486360,-1,,,,,,,,,,,,,,,,
10.921882,rectangle_0.15_поворот 2,19727,493301,24988,0,0,-0.387940,0.387940,-0.338654,0.241896,-7,5,123366,142124,-28,29,0.536789,0.244292,1.739772,-0.007295,0.448948,-1,,,,,,,,,,,,,,,,
10.944385,rectangle_0.15_поворот 2,19728,493326,25020,0,0,-0.387940,0.387940,-0.338221,0.193269,-7,4,123359,142128,-28,30,0.536836,0.244022,1.750055,-0.010929,0.411009,-1,,,,,,,,,,,,,,,,
10.970593,rectangle_0.15_поворот 2,19729,493350,24972,0,0,-0.387940,0.387940,-0.338871,0.242051,-7,5,123352,142133,-28,30,0.536870,0.243843,1.761274,-0.007300,0.449235,-1,,,,,,,,,,,,,,,,
10.996747,rectangle_0.15_поворот 2,19730,493376,25028,0,0,-0.387940,0.387940,-0.338113,0.144905,-7,3,123345,142136,-28,31,0.536940,0.243486,1.770622,-0.014567,0.373525,-1,,,,,,,,,,,,,,,,
11.022254,rectangle_0.15_поворот 2,19731,493401,24976,0,0,-0.387940,0.387940,-0.338817,0.193609,-7,4,123338,142140,-28,31,0.536996,0.243218,1.780906,-0.010948,0.411733,-1,,,,,,,,,,,,,,,,
11.047661,rectangle_0.15_поворот 2,19732,493426,25020,0,0,-0.387940,0.387940,-0.289903,0.241586,-6,5,123332,142145,-29,31,0.537016,0.243129,1.791189,-0.003643,0.411009,-1,,,,,,,,,,,,,,,,
11.072409,rectangle_0.15_поворот 2,19733,493451,24976,0,0,-0.387940,0.387940,-0.338817,0.290414,-7,6,123324,142152,-29,30,0.537036,0.243040,1.803342,-0.003649,0.486594,-1,,,,,,,,,,,,,,,,
11.097487,rectangle_0.15_поворот 2,19734,493476,25012,0,0,-0.387940,0.387940,-0.338329,0.338329,-7,7,123317,142158,-29,30,0.537036,0.243040,1.816430,0.000000,0.523270,-1,,,,,,,,,,,,,,,,
11.122983,rectangle_0.15_поворот 2,19735,493501,25004,0,0,-0.387940,0.387940,-0.338437,0.290089,-7,6,123310,142165,-29,31,0.537059,0.242952,1.828583,-0.003645,0.486049,-1,,,,,,,,,,,,,,,,
11.148333,rectangle_0.15_поворот 2,19736,493527,24992,0,0,-0.387940,0.387940,-0.338600,0.338600,-7,7,123303,142172,-29,30,0.537059,0.242952,1.841671,0.000000,0.523689,-1,,,,,,,,,,,,,,,,
11.172948,rectangle_0.15_поворот 2,19737,493551,25008,0,0,-0.387940,0.387940,-0.386723,0.386723,-8,8,123296,142179,-28,30,0.537059,0.242952,1.856629,0.000000,0.598118,-1,,,,,,,,,,,,,,,,
11.198657,rectangle_0.15_поворот 2,19738,493576,24984,0,0,-0.387940,0.387940,-0.435482,0.338708,-9,7,123287,142187,-28,30,0.537111,0.242777,1.871587,-0.007297,0.598693,-1,,,,,,,,,,,,,,,,
11.224430,rectangle_0.15_поворот 2,19739,493601,25012,0,0,-0.387940,0.387940,-0.434994,0.338329,-9,7,123278,142193,-27,30,0.537167,0.242603,1.886545,-0.007288,0.598023,-1,,,,,,,,,,,,,,,,
11.250695,rectangle_0.15_поворот 2,19740,493626,25008,0,0,-0.387940,0.387940,-0.386723,0.290043,-8,6,123269,142199,-28,31,0.537225,0.242431,1.899633,-0.007290,0.523353,-1,,,,,,,,,,,,,,,,
11.274214,rectangle_0.15_поворот 2,19741,493651,24980,0,0,-0.387940,0.387940,-0.387157,0.193578,-8,4,123261,142203,-28,33,0.537344,0.242086,1.910851,-0.014595,0.449092,-1,,,,,,,,,,,,,,,,
11.300083,rectangle_0.15_поворот 2,19742,493676,25020,0,0,-0.387940,0.387940,-0.386538,0.193269,-8,4,123254,142207,-28,33,0.537468,0.241743,1.922069,-0.014572,0.448374,-1,,,,,,,,,,,,,,,,
11.328309,rectangle_0.15_поворот 2,19743,493701,24992,0,0,-0.387940,0.387940,-0.386971,0.290228,-8,6,123245,142213,-28,32,0.537532,0.241572,1.935157,-0.007294,0.523689,-1,,,,,,,,,,,,,,,,
11.351816,rectangle_0.15_поворот 2,19744,493726,25016,0,0,-0.387940,0.387940,-0.386600,0.289950,-8,6,123237,142219,-28,32,0.537598,0.241402,1.948245,-0.007287,0.523186,-1,,,,,,,,,,,,,,,,
11.377461,rectangle_0.15_поворот 2,19745,493751,25000,0,0,-0.387940,0.387940,-0.386847,0.241780,-8,5,123230,142224,-28,33,0.537700,0.241149,1.960399,-0.010938,0.486127,-1,,,,,,,,,,,,,,,,
11.399969,rectangle_0.15_поворот 2,19746,493776,24972,0,0,-0.387940,0.387940,-0.387281,0.290461,-8,6,123222,142230,-28,33,0.537770,0.240981,1.973487,-0.007300,0.524108,-1,,,,,,,,,,,,,,,,
11.425629,rectangle_0.15_поворот 2,19747,493801,25012,0,0,-0.387940,0.387940,-0.386662,0.289996,-8,6,123213,142237,-28,33,0.537843,0.240813,1.986575,-0.007288,0.523270,-1,,,,,,,,,,,,,,,,
11.456368,rectangle_0.15_поворот 2,19748,493826,25004,0,0,-0.387940,0.387940,-0.435134,0.338437,-9,7,123204,142244,-27,32,0.537918,0.240647,2.001532,-0.007291,0.598214,-1,,,,,,,,,,,,,,,,
11.477145,rectangle_0.15_поворот 2,19749,493851,24996,0,0,-0.387940,0.387940,-0.483636,0.338546,-10,7,123194,142251,-27,33,0.538034,0.240400,2.017425,-0.010940,0.635806,-1,,,,,,,,,,,,,,,,
11.502542,rectangle_0.15_поворот 2,19750,493876,25000,0,0,-0.387940,0.387940,-0.483559,0.386847,-10,8,123185,142258,-26,32,0.538114,0.240236,2.034252,-0.007292,0.673098,-1,,,,,,,,,,,,,,,,
11.526851,rectangle_0.15_поворот 2,19751,493901,24992,0,0,-0.387940,0.387940,-0.386971,0.338600,-8,7,123176,142266,-28,33,0.538155,0.240155,2.048275,-0.003647,0.561095,-1,,,,,,,,,,,,,,,,
11.559919,rectangle_0.15_поворот 2,19752,493926,25012,0,0,-0.387940,0.387940,-0.338329,0.386662,-7,8,123169,142274,-28,32,0.538113,0.240235,2.062298,0.003644,0.560646,-1,,,,,,,,,,,,,,,,
11.577823,rectangle_0.15_поворот 2,19753,493950,24984,0,0,-0.387940,0.387940,-0.387095,0.387095,-8,8,123162,142281,-28,32,0.538113,0.240235,2.077255,0.000000,0.598693,-1,,,,,,,,,,,,,,,,
11.603328,rectangle_0.15_поворот 2,19754,493976,25020,0,0,-0.387940,0.387940,-0.386538,0.338221,-8,7,123154,142288,-28,33,0.538158,0.240156,2.091278,-0.003643,0.560467,-1,,,,,,,,,,,,,,,,
11.640918,rectangle_0.15_поворот 2,19755,494001,24984,0,0,-0.387940,0.387940,-0.338708,0.290321,-7,6,123146,142294,-28,34,0.538204,0.240077,2.103431,-0.003648,0.486438,-1,,,,,,,,,,,,,,,,
11.654085,rectangle_0.15_поворот 2,19756,494026,25016,0,0,-0.387940,0.387940,-0.338275,0.289950,-7,6,123139,142301,-29,34,0.538250,0.239999,2.115585,-0.003644,0.485816,-1,,,,,,,,,,,,,,,,
11.679951,rectangle_0.15_поворот 2,19757,494051,24992,0,0,-0.387940,0.387940,-0.386971,0.338600,-8,7,123132,142307,-28,33,0.538298,0.239921,2.129607,-0.003647,0.561095,-1,,,,,,,,,,,,,,,,
11.707160,rectangle_0.15_поворот 2,19758,494076,25008,0,0,-0.387940,0.387940,-0.338383,0.290043,-7,6,123124,142313,-29,34,0.538347,0.239844,2.141761,-0.003645,0.485971,-1,,,,,,,,,,,,,,,,
11.732576,rectangle_0.15_поворот 2,19759,494101,24984,0,0,-0.387940,0.387940,-0.387095,0.290321,-8,6,123117,142320,-28,34,0.538446,0.239692,2.154849,-0.007297,0.523856,-1,,,,,,,,,,,,,,,,
11.772678,rectangle_0.15_поворот 2,19760,494126,25012,0,0,-0.387940,0.387940,-0.338329,0.289996,-7,6,123110,142326,-29,35,0.538497,0.239616,2.167002,-0.003644,0.485893,-1,,,,,,,,,,,,,,,,
11.780131,rectangle_0.15_поворот 2,19761,494151,25000,0,0,-0.387940,0.387940,-0.290135,0.290135,-6,6,123104,142332,-30,35,0.538497,0.239616,2.178220,0.000000,0.448732,-1,,,,,,,,,,,,,,,,
11.806338,rectangle_0.15_поворот 2,19762,494176,24992,0,0,-0.387940,0.387940,-0.241857,0.338600,-5,7,123099,142338,-31,34,0.538392,0.239765,2.189438,0.007294,0.448876,-1,,,,,,,,,,,,,,,,
11.834171,rectangle_0.15_поворот 2,19763,494201,25020,0,0,-0.387940,0.387940,-0.289903,0.386538,-6,8,123092,142346,-30,34,0.538286,0.239913,2.202526,0.007286,0.523102,-1,,,,,,,,,,,,,,,,
11.860857,rectangle_0.15_поворот 2,19764,494226,24976,0,0,-0.387940,0.387940,-0.338817,0.387219,-7,8,123086,142354,-30,34,0.538231,0.239986,2.216549,0.003649,0.561454,-1,,,,,,,,,,,,,,,,
11.881137,rectangle_0.15_поворот 2,19765,494251,25020,0,0,-0.387940,0.387940,-0.289903,0.338221,-6,7,123080,142361,-30,34,0.538176,0.240058,2.228702,0.003643,0.485738,-1,,,,,,,,,,,,,,,,
11.906685,rectangle_0.15_поворот 2,19766,494276,25000,0,0,-0.387940,0.387940,-0.290135,0.290135,-6,6,123074,142367,-31,35,0.538176,0.240058,2.239921,0.000000,0.448732,-1,,,,,,,,,,,,,,,,
11.931921,rectangle_0.15_поворот 2,19767,494301,24984,0,0,-0.387940,0.387940,-0.338708,0.193547,-7,4,123066,142371,-30,37,0.538347,0.239845,2.250204,-0.010945,0.411601,-1,,,,,,,,,,,,,,,,
11.957218,rectangle_0.15_поворот 2,19768,494326,25016,0,0,-0.387940,0.387940,-0.338275,0.338275,-7,7,123060,142378,-30,35,0.538347,0.239845,2.263292,0.000000,0.523186,-1,,,,,,,,,,,,,,,,
11.983553,rectangle_0.15_поворот 2,19769,494351,25000,0,0,-0.387940,0.387940,-0.338491,0.338491,-7,7,123053,142385,-30,35,0.538347,0.239845,2.276380,0.000000,0.523521,-1,,,,,,,,,,,,,,,,
12.009485,rectangle_0.15_поворот 2,19770,494376,24988,0,0,-0.387940,0.387940,-0.290275,0.338654,-6,7,123046,142393,-31,35,0.538287,0.239914,2.288533,0.003648,0.486360,-1,,,,,,,,,,,,,,,,
12.032806,rectangle_0.15_поворот 2,19771,494401,25012,0,0,-0.387940,0.387940,-0.338329,0.386662,-7,8,123040,142401,-31,35,0.538227,0.239982,2.302556,0.003644,0.560646,-1,,,,,,,,,,,,,,,,
12.058639,rectangle_0.15_поворот 2,19772,494426,24992,0,0,-0.387940,0.387940,-0.290228,0.386971,-6,8,123034,142408,-31,35,0.538104,0.240117,2.315644,0.007294,0.523689,-1,,,,,,,,,,,,,,,,
12.082432,rectangle_0.15_поворот 2,19773,494451,24984,0,0,-0.387940,0.387940,-0.290321,0.387095,-6,8,123028,142416,-32,35,0.537980,0.240250,2.328732,0.007297,0.523856,-1,,,,,,,,,,,,,,,,
12.108958,rectangle_0.15_поворот 2,19774,494476,25020,0,0,-0.387940,0.387940,-0.193269,0.434855,-4,9,123024,142425,-33,34,0.537664,0.240579,2.340885,0.018215,0.485738,-1,,,,,,,,,,,,,,,,
12.138177,rectangle_0.15_поворот 2,19775,494501,24984,0,0,-0.387940,0.387940,-0.241934,0.387095,-5,8,123019,142434,-33,34,0.537473,0.240774,2.353038,0.010945,0.486438,-1,,,,,,,,,,,,,,,,
12.161643,rectangle_0.15_поворот 2,19776,494526,25024,0,0,-0.387940,0.387940,-0.241548,0.386476,-5,8,123013,142442,-33,34,0.537279,0.240967,2.365191,0.010927,0.485660,-1,,,,,,,,,,,,,,,,
12.184505,rectangle_0.15_поворот 2,19777,494551,24972,0,0,-0.387940,0.387940,-0.290461,0.435691,-6,9,123007,142450,-33,34,0.537082,0.241157,2.379214,0.010950,0.561544,-1,,,,,,,,,,,,,,,,
12.209340,rectangle_0.15_поворот 2,19778,494576,25004,0,0,-0.387940,0.387940,-0.338437,0.435134,-7,9,123001,142459,-32,34,0.536950,0.241282,2.394172,0.007291,0.598214,-1,,,,,,,,,,,,,,,,
12.235836,rectangle_0.15_поворот 2,19779,494601,25016,0,0,-0.387940,0.387940,-0.241625,0.434925,-5,9,122995,142469,-34,34,0.536681,0.241528,2.407260,0.014574,0.523186,-1,,,,,,,,,,,,,,,,
12.259985,rectangle_0.15_поворот 2,19780,494626,24988,0,0,-0.387940,0.387940,-0.290275,0.532170,-6,11,122990,142479,-33,32,0.536340,0.241831,2.423152,0.018239,0.636009,-1,,,,,,,,,,,,,,,,
12.285948,rectangle_0.15_поворот 2,19781,494651,24996,0,0,-0.387940,0.387940,-0.290182,0.483636,-6,10,122984,142490,-34,32,0.536064,0.242069,2.438110,0.014586,0.598405,-1,,,,,,,,,,,,,,,,
12.312828,rectangle_0.15_поворот 2,19782,494675,25008,0,0,-0.387940,0.387940,-0.338383,0.483404,-7,10,122977,142500,-33,32,0.535854,0.242244,2.454003,0.010934,0.635501,-1,,,,,,,,,,,,,,,,
12.346134,rectangle_0.15_поворот 2,19783,494701,24988,0,0,-0.387940,0.387940,-0.290275,0.483791,-6,10,122971,142510,-34,32,0.535570,0.242473,2.468960,0.014591,0.598597,-1,,,,,,,,,,,,,,,,
12.362274,rectangle_0.15_поворот 2,19784,494726,25016,0,0,-0.387940,0.387940,-0.241625,0.386600,-5,8,122965,142518,-35,33,0.535355,0.242643,2.481113,0.010931,0.485816,-1,,,,,,,,,,,,,,,,
12.386044,rectangle_0.15_поворот 2,19785,494751,25016,0,0,-0.387940,0.387940,-0.338275,0.338275,-7,7,122958,142525,-34,34,0.535355,0.242643,2.494201,0.000000,0.523186,-1,,,,,,,,,,,,,,,,
12.412754,rectangle_0.15_поворот 2,19786,494776,24980,0,0,-0.387940,0.387940,-0.338762,0.338762,-7,7,122952,142531,-34,34,0.535355,0.242643,2.507289,0.000000,0.523940,-1,,,,,,,,,,,,,,,,
12.438565,rectangle_0.15_поворот 2,19787,494800,25000,0,0,-0.387940,0.387940,-0.290135,0.290135,-6,6,122946,142537,-35,35,0.535355,0.242643,2.518508,0.000000,0.448732,-1,,,,,,,,,,,,,,,,
12.463641,rectangle_0.15_поворот 2,19788,494826,24996,0,0,-0.387940,0.387940,-0.290182,0.338546,-6,7,122940,142545,-35,34,0.535281,0.242695,2.530661,0.003647,0.486204,-1,,,,,,,,,,,,,,,,
12.487491,rectangle_0.15_поворот 2,19789,494851,25000,0,0,-0.387940,0.387940,-0.290135,0.386847,-6,8,122934,142552,-35,34,0.535131,0.242799,2.543749,0.007292,0.523521,-1,,,,,,,,,,,,,,,,
12.513491,rectangle_0.15_поворот 2,19790,494876,24996,0,0,-0.387940,0.387940,-0.290182,0.386909,-6,8,122928,142560,-35,34,0.534980,0.242901,2.556837,0.007293,0.523605,-1,,,,,,,,,,,,,,,,
12.538886,rectangle_0.15_поворот 2,19791,494901,25004,0,0,-0.387940,0.387940,-0.241741,0.435134,-5,9,122923,142569,-36,33,0.534674,0.243100,2.569925,0.014581,0.523437,-1,,,,,,,,,,,,,,,,
12.564700,rectangle_0.15_поворот 2,19792,494926,25012,0,0,-0.387940,0.387940,-0.241664,0.483327,-5,10,122918,142579,-36,32,0.534289,0.243344,2.583948,0.018221,0.560646,-1,,,,,,,,,,,,,,,,
12.590325,rectangle_0.15_поворот 2,19793,494951,25000,0,0,-0.387940,0.387940,-0.241780,0.483559,-5,10,122912,142589,-37,32,0.533901,0.243582,2.597970,0.018230,0.560915,-1,,,,,,,,,,,,,,,,
12.613722,rectangle_0.15_поворот 2,19794,494976,24988,0,0,-0.387940,0.387940,-0.241896,0.387033,-5,8,122908,142597,-37,33,0.533666,0.243722,2.610124,0.010943,0.486360,-1,,,,,,,,,,,,,,,,
12.639878,rectangle_0.15_поворот 2,19795,495001,24996,0,0,-0.387940,0.387940,-0.241818,0.338546,-5,7,122902,142604,-37,34,0.533508,0.243814,2.621342,0.007293,0.448804,-1,,,,,,,,,,,,,,,,
12.665557,rectangle_0.15_поворот 2,19796,495026,25008,0,0,-0.387940,0.387940,-0.338383,0.338383,-7,7,122896,142611,-36,34,0.533508,0.243814,2.634430,0.000000,0.523353,-1,,,,,,,,,,,,,,,,
12.691746,rectangle_0.15_поворот 2,19797,495051,25004,0,0,-0.387940,0.387940,-0.290089,0.338437,-6,7,122890,142618,-37,34,0.533428,0.243857,2.646583,0.003645,0.486049,-1,,,,,,,,,,,,,,,,
12.716897,rectangle_0.15_поворот 2,19798,495076,25004,0,0,-0.387940,0.387940,-0.290089,0.338437,-6,7,122884,142625,-37,34,0.533348,0.243900,2.658736,0.003645,0.486049,-1,,,,,,,,,,,,,,,,
12.742499,rectangle_0.15_поворот 2,19799,495100,25004,0,0,-0.387940,0.387940,-0.290089,0.290089,-6,6,122878,142632,-37,35,0.533348,0.243900,2.669955,0.000000,0.448660,-1,,,,,,,,,,,,,,,,
12.766313,rectangle_0.15_поворот 2,19800,495126,25152,0,0,-0.387940,0.387940,-0.288382,0.336446,-6,7,122872,142639,-37,35,0.533266,0.243941,2.682108,0.003624,0.483189,-1,,,,,,,,,,,,,,,,
12.792789,rectangle_0.15_поворот 2,19801,495151,24836,0,0,-0.387940,0.387940,-0.243376,0.389402,-5,8,122866,142646,-38,34,0.533021,0.244061,2.694261,0.011010,0.489337,-1,,,,,,,,,,,,,,,,
12.816628,rectangle_0.15_поворот 2,19802,495176,25000,0,0,-0.387940,0.387940,-0.241780,0.386847,-5,8,122861,142655,-39,34,0.532773,0.244178,2.706414,0.010938,0.486127,-1,,,,,,,,,,,,,,,,
12.842945,rectangle_0.15_поворот 2,19803,495201,25016,0,0,-0.387940,0.387940,-0.338275,0.386600,-7,8,122855,142663,-37,34,0.532690,0.244216,2.720437,0.003644,0.560557,-1,,,,,,,,,,,,,,,,
12.868844,rectangle_0.15_поворот 2,19804,495226,24980,0,0,-0.387940,0.387940,-0.290368,0.338762,-6,7,122849,142670,-38,35,0.532607,0.244252,2.732590,0.003649,0.486516,-1,,,,,,,,,,,,,,,,
12.892789,rectangle_0.15_пауза,19805,495251,25012,0,0,0.000000,0.000000,-0.289996,0.434994,-6,9,122843,142679,-14,11,0.532355,0.244359,2.746613,0.010933,0.560646,-1,,,,,,,,,,,,,,,,
12.916581,rectangle_0.15_пауза,19806,495276,25004,0,0,0.000000,0.000000,-0.193393,0.338437,-4,7,122839,142685,-15,12,0.532103,0.244463,2.756896,0.010936,0.411272,-1,,,,,,,,,,,,,,,,
12.948154,rectangle_0.15_пауза,19807,495301,24980,0,0,0.000000,0.000000,0.000000,0.096789,0,2,122839,142687,-17,15,0.531933,0.244531,2.758766,0.007298,0.074849,-1,,,,,,,,,,,,,,,,
12.969894,rectangle_0.15_пауза,19808,495326,25004,0,0,0.000000,0.000000,0.000000,0.048348,0,1,122839,142688,-17,15,0.531849,0.244565,2.759701,0.003645,0.037388,-1,,,,,,,,,,,,,,,,
12.993950,rectangle_0.15_пауза,19809,495350,25008,0,0,0.000000,0.000000,0.000000,0.000000,0,0,122839,142688,-17,16,0.531849,0.244565,2.759701,0.000000,0.000000,-1,,,,,,,,,,,,,,,,
13.020079,rectangle_0.15_пауза,19810,495376,25008,0,0,0.000000,0.000000,0.000000,0.000000,0,0,122839,142688,-17,16,0.531849,0.244565,2.759701,0.000000,0.000000,-1,,,,,,,,,,,,,,,,
13.043807,rectangle_0.15_пауза,19811,495400,24988,0,0,0.000000,0.000000,0.000000,0.000000,0,0,122839,142688,-17,16,0.531849,0.244565,2.759701,0.000000,0.000000,-1,,,,,,,,,,,,,,,,
13.069983,rectangle_0.15_пауза,19812,495426,25004,0,0,0.000000,0.000000,0.000000,0.000000,0,0,122839,142688,-17,16,0.531849,0.244565,2.759701,0.000000,0.000000,-1,,,,,,,,,,,,,,,,
13.103732,rectangle_0.15_пауза,19813,495451,24988,0,0,0.000000,0.000000,0.000000,0.000000,0,0,122839,142688,-17,16,0.531849,0.244565,2.759701,0.000000,0.000000,-1,,,,,,,,,,,,,,,,
13.119008,rectangle_0.15_пауза,19814,495475,24996,0,0,0.000000,0.000000,0.000000,0.000000,0,0,122839,142688,-17,16,0.531849,0.244565,2.759701,0.000000,0.000000,-1,,,,,,,,,,,,,,,,
13.146813,rectangle_0.15_пауза,19815,495501,25012,0,0,0.000000,0.000000,0.000000,0.000000,0,0,122839,142688,-17,16,0.531849,0.244565,2.759701,0.000000,0.000000,-1,,,,,,,,,,,,,,,,
13.171095,rectangle_0.15_пауза,19816,495525,25004,0,0,0.000000,0.000000,0.000000,0.000000,0,0,122839,142688,-17,16,0.531849,0.244565,2.759701,0.000000,0.000000,-1,,,,,,,,,,,,,,,,
13.196627,rectangle_0.15_пауза,19817,495551,24992,0,0,0.000000,0.000000,0.000000,0.000000,0,0,122839,142688,-17,16,0.531849,0.244565,2.759701,0.000000,0.000000,-1,,,,,,,,,,,,,,,,
13.221560,rectangle_0.15_пауза,19818,495576,24996,0,0,0.000000,0.000000,0.000000,0.000000,0,0,122839,142688,-17,16,0.531849,0.244565,2.759701,0.000000,0.000000,-1,,,,,,,,,,,,,,,,
13.247578,rectangle_0.15_пауза,19819,495600,25008,0,0,0.000000,0.000000,0.000000,0.000000,0,0,122839,142688,-17,16,0.531849,0.244565,2.759701,0.000000,0.000000,-1,,,,,,,,,,,,,,,,
13.272410,rectangle_0.15_пауза,19820,495626,25008,0,0,0.000000,0.000000,0.000000,0.000000,0,0,122839,142688,-17,16,0.531849,0.244565,2.759701,0.000000,0.000000,-1,,,,,,,,,,,,,,,,
13.297943,rectangle_0.15_пауза,19821,495650,24980,0,0,0.000000,0.000000,0.000000,0.000000,0,0,122839,142688,-17,16,0.531849,0.244565,2.759701,0.000000,0.000000,-1,,,,,,,,,,,,,,,,
13.323446,rectangle_0.15_пауза,19822,495676,25008,0,0,0.000000,0.000000,0.000000,0.000000,0,0,122839,142688,-17,16,0.531849,0.244565,2.759701,0.000000,0.000000,-1,,,,,,,,,,,,,,,,
13.346963,rectangle_0.15_пауза,19823,495700,24996,0,0,0.000000,0.000000,0.000000,0.000000,0,0,122839,142688,-17,16,0.531849,0.244565,2.759701,0.000000,0.000000,-1,,,,,,,,,,,,,,,,
13.372360,rectangle_0.15_пауза,19824,495726,25020,0,0,0.000000,0.000000,0.000000,0.000000,0,0,122839,142688,-17,16,0.531849,0.244565,2.759701,0.000000,0.000000,-1,,,,,,,,,,,,,,,,
13.398728,rectangle_0.15_пауза,19825,495751,24992,0,0,0.000000,0.000000,0.000000,0.000000,0,0,122839,142688,-17,16,0.531849,0.244565,2.759701,0.000000,0.000000,-1,,,,,,,,,,,,,,,,
13.424693,rectangle_0.15_пауза,19826,495775,25000,0,0,0.000000,0.000000,0.000000,0.000000,0,0,122839,142688,-17,16,0.531849,0.244565,2.759701,0.000000,0.000000,-1,,,,,,,,,,,,,,,,
13.448034,rectangle_0.15_пауза,19827,495801,24984,0,0,0.000000,0.000000,0.000000,0.000000,0,0,122839,142688,-17,16,0.531849,0.244565,2.759701,0.000000,0.000000,-1,,,,,,,,,,,,,,,,
13.474286,rectangle_0.15_пауза,19828,495825,25024,0,0,0.000000,0.000000,0.000000,0.000000,0,0,122839,142688,-17,16,0.531849,0.244565,2.759701,0.000000,0.000000,-1,,,,,,,,,,,,,,,,
13.500686,rectangle_0.15_сторона 3,19829,495851,24980,0,0,0.994718,0.994718,0.000000,0.000000,0,0,122839,142688,30,61,0.531849,0.244565,2.759701,0.000000,0.000000,-1,,,,,,,,,,,,,,,,
13.523836,rectangle_0.15_сторона 3,19830,495876,25008,0,0,0.994718,0.994718,0.241702,0.290043,5,6,122844,142694,28,59,0.530918,0.244939,2.760636,0.040093,0.037382,-1,,,,,,,,,,,,,,,,
13.549551,rectangle_0.15_сторона 3,19831,495901,24996,0,0,0.994718,0.994718,0.628727,0.532000,13,11,122858,142706,24,57,0.528888,0.245754,2.758766,0.087517,-0.074801,-1,,,,,,,,,,,,,,,,
13.575166,rectangle_0.15_сторона 3,19832,495926,25008,0,0,0.994718,0.994718,0.628426,0.821787,13,17,122871,142723,24,53,0.526350,0.246771,2.762505,0.109343,0.149530,-1,,,,,,,,,,,,,,,,
13.600683,rectangle_0.15_сторона 3,19833,495951,24984,0,0,0.994718,0.994718,0.483869,0.967737,10,20,122881,142743,27,51,0.523805,0.247771,2.771854,0.109449,0.374183,-1,,,,,,,,,,,,,,,,
13.626246,rectangle_0.15_сторона 3,19834,495976,25016,0,0,0.994718,0.994718,0.628225,1.063149,13,22,122894,142765,26,50,0.520825,0.248911,2.780268,0.127527,0.336334,-1,,,,,,,,,,,,,,,,
13.651239,rectangle_0.15_сторона 3,19835,496001,24988,0,0,0.994718,0.994718,0.725687,1.015962,15,21,122908,142786,25,51,0.517753,0.250062,2.785877,0.131317,0.224474,-1,,,,,,,,,,,,,,,,
13.676689,rectangle_0.15_сторона 3,19836,496026,25012,0,0,0.994718,0.994718,0.773323,1.111652,16,23,122925,142809,25,49,0.514416,0.251290,2.792421,0.142124,0.261635,-1,,,,,,,,,,,,,,,,
13.701701,rectangle_0.15_сторона 3,19837,496051,25000,0,0,0.994718,0.994718,0.822050,1.160542,17,24,122942,142833,25,48,0.510901,0.252557,2.798965,0.149484,0.261761,-1,,,,,,,,,,,,,,,,
13.727523,rectangle_0.15_сторона 3,19838,496076,24988,0,0,0.994718,0.994718,0.822445,1.064341,17,22,122959,142856,25,49,0.507550,0.253743,2.803639,0.142260,0.187062,-1,,,,,,,,,,,,,,,,
13.752525,rectangle_0.15_сторона 3,19839,496101,25008,0,0,0.994718,0.994718,0.725106,1.160170,15,24,122973,142879,27,48,0.504191,0.254908,2.812053,0.142147,0.336441,-1,,,,,,,,,,,,,,,,
13.778120,rectangle_0.15_сторона 3,19840,496125,25004,0,0,0.994718,0.994718,0.725223,1.112008,15,23,122989,142902,28,48,0.500910,0.256016,2.819532,0.138524,0.299107,-1,,,,,,,,,,,,,,,,
13.803837,rectangle_0.15_сторона 3,19841,496151,24988,0,0,0.994718,0.994718,0.870824,1.112720,18,23,123006,142926,26,48,0.497362,0.257191,2.824206,0.149556,0.187062,-1,,,,,,,,,,,,,,,,
13.829579,rectangle_0.15_сторона 3,19842,496176,25000,0,0,0.994718,0.994718,0.870406,1.112186,18,23,123025,142948,26,48,0.493809,0.258349,2.828880,0.149484,0.186972,-1,,,,,,,,,,,,,,,,
13.854578,rectangle_0.15_сторона 3,19843,496201,25032,0,0,0.994718,0.994718,0.869294,1.159058,18,24,123042,142972,27,47,0.490163,0.259516,2.834489,0.152934,0.224079,-1,,,,,,,,,,,,,,,,
13.878451,rectangle_0.15_сторона 3,19844,496226,24988,0,0,0.994718,0.994718,0.774066,1.161099,16,24,123058,142996,28,46,0.486683,0.260605,2.841968,0.145908,0.299298,-1,,,,,,,,,,,,,,,,
13.903540,rectangle_0.15_сторона 3,19845,496251,25004,0,0,0.994718,0.994718,0.821919,1.063660,17,22,123076,143018,28,47,0.483284,0.261647,2.846642,0.142169,0.186942,-1,,,,,,,,,,,,,,,,
13.928828,rectangle_0.15_сторона 3,19846,496276,24992,0,0,0.994718,0.994718,0.919056,1.064170,19,22,123095,143040,27,47,0.479707,0.262728,2.849447,0.149532,0.112219,-1,,,,,,,,,,,,,,,,
13.954912,rectangle_0.15_сторона 3,19847,496301,24992,0,0,0.994718,0.994718,0.919056,1.112542,19,23,123114,143064,27,46,0.476039,0.263824,2.853186,0.153179,0.149625,-1,,,,,,,,,,,,,,,,
13.978741,rectangle_0.15_сторона 3,19848,496326,25032,0,0,0.994718,0.994718,0.917588,1.159058,19,24,123133,143087,27,45,0.472279,0.264930,2.857861,0.156575,0.186733,-1,,,,,,,,,,,,,,,,
14.008700,rectangle_0.15_сторона 3,19849,496351,24968,0,0,0.994718,0.994718,0.823104,1.016775,17,21,123150,143108,29,47,0.468952,0.265893,2.861600,0.138724,0.149769,-1,,,,,,,,,,,,,,,,
14.029754,rectangle_0.15_сторона 3,19850,496376,25004,0,0,0.994718,0.994718,0.870267,1.112008,18,23,123168,143131,28,46,0.465358,0.266917,2.866274,0.149460,0.186942,-1,,,,,,,,,,,,,,,,
14.057945,rectangle_0.15_сторона 3,19851,496401,25000,0,0,0.994718,0.994718,0.967118,1.112186,20,23,123188,143154,27,46,0.461585,0.267978,2.869079,0.156776,0.112183,-1,,,,,,,,,,,,,,,,
14.083072,rectangle_0.15_сторона 3,19852,496427,25004,0,0,0.994718,0.994718,0.966963,1.015312,20,21,123208,143176,27,47,0.457985,0.268982,2.870013,0.149460,0.037388,-1,,,,,,,,,,,,,,,,
14.111823,rectangle_0.15_сторона 3,19853,496451,24992,0,0,0.994718,0.994718,0.822313,1.112542,17,23,123225,143198,29,45,0.454470,0.269950,2.875623,0.145885,0.224438,-1,,,,,,,,,,,,,,,,
14.133598,rectangle_0.15_сторона 3,19854,496476,24988,0,0,0.994718,0.994718,0.919203,1.064341,19,22,123244,143220,28,46,0.450863,0.270927,2.878427,0.149556,0.112237,-1,,,,,,,,,,,,,,,,
14.162985,rectangle_0.15_сторона 3,19855,496501,25020,0,0,0.994718,0.994718,0.918028,1.062979,19,22,123263,143242,28,46,0.447253,0.271894,2.881232,0.149364,0.112093,-1,,,,,,,,,,,,,,,,
14.183394,rectangle_0.15_сторона 3,19856,496526,24980,0,0,0.994718,0.994718,0.967892,1.016287,20,21,123283,143263,28,46,0.443642,0.272855,2.882166,0.149604,0.037424,-1,,,,,,,,,,,,,,,,
14.208867,rectangle_0.15_сторона 3,19857,496551,25008,0,0,0.994718,0.994718,0.870128,1.063490,18,22,123301,143285,29,45,0.440116,0.273783,2.885906,0.145791,0.149530,-1,,,,,,,,,,,,,,,,
14.231748,rectangle_0.15_сторона 3,19858,496576,25012,0,0,0.994718,0.994718,0.918321,1.063320,19,22,123320,143308,29,45,0.436499,0.274723,2.888710,0.149412,0.112129,-1,,,,,,,,,,,,,,,,
14.256920,rectangle_0.15_сторона 3,19859,496601,25004,0,0,0.994718,0.994718,0.966963,1.015312,20,21,123340,143328,28,46,0.432880,0.275657,2.889645,0.149460,0.037388,-1,,,,,,,,,,,,,,,,
14.284772,rectangle_0.15_сторона 3,19860,496626,24996,0,0,0.994718,0.994718,0.918909,0.967273,19,20,123359,143348,29,47,0.429437,0.276541,2.890580,0.142215,0.037400,-1,,,,,,,,,,,,,,,,
14.307518,rectangle_0.15_сторона 3,19861,496651,24980,0,0,0.994718,0.994718,0.967892,1.113076,20,23,123378,143371,29,44,0.425639,0.277510,2.893384,0.156901,0.112273,-1,,,,,,,,,,,,,,,,
14.335047,rectangle_0.15_сторона 3,19862,496676,25008,0,0,0.994718,0.994718,0.918468,1.063490,19,22,123398,143394,29,45,0.422016,0.278423,2.896189,0.149436,0.112147,-1,,,,,,,,,,,,,,,,
14.360481,rectangle_0.15_сторона 3,19863,496701,24996,0,0,0.994718,0.994718,0.967273,0.967273,20,20,123418,143413,29,46,0.418479,0.279308,2.896189,0.145861,0.000000,-1,,,,,,,,,,,,,,,,
14.388271,rectangle_0.15_сторона 3,19864,496726,25008,0,0,0.994718,0.994718,0.966809,1.063490,20,22,123438,143435,29,45,0.414764,0.280235,2.898059,0.153081,0.074765,-1,,,,,,,,,,,,,,,,
14.408744,rectangle_0.15_сторона 3,19865,496751,24992,0,0,0.994718,0.994718,0.919056,1.112542,19,23,123457,143458,30,44,0.411047,0.281151,2.901798,0.153179,0.149625,-1,,,,,,,,,,,,,,,,
14.434660,rectangle_0.15_сторона 3,19866,496776,25008,0,0,0.994718,0.994718,0.918468,1.015149,19,21,123476,143479,30,45,0.407505,0.282014,2.903668,0.145791,0.074765,-1,,,,,,,,,,,,,,,,
14.461049,rectangle_0.15_сторона 3,19867,496801,24996,0,0,0.994718,0.994718,0.967273,0.918909,20,19,123496,143498,29,47,0.404051,0.282853,2.902733,0.142215,-0.037400,-1,,,,,,,,,,,,,,,,
14.487158,rectangle_0.15_сторона 3,19868,496826,24996,0,0,0.994718,0.994718,0.918909,1.112364,19,23,123515,143521,30,44,0.400330,0.283752,2.906472,0.153154,0.149601,-1,,,,,,,,,,,,,,,,
14.510294,rectangle_0.15_сторона 3,19869,496851,25008,0,0,0.994718,0.994718,0.918468,1.111830,19,23,123534,143544,30,44,0.396605,0.284637,2.910212,0.153081,0.149529,-1,,,,,,,,,,,,,,,,
14.535928,rectangle_0.15_сторона 3,19870,496876,25004,0,0,0.994718,0.994718,0.918615,1.015312,19,21,123553,143565,30,45,0.393055,0.285470,2.912081,0.145815,0.074777,-1,,,,,,,,,,,,,,,,
14.560895,rectangle_0.15_сторона 3,19871,496901,24996,0,0,0.994718,0.994718,0.967273,1.015636,20,21,123573,143586,30,45,0.389416,0.286318,2.913016,0.149508,0.037400,-1,,,,,,,,,,,,,,,,
14.587120,rectangle_0.15_сторона 3,19872,496926,24996,0,0,0.994718,0.994718,0.967273,1.112364,20,23,123593,143609,30,43,0.385597,0.287201,2.915821,0.156801,0.112201,-1,,,,,,,,,,,,,,,,
14.613043,rectangle_0.15_сторона 3,19873,496951,24992,0,0,0.994718,0.994718,0.870685,1.112542,18,23,123611,143632,31,43,0.381953,0.288029,2.920495,0.149532,0.187032,-1,,,,,,,,,,,,,,,,
14.639076,rectangle_0.15_сторона 3,19874,496976,25024,0,0,0.994718,0.994718,0.917881,1.014500,19,21,123630,143653,31,44,0.378395,0.288825,2.922364,0.145698,0.074717,-1,,,,,,,,,,,,,,,,
14.662221,rectangle_0.15_сторона 3,19875,497001,24976,0,0,0.994718,0.994718,0.968047,1.113254,20,23,123650,143676,30,43,0.374568,0.289672,2.925169,0.156926,0.112291,-1,,,,,,,,,,,,,,,,
14.690248,rectangle_0.15_сторона 3,19876,497026,25052,0,0,0.994718,0.994718,1.013366,1.109877,21,23,123670,143700,30,43,0.370651,0.290530,2.927039,0.160089,0.074633,-1,,,,,,,,,,,,,,,,
14.714265,rectangle_0.15_сторона 3,19877,497051,24952,0,0,0.994718,0.994718,0.775183,1.017427,16,21,123687,143720,33,44,0.367354,0.291240,2.931713,0.135160,0.187331,-1,,,,,,,,,,,,,,,,
14.737817,rectangle_0.15_сторона 3,19878,497076,25008,0,0,0.994718,0.994718,0.918468,1.063490,19,22,123706,143742,31,43,0.363697,0.292013,2.934517,0.149436,0.112147,-1,,,,,,,,,,,,,,,,
14.763442,rectangle_0.15_сторона 3,19879,497101,25020,0,0,0.994718,0.994718,1.014662,1.159614,21,24,123727,143767,30,41,0.359682,0.292851,2.937322,0.163937,0.112093,-1,,,,,,,,,,,,,,,,
14.790239,rectangle_0.15_сторона 3,19880,497126,24976,0,0,0.994718,0.994718,0.919645,1.064852,19,22,123745,143788,31,43,0.356022,0.293604,2.940126,0.149628,0.112291,-1,,,,,,,,,,,,,,,,
14.813608,rectangle_0.15_сторона 3,19881,497150,24992,0,0,0.994718,0.994718,0.725571,0.919056,15,19,123761,143807,35,45,0.352984,0.294219,2.943866,0.124002,0.149625,-1,,,,,,,,,,,,,,,,
14.839757,rectangle_0.15_сторона 3,19882,497176,25020,0,0,0.994718,0.994718,0.966345,1.159614,20,24,123781,143831,31,41,0.349050,0.294999,2.947605,0.160294,0.149458,-1,,,,,,,,,,,,,,,,
14.864587,rectangle_0.15_сторона 3,19883,497201,25000,0,0,0.994718,0.994718,1.063830,1.160542,22,24,123803,143855,30,41,0.344935,0.295803,2.949475,0.167714,0.074789,-1,,,,,,,,,,,,,,,,
14.889561,rectangle_0.15_сторона 3,19884,497226,24984,0,0,0.994718,0.994718,0.822577,0.919351,17,19,123820,143874,34,44,0.341714,0.296427,2.951344,0.131338,0.074837,-1,,,,,,,,,,,,,,,,
14.915402,rectangle_0.15_сторона 3,19885,497251,25008,0,0,0.994718,0.994718,0.773447,0.966809,16,20,123836,143894,35,44,0.338491,0.297041,2.955084,0.131212,0.149530,-1,,,,,,,,,,,,,,,,
14.944210,rectangle_0.15_сторона 3,19886,497276,25008,0,0,0.994718,0.994718,0.966809,1.160170,20,24,123856,143918,32,41,0.334548,0.297778,2.958823,0.160370,0.149529,-1,,,,,,,,,,,,,,,,
14.971878,rectangle_0.15_сторона 3,19887,497301,24984,0,0,0.994718,0.994718,1.016124,1.064511,21,22,123877,143940,31,42,0.330694,0.298488,2.959758,0.156876,0.037418,-1,,,,,,,,,,,,,,,,
14.990767,rectangle_0.15_сторона 3,19888,497326,25016,0,0,0.994718,0.994718,0.869850,0.966500,18,20,123895,143960,34,43,0.327287,0.299111,2.961628,0.138457,0.074741,-1,,,,,,,,,,,,,,,,
15.017477,rectangle_0.15_сторона 3,19889,497351,24984,0,0,0.994718,0.994718,0.870964,1.112898,18,23,123913,143983,34,41,0.323608,0.299772,2.966302,0.149580,0.187091,-1,,,,,,,,,,,,,,,,
15.041558,rectangle_0.15_сторона 3,19890,497376,24996,0,0,0.994718,0.994718,0.967273,1.112364,20,23,123933,144006,33,41,0.319748,0.300450,2.969106,0.156801,0.112201,-1,,,,,,,,,,,,,,,,
15.068311,rectangle_0.15_сторона 3,19891,497401,25028,0,0,0.994718,0.994718,1.014338,1.062640,21,22,123954,144028,32,41,0.315886,0.301121,2.970041,0.156600,0.037353,-1,,,,,,,,,,,,,,,,
15.092591,rectangle_0.15_сторона 3,19892,497426,25024,0,0,0.994718,0.994718,0.917881,1.062810,19,22,123972,144050,33,41,0.312203,0.301754,2.972846,0.149341,0.112076,-1,,,,,,,,,,,,,,,,
15.118605,rectangle_0.15_сторона 3,19893,497451,24960,0,0,0.994718,0.994718,0.823368,1.162401,17,24,123990,144074,35,39,0.308517,0.302369,2.979390,0.149723,0.262180,-1,,,,,,,,,,,,,,,,
15.143050,rectangle_0.15_сторона 3,19894,497476,25012,0,0,0.994718,0.994718,0.918321,1.063320,19,22,124009,144096,34,41,0.304828,0.302968,2.982194,0.149412,0.112129,-1,,,,,,,,,,,,,,,,
15.169049,rectangle_0.15_сторона 3,19895,497501,24992,0,0,0.994718,0.994718,1.015799,1.064170,21,22,124030,144118,33,40,0.300958,0.303588,2.983129,0.156826,0.037406,-1,,,,,,,,,,,,,,,,
15.193276,rectangle_0.15_сторона 3,19896,497526,25012,0,0,0.994718,0.994718,1.014987,1.111652,21,23,124051,144141,33,40,0.296998,0.304217,2.984999,0.160345,0.074753,-1,,,,,,,,,,,,,,,,
15.219767,rectangle_0.15_сторона 3,19897,497551,24984,0,0,0.994718,0.994718,0.774190,1.064511,16,22,124067,144163,36,40,0.293575,0.304748,2.990608,0.138635,0.224510,-1,,,,,,,,,,,,,,,,
15.244867,rectangle_0.15_сторона 3,19898,497576,24996,0,0,0.994718,0.994718,0.918909,1.112364,19,23,124086,144186,34,39,0.289789,0.305316,2.994348,0.153154,0.149601,-1,,,,,,,,,,,,,,,,
15.270095,rectangle_0.15_сторона 3,19899,497601,25000,0,0,0.994718,0.994718,1.063830,1.063830,22,22,124108,144208,32,40,0.285822,0.305905,2.994348,0.160422,0.000000,-1,,,,,,,,,,,,,,,,
15.294439,rectangle_0.15_сторона 3,19900,497626,25020,0,0,0.994718,0.994718,1.014662,1.111297,21,23,124128,144231,33,39,0.281854,0.306489,2.996217,0.160294,0.074729,-1,,,,,,,,,,,,,,,,
15.319709,rectangle_0.15_сторона 3,19901,497651,24996,0,0,0.994718,0.994718,0.725455,1.064000,15,22,124144,144253,37,39,0.278516,0.306967,3.002761,0.134922,0.261802,-1,,,,,,,,,,,,,,,,
15.345480,rectangle_0.15_сторона 3,19902,497676,24984,0,0,0.994718,0.994718,0.919351,1.112898,19,23,124163,144276,35,39,0.274723,0.307490,3.006501,0.153228,0.149673,-1,,,,,,,,,,,,,,,,
15.369873,rectangle_0.15_сторона 3,19903,497701,25008,0,0,0.994718,0.994718,1.063490,1.160170,22,24,124185,144300,33,38,0.270568,0.308051,3.008370,0.167660,0.074765,-1,,,,,,,,,,,,,,,,
15.395654,rectangle_0.15_сторона 3,19904,497726,25008,0,0,0.994718,0.994718,0.966809,1.111830,20,23,124205,144323,34,38,0.266683,0.308566,3.011175,0.156726,0.112147,-1,,,,,,,,,,,,,,,,
15.421449,rectangle_0.15_сторона 3,19905,497751,25008,0,0,0.994718,0.994718,0.773447,0.966809,16,20,124221,144343,37,40,0.263428,0.308986,3.014914,0.131212,0.149530,-1,,,,,,,,,,,,,,,,
15.447791,rectangle_0.15_сторона 3,19906,497776,24972,0,0,0.994718,0.994718,0.968202,1.113433,20,23,124241,144366,35,38,0.259540,0.309476,3.017719,0.156952,0.112309,-1,,,,,,,,,,,,,,,,
15.471523,rectangle_0.15_сторона 3,19907,497801,25064,0,0,0.994718,0.994718,1.157578,1.157578,24,24,124264,144390,32,37,0.255198,0.310017,3.017719,0.174559,0.000000,-1,,,,,,,,,,,,,,,,
15.497110,rectangle_0.15_сторона 3,19908,497826,24936,0,0,0.994718,0.994718,0.969600,1.066560,20,22,124285,144412,34,38,0.251399,0.310486,3.019588,0.153523,0.074981,-1,,,,,,,,,,,,,,,,
15.523161,rectangle_0.15_сторона 3,19909,497851,25020,0,0,0.994718,0.994718,0.773076,0.966345,16,20,124301,144433,37,39,0.248141,0.310879,3.023328,0.131149,0.149458,-1,,,,,,,,,,,,,,,,
15.549125,rectangle_0.15_сторона 3,19910,497875,24976,0,0,0.994718,0.994718,1.016450,1.161657,21,24,124322,144456,34,36,0.244067,0.311358,3.026132,0.164225,0.112291,-1,,,,,,,,,,,,,,,,
15.573056,rectangle_0.15_сторона 3,19911,497901,25016,0,0,0.994718,0.994718,1.111474,1.063149,23,22,124345,144478,33,38,0.239993,0.311832,3.025198,0.163963,-0.037370,-1,,,,,,,,,,,,,,,,
15.600075,rectangle_0.15_сторона 3,19912,497926,25008,0,0,0.994718,0.994718,0.966809,0.966809,20,20,124365,144498,35,39,0.236372,0.312255,3.025198,0.145791,0.000000,-1,,,,,,,,,,,,,,,,
15.623656,rectangle_0.15_сторона 3,19913,497951,25004,0,0,0.994718,0.994718,0.870267,0.966963,18,20,124383,144518,36,39,0.232931,0.312654,3.027067,0.138524,0.074777,-1,,,,,,,,,,,,,,,,
15.649665,rectangle_0.15_сторона 3,19914,497976,24976,0,0,0.994718,0.994718,0.968047,1.113254,20,23,124403,144541,35,37,0.229037,0.313097,3.029872,0.156926,0.112291,-1,,,,,,,,,,,,,,,,
15.673975,rectangle_0.15_сторона 3,19915,498001,25024,0,0,0.994718,0.994718,1.111119,1.062810,23,22,124426,144563,33,37,0.224961,0.313556,3.028937,0.163910,-0.037358,-1,,,,,,,,,,,,,,,,
15.699644,rectangle_0.15_сторона 3,19916,498026,24984,0,0,0.994718,0.994718,0.967737,0.967737,20,20,124446,144583,35,39,0.221338,0.313966,3.028937,0.145931,0.000000,-1,,,,,,,,,,,,,,,,
15.730228,rectangle_0.15_сторона 3,19917,498051,25008,0,0,0.994718,0.994718,0.870128,1.015149,18,21,124464,144604,36,38,0.217805,0.314361,3.031741,0.142147,0.112147,-1,,,,,,,,,,,,,,,,
15.750721,rectangle_0.15_сторона 3,19918,498076,24996,0,0,0.994718,0.994718,1.015636,1.064000,21,22,124486,144626,34,37,0.213909,0.314788,3.032676,0.156801,0.037400,-1,,,,,,,,,,,,,,,,
15.774672,rectangle_0.15_сторона 3,19919,498101,25000,0,0,0.994718,0.994718,1.112186,1.015474,23,21,124508,144647,33,38,0.209923,0.315228,3.030807,0.160422,-0.074789,-1,,,,,,,,,,,,,,,,
15.801175,rectangle_0.15_сторона 3,19920,498126,24988,0,0,0.994718,0.994718,0.967583,0.919203,20,19,124528,144666,35,39,0.206390,0.315623,3.029872,0.142260,-0.037412,-1,,,,,,,,,,,,,,,,
15.827043,rectangle_0.15_сторона 3,19921,498151,24996,0,0,0.994718,0.994718,0.918909,1.064000,19,22,124547,144688,36,37,0.202676,0.316034,3.032676,0.149508,0.112201,-1,,,,,,,,,,,,,,,,
15.850696,rectangle_0.15_сторона 3,19922,498176,25024,0,0,0.994718,0.994718,1.062810,1.062810,22,22,124569,144710,34,37,0.198689,0.316470,3.032676,0.160268,0.000000,-1,,,,,,,,,,,,,,,,
15.876582,rectangle_0.15_сторона 3,19923,498201,24976,0,0,0.994718,0.994718,1.064852,0.968047,22,20,124590,144730,33,38,0.194884,0.316890,3.030807,0.153277,-0.074861,-1,,,,,,,,,,,,,,,,
15.902834,rectangle_0.15_сторона 3,19924,498226,25004,0,0,0.994718,0.994718,0.870267,0.966963,18,20,124609,144750,36,38,0.191441,0.317270,3.032676,0.138524,0.074777,-1,,,,,,,,,,,,,,,,
15.928934,rectangle_0.15_сторона 3,19925,498251,25020,0,0,0.994718,0.994718,0.966345,1.111297,20,23,124629,144773,35,36,0.187544,0.317690,3.035481,0.156651,0.112093,-1,,,,,,,,,,,,,,,,
15.952544,rectangle_0.15_сторона 3,19926,498276,25000,0,0,0.994718,0.994718,1.063830,1.015474,22,21,124651,144794,34,37,0.183647,0.318107,3.034546,0.156776,-0.037394,-1,,,,,,,,,,,,,,,,
15.976997,rectangle_0.15_сторона 3,19927,498301,24980,0,0,0.994718,0.994718,1.016287,0.919498,21,19,124672,144813,34,39,0.180022,0.318500,3.032676,0.145955,-0.074849,-1,,,,,,,,,,,,,,,,
16.002621,rectangle_0.15_сторона 3,19928,498326,25020,0,0,0.994718,0.994718,0.918028,1.014662,19,21,124691,144834,36,38,0.176398,0.318893,3.034546,0.145721,0.074729,-1,,,,,,,,,,,,,,,,
16.028540,rectangle_0.15_сторона 3,19929,498351,24988,0,0,0.994718,0.994718,0.967583,1.112720,20,23,124712,144857,35,36,0.172500,0.319306,3.037350,0.156851,0.112237,-1,,,,,,,,,,,,,,,,
16.054849,rectangle_0.15_сторона 3,19930,498376,25044,0,0,0.994718,0.994718,1.110232,0.965419,23,20,124734,144877,33,38,0.168603,0.319720,3.034546,0.156500,-0.111986,-1,,,,,,,,,,,,,,,,
16.078755,rectangle_0.15_сторона 3,19931,498401,24948,0,0,0.994718,0.994718,0.969134,0.920677,20,19,124754,144896,35,39,0.165068,0.320101,3.033611,0.142488,-0.037472,-1,,,,,,,,,,,,,,,,
16.104732,rectangle_0.15_сторона 3,19932,498426,25032,0,0,0.994718,0.994718,0.965882,1.014176,20,21,124774,144917,35,37,0.161353,0.320502,3.034546,0.149293,0.037347,-1,,,,,,,,,,,,,,,,
16.135859,rectangle_0.15_сторона 3,19933,498451,24972,0,0,0.994718,0.994718,0.968202,1.065023,20,22,124794,144939,35,37,0.157546,0.320908,3.036416,0.153302,0.074873,-1,,,,,,,,,,,,,,,,
16.153969,rectangle_0.15_сторона 3,19934,498476,25024,0,0,0.994718,0.994718,1.014500,0.917881,21,19,124815,144958,34,39,0.153921,0.321294,3.034546,0.145698,-0.074717,-1,,,,,,,,,,,,,,,,
16.179121,rectangle_0.15_сторона 3,19935,498501,24968,0,0,0.994718,0.994718,0.968358,0.968358,20,20,124835,144978,35,38,0.150296,0.321683,3.034546,0.146025,0.000000,-1,,,,,,,,,,,,,,,,
16.204399,rectangle_0.15_сторона 3,19936,498526,25020,0,0,0.994718,0.994718,0.869711,1.062979,18,22,124853,145000,36,37,0.146670,0.322066,3.038285,0.145721,0.149458,-1,,,,,,,,,,,,,,,,
16.230004,rectangle_0.15_сторона 3,19937,498551,24992,0,0,0.994718,0.994718,0.967428,1.064170,20,22,124873,145022,35,37,0.142862,0.322457,3.040155,0.153179,0.074813,-1,,,,,,,,,,,,,,,,
16.255175,rectangle_0.15_сторона 3,19938,498576,25016,0,0,0.994718,0.994718,1.063149,1.014825,22,21,124895,145043,34,37,0.138963,0.322856,3.039220,0.156676,-0.037370,-1,,,,,,,,,,,,,,,,
16.281285,rectangle_0.15_сторона 3,19939,498601,25180,0,0,0.994718,0.994718,0.912194,0.960205,19,20,124914,145063,36,38,0.135426,0.323218,3.040155,0.141176,0.037127,-1,,,,,,,,,,,,,,,,
16.307179,rectangle_0.15_сторона 3,19940,498626,24812,0,0,0.994718,0.994718,0.877001,1.120613,18,23,124932,145086,37,36,0.131707,0.323587,3.044829,0.150617,0.188388,-1,,,,,,,,,,,,,,,,
16.330806,rectangle_0.15_сторона 3,19941,498651,24988,0,0,0.994718,0.994718,1.015962,1.015962,21,21,124953,145108,35,37,0.127897,0.323957,3.044829,0.153203,0.000000,-1,,,,,,,,,,,,,,,,
16.356958,rectangle_0.15_сторона 3,19942,498676,25004,0,0,0.994718,0.994718,1.063660,1.015312,22,21,124976,145128,34,37,0.123996,0.324338,3.043894,0.156751,-0.037388,-1,,,,,,,,,,,,,,,,
16.382890,rectangle_0.15_сторона 3,19943,498701,24992,0,0,0.994718,0.994718,1.015799,0.967428,21,20,124996,145148,35,38,0.120277,0.324704,3.042959,0.149532,-0.037406,-1,,,,,,,,,,,,,,,,
16.408901,rectangle_0.15_сторона 3,19944,498726,25000,0,0,0.994718,0.994718,0.870406,1.063830,18,22,125014,145170,37,36,0.116648,0.325056,3.046699,0.145838,0.149577,-1,,,,,,,,,,,,,,,,
16.432598,rectangle_0.15_сторона 3,19945,498751,25008,0,0,0.994718,0.994718,1.015149,1.015149,21,21,125035,145191,35,37,0.112837,0.325419,3.046699,0.153081,0.000000,-1,,,,,,,,,,,,,,,,
16.458468,rectangle_0.15_сторона 3,19946,498776,25016,0,0,0.994718,0.994718,1.063149,0.966500,22,20,125057,145210,34,38,0.109027,0.325785,3.044829,0.153032,-0.074741,-1,,,,,,,,,,,,,,,,
16.483841,rectangle_0.15_сторона 3,19947,498801,24996,0,0,0.994718,0.994718,0.918909,1.015636,19,21,125076,145232,36,37,0.105397,0.326134,3.046699,0.145861,0.074801,-1,,,,,,,,,,,,,,,,
16.510060,rectangle_0.15_сторона 3,19948,498826,25032,0,0,0.994718,0.994718,0.917588,1.062470,19,22,125095,145254,36,36,0.101677,0.326483,3.049503,0.149293,0.112040,-1,,,,,,,,,,,,,,,,
16.533129,rectangle_0.15_сторона 3,19949,498851,24944,0,0,0.994718,0.994718,0.969289,0.969289,20,20,125115,145274,36,37,0.098046,0.326818,3.049503,0.146165,0.000000,-1,,,,,,,,,,,,,,,,
16.559308,rectangle_0.15_сторона 3,19950,498876,25004,0,0,0.994718,0.994718,1.063660,0.966963,22,20,125137,145294,34,37,0.094234,0.327174,3.047634,0.153105,-0.074777,-1,,,,,,,,,,,,,,,,
16.585437,rectangle_0.15_сторона 3,19951,498900,25008,0,0,0.994718,0.994718,0.870128,1.015149,18,21,125155,145315,37,37,0.090695,0.327502,3.050438,0.142147,0.112147,-1,,,,,,,,,,,,,,,,
16.609150,rectangle_0.15_сторона 3,19952,498926,24992,0,0,0.994718,0.994718,0.870685,1.064170,18,22,125173,145337,37,36,0.087063,0.327827,3.054178,0.145885,0.149625,-1,,,,,,,,,,,,,,,,
16.635090,rectangle_0.15_сторона 3,19953,498952,25232,0,0,0.994718,0.994718,1.054048,1.006137,22,21,125195,145358,35,37,0.083159,0.328171,3.053243,0.155334,-0.037051,-1,,,,,,,,,,,,,,,,
16.660460,rectangle_0.15_сторона 3,19954,498976,24768,0,0,0.994718,0.994718,1.024986,0.976177,21,20,125216,145378,35,37,0.079437,0.328503,3.052308,0.150884,-0.037745,-1,,,,,,,,,,,,,,,,
16.686582,rectangle_0.15_сторона 3,19955,499001,25012,0,0,0.994718,0.994718,0.869989,1.014987,18,21,125234,145399,37,37,0.075896,0.328815,3.055112,0.142124,0.112129,-1,,,,,,,,,,,,,,,,
16.709746,rectangle_0.15_сторона 3,19956,499026,25000,0,0,0.994718,0.994718,0.870406,1.063830,18,22,125252,145421,38,36,0.072263,0.329123,3.058852,0.145838,0.149577,-1,,,,,,,,,,,,,,,,
16.737410,rectangle_0.15_сторона 3,19957,499051,25004,0,0,0.994718,0.994718,1.063660,1.063660,22,22,125274,145443,35,36,0.068266,0.329454,3.058852,0.160396,0.000000,-1,,,,,,,,,,,,,,,,
16.763081,rectangle_0.15_сторона 3,19958,499076,24988,0,0,0.994718,0.994718,1.015962,1.015962,21,21,125295,145464,36,36,0.064451,0.329771,3.058852,0.153203,0.000000,-1,,,,,,,,,,,,,,,,
16.791025,rectangle_0.15_сторона 3,19959,499101,25012,0,0,0.994718,0.994718,0.821656,1.014987,17,21,125312,145485,38,36,0.060998,0.330051,3.062591,0.138480,0.149506,-1,,,,,,,,,,,,,,,,
16.814896,rectangle_0.15_пауза,19960,499126,24992,0,0,0.994718,0.994718,0.870685,1.015799,18,21,125330,145506,38,36,0.057454,0.330326,3.065396,0.142238,0.112219,-1,,,,,,,,,,,,,,,,
16.844618,rectangle_0.15_пауза,19961,499151,25008,0,0,0.000000,0.000000,1.111830,1.063490,23,22,125353,145528,-12,-9,0.053365,0.330640,3.064461,0.164015,-0.037382,-1,,,,,,,,,,,,,,,,
16.865937,rectangle_0.15_пауза,19962,499176,25004,0,0,0.000000,0.000000,0.725223,0.676874,15,14,125367,145541,-9,-5,0.050729,0.330845,3.063526,0.105716,-0.037388,-1,,,,,,,,,,,,,,,,
16.888326,rectangle_0.15_пауза,19963,499201,25004,0,0,0.000000,0.000000,0.096696,0.193393,2,4,125369,145545,-1,0,0.050184,0.330887,3.065396,0.021872,0.074777,-1,,,,,,,,,,,,,,,,
16.912939,rectangle_0.15_пауза,19964,499226,24992,0,0,0.000000,0.000000,0.000000,0.048371,0,1,125369,145546,0,1,0.050093,0.330894,3.066330,0.003647,0.037406,-1,,,,,,,,,,,,,,,,
16.938641,rectangle_0.15_пауза,19965,499251,24996,0,0,0.000000,0.000000,0.000000,0.048364,0,1,125369,145547,0,1,0.050002,0.330901,3.067265,0.003647,0.037400,-1,,,,,,,,,,,,,,,,
16.964146,rectangle_0.15_пауза,19966,499275,25000,0,0,0.000000,0.000000,0.000000,0.000000,0,0,125369,145547,0,2,0.050002,0.330901,3.067265,0.000000,0.000000,-1,,,,,,,,,,,,,,,,
16.989301,rectangle_0.15_пауза,19967,499301,25004,0,0,0.000000,0.000000,0.000000,0.000000,0,0,125369,145547,0,2,0.050002,0.330901,3.067265,0.000000,0.000000,-1,,,,,,,,,,,,,,,,
17.015769,rectangle_0.15_пауза,19968,499325,24988,0,0,0.000000,0.000000,0.000000,0.000000,0,0,125369,145547,0,2,0.050002,0.330901,3.067265,0.000000,0.000000,-1,,,,,,,,,,,,,,,,
17.038966,rectangle_0.15_пауза,19969,499351,25016,0,0,0.000000,0.000000,0.000000,0.000000,0,0,125369,145547,0,2,0.050002,0.330901,3.067265,0.000000,0.000000,-1,,,,,,,,,,,,,,,,
17.065317,rectangle_0.15_пауза,19970,499376,25004,0,0,0.000000,0.000000,0.000000,0.000000,0,0,125369,145547,0,2,0.050002,0.330901,3.067265,0.000000,0.000000,-1,,,,,,,,,,,,,,,,
17.088534,rectangle_0.15_пауза,19971,499400,24988,0,0,0.000000,0.000000,0.000000,0.000000,0,0,125369,145547,0,2,0.050002,0.330901,3.067265,0.000000,0.000000,-1,,,,,,,,,,,,,,,,
17.115100,rectangle_0.15_пауза,19972,499426,24984,0,0,0.000000,0.000000,0.000000,0.000000,0,0,125369,145547,0,2,0.050002,0.330901,3.067265,0.000000,0.000000,-1,,,,,,,,,,,,,,,,
17.141120,rectangle_0.15_пауза,19973,499450,25024,0,0,0.000000,0.000000,0.000000,0.000000,0,0,125369,145547,0,2,0.050002,0.330901,3.067265,0.000000,0.000000,-1,,,,,,,,,,,,,,,,
17.171019,rectangle_0.15_пауза,19974,499476,25000,0,0,0.000000,0.000000,0.000000,0.000000,0,0,125369,145547,0,2,0.050002,0.330901,3.067265,0.000000,0.000000,-1,,,,,,,,,,,,,,,,
17.191611,rectangle_0.15_пауза,19975,499501,25000,0,0,0.000000,0.000000,0.000000,0.000000,0,0,125369,145547,0,2,0.050002,0.330901,3.067265,0.000000,0.000000,-1,,,,,,,,,,,,,,,,
17.220650,rectangle_0.15_пауза,19976,499525,24980,0,0,0.000000,0.000000,0.000000,0.000000,0,0,125369,145547,0,2,0.050002,0.330901,3.067265,0.000000,0.000000,-1,,,,,,,,,,,,,,,,
17.243481,rectangle_0.15_пауза,19977,499551,25024,0,0,0.000000,0.000000,0.000000,0.000000,0,0,125369,145547,0,2,0.050002,0.330901,3.067265,0.000000,0.000000,-1,,,,,,,,,,,,,,,,
17.266984,rectangle_0.15_пауза,19978,499575,24992,0,0,0.000000,0.000000,0.000000,0.000000,0,0,125369,145547,0,2,0.050002,0.330901,3.067265,0.000000,0.000000,-1,,,,,,,,,,,,,,,,
17.302455,rectangle_0.15_пауза,19979,499601,25008,0,0,0.000000,0.000000,0.000000,0.000000,0,0,125369,145547,0,2,0.050002,0.330901,3.067265,0.000000,0.000000,-1,,,,,,,,,,,,,,,,
17.318806,rectangle_0.15_пауза,19980,499625,24988,0,0,0.000000,0.000000,0.000000,0.000000,0,0,125369,145547,0,2,0.050002,0.330901,3.067265,0.000000,0.000000,-1,,,,,,,,,,,,,,,,
17.343032,rectangle_0.15_пауза,19981,499651,24984,0,0,0.000000,0.000000,0.000000,0.000000,0,0,125369,145547,0,2,0.050002,0.330901,3.067265,0.000000,0.000000,-1,,,,,,,,,,,,,,,,
17.369404,rectangle_0.15_пауза,19982,499676,25032,0,0,0.000000,0.000000,0.000000,0.000000,0,0,125369,145547,0,2,0.050002,0.330901,3.067265,0.000000,0.000000,-1,,,,,,,,,,,,,,,,
17.393099,rectangle_0.15_пауза,19983,499700,24996,0,0,0.000000,0.000000,0.000000,0.000000,0,0,125369,145547,0,2,0.050002,0.330901,3.067265,0.000000,0.000000,-1,,,,,,,,,,,,,,,,
17.418317,rectangle_0.15_поворот 3,19984,499726,24972,0,0,0.000000,0.000000,0.000000,0.000000,0,0,125369,145547,0,2,0.050002,0.330901,3.067265,0.000000,0.000000,-1,,,,,,,,,,,,,,,,
17.443779,rectangle_0.15_поворот 3,19985,499750,25016,0,0,-0.387940,0.387940,0.000000,0.000000,0,0,125369,145547,-24,24,0.050002,0.330901,3.067265,0.000000,0.000000,-1,,,,,,,,,,,,,,,,
17.469096,rectangle_0.15_поворот 3,19986,499776,24996,0,0,-0.387940,0.387940,-0.145091,0.193455,-3,4,125365,145552,-23,22,0.049911,0.330908,3.073809,0.003647,0.261802,-1,,,,,,,,,,,,,,,,
17.494281,rectangle_0.15_поворот 3,19987,499801,25020,0,0,-0.387940,0.387940,-0.338221,0.434855,-7,9,125359,145560,-20,19,0.049729,0.330919,3.088767,0.007286,0.597831,-1,,,,,,,,,,,,,,,,
17.519794,rectangle_0.15_поворот 3,19988,499826,24984,0,0,-0.387940,0.387940,-0.241934,0.145161,-5,3,125354,145563,-22,23,0.049911,0.330910,3.096246,-0.007297,0.299346,-1,,,,,,,,,,,,,,,,
17.545283,rectangle_0.15_поворот 3,19989,499851,25008,0,0,-0.387940,0.387940,-0.048340,0.145021,-1,3,125353,145566,-25,24,0.049729,0.330918,3.099985,0.007290,0.149530,-1,,,,,,,,,,,,,,,,
17.570707,rectangle_0.15_поворот 3,19990,499875,24980,0,0,-0.387940,0.387940,0.000000,0.096789,0,2,125353,145568,-26,25,0.049547,0.330925,3.101855,0.007298,0.074849,-1,,,,,,,,,,,,,,,,
17.595969,rectangle_0.15_поворот 3,19991,499901,24996,0,0,-0.387940,0.387940,-0.048364,0.048364,-1,1,125352,145569,-26,26,0.049547,0.330925,3.103725,0.000000,0.074801,-1,,,,,,,,,,,,,,,,
17.621059,rectangle_0.15_поворот 3,19992,499926,25016,0,0,-0.387940,0.387940,-0.048325,0.048325,-1,1,125351,145570,-27,27,0.049547,0.330925,3.105594,0.000000,0.074741,-1,,,,,,,,,,,,,,,,
17.646253,rectangle_0.15_поворот 3,19993,499951,25000,0,0,-0.387940,0.387940,-0.048356,0.096712,-1,2,125350,145572,-28,27,0.049456,0.330928,3.108399,0.003646,0.112183,-1,,,,,,,,,,,,,,,,
17.672187,rectangle_0.15_поворот 3,19994,499976,24992,0,0,-0.387940,0.387940,-0.096743,0.048371,-2,1,125348,145573,-28,28,0.049547,0.330925,3.111203,-0.003647,0.112219,-1,,,,,,,,,,,,,,,,
17.698035,rectangle_0.15_поворот 3,19995,500001,24992,0,0,-0.387940,0.387940,-0.048371,0.096743,-1,2,125347,145575,-29,28,0.049456,0.330928,3.114008,0.003647,0.112219,-1,,,,,,,,,,,,,,,,
17.723395,rectangle_0.15_поворот 3,19996,500026,25004,0,0,-0.387940,0.387940,-0.048348,0.145045,-1,3,125346,145578,-30,28,0.049274,0.330933,3.117747,0.007291,0.149553,-1,,,,,,,,,,,,,,,,
17.751606,rectangle_0.15_поворот 3,19997,500050,25000,0,0,-0.387940,0.387940,0.000000,0.193424,0,4,125346,145582,-31,28,0.048909,0.330941,3.121487,0.014584,0.149577,-1,,,,,,,,,,,,,,,,
17.774140,rectangle_0.15_поворот 3,19998,500076,25020,0,0,-0.387940,0.387940,0.000000,0.193269,0,4,125346,145587,-32,28,0.048545,0.330947,3.125226,0.014572,0.149458,-1,,,,,,,,,,,,,,,,
17.800118,rectangle_0.15_поворот 3,19999,500101,24980,0,0,-0.387940,0.387940,0.000000,0.241973,0,5,125346,145592,-33,28,0.048089,0.330954,3.129900,0.018244,0.187121,-1,,,,,,,,,,,,,,,,
17.823661,rectangle_0.15_поворот 3,20000,500126,25024,0,0,-0.387940,0.387940,0.000000,0.241548,0,5,125346,145597,-33,28,0.047633,0.330958,3.134574,0.018212,0.186792,-1,,,,,,,,,,,,,,,,
17.849590,rectangle_0.15_поворот 3,20001,500151,24996,0,0,-0.387940,0.387940,0.000000,0.290182,0,6,125346,145602,-34,28,0.047086,0.330960,3.140183,0.021879,0.224402,-1,,,,,,,,,,,,,,,,
17.873146,rectangle_0.15_поворот 3,20002,500176,24996,0,0,-0.387940,0.387940,0.000000,0.241818,0,5,125346,145608,-35,28,0.046631,0.330960,-3.138328,0.018233,0.187002,-1,,,,,,,,,,,,,,,,
17.898840,rectangle_0.15_поворот 3,20003,500201,24996,0,0,-0.387940,0.387940,0.000000,0.241818,0,5,125346,145612,-36,29,0.046175,0.330957,-3.133654,0.018233,0.187002,-1,,,,,,,,,,,,,,,,
17.924370,rectangle_0.15_поворот 3,20004,500226,24992,0,0,-0.387940,0.387940,0.000000,0.193486,0,4,125346,145616,-36,30,0.045810,0.330954,-3.129914,0.014588,0.149625,-1,,,,,,,,,,,,,,,,
17.957588,rectangle_0.15_поворот 3,20005,500251,25016,0,0,-0.387940,0.387940,-0.048325,0.193300,-1,4,125345,145620,-37,30,0.045537,0.330950,-3.125240,0.010931,0.186852,-1,,,,,,,,,,,,,,,,
17.975641,rectangle_0.15_поворот 3,20006,500276,24980,0,0,-0.387940,0.387940,-0.145184,0.193578,-3,4,125342,145624,-36,31,0.045446,0.330948,-3.118696,0.003649,0.261970,-1,,,,,,,,,,,,,,,,
18.000687,rectangle_0.15_поворот 3,20007,500301,25016,0,0,-0.387940,0.387940,-0.241625,0.193300,-5,4,125337,145628,-35,31,0.045537,0.330950,-3.110282,-0.003644,0.336334,-1,,,,,,,,,,,,,,,,
18.026080,rectangle_0.15_поворот 3,20008,500326,24988,0,0,-0.387940,0.387940,-0.193517,0.241896,-4,5,125333,145633,-36,31,0.045446,0.330947,-3.101868,0.003648,0.336711,-1,,,,,,,,,,,,,,,,
18.052045,rectangle_0.15_поворот 3,20009,500350,25024,0,0,-0.387940,0.387940,-0.193238,0.289857,-4,6,125329,145639,-36,30,0.045264,0.330939,-3.092520,0.007285,0.373585,-1,,,,,,,,,,,,,,,,
18.077559,rectangle_0.15_поворот 3,20010,500376,24980,0,0,-0.387940,0.387940,-0.290368,0.338762,-6,7,125323,145646,-35,30,0.045173,0.330934,-3.080367,0.003649,0.486516,-1,,,,,,,,,,,,,,,,
18.100810,rectangle_0.15_поворот 3,20011,500401,25012,0,0,-0.387940,0.387940,-0.289996,0.338329,-6,7,125317,145653,-35,30,0.045082,0.330928,-3.068213,0.003644,0.485893,-1,,,,,,,,,,,,,,,,
18.126628,rectangle_0.15_поворот 3,20012,500426,24984,0,0,-0.387940,0.387940,-0.193547,0.290321,-4,6,125313,145660,-37,31,0.044900,0.330914,-3.058865,0.007297,0.374183,-1,,,,,,,,,,,,,,,,
18.151951,rectangle_0.15_поворот 3,20013,500451,25004,0,0,-0.387940,0.387940,-0.193393,0.338437,-4,7,125308,145667,-37,30,0.044628,0.330890,-3.048581,0.010936,0.411272,-1,,,,,,,,,,,,,,,,
18.177659,rectangle_0.15_поворот 3,20014,500476,24988,0,0,-0.387940,0.387940,-0.145137,0.338654,-3,7,125305,145674,-38,30,0.044265,0.330854,-3.039233,0.014591,0.374123,-1,,,,,,,,,,,,,,,,
18.203645,rectangle_0.15_поворот 3,20015,500501,25004,0,0,-0.387940,0.387940,-0.193393,0.338437,-4,7,125302,145680,-38,30,0.043993,0.330825,-3.028949,0.010936,0.411272,-1,,,,,,,,,,,,,,,,
18.229291,rectangle_0.15_поворот 3,20016,500526,25016,0,0,-0.387940,0.387940,0.000000,0.338275,0,7,125302,145688,-42,30,0.043359,0.330751,-3.022405,0.025505,0.261593,-1,,,,,,,,,,,,,,,,
18.252547,rectangle_0.15_поворот 3,20017,500551,24996,0,0,-0.387940,0.387940,0.000000,0.241818,0,5,125302,145692,-42,32,0.042907,0.330696,-3.017731,0.018233,0.187002,-1,,,,,,,,,,,,,,,,
18.278434,rectangle_0.15_поворот 3,20018,500576,24992,0,0,-0.387940,0.387940,0.000000,0.145114,0,3,125302,145696,-43,34,0.042636,0.330662,-3.014926,0.010941,0.112219,-1,,,,,,,,,,,,,,,,
18.305016,rectangle_0.15_поворот 3,20019,500600,24992,0,0,-0.387940,0.387940,0.000000,0.193486,0,4,125302,145699,-44,33,0.042274,0.330615,-3.011187,0.014588,0.149625,-1,,,,,,,,,,,,,,,,
18.330780,rectangle_0.15_поворот 3,20020,500626,25024,0,0,-0.387940,0.387940,-0.048310,0.144929,-1,3,125301,145702,-44,34,0.042093,0.330591,-3.007448,0.007285,0.149434,-1,,,,,,,,,,,,,,,,
18.358424,rectangle_0.15_поворот 3,20021,500651,24984,0,0,-0.387940,0.387940,-0.145161,0.145161,-3,3,125298,145705,-43,35,0.042093,0.330591,-3.001839,0.000000,0.224510,-1,,,,,,,,,,,,,,,,
18.378770,rectangle_0.15_поворот 3,20022,500676,25008,0,0,-0.387940,0.387940,-0.193362,0.241702,-4,5,125294,145711,-43,34,0.042003,0.330578,-2.993425,0.003645,0.336442,-1,,,,,,,,,,,,,,,,
18.404235,rectangle_0.15_поворот 3,20023,500701,25012,0,0,-0.387940,0.387940,-0.289996,0.289996,-6,6,125288,145716,-42,34,0.042003,0.330578,-2.982207,0.000000,0.448517,-1,,,,,,,,,,,,,,,,
18.429665,rectangle_0.15_поворот 3,20024,500726,24984,0,0,-0.387940,0.387940,-0.338708,0.290321,-7,6,125281,145722,-41,34,0.042093,0.330593,-2.970053,-0.003648,0.486438,-1,,,,,,,,,,,,,,,,
18.454806,rectangle_0.15_поворот 3,20025,500751,25016,0,0,-0.387940,0.387940,-0.338275,0.289950,-7,6,125274,145728,-41,34,0.042183,0.330609,-2.957900,-0.003644,0.485816,-1,,,,,,,,,,,,,,,,
18.480735,rectangle_0.15_поворот 3,20026,500775,24976,0,0,-0.387940,0.387940,-0.338817,0.338817,-7,7,125266,145735,-42,33,0.042183,0.330609,-2.944812,0.000000,0.524024,-1,,,,,,,,,,,,,,,,
18.506277,rectangle_0.15_поворот 3,20027,500801,25112,0,0,-0.387940,0.387940,-0.481402,0.336982,-10,7,125257,145742,-39,34,0.042450,0.330665,-2.928920,-0.010889,0.632869,-1,,,,,,,,,,,,,,,,
18.531696,rectangle_0.15_поворот 3,20028,500826,24924,0,0,-0.387940,0.387940,-0.388027,0.388027,-8,8,125249,145750,-41,33,0.042450,0.330665,-2.913962,0.000000,0.600134,-1,,,,,,,,,,,,,,,,
18.557794,rectangle_0.15_поворот 3,20029,500851,24988,0,0,-0.387940,0.387940,-0.338654,0.483791,-7,10,125242,145761,-41,31,0.042185,0.330601,-2.898070,0.010943,0.636009,-1,,,,,,,,,,,,,,,,
18.583362,rectangle_0.15_поворот 3,20030,500876,24972,0,0,-0.387940,0.387940,-0.435691,0.484101,-9,10,125232,145771,-40,31,0.042096,0.330578,-2.880307,0.003650,0.711289,-1,,,,,,,,,,,,,,,,
18.606870,rectangle_0.15_поворот 3,20031,500901,25008,0,0,-0.387940,0.387940,-0.483404,0.386723,-10,8,125223,145779,-39,33,0.042272,0.330627,-2.863480,-0.007290,0.672883,-1,,,,,,,,,,,,,,,,
18.632799,rectangle_0.15_поворот 3,20032,500926,24992,0,0,-0.387940,0.387940,-0.386971,0.386971,-8,8,125215,145786,-41,33,0.042272,0.330627,-2.848522,0.000000,0.598501,-1,,,,,,,,,,,,,,,,
18.658750,rectangle_0.15_поворот 3,20033,500951,25016,0,0,-0.387940,0.387940,-0.338275,0.338275,-7,7,125207,145793,-41,33,0.042272,0.330627,-2.835434,0.000000,0.523186,-1,,,,,,,,,,,,,,,,
18.687200,rectangle_0.15_поворот 3,20034,500976,25000,0,0,-0.387940,0.387940,-0.483559,0.338491,-10,7,125198,145801,-39,33,0.042532,0.330711,-2.819542,-0.010938,0.635704,-1,,,,,,,,,,,,,,,,
18.710369,rectangle_0.15_поворот 3,20035,501001,24992,0,0,-0.387940,0.387940,-0.435342,0.435342,-9,9,125189,145809,-40,32,0.042532,0.330711,-2.802714,0.000000,0.673314,-1,,,,,,,,,,,,,,,,
18.733931,rectangle_0.15_поворот 3,20036,501026,24996,0,0,-0.387940,0.387940,-0.435273,0.435273,-9,9,125180,145818,-40,32,0.042532,0.330711,-2.785887,0.000000,0.673206,-1,,,,,,,,,,,,,,,,
18.760205,rectangle_0.15_поворот 3,20037,501051,24996,0,0,-0.387940,0.387940,-0.386909,0.435273,-8,9,125171,145827,-40,32,0.042447,0.330679,-2.769994,0.003647,0.635806,-1,,,,,,,,,,,,,,,,
18.785816,rectangle_0.15_поворот 3,20038,501075,25008,0,0,-0.387940,0.387940,-0.386723,0.483404,-8,10,125164,145838,-40,31,0.042278,0.330611,-2.753167,0.007290,0.672883,-1,,,,,,,,,,,,,,,,
18.809680,rectangle_0.15_поворот 3,20039,501101,25016,0,0,-0.387940,0.387940,-0.386600,0.531575,-8,11,125156,145849,-40,30,0.042025,0.330505,-2.735405,0.010931,0.710038,-1,,,,,,,,,,,,,,,,
18.835452,rectangle_0.15_поворот 3,20040,501126,25004,0,0,-0.387940,0.387940,-0.290089,0.435134,-6,9,125149,145857,-42,31,0.041775,0.330395,-2.721382,0.010936,0.560826,-1,,,,,,,,,,,,,,,,
18.861784,rectangle_0.15_поворот 3,20041,501151,24988,0,0,-0.387940,0.387940,-0.338654,0.338654,-7,7,125143,145864,-41,33,0.041775,0.330395,-2.708294,0.000000,0.523772,-1,,,,,,,,,,,,,,,,
18.885505,rectangle_0.15_поворот 3,20042,501176,24984,0,0,-0.387940,0.387940,-0.290321,0.338708,-6,7,125137,145871,-42,33,0.041692,0.330357,-2.696141,0.003648,0.486438,-1,,,,,,,,,,,,,,,,
18.911914,rectangle_0.15_поворот 3,20043,501201,25024,0,0,-0.387940,0.387940,-0.289857,0.338167,-6,7,125131,145878,-42,33,0.041610,0.330317,-2.683988,0.003642,0.485660,-1,,,,,,,,,,,,,,,,
18.935505,rectangle_0.15_поворот 3,20044,501226,24992,0,0,-0.387940,0.387940,-0.338600,0.338600,-7,7,125124,145885,-42,33,0.041610,0.330317,-2.670900,0.000000,0.523689,-1,,,,,,,,,,,,,,,,
18.961664,rectangle_0.15_поворот 3,20045,501251,25004,0,0,-0.387940,0.387940,-0.338437,0.338437,-7,7,125117,145892,-42,33,0.041610,0.330317,-2.657812,0.000000,0.523437,-1,,,,,,,,,,,,,,,,
18.988551,rectangle_0.15_поворот 3,20046,501276,24996,0,0,-0.387940,0.387940,-0.435273,0.386909,-9,8,125108,145900,-40,32,0.041691,0.330360,-2.641919,-0.003647,0.635806,-1,,,,,,,,,,,,,,,,
19.011448,rectangle_0.15_поворот 3,20047,501301,25016,0,0,-0.387940,0.387940,-0.434925,0.434925,-9,9,125099,145910,-40,32,0.041691,0.330360,-2.625092,0.000000,0.672668,-1,,,,,,,,,,,,,,,,
19.037866,rectangle_0.15_поворот 3,20048,501326,24988,0,0,-0.387940,0.387940,-0.387033,0.483791,-8,10,125091,145920,-41,31,0.041533,0.330269,-2.608264,0.007295,0.673422,-1,,,,,,,,,,,,,,,,
19.063654,rectangle_0.15_поворот 3,20049,501351,25012,0,0,-0.387940,0.387940,-0.434994,0.531660,-9,11,125082,145930,-40,30,0.041377,0.330174,-2.589567,0.007288,0.747528,-1,,,,,,,,,,,,,,,,
19.090056,rectangle_0.15_поворот 3,20050,501376,24968,0,0,-0.387940,0.387940,-0.435761,0.387343,-9,8,125072,145938,-40,32,0.041454,0.330223,-2.573675,-0.003651,0.636519,-1,,,,,,,,,,,,,,,,
19.115004,rectangle_0.15_поворот 3,20051,501401,25144,0,0,-0.387940,0.387940,-0.480790,0.336553,-10,7,125062,145946,-39,33,0.041684,0.330372,-2.557782,-0.010875,0.632063,-1,,,,,,,,,,,,,,,,
19.138345,rectangle_0.15_поворот 3,20052,501426,24884,0,0,-0.387940,0.387940,-0.388651,0.388651,-8,8,125055,145954,-41,32,0.041684,0.330372,-2.542825,0.000000,0.601099,-1,,,,,,,,,,,,,,,,
19.163953,rectangle_0.15_поворот 3,20053,501451,24972,0,0,-0.387940,0.387940,-0.338871,0.338871,-7,7,125048,145961,-41,33,0.041684,0.330372,-2.529737,0.000000,0.524108,-1,,,,,,,,,,,,,,,,
19.188665,rectangle_0.15_поворот 3,20054,501476,25028,0,0,-0.387940,0.387940,-0.386414,0.338113,-8,7,125039,145968,-41,33,0.041758,0.330425,-2.515714,-0.003642,0.560288,-1,,,,,,,,,,,,,,,,
19.214775,rectangle_0.15_поворот 3,20055,501500,24996,0,0,-0.387940,0.387940,-0.483636,0.435273,-10,9,125030,145976,-39,31,0.041831,0.330479,-2.497951,-0.003647,0.710606,-1,,,,,,,,,,,,,,,,
19.241118,rectangle_0.15_поворот 3,20056,501526,24992,0,0,-0.387940,0.387940,-0.435342,0.386971,-9,8,125020,145985,-40,32,0.041904,0.330534,-2.482059,-0.003647,0.635907,-1,,,,,,,,,,,,,,,,
19.264149,rectangle_0.15_поворот 3,20057,501551,25008,0,0,-0.387940,0.387940,-0.435064,0.483404,-9,10,125012,145995,-40,31,0.041832,0.330477,-2.464296,0.003645,0.710265,-1,,,,,,,,,,,,,,,,
19.290439,rectangle_0.15_поворот 3,20058,501576,24992,0,0,-0.387940,0.387940,-0.435342,0.532085,-9,11,125002,146006,-40,30,0.041691,0.330362,-2.445599,0.007294,0.748127,-1,,,,,,,,,,,,,,,,
19.316510,rectangle_0.15_поворот 3,20059,501601,25012,0,0,-0.387940,0.387940,-0.483327,0.434994,-10,9,124993,146015,-39,31,0.041761,0.330421,-2.427837,-0.003644,0.710152,-1,,,,,,,,,,,,,,,,
19.339719,rectangle_0.15_поворот 3,20060,501626,24972,0,0,-0.387940,0.387940,-0.387281,0.435691,-8,9,124984,146023,-40,31,0.041692,0.330361,-2.411944,0.003650,0.636417,-1,,,,,,,,,,,,,,,,
19.365253,rectangle_0.15_поворот 3,20061,501651,25012,0,0,-0.387940,0.387940,-0.386662,0.434994,-8,9,124976,146032,-40,31,0.041625,0.330299,-2.396052,0.003644,0.635399,-1,,,,,,,,,,,,,,,,
19.390801,rectangle_0.15_поворот 3,20062,501676,25000,0,0,-0.387940,0.387940,-0.435203,0.435203,-9,9,124968,146041,-39,30,0.041625,0.330299,-2.379224,0.000000,0.673098,-1,,,,,,,,,,,,,,,,
19.416799,rectangle_0.15_поворот 3,20063,501701,25000,0,0,-0.387940,0.387940,-0.386847,0.435203,-8,9,124960,146050,-40,30,0.041559,0.330236,-2.363332,0.003646,0.635704,-1,,,,,,,,,,,,,,,,
19.444586,rectangle_0.15_поворот 3,20064,501726,24988,0,0,-0.387940,0.387940,-0.387033,0.435412,-8,9,124951,146060,-40,30,0.041495,0.330171,-2.347439,0.003648,0.636009,-1,,,,,,,,,,,,,,,,
19.467862,rectangle_0.15_поворот 3,20065,501751,25012,0,0,-0.387940,0.387940,-0.434994,0.483327,-9,10,124943,146070,-39,29,0.041432,0.330106,-2.329677,0.003644,0.710152,-1,,,,,,,,,,,,,,,,
19.493999,rectangle_0.15_поворот 3,20066,501776,24988,0,0,-0.387940,0.387940,-0.387033,0.532170,-8,11,124934,146080,-40,29,0.041245,0.329906,-2.311914,0.010943,0.710834,-1,,,,,,,,,,,,,,,,
19.516950,rectangle_0.15_поворот 3,20067,501801,25016,0,0,-0.387940,0.387940,-0.386600,0.434925,-8,9,124926,146090,-40,30,0.041184,0.329838,-2.296022,0.003644,0.635297,-1,,,,,,,,,,,,,,,,
19.557979,rectangle_0.15_поворот 3,20068,501826,25000,0,0,-0.387940,0.387940,-0.435203,0.386847,-9,8,124918,146098,-39,30,0.041244,0.329907,-2.280129,-0.003646,0.635704,-1,,,,,,,,,,,,,,,,
19.573443,rectangle_0.15_поворот 3,20069,501851,25016,0,0,-0.387940,0.387940,-0.386600,0.434925,-8,9,124910,146106,-40,30,0.041185,0.329837,-2.264237,0.003644,0.635297,-1,,,,,,,,,,,,,,,,
19.620571,rectangle_0.15_поворот 3,20070,501876,24972,0,0,-0.387940,0.387940,-0.338871,0.387281,-7,8,124902,146115,-40,30,0.041127,0.329767,-2.250214,0.003650,0.561544,-1,,,,,,,,,,,,,,,,
19.620571,rectangle_0.15_поворот 3,20071,501901,24996,0,0,-0.387940,0.387940,-0.435273,0.435273,-9,9,124894,146124,-39,30,0.041127,0.329767,-2.233387,0.000000,0.673206,-1,,,,,,,,,,,,,,,,
19.644317,rectangle_0.15_поворот 3,20072,501926,25012,0,0,-0.387940,0.387940,-0.386662,0.434994,-8,9,124886,146132,-40,29,0.041072,0.329694,-2.217494,0.003644,0.635399,-1,,,,,,,,,,,,,,,,
19.669006,rectangle_0.15_поворот 3,20073,501951,25004,0,0,-0.387940,0.387940,-0.386785,0.435134,-8,9,124878,146141,-40,29,0.041018,0.329621,-2.201602,0.003645,0.635602,-1,,,,,,,,,,,,,,,,
19.697073,rectangle_0.15_поворот 3,20074,501976,25000,0,0,-0.387940,0.387940,-0.386847,0.386847,-8,8,124869,146150,-40,30,0.041018,0.329621,-2.186644,0.000000,0.598310,-1,,,,,,,,,,,,,,,,
19.723695,rectangle_0.15_поворот 3,20075,502001,25000,0,0,-0.387940,0.387940,-0.435203,0.435203,-9,9,124861,146158,-39,29,0.041018,0.329621,-2.169817,0.000000,0.673098,-1,,,,,,,,,,,,,,,,
19.751312,rectangle_0.15_поворот 3,20076,502026,24992,0,0,-0.387940,0.387940,-0.338600,0.386971,-7,8,124853,146166,-40,30,0.040967,0.329546,-2.155794,0.003647,0.561095,-1,,,,,,,,,,,,,,,,
19.778187,rectangle_0.15_поворот 3,20077,502051,24992,0,0,-0.387940,0.387940,-0.435342,0.386971,-9,8,124844,146174,-39,30,0.041017,0.329622,-2.139901,-0.003647,0.635907,-1,,,,,,,,,,,,,,,,
19.798120,rectangle_0.15_поворот 3,20078,502076,25024,0,0,-0.387940,0.387940,-0.434786,0.289857,-9,6,124836,146181,-39,31,0.041162,0.329853,-2.125879,-0.010927,0.560377,-1,,,,,,,,,,,,,,,,
19.823068,rectangle_0.15_поворот 3,20079,502100,24984,0,0,-0.387940,0.387940,-0.338708,0.387095,-7,8,124828,146188,-40,30,0.041115,0.329776,-2.111856,0.003648,0.561274,-1,,,,,,,,,,,,,,,,
19.845951,rectangle_0.15_поворот 3,20080,502126,25004,0,0,-0.387940,0.387940,-0.338437,0.386785,-7,8,124821,146197,-40,30,0.041068,0.329697,-2.097833,0.003645,0.560826,-1,,,,,,,,,,,,,,,,
19.876913,rectangle_0.15_поворот 3,20081,502151,25004,0,0,-0.387940,0.387940,-0.386785,0.386785,-8,8,124813,146204,-40,30,0.041068,0.329697,-2.082875,0.000000,0.598214,-1,,,,,,,,,,,,,,,,
19.897362,rectangle_0.15_поворот 3,20082,502176,25008,0,0,-0.387940,0.387940,-0.386723,0.386723,-8,8,124805,146212,-40,30,0.041068,0.329697,-2.067918,0.000000,0.598118,-1,,,,,,,,,,,,,,,,
19.923108,rectangle_0.15_поворот 3,20083,502201,25004,0,0,-0.387940,0.387940,-0.435134,0.435134,-9,9,124796,146221,-39,29,0.041068,0.329697,-2.051090,0.000000,0.672991,-1,,,,,,,,,,,,,,,,
19.948163,rectangle_0.15_поворот 3,20084,502225,24984,0,0,-0.387940,0.387940,-0.483869,0.435482,-10,9,124787,146230,-38,29,0.041110,0.329778,-2.033328,-0.003648,0.710948,-1,,,,,,,,,,,,,,,,
19.972660,rectangle_0.15_поворот 3,20085,502251,24992,0,0,-0.387940,0.387940,-0.435342,0.435342,-9,9,124778,146239,-39,29,0.041110,0.329778,-2.016500,0.000000,0.673314,-1,,,,,,,,,,,,,,,,
19.998866,rectangle_0.15_поворот 3,20086,502276,25108,0,0,-0.387940,0.387940,-0.433331,0.433331,-9,9,124768,146249,-39,29,0.041110,0.329778,-1.999673,0.000000,0.670203,-1,,,,,,,,,,,,,,,,
20.022995,rectangle_0.15_поворот 3,20087,502301,24904,0,0,-0.387940,0.387940,-0.533965,0.388338,-11,8,124758,146256,-37,30,0.041221,0.330028,-1.981911,-0.010980,0.713232,-1,,,,,,,,,,,,,,,,
20.049814,rectangle_0.15_пауза,20088,502326,24988,0,0,-0.387940,0.387940,-0.387033,0.338654,-8,7,124750,146264,-39,30,0.041257,0.330112,-1.967888,-0.003648,0.561185,-1,,,,,,,,,,,,,,,,
20.074070,rectangle_0.15_пауза,20089,502350,25024,0,0,0.000000,0.000000,-0.386476,0.386476,-8,8,124742,146272,-15,7,0.041257,0.330112,-1.952930,0.000000,0.597736,-1,,,,,,,,,,,,,,,,
20.098208,rectangle_0.15_пауза,20090,502376,24992,0,0,0.000000,0.000000,-0.241857,0.241857,-5,5,124737,146276,-16,9,0.041257,0.330112,-1.943581,0.000000,0.374063,-1,,,,,,,,,,,,,,,,
20.124833,rectangle_0.15_пауза,20091,502401,25000,0,0,0.000000,0.000000,-0.048356,0.096712,-1,2,124736,146278,-18,11,0.041224,0.330027,-1.940777,0.003646,0.112183,-1,,,,,,,,,,,,,,,,
20.148739,rectangle_0.15_пауза,20092,502426,24984,0,0,0.000000,0.000000,-0.145161,0.048387,-3,1,124733,146279,-17,11,0.041290,0.330197,-1.937037,-0.007297,0.149673,-1,,,,,,,,,,,,,,,,
20.175374,rectangle_0.15_пауза,20093,502451,25028,0,0,0.000000,0.000000,-0.144905,0.000000,-3,0,124730,146279,-17,12,0.041387,0.330452,-1.934233,-0.010926,0.112058,-1,,,,,,,,,,,,,,,,
20.200717,rectangle_0.15_пауза,20094,502475,24988,0,0,0.000000,0.000000,-0.048379,0.000000,-1,0,124729,146279,-18,12,0.041420,0.330538,-1.933298,-0.003648,0.037412,-1,,,,,,,,,,,,,,,,
20.226743,rectangle_0.15_пауза,20095,502501,24984,0,0,0.000000,0.000000,-0.048387,0.000000,-1,0,124728,146279,-18,12,0.041452,0.330623,-1.932363,-0.003648,0.037418,-1,,,,,,,,,,,,,,,,
20.249984,rectangle_0.15_пауза,20096,502525,25008,0,0,0.000000,0.000000,0.000000,0.000000,0,0,124728,146279,-18,12,0.041452,0.330623,-1.932363,0.000000,0.000000,-1,,,,,,,,,,,,,,,,
20.276306,rectangle_0.15_пауза,20097,502551,24996,0,0,0.000000,0.000000,-0.048364,0.000000,-1,0,124727,146279,-18,12,0.041484,0.330708,-1.931428,-0.003647,0.037400,-1,,,,,,,,,,,,,,,,
20.302578,rectangle_0.15_пауза,20098,502576,24992,0,0,0.000000,0.000000,0.000000,0.000000,0,0,124727,146279,-18,12,0.041484,0.330708,-1.931428,0.000000,0.000000,-1,,,,,,,,,,,,,,,,
20.327321,rectangle_0.15_пауза,20099,502600,25024,0,0,0.000000,0.000000,0.000000,0.000000,0,0,124727,146279,-18,12,0.041484,0.330708,-1.931428,0.000000,0.000000,-1,,,,,,,,,,,,,,,,
20.351785,rectangle_0.15_пауза,20100,502626,24992,0,0,0.000000,0.000000,0.000000,0.000000,0,0,124727,146279,-18,12,0.041484,0.330708,-1.931428,0.000000,0.000000,-1,,,,,,,,,,,,,,,,
20.377791,rectangle_0.15_пауза,20101,502650,24992,0,0,0.000000,0.000000,0.000000,0.000000,0,0,124727,146279,-18,12,0.041484,0.330708,-1.931428,0.000000,0.000000,-1,,,,,,,,,,,,,,,,
20.401855,rectangle_0.15_пауза,20102,502676,25000,0,0,0.000000,0.000000,0.000000,0.000000,0,0,124727,146279,-18,12,0.041484,0.330708,-1.931428,0.000000,0.000000,-1,,,,,,,,,,,,,,,,
20.428614,rectangle_0.15_пауза,20103,502701,24996,0,0,0.000000,0.000000,0.000000,0.000000,0,0,124727,146279,-18,12,0.041484,0.330708,-1.931428,0.000000,0.000000,-1,,,,,,,,,,,,,,,,
20.452268,rectangle_0.15_пауза,20104,502726,25000,0,0,0.000000,0.000000,0.000000,0.000000,0,0,124727,146279,-18,12,0.041484,0.330708,-1.931428,0.000000,0.000000,-1,,,,,,,,,,,,,,,,
20.478935,rectangle_0.15_пауза,20105,502751,24996,0,0,0.000000,0.000000,0.000000,0.000000,0,0,124727,146279,-18,12,0.041484,0.330708,-1.931428,0.000000,0.000000,-1,,,,,,,,,,,,,,,,
20.505096,rectangle_0.15_пауза,20106,502775,25028,0,0,0.000000,0.000000,0.000000,0.000000,0,0,124727,146279,-18,12,0.041484,0.330708,-1.931428,0.000000,0.000000,-1,,,,,,,,,,,,,,,,
20.528464,rectangle_0.15_пауза,20107,502801,24996,0,0,0.000000,0.000000,0.000000,0.000000,0,0,124727,146279,-18,12,0.041484,0.330708,-1.931428,0.000000,0.000000,-1,,,,,,,,,,,,,,,,
20.554399,rectangle_0.15_пауза,20108,502825,25000,0,0,0.000000,0.000000,0.000000,0.000000,0,0,124727,146279,-18,12,0.041484,0.330708,-1.931428,0.000000,0.000000,-1,,,,,,,,,,,,,,,,
20.580883,rectangle_0.15_пауза,20109,502851,25004,0,0,0.000000,0.000000,0.000000,0.000000,0,0,124727,146279,-18,12,0.041484,0.330708,-1.931428,0.000000,0.000000,-1,,,,,,,,,,,,,,,,
20.605349,rectangle_0.15_пауза,20110,502876,24984,0,0,0.000000,0.000000,0.000000,0.000000,0,0,124727,146279,-18,12,0.041484,0.330708,-1.931428,0.000000,0.000000,-1,,,,,,,,,,,,,,,,
20.631542,rectangle_0.15_пауза,20111,502900,24996,0,0,0.000000,0.000000,0.000000,0.000000,0,0,124727,146279,-18,12,0.041484,0.330708,-1.931428,0.000000,0.000000,-1,,,,,,,,,,,,,,,,
20.656997,rectangle_0.15_сторона 4,20112,502926,25012,0,0,0.994718,0.994718,0.000000,0.000000,0,0,124727,146279,29,57,0.041484,0.330708,-1.931428,0.000000,0.000000,-1,,,,,,,,,,,,,,,,
20.682845,rectangle_0.15_сторона 4,20113,502950,25000,0,0,0.994718,0.994718,0.290135,0.290135,6,6,124734,146285,27,55,0.041098,0.329685,-1.931428,0.043751,0.000000,-1,,,,,,,,,,,,,,,,
20.705629,rectangle_0.15_сторона 4,20114,502976,24992,0,0,0.994718,0.994718,0.628828,0.580457,13,12,124747,146298,23,52,0.040293,0.327553,-1.932363,0.091178,-0.037406,-1,,,,,,,,,,,,,,,,
20.730719,rectangle_0.15_сторона 4,20115,503001,25000,0,0,0.994718,0.994718,0.580271,0.773694,12,16,124759,146314,24,50,0.039395,0.325164,-1.928624,0.102087,0.149577,-1,,,,,,,,,,,,,,,,
20.756169,rectangle_0.15_сторона 4,20116,503026,25008,0,0,0.994718,0.994718,0.483404,0.773447,10,16,124769,146330,27,50,0.038571,0.322942,-1.923015,0.094764,0.224294,-1,,,,,,,,,,,,,,,,
20.781408,rectangle_0.15_сторона 4,20117,503051,24980,0,0,0.994718,0.994718,0.629130,0.919498,13,19,124782,146349,25,49,0.037572,0.320201,-1.917405,0.116764,0.224546,-1,,,,,,,,,,,,,,,,
20.808969,rectangle_0.15_сторона 4,20118,503076,25012,0,0,0.994718,0.994718,0.773323,1.111652,16,23,124798,146372,24,46,0.036376,0.316854,-1.910861,0.142124,0.261635,-1,,,,,,,,,,,,,,,,
20.831760,rectangle_0.15_сторона 4,20119,503101,25016,0,0,0.994718,0.994718,0.821525,1.111474,17,23,124815,146395,24,46,0.035169,0.313414,-1.905252,0.145745,0.224223,-1,,,,,,,,,,,,,,,,
20.859301,rectangle_0.15_сторона 4,20120,503126,24984,0,0,0.994718,0.994718,0.774190,1.112898,16,23,124831,146418,25,45,0.034013,0.310052,-1.898708,0.142283,0.261928,-1,,,,,,,,,,,,,,,,
20.884749,rectangle_0.15_сторона 4,20121,503151,25020,0,0,0.994718,0.994718,0.676441,1.111297,14,23,124845,146441,27,45,0.032941,0.306855,-1.890295,0.134792,0.336280,-1,,,,,,,,,,,,,,,,
20.909941,rectangle_0.15_сторона 4,20122,503176,24988,0,0,0.994718,0.994718,0.774066,1.064341,16,22,124861,146464,26,46,0.031862,0.303563,-1.884686,0.138613,0.224474,-1,,,,,,,,,,,,,,,,
20.934882,rectangle_0.15_сторона 4,20123,503201,24992,0,0,0.994718,0.994718,0.870685,1.160913,18,24,124879,146487,25,44,0.030690,0.299919,-1.879076,0.153179,0.224438,-1,,,,,,,,,,,,,,,,
20.963910,rectangle_0.15_сторона 4,20124,503226,24988,0,0,0.994718,0.994718,0.870824,1.064341,18,22,124897,146509,25,45,0.029590,0.296443,-1.875337,0.145908,0.149649,-1,,,,,,,,,,,,,,,,
20.985377,rectangle_0.15_сторона 4,20125,503251,25024,0,0,0.994718,0.994718,0.821262,1.111119,17,23,124914,146532,26,44,0.028507,0.292961,-1.869728,0.145698,0.224151,-1,,,,,,,,,,,,,,,,
21.010825,rectangle_0.15_сторона 4,20126,503276,24988,0,0,0.994718,0.994718,0.774066,1.112720,16,23,124930,146555,27,44,0.027471,0.289561,-1.863184,0.142260,0.261886,-1,,,,,,,,,,,,,,,,
21.034347,rectangle_0.15_сторона 4,20127,503301,24996,0,0,0.994718,0.994718,0.822182,1.064000,17,22,124947,146577,27,45,0.026454,0.286154,-1.858509,0.142215,0.187002,-1,,,,,,,,,,,,,,,,
21.060493,rectangle_0.15_сторона 4,20128,503326,24992,0,0,0.994718,0.994718,0.870685,1.015799,18,21,124965,146598,27,45,0.025450,0.282744,-1.855705,0.142238,0.112219,-1,,,,,,,,,,,,,,,,
21.085793,rectangle_0.15_сторона 4,20129,503351,25008,0,0,0.994718,0.994718,0.918468,1.111830,19,23,124984,146622,26,44,0.024381,0.279068,-1.851965,0.153081,0.149529,-1,,,,,,,,,,,,,,,,
21.112262,rectangle_0.15_сторона 4,20130,503376,25020,0,0,0.994718,0.994718,0.724759,1.111297,15,23,124999,146644,29,43,0.023433,0.275737,-1.844486,0.138435,0.298916,-1,,,,,,,,,,,,,,,,
21.138024,rectangle_0.15_сторона 4,20131,503401,25000,0,0,0.994718,0.994718,0.773694,0.967118,16,20,125015,146664,29,45,0.022552,0.272576,-1.840747,0.131254,0.149577,-1,,,,,,,,,,,,,,,,
21.161524,rectangle_0.15_сторона 4,20132,503426,24976,0,0,0.994718,0.994718,0.871243,1.016450,18,21,125033,146685,28,45,0.021609,0.269149,-1.837942,0.142329,0.112291,-1,,,,,,,,,,,,,,,,
21.187246,rectangle_0.15_сторона 4,20133,503451,24996,0,0,0.994718,0.994718,0.918909,1.064000,19,22,125052,146707,27,44,0.020627,0.265543,-1.835138,0.149508,0.112201,-1,,,,,,,,,,,,,,,,
21.212638,rectangle_0.15_сторона 4,20134,503476,25008,0,0,0.994718,0.994718,0.918468,1.015149,19,21,125071,146728,28,44,0.019678,0.262023,-1.833268,0.145791,0.074765,-1,,,,,,,,,,,,,,,,
21.237773,rectangle_0.15_сторона 4,20135,503501,25008,0,0,0.994718,0.994718,0.725106,0.966809,15,20,125086,146748,31,45,0.018857,0.258940,-1.828594,0.127567,0.186912,-1,,,,,,,,,,,,,,,,
21.263518,rectangle_0.15_сторона 4,20136,503526,24988,0,0,0.994718,0.994718,0.870824,0.967583,18,20,125104,146768,29,45,0.017977,0.255590,-1.826724,0.138613,0.074825,-1,,,,,,,,,,,,,,,,
21.288996,rectangle_0.15_сторона 4,20137,503552,25028,0,0,0.994718,0.994718,0.966036,1.014338,20,21,125124,146789,28,45,0.017033,0.251974,-1.825789,0.149317,0.037352,-1,,,,,,,,,,,,,,,,
21.314371,rectangle_0.15_сторона 4,20138,503576,24980,0,0,0.994718,0.994718,0.822709,0.967892,17,20,125141,146809,30,45,0.016187,0.248709,-1.822985,0.135008,0.112273,-1,,,,,,,,,,,,,,,,
21.340159,rectangle_0.15_сторона 4,20139,503601,25040,0,0,0.994718,0.994718,0.724180,0.965573,15,20,125155,146829,32,45,0.015398,0.245618,-1.818311,0.127404,0.186673,-1,,,,,,,,,,,,,,,,
21.365265,rectangle_0.15_сторона 4,20140,503626,24964,0,0,0.994718,0.994718,0.823236,0.968513,17,20,125173,146849,31,45,0.014576,0.242347,-1.815506,0.135095,0.112345,-1,,,,,,,,,,,,,,,,
21.387958,rectangle_0.15_сторона 4,20141,503651,24984,0,0,0.994718,0.994718,0.967737,1.016124,20,21,125194,146870,29,45,0.013673,0.238721,-1.814571,0.149580,0.037418,-1,,,,,,,,,,,,,,,,
21.416069,rectangle_0.15_сторона 4,20142,503676,25020,0,0,0.994718,0.994718,0.966345,0.966345,20,20,125213,146890,29,45,0.012793,0.235183,-1.814571,0.145721,0.000000,-1,,,,,,,,,,,,,,,,
21.439314,rectangle_0.15_сторона 4,20143,503701,24988,0,0,0.994718,0.994718,0.725687,1.015962,15,21,125228,146911,33,45,0.012010,0.231997,-1.808962,0.131317,0.224474,-1,,,,,,,,,,,,,,,,
21.464713,rectangle_0.15_сторона 4,20144,503726,24992,0,0,0.994718,0.994718,0.822313,0.967428,17,20,125245,146931,32,45,0.011219,0.228718,-1.806158,0.134943,0.112219,-1,,,,,,,,,,,,,,,,
21.490627,rectangle_0.15_сторона 4,20145,503751,25020,0,0,0.994718,0.994718,0.966345,0.966345,20,20,125266,146951,30,45,0.010368,0.225173,-1.806158,0.145721,0.000000,-1,,,,,,,,,,,,,,,,
21.516228,rectangle_0.15_сторона 4,20146,503776,25032,0,0,0.994718,0.994718,1.014176,0.965882,21,20,125286,146970,29,45,0.009495,0.221539,-1.807092,0.149293,-0.037347,-1,,,,,,,,,,,,,,,,
21.539871,rectangle_0.15_сторона 4,20147,503801,24948,0,0,0.994718,0.994718,0.823764,0.920677,17,19,125302,146989,32,46,0.008730,0.218348,-1.805223,0.131528,0.074945,-1,,,,,,,,,,,,,,,,
21.565143,rectangle_0.15_сторона 4,20148,503826,25032,0,0,0.994718,0.994718,0.772705,0.965882,16,20,125318,147010,33,46,0.007974,0.215155,-1.801483,0.131086,0.149386,-1,,,,,,,,,,,,,,,,
21.591019,rectangle_0.15_сторона 4,20149,503851,24980,0,0,0.994718,0.994718,0.919498,1.016287,19,21,125338,147031,32,45,0.007143,0.211605,-1.799614,0.145955,0.074849,-1,,,,,,,,,,,,,,,,
21.616716,rectangle_0.15_сторона 4,20150,503876,24992,0,0,0.994718,0.994718,1.015799,0.967428,21,20,125359,147051,30,46,0.006294,0.207966,-1.800548,0.149532,-0.037406,-1,,,,,,,,,,,,,,,,
21.642498,rectangle_0.15_сторона 4,20151,503901,25000,0,0,0.994718,0.994718,0.918762,0.967118,19,20,125378,147071,32,46,0.005486,0.204504,-1.799614,0.142192,0.037394,-1,,,,,,,,,,,,,,,,
21.666729,rectangle_0.15_сторона 4,20152,503926,25024,0,0,0.994718,0.994718,0.821262,1.014500,17,21,125395,147092,33,45,0.004707,0.201129,-1.795874,0.138413,0.149434,-1,,,,,,,,,,,,,,,,
21.692212,rectangle_0.15_сторона 4,20153,503951,24996,0,0,0.994718,0.994718,0.967273,1.064000,20,22,125415,147114,31,44,0.003856,0.197397,-1.794004,0.153154,0.074801,-1,,,,,,,,,,,,,,,,
21.717815,rectangle_0.15_сторона 4,20154,503976,24984,0,0,0.994718,0.994718,1.016124,0.967737,21,20,125436,147134,31,46,0.003027,0.193753,-1.794939,0.149580,-0.037418,-1,,,,,,,,,,,,,,,,
21.743416,rectangle_0.15_сторона 4,20155,504001,25008,0,0,0.994718,0.994718,0.966809,1.015149,20,21,125456,147155,31,45,0.002198,0.190109,-1.794004,0.149436,0.037382,-1,,,,,,,,,,,,,,,,
21.768428,rectangle_0.15_сторона 4,20156,504026,24996,0,0,0.994718,0.994718,0.870546,0.967273,18,20,125474,147176,33,46,0.001434,0.186730,-1.792135,0.138568,0.074801,-1,,,,,,,,,,,,,,,,
21.794101,rectangle_0.15_сторона 4,20157,504051,25000,0,0,0.994718,0.994718,0.918762,1.112186,19,23,125493,147198,33,44,0.000601,0.182994,-1.788395,0.153130,0.149577,-1,,,,,,,,,,,,,,,,
21.819354,rectangle_0.15_сторона 4,20158,504076,24988,0,0,0.994718,0.994718,1.064341,0.967583,22,20,125515,147218,30,45,-0.000229,0.179257,-1.790265,0.153203,-0.074825,-1,,,,,,,,,,,,,,,,
21.844749,rectangle_0.15_сторона 4,20159,504101,25000,0,0,0.994718,0.994718,0.967118,1.063830,20,22,125536,147240,32,44,-0.001059,0.175519,-1.788395,0.153130,0.074789,-1,,,,,,,,,,,,,,,,
21.869883,rectangle_0.15_сторона 4,20160,504126,25008,0,0,0.994718,0.994718,0.918468,1.063490,19,22,125554,147262,33,44,-0.001861,0.171869,-1.785591,0.149436,0.112147,-1,,,,,,,,,,,,,,,,
21.895211,rectangle_0.15_сторона 4,20161,504151,24996,0,0,0.994718,0.994718,1.015636,1.064000,21,22,125575,147284,31,44,-0.002694,0.168040,-1.784656,0.156801,0.037400,-1,,,,,,,,,,,,,,,,
21.920222,rectangle_0.15_сторона 4,20162,504176,24996,0,0,0.994718,0.994718,1.015636,1.064000,21,22,125596,147306,31,44,-0.003524,0.164209,-1.783721,0.156801,0.037400,-1,,,,,,,,,,,,,,,,
21.945612,rectangle_0.15_сторона 4,20163,504201,25000,0,0,0.994718,0.994718,1.015474,1.015474,21,21,125617,147327,31,44,-0.004333,0.160467,-1.783721,0.153130,0.000000,-1,,,,,,,,,,,,,,,,
21.970668,rectangle_0.15_сторона 4,20164,504226,25012,0,0,0.994718,0.994718,0.918321,1.063320,19,22,125636,147349,33,43,-0.005118,0.156813,-1.780916,0.149412,0.112129,-1,,,,,,,,,,,,,,,,
21.995855,rectangle_0.15_сторона 4,20165,504251,24996,0,0,0.994718,0.994718,1.015636,1.015636,21,21,125657,147370,31,44,-0.005916,0.153069,-1.780916,0.153154,0.000000,-1,,,,,,,,,,,,,,,,
22.021848,rectangle_0.15_сторона 4,20166,504275,24992,0,0,0.994718,0.994718,1.064170,1.015799,22,21,125679,147391,31,44,-0.006736,0.149237,-1.781851,0.156826,-0.037406,-1,,,,,,,,,,,,,,,,
22.048904,rectangle_0.15_сторона 4,20167,504301,25168,0,0,0.994718,0.994718,1.008696,1.008696,21,21,125700,147412,31,44,-0.007538,0.145493,-1.781851,0.152108,0.000000,-1,,,,,,,,,,,,,,,,
22.070973,rectangle_0.15_сторона 4,20168,504326,24844,0,0,0.994718,0.994718,0.875872,0.973191,18,20,125718,147432,33,45,-0.008260,0.142106,-1.779982,0.139416,0.075258,-1,,,,,,,,,,,,,,,,
22.103916,rectangle_0.15_сторона 4,20169,504351,25004,0,0,0.994718,0.994718,0.966963,1.063660,20,22,125738,147454,32,43,-0.009052,0.138360,-1.778112,0.153105,0.074777,-1,,,,,,,,,,,,,,,,
22.126950,rectangle_0.15_сторона 4,20170,504376,24996,0,0,0.994718,0.994718,1.064000,1.015636,22,21,125760,147475,31,44,-0.009860,0.134525,-1.779047,0.156801,-0.037400,-1,,,,,,,,,,,,,,,,
22.148309,rectangle_0.15_сторона 4,20171,504401,24996,0,0,0.994718,0.994718,0.967273,0.967273,20,20,125780,147496,32,45,-0.010614,0.130958,-1.779047,0.145861,0.000000,-1,,,,,,,,,,,,,,,,
22.172170,rectangle_0.15_сторона 4,20172,504426,24996,0,0,0.994718,0.994718,0.918909,1.064000,19,22,125799,147517,33,43,-0.011381,0.127301,-1.776242,0.149508,0.112201,-1,,,,,,,,,,,,,,,,
22.198943,rectangle_0.15_сторона 4,20173,504451,25044,0,0,0.994718,0.994718,1.013690,1.013690,21,21,125820,147538,31,44,-0.012162,0.123553,-1.776242,0.152861,0.000000,-1,,,,,,,,,,,,,,,,
22.225049,rectangle_0.15_сторона 4,20174,504476,24976,0,0,0.994718,0.994718,1.016450,1.016450,21,21,125841,147559,31,44,-0.012943,0.119805,-1.776242,0.153277,0.000000,-1,,,,,,,,,,,,,,,,
22.248428,rectangle_0.15_сторона 4,20175,504501,24996,0,0,0.994718,0.994718,0.918909,1.112364,19,23,125860,147582,33,42,-0.013717,0.116056,-1.772503,0.153154,0.149601,-1,,,,,,,,,,,,,,,,
22.275026,rectangle_0.15_сторона 4,20176,504526,24988,0,0,0.994718,0.994718,0.967583,1.015962,20,21,125880,147603,32,43,-0.014464,0.112394,-1.771568,0.149556,0.037412,-1,,,,,,,,,,,,,,,,
22.301071,rectangle_0.15_сторона 4,20177,504551,25024,0,0,0.994718,0.994718,1.014500,0.966191,21,20,125901,147623,32,44,-0.015211,0.108733,-1.772503,0.149341,-0.037358,-1,,,,,,,,,,,,,,,,
22.325455,rectangle_0.15_пауза,20178,504576,24992,0,0,0.000000,0.000000,1.064170,1.064170,22,22,125923,147645,-16,-2,-0.016015,0.104803,-1.772503,0.160473,0.000000,-1,,,,,,,,,,,,,,,,
22.349555,rectangle_0.15_пауза,20179,504601,24984,0,0,0.000000,0.000000,0.580642,0.677416,12,14,125934,147658,-11,1,-0.016487,0.102481,-1.770633,0.094855,0.074837,-1,,,,,,,,,,,,,,,,
22.375015,rectangle_0.15_пауза,20180,504626,25016,0,0,0.000000,0.000000,0.000000,0.338275,0,7,125934,147665,-4,5,-0.016612,0.101855,-1.764089,0.025505,0.261593,-1,,,,,,,,,,,,,,,,
22.401242,rectangle_0.15_пауза,20181,504650,25004,0,0,0.000000,0.000000,0.000000,0.193393,0,4,125934,147669,-4,6,-0.016681,0.101497,-1.760350,0.014581,0.149553,-1,,,,,,,,,,,,,,,,
22.426961,rectangle_0.15_пауза,20182,504676,24976,0,0,0.000000,0.000000,0.000000,0.193609,0,4,125934,147673,-4,6,-0.016749,0.101139,-1.756610,0.014598,0.149721,-1,,,,,,,,,,,,,,,,
22.450046,rectangle_0.15_пауза,20183,504700,25012,0,0,0.000000,0.000000,0.000000,0.048333,0,1,125934,147674,-4,7,-0.016766,0.101050,-1.755675,0.003644,0.037376,-1,,,,,,,,,,,,,,,,
22.475904,rectangle_0.15_пауза,20184,504726,24988,0,0,0.000000,0.000000,0.000000,0.048379,0,1,125934,147675,-4,7,-0.016783,0.100960,-1.754740,0.003648,0.037412,-1,,,,,,,,,,,,,,,,
22.501897,rectangle_0.15_пауза,20185,504751,25020,0,0,0.000000,0.000000,0.000000,0.000000,0,0,125934,147675,-4,8,-0.016783,0.100960,-1.754740,0.000000,0.000000,-1,,,,,,,,,,,,,,,,
22.528151,rectangle_0.15_пауза,20186,504775,24988,0,0,0.000000,0.000000,0.000000,0.000000,0,0,125934,147675,-4,8,-0.016783,0.100960,-1.754740,0.000000,0.000000,-1,,,,,,,,,,,,,,,,
22.551397,rectangle_0.15_пауза,20187,504801,24996,0,0,0.000000,0.000000,0.000000,0.000000,0,0,125934,147675,-4,8,-0.016783,0.100960,-1.754740,0.000000,0.000000,-1,,,,,,,,,,,,,,,,
22.576839,rectangle_0.15_пауза,20188,504825,24992,0,0,0.000000,0.000000,0.000000,0.000000,0,0,125934,147675,-4,8,-0.016783,0.100960,-1.754740,0.000000,0.000000,-1,,,,,,,,,,,,,,,,
22.602804,rectangle_0.15_пауза,20189,504851,25032,0,0,0.000000,0.000000,0.000000,0.000000,0,0,125934,147675,-4,8,-0.016783,0.100960,-1.754740,0.000000,0.000000,-1,,,,,,,,,,,,,,,,
22.628677,rectangle_0.15_пауза,20190,504876,24988,0,0,0.000000,0.000000,0.000000,0.000000,0,0,125934,147675,-4,8,-0.016783,0.100960,-1.754740,0.000000,0.000000,-1,,,,,,,,,,,,,,,,
22.654401,rectangle_0.15_пауза,20191,504900,24992,0,0,0.000000,0.000000,0.000000,0.000000,0,0,125934,147675,-4,8,-0.016783,0.100960,-1.754740,0.000000,0.000000,-1,,,,,,,,,,,,,,,,
22.682698,rectangle_0.15_пауза,20192,504926,24992,0,0,0.000000,0.000000,0.000000,0.000000,0,0,125934,147675,-4,8,-0.016783,0.100960,-1.754740,0.000000,0.000000,-1,,,,,,,,,,,,,,,,
22.705002,rectangle_0.15_пауза,20193,504950,25012,0,0,0.000000,0.000000,0.000000,0.000000,0,0,125934,147675,-4,8,-0.016783,0.100960,-1.754740,0.000000,0.000000,-1,,,,,,,,,,,,,,,,
22.728306,rectangle_0.15_пауза,20194,504976,24996,0,0,0.000000,0.000000,0.000000,0.000000,0,0,125934,147675,-4,8,-0.016783,0.100960,-1.754740,0.000000,0.000000,-1,,,,,,,,,,,,,,,,
22.755807,rectangle_0.15_пауза,20195,505000,25000,0,0,0.000000,0.000000,0.000000,0.000000,0,0,125934,147675,-4,8,-0.016783,0.100960,-1.754740,0.000000,0.000000,-1,,,,,,,,,,,,,,,,
22.780950,rectangle_0.15_пауза,20196,505026,24992,0,0,0.000000,0.000000,0.000000,0.000000,0,0,125934,147675,-4,8,-0.016783,0.100960,-1.754740,0.000000,0.000000,-1,,,,,,,,,,,,,,,,
22.805736,rectangle_0.15_пауза,20197,505051,25016,0,0,0.000000,0.000000,0.000000,0.000000,0,0,125934,147675,-4,8,-0.016783,0.100960,-1.754740,0.000000,0.000000,-1,,,,,,,,,,,,,,,,
22.829028,rectangle_0.15_пауза,20198,505075,25020,0,0,0.000000,0.000000,0.000000,0.000000,0,0,125934,147675,-4,8,-0.016783,0.100960,-1.754740,0.000000,0.000000,-1,,,,,,,,,,,,,,,,
22.856351,rectangle_0.15_пауза,20199,505101,24968,0,0,0.000000,0.000000,0.000000,0.000000,0,0,125934,147675,-4,8,-0.016783,0.100960,-1.754740,0.000000,0.000000,-1,,,,,,,,,,,,,,,,
22.881814,rectangle_0.15_пауза,20200,505125,25008,0,0,0.000000,0.000000,0.000000,0.000000,0,0,125934,147675,-4,8,-0.016783,0.100960,-1.754740,0.000000,0.000000,-1,,,,,,,,,,,,,,,,
22.906927,rectangle_0.15_поворот 4,20201,505151,25012,0,0,0.000000,0.000000,0.000000,0.000000,0,0,125934,147675,-4,8,-0.016783,0.100960,-1.754740,0.000000,0.000000,-1,,,,,,,,,,,,,,,,
22.931520,rectangle_0.15_поворот 4,20202,505176,24980,0,0,-0.387940,0.387940,0.000000,0.000000,0,0,125934,147675,-28,30,-0.016783,0.100960,-1.754740,0.000000,0.000000,-1,,,,,,,,,,,,,,,,
22.956772,rectangle_0.15_поворот 4,20203,505201,25020,0,0,-0.387940,0.387940,-0.096634,0.144952,-2,3,125932,147678,-27,29,-0.016799,0.100870,-1.750066,0.003643,0.186822,-1,,,,,,,,,,,,,,,,
22.982042,rectangle_0.15_поворот 4,20204,505226,24984,0,0,-0.387940,0.387940,-0.145161,0.241934,-3,5,125929,147684,-27,28,-0.016831,0.100691,-1.742587,0.007297,0.299346,-1,,,,,,,,,,,,,,,,
23.007050,rectangle_0.15_поворот 4,20205,505251,24992,0,0,-0.387940,0.387940,-0.145114,0.193486,-3,4,125926,147687,-28,29,-0.016847,0.100601,-1.736043,0.003647,0.261844,-1,,,,,,,,,,,,,,,,
23.032444,rectangle_0.15_поворот 4,20206,505276,25004,0,0,-0.387940,0.387940,-0.048348,0.241741,-1,5,125925,147692,-30,29,-0.016905,0.100241,-1.730434,0.014581,0.224330,-1,,,,,,,,,,,,,,,,
23.057720,rectangle_0.15_поворот 4,20207,505300,25012,0,0,-0.387940,0.387940,0.000000,0.193331,0,4,125925,147696,-31,30,-0.016963,0.099881,-1.726695,0.014577,0.149506,-1,,,,,,,,,,,,,,,,
23.082529,rectangle_0.15_поворот 4,20208,505326,24996,0,0,-0.387940,0.387940,-0.048364,0.193455,-1,4,125924,147700,-31,30,-0.017005,0.099611,-1.722020,0.010940,0.187002,-1,,,,,,,,,,,,,,,,
23.109959,rectangle_0.15_поворот 4,20209,505351,24984,0,0,-0.387940,0.387940,-0.096774,0.193547,-2,4,125922,147704,-31,30,-0.017032,0.099431,-1.716411,0.007297,0.224510,-1,,,,,,,,,,,,,,,,
23.132910,rectangle_0.15_поворот 4,20210,505376,25004,0,0,-0.387940,0.387940,-0.096696,0.193393,-2,4,125920,147708,-32,31,-0.017057,0.099250,-1.710802,0.007291,0.224330,-1,,,,,,,,,,,,,,,,
23.158534,rectangle_0.15_поворот 4,20211,505401,24996,0,0,-0.387940,0.387940,-0.096727,0.193455,-2,4,125918,147712,-32,31,-0.017082,0.099070,-1.705193,0.007293,0.224402,-1,,,,,,,,,,,,,,,,
23.183983,rectangle_0.15_поворот 4,20212,505425,25024,0,0,-0.387940,0.387940,0.000000,0.144929,0,3,125918,147716,-34,32,-0.017119,0.098799,-1.702388,0.010927,0.112075,-1,,,,,,,,,,,,,,,,
23.208882,rectangle_0.15_поворот 4,20213,505451,24976,0,0,-0.387940,0.387940,-0.048402,0.193609,-1,4,125917,147720,-34,32,-0.017154,0.098527,-1.697714,0.010948,0.187151,-1,,,,,,,,,,,,,,,,
23.234440,rectangle_0.15_поворот 4,20214,505476,25000,0,0,-0.387940,0.387940,-0.145068,0.193424,-3,4,125914,147723,-33,33,-0.017165,0.098437,-1.691170,0.003646,0.261761,-1,,,,,,,,,,,,,,,,
23.264952,rectangle_0.15_поворот 4,20215,505501,25020,0,0,-0.387940,0.387940,-0.096634,0.193269,-2,4,125911,147727,-35,33,-0.017187,0.098256,-1.685561,0.007286,0.224187,-1,,,,,,,,,,,,,,,,
23.285298,rectangle_0.15_поворот 4,20216,505526,24996,0,0,-0.387940,0.387940,-0.193455,0.241818,-4,5,125908,147732,-34,33,-0.017197,0.098165,-1.677147,0.003647,0.336603,-1,,,,,,,,,,,,,,,,
23.310868,rectangle_0.15_поворот 4,20217,505551,24996,0,0,-0.387940,0.387940,-0.193455,0.193455,-4,4,125904,147736,-34,34,-0.017197,0.098165,-1.669668,0.000000,0.299203,-1,,,,,,,,,,,,,,,,
23.335714,rectangle_0.15_поворот 4,20218,505576,24996,0,0,-0.387940,0.387940,-0.096727,0.241818,-2,5,125902,147741,-36,33,-0.017223,0.097893,-1.663124,0.010940,0.261802,-1,,,,,,,,,,,,,,,,
23.363260,rectangle_0.15_поворот 4,20219,505601,24992,0,0,-0.387940,0.387940,-0.145114,0.193486,-3,4,125899,147745,-36,34,-0.017231,0.097802,-1.656580,0.003647,0.261844,-1,,,,,,,,,,,,,,,,
23.386145,rectangle_0.15_поворот 4,20220,505626,25004,0,0,-0.387940,0.387940,-0.193393,0.241741,-4,5,125895,147750,-36,34,-0.017238,0.097711,-1.648167,0.003645,0.336495,-1,,,,,,,,,,,,,,,,
23.411655,rectangle_0.15_поворот 4,20221,505651,25000,0,0,-0.387940,0.387940,-0.193424,0.241780,-4,5,125890,147755,-36,34,-0.017245,0.097621,-1.639753,0.003646,0.336549,-1,,,,,,,,,,,,,,,,
23.437220,rectangle_0.15_поворот 4,20222,505676,25188,0,0,-0.387940,0.387940,-0.239975,0.239975,-5,5,125886,147760,-36,35,-0.017245,0.097621,-1.630404,0.000000,0.371152,-1,,,,,,,,,,,,,,,,
23.462514,rectangle_0.15_поворот 4,20223,505701,24832,0,0,-0.387940,0.387940,-0.292098,0.243415,-6,5,125880,147765,-35,35,-0.017240,0.097712,-1.620121,-0.003671,0.414121,-1,,,,,,,,,,,,,,,,
23.487750,rectangle_0.15_поворот 4,20224,505725,24988,0,0,-0.387940,0.387940,-0.241896,0.193517,-5,4,125875,147770,-36,36,-0.017236,0.097803,-1.611707,-0.003648,0.336711,-1,,,,,,,,,,,,,,,,
23.513152,rectangle_0.15_поворот 4,20225,505751,25016,0,0,-0.387940,0.387940,-0.144975,0.338275,-3,7,125871,147776,-38,34,-0.017249,0.097438,-1.602359,0.014574,0.373704,-1,,,,,,,,,,,,,,,,
23.540043,rectangle_0.15_поворот 4,20226,505776,24976,0,0,-0.387940,0.387940,-0.290414,0.338817,-6,7,125866,147783,-36,34,-0.017251,0.097347,-1.590206,0.003649,0.486594,-1,,,,,,,,,,,,,,,,
23.562866,rectangle_0.15_поворот 4,20227,505801,25004,0,0,-0.387940,0.387940,-0.290089,0.338437,-6,7,125860,147790,-36,34,-0.017253,0.097256,-1.578052,0.003645,0.486049,-1,,,,,,,,,,,,,,,,
23.588449,rectangle_0.15_поворот 4,20228,505826,25012,0,0,-0.387940,0.387940,-0.289996,0.338329,-6,7,125854,147797,-37,34,-0.017253,0.097165,-1.565899,0.003644,0.485893,-1,,,,,,,,,,,,,,,,
23.614474,rectangle_0.15_поворот 4,20229,505851,25008,0,0,-0.387940,0.387940,-0.290043,0.241702,-6,5,125848,147802,-37,36,-0.017254,0.097256,-1.555616,-0.003645,0.411206,-1,,,,,,,,,,,,,,,,
23.640683,rectangle_0.15_поворот 4,20230,505876,24992,0,0,-0.387940,0.387940,-0.290228,0.241857,-6,5,125841,147807,-37,36,-0.017255,0.097347,-1.545332,-0.003647,0.411470,-1,,,,,,,,,,,,,,,,
23.664173,rectangle_0.15_поворот 4,20231,505901,24992,0,0,-0.387940,0.387940,-0.338600,0.241857,-7,5,125835,147812,-37,36,-0.017261,0.097529,-1.534114,-0.007294,0.448876,-1,,,,,,,,,,,,,,,,
23.689600,rectangle_0.15_поворот 4,20232,505926,25012,0,0,-0.387940,0.387940,-0.289996,0.241664,-6,5,125828,147817,-37,37,-0.017265,0.097620,-1.523831,-0.003644,0.411141,-1,,,,,,,,,,,,,,,,
23.715018,rectangle_0.15_поворот 4,20233,505951,24988,0,0,-0.387940,0.387940,-0.338654,0.290275,-7,6,125822,147824,-37,36,-0.017270,0.097711,-1.511677,-0.003648,0.486360,-1,,,,,,,,,,,,,,,,
23.740616,rectangle_0.15_поворот 4,20234,505976,25020,0,0,-0.387940,0.387940,-0.289903,0.338221,-6,7,125815,147830,-38,36,-0.017264,0.097620,-1.499524,0.003643,0.485738,-1,,,,,,,,,,,,,,,,
23.765936,rectangle_0.15_поворот 4,20235,506001,24976,0,0,-0.387940,0.387940,-0.338817,0.290414,-7,6,125808,147837,-37,37,-0.017271,0.097711,-1.487371,-0.003649,0.486594,-1,,,,,,,,,,,,,,,,
23.790997,rectangle_0.15_поворот 4,20236,506027,25132,0,0,-0.387940,0.387940,-0.336713,0.336713,-7,7,125802,147844,-37,36,-0.017271,0.097711,-1.474283,0.000000,0.520771,-1,,,,,,,,,,,,,,,,
23.816820,rectangle_0.15_поворот 4,20237,506051,24888,0,0,-0.387940,0.387940,-0.340015,0.388588,-7,8,125795,147851,-37,35,-0.017261,0.097621,-1.460260,0.003662,0.563440,-1,,,,,,,,,,,,,,,,
23.841860,rectangle_0.15_поворот 4,20238,506076,24996,0,0,-0.387940,0.387940,-0.290182,0.386909,-6,8,125788,147859,-38,35,-0.017240,0.097440,-1.447172,0.007293,0.523605,-1,,,,,,,,,,,,,,,,
23.866777,rectangle_0.15_поворот 4,20239,506101,24996,0,0,-0.387940,0.387940,-0.338546,0.386909,-7,8,125782,147868,-38,35,-0.017228,0.097349,-1.433149,0.003647,0.561005,-1,,,,,,,,,,,,,,,,
23.891529,rectangle_0.15_поворот 4,20240,506126,24988,0,0,-0.387940,0.387940,-0.387033,0.387033,-8,8,125774,147875,-37,35,-0.017228,0.097349,-1.418192,0.000000,0.598597,-1,,,,,,,,,,,,,,,,
23.916876,rectangle_0.15_поворот 4,20241,506151,25016,0,0,-0.387940,0.387940,-0.386600,0.289950,-8,6,125766,147881,-37,37,-0.017257,0.097529,-1.405104,-0.007287,0.523186,-1,,,,,,,,,,,,,,,,
23.944752,rectangle_0.15_поворот 4,20242,506176,24996,0,0,-0.387940,0.387940,-0.386909,0.338546,-8,7,125758,147888,-37,36,-0.017273,0.097619,-1.391081,-0.003647,0.561005,-1,,,,,,,,,,,,,,,,
23.967553,rectangle_0.15_поворот 4,20243,506201,24984,0,0,-0.387940,0.387940,-0.387095,0.290321,-8,6,125749,147894,-37,37,-0.017307,0.097798,-1.377993,-0.007297,0.523856,-1,,,,,,,,,,,,,,,,
23.995339,rectangle_0.15_поворот 4,20244,506226,25000,0,0,-0.387940,0.387940,-0.435203,0.290135,-9,6,125741,147901,-36,37,-0.017361,0.098066,-1.363970,-0.010938,0.560915,-1,,,,,,,,,,,,,,,,
24.018531,rectangle_0.15_поворот 4,20245,506251,25012,0,0,-0.387940,0.387940,-0.386662,0.289996,-8,6,125733,147907,-37,38,-0.017399,0.098244,-1.350882,-0.007288,0.523270,-1,,,,,,,,,,,,,,,,
24.043313,rectangle_0.15_поворот 4,20246,506276,25008,0,0,-0.387940,0.387940,-0.435064,0.338383,-9,7,125724,147913,-36,37,-0.017441,0.098422,-1.335924,-0.007290,0.598118,-1,,,,,,,,,,,,,,,,
24.068704,rectangle_0.15_поворот 4,20247,506301,24984,0,0,-0.387940,0.387940,-0.338708,0.387095,-7,8,125716,147922,-38,36,-0.017419,0.098333,-1.321901,0.003648,0.561274,-1,,,,,,,,,,,,,,,,
24.094221,rectangle_0.15_поворот 4,20248,506326,25012,0,0,-0.387940,0.387940,-0.338329,0.483327,-7,10,125709,147932,-38,35,-0.017349,0.098069,-1.306009,0.010933,0.635399,-1,,,,,,,,,,,,,,,,
24.120061,rectangle_0.15_поворот 4,20249,506351,24988,0,0,-0.387940,0.387940,-0.435412,0.532170,-9,11,125701,147943,-36,34,-0.017300,0.097893,-1.287312,0.007295,0.748246,-1,,,,,,,,,,,,,,,,
24.145280,rectangle_0.15_поворот 4,20250,506376,25032,0,0,-0.387940,0.387940,-0.482941,0.434647,-10,9,125691,147952,-35,35,-0.017326,0.097981,-1.269549,-0.003641,0.709584,-1,,,,,,,,,,,,,,,,
24.171413,rectangle_0.15_поворот 4,20251,506401,24964,0,0,-0.387940,0.387940,-0.435831,0.435831,-9,9,125681,147961,-36,35,-0.017326,0.097981,-1.252722,0.000000,0.674069,-1,,,,,,,,,,,,,,,,
24.196831,rectangle_0.15_поворот 4,20252,506426,25000,0,0,-0.387940,0.387940,-0.483559,0.386847,-10,8,125672,147969,-35,36,-0.017385,0.098153,-1.235894,-0.007292,0.673098,-1,,,,,,,,,,,,,,,,
24.220724,rectangle_0.15_поворот 4,20253,506450,25020,0,0,-0.387940,0.387940,-0.434855,0.434855,-9,9,125663,147977,-36,35,-0.017385,0.098153,-1.219067,0.000000,0.672560,-1,,,,,,,,,,,,,,,,
24.246122,rectangle_0.15_поворот 4,20254,506476,24980,0,0,-0.387940,0.387940,-0.435552,0.387157,-9,8,125654,147985,-36,36,-0.017417,0.098239,-1.203174,-0.003649,0.636213,-1,,,,,,,,,,,,,,,,
24.272471,rectangle_0.15_поворот 4,20255,506501,25000,0,0,-0.387940,0.387940,-0.386847,0.435203,-8,9,125645,147994,-36,35,-0.017383,0.098154,-1.187282,0.003646,0.635704,-1,,,,,,,,,,,,,,,,
24.297861,rectangle_0.15_поворот 4,20256,506526,25004,0,0,-0.387940,0.387940,-0.386785,0.483482,-8,10,125637,148005,-36,34,-0.017314,0.097985,-1.170454,0.007291,0.672991,-1,,,,,,,,,,,,,,,,
24.323822,rectangle_0.15_поворот 4,20257,506551,25016,0,0,-0.387940,0.387940,-0.434925,0.579900,-9,12,125628,148017,-36,33,-0.017205,0.097735,-1.150822,0.010931,0.784779,-1,,,,,,,,,,,,,,,,
24.349520,rectangle_0.15_поворот 4,20258,506576,24992,0,0,-0.387940,0.387940,-0.483714,0.580457,-10,12,125618,148028,-35,32,-0.017129,0.097569,-1.130255,0.007294,0.822939,-1,,,,,,,,,,,,,,,,
24.373212,rectangle_0.15_поворот 4,20259,506601,25012,0,0,-0.387940,0.387940,-0.531660,0.434994,-11,9,125608,148037,-34,34,-0.017208,0.097733,-1.111558,-0.007288,0.747528,-1,,,,,,,,,,,,,,,,
24.399554,rectangle_0.15_поворот 4,20260,506626,24984,0,0,-0.387940,0.387940,-0.483869,0.387095,-10,8,125598,148046,-34,35,-0.017290,0.097896,-1.094731,-0.007297,0.673529,-1,,,,,,,,,,,,,,,,
24.423507,rectangle_0.15_поворот 4,20261,506651,25016,0,0,-0.387940,0.387940,-0.434925,0.434925,-9,9,125588,148055,-35,34,-0.017290,0.097896,-1.077903,0.000000,0.672668,-1,,,,,,,,,,,,,,,,
24.449093,rectangle_0.15_поворот 4,20262,506676,24996,0,0,-0.387940,0.387940,-0.483636,0.435273,-10,9,125578,148064,-34,34,-0.017334,0.097976,-1.060141,-0.003647,0.710606,-1,,,,,,,,,,,,,,,,
24.475349,rectangle_0.15_поворот 4,20263,506701,24980,0,0,-0.387940,0.387940,-0.483946,0.483946,-10,10,125569,148073,-34,33,-0.017334,0.097976,-1.041444,0.000000,0.748486,-1,,,,,,,,,,,,,,,,
24.499273,rectangle_0.15_поворот 4,20264,506726,25004,0,0,-0.387940,0.387940,-0.435134,0.483482,-9,10,125560,148083,-34,33,-0.017287,0.097898,-1.023682,0.003645,0.710379,-1,,,,,,,,,,,,,,,,
24.524121,rectangle_0.15_поворот 4,20265,506752,25020,0,0,-0.387940,0.387940,-0.434855,0.579807,-9,12,125551,148095,-34,31,-0.017143,0.097665,-1.004050,0.010929,0.784654,-1,,,,,,,,,,,,,,,,
24.551662,rectangle_0.15_поворот 4,20266,506776,24996,0,0,-0.387940,0.387940,-0.435273,0.483636,-9,10,125542,148106,-34,32,-0.017093,0.097589,-0.986287,0.003647,0.710606,-1,,,,,,,,,,,,,,,,
24.575754,rectangle_0.15_поворот 4,20267,506801,24980,0,0,-0.387940,0.387940,-0.483946,0.435552,-10,9,125531,148114,-33,33,-0.017144,0.097665,-0.968525,-0.003649,0.711062,-1,,,,,,,,,,,,,,,,
24.603730,rectangle_0.15_поворот 4,20268,506826,25024,0,0,-0.387940,0.387940,-0.531405,0.434786,-11,9,125521,148123,-32,33,-0.017249,0.097814,-0.949828,-0.007285,0.747170,-1,,,,,,,,,,,,,,,,
24.626584,rectangle_0.15_поворот 4,20269,506851,24972,0,0,-0.387940,0.387940,-0.435691,0.387281,-9,8,125512,148132,-34,33,-0.017302,0.097888,-0.933935,-0.003650,0.636417,-1,,,,,,,,,,,,,,,,
24.658003,rectangle_0.15_поворот 4,20270,506875,25032,0,0,-0.387940,0.387940,-0.434647,0.434647,-9,9,125503,148140,-33,33,-0.017302,0.097888,-0.917108,0.000000,0.672238,-1,,,,,,,,,,,,,,,,
24.676509,rectangle_0.15_поворот 4,20271,506901,24968,0,0,-0.387940,0.387940,-0.435761,0.435761,-9,9,125493,148150,-33,32,-0.017302,0.097888,-0.900280,0.000000,0.673961,-1,,,,,,,,,,,,,,,,
24.702142,rectangle_0.15_поворот 4,20272,506926,25016,0,0,-0.387940,0.387940,-0.434925,0.483250,-9,10,125484,148160,-33,32,-0.017245,0.097817,-0.882518,0.003644,0.710038,-1,,,,,,,,,,,,,,,,
24.727805,rectangle_0.15_поворот 4,20273,506951,25000,0,0,-0.387940,0.387940,-0.435203,0.531915,-9,11,125476,148170,-33,31,-0.017128,0.097677,-0.863821,0.007292,0.747887,-1,,,,,,,,,,,,,,,,
24.751067,rectangle_0.15_поворот 4,20274,506976,24984,0,0,-0.387940,0.387940,-0.387095,0.532256,-8,11,125468,148181,-34,30,-0.016948,0.097471,-0.846058,0.010945,0.710948,-1,,,,,,,,,,,,,,,,
24.779240,rectangle_0.15_поворот 4,20275,507001,25032,0,0,-0.387940,0.387940,-0.434647,0.386353,-9,8,125459,148190,-33,32,-0.017009,0.097538,-0.830166,-0.003641,0.634891,-1,,,,,,,,,,,,,,,,
24.804880,rectangle_0.15_поворот 4,20276,507026,24988,0,0,-0.387940,0.387940,-0.435412,0.387033,-9,8,125450,148197,-33,32,-0.017071,0.097605,-0.814273,-0.003648,0.636009,-1,,,,,,,,,,,,,,,,
24.828404,rectangle_0.15_поворот 4,20277,507051,24988,0,0,-0.387940,0.387940,-0.387033,0.387033,-8,8,125442,148205,-34,32,-0.017071,0.097605,-0.799315,0.000000,0.598597,-1,,,,,,,,,,,,,,,,
24.856466,rectangle_0.15_поворот 4,20278,507076,25016,0,0,-0.387940,0.387940,-0.386600,0.338275,-8,7,125434,148212,-34,33,-0.017135,0.097670,-0.785293,-0.003644,0.560557,-1,,,,,,,,,,,,,,,,
24.878938,rectangle_0.15_поворот 4,20279,507101,24988,0,0,-0.387940,0.387940,-0.387033,0.338654,-8,7,125426,148219,-34,33,-0.017200,0.097734,-0.771270,-0.003648,0.561185,-1,,,,,,,,,,,,,,,,
24.904021,rectangle_0.15_поворот 4,20280,507126,25000,0,0,-0.387940,0.387940,-0.435203,0.386847,-9,8,125416,148227,-33,32,-0.017266,0.097797,-0.755377,-0.003646,0.635704,-1,,,,,,,,,,,,,,,,
24.929906,rectangle_0.15_поворот 4,20281,507151,25000,0,0,-0.387940,0.387940,-0.435203,0.386847,-9,8,125408,148236,-33,32,-0.017333,0.097859,-0.739484,-0.003646,0.635704,-1,,,,,,,,,,,,,,,,
24.955427,rectangle_0.15_поворот 4,20282,507175,25016,0,0,-0.387940,0.387940,-0.386600,0.483250,-8,10,125400,148245,-33,31,-0.017197,0.097737,-0.722657,0.007287,0.672668,-1,,,,,,,,,,,,,,,,
24.981160,rectangle_0.15_поворот 4,20283,507201,24980,0,0,-0.387940,0.387940,-0.435552,0.483946,-9,10,125391,148255,-33,31,-0.017128,0.097678,-0.704895,0.003649,0.711062,-1,,,,,,,,,,,,,,,,
25.006263,rectangle_0.15_поворот 4,20284,507226,24996,0,0,-0.387940,0.387940,-0.435273,0.386909,-9,8,125382,148263,-33,32,-0.017198,0.097736,-0.689002,-0.003647,0.635806,-1,,,,,,,,,,,,,,,,
25.030777,rectangle_0.15_поворот 4,20285,507251,25028,0,0,-0.387940,0.387940,-0.386414,0.338113,-8,7,125373,148270,-33,33,-0.017269,0.097794,-0.674979,-0.003642,0.560288,-1,,,,,,,,,,,,,,,,
25.058474,rectangle_0.15_поворот 4,20286,507276,24976,0,0,-0.387940,0.387940,-0.387219,0.387219,-8,8,125366,148278,-33,32,-0.017269,0.097794,-0.660021,0.000000,0.598885,-1,,,,,,,,,,,,,,,,
25.081177,rectangle_0.15_поворот 4,20287,507301,25016,0,0,-0.387940,0.387940,-0.386600,0.338275,-8,7,125357,148286,-33,33,-0.017342,0.097849,-0.645998,-0.003644,0.560557,-1,,,,,,,,,,,,,,,,
25.106640,rectangle_0.15_поворот 4,20288,507326,24996,0,0,-0.387940,0.387940,-0.435273,0.386909,-9,8,125348,148294,-32,32,-0.017415,0.097903,-0.630106,-0.003647,0.635806,-1,,,,,,,,,,,,,,,,
25.139260,rectangle_0.15_поворот 4,20289,507351,25000,0,0,-0.387940,0.387940,-0.435203,0.386847,-9,8,125340,148302,-32,32,-0.017489,0.097956,-0.614213,-0.003646,0.635704,-1,,,,,,,,,,,,,,,,
25.161311,rectangle_0.15_поворот 4,20290,507376,24992,0,0,-0.387940,0.387940,-0.386971,0.435342,-8,9,125331,148310,-33,32,-0.017414,0.097904,-0.598321,0.003647,0.635907,-1,,,,,,,,,,,,,,,,
25.188218,rectangle_0.15_поворот 4,20291,507401,25012,0,0,-0.387940,0.387940,-0.386662,0.483327,-8,10,125324,148320,-33,31,-0.017262,0.097803,-0.581493,0.007288,0.672775,-1,,,,,,,,,,,,,,,,
25.208311,rectangle_0.15_поворот 4,20292,507426,24992,0,0,-0.387940,0.387940,-0.386971,0.532085,-8,11,125316,148331,-33,30,-0.017033,0.097655,-0.563731,0.010941,0.710720,-1,,,,,,,,,,,,,,,,
25.233490,rectangle_0.15_поворот 4,20293,507451,24984,0,0,-0.387940,0.387940,-0.387095,0.435482,-8,9,125308,148340,-33,31,-0.016955,0.097607,-0.547838,0.003648,0.636111,-1,,,,,,,,,,,,,,,,
25.277224,rectangle_0.15_поворот 4,20294,507475,25024,0,0,-0.387940,0.387940,-0.338167,0.338167,-7,7,125301,148348,-34,32,-0.016955,0.097607,-0.534750,0.000000,0.523019,-1,,,,,,,,,,,,,,,,
25.282394,rectangle_0.15_поворот 4,20295,507501,25000,0,0,-0.387940,0.387940,-0.338491,0.386847,-7,8,125293,148355,-34,32,-0.016876,0.097561,-0.520727,0.003646,0.560915,-1,,,,,,,,,,,,,,,,
25.309893,rectangle_0.15_поворот 4,20296,507526,24992,0,0,-0.387940,0.387940,-0.386971,0.338600,-8,7,125286,148362,-33,32,-0.016956,0.097606,-0.506704,-0.003647,0.561095,-1,,,,,,,,,,,,,,,,
25.335117,rectangle_0.15_поворот 4,20297,507551,24992,0,0,-0.387940,0.387940,-0.338600,0.386971,-7,8,125278,148370,-34,32,-0.016876,0.097562,-0.492682,0.003647,0.561095,-1,,,,,,,,,,,,,,,,
25.359970,rectangle_0.15_поворот 4,20298,507576,25004,0,0,-0.387940,0.387940,-0.338437,0.338437,-7,7,125271,148377,-34,33,-0.016876,0.097562,-0.479593,0.000000,0.523437,-1,,,,,,,,,,,,,,,,
25.384999,rectangle_0.15_поворот 4,20299,507601,25000,0,0,-0.387940,0.387940,-0.435203,0.386847,-9,8,125263,148386,-33,32,-0.016957,0.097603,-0.463701,-0.003646,0.635704,-1,,,,,,,,,,,,,,,,
25.409807,rectangle_0.15_поворот 4,20300,507626,25008,0,0,-0.387940,0.387940,-0.338383,0.435064,-7,9,125255,148395,-34,31,-0.016793,0.097523,-0.448743,0.007290,0.598118,-1,,,,,,,,,,,,,,,,
25.435058,rectangle_0.15_поворот 4,20301,507651,25004,0,0,-0.387940,0.387940,-0.338437,0.531830,-7,11,125249,148406,-34,30,-0.016464,0.097368,-0.431916,0.014581,0.672991,-1,,,,,,,,,,,,,,,,
25.460407,rectangle_0.15_поворот 4,20302,507676,24992,0,0,-0.387940,0.387940,-0.338600,0.532085,-7,11,125241,148417,-34,29,-0.016131,0.097218,-0.415088,0.014588,0.673314,-1,,,,,,,,,,,,,,,,
25.485276,rectangle_0.15_поворот 4,20303,507701,24988,0,0,-0.387940,0.387940,-0.483791,0.435412,-10,9,125232,148426,-32,31,-0.016215,0.097254,-0.397326,-0.003648,0.710834,-1,,,,,,,,,,,,,,,,
25.509973,rectangle_0.15_поворот 4,20304,507726,25012,0,0,-0.387940,0.387940,-0.386662,0.386662,-8,8,125224,148433,-33,31,-0.016215,0.097254,-0.382368,0.000000,0.598023,-1,,,,,,,,,,,,,,,,
25.535897,rectangle_0.15_пауза,20305,507751,24988,0,0,-0.387940,0.387940,-0.338654,0.435412,-7,9,125217,148443,-34,30,-0.016045,0.097187,-0.367410,0.007295,0.598597,-1,,,,,,,,,,,,,,,,
25.560766,rectangle_0.15_пауза,20306,507776,25004,0,0,0.000000,0.000000,-0.338437,0.386785,-7,8,125210,148451,-10,9,-0.015960,0.097155,-0.353388,0.003645,0.560826,-1,,,,,,,,,,,,,,,,
25.586099,rectangle_0.15_пауза,20307,507801,24992,0,0,0.000000,0.000000,-0.193486,0.241857,-4,5,125206,148455,-11,10,-0.015874,0.097124,-0.344974,0.003647,0.336657,-1,,,,,,,,,,,,,,,,
25.611387,rectangle_0.15_пауза,20308,507826,25024,0,0,0.000000,0.000000,0.000000,0.096619,0,2,125206,148457,-14,12,-0.015703,0.097062,-0.343104,0.007285,0.074717,-1,,,,,,,,,,,,,,,,
25.636732,rectangle_0.15_пауза,20309,507850,24984,0,0,0.000000,0.000000,0.000000,0.048387,0,1,125206,148458,-14,12,-0.015617,0.097032,-0.342169,0.003648,0.037418,-1,,,,,,,,,,,,,,,,
25.662075,rectangle_0.15_пауза,20310,507876,25004,0,0,0.000000,0.000000,0.000000,0.000000,0,0,125206,148458,-14,13,-0.015617,0.097032,-0.342169,0.000000,0.000000,-1,,,,,,,,,,,,,,,,
25.687411,rectangle_0.15_пауза,20311,507900,25004,0,0,0.000000,0.000000,0.000000,0.000000,0,0,125206,148458,-14,13,-0.015617,0.097032,-0.342169,0.000000,0.000000,-1,,,,,,,,,,,,,,,,
25.715213,rectangle_0.15_пауза,20312,507926,25000,0,0,0.000000,0.000000,0.000000,0.000000,0,0,125206,148458,-14,13,-0.015617,0.097032,-0.342169,0.000000,0.000000,-1,,,,,,,,,,,,,,,,
25.738036,rectangle_0.15_пауза,20313,507951,25012,0,0,0.000000,0.000000,0.000000,0.000000,0,0,125206,148458,-14,13,-0.015617,0.097032,-0.342169,0.000000,0.000000,-1,,,,,,,,,,,,,,,,
25.762861,rectangle_0.15_пауза,20314,507975,24992,0,0,0.000000,0.000000,0.000000,0.000000,0,0,125206,148458,-14,13,-0.015617,0.097032,-0.342169,0.000000,0.000000,-1,,,,,,,,,,,,,,,,
25.787968,rectangle_0.15_пауза,20315,508001,24988,0,0,0.000000,0.000000,0.000000,0.000000,0,0,125206,148458,-14,13,-0.015617,0.097032,-0.342169,0.000000,0.000000,-1,,,,,,,,,,,,,,,,
25.812848,rectangle_0.15_пауза,20316,508025,24992,0,0,0.000000,0.000000,0.000000,0.000000,0,0,125206,148458,-14,13,-0.015617,0.097032,-0.342169,0.000000,0.000000,-1,,,,,,,,,,,,,,,,
25.838630,rectangle_0.15_пауза,20317,508051,25016,0,0,0.000000,0.000000,0.000000,0.000000,0,0,125206,148458,-14,13,-0.015617,0.097032,-0.342169,0.000000,0.000000,-1,,,,,,,,,,,,,,,,
25.864249,rectangle_0.15_пауза,20318,508076,25008,0,0,0.000000,0.000000,0.000000,0.000000,0,0,125206,148458,-14,13,-0.015617,0.097032,-0.342169,0.000000,0.000000,-1,,,,,,,,,,,,,,,,
25.890172,rectangle_0.15_пауза,20319,508100,25000,0,0,0.000000,0.000000,0.000000,0.000000,0,0,125206,148458,-14,13,-0.015617,0.097032,-0.342169,0.000000,0.000000,-1,,,,,,,,,,,,,,,,
25.914103,rectangle_0.15_пауза,20320,508126,24992,0,0,0.000000,0.000000,0.000000,0.000000,0,0,125206,148458,-14,13,-0.015617,0.097032,-0.342169,0.000000,0.000000,-1,,,,,,,,,,,,,,,,
25.939767,rectangle_0.15_пауза,20321,508150,24996,0,0,0.000000,0.000000,0.000000,0.000000,0,0,125206,148458,-14,13,-0.015617,0.097032,-0.342169,0.000000,0.000000,-1,,,,,,,,,,,,,,,,
25.967296,rectangle_0.15_пауза,20322,508176,25012,0,0,0.000000,0.000000,0.000000,0.000000,0,0,125206,148458,-14,13,-0.015617,0.097032,-0.342169,0.000000,0.000000,-1,,,,,,,,,,,,,,,,
25.992657,rectangle_0.15_пауза,20323,508200,24984,0,0,0.000000,0.000000,0.000000,0.000000,0,0,125206,148458,-14,13,-0.015617,0.097032,-0.342169,0.000000,0.000000,-1,,,,,,,,,,,,,,,,
26.015074,rectangle_0.15_пауза,20324,508226,25016,0,0,0.000000,0.000000,0.000000,0.000000,0,0,125206,148458,-14,13,-0.015617,0.097032,-0.342169,0.000000,0.000000,-1,,,,,,,,,,,,,,,,
26.043223,rectangle_0.15_пауза,20325,508251,24976,0,0,0.000000,0.000000,0.000000,0.000000,0,0,125206,148458,-14,13,-0.015617,0.097032,-0.342169,0.000000,0.000000,-1,,,,,,,,,,,,,,,,
26.066151,rectangle_0.15_пауза,20326,508275,25020,0,0,0.000000,0.000000,0.000000,0.000000,0,0,125206,148458,-14,13,-0.015617,0.097032,-0.342169,0.000000,0.000000,-1,,,,,,,,,,,,,,,,
26.091951,rectangle_0.15_пауза,20327,508301,24996,0,0,0.000000,0.000000,0.000000,0.000000,0,0,125206,148458,-14,13,-0.015617,0.097032,-0.342169,0.000000,0.000000,-1,,,,,,,,,,,,,,,,
26.118378,rectangle_0.15_пауза,20328,508325,24988,0,0,0.000000,0.000000,0.000000,0.000000,0,0,125206,148458,-14,13,-0.015617,0.097032,-0.342169,0.000000,0.000000,-1,,,,,,,,,,,,,,,,
