host_time_s,phase,seq,mcu_time_ms,dt_us,mode,flags,left_setpoint_rps,right_setpoint_rps,left_wheel_rps,right_wheel_rps,left_encoder_delta,right_encoder_delta,left_encoder_total,right_encoder_total,left_pwm,right_pwm,odom_x_m,odom_y_m,odom_heading_rad,current_linear_mps,current_angular_rps,sonar_distance_cm,left_setpoint_dbg,left_measured_dbg,left_error,left_p,left_i,left_ff,left_pid_out,left_out,right_setpoint_dbg,right_measured_dbg,right_error,right_p,right_i,right_ff,right_pid_out,right_out
0.946501,triangle_0.20_сторона A,5057,126551,24980,0,0,0.000000,0.000000,0.000000,0.000000,0,0,0,0,0,0,0.000000,0.000000,0.000000,0.000000,0.000000,-1,,,,,,,,,,,,,,,,
0.946501,triangle_0.20_сторона A,5058,126575,24996,0,0,0.000000,0.000000,0.000000,0.000000,0,0,0,0,0,0,0.000000,0.000000,0.000000,0.000000,0.000000,-1,,,,,,,,,,,,,,,,
0.946501,triangle_0.20_сторона A,5059,126601,25016,0,0,0.000000,0.000000,0.000000,0.000000,0,0,0,0,0,0,0.000000,0.000000,0.000000,0.000000,0.000000,-1,,,,,,,,,,,,,,,,
0.946501,triangle_0.20_сторона A,5060,126625,24988,0,0,0.000000,0.000000,0.000000,0.000000,0,0,0,0,0,0,0.000000,0.000000,0.000000,0.000000,0.000000,-1,,,,,,,,,,,,,,,,
0.946501,triangle_0.20_сторона A,5061,126651,24988,0,0,0.000000,0.000000,0.000000,0.000000,0,0,0,0,0,0,0.000000,0.000000,0.000000,0.000000,0.000000,-1,,,,,,,,,,,,,,,,
0.946501,triangle_0.20_сторона A,5062,126675,25016,0,0,0.000000,0.000000,0.000000,0.000000,0,0,0,0,0,0,0.000000,0.000000,0.000000,0.000000,0.000000,-1,,,,,,,,,,,,,,,,
0.946501,triangle_0.20_сторона A,5063,126700,24996,0,0,0.000000,0.000000,0.000000,0.000000,0,0,0,0,0,0,0.000000,0.000000,0.000000,0.000000,0.000000,-1,,,,,,,,,,,,,,,,
0.946501,triangle_0.20_сторона A,5064,126726,25008,0,0,0.000000,0.000000,0.000000,0.000000,0,0,0,0,0,0,0.000000,0.000000,0.000000,0.000000,0.000000,-1,,,,,,,,,,,,,,,,
0.946501,triangle_0.20_сторона A,5065,126750,24988,0,0,0.000000,0.000000,0.000000,0.000000,0,0,0,0,0,0,0.000000,0.000000,0.000000,0.000000,0.000000,-1,,,,,,,,,,,,,,,,
0.946501,triangle_0.20_сторона A,5066,126776,25012,0,0,0.000000,0.000000,0.000000,0.000000,0,0,0,0,0,0,0.000000,0.000000,0.000000,0.000000,0.000000,-1,,,,,,,,,,,,,,,,
0.946501,triangle_0.20_сторона A,5067,126800,24988,0,0,0.000000,0.000000,0.000000,0.000000,0,0,0,0,0,0,0.000000,0.000000,0.000000,0.000000,0.000000,-1,,,,,,,,,,,,,,,,
0.946501,triangle_0.20_сторона A,5068,126826,24984,0,0,0.000000,0.000000,0.000000,0.000000,0,0,0,0,0,0,0.000000,0.000000,0.000000,0.000000,0.000000,-1,,,,,,,,,,,,,,,,
0.946501,triangle_0.20_сторона A,5069,126851,25020,0,0,0.000000,0.000000,0.000000,0.000000,0,0,0,0,0,0,0.000000,0.000000,0.000000,0.000000,0.000000,-1,,,,,,,,,,,,,,,,
0.971557,triangle_0.20_сторона A,5070,126875,25000,0,0,1.326291,1.326291,0.000000,0.000000,0,0,0,0,60,58,0.000000,0.000000,0.000000,0.000000,0.000000,-1,,,,,,,,,,,,,,,,
0.994868,triangle_0.20_сторона A,5071,126901,25008,0,0,1.326291,1.326291,0.386723,0.386723,8,8,8,9,57,55,0.001458,0.000000,0.000000,0.058317,0.000000,-1,,,,,,,,,,,,,,,,
1.022964,triangle_0.20_сторона A,5072,126926,24972,0,0,1.326291,1.326291,0.629332,0.677742,13,14,22,23,56,52,0.003919,0.000001,0.000935,0.098551,0.037436,-1,,,,,,,,,,,,,,,,
1.045844,triangle_0.20_сторона A,5073,126951,25028,0,0,1.326291,1.326291,1.014338,0.724527,21,15,43,38,51,53,0.007201,-0.000005,-0.004674,0.131107,-0.224115,-1,,,,,,,,,,,,,,,,
1.071427,triangle_0.20_сторона A,5074,126976,25008,0,0,1.326291,1.326291,1.015149,1.015149,21,21,64,59,52,49,0.011029,-0.000023,-0.004674,0.153081,0.000000,-1,,,,,,,,,,,,,,,,
1.096672,triangle_0.20_сторона A,5075,127001,24992,0,0,1.326291,1.326291,1.112542,1.209285,23,25,87,85,51,47,0.015404,-0.000039,-0.002805,0.175062,0.074813,-1,,,,,,,,,,,,,,,,
1.122101,triangle_0.20_сторона A,5076,127026,24996,0,0,1.326291,1.326291,1.305818,1.305818,27,27,114,111,48,46,0.020326,-0.000053,-0.002805,0.196913,0.000000,-1,,,,,,,,,,,,,,,,
1.147554,triangle_0.20_сторона A,5077,127051,24996,0,0,1.326291,1.326291,1.160727,1.257455,24,26,138,137,51,47,0.024883,-0.000062,-0.000935,0.182327,0.074801,-1,,,,,,,,,,,,,,,,
1.173003,triangle_0.20_сторона A,5078,127076,24992,0,0,1.326291,1.326291,1.160913,1.257656,24,26,162,164,51,47,0.029441,-0.000062,0.000935,0.182356,0.074813,-1,,,,,,,,,,,,,,,,
1.198315,triangle_0.20_сторона A,5079,127101,25012,0,0,1.326291,1.326291,1.401648,1.401648,29,29,191,193,48,45,0.034728,-0.000057,0.000935,0.211364,0.000000,-1,,,,,,,,,,,,,,,,
1.223778,triangle_0.20_сторона A,5080,127126,24992,0,0,1.326291,1.326291,1.306027,1.257656,27,26,218,218,49,47,0.039558,-0.000054,-0.000000,0.193297,-0.037406,-1,,,,,,,,,,,,,,,,
1.254175,triangle_0.20_сторона A,5081,127151,25008,0,0,1.326291,1.326291,1.208511,1.256851,25,26,243,244,51,47,0.044207,-0.000052,0.000935,0.185884,0.037382,-1,,,,,,,,,,,,,,,,
1.274630,triangle_0.20_сторона A,5082,127176,24996,0,0,1.326291,1.326291,1.450909,1.402546,30,29,273,274,47,45,0.049585,-0.000050,-0.000000,0.215145,-0.037400,-1,,,,,,,,,,,,,,,,
1.299892,triangle_0.20_сторона A,5083,127201,24988,0,0,1.326291,1.326291,1.306236,1.354615,27,28,300,301,49,46,0.054598,-0.000047,0.000935,0.200624,0.037412,-1,,,,,,,,,,,,,,,,
1.324783,triangle_0.20_сторона A,5084,127226,25012,0,0,1.326291,1.326291,1.208318,1.304983,25,27,326,328,51,46,0.059338,-0.000038,0.002805,0.189498,0.074753,-1,,,,,,,,,,,,,,,,
1.349973,triangle_0.20_сторона A,5085,127251,24980,0,0,1.326291,1.326291,1.451839,1.451839,30,30,356,358,47,44,0.064807,-0.000023,0.002805,0.218932,0.000000,-1,,,,,,,,,,,,,,,,
1.375034,triangle_0.20_сторона A,5086,127276,25016,0,0,1.326291,1.326291,1.353099,1.353099,28,28,383,386,48,45,0.069911,-0.000009,0.002805,0.204043,0.000000,-1,,,,,,,,,,,,,,,,
1.400727,triangle_0.20_сторона A,5087,127301,24996,0,0,1.326291,1.326291,1.305818,1.402546,27,29,410,415,49,44,0.075015,0.000010,0.004674,0.204206,0.074801,-1,,,,,,,,,,,,,,,,
1.426282,triangle_0.20_сторона A,5088,127326,25008,0,0,1.326291,1.326291,1.450213,1.401873,30,29,440,445,47,44,0.080393,0.000033,0.003739,0.215042,-0.037382,-1,,,,,,,,,,,,,,,,
1.449733,triangle_0.20_сторона A,5089,127351,24980,0,0,1.326291,1.326291,1.258260,1.355049,26,28,467,472,50,45,0.085315,0.000056,0.005609,0.197039,0.074849,-1,,,,,,,,,,,,,,,,
1.475289,triangle_0.20_сторона A,5090,127376,25012,0,0,1.326291,1.326291,1.401648,1.401648,29,29,496,502,48,44,0.090601,0.000086,0.005609,0.211364,0.000000,-1,,,,,,,,,,,,,,,,
1.501089,triangle_0.20_сторона A,5091,127400,25012,0,0,1.326291,1.326291,1.449981,1.449981,30,30,526,531,47,43,0.096070,0.000116,0.005609,0.218652,0.000000,-1,,,,,,,,,,,,,,,,
1.526582,triangle_0.20_сторона A,5092,127426,25004,0,0,1.326291,1.326291,1.305400,1.353749,27,28,553,560,49,44,0.101083,0.000147,0.006544,0.200495,0.037388,-1,,,,,,,,,,,,,,,,
1.552203,triangle_0.20_сторона A,5093,127451,24976,0,0,1.326291,1.326291,1.452071,1.452071,30,30,582,590,46,43,0.106552,0.000182,0.006544,0.218967,0.000000,-1,,,,,,,,,,,,,,,,
1.578105,triangle_0.20_сторона A,5094,127476,25004,0,0,1.326291,1.326291,1.353749,1.402097,28,29,610,619,48,43,0.111748,0.000219,0.007479,0.207786,0.037388,-1,,,,,,,,,,,,,,,,
1.601947,triangle_0.20_сторона A,5095,127501,25004,0,0,1.326291,1.326291,1.305400,1.402097,27,29,638,647,48,43,0.116852,0.000262,0.009349,0.204140,0.074777,-1,,,,,,,,,,,,,,,,
1.630048,triangle_0.20_сторона A,5096,127526,25008,0,0,1.326291,1.326291,1.546894,1.450213,32,30,669,678,45,42,0.122503,0.000309,0.007479,0.225977,-0.074765,-1,,,,,,,,,,,,,,,,
1.655466,triangle_0.20_сторона A,5097,127551,25000,0,0,1.326291,1.326291,1.353965,1.353965,28,28,697,706,47,44,0.127607,0.000348,0.007479,0.204173,0.000000,-1,,,,,,,,,,,,,,,,
1.686100,triangle_0.20_сторона A,5098,127577,25004,0,0,1.326291,1.326291,1.353749,1.402097,28,29,726,735,47,43,0.132802,0.000389,0.008414,0.207786,0.037388,-1,,,,,,,,,,,,,,,,
1.713397,triangle_0.20_сторона A,5099,127601,24988,0,0,1.326291,1.326291,1.451374,1.499753,30,31,756,765,46,41,0.138362,0.000438,0.009349,0.222510,0.037412,-1,,,,,,,,,,,,,,,,
1.733882,triangle_0.20_сторона A,5100,127626,25020,0,0,1.326291,1.326291,1.352883,1.449517,28,30,783,795,47,42,0.143648,0.000493,0.011218,0.211296,0.074729,-1,,,,,,,,,,,,,,,,
1.760684,triangle_0.20_сторона A,5101,127651,24984,0,0,1.326291,1.326291,1.354832,1.451606,28,30,812,826,47,41,0.148935,0.000557,0.013088,0.211600,0.074837,-1,,,,,,,,,,,,,,,,
1.778178,triangle_0.20_сторона A,5102,127676,25000,0,0,1.326291,1.326291,1.353965,1.402321,28,29,840,855,47,42,0.154130,0.000627,0.014023,0.207819,0.037394,-1,,,,,,,,,,,,,,,,
1.805576,triangle_0.20_сторона A,5103,127700,24992,0,0,1.326291,1.326291,1.354399,1.451141,28,30,867,884,47,41,0.159416,0.000706,0.015893,0.211533,0.074813,-1,,,,,,,,,,,,,,,,
1.831110,triangle_0.20_сторона A,5104,127726,25024,0,0,1.326291,1.326291,1.497595,1.449286,31,30,898,915,44,41,0.164975,0.000792,0.014958,0.222190,-0.037358,-1,,,,,,,,,,,,,,,,
1.856320,triangle_0.20_сторона A,5105,127751,24980,0,0,1.326291,1.326291,1.355049,1.403444,28,29,926,944,46,41,0.170170,0.000872,0.015893,0.207986,0.037424,-1,,,,,,,,,,,,,,,,
1.881462,triangle_0.20_сторона A,5106,127776,24988,0,0,1.326291,1.326291,1.354615,1.402995,28,29,954,972,46,41,0.175365,0.000957,0.016827,0.207919,0.037412,-1,,,,,,,,,,,,,,,,
1.906612,triangle_0.20_сторона A,5107,127801,25008,0,0,1.326291,1.326291,1.401873,1.353532,29,28,984,1000,45,42,0.180560,0.001042,0.015893,0.207753,-0.037382,-1,,,,,,,,,,,,,,,,
1.931326,triangle_0.20_сторона A,5108,127826,25000,0,0,1.326291,1.326291,1.305609,1.353965,27,28,1011,1028,47,42,0.185572,0.001124,0.016827,0.200527,0.037394,-1,,,,,,,,,,,,,,,,
1.959207,triangle_0.20_сторона A,5109,127851,25020,0,0,1.326291,1.326291,1.401200,1.352883,29,28,1039,1057,45,41,0.190767,0.001209,0.015893,0.207653,-0.037364,-1,,,,,,,,,,,,,,,,
1.981699,triangle_0.20_сторона A,5110,127876,25000,0,0,1.326291,1.326291,1.353965,1.305609,28,27,1067,1084,46,42,0.195779,0.001287,0.014958,0.200527,-0.037394,-1,,,,,,,,,,,,,,,,
2.011171,triangle_0.20_сторона A,5111,127901,25056,0,0,1.326291,1.326291,1.206196,1.302691,25,27,1092,1111,48,42,0.200519,0.001362,0.016827,0.189166,0.074622,-1,,,,,,,,,,,,,,,,
2.034218,triangle_0.20_сторона A,5112,127926,24928,0,0,1.326291,1.326291,1.357876,1.357876,28,28,1120,1138,46,41,0.205622,0.001448,0.016827,0.204763,0.000000,-1,,,,,,,,,,,,,,,,
2.057676,triangle_0.20_сторона A,5113,127951,25028,0,0,1.326291,1.326291,1.352450,1.255847,28,26,1148,1165,46,43,0.210544,0.001526,0.014958,0.196661,-0.074705,-1,,,,,,,,,,,,,,,,
2.083386,triangle_0.20_сторона A,5114,127976,24960,0,0,1.326291,1.326291,1.210835,1.307702,25,27,1173,1192,48,42,0.215283,0.001601,0.016827,0.189893,0.074909,-1,,,,,,,,,,,,,,,,
2.109831,triangle_0.20_сторона A,5115,128001,25012,0,0,1.326291,1.326291,1.304983,1.353316,27,28,1201,1220,47,42,0.220295,0.001688,0.017762,0.200431,0.037376,-1,,,,,,,,,,,,,,,,
2.133354,triangle_0.20_сторона A,5116,128026,25000,0,0,1.326291,1.326291,1.305609,1.257253,27,26,1228,1246,47,43,0.225125,0.001772,0.016827,0.193235,-0.037394,-1,,,,,,,,,,,,,,,,
2.159735,triangle_0.20_сторона A,5117,128051,24992,0,0,1.326291,1.326291,1.257656,1.306027,26,27,1254,1272,48,42,0.229955,0.001855,0.017762,0.193297,0.037406,-1,,,,,,,,,,,,,,,,
2.185702,triangle_0.20_сторона A,5118,128076,25000,0,0,1.326291,1.326291,1.402321,1.353965,29,28,1283,1300,46,42,0.235150,0.001945,0.016827,0.207819,-0.037394,-1,,,,,,,,,,,,,,,,
2.211271,triangle_0.20_сторона A,5119,128101,25016,0,0,1.326291,1.326291,1.256449,1.208124,26,25,1308,1325,48,44,0.239798,0.002021,0.015893,0.185824,-0.037371,-1,,,,,,,,,,,,,,,,
2.234481,triangle_0.20_сторона A,5120,128126,24992,0,0,1.326291,1.326291,1.257656,1.306027,26,27,1334,1352,48,43,0.244628,0.002100,0.016827,0.193297,0.037406,-1,,,,,,,,,,,,,,,,
2.260176,triangle_0.20_сторона A,5121,128151,25044,0,0,1.326291,1.326291,1.399857,1.351586,29,28,1363,1380,46,42,0.249823,0.002185,0.015893,0.207454,-0.037329,-1,,,,,,,,,,,,,,,,
2.286423,triangle_0.20_сторона A,5122,128176,24964,0,0,1.326291,1.326291,1.210641,1.210641,25,25,1388,1405,49,44,0.254380,0.002257,0.015893,0.182560,0.000000,-1,,,,,,,,,,,,,,,,
2.309992,triangle_0.20_сторона A,5123,128201,24980,0,0,1.326291,1.326291,1.258260,1.355049,26,28,1415,1433,48,42,0.259301,0.002340,0.017762,0.197039,0.074849,-1,,,,,,,,,,,,,,,,
2.335470,triangle_0.20_сторона A,5124,128226,25012,0,0,1.326291,1.326291,1.401648,1.353316,29,28,1443,1461,46,42,0.264496,0.002430,0.016827,0.207719,-0.037376,-1,,,,,,,,,,,,,,,,
2.362350,triangle_0.20_сторона A,5125,128251,25000,0,0,1.326291,1.326291,1.257253,1.208897,26,25,1470,1486,48,44,0.269144,0.002506,0.015893,0.185943,-0.037394,-1,,,,,,,,,,,,,,,,
2.385732,triangle_0.20_сторона A,5126,128276,25012,0,0,1.326291,1.326291,1.353316,1.353316,28,28,1497,1514,47,42,0.274248,0.002587,0.015893,0.204075,0.000000,-1,,,,,,,,,,,,,,,,
2.413521,triangle_0.20_сторона A,5127,128301,24984,0,0,1.326291,1.326291,1.354832,1.306445,28,27,1526,1541,47,43,0.279260,0.002665,0.014958,0.200656,-0.037418,-1,,,,,,,,,,,,,,,,
2.438199,triangle_0.20_сторона A,5128,128326,25020,0,0,1.326291,1.326291,1.256248,1.207931,26,25,1552,1566,48,44,0.283908,0.002732,0.014023,0.185795,-0.037365,-1,,,,,,,,,,,,,,,,
2.461416,triangle_0.20_сторона A,5129,128351,24972,0,0,1.326291,1.326291,1.403894,1.355483,29,28,1580,1594,46,42,0.289103,0.002802,0.013088,0.208052,-0.037436,-1,,,,,,,,,,,,,,,,
2.486776,triangle_0.20_сторона A,5130,128376,25024,0,0,1.326291,1.326291,1.352667,1.352667,28,28,1608,1623,47,42,0.294207,0.002869,0.013088,0.203977,0.000000,-1,,,,,,,,,,,,,,,,
2.512384,triangle_0.20_сторона A,5131,128401,24996,0,0,1.326291,1.326291,1.209091,1.305818,25,27,1633,1649,49,43,0.298946,0.002936,0.014958,0.189620,0.074801,-1,,,,,,,,,,,,,,,,
2.537458,triangle_0.20_сторона A,5132,128425,25020,0,0,1.326291,1.326291,1.401200,1.401200,29,29,1662,1678,46,42,0.304233,0.003015,0.014958,0.211296,0.000000,-1,,,,,,,,,,,,,,,,
2.562953,triangle_0.20_сторона A,5133,128451,24960,0,0,1.326291,1.326291,1.307702,1.356135,27,28,1690,1706,47,42,0.309245,0.003092,0.015893,0.200849,0.037454,-1,,,,,,,,,,,,,,,,
2.588443,triangle_0.20_сторона A,5134,128476,25056,0,0,1.326291,1.326291,1.350939,1.302691,28,27,1717,1734,47,43,0.314258,0.003169,0.014958,0.200079,-0.037311,-1,,,,,,,,,,,,,,,,
2.613444,triangle_0.20_сторона A,5135,128501,24960,0,0,1.326291,1.326291,1.404568,1.453002,29,30,1746,1763,46,41,0.319635,0.003252,0.015893,0.215456,0.037454,-1,,,,,,,,,,,,,,,,
2.646594,triangle_0.20_сторона A,5136,128526,25008,0,0,1.326291,1.326291,1.305192,1.305192,27,27,1774,1791,47,43,0.324556,0.003331,0.015893,0.196818,0.000000,-1,,,,,,,,,,,,,,,,
2.664060,triangle_0.20_сторона A,5137,128551,25028,0,0,1.326291,1.326291,1.352450,1.352450,28,28,1801,1819,47,42,0.329660,0.003412,0.015893,0.203945,0.000000,-1,,,,,,,,,,,,,,,,
2.689154,triangle_0.20_сторона A,5138,128576,24976,0,0,1.326291,1.326291,1.452071,1.403669,30,29,1831,1848,45,41,0.335037,0.003495,0.014958,0.215318,-0.037430,-1,,,,,,,,,,,,,,,,
2.719753,triangle_0.20_сторона A,5139,128601,24980,0,0,1.326291,1.326291,1.355049,1.355049,28,28,1859,1875,46,42,0.340141,0.003571,0.014958,0.204337,0.000000,-1,,,,,,,,,,,,,,,,
2.740380,triangle_0.20_сторона A,5140,128626,24992,0,0,1.326291,1.326291,1.354399,1.354399,28,28,1888,1904,46,42,0.345245,0.003647,0.014958,0.204239,0.000000,-1,,,,,,,,,,,,,,,,
2.765696,triangle_0.20_сторона A,5141,128651,25000,0,0,1.326291,1.326291,1.402321,1.402321,29,29,1917,1932,45,41,0.350531,0.003726,0.014958,0.211465,0.000000,-1,,,,,,,,,,,,,,,,
2.791897,triangle_0.20_сторона A,5142,128676,25012,0,0,1.326291,1.326291,1.304983,1.304983,27,27,1944,1959,47,42,0.355452,0.003800,0.014958,0.196787,0.000000,-1,,,,,,,,,,,,,,,,
2.817583,triangle_0.20_сторона A,5143,128701,24992,0,0,1.326291,1.326291,1.402770,1.402770,29,29,1973,1988,45,41,0.360738,0.003879,0.014958,0.211533,0.000000,-1,,,,,,,,,,,,,,,,
2.840479,triangle_0.20_сторона A,5144,128727,25012,0,0,1.326291,1.326291,1.401648,1.304983,29,27,2001,2015,45,42,0.365842,0.003951,0.013088,0.204075,-0.074753,-1,,,,,,,,,,,,,,,,
2.866062,triangle_0.20_сторона A,5145,128751,24996,0,0,1.326291,1.326291,1.257455,1.305818,26,27,2028,2043,47,42,0.370672,0.004016,0.014023,0.193266,0.037400,-1,,,,,,,,,,,,,,,,
2.892184,triangle_0.20_сторона A,5146,128776,25008,0,0,1.326291,1.326291,1.401873,1.401873,29,29,2056,2072,45,41,0.375959,0.004090,0.014023,0.211397,0.000000,-1,,,,,,,,,,,,,,,,
2.917702,triangle_0.20_сторона A,5147,128801,24984,0,0,1.326291,1.326291,1.354832,1.354832,28,28,2084,2099,46,41,0.381062,0.004162,0.014023,0.204304,0.000000,-1,,,,,,,,,,,,,,,,
2.943070,triangle_0.20_сторона A,5148,128826,24996,0,0,1.326291,1.326291,1.305818,1.354182,27,28,2111,2127,46,41,0.386075,0.004234,0.014958,0.200559,0.037400,-1,,,,,,,,,,,,,,,,
2.968325,triangle_0.20_сторона A,5149,128851,25008,0,0,1.326291,1.326291,1.401873,1.305192,29,27,2140,2154,45,42,0.391179,0.004306,0.013088,0.204108,-0.074765,-1,,,,,,,,,,,,,,,,
2.993291,triangle_0.20_сторона A,5150,128876,24992,0,0,1.326291,1.326291,1.306027,1.257656,27,26,2167,2180,46,43,0.396009,0.004367,0.012153,0.193297,-0.037406,-1,,,,,,,,,,,,,,,,
3.018338,triangle_0.20_сторона A,5151,128901,25020,0,0,1.326291,1.326291,1.256248,1.304566,26,27,2194,2207,47,42,0.400840,0.004428,0.013088,0.193081,0.037364,-1,,,,,,,,,,,,,,,,
3.045794,triangle_0.20_сторона A,5152,128926,25008,0,0,1.326291,1.326291,1.401873,1.256851,29,26,2222,2233,45,43,0.405853,0.004487,0.010283,0.200463,-0.112147,-1,,,,,,,,,,,,,,,,
3.068622,triangle_0.20_сторона A,5153,128951,24972,0,0,1.326291,1.326291,1.258663,1.258663,26,26,2248,2259,47,43,0.410592,0.004535,0.010283,0.189802,0.000000,-1,,,,,,,,,,,,,,,,
3.094205,triangle_0.20_сторона A,5154,128976,25012,0,0,1.326291,1.326291,1.304983,1.304983,27,27,2275,2286,46,43,0.415514,0.004586,0.010283,0.196787,0.000000,-1,,,,,,,,,,,,,,,,
3.119718,triangle_0.20_сторона A,5155,129001,24992,0,0,1.326291,1.326291,1.354399,1.354399,28,28,2304,2314,46,42,0.420618,0.004638,0.010283,0.204239,0.000000,-1,,,,,,,,,,,,,,,,
3.145029,triangle_0.20_сторона A,5156,129026,25036,0,0,1.326291,1.326291,1.255446,1.255446,26,26,2329,2340,47,43,0.425358,0.004687,0.010283,0.189317,0.000000,-1,,,,,,,,,,,,,,,,
3.169455,triangle_0.20_сторона A,5157,129051,24980,0,0,1.326291,1.326291,1.258260,1.306655,26,27,2356,2367,47,43,0.430188,0.004739,0.011218,0.193390,0.037424,-1,,,,,,,,,,,,,,,,
3.194811,triangle_0.20_сторона A,5158,129076,24992,0,0,1.326291,1.326291,1.402770,1.306027,29,27,2384,2394,45,43,0.435292,0.004792,0.009349,0.204239,-0.074813,-1,,,,,,,,,,,,,,,,
3.222704,triangle_0.20_сторона A,5159,129101,24996,0,0,1.326291,1.326291,1.209091,1.257455,25,26,2410,2421,48,43,0.439941,0.004837,0.010283,0.185973,0.037400,-1,,,,,,,,,,,,,,,,
3.245475,triangle_0.20_сторона A,5160,129126,24996,0,0,1.326291,1.326291,1.354182,1.354182,28,28,2437,2449,46,42,0.445045,0.004890,0.010283,0.204206,0.000000,-1,,,,,,,,,,,,,,,,
3.270823,triangle_0.20_сторона A,5161,129152,25008,0,0,1.326291,1.326291,1.353532,1.305192,28,27,2466,2476,46,43,0.450058,0.004939,0.009349,0.200463,-0.037382,-1,,,,,,,,,,,,,,,,
3.295834,triangle_0.20_сторона A,5162,129176,24992,0,0,1.326291,1.326291,1.209285,1.306027,25,27,2491,2502,48,43,0.454797,0.004988,0.011218,0.189650,0.074813,-1,,,,,,,,,,,,,,,,
3.323185,triangle_0.20_сторона A,5163,129201,25000,0,0,1.326291,1.326291,1.353965,1.353965,28,28,2518,2531,46,42,0.459901,0.005045,0.011218,0.204173,0.000000,-1,,,,,,,,,,,,,,,,
3.348380,triangle_0.20_сторона A,5164,129226,25020,0,0,1.326291,1.326291,1.352883,1.304566,28,27,2546,2558,46,43,0.464914,0.005099,0.010283,0.200367,-0.037365,-1,,,,,,,,,,,,,,,,
3.375851,triangle_0.20_сторона A,5165,129251,24976,0,0,1.326291,1.326291,1.210059,1.258462,25,26,2572,2584,48,44,0.469562,0.005149,0.011218,0.186122,0.037430,-1,,,,,,,,,,,,,,,,
3.398433,triangle_0.20_сторона A,5166,129276,25012,0,0,1.326291,1.326291,1.401648,1.353316,29,28,2600,2611,46,42,0.474757,0.005205,0.010283,0.207719,-0.037376,-1,,,,,,,,,,,,,,,,
3.424062,triangle_0.20_сторона A,5167,129301,24996,0,0,1.326291,1.326291,1.305818,1.257455,27,26,2627,2637,47,44,0.479588,0.005252,0.009349,0.193266,-0.037400,-1,,,,,,,,,,,,,,,,
3.449013,triangle_0.20_сторона A,5168,129326,25000,0,0,1.326291,1.326291,1.208897,1.257253,25,26,2652,2664,48,44,0.484236,0.005298,0.010283,0.185943,0.037394,-1,,,,,,,,,,,,,,,,
3.473387,triangle_0.20_сторона A,5169,129351,25020,0,0,1.326291,1.326291,1.401200,1.401200,29,29,2682,2692,46,42,0.489523,0.005352,0.010283,0.211296,0.000000,-1,,,,,,,,,,,,,,,,
3.500571,triangle_0.20_сторона A,5170,129376,24988,0,0,1.326291,1.326291,1.354615,1.209478,28,25,2710,2718,46,45,0.494353,0.005395,0.007479,0.193328,-0.112237,-1,,,,,,,,,,,,,,,,
3.525418,triangle_0.20_сторона A,5171,129401,24996,0,0,1.326291,1.326291,1.305818,1.354182,27,28,2736,2745,47,43,0.499366,0.005435,0.008414,0.200559,0.037400,-1,,,,,,,,,,,,,,,,
3.550671,triangle_0.20_сторона A,5172,129426,25004,0,0,1.326291,1.326291,1.402097,1.353749,29,28,2765,2773,45,43,0.504562,0.005476,0.007479,0.207786,-0.037388,-1,,,,,,,,,,,,,,,,
3.575091,triangle_0.20_сторона A,5173,129451,25012,0,0,1.326291,1.326291,1.304983,1.208318,27,25,2792,2799,47,45,0.509301,0.005507,0.005609,0.189498,-0.074753,-1,,,,,,,,,,,,,,,,
3.600211,triangle_0.20_сторона A,5174,129476,25020,0,0,1.326291,1.326291,1.304566,1.401200,27,29,2820,2827,47,42,0.514406,0.005541,0.007479,0.204010,0.074729,-1,,,,,,,,,,,,,,,,
3.626061,triangle_0.20_сторона A,5175,129501,24960,0,0,1.326291,1.326291,1.404568,1.356135,29,28,2849,2855,45,43,0.519601,0.005577,0.006544,0.208152,-0.037454,-1,,,,,,,,,,,,,,,,
3.651567,triangle_0.20_сторона A,5176,129526,25020,0,0,1.326291,1.326291,1.256248,1.304566,26,27,2874,2882,47,43,0.524432,0.005611,0.007479,0.193081,0.037364,-1,,,,,,,,,,,,,,,,
3.677308,triangle_0.20_сторона A,5177,129551,24988,0,0,1.326291,1.326291,1.354615,1.354615,28,28,2902,2910,46,43,0.529536,0.005649,0.007479,0.204271,0.000000,-1,,,,,,,,,,,,,,,,
3.703098,triangle_0.20_сторона A,5178,129576,24984,0,0,1.326291,1.326291,1.354832,1.354832,28,28,2930,2938,46,42,0.534640,0.005687,0.007479,0.204304,0.000000,-1,,,,,,,,,,,,,,,,
3.725978,triangle_0.20_сторона A,5179,129601,25032,0,0,1.326291,1.326291,1.255646,1.255646,26,26,2956,2965,47,44,0.539380,0.005723,0.007479,0.189347,0.000000,-1,,,,,,,,,,,,,,,,
3.751981,triangle_0.20_сторона A,5180,129626,24992,0,0,1.326291,1.326291,1.306027,1.402770,27,29,2984,2993,47,42,0.544484,0.005766,0.009349,0.204239,0.074813,-1,,,,,,,,,,,,,,,,
3.778212,triangle_0.20_сторона A,5181,129651,25000,0,0,1.326291,1.326291,1.450677,1.305609,30,27,3013,3021,45,43,0.549679,0.005807,0.006544,0.207819,-0.112183,-1,,,,,,,,,,,,,,,,
3.802148,triangle_0.20_сторона A,5182,129676,24980,0,0,1.326291,1.326291,1.258260,1.355049,26,28,3040,3048,47,42,0.554601,0.005844,0.008414,0.197039,0.074849,-1,,,,,,,,,,,,,,,,
3.827367,triangle_0.20_сторона A,5183,129701,25020,0,0,1.326291,1.326291,1.401200,1.352883,29,28,3069,3076,45,42,0.559796,0.005885,0.007479,0.207653,-0.037364,-1,,,,,,,,,,,,,,,,
3.852773,triangle_0.20_сторона A,5184,129726,25016,0,0,1.326291,1.326291,1.353099,1.304774,28,27,3096,3103,46,43,0.564809,0.005920,0.006544,0.200399,-0.037370,-1,,,,,,,,,,,,,,,,
3.878114,triangle_0.20_сторона A,5185,129751,24972,0,0,1.326291,1.326291,1.355483,1.355483,28,28,3124,3132,46,42,0.569914,0.005953,0.006544,0.204402,0.000000,-1,,,,,,,,,,,,,,,,
3.903490,triangle_0.20_сторона A,5186,129776,25016,0,0,1.326291,1.326291,1.401424,1.401424,29,29,3154,3160,45,42,0.575200,0.005988,0.006544,0.211330,0.000000,-1,,,,,,,,,,,,,,,,
3.929785,triangle_0.20_сторона A,5187,129801,24996,0,0,1.326291,1.326291,1.305818,1.257455,27,26,3181,3186,46,44,0.580031,0.006017,0.005609,0.193266,-0.037400,-1,,,,,,,,,,,,,,,,
3.953507,triangle_0.20_сторона A,5188,129826,24976,0,0,1.326291,1.326291,1.355266,1.355266,28,28,3209,3214,46,42,0.585135,0.006046,0.005609,0.204369,0.000000,-1,,,,,,,,,,,,,,,,
3.979602,triangle_0.20_сторона A,5189,129851,25004,0,0,1.326291,1.326291,1.450445,1.402097,30,29,3238,3243,44,42,0.590513,0.006074,0.004674,0.215077,-0.037388,-1,,,,,,,,,,,,,,,,
4.005763,triangle_0.20_сторона A,5190,129876,25016,0,0,1.326291,1.326291,1.208124,1.256449,25,26,3264,3270,48,44,0.595161,0.006098,0.005609,0.185824,0.037371,-1,,,,,,,,,,,,,,,,
4.029440,triangle_0.20_сторона A,5191,129901,24984,0,0,1.326291,1.326291,1.403219,1.403219,29,29,3292,3298,45,42,0.600448,0.006127,0.005609,0.211600,0.000000,-1,,,,,,,,,,,,,,,,
4.055623,triangle_0.20_сторона A,5192,129926,25008,0,0,1.326291,1.326291,1.353532,1.401873,28,29,3320,3327,45,41,0.605643,0.006159,0.006544,0.207753,0.037382,-1,,,,,,,,,,,,,,,,
4.081896,triangle_0.20_сторона A,5193,129951,24992,0,0,1.326291,1.326291,1.209285,1.257656,25,26,3346,3353,48,43,0.610292,0.006191,0.007479,0.186003,0.037406,-1,,,,,,,,,,,,,,,,
4.105625,triangle_0.20_сторона A,5194,129976,25000,0,0,1.326291,1.326291,1.402321,1.353965,29,28,3374,3381,45,42,0.615487,0.006228,0.006544,0.207819,-0.037394,-1,,,,,,,,,,,,,,,,
4.134942,triangle_0.20_сторона A,5195,130001,25000,0,0,1.326291,1.326291,1.305609,1.402321,27,29,3402,3410,46,41,0.620591,0.006266,0.008414,0.204173,0.074789,-1,,,,,,,,,,,,,,,,
4.158058,triangle_0.20_сторона A,5196,130026,25008,0,0,1.326291,1.326291,1.256851,1.256851,26,26,3427,3436,47,43,0.625331,0.006306,0.008414,0.189529,0.000000,-1,,,,,,,,,,,,,,,,
4.182120,triangle_0.20_сторона A,5197,130051,24988,0,0,1.326291,1.326291,1.402995,1.354615,29,28,3456,3464,45,42,0.630526,0.006347,0.007479,0.207919,-0.037412,-1,,,,,,,,,,,,,,,,
4.209891,triangle_0.20_сторона A,5198,130076,25036,0,0,1.326291,1.326291,1.255446,1.303732,26,27,3482,3492,47,43,0.635357,0.006386,0.008414,0.192957,0.037341,-1,,,,,,,,,,,,,,,,
4.233199,triangle_0.20_сторона A,5199,130101,24992,0,0,1.326291,1.326291,1.209285,1.257656,25,26,3508,3518,48,43,0.640005,0.006427,0.009349,0.186003,0.037406,-1,,,,,,,,,,,,,,,,
4.257260,triangle_0.20_сторона A,5200,130126,24980,0,0,1.326291,1.326291,1.451839,1.451839,30,30,3537,3547,44,41,0.645474,0.006478,0.009349,0.218932,0.000000,-1,,,,,,,,,,,,,,,,
4.284149,triangle_0.20_сторона A,5201,130151,24996,0,0,1.326291,1.326291,1.257455,1.305818,26,27,3563,3574,47,43,0.650305,0.006525,0.010283,0.193266,0.037400,-1,,,,,,,,,,,,,,,,
4.314477,triangle_0.20_сторона A,5202,130176,25000,0,0,1.326291,1.326291,1.208897,1.257253,25,26,3588,3600,48,43,0.654953,0.006575,0.011218,0.185943,0.037394,-1,,,,,,,,,,,,,,,,
4.339446,triangle_0.20_сторона A,5203,130201,25048,0,0,1.326291,1.326291,1.447897,1.399634,30,29,3618,3629,45,41,0.660330,0.006633,0.010283,0.214699,-0.037323,-1,,,,,,,,,,,,,,,,
4.359563,triangle_0.20_сторона A,5204,130226,24976,0,0,1.326291,1.326291,1.258462,1.355266,26,28,3644,3657,47,42,0.665252,0.006688,0.012153,0.197070,0.074861,-1,,,,,,,,,,,,,,,,
4.395850,triangle_0.20_сторона A,5205,130251,25028,0,0,1.326291,1.326291,1.255847,1.255847,26,26,3670,3683,47,43,0.669992,0.006746,0.012153,0.189377,0.000000,-1,,,,,,,,,,,,,,,,
4.411825,triangle_0.20_сторона A,5206,130276,24968,0,0,1.326291,1.326291,1.404118,1.404118,29,29,3699,3712,45,41,0.675278,0.006810,0.012153,0.211736,0.000000,-1,,,,,,,,,,,,,,,,
4.436515,triangle_0.20_сторона A,5207,130301,24984,0,0,1.326291,1.326291,1.258059,1.306445,26,27,3725,3740,47,43,0.680108,0.006871,0.013088,0.193359,0.037418,-1,,,,,,,,,,,,,,,,
4.470130,triangle_0.20_сторона A,5208,130326,25012,0,0,1.326291,1.326291,1.304983,1.304983,27,27,3752,3766,47,43,0.685030,0.006936,0.013088,0.196787,0.000000,-1,,,,,,,,,,,,,,,,
4.485785,triangle_0.20_сторона A,5209,130352,25128,0,0,1.326291,1.326291,1.443287,1.395178,30,29,3782,3796,45,41,0.690407,0.007004,0.012153,0.214015,-0.037204,-1,,,,,,,,,,,,,,,,
4.515178,triangle_0.20_сторона A,5210,130376,24856,0,0,1.326291,1.326291,1.313173,1.361809,27,28,3809,3823,46,42,0.695420,0.007067,0.013088,0.201689,0.037611,-1,,,,,,,,,,,,,,,,
4.537680,triangle_0.20_сторона A,5211,130401,24996,0,0,1.326291,1.326291,1.354182,1.354182,28,28,3838,3851,46,42,0.700524,0.007134,0.013088,0.204206,0.000000,-1,,,,,,,,,,,,,,,,
4.573242,triangle_0.20_сторона A,5212,130426,25020,0,0,1.326291,1.326291,1.401200,1.352883,29,28,3866,3880,45,42,0.705719,0.007199,0.012153,0.207653,-0.037364,-1,,,,,,,,,,,,,,,,
4.586673,triangle_0.20_сторона A,5213,130451,24980,0,0,1.326291,1.326291,1.258260,1.306655,26,27,3892,3906,47,42,0.710549,0.007260,0.013088,0.193390,0.037424,-1,,,,,,,,,,,,,,,,
4.612085,triangle_0.20_сторона A,5214,130477,25032,0,0,1.326291,1.326291,1.448822,1.352234,30,28,3922,3935,44,42,0.715836,0.007324,0.011218,0.211195,-0.074693,-1,,,,,,,,,,,,,,,,
4.637858,triangle_0.20_сторона A,5215,130501,24988,0,0,1.326291,1.326291,1.354615,1.402995,28,29,3950,3963,46,41,0.721031,0.007385,0.012153,0.207919,0.037412,-1,,,,,,,,,,,,,,,,
4.663615,triangle_0.20_сторона A,5216,130526,24980,0,0,1.326291,1.326291,1.209865,1.258260,25,26,3976,3989,48,43,0.725679,0.007444,0.013088,0.186092,0.037424,-1,,,,,,,,,,,,,,,,
4.687390,triangle_0.20_сторона A,5217,130551,25024,0,0,1.326291,1.326291,1.497595,1.352667,31,28,4006,4018,44,42,0.731056,0.007507,0.010283,0.214905,-0.112075,-1,,,,,,,,,,,,,,,,
4.713123,triangle_0.20_сторона A,5218,130576,24988,0,0,1.326291,1.326291,1.354615,1.354615,28,28,4034,4046,45,42,0.736161,0.007559,0.010283,0.204271,0.000000,-1,,,,,,,,,,,,,,,,
4.743765,triangle_0.20_сторона A,5219,130601,25244,0,0,1.326291,1.326291,1.292990,1.388767,27,29,4062,4074,46,41,0.741265,0.007616,0.012153,0.202200,0.074066,-1,,,,,,,,,,,,,,,,
4.762472,triangle_0.20_сторона A,5220,130626,24752,0,0,1.326291,1.326291,1.465212,1.416372,30,29,4092,4103,44,40,0.746642,0.007679,0.011218,0.217266,-0.037769,-1,,,,,,,,,,,,,,,,
4.788791,triangle_0.20_сторона A,5221,130651,25016,0,0,1.326291,1.326291,1.353099,1.304774,28,27,4119,4130,45,42,0.751655,0.007733,0.010283,0.200399,-0.037370,-1,,,,,,,,,,,,,,,,
4.813946,triangle_0.20_сторона A,5222,130676,24988,0,0,1.326291,1.326291,1.354615,1.402995,28,29,4148,4159,45,40,0.756850,0.007789,0.011218,0.207919,0.037412,-1,,,,,,,,,,,,,,,,
4.839645,triangle_0.20_сторона A,5223,130701,25012,0,0,1.326291,1.326291,1.353316,1.353316,28,28,4176,4188,45,41,0.761954,0.007846,0.011218,0.204075,0.000000,-1,,,,,,,,,,,,,,,,
4.865105,triangle_0.20_сторона A,5224,130726,24988,0,0,1.326291,1.326291,1.257857,1.354615,26,28,4201,4215,46,41,0.766876,0.007906,0.013088,0.196976,0.074825,-1,,,,,,,,,,,,,,,,
4.890713,triangle_0.20_сторона A,5225,130751,25008,0,0,1.326291,1.326291,1.401873,1.401873,29,29,4231,4244,44,40,0.772162,0.007975,0.013088,0.211397,0.000000,-1,,,,,,,,,,,,,,,,
4.913956,triangle_0.20_сторона A,5226,130776,24980,0,0,1.326291,1.326291,1.355049,1.355049,28,28,4258,4272,45,41,0.777266,0.008042,0.013088,0.204337,0.000000,-1,,,,,,,,,,,,,,,,
4.941631,triangle_0.20_сторона A,5227,130801,25000,0,0,1.326291,1.326291,1.208897,1.353965,25,28,4283,4300,47,41,0.782096,0.008112,0.015893,0.193235,0.112183,-1,,,,,,,,,,,,,,,,
4.965182,triangle_0.20_сторона A,5228,130826,25024,0,0,1.326291,1.326291,1.400976,1.352667,29,28,4313,4329,44,41,0.787291,0.008192,0.014958,0.207620,-0.037359,-1,,,,,,,,,,,,,,,,
4.991498,triangle_0.20_сторона A,5229,130851,24984,0,0,1.326291,1.326291,1.306445,1.306445,27,27,4340,4356,46,41,0.792212,0.008266,0.014958,0.197007,0.000000,-1,,,,,,,,,,,,,,,,
5.016505,triangle_0.20_сторона A,5230,130876,25016,0,0,1.326291,1.326291,1.256449,1.401424,26,29,4366,4384,46,40,0.797225,0.008348,0.017762,0.200399,0.112111,-1,,,,,,,,,,,,,,,,
5.041530,triangle_0.20_сторона A,5231,130902,24988,0,0,1.326291,1.326291,1.402995,1.306236,29,27,4395,4412,44,41,0.802329,0.008434,0.015893,0.204271,-0.074825,-1,,,,,,,,,,,,,,,,
5.066631,triangle_0.20_сторона A,5232,130926,24992,0,0,1.326291,1.326291,1.209285,1.354399,25,28,4420,4440,47,41,0.807159,0.008517,0.018697,0.193297,0.112219,-1,,,,,,,,,,,,,,,,
5.091944,triangle_0.20_сторона A,5233,130951,25004,0,0,1.326291,1.326291,1.257052,1.402097,26,29,4446,4469,47,40,0.812171,0.008618,0.021502,0.200495,0.112165,-1,,,,,,,,,,,,,,,,
5.117370,triangle_0.20_сторона A,5234,130976,24992,0,0,1.326291,1.326291,1.402770,1.402770,29,29,4474,4497,45,40,0.817456,0.008732,0.021502,0.211533,0.000000,-1,,,,,,,,,,,,,,,,
5.143586,triangle_0.20_сторона A,5235,131001,25004,0,0,1.326291,1.326291,1.257052,1.353749,26,28,4500,4526,47,40,0.822377,0.008842,0.023371,0.196850,0.074777,-1,,,,,,,,,,,,,,,,
5.167351,triangle_0.20_сторона A,5236,131026,25008,0,0,1.326291,1.326291,1.208511,1.450213,25,30,4525,4555,48,39,0.827389,0.008971,0.028046,0.200463,0.186912,-1,,,,,,,,,,,,,,,,
5.193474,triangle_0.20_сторона A,5237,131051,25012,0,0,1.326291,1.326291,1.401648,1.353316,29,28,4555,4583,45,40,0.832582,0.009114,0.027111,0.207719,-0.037376,-1,,,,,,,,,,,,,,,,
5.218832,triangle_0.20_сторона A,5238,131076,25000,0,0,1.326291,1.326291,1.305609,1.353965,27,28,4581,4612,46,40,0.837593,0.009252,0.028046,0.200527,0.037394,-1,,,,,,,,,,,,,,,,
5.243782,triangle_0.20_сторона A,5239,131101,24992,0,0,1.326291,1.326291,1.209285,1.354399,25,28,4606,4640,48,40,0.842422,0.009395,0.030850,0.193297,0.112219,-1,,,,,,,,,,,,,,,,
5.269588,triangle_0.20_сторона A,5240,131126,24992,0,0,1.326291,1.326291,1.354399,1.402770,28,29,4635,4668,46,39,0.847615,0.009557,0.031785,0.207886,0.037406,-1,,,,,,,,,,,,,,,,
5.295158,triangle_0.20_сторона A,5241,131151,25000,0,0,1.326291,1.326291,1.257253,1.353965,26,28,4660,4697,47,40,0.852534,0.009718,0.033655,0.196881,0.074789,-1,,,,,,,,,,,,,,,,
5.318428,triangle_0.20_сторона A,5242,131176,25008,0,0,1.326291,1.326291,1.256851,1.401873,26,29,4686,4725,47,39,0.857545,0.009894,0.036459,0.200463,0.112147,-1,,,,,,,,,,,,,,,,
5.344482,triangle_0.20_сторона A,5243,131201,24992,0,0,1.326291,1.326291,1.402770,1.354399,29,28,4715,4754,45,39,0.862737,0.010081,0.035525,0.207886,-0.037406,-1,,,,,,,,,,,,,,,,
5.372875,triangle_0.20_сторона A,5244,131226,25008,0,0,1.326291,1.326291,1.208511,1.401873,25,29,4740,4782,48,39,0.867655,0.010265,0.039264,0.196818,0.149530,-1,,,,,,,,,,,,,,,,
5.396788,triangle_0.20_сторона A,5245,131251,25000,0,0,1.326291,1.326291,1.208897,1.305609,25,27,4766,4810,48,40,0.872391,0.010456,0.041134,0.189589,0.074789,-1,,,,,,,,,,,,,,,,
5.421033,triangle_0.20_сторона A,5246,131276,24988,0,0,1.326291,1.326291,1.402995,1.354615,29,28,4795,4838,46,39,0.877582,0.010667,0.040199,0.207919,-0.037412,-1,,,,,,,,,,,,,,,,
5.447518,triangle_0.20_сторона A,5247,131301,25012,0,0,1.326291,1.326291,1.304983,1.353316,27,28,4821,4865,47,39,0.882591,0.010871,0.041134,0.200431,0.037376,-1,,,,,,,,,,,,,,,,
5.471147,triangle_0.20_сторона A,5248,131326,24996,0,0,1.326291,1.326291,1.257455,1.305818,26,27,4848,4893,48,40,0.887418,0.011071,0.042069,0.193266,0.037400,-1,,,,,,,,,,,,,,,,
5.497350,triangle_0.20_сторона A,5249,131351,25000,0,0,1.326291,1.326291,1.402321,1.353965,29,28,4876,4920,46,39,0.892609,0.011288,0.041134,0.207819,-0.037394,-1,,,,,,,,,,,,,,,,
5.523161,triangle_0.20_сторона A,5250,131376,25004,0,0,1.326291,1.326291,1.257052,1.353749,26,28,4902,4948,48,39,0.897527,0.011495,0.043004,0.196850,0.074777,-1,,,,,,,,,,,,,,,,
5.547160,triangle_0.20_сторона A,5251,131401,25016,0,0,1.326291,1.326291,1.353099,1.353099,28,28,4930,4976,46,39,0.902626,0.011714,0.043004,0.204043,0.000000,-1,,,,,,,,,,,,,,,,
5.573742,triangle_0.20_сторона A,5252,131426,24976,0,0,1.326291,1.326291,1.403669,1.355266,29,28,4959,5004,45,39,0.907817,0.011935,0.042069,0.208019,-0.037430,-1,,,,,,,,,,,,,,,,
5.597810,triangle_0.20_сторона A,5253,131451,25008,0,0,1.326291,1.326291,1.208511,1.305192,25,27,4984,5032,48,40,0.912552,0.012139,0.043938,0.189529,0.074765,-1,,,,,,,,,,,,,,,,
5.623921,triangle_0.20_сторона A,5254,131476,24988,0,0,1.326291,1.326291,1.354615,1.354615,28,28,5012,5059,46,39,0.917652,0.012363,0.043938,0.204271,0.000000,-1,,,,,,,,,,,,,,,,
5.649876,triangle_0.20_сторона A,5255,131501,25016,0,0,1.326291,1.326291,1.401424,1.353099,29,28,5041,5087,46,39,0.922842,0.012589,0.043004,0.207686,-0.037370,-1,,,,,,,,,,,,,,,,
5.674156,triangle_0.20_сторона A,5256,131526,25016,0,0,1.326291,1.326291,1.208124,1.353099,25,28,5067,5115,48,39,0.927669,0.012803,0.045808,0.193112,0.112111,-1,,,,,,,,,,,,,,,,
5.699902,triangle_0.20_сторона A,5257,131551,24976,0,0,1.326291,1.326291,1.403669,1.306864,29,27,5095,5142,46,40,0.932768,0.013032,0.043938,0.204369,-0.074861,-1,,,,,,,,,,,,,,,,
5.723719,triangle_0.20_сторона A,5258,131576,24988,0,0,1.326291,1.326291,1.306236,1.354615,27,28,5123,5171,47,39,0.937776,0.013255,0.044873,0.200624,0.037412,-1,,,,,,,,,,,,,,,,
5.750164,triangle_0.20_сторона A,5259,131601,25024,0,0,1.326291,1.326291,1.256048,1.352667,26,28,5149,5198,48,39,0.942693,0.013480,0.046743,0.196692,0.074717,-1,,,,,,,,,,,,,,,,
5.774328,triangle_0.20_сторона A,5260,131625,24996,0,0,1.326291,1.326291,1.450909,1.354182,30,28,5178,5226,45,39,0.947974,0.013722,0.044873,0.211499,-0.074801,-1,,,,,,,,,,,,,,,,
5.800977,triangle_0.20_сторона A,5261,131651,25004,0,0,1.326291,1.326291,1.305400,1.305400,27,27,5205,5253,47,39,0.952891,0.013943,0.044873,0.196850,0.000000,-1,,,,,,,,,,,,,,,,
5.826948,triangle_0.20_сторона A,5262,131676,24984,0,0,1.326291,1.326291,1.306445,1.258059,27,26,5232,5280,47,40,0.957717,0.014157,0.043938,0.193359,-0.037418,-1,,,,,,,,,,,,,,,,
5.850720,triangle_0.20_сторона A,5263,131701,25000,0,0,1.326291,1.326291,1.402321,1.353965,29,28,5261,5307,45,39,0.962908,0.014383,0.043004,0.207819,-0.037394,-1,,,,,,,,,,,,,,,,
5.876550,triangle_0.20_сторона A,5264,131726,25012,0,0,1.326291,1.326291,1.256650,1.256650,26,26,5287,5334,48,40,0.967643,0.014587,0.043004,0.189498,0.000000,-1,,,,,,,,,,,,,,,,
5.902532,triangle_0.20_сторона A,5265,131751,24988,0,0,1.326291,1.326291,1.354615,1.306236,28,27,5315,5360,46,40,0.972652,0.014800,0.042069,0.200624,-0.037412,-1,,,,,,,,,,,,,,,,
5.925791,triangle_0.20_сторона A,5266,131776,25012,0,0,1.326291,1.326291,1.353316,1.304983,28,27,5344,5387,46,40,0.977660,0.015009,0.041134,0.200431,-0.037376,-1,,,,,,,,,,,,,,,,
5.951455,triangle_0.20_сторона A,5267,131801,25004,0,0,1.326291,1.326291,1.257052,1.305400,26,27,5369,5414,48,40,0.982487,0.015209,0.042069,0.193204,0.037388,-1,,,,,,,,,,,,,,,,
5.977367,triangle_0.20_сторона A,5268,131826,24992,0,0,1.326291,1.326291,1.354399,1.306027,28,27,5398,5442,46,40,0.987496,0.015418,0.041134,0.200591,-0.037406,-1,,,,,,,,,,,,,,,,
6.002999,triangle_0.20_сторона A,5269,131851,24984,0,0,1.326291,1.326291,1.403219,1.354832,29,28,5426,5469,45,39,0.992687,0.015629,0.040199,0.207952,-0.037418,-1,,,,,,,,,,,,,,,,
6.026737,triangle_0.20_сторона A,5270,131876,25020,0,0,1.326291,1.326291,1.256248,1.256248,26,26,5452,5495,47,41,0.997423,0.015820,0.040199,0.189438,0.000000,-1,,,,,,,,,,,,,,,,
6.052904,triangle_0.20_сторона A,5271,131901,25000,0,0,1.326291,1.326291,1.353965,1.305609,28,27,5481,5522,46,40,1.002432,0.016019,0.039264,0.200527,-0.037394,-1,,,,,,,,,,,,,,,,
6.079089,triangle_0.20_сторона A,5272,131927,24996,0,0,1.326291,1.326291,1.305818,1.257455,27,26,5508,5549,47,41,1.007260,0.016206,0.038329,0.193266,-0.037400,-1,,,,,,,,,,,,,,,,
6.109125,triangle_0.20_сторона A,5273,131951,24992,0,0,1.326291,1.326291,1.306027,1.306027,27,27,5534,5575,47,40,1.012178,0.016395,0.038329,0.196944,0.000000,-1,,,,,,,,,,,,,,,,
6.129414,triangle_0.20_сторона A,5274,131976,24992,0,0,1.326291,1.326291,1.306027,1.209285,27,25,5561,5601,47,42,1.016914,0.016572,0.036460,0.189650,-0.074813,-1,,,,,,,,,,,,,,,,
6.155100,triangle_0.20_сторона A,5275,132001,25028,0,0,1.326291,1.326291,1.207545,1.255847,25,26,5587,5626,48,41,1.021560,0.016744,0.037394,0.185735,0.037353,-1,,,,,,,,,,,,,,,,
6.181026,triangle_0.20_сторона A,5276,132026,24980,0,0,1.326291,1.326291,1.306655,1.306655,27,27,5614,5653,47,40,1.026479,0.016928,0.037394,0.197039,0.000000,-1,,,,,,,,,,,,,,,,
6.204967,triangle_0.20_сторона A,5277,132051,24996,0,0,1.326291,1.326291,1.354182,1.160727,28,24,5641,5677,46,43,1.031215,0.017096,0.033655,0.189620,-0.149601,-1,,,,,,,,,,,,,,,,
6.228773,triangle_0.20_сторона A,5278,132076,25004,0,0,1.326291,1.326291,1.208704,1.257052,25,26,5667,5704,49,42,1.035861,0.017255,0.034590,0.185914,0.037388,-1,,,,,,,,,,,,,,,,
6.349908,triangle_0.20_сторона A,5279,132101,24996,0,0,1.326291,1.326291,1.354182,1.354182,28,28,5694,5731,47,40,1.040962,0.017431,0.034590,0.204206,0.000000,-1,,,,,,,,,,,,,,,,
6.349908,triangle_0.20_сторона A,5280,132126,25024,0,0,1.326291,1.326291,1.352667,1.256048,28,26,5722,5757,47,42,1.045882,0.017597,0.032720,0.196692,-0.074717,-1,,,,,,,,,,,,,,,,
6.349908,triangle_0.20_сторона A,5281,132151,24984,0,0,1.326291,1.326291,1.258059,1.258059,26,26,5748,5784,48,42,1.050619,0.017752,0.032720,0.189711,0.000000,-1,,,,,,,,,,,,,,,,
6.349908,triangle_0.20_сторона A,5282,132176,25004,0,0,1.326291,1.326291,1.353749,1.353749,28,28,5777,5812,47,41,1.055720,0.017919,0.032720,0.204140,0.000000,-1,,,,,,,,,,,,,,,,
6.356739,triangle_0.20_сторона A,5283,132201,25004,0,0,1.326291,1.326291,1.353749,1.257052,28,26,5805,5838,47,42,1.060640,0.018075,0.030850,0.196850,-0.074777,-1,,,,,,,,,,,,,,,,
6.382926,triangle_0.20_сторона A,5284,132226,25036,0,0,1.326291,1.326291,1.303732,1.352018,27,28,5832,5865,47,41,1.065651,0.018232,0.031785,0.200239,0.037341,-1,,,,,,,,,,,,,,,,
6.408410,triangle_0.20_сторона A,5285,132251,24964,0,0,1.326291,1.326291,1.452769,1.355918,30,28,5861,5893,45,41,1.070935,0.018395,0.029915,0.211770,-0.074897,-1,,,,,,,,,,,,,,,,
6.438999,triangle_0.20_сторона A,5286,132276,24996,0,0,1.326291,1.326291,1.305818,1.257455,27,26,5888,5920,47,42,1.075764,0.018537,0.028981,0.193266,-0.037400,-1,,,,,,,,,,,,,,,,
6.458078,triangle_0.20_сторона A,5287,132301,25012,0,0,1.326291,1.326291,1.304983,1.353316,27,28,5916,5947,47,41,1.080775,0.018685,0.029915,0.200431,0.037376,-1,,,,,,,,,,,,,,,,
6.481800,triangle_0.20_сторона A,5288,132326,24996,0,0,1.326291,1.326291,1.450909,1.402546,30,29,5946,5976,45,40,1.086150,0.018843,0.028981,0.215145,-0.037400,-1,,,,,,,,,,,,,,,,
6.508528,triangle_0.20_сторона A,5289,132352,25004,0,0,1.326291,1.326291,1.353749,1.305400,28,27,5973,6004,46,41,1.091161,0.018986,0.028046,0.200495,-0.037388,-1,,,,,,,,,,,,,,,,
6.535166,triangle_0.20_сторона A,5290,132376,24984,0,0,1.326291,1.326291,1.354832,1.354832,28,28,6001,6031,46,40,1.096263,0.019129,0.028046,0.204304,0.000000,-1,,,,,,,,,,,,,,,,
6.558210,triangle_0.20_сторона A,5291,132401,25008,0,0,1.326291,1.326291,1.401873,1.353532,29,28,6030,6059,45,40,1.101457,0.019273,0.027111,0.207753,-0.037382,-1,,,,,,,,,,,,,,,,
6.584085,triangle_0.20_сторона A,5292,132426,24988,0,0,1.326291,1.326291,1.209478,1.257857,25,26,6056,6086,48,42,1.106104,0.019401,0.028046,0.186033,0.037412,-1,,,,,,,,,,,,,,,,
6.610667,triangle_0.20_сторона A,5293,132451,25036,0,0,1.326291,1.326291,1.400305,1.400305,29,29,6085,6114,45,40,1.111388,0.019549,0.028046,0.211161,0.000000,-1,,,,,,,,,,,,,,,,
6.634604,triangle_0.20_сторона A,5294,132476,24972,0,0,1.326291,1.326291,1.403894,1.307073,29,27,6114,6142,45,41,1.116491,0.019688,0.026176,0.204402,-0.074873,-1,,,,,,,,,,,,,,,,
6.659917,triangle_0.20_сторона A,5295,132501,25000,0,0,1.326291,1.326291,1.305609,1.353965,27,28,6141,6169,47,40,1.121502,0.019821,0.027111,0.200527,0.037394,-1,,,,,,,,,,,,,,,,
6.684608,triangle_0.20_сторона A,5296,132526,25008,0,0,1.326291,1.326291,1.450213,1.353532,30,28,6170,6198,44,40,1.126787,0.019959,0.025241,0.211397,-0.074765,-1,,,,,,,,,,,,,,,,
6.710707,triangle_0.20_сторона A,5297,132551,24976,0,0,1.326291,1.326291,1.306864,1.355266,27,28,6198,6225,46,40,1.131798,0.020088,0.026176,0.200720,0.037430,-1,,,,,,,,,,,,,,,,
6.734685,triangle_0.20_сторона A,5298,132576,25024,0,0,1.326291,1.326291,1.304357,1.304357,27,27,6224,6253,46,41,1.136719,0.020217,0.026176,0.196692,0.000000,-1,,,,,,,,,,,,,,,,
6.760269,triangle_0.20_сторона A,5299,132601,24992,0,0,1.326291,1.326291,1.402770,1.354399,29,28,6253,6280,45,40,1.141912,0.020351,0.025241,0.207886,-0.037406,-1,,,,,,,,,,,,,,,,
6.786918,triangle_0.20_сторона A,5300,132626,24988,0,0,1.326291,1.326291,1.306236,1.257857,27,26,6280,6306,46,42,1.146742,0.020470,0.024306,0.193328,-0.037412,-1,,,,,,,,,,,,,,,,
6.810481,triangle_0.20_сторона A,5301,132652,25036,0,0,1.326291,1.326291,1.303732,1.352018,27,28,6307,6334,46,40,1.151754,0.020595,0.025241,0.200239,0.037341,-1,,,,,,,,,,,,,,,,
6.836803,triangle_0.20_сторона A,5302,132676,25004,0,0,1.326291,1.326291,1.402097,1.305400,29,27,6336,6362,45,41,1.156856,0.020719,0.023371,0.204140,-0.074777,-1,,,,,,,,,,,,,,,,
6.862319,triangle_0.20_сторона A,5303,132701,24968,0,0,1.326291,1.326291,1.307283,1.307283,27,27,6363,6388,46,41,1.161777,0.020834,0.023371,0.197134,0.000000,-1,,,,,,,,,,,,,,,,
6.891998,triangle_0.20_сторона A,5304,132726,25020,0,0,1.326291,1.326291,1.304566,1.304566,27,27,6390,6416,46,41,1.166698,0.020949,0.023371,0.196724,0.000000,-1,,,,,,,,,,,,,,,,
6.912407,triangle_0.20_сторона A,5305,132751,24976,0,0,1.326291,1.326291,1.403669,1.306864,29,27,6420,6442,45,41,1.171801,0.021063,0.021502,0.204369,-0.074861,-1,,,,,,,,,,,,,,,,
6.941881,triangle_0.20_сторона A,5306,132776,25028,0,0,1.326291,1.326291,1.304149,1.304149,27,27,6446,6469,46,41,1.176722,0.021169,0.021502,0.196661,0.000000,-1,,,,,,,,,,,,,,,,
6.969275,triangle_0.20_сторона A,5307,132801,24988,0,0,1.326291,1.326291,1.354615,1.306236,28,27,6475,6496,46,41,1.181734,0.021274,0.020567,0.200624,-0.037412,-1,,,,,,,,,,,,,,,,
7.012025,triangle_0.20_сторона A,5308,132826,25004,0,0,1.326291,1.326291,1.353749,1.257052,28,26,6502,6522,45,42,1.186655,0.021371,0.018697,0.196850,-0.074777,-1,,,,,,,,,,,,,,,,
7.014693,triangle_0.20_сторона A,5309,132851,24976,0,0,1.326291,1.326291,1.210059,1.210059,25,25,6527,6548,48,43,1.191211,0.021456,0.018697,0.182473,0.000000,-1,,,,,,,,,,,,,,,,
7.039874,triangle_0.20_сторона A,5310,132876,25008,0,0,1.326291,1.326291,1.353532,1.353532,28,28,6555,6575,46,41,1.196315,0.021552,0.018697,0.204108,0.000000,-1,,,,,,,,,,,,,,,,
7.065041,triangle_0.20_сторона A,5311,132901,25004,0,0,1.326291,1.326291,1.257052,1.160356,26,24,6582,6600,47,44,1.200872,0.021633,0.016827,0.182268,-0.074777,-1,,,,,,,,,,,,,,,,
7.090377,triangle_0.20_сторона A,5312,132926,25008,0,0,1.326291,1.326291,1.256851,1.256851,26,26,6607,6625,47,43,1.205611,0.021712,0.016827,0.189529,0.000000,-1,,,,,,,,,,,,,,,,
7.115922,triangle_0.20_сторона A,5313,132951,24988,0,0,1.326291,1.326291,1.354615,1.402995,28,29,6636,6654,46,41,1.210805,0.021802,0.017762,0.207919,0.037412,-1,,,,,,,,,,,,,,,,
7.140805,triangle_0.20_сторона A,5314,132976,24996,0,0,1.326291,1.326291,1.257455,1.209091,26,25,6662,6680,47,43,1.215453,0.021883,0.016827,0.185973,-0.037400,-1,,,,,,,,,,,,,,,,
7.166183,triangle_0.20_сторона A,5315,133001,24992,0,0,1.326291,1.326291,1.257656,1.257656,26,26,6687,6706,47,43,1.220192,0.021962,0.016827,0.189650,0.000000,-1,,,,,,,,,,,,,,,,
7.191361,triangle_0.20_сторона A,5316,133026,25028,0,0,1.326291,1.326291,1.400752,1.400752,29,29,6717,6735,45,41,1.225478,0.022051,0.016827,0.211228,0.000000,-1,,,,,,,,,,,,,,,,
7.217434,triangle_0.20_сторона A,5317,133051,24980,0,0,1.326291,1.326291,1.209865,1.258260,25,26,6741,6761,48,43,1.230126,0.022132,0.017762,0.186092,0.037424,-1,,,,,,,,,,,,,,,,
7.240829,triangle_0.20_сторона A,5318,133075,25008,0,0,1.326291,1.326291,1.256851,1.305192,26,27,6767,6787,48,42,1.234956,0.022220,0.018697,0.193173,0.037382,-1,,,,,,,,,,,,,,,,
7.267746,triangle_0.20_сторона A,5319,133101,24992,0,0,1.326291,1.326291,1.402770,1.354399,29,28,6797,6816,46,42,1.240151,0.022314,0.017762,0.207886,-0.037406,-1,,,,,,,,,,,,,,,,
7.291734,triangle_0.20_сторона A,5320,133126,25032,0,0,1.326291,1.326291,1.255646,1.303940,26,27,6822,6842,48,42,1.244981,0.022403,0.018697,0.192988,0.037347,-1,,,,,,,,,,,,,,,,
7.321263,triangle_0.20_сторона A,5321,133151,24980,0,0,1.326291,1.326291,1.258260,1.258260,26,26,6849,6869,48,43,1.249720,0.022491,0.018697,0.189741,0.000000,-1,,,,,,,,,,,,,,,,
7.346034,triangle_0.20_сторона A,5322,133176,24992,0,0,1.326291,1.326291,1.451141,1.402770,30,29,6878,6897,45,41,1.255097,0.022589,0.017762,0.215180,-0.037406,-1,,,,,,,,,,,,,,,,
7.371261,triangle_0.20_сторона A,5323,133201,25020,0,0,1.326291,1.326291,1.207931,1.304566,25,27,6904,6924,48,42,1.259836,0.022678,0.019632,0.189438,0.074729,-1,,,,,,,,,,,,,,,,
7.394265,triangle_0.20_сторона A,5324,133226,24992,0,0,1.326291,1.326291,1.306027,1.306027,27,27,6931,6951,47,42,1.264757,0.022774,0.019632,0.196944,0.000000,-1,,,,,,,,,,,,,,,,
7.418905,triangle_0.20_сторона A,5325,133251,24988,0,0,1.326291,1.326291,1.499753,1.402995,31,29,6961,6980,44,41,1.270225,0.022877,0.017762,0.218862,-0.074825,-1,,,,,,,,,,,,,,,,
7.444588,triangle_0.20_сторона A,5326,133276,24992,0,0,1.326291,1.326291,1.209285,1.306027,25,27,6986,7007,48,42,1.274964,0.022965,0.019632,0.189650,0.074813,-1,,,,,,,,,,,,,,,,
7.469782,triangle_0.20_сторона A,5327,133301,25020,0,0,1.326291,1.326291,1.304566,1.304566,27,27,7014,7034,47,42,1.279885,0.023062,0.019632,0.196724,0.000000,-1,,,,,,,,,,,,,,,,
7.495777,triangle_0.20_сторона A,5328,133326,24992,0,0,1.326291,1.326291,1.451141,1.402770,30,29,7043,7063,45,41,1.285262,0.023165,0.018697,0.215180,-0.037406,-1,,,,,,,,,,,,,,,,
7.518659,triangle_0.20_сторона A,5329,133351,24996,0,0,1.326291,1.326291,1.209091,1.354182,25,28,7068,7091,48,41,1.290092,0.023262,0.021502,0.193266,0.112201,-1,,,,,,,,,,,,,,,,
7.543823,triangle_0.20_сторона A,5330,133376,25004,0,0,1.326291,1.326291,1.402097,1.305400,29,27,7097,7119,46,42,1.295195,0.023367,0.019632,0.204140,-0.074777,-1,,,,,,,,,,,,,,,,
7.571354,triangle_0.20_сторона A,5331,133401,24996,0,0,1.326291,1.326291,1.354182,1.402546,28,29,7125,7147,46,41,1.300389,0.023471,0.020567,0.207852,0.037400,-1,,,,,,,,,,,,,,,,
7.596678,triangle_0.20_сторона A,5332,133426,24988,0,0,1.326291,1.326291,1.306236,1.257857,27,26,7152,7174,47,43,1.305219,0.023569,0.019632,0.193328,-0.037412,-1,,,,,,,,,,,,,,,,
7.628928,triangle_0.20_сторона A,5333,133451,25008,0,0,1.326291,1.326291,1.401873,1.401873,29,29,7182,7203,45,41,1.310505,0.023672,0.019632,0.211397,0.000000,-1,,,,,,,,,,,,,,,,
7.646596,triangle_0.20_сторона A,5334,133476,25008,0,0,1.326291,1.326291,1.353532,1.401873,28,29,7209,7231,46,40,1.315699,0.023777,0.020567,0.207753,0.037382,-1,,,,,,,,,,,,,,,,
7.672037,triangle_0.20_сторона A,5335,133501,25000,0,0,1.326291,1.326291,1.257253,1.305609,26,27,7236,7258,47,42,1.320529,0.023878,0.021502,0.193235,0.037394,-1,,,,,,,,,,,,,,,,
7.697493,triangle_0.20_сторона A,5336,133526,25000,0,0,1.326291,1.326291,1.499033,1.402321,31,29,7266,7287,44,40,1.325997,0.023991,0.019632,0.218757,-0.074789,-1,,,,,,,,,,,,,,,,
7.722415,triangle_0.20_сторона A,5337,133551,25012,0,0,1.326291,1.326291,1.304983,1.304983,27,27,7293,7314,47,42,1.330918,0.024087,0.019632,0.196787,0.000000,-1,,,,,,,,,,,,,,,,
7.747667,triangle_0.20_сторона A,5338,133576,25000,0,0,1.326291,1.326291,1.353965,1.305609,28,27,7321,7342,46,42,1.335930,0.024184,0.018697,0.200527,-0.037394,-1,,,,,,,,,,,,,,,,
7.773170,triangle_0.20_сторона A,5339,133601,24984,0,0,1.326291,1.326291,1.451606,1.451606,30,30,7351,7371,44,40,1.341398,0.024286,0.018697,0.218897,0.000000,-1,,,,,,,,,,,,,,,,
7.798699,triangle_0.20_сторона A,5340,133626,25016,0,0,1.326291,1.326291,1.256449,1.304774,26,27,7378,7398,47,42,1.346228,0.024378,0.019632,0.193112,0.037370,-1,,,,,,,,,,,,,,,,
7.824248,triangle_0.20_сторона A,5341,133651,24988,0,0,1.326291,1.326291,1.402995,1.354615,29,28,7407,7427,45,41,1.351423,0.024478,0.018697,0.207919,-0.037412,-1,,,,,,,,,,,,,,,,
7.851944,triangle_0.20_сторона A,5342,133676,24996,0,0,1.326291,1.326291,1.402546,1.402546,29,29,7436,7455,45,40,1.356708,0.024577,0.018697,0.211499,0.000000,-1,,,,,,,,,,,,,,,,
7.872958,triangle_0.20_сторона A,5343,133701,25040,0,0,1.326291,1.326291,1.303524,1.303524,27,27,7463,7482,46,41,1.361629,0.024669,0.018697,0.196567,0.000000,-1,,,,,,,,,,,,,,,,
7.924003,triangle_0.20_сторона A,5344,133726,24980,0,0,1.326291,1.326291,1.403444,1.355049,29,28,7492,7511,45,41,1.366824,0.024763,0.017762,0.207986,-0.037424,-1,,,,,,,,,,,,,,,,
7.924003,triangle_0.20_сторона A,5345,133751,24968,0,0,1.326291,1.326291,1.307283,1.355700,27,28,7519,7538,46,41,1.371837,0.024855,0.018697,0.200784,0.037442,-1,,,,,,,,,,,,,,,,
7.950645,triangle_0.20_сторона A,5346,133776,25004,0,0,1.326291,1.326291,1.353749,1.305400,28,27,7546,7565,45,41,1.376849,0.024946,0.017762,0.200495,-0.037388,-1,,,,,,,,,,,,,,,,
7.974192,triangle_0.20_сторона A,5347,133801,25020,0,0,1.326291,1.326291,1.401200,1.352883,29,28,7576,7594,45,41,1.382044,0.025036,0.016827,0.207653,-0.037364,-1,,,,,,,,,,,,,,,,
8.000887,triangle_0.20_сторона A,5348,133826,24976,0,0,1.326291,1.326291,1.258462,1.258462,26,26,7602,7619,47,42,1.386783,0.025116,0.016827,0.189772,0.000000,-1,,,,,,,,,,,,,,,,
8.026579,triangle_0.20_сторона A,5349,133851,25032,0,0,1.326291,1.326291,1.352234,1.303940,28,27,7629,7646,45,41,1.391795,0.025198,0.015893,0.200271,-0.037347,-1,,,,,,,,,,,,,,,,
8.050509,triangle_0.20_сторона A,5350,133876,24972,0,0,1.326291,1.326291,1.403894,1.355483,29,28,7658,7674,44,41,1.396990,0.025278,0.014958,0.208052,-0.037436,-1,,,,,,,,,,,,,,,,
8.075579,triangle_0.20_сторона A,5351,133901,25004,0,0,1.326291,1.326291,1.208704,1.208704,25,25,7683,7700,47,43,1.401547,0.025346,0.014958,0.182268,0.000000,-1,,,,,,,,,,,,,,,,
8.101675,triangle_0.20_сторона A,5352,133926,25020,0,0,1.326291,1.326291,1.256248,1.352883,26,28,7710,7728,47,41,1.406468,0.025424,0.016827,0.196724,0.074729,-1,,,,,,,,,,,,,,,,
8.128188,triangle_0.20_сторона A,5353,133951,24972,0,0,1.326291,1.326291,1.403894,1.355483,29,28,7738,7755,45,41,1.411663,0.025509,0.015893,0.208052,-0.037436,-1,,,,,,,,,,,,,,,,
8.151477,triangle_0.20_сторона A,5354,133976,25024,0,0,1.326291,1.326291,1.159429,1.256048,24,26,7762,7781,48,42,1.416220,0.025586,0.017762,0.182123,0.074717,-1,,,,,,,,,,,,,,,,
8.182026,triangle_0.20_сторона A,5355,134001,24992,0,0,1.326291,1.326291,1.354399,1.306027,28,27,7790,7809,46,42,1.421232,0.025673,0.016827,0.200591,-0.037406,-1,,,,,,,,,,,,,,,,
8.202739,triangle_0.20_сторона A,5356,134026,25020,0,0,1.326291,1.326291,1.352883,1.304566,28,27,7818,7835,46,42,1.426245,0.025755,0.015893,0.200367,-0.037365,-1,,,,,,,,,,,,,,,,
8.228801,triangle_0.20_сторона A,5357,134051,25032,0,0,1.326291,1.326291,1.207352,1.255646,25,26,7843,7861,48,42,1.430893,0.025831,0.016827,0.185706,0.037347,-1,,,,,,,,,,,,,,,,
8.252110,triangle_0.20_сторона A,5358,134076,24972,0,0,1.326291,1.326291,1.355483,1.307073,28,27,7871,7889,46,42,1.435905,0.025913,0.015893,0.200752,-0.037436,-1,,,,,,,,,,,,,,,,
8.277937,triangle_0.20_сторона A,5359,134102,24992,0,0,1.326291,1.326291,1.354399,1.257656,28,26,7899,7914,46,43,1.440827,0.025986,0.014023,0.196944,-0.074813,-1,,,,,,,,,,,,,,,,
8.304491,triangle_0.20_сторона A,5360,134126,25036,0,0,1.326291,1.326291,1.207159,1.255446,25,26,7924,7940,48,43,1.445475,0.026054,0.014958,0.185676,0.037341,-1,,,,,,,,,,,,,,,,
8.328076,triangle_0.20_сторона A,5361,134151,24956,0,0,1.326291,1.326291,1.404794,1.356352,29,28,7953,7968,45,41,1.450670,0.026129,0.014023,0.208186,-0.037460,-1,,,,,,,,,,,,,,,,
8.353960,triangle_0.20_сторона A,5362,134176,24988,0,0,1.326291,1.326291,1.306236,1.257857,27,26,7980,7995,46,43,1.455500,0.026195,0.013088,0.193328,-0.037412,-1,,,,,,,,,,,,,,,,
8.384853,triangle_0.20_сторона A,5363,134201,24988,0,0,1.326291,1.326291,1.257857,1.306236,26,27,8006,8021,47,42,1.460331,0.026260,0.014023,0.193328,0.037412,-1,,,,,,,,,,,,,,,,
8.405275,triangle_0.20_сторона A,5364,134226,25000,0,0,1.326291,1.326291,1.402321,1.353965,29,28,8035,8050,45,42,1.465526,0.026330,0.013088,0.207819,-0.037394,-1,,,,,,,,,,,,,,,,
8.428839,triangle_0.20_сторона A,5365,134251,25020,0,0,1.326291,1.326291,1.256248,1.304566,26,27,8061,8076,47,42,1.470356,0.026396,0.014023,0.193081,0.037364,-1,,,,,,,,,,,,,,,,
8.454374,triangle_0.20_пауза,5366,134276,24996,0,0,1.326291,1.326291,1.257455,1.305818,26,27,8087,8103,47,42,1.475187,0.026466,0.014958,0.193266,0.037400,-1,,,,,,,,,,,,,,,,
8.480180,triangle_0.20_пауза,5367,134301,24984,0,0,0.000000,0.000000,1.403219,1.354832,29,28,8116,8132,-15,-16,1.480381,0.026541,0.014023,0.207952,-0.037418,-1,,,,,,,,,,,,,,,,
8.506656,triangle_0.20_пауза,5368,134326,25000,0,0,0.000000,0.000000,0.918762,0.870406,19,18,8134,8149,-10,-11,1.483754,0.026587,0.013088,0.134900,-0.037394,-1,,,,,,,,,,,,,,,,
8.529715,triangle_0.20_пауза,5369,134350,25004,0,0,0.000000,0.000000,0.096696,0.193393,2,4,8136,8152,0,-3,1.484300,0.026595,0.014958,0.021872,0.074777,-1,,,,,,,,,,,,,,,,
8.555732,triangle_0.20_пауза,5370,134376,25012,0,0,0.000000,0.000000,0.048333,0.096665,1,2,8137,8154,0,-2,1.484574,0.026599,0.015893,0.010933,0.037376,-1,,,,,,,,,,,,,,,,
8.582154,triangle_0.20_пауза,5371,134401,25016,0,0,0.000000,0.000000,0.048325,0.048325,1,1,8138,8155,0,-1,1.484756,0.026602,0.015893,0.007287,0.000000,-1,,,,,,,,,,,,,,,,
8.605991,triangle_0.20_пауза,5372,134425,24984,0,0,0.000000,0.000000,0.000000,0.000000,0,0,8138,8155,0,0,1.484756,0.026602,0.015893,0.000000,0.000000,-1,,,,,,,,,,,,,,,,
8.632509,triangle_0.20_пауза,5373,134451,24988,0,0,0.000000,0.000000,0.000000,0.000000,0,0,8138,8155,0,0,1.484756,0.026602,0.015893,0.000000,0.000000,-1,,,,,,,,,,,,,,,,
8.660645,triangle_0.20_пауза,5374,134475,25012,0,0,0.000000,0.000000,0.000000,0.000000,0,0,8138,8155,0,0,1.484756,0.026602,0.015893,0.000000,0.000000,-1,,,,,,,,,,,,,,,,
8.684420,triangle_0.20_пауза,5375,134501,25012,0,0,0.000000,0.000000,0.000000,0.000000,0,0,8138,8155,0,0,1.484756,0.026602,0.015893,0.000000,0.000000,-1,,,,,,,,,,,,,,,,
8.707998,triangle_0.20_пауза,5376,134525,24980,0,0,0.000000,0.000000,0.000000,0.000000,0,0,8138,8155,0,0,1.484756,0.026602,0.015893,0.000000,0.000000,-1,,,,,,,,,,,,,,,,
8.733319,triangle_0.20_пауза,5377,134551,24996,0,0,0.000000,0.000000,0.000000,0.000000,0,0,8138,8155,0,0,1.484756,0.026602,0.015893,0.000000,0.000000,-1,,,,,,,,,,,,,,,,
8.759771,triangle_0.20_пауза,5378,134576,25024,0,0,0.000000,0.000000,0.000000,0.000000,0,0,8138,8155,0,0,1.484756,0.026602,0.015893,0.000000,0.000000,-1,,,,,,,,,,,,,,,,
8.782871,triangle_0.20_пауза,5379,134600,25004,0,0,0.000000,0.000000,0.000000,0.000000,0,0,8138,8155,0,0,1.484756,0.026602,0.015893,0.000000,0.000000,-1,,,,,,,,,,,,,,,,
8.809404,triangle_0.20_пауза,5380,134626,24996,0,0,0.000000,0.000000,0.000000,0.000000,0,0,8138,8155,0,0,1.484756,0.026602,0.015893,0.000000,0.000000,-1,,,,,,,,,,,,,,,,
8.832736,triangle_0.20_пауза,5381,134650,24976,0,0,0.000000,0.000000,0.000000,0.000000,0,0,8138,8155,0,0,1.484756,0.026602,0.015893,0.000000,0.000000,-1,,,,,,,,,,,,,,,,
8.858845,triangle_0.20_пауза,5382,134676,25008,0,0,0.000000,0.000000,0.000000,0.000000,0,0,8138,8155,0,0,1.484756,0.026602,0.015893,0.000000,0.000000,-1,,,,,,,,,,,,,,,,
8.884337,triangle_0.20_пауза,5383,134701,24988,0,0,0.000000,0.000000,0.000000,0.000000,0,0,8138,8155,0,0,1.484756,0.026602,0.015893,0.000000,0.000000,-1,,,,,,,,,,,,,,,,
8.910125,triangle_0.20_пауза,5384,134725,25016,0,0,0.000000,0.000000,0.000000,0.000000,0,0,8138,8155,0,0,1.484756,0.026602,0.015893,0.000000,0.000000,-1,,,,,,,,,,,,,,,,
8.936144,triangle_0.20_пауза,5385,134751,24984,0,0,0.000000,0.000000,0.000000,0.000000,0,0,8138,8155,0,0,1.484756,0.026602,0.015893,0.000000,0.000000,-1,,,,,,,,,,,,,,,,
8.960011,triangle_0.20_пауза,5386,134775,25004,0,0,0.000000,0.000000,0.000000,0.000000,0,0,8138,8155,0,0,1.484756,0.026602,0.015893,0.000000,0.000000,-1,,,,,,,,,,,,,,,,
8.986329,triangle_0.20_пауза,5387,134801,25016,0,0,0.000000,0.000000,0.000000,0.000000,0,0,8138,8155,0,0,1.484756,0.026602,0.015893,0.000000,0.000000,-1,,,,,,,,,,,,,,,,
9.012411,triangle_0.20_пауза,5388,134825,25004,0,0,0.000000,0.000000,0.000000,0.000000,0,0,8138,8155,0,0,1.484756,0.026602,0.015893,0.000000,0.000000,-1,,,,,,,,,,,,,,,,
9.035952,triangle_0.20_пауза,5389,134851,24992,0,0,0.000000,0.000000,0.000000,0.000000,0,0,8138,8155,0,0,1.484756,0.026602,0.015893,0.000000,0.000000,-1,,,,,,,,,,,,,,,,
9.062710,triangle_0.20_поворот 90,5390,134876,25012,0,0,0.000000,0.000000,0.000000,0.000000,0,0,8138,8155,0,0,1.484756,0.026602,0.015893,0.000000,0.000000,-1,,,,,,,,,,,,,,,,
9.086731,triangle_0.20_поворот 90,5391,134900,24992,0,0,-0.387940,0.387940,0.000000,0.000000,0,0,8138,8155,-23,21,1.484756,0.026602,0.015893,0.000000,0.000000,-1,,,,,,,,,,,,,,,,
9.111877,triangle_0.20_поворот 90,5392,134926,25008,0,0,-0.387940,0.387940,-0.096681,0.145021,-2,3,8136,8158,-22,20,1.484847,0.026603,0.020567,0.003645,0.186912,-1,,,,,,,,,,,,,,,,
9.137717,triangle_0.20_поворот 90,5393,134951,24972,0,0,-0.387940,0.387940,-0.096820,0.387281,-2,8,8134,8167,-23,16,1.485394,0.026617,0.029915,0.021900,0.374363,-1,,,,,,,,,,,,,,,,
9.163137,triangle_0.20_поворот 90,5394,134976,25024,0,0,-0.387940,0.387940,-0.096619,0.289857,-2,6,8132,8172,-24,18,1.485758,0.026629,0.037394,0.014570,0.298868,-1,,,,,,,,,,,,,,,,
9.187925,triangle_0.20_поворот 90,5395,135001,24992,0,0,-0.387940,0.387940,0.000000,0.096743,0,2,8132,8174,-26,21,1.485941,0.026636,0.039264,0.007294,0.074813,-1,,,,,,,,,,,,,,,,
9.215113,triangle_0.20_поворот 90,5396,135026,24984,0,0,-0.387940,0.387940,0.000000,0.048387,0,1,8132,8175,-26,22,1.486032,0.026640,0.040199,0.003648,0.037418,-1,,,,,,,,,,,,,,,,
9.239818,triangle_0.20_поворот 90,5397,135051,25008,0,0,-0.387940,0.387940,-0.048340,0.000000,-1,0,8131,8175,-27,24,1.485941,0.026636,0.041134,-0.003645,0.037382,-1,,,,,,,,,,,,,,,,
9.265296,triangle_0.20_поворот 90,5398,135075,24996,0,0,-0.387940,0.387940,0.000000,0.000000,0,0,8131,8175,-28,24,1.485941,0.026636,0.041134,0.000000,0.000000,-1,,,,,,,,,,,,,,,,
9.290538,triangle_0.20_поворот 90,5399,135101,25012,0,0,-0.387940,0.387940,0.000000,0.000000,0,0,8131,8175,-29,25,1.485941,0.026636,0.041134,0.000000,0.000000,-1,,,,,,,,,,,,,,,,
9.316045,triangle_0.20_поворот 90,5400,135126,24992,0,0,-0.387940,0.387940,0.000000,0.000000,0,0,8131,8175,-29,26,1.485941,0.026636,0.041134,0.000000,0.000000,-1,,,,,,,,,,,,,,,,
9.338948,triangle_0.20_поворот 90,5401,135151,25016,0,0,-0.387940,0.387940,0.000000,0.000000,0,0,8131,8175,-30,27,1.485941,0.026636,0.041134,0.000000,0.000000,-1,,,,,,,,,,,,,,,,
9.364653,triangle_0.20_поворот 90,5402,135176,24980,0,0,-0.387940,0.387940,0.000000,0.000000,0,0,8131,8175,-31,28,1.485941,0.026636,0.041134,0.000000,0.000000,-1,,,,,,,,,,,,,,,,
9.390563,triangle_0.20_поворот 90,5403,135200,25008,0,0,-0.387940,0.387940,0.000000,0.000000,0,0,8131,8175,-32,28,1.485941,0.026636,0.041134,0.000000,0.000000,-1,,,,,,,,,,,,,,,,
9.417169,triangle_0.20_поворот 90,5404,135226,24992,0,0,-0.387940,0.387940,0.000000,0.000000,0,0,8131,8175,-33,29,1.485941,0.026636,0.041134,0.000000,0.000000,-1,,,,,,,,,,,,,,,,
9.440605,triangle_0.20_поворот 90,5405,135250,25020,0,0,-0.387940,0.387940,0.000000,0.000000,0,0,8131,8175,-33,30,1.485941,0.026636,0.041134,0.000000,0.000000,-1,,,,,,,,,,,,,,,,
9.466762,triangle_0.20_поворот 90,5406,135276,24984,0,0,-0.387940,0.387940,0.000000,0.000000,0,0,8131,8175,-34,31,1.485941,0.026636,0.041134,0.000000,0.000000,-1,,,,,,,,,,,,,,,,
9.501122,triangle_0.20_поворот 90,5407,135301,25004,0,0,-0.387940,0.387940,0.000000,0.000000,0,0,8131,8175,-35,31,1.485941,0.026636,0.041134,0.000000,0.000000,-1,,,,,,,,,,,,,,,,
9.516217,triangle_0.20_поворот 90,5408,135326,24996,0,0,-0.387940,0.387940,-0.048364,0.000000,-1,0,8130,8175,-35,32,1.485849,0.026633,0.042069,-0.003647,0.037400,-1,,,,,,,,,,,,,,,,
9.545656,triangle_0.20_поворот 90,5409,135351,24992,0,0,-0.387940,0.387940,0.000000,0.000000,0,0,8130,8175,-36,33,1.485849,0.026633,0.042069,0.000000,0.000000,-1,,,,,,,,,,,,,,,,
9.568017,triangle_0.20_поворот 90,5410,135375,25024,0,0,-0.387940,0.387940,0.000000,0.048310,0,1,8130,8176,-37,33,1.485941,0.026636,0.043003,0.003642,0.037358,-1,,,,,,,,,,,,,,,,
9.593871,triangle_0.20_поворот 90,5411,135401,24976,0,0,-0.387940,0.387940,0.000000,0.096805,0,2,8130,8178,-38,33,1.486123,0.026644,0.044873,0.007299,0.074861,-1,,,,,,,,,,,,,,,,
9.619712,triangle_0.20_поворот 90,5412,135426,25092,0,0,-0.387940,0.387940,0.000000,0.096357,0,2,8130,8180,-39,34,1.486305,0.026653,0.046743,0.007265,0.074514,-1,,,,,,,,,,,,,,,,
9.647322,triangle_0.20_поворот 90,5413,135451,24924,0,0,-0.387940,0.387940,0.000000,0.194013,0,4,8130,8184,-39,33,1.486669,0.026671,0.050482,0.014628,0.150034,-1,,,,,,,,,,,,,,,,
9.670109,triangle_0.20_поворот 90,5414,135476,24988,0,0,-0.387940,0.387940,0.000000,0.193517,0,4,8130,8188,-40,33,1.487033,0.026690,0.054222,0.014591,0.149649,-1,,,,,,,,,,,,,,,,
9.694809,triangle_0.20_поворот 90,5415,135501,25000,0,0,-0.387940,0.387940,0.000000,0.241780,0,5,8130,8194,-41,33,1.487488,0.026715,0.058896,0.018230,0.186972,-1,,,,,,,,,,,,,,,,
9.720247,triangle_0.20_поворот 90,5416,135526,25024,0,0,-0.387940,0.387940,-0.048310,0.338167,-1,7,8129,8200,-41,32,1.488034,0.026750,0.066375,0.021855,0.298868,-1,,,,,,,,,,,,,,,,
9.745331,triangle_0.20_поворот 90,5417,135550,24976,0,0,-0.387940,0.387940,-0.096805,0.338817,-2,7,8127,8207,-41,32,1.488489,0.026782,0.074789,0.018247,0.336873,-1,,,,,,,,,,,,,,,,
9.770847,triangle_0.20_поворот 90,5418,135576,25004,0,0,-0.387940,0.387940,-0.145045,0.386785,-3,8,8124,8215,-41,31,1.488943,0.026818,0.085072,0.018227,0.411272,-1,,,,,,,,,,,,,,,,
9.794241,triangle_0.20_поворот 90,5419,135601,25012,0,0,-0.387940,0.387940,-0.289996,0.434994,-6,9,8118,8224,-39,30,1.489215,0.026843,0.099095,0.010933,0.560646,-1,,,,,,,,,,,,,,,,
9.819800,triangle_0.20_поворот 90,5420,135626,24996,0,0,-0.387940,0.387940,-0.241818,0.435273,-5,9,8113,8233,-40,30,1.489578,0.026882,0.112183,0.014586,0.523605,-1,,,,,,,,,,,,,,,,
9.847154,triangle_0.20_поворот 90,5421,135651,24992,0,0,-0.387940,0.387940,-0.290228,0.435342,-6,9,8107,8243,-40,30,1.489849,0.026914,0.126206,0.010941,0.561095,-1,,,,,,,,,,,,,,,,
9.870469,triangle_0.20_поворот 90,5422,135676,24996,0,0,-0.387940,0.387940,-0.338546,0.435273,-7,9,8100,8252,-39,30,1.490030,0.026939,0.141164,0.007293,0.598405,-1,,,,,,,,,,,,,,,,
9.896002,triangle_0.20_поворот 90,5423,135701,24996,0,0,-0.387940,0.387940,-0.386909,0.435273,-8,9,8091,8260,-39,30,1.490120,0.026952,0.157056,0.003647,0.635806,-1,,,,,,,,,,,,,,,,
9.924152,triangle_0.20_поворот 90,5424,135726,25012,0,0,-0.387940,0.387940,-0.434994,0.386662,-9,8,8083,8268,-38,31,1.490030,0.026937,0.172949,-0.003644,0.635399,-1,,,,,,,,,,,,,,,,
9.949860,triangle_0.20_поворот 90,5425,135751,24992,0,0,-0.387940,0.387940,-0.338600,0.435342,-7,9,8076,8278,-39,30,1.490210,0.026970,0.187907,0.007294,0.598501,-1,,,,,,,,,,,,,,,,
9.980945,triangle_0.20_поворот 90,5426,135776,25024,0,0,-0.387940,0.387940,-0.386476,0.483095,-8,10,8068,8287,-39,29,1.490388,0.027005,0.204734,0.007285,0.672453,-1,,,,,,,,,,,,,,,,
9.998790,triangle_0.20_поворот 90,5427,135801,24988,0,0,-0.387940,0.387940,-0.387033,0.435412,-8,9,8059,8297,-39,30,1.490477,0.027025,0.220627,0.003648,0.636009,-1,,,,,,,,,,,,,,,,
10.024416,triangle_0.20_поворот 90,5428,135826,25004,0,0,-0.387940,0.387940,-0.386785,0.483482,-8,10,8052,8306,-39,29,1.490655,0.027066,0.237454,0.007291,0.672991,-1,,,,,,,,,,,,,,,,
10.047959,triangle_0.20_поворот 90,5429,135851,24988,0,0,-0.387940,0.387940,-0.290275,0.483791,-6,10,8045,8316,-40,29,1.491009,0.027154,0.252412,0.014591,0.598597,-1,,,,,,,,,,,,,,,,
10.074444,triangle_0.20_поворот 90,5430,135876,25016,0,0,-0.387940,0.387940,-0.338275,0.434925,-7,9,8039,8326,-39,29,1.491185,0.027201,0.267370,0.007287,0.597927,-1,,,,,,,,,,,,,,,,
10.098308,triangle_0.20_поворот 90,5431,135901,25004,0,0,-0.387940,0.387940,-0.241741,0.435134,-5,9,8034,8334,-41,29,1.491536,0.027300,0.280458,0.014581,0.523437,-1,,,,,,,,,,,,,,,,
10.124454,triangle_0.20_поворот 90,5432,135926,24984,0,0,-0.387940,0.387940,-0.290321,0.338708,-6,7,8028,8341,-41,30,1.491623,0.027326,0.292611,0.003648,0.486438,-1,,,,,,,,,,,,,,,,
10.147695,triangle_0.20_поворот 90,5433,135951,24988,0,0,-0.387940,0.387940,-0.338654,0.338654,-7,7,8020,8348,-40,31,1.491623,0.027326,0.305699,0.000000,0.523772,-1,,,,,,,,,,,,,,,,
10.175838,triangle_0.20_поворот 90,5434,135975,25012,0,0,-0.387940,0.387940,-0.434994,0.386662,-9,8,8012,8356,-39,30,1.491536,0.027298,0.321591,-0.003644,0.635399,-1,,,,,,,,,,,,,,,,
10.200035,triangle_0.20_поворот 90,5435,136001,25012,0,0,-0.387940,0.387940,-0.386662,0.434994,-8,9,8003,8366,-39,29,1.491623,0.027327,0.337484,0.003644,0.635399,-1,,,,,,,,,,,,,,,,
10.227009,triangle_0.20_поворот 90,5436,136026,24984,0,0,-0.387940,0.387940,-0.387095,0.483869,-8,10,7996,8376,-39,28,1.491794,0.027389,0.354311,0.007297,0.673529,-1,,,,,,,,,,,,,,,,
10.250621,triangle_0.20_поворот 90,5437,136051,25020,0,0,-0.387940,0.387940,-0.386538,0.531490,-8,11,7987,8386,-39,27,1.492050,0.027486,0.372074,0.010929,0.709925,-1,,,,,,,,,,,,,,,,
10.276425,triangle_0.20_поворот 90,5438,136076,25000,0,0,-0.387940,0.387940,-0.483559,0.483559,-10,10,7978,8396,-38,28,1.492050,0.027486,0.390771,0.000000,0.747887,-1,,,,,,,,,,,,,,,,
10.301872,triangle_0.20_поворот 90,5439,136101,24972,0,0,-0.387940,0.387940,-0.387281,0.484101,-8,10,7969,8406,-39,28,1.492218,0.027557,0.407598,0.007300,0.673853,-1,,,,,,,,,,,,,,,,
10.328199,triangle_0.20_поворот 90,5440,136126,25000,0,0,-0.387940,0.387940,-0.386847,0.386847,-8,8,7961,8415,-39,29,1.492218,0.027557,0.422556,0.000000,0.598310,-1,,,,,,,,,,,,,,,,
10.350546,triangle_0.20_поворот 90,5441,136151,25016,0,0,-0.387940,0.387940,-0.434925,0.338275,-9,7,7953,8421,-38,30,1.492052,0.027481,0.437514,-0.007287,0.597927,-1,,,,,,,,,,,,,,,,
10.376449,triangle_0.20_поворот 90,5442,136176,24988,0,0,-0.387940,0.387940,-0.387033,0.290275,-8,6,7945,8427,-39,30,1.491887,0.027403,0.450602,-0.007295,0.523772,-1,,,,,,,,,,,,,,,,
10.401372,triangle_0.20_поворот 90,5443,136201,25004,0,0,-0.387940,0.387940,-0.338437,0.338437,-7,7,7938,8434,-40,30,1.491887,0.027403,0.463690,0.000000,0.523437,-1,,,,,,,,,,,,,,,,
10.428709,triangle_0.20_поворот 90,5444,136226,25016,0,0,-0.387940,0.387940,-0.386600,0.386600,-8,8,7930,8442,-39,29,1.491887,0.027403,0.478648,0.000000,0.597927,-1,,,,,,,,,,,,,,,,
10.454512,triangle_0.20_поворот 90,5445,136251,25000,0,0,-0.387940,0.387940,-0.386847,0.435203,-8,9,7922,8451,-39,29,1.491968,0.027445,0.494540,0.003646,0.635704,-1,,,,,,,,,,,,,,,,
10.478346,triangle_0.20_поворот 90,5446,136276,24992,0,0,-0.387940,0.387940,-0.338600,0.435342,-7,9,7914,8461,-40,29,1.492128,0.027533,0.509498,0.007294,0.598501,-1,,,,,,,,,,,,,,,,
10.504250,triangle_0.20_поворот 90,5447,136301,25000,0,0,-0.387940,0.387940,-0.386847,0.435203,-8,9,7907,8470,-39,28,1.492207,0.027578,0.525391,0.003646,0.635704,-1,,,,,,,,,,,,,,,,
10.528077,triangle_0.20_поворот 90,5448,136326,24996,0,0,-0.387940,0.387940,-0.338546,0.435273,-7,9,7900,8478,-40,28,1.492364,0.027671,0.540348,0.007293,0.598405,-1,,,,,,,,,,,,,,,,
10.554112,triangle_0.20_поворот 90,5449,136351,25000,0,0,-0.387940,0.387940,-0.290135,0.338491,-6,7,7894,8486,-41,30,1.492442,0.027718,0.552502,0.003646,0.486127,-1,,,,,,,,,,,,,,,,
10.580151,triangle_0.20_поворот 90,5450,136376,25020,0,0,-0.387940,0.387940,-0.241586,0.289903,-5,6,7889,8492,-42,31,1.492519,0.027766,0.562785,0.003643,0.411009,-1,,,,,,,,,,,,,,,,
10.604573,triangle_0.20_поворот 90,5451,136401,24992,0,0,-0.387940,0.387940,-0.338600,0.241857,-7,5,7882,8497,-41,31,1.492366,0.027668,0.574003,-0.007294,0.448876,-1,,,,,,,,,,,,,,,,
10.630874,triangle_0.20_поворот 90,5452,136426,25008,0,0,-0.387940,0.387940,-0.290043,0.241702,-6,5,7876,8501,-41,32,1.492289,0.027618,0.584287,-0.003645,0.411206,-1,,,,,,,,,,,,,,,,
10.654471,triangle_0.20_поворот 90,5453,136451,24984,0,0,-0.387940,0.387940,-0.338708,0.241934,-7,5,7868,8507,-41,32,1.492138,0.027517,0.595505,-0.007297,0.449020,-1,,,,,,,,,,,,,,,,
10.680225,triangle_0.20_поворот 90,5454,136476,24996,0,0,-0.387940,0.387940,-0.386909,0.338546,-8,7,7860,8514,-40,31,1.492063,0.027465,0.609528,-0.003647,0.561005,-1,,,,,,,,,,,,,,,,
10.706486,triangle_0.20_поворот 90,5455,136501,25004,0,0,-0.387940,0.387940,-0.435134,0.386785,-9,8,7852,8522,-40,30,1.491989,0.027412,0.625421,-0.003645,0.635602,-1,,,,,,,,,,,,,,,,
10.730273,triangle_0.20_поворот 90,5456,136526,24992,0,0,-0.387940,0.387940,-0.386971,0.483714,-8,10,7844,8532,-40,29,1.492135,0.027520,0.642248,0.007294,0.673314,-1,,,,,,,,,,,,,,,,
10.756953,triangle_0.20_поворот 90,5457,136551,24996,0,0,-0.387940,0.387940,-0.338546,0.483636,-7,10,7836,8541,-41,29,1.492353,0.027686,0.658141,0.010940,0.635806,-1,,,,,,,,,,,,,,,,
10.782686,triangle_0.20_поворот 90,5458,136576,25000,0,0,-0.387940,0.387940,-0.386847,0.435203,-8,9,7828,8551,-40,29,1.492425,0.027742,0.674033,0.003646,0.635704,-1,,,,,,,,,,,,,,,,
10.806908,triangle_0.20_поворот 90,5459,136601,25000,0,0,-0.387940,0.387940,-0.386847,0.435203,-8,9,7820,8560,-40,29,1.492496,0.027800,0.689926,0.003646,0.635704,-1,,,,,,,,,,,,,,,,
10.832890,triangle_0.20_поворот 90,5460,136626,25000,0,0,-0.387940,0.387940,-0.338491,0.435203,-7,9,7814,8568,-41,29,1.492635,0.027917,0.704884,0.007292,0.598310,-1,,,,,,,,,,,,,,,,
10.856390,triangle_0.20_поворот 90,5461,136651,25004,0,0,-0.387940,0.387940,-0.338437,0.290089,-7,6,7807,8574,-41,31,1.492566,0.027857,0.717037,-0.003645,0.486049,-1,,,,,,,,,,,,,,,,
10.882659,triangle_0.20_поворот 90,5462,136676,25016,0,0,-0.387940,0.387940,-0.289950,0.193300,-6,4,7801,8579,-42,33,1.492429,0.027737,0.726385,-0.007287,0.373704,-1,,,,,,,,,,,,,,,,
10.908294,triangle_0.20_поворот 90,5463,136700,24988,0,0,-0.387940,0.387940,-0.338654,0.290275,-7,6,7794,8584,-41,32,1.492362,0.027676,0.738539,-0.003648,0.486360,-1,,,,,,,,,,,,,,,,
10.933657,triangle_0.20_поворот 90,5464,136726,24992,0,0,-0.387940,0.387940,-0.338600,0.241857,-7,5,7787,8589,-41,33,1.492227,0.027552,0.749757,-0.007294,0.448876,-1,,,,,,,,,,,,,,,,
10.959769,triangle_0.20_поворот 90,5465,136751,25020,0,0,-0.387940,0.387940,-0.386538,0.289903,-8,6,7779,8595,-41,32,1.492095,0.027427,0.762845,-0.007286,0.523102,-1,,,,,,,,,,,,,,,,
10.983352,triangle_0.20_поворот 90,5466,136776,25004,0,0,-0.387940,0.387940,-0.338437,0.338437,-7,7,7772,8602,-42,32,1.492095,0.027427,0.775933,0.000000,0.523437,-1,,,,,,,,,,,,,,,,
11.009234,triangle_0.20_поворот 90,5467,136801,24996,0,0,-0.387940,0.387940,-0.338546,0.435273,-7,9,7765,8611,-42,30,1.492224,0.027556,0.790891,0.007293,0.598405,-1,,,,,,,,,,,,,,,,
11.042759,triangle_0.20_поворот 90,5468,136826,24992,0,0,-0.387940,0.387940,-0.290228,0.435342,-6,9,7758,8621,-42,30,1.492415,0.027752,0.804914,0.010941,0.561095,-1,,,,,,,,,,,,,,,,
11.061326,triangle_0.20_поворот 90,5469,136851,25012,0,0,-0.387940,0.387940,-0.386662,0.483327,-8,10,7750,8630,-41,29,1.492540,0.027884,0.821741,0.007288,0.672775,-1,,,,,,,,,,,,,,,,
11.084728,triangle_0.20_поворот 90,5470,136876,24976,0,0,-0.387940,0.387940,-0.338817,0.435621,-7,9,7744,8639,-42,30,1.492663,0.028018,0.836699,0.007299,0.598885,-1,,,,,,,,,,,,,,,,
11.111216,triangle_0.20_поворот 90,5471,136901,25008,0,0,-0.387940,0.387940,-0.290043,0.386723,-6,8,7738,8647,-43,30,1.492785,0.028155,0.849787,0.007290,0.523353,-1,,,,,,,,,,,,,,,,
11.136489,triangle_0.20_поворот 90,5472,136926,25008,0,0,-0.387940,0.387940,-0.290043,0.290043,-6,6,7732,8653,-43,32,1.492785,0.028155,0.861005,0.000000,0.448589,-1,,,,,,,,,,,,,,,,
11.161989,triangle_0.20_поворот 90,5473,136951,24992,0,0,-0.387940,0.387940,-0.386971,0.290228,-8,6,7724,8660,-42,32,1.492667,0.028016,0.874093,-0.007294,0.523689,-1,,,,,,,,,,,,,,,,
11.184920,triangle_0.20_поворот 90,5474,136976,25000,0,0,-0.387940,0.387940,-0.435203,0.290135,-9,6,7715,8666,-41,32,1.492493,0.027805,0.888116,-0.010938,0.560915,-1,,,,,,,,,,,,,,,,
11.213302,triangle_0.20_поворот 90,5475,137000,25000,0,0,-0.387940,0.387940,-0.435203,0.338491,-9,7,7706,8673,-41,32,1.492379,0.027662,0.903074,-0.007292,0.598310,-1,,,,,,,,,,,,,,,,
11.236469,triangle_0.20_поворот 90,5476,137026,25004,0,0,-0.387940,0.387940,-0.386785,0.386785,-8,8,7697,8680,-42,31,1.492379,0.027662,0.918032,0.000000,0.598214,-1,,,,,,,,,,,,,,,,
11.262668,triangle_0.20_поворот 90,5477,137051,24996,0,0,-0.387940,0.387940,-0.435273,0.338546,-9,7,7689,8688,-41,32,1.492269,0.027517,0.932989,-0.007293,0.598405,-1,,,,,,,,,,,,,,,,
11.286584,triangle_0.20_поворот 90,5478,137076,24988,0,0,-0.387940,0.387940,-0.435412,0.483791,-9,10,7680,8697,-41,30,1.492323,0.027590,0.950752,0.003648,0.710834,-1,,,,,,,,,,,,,,,,
11.312862,triangle_0.20_поворот 90,5479,137101,25016,0,0,-0.387940,0.387940,-0.386600,0.386600,-8,8,7671,8706,-41,31,1.492323,0.027590,0.965709,0.000000,0.597927,-1,,,,,,,,,,,,,,,,
11.343922,triangle_0.20_поворот 90,5480,137126,25008,0,0,-0.387940,0.387940,-0.435064,0.386723,-9,8,7663,8714,-41,31,1.492271,0.027515,0.981602,-0.003645,0.635501,-1,,,,,,,,,,,,,,,,
11.365122,triangle_0.20_поворот 90,5481,137151,25000,0,0,-0.387940,0.387940,-0.386847,0.386847,-8,8,7655,8722,-41,31,1.492271,0.027515,0.996560,0.000000,0.598310,-1,,,,,,,,,,,,,,,,
11.390951,triangle_0.20_поворот 90,5482,137176,24988,0,0,-0.387940,0.387940,-0.387033,0.338654,-8,7,7647,8729,-41,32,1.492222,0.027438,1.010583,-0.003648,0.561185,-1,,,,,,,,,,,,,,,,
11.414095,triangle_0.20_поворот 90,5483,137201,25012,0,0,-0.387940,0.387940,-0.338329,0.289996,-7,6,7639,8734,-42,33,1.492175,0.027361,1.022736,-0.003644,0.485893,-1,,,,,,,,,,,,,,,,
11.439782,triangle_0.20_поворот 90,5484,137226,25008,0,0,-0.387940,0.387940,-0.435064,0.290043,-9,6,7631,8740,-41,33,1.492034,0.027126,1.036759,-0.010934,0.560736,-1,,,,,,,,,,,,,,,,
11.465074,triangle_0.20_поворот 90,5485,137251,24988,0,0,-0.387940,0.387940,-0.435412,0.290275,-9,6,7622,8747,-41,33,1.491896,0.026890,1.050781,-0.010943,0.561185,-1,,,,,,,,,,,,,,,,
11.490769,triangle_0.20_поворот 90,5486,137276,24996,0,0,-0.387940,0.387940,-0.386909,0.338546,-8,7,7614,8754,-41,32,1.491851,0.026810,1.064804,-0.003647,0.561005,-1,,,,,,,,,,,,,,,,
11.516060,triangle_0.20_поворот 90,5487,137300,24992,0,0,-0.387940,0.387940,-0.386971,0.435342,-8,9,7606,8762,-41,31,1.491895,0.026891,1.080697,0.003647,0.635907,-1,,,,,,,,,,,,,,,,
11.539683,triangle_0.20_поворот 90,5488,137326,25020,0,0,-0.387940,0.387940,-0.386538,0.386538,-8,8,7598,8771,-41,32,1.491895,0.026891,1.095655,0.000000,0.597831,-1,,,,,,,,,,,,,,,,
11.564987,triangle_0.20_поворот 90,5489,137351,24972,0,0,-0.387940,0.387940,-0.387281,0.387281,-8,8,7590,8779,-41,32,1.491895,0.026891,1.110612,0.000000,0.598981,-1,,,,,,,,,,,,,,,,
11.590925,triangle_0.20_поворот 90,5490,137376,25000,0,0,-0.387940,0.387940,-0.386847,0.435203,-8,9,7582,8787,-41,31,1.491935,0.026973,1.126505,0.003646,0.635704,-1,,,,,,,,,,,,,,,,
11.617077,triangle_0.20_поворот 90,5491,137401,25020,0,0,-0.387940,0.387940,-0.338221,0.386538,-7,8,7574,8796,-42,32,1.491973,0.027055,1.140528,0.003643,0.560467,-1,,,,,,,,,,,,,,,,
11.641193,triangle_0.20_поворот 90,5492,137425,24996,0,0,-0.387940,0.387940,-0.338546,0.338546,-7,7,7567,8802,-42,32,1.491973,0.027055,1.153616,0.000000,0.523605,-1,,,,,,,,,,,,,,,,
11.666866,triangle_0.20_поворот 90,5493,137451,24984,0,0,-0.387940,0.387940,-0.338708,0.241934,-7,5,7560,8807,-42,34,1.491900,0.026888,1.164834,-0.007297,0.449020,-1,,,,,,,,,,,,,,,,
11.693127,triangle_0.20_пауза,5494,137476,25024,0,0,0.000000,0.000000,-0.386476,0.289857,-8,6,7553,8813,-17,11,1.491830,0.026720,1.177922,-0.007285,0.523019,-1,,,,,,,,,,,,,,,,
11.716059,triangle_0.20_пауза,5495,137501,24976,0,0,0.000000,0.000000,-0.290414,0.145207,-6,3,7547,8816,-18,13,1.491726,0.026467,1.186336,-0.010948,0.336873,-1,,,,,,,,,,,,,,,,
11.741547,triangle_0.20_пауза,5496,137526,25012,0,0,0.000000,0.000000,-0.096665,0.048333,-2,1,7545,8817,-20,14,1.491692,0.026382,1.189140,-0.003644,0.112129,-1,,,,,,,,,,,,,,,,
11.767683,triangle_0.20_пауза,5497,137550,25000,0,0,0.000000,0.000000,-0.048356,0.048356,-1,1,7544,8818,-21,14,1.491692,0.026382,1.191010,0.000000,0.074789,-1,,,,,,,,,,,,,,,,
11.793941,triangle_0.20_пауза,5498,137576,25016,0,0,0.000000,0.000000,0.000000,0.000000,0,0,7544,8818,-21,14,1.491692,0.026382,1.191010,0.000000,0.000000,-1,,,,,,,,,,,,,,,,
11.817127,triangle_0.20_пауза,5499,137601,25000,0,0,0.000000,0.000000,0.000000,0.000000,0,0,7544,8818,-21,14,1.491692,0.026382,1.191010,0.000000,0.000000,-1,,,,,,,,,,,,,,,,
11.844465,triangle_0.20_пауза,5500,137625,24972,0,0,0.000000,0.000000,0.000000,0.000000,0,0,7544,8818,-21,14,1.491692,0.026382,1.191010,0.000000,0.000000,-1,,,,,,,,,,,,,,,,
11.869862,triangle_0.20_пауза,5501,137651,25016,0,0,0.000000,0.000000,0.000000,0.000000,0,0,7544,8818,-21,14,1.491692,0.026382,1.191010,0.000000,0.000000,-1,,,,,,,,,,,,,,,,
11.892813,triangle_0.20_пауза,5502,137675,25004,0,0,0.000000,0.000000,0.000000,0.000000,0,0,7544,8818,-21,14,1.491692,0.026382,1.191010,0.000000,0.000000,-1,,,,,,,,,,,,,,,,
11.918375,triangle_0.20_пауза,5503,137701,24992,0,0,0.000000,0.000000,0.000000,0.000000,0,0,7544,8818,-21,14,1.491692,0.026382,1.191010,0.000000,0.000000,-1,,,,,,,,,,,,,,,,
11.943838,triangle_0.20_пауза,5504,137725,24996,0,0,0.000000,0.000000,0.000000,0.000000,0,0,7544,8818,-21,14,1.491692,0.026382,1.191010,0.000000,0.000000,-1,,,,,,,,,,,,,,,,
11.969263,triangle_0.20_пауза,5505,137751,24996,0,0,0.000000,0.000000,0.000000,0.000000,0,0,7544,8818,-21,14,1.491692,0.026382,1.191010,0.000000,0.000000,-1,,,,,,,,,,,,,,,,
11.994718,triangle_0.20_пауза,5506,137776,25024,0,0,0.000000,0.000000,0.000000,0.000000,0,0,7544,8818,-21,14,1.491692,0.026382,1.191010,0.000000,0.000000,-1,,,,,,,,,,,,,,,,
12.020110,triangle_0.20_пауза,5507,137800,25000,0,0,0.000000,0.000000,0.000000,0.000000,0,0,7544,8818,-21,14,1.491692,0.026382,1.191010,0.000000,0.000000,-1,,,,,,,,,,,,,,,,
12.048079,triangle_0.20_пауза,5508,137826,24984,0,0,0.000000,0.000000,0.000000,0.000000,0,0,7544,8818,-21,14,1.491692,0.026382,1.191010,0.000000,0.000000,-1,,,,,,,,,,,,,,,,
12.070797,triangle_0.20_пауза,5509,137850,25004,0,0,0.000000,0.000000,0.000000,0.000000,0,0,7544,8818,-21,14,1.491692,0.026382,1.191010,0.000000,0.000000,-1,,,,,,,,,,,,,,,,
12.096709,triangle_0.20_пауза,5510,137876,25016,0,0,0.000000,0.000000,0.000000,0.000000,0,0,7544,8818,-21,14,1.491692,0.026382,1.191010,0.000000,0.000000,-1,,,,,,,,,,,,,,,,
12.122980,triangle_0.20_пауза,5511,137901,24980,0,0,0.000000,0.000000,0.000000,0.000000,0,0,7544,8818,-21,14,1.491692,0.026382,1.191010,0.000000,0.000000,-1,,,,,,,,,,,,,,,,
12.146872,triangle_0.20_пауза,5512,137925,24996,0,0,0.000000,0.000000,0.000000,0.000000,0,0,7544,8818,-21,14,1.491692,0.026382,1.191010,0.000000,0.000000,-1,,,,,,,,,,,,,,,,
12.172640,triangle_0.20_пауза,5513,137951,24992,0,0,0.000000,0.000000,0.000000,0.000000,0,0,7544,8818,-21,14,1.491692,0.026382,1.191010,0.000000,0.000000,-1,,,,,,,,,,,,,,,,
12.196241,triangle_0.20_пауза,5514,137975,25024,0,0,0.000000,0.000000,0.000000,0.000000,0,0,7544,8818,-21,14,1.491692,0.026382,1.191010,0.000000,0.000000,-1,,,,,,,,,,,,,,,,
12.227356,triangle_0.20_пауза,5515,138001,24992,0,0,0.000000,0.000000,0.000000,0.000000,0,0,7544,8818,-21,14,1.491692,0.026382,1.191010,0.000000,0.000000,-1,,,,,,,,,,,,,,,,
12.249056,triangle_0.20_пауза,5516,138025,24984,0,0,0.000000,0.000000,0.000000,0.000000,0,0,7544,8818,-21,14,1.491692,0.026382,1.191010,0.000000,0.000000,-1,,,,,,,,,,,,,,,,
12.274854,triangle_0.20_пауза,5517,138051,25028,0,0,0.000000,0.000000,0.000000,0.000000,0,0,7544,8818,-21,14,1.491692,0.026382,1.191010,0.000000,0.000000,-1,,,,,,,,,,,,,,,,
12.302850,triangle_0.20_сторона B,5518,138076,24988,0,0,1.326291,1.326291,0.000000,0.000000,0,0,7544,8818,39,73,1.491692,0.026382,1.191010,0.000000,0.000000,-1,,,,,,,,,,,,,,,,
12.323555,triangle_0.20_сторона B,5519,138101,25044,0,0,1.326291,1.326291,0.337897,0.337897,7,7,7551,8825,36,70,1.492165,0.027568,1.191010,0.050954,0.000000,-1,,,,,,,,,,,,,,,,
12.353892,triangle_0.20_сторона B,5520,138126,24964,0,0,1.326291,1.326291,0.774810,0.823236,16,17,7568,8843,32,65,1.493279,0.030362,1.191945,0.120490,0.037448,-1,,,,,,,,,,,,,,,,
12.378171,triangle_0.20_сторона B,5521,138151,24992,0,0,1.326291,1.326291,0.677199,1.112542,14,23,7582,8866,34,62,1.494513,0.033500,1.200359,0.134943,0.336657,-1,,,,,,,,,,,,,,,,
12.402672,triangle_0.20_сторона B,5522,138176,24992,0,0,1.326291,1.326291,0.628828,1.209285,13,25,7595,8892,36,61,1.495749,0.036736,1.211577,0.138590,0.448876,-1,,,,,,,,,,,,,,,,
12.428316,triangle_0.20_сторона B,5523,138201,25004,0,0,1.326291,1.326291,0.870267,1.257052,18,26,7613,8917,34,60,1.497144,0.040496,1.219056,0.160396,0.299107,-1,,,,,,,,,,,,,,,,
12.451812,triangle_0.20_сторона B,5524,138226,24996,0,0,1.326291,1.326291,1.064000,1.305818,22,27,7635,8945,32,59,1.498673,0.044692,1.223730,0.178680,0.187002,-1,,,,,,,,,,,,,,,,
12.476862,triangle_0.20_сторона B,5525,138251,24996,0,0,1.326291,1.326291,1.112364,1.450909,23,30,7658,8974,32,57,1.500302,0.049240,1.230274,0.193266,0.261802,-1,,,,,,,,,,,,,,,,
12.504816,triangle_0.20_сторона B,5526,138276,25044,0,0,1.326291,1.326291,0.965419,1.399857,20,29,7678,9003,35,58,1.501776,0.053457,1.238688,0.178338,0.335958,-1,,,,,,,,,,,,,,,,
12.540362,triangle_0.20_сторона B,5527,138301,24960,0,0,1.326291,1.326291,0.968668,1.404568,20,29,7698,9032,35,58,1.503214,0.057685,1.247101,0.178938,0.337088,-1,,,,,,,,,,,,,,,,
12.564970,triangle_0.20_сторона B,5528,138326,25004,0,0,1.326291,1.326291,1.112008,1.353749,23,28,7721,9061,34,58,1.504682,0.062095,1.251776,0.185914,0.186942,-1,,,,,,,,,,,,,,,,
12.590839,triangle_0.20_сторона B,5529,138351,24992,0,0,1.326291,1.326291,1.160913,1.451141,24,30,7745,9090,34,57,1.506213,0.066773,1.257385,0.196944,0.224438,-1,,,,,,,,,,,,,,,,
12.604154,triangle_0.20_сторона B,5530,138376,25004,0,0,1.326291,1.326291,1.112008,1.450445,23,30,7768,9121,35,56,1.507687,0.071374,1.263929,0.193204,0.261719,-1,,,,,,,,,,,,,,,,
12.634807,triangle_0.20_сторона B,5531,138401,25156,0,0,1.326291,1.326291,1.105289,1.393625,23,29,7792,9149,35,57,1.509106,0.075896,1.269538,0.188414,0.222975,-1,,,,,,,,,,,,,,,,
12.655322,triangle_0.20_сторона B,5532,138426,24856,0,0,1.326291,1.326291,1.167265,1.410445,24,29,7816,9179,35,57,1.510529,0.080513,1.274212,0.194355,0.188055,-1,,,,,,,,,,,,,,,,
12.686302,triangle_0.20_сторона B,5533,138451,24992,0,0,1.326291,1.326291,1.160913,1.451141,24,30,7839,9209,35,56,1.511954,0.085224,1.279821,0.196944,0.224438,-1,,,,,,,,,,,,,,,,
12.704156,triangle_0.20_сторона B,5534,138476,24996,0,0,1.326291,1.326291,1.112364,1.402546,23,29,7863,9237,36,56,1.513301,0.089768,1.285431,0.189620,0.224402,-1,,,,,,,,,,,,,,,,
12.730160,triangle_0.20_сторона B,5535,138501,25008,0,0,1.326291,1.326291,1.208511,1.450213,25,30,7888,9267,35,55,1.514701,0.094582,1.290105,0.200463,0.186912,-1,,,,,,,,,,,,,,,,
12.754233,triangle_0.20_сторона B,5536,138526,25004,0,0,1.326291,1.326291,1.257052,1.450445,26,30,7913,9298,35,55,1.516106,0.099489,1.293844,0.204140,0.149554,-1,,,,,,,,,,,,,,,,
12.778175,triangle_0.20_сторона B,5537,138551,24992,0,0,1.326291,1.326291,1.160913,1.354399,24,28,7937,9326,36,56,1.517394,0.104051,1.297584,0.189650,0.149625,-1,,,,,,,,,,,,,,,,
12.805140,triangle_0.20_сторона B,5538,138576,24988,0,0,1.326291,1.326291,1.209478,1.451374,25,30,7963,9356,36,55,1.518735,0.108881,1.302258,0.200624,0.187062,-1,,,,,,,,,,,,,,,,
12.830851,triangle_0.20_сторона B,5539,138601,25028,0,0,1.326291,1.326291,1.255847,1.449054,26,30,7988,9386,35,55,1.520080,0.113805,1.305998,0.203945,0.149410,-1,,,,,,,,,,,,,,,,
12.855659,triangle_0.20_сторона B,5540,138626,24984,0,0,1.326291,1.326291,1.209672,1.451606,25,30,8013,9416,36,54,1.521381,0.118647,1.310672,0.200656,0.187091,-1,,,,,,,,,,,,,,,,
12.881160,triangle_0.20_сторона B,5541,138651,24992,0,0,1.326291,1.326291,1.209285,1.451141,25,30,8039,9446,36,54,1.522659,0.123494,1.315346,0.200591,0.187032,-1,,,,,,,,,,,,,,,,
12.906637,triangle_0.20_сторона B,5542,138676,25020,0,0,1.326291,1.326291,1.159614,1.449517,24,30,8062,9476,37,54,1.523889,0.128260,1.320955,0.196724,0.224187,-1,,,,,,,,,,,,,,,,
12.932243,triangle_0.20_сторона B,5543,138701,24988,0,0,1.326291,1.326291,1.112720,1.499753,23,31,8085,9506,38,53,1.525088,0.133034,1.328434,0.196976,0.299299,-1,,,,,,,,,,,,,,,,
12.957176,triangle_0.20_сторона B,5544,138726,25048,0,0,1.326291,1.326291,1.254844,1.447897,26,30,8111,9537,37,53,1.526304,0.137991,1.332174,0.203782,0.149291,-1,,,,,,,,,,,,,,,,
12.983125,triangle_0.20_сторона B,5545,138752,24984,0,0,1.326291,1.326291,1.258059,1.451606,26,30,8137,9566,37,53,1.527501,0.142953,1.335913,0.204304,0.149673,-1,,,,,,,,,,,,,,,,
13.006541,triangle_0.20_сторона B,5546,138776,24960,0,0,1.326291,1.326291,1.162401,1.453002,24,30,8162,9597,38,53,1.528633,0.147743,1.341522,0.197197,0.224726,-1,,,,,,,,,,,,,,,,
13.032747,triangle_0.20_сторона B,5547,138801,24996,0,0,1.326291,1.326291,1.257455,1.450909,26,30,8188,9626,37,53,1.529784,0.152716,1.345262,0.204206,0.149601,-1,,,,,,,,,,,,,,,,
13.058284,triangle_0.20_сторона B,5548,138826,25000,0,0,1.326291,1.326291,1.257253,1.402321,26,29,8214,9655,37,53,1.530898,0.157604,1.348066,0.200527,0.112183,-1,,,,,,,,,,,,,,,,
13.082996,triangle_0.20_сторона B,5549,138851,25008,0,0,1.326291,1.326291,1.208511,1.450213,25,30,8238,9685,38,52,1.531994,0.162496,1.352741,0.200463,0.186912,-1,,,,,,,,,,,,,,,,
13.109273,triangle_0.20_сторона B,5550,138876,24992,0,0,1.326291,1.326291,1.257656,1.402770,26,29,8264,9714,38,53,1.533072,0.167392,1.355545,0.200591,0.112219,-1,,,,,,,,,,,,,,,,
13.132326,triangle_0.20_сторона B,5551,138901,25000,0,0,1.326291,1.326291,1.257253,1.450677,26,30,8291,9744,38,52,1.534153,0.172380,1.359285,0.204173,0.149577,-1,,,,,,,,,,,,,,,,
13.158746,triangle_0.20_сторона B,5552,138926,25000,0,0,1.326291,1.326291,1.208897,1.402321,25,29,8315,9773,39,52,1.535177,0.177194,1.363024,0.196881,0.149577,-1,,,,,,,,,,,,,,,,
13.182857,triangle_0.20_сторона B,5553,138951,25020,0,0,1.326291,1.326291,1.207931,1.352883,25,28,8341,9801,39,53,1.536167,0.181923,1.365829,0.193081,0.112093,-1,,,,,,,,,,,,,,,,
13.209151,triangle_0.20_сторона B,5554,138976,24980,0,0,1.326291,1.326291,1.306655,1.451839,27,30,8368,9831,38,51,1.537217,0.187011,1.368634,0.207986,0.112273,-1,,,,,,,,,,,,,,,,
13.235177,triangle_0.20_сторона B,5555,139001,25004,0,0,1.326291,1.326291,1.257052,1.353749,26,28,8393,9860,39,53,1.538201,0.191834,1.370503,0.196850,0.074777,-1,,,,,,,,,,,,,,,,
13.261303,triangle_0.20_сторона B,5556,139026,25020,0,0,1.326291,1.326291,1.256248,1.401200,26,29,8419,9888,39,52,1.539192,0.196748,1.373308,0.200367,0.112093,-1,,,,,,,,,,,,,,,,
13.284247,triangle_0.20_сторона B,5557,139051,24984,0,0,1.326291,1.326291,1.258059,1.451606,26,30,8446,9918,39,51,1.540184,0.201755,1.377047,0.204304,0.149673,-1,,,,,,,,,,,,,,,,
13.309790,triangle_0.20_сторона B,5558,139076,24992,0,0,1.326291,1.326291,1.209285,1.354399,25,28,8470,9946,40,52,1.541107,0.206497,1.379852,0.193297,0.112219,-1,,,,,,,,,,,,,,,,
13.335624,triangle_0.20_сторона B,5559,139101,25000,0,0,1.326291,1.326291,1.257253,1.402321,26,29,8496,9976,39,51,1.542052,0.211420,1.382656,0.200527,0.112183,-1,,,,,,,,,,,,,,,,
13.363644,triangle_0.20_сторона B,5560,139126,25008,0,0,1.326291,1.326291,1.305192,1.401873,27,29,8524,10004,39,51,1.543002,0.216435,1.384526,0.204108,0.074765,-1,,,,,,,,,,,,,,,,
13.386842,triangle_0.20_сторона B,5561,139151,25012,0,0,1.326291,1.326291,1.256650,1.353316,26,28,8550,10033,39,52,1.543909,0.221273,1.386396,0.196787,0.074753,-1,,,,,,,,,,,,,,,,
13.422800,triangle_0.20_сторона B,5562,139176,24980,0,0,1.326291,1.326291,1.306655,1.403444,27,29,8576,10061,39,51,1.544840,0.226292,1.388265,0.204337,0.074849,-1,,,,,,,,,,,,,,,,
13.438409,triangle_0.20_сторона B,5563,139201,25004,0,0,1.326291,1.326291,1.257052,1.402097,26,29,8602,10090,40,51,1.545743,0.231223,1.391070,0.200495,0.112165,-1,,,,,,,,,,,,,,,,
13.461940,triangle_0.20_сторона B,5564,139226,25012,0,0,1.326291,1.326291,1.208318,1.401648,25,29,8627,10119,40,51,1.546614,0.236067,1.394809,0.196787,0.149506,-1,,,,,,,,,,,,,,,,
13.487945,triangle_0.20_сторона B,5565,139251,24984,0,0,1.326291,1.326291,1.258059,1.403219,26,29,8654,10149,40,50,1.547485,0.241004,1.397614,0.200656,0.112255,-1,,,,,,,,,,,,,,,,
13.513508,triangle_0.20_сторона B,5566,139276,25008,0,0,1.326291,1.326291,1.305192,1.401873,27,29,8680,10177,39,50,1.548360,0.246033,1.399484,0.204108,0.074765,-1,,,,,,,,,,,,,,,,
13.538957,triangle_0.20_сторона B,5567,139301,24992,0,0,1.326291,1.326291,1.209285,1.402770,25,29,8705,10206,41,50,1.549190,0.250885,1.403223,0.196944,0.149625,-1,,,,,,,,,,,,,,,,
13.564941,triangle_0.20_сторона B,5568,139326,25024,0,0,1.326291,1.326291,1.256048,1.400976,26,29,8732,10235,40,50,1.550019,0.255829,1.406028,0.200335,0.112075,-1,,,,,,,,,,,,,,,,
13.588555,triangle_0.20_сторона B,5569,139352,25208,0,0,1.326291,1.326291,1.294836,1.294836,27,27,8758,10263,40,51,1.550826,0.260684,1.406028,0.195257,0.000000,-1,,,,,,,,,,,,,,,,
13.616533,triangle_0.20_сторона B,5570,139376,24788,0,0,1.326291,1.326291,1.219237,1.414315,25,29,8783,10292,41,50,1.551625,0.265541,1.409767,0.198565,0.150857,-1,,,,,,,,,,,,,,,,
13.638836,triangle_0.20_сторона B,5571,139401,25004,0,0,1.326291,1.326291,1.257052,1.402097,26,29,8810,10320,41,50,1.552421,0.270490,1.412572,0.200495,0.112165,-1,,,,,,,,,,,,,,,,
13.664253,triangle_0.20_сторона B,5572,139426,24992,0,0,1.326291,1.326291,1.354399,1.354399,28,28,8837,10348,39,50,1.553226,0.275531,1.412572,0.204239,0.000000,-1,,,,,,,,,,,,,,,,
13.688950,triangle_0.20_сторона B,5573,139451,25008,0,0,1.326291,1.326291,1.208511,1.401873,25,29,8862,10378,42,50,1.553992,0.280393,1.416311,0.196818,0.149530,-1,,,,,,,,,,,,,,,,
13.714758,triangle_0.20_сторона B,5574,139475,24976,0,0,1.326291,1.326291,1.258462,1.452071,26,30,8889,10407,41,49,1.554768,0.285438,1.420051,0.204369,0.149721,-1,,,,,,,,,,,,,,,,
13.741381,triangle_0.20_сторона B,5575,139501,25016,0,0,1.326291,1.326291,1.304774,1.401424,27,29,8915,10436,41,49,1.555530,0.290485,1.421920,0.204043,0.074741,-1,,,,,,,,,,,,,,,,
13.767646,triangle_0.20_сторона B,5576,139526,25012,0,0,1.326291,1.326291,1.256650,1.449981,26,30,8942,10466,41,48,1.556278,0.295534,1.425660,0.204075,0.149506,-1,,,,,,,,,,,,,,,,
13.792062,triangle_0.20_сторона B,5577,139551,24972,0,0,1.326291,1.326291,1.355483,1.355483,28,28,8969,10494,40,49,1.557016,0.300585,1.425660,0.204402,0.000000,-1,,,,,,,,,,,,,,,,
13.817038,triangle_0.20_сторона B,5578,139576,25000,0,0,1.326291,1.326291,1.305609,1.402321,27,29,8996,10523,41,49,1.557749,0.305636,1.427530,0.204173,0.074789,-1,,,,,,,,,,,,,,,,
13.841793,triangle_0.20_сторона B,5579,139601,25016,0,0,1.326291,1.326291,1.208124,1.401424,25,29,9022,10553,42,49,1.558443,0.310509,1.431269,0.196755,0.149482,-1,,,,,,,,,,,,,,,,
13.867622,triangle_0.20_сторона B,5580,139626,24988,0,0,1.326291,1.326291,1.306236,1.402995,27,29,9049,10582,41,48,1.559148,0.315565,1.433139,0.204271,0.074825,-1,,,,,,,,,,,,,,,,
13.893071,triangle_0.20_сторона B,5581,139651,25000,0,0,1.326291,1.326291,1.353965,1.450677,28,30,9076,10611,40,48,1.559869,0.320802,1.435008,0.211465,0.074789,-1,,,,,,,,,,,,,,,,
13.916154,triangle_0.20_сторона B,5582,139676,25020,0,0,1.326291,1.326291,1.207931,1.401200,25,29,9102,10640,42,48,1.560526,0.325680,1.438748,0.196724,0.149458,-1,,,,,,,,,,,,,,,,
13.944276,triangle_0.20_сторона B,5583,139701,25000,0,0,1.326291,1.326291,1.353965,1.450677,28,30,9129,10670,40,47,1.561217,0.330921,1.440618,0.211465,0.074789,-1,,,,,,,,,,,,,,,,
13.967452,triangle_0.20_сторона B,5584,139726,25004,0,0,1.326291,1.326291,1.353749,1.402097,28,29,9157,10700,40,48,1.561889,0.336073,1.441552,0.207786,0.037388,-1,,,,,,,,,,,,,,,,
13.995652,triangle_0.20_сторона B,5585,139751,24996,0,0,1.326291,1.326291,1.209091,1.402546,25,29,9183,10729,42,47,1.562514,0.340955,1.445292,0.196913,0.149601,-1,,,,,,,,,,,,,,,,
14.019134,triangle_0.20_сторона B,5586,139776,24992,0,0,1.326291,1.326291,1.354399,1.451141,28,30,9211,10758,41,47,1.563171,0.346201,1.447162,0.211533,0.074813,-1,,,,,,,,,,,,,,,,
14.043287,triangle_0.20_сторона B,5587,139801,24996,0,0,1.326291,1.326291,1.354182,1.402546,28,29,9238,10787,40,47,1.563809,0.351357,1.448096,0.207852,0.037400,-1,,,,,,,,,,,,,,,,
14.070099,triangle_0.20_сторона B,5588,139826,24992,0,0,1.326291,1.326291,1.306027,1.354399,27,28,9265,10815,41,48,1.564421,0.356333,1.449031,0.200591,0.037406,-1,,,,,,,,,,,,,,,,
14.094025,triangle_0.20_сторона B,5589,139851,25016,0,0,1.326291,1.326291,1.353099,1.401424,28,29,9294,10845,40,47,1.565049,0.361490,1.449966,0.207686,0.037370,-1,,,,,,,,,,,,,,,,
14.120415,triangle_0.20_сторона B,5590,139876,24984,0,0,1.326291,1.326291,1.258059,1.354832,26,28,9319,10873,42,47,1.565638,0.366377,1.451836,0.197007,0.074837,-1,,,,,,,,,,,,,,,,
14.143890,triangle_0.20_сторона B,5591,139901,25020,0,0,1.326291,1.326291,1.256248,1.449517,26,30,9346,10903,42,46,1.566234,0.371446,1.455575,0.204010,0.149458,-1,,,,,,,,,,,,,,,,
14.170379,triangle_0.20_сторона B,5592,139926,24996,0,0,1.326291,1.326291,1.402546,1.402546,29,29,9374,10932,40,46,1.566842,0.376698,1.455575,0.211499,0.000000,-1,,,,,,,,,,,,,,,,
14.195987,triangle_0.20_сторона B,5593,139951,25004,0,0,1.326291,1.326291,1.257052,1.353749,26,28,9400,10960,42,47,1.567403,0.381588,1.457445,0.196850,0.074777,-1,,,,,,,,,,,,,,,,
14.220099,triangle_0.20_сторона B,5594,139976,24980,0,0,1.326291,1.326291,1.306655,1.403444,27,29,9428,10989,41,46,1.567976,0.386660,1.459315,0.204337,0.074849,-1,,,,,,,,,,,,,,,,
14.246999,triangle_0.20_сторона B,5595,140001,25016,0,0,1.326291,1.326291,1.353099,1.401424,28,29,9455,11017,41,46,1.568552,0.391823,1.460249,0.207686,0.037370,-1,,,,,,,,,,,,,,,,
14.270435,triangle_0.20_сторона B,5596,140026,24992,0,0,1.326291,1.326291,1.209285,1.354399,25,28,9480,11045,43,47,1.569078,0.396625,1.463054,0.193297,0.112219,-1,,,,,,,,,,,,,,,,
14.296818,triangle_0.20_сторона B,5597,140051,25012,0,0,1.326291,1.326291,1.353316,1.401648,28,29,9508,11075,41,46,1.569634,0.401791,1.463989,0.207719,0.037376,-1,,,,,,,,,,,,,,,,
14.323582,triangle_0.20_сторона B,5598,140076,24992,0,0,1.326291,1.326291,1.306027,1.306027,27,27,9536,11101,42,47,1.570159,0.406685,1.463989,0.196944,0.000000,-1,,,,,,,,,,,,,,,,
14.347760,triangle_0.20_сторона B,5599,140101,25008,0,0,1.326291,1.326291,1.256851,1.305192,26,27,9561,11128,42,47,1.570671,0.411489,1.464924,0.193173,0.037382,-1,,,,,,,,,,,,,,,,
14.372018,triangle_0.20_сторона B,5600,140126,25032,0,0,1.326291,1.326291,1.352234,1.448822,28,30,9589,11158,41,45,1.571225,0.416746,1.466793,0.211195,0.074693,-1,,,,,,,,,,,,,,,,
14.398978,triangle_0.20_сторона B,5601,140151,24948,0,0,1.326291,1.326291,1.211417,1.308331,25,27,9614,11186,43,47,1.571713,0.421461,1.468663,0.189985,0.074945,-1,,,,,,,,,,,,,,,,
14.422690,triangle_0.20_сторона B,5602,140176,25000,0,0,1.326291,1.326291,1.208897,1.353965,25,28,9639,11213,43,46,1.572199,0.426267,1.471468,0.193235,0.112183,-1,,,,,,,,,,,,,,,,
14.448188,triangle_0.20_сторона B,5603,140201,25020,0,0,1.326291,1.326291,1.352883,1.401200,28,29,9668,11243,41,46,1.572711,0.431437,1.472402,0.207653,0.037364,-1,,,,,,,,,,,,,,,,
14.473460,triangle_0.20_сторона B,5604,140226,24996,0,0,1.326291,1.326291,1.209091,1.305818,25,27,9692,11269,44,47,1.573173,0.436154,1.474272,0.189620,0.074801,-1,,,,,,,,,,,,,,,,
14.501910,triangle_0.20_сторона B,5605,140251,24980,0,0,1.326291,1.326291,1.209865,1.306655,25,27,9717,11297,44,47,1.573625,0.440873,1.476142,0.189741,0.074849,-1,,,,,,,,,,,,,,,,
14.524994,triangle_0.20_сторона B,5606,140276,25036,0,0,1.326291,1.326291,1.352018,1.400305,28,29,9745,11326,42,45,1.574114,0.446045,1.477077,0.207520,0.037341,-1,,,,,,,,,,,,,,,,
14.550402,triangle_0.20_сторона B,5607,140301,24984,0,0,1.326291,1.326291,1.258059,1.258059,26,26,9771,11351,43,47,1.574557,0.450764,1.477077,0.189711,0.000000,-1,,,,,,,,,,,,,,,,
14.575951,triangle_0.20_сторона B,5608,140326,25004,0,0,1.326291,1.326291,1.208704,1.353749,25,28,9797,11379,44,46,1.575003,0.455574,1.479881,0.193204,0.112165,-1,,,,,,,,,,,,,,,,
14.598979,triangle_0.20_сторона B,5609,140351,24988,0,0,1.326291,1.326291,1.354615,1.402995,28,29,9824,11408,42,45,1.575472,0.460748,1.480816,0.207919,0.037412,-1,,,,,,,,,,,,,,,,
14.624370,triangle_0.20_сторона B,5610,140376,25000,0,0,1.326291,1.326291,1.208897,1.305609,25,27,9850,11436,44,47,1.575894,0.465469,1.482686,0.189589,0.074789,-1,,,,,,,,,,,,,,,,
14.650758,triangle_0.20_сторона B,5611,140401,25016,0,0,1.326291,1.326291,1.256449,1.449749,26,30,9875,11465,44,45,1.576333,0.470555,1.486425,0.204043,0.149482,-1,,,,,,,,,,,,,,,,
14.677177,triangle_0.20_сторона B,5612,140426,24996,0,0,1.326291,1.326291,1.354182,1.402546,28,29,9904,11494,42,45,1.576769,0.475732,1.487360,0.207852,0.037400,-1,,,,,,,,,,,,,,,,
14.705718,triangle_0.20_сторона B,5613,140451,25004,0,0,1.326291,1.326291,1.305400,1.353749,27,28,9931,11522,43,46,1.577184,0.480728,1.488295,0.200495,0.037388,-1,,,,,,,,,,,,,,,,
14.728666,triangle_0.20_сторона B,5614,140476,24980,0,0,1.326291,1.326291,1.258260,1.451839,26,30,9956,11552,44,44,1.577595,0.485816,1.492034,0.204337,0.149697,-1,,,,,,,,,,,,,,,,
14.751568,triangle_0.20_сторона B,5615,140502,24992,0,0,1.326291,1.326291,1.402770,1.354399,29,28,9985,11581,42,45,1.578006,0.490995,1.491099,0.207886,-0.037406,-1,,,,,,,,,,,,,,,,
14.776624,triangle_0.20_сторона B,5616,140526,25028,0,0,1.326291,1.326291,1.304149,1.400752,27,29,10013,11610,43,44,1.578408,0.496083,1.492969,0.203945,0.074705,-1,,,,,,,,,,,,,,,,
14.801922,triangle_0.20_сторона B,5617,140551,24976,0,0,1.326291,1.326291,1.306864,1.452071,27,30,10039,11640,43,44,1.578805,0.501264,1.495774,0.208019,0.112291,-1,,,,,,,,,,,,,,,,
14.829755,triangle_0.20_сторона B,5618,140576,25000,0,0,1.326291,1.326291,1.353965,1.402321,28,29,10067,11668,43,44,1.579192,0.506445,1.496709,0.207819,0.037394,-1,,,,,,,,,,,,,,,,
14.857002,triangle_0.20_сторона B,5619,140601,25004,0,0,1.326291,1.326291,1.257052,1.402097,26,29,10094,11698,44,44,1.579556,0.511445,1.499513,0.200495,0.112165,-1,,,,,,,,,,,,,,,,
14.878855,triangle_0.20_сторона B,5620,140626,24992,0,0,1.326291,1.326291,1.354399,1.402770,28,29,10121,11727,43,44,1.579923,0.516627,1.500448,0.207886,0.037406,-1,,,,,,,,,,,,,,,,
14.906080,triangle_0.20_сторона B,5621,140651,25020,0,0,1.326291,1.326291,1.401200,1.401200,29,29,10150,11756,42,44,1.580295,0.521901,1.500448,0.211296,0.000000,-1,,,,,,,,,,,,,,,,
14.928908,triangle_0.20_сторона B,5622,140676,24988,0,0,1.326291,1.326291,1.257857,1.402995,26,29,10176,11784,44,43,1.580640,0.526902,1.503253,0.200624,0.112237,-1,,,,,,,,,,,,,,,,
14.953532,triangle_0.20_сторона B,5623,140701,25012,0,0,1.326291,1.326291,1.353316,1.353316,28,28,10204,11813,43,44,1.580985,0.531995,1.503253,0.204075,0.000000,-1,,,,,,,,,,,,,,,,
14.978046,triangle_0.20_сторона B,5624,140726,25004,0,0,1.326291,1.326291,1.402097,1.402097,29,29,10234,11842,42,43,1.581342,0.537269,1.503253,0.211431,0.000000,-1,,,,,,,,,,,,,,,,
15.005634,triangle_0.20_сторона B,5625,140751,24984,0,0,1.326291,1.326291,1.306445,1.354832,27,28,10260,11870,43,44,1.581678,0.542271,1.504187,0.200656,0.037418,-1,,,,,,,,,,,,,,,,
15.030737,triangle_0.20_сторона B,5626,140776,25048,0,0,1.326291,1.326291,1.351371,1.399634,28,29,10289,11898,42,43,1.582021,0.547455,1.505122,0.207421,0.037323,-1,,,,,,,,,,,,,,,,
15.056185,triangle_0.20_сторона B,5627,140801,24964,0,0,1.326291,1.326291,1.355918,1.355918,28,28,10316,11927,42,44,1.582356,0.552549,1.505122,0.204468,0.000000,-1,,,,,,,,,,,,,,,,
15.079159,triangle_0.20_сторона B,5628,140826,24996,0,0,1.326291,1.326291,1.257455,1.402546,26,29,10343,11955,44,43,1.582678,0.557551,1.507927,0.200559,0.112201,-1,,,,,,,,,,,,,,,,
15.106765,triangle_0.20_сторона B,5629,140851,24996,0,0,1.326291,1.326291,1.402546,1.402546,29,29,10371,11984,42,43,1.583010,0.562828,1.507927,0.211499,0.000000,-1,,,,,,,,,,,,,,,,
15.132061,triangle_0.20_сторона B,5630,140876,25004,0,0,1.326291,1.326291,1.305400,1.305400,27,27,10398,12011,43,44,1.583319,0.567740,1.507927,0.196850,0.000000,-1,,,,,,,,,,,,,,,,
15.157481,triangle_0.20_сторона B,5631,140901,24988,0,0,1.326291,1.326291,1.257857,1.354615,26,28,10424,12039,44,43,1.583624,0.572653,1.509797,0.196976,0.074825,-1,,,,,,,,,,,,,,,,
15.182305,triangle_0.20_сторона B,5632,140925,25004,0,0,1.326291,1.326291,1.402097,1.402097,29,29,10453,12068,42,43,1.583946,0.577929,1.509797,0.211431,0.000000,-1,,,,,,,,,,,,,,,,
15.207370,triangle_0.20_сторона B,5633,140951,25008,0,0,1.326291,1.326291,1.256851,1.305192,26,27,10479,12096,44,44,1.584239,0.582751,1.510731,0.193173,0.037382,-1,,,,,,,,,,,,,,,,
15.232332,triangle_0.20_сторона B,5634,140976,24996,0,0,1.326291,1.326291,1.257455,1.354182,26,28,10505,12124,44,43,1.584530,0.587665,1.512601,0.196913,0.074801,-1,,,,,,,,,,,,,,,,
15.256590,triangle_0.20_сторона B,5635,141001,25020,0,0,1.326291,1.326291,1.401200,1.449517,29,30,10534,12153,42,42,1.584840,0.593034,1.513536,0.214939,0.037365,-1,,,,,,,,,,,,,,,,
15.282859,triangle_0.20_сторона B,5636,141026,24984,0,0,1.326291,1.326291,1.209672,1.306445,25,27,10559,12180,45,44,1.585107,0.597766,1.515406,0.189711,0.074837,-1,,,,,,,,,,,,,,,,
15.309176,triangle_0.20_сторона B,5637,141051,25028,0,0,1.326291,1.326291,1.255847,1.352450,26,28,10585,12209,44,43,1.585374,0.602681,1.517275,0.196661,0.074705,-1,,,,,,,,,,,,,,,,
15.332774,triangle_0.20_сторона B,5638,141076,24976,0,0,1.326291,1.326291,1.403669,1.452071,29,30,10615,12238,42,41,1.585660,0.608051,1.518210,0.215318,0.037430,-1,,,,,,,,,,,,,,,,
15.360938,triangle_0.20_сторона B,5639,141101,25000,0,0,1.326291,1.326291,1.257253,1.305609,26,27,10640,12265,44,43,1.585911,0.612875,1.519145,0.193235,0.037394,-1,,,,,,,,,,,,,,,,
15.392305,triangle_0.20_сторона B,5640,141126,25000,0,0,1.326291,1.326291,1.257253,1.353965,26,28,10666,12294,44,43,1.586161,0.617791,1.521015,0.196881,0.074789,-1,,,,,,,,,,,,,,,,
15.415803,triangle_0.20_сторона B,5641,141151,25000,0,0,1.326291,1.326291,1.353965,1.450677,28,30,10694,12323,43,41,1.586419,0.623071,1.522884,0.211465,0.074789,-1,,,,,,,,,,,,,,,,
15.433758,triangle_0.20_сторона B,5642,141176,24988,0,0,1.326291,1.326291,1.209478,1.306236,25,27,10719,12350,45,43,1.586641,0.627806,1.524754,0.189680,0.074825,-1,,,,,,,,,,,,,,,,
15.459848,triangle_0.20_сторона B,5643,141201,25000,0,0,1.326291,1.326291,1.305609,1.402321,27,29,10746,12379,44,42,1.586872,0.632905,1.526624,0.204173,0.074789,-1,,,,,,,,,,,,,,,,
15.485183,triangle_0.20_сторона B,5644,141227,25016,0,0,1.326291,1.326291,1.304774,1.353099,27,28,10774,12408,44,42,1.587091,0.637913,1.527558,0.200399,0.037370,-1,,,,,,,,,,,,,,,,
15.510538,triangle_0.20_сторона B,5645,141251,24984,0,0,1.326291,1.326291,1.161285,1.306445,24,27,10798,12434,46,43,1.587285,0.642558,1.530363,0.186062,0.112255,-1,,,,,,,,,,,,,,,,
15.535590,triangle_0.20_сторона B,5646,141276,25044,0,0,1.326291,1.326291,1.399857,1.399857,29,29,10826,12464,43,41,1.587499,0.647840,1.530363,0.211094,0.000000,-1,,,,,,,,,,,,,,,,
15.560604,triangle_0.20_сторона B,5647,141301,24964,0,0,1.326291,1.326291,1.307492,1.404343,27,29,10853,12492,44,41,1.587700,0.652940,1.532233,0.204468,0.074897,-1,,,,,,,,,,,,,,,,
15.585919,triangle_0.20_сторона B,5648,141326,24988,0,0,1.326291,1.326291,1.161099,1.306236,24,27,10878,12519,46,43,1.587873,0.657586,1.535037,0.186033,0.112237,-1,,,,,,,,,,,,,,,,
15.610996,triangle_0.20_сторона B,5649,141351,25012,0,0,1.326291,1.326291,1.353316,1.353316,28,28,10906,12548,44,42,1.588056,0.662687,1.535037,0.204075,0.000000,-1,,,,,,,,,,,,,,,,
15.641378,triangle_0.20_сторона B,5650,141376,25000,0,0,1.326291,1.326291,1.353965,1.402321,28,29,10933,12576,44,41,1.588239,0.667879,1.535972,0.207819,0.037394,-1,,,,,,,,,,,,,,,,
15.663093,triangle_0.20_сторона B,5651,141401,25000,0,0,1.326291,1.326291,1.208897,1.257253,25,26,10958,12603,46,43,1.588399,0.672525,1.536907,0.185943,0.037394,-1,,,,,,,,,,,,,,,,
15.688520,triangle_0.20_сторона B,5652,141426,25012,0,0,1.326291,1.326291,1.353316,1.401648,28,29,10986,12632,44,41,1.588572,0.677717,1.537842,0.207719,0.037376,-1,,,,,,,,,,,,,,,,
15.713099,triangle_0.20_сторона B,5653,141451,24980,0,0,1.326291,1.326291,1.209865,1.306655,25,27,11011,12658,46,42,1.588724,0.682455,1.539712,0.189741,0.074849,-1,,,,,,,,,,,,,,,,
15.738371,triangle_0.20_сторона B,5654,141476,25004,0,0,1.326291,1.326291,1.257052,1.305400,26,27,11037,12686,45,42,1.588872,0.687283,1.540646,0.193204,0.037388,-1,,,,,,,,,,,,,,,,
15.763689,triangle_0.20_сторона B,5655,141501,25000,0,0,1.326291,1.326291,1.353965,1.402321,28,29,11066,12714,44,41,1.589026,0.692477,1.541581,0.207819,0.037394,-1,,,,,,,,,,,,,,,,
15.788780,triangle_0.20_сторона B,5656,141526,25012,0,0,1.326291,1.326291,1.256650,1.256650,26,26,11091,12741,46,43,1.589164,0.697214,1.541581,0.189498,0.000000,-1,,,,,,,,,,,,,,,,
15.813795,triangle_0.20_сторона B,5657,141551,24980,0,0,1.326291,1.326291,1.258260,1.355049,26,28,11117,12768,46,42,1.589304,0.702134,1.543451,0.197039,0.074849,-1,,,,,,,,,,,,,,,,
15.839127,triangle_0.20_сторона B,5658,141576,25020,0,0,1.326291,1.326291,1.449517,1.401200,30,29,11147,12798,43,41,1.589453,0.707510,1.542516,0.214939,-0.037365,-1,,,,,,,,,,,,,,,,
15.863636,triangle_0.20_сторона B,5659,141601,25004,0,0,1.326291,1.326291,1.208704,1.353749,25,28,11172,12825,46,42,1.589583,0.712339,1.545321,0.193204,0.112165,-1,,,,,,,,,,,,,,,,
15.889198,triangle_0.20_сторона B,5660,141626,24972,0,0,1.326291,1.326291,1.258663,1.355483,26,28,11198,12853,46,41,1.589704,0.717260,1.547190,0.197102,0.074873,-1,,,,,,,,,,,,,,,,
15.914730,triangle_0.20_сторона B,5661,141651,25020,0,0,1.326291,1.326291,1.401200,1.352883,29,28,11228,12882,44,41,1.589829,0.722454,1.546255,0.207653,-0.037364,-1,,,,,,,,,,,,,,,,
15.939267,triangle_0.20_сторона B,5662,141676,24980,0,0,1.326291,1.326291,1.355049,1.355049,28,28,11255,12909,44,41,1.589954,0.727556,1.546255,0.204337,0.000000,-1,,,,,,,,,,,,,,,,
15.966881,triangle_0.20_сторона B,5663,141701,25020,0,0,1.326291,1.326291,1.304566,1.352883,27,28,11282,12938,45,41,1.590075,0.732568,1.547190,0.200367,0.037365,-1,,,,,,,,,,,,,,,,
15.992027,triangle_0.20_сторона B,5664,141726,25008,0,0,1.326291,1.326291,1.401873,1.401873,29,29,11311,12966,44,41,1.590200,0.737853,1.547190,0.211397,0.000000,-1,,,,,,,,,,,,,,,,
16.014915,triangle_0.20_сторона B,5665,141751,24972,0,0,1.326291,1.326291,1.307073,1.307073,27,27,11338,12994,45,42,1.590316,0.742774,1.547190,0.197102,0.000000,-1,,,,,,,,,,,,,,,,
16.041667,triangle_0.20_сторона B,5666,141776,25060,0,0,1.326291,1.326291,1.398964,1.398964,29,29,11367,13023,44,41,1.590441,0.748059,1.547190,0.210959,0.000000,-1,,,,,,,,,,,,,,,,
16.066674,triangle_0.20_сторона B,5667,141801,24956,0,0,1.326291,1.326291,1.307911,1.404794,27,29,11395,13051,45,40,1.590556,0.753162,1.549060,0.204533,0.074921,-1,,,,,,,,,,,,,,,,
16.092086,triangle_0.20_сторона B,5668,141826,25000,0,0,1.326291,1.326291,1.257253,1.257253,26,26,11420,13078,46,42,1.590659,0.757901,1.549060,0.189589,0.000000,-1,,,,,,,,,,,,,,,,
16.117242,triangle_0.20_сторона B,5669,141851,24992,0,0,1.326291,1.326291,1.402770,1.354399,29,28,11449,13105,44,41,1.590775,0.763095,1.548125,0.207886,-0.037406,-1,,,,,,,,,,,,,,,,
16.141334,triangle_0.20_сторона B,5670,141876,25000,0,0,1.326291,1.326291,1.257253,1.353965,26,28,11476,13133,46,41,1.590882,0.768016,1.549995,0.196881,0.074789,-1,,,,,,,,,,,,,,,,
16.168570,triangle_0.20_сторона B,5671,141901,25016,0,0,1.326291,1.326291,1.208124,1.208124,25,25,11500,13158,46,43,1.590976,0.772572,1.549995,0.182181,0.000000,-1,,,,,,,,,,,,,,,,
16.193124,triangle_0.20_сторона B,5672,141926,24992,0,0,1.326291,1.326291,1.402770,1.354399,29,28,11530,13186,44,41,1.591087,0.777767,1.549060,0.207886,-0.037406,-1,,,,,,,,,,,,,,,,
16.218825,triangle_0.20_сторона B,5673,141950,25012,0,0,1.326291,1.326291,1.353316,1.353316,28,28,11557,13215,44,41,1.591198,0.782870,1.549060,0.204075,0.000000,-1,,,,,,,,,,,,,,,,
16.244329,triangle_0.20_сторона B,5674,141976,24980,0,0,1.326291,1.326291,1.209865,1.258260,25,26,11582,13240,46,42,1.591297,0.787517,1.549995,0.186092,0.037424,-1,,,,,,,,,,,,,,,,
16.269882,triangle_0.20_сторона B,5675,142001,25000,0,0,1.326291,1.326291,1.402321,1.353965,29,28,11612,13269,44,41,1.591407,0.792711,1.549060,0.207819,-0.037394,-1,,,,,,,,,,,,,,,,
16.294513,triangle_0.20_сторона B,5676,142026,25016,0,0,1.326291,1.326291,1.304774,1.353099,27,28,11639,13297,45,41,1.591514,0.797724,1.549995,0.200399,0.037370,-1,,,,,,,,,,,,,,,,
16.319982,triangle_0.20_сторона B,5677,142051,24992,0,0,1.326291,1.326291,1.306027,1.306027,27,27,11665,13323,45,42,1.591616,0.802644,1.549995,0.196944,0.000000,-1,,,,,,,,,,,,,,,,
16.345482,triangle_0.20_сторона B,5678,142076,25016,0,0,1.326291,1.326291,1.353099,1.401424,28,29,11694,13353,44,40,1.591722,0.807839,1.550930,0.207686,0.037370,-1,,,,,,,,,,,,,,,,
16.370946,triangle_0.20_сторона B,5679,142101,24968,0,0,1.326291,1.326291,1.210447,1.404118,25,29,11718,13381,47,40,1.591810,0.812760,1.554669,0.197134,0.149769,-1,,,,,,,,,,,,,,,,
16.396202,triangle_0.20_сторона B,5680,142126,25020,0,0,1.326291,1.326291,1.304566,1.256248,27,26,11745,13408,45,42,1.591891,0.817590,1.553734,0.193081,-0.037364,-1,,,,,,,,,,,,,,,,
16.424090,triangle_0.20_сторона B,5681,142151,25004,0,0,1.326291,1.326291,1.402097,1.450445,29,30,11775,13437,44,39,1.591980,0.822967,1.554669,0.215077,0.037388,-1,,,,,,,,,,,,,,,,
16.445487,triangle_0.20_сторона B,5682,142176,24992,0,0,1.326291,1.326291,1.209285,1.402770,25,29,11799,13466,47,40,1.592050,0.827889,1.558409,0.196944,0.149625,-1,,,,,,,,,,,,,,,,
16.471566,triangle_0.20_сторона B,5683,142201,25000,0,0,1.326291,1.326291,1.257253,1.257253,26,26,11825,13492,46,42,1.592109,0.832628,1.558409,0.189589,0.000000,-1,,,,,,,,,,,,,,,,
16.497152,triangle_0.20_сторона B,5684,142226,24992,0,0,1.326291,1.326291,1.451141,1.354399,30,28,11855,13521,43,41,1.592179,0.837915,1.556539,0.211533,-0.074813,-1,,,,,,,,,,,,,,,,
16.523061,triangle_0.20_сторона B,5685,142251,24996,0,0,1.326291,1.326291,1.209091,1.402546,25,29,11880,13550,47,40,1.592240,0.842836,1.560278,0.196913,0.149601,-1,,,,,,,,,,,,,,,,
16.546954,triangle_0.20_сторона B,5686,142276,25012,0,0,1.326291,1.326291,1.304983,1.304983,27,27,11907,13577,46,41,1.592292,0.847758,1.560278,0.196787,0.000000,-1,,,,,,,,,,,,,,,,
16.571022,triangle_0.20_сторона B,5687,142301,24992,0,0,1.326291,1.326291,1.402770,1.402770,29,29,11936,13605,44,40,1.592348,0.853044,1.560278,0.211533,0.000000,-1,,,,,,,,,,,,,,,,
16.599141,triangle_0.20_сторона B,5688,142326,24996,0,0,1.326291,1.326291,1.209091,1.354182,25,28,11961,13633,47,40,1.592391,0.857875,1.563083,0.193266,0.112201,-1,,,,,,,,,,,,,,,,
16.623535,triangle_0.20_сторона B,5689,142351,25016,0,0,1.326291,1.326291,1.353099,1.304774,28,27,11990,13661,45,41,1.592432,0.862888,1.562148,0.200399,-0.037370,-1,,,,,,,,,,,,,,,,
16.647990,triangle_0.20_сторона B,5690,142376,25024,0,0,1.326291,1.326291,1.400976,1.449286,29,30,12018,13690,44,39,1.592476,0.868266,1.563083,0.214905,0.037359,-1,,,,,,,,,,,,,,,,
16.673868,triangle_0.20_сторона B,5691,142401,24964,0,0,1.326291,1.326291,1.210641,1.307492,25,27,12043,13717,47,41,1.592509,0.873005,1.564953,0.189863,0.074897,-1,,,,,,,,,,,,,,,,
16.699589,triangle_0.20_сторона B,5692,142426,25008,0,0,1.326291,1.326291,1.401873,1.353532,29,28,12072,13745,44,40,1.592541,0.878201,1.564018,0.207753,-0.037382,-1,,,,,,,,,,,,,,,,
16.722955,triangle_0.20_сторона B,5693,142451,25008,0,0,1.326291,1.326291,1.305192,1.401873,27,29,12099,13775,46,39,1.592571,0.883305,1.565888,0.204108,0.074765,-1,,,,,,,,,,,,,,,,
16.748646,triangle_0.20_сторона B,5694,142476,24976,0,0,1.326291,1.326291,1.258462,1.355266,26,28,12125,13802,46,40,1.592591,0.888227,1.567757,0.197070,0.074861,-1,,,,,,,,,,,,,,,,
16.775329,triangle_0.20_сторона B,5695,142501,25060,0,0,1.326291,1.326291,1.447204,1.350724,30,28,12155,13831,44,40,1.592612,0.893513,1.565888,0.210959,-0.074610,-1,,,,,,,,,,,,,,,,
16.800762,triangle_0.20_сторона B,5696,142526,24968,0,0,1.326291,1.326291,1.210447,1.404118,25,29,12181,13859,47,39,1.592627,0.898435,1.569627,0.197134,0.149769,-1,,,,,,,,,,,,,,,,
16.824588,triangle_0.20_сторона B,5697,142551,25000,0,0,1.326291,1.326291,1.305609,1.305609,27,27,12207,13886,46,40,1.592632,0.903357,1.569627,0.196881,0.000000,-1,,,,,,,,,,,,,,,,
16.850096,triangle_0.20_сторона B,5698,142576,25012,0,0,1.326291,1.326291,1.449981,1.401648,30,29,12237,13915,44,39,1.592641,0.908735,1.568692,0.215008,-0.037376,-1,,,,,,,,,,,,,,,,
16.875210,triangle_0.20_сторона B,5699,142601,24972,0,0,1.326291,1.326291,1.258663,1.355483,26,28,12263,13943,46,40,1.592647,0.913657,1.570562,0.197102,0.074873,-1,,,,,,,,,,,,,,,,
16.900687,triangle_0.20_сторона B,5700,142626,25008,0,0,1.326291,1.326291,1.305192,1.305192,27,27,12290,13971,46,40,1.592648,0.918579,1.570562,0.196818,0.000000,-1,,,,,,,,,,,,,,,,
16.925725,triangle_0.20_сторона B,5701,142651,25000,0,0,1.326291,1.326291,1.450677,1.402321,30,29,12320,14000,44,39,1.592652,0.923957,1.569627,0.215111,-0.037394,-1,,,,,,,,,,,,,,,,
16.950846,triangle_0.20_сторона B,5702,142676,25000,0,0,1.326291,1.326291,1.208897,1.353965,25,28,12346,14027,47,39,1.592651,0.928788,1.572432,0.193235,0.112183,-1,,,,,,,,,,,,,,,,
16.976290,triangle_0.20_сторона B,5703,142701,24996,0,0,1.326291,1.326291,1.402546,1.305818,29,27,12375,14055,44,40,1.592647,0.933892,1.570562,0.204206,-0.074801,-1,,,,,,,,,,,,,,,,
17.001472,triangle_0.20_сторона B,5704,142726,25012,0,0,1.326291,1.326291,1.401648,1.401648,29,29,12404,14083,44,39,1.592649,0.939179,1.570562,0.211364,0.000000,-1,,,,,,,,,,,,,,,,
17.026768,triangle_0.20_сторона B,5705,142751,24980,0,0,1.326291,1.326291,1.306655,1.306655,27,27,12430,14110,45,40,1.592650,0.944101,1.570562,0.197039,0.000000,-1,,,,,,,,,,,,,,,,
17.052803,triangle_0.20_сторона B,5706,142776,25008,0,0,1.326291,1.326291,1.401873,1.353532,29,28,12459,14138,44,39,1.592653,0.949296,1.569627,0.207753,-0.037382,-1,,,,,,,,,,,,,,,,
17.079086,triangle_0.20_сторона B,5707,142801,24984,0,0,1.326291,1.326291,1.354832,1.306445,28,27,12488,14166,45,40,1.592662,0.954310,1.568692,0.200656,-0.037418,-1,,,,,,,,,,,,,,,,
17.104824,triangle_0.20_сторона B,5708,142826,25004,0,0,1.326291,1.326291,1.305400,1.353749,27,28,12515,14194,45,39,1.592670,0.959323,1.569627,0.200495,0.037388,-1,,,,,,,,,,,,,,,,
17.128743,triangle_0.20_сторона B,5709,142851,25020,0,0,1.326291,1.326291,1.401200,1.352883,29,28,12544,14222,44,39,1.592678,0.964518,1.568692,0.207653,-0.037364,-1,,,,,,,,,,,,,,,,
17.154627,triangle_0.20_сторона B,5710,142876,25016,0,0,1.326291,1.326291,1.304774,1.353099,27,28,12571,14249,45,39,1.592687,0.969531,1.569627,0.200399,0.037370,-1,,,,,,,,,,,,,,,,
17.178441,triangle_0.20_сторона B,5711,142901,24976,0,0,1.326291,1.326291,1.355266,1.306864,28,27,12599,14277,44,40,1.592695,0.974545,1.568692,0.200720,-0.037430,-1,,,,,,,,,,,,,,,,
17.205252,triangle_0.20_сторона B,5712,142926,25008,0,0,1.326291,1.326291,1.401873,1.353532,29,28,12628,14305,44,39,1.592708,0.979740,1.567757,0.207753,-0.037382,-1,,,,,,,,,,,,,,,,
17.230756,triangle_0.20_сторона B,5713,142951,24976,0,0,1.326291,1.326291,1.258462,1.306864,26,27,12654,14331,46,40,1.592721,0.984571,1.568692,0.193421,0.037430,-1,,,,,,,,,,,,,,,,
17.255996,triangle_0.20_сторона B,5714,142976,25004,0,0,1.326291,1.326291,1.353749,1.353749,28,28,12682,14359,44,39,1.592731,0.989675,1.568692,0.204140,0.000000,-1,,,,,,,,,,,,,,,,
17.279725,triangle_0.20_сторона B,5715,143001,25024,0,0,1.326291,1.326291,1.400976,1.352667,29,28,12711,14387,44,39,1.592745,0.994871,1.567757,0.207620,-0.037359,-1,,,,,,,,,,,,,,,,
17.304832,triangle_0.20_сторона B,5716,143026,24972,0,0,1.326291,1.326291,1.307073,1.307073,27,27,12737,14414,45,40,1.592759,0.999793,1.567757,0.197102,0.000000,-1,,,,,,,,,,,,,,,,
17.330431,triangle_0.20_сторона B,5717,143051,25000,0,0,1.326291,1.326291,1.353965,1.353965,28,28,12765,14442,44,39,1.592775,1.004897,1.567757,0.204173,0.000000,-1,,,,,,,,,,,,,,,,
17.356086,triangle_0.20_сторона B,5718,143076,25032,0,0,1.326291,1.326291,1.303940,1.303940,27,27,12793,14469,45,40,1.592790,1.009819,1.567757,0.196630,0.000000,-1,,,,,,,,,,,,,,,,
17.382120,triangle_0.20_сторона B,5719,143101,24996,0,0,1.326291,1.326291,1.305818,1.305818,27,27,12819,14496,45,40,1.592805,1.014741,1.567757,0.196913,0.000000,-1,,,,,,,,,,,,,,,,
17.405925,triangle_0.20_сторона B,5720,143126,24996,0,0,1.326291,1.326291,1.354182,1.354182,28,28,12848,14524,44,39,1.592820,1.019845,1.567757,0.204206,0.000000,-1,,,,,,,,,,,,,,,,
17.432021,triangle_0.20_сторона B,5721,143151,25004,0,0,1.326291,1.326291,1.305400,1.305400,27,27,12874,14551,45,40,1.592835,1.024767,1.567757,0.196850,0.000000,-1,,,,,,,,,,,,,,,,
17.457735,triangle_0.20_сторона B,5722,143176,24996,0,0,1.326291,1.326291,1.257455,1.305818,26,27,12900,14579,46,40,1.592848,1.029598,1.568692,0.193266,0.037400,-1,,,,,,,,,,,,,,,,
17.483720,triangle_0.20_сторона B,5723,143201,25032,0,0,1.326291,1.326291,1.352234,1.400528,28,29,12929,14607,44,38,1.592856,1.034794,1.569627,0.207553,0.037347,-1,,,,,,,,,,,,,,,,
17.507071,triangle_0.20_сторона B,5724,143226,24972,0,0,1.326291,1.326291,1.258663,1.307073,26,27,12954,14634,46,40,1.592859,1.039624,1.570562,0.193452,0.037436,-1,,,,,,,,,,,,,,,,
17.533451,triangle_0.20_сторона B,5725,143251,24984,0,0,1.326291,1.326291,1.258059,1.258059,26,26,12980,14660,46,40,1.592860,1.044364,1.570562,0.189711,0.000000,-1,,,,,,,,,,,,,,,,
17.558194,triangle_0.20_сторона B,5726,143276,25004,0,0,1.326291,1.326291,1.353749,1.353749,28,28,13008,14688,45,39,1.592862,1.049469,1.570562,0.204140,0.000000,-1,,,,,,,,,,,,,,,,
17.584428,triangle_0.20_сторона B,5727,143301,24988,0,0,1.326291,1.326291,1.306236,1.354615,27,28,13035,14716,45,39,1.592860,1.054482,1.571497,0.200624,0.037412,-1,,,,,,,,,,,,,,,,
17.607904,triangle_0.20_сторона B,5728,143326,25024,0,0,1.326291,1.326291,1.159429,1.304357,24,27,13059,14743,47,40,1.592851,1.059130,1.574301,0.185765,0.112075,-1,,,,,,,,,,,,,,,,
17.636933,triangle_0.20_сторона B,5729,143351,24980,0,0,1.326291,1.326291,1.355049,1.355049,28,28,13088,14771,45,39,1.592833,1.064235,1.574301,0.204337,0.000000,-1,,,,,,,,,,,,,,,,
17.667118,triangle_0.20_сторона B,5730,143376,25040,0,0,1.326291,1.326291,1.351802,1.303524,28,27,13115,14799,45,40,1.592818,1.069248,1.573367,0.200207,-0.037335,-1,,,,,,,,,,,,,,,,
17.688723,triangle_0.20_сторона B,5731,143401,24964,0,0,1.326291,1.326291,1.162215,1.307492,24,27,13139,14825,48,40,1.592799,1.073896,1.576171,0.186212,0.112345,-1,,,,,,,,,,,,,,,,
17.712481,triangle_0.20_сторона B,5732,143426,25000,0,0,1.326291,1.326291,1.402321,1.353965,29,28,13168,14853,44,39,1.592774,1.079092,1.575236,0.207819,-0.037394,-1,,,,,,,,,,,,,,,,
17.763080,triangle_0.20_сторона B,5733,143451,25012,0,0,1.326291,1.326291,1.304983,1.304983,27,27,13195,14881,46,40,1.592752,1.084014,1.575236,0.196787,0.000000,-1,,,,,,,,,,,,,,,,
17.763080,triangle_0.20_сторона B,5734,143476,25000,0,0,1.326291,1.326291,1.208897,1.305609,25,27,13220,14907,47,40,1.592726,1.088753,1.577106,0.189589,0.074789,-1,,,,,,,,,,,,,,,,
17.786647,triangle_0.20_сторона B,5735,143501,24984,0,0,1.326291,1.326291,1.403219,1.354832,29,28,13249,14935,44,39,1.592696,1.093949,1.576171,0.207952,-0.037418,-1,,,,,,,,,,,,,,,,
17.810348,triangle_0.20_сторона B,5736,143526,25008,0,0,1.326291,1.326291,1.256851,1.305192,26,27,13276,14962,47,40,1.592668,1.098780,1.577106,0.193173,0.037382,-1,,,,,,,,,,,,,,,,
17.836679,triangle_0.20_сторона B,5737,143551,24988,0,0,1.326291,1.326291,1.306236,1.306236,27,27,13302,14989,46,40,1.592636,1.103701,1.577106,0.196976,0.000000,-1,,,,,,,,,,,,,,,,
17.862859,triangle_0.20_сторона B,5738,143576,25016,0,0,1.326291,1.326291,1.401424,1.353099,29,28,13332,15018,45,39,1.592606,1.108897,1.576171,0.207686,-0.037370,-1,,,,,,,,,,,,,,,,
17.888696,triangle_0.20_сторона B,5739,143601,25000,0,0,1.326291,1.326291,1.305609,1.353965,27,28,13358,15046,46,39,1.592577,1.113910,1.577106,0.200527,0.037394,-1,,,,,,,,,,,,,,,,
17.914257,triangle_0.20_сторона B,5740,143626,25004,0,0,1.326291,1.326291,1.305400,1.353749,27,28,13386,15073,46,39,1.592543,1.118923,1.578041,0.200495,0.037388,-1,,,,,,,,,,,,,,,,
17.937316,triangle_0.20_сторона B,5741,143651,24996,0,0,1.326291,1.326291,1.450909,1.354182,30,28,13415,15102,44,39,1.592509,1.124210,1.576171,0.211499,-0.074801,-1,,,,,,,,,,,,,,,,
17.970829,triangle_0.20_сторона B,5742,143676,24988,0,0,1.326291,1.326291,1.257857,1.354615,26,28,13441,15130,46,39,1.592478,1.129132,1.578041,0.196976,0.074825,-1,,,,,,,,,,,,,,,,
17.989007,triangle_0.20_сторона B,5743,143702,24992,0,0,1.326291,1.326291,1.354399,1.306027,28,27,13469,15157,45,40,1.592444,1.134145,1.577106,0.200591,-0.037406,-1,,,,,,,,,,,,,,,,
18.012612,triangle_0.20_сторона B,5744,143726,25024,0,0,1.326291,1.326291,1.352667,1.352667,28,28,13498,15185,45,39,1.592412,1.139249,1.577106,0.203977,0.000000,-1,,,,,,,,,,,,,,,,
18.038857,triangle_0.20_сторона B,5745,143751,24984,0,0,1.326291,1.326291,1.258059,1.306445,26,27,13524,15211,46,40,1.592379,1.144080,1.578041,0.193359,0.037418,-1,,,,,,,,,,,,,,,,
18.064921,triangle_0.20_сторона B,5746,143776,25016,0,0,1.326291,1.326291,1.401424,1.304774,29,27,13552,15238,44,40,1.592347,1.149184,1.576171,0.204043,-0.074741,-1,,,,,,,,,,,,,,,,
18.089126,triangle_0.20_сторона B,5747,143801,24976,0,0,1.326291,1.326291,1.355266,1.306864,28,27,13581,15266,45,40,1.592323,1.154197,1.575236,0.200720,-0.037430,-1,,,,,,,,,,,,,,,,
18.114223,triangle_0.20_сторона B,5748,143826,25000,0,0,1.326291,1.326291,1.257253,1.305609,26,27,13606,15292,46,40,1.592299,1.159028,1.576171,0.193235,0.037394,-1,,,,,,,,,,,,,,,,
18.147289,triangle_0.20_сторона B,5749,143851,25000,0,0,1.326291,1.326291,1.353965,1.257253,28,26,13634,15318,45,40,1.592277,1.163950,1.574301,0.196881,-0.074789,-1,,,,,,,,,,,,,,,,
18.166663,triangle_0.20_сторона B,5750,143876,25024,0,0,1.326291,1.326291,1.304357,1.352667,27,28,13661,15346,46,39,1.592257,1.168963,1.575236,0.200335,0.037358,-1,,,,,,,,,,,,,,,,
18.194235,triangle_0.20_сторона B,5751,143901,24988,0,0,1.326291,1.326291,1.257857,1.306236,26,27,13687,15373,46,40,1.592233,1.173794,1.576171,0.193328,0.037412,-1,,,,,,,,,,,,,,,,
18.224654,triangle_0.20_сторона B,5752,143926,24996,0,0,1.326291,1.326291,1.354182,1.305818,28,27,13716,15400,45,40,1.592209,1.178807,1.575236,0.200559,-0.037400,-1,,,,,,,,,,,,,,,,
18.240540,triangle_0.20_сторона B,5753,143951,24996,0,0,1.326291,1.326291,1.305818,1.305818,27,27,13742,15428,46,40,1.592187,1.183729,1.575236,0.196913,0.000000,-1,,,,,,,,,,,,,,,,
18.267429,triangle_0.20_сторона B,5754,143976,24996,0,0,1.326291,1.326291,1.257455,1.257455,26,26,13768,15454,47,41,1.592166,1.188468,1.575236,0.189620,0.000000,-1,,,,,,,,,,,,,,,,
18.291260,triangle_0.20_сторона B,5755,144001,25036,0,0,1.326291,1.326291,1.400305,1.303732,29,27,13797,15481,45,40,1.592148,1.193573,1.573367,0.203880,-0.074681,-1,,,,,,,,,,,,,,,,
18.318016,triangle_0.20_сторона B,5756,144026,24972,0,0,1.326291,1.326291,1.258663,1.307073,26,27,13823,15508,47,40,1.592133,1.198404,1.574301,0.193452,0.037436,-1,,,,,,,,,,,,,,,,
18.342277,triangle_0.20_сторона B,5757,144051,25020,0,0,1.326291,1.326291,1.256248,1.256248,26,26,13850,15534,47,41,1.592117,1.203143,1.574301,0.189438,0.000000,-1,,,,,,,,,,,,,,,,
18.368793,triangle_0.20_сторона B,5758,144076,24972,0,0,1.326291,1.326291,1.452304,1.355483,30,28,13879,15561,44,40,1.592103,1.208430,1.572432,0.211702,-0.074873,-1,,,,,,,,,,,,,,,,
18.392344,triangle_0.20_сторона B,5759,144101,25016,0,0,1.326291,1.326291,1.208124,1.304774,25,27,13904,15588,47,40,1.592091,1.213170,1.574301,0.189468,0.074741,-1,,,,,,,,,,,,,,,,
18.417837,triangle_0.20_сторона B,5760,144126,25000,0,0,1.326291,1.326291,1.257253,1.257253,26,26,13931,15614,47,41,1.592075,1.217909,1.574301,0.189589,0.000000,-1,,,,,,,,,,,,,,,,
18.451253,triangle_0.20_сторона B,5761,144151,25008,0,0,1.326291,1.326291,1.401873,1.353532,29,28,13960,15642,45,40,1.592059,1.223105,1.573367,0.207753,-0.037382,-1,,,,,,,,,,,,,,,,
18.469662,triangle_0.20_сторона B,5762,144176,24988,0,0,1.326291,1.326291,1.257857,1.257857,26,26,13985,15668,47,41,1.592047,1.227845,1.573367,0.189680,0.000000,-1,,,,,,,,,,,,,,,,
18.496306,triangle_0.20_сторона B,5763,144201,25000,0,0,1.326291,1.326291,1.305609,1.257253,27,26,14012,15694,46,41,1.592036,1.232676,1.572432,0.193235,-0.037394,-1,,,,,,,,,,,,,,,,
18.519830,triangle_0.20_сторона B,5764,144226,25000,0,0,1.326291,1.326291,1.353965,1.305609,28,27,14041,15722,46,41,1.592031,1.237689,1.571497,0.200527,-0.037394,-1,,,,,,,,,,,,,,,,
18.543480,triangle_0.20_сторона B,5765,144251,24992,0,0,1.326291,1.326291,1.209285,1.257656,25,26,14065,15747,48,41,1.592025,1.242337,1.572432,0.186003,0.037406,-1,,,,,,,,,,,,,,,,
18.570440,triangle_0.20_сторона B,5766,144276,25016,0,0,1.326291,1.326291,1.353099,1.256449,28,26,14093,15773,46,42,1.592022,1.247259,1.570562,0.196755,-0.074741,-1,,,,,,,,,,,,,,,,
18.596145,triangle_0.20_сторона B,5767,144302,25012,0,0,1.326291,1.326291,1.353316,1.304983,28,27,14122,15801,46,41,1.592025,1.252273,1.569627,0.200431,-0.037376,-1,,,,,,,,,,,,,,,,
18.620515,triangle_0.20_сторона B,5768,144326,24984,0,0,1.326291,1.326291,1.258059,1.306445,26,27,14147,15827,47,41,1.592029,1.257103,1.570562,0.193359,0.037418,-1,,,,,,,,,,,,,,,,
18.646933,triangle_0.20_сторона B,5769,144351,25004,0,0,1.326291,1.326291,1.353749,1.257052,28,26,14175,15853,46,42,1.592034,1.262025,1.568692,0.196850,-0.074777,-1,,,,,,,,,,,,,,,,
18.670716,triangle_0.20_сторона B,5770,144376,25000,0,0,1.326291,1.326291,1.305609,1.305609,27,27,14203,15881,46,41,1.592045,1.266948,1.568692,0.196881,0.000000,-1,,,,,,,,,,,,,,,,
18.705625,triangle_0.20_сторона B,5771,144401,25000,0,0,1.326291,1.326291,1.208897,1.305609,25,27,14228,15907,48,41,1.592050,1.271687,1.570562,0.189589,0.074789,-1,,,,,,,,,,,,,,,,
18.721038,triangle_0.20_сторона B,5772,144427,25224,0,0,1.326291,1.326291,1.389868,1.294015,29,27,14257,15934,45,41,1.592056,1.276792,1.568692,0.202360,-0.074125,-1,,,,,,,,,,,,,,,,
18.747452,triangle_0.20_сторона B,5773,144451,24756,0,0,1.326291,1.326291,1.318478,1.318478,27,27,14284,15961,46,41,1.592067,1.281714,1.568692,0.198822,0.000000,-1,,,,,,,,,,,,,,,,
18.771524,triangle_0.20_сторона B,5774,144476,25020,0,0,1.326291,1.326291,1.256248,1.256248,26,26,14309,15987,47,42,1.592077,1.286453,1.568692,0.189438,0.000000,-1,,,,,,,,,,,,,,,,
18.797295,triangle_0.20_сторона B,5775,144501,24980,0,0,1.326291,1.326291,1.355049,1.306655,28,27,14337,16014,46,41,1.592089,1.291466,1.567757,0.200688,-0.037424,-1,,,,,,,,,,,,,,,,
18.822150,triangle_0.20_сторона B,5776,144526,25016,0,0,1.326291,1.326291,1.256449,1.304774,26,27,14364,16041,47,42,1.592102,1.296297,1.568692,0.193112,0.037370,-1,,,,,,,,,,,,,,,,
18.847995,triangle_0.20_сторона B,5777,144551,25004,0,0,1.326291,1.326291,1.257052,1.305400,26,27,14390,16069,48,42,1.592110,1.301128,1.569627,0.193204,0.037388,-1,,,,,,,,,,,,,,,,
18.873839,triangle_0.20_сторона B,5778,144576,24980,0,0,1.326291,1.326291,1.403444,1.306655,29,27,14419,16096,45,42,1.592120,1.306232,1.567757,0.204337,-0.074849,-1,,,,,,,,,,,,,,,,
18.899537,triangle_0.20_сторона B,5779,144601,25020,0,0,1.326291,1.326291,1.304566,1.352883,27,28,14445,16123,47,41,1.592133,1.311246,1.568692,0.200367,0.037365,-1,,,,,,,,,,,,,,,,
18.925642,triangle_0.20_сторона B,5780,144626,25008,0,0,1.326291,1.326291,1.305192,1.305192,27,27,14472,16150,47,42,1.592144,1.316168,1.568692,0.196818,0.000000,-1,,,,,,,,,,,,,,,,
18.949346,triangle_0.20_сторона B,5781,144651,24988,0,0,1.326291,1.326291,1.354615,1.306236,28,27,14501,16178,46,42,1.592157,1.321181,1.567757,0.200624,-0.037412,-1,,,,,,,,,,,,,,,,
18.975498,triangle_0.20_сторона B,5782,144676,25000,0,0,1.326291,1.326291,1.305609,1.353965,27,28,14527,16205,47,41,1.592169,1.326194,1.568692,0.200527,0.037394,-1,,,,,,,,,,,,,,,,
18.999410,triangle_0.20_сторона B,5783,144701,24984,0,0,1.326291,1.326291,1.258059,1.258059,26,26,14554,16231,48,42,1.592179,1.330934,1.568692,0.189711,0.000000,-1,,,,,,,,,,,,,,,,
19.025705,triangle_0.20_сторона B,5784,144727,25012,0,0,1.326291,1.326291,1.401648,1.304983,29,27,14583,16259,46,42,1.592195,1.336038,1.566823,0.204075,-0.074753,-1,,,,,,,,,,,,,,,,
19.053398,triangle_0.20_сторона B,5785,144751,25004,0,0,1.326291,1.326291,1.305400,1.353749,27,28,14610,16287,47,41,1.592212,1.341051,1.567757,0.200495,0.037388,-1,,,,,,,,,,,,,,,,
19.077409,triangle_0.20_сторона B,5786,144776,24984,0,0,1.326291,1.326291,1.403219,1.306445,29,27,14638,16314,45,42,1.592233,1.346155,1.565888,0.204304,-0.074837,-1,,,,,,,,,,,,,,,,
19.101578,triangle_0.20_сторона B,5787,144801,25004,0,0,1.326291,1.326291,1.402097,1.353749,29,28,14667,16342,45,41,1.592261,1.351351,1.564953,0.207786,-0.037388,-1,,,,,,,,,,,,,,,,
19.127437,triangle_0.20_сторона B,5788,144826,25072,0,0,1.326291,1.326291,1.350077,1.398294,28,29,14695,16370,46,40,1.592288,1.356546,1.565888,0.207222,0.037287,-1,,,,,,,,,,,,,,,,
19.151481,triangle_0.20_сторона B,5789,144851,24940,0,0,1.326291,1.326291,1.357223,1.308750,28,27,14723,16397,46,42,1.592315,1.361559,1.564953,0.201010,-0.037484,-1,,,,,,,,,,,,,,,,
19.177121,triangle_0.20_сторона B,5790,144876,24984,0,0,1.326291,1.326291,1.354832,1.354832,28,28,14751,16426,46,41,1.592345,1.366663,1.564953,0.204304,0.000000,-1,,,,,,,,,,,,,,,,
19.203701,triangle_0.20_сторона B,5791,144901,25008,0,0,1.326291,1.326291,1.305192,1.353532,27,28,14779,16454,46,41,1.592372,1.371676,1.565888,0.200463,0.037382,-1,,,,,,,,,,,,,,,,
19.228199,triangle_0.20_сторона B,5792,144926,25016,0,0,1.326291,1.326291,1.449749,1.304774,30,27,14808,16480,44,42,1.592405,1.376872,1.563083,0.207686,-0.112111,-1,,,,,,,,,,,,,,,,
19.251799,triangle_0.20_сторона B,5793,144951,25032,0,0,1.326291,1.326291,1.352234,1.255646,28,26,14836,16507,46,42,1.592448,1.381794,1.561213,0.196630,-0.074693,-1,,,,,,,,,,,,,,,,
19.277158,triangle_0.20_сторона B,5794,144976,24944,0,0,1.326291,1.326291,1.308540,1.260076,27,26,14864,16532,46,42,1.592496,1.386624,1.560279,0.193669,-0.037478,-1,,,,,,,,,,,,,,,,
19.304077,triangle_0.20_сторона B,5795,145001,25028,0,0,1.326291,1.326291,1.352450,1.304149,28,27,14892,16559,46,42,1.592551,1.391637,1.559344,0.200303,-0.037353,-1,,,,,,,,,,,,,,,,
19.327730,triangle_0.20_сторона B,5796,145027,25020,0,0,1.326291,1.326291,1.352883,1.304566,28,27,14919,16587,45,42,1.592611,1.396650,1.558409,0.200367,-0.037365,-1,,,,,,,,,,,,,,,,
19.361637,triangle_0.20_сторона B,5797,145051,24972,0,0,1.326291,1.326291,1.355483,1.355483,28,28,14947,16614,45,41,1.592674,1.401754,1.558409,0.204402,0.000000,-1,,,,,,,,,,,,,,,,
19.382602,triangle_0.20_сторона B,5798,145076,24980,0,0,1.326291,1.326291,1.355049,1.306655,28,27,14975,16641,45,42,1.592739,1.406767,1.557474,0.200688,-0.037424,-1,,,,,,,,,,,,,,,,
19.403314,triangle_0.20_сторона B,5799,145101,25012,0,0,1.326291,1.326291,1.304983,1.304983,27,27,15002,16669,46,42,1.592804,1.411688,1.557474,0.196787,0.000000,-1,,,,,,,,,,,,,,,,
19.440610,triangle_0.20_сторона B,5800,145126,25048,0,0,1.326291,1.326291,1.351371,1.351371,28,28,15030,16696,45,41,1.592872,1.416792,1.557474,0.203782,0.000000,-1,,,,,,,,,,,,,,,,
19.454177,triangle_0.20_сторона B,5801,145150,24940,0,0,1.326291,1.326291,1.308750,1.260278,27,26,15057,16723,46,43,1.592939,1.421623,1.556539,0.193700,-0.037484,-1,,,,,,,,,,,,,,,,
19.480995,triangle_0.20_сторона B,5802,145176,25032,0,0,1.326291,1.326291,1.303940,1.352234,27,28,15084,16751,46,41,1.593008,1.426635,1.557474,0.200271,0.037347,-1,,,,,,,,,,,,,,,,
19.506872,triangle_0.20_сторона B,5803,145201,24992,0,0,1.326291,1.326291,1.354399,1.306027,28,27,15112,16778,45,42,1.593077,1.431648,1.556539,0.200591,-0.037406,-1,,,,,,,,,,,,,,,,
19.530944,triangle_0.20_сторона B,5804,145226,25004,0,0,1.326291,1.326291,1.305400,1.305400,27,27,15139,16804,46,42,1.593147,1.436570,1.556539,0.196850,0.000000,-1,,,,,,,,,,,,,,,,
19.557149,triangle_0.20_сторона B,5805,145251,24976,0,0,1.326291,1.326291,1.258462,1.355266,26,28,15165,16832,47,41,1.593213,1.441491,1.558409,0.197070,0.074861,-1,,,,,,,,,,,,,,,,
19.580903,triangle_0.20_сторона B,5806,145276,25008,0,0,1.326291,1.326291,1.353532,1.256851,28,26,15194,16858,45,43,1.593278,1.446413,1.556539,0.196818,-0.074765,-1,,,,,,,,,,,,,,,,
19.607802,triangle_0.20_сторона B,5807,145301,25020,0,0,1.326291,1.326291,1.304566,1.304566,27,27,15220,16885,46,42,1.593349,1.451334,1.556539,0.196724,0.000000,-1,,,,,,,,,,,,,,,,
19.632035,triangle_0.20_сторона B,5808,145326,24984,0,0,1.326291,1.326291,1.209672,1.161285,25,24,15244,16909,48,44,1.593414,1.455800,1.555604,0.178766,-0.037418,-1,,,,,,,,,,,,,,,,
19.656059,triangle_0.20_сторона B,5809,145351,24996,0,0,1.326291,1.326291,0.918909,0.677091,19,14,15264,16923,52,52,1.593467,1.458807,1.550930,0.120336,-0.187002,-1,,,,,,,,,,,,,,,,
19.682359,triangle_0.20_сторона B,5810,145376,24996,0,0,1.326291,1.326291,0.677091,0.532000,14,11,15277,16933,57,55,1.593516,1.461086,1.548126,0.091163,-0.112201,-1,,,,,,,,,,,,,,,,
19.708436,triangle_0.20_сторона B,5811,145401,25000,0,0,1.326291,1.326291,0.580271,0.435203,12,9,15290,16943,59,58,1.593562,1.462999,1.545321,0.076565,-0.112183,-1,,,,,,,,,,,,,,,,
19.734501,triangle_0.20_сторона B,5812,145426,24996,0,0,1.326291,1.326291,0.725455,0.435273,15,9,15305,16952,59,60,1.593624,1.465186,1.539712,0.087517,-0.224402,-1,,,,,,,,,,,,,,,,
19.757769,triangle_0.20_сторона B,5813,145451,25008,0,0,1.326291,1.326291,0.870128,0.338383,18,7,15323,16958,58,63,1.593706,1.467463,1.529428,0.091120,-0.411206,-1,,,,,,,,,,,,,,,,
19.787719,triangle_0.20_пауза,5814,145476,25004,0,0,1.326291,1.326291,0.918615,0.338437,19,7,15342,16965,58,65,1.593817,1.469830,1.518210,0.094780,-0.448661,-1,,,,,,,,,,,,,,,,
19.808142,triangle_0.20_пауза,5815,145501,25000,0,0,0.000000,0.000000,0.725339,0.386847,15,8,15357,16974,1,9,1.593934,1.471924,1.511666,0.083857,-0.261760,-1,,,,,,,,,,,,,,,,
19.833956,triangle_0.20_пауза,5816,145526,24984,0,0,0.000000,0.000000,0.290321,0.193547,6,4,15362,16977,6,11,1.593989,1.472833,1.509796,0.036483,-0.074837,-1,,,,,,,,,,,,,,,,
19.858873,triangle_0.20_пауза,5817,145551,25024,0,0,0.000000,0.000000,-0.048310,-0.048310,-1,-1,15361,16976,10,14,1.593978,1.472651,1.509796,-0.007285,0.000000,-1,,,,,,,,,,,,,,,,
19.884306,triangle_0.20_пауза,5818,145575,24996,0,0,0.000000,0.000000,-0.048364,0.000000,-1,0,15360,16976,10,13,1.593973,1.472561,1.510731,-0.003647,0.037400,-1,,,,,,,,,,,,,,,,
19.910195,triangle_0.20_пауза,5819,145601,25008,0,0,0.000000,0.000000,0.000000,0.000000,0,0,15360,16976,10,13,1.593973,1.472561,1.510731,0.000000,0.000000,-1,,,,,,,,,,,,,,,,
19.936683,triangle_0.20_пауза,5820,145626,24988,0,0,0.000000,0.000000,0.000000,0.000000,0,0,15360,16976,10,13,1.593973,1.472561,1.510731,0.000000,0.000000,-1,,,,,,,,,,,,,,,,
19.960015,triangle_0.20_пауза,5821,145650,24984,0,0,0.000000,0.000000,0.000000,0.000000,0,0,15360,16976,10,13,1.593973,1.472561,1.510731,0.000000,0.000000,-1,,,,,,,,,,,,,,,,
19.986424,triangle_0.20_пауза,5822,145676,25028,0,0,0.000000,0.000000,0.000000,0.000000,0,0,15360,16976,10,13,1.593973,1.472561,1.510731,0.000000,0.000000,-1,,,,,,,,,,,,,,,,
20.012809,triangle_0.20_пауза,5823,145700,24980,0,0,0.000000,0.000000,0.000000,0.000000,0,0,15360,16976,10,13,1.593973,1.472561,1.510731,0.000000,0.000000,-1,,,,,,,,,,,,,,,,
20.036091,triangle_0.20_пауза,5824,145726,25024,0,0,0.000000,0.000000,0.000000,0.000000,0,0,15360,16976,10,13,1.593973,1.472561,1.510731,0.000000,0.000000,-1,,,,,,,,,,,,,,,,
20.062699,triangle_0.20_пауза,5825,145751,24988,0,0,0.000000,0.000000,0.000000,0.000000,0,0,15360,16976,10,13,1.593973,1.472561,1.510731,0.000000,0.000000,-1,,,,,,,,,,,,,,,,
20.086398,triangle_0.20_пауза,5826,145775,25004,0,0,0.000000,0.000000,0.000000,0.000000,0,0,15360,16976,10,13,1.593973,1.472561,1.510731,0.000000,0.000000,-1,,,,,,,,,,,,,,,,
20.112826,triangle_0.20_пауза,5827,145801,24984,0,0,0.000000,0.000000,0.000000,0.000000,0,0,15360,16976,10,13,1.593973,1.472561,1.510731,0.000000,0.000000,-1,,,,,,,,,,,,,,,,
20.139727,triangle_0.20_пауза,5828,145825,24992,0,0,0.000000,0.000000,0.000000,0.000000,0,0,15360,16976,10,13,1.593973,1.472561,1.510731,0.000000,0.000000,-1,,,,,,,,,,,,,,,,
20.162734,triangle_0.20_пауза,5829,145851,25012,0,0,0.000000,0.000000,0.000000,0.000000,0,0,15360,16976,10,13,1.593973,1.472561,1.510731,0.000000,0.000000,-1,,,,,,,,,,,,,,,,
20.194875,triangle_0.20_пауза,5830,145875,25008,0,0,0.000000,0.000000,0.000000,0.000000,0,0,15360,16976,10,13,1.593973,1.472561,1.510731,0.000000,0.000000,-1,,,,,,,,,,,,,,,,
20.212339,triangle_0.20_пауза,5831,145901,25004,0,0,0.000000,0.000000,0.000000,0.000000,0,0,15360,16976,10,13,1.593973,1.472561,1.510731,0.000000,0.000000,-1,,,,,,,,,,,,,,,,
20.238719,triangle_0.20_пауза,5832,145926,24984,0,0,0.000000,0.000000,0.000000,0.000000,0,0,15360,16976,10,13,1.593973,1.472561,1.510731,0.000000,0.000000,-1,,,,,,,,,,,,,,,,
20.264008,triangle_0.20_пауза,5833,145950,25012,0,0,0.000000,0.000000,0.000000,0.000000,0,0,15360,16976,10,13,1.593973,1.472561,1.510731,0.000000,0.000000,-1,,,,,,,,,,,,,,,,
20.295993,triangle_0.20_пауза,5834,145976,24984,0,0,0.000000,0.000000,0.000000,0.000000,0,0,15360,16976,10,13,1.593973,1.472561,1.510731,0.000000,0.000000,-1,,,,,,,,,,,,,,,,
20.321407,triangle_0.20_пауза,5835,146000,25016,0,0,0.000000,0.000000,0.000000,0.000000,0,0,15360,16976,10,13,1.593973,1.472561,1.510731,0.000000,0.000000,-1,,,,,,,,,,,,,,,,
20.342142,triangle_0.20_пауза,5836,146026,24980,0,0,0.000000,0.000000,0.000000,0.000000,0,0,15360,16976,10,13,1.593973,1.472561,1.510731,0.000000,0.000000,-1,,,,,,,,,,,,,,,,
20.370945,triangle_0.20_пауза,5837,146051,25016,0,0,0.000000,0.000000,0.000000,0.000000,0,0,15360,16976,10,13,1.593973,1.472561,1.510731,0.000000,0.000000,-1,,,,,,,,,,,,,,,,
20.403811,triangle_0.20_разворот 135,5838,146075,25004,0,0,0.000000,0.000000,0.000000,0.000000,0,0,15360,16976,10,13,1.593973,1.472561,1.510731,0.000000,0.000000,-1,,,,,,,,,,,,,,,,
20.419136,triangle_0.20_разворот 135,5839,146101,24996,0,0,-0.387940,0.387940,0.000000,0.000000,0,0,15360,16976,-14,36,1.593973,1.472561,1.510731,0.000000,0.000000,-1,,,,,,,,,,,,,,,,
20.449663,triangle_0.20_разворот 135,5840,146126,24988,0,0,-0.387940,0.387940,-0.096758,0.048379,-2,1,15358,16977,-13,36,1.593967,1.472470,1.513536,-0.003648,0.112237,-1,,,,,,,,,,,,,,,,
20.475125,triangle_0.20_разворот 135,5841,146151,25008,0,0,-0.387940,0.387940,-0.193362,0.000000,-4,0,15354,16977,-12,37,1.593947,1.472106,1.517275,-0.014579,0.149530,-1,,,,,,,,,,,,,,,,
20.497017,triangle_0.20_разворот 135,5842,146176,25012,0,0,-0.387940,0.387940,-0.241664,0.048333,-5,1,15348,16978,-12,37,1.593929,1.471741,1.522884,-0.014577,0.224258,-1,,,,,,,,,,,,,,,,
20.521369,triangle_0.20_разворот 135,5843,146201,25000,0,0,-0.387940,0.387940,-0.145068,0.000000,-3,0,15346,16978,-14,39,1.593916,1.471468,1.525689,-0.010938,0.112183,-1,,,,,,,,,,,,,,,,
20.549568,triangle_0.20_разворот 135,5844,146226,25000,0,0,-0.387940,0.387940,0.000000,0.000000,0,0,15346,16978,-16,39,1.593916,1.471468,1.525689,0.000000,0.000000,-1,,,,,,,,,,,,,,,,
20.569327,triangle_0.20_разворот 135,5845,146250,24984,0,0,-0.387940,0.387940,0.000000,0.000000,0,0,15346,16978,-17,40,1.593916,1.471468,1.525689,0.000000,0.000000,-1,,,,,,,,,,,,,,,,
20.627846,triangle_0.20_разворот 135,5846,146276,25020,0,0,-0.387940,0.387940,0.000000,0.000000,0,0,15346,16978,-18,41,1.593916,1.471468,1.525689,0.000000,0.000000,-1,,,,,,,,,,,,,,,,
20.627846,triangle_0.20_разворот 135,5847,146300,24976,0,0,-0.387940,0.387940,0.000000,0.000000,0,0,15346,16978,-19,42,1.593916,1.471468,1.525689,0.000000,0.000000,-1,,,,,,,,,,,,,,,,
20.643658,triangle_0.20_разворот 135,5848,146326,25004,0,0,-0.387940,0.387940,0.000000,0.000000,0,0,15346,16978,-19,42,1.593916,1.471468,1.525689,0.000000,0.000000,-1,,,,,,,,,,,,,,,,
20.671970,triangle_0.20_разворот 135,5849,146351,25016,0,0,-0.387940,0.387940,-0.048325,0.000000,-1,0,15345,16978,-19,43,1.593912,1.471377,1.526624,-0.003644,0.037370,-1,,,,,,,,,,,,,,,,
20.695498,triangle_0.20_разворот 135,5850,146376,25000,0,0,-0.387940,0.387940,-0.048356,0.000000,-1,0,15344,16978,-20,44,1.593908,1.471286,1.527559,-0.003646,0.037394,-1,,,,,,,,,,,,,,,,
20.719082,triangle_0.20_разворот 135,5851,146401,24980,0,0,-0.387940,0.387940,-0.048395,0.000000,-1,0,15343,16978,-21,45,1.593904,1.471195,1.528493,-0.003649,0.037424,-1,,,,,,,,,,,,,,,,
20.746332,triangle_0.20_разворот 135,5852,146425,24996,0,0,-0.387940,0.387940,-0.096727,0.000000,-2,0,15341,16978,-21,46,1.593896,1.471013,1.530363,-0.007293,0.074801,-1,,,,,,,,,,,,,,,,
20.770732,triangle_0.20_разворот 135,5853,146451,25028,0,0,-0.387940,0.387940,-0.096604,0.048302,-2,1,15339,16979,-21,46,1.593893,1.470922,1.533168,-0.003642,0.112058,-1,,,,,,,,,,,,,,,,
20.795096,triangle_0.20_разворот 135,5854,146476,24972,0,0,-0.387940,0.387940,-0.048410,0.000000,-1,0,15338,16979,-23,47,1.593889,1.470831,1.534102,-0.003650,0.037436,-1,,,,,,,,,,,,,,,,
20.821547,triangle_0.20_разворот 135,5855,146501,25012,0,0,-0.387940,0.387940,0.000000,0.000000,0,0,15338,16979,-24,48,1.593889,1.470831,1.534102,0.000000,0.000000,-1,,,,,,,,,,,,,,,,
20.845445,triangle_0.20_разворот 135,5856,146526,24996,0,0,-0.387940,0.387940,0.000000,0.000000,0,0,15338,16979,-25,49,1.593889,1.470831,1.534102,0.000000,0.000000,-1,,,,,,,,,,,,,,,,
20.871782,triangle_0.20_разворот 135,5857,146550,25004,0,0,-0.387940,0.387940,0.000000,0.000000,0,0,15338,16979,-26,49,1.593889,1.470831,1.534102,0.000000,0.000000,-1,,,,,,,,,,,,,,,,
20.895431,triangle_0.20_разворот 135,5858,146576,25004,0,0,-0.387940,0.387940,0.000000,0.000000,0,0,15338,16979,-26,50,1.593889,1.470831,1.534102,0.000000,0.000000,-1,,,,,,,,,,,,,,,,
20.921260,triangle_0.20_разворот 135,5859,146600,25000,0,0,-0.387940,0.387940,0.000000,0.000000,0,0,15338,16979,-27,51,1.593889,1.470831,1.534102,0.000000,0.000000,-1,,,,,,,,,,,,,,,,
20.945493,triangle_0.20_разворот 135,5860,146626,24988,0,0,-0.387940,0.387940,0.000000,0.000000,0,0,15338,16979,-28,52,1.593889,1.470831,1.534102,0.000000,0.000000,-1,,,,,,,,,,,,,,,,
20.971992,triangle_0.20_разворот 135,5861,146651,25020,0,0,-0.387940,0.387940,-0.048317,0.000000,-1,0,15337,16979,-28,52,1.593886,1.470740,1.535037,-0.003643,0.037364,-1,,,,,,,,,,,,,,,,
20.998948,triangle_0.20_разворот 135,5862,146676,24988,0,0,-0.387940,0.387940,-0.048379,0.000000,-1,0,15336,16979,-29,53,1.593883,1.470649,1.535972,-0.003648,0.037412,-1,,,,,,,,,,,,,,,,
21.023251,triangle_0.20_разворот 135,5863,146701,25004,0,0,-0.387940,0.387940,-0.048348,0.048348,-1,1,15335,16980,-29,53,1.593883,1.470649,1.537842,0.000000,0.074777,-1,,,,,,,,,,,,,,,,
21.046847,triangle_0.20_разворот 135,5864,146725,25008,0,0,-0.387940,0.387940,0.000000,0.000000,0,0,15335,16980,-31,55,1.593883,1.470649,1.537842,0.000000,0.000000,-1,,,,,,,,,,,,,,,,
21.075897,triangle_0.20_разворот 135,5865,146751,24980,0,0,-0.387940,0.387940,-0.048395,0.096789,-1,2,15334,16982,-31,54,1.593886,1.470740,1.540646,0.003649,0.112273,-1,,,,,,,,,,,,,,,,
21.099215,triangle_0.20_разворот 135,5866,146776,25020,0,0,-0.387940,0.387940,-0.096634,0.241586,-2,5,15332,16987,-31,52,1.593893,1.471013,1.547190,0.010929,0.261551,-1,,,,,,,,,,,,,,,,
21.125869,triangle_0.20_разворот 135,5867,146801,24996,0,0,-0.387940,0.387940,-0.048364,0.290182,-1,6,15331,16993,-32,52,1.593902,1.471469,1.553734,0.018233,0.261802,-1,,,,,,,,,,,,,,,,
21.149937,triangle_0.20_разворот 135,5868,146826,25000,0,0,-0.387940,0.387940,-0.048356,0.290135,-1,6,15330,16999,-33,52,1.593909,1.471924,1.560278,0.018230,0.261760,-1,,,,,,,,,,,,,,,,
21.173956,triangle_0.20_разворот 135,5869,146851,25000,0,0,-0.387940,0.387940,-0.193424,0.386847,-4,8,15326,17007,-31,51,1.593911,1.472289,1.571497,0.014584,0.448732,-1,,,,,,,,,,,,,,,,
21.199821,triangle_0.20_разворот 135,5870,146876,24996,0,0,-0.387940,0.387940,-0.290182,0.435273,-6,9,15320,17016,-30,50,1.593908,1.472562,1.585519,0.010940,0.561005,-1,,,,,,,,,,,,,,,,
21.226302,triangle_0.20_разворот 135,5871,146900,25012,0,0,-0.387940,0.387940,-0.241664,0.434994,-5,9,15314,17026,-31,50,1.593901,1.472927,1.598607,0.014577,0.523270,-1,,,,,,,,,,,,,,,,
21.250144,triangle_0.20_разворот 135,5872,146926,24972,0,0,-0.387940,0.387940,-0.290461,0.435691,-6,9,15308,17034,-31,50,1.593891,1.473200,1.612630,0.010950,0.561544,-1,,,,,,,,,,,,,,,,
21.274382,triangle_0.20_разворот 135,5873,146951,25000,0,0,-0.387940,0.387940,-0.290135,0.435203,-6,9,15302,17043,-31,50,1.593878,1.473473,1.626653,0.010938,0.560915,-1,,,,,,,,,,,,,,,,
21.300912,triangle_0.20_разворот 135,5874,146976,25024,0,0,-0.387940,0.387940,-0.241548,0.338167,-5,7,15298,17051,-32,51,1.593867,1.473655,1.637871,0.007285,0.448302,-1,,,,,,,,,,,,,,,,
21.327220,triangle_0.20_разворот 135,5875,147001,24976,0,0,-0.387940,0.387940,-0.242012,0.338817,-5,7,15293,17058,-32,51,1.593853,1.473837,1.649090,0.007299,0.449163,-1,,,,,,,,,,,,,,,,
21.358053,triangle_0.20_разворот 135,5876,147026,25004,0,0,-0.387940,0.387940,-0.241741,0.338437,-5,7,15287,17064,-32,51,1.593838,1.474019,1.660308,0.007291,0.448660,-1,,,,,,,,,,,,,,,,
21.381204,triangle_0.20_разворот 135,5877,147051,25240,0,0,-0.387940,0.387940,-0.143688,0.335273,-3,7,15285,17071,-34,52,1.593804,1.474382,1.669657,0.014445,0.370388,-1,,,,,,,,,,,,,,,,
21.402328,triangle_0.20_разворот 135,5878,147076,24772,0,0,-0.387940,0.387940,-0.195204,0.390408,-4,8,15281,17080,-34,51,1.593766,1.474744,1.680875,0.014718,0.452862,-1,,,,,,,,,,,,,,,,
21.428995,triangle_0.20_разворот 135,5879,147101,24996,0,0,-0.387940,0.387940,-0.241818,0.435273,-5,9,15276,17088,-33,50,1.593723,1.475106,1.693963,0.014586,0.523605,-1,,,,,,,,,,,,,,,,
21.451997,triangle_0.20_разворот 135,5880,147126,25020,0,0,-0.387940,0.387940,-0.193269,0.338221,-4,7,15272,17096,-34,52,1.593688,1.475378,1.704246,0.010929,0.411009,-1,,,,,,,,,,,,,,,,
21.480854,triangle_0.20_разворот 135,5881,147151,24980,0,0,-0.387940,0.387940,-0.241973,0.387157,-5,8,15267,17103,-34,51,1.593650,1.475648,1.716400,0.010947,0.486516,-1,,,,,,,,,,,,,,,,
21.502430,triangle_0.20_разворот 135,5882,147176,25016,0,0,-0.387940,0.387940,-0.241625,0.289950,-5,6,15262,17110,-34,52,1.593637,1.475739,1.726683,0.003644,0.411075,-1,,,,,,,,,,,,,,,,
21.527970,triangle_0.20_разворот 135,5883,147201,24984,0,0,-0.387940,0.387940,-0.193547,0.241934,-4,5,15258,17114,-35,53,1.593622,1.475829,1.735097,0.003648,0.336765,-1,,,,,,,,,,,,,,,,
21.556720,triangle_0.20_разворот 135,5884,147226,24988,0,0,-0.387940,0.387940,-0.145137,0.096758,-3,2,15255,17117,-37,56,1.593637,1.475739,1.739771,-0.003648,0.187062,-1,,,,,,,,,,,,,,,,
21.586685,triangle_0.20_разворот 135,5885,147251,25020,0,0,-0.387940,0.387940,-0.241586,0.193269,-5,4,15250,17120,-36,55,1.593653,1.475649,1.748185,-0.003643,0.336280,-1,,,,,,,,,,,,,,,,
21.604488,triangle_0.20_разворот 135,5886,147276,24980,0,0,-0.387940,0.387940,-0.290368,0.048395,-6,1,15243,17121,-35,57,1.593735,1.475201,1.754729,-0.018244,0.261970,-1,,,,,,,,,,,,,,,,
21.629420,triangle_0.20_разворот 135,5887,147301,25024,0,0,-0.387940,0.387940,-0.289857,0.096619,-6,2,15238,17124,-35,57,1.593803,1.474842,1.762208,-0.014570,0.298868,-1,,,,,,,,,,,,,,,,
21.657510,triangle_0.20_разворот 135,5888,147325,24988,0,0,-0.387940,0.387940,-0.241896,0.290275,-5,6,15232,17129,-36,55,1.593785,1.474932,1.772491,0.003648,0.411535,-1,,,,,,,,,,,,,,,,
21.679581,triangle_0.20_разворот 135,5889,147351,24996,0,0,-0.387940,0.387940,-0.241818,0.241818,-5,5,15227,17134,-37,56,1.593785,1.474932,1.781840,0.000000,0.374003,-1,,,,,,,,,,,,,,,,
21.704062,triangle_0.20_разворот 135,5890,147376,25008,0,0,-0.387940,0.387940,-0.338383,0.338383,-7,7,15221,17141,-35,55,1.593785,1.474932,1.794928,0.000000,0.523353,-1,,,,,,,,,,,,,,,,
21.731874,triangle_0.20_разворот 135,5891,147401,24988,0,0,-0.387940,0.387940,-0.338654,0.435412,-7,9,15214,17150,-36,53,1.593743,1.475109,1.809885,0.007295,0.598597,-1,,,,,,,,,,,,,,,,
21.756848,triangle_0.20_разворот 135,5892,147426,25024,0,0,-0.387940,0.387940,-0.241548,0.434786,-5,9,15208,17159,-37,53,1.593655,1.475463,1.822973,0.014570,0.523019,-1,,,,,,,,,,,,,,,,
21.781441,triangle_0.20_разворот 135,5893,147451,24976,0,0,-0.387940,0.387940,-0.338817,0.387219,-7,8,15202,17167,-36,54,1.593631,1.475551,1.836996,0.003649,0.561454,-1,,,,,,,,,,,,,,,,
21.806778,triangle_0.20_разворот 135,5894,147476,25016,0,0,-0.387940,0.387940,-0.193300,0.289950,-4,6,15198,17174,-38,55,1.593582,1.475726,1.846345,0.007287,0.373704,-1,,,,,,,,,,,,,,,,
21.832097,triangle_0.20_разворот 135,5895,147501,24980,0,0,-0.387940,0.387940,-0.193578,0.338762,-4,7,15194,17180,-39,55,1.593507,1.475989,1.856628,0.010947,0.411667,-1,,,,,,,,,,,,,,,,
21.857306,triangle_0.20_разворот 135,5896,147526,25012,0,0,-0.387940,0.387940,-0.193331,0.241664,-4,5,15189,17186,-39,56,1.593481,1.476077,1.865042,0.003644,0.336388,-1,,,,,,,,,,,,,,,,
21.882549,triangle_0.20_разворот 135,5897,147551,25012,0,0,-0.387940,0.387940,-0.289996,0.289996,-6,6,15183,17191,-38,56,1.593481,1.476077,1.876260,0.000000,0.448517,-1,,,,,,,,,,,,,,,,
21.907446,triangle_0.20_разворот 135,5898,147576,24976,0,0,-0.387940,0.387940,-0.338817,0.242012,-7,5,15177,17197,-37,57,1.593536,1.475903,1.887479,-0.007299,0.449163,-1,,,,,,,,,,,,,,,,
21.932775,triangle_0.20_разворот 135,5899,147601,25020,0,0,-0.387940,0.387940,-0.338221,0.241586,-7,5,15170,17201,-37,57,1.593594,1.475730,1.898697,-0.007286,0.448374,-1,,,,,,,,,,,,,,,,
21.958084,triangle_0.20_разворот 135,5900,147625,24996,0,0,-0.387940,0.387940,-0.290182,0.290182,-6,6,15164,17207,-38,57,1.593594,1.475730,1.909915,0.000000,0.448804,-1,,,,,,,,,,,,,,,,
21.983091,triangle_0.20_разворот 135,5901,147651,24988,0,0,-0.387940,0.387940,-0.387033,0.290275,-8,6,15156,17214,-37,57,1.593656,1.475559,1.923003,-0.007295,0.523772,-1,,,,,,,,,,,,,,,,
22.008464,triangle_0.20_разворот 135,5902,147676,25016,0,0,-0.387940,0.387940,-0.338275,0.338275,-7,7,15148,17221,-38,57,1.593656,1.475559,1.936091,0.000000,0.523186,-1,,,,,,,,,,,,,,,,
22.033851,triangle_0.20_разворот 135,5903,147701,24992,0,0,-0.387940,0.387940,-0.386971,0.483714,-8,10,15140,17230,-37,54,1.593589,1.475728,1.952919,0.007294,0.673314,-1,,,,,,,,,,,,,,,,
22.061963,triangle_0.20_разворот 135,5904,147726,24988,0,0,-0.387940,0.387940,-0.387033,0.483791,-8,10,15132,17241,-37,54,1.593520,1.475897,1.969746,0.007295,0.673422,-1,,,,,,,,,,,,,,,,
22.085783,triangle_0.20_разворот 135,5905,147750,25004,0,0,-0.387940,0.387940,-0.338437,0.483482,-7,10,15126,17250,-38,54,1.593412,1.476148,1.985639,0.010936,0.635602,-1,,,,,,,,,,,,,,,,
22.109673,triangle_0.20_разворот 135,5906,147776,25008,0,0,-0.387940,0.387940,-0.241702,0.435064,-5,9,15121,17259,-39,55,1.593263,1.476481,1.998727,0.014579,0.523353,-1,,,,,,,,,,,,,,,,
22.136198,triangle_0.20_разворот 135,5907,147801,25004,0,0,-0.387940,0.387940,-0.193393,0.290089,-4,6,15117,17265,-40,57,1.593186,1.476646,2.008075,0.007291,0.373884,-1,,,,,,,,,,,,,,,,
22.161985,triangle_0.20_разворот 135,5908,147826,25004,0,0,-0.387940,0.387940,-0.193393,0.241741,-4,5,15113,17271,-41,58,1.593147,1.476729,2.016489,0.003645,0.336495,-1,,,,,,,,,,,,,,,,
22.184489,triangle_0.20_разворот 135,5909,147851,24980,0,0,-0.387940,0.387940,-0.096789,0.290368,-2,6,15110,17276,-43,57,1.592989,1.477057,2.023968,0.014595,0.299394,-1,,,,,,,,,,,,,,,,
22.210965,triangle_0.20_разворот 135,5910,147876,25008,0,0,-0.387940,0.387940,-0.145021,0.193362,-3,4,15108,17281,-43,59,1.592949,1.477139,2.030512,0.003645,0.261677,-1,,,,,,,,,,,,,,,,
22.237227,triangle_0.20_разворот 135,5911,147901,25008,0,0,-0.387940,0.387940,-0.193362,0.193362,-4,4,15104,17284,-42,59,1.592949,1.477139,2.037991,0.000000,0.299059,-1,,,,,,,,,,,,,,,,
22.260702,triangle_0.20_разворот 135,5912,147926,25000,0,0,-0.387940,0.387940,-0.193424,0.241780,-4,5,15100,17289,-43,59,1.592907,1.477220,2.046405,0.003646,0.336549,-1,,,,,,,,,,,,,,,,
22.287864,triangle_0.20_разворот 135,5913,147951,25004,0,0,-0.387940,0.387940,-0.193393,0.241741,-4,5,15096,17294,-43,59,1.592865,1.477301,2.054819,0.003645,0.336495,-1,,,,,,,,,,,,,,,,
22.312204,triangle_0.20_разворот 135,5914,147976,25000,0,0,-0.387940,0.387940,-0.193424,0.290135,-4,6,15092,17300,-43,59,1.592780,1.477462,2.064167,0.007292,0.373944,-1,,,,,,,,,,,,,,,,
22.361208,triangle_0.20_разворот 135,5915,148001,24996,0,0,-0.387940,0.387940,-0.290182,0.386909,-6,8,15086,17308,-42,57,1.592692,1.477622,2.077255,0.007293,0.523605,-1,,,,,,,,,,,,,,,,
22.363923,triangle_0.20_разворот 135,5916,148026,25012,0,0,-0.387940,0.387940,-0.241664,0.483327,-5,10,15081,17318,-43,56,1.592468,1.478019,2.091278,0.018221,0.560646,-1,,,,,,,,,,,,,,,,
22.387811,triangle_0.20_разворот 135,5917,148050,24972,0,0,-0.387940,0.387940,-0.290461,0.435691,-6,9,15075,17327,-43,57,1.592331,1.478255,2.105301,0.010950,0.561544,-1,,,,,,,,,,,,,,,,
22.413675,triangle_0.20_разворот 135,5918,148076,25008,0,0,-0.387940,0.387940,-0.386723,0.386723,-8,8,15067,17336,-42,57,1.592331,1.478255,2.120259,0.000000,0.598118,-1,,,,,,,,,,,,,,,,
22.438738,triangle_0.20_разворот 135,5919,148101,24992,0,0,-0.387940,0.387940,-0.338600,0.338600,-7,7,15060,17342,-42,58,1.592331,1.478255,2.133347,0.000000,0.523689,-1,,,,,,,,,,,,,,,,
22.464379,triangle_0.20_разворот 135,5920,148126,25008,0,0,-0.387940,0.387940,-0.386723,0.338383,-8,7,15052,17349,-42,58,1.592380,1.478178,2.147369,-0.003645,0.560736,-1,,,,,,,,,,,,,,,,
22.489910,triangle_0.20_разворот 135,5921,148151,25012,0,0,-0.387940,0.387940,-0.531660,0.434994,-11,9,15041,17359,-40,57,1.592481,1.478026,2.166067,-0.007288,0.747528,-1,,,,,,,,,,,,,,,,
22.515058,triangle_0.20_разворот 135,5922,148176,25000,0,0,-0.387940,0.387940,-0.580271,0.725339,-12,15,15028,17374,-39,52,1.592324,1.478251,2.191308,0.010938,1.009647,-1,,,,,,,,,,,,,,,,
22.541171,triangle_0.20_разворот 135,5923,148201,24996,0,0,-0.387940,0.387940,-0.677091,0.870546,-14,18,15015,17392,-37,49,1.592108,1.478544,2.221223,0.014586,1.196811,-1,,,,,,,,,,,,,,,,
22.569735,triangle_0.20_разворот 135,5924,148226,25004,0,0,-0.387940,0.387940,-0.725223,0.918615,-15,19,15000,17411,-35,48,1.591883,1.478831,2.253009,0.014581,1.271205,-1,,,,,,,,,,,,,,,,
22.590338,triangle_0.20_разворот 135,5925,148251,25004,0,0,-0.387940,0.387940,-0.725223,1.015312,-15,21,14984,17432,-35,45,1.591531,1.479249,2.286664,0.021872,1.345981,-1,,,,,,,,,,,,,,,,
22.615548,triangle_0.20_разворот 135,5926,148276,24976,0,0,-0.387940,0.387940,-0.774438,1.113254,-16,23,14968,17455,-33,42,1.591103,1.479723,2.323123,0.025546,1.459781,-1,,,,,,,,,,,,,,,,
22.642062,triangle_0.20_разворот 135,5927,148301,25008,0,0,-0.387940,0.387940,-0.725106,1.160170,-15,24,14953,17479,-33,40,1.590532,1.480312,2.359582,0.032803,1.457913,-1,,,,,,,,,,,,,,,,
22.667178,triangle_0.20_разворот 135,5928,148326,25024,0,0,-0.387940,0.387940,-0.772952,1.207738,-16,25,14937,17504,-32,38,1.589939,1.480879,2.397912,0.032782,1.531698,-1,,,,,,,,,,,,,,,,
22.691143,triangle_0.20_разворот 135,5929,148350,24984,0,0,-0.387940,0.387940,-0.870964,1.258059,-18,26,14919,17530,-30,36,1.589392,1.481361,2.439045,0.029186,1.646405,-1,,,,,,,,,,,,,,,,
22.717609,triangle_0.20_разворот 135,5930,148376,24992,0,0,-0.387940,0.387940,-0.919056,1.209285,-19,25,14900,17556,-28,35,1.588968,1.481706,2.480179,0.021883,1.645878,-1,,,,,,,,,,,,,,,,
22.743438,triangle_0.20_разворот 135,5931,148401,25008,0,0,-0.387940,0.387940,-0.918468,1.208511,-19,25,14882,17580,-27,33,1.588529,1.482033,2.521313,0.021869,1.644825,-1,,,,,,,,,,,,,,,,
22.768031,triangle_0.20_разворот 135,5932,148426,25004,0,0,-0.387940,0.387940,-0.870267,1.160356,-18,24,14864,17604,-27,32,1.588078,1.482342,2.560577,0.021872,1.570312,-1,,,,,,,,,,,,,,,,
22.791585,triangle_0.20_разворот 135,5933,148451,25000,0,0,-0.387940,0.387940,-0.822050,1.112186,-17,23,14846,17627,-26,31,1.587615,1.482634,2.597971,0.021876,1.495774,-1,,,,,,,,,,,,,,,,
22.822700,triangle_0.20_разворот 135,5934,148476,24984,0,0,-0.387940,0.387940,-0.774190,1.016124,-16,21,14830,17648,-26,31,1.587221,1.482863,2.632561,0.018241,1.384477,-1,,,,,,,,,,,,,,,,
22.843340,triangle_0.20_разворот 135,5935,148501,24996,0,0,-0.387940,0.387940,-0.773818,1.015636,-16,21,14814,17669,-25,30,1.586820,1.483078,2.667151,0.018233,1.383813,-1,,,,,,,,,,,,,,,,
22.869845,triangle_0.20_разворот 135,5936,148526,25020,0,0,-0.387940,0.387940,-0.724759,1.014662,-15,21,14800,17690,-25,29,1.586329,1.483320,2.700806,0.021858,1.345121,-1,,,,,,,,,,,,,,,,
22.900070,triangle_0.20_разворот 135,5937,148551,25008,0,0,-0.387940,0.387940,-0.580085,0.966809,-12,20,14787,17710,-27,28,1.585665,1.483621,2.730721,0.029158,1.196236,-1,,,,,,,,,,,,,,,,
22.918664,triangle_0.20_разворот 135,5938,148576,24996,0,0,-0.387940,0.387940,-0.628727,0.967273,-13,20,14774,17730,-26,27,1.585076,1.483867,2.761572,0.025526,1.234211,-1,,,,,,,,,,,,,,,,
22.949788,triangle_0.20_разворот 135,5939,148601,24976,0,0,-0.387940,0.387940,-0.580828,0.919645,-12,19,14762,17748,-26,27,1.584480,1.484095,2.790553,0.025546,1.160339,-1,,,,,,,,,,,,,,,,
22.981634,triangle_0.20_разворот 135,5940,148626,25028,0,0,-0.387940,0.387940,-0.627923,0.869433,-13,18,14750,17766,-25,26,1.584050,1.484245,2.819533,0.018209,1.157928,-1,,,,,,,,,,,,,,,,
22.994519,triangle_0.20_разворот 135,5941,148651,24988,0,0,-0.387940,0.387940,-0.580549,0.822445,-12,17,14737,17784,-25,26,1.583616,1.484383,2.846644,0.018239,1.084957,-1,,,,,,,,,,,,,,,,
23.021013,triangle_0.20_разворот 135,5942,148676,25008,0,0,-0.387940,0.387940,-0.580085,0.821787,-12,17,14725,17801,-25,25,1.583178,1.484510,2.873755,0.018224,1.084089,-1,,,,,,,,,,,,,,,,
23.055626,triangle_0.20_разворот 135,5943,148701,24984,0,0,-0.387940,0.387940,-0.580642,0.774190,-12,16,14714,17817,-24,25,1.582825,1.484602,2.899931,0.014593,1.047712,-1,,,,,,,,,,,,,,,,
23.071984,triangle_0.20_разворот 135,5944,148726,25008,0,0,-0.387940,0.387940,-0.531745,0.821787,-11,17,14702,17834,-25,24,1.582292,1.484726,2.926107,0.021869,1.046707,-1,,,,,,,,,,,,,,,,
23.095856,triangle_0.20_разворот 135,5945,148751,24992,0,0,-0.387940,0.387940,-0.532085,0.725571,-11,15,14692,17849,-24,24,1.581935,1.484800,2.950413,0.014588,0.972564,-1,,,,,,,,,,,,,,,,
23.122563,triangle_0.20_разворот 135,5946,148775,25000,0,0,-0.387940,0.387940,-0.531915,0.773694,-11,16,14681,17864,-24,23,1.581487,1.484881,2.975654,0.018230,1.009647,-1,,,,,,,,,,,,,,,,
23.147283,triangle_0.20_разворот 135,5947,148801,25012,0,0,-0.387940,0.387940,-0.531660,0.724991,-11,15,14670,17880,-24,23,1.581127,1.484936,2.999961,0.014577,0.971787,-1,,,,,,,,,,,,,,,,
23.172704,triangle_0.20_разворот 135,5948,148826,24980,0,0,-0.387940,0.387940,-0.483946,0.677525,-10,14,14659,17894,-24,23,1.580765,1.484984,3.022397,0.014595,0.898183,-1,,,,,,,,,,,,,,,,
23.197255,triangle_0.20_разворот 135,5949,148851,25020,0,0,-0.387940,0.387940,-0.531490,0.724759,-11,15,14649,17908,-23,21,1.580403,1.485023,3.046704,0.014572,0.971476,-1,,,,,,,,,,,,,,,,
23.222318,triangle_0.20_разворот 135,5950,148876,25008,0,0,-0.387940,0.387940,-0.531745,0.676766,-11,14,14638,17923,-23,21,1.580130,1.485046,3.070075,0.010934,0.934560,-1,,,,,,,,,,,,,,,,
23.247717,triangle_0.20_разворот 135,5951,148901,24988,0,0,-0.387940,0.387940,-0.483791,0.628929,-10,13,14628,17936,-24,22,1.579857,1.485062,3.091577,0.010943,0.860483,-1,,,,,,,,,,,,,,,,
23.273468,triangle_0.20_разворот 135,5952,148926,24988,0,0,-0.387940,0.387940,-0.483791,0.628929,-10,13,14617,17949,-23,21,1.579584,1.485073,3.113079,0.010943,0.860483,-1,,,,,,,,,,,,,,,,
23.299464,triangle_0.20_разворот 135,5953,148951,25008,0,0,-0.387940,0.387940,-0.531745,0.628426,-11,13,14606,17962,-22,21,1.579402,1.485076,3.135515,0.007290,0.897177,-1,,,,,,,,,,,,,,,,
23.323323,triangle_0.20_разворот 135,5954,148976,24992,0,0,-0.387940,0.387940,-0.532085,0.628828,-11,13,14596,17975,-22,20,1.579219,1.485075,-3.125234,0.007294,0.897752,-1,,,,,,,,,,,,,,,,
23.348922,triangle_0.20_разворот 135,5955,149001,24996,0,0,-0.387940,0.387940,-0.483636,0.628727,-10,13,14586,17987,-23,20,1.578946,1.485068,-3.103732,0.010940,0.860208,-1,,,,,,,,,,,,,,,,
23.374651,triangle_0.20_разворот 135,5956,149026,25012,0,0,-0.387940,0.387940,-0.483327,0.579992,-10,12,14576,17999,-22,20,1.578764,1.485059,-3.083165,0.007288,0.822281,-1,,,,,,,,,,,,,,,,
23.400516,triangle_0.20_разворот 135,5957,149051,24996,0,0,-0.387940,0.387940,-0.483636,0.580364,-10,12,14566,18011,-22,20,1.578582,1.485046,-3.062598,0.007293,0.822807,-1,,,,,,,,,,,,,,,,
23.425878,triangle_0.20_разворот 135,5958,149075,25004,0,0,-0.387940,0.387940,-0.483482,0.531830,-10,11,14556,18023,-22,20,1.578491,1.485038,-3.042966,0.003645,0.785156,-1,,,,,,,,,,,,,,,,
23.453049,triangle_0.20_разворот 135,5959,149101,25016,0,0,-0.387940,0.387940,-0.434925,0.579900,-9,12,14546,18034,-23,19,1.578219,1.485009,-3.023334,0.010931,0.784779,-1,,,,,,,,,,,,,,,,
23.474406,triangle_0.20_разворот 135,5960,149126,24980,0,0,-0.387940,0.387940,-0.532341,0.532341,-11,11,14536,18046,-21,19,1.578219,1.485009,-3.002767,0.000000,0.823335,-1,,,,,,,,,,,,,,,,
23.500986,triangle_0.20_разворот 135,5961,149151,25024,0,0,-0.387940,0.387940,-0.483095,0.531405,-10,11,14526,18057,-21,19,1.578129,1.484995,-2.983135,0.003642,0.784528,-1,,,,,,,,,,,,,,,,
23.527520,triangle_0.20_разворот 135,5962,149176,24984,0,0,-0.387940,0.387940,-0.435482,0.532256,-9,11,14516,18067,-22,19,1.577950,1.484965,-2.964437,0.007297,0.748366,-1,,,,,,,,,,,,,,,,
23.551308,triangle_0.20_разворот 135,5963,149201,25008,0,0,-0.387940,0.387940,-0.483404,0.483404,-10,10,14506,18078,-21,19,1.577950,1.484965,-2.945740,0.000000,0.747648,-1,,,,,,,,,,,,,,,,
23.582452,triangle_0.20_разворот 135,5964,149226,24992,0,0,-0.387940,0.387940,-0.483714,0.532085,-10,11,14497,18088,-21,18,1.577860,1.484946,-2.926108,0.003647,0.785533,-1,,,,,,,,,,,,,,,,
23.603538,triangle_0.20_разворот 135,5965,149251,24996,0,0,-0.387940,0.387940,-0.435273,0.483636,-9,10,14488,18098,-21,19,1.577772,1.484926,-2.908346,0.003647,0.710606,-1,,,,,,,,,,,,,,,,
23.627514,triangle_0.20_разворот 135,5966,149276,25016,0,0,-0.387940,0.387940,-0.434925,0.434925,-9,9,14478,18108,-21,19,1.577772,1.484926,-2.891518,0.000000,0.672668,-1,,,,,,,,,,,,,,,,
23.653234,triangle_0.20_разворот 135,5967,149301,24972,0,0,-0.387940,0.387940,-0.484101,0.484101,-10,10,14469,18118,-21,18,1.577772,1.484926,-2.872821,0.000000,0.748726,-1,,,,,,,,,,,,,,,,
23.688532,triangle_0.20_разворот 135,5968,149326,25032,0,0,-0.387940,0.387940,-0.434647,0.482941,-9,10,14460,18128,-21,18,1.577684,1.484901,-2.855059,0.003641,0.709584,-1,,,,,,,,,,,,,,,,
23.704222,triangle_0.20_разворот 135,5969,149351,24988,0,0,-0.387940,0.387940,-0.483791,0.483791,-10,10,14450,18137,-20,18,1.577684,1.484901,-2.836361,0.000000,0.748246,-1,,,,,,,,,,,,,,,,
23.727952,triangle_0.20_разворот 135,5970,149376,24988,0,0,-0.387940,0.387940,-0.387033,0.435412,-8,9,14441,18146,-22,18,1.577597,1.484873,-2.820469,0.003648,0.636009,-1,,,,,,,,,,,,,,,,
23.754334,triangle_0.20_разворот 135,5971,149401,25000,0,0,-0.387940,0.387940,-0.483559,0.435203,-10,9,14432,18155,-20,18,1.577683,1.484902,-2.802706,-0.003646,0.710493,-1,,,,,,,,,,,,,,,,
23.780696,triangle_0.20_разворот 135,5972,149426,24996,0,0,-0.387940,0.387940,-0.386909,0.435273,-8,9,14423,18164,-21,18,1.577598,1.484871,-2.786814,0.003647,0.635806,-1,,,,,,,,,,,,,,,,
23.804597,triangle_0.20_разворот 135,5973,149451,25020,0,0,-0.387940,0.387940,-0.434855,0.434855,-9,9,14415,18173,-21,18,1.577598,1.484871,-2.769987,0.000000,0.672560,-1,,,,,,,,,,,,,,,,
23.828430,triangle_0.20_разворот 135,5974,149476,25000,0,0,-0.387940,0.387940,-0.386847,0.435203,-8,9,14407,18182,-21,18,1.577513,1.484838,-2.754094,0.003646,0.635704,-1,,,,,,,,,,,,,,,,
23.854732,triangle_0.20_разворот 135,5975,149501,25000,0,0,-0.387940,0.387940,-0.386847,0.386847,-8,8,14398,18191,-21,19,1.577513,1.484838,-2.739136,0.000000,0.598310,-1,,,,,,,,,,,,,,,,
23.880316,triangle_0.20_разворот 135,5976,149526,24992,0,0,-0.387940,0.387940,-0.435342,0.435342,-9,9,14390,18200,-21,18,1.577513,1.484838,-2.722309,0.000000,0.673314,-1,,,,,,,,,,,,,,,,
23.906781,triangle_0.20_разворот 135,5977,149551,25008,0,0,-0.387940,0.387940,-0.435064,0.483404,-9,10,14381,18209,-20,17,1.577430,1.484800,-2.704547,0.003645,0.710265,-1,,,,,,,,,,,,,,,,
23.929752,triangle_0.20_разворот 135,5978,149576,25008,0,0,-0.387940,0.387940,-0.435064,0.435064,-9,9,14372,18218,-20,18,1.577430,1.484800,-2.687719,0.000000,0.672883,-1,,,,,,,,,,,,,,,,
23.955788,triangle_0.20_разворот 135,5979,149601,24972,0,0,-0.387940,0.387940,-0.387281,0.387281,-8,8,14363,18227,-21,18,1.577430,1.484800,-2.672762,0.000000,0.598981,-1,,,,,,,,,,,,,,,,
23.981684,triangle_0.20_разворот 135,5980,149626,25024,0,0,-0.387940,0.387940,-0.434786,0.434786,-9,9,14355,18236,-20,18,1.577430,1.484800,-2.655934,0.000000,0.672453,-1,,,,,,,,,,,,,,,,
24.007811,triangle_0.20_разворот 135,5981,149651,24996,0,0,-0.387940,0.387940,-0.435273,0.435273,-9,9,14346,18244,-20,18,1.577430,1.484800,-2.639107,0.000000,0.673206,-1,,,,,,,,,,,,,,,,
24.033426,triangle_0.20_разворот 135,5982,149676,25008,0,0,-0.387940,0.387940,-0.435064,0.435064,-9,9,14337,18253,-20,17,1.577430,1.484800,-2.622280,0.000000,0.672883,-1,,,,,,,,,,,,,,,,
24.056373,triangle_0.20_разворот 135,5983,149701,24980,0,0,-0.387940,0.387940,-0.387157,0.435552,-8,9,14329,18262,-21,17,1.577351,1.484754,-2.606387,0.003649,0.636213,-1,,,,,,,,,,,,,,,,
24.082069,triangle_0.20_разворот 135,5984,149726,25040,0,0,-0.387940,0.387940,-0.434508,0.386229,-9,8,14320,18271,-20,18,1.577429,1.484801,-2.590495,-0.003640,0.634688,-1,,,,,,,,,,,,,,,,
24.107916,triangle_0.20_разворот 135,5985,149751,24960,0,0,-0.387940,0.387940,-0.387467,0.435901,-8,9,14312,18279,-21,17,1.577352,1.484753,-2.574602,0.003652,0.636723,-1,,,,,,,,,,,,,,,,
24.133938,triangle_0.20_разворот 135,5986,149776,25004,0,0,-0.387940,0.387940,-0.386785,0.386785,-8,8,14304,18288,-21,18,1.577352,1.484753,-2.559644,0.000000,0.598214,-1,,,,,,,,,,,,,,,,
24.157779,triangle_0.20_разворот 135,5987,149800,25004,0,0,-0.387940,0.387940,-0.386785,0.435134,-8,9,14295,18296,-21,17,1.577276,1.484702,-2.543752,0.003645,0.635602,-1,,,,,,,,,,,,,,,,
24.183533,triangle_0.20_разворот 135,5988,149826,24984,0,0,-0.387940,0.387940,-0.435482,0.387095,-9,8,14287,18305,-20,18,1.577351,1.484754,-2.527859,-0.003648,0.636111,-1,,,,,,,,,,,,,,,,
24.209135,triangle_0.20_разворот 135,5989,149851,25012,0,0,-0.387940,0.387940,-0.434994,0.434994,-9,9,14278,18313,-20,17,1.577351,1.484754,-2.511032,0.000000,0.672775,-1,,,,,,,,,,,,,,,,
24.235085,triangle_0.20_разворот 135,5990,149876,25012,0,0,-0.387940,0.387940,-0.386662,0.386662,-8,8,14270,18321,-20,18,1.577351,1.484754,-2.496074,0.000000,0.598023,-1,,,,,,,,,,,,,,,,
24.258899,triangle_0.20_разворот 135,5991,149901,24988,0,0,-0.387940,0.387940,-0.387033,0.387033,-8,8,14262,18329,-20,18,1.577351,1.484754,-2.481117,0.000000,0.598597,-1,,,,,,,,,,,,,,,,
24.284258,triangle_0.20_разворот 135,5992,149926,24996,0,0,-0.387940,0.387940,-0.386909,0.386909,-8,8,14254,18338,-20,18,1.577351,1.484754,-2.466159,0.000000,0.598405,-1,,,,,,,,,,,,,,,,
24.310369,triangle_0.20_разворот 135,5993,149951,25012,0,0,-0.387940,0.387940,-0.386662,0.434994,-8,9,14246,18346,-20,17,1.577281,1.484696,-2.450267,0.003644,0.635399,-1,,,,,,,,,,,,,,,,
24.335211,triangle_0.20_пауза,5994,149976,24996,0,0,-0.387940,0.387940,-0.386909,0.386909,-8,8,14238,18354,-20,18,1.577281,1.484696,-2.435309,0.000000,0.598405,-1,,,,,,,,,,,,,,,,
24.360718,triangle_0.20_пауза,5995,150001,25000,0,0,0.000000,0.000000,-0.386847,0.386847,-8,8,14229,18362,3,-4,1.577281,1.484696,-2.420351,0.000000,0.598310,-1,,,,,,,,,,,,,,,,
24.388413,triangle_0.20_пауза,5996,150026,25004,0,0,0.000000,0.000000,-0.241741,0.241741,-5,5,14225,18367,2,-2,1.577281,1.484696,-2.411003,0.000000,0.373884,-1,,,,,,,,,,,,,,,,
24.409827,triangle_0.20_пауза,5997,150050,24988,0,0,0.000000,0.000000,0.000000,-0.048379,0,-1,14226,18366,-1,0,1.577349,1.484757,-2.411937,-0.003648,-0.037412,-1,,,,,,,,,,,,,,,,
24.442472,triangle_0.20_пауза,5998,150076,24988,0,0,0.000000,0.000000,0.048379,0.000000,1,0,14226,18366,-1,0,1.577281,1.484696,-2.412872,0.003648,-0.037412,-1,,,,,,,,,,,,,,,,
24.464953,triangle_0.20_пауза,5999,150100,25008,0,0,0.000000,0.000000,0.000000,0.000000,0,0,14226,18366,-1,0,1.577281,1.484696,-2.412872,0.000000,0.000000,-1,,,,,,,,,,,,,,,,
24.489047,triangle_0.20_пауза,6000,150126,25020,0,0,0.000000,0.000000,0.000000,0.000000,0,0,14226,18366,-1,0,1.577281,1.484696,-2.412872,0.000000,0.000000,-1,,,,,,,,,,,,,,,,
24.510653,triangle_0.20_пауза,6001,150151,24976,0,0,0.000000,0.000000,0.000000,0.000000,0,0,14226,18366,-1,0,1.577281,1.484696,-2.412872,0.000000,0.000000,-1,,,,,,,,,,,,,,,,
24.538370,triangle_0.20_пауза,6002,150175,25024,0,0,0.000000,0.000000,0.000000,0.000000,0,0,14226,18366,-1,0,1.577281,1.484696,-2.412872,0.000000,0.000000,-1,,,,,,,,,,,,,,,,
24.561354,triangle_0.20_пауза,6003,150201,24980,0,0,0.000000,0.000000,0.000000,0.000000,0,0,14226,18366,-1,0,1.577281,1.484696,-2.412872,0.000000,0.000000,-1,,,,,,,,,,,,,,,,
24.586625,triangle_0.20_пауза,6004,150225,25008,0,0,0.000000,0.000000,0.000000,0.000000,0,0,14226,18366,-1,0,1.577281,1.484696,-2.412872,0.000000,0.000000,-1,,,,,,,,,,,,,,,,
24.613922,triangle_0.20_пауза,6005,150251,24992,0,0,0.000000,0.000000,0.000000,0.000000,0,0,14226,18366,-1,0,1.577281,1.484696,-2.412872,0.000000,0.000000,-1,,,,,,,,,,,,,,,,
24.638664,triangle_0.20_пауза,6006,150276,25012,0,0,0.000000,0.000000,0.000000,0.000000,0,0,14226,18366,-1,0,1.577281,1.484696,-2.412872,0.000000,0.000000,-1,,,,,,,,,,,,,,,,
24.663787,triangle_0.20_пауза,6007,150300,24996,0,0,0.000000,0.000000,0.000000,0.000000,0,0,14226,18366,-1,0,1.577281,1.484696,-2.412872,0.000000,0.000000,-1,,,,,,,,,,,,,,,,
24.689696,triangle_0.20_пауза,6008,150326,24984,0,0,0.000000,0.000000,0.000000,0.000000,0,0,14226,18366,-1,0,1.577281,1.484696,-2.412872,0.000000,0.000000,-1,,,,,,,,,,,,,,,,
24.713468,triangle_0.20_пауза,6009,150350,25028,0,0,0.000000,0.000000,0.000000,0.000000,0,0,14226,18366,-1,0,1.577281,1.484696,-2.412872,0.000000,0.000000,-1,,,,,,,,,,,,,,,,
24.740213,triangle_0.20_пауза,6010,150376,24976,0,0,0.000000,0.000000,0.000000,0.000000,0,0,14226,18366,-1,0,1.577281,1.484696,-2.412872,0.000000,0.000000,-1,,,,,,,,,,,,,,,,
24.765005,triangle_0.20_пауза,6011,150401,25000,0,0,0.000000,0.000000,0.000000,0.000000,0,0,14226,18366,-1,0,1.577281,1.484696,-2.412872,0.000000,0.000000,-1,,,,,,,,,,,,,,,,
24.791435,triangle_0.20_пауза,6012,150425,25004,0,0,0.000000,0.000000,0.000000,0.000000,0,0,14226,18366,-1,0,1.577281,1.484696,-2.412872,0.000000,0.000000,-1,,,,,,,,,,,,,,,,
24.815814,triangle_0.20_пауза,6013,150451,24996,0,0,0.000000,0.000000,0.000000,0.000000,0,0,14226,18366,-1,0,1.577281,1.484696,-2.412872,0.000000,0.000000,-1,,,,,,,,,,,,,,,,
24.839547,triangle_0.20_пауза,6014,150475,25028,0,0,0.000000,0.000000,0.000000,0.000000,0,0,14226,18366,-1,0,1.577281,1.484696,-2.412872,0.000000,0.000000,-1,,,,,,,,,,,,,,,,
24.864937,triangle_0.20_пауза,6015,150501,24968,0,0,0.000000,0.000000,0.000000,0.000000,0,0,14226,18366,-1,0,1.577281,1.484696,-2.412872,0.000000,0.000000,-1,,,,,,,,,,,,,,,,
24.890901,triangle_0.20_пауза,6016,150525,25004,0,0,0.000000,0.000000,0.000000,0.000000,0,0,14226,18366,-1,0,1.577281,1.484696,-2.412872,0.000000,0.000000,-1,,,,,,,,,,,,,,,,
24.916745,triangle_0.20_пауза,6017,150551,25004,0,0,0.000000,0.000000,0.000000,0.000000,0,0,14226,18366,-1,0,1.577281,1.484696,-2.412872,0.000000,0.000000,-1,,,,,,,,,,,,,,,,
24.941130,triangle_0.20_гипотенуза,6018,150576,25000,0,0,1.326291,1.326291,0.000000,0.000000,0,0,14226,18366,59,58,1.577281,1.484696,-2.412872,0.000000,0.000000,-1,,,,,,,,,,,,,,,,
24.966723,triangle_0.20_гипотенуза,6019,150601,25004,0,0,1.326291,1.326291,0.435134,0.386785,9,8,14236,18375,55,55,1.576124,1.483665,-2.413807,0.061971,-0.037388,-1,,,,,,,,,,,,,,,,
24.992156,triangle_0.20_гипотенуза,6020,150626,24992,0,0,1.326291,1.326291,1.112542,1.064170,23,22,14260,18398,47,47,1.573061,1.480938,-2.414742,0.164120,-0.037406,-1,,,,,,,,,,,,,,,,
25.017571,triangle_0.20_гипотенуза,6021,150651,25008,0,0,1.326291,1.326291,1.450213,1.401873,30,29,14289,18426,42,42,1.569040,1.477366,-2.415677,0.215042,-0.037382,-1,,,,,,,,,,,,,,,,
25.048076,triangle_0.20_гипотенуза,6022,150676,24996,0,0,1.326291,1.326291,1.354182,1.450909,28,30,14318,18457,44,41,1.565090,1.473853,-2.413807,0.211499,0.074801,-1,,,,,,,,,,,,,,,,
25.067864,triangle_0.20_гипотенуза,6023,150701,25016,0,0,1.326291,1.326291,1.401424,1.449749,29,30,14346,18486,43,41,1.561076,1.470274,-2.412872,0.214973,0.037371,-1,,,,,,,,,,,,,,,,
25.093366,triangle_0.20_гипотенуза,6024,150726,24992,0,0,1.326291,1.326291,1.354399,1.402770,28,29,14375,18515,43,41,1.557202,1.466812,-2.411937,0.207886,0.037406,-1,,,,,,,,,,,,,,,,
25.119015,triangle_0.20_гипотенуза,6025,150751,25000,0,0,1.326291,1.326291,1.353965,1.402321,28,29,14403,18544,43,41,1.553331,1.463347,-2.411003,0.207819,0.037394,-1,,,,,,,,,,,,,,,,
25.145568,triangle_0.20_гипотенуза,6026,150776,24992,0,0,1.326291,1.326291,1.402770,1.354399,29,28,14431,18573,43,42,1.549459,1.459882,-2.411937,0.207886,-0.037406,-1,,,,,,,,,,,,,,,,
25.171348,triangle_0.20_гипотенуза,6027,150801,25008,0,0,1.326291,1.326291,1.353532,1.401873,28,29,14459,18601,43,41,1.545588,1.456417,-2.411003,0.207753,0.037382,-1,,,,,,,,,,,,,,,,
25.195030,triangle_0.20_гипотенуза,6028,150827,24996,0,0,1.326291,1.326291,1.305818,1.354182,27,28,14487,18630,44,42,1.541856,1.453070,-2.410068,0.200559,0.037400,-1,,,,,,,,,,,,,,,,
25.221433,triangle_0.20_гипотенуза,6029,150851,25000,0,0,1.326291,1.326291,1.353965,1.353965,28,28,14515,18658,43,42,1.538058,1.449660,-2.410068,0.204173,0.000000,-1,,,,,,,,,,,,,,,,
25.245151,triangle_0.20_гипотенуза,6030,150876,25012,0,0,1.326291,1.326291,1.353316,1.401648,28,29,14543,18686,43,41,1.534193,1.446187,-2.409133,0.207719,0.037376,-1,,,,,,,,,,,,,,,,
25.269831,triangle_0.20_гипотенуза,6031,150901,24980,0,0,1.326291,1.326291,1.403444,1.403444,29,29,14571,18715,42,41,1.530262,1.442652,-2.409133,0.211634,0.000000,-1,,,,,,,,,,,,,,,,
25.295814,triangle_0.20_гипотенуза,6032,150926,25016,0,0,1.326291,1.326291,1.353099,1.353099,28,28,14599,18743,43,41,1.526467,1.439239,-2.409133,0.204043,0.000000,-1,,,,,,,,,,,,,,,,
25.322597,triangle_0.20_гипотенуза,6033,150951,24980,0,0,1.326291,1.326291,1.355049,1.355049,28,28,14627,18772,43,41,1.522672,1.435826,-2.409133,0.204337,0.000000,-1,,,,,,,,,,,,,,,,
25.347230,triangle_0.20_гипотенуза,6034,150976,25028,0,0,1.326291,1.326291,1.352450,1.400752,28,29,14656,18800,43,40,1.518810,1.432350,-2.408198,0.207587,0.037353,-1,,,,,,,,,,,,,,,,
25.373143,triangle_0.20_гипотенуза,6035,151001,24996,0,0,1.326291,1.326291,1.402546,1.354182,29,28,14684,18829,42,41,1.514949,1.428874,-2.409133,0.207852,-0.037400,-1,,,,,,,,,,,,,,,,
25.396567,triangle_0.20_гипотенуза,6036,151026,24984,0,0,1.326291,1.326291,1.306445,1.403219,27,29,14712,18857,43,40,1.511157,1.425457,-2.407263,0.204304,0.074837,-1,,,,,,,,,,,,,,,,
25.423629,triangle_0.20_гипотенуза,6037,151051,24996,0,0,1.326291,1.326291,1.402546,1.354182,29,28,14740,18886,42,41,1.507299,1.421977,-2.408198,0.207852,-0.037400,-1,,,,,,,,,,,,,,,,
25.448016,triangle_0.20_гипотенуза,6038,151076,25036,0,0,1.326291,1.326291,1.352018,1.400305,28,29,14768,18914,42,40,1.503441,1.418498,-2.407263,0.207520,0.037341,-1,,,,,,,,,,,,,,,,
25.473925,triangle_0.20_гипотенуза,6039,151101,24964,0,0,1.326291,1.326291,1.307492,1.355918,27,28,14796,18943,43,40,1.499721,1.415137,-2.406328,0.200816,0.037448,-1,,,,,,,,,,,,,,,,
25.499466,triangle_0.20_гипотенуза,6040,151127,25024,0,0,1.326291,1.326291,1.352667,1.400976,28,29,14824,18972,42,40,1.495870,1.411650,-2.405394,0.207620,0.037359,-1,,,,,,,,,,,,,,,,
25.522763,triangle_0.20_гипотенуза,6041,151151,24984,0,0,1.326291,1.326291,1.354832,1.354832,28,28,14851,19000,42,40,1.492087,1.408222,-2.405394,0.204304,0.000000,-1,,,,,,,,,,,,,,,,
25.549433,triangle_0.20_гипотенуза,6042,151176,25128,0,0,1.326291,1.326291,1.347068,1.395178,28,29,14879,19029,42,40,1.488239,1.404732,-2.404459,0.206760,0.037204,-1,,,,,,,,,,,,,,,,
25.575360,triangle_0.20_гипотенуза,6043,151201,24868,0,0,1.326291,1.326291,1.312540,1.409765,27,29,14907,19057,43,39,1.484463,1.401297,-2.402589,0.205257,0.075186,-1,,,,,,,,,,,,,,,,
25.607315,triangle_0.20_гипотенуза,6044,151226,25000,0,0,1.326291,1.326291,1.353965,1.353965,28,28,14934,19085,42,40,1.480690,1.397859,-2.402589,0.204173,0.000000,-1,,,,,,,,,,,,,,,,
25.626414,triangle_0.20_гипотенуза,6045,151250,24992,0,0,1.326291,1.326291,1.354399,1.354399,28,28,14962,19114,42,40,1.476917,1.394421,-2.402589,0.204239,0.000000,-1,,,,,,,,,,,,,,,,
25.652842,triangle_0.20_гипотенуза,6046,151276,25020,0,0,1.326291,1.326291,1.352883,1.401200,28,29,14990,19142,42,39,1.473078,1.390920,-2.401654,0.207653,0.037364,-1,,,,,,,,,,,,,,,,
25.676014,triangle_0.20_гипотенуза,6047,151301,24996,0,0,1.326291,1.326291,1.354182,1.354182,28,28,15018,19170,42,40,1.469309,1.387479,-2.401654,0.204206,0.000000,-1,,,,,,,,,,,,,,,,
25.701480,triangle_0.20_гипотенуза,6048,151326,25004,0,0,1.326291,1.326291,1.353749,1.353749,28,28,15046,19199,42,40,1.465539,1.384037,-2.401654,0.204140,0.000000,-1,,,,,,,,,,,,,,,,
25.732324,triangle_0.20_гипотенуза,6049,151351,25008,0,0,1.326291,1.326291,1.353532,1.401873,28,29,15074,19228,42,39,1.461704,1.380532,-2.400719,0.207753,0.037382,-1,,,,,,,,,,,,,,,,
25.753136,triangle_0.20_гипотенуза,6050,151376,24972,0,0,1.326291,1.326291,1.307073,1.403894,27,29,15102,19257,43,39,1.457941,1.377084,-2.398850,0.204402,0.074873,-1,,,,,,,,,,,,,,,,
25.777055,triangle_0.20_гипотенуза,6051,151401,25016,0,0,1.326291,1.326291,1.353099,1.401424,28,29,15130,19285,42,39,1.454115,1.373568,-2.397915,0.207686,0.037370,-1,,,,,,,,,,,,,,,,
25.803746,triangle_0.20_гипотенуза,6052,151426,24996,0,0,1.326291,1.326291,1.354182,1.354182,28,28,15158,19313,42,39,1.450359,1.370113,-2.397915,0.204206,0.000000,-1,,,,,,,,,,,,,,,,
25.827017,triangle_0.20_гипотенуза,6053,151451,25000,0,0,1.326291,1.326291,1.353965,1.353965,28,28,15185,19342,42,39,1.446602,1.366657,-2.397915,0.204173,0.000000,-1,,,,,,,,,,,,,,,,
25.853187,triangle_0.20_гипотенуза,6054,151476,24992,0,0,1.326291,1.326291,1.306027,1.354399,27,28,15213,19370,43,39,1.442914,1.363261,-2.396980,0.200591,0.037406,-1,,,,,,,,,,,,,,,,
25.879442,triangle_0.20_гипотенуза,6055,151501,25004,0,0,1.326291,1.326291,1.353749,1.402097,28,29,15240,19398,42,38,1.439095,1.359739,-2.396045,0.207786,0.037388,-1,,,,,,,,,,,,,,,,
25.903282,triangle_0.20_гипотенуза,6056,151526,25116,0,0,1.326291,1.326291,1.299579,1.347712,27,28,15268,19426,43,39,1.435413,1.356336,-2.395110,0.199601,0.037222,-1,,,,,,,,,,,,,,,,
25.929670,triangle_0.20_гипотенуза,6057,151552,24908,0,0,1.326291,1.326291,1.358966,1.310432,28,27,15295,19454,42,39,1.431732,1.352933,-2.396045,0.201268,-0.037533,-1,,,,,,,,,,,,,,,,
25.955300,triangle_0.20_гипотенуза,6058,151576,24976,0,0,1.326291,1.326291,1.306864,1.355266,27,28,15322,19481,43,39,1.428050,1.349531,-2.395110,0.200720,0.037430,-1,,,,,,,,,,,,,,,,
25.980812,triangle_0.20_гипотенуза,6059,151601,25000,0,0,1.326291,1.326291,1.305609,1.305609,27,27,15350,19509,43,39,1.424437,1.346188,-2.395110,0.196881,0.000000,-1,,,,,,,,,,,,,,,,
26.014795,triangle_0.20_гипотенуза,6060,151626,24996,0,0,1.326291,1.326291,1.354182,1.354182,28,28,15378,19536,42,39,1.420690,1.342722,-2.395110,0.204206,0.000000,-1,,,,,,,,,,,,,,,,
26.030626,triangle_0.20_гипотенуза,6061,151651,25008,0,0,1.326291,1.326291,1.353532,1.305192,28,27,15406,19564,42,39,1.417008,1.339320,-2.396045,0.200463,-0.037382,-1,,,,,,,,,,,,,,,,
26.054288,triangle_0.20_гипотенуза,6062,151676,25020,0,0,1.326291,1.326291,1.352883,1.352883,28,28,15433,19591,42,39,1.413258,1.335857,-2.396045,0.204010,0.000000,-1,,,,,,,,,,,,,,,,
26.080825,triangle_0.20_гипотенуза,6063,151701,24984,0,0,1.326291,1.326291,1.306445,1.306445,27,27,15461,19618,42,39,1.409642,1.332518,-2.396045,0.197007,0.000000,-1,,,,,,,,,,,,,,,,
26.106951,triangle_0.20_гипотенуза,6064,151726,24992,0,0,1.326291,1.326291,1.354399,1.306027,28,27,15488,19645,42,39,1.405957,1.329119,-2.396980,0.200591,-0.037406,-1,,,,,,,,,,,,,,,,
26.130482,triangle_0.20_гипотенуза,6065,151751,25008,0,0,1.326291,1.326291,1.353532,1.256851,28,26,15516,19672,42,40,1.402334,1.325787,-2.398850,0.196818,-0.074765,-1,,,,,,,,,,,,,,,,
26.156777,triangle_0.20_гипотенуза,6066,151776,24988,0,0,1.326291,1.326291,1.306236,1.306236,27,27,15544,19698,42,40,1.398708,1.322458,-2.398850,0.196976,0.000000,-1,,,,,,,,,,,,,,,,
26.180621,triangle_0.20_гипотенуза,6067,151801,25012,0,0,1.326291,1.326291,1.353316,1.256650,28,26,15572,19725,42,40,1.395080,1.319132,-2.400719,0.196787,-0.074753,-1,,,,,,,,,,,,,,,,
26.207774,triangle_0.20_гипотенуза,6068,151826,24984,0,0,1.326291,1.326291,1.354832,1.306445,28,27,15599,19751,42,40,1.391379,1.315751,-2.401654,0.200656,-0.037418,-1,,,,,,,,,,,,,,,,
26.231001,triangle_0.20_гипотенуза,6069,151851,25028,0,0,1.326291,1.326291,1.352450,1.304149,28,27,15627,19778,42,40,1.387675,1.312372,-2.402589,0.200303,-0.037353,-1,,,,,,,,,,,,,,,,
26.256848,triangle_0.20_гипотенуза,6070,151876,24984,0,0,1.326291,1.326291,1.306445,1.258059,27,26,15654,19805,42,41,1.384103,1.309120,-2.403524,0.193359,-0.037418,-1,,,,,,,,,,,,,,,,
26.283416,triangle_0.20_гипотенуза,6071,151901,24996,0,0,1.326291,1.326291,1.354182,1.305818,28,27,15682,19831,42,40,1.380393,1.305749,-2.404459,0.200559,-0.037400,-1,,,,,,,,,,,,,,,,
26.307095,triangle_0.20_гипотенуза,6072,151926,25004,0,0,1.326291,1.326291,1.305400,1.305400,27,27,15710,19859,42,40,1.376749,1.302440,-2.404459,0.196850,0.000000,-1,,,,,,,,,,,,,,,,
26.333727,triangle_0.20_гипотенуза,6073,151951,24992,0,0,1.326291,1.326291,1.354399,1.306027,28,27,15738,19886,42,40,1.373035,1.299072,-2.405394,0.200591,-0.037406,-1,,,,,,,,,,,,,,,,
26.359488,triangle_0.20_гипотенуза,6074,151976,25024,0,0,1.326291,1.326291,1.352667,1.304357,28,27,15766,19913,42,40,1.369319,1.295708,-2.406328,0.200335,-0.037358,-1,,,,,,,,,,,,,,,,
26.383213,triangle_0.20_гипотенуза,6075,152001,24980,0,0,1.326291,1.326291,1.306655,1.355049,27,28,15793,19940,42,39,1.365602,1.292343,-2.405394,0.200688,0.037424,-1,,,,,,,,,,,,,,,,
26.415598,triangle_0.20_гипотенуза,6076,152026,24996,0,0,1.326291,1.326291,1.354182,1.305818,28,27,15820,19968,42,40,1.361886,1.288979,-2.406328,0.200559,-0.037400,-1,,,,,,,,,,,,,,,,
26.433893,triangle_0.20_гипотенуза,6077,152051,25012,0,0,1.326291,1.326291,1.304983,1.353316,27,28,15848,19995,42,39,1.358169,1.285614,-2.405394,0.200431,0.037376,-1,,,,,,,,,,,,,,,,
26.460830,triangle_0.20_гипотенуза,6078,152076,24996,0,0,1.326291,1.326291,1.305818,1.305818,27,27,15875,20022,42,40,1.354522,1.282309,-2.405394,0.196913,0.000000,-1,,,,,,,,,,,,,,,,
26.485095,triangle_0.20_гипотенуза,6079,152101,24996,0,0,1.326291,1.326291,1.354182,1.305818,28,27,15902,20050,42,40,1.350806,1.278945,-2.406328,0.200559,-0.037400,-1,,,,,,,,,,,,,,,,
26.509213,triangle_0.20_гипотенуза,6080,152126,25004,0,0,1.326291,1.326291,1.305400,1.353749,27,28,15930,20078,42,40,1.347089,1.275580,-2.405394,0.200495,0.037388,-1,,,,,,,,,,,,,,,,
26.561334,triangle_0.20_гипотенуза,6081,152151,24996,0,0,1.326291,1.326291,1.354182,1.354182,28,28,15957,20106,42,39,1.343307,1.272153,-2.405394,0.204206,0.000000,-1,,,,,,,,,,,,,,,,
26.561334,triangle_0.20_гипотенуза,6082,152176,25004,0,0,1.326291,1.326291,1.305400,1.353749,27,28,15985,20133,42,39,1.339593,1.268785,-2.404459,0.200495,0.037388,-1,,,,,,,,,,,,,,,,
26.584905,triangle_0.20_гипотенуза,6083,152201,25000,0,0,1.326291,1.326291,1.353965,1.353965,28,28,16012,20161,42,39,1.335814,1.265354,-2.404459,0.204173,0.000000,-1,,,,,,,,,,,,,,,,
26.611149,triangle_0.20_гипотенуза,6084,152226,25012,0,0,1.326291,1.326291,1.353316,1.353316,28,28,16040,20189,41,39,1.332035,1.261923,-2.404459,0.204075,0.000000,-1,,,,,,,,,,,,,,,,
26.637549,triangle_0.20_гипотенуза,6085,152251,25000,0,0,1.326291,1.326291,1.353965,1.305609,28,27,16069,20217,41,40,1.328321,1.258555,-2.405394,0.200527,-0.037394,-1,,,,,,,,,,,,,,,,
26.662866,triangle_0.20_гипотенуза,6086,152275,25000,0,0,1.326291,1.326291,1.353965,1.353965,28,28,16096,20244,41,39,1.324539,1.255128,-2.405394,0.204173,0.000000,-1,,,,,,,,,,,,,,,,
26.688715,triangle_0.20_гипотенуза,6087,152301,24992,0,0,1.326291,1.326291,1.306027,1.354399,27,28,16124,20273,42,39,1.320826,1.251760,-2.404459,0.200591,0.037406,-1,,,,,,,,,,,,,,,,
26.714223,triangle_0.20_гипотенуза,6088,152326,25008,0,0,1.326291,1.326291,1.353532,1.401873,28,29,16151,20301,41,38,1.316980,1.248266,-2.403524,0.207753,0.037382,-1,,,,,,,,,,,,,,,,
26.736371,triangle_0.20_гипотенуза,6089,152351,24992,0,0,1.326291,1.326291,1.306027,1.354399,27,28,16178,20329,42,39,1.313273,1.244891,-2.402589,0.200591,0.037406,-1,,,,,,,,,,,,,,,,
26.766714,triangle_0.20_гипотенуза,6090,152376,25008,0,0,1.326291,1.326291,1.353532,1.353532,28,28,16206,20357,41,39,1.309501,1.241453,-2.402589,0.204108,0.000000,-1,,,,,,,,,,,,,,,,
26.787434,triangle_0.20_гипотенуза,6091,152401,24980,0,0,1.326291,1.326291,1.355049,1.355049,28,28,16234,20385,41,39,1.305728,1.238015,-2.402589,0.204337,0.000000,-1,,,,,,,,,,,,,,,,
26.813849,triangle_0.20_гипотенуза,6092,152426,25012,0,0,1.326291,1.326291,1.304983,1.353316,27,28,16261,20413,42,39,1.302024,1.234636,-2.401654,0.200431,0.037376,-1,,,,,,,,,,,,,,,,
26.837529,triangle_0.20_гипотенуза,6093,152451,25008,0,0,1.326291,1.326291,1.353532,1.353532,28,28,16289,20441,41,39,1.298254,1.231195,-2.401654,0.204108,0.000000,-1,,,,,,,,,,,,,,,,
26.863196,triangle_0.20_гипотенуза,6094,152476,24992,0,0,1.326291,1.326291,1.354399,1.354399,28,28,16317,20470,41,39,1.294485,1.227753,-2.401654,0.204239,0.000000,-1,,,,,,,,,,,,,,,,
26.888672,triangle_0.20_гипотенуза,6095,152501,24996,0,0,1.326291,1.326291,1.305818,1.402546,27,29,16344,20498,42,38,1.290718,1.224308,-2.399785,0.204206,0.074801,-1,,,,,,,,,,,,,,,,
26.914073,triangle_0.20_гипотенуза,6096,152526,24988,0,0,1.326291,1.326291,1.354615,1.354615,28,28,16372,20526,41,39,1.286955,1.220860,-2.399785,0.204271,0.000000,-1,,,,,,,,,,,,,,,,
26.939496,triangle_0.20_гипотенуза,6097,152551,25012,0,0,1.326291,1.326291,1.304983,1.401648,27,29,16400,20555,42,38,1.283195,1.217407,-2.397915,0.204075,0.074753,-1,,,,,,,,,,,,,,,,
26.964852,triangle_0.20_гипотенуза,6098,152576,24992,0,0,1.326291,1.326291,1.306027,1.354399,27,28,16427,20583,42,38,1.279507,1.214012,-2.396980,0.200591,0.037406,-1,,,,,,,,,,,,,,,,
26.990088,triangle_0.20_гипотенуза,6099,152601,25020,0,0,1.326291,1.326291,1.352883,1.352883,28,28,16454,20611,41,38,1.275754,1.210553,-2.396980,0.204010,0.000000,-1,,,,,,,,,,,,,,,,
27.015626,triangle_0.20_гипотенуза,6100,152626,25008,0,0,1.326291,1.326291,1.305192,1.353532,27,28,16482,20639,42,38,1.272069,1.207154,-2.396045,0.200463,0.037382,-1,,,,,,,,,,,,,,,,
27.041064,triangle_0.20_гипотенуза,6101,152651,24980,0,0,1.326291,1.326291,1.355049,1.306655,28,27,16509,20667,41,39,1.268384,1.203754,-2.396980,0.200688,-0.037424,-1,,,,,,,,,,,,,,,,
27.071527,triangle_0.20_гипотенуза,6102,152676,25008,0,0,1.326291,1.326291,1.305192,1.353532,27,28,16536,20694,42,38,1.264699,1.200355,-2.396045,0.200463,0.037382,-1,,,,,,,,,,,,,,,,
27.093079,triangle_0.20_гипотенуза,6103,152701,24988,0,0,1.326291,1.326291,1.306236,1.306236,27,27,16563,20722,42,39,1.261083,1.197016,-2.396045,0.196976,0.000000,-1,,,,,,,,,,,,,,,,
27.116493,triangle_0.20_гипотенуза,6104,152726,25012,0,0,1.326291,1.326291,1.304983,1.353316,27,28,16590,20749,42,38,1.257401,1.193614,-2.395110,0.200431,0.037376,-1,,,,,,,,,,,,,,,,
27.142271,triangle_0.20_гипотенуза,6105,152751,25072,0,0,1.326291,1.326291,1.301860,1.301860,27,27,16618,20777,42,39,1.253788,1.190271,-2.395110,0.196316,0.000000,-1,,,,,,,,,,,,,,,,
27.167563,triangle_0.20_гипотенуза,6106,152776,24960,0,0,1.326291,1.326291,1.356135,1.307702,28,27,16645,20804,41,39,1.250106,1.186869,-2.396045,0.200849,-0.037454,-1,,,,,,,,,,,,,,,,
27.193152,triangle_0.20_гипотенуза,6107,152801,24948,0,0,1.326291,1.326291,1.308331,1.308331,27,27,16672,20830,42,39,1.246490,1.183530,-2.396045,0.197292,0.000000,-1,,,,,,,,,,,,,,,,
27.217050,triangle_0.20_гипотенуза,6108,152826,25008,0,0,1.326291,1.326291,1.305192,1.305192,27,27,16700,20857,42,39,1.242873,1.180191,-2.396045,0.196818,0.000000,-1,,,,,,,,,,,,,,,,
27.243114,triangle_0.20_гипотенуза,6109,152851,25000,0,0,1.326291,1.326291,1.353965,1.305609,28,27,16727,20884,41,39,1.239189,1.176792,-2.396980,0.200527,-0.037394,-1,,,,,,,,,,,,,,,,
27.269158,triangle_0.20_гипотенуза,6110,152876,25012,0,0,1.326291,1.326291,1.304983,1.256650,27,26,16754,20911,42,40,1.235635,1.173520,-2.397915,0.193143,-0.037376,-1,,,,,,,,,,,,,,,,
27.295540,triangle_0.20_гипотенуза,6111,152901,25000,0,0,1.326291,1.326291,1.305609,1.305609,27,27,16781,20938,42,39,1.232012,1.170187,-2.397915,0.196881,0.000000,-1,,,,,,,,,,,,,,,,
27.319345,triangle_0.20_гипотенуза,6112,152926,25028,0,0,1.326291,1.326291,1.352450,1.352450,28,28,16809,20965,41,39,1.228255,1.166732,-2.397915,0.203945,0.000000,-1,,,,,,,,,,,,,,,,
27.345663,triangle_0.20_гипотенуза,6113,152951,24972,0,0,1.326291,1.326291,1.307073,1.258663,27,26,16836,20992,42,40,1.224698,1.163463,-2.398850,0.193452,-0.037436,-1,,,,,,,,,,,,,,,,
27.371050,triangle_0.20_гипотенуза,6114,152976,24980,0,0,1.326291,1.326291,1.306655,1.306655,27,27,16863,21019,42,39,1.221073,1.160134,-2.398850,0.197039,0.000000,-1,,,,,,,,,,,,,,,,
27.394057,triangle_0.20_гипотенуза,6115,153001,25012,0,0,1.326291,1.326291,1.304983,1.304983,27,27,16891,21046,42,39,1.217447,1.156805,-2.398850,0.196787,0.000000,-1,,,,,,,,,,,,,,,,
27.420654,triangle_0.20_гипотенуза,6116,153026,25000,0,0,1.326291,1.326291,1.353965,1.305609,28,27,16918,21072,41,39,1.213753,1.153417,-2.399785,0.200527,-0.037394,-1,,,,,,,,,,,,,,,,
27.444495,triangle_0.20_гипотенуза,6117,153051,25016,0,0,1.326291,1.326291,1.304774,1.304774,27,27,16945,21099,42,39,1.210124,1.150091,-2.399785,0.196755,0.000000,-1,,,,,,,,,,,,,,,,
27.471599,triangle_0.20_гипотенуза,6118,153076,25028,0,0,1.326291,1.326291,1.304149,1.304149,27,27,16972,21126,42,40,1.206495,1.146766,-2.399785,0.196661,0.000000,-1,,,,,,,,,,,,,,,,
27.496065,triangle_0.20_гипотенуза,6119,153101,24956,0,0,1.326291,1.326291,1.307911,1.259470,27,26,16999,21153,42,40,1.202932,1.143503,-2.400719,0.193576,-0.037460,-1,,,,,,,,,,,,,,,,
27.520361,triangle_0.20_гипотенуза,6120,153126,25020,0,0,1.326291,1.326291,1.304566,1.352883,27,28,17026,21180,42,39,1.199235,1.140118,-2.399785,0.200367,0.037365,-1,,,,,,,,,,,,,,,,
27.546782,triangle_0.20_гипотенуза,6121,153151,24988,0,0,1.326291,1.326291,1.306236,1.306236,27,27,17053,21207,42,40,1.195606,1.136793,-2.399785,0.196976,0.000000,-1,,,,,,,,,,,,,,,,
27.572663,triangle_0.20_гипотенуза,6122,153176,24992,0,0,1.326291,1.326291,1.306027,1.306027,27,27,17080,21235,42,40,1.191977,1.133467,-2.399785,0.196944,0.000000,-1,,,,,,,,,,,,,,,,
27.598692,triangle_0.20_гипотенуза,6123,153201,24996,0,0,1.326291,1.326291,1.257455,1.354182,26,28,17107,21262,43,39,1.188352,1.130138,-2.397915,0.196913,0.074801,-1,,,,,,,,,,,,,,,,
27.622273,triangle_0.20_гипотенуза,6124,153226,24992,0,0,1.326291,1.326291,1.306027,1.306027,27,27,17133,21290,42,40,1.184729,1.126806,-2.397915,0.196944,0.000000,-1,,,,,,,,,,,,,,,,
27.648140,triangle_0.20_гипотенуза,6125,153251,25016,0,0,1.326291,1.326291,1.304774,1.353099,27,28,17160,21317,43,39,1.181041,1.123410,-2.396980,0.200399,0.037370,-1,,,,,,,,,,,,,,,,
27.674333,triangle_0.20_гипотенуза,6126,153276,25008,0,0,1.326291,1.326291,1.305192,1.353532,27,28,17187,21346,43,39,1.177356,1.120011,-2.396045,0.200463,0.037382,-1,,,,,,,,,,,,,,,,
27.699341,triangle_0.20_гипотенуза,6127,153300,25000,0,0,1.326291,1.326291,1.305609,1.353965,27,28,17214,21373,43,39,1.173675,1.116609,-2.395110,0.200527,0.037394,-1,,,,,,,,,,,,,,,,
27.722778,triangle_0.20_гипотенуза,6128,153326,24988,0,0,1.326291,1.326291,1.354615,1.354615,28,28,17242,21401,42,39,1.169928,1.113143,-2.395110,0.204271,0.000000,-1,,,,,,,,,,,,,,,,
27.750786,triangle_0.20_гипотенуза,6129,153351,25004,0,0,1.326291,1.326291,1.353749,1.305400,28,27,17270,21429,42,39,1.166246,1.109740,-2.396045,0.200495,-0.037388,-1,,,,,,,,,,,,,,,,
27.774649,triangle_0.20_гипотенуза,6130,153376,24988,0,0,1.326291,1.326291,1.354615,1.354615,28,28,17298,21456,42,39,1.162496,1.106277,-2.396045,0.204271,0.000000,-1,,,,,,,,,,,,,,,,
27.804234,triangle_0.20_гипотенуза,6131,153401,25016,0,0,1.326291,1.326291,1.304774,1.353099,27,28,17326,21484,42,39,1.158814,1.102875,-2.395110,0.200399,0.037370,-1,,,,,,,,,,,,,,,,
27.825244,triangle_0.20_гипотенуза,6132,153426,24984,0,0,1.326291,1.326291,1.354832,1.306445,28,27,17353,21512,42,39,1.155132,1.099472,-2.396045,0.200656,-0.037418,-1,,,,,,,,,,,,,,,,
27.851385,triangle_0.20_гипотенуза,6133,153451,25016,0,0,1.326291,1.326291,1.353099,1.401424,28,29,17381,21540,42,38,1.151317,1.095946,-2.395110,0.207686,0.037370,-1,,,,,,,,,,,,,,,,
27.876875,triangle_0.20_гипотенуза,6134,153477,24996,0,0,1.326291,1.326291,1.305818,1.354182,27,28,17409,21569,42,39,1.147638,1.092540,-2.394176,0.200559,0.037400,-1,,,,,,,,,,,,,,,,
27.901678,triangle_0.20_гипотенуза,6135,153501,25004,0,0,1.326291,1.326291,1.305400,1.353749,27,28,17436,21596,42,39,1.143963,1.089131,-2.393241,0.200495,0.037388,-1,,,,,,,,,,,,,,,,
27.924985,triangle_0.20_гипотенуза,6136,153526,24980,0,0,1.326291,1.326291,1.355049,1.355049,28,28,17464,21625,42,38,1.140223,1.085657,-2.393241,0.204337,0.000000,-1,,,,,,,,,,,,,,,,
27.951281,triangle_0.20_гипотенуза,6137,153551,25004,0,0,1.326291,1.326291,1.353749,1.402097,28,29,17491,21653,42,38,1.136417,1.082121,-2.392306,0.207786,0.037388,-1,,,,,,,,,,,,,,,,
27.976930,triangle_0.20_гипотенуза,6138,153576,25004,0,0,1.326291,1.326291,1.353749,1.305400,28,27,17519,21681,42,39,1.132745,1.078708,-2.393241,0.200495,-0.037388,-1,,,,,,,,,,,,,,,,
28.002649,triangle_0.20_гипотенуза,6139,153602,25032,0,0,1.326291,1.326291,1.352234,1.400528,28,29,17547,21709,42,38,1.128939,1.075171,-2.392306,0.207553,0.037347,-1,,,,,,,,,,,,,,,,
28.029005,triangle_0.20_гипотенуза,6140,153626,24964,0,0,1.326291,1.326291,1.355918,1.355918,28,28,17575,21738,42,38,1.125202,1.071694,-2.392306,0.204468,0.000000,-1,,,,,,,,,,,,,,,,
28.052267,triangle_0.20_гипотенуза,6141,153651,24996,0,0,1.326291,1.326291,1.354182,1.354182,28,28,17603,21766,41,38,1.121465,1.068218,-2.392306,0.204206,0.000000,-1,,,,,,,,,,,,,,,,
28.078452,triangle_0.20_гипотенуза,6142,153676,25012,0,0,1.326291,1.326291,1.353316,1.353316,28,28,17631,21794,41,38,1.117728,1.064741,-2.392306,0.204075,0.000000,-1,,,,,,,,,,,,,,,,
28.101719,triangle_0.20_гипотенуза,6143,153701,25000,0,0,1.326291,1.326291,1.305609,1.353965,27,28,17658,21822,42,38,1.114059,1.061325,-2.391371,0.200527,0.037394,-1,,,,,,,,,,,,,,,,
28.127476,triangle_0.20_гипотенуза,6144,153725,25012,0,0,1.326291,1.326291,1.353316,1.353316,28,28,17686,21849,41,38,1.110325,1.057844,-2.391371,0.204075,0.000000,-1,,,,,,,,,,,,,,,,
28.153004,triangle_0.20_гипотенуза,6145,153751,24992,0,0,1.326291,1.326291,1.306027,1.306027,27,27,17714,21877,42,39,1.106724,1.054489,-2.391371,0.196944,0.000000,-1,,,,,,,,,,,,,,,,
28.179205,triangle_0.20_гипотенуза,6146,153776,25000,0,0,1.326291,1.326291,1.353965,1.353965,28,28,17741,21904,41,38,1.102990,1.051008,-2.391371,0.204173,0.000000,-1,,,,,,,,,,,,,,,,
28.205648,triangle_0.20_гипотенуза,6147,153801,24984,0,0,1.326291,1.326291,1.354832,1.306445,28,27,17769,21931,41,39,1.099321,1.047592,-2.392306,0.200656,-0.037418,-1,,,,,,,,,,,,,,,,
28.229318,triangle_0.20_гипотенуза,6148,153826,25016,0,0,1.326291,1.326291,1.304774,1.256449,27,26,17797,21958,42,39,1.095783,1.044303,-2.393241,0.193112,-0.037370,-1,,,,,,,,,,,,,,,,
28.255196,triangle_0.20_гипотенуза,6149,153851,24996,0,0,1.326291,1.326291,1.354182,1.305818,28,27,17824,21984,41,39,1.092107,1.040894,-2.394176,0.200559,-0.037400,-1,,,,,,,,,,,,,,,,
28.283736,triangle_0.20_гипотенуза,6150,153876,25008,0,0,1.326291,1.326291,1.353532,1.305192,28,27,17852,22011,41,39,1.088429,1.037488,-2.395110,0.200463,-0.037382,-1,,,,,,,,,,,,,,,,
28.306715,triangle_0.20_гипотенуза,6151,153901,24980,0,0,1.326291,1.326291,1.306655,1.258260,27,26,17879,22038,42,40,1.084881,1.034209,-2.396045,0.193390,-0.037424,-1,,,,,,,,,,,,,,,,
28.329599,triangle_0.20_гипотенуза,6152,153926,25012,0,0,1.326291,1.326291,1.353316,1.353316,28,28,17907,22065,41,38,1.081131,1.030747,-2.396045,0.204075,0.000000,-1,,,,,,,,,,,,,,,,
28.360412,triangle_0.20_гипотенуза,6153,153951,24988,0,0,1.326291,1.326291,1.306236,1.306236,27,27,17934,22092,42,39,1.077514,1.027408,-2.396045,0.196976,0.000000,-1,,,,,,,,,,,,,,,,
28.380570,triangle_0.20_гипотенуза,6154,153976,25012,0,0,1.326291,1.326291,1.304983,1.304983,27,27,17962,22119,42,39,1.073898,1.024069,-2.396045,0.196787,0.000000,-1,,,,,,,,,,,,,,,,
28.415859,triangle_0.20_гипотенуза,6155,154001,24992,0,0,1.326291,1.326291,1.354399,1.306027,28,27,17989,22146,41,39,1.070213,1.020670,-2.396980,0.200591,-0.037406,-1,,,,,,,,,,,,,,,,
28.441025,triangle_0.20_гипотенуза,6156,154025,25004,0,0,1.326291,1.326291,1.305400,1.305400,27,27,18017,22173,42,39,1.066594,1.017334,-2.396980,0.196850,0.000000,-1,,,,,,,,,,,,,,,,
28.458796,triangle_0.20_гипотенуза,6157,154051,24992,0,0,1.326291,1.326291,1.306027,1.257656,27,26,18044,22200,42,40,1.063040,1.014062,-2.397915,0.193297,-0.037406,-1,,,,,,,,,,,,,,,,
28.485464,triangle_0.20_гипотенуза,6158,154076,25020,0,0,1.326291,1.326291,1.352883,1.304566,28,27,18072,22227,41,39,1.059349,1.010670,-2.398850,0.200367,-0.037365,-1,,,,,,,,,,,,,,,,
28.513965,triangle_0.20_гипотенуза,6159,154101,24996,0,0,1.326291,1.326291,1.354182,1.354182,28,28,18099,22254,41,39,1.055589,1.007218,-2.398850,0.204206,0.000000,-1,,,,,,,,,,,,,,,,
28.537011,triangle_0.20_гипотенуза,6160,154126,25004,0,0,1.326291,1.326291,1.305400,1.305400,27,27,18126,22281,42,39,1.051963,1.003889,-2.398850,0.196850,0.000000,-1,,,,,,,,,,,,,,,,
28.562807,triangle_0.20_гипотенуза,6161,154151,24988,0,0,1.326291,1.326291,1.306236,1.306236,27,27,18154,22308,42,39,1.048337,1.000560,-2.398850,0.196976,0.000000,-1,,,,,,,,,,,,,,,,
28.606057,triangle_0.20_гипотенуза,6162,154176,24992,0,0,1.326291,1.326291,1.354399,1.306027,28,27,18181,22335,41,39,1.044643,0.997171,-2.399785,0.200591,-0.037406,-1,,,,,,,,,,,,,,,,
28.616900,triangle_0.20_гипотенуза,6163,154201,25040,0,0,1.326291,1.326291,1.303524,1.255245,27,26,18209,22362,42,40,1.041080,0.993909,-2.400719,0.192927,-0.037335,-1,,,,,,,,,,,,,,,,
28.634155,triangle_0.20_гипотенуза,6164,154226,24960,0,0,1.326291,1.326291,1.356135,1.307702,28,27,18236,22388,41,39,1.037379,0.990527,-2.401654,0.200849,-0.037454,-1,,,,,,,,,,,,,,,,
28.665180,triangle_0.20_гипотенуза,6165,154251,25020,0,0,1.326291,1.326291,1.352883,1.352883,28,28,18264,22416,41,39,1.033610,0.987086,-2.401654,0.204010,0.000000,-1,,,,,,,,,,,,,,,,
28.685810,triangle_0.20_гипотенуза,6166,154276,25000,0,0,1.326291,1.326291,1.305609,1.305609,27,27,18292,22443,42,39,1.029975,0.983767,-2.401654,0.196881,0.000000,-1,,,,,,,,,,,,,,,,
28.709478,triangle_0.20_гипотенуза,6167,154301,24980,0,0,1.326291,1.326291,1.355049,1.306655,28,27,18320,22470,41,39,1.026271,0.980389,-2.402589,0.200688,-0.037424,-1,,,,,,,,,,,,,,,,
28.734497,triangle_0.20_гипотенуза,6168,154326,25012,0,0,1.326291,1.326291,1.353316,1.304983,28,27,18347,22497,41,40,1.022564,0.977014,-2.403524,0.200431,-0.037376,-1,,,,,,,,,,,,,,,,
28.759931,triangle_0.20_гипотенуза,6169,154351,25008,0,0,1.326291,1.326291,1.305192,1.305192,27,27,18374,22524,42,40,1.018923,0.973702,-2.403524,0.196818,0.000000,-1,,,,,,,,,,,,,,,,
28.785398,triangle_0.20_гипотенуза,6170,154376,24984,0,0,1.326291,1.326291,1.306445,1.306445,27,27,18401,22552,42,40,1.015282,0.970390,-2.403524,0.197007,0.000000,-1,,,,,,,,,,,,,,,,
28.813151,triangle_0.20_гипотенуза,6171,154401,25004,0,0,1.326291,1.326291,1.353749,1.353749,28,28,18429,22580,41,39,1.011505,0.966956,-2.403524,0.204140,0.000000,-1,,,,,,,,,,,,,,,,
28.836168,triangle_0.20_гипотенуза,6172,154426,25016,0,0,1.326291,1.326291,1.304774,1.353099,27,28,18456,22608,42,39,1.007798,0.963581,-2.402589,0.200399,0.037370,-1,,,,,,,,,,,,,,,,
28.861701,triangle_0.20_гипотенуза,6173,154451,24988,0,0,1.326291,1.326291,1.306236,1.354615,27,28,18484,22635,42,39,1.004095,0.960202,-2.401654,0.200624,0.037412,-1,,,,,,,,,,,,,,,,
28.887125,triangle_0.20_гипотенуза,6174,154476,25008,0,0,1.326291,1.326291,1.353532,1.305192,28,27,18511,22663,41,39,1.000391,0.956824,-2.402589,0.200463,-0.037382,-1,,,,,,,,,,,,,,,,
28.912393,triangle_0.20_гипотенуза,6175,154501,25000,0,0,1.326291,1.326291,1.305609,1.353965,27,28,18539,22690,42,39,0.996687,0.953445,-2.401654,0.200527,0.037394,-1,,,,,,,,,,,,,,,,
28.938238,triangle_0.20_гипотенуза,6176,154526,25008,0,0,1.326291,1.326291,1.353532,1.305192,28,27,18567,22718,41,39,0.992983,0.950067,-2.402589,0.200463,-0.037382,-1,,,,,,,,,,,,,,,,
28.961606,triangle_0.20_гипотенуза,6177,154551,24976,0,0,1.326291,1.326291,1.355266,1.355266,28,28,18594,22746,41,39,0.989210,0.946629,-2.402589,0.204369,0.000000,-1,,,,,,,,,,,,,,,,
28.989839,triangle_0.20_гипотенуза,6178,154576,25016,0,0,1.326291,1.326291,1.353099,1.353099,28,28,18622,22773,41,39,0.985437,0.943191,-2.402589,0.204043,0.000000,-1,,,,,,,,,,,,,,,,
29.013253,triangle_0.20_гипотенуза,6179,154601,24992,0,0,1.326291,1.326291,1.306027,1.354399,27,28,18650,22801,42,39,0.981734,0.939813,-2.401654,0.200591,0.037406,-1,,,,,,,,,,,,,,,,
29.038816,triangle_0.20_гипотенуза,6180,154626,24992,0,0,1.326291,1.326291,1.354399,1.354399,28,28,18677,22829,41,39,0.977964,0.936371,-2.401654,0.204239,0.000000,-1,,,,,,,,,,,,,,,,
29.064577,triangle_0.20_гипотенуза,6181,154651,24996,0,0,1.326291,1.326291,1.354182,1.305818,28,27,18705,22857,41,39,0.974260,0.932993,-2.402589,0.200559,-0.037400,-1,,,,,,,,,,,,,,,,
29.089610,triangle_0.20_гипотенуза,6182,154676,25028,0,0,1.326291,1.326291,1.304149,1.352450,27,28,18732,22884,42,39,0.970556,0.929614,-2.401654,0.200303,0.037353,-1,,,,,,,,,,,,,,,,
29.125443,triangle_0.20_гипотенуза,6183,154701,24988,0,0,1.326291,1.326291,1.306236,1.354615,27,28,18760,22912,42,39,0.966855,0.926232,-2.400719,0.200624,0.037412,-1,,,,,,,,,,,,,,,,
29.141067,triangle_0.20_гипотенуза,6184,154726,24996,0,0,1.326291,1.326291,1.402546,1.354182,29,28,18788,22940,40,38,0.963020,0.922728,-2.401654,0.207852,-0.037400,-1,,,,,,,,,,,,,,,,
29.164618,triangle_0.20_гипотенуза,6185,154752,25012,0,0,1.326291,1.326291,1.304983,1.304983,27,27,18816,22968,42,39,0.959385,0.919409,-2.401654,0.196787,0.000000,-1,,,,,,,,,,,,,,,,
29.190051,triangle_0.20_гипотенуза,6186,154776,25016,0,0,1.326291,1.326291,1.353099,1.353099,28,28,18843,22996,41,38,0.955616,0.915967,-2.401654,0.204043,0.000000,-1,,,,,,,,,,,,,,,,
29.215301,triangle_0.20_гипотенуза,6187,154801,24972,0,0,1.326291,1.326291,1.307073,1.355483,27,28,18871,23023,42,38,0.951915,0.912585,-2.400719,0.200752,0.037436,-1,,,,,,,,,,,,,,,,
29.240937,triangle_0.20_гипотенуза,6188,154826,24992,0,0,1.326291,1.326291,1.354399,1.306027,28,27,18898,23050,41,39,0.948214,0.909204,-2.401654,0.200591,-0.037406,-1,,,,,,,,,,,,,,,,
29.266708,triangle_0.20_гипотенуза,6189,154851,25028,0,0,1.326291,1.326291,1.304149,1.304149,27,27,18925,23077,42,39,0.944579,0.905885,-2.401654,0.196661,0.000000,-1,,,,,,,,,,,,,,,,
29.292634,triangle_0.20_гипотенуза,6190,154876,24988,0,0,1.326291,1.326291,1.306236,1.306236,27,27,18952,23104,42,39,0.940944,0.902566,-2.401654,0.196976,0.000000,-1,,,,,,,,,,,,,,,,
29.317343,triangle_0.20_гипотенуза,6191,154901,24980,0,0,1.326291,1.326291,1.306655,1.355049,27,28,18980,23132,42,38,0.937243,0.899184,-2.400719,0.200688,0.037424,-1,,,,,,,,,,,,,,,,
29.341056,triangle_0.20_гипотенуза,6192,154926,25020,0,0,1.326291,1.326291,1.352883,1.304566,28,27,19007,23160,41,39,0.933543,0.895803,-2.401654,0.200367,-0.037365,-1,,,,,,,,,,,,,,,,
29.367017,triangle_0.20_гипотенуза,6193,154951,24988,0,0,1.326291,1.326291,1.306236,1.306236,27,27,19034,23187,42,39,0.929908,0.892484,-2.401654,0.196976,0.000000,-1,,,,,,,,,,,,,,,,
29.395847,triangle_0.20_гипотенуза,6194,154976,25008,0,0,1.326291,1.326291,1.305192,1.353532,27,28,19061,23214,42,39,0.926207,0.889102,-2.400719,0.200463,0.037382,-1,,,,,,,,,,,,,,,,
29.419894,triangle_0.20_гипотенуза,6195,155001,24988,0,0,1.326291,1.326291,1.306236,1.306236,27,27,19088,23242,42,39,0.922575,0.885780,-2.400719,0.196976,0.000000,-1,,,,,,,,,,,,,,,,
29.443555,triangle_0.20_гипотенуза,6196,155026,25160,0,0,1.326291,1.326291,1.297307,1.345355,27,28,19116,23270,42,39,0.918878,0.882395,-2.399785,0.199252,0.037157,-1,,,,,,,,,,,,,,,,
29.469848,triangle_0.20_гипотенуза,6197,155051,24864,0,0,1.326291,1.326291,1.361371,1.361371,28,28,19143,23298,41,38,0.915114,0.878946,-2.399785,0.205290,0.000000,-1,,,,,,,,,,,,,,,,
29.492642,triangle_0.20_гипотенуза,6198,155076,24992,0,0,1.326291,1.326291,1.306027,1.354399,27,28,19171,23326,42,38,0.911420,0.875557,-2.398850,0.200591,0.037406,-1,,,,,,,,,,,,,,,,
29.518673,triangle_0.20_гипотенуза,6199,155101,25004,0,0,1.326291,1.326291,1.305400,1.305400,27,27,19197,23353,42,39,0.907794,0.872229,-2.398850,0.196850,0.000000,-1,,,,,,,,,,,,,,,,
29.545536,triangle_0.20_гипотенуза,6200,155126,24988,0,0,1.326291,1.326291,1.306236,1.354615,27,28,19224,23380,42,38,0.904103,0.868836,-2.397915,0.200624,0.037412,-1,,,,,,,,,,,,,,,,
29.568999,triangle_0.20_гипотенуза,6201,155151,25012,0,0,1.326291,1.326291,1.304983,1.304983,27,27,19251,23407,42,39,0.900481,0.865504,-2.397915,0.196787,0.000000,-1,,,,,,,,,,,,,,,,
29.594679,triangle_0.20_гипотенуза,6202,155176,25008,0,0,1.326291,1.326291,1.305192,1.353532,27,28,19278,23435,42,38,0.896793,0.862108,-2.396980,0.200463,0.037382,-1,,,,,,,,,,,,,,,,
29.621194,triangle_0.20_гипотенуза,6203,155201,24980,0,0,1.326291,1.326291,1.258260,1.306655,26,27,19304,23462,43,39,0.893242,0.858833,-2.396045,0.193390,0.037424,-1,,,,,,,,,,,,,,,,
29.645091,triangle_0.20_гипотенуза,6204,155226,25012,0,0,1.326291,1.326291,1.304983,1.304983,27,27,19332,23489,42,39,0.889626,0.855494,-2.396045,0.196787,0.000000,-1,,,,,,,,,,,,,,,,
29.672430,triangle_0.20_гипотенуза,6205,155251,25000,0,0,1.326291,1.326291,1.353965,1.305609,28,27,19359,23517,41,39,0.885941,0.852095,-2.396980,0.200527,-0.037394,-1,,,,,,,,,,,,,,,,
29.697065,triangle_0.20_гипотенуза,6206,155276,25000,0,0,1.326291,1.326291,1.305609,1.305609,27,27,19386,23543,42,39,0.882321,0.848759,-2.396980,0.196881,0.000000,-1,,,,,,,,,,,,,,,,
29.722865,triangle_0.20_гипотенуза,6207,155301,24984,0,0,1.326291,1.326291,1.306445,1.306445,27,27,19413,23570,42,39,0.878702,0.845424,-2.396980,0.197007,0.000000,-1,,,,,,,,,,,,,,,,
29.746612,triangle_0.20_гипотенуза,6208,155326,24996,0,0,1.326291,1.326291,1.305818,1.305818,27,27,19440,23597,42,39,0.875082,0.842088,-2.396980,0.196913,0.000000,-1,,,,,,,,,,,,,,,,
29.773136,triangle_0.20_гипотенуза,6209,155351,25004,0,0,1.326291,1.326291,1.305400,1.305400,27,27,19468,23624,42,39,0.871463,0.838753,-2.396980,0.196850,0.000000,-1,,,,,,,,,,,,,,,,
29.797539,triangle_0.20_гипотенуза,6210,155376,24996,0,0,1.326291,1.326291,1.305818,1.305818,27,27,19494,23651,42,39,0.867844,0.835417,-2.396980,0.196913,0.000000,-1,,,,,,,,,,,,,,,,
29.823577,triangle_0.20_гипотенуза,6211,155401,25012,0,0,1.326291,1.326291,1.304983,1.256650,27,26,19522,23678,42,40,0.864290,0.832145,-2.397915,0.193143,-0.037376,-1,,,,,,,,,,,,,,,,
29.847109,triangle_0.20_гипотенуза,6212,155426,24984,0,0,1.326291,1.326291,1.354832,1.354832,28,28,19549,23705,42,39,0.860533,0.828689,-2.397915,0.204304,0.000000,-1,,,,,,,,,,,,,,,,
29.872483,triangle_0.20_гипотенуза,6213,155451,25032,0,0,1.326291,1.326291,1.303940,1.303940,27,27,19577,23732,42,39,0.856910,0.825357,-2.397915,0.196630,0.000000,-1,,,,,,,,,,,,,,,,
29.897946,triangle_0.20_гипотенуза,6214,155475,24968,0,0,1.326291,1.326291,1.355700,1.307283,28,27,19604,23759,42,39,0.853219,0.821965,-2.398850,0.200784,-0.037442,-1,,,,,,,,,,,,,,,,
29.923492,triangle_0.20_гипотенуза,6215,155501,25012,0,0,1.326291,1.326291,1.353316,1.256650,28,26,19632,23786,42,40,0.849590,0.818639,-2.400719,0.196787,-0.074753,-1,,,,,,,,,,,,,,,,
29.949413,triangle_0.20_гипотенуза,6216,155526,25012,0,0,1.326291,1.326291,1.304983,1.304983,27,27,19660,23813,42,40,0.845959,0.815317,-2.400719,0.196787,0.000000,-1,,,,,,,,,,,,,,,,
29.975661,triangle_0.20_гипотенуза,6217,155551,24996,0,0,1.326291,1.326291,1.354182,1.354182,28,28,19687,23840,42,39,0.842192,0.811872,-2.400719,0.204206,0.000000,-1,,,,,,,,,,,,,,,,
29.999660,triangle_0.20_гипотенуза,6218,155576,24996,0,0,1.326291,1.326291,1.305818,1.305818,27,27,19715,23868,42,40,0.838560,0.808550,-2.400719,0.196913,0.000000,-1,,,,,,,,,,,,,,,,
30.025521,triangle_0.20_гипотенуза,6219,155601,25008,0,0,1.326291,1.326291,1.353532,1.353532,28,28,19742,23895,42,39,0.834794,0.805105,-2.400719,0.204108,0.000000,-1,,,,,,,,,,,,,,,,
30.053211,triangle_0.20_гипотенуза,6220,155626,25000,0,0,1.326291,1.326291,1.305609,1.305609,27,27,19769,23923,42,40,0.831162,0.801783,-2.400719,0.196881,0.000000,-1,,,,,,,,,,,,,,,,
30.076793,triangle_0.20_гипотенуза,6221,155651,24988,0,0,1.326291,1.326291,1.354615,1.354615,28,28,19797,23950,42,39,0.827396,0.798338,-2.400719,0.204271,0.000000,-1,,,,,,,,,,,,,,,,
30.100370,triangle_0.20_гипотенуза,6222,155676,24988,0,0,1.326291,1.326291,1.306236,1.354615,27,28,19824,23978,42,39,0.823698,0.794952,-2.399785,0.200624,0.037412,-1,,,,,,,,,,,,,,,,
30.126307,triangle_0.20_гипотенуза,6223,155701,25044,0,0,1.326291,1.326291,1.351586,1.303316,28,27,19852,24006,42,40,0.820001,0.791567,-2.400719,0.200175,-0.037329,-1,,,,,,,,,,,,,,,,
30.152475,triangle_0.20_гипотенуза,6224,155726,24968,0,0,1.326291,1.326291,1.355700,1.355700,28,28,19880,24033,41,39,0.816234,0.788122,-2.400719,0.204435,0.000000,-1,,,,,,,,,,,,,,,,
30.175752,triangle_0.20_гипотенуза,6225,155751,24988,0,0,1.326291,1.326291,1.306236,1.354615,27,28,19907,24061,42,39,0.812537,0.784737,-2.399785,0.200624,0.037412,-1,,,,,,,,,,,,,,,,
30.201928,triangle_0.20_гипотенуза,6226,155777,25008,0,0,1.326291,1.326291,1.305192,1.305192,27,27,19934,24088,42,40,0.808908,0.781411,-2.399785,0.196818,0.000000,-1,,,,,,,,,,,,,,,,
30.227900,triangle_0.20_гипотенуза,6227,155801,25040,0,0,1.326291,1.326291,1.351802,1.303524,28,27,19962,24115,42,40,0.805211,0.778026,-2.400719,0.200207,-0.037335,-1,,,,,,,,,,,,,,,,
30.251578,triangle_0.20_гипотенуза,6228,155826,24984,0,0,1.326291,1.326291,1.306445,1.354832,27,28,19989,24143,42,39,0.801513,0.774641,-2.399785,0.200656,0.037418,-1,,,,,,,,,,,,,,,,
30.278166,triangle_0.20_гипотенуза,6229,155851,24984,0,0,1.326291,1.326291,1.354832,1.306445,28,27,20017,24170,41,40,0.797816,0.771255,-2.400719,0.200656,-0.037418,-1,,,,,,,,,,,,,,,,
30.301923,triangle_0.20_гипотенуза,6230,155876,25004,0,0,1.326291,1.326291,1.305400,1.305400,27,27,20044,24197,42,40,0.794184,0.767933,-2.400719,0.196850,0.000000,-1,,,,,,,,,,,,,,,,
30.328395,triangle_0.20_гипотенуза,6231,155900,24980,0,0,1.326291,1.326291,1.355049,1.355049,28,28,20072,24225,41,39,0.790417,0.764488,-2.400719,0.204337,0.000000,-1,,,,,,,,,,,,,,,,
30.354373,triangle_0.20_гипотенуза,6232,155926,25020,0,0,1.326291,1.326291,1.304566,1.304566,27,27,20100,24253,42,40,0.786785,0.761166,-2.400719,0.196724,0.000000,-1,,,,,,,,,,,,,,,,
30.377957,triangle_0.20_гипотенуза,6233,155951,25000,0,0,1.326291,1.326291,1.353965,1.353965,28,28,20127,24281,41,39,0.783019,0.757721,-2.400719,0.204173,0.000000,-1,,,,,,,,,,,,,,,,
30.404435,triangle_0.20_гипотенуза,6234,155976,25000,0,0,1.326291,1.326291,1.353965,1.353965,28,28,20155,24309,41,39,0.779253,0.754276,-2.400719,0.204173,0.000000,-1,,,,,,,,,,,,,,,,
30.429645,triangle_0.20_гипотенуза,6235,156001,24988,0,0,1.326291,1.326291,1.306236,1.354615,27,28,20182,24336,42,39,0.775555,0.750891,-2.399785,0.200624,0.037412,-1,,,,,,,,,,,,,,,,
30.455099,triangle_0.20_гипотенуза,6236,156026,24992,0,0,1.326291,1.326291,1.306027,1.354399,27,28,20210,24365,42,39,0.771861,0.747502,-2.398850,0.200591,0.037406,-1,,,,,,,,,,,,,,,,
30.480267,triangle_0.20_гипотенуза,6237,156051,25036,0,0,1.326291,1.326291,1.352018,1.400305,28,29,20237,24393,41,38,0.768035,0.743986,-2.397915,0.207520,0.037341,-1,,,,,,,,,,,,,,,,
30.506304,triangle_0.20_гипотенуза,6238,156076,24968,0,0,1.326291,1.326291,1.355700,1.307283,28,27,20265,24421,41,39,0.764344,0.740594,-2.398850,0.200784,-0.037442,-1,,,,,,,,,,,,,,,,
30.530027,triangle_0.20_гипотенуза,6239,156101,25000,0,0,1.326291,1.326291,1.353965,1.353965,28,28,20293,24449,41,39,0.760584,0.737142,-2.398850,0.204173,0.000000,-1,,,,,,,,,,,,,,,,
30.557236,triangle_0.20_гипотенуза,6240,156126,24996,0,0,1.326291,1.326291,1.305818,1.354182,27,28,20320,24476,42,38,0.756893,0.733750,-2.397915,0.200559,0.037400,-1,,,,,,,,,,,,,,,,
30.581803,triangle_0.20_гипотенуза,6241,156151,25020,0,0,1.326291,1.326291,1.352883,1.352883,28,28,20348,24504,41,38,0.753136,0.730294,-2.397915,0.204010,0.000000,-1,,,,,,,,,,,,,,,,
30.607586,triangle_0.20_гипотенуза,6242,156176,25008,0,0,1.326291,1.326291,1.305192,1.305192,27,27,20376,24532,42,39,0.749514,0.726962,-2.397915,0.196818,0.000000,-1,,,,,,,,,,,,,,,,
30.630570,triangle_0.20_гипотенуза,6243,156200,24972,0,0,1.326291,1.326291,1.355483,1.355483,28,28,20404,24559,41,38,0.745757,0.723506,-2.397915,0.204402,0.000000,-1,,,,,,,,,,,,,,,,
30.655960,triangle_0.20_гипотенуза,6244,156226,25012,0,0,1.326291,1.326291,1.353316,1.304983,28,27,20432,24586,41,39,0.742066,0.720114,-2.398850,0.200431,-0.037376,-1,,,,,,,,,,,,,,,,
30.681817,triangle_0.20_гипотенуза,6245,156251,24996,0,0,1.326291,1.326291,1.354182,1.305818,28,27,20459,24614,41,39,0.738372,0.716725,-2.399785,0.200559,-0.037400,-1,,,,,,,,,,,,,,,,
30.707298,triangle_0.20_гипотенуза,6246,156276,25004,0,0,1.326291,1.326291,1.305400,1.353749,27,28,20486,24641,42,38,0.734677,0.713337,-2.398850,0.200495,0.037388,-1,,,,,,,,,,,,,,,,
30.732802,triangle_0.20_гипотенуза,6247,156301,25032,0,0,1.326291,1.326291,1.352234,1.352234,28,28,20514,24669,41,38,0.730917,0.709884,-2.398850,0.203912,0.000000,-1,,,,,,,,,,,,,,,,
30.757821,triangle_0.20_гипотенуза,6248,156326,24972,0,0,1.326291,1.326291,1.307073,1.307073,27,27,20541,24696,42,39,0.727292,0.706556,-2.398850,0.197102,0.000000,-1,,,,,,,,,,,,,,,,
30.783558,triangle_0.20_гипотенуза,6249,156351,25036,0,0,1.326291,1.326291,1.303732,1.303732,27,27,20568,24724,42,39,0.723666,0.703227,-2.398850,0.196598,0.000000,-1,,,,,,,,,,,,,,,,
30.809586,triangle_0.20_гипотенуза,6250,156376,24960,0,0,1.326291,1.326291,1.307702,1.356135,27,28,20596,24751,42,38,0.719975,0.699835,-2.397915,0.200849,0.037454,-1,,,,,,,,,,,,,,,,
30.837268,triangle_0.20_гипотенуза,6251,156401,25004,0,0,1.326291,1.326291,1.353749,1.353749,28,28,20623,24779,41,38,0.716218,0.696379,-2.397915,0.204140,0.000000,-1,,,,,,,,,,,,,,,,
30.860231,triangle_0.20_гипотенуза,6252,156426,24984,0,0,1.326291,1.326291,1.306445,1.306445,27,27,20650,24806,42,39,0.712596,0.693047,-2.397915,0.197007,0.000000,-1,,,,,,,,,,,,,,,,
30.885859,triangle_0.20_гипотенуза,6253,156451,25016,0,0,1.326291,1.326291,1.304774,1.304774,27,27,20677,24833,42,39,0.708973,0.689715,-2.397915,0.196755,0.000000,-1,,,,,,,,,,,,,,,,
30.914177,triangle_0.20_гипотенуза,6254,156476,25008,0,0,1.326291,1.326291,1.256851,1.305192,26,27,20703,24860,43,39,0.705419,0.686442,-2.396980,0.193173,0.037382,-1,,,,,,,,,,,,,,,,
30.942581,triangle_0.20_гипотенуза,6255,156500,24976,0,0,1.326291,1.326291,1.306864,1.306864,27,27,20731,24888,42,39,0.701800,0.683107,-2.396980,0.197070,0.000000,-1,,,,,,,,,,,,,,,,
30.981978,triangle_0.20_гипотенуза,6256,156526,25000,0,0,1.326291,1.326291,1.353965,1.353965,28,28,20758,24915,41,38,0.698046,0.679648,-2.396980,0.204173,0.000000,-1,,,,,,,,,,,,,,,,
30.984651,triangle_0.20_гипотенуза,6257,156551,25004,0,0,1.326291,1.326291,1.305400,1.305400,27,27,20785,24943,42,39,0.694427,0.676312,-2.396980,0.196850,0.000000,-1,,,,,,,,,,,,,,,,
31.010099,triangle_0.20_гипотенуза,6258,156576,25036,0,0,1.326291,1.326291,1.303732,1.352018,27,28,20812,24970,42,38,0.690742,0.672913,-2.396045,0.200239,0.037341,-1,,,,,,,,,,,,,,,,
31.037286,triangle_0.20_гипотенуза,6259,156601,24972,0,0,1.326291,1.326291,1.355483,1.258663,28,26,20840,24997,41,40,0.687122,0.669577,-2.397915,0.197102,-0.074873,-1,,,,,,,,,,,,,,,,
31.062759,triangle_0.20_гипотенуза,6260,156626,25004,0,0,1.326291,1.326291,1.305400,1.305400,27,27,20868,25023,42,39,0.683500,0.666245,-2.397915,0.196850,0.000000,-1,,,,,,,,,,,,,,,,
31.086176,triangle_0.20_гипотенуза,6261,156651,24992,0,0,1.326291,1.326291,1.354399,1.306027,28,27,20896,25051,41,39,0.679809,0.662853,-2.398850,0.200591,-0.037406,-1,,,,,,,,,,,,,,,,
31.112137,triangle_0.20_гипотенуза,6262,156676,25000,0,0,1.326291,1.326291,1.305609,1.305609,27,27,20923,25077,42,39,0.676183,0.659524,-2.398850,0.196881,0.000000,-1,,,,,,,,,,,,,,,,
31.139891,triangle_0.20_гипотенуза,6263,156701,25016,0,0,1.326291,1.326291,1.353099,1.304774,28,27,20950,25104,41,39,0.672489,0.656135,-2.399785,0.200399,-0.037370,-1,,,,,,,,,,,,,,,,
31.166421,triangle_0.20_гипотенуза,6264,156726,24996,0,0,1.326291,1.326291,1.305818,1.305818,27,27,20978,25131,42,39,0.668860,0.652810,-2.399785,0.196913,0.000000,-1,,,,,,,,,,,,,,,,
31.186798,triangle_0.20_гипотенуза,6265,156751,24992,0,0,1.326291,1.326291,1.354399,1.257656,28,26,21005,25158,41,40,0.665228,0.649488,-2.401654,0.196944,-0.074813,-1,,,,,,,,,,,,,,,,
31.212319,triangle_0.20_гипотенуза,6266,156776,25008,0,0,1.326291,1.326291,1.305192,1.305192,27,27,21032,25185,42,40,0.661593,0.646169,-2.401654,0.196818,0.000000,-1,,,,,,,,,,,,,,,,
31.238381,triangle_0.20_гипотенуза,6267,156801,25000,0,0,1.326291,1.326291,1.305609,1.353965,27,28,21060,25212,42,39,0.657892,0.642787,-2.400719,0.200527,0.037394,-1,,,,,,,,,,,,,,,,
31.263958,triangle_0.20_гипотенуза,6268,156826,24996,0,0,1.326291,1.326291,1.305818,1.305818,27,27,21086,25239,42,40,0.654261,0.639465,-2.400719,0.196913,0.000000,-1,,,,,,,,,,,,,,,,
31.290271,triangle_0.20_гипотенуза,6269,156851,25008,0,0,1.326291,1.326291,1.305192,1.305192,27,27,21114,25266,42,40,0.650629,0.636143,-2.400719,0.196818,0.000000,-1,,,,,,,,,,,,,,,,
31.314046,triangle_0.20_гипотенуза,6270,156876,25012,0,0,1.326291,1.326291,1.353316,1.256650,28,26,21141,25293,42,40,0.646994,0.632825,-2.402589,0.196787,-0.074753,-1,,,,,,,,,,,,,,,,
31.339421,triangle_0.20_гипотенуза,6271,156901,24972,0,0,1.326291,1.326291,1.307073,1.307073,27,27,21168,25320,42,40,0.643356,0.629509,-2.402589,0.197102,0.000000,-1,,,,,,,,,,,,,,,,
31.370348,triangle_0.20_гипотенуза,6272,156925,24996,0,0,1.326291,1.326291,1.354182,1.354182,28,28,21196,25347,41,39,0.639583,0.626071,-2.402589,0.204206,0.000000,-1,,,,,,,,,,,,,,,,
31.390855,triangle_0.20_гипотенуза,6273,156951,25032,0,0,1.326291,1.326291,1.352234,1.303940,28,27,21224,25374,41,40,0.635876,0.622696,-2.403524,0.200271,-0.037347,-1,,,,,,,,,,,,,,,,
31.416711,triangle_0.20_гипотенуза,6274,156976,24992,0,0,1.326291,1.326291,1.306027,1.306027,27,27,21252,25402,42,40,0.632235,0.619385,-2.403524,0.196944,0.000000,-1,,,,,,,,,,,,,,,,
31.440737,triangle_0.20_гипотенуза,6275,157001,24980,0,0,1.326291,1.326291,1.355049,1.355049,28,28,21279,25429,41,39,0.628459,0.615950,-2.403524,0.204337,0.000000,-1,,,,,,,,,,,,,,,,
31.466970,triangle_0.20_гипотенуза,6276,157026,24996,0,0,1.326291,1.326291,1.354182,1.354182,28,28,21307,25457,41,39,0.624683,0.612516,-2.403524,0.204206,0.000000,-1,,,,,,,,,,,,,,,,
31.492499,triangle_0.20_гипотенуза,6277,157051,25012,0,0,1.326291,1.326291,1.304983,1.304983,27,27,21334,25485,42,40,0.621041,0.609204,-2.403524,0.196787,0.000000,-1,,,,,,,,,,,,,,,,
31.516768,triangle_0.20_гипотенуза,6278,157076,25000,0,0,1.326291,1.326291,1.305609,1.353965,27,28,21362,25512,42,39,0.617334,0.605829,-2.402589,0.200527,0.037394,-1,,,,,,,,,,,,,,,,
31.543243,triangle_0.20_гипотенуза,6279,157101,24984,0,0,1.326291,1.326291,1.354832,1.354832,28,28,21389,25540,41,39,0.613562,0.602391,-2.402589,0.204304,0.000000,-1,,,,,,,,,,,,,,,,
31.567433,triangle_0.20_гипотенуза,6280,157126,25020,0,0,1.326291,1.326291,1.352883,1.352883,28,28,21417,25568,41,39,0.609789,0.598953,-2.402589,0.204010,0.000000,-1,,,,,,,,,,,,,,,,
31.593955,triangle_0.20_гипотенуза,6281,157151,25000,0,0,1.326291,1.326291,1.305609,1.305609,27,27,21444,25596,42,40,0.606151,0.595638,-2.402589,0.196881,0.000000,-1,,,,,,,,,,,,,,,,
31.624846,triangle_0.20_гипотенуза,6282,157176,25000,0,0,1.326291,1.326291,1.305609,1.353965,27,28,21472,25624,42,39,0.602447,0.592259,-2.401654,0.200527,0.037394,-1,,,,,,,,,,,,,,,,
31.642831,triangle_0.20_гипотенуза,6283,157201,25004,0,0,1.326291,1.326291,1.353749,1.353749,28,28,21499,25652,41,39,0.598677,0.588818,-2.401654,0.204140,0.000000,-1,,,,,,,,,,,,,,,,
31.669363,triangle_0.20_гипотенуза,6284,157225,24996,0,0,1.326291,1.326291,1.354182,1.402546,28,29,21527,25680,41,38,0.594842,0.585313,-2.400719,0.207852,0.037400,-1,,,,,,,,,,,,,,,,
31.693026,triangle_0.20_гипотенуза,6285,157251,25040,0,0,1.326291,1.326291,1.351802,1.351802,28,28,21555,25708,41,39,0.591076,0.581868,-2.400719,0.203847,0.000000,-1,,,,,,,,,,,,,,,,
31.718619,triangle_0.20_гипотенуза,6286,157276,24940,0,0,1.326291,1.326291,1.308750,1.308750,27,27,21583,25736,42,39,0.587444,0.578546,-2.400719,0.197355,0.000000,-1,,,,,,,,,,,,,,,,
31.744292,triangle_0.20_гипотенуза,6287,157301,25108,0,0,1.326291,1.326291,1.348141,1.348141,28,28,21610,25764,41,39,0.583677,0.575100,-2.400719,0.203295,0.000000,-1,,,,,,,,,,,,,,,,
31.781750,triangle_0.20_гипотенуза,6288,157326,24916,0,0,1.326291,1.326291,1.358530,1.358530,28,28,21638,25792,41,39,0.579911,0.571655,-2.400719,0.204862,0.000000,-1,,,,,,,,,,,,,,,,
31.795830,triangle_0.20_гипотенуза,6289,157351,25008,0,0,1.326291,1.326291,1.305192,1.353532,27,28,21666,25820,42,39,0.576213,0.568270,-2.399785,0.200463,0.037382,-1,,,,,,,,,,,,,,,,
31.820327,triangle_0.20_гипотенуза,6290,157376,24988,0,0,1.326291,1.326291,1.354615,1.354615,28,28,21694,25848,41,39,0.572450,0.564821,-2.399785,0.204271,0.000000,-1,,,,,,,,,,,,,,,,
31.846724,triangle_0.20_гипотенуза,6291,157401,24992,0,0,1.326291,1.326291,1.354399,1.354399,28,28,21722,25876,41,38,0.568687,0.561373,-2.399785,0.204239,0.000000,-1,,,,,,,,,,,,,,,,
31.869983,triangle_0.20_гипотенуза,6292,157426,25000,0,0,1.326291,1.326291,1.353965,1.353965,28,28,21750,25904,41,38,0.564924,0.557924,-2.399785,0.204173,0.000000,-1,,,,,,,,,,,,,,,,
31.895347,triangle_0.20_гипотенуза,6293,157451,25008,0,0,1.326291,1.326291,1.353532,1.353532,28,28,21777,25931,41,38,0.561161,0.554476,-2.399785,0.204108,0.000000,-1,,,,,,,,,,,,,,,,
31.929785,triangle_0.20_гипотенуза,6294,157476,24988,0,0,1.326291,1.326291,1.306236,1.354615,27,28,21805,25959,42,38,0.557467,0.551087,-2.398850,0.200624,0.037412,-1,,,,,,,,,,,,,,,,
31.947632,triangle_0.20_гипотенуза,6295,157501,25044,0,0,1.326291,1.326291,1.351586,1.303316,28,27,21832,25987,41,39,0.553772,0.547698,-2.399785,0.200175,-0.037329,-1,,,,,,,,,,,,,,,,
31.971288,triangle_0.20_гипотенуза,6296,157526,24948,0,0,1.326291,1.326291,1.308331,1.356787,27,28,21859,26015,42,38,0.550078,0.544309,-2.398850,0.200945,0.037472,-1,,,,,,,,,,,,,,,,
31.997840,triangle_0.20_гипотенуза,6297,157551,25008,0,0,1.326291,1.326291,1.305192,1.353532,27,28,21887,26042,42,38,0.546387,0.540917,-2.397915,0.200463,0.037382,-1,,,,,,,,,,,,,,,,
32.023679,triangle_0.20_гипотенуза,6298,157576,24992,0,0,1.326291,1.326291,1.354399,1.354399,28,28,21914,26070,41,38,0.542630,0.537462,-2.397915,0.204239,0.000000,-1,,,,,,,,,,,,,,,,
32.046709,triangle_0.20_гипотенуза,6299,157601,25020,0,0,1.326291,1.326291,1.304566,1.304566,27,27,21942,26098,42,39,0.539007,0.534129,-2.397915,0.196724,0.000000,-1,,,,,,,,,,,,,,,,
32.072351,triangle_0.20_гипотенуза,6300,157626,24996,0,0,1.326291,1.326291,1.354182,1.305818,28,27,21969,26124,41,39,0.535316,0.530737,-2.398850,0.200559,-0.037400,-1,,,,,,,,,,,,,,,,
32.100141,triangle_0.20_гипотенуза,6301,157651,24988,0,0,1.326291,1.326291,1.306236,1.354615,27,28,21996,26152,42,38,0.531625,0.527345,-2.397915,0.200624,0.037412,-1,,,,,,,,,,,,,,,,
32.123411,triangle_0.20_гипотенуза,6302,157676,25016,0,0,1.326291,1.326291,1.304774,1.304774,27,27,22024,26179,42,39,0.528003,0.524013,-2.397915,0.196755,0.000000,-1,,,,,,,,,,,,,,,,
32.156695,triangle_0.20_гипотенуза,6303,157701,24980,0,0,1.326291,1.326291,1.355049,1.306655,28,27,22051,26207,41,39,0.524311,0.520620,-2.398850,0.200688,-0.037424,-1,,,,,,,,,,,,,,,,
32.174956,triangle_0.20_гипотенуза,6304,157726,25000,0,0,1.326291,1.326291,1.305609,1.353965,27,28,22079,26234,42,38,0.520620,0.517228,-2.397915,0.200527,0.037394,-1,,,,,,,,,,,,,,,,
32.200876,triangle_0.20_гипотенуза,6305,157751,25012,0,0,1.326291,1.326291,1.353316,1.304983,28,27,22106,26261,41,39,0.516929,0.513836,-2.398850,0.200431,-0.037376,-1,,,,,,,,,,,,,,,,
32.223416,triangle_0.20_гипотенуза,6306,157776,25000,0,0,1.326291,1.326291,1.305609,1.305609,27,27,22134,26288,42,39,0.513303,0.510507,-2.398850,0.196881,0.000000,-1,,,,,,,,,,,,,,,,
32.248962,triangle_0.20_гипотенуза,6307,157801,25004,0,0,1.326291,1.326291,1.353749,1.257052,28,26,22161,26315,41,40,0.509675,0.507182,-2.400719,0.196850,-0.074777,-1,,,,,,,,,,,,,,,,
32.274194,triangle_0.20_гипотенуза,6308,157826,24988,0,0,1.326291,1.326291,1.354615,1.306236,28,27,22189,26341,41,39,0.505974,0.503800,-2.401654,0.200624,-0.037412,-1,,,,,,,,,,,,,,,,
32.300117,triangle_0.20_гипотенуза,6309,157851,24996,0,0,1.326291,1.326291,1.305818,1.305818,27,27,22216,26368,42,39,0.502339,0.500481,-2.401654,0.196913,0.000000,-1,,,,,,,,,,,,,,,,
32.326106,triangle_0.20_гипотенуза,6310,157876,25012,0,0,1.326291,1.326291,1.304983,1.256650,27,26,22243,26395,42,40,0.498770,0.497226,-2.402589,0.193143,-0.037376,-1,,,,,,,,,,,,,,,,
32.352346,triangle_0.20_гипотенуза,6311,157901,25004,0,0,1.326291,1.326291,1.353749,1.305400,28,27,22271,26421,41,39,0.495063,0.493851,-2.403524,0.200495,-0.037388,-1,,,,,,,,,,,,,,,,
32.375967,triangle_0.20_гипотенуза,6312,157926,24988,0,0,1.326291,1.326291,1.306236,1.257857,27,26,22298,26448,42,40,0.491487,0.490602,-2.404459,0.193328,-0.037412,-1,,,,,,,,,,,,,,,,
32.406451,triangle_0.20_гипотенуза,6313,157950,24996,0,0,1.326291,1.326291,1.305818,1.305818,27,27,22326,26474,42,40,0.487843,0.487294,-2.404459,0.196913,0.000000,-1,,,,,,,,,,,,,,,,
32.429839,triangle_0.20_гипотенуза,6314,157976,25056,0,0,1.326291,1.326291,1.350939,1.302691,28,27,22353,26501,41,40,0.484130,0.483926,-2.405394,0.200079,-0.037311,-1,,,,,,,,,,,,,,,,
32.452759,triangle_0.20_гипотенуза,6315,158001,24956,0,0,1.326291,1.326291,1.259470,1.307911,26,27,22379,26528,42,40,0.480551,0.480680,-2.404459,0.193576,0.037460,-1,,,,,,,,,,,,,,,,
32.478162,triangle_0.20_гипотенуза,6316,158026,24996,0,0,1.326291,1.326291,1.305818,1.305818,27,27,22406,26555,42,40,0.476907,0.477372,-2.404459,0.196913,0.000000,-1,,,,,,,,,,,,,,,,
32.502038,triangle_0.20_гипотенуза,6317,158051,25012,0,0,1.326291,1.326291,1.304983,1.304983,27,27,22433,26582,42,40,0.473263,0.474063,-2.404459,0.196787,0.000000,-1,,,,,,,,,,,,,,,,
32.528096,triangle_0.20_гипотенуза,6318,158076,25000,0,0,1.326291,1.326291,1.305609,1.305609,27,27,22460,26610,42,40,0.469619,0.470755,-2.404459,0.196881,0.000000,-1,,,,,,,,,,,,,,,,
32.554269,triangle_0.20_гипотенуза,6319,158101,24984,0,0,1.326291,1.326291,1.306445,1.354832,27,28,22488,26637,42,39,0.465909,0.467383,-2.403524,0.200656,0.037418,-1,,,,,,,,,,,,,,,,
32.578445,triangle_0.20_гипотенуза,6320,158126,25004,0,0,1.326291,1.326291,1.353749,1.305400,28,27,22515,26665,41,40,0.462198,0.464012,-2.404459,0.200495,-0.037388,-1,,,,,,,,,,,,,,,,
32.604684,triangle_0.20_гипотенуза,6321,158151,25008,0,0,1.326291,1.326291,1.256851,1.353532,26,28,22542,26692,43,39,0.458557,0.460700,-2.402589,0.196818,0.074765,-1,,,,,,,,,,,,,,,,
32.636119,triangle_0.20_гипотенуза,6322,158176,25000,0,0,1.326291,1.326291,1.353965,1.353965,28,28,22569,26720,41,39,0.454784,0.457262,-2.402589,0.204173,0.000000,-1,,,,,,,,,,,,,,,,
32.654662,triangle_0.20_гипотенуза,6323,158201,24988,0,0,1.326291,1.326291,1.306236,1.306236,27,27,22596,26748,42,40,0.451146,0.453947,-2.402589,0.196976,0.000000,-1,,,,,,,,,,,,,,,,
32.680548,triangle_0.20_гипотенуза,6324,158226,25024,0,0,1.326291,1.326291,1.304357,1.352667,27,28,22624,26776,42,39,0.447442,0.450568,-2.401654,0.200335,0.037358,-1,,,,,,,,,,,,,,,,
32.705567,triangle_0.20_гипотенуза,6325,158251,24992,0,0,1.326291,1.326291,1.354399,1.354399,28,28,22652,26804,41,39,0.443673,0.447127,-2.401654,0.204239,0.000000,-1,,,,,,,,,,,,,,,,
32.731131,triangle_0.20_гипотенуза,6326,158276,25012,0,0,1.326291,1.326291,1.353316,1.353316,28,28,22679,26831,41,39,0.439903,0.443685,-2.401654,0.204075,0.000000,-1,,,,,,,,,,,,,,,,
32.754812,triangle_0.20_гипотенуза,6327,158301,24972,0,0,1.326291,1.326291,1.307073,1.355483,27,28,22706,26859,42,39,0.436203,0.440303,-2.400719,0.200752,0.037436,-1,,,,,,,,,,,,,,,,
32.781143,triangle_0.20_гипотенуза,6328,158326,25024,0,0,1.326291,1.326291,1.352667,1.352667,28,28,22734,26887,41,39,0.432436,0.436858,-2.400719,0.203977,0.000000,-1,,,,,,,,,,,,,,,,
32.807298,triangle_0.20_гипотенуза,6329,158351,24976,0,0,1.326291,1.326291,1.306864,1.355266,27,28,22761,26915,42,39,0.428739,0.433473,-2.399785,0.200720,0.037430,-1,,,,,,,,,,,,,,,,
32.832604,triangle_0.20_гипотенуза,6330,158376,25004,0,0,1.326291,1.326291,1.305400,1.353749,27,28,22788,26944,42,39,0.425044,0.430084,-2.398850,0.200495,0.037388,-1,,,,,,,,,,,,,,,,
32.856469,triangle_0.20_гипотенуза,6331,158401,24992,0,0,1.326291,1.326291,1.306027,1.354399,27,28,22816,26972,42,39,0.421353,0.426692,-2.397915,0.200591,0.037406,-1,,,,,,,,,,,,,,,,
32.882471,triangle_0.20_гипотенуза,6332,158426,25000,0,0,1.326291,1.326291,1.305609,1.402321,27,29,22842,27001,42,38,0.417600,0.423233,-2.396045,0.204173,0.074789,-1,,,,,,,,,,,,,,,,
32.908430,triangle_0.20_гипотенуза,6333,158451,25016,0,0,1.326291,1.326291,1.304774,1.401424,27,29,22870,27029,42,38,0.413853,0.419767,-2.394176,0.204043,0.074741,-1,,,,,,,,,,,,,,,,
32.931573,triangle_0.20_гипотенуза,6334,158476,25008,0,0,1.326291,1.326291,1.353532,1.305192,28,27,22897,27057,41,39,0.410174,0.416361,-2.395110,0.200463,-0.037382,-1,,,,,,,,,,,,,,,,
32.957787,triangle_0.20_гипотенуза,6335,158501,24976,0,0,1.326291,1.326291,1.258462,1.355266,26,28,22924,27085,43,38,0.406564,0.413015,-2.393241,0.197070,0.074861,-1,,,,,,,,,,,,,,,,
32.984079,triangle_0.20_гипотенуза,6336,158526,25032,0,0,1.326291,1.326291,1.352234,1.352234,28,28,22951,27113,42,38,0.402823,0.409542,-2.393241,0.203912,0.000000,-1,,,,,,,,,,,,,,,,
33.008060,triangle_0.20_гипотенуза,6337,158551,24976,0,0,1.326291,1.326291,1.355266,1.355266,28,28,22979,27140,41,38,0.399083,0.406069,-2.393241,0.204369,0.000000,-1,,,,,,,,,,,,,,,,
33.034283,triangle_0.20_гипотенуза,6338,158576,25008,0,0,1.326291,1.326291,1.256851,1.401873,26,29,23006,27169,43,37,0.395414,0.402653,-2.390436,0.200463,0.112147,-1,,,,,,,,,,,,,,,,
33.058386,triangle_0.20_гипотенуза,6339,158601,24992,0,0,1.326291,1.326291,1.354399,1.354399,28,28,23033,27197,42,38,0.391683,0.399169,-2.390436,0.204239,0.000000,-1,,,,,,,,,,,,,,,,
33.083502,triangle_0.20_гипотенуза,6340,158626,25004,0,0,1.326291,1.326291,1.353749,1.257052,28,26,23061,27223,42,39,0.388083,0.395813,-2.392306,0.196850,-0.074777,-1,,,,,,,,,,,,,,,,
33.109461,triangle_0.20_гипотенуза,6341,158651,25000,0,0,1.326291,1.326291,1.208897,1.305609,25,27,23087,27250,44,39,0.384615,0.392582,-2.390436,0.189589,0.074789,-1,,,,,,,,,,,,,,,,
33.134707,triangle_0.20_гипотенуза,6342,158675,25028,0,0,1.326291,1.326291,1.255847,1.255847,26,26,23112,27276,43,40,0.381151,0.389347,-2.390436,0.189377,0.000000,-1,,,,,,,,,,,,,,,,
33.160216,triangle_0.20_гипотенуза,6343,158701,24984,0,0,1.326291,1.326291,1.209672,1.161285,25,24,23138,27301,44,41,0.377885,0.386300,-2.391371,0.178766,-0.037418,-1,,,,,,,,,,,,,,,,
33.190019,triangle_0.20_гипотенуза,6344,158726,24976,0,0,1.326291,1.326291,1.113254,1.161657,23,24,23160,27324,46,41,0.374753,0.383378,-2.390436,0.171524,0.037430,-1,,,,,,,,,,,,,,,,
33.210674,triangle_0.20_гипотенуза,6345,158751,25004,0,0,1.326291,1.326291,1.160356,1.112008,24,23,23184,27347,45,42,0.371620,0.380456,-2.391371,0.171332,-0.037388,-1,,,,,,,,,,,,,,,,
33.237009,triangle_0.20_гипотенуза,6346,158776,25016,0,0,1.326291,1.326291,0.966500,0.966500,20,20,23204,27367,49,45,0.368953,0.377970,-2.391371,0.145745,0.000000,-1,,,,,,,,,,,,,,,,
33.261855,triangle_0.20_гипотенуза,6347,158801,25004,0,0,1.326291,1.326291,0.918615,0.918615,19,19,23223,27386,50,47,0.366419,0.375608,-2.391371,0.138524,0.000000,-1,,,,,,,,,,,,,,,,
33.287513,triangle_0.20_гипотенуза,6348,158826,24992,0,0,1.326291,1.326291,1.112542,1.112542,23,23,23246,27409,48,44,0.363352,0.372750,-2.391371,0.167767,0.000000,-1,,,,,,,,,,,,,,,,
33.313405,triangle_0.20_гипотенуза,6349,158851,25012,0,0,1.326291,1.326291,1.159985,1.159985,24,24,23270,27433,48,44,0.360151,0.369767,-2.391371,0.174922,0.000000,-1,,,,,,,,,,,,,,,,
33.338560,triangle_0.20_гипотенуза,6350,158876,25000,0,0,1.326291,1.326291,1.112186,1.160542,23,24,23293,27458,49,44,0.357019,0.366844,-2.390436,0.171360,0.037394,-1,,,,,,,,,,,,,,,,
33.362201,triangle_0.20_гипотенуза,6351,158901,24984,0,0,1.326291,1.326291,1.258059,1.306445,26,27,23319,27484,47,43,0.353490,0.363546,-2.389501,0.193359,0.037418,-1,,,,,,,,,,,,,,,,
33.388298,triangle_0.20_гипотенуза,6352,158926,24988,0,0,1.326291,1.326291,1.354615,1.306236,28,27,23348,27511,46,43,0.349827,0.360123,-2.390436,0.200624,-0.037412,-1,,,,,,,,,,,,,,,,
33.413972,triangle_0.20_гипотенуза,6353,158951,25016,0,0,1.326291,1.326291,1.256449,1.256449,26,26,23374,27538,47,43,0.346363,0.356888,-2.390436,0.189468,0.000000,-1,,,,,,,,,,,,,,,,
33.439755,triangle_0.20_гипотенуза,6354,158976,24992,0,0,1.326291,1.326291,1.354399,1.402770,28,29,23401,27566,46,41,0.342567,0.353340,-2.389501,0.207886,0.037406,-1,,,,,,,,,,,,,,,,
33.462826,triangle_0.20_гипотенуза,6355,159001,25012,0,0,1.326291,1.326291,1.353316,1.304983,28,27,23429,27594,46,43,0.338905,0.349917,-2.390436,0.200431,-0.037376,-1,,,,,,,,,,,,,,,,
33.489150,triangle_0.20_гипотенуза,6356,159026,25008,0,0,1.326291,1.326291,1.305192,1.353532,27,28,23457,27622,46,42,0.335242,0.346494,-2.389501,0.200463,0.037382,-1,,,,,,,,,,,,,,,,
33.514253,triangle_0.20_гипотенуза,6357,159051,24984,0,0,1.326291,1.326291,1.403219,1.354832,29,28,23486,27650,45,42,0.331446,0.342946,-2.390436,0.207952,-0.037418,-1,,,,,,,,,,,,,,,,
33.541157,triangle_0.20_гипотенуза,6358,159076,25028,0,0,1.326291,1.326291,1.304149,1.352450,27,28,23513,27677,46,42,0.327784,0.339523,-2.389501,0.200303,0.037353,-1,,,,,,,,,,,,,,,,
33.564351,triangle_0.20_гипотенуза,6359,159101,25008,0,0,1.326291,1.326291,1.305192,1.353532,27,28,23539,27705,46,42,0.324124,0.336097,-2.388566,0.200463,0.037382,-1,,,,,,,,,,,,,,,,
33.589916,triangle_0.20_гипотенуза,6360,159126,24952,0,0,1.326291,1.326291,1.405019,1.356570,29,28,23568,27734,45,42,0.320332,0.332545,-2.389501,0.208219,-0.037466,-1,,,,,,,,,,,,,,,,
33.617521,triangle_0.20_гипотенуза,6361,159151,25008,0,0,1.326291,1.326291,1.353532,1.401873,28,29,23596,27762,45,41,0.316540,0.328994,-2.388566,0.207753,0.037382,-1,,,,,,,,,,,,,,,,
33.645551,triangle_0.20_гипотенуза,6362,159176,25020,0,0,1.326291,1.326291,1.256248,1.352883,26,28,23623,27790,47,42,0.312952,0.325625,-2.386697,0.196724,0.074729,-1,,,,,,,,,,,,,,,,
33.668595,triangle_0.20_гипотенуза,6363,159201,24988,0,0,1.326291,1.326291,1.402995,1.354615,29,28,23651,27819,45,42,0.309166,0.322067,-2.387632,0.207919,-0.037412,-1,,,,,,,,,,,,,,,,
33.703864,triangle_0.20_гипотенуза,6364,159226,25008,0,0,1.326291,1.326291,1.305192,1.353532,27,28,23678,27847,46,41,0.305513,0.318633,-2.386697,0.200463,0.037382,-1,,,,,,,,,,,,,,,,
33.717029,triangle_0.20_гипотенуза,6365,159251,24996,0,0,1.326291,1.326291,1.354182,1.402546,28,29,23706,27875,45,41,0.301730,0.315072,-2.385762,0.207852,0.037400,-1,,,,,,,,,,,,,,,,
33.752939,triangle_0.20_гипотенуза,6366,159277,25004,0,0,1.326291,1.326291,1.402097,1.353749,29,28,23736,27904,45,41,0.297948,0.311510,-2.386697,0.207786,-0.037388,-1,,,,,,,,,,,,,,,,
33.765921,triangle_0.20_гипотенуза,6367,159301,25000,0,0,1.326291,1.326291,1.305609,1.402321,27,29,23762,27932,46,41,0.294234,0.308009,-2.384827,0.204173,0.074789,-1,,,,,,,,,,,,,,,,
33.792116,triangle_0.20_гипотенуза,6368,159326,24976,0,0,1.326291,1.326291,1.355266,1.403669,28,29,23790,27962,45,40,0.290458,0.304440,-2.383892,0.208019,0.037430,-1,,,,,,,,,,,,,,,,
33.818039,triangle_0.20_гипотенуза,6369,159351,25060,0,0,1.326291,1.326291,1.447204,1.447204,30,30,23820,27991,44,40,0.286485,0.300682,-2.383892,0.218233,0.000000,-1,,,,,,,,,,,,,,,,
33.844163,triangle_0.20_гипотенуза,6370,159376,24956,0,0,1.326291,1.326291,1.307911,1.307911,27,27,23848,28019,46,41,0.282910,0.297299,-2.383892,0.197228,0.000000,-1,,,,,,,,,,,,,,,,
33.867844,triangle_0.20_гипотенуза,6371,159401,24992,0,0,1.326291,1.326291,1.451141,1.402770,30,29,23877,28047,44,40,0.279001,0.293605,-2.384827,0.215180,-0.037406,-1,,,,,,,,,,,,,,,,
33.893617,triangle_0.20_гипотенуза,6372,159426,25028,0,0,1.326291,1.326291,1.352450,1.352450,28,28,23906,28076,45,41,0.275290,0.290100,-2.384827,0.203945,0.000000,-1,,,,,,,,,,,,,,,,
33.919221,triangle_0.20_гипотенуза,6373,159451,24988,0,0,1.326291,1.326291,1.354615,1.354615,28,28,23933,28103,45,41,0.271579,0.286596,-2.384827,0.204271,0.000000,-1,,,,,,,,,,,,,,,,
33.944046,triangle_0.20_гипотенуза,6374,159476,25020,0,0,1.326291,1.326291,1.449517,1.401200,30,29,23963,28132,43,40,0.267667,0.282905,-2.385762,0.214939,-0.037365,-1,,,,,,,,,,,,,,,,
33.969780,triangle_0.20_гипотенуза,6375,159501,24960,0,0,1.326291,1.326291,1.307702,1.356135,27,28,23990,28160,45,40,0.264021,0.279465,-2.384827,0.200849,0.037454,-1,,,,,,,,,,,,,,,,
33.995046,triangle_0.20_гипотенуза,6376,159526,25012,0,0,1.326291,1.326291,1.353316,1.353316,28,28,24018,28189,44,40,0.260310,0.275961,-2.384827,0.204075,0.000000,-1,,,,,,,,,,,,,,,,
34.021020,triangle_0.20_гипотенуза,6377,159551,24992,0,0,1.326291,1.326291,1.402770,1.451141,29,30,24048,28218,44,39,0.256401,0.272267,-2.383892,0.215180,0.037406,-1,,,,,,,,,,,,,,,,
34.044738,triangle_0.20_гипотенуза,6378,159576,25000,0,0,1.326291,1.326291,1.353965,1.353965,28,28,24075,28247,44,40,0.252694,0.268759,-2.383892,0.204173,0.000000,-1,,,,,,,,,,,,,,,,
34.071142,triangle_0.20_гипотенуза,6379,159601,25008,0,0,1.326291,1.326291,1.353532,1.401873,28,29,24103,28275,44,39,0.248921,0.265186,-2.382957,0.207753,0.037382,-1,,,,,,,,,,,,,,,,
34.096819,triangle_0.20_гипотенуза,6380,159626,25000,0,0,1.326291,1.326291,1.353965,1.353965,28,28,24132,28304,44,40,0.245217,0.261675,-2.382957,0.204173,0.000000,-1,,,,,,,,,,,,,,,,
34.122423,triangle_0.20_гипотенуза,6381,159651,25012,0,0,1.326291,1.326291,1.304983,1.353316,27,28,24159,28332,45,40,0.241580,0.258224,-2.382023,0.200431,0.037376,-1,,,,,,,,,,,,,,,,
34.147756,triangle_0.20_гипотенуза,6382,159676,24976,0,0,1.326291,1.326291,1.403669,1.403669,29,29,24188,28361,43,39,0.237746,0.254584,-2.382023,0.211668,0.000000,-1,,,,,,,,,,,,,,,,
34.173143,triangle_0.20_гипотенуза,6383,159702,25000,0,0,1.326291,1.326291,1.353965,1.402321,28,29,24216,28390,44,39,0.233980,0.251005,-2.381088,0.207819,0.037394,-1,,,,,,,,,,,,,,,,
34.200073,triangle_0.20_гипотенуза,6384,159726,25028,0,0,1.326291,1.326291,1.255847,1.352450,26,28,24242,28418,45,39,0.230418,0.247609,-2.379218,0.196661,0.074705,-1,,,,,,,,,,,,,,,,
34.225182,triangle_0.20_гипотенуза,6385,159751,24988,0,0,1.326291,1.326291,1.402995,1.402995,29,29,24270,28447,43,39,0.226594,0.243957,-2.379218,0.211567,0.000000,-1,,,,,,,,,,,,,,,,
34.252754,triangle_0.20_гипотенуза,6386,159776,25004,0,0,1.326291,1.326291,1.305400,1.353749,27,28,24298,28475,45,39,0.222970,0.240493,-2.378283,0.200495,0.037388,-1,,,,,,,,,,,,,,,,
34.273143,triangle_0.20_гипотенуза,6387,159801,25000,0,0,1.326291,1.326291,1.208897,1.353965,25,28,24323,28502,46,39,0.219485,0.237149,-2.375479,0.193235,0.112183,-1,,,,,,,,,,,,,,,,
34.298243,triangle_0.20_гипотенуза,6388,159826,24996,0,0,1.326291,1.326291,1.402546,1.354182,29,28,24351,28531,43,39,0.215739,0.233548,-2.376414,0.207852,-0.037400,-1,,,,,,,,,,,,,,,,
34.323747,triangle_0.20_гипотенуза,6389,159851,25020,0,0,1.326291,1.326291,1.256248,1.304566,26,27,24377,28558,45,40,0.212256,0.230201,-2.375479,0.193081,0.037364,-1,,,,,,,,,,,,,,,,
34.349052,triangle_0.20_гипотенуза,6390,159876,24968,0,0,1.326291,1.326291,1.162029,1.355700,24,28,24402,28585,47,39,0.208847,0.226908,-2.371739,0.189832,0.149769,-1,,,,,,,,,,,,,,,,
34.374127,triangle_0.20_гипотенуза,6391,159901,25004,0,0,1.326291,1.326291,1.402097,1.353749,29,28,24431,28613,44,39,0.205115,0.223293,-2.372674,0.207786,-0.037388,-1,,,,,,,,,,,,,,,,
34.401617,triangle_0.20_гипотенуза,6392,159926,24996,0,0,1.326291,1.326291,1.257455,1.257455,26,26,24456,28639,46,40,0.201709,0.219998,-2.372674,0.189620,0.000000,-1,,,,,,,,,,,,,,,,
34.424491,triangle_0.20_гипотенуза,6393,159951,25012,0,0,1.326291,1.326291,1.208318,1.304983,25,27,24481,28666,47,40,0.198305,0.216699,-2.370805,0.189498,0.074753,-1,,,,,,,,,,,,,,,,
34.449450,triangle_0.20_гипотенуза,6394,159976,25000,0,0,1.326291,1.326291,1.402321,1.305609,29,27,24510,28694,44,40,0.194640,0.213146,-2.372674,0.204173,-0.074789,-1,,,,,,,,,,,,,,,,
34.476947,triangle_0.20_гипотенуза,6395,160001,25000,0,0,1.326291,1.326291,1.208897,1.257253,25,26,24535,28720,47,41,0.191301,0.209912,-2.371739,0.185943,0.037394,-1,,,,,,,,,,,,,,,,
34.500418,triangle_0.20_гипотенуза,6396,160026,25004,0,0,1.326291,1.326291,1.257052,1.353749,26,28,24562,28748,46,39,0.187770,0.206483,-2.369870,0.196850,0.074777,-1,,,,,,,,,,,,,,,,
34.525033,triangle_0.20_гипотенуза,6397,160051,24992,0,0,1.326291,1.326291,1.402770,1.354399,29,28,24591,28776,44,39,0.184045,0.202861,-2.370805,0.207886,-0.037406,-1,,,,,,,,,,,,,,,,
34.550643,triangle_0.20_гипотенуза,6398,160076,25000,0,0,1.326291,1.326291,1.208897,1.305609,25,27,24616,28803,47,40,0.180648,0.199556,-2.368935,0.189589,0.074789,-1,,,,,,,,,,,,,,,,
34.576894,triangle_0.20_гипотенуза,6399,160101,25004,0,0,1.326291,1.326291,1.305400,1.402097,27,29,24642,28831,46,38,0.176996,0.195989,-2.367065,0.204140,0.074777,-1,,,,,,,,,,,,,,,,
34.600930,triangle_0.20_гипотенуза,6400,160126,25004,0,0,1.326291,1.326291,1.402097,1.353749,29,28,24671,28859,44,39,0.173281,0.192358,-2.368000,0.207786,-0.037388,-1,,,,,,,,,,,,,,,,
34.626589,triangle_0.20_гипотенуза,6401,160151,24980,0,0,1.326291,1.326291,1.161471,1.258260,24,26,24696,28885,48,40,0.170024,0.189170,-2.366130,0.182443,0.074849,-1,,,,,,,,,,,,,,,,
34.652130,triangle_0.20_гипотенуза,6402,160176,24996,0,0,1.326291,1.326291,1.354182,1.354182,28,28,24724,28914,45,39,0.166379,0.185597,-2.366130,0.204206,0.000000,-1,,,,,,,,,,,,,,,,
34.678182,triangle_0.20_гипотенуза,6403,160201,25008,0,0,1.326291,1.326291,1.401873,1.353532,29,28,24752,28941,44,39,0.162667,0.181962,-2.367065,0.207753,-0.037382,-1,,,,,,,,,,,,,,,,
34.704240,triangle_0.20_гипотенуза,6404,160226,25004,0,0,1.326291,1.326291,1.208704,1.257052,25,26,24777,28967,47,40,0.159346,0.178709,-2.366130,0.185914,0.037388,-1,,,,,,,,,,,,,,,,
34.730132,triangle_0.20_гипотенуза,6405,160251,24992,0,0,1.326291,1.326291,1.354399,1.306027,28,27,24806,28995,45,40,0.155764,0.175201,-2.367065,0.200591,-0.037406,-1,,,,,,,,,,,,,,,,
34.753759,triangle_0.20_гипотенуза,6406,160276,25016,0,0,1.326291,1.326291,1.401424,1.304774,29,27,24834,29022,44,40,0.152113,0.171635,-2.368935,0.204043,-0.074741,-1,,,,,,,,,,,,,,,,
34.777699,triangle_0.20_гипотенуза,6407,160301,25008,0,0,1.326291,1.326291,1.208511,1.256851,25,26,24860,29047,47,41,0.148785,0.168388,-2.368000,0.185884,0.037382,-1,,,,,,,,,,,,,,,,
34.803965,triangle_0.20_гипотенуза,6408,160326,24984,0,0,1.326291,1.326291,1.403219,1.354832,29,28,24889,29075,45,39,0.145067,0.164760,-2.368935,0.207952,-0.037418,-1,,,,,,,,,,,,,,,,
34.829224,triangle_0.20_гипотенуза,6409,160351,25000,0,0,1.326291,1.326291,1.353965,1.353965,28,28,24916,29103,45,39,0.141412,0.161197,-2.368935,0.204173,0.000000,-1,,,,,,,,,,,,,,,,
34.854349,triangle_0.20_гипотенуза,6410,160376,24992,0,0,1.326291,1.326291,1.257656,1.257656,26,26,24942,29130,47,41,0.138018,0.157888,-2.368935,0.189650,0.000000,-1,,,,,,,,,,,,,,,,
34.879694,triangle_0.20_гипотенуза,6411,160401,25012,0,0,1.326291,1.326291,1.449981,1.401648,30,29,24972,29159,44,39,0.134165,0.154136,-2.369870,0.215008,-0.037376,-1,,,,,,,,,,,,,,,,
34.905183,triangle_0.20_гипотенуза,6412,160425,24984,0,0,1.326291,1.326291,1.258059,1.354832,26,28,24998,29186,46,39,0.130641,0.150700,-2.368000,0.197007,0.074837,-1,,,,,,,,,,,,,,,,
34.930904,triangle_0.20_гипотенуза,6413,160451,25024,0,0,1.326291,1.326291,1.304357,1.304357,27,27,25025,29213,46,40,0.127120,0.147261,-2.368000,0.196692,0.000000,-1,,,,,,,,,,,,,,,,
34.956567,triangle_0.20_гипотенуза,6414,160476,24984,0,0,1.326291,1.326291,1.403219,1.403219,29,29,25055,29242,44,38,0.123338,0.143568,-2.368000,0.211600,0.000000,-1,,,,,,,,,,,,,,,,
34.979933,triangle_0.20_гипотенуза,6415,160501,25008,0,0,1.326291,1.326291,1.208511,1.256851,25,26,25080,29268,47,41,0.120013,0.140318,-2.367065,0.185884,0.037382,-1,,,,,,,,,,,,,,,,
35.006025,triangle_0.20_гипотенуза,6416,160526,24996,0,0,1.326291,1.326291,1.354182,1.354182,28,28,25107,29296,45,39,0.116365,0.136748,-2.367065,0.204206,0.000000,-1,,,,,,,,,,,,,,,,
35.031862,triangle_0.20_гипотенуза,6417,160551,25008,0,0,1.326291,1.326291,1.450213,1.401873,30,29,25137,29325,44,38,0.112520,0.132989,-2.368000,0.215042,-0.037382,-1,,,,,,,,,,,,,,,,
35.058128,triangle_0.20_гипотенуза,6418,160576,25004,0,0,1.326291,1.326291,1.208704,1.257052,25,26,25162,29351,47,40,0.109196,0.129739,-2.367065,0.185914,0.037388,-1,,,,,,,,,,,,,,,,
35.080974,triangle_0.20_гипотенуза,6419,160601,24992,0,0,1.326291,1.326291,1.354399,1.306027,28,27,25190,29379,45,40,0.105611,0.126235,-2.368000,0.200591,-0.037406,-1,,,,,,,,,,,,,,,,
35.106674,triangle_0.20_гипотенуза,6420,160626,24992,0,0,1.326291,1.326291,1.354399,1.402770,28,29,25218,29407,45,38,0.101896,0.122603,-2.367065,0.207886,0.037406,-1,,,,,,,,,,,,,,,,
35.134767,triangle_0.20_гипотенуза,6421,160651,25016,0,0,1.326291,1.326291,1.208124,1.304774,25,27,25244,29434,47,40,0.098511,0.119285,-2.365196,0.189468,0.074741,-1,,,,,,,,,,,,,,,,
35.158200,triangle_0.20_гипотенуза,6422,160676,25004,0,0,1.326291,1.326291,1.402097,1.353749,29,28,25273,29463,45,39,0.094803,0.115646,-2.366130,0.207786,-0.037388,-1,,,,,,,,,,,,,,,,
35.184402,triangle_0.20_гипотенуза,6423,160701,25000,0,0,1.326291,1.326291,1.353965,1.353965,28,28,25300,29490,45,39,0.091158,0.112073,-2.366130,0.204173,0.000000,-1,,,,,,,,,,,,,,,,
35.207983,triangle_0.20_гипотенуза,6424,160726,24988,0,0,1.326291,1.326291,1.161099,1.306236,24,27,25324,29517,48,40,0.087843,0.108814,-2.363326,0.186033,0.112237,-1,,,,,,,,,,,,,,,,
35.234497,triangle_0.20_гипотенуза,6425,160751,25012,0,0,1.326291,1.326291,1.401648,1.353316,29,28,25353,29546,45,39,0.084141,0.105168,-2.364261,0.207719,-0.037376,-1,,,,,,,,,,,,,,,,
35.259835,triangle_0.20_гипотенуза,6426,160776,24996,0,0,1.326291,1.326291,1.305818,1.354182,27,28,25380,29573,46,39,0.080569,0.101650,-2.363326,0.200559,0.037400,-1,,,,,,,,,,,,,,,,
35.285841,triangle_0.20_гипотенуза,6427,160801,24980,0,0,1.326291,1.326291,1.209865,1.306655,25,27,25405,29601,47,40,0.077197,0.098320,-2.361456,0.189741,0.074849,-1,,,,,,,,,,,,,,,,
35.308840,triangle_0.20_гипотенуза,6428,160826,25000,0,0,1.326291,1.326291,1.402321,1.402321,29,29,25434,29629,45,38,0.073439,0.094601,-2.361456,0.211465,0.000000,-1,,,,,,,,,,,,,,,,
35.333921,triangle_0.20_гипотенуза,6429,160851,25004,0,0,1.326291,1.326291,1.257052,1.305400,26,27,25460,29656,47,39,0.070007,0.091202,-2.360521,0.193204,0.037388,-1,,,,,,,,,,,,,,,,
35.361583,triangle_0.20_гипотенуза,6430,160876,25012,0,0,1.326291,1.326291,1.208318,1.304983,25,27,25485,29683,48,40,0.066644,0.087862,-2.358652,0.189498,0.074753,-1,,,,,,,,,,,,,,,,
35.387477,triangle_0.20_гипотенуза,6431,160901,24988,0,0,1.326291,1.326291,1.402995,1.354615,29,28,25515,29711,45,39,0.062960,0.084199,-2.359586,0.207919,-0.037412,-1,,,,,,,,,,,,,,,,
35.411148,triangle_0.20_гипотенуза,6432,160926,25000,0,0,1.326291,1.326291,1.257253,1.305609,26,27,25540,29738,47,40,0.059534,0.080793,-2.358652,0.193235,0.037394,-1,,,,,,,,,,,,,,,,
35.437525,triangle_0.20_гипотенуза,6433,160951,25012,0,0,1.326291,1.326291,1.208318,1.304983,25,27,25565,29766,48,40,0.056177,0.077446,-2.356782,0.189498,0.074753,-1,,,,,,,,,,,,,,,,
35.461283,triangle_0.20_гипотенуза,6434,160976,24992,0,0,1.326291,1.326291,1.402770,1.402770,29,29,25595,29794,45,38,0.052437,0.073710,-2.356782,0.211533,0.000000,-1,,,,,,,,,,,,,,,,
35.486861,triangle_0.20_гипотенуза,6435,161001,25004,0,0,1.326291,1.326291,1.305400,1.305400,27,27,25621,29821,47,39,0.048954,0.070232,-2.356782,0.196850,0.000000,-1,,,,,,,,,,,,,,,,
35.511859,triangle_0.20_гипотенуза,6436,161026,24996,0,0,1.326291,1.326291,1.257455,1.305818,26,27,25648,29848,47,39,0.045538,0.066816,-2.355847,0.193266,0.037400,-1,,,,,,,,,,,,,,,,
35.542684,triangle_0.20_пауза,6437,161051,25008,0,0,1.326291,1.326291,1.450213,1.353532,30,28,25677,29876,45,39,0.041798,0.063080,-2.357717,0.211397,-0.074765,-1,,,,,,,,,,,,,,,,
35.563300,triangle_0.20_пауза,6438,161076,25000,0,0,0.000000,0.000000,1.257253,1.257253,26,26,25704,29902,-13,-17,0.038441,0.059734,-2.357717,0.189589,0.000000,-1,,,,,,,,,,,,,,,,
35.588408,triangle_0.20_пауза,6439,161101,24980,0,0,0.000000,0.000000,0.822709,0.871103,17,18,25720,29919,-9,-14,0.036183,0.057480,-2.356782,0.127710,0.037424,-1,,,,,,,,,,,,,,,,
35.612356,triangle_0.20_пауза,6440,161126,25016,0,0,0.000000,0.000000,0.193300,0.193300,4,4,25723,29923,-1,-5,0.035667,0.056965,-2.356782,0.029149,0.000000,-1,,,,,,,,,,,,,,,,
35.638083,triangle_0.20_пауза,6441,161150,25000,0,0,0.000000,0.000000,0.048356,0.048356,1,1,25724,29924,0,-3,0.035538,0.056836,-2.356782,0.007292,0.000000,-1,,,,,,,,,,,,,,,,
35.663879,triangle_0.20_пауза,6442,161176,24984,0,0,0.000000,0.000000,0.048387,0.000000,1,0,25725,29924,0,-3,0.035473,0.056772,-2.357717,0.003648,-0.037418,-1,,,,,,,,,,,,,,,,
35.687653,triangle_0.20_пауза,6443,161201,25000,0,0,0.000000,0.000000,0.000000,0.000000,0,0,25725,29924,0,-3,0.035473,0.056772,-2.357717,0.000000,0.000000,-1,,,,,,,,,,,,,,,,
35.712877,triangle_0.20_пауза,6444,161225,25024,0,0,0.000000,0.000000,0.000000,0.000000,0,0,25725,29924,0,-3,0.035473,0.056772,-2.357717,0.000000,0.000000,-1,,,,,,,,,,,,,,,,
35.738349,triangle_0.20_пауза,6445,161251,24992,0,0,0.000000,0.000000,0.000000,0.000000,0,0,25725,29924,0,-3,0.035473,0.056772,-2.357717,0.000000,0.000000,-1,,,,,,,,,,,,,,,,
35.765268,triangle_0.20_пауза,6446,161275,25004,0,0,0.000000,0.000000,0.000000,0.000000,0,0,25725,29924,0,-3,0.035473,0.056772,-2.357717,0.000000,0.000000,-1,,,,,,,,,,,,,,,,
35.788944,triangle_0.20_пауза,6447,161301,25000,0,0,0.000000,0.000000,0.000000,0.000000,0,0,25725,29924,0,-3,0.035473,0.056772,-2.357717,0.000000,0.000000,-1,,,,,,,,,,,,,,,,
35.814610,triangle_0.20_пауза,6448,161326,24980,0,0,0.000000,0.000000,0.000000,0.000000,0,0,25725,29924,0,-3,0.035473,0.056772,-2.357717,0.000000,0.000000,-1,,,,,,,,,,,,,,,,
35.840372,triangle_0.20_пауза,6449,161350,25008,0,0,0.000000,0.000000,0.000000,0.000000,0,0,25725,29924,0,-3,0.035473,0.056772,-2.357717,0.000000,0.000000,-1,,,,,,,,,,,,,,,,
35.865372,triangle_0.20_пауза,6450,161376,25012,0,0,0.000000,0.000000,0.000000,0.000000,0,0,25725,29924,0,-3,0.035473,0.056772,-2.357717,0.000000,0.000000,-1,,,,,,,,,,,,,,,,
35.891618,triangle_0.20_пауза,6451,161400,24996,0,0,0.000000,0.000000,0.000000,0.000000,0,0,25725,29924,0,-3,0.035473,0.056772,-2.357717,0.000000,0.000000,-1,,,,,,,,,,,,,,,,
35.915129,triangle_0.20_пауза,6452,161426,24988,0,0,0.000000,0.000000,0.000000,0.000000,0,0,25725,29924,0,-3,0.035473,0.056772,-2.357717,0.000000,0.000000,-1,,,,,,,,,,,,,,,,
35.941362,triangle_0.20_пауза,6453,161451,25000,0,0,0.000000,0.000000,0.000000,0.000000,0,0,25725,29924,0,-3,0.035473,0.056772,-2.357717,0.000000,0.000000,-1,,,,,,,,,,,,,,,,
35.966937,triangle_0.20_пауза,6454,161475,25000,0,0,0.000000,0.000000,0.000000,0.000000,0,0,25725,29924,0,-3,0.035473,0.056772,-2.357717,0.000000,0.000000,-1,,,,,,,,,,,,,,,,
35.994602,triangle_0.20_пауза,6455,161501,25004,0,0,0.000000,0.000000,0.000000,0.000000,0,0,25725,29924,0,-3,0.035473,0.056772,-2.357717,0.000000,0.000000,-1,,,,,,,,,,,,,,,,
36.018757,triangle_0.20_пауза,6456,161525,25008,0,0,0.000000,0.000000,0.000000,0.000000,0,0,25725,29924,0,-3,0.035473,0.056772,-2.357717,0.000000,0.000000,-1,,,,,,,,,,,,,,,,
36.041759,triangle_0.20_пауза,6457,161551,24996,0,0,0.000000,0.000000,0.000000,0.000000,0,0,25725,29924,0,-3,0.035473,0.056772,-2.357717,0.000000,0.000000,-1,,,,,,,,,,,,,,,,
36.067931,triangle_0.20_пауза,6458,161575,24996,0,0,0.000000,0.000000,0.000000,0.000000,0,0,25725,29924,0,-3,0.035473,0.056772,-2.357717,0.000000,0.000000,-1,,,,,,,,,,,,,,,,
36.093953,triangle_0.20_пауза,6459,161601,25000,0,0,0.000000,0.000000,0.000000,0.000000,0,0,25725,29924,0,-3,0.035473,0.056772,-2.357717,0.000000,0.000000,-1,,,,,,,,,,,,,,,,
36.120131,triangle_0.20_пауза,6460,161626,24996,0,0,0.000000,0.000000,0.000000,0.000000,0,0,25725,29924,0,-3,0.035473,0.056772,-2.357717,0.000000,0.000000,-1,,,,,,,,,,,,,,,,
